ISO-10303-21;
HEADER;
/* Generated by software containing ST-Developer
 * from STEP Tools, Inc. (www.steptools.com) 
 */

FILE_DESCRIPTION(
/* description */ (''),
/* implementation_level */ '2;1');

FILE_NAME(
/* name */ 'ESPClampScrew.step',
/* time_stamp */ '2026-08-12T17:01:09-06:00',
/* author */ (''),
/* organization */ (''),
/* preprocessor_version */ 'ST-DEVELOPER v20.1',
/* originating_system */ 'Autodesk Translation Framework v15.8.0.0',
/* authorisation */ '');

FILE_SCHEMA (('AUTOMOTIVE_DESIGN { 1 0 10303 214 3 1 1 }'));
ENDSEC;

DATA;
#10=MECHANICAL_DESIGN_GEOMETRIC_PRESENTATION_REPRESENTATION('',(#13,#14),
#3770);
#11=SHAPE_REPRESENTATION_RELATIONSHIP('SRR','None',#3777,#12);
#12=ADVANCED_BREP_SHAPE_REPRESENTATION('',(#15,#16),#3769);
#13=STYLED_ITEM('',(#3786),#15);
#14=STYLED_ITEM('',(#3786),#16);
#15=MANIFOLD_SOLID_BREP('ThreadSit',#727);
#16=MANIFOLD_SOLID_BREP('ScrewHead',#728);
#17=B_SPLINE_SURFACE_WITH_KNOTS('',3,3,((#1308,#1309,#1310,#1311,#1312,
#1313,#1314,#1315,#1316,#1317,#1318,#1319,#1320,#1321,#1322,#1323,#1324,
#1325,#1326,#1327,#1328,#1329,#1330,#1331,#1332,#1333,#1334,#1335,#1336,
#1337,#1338,#1339,#1340,#1341,#1342,#1343,#1344,#1345,#1346,#1347,#1348,
#1349,#1350,#1351,#1352,#1353,#1354,#1355,#1356,#1357,#1358,#1359,#1360,
#1361,#1362,#1363,#1364,#1365,#1366,#1367,#1368,#1369,#1370,#1371,#1372,
#1373,#1374,#1375,#1376),(#1377,#1378,#1379,#1380,#1381,#1382,#1383,#1384,
#1385,#1386,#1387,#1388,#1389,#1390,#1391,#1392,#1393,#1394,#1395,#1396,
#1397,#1398,#1399,#1400,#1401,#1402,#1403,#1404,#1405,#1406,#1407,#1408,
#1409,#1410,#1411,#1412,#1413,#1414,#1415,#1416,#1417,#1418,#1419,#1420,
#1421,#1422,#1423,#1424,#1425,#1426,#1427,#1428,#1429,#1430,#1431,#1432,
#1433,#1434,#1435,#1436,#1437,#1438,#1439,#1440,#1441,#1442,#1443,#1444,
#1445),(#1446,#1447,#1448,#1449,#1450,#1451,#1452,#1453,#1454,#1455,#1456,
#1457,#1458,#1459,#1460,#1461,#1462,#1463,#1464,#1465,#1466,#1467,#1468,
#1469,#1470,#1471,#1472,#1473,#1474,#1475,#1476,#1477,#1478,#1479,#1480,
#1481,#1482,#1483,#1484,#1485,#1486,#1487,#1488,#1489,#1490,#1491,#1492,
#1493,#1494,#1495,#1496,#1497,#1498,#1499,#1500,#1501,#1502,#1503,#1504,
#1505,#1506,#1507,#1508,#1509,#1510,#1511,#1512,#1513,#1514),(#1515,#1516,
#1517,#1518,#1519,#1520,#1521,#1522,#1523,#1524,#1525,#1526,#1527,#1528,
#1529,#1530,#1531,#1532,#1533,#1534,#1535,#1536,#1537,#1538,#1539,#1540,
#1541,#1542,#1543,#1544,#1545,#1546,#1547,#1548,#1549,#1550,#1551,#1552,
#1553,#1554,#1555,#1556,#1557,#1558,#1559,#1560,#1561,#1562,#1563,#1564,
#1565,#1566,#1567,#1568,#1569,#1570,#1571,#1572,#1573,#1574,#1575,#1576,
#1577,#1578,#1579,#1580,#1581,#1582,#1583)),.UNSPECIFIED.,.F.,.F.,.F.,(4,
4),(4,1,1,1,1,1,1,1,1,1,1,1,1,1,1,1,1,1,1,1,1,1,1,1,1,1,1,1,1,1,1,1,1,1,
1,1,1,1,1,1,1,1,1,1,1,1,1,1,1,1,1,1,1,1,1,1,1,1,1,1,1,1,1,1,1,1,4),(0.,
0.115470053837925),(0.,0.98864018521376,1.97728037042752,2.96592055564128,
3.95456074085504,4.9432009260688,5.93184111128256,6.92048129649632,7.90912148171008,
8.89776166692384,9.8864018521376,10.8750420373514,11.8636822225651,12.8523224077789,
13.8409625929926,14.8296027782064,15.8182429634202,16.8068831486339,17.7955233338477,
18.7841635190614,19.7728037042752,20.761443889489,21.7500840747027,22.7387242599165,
23.7273644451302,24.716004630344,25.7046448155577,26.6932850007715,27.6819251859853,
28.670565371199,29.6592055564128,30.6478457416265,31.6364859268403,32.6251261120541,
33.6137662972678,34.6024064824816,35.5910466676953,36.5796868529091,37.5683270381229,
38.5569672233366,39.5456074085504,40.5342475937641,41.5228877789779,42.5115279641917,
43.5001681494054,44.4888083346192,45.4774485198329,46.4660887050467,47.4547288902605,
48.4433690754742,49.432009260688,50.4206494459017,51.4092896311155,52.3979298163293,
53.386570001543,54.3752101867568,55.3638503719705,56.3524905571843,57.3411307423981,
58.3297709276118,59.3184111128256,60.3070512980393,61.2956914832531,62.2843316684669,
63.2729718536806,64.2616120388944,65.2502522241081),.UNSPECIFIED.);
#18=B_SPLINE_SURFACE_WITH_KNOTS('',3,3,((#1761,#1762,#1763,#1764,#1765,
#1766,#1767,#1768,#1769,#1770,#1771,#1772,#1773,#1774,#1775,#1776,#1777,
#1778,#1779,#1780,#1781,#1782,#1783,#1784,#1785,#1786,#1787,#1788,#1789,
#1790,#1791,#1792,#1793,#1794,#1795,#1796,#1797,#1798,#1799,#1800,#1801,
#1802,#1803,#1804,#1805,#1806,#1807,#1808,#1809,#1810,#1811,#1812,#1813,
#1814,#1815,#1816,#1817,#1818,#1819,#1820,#1821,#1822,#1823,#1824,#1825,
#1826),(#1827,#1828,#1829,#1830,#1831,#1832,#1833,#1834,#1835,#1836,#1837,
#1838,#1839,#1840,#1841,#1842,#1843,#1844,#1845,#1846,#1847,#1848,#1849,
#1850,#1851,#1852,#1853,#1854,#1855,#1856,#1857,#1858,#1859,#1860,#1861,
#1862,#1863,#1864,#1865,#1866,#1867,#1868,#1869,#1870,#1871,#1872,#1873,
#1874,#1875,#1876,#1877,#1878,#1879,#1880,#1881,#1882,#1883,#1884,#1885,
#1886,#1887,#1888,#1889,#1890,#1891,#1892),(#1893,#1894,#1895,#1896,#1897,
#1898,#1899,#1900,#1901,#1902,#1903,#1904,#1905,#1906,#1907,#1908,#1909,
#1910,#1911,#1912,#1913,#1914,#1915,#1916,#1917,#1918,#1919,#1920,#1921,
#1922,#1923,#1924,#1925,#1926,#1927,#1928,#1929,#1930,#1931,#1932,#1933,
#1934,#1935,#1936,#1937,#1938,#1939,#1940,#1941,#1942,#1943,#1944,#1945,
#1946,#1947,#1948,#1949,#1950,#1951,#1952,#1953,#1954,#1955,#1956,#1957,
#1958),(#1959,#1960,#1961,#1962,#1963,#1964,#1965,#1966,#1967,#1968,#1969,
#1970,#1971,#1972,#1973,#1974,#1975,#1976,#1977,#1978,#1979,#1980,#1981,
#1982,#1983,#1984,#1985,#1986,#1987,#1988,#1989,#1990,#1991,#1992,#1993,
#1994,#1995,#1996,#1997,#1998,#1999,#2000,#2001,#2002,#2003,#2004,#2005,
#2006,#2007,#2008,#2009,#2010,#2011,#2012,#2013,#2014,#2015,#2016,#2017,
#2018,#2019,#2020,#2021,#2022,#2023,#2024)),.UNSPECIFIED.,.F.,.F.,.F.,(4,
4),(4,1,1,1,1,1,1,1,1,1,1,1,1,1,1,1,1,1,1,1,1,1,1,1,1,1,1,1,1,1,1,1,1,1,
1,1,1,1,1,1,1,1,1,1,1,1,1,1,1,1,1,1,1,1,1,1,1,1,1,1,1,1,1,4),(0.,0.115470053837925),
(0.,0.997331001139617,1.99466200227923,2.99199300341885,3.98932400455847,
4.98665500569808,5.9839860068377,6.98131700797732,7.97864800911693,8.97597901025655,
9.97331001139617,10.9706410125358,11.9679720136754,12.965303014815,13.9626340159546,
14.9599650170942,15.9572960182339,16.9546270193735,17.9519580205131,18.9492890216527,
19.9466200227923,20.9439510239319,21.9412820250716,22.9386130262112,23.9359440273508,
24.9332750284904,25.93060602963,26.9279370307696,27.9252680319093,28.9225990330489,
29.9199300341885,30.9172610353281,31.9145920364677,32.9119230376073,33.909254038747,
34.9065850398866,35.9039160410262,36.9012470421658,37.8985780433054,38.895909044445,
39.8932400455847,40.8905710467243,41.8879020478639,42.8852330490035,43.8825640501431,
44.8798950512827,45.8772260524224,46.874557053562,47.8718880547016,48.8692190558412,
49.8665500569808,50.8638810581204,51.8612120592601,52.8585430603997,53.8558740615393,
54.8532050626789,55.8505360638185,56.8478670649581,57.8451980660978,58.8425290672374,
59.839860068377,60.8371910695166,61.8345220706562,62.8318530717958),
 .UNSPECIFIED.);
#19=B_SPLINE_SURFACE_WITH_KNOTS('',3,3,((#2654,#2655,#2656,#2657,#2658,
#2659,#2660,#2661,#2662,#2663,#2664,#2665,#2666,#2667,#2668,#2669,#2670,
#2671,#2672,#2673,#2674,#2675,#2676,#2677,#2678,#2679,#2680,#2681,#2682,
#2683,#2684,#2685,#2686,#2687,#2688,#2689,#2690,#2691,#2692,#2693,#2694,
#2695,#2696,#2697,#2698,#2699,#2700,#2701,#2702,#2703,#2704,#2705,#2706,
#2707,#2708,#2709,#2710,#2711,#2712,#2713,#2714,#2715,#2716,#2717,#2718,
#2719,#2720,#2721,#2722),(#2723,#2724,#2725,#2726,#2727,#2728,#2729,#2730,
#2731,#2732,#2733,#2734,#2735,#2736,#2737,#2738,#2739,#2740,#2741,#2742,
#2743,#2744,#2745,#2746,#2747,#2748,#2749,#2750,#2751,#2752,#2753,#2754,
#2755,#2756,#2757,#2758,#2759,#2760,#2761,#2762,#2763,#2764,#2765,#2766,
#2767,#2768,#2769,#2770,#2771,#2772,#2773,#2774,#2775,#2776,#2777,#2778,
#2779,#2780,#2781,#2782,#2783,#2784,#2785,#2786,#2787,#2788,#2789,#2790,
#2791),(#2792,#2793,#2794,#2795,#2796,#2797,#2798,#2799,#2800,#2801,#2802,
#2803,#2804,#2805,#2806,#2807,#2808,#2809,#2810,#2811,#2812,#2813,#2814,
#2815,#2816,#2817,#2818,#2819,#2820,#2821,#2822,#2823,#2824,#2825,#2826,
#2827,#2828,#2829,#2830,#2831,#2832,#2833,#2834,#2835,#2836,#2837,#2838,
#2839,#2840,#2841,#2842,#2843,#2844,#2845,#2846,#2847,#2848,#2849,#2850,
#2851,#2852,#2853,#2854,#2855,#2856,#2857,#2858,#2859,#2860),(#2861,#2862,
#2863,#2864,#2865,#2866,#2867,#2868,#2869,#2870,#2871,#2872,#2873,#2874,
#2875,#2876,#2877,#2878,#2879,#2880,#2881,#2882,#2883,#2884,#2885,#2886,
#2887,#2888,#2889,#2890,#2891,#2892,#2893,#2894,#2895,#2896,#2897,#2898,
#2899,#2900,#2901,#2902,#2903,#2904,#2905,#2906,#2907,#2908,#2909,#2910,
#2911,#2912,#2913,#2914,#2915,#2916,#2917,#2918,#2919,#2920,#2921,#2922,
#2923,#2924,#2925,#2926,#2927,#2928,#2929)),.UNSPECIFIED.,.F.,.F.,.F.,(4,
4),(4,1,1,1,1,1,1,1,1,1,1,1,1,1,1,1,1,1,1,1,1,1,1,1,1,1,1,1,1,1,1,1,1,1,
1,1,1,1,1,1,1,1,1,1,1,1,1,1,1,1,1,1,1,1,1,1,1,1,1,1,1,1,1,1,1,1,4),(0.0200243030528374,
0.115470053837925),(0.,0.98864018521376,1.97728037042752,2.96592055564128,
3.95456074085504,4.9432009260688,5.93184111128256,6.92048129649632,7.90912148171008,
8.89776166692384,9.8864018521376,10.8750420373514,11.8636822225651,12.8523224077789,
13.8409625929926,14.8296027782064,15.8182429634202,16.8068831486339,17.7955233338477,
18.7841635190614,19.7728037042752,20.761443889489,21.7500840747027,22.7387242599165,
23.7273644451302,24.716004630344,25.7046448155577,26.6932850007715,27.6819251859853,
28.670565371199,29.6592055564128,30.6478457416265,31.6364859268403,32.6251261120541,
33.6137662972678,34.6024064824816,35.5910466676953,36.5796868529091,37.5683270381229,
38.5569672233366,39.5456074085504,40.5342475937641,41.5228877789779,42.5115279641917,
43.5001681494054,44.4888083346192,45.4774485198329,46.4660887050467,47.4547288902605,
48.4433690754742,49.432009260688,50.4206494459017,51.4092896311155,52.3979298163293,
53.386570001543,54.3752101867568,55.3638503719705,56.3524905571843,57.3411307423981,
58.3297709276118,59.3184111128256,60.3070512980393,61.2956914832531,62.2843316684669,
63.2729718536806,64.2616120388944,65.2502522241081),.UNSPECIFIED.);
#20=B_SPLINE_SURFACE_WITH_KNOTS('',3,3,((#3031,#3032,#3033,#3034,#3035,
#3036,#3037,#3038,#3039,#3040,#3041,#3042,#3043,#3044,#3045,#3046,#3047,
#3048,#3049,#3050,#3051,#3052,#3053,#3054,#3055,#3056,#3057,#3058,#3059,
#3060,#3061,#3062,#3063,#3064,#3065,#3066,#3067,#3068,#3069,#3070,#3071,
#3072,#3073,#3074,#3075,#3076,#3077,#3078,#3079,#3080,#3081,#3082,#3083,
#3084,#3085,#3086,#3087,#3088,#3089,#3090,#3091,#3092,#3093,#3094,#3095,
#3096,#3097,#3098,#3099,#3100,#3101,#3102,#3103,#3104,#3105,#3106,#3107,
#3108,#3109,#3110,#3111,#3112,#3113,#3114,#3115,#3116,#3117,#3118,#3119,
#3120,#3121,#3122),(#3123,#3124,#3125,#3126,#3127,#3128,#3129,#3130,#3131,
#3132,#3133,#3134,#3135,#3136,#3137,#3138,#3139,#3140,#3141,#3142,#3143,
#3144,#3145,#3146,#3147,#3148,#3149,#3150,#3151,#3152,#3153,#3154,#3155,
#3156,#3157,#3158,#3159,#3160,#3161,#3162,#3163,#3164,#3165,#3166,#3167,
#3168,#3169,#3170,#3171,#3172,#3173,#3174,#3175,#3176,#3177,#3178,#3179,
#3180,#3181,#3182,#3183,#3184,#3185,#3186,#3187,#3188,#3189,#3190,#3191,
#3192,#3193,#3194,#3195,#3196,#3197,#3198,#3199,#3200,#3201,#3202,#3203,
#3204,#3205,#3206,#3207,#3208,#3209,#3210,#3211,#3212,#3213,#3214),(#3215,
#3216,#3217,#3218,#3219,#3220,#3221,#3222,#3223,#3224,#3225,#3226,#3227,
#3228,#3229,#3230,#3231,#3232,#3233,#3234,#3235,#3236,#3237,#3238,#3239,
#3240,#3241,#3242,#3243,#3244,#3245,#3246,#3247,#3248,#3249,#3250,#3251,
#3252,#3253,#3254,#3255,#3256,#3257,#3258,#3259,#3260,#3261,#3262,#3263,
#3264,#3265,#3266,#3267,#3268,#3269,#3270,#3271,#3272,#3273,#3274,#3275,
#3276,#3277,#3278,#3279,#3280,#3281,#3282,#3283,#3284,#3285,#3286,#3287,
#3288,#3289,#3290,#3291,#3292,#3293,#3294,#3295,#3296,#3297,#3298,#3299,
#3300,#3301,#3302,#3303,#3304,#3305,#3306),(#3307,#3308,#3309,#3310,#3311,
#3312,#3313,#3314,#3315,#3316,#3317,#3318,#3319,#3320,#3321,#3322,#3323,
#3324,#3325,#3326,#3327,#3328,#3329,#3330,#3331,#3332,#3333,#3334,#3335,
#3336,#3337,#3338,#3339,#3340,#3341,#3342,#3343,#3344,#3345,#3346,#3347,
#3348,#3349,#3350,#3351,#3352,#3353,#3354,#3355,#3356,#3357,#3358,#3359,
#3360,#3361,#3362,#3363,#3364,#3365,#3366,#3367,#3368,#3369,#3370,#3371,
#3372,#3373,#3374,#3375,#3376,#3377,#3378,#3379,#3380,#3381,#3382,#3383,
#3384,#3385,#3386,#3387,#3388,#3389,#3390,#3391,#3392,#3393,#3394,#3395,
#3396,#3397,#3398)),.UNSPECIFIED.,.F.,.F.,.F.,(4,4),(4,1,1,1,1,1,1,1,1,
1,1,1,1,1,1,1,1,1,1,1,1,1,1,1,1,1,1,1,1,1,1,1,1,1,1,1,1,1,1,1,1,1,1,1,1,
1,1,1,1,1,1,1,1,1,1,1,1,1,1,1,1,1,1,1,1,1,1,1,1,1,1,1,1,1,1,1,1,1,1,1,1,
1,1,1,1,1,1,1,1,4),(0.,1.),(-0.00406955009127685,0.560673673964284,1.12541689801985,
1.69016012207541,2.25490334613097,3.38438979424209,3.94913301829765,4.51387624235321,
5.07861946640877,5.64336269046434,6.2081059145199,6.77284913857546,7.33759236263102,
7.90233558668658,8.46707881074214,9.0318220347977,10.0358099886743,11.0397979425508,
12.0437858964274,12.7967768618348,13.5497678272422,14.3027587926496,15.055749758057,
15.8087407234644,16.5617316888719,17.3147226542793,18.0677136196867,18.8207045850941,
19.5736955505015,20.3266865159089,21.0796774813163,21.8326684467238,22.5856594121312,
23.3386503775386,24.091641342946,24.8446323083534,25.5976232737608,26.3506142391683,
27.1036052045757,27.6683484286312,28.2330916526868,28.7978348767423,29.3625781007979,
30.492064548909,31.6215509970202,32.7510374451313,33.8805238932424,34.445267117298,
35.0100103413535,35.5747535654091,36.1394967894646,36.7042400135202,37.2689832375758,
38.3984696856869,38.9632129097425,39.527956133798,40.0926993578536,40.6574425819091,
41.4104335473166,42.163424512724,42.9164154781314,43.6694064435388,44.4223974089462,
45.1753883743536,45.928379339761,46.6813703051685,47.4343612705759,48.1873522359833,
48.9403432013907,49.6933341667981,50.4463251322055,51.199316097613,52.2033040514895,
53.2072920053661,54.2112799592426,54.7760231832982,55.3407664073537,55.9055096314093,
56.4702528554649,57.0349960795204,57.599739303576,58.1644825276315,58.7292257516871,
59.2939689757427,59.8587121997982,60.9881986479093,61.5529418719649,62.1176850960205,
62.682428320076,63.2471715441316),.UNSPECIFIED.);
#21=B_SPLINE_SURFACE_WITH_KNOTS('',3,3,((#3497,#3498,#3499,#3500,#3501,
#3502,#3503,#3504,#3505,#3506,#3507,#3508,#3509,#3510,#3511,#3512,#3513,
#3514,#3515,#3516,#3517,#3518,#3519,#3520,#3521,#3522,#3523,#3524,#3525,
#3526,#3527,#3528,#3529,#3530,#3531,#3532,#3533,#3534,#3535,#3536,#3537,
#3538,#3539,#3540,#3541,#3542,#3543,#3544,#3545,#3546,#3547,#3548,#3549,
#3550,#3551,#3552,#3553,#3554,#3555,#3556,#3557,#3558,#3559,#3560,#3561,
#3562),(#3563,#3564,#3565,#3566,#3567,#3568,#3569,#3570,#3571,#3572,#3573,
#3574,#3575,#3576,#3577,#3578,#3579,#3580,#3581,#3582,#3583,#3584,#3585,
#3586,#3587,#3588,#3589,#3590,#3591,#3592,#3593,#3594,#3595,#3596,#3597,
#3598,#3599,#3600,#3601,#3602,#3603,#3604,#3605,#3606,#3607,#3608,#3609,
#3610,#3611,#3612,#3613,#3614,#3615,#3616,#3617,#3618,#3619,#3620,#3621,
#3622,#3623,#3624,#3625,#3626,#3627,#3628),(#3629,#3630,#3631,#3632,#3633,
#3634,#3635,#3636,#3637,#3638,#3639,#3640,#3641,#3642,#3643,#3644,#3645,
#3646,#3647,#3648,#3649,#3650,#3651,#3652,#3653,#3654,#3655,#3656,#3657,
#3658,#3659,#3660,#3661,#3662,#3663,#3664,#3665,#3666,#3667,#3668,#3669,
#3670,#3671,#3672,#3673,#3674,#3675,#3676,#3677,#3678,#3679,#3680,#3681,
#3682,#3683,#3684,#3685,#3686,#3687,#3688,#3689,#3690,#3691,#3692,#3693,
#3694),(#3695,#3696,#3697,#3698,#3699,#3700,#3701,#3702,#3703,#3704,#3705,
#3706,#3707,#3708,#3709,#3710,#3711,#3712,#3713,#3714,#3715,#3716,#3717,
#3718,#3719,#3720,#3721,#3722,#3723,#3724,#3725,#3726,#3727,#3728,#3729,
#3730,#3731,#3732,#3733,#3734,#3735,#3736,#3737,#3738,#3739,#3740,#3741,
#3742,#3743,#3744,#3745,#3746,#3747,#3748,#3749,#3750,#3751,#3752,#3753,
#3754,#3755,#3756,#3757,#3758,#3759,#3760)),.UNSPECIFIED.,.F.,.F.,.F.,(4,
4),(4,1,1,1,1,1,1,1,1,1,1,1,1,1,1,1,1,1,1,1,1,1,1,1,1,1,1,1,1,1,1,1,1,1,
1,1,1,1,1,1,1,1,1,1,1,1,1,1,1,1,1,1,1,1,1,1,1,1,1,1,1,1,1,4),(0.,0.0954457507850877),
(0.,0.99067404840268,1.98134809680536,2.97202214520804,3.96269619361072,
4.9533702420134,5.94404429041608,6.93471833881876,7.92539238722144,8.91606643562412,
9.9067404840268,10.8974145324295,11.8880885808322,12.8787626292348,13.8694366776375,
14.8601107260402,15.8507847744429,16.8414588228456,17.8321328712482,18.8228069196509,
19.8134809680536,20.8041550164563,21.794829064859,22.7855031132616,23.7761771616643,
24.766851210067,25.7575252584697,26.7481993068724,27.738873355275,28.7295474036777,
29.7202214520804,30.7108955004831,31.7015695488858,32.6922435972884,33.6829176456911,
34.6735916940938,35.6642657424965,36.6549397908992,37.6456138393018,38.6362878877045,
39.6269619361072,40.6176359845099,41.6083100329126,42.5989840813152,43.5896581297179,
44.5803321781206,45.5710062265233,46.561680274926,47.5523543233286,48.5430283717313,
49.533702420134,50.5243764685367,51.5150505169394,52.505724565342,53.4963986137447,
54.4870726621474,55.4777467105501,56.4684207589528,57.4590948073554,58.4497688557581,
59.4404429041608,60.4311169525635,61.4217910009662,62.4124650493688),
 .UNSPECIFIED.);
#22=FACE_BOUND('',#90,.T.);
#23=FACE_BOUND('',#96,.T.);
#24=FACE_BOUND('',#116,.T.);
#25=PLANE('',#755);
#26=PLANE('',#757);
#27=PLANE('',#760);
#28=PLANE('',#775);
#29=PLANE('',#776);
#30=PLANE('',#777);
#31=PLANE('',#781);
#32=PLANE('',#783);
#33=PLANE('',#787);
#34=PLANE('',#789);
#35=PLANE('',#792);
#36=FACE_OUTER_BOUND('',#78,.T.);
#37=FACE_OUTER_BOUND('',#79,.T.);
#38=FACE_OUTER_BOUND('',#80,.T.);
#39=FACE_OUTER_BOUND('',#81,.T.);
#40=FACE_OUTER_BOUND('',#82,.T.);
#41=FACE_OUTER_BOUND('',#83,.T.);
#42=FACE_OUTER_BOUND('',#84,.T.);
#43=FACE_OUTER_BOUND('',#85,.T.);
#44=FACE_OUTER_BOUND('',#86,.T.);
#45=FACE_OUTER_BOUND('',#87,.T.);
#46=FACE_OUTER_BOUND('',#88,.T.);
#47=FACE_OUTER_BOUND('',#89,.T.);
#48=FACE_OUTER_BOUND('',#91,.T.);
#49=FACE_OUTER_BOUND('',#92,.T.);
#50=FACE_OUTER_BOUND('',#93,.T.);
#51=FACE_OUTER_BOUND('',#94,.T.);
#52=FACE_OUTER_BOUND('',#95,.T.);
#53=FACE_OUTER_BOUND('',#97,.T.);
#54=FACE_OUTER_BOUND('',#98,.T.);
#55=FACE_OUTER_BOUND('',#99,.T.);
#56=FACE_OUTER_BOUND('',#100,.T.);
#57=FACE_OUTER_BOUND('',#101,.T.);
#58=FACE_OUTER_BOUND('',#102,.T.);
#59=FACE_OUTER_BOUND('',#103,.T.);
#60=FACE_OUTER_BOUND('',#104,.T.);
#61=FACE_OUTER_BOUND('',#105,.T.);
#62=FACE_OUTER_BOUND('',#106,.T.);
#63=FACE_OUTER_BOUND('',#107,.T.);
#64=FACE_OUTER_BOUND('',#108,.T.);
#65=FACE_OUTER_BOUND('',#109,.T.);
#66=FACE_OUTER_BOUND('',#110,.T.);
#67=FACE_OUTER_BOUND('',#111,.T.);
#68=FACE_OUTER_BOUND('',#112,.T.);
#69=FACE_OUTER_BOUND('',#113,.T.);
#70=FACE_OUTER_BOUND('',#114,.T.);
#71=FACE_OUTER_BOUND('',#115,.T.);
#72=FACE_OUTER_BOUND('',#117,.T.);
#73=FACE_OUTER_BOUND('',#118,.T.);
#74=FACE_OUTER_BOUND('',#119,.T.);
#75=FACE_OUTER_BOUND('',#120,.T.);
#76=FACE_OUTER_BOUND('',#121,.T.);
#77=FACE_OUTER_BOUND('',#122,.T.);
#78=EDGE_LOOP('',(#445,#446,#447,#448));
#79=EDGE_LOOP('',(#449,#450,#451,#452));
#80=EDGE_LOOP('',(#453,#454,#455,#456));
#81=EDGE_LOOP('',(#457,#458,#459,#460));
#82=EDGE_LOOP('',(#461,#462,#463,#464));
#83=EDGE_LOOP('',(#465,#466,#467,#468));
#84=EDGE_LOOP('',(#469,#470,#471,#472));
#85=EDGE_LOOP('',(#473,#474,#475,#476));
#86=EDGE_LOOP('',(#477,#478,#479,#480));
#87=EDGE_LOOP('',(#481,#482,#483,#484));
#88=EDGE_LOOP('',(#485,#486,#487,#488));
#89=EDGE_LOOP('',(#489));
#90=EDGE_LOOP('',(#490,#491,#492));
#91=EDGE_LOOP('',(#493,#494,#495,#496,#497,#498,#499,#500,#501,#502,#503,
#504,#505,#506));
#92=EDGE_LOOP('',(#507,#508,#509,#510,#511,#512,#513,#514,#515,#516,#517,
#518,#519));
#93=EDGE_LOOP('',(#520,#521,#522));
#94=EDGE_LOOP('',(#523,#524,#525,#526));
#95=EDGE_LOOP('',(#527));
#96=EDGE_LOOP('',(#528,#529,#530));
#97=EDGE_LOOP('',(#531,#532,#533));
#98=EDGE_LOOP('',(#534,#535,#536,#537,#538));
#99=EDGE_LOOP('',(#539,#540,#541,#542));
#100=EDGE_LOOP('',(#543,#544,#545,#546));
#101=EDGE_LOOP('',(#547,#548,#549,#550));
#102=EDGE_LOOP('',(#551,#552,#553,#554));
#103=EDGE_LOOP('',(#555,#556,#557,#558));
#104=EDGE_LOOP('',(#559,#560,#561,#562));
#105=EDGE_LOOP('',(#563,#564,#565,#566));
#106=EDGE_LOOP('',(#567,#568,#569,#570));
#107=EDGE_LOOP('',(#571,#572,#573,#574,#575,#576));
#108=EDGE_LOOP('',(#577,#578,#579,#580));
#109=EDGE_LOOP('',(#581,#582,#583,#584));
#110=EDGE_LOOP('',(#585,#586,#587,#588,#589));
#111=EDGE_LOOP('',(#590,#591));
#112=EDGE_LOOP('',(#592,#593));
#113=EDGE_LOOP('',(#594,#595,#596));
#114=EDGE_LOOP('',(#597,#598,#599));
#115=EDGE_LOOP('',(#600));
#116=EDGE_LOOP('',(#601,#602,#603,#604,#605));
#117=EDGE_LOOP('',(#606,#607,#608,#609,#610,#611,#612,#613,#614,#615,#616,
#617,#618,#619,#620));
#118=EDGE_LOOP('',(#621,#622,#623,#624));
#119=EDGE_LOOP('',(#625,#626,#627,#628,#629,#630,#631,#632,#633,#634,#635,
#636,#637,#638));
#120=EDGE_LOOP('',(#639,#640,#641));
#121=EDGE_LOOP('',(#642,#643,#644,#645,#646));
#122=EDGE_LOOP('',(#647,#648,#649,#650,#651,#652,#653,#654,#655,#656,#657,
#658));
#123=B_SPLINE_CURVE_WITH_KNOTS('',3,(#947,#948,#949,#950,#951,#952,#953,
#954),.UNSPECIFIED.,.F.,.F.,(4,1,1,1,1,4),(2.41839915231229,2.96592055564128,
3.95456074085504,4.9432009260688,5.93184111128256,6.28318530717955),
 .UNSPECIFIED.);
#124=B_SPLINE_CURVE_WITH_KNOTS('',3,(#959,#960,#961,#962,#963,#964,#965,
#966,#967,#968),.UNSPECIFIED.,.F.,.F.,(4,1,1,1,1,1,1,4),(0.,0.997331001139617,
1.99466200227923,2.99199300341885,3.98932400455847,4.98665500569808,5.9839860068377,
6.28318530717955),.UNSPECIFIED.);
#125=B_SPLINE_CURVE_WITH_KNOTS('',3,(#969,#970,#971,#972,#973,#974,#975,
#976,#977,#978),.UNSPECIFIED.,.F.,.F.,(4,1,1,1,1,1,1,4),(6.28318530717955,
6.92048129649632,7.90912148171008,8.89776166692384,9.8864018521376,10.8750420373514,
11.8636822225651,12.5663706143591),.UNSPECIFIED.);
#126=B_SPLINE_CURVE_WITH_KNOTS('',3,(#983,#984,#985,#986,#987,#988,#989,
#990,#991,#992),.UNSPECIFIED.,.F.,.F.,(4,1,1,1,1,1,1,4),(6.28318530717955,
6.98131700797732,7.97864800911693,8.97597901025655,9.97331001139617,10.9706410125358,
11.9679720136754,12.5663706143591),.UNSPECIFIED.);
#127=B_SPLINE_CURVE_WITH_KNOTS('',3,(#993,#994,#995,#996,#997,#998,#999,
#1000,#1001,#1002,#1003),.UNSPECIFIED.,.F.,.F.,(4,1,1,1,1,1,1,1,4),(12.5663706143591,
12.8523224077789,13.8409625929926,14.8296027782064,15.8182429634202,16.8068831486339,
17.7955233338477,18.7841635190614,18.8495559215387),.UNSPECIFIED.);
#128=B_SPLINE_CURVE_WITH_KNOTS('',3,(#1008,#1009,#1010,#1011,#1012,#1013,
#1014,#1015,#1016,#1017),.UNSPECIFIED.,.F.,.F.,(4,1,1,1,1,1,1,4),(12.5663706143591,
12.965303014815,13.9626340159546,14.9599650170942,15.9572960182339,16.9546270193735,
17.9519580205131,18.8495559215387),.UNSPECIFIED.);
#129=B_SPLINE_CURVE_WITH_KNOTS('',3,(#1018,#1019,#1020,#1021,#1022,#1023,
#1024,#1025,#1026,#1027),.UNSPECIFIED.,.F.,.F.,(4,1,1,1,1,1,1,4),(18.8495559215387,
19.7728037042752,20.761443889489,21.7500840747027,22.7387242599165,23.7273644451302,
24.716004630344,25.1327412287183),.UNSPECIFIED.);
#130=B_SPLINE_CURVE_WITH_KNOTS('',3,(#1032,#1033,#1034,#1035,#1036,#1037,
#1038,#1039,#1040,#1041,#1042),.UNSPECIFIED.,.F.,.F.,(4,1,1,1,1,1,1,1,4),
(18.8495559215387,18.9492890216527,19.9466200227923,20.9439510239319,21.9412820250716,
22.9386130262112,23.9359440273508,24.9332750284904,25.1327412287183),
 .UNSPECIFIED.);
#131=B_SPLINE_CURVE_WITH_KNOTS('',3,(#1043,#1044,#1045,#1046,#1047,#1048,
#1049,#1050,#1051,#1052),.UNSPECIFIED.,.F.,.F.,(4,1,1,1,1,1,1,4),(25.1327412287183,
25.7046448155577,26.6932850007715,27.6819251859853,28.670565371199,29.6592055564128,
30.6478457416265,31.4159265358979),.UNSPECIFIED.);
#132=B_SPLINE_CURVE_WITH_KNOTS('',3,(#1057,#1058,#1059,#1060,#1061,#1062,
#1063,#1064,#1065,#1066),.UNSPECIFIED.,.F.,.F.,(4,1,1,1,1,1,1,4),(25.1327412287183,
25.93060602963,26.9279370307696,27.9252680319093,28.9225990330489,29.9199300341885,
30.9172610353281,31.4159265358979),.UNSPECIFIED.);
#133=B_SPLINE_CURVE_WITH_KNOTS('',3,(#1067,#1068,#1069,#1070,#1071,#1072,
#1073,#1074,#1075,#1076,#1077),.UNSPECIFIED.,.F.,.F.,(4,1,1,1,1,1,1,1,4),
(31.4159265358979,31.6364859268403,32.6251261120541,33.6137662972678,34.6024064824816,
35.5910466676953,36.5796868529091,37.5683270381229,37.6991118430775),
 .UNSPECIFIED.);
#134=B_SPLINE_CURVE_WITH_KNOTS('',3,(#1082,#1083,#1084,#1085,#1086,#1087,
#1088,#1089,#1090,#1091),.UNSPECIFIED.,.F.,.F.,(4,1,1,1,1,1,1,4),(31.4159265358979,
31.9145920364677,32.9119230376073,33.909254038747,34.9065850398866,35.9039160410262,
36.9012470421658,37.6991118430775),.UNSPECIFIED.);
#135=B_SPLINE_CURVE_WITH_KNOTS('',3,(#1092,#1093,#1094,#1095,#1096,#1097,
#1098,#1099,#1100,#1101),.UNSPECIFIED.,.F.,.F.,(4,1,1,1,1,1,1,4),(37.6991118430775,
38.5569672233366,39.5456074085504,40.5342475937641,41.5228877789779,42.5115279641917,
43.5001681494054,43.9822971502571),.UNSPECIFIED.);
#136=B_SPLINE_CURVE_WITH_KNOTS('',3,(#1106,#1107,#1108,#1109,#1110,#1111,
#1112,#1113,#1114,#1115,#1116),.UNSPECIFIED.,.F.,.F.,(4,1,1,1,1,1,1,1,4),
(37.6991118430775,37.8985780433054,38.895909044445,39.8932400455847,40.8905710467243,
41.8879020478639,42.8852330490035,43.8825640501431,43.9822971502571),
 .UNSPECIFIED.);
#137=B_SPLINE_CURVE_WITH_KNOTS('',3,(#1117,#1118,#1119,#1120,#1121,#1122,
#1123,#1124,#1125,#1126),.UNSPECIFIED.,.F.,.F.,(4,1,1,1,1,1,1,4),(43.9822971502571,
44.4888083346192,45.4774485198329,46.4660887050467,47.4547288902605,48.4433690754742,
49.432009260688,50.2654824574367),.UNSPECIFIED.);
#138=B_SPLINE_CURVE_WITH_KNOTS('',3,(#1131,#1132,#1133,#1134,#1135,#1136,
#1137,#1138,#1139,#1140),.UNSPECIFIED.,.F.,.F.,(4,1,1,1,1,1,1,4),(43.9822971502571,
44.8798950512827,45.8772260524224,46.874557053562,47.8718880547016,48.8692190558412,
49.8665500569808,50.2654824574367),.UNSPECIFIED.);
#139=B_SPLINE_CURVE_WITH_KNOTS('',3,(#1141,#1142,#1143,#1144,#1145,#1146,
#1147,#1148,#1149,#1150,#1151),.UNSPECIFIED.,.F.,.F.,(4,1,1,1,1,1,1,1,4),
(50.2654824574367,50.4206494459017,51.4092896311155,52.3979298163293,53.386570001543,
54.3752101867568,55.3638503719705,56.3524905571843,56.5486677646163),
 .UNSPECIFIED.);
#140=B_SPLINE_CURVE_WITH_KNOTS('',3,(#1157,#1158,#1159,#1160,#1161,#1162),
 .UNSPECIFIED.,.F.,.F.,(4,1,1,4),(62.8318530717959,63.2729718536806,64.2616120388944,
65.2502522241081),.UNSPECIFIED.);
#141=B_SPLINE_CURVE_WITH_KNOTS('',3,(#1165,#1166,#1167,#1168,#1169,#1170,
#1171,#1172),.UNSPECIFIED.,.F.,.F.,(4,1,1,1,1,4),(56.5486677646163,56.8478670649581,
57.8451980660978,58.8425290672374,59.839860068377,60.4134539194836),
 .UNSPECIFIED.);
#142=B_SPLINE_CURVE_WITH_KNOTS('',3,(#1174,#1175,#1176,#1177,#1178,#1179,
#1180,#1181,#1182,#1183),.UNSPECIFIED.,.F.,.F.,(4,1,1,1,1,1,1,4),(50.2654824574367,
50.8638810581204,51.8612120592601,52.8585430603997,53.8558740615393,54.8532050626789,
55.8505360638185,56.5486677646163),.UNSPECIFIED.);
#143=B_SPLINE_CURVE_WITH_KNOTS('',3,(#1184,#1185,#1186,#1187,#1188,#1189,
#1190,#1191,#1192,#1193),.UNSPECIFIED.,.F.,.F.,(4,1,1,1,1,1,1,4),(56.5486677646163,
57.3411307423981,58.3297709276118,59.3184111128256,60.3070512980393,61.2956914832531,
62.2843316684669,62.8318530717959),.UNSPECIFIED.);
#144=B_SPLINE_CURVE_WITH_KNOTS('',3,(#1199,#1200,#1201,#1202,#1203,#1204,
#1205,#1206,#1207,#1208,#1209,#1210,#1211,#1212,#1213,#1214,#1215,#1216,
#1217,#1218,#1219,#1220,#1221,#1222,#1223,#1224,#1225,#1226,#1227,#1228,
#1229,#1230,#1231,#1232,#1233,#1234,#1235,#1236,#1237,#1238,#1239,#1240,
#1241,#1242,#1243,#1244,#1245,#1246,#1247,#1248,#1249,#1250,#1251,#1252,
#1253,#1254,#1255,#1256,#1257,#1258,#1259,#1260,#1261,#1262,#1263,#1264,
#1265,#1266,#1267,#1268,#1269,#1270,#1271,#1272,#1273,#1274,#1275,#1276,
#1277,#1278,#1279,#1280,#1281,#1282,#1283,#1284,#1285,#1286,#1287,#1288,
#1289,#1290,#1291,#1292,#1293,#1294,#1295,#1296,#1297,#1298,#1299,#1300,
#1301,#1302,#1303,#1304,#1305,#1306,#1307),.UNSPECIFIED.,.F.,.F.,(4,3,3,
3,3,3,3,3,3,3,3,3,3,3,3,3,3,3,3,3,3,3,3,3,3,3,3,3,3,3,3,3,3,3,3,3,4),(0.,
0.0281977383709603,0.0568557740373937,0.0836335953883827,0.107064189070498,
0.112284335824011,0.139713065424137,0.166842728544454,0.192901632619667,
0.204418527285413,0.211890836549903,0.215745631742289,0.241446876446205,
0.26660853229077,0.271078344845306,0.297152059453296,0.307738569312173,
0.312599321978622,0.337527211303086,0.362238774245537,0.386424695284373,
0.396313809367082,0.400354230165008,0.404574366564,0.429146459703992,0.451893507864247,
0.474198087912011,0.48331757659239,0.488868409124919,0.502862739123968,
0.525513398140091,0.536059381201857,0.540563069433882,0.545318378115502,
0.566772170798205,0.587748935534469,0.593465375188461),.UNSPECIFIED.);
#145=B_SPLINE_CURVE_WITH_KNOTS('',3,(#1585,#1586,#1587,#1588,#1589,#1590,
#1591,#1592,#1593,#1594,#1595,#1596,#1597,#1598,#1599,#1600,#1601,#1602,
#1603,#1604,#1605,#1606,#1607,#1608,#1609,#1610,#1611,#1612,#1613,#1614,
#1615,#1616,#1617,#1618,#1619,#1620,#1621,#1622,#1623,#1624,#1625,#1626,
#1627,#1628,#1629,#1630,#1631,#1632,#1633,#1634,#1635,#1636,#1637,#1638,
#1639,#1640,#1641,#1642,#1643,#1644,#1645,#1646,#1647,#1648,#1649,#1650,
#1651,#1652,#1653,#1654,#1655,#1656,#1657,#1658,#1659,#1660,#1661,#1662,
#1663,#1664,#1665,#1666,#1667,#1668,#1669,#1670,#1671,#1672,#1673,#1674,
#1675,#1676,#1677,#1678,#1679,#1680,#1681,#1682,#1683,#1684,#1685,#1686,
#1687,#1688,#1689,#1690,#1691,#1692,#1693),.UNSPECIFIED.,.F.,.F.,(4,3,3,
3,3,3,3,3,3,3,3,3,3,3,3,3,3,3,3,3,3,3,3,3,3,3,3,3,3,3,3,3,3,3,3,3,4),(0.,
0.0202177501179929,0.0408674248622411,0.0623058558915569,0.0720699396999391,
0.0758616045676483,0.0978807478162981,0.120389483633403,0.143385830999244,
0.152172719095069,0.15666142460248,0.160652956741187,0.184470904604539,
0.208570317257945,0.212374873096768,0.235857358583543,0.242463818159313,
0.247302894167123,0.271318316441512,0.296239177157055,0.317148106060929,
0.33544341885182,0.340842365746801,0.366869740372266,0.393565232486665,
0.420228736404743,0.43104920440057,0.437367531212243,0.441858572487434,
0.463510608388051,0.490138284307091,0.502531329028098,0.510155576873295,
0.514686463531336,0.542260904467264,0.570589522023668,0.588007663313212),
 .UNSPECIFIED.);
#146=B_SPLINE_CURVE_WITH_KNOTS('',3,(#1694,#1695,#1696,#1697,#1698,#1699,
#1700,#1701,#1702,#1703,#1704,#1705,#1706,#1707,#1708,#1709,#1710,#1711,
#1712,#1713,#1714,#1715,#1716,#1717,#1718,#1719,#1720,#1721,#1722,#1723,
#1724,#1725,#1726,#1727,#1728,#1729,#1730,#1731,#1732,#1733,#1734,#1735,
#1736,#1737,#1738,#1739,#1740,#1741,#1742,#1743,#1744,#1745,#1746,#1747,
#1748,#1749,#1750,#1751,#1752,#1753,#1754,#1755,#1756,#1757,#1758,#1759,
#1760),.UNSPECIFIED.,.F.,.F.,(4,1,1,1,1,1,1,1,1,1,1,1,1,1,1,1,1,1,1,1,1,
1,1,1,1,1,1,1,1,1,1,1,1,1,1,1,1,1,1,1,1,1,1,1,1,1,1,1,1,1,1,1,1,1,1,1,1,
1,1,1,1,1,1,1,4),(0.,0.98864018521376,1.97728037042752,2.96592055564128,
3.95456074085504,4.9432009260688,5.93184111128256,6.92048129649632,7.90912148171008,
8.89776166692384,9.8864018521376,10.8750420373514,11.8636822225651,12.8523224077789,
13.8409625929926,14.8296027782064,15.8182429634202,16.8068831486339,17.7955233338477,
18.7841635190614,19.7728037042752,20.761443889489,21.7500840747027,22.7387242599165,
23.7273644451302,24.716004630344,25.7046448155577,26.6932850007715,27.6819251859853,
28.670565371199,29.6592055564128,30.6478457416265,31.6364859268403,32.6251261120541,
33.6137662972678,34.6024064824816,35.5910466676953,36.5796868529091,37.5683270381229,
38.5569672233366,39.5456074085504,40.5342475937641,41.5228877789779,42.5115279641917,
43.5001681494054,44.4888083346192,45.4774485198329,46.4660887050467,47.4547288902605,
48.4433690754742,49.432009260688,50.4206494459017,51.4092896311155,52.3979298163293,
53.386570001543,54.3752101867568,55.3638503719705,56.3524905571843,57.3411307423981,
58.3297709276118,59.3184111128256,60.3070512980393,61.2956914832531,62.2843316684669,
62.8318530717958),.UNSPECIFIED.);
#147=B_SPLINE_CURVE_WITH_KNOTS('',3,(#2025,#2026,#2027,#2028,#2029,#2030,
#2031,#2032,#2033,#2034,#2035,#2036,#2037,#2038,#2039,#2040,#2041,#2042,
#2043,#2044,#2045,#2046,#2047,#2048,#2049,#2050,#2051,#2052,#2053,#2054,
#2055,#2056,#2057,#2058,#2059,#2060,#2061,#2062,#2063,#2064,#2065,#2066,
#2067,#2068,#2069,#2070,#2071,#2072,#2073,#2074,#2075,#2076,#2077,#2078,
#2079,#2080,#2081,#2082,#2083,#2084,#2085,#2086,#2087,#2088,#2089,#2090,
#2091,#2092,#2093,#2094,#2095,#2096,#2097,#2098,#2099,#2100,#2101,#2102,
#2103,#2104,#2105,#2106,#2107,#2108,#2109,#2110,#2111,#2112,#2113,#2114,
#2115,#2116,#2117,#2118,#2119,#2120,#2121,#2122,#2123,#2124,#2125,#2126,
#2127,#2128,#2129,#2130),.UNSPECIFIED.,.F.,.F.,(4,3,3,3,3,3,3,3,3,3,3,3,
3,3,3,3,3,3,3,3,3,3,3,3,3,3,3,3,3,3,3,3,3,3,3,4),(0.,0.0281948403875515,
0.0568552213905924,0.0839095691432353,0.108090887173254,0.11225264798469,
0.139686860789884,0.166821781885269,0.193438837266886,0.204329082709024,
0.211912928787259,0.215787340897182,0.241488229455309,0.266634090941438,
0.273290003411736,0.299347285742165,0.307944922550179,0.312181685437496,
0.337113598895866,0.361842443212163,0.386048717089078,0.395739188423152,
0.400409126888118,0.40458565433415,0.428001773062588,0.450768381527859,
0.473088183510446,0.482501505753894,0.488922193818986,0.506583339984213,
0.528303848785275,0.53783426250105,0.544154482749079,0.565628834553341,
0.586648135714235,0.593465375188461),.UNSPECIFIED.);
#148=B_SPLINE_CURVE_WITH_KNOTS('',3,(#2143,#2144,#2145,#2146),
 .UNSPECIFIED.,.F.,.F.,(4,4),(59.6902604182061,60.4134539194836),
 .UNSPECIFIED.);
#149=B_SPLINE_CURVE_WITH_KNOTS('',3,(#2152,#2153,#2154,#2155,#2156,#2157,
#2158,#2159,#2160,#2161,#2162),.UNSPECIFIED.,.F.,.F.,(4,1,1,1,1,1,1,1,4),
(53.4070751110265,53.4963986137447,54.4870726621474,55.4777467105501,56.4684207589528,
57.4590948073554,58.4497688557581,59.4404429041608,59.6902604182061),
 .UNSPECIFIED.);
#150=B_SPLINE_CURVE_WITH_KNOTS('',3,(#2165,#2166,#2167,#2168,#2169,#2170,
#2171,#2172,#2173),.UNSPECIFIED.,.F.,.F.,(4,1,1,1,1,1,4),(59.6902604182061,
60.3070512980393,61.2956914832531,62.2843316684669,63.2729718536806,64.2616120388944,
65.2502522241081),.UNSPECIFIED.);
#151=B_SPLINE_CURVE_WITH_KNOTS('',3,(#2178,#2179,#2180,#2181,#2182,#2183,
#2184,#2185,#2186,#2187),.UNSPECIFIED.,.F.,.F.,(4,1,1,1,1,1,1,4),(47.1238898038469,
47.5523543233286,48.5430283717313,49.533702420134,50.5243764685367,51.5150505169394,
52.505724565342,53.4070751110265),.UNSPECIFIED.);
#152=B_SPLINE_CURVE_WITH_KNOTS('',3,(#2188,#2189,#2190,#2191,#2192,#2193,
#2194,#2195,#2196,#2197),.UNSPECIFIED.,.F.,.F.,(4,1,1,1,1,1,1,4),(53.4070751110265,
54.3752101867568,55.3638503719705,56.3524905571843,57.3411307423981,58.3297709276118,
59.3184111128256,59.6902604182061),.UNSPECIFIED.);
#153=B_SPLINE_CURVE_WITH_KNOTS('',3,(#2202,#2203,#2204,#2205,#2206,#2207,
#2208,#2209,#2210,#2211),.UNSPECIFIED.,.F.,.F.,(4,1,1,1,1,1,1,4),(40.8407044966673,
41.6083100329126,42.5989840813152,43.5896581297179,44.5803321781206,45.5710062265233,
46.561680274926,47.1238898038469),.UNSPECIFIED.);
#154=B_SPLINE_CURVE_WITH_KNOTS('',3,(#2212,#2213,#2214,#2215,#2216,#2217,
#2218,#2219,#2220,#2221,#2222),.UNSPECIFIED.,.F.,.F.,(4,1,1,1,1,1,1,1,4),
(47.1238898038469,47.4547288902605,48.4433690754742,49.432009260688,50.4206494459017,
51.4092896311155,52.3979298163293,53.386570001543,53.4070751110265),
 .UNSPECIFIED.);
#155=B_SPLINE_CURVE_WITH_KNOTS('',3,(#2227,#2228,#2229,#2230,#2231,#2232,
#2233,#2234,#2235,#2236,#2237),.UNSPECIFIED.,.F.,.F.,(4,1,1,1,1,1,1,1,4),
(34.5575191894877,34.6735916940938,35.6642657424965,36.6549397908992,37.6456138393018,
38.6362878877045,39.6269619361072,40.6176359845099,40.8407044966673),
 .UNSPECIFIED.);
#156=B_SPLINE_CURVE_WITH_KNOTS('',3,(#2238,#2239,#2240,#2241,#2242,#2243,
#2244,#2245,#2246,#2247),.UNSPECIFIED.,.F.,.F.,(4,1,1,1,1,1,1,4),(40.8407044966673,
41.5228877789779,42.5115279641917,43.5001681494054,44.4888083346192,45.4774485198329,
46.4660887050467,47.1238898038469),.UNSPECIFIED.);
#157=B_SPLINE_CURVE_WITH_KNOTS('',3,(#2252,#2253,#2254,#2255,#2256,#2257,
#2258,#2259,#2260,#2261),.UNSPECIFIED.,.F.,.F.,(4,1,1,1,1,1,1,4),(28.2743338823081,
28.7295474036777,29.7202214520804,30.7108955004831,31.7015695488858,32.6922435972884,
33.6829176456911,34.5575191894877),.UNSPECIFIED.);
#158=B_SPLINE_CURVE_WITH_KNOTS('',3,(#2262,#2263,#2264,#2265,#2266,#2267,
#2268,#2269,#2270,#2271,#2272),.UNSPECIFIED.,.F.,.F.,(4,1,1,1,1,1,1,1,4),
(34.5575191894877,34.6024064824816,35.5910466676953,36.5796868529091,37.5683270381229,
38.5569672233366,39.5456074085504,40.5342475937641,40.8407044966673),
 .UNSPECIFIED.);
#159=B_SPLINE_CURVE_WITH_KNOTS('',3,(#2277,#2278,#2279,#2280,#2281,#2282,
#2283,#2284,#2285,#2286),.UNSPECIFIED.,.F.,.F.,(4,1,1,1,1,1,1,4),(21.9911485751285,
22.7855031132616,23.7761771616643,24.766851210067,25.7575252584697,26.7481993068724,
27.738873355275,28.2743338823081),.UNSPECIFIED.);
#160=B_SPLINE_CURVE_WITH_KNOTS('',3,(#2287,#2288,#2289,#2290,#2291,#2292,
#2293,#2294,#2295,#2296),.UNSPECIFIED.,.F.,.F.,(4,1,1,1,1,1,1,4),(28.2743338823081,
28.670565371199,29.6592055564128,30.6478457416265,31.6364859268403,32.6251261120541,
33.6137662972678,34.5575191894877),.UNSPECIFIED.);
#161=B_SPLINE_CURVE_WITH_KNOTS('',3,(#2301,#2302,#2303,#2304,#2305,#2306,
#2307,#2308,#2309,#2310,#2311),.UNSPECIFIED.,.F.,.F.,(4,1,1,1,1,1,1,1,4),
(15.7079632679489,15.8507847744429,16.8414588228456,17.8321328712482,18.8228069196509,
19.8134809680536,20.8041550164563,21.794829064859,21.9911485751285),
 .UNSPECIFIED.);
#162=B_SPLINE_CURVE_WITH_KNOTS('',3,(#2312,#2313,#2314,#2315,#2316,#2317,
#2318,#2319,#2320,#2321),.UNSPECIFIED.,.F.,.F.,(4,1,1,1,1,1,1,4),(21.9911485751285,
22.7387242599165,23.7273644451302,24.716004630344,25.7046448155577,26.6932850007715,
27.6819251859853,28.2743338823081),.UNSPECIFIED.);
#163=B_SPLINE_CURVE_WITH_KNOTS('',3,(#2326,#2327,#2328,#2329,#2330,#2331,
#2332,#2333,#2334,#2335),.UNSPECIFIED.,.F.,.F.,(4,1,1,1,1,1,1,4),(9.42477796076935,
9.9067404840268,10.8974145324295,11.8880885808322,12.8787626292348,13.8694366776375,
14.8601107260402,15.7079632679489),.UNSPECIFIED.);
#164=B_SPLINE_CURVE_WITH_KNOTS('',3,(#2336,#2337,#2338,#2339,#2340,#2341,
#2342,#2343,#2344,#2345,#2346),.UNSPECIFIED.,.F.,.F.,(4,1,1,1,1,1,1,1,4),
(15.7079632679489,15.8182429634202,16.8068831486339,17.7955233338477,18.7841635190614,
19.7728037042752,20.761443889489,21.7500840747027,21.9911485751285),
 .UNSPECIFIED.);
#165=B_SPLINE_CURVE_WITH_KNOTS('',3,(#2351,#2352,#2353,#2354,#2355,#2356,
#2357,#2358,#2359,#2360),.UNSPECIFIED.,.F.,.F.,(4,1,1,1,1,1,1,4),(3.14159265358976,
3.96269619361072,4.9533702420134,5.94404429041608,6.93471833881876,7.92539238722144,
8.91606643562412,9.42477796076935),.UNSPECIFIED.);
#166=B_SPLINE_CURVE_WITH_KNOTS('',3,(#2361,#2362,#2363,#2364,#2365,#2366,
#2367,#2368,#2369,#2370),.UNSPECIFIED.,.F.,.F.,(4,1,1,1,1,1,1,4),(9.42477796076935,
9.8864018521376,10.8750420373514,11.8636822225651,12.8523224077789,13.8409625929926,
14.8296027782064,15.7079632679489),.UNSPECIFIED.);
#167=B_SPLINE_CURVE_WITH_KNOTS('',3,(#2379,#2380,#2381,#2382,#2383,#2384,
#2385),.UNSPECIFIED.,.F.,.F.,(4,1,1,1,4),(0.,0.99067404840268,1.98134809680536,
2.97202214520804,3.14159265358976),.UNSPECIFIED.);
#168=B_SPLINE_CURVE_WITH_KNOTS('',3,(#2386,#2387,#2388,#2389,#2390,#2391,
#2392,#2393,#2394,#2395),.UNSPECIFIED.,.F.,.F.,(4,1,1,1,1,1,1,4),(3.14159265358976,
3.95456074085504,4.9432009260688,5.93184111128256,6.92048129649632,7.90912148171008,
8.89776166692384,9.42477796076935),.UNSPECIFIED.);
#169=B_SPLINE_CURVE_WITH_KNOTS('',3,(#2425,#2426,#2427,#2428,#2429),
 .UNSPECIFIED.,.F.,.F.,(4,1,4),(2.41839915231229,2.96592055564128,3.14159265358976),
 .UNSPECIFIED.);
#170=B_SPLINE_CURVE_WITH_KNOTS('',3,(#2437,#2438,#2439,#2440,#2441,#2442,
#2443,#2444,#2445,#2446,#2447,#2448,#2449,#2450,#2451,#2452,#2453,#2454,
#2455,#2456,#2457,#2458,#2459,#2460,#2461,#2462,#2463,#2464,#2465,#2466,
#2467,#2468,#2469,#2470,#2471,#2472,#2473,#2474,#2475,#2476,#2477,#2478,
#2479,#2480,#2481,#2482,#2483,#2484,#2485,#2486,#2487,#2488,#2489,#2490,
#2491,#2492,#2493,#2494,#2495,#2496,#2497,#2498,#2499,#2500,#2501,#2502,
#2503,#2504,#2505,#2506,#2507,#2508,#2509,#2510,#2511,#2512,#2513,#2514,
#2515,#2516,#2517,#2518,#2519,#2520,#2521,#2522,#2523,#2524,#2525,#2526,
#2527),.UNSPECIFIED.,.F.,.F.,(4,3,3,3,3,3,3,3,3,3,3,3,3,3,3,3,3,3,3,3,3,
3,3,3,3,3,3,3,3,3,4),(0.,0.0027553239087029,0.0193922987616251,0.0363593740028764,
0.0539751262531556,0.0589566212529852,0.0626210029144599,0.0808871002911628,
0.0995968669217885,0.119018998192619,0.124542016031662,0.128014305752135,
0.147980776997446,0.168389724316658,0.17728539200511,0.190604030896485,
0.195131191892279,0.19838195138096,0.219020592516309,0.240440970235159,
0.259183800739152,0.267612331967438,0.272290510406313,0.275969535197126,
0.298418125625019,0.321518745349555,0.344655277040941,0.356145349093231,
0.359813924251362,0.384051242206773,0.390383614267108),.UNSPECIFIED.);
#171=B_SPLINE_CURVE_WITH_KNOTS('',3,(#2529,#2530,#2531,#2532,#2533,#2534,
#2535,#2536,#2537,#2538,#2539,#2540,#2541,#2542,#2543,#2544,#2545,#2546,
#2547,#2548,#2549,#2550,#2551,#2552,#2553,#2554,#2555,#2556,#2557,#2558,
#2559,#2560,#2561,#2562),.UNSPECIFIED.,.F.,.F.,(4,3,3,3,3,3,3,3,3,3,3,4),
(0.,0.0254651130944673,0.0508164665177864,0.0626882765438896,0.0792950410231833,
0.0889630516318489,0.0938345402818632,0.119261503305957,0.138331725574028,
0.143772761751279,0.169657577064759,0.19554239237824),.UNSPECIFIED.);
#172=B_SPLINE_CURVE_WITH_KNOTS('',3,(#2563,#2564,#2565,#2566,#2567,#2568,
#2569,#2570,#2571,#2572,#2573,#2574,#2575,#2576,#2577,#2578,#2579,#2580,
#2581,#2582,#2583,#2584,#2585,#2586,#2587,#2588,#2589,#2590,#2591,#2592,
#2593,#2594,#2595,#2596,#2597,#2598,#2599,#2600,#2601,#2602,#2603,#2604,
#2605,#2606,#2607,#2608,#2609,#2610,#2611,#2612,#2613,#2614,#2615,#2616,
#2617,#2618,#2619,#2620,#2621,#2622,#2623,#2624,#2625,#2626,#2627,#2628,
#2629,#2630,#2631,#2632,#2633,#2634,#2635,#2636,#2637,#2638,#2639,#2640,
#2641,#2642,#2643,#2644,#2645,#2646,#2647,#2648,#2649,#2650,#2651,#2652,
#2653),.UNSPECIFIED.,.F.,.F.,(4,3,3,3,3,3,3,3,3,3,3,3,3,3,3,3,3,3,3,3,3,
3,3,3,3,3,3,3,3,3,4),(0.103067630115366,0.108213541321401,0.132190502836205,
0.15601589567754,0.176840397424558,0.180760481746306,0.184840217342895,
0.20756225362418,0.229931461300682,0.251779532563804,0.258212156326296,
0.262057857170997,0.266067826811234,0.287020354972147,0.307434664031483,
0.32261190965369,0.333562747477425,0.337672466663924,0.341328916552735,
0.361286584895456,0.380974347627383,0.398258746476802,0.406393556332322,
0.410148336154092,0.428671038954809,0.445959607924468,0.452638843047724,
0.456659798710232,0.473904508281004,0.490753433165461,0.497825314833445),
 .UNSPECIFIED.);
#173=B_SPLINE_CURVE_WITH_KNOTS('',3,(#2931,#2932,#2933,#2934,#2935,#2936,
#2937,#2938,#2939,#2940,#2941,#2942,#2943,#2944,#2945,#2946,#2947,#2948,
#2949,#2950,#2951,#2952,#2953,#2954,#2955,#2956,#2957,#2958,#2959,#2960,
#2961,#2962,#2963,#2964,#2965,#2966,#2967,#2968,#2969,#2970,#2971,#2972,
#2973,#2974,#2975,#2976,#2977,#2978,#2979,#2980,#2981,#2982,#2983,#2984,
#2985,#2986,#2987,#2988,#2989,#2990,#2991,#2992,#2993,#2994,#2995,#2996,
#2997,#2998,#2999,#3000,#3001,#3002,#3003,#3004,#3005,#3006,#3007,#3008,
#3009,#3010,#3011,#3012,#3013,#3014,#3015,#3016,#3017,#3018,#3019,#3020,
#3021,#3022),.UNSPECIFIED.,.F.,.F.,(4,1,1,1,1,1,1,1,1,1,1,1,1,1,1,1,1,1,
1,1,1,1,1,1,1,1,1,1,1,1,1,1,1,1,1,1,1,1,1,1,1,1,1,1,1,1,1,1,1,1,1,1,1,1,
1,1,1,1,1,1,1,1,1,1,1,1,1,1,1,1,1,1,1,1,1,1,1,1,1,1,1,1,1,1,1,1,1,1,1,4),
(-0.00406955009127685,0.560673673964284,1.12541689801985,1.69016012207541,
2.25490334613097,3.38438979424209,3.94913301829765,4.51387624235321,5.07861946640877,
5.64336269046434,6.2081059145199,6.77284913857546,7.33759236263102,7.90233558668658,
8.46707881074214,9.0318220347977,10.0358099886743,11.0397979425508,12.0437858964274,
12.7967768618348,13.5497678272422,14.3027587926496,15.055749758057,15.8087407234644,
16.5617316888719,17.3147226542793,18.0677136196867,18.8207045850941,19.5736955505015,
20.3266865159089,21.0796774813163,21.8326684467238,22.5856594121312,23.3386503775386,
24.091641342946,24.8446323083534,25.5976232737608,26.3506142391683,27.1036052045757,
27.6683484286312,28.2330916526868,28.7978348767423,29.3625781007979,30.492064548909,
31.6215509970202,32.7510374451313,33.8805238932424,34.445267117298,35.0100103413535,
35.5747535654091,36.1394967894646,36.7042400135202,37.2689832375758,38.3984696856869,
38.9632129097425,39.527956133798,40.0926993578536,40.6574425819091,41.4104335473166,
42.163424512724,42.9164154781314,43.6694064435388,44.4223974089462,45.1753883743536,
45.928379339761,46.6813703051685,47.4343612705759,48.1873522359833,48.9403432013907,
49.6933341667981,50.4463251322055,51.199316097613,52.2033040514895,53.2072920053661,
54.2112799592426,54.7760231832982,55.3407664073537,55.9055096314093,56.4702528554649,
57.0349960795204,57.599739303576,58.1644825276315,58.7292257516871,59.2939689757427,
59.8587121997982,60.9881986479093,61.5529418719649,62.1176850960205,62.682428320076,
63.2471715441316),.UNSPECIFIED.);
#174=B_SPLINE_CURVE_WITH_KNOTS('',3,(#3025,#3026,#3027,#3028,#3029,#3030),
 .UNSPECIFIED.,.F.,.F.,(4,1,1,4),(0.,0.98864018521376,1.97728037042752,
2.41839915231229),.UNSPECIFIED.);
#175=B_SPLINE_CURVE_WITH_KNOTS('',3,(#3400,#3401,#3402,#3403,#3404,#3405,
#3406,#3407,#3408,#3409,#3410,#3411,#3412,#3413,#3414,#3415,#3416,#3417,
#3418,#3419,#3420,#3421,#3422,#3423,#3424,#3425,#3426,#3427,#3428,#3429,
#3430,#3431,#3432,#3433,#3434,#3435,#3436,#3437,#3438,#3439,#3440,#3441,
#3442,#3443,#3444,#3445,#3446,#3447,#3448,#3449,#3450,#3451,#3452,#3453,
#3454,#3455,#3456,#3457,#3458,#3459,#3460,#3461,#3462,#3463,#3464,#3465,
#3466,#3467,#3468,#3469,#3470,#3471,#3472,#3473,#3474,#3475,#3476,#3477,
#3478,#3479,#3480,#3481,#3482,#3483,#3484,#3485,#3486,#3487,#3488,#3489,
#3490),.UNSPECIFIED.,.F.,.F.,(4,1,1,1,1,1,1,1,1,1,1,1,1,1,1,1,1,1,1,1,1,
1,1,1,1,1,1,1,1,1,1,1,1,1,1,1,1,1,1,1,1,1,1,1,1,1,1,1,1,1,1,1,1,1,1,1,1,
1,1,1,1,1,1,1,1,1,1,1,1,1,1,1,1,1,1,1,1,1,1,1,1,1,1,1,1,1,1,1,4),(-62.4168793990463,
-62.1176850960205,-61.5529418719649,-60.9881986479093,-59.8587121997982,
-59.2939689757427,-58.7292257516871,-58.1644825276315,-57.599739303576,
-57.0349960795204,-56.4702528554649,-55.9055096314093,-55.3407664073537,
-54.7760231832982,-54.2112799592426,-53.2072920053661,-52.2033040514895,
-51.199316097613,-50.4463251322055,-49.6933341667981,-48.9403432013907,
-48.1873522359833,-47.4343612705759,-46.6813703051685,-45.928379339761,
-45.1753883743536,-44.4223974089462,-43.6694064435388,-42.9164154781314,
-42.163424512724,-41.4104335473166,-40.6574425819091,-40.0926993578536,
-39.527956133798,-38.9632129097425,-38.3984696856869,-37.2689832375758,
-36.7042400135202,-36.1394967894646,-35.5747535654091,-35.0100103413535,
-34.445267117298,-33.8805238932424,-32.7510374451313,-31.6215509970202,
-30.492064548909,-29.3625781007979,-28.7978348767423,-28.2330916526868,
-27.6683484286312,-27.1036052045757,-26.3506142391683,-25.5976232737608,
-24.8446323083534,-24.091641342946,-23.3386503775386,-22.5856594121312,
-21.8326684467238,-21.0796774813163,-20.3266865159089,-19.5736955505015,
-18.8207045850941,-18.0677136196867,-17.3147226542793,-16.5617316888719,
-15.8087407234644,-15.055749758057,-14.3027587926496,-13.5497678272422,
-12.7967768618348,-12.0437858964274,-11.0397979425508,-10.0358099886743,
-9.0318220347977,-8.46707881074214,-7.90233558668658,-7.33759236263102,
-6.77284913857546,-6.2081059145199,-5.64336269046434,-5.07861946640877,
-4.51387624235321,-3.94913301829765,-3.38438979424209,-2.25490334613097,
-1.69016012207541,-1.12541689801985,-0.560673673964284,-0.00406974031104642),
 .UNSPECIFIED.);
#176=B_SPLINE_CURVE_WITH_KNOTS('',3,(#3491,#3492,#3493,#3494,#3495,#3496),
 .UNSPECIFIED.,.F.,.F.,(4,2,4),(0.,0.0100121619208164,0.0200243239838569),
 .UNSPECIFIED.);
#177=CIRCLE('',#743,1.9016);
#178=CIRCLE('',#753,1.9016);
#179=CIRCLE('',#756,5.);
#180=CIRCLE('',#759,5.);
#181=CIRCLE('',#762,1.5);
#182=CIRCLE('',#764,1.5);
#183=CIRCLE('',#774,1.5);
#184=CIRCLE('',#778,4.);
#185=CIRCLE('',#779,4.);
#186=CIRCLE('',#780,4.);
#187=CIRCLE('',#782,4.);
#188=CIRCLE('',#784,4.);
#189=CIRCLE('',#786,1.5);
#190=CIRCLE('',#788,1.5);
#191=CIRCLE('',#790,4.);
#192=LINE('',#942,#230);
#193=LINE('',#944,#231);
#194=LINE('',#958,#232);
#195=LINE('',#982,#233);
#196=LINE('',#1007,#234);
#197=LINE('',#1031,#235);
#198=LINE('',#1056,#236);
#199=LINE('',#1081,#237);
#200=LINE('',#1105,#238);
#201=LINE('',#1130,#239);
#202=LINE('',#1155,#240);
#203=LINE('',#1198,#241);
#204=LINE('',#2131,#242);
#205=LINE('',#2136,#243);
#206=LINE('',#2141,#244);
#207=LINE('',#2151,#245);
#208=LINE('',#2177,#246);
#209=LINE('',#2201,#247);
#210=LINE('',#2226,#248);
#211=LINE('',#2251,#249);
#212=LINE('',#2276,#250);
#213=LINE('',#2300,#251);
#214=LINE('',#2325,#252);
#215=LINE('',#2350,#253);
#216=LINE('',#2374,#254);
#217=LINE('',#2378,#255);
#218=LINE('',#2399,#256);
#219=LINE('',#2401,#257);
#220=LINE('',#2403,#258);
#221=LINE('',#2404,#259);
#222=LINE('',#2408,#260);
#223=LINE('',#2410,#261);
#224=LINE('',#2412,#262);
#225=LINE('',#2413,#263);
#226=LINE('',#3024,#264);
#227=LINE('',#3761,#265);
#228=LINE('',#3763,#266);
#229=LINE('',#3766,#267);
#230=VECTOR('',#798,1.9016);
#231=VECTOR('',#799,10.);
#232=VECTOR('',#804,1.9016);
#233=VECTOR('',#807,1.9016);
#234=VECTOR('',#810,1.9016);
#235=VECTOR('',#813,1.9016);
#236=VECTOR('',#816,1.9016);
#237=VECTOR('',#819,1.9016);
#238=VECTOR('',#822,1.9016);
#239=VECTOR('',#825,1.9016);
#240=VECTOR('',#828,1.9016);
#241=VECTOR('',#837,10.);
#242=VECTOR('',#838,10.);
#243=VECTOR('',#845,5.);
#244=VECTOR('',#850,1.5);
#245=VECTOR('',#855,1.5);
#246=VECTOR('',#860,1.5);
#247=VECTOR('',#863,1.5);
#248=VECTOR('',#866,1.5);
#249=VECTOR('',#869,1.5);
#250=VECTOR('',#872,1.5);
#251=VECTOR('',#875,1.5);
#252=VECTOR('',#878,1.5);
#253=VECTOR('',#881,1.5);
#254=VECTOR('',#884,1.5);
#255=VECTOR('',#887,10.);
#256=VECTOR('',#890,10.);
#257=VECTOR('',#891,10.);
#258=VECTOR('',#892,10.);
#259=VECTOR('',#893,10.);
#260=VECTOR('',#896,10.);
#261=VECTOR('',#897,10.);
#262=VECTOR('',#898,10.);
#263=VECTOR('',#899,10.);
#264=VECTOR('',#928,10.);
#265=VECTOR('',#929,10.);
#266=VECTOR('',#932,10.);
#267=VECTOR('',#937,4.);
#268=VERTEX_POINT('',#940);
#269=VERTEX_POINT('',#941);
#270=VERTEX_POINT('',#943);
#271=VERTEX_POINT('',#945);
#272=VERTEX_POINT('',#956);
#273=VERTEX_POINT('',#957);
#274=VERTEX_POINT('',#980);
#275=VERTEX_POINT('',#981);
#276=VERTEX_POINT('',#1005);
#277=VERTEX_POINT('',#1006);
#278=VERTEX_POINT('',#1029);
#279=VERTEX_POINT('',#1030);
#280=VERTEX_POINT('',#1054);
#281=VERTEX_POINT('',#1055);
#282=VERTEX_POINT('',#1079);
#283=VERTEX_POINT('',#1080);
#284=VERTEX_POINT('',#1103);
#285=VERTEX_POINT('',#1104);
#286=VERTEX_POINT('',#1128);
#287=VERTEX_POINT('',#1129);
#288=VERTEX_POINT('',#1153);
#289=VERTEX_POINT('',#1154);
#290=VERTEX_POINT('',#1156);
#291=VERTEX_POINT('',#1163);
#292=VERTEX_POINT('',#1195);
#293=VERTEX_POINT('',#1197);
#294=VERTEX_POINT('',#1584);
#295=VERTEX_POINT('',#2134);
#296=VERTEX_POINT('',#2139);
#297=VERTEX_POINT('',#2140);
#298=VERTEX_POINT('',#2142);
#299=VERTEX_POINT('',#2149);
#300=VERTEX_POINT('',#2150);
#301=VERTEX_POINT('',#2163);
#302=VERTEX_POINT('',#2175);
#303=VERTEX_POINT('',#2176);
#304=VERTEX_POINT('',#2199);
#305=VERTEX_POINT('',#2200);
#306=VERTEX_POINT('',#2224);
#307=VERTEX_POINT('',#2225);
#308=VERTEX_POINT('',#2249);
#309=VERTEX_POINT('',#2250);
#310=VERTEX_POINT('',#2274);
#311=VERTEX_POINT('',#2275);
#312=VERTEX_POINT('',#2298);
#313=VERTEX_POINT('',#2299);
#314=VERTEX_POINT('',#2323);
#315=VERTEX_POINT('',#2324);
#316=VERTEX_POINT('',#2348);
#317=VERTEX_POINT('',#2349);
#318=VERTEX_POINT('',#2372);
#319=VERTEX_POINT('',#2373);
#320=VERTEX_POINT('',#2375);
#321=VERTEX_POINT('',#2377);
#322=VERTEX_POINT('',#2397);
#323=VERTEX_POINT('',#2398);
#324=VERTEX_POINT('',#2400);
#325=VERTEX_POINT('',#2402);
#326=VERTEX_POINT('',#2406);
#327=VERTEX_POINT('',#2407);
#328=VERTEX_POINT('',#2409);
#329=VERTEX_POINT('',#2411);
#330=VERTEX_POINT('',#2416);
#331=VERTEX_POINT('',#2424);
#332=VERTEX_POINT('',#2434);
#333=VERTEX_POINT('',#2436);
#334=VERTEX_POINT('',#2528);
#335=VERTEX_POINT('',#2930);
#336=VERTEX_POINT('',#3023);
#337=VERTEX_POINT('',#3399);
#338=EDGE_CURVE('',#268,#269,#192,.T.);
#339=EDGE_CURVE('',#270,#269,#193,.T.);
#340=EDGE_CURVE('',#271,#270,#177,.T.);
#341=EDGE_CURVE('',#271,#268,#123,.T.);
#342=EDGE_CURVE('',#272,#273,#194,.T.);
#343=EDGE_CURVE('',#269,#273,#124,.T.);
#344=EDGE_CURVE('',#268,#272,#125,.T.);
#345=EDGE_CURVE('',#274,#275,#195,.T.);
#346=EDGE_CURVE('',#273,#275,#126,.T.);
#347=EDGE_CURVE('',#272,#274,#127,.T.);
#348=EDGE_CURVE('',#276,#277,#196,.T.);
#349=EDGE_CURVE('',#275,#277,#128,.T.);
#350=EDGE_CURVE('',#274,#276,#129,.T.);
#351=EDGE_CURVE('',#278,#279,#197,.T.);
#352=EDGE_CURVE('',#277,#279,#130,.T.);
#353=EDGE_CURVE('',#276,#278,#131,.T.);
#354=EDGE_CURVE('',#280,#281,#198,.T.);
#355=EDGE_CURVE('',#279,#281,#132,.T.);
#356=EDGE_CURVE('',#278,#280,#133,.T.);
#357=EDGE_CURVE('',#282,#283,#199,.T.);
#358=EDGE_CURVE('',#281,#283,#134,.T.);
#359=EDGE_CURVE('',#280,#282,#135,.T.);
#360=EDGE_CURVE('',#284,#285,#200,.T.);
#361=EDGE_CURVE('',#283,#285,#136,.T.);
#362=EDGE_CURVE('',#282,#284,#137,.T.);
#363=EDGE_CURVE('',#286,#287,#201,.T.);
#364=EDGE_CURVE('',#285,#287,#138,.T.);
#365=EDGE_CURVE('',#284,#286,#139,.T.);
#366=EDGE_CURVE('',#288,#289,#202,.T.);
#367=EDGE_CURVE('',#288,#290,#140,.T.);
#368=EDGE_CURVE('',#291,#290,#178,.T.);
#369=EDGE_CURVE('',#289,#291,#141,.T.);
#370=EDGE_CURVE('',#287,#289,#142,.T.);
#371=EDGE_CURVE('',#286,#288,#143,.T.);
#372=EDGE_CURVE('',#292,#292,#179,.T.);
#373=EDGE_CURVE('',#270,#293,#203,.T.);
#374=EDGE_CURVE('',#293,#271,#144,.T.);
#375=EDGE_CURVE('',#290,#294,#145,.T.);
#376=EDGE_CURVE('',#293,#294,#146,.T.);
#377=EDGE_CURVE('',#294,#291,#147,.T.);
#378=EDGE_CURVE('',#269,#293,#204,.T.);
#379=EDGE_CURVE('',#295,#295,#180,.T.);
#380=EDGE_CURVE('',#295,#292,#205,.T.);
#381=EDGE_CURVE('',#296,#297,#206,.T.);
#382=EDGE_CURVE('',#296,#298,#148,.T.);
#383=EDGE_CURVE('',#297,#298,#181,.T.);
#384=EDGE_CURVE('',#299,#300,#207,.T.);
#385=EDGE_CURVE('',#299,#296,#149,.T.);
#386=EDGE_CURVE('',#301,#297,#182,.T.);
#387=EDGE_CURVE('',#300,#301,#150,.T.);
#388=EDGE_CURVE('',#302,#303,#208,.T.);
#389=EDGE_CURVE('',#302,#299,#151,.T.);
#390=EDGE_CURVE('',#303,#300,#152,.T.);
#391=EDGE_CURVE('',#304,#305,#209,.T.);
#392=EDGE_CURVE('',#304,#302,#153,.T.);
#393=EDGE_CURVE('',#305,#303,#154,.T.);
#394=EDGE_CURVE('',#306,#307,#210,.T.);
#395=EDGE_CURVE('',#306,#304,#155,.T.);
#396=EDGE_CURVE('',#307,#305,#156,.T.);
#397=EDGE_CURVE('',#308,#309,#211,.T.);
#398=EDGE_CURVE('',#308,#306,#157,.T.);
#399=EDGE_CURVE('',#309,#307,#158,.T.);
#400=EDGE_CURVE('',#310,#311,#212,.T.);
#401=EDGE_CURVE('',#310,#308,#159,.T.);
#402=EDGE_CURVE('',#311,#309,#160,.T.);
#403=EDGE_CURVE('',#312,#313,#213,.T.);
#404=EDGE_CURVE('',#312,#310,#161,.T.);
#405=EDGE_CURVE('',#313,#311,#162,.T.);
#406=EDGE_CURVE('',#314,#315,#214,.T.);
#407=EDGE_CURVE('',#314,#312,#163,.T.);
#408=EDGE_CURVE('',#315,#313,#164,.T.);
#409=EDGE_CURVE('',#316,#317,#215,.T.);
#410=EDGE_CURVE('',#316,#314,#165,.T.);
#411=EDGE_CURVE('',#317,#315,#166,.T.);
#412=EDGE_CURVE('',#318,#319,#216,.T.);
#413=EDGE_CURVE('',#320,#318,#183,.T.);
#414=EDGE_CURVE('',#320,#321,#217,.T.);
#415=EDGE_CURVE('',#321,#316,#167,.T.);
#416=EDGE_CURVE('',#319,#317,#168,.T.);
#417=EDGE_CURVE('',#322,#323,#218,.T.);
#418=EDGE_CURVE('',#324,#322,#219,.T.);
#419=EDGE_CURVE('',#324,#325,#220,.T.);
#420=EDGE_CURVE('',#323,#325,#221,.T.);
#421=EDGE_CURVE('',#326,#327,#222,.T.);
#422=EDGE_CURVE('',#328,#326,#223,.T.);
#423=EDGE_CURVE('',#328,#329,#224,.T.);
#424=EDGE_CURVE('',#327,#329,#225,.T.);
#425=EDGE_CURVE('',#325,#328,#184,.T.);
#426=EDGE_CURVE('',#330,#324,#185,.T.);
#427=EDGE_CURVE('',#329,#330,#186,.T.);
#428=EDGE_CURVE('',#327,#326,#187,.T.);
#429=EDGE_CURVE('',#323,#322,#188,.T.);
#430=EDGE_CURVE('',#331,#319,#169,.T.);
#431=EDGE_CURVE('',#318,#331,#189,.T.);
#432=EDGE_CURVE('',#320,#331,#190,.T.);
#433=EDGE_CURVE('',#332,#332,#191,.T.);
#434=EDGE_CURVE('',#298,#333,#170,.T.);
#435=EDGE_CURVE('',#333,#334,#171,.T.);
#436=EDGE_CURVE('',#334,#301,#172,.T.);
#437=EDGE_CURVE('',#335,#334,#173,.T.);
#438=EDGE_CURVE('',#335,#336,#226,.T.);
#439=EDGE_CURVE('',#336,#331,#174,.T.);
#440=EDGE_CURVE('',#333,#337,#175,.T.);
#441=EDGE_CURVE('',#337,#335,#176,.T.);
#442=EDGE_CURVE('',#321,#337,#227,.T.);
#443=EDGE_CURVE('',#336,#320,#228,.T.);
#444=EDGE_CURVE('',#330,#332,#229,.T.);
#445=ORIENTED_EDGE('',*,*,#338,.T.);
#446=ORIENTED_EDGE('',*,*,#339,.F.);
#447=ORIENTED_EDGE('',*,*,#340,.F.);
#448=ORIENTED_EDGE('',*,*,#341,.T.);
#449=ORIENTED_EDGE('',*,*,#342,.T.);
#450=ORIENTED_EDGE('',*,*,#343,.F.);
#451=ORIENTED_EDGE('',*,*,#338,.F.);
#452=ORIENTED_EDGE('',*,*,#344,.T.);
#453=ORIENTED_EDGE('',*,*,#345,.T.);
#454=ORIENTED_EDGE('',*,*,#346,.F.);
#455=ORIENTED_EDGE('',*,*,#342,.F.);
#456=ORIENTED_EDGE('',*,*,#347,.T.);
#457=ORIENTED_EDGE('',*,*,#348,.T.);
#458=ORIENTED_EDGE('',*,*,#349,.F.);
#459=ORIENTED_EDGE('',*,*,#345,.F.);
#460=ORIENTED_EDGE('',*,*,#350,.T.);
#461=ORIENTED_EDGE('',*,*,#351,.T.);
#462=ORIENTED_EDGE('',*,*,#352,.F.);
#463=ORIENTED_EDGE('',*,*,#348,.F.);
#464=ORIENTED_EDGE('',*,*,#353,.T.);
#465=ORIENTED_EDGE('',*,*,#354,.T.);
#466=ORIENTED_EDGE('',*,*,#355,.F.);
#467=ORIENTED_EDGE('',*,*,#351,.F.);
#468=ORIENTED_EDGE('',*,*,#356,.T.);
#469=ORIENTED_EDGE('',*,*,#357,.T.);
#470=ORIENTED_EDGE('',*,*,#358,.F.);
#471=ORIENTED_EDGE('',*,*,#354,.F.);
#472=ORIENTED_EDGE('',*,*,#359,.T.);
#473=ORIENTED_EDGE('',*,*,#360,.T.);
#474=ORIENTED_EDGE('',*,*,#361,.F.);
#475=ORIENTED_EDGE('',*,*,#357,.F.);
#476=ORIENTED_EDGE('',*,*,#362,.T.);
#477=ORIENTED_EDGE('',*,*,#363,.T.);
#478=ORIENTED_EDGE('',*,*,#364,.F.);
#479=ORIENTED_EDGE('',*,*,#360,.F.);
#480=ORIENTED_EDGE('',*,*,#365,.T.);
#481=ORIENTED_EDGE('',*,*,#366,.F.);
#482=ORIENTED_EDGE('',*,*,#367,.T.);
#483=ORIENTED_EDGE('',*,*,#368,.F.);
#484=ORIENTED_EDGE('',*,*,#369,.F.);
#485=ORIENTED_EDGE('',*,*,#366,.T.);
#486=ORIENTED_EDGE('',*,*,#370,.F.);
#487=ORIENTED_EDGE('',*,*,#363,.F.);
#488=ORIENTED_EDGE('',*,*,#371,.T.);
#489=ORIENTED_EDGE('',*,*,#372,.F.);
#490=ORIENTED_EDGE('',*,*,#340,.T.);
#491=ORIENTED_EDGE('',*,*,#373,.T.);
#492=ORIENTED_EDGE('',*,*,#374,.T.);
#493=ORIENTED_EDGE('',*,*,#375,.F.);
#494=ORIENTED_EDGE('',*,*,#367,.F.);
#495=ORIENTED_EDGE('',*,*,#371,.F.);
#496=ORIENTED_EDGE('',*,*,#365,.F.);
#497=ORIENTED_EDGE('',*,*,#362,.F.);
#498=ORIENTED_EDGE('',*,*,#359,.F.);
#499=ORIENTED_EDGE('',*,*,#356,.F.);
#500=ORIENTED_EDGE('',*,*,#353,.F.);
#501=ORIENTED_EDGE('',*,*,#350,.F.);
#502=ORIENTED_EDGE('',*,*,#347,.F.);
#503=ORIENTED_EDGE('',*,*,#344,.F.);
#504=ORIENTED_EDGE('',*,*,#341,.F.);
#505=ORIENTED_EDGE('',*,*,#374,.F.);
#506=ORIENTED_EDGE('',*,*,#376,.T.);
#507=ORIENTED_EDGE('',*,*,#377,.F.);
#508=ORIENTED_EDGE('',*,*,#376,.F.);
#509=ORIENTED_EDGE('',*,*,#378,.F.);
#510=ORIENTED_EDGE('',*,*,#343,.T.);
#511=ORIENTED_EDGE('',*,*,#346,.T.);
#512=ORIENTED_EDGE('',*,*,#349,.T.);
#513=ORIENTED_EDGE('',*,*,#352,.T.);
#514=ORIENTED_EDGE('',*,*,#355,.T.);
#515=ORIENTED_EDGE('',*,*,#358,.T.);
#516=ORIENTED_EDGE('',*,*,#361,.T.);
#517=ORIENTED_EDGE('',*,*,#364,.T.);
#518=ORIENTED_EDGE('',*,*,#370,.T.);
#519=ORIENTED_EDGE('',*,*,#369,.T.);
#520=ORIENTED_EDGE('',*,*,#373,.F.);
#521=ORIENTED_EDGE('',*,*,#339,.T.);
#522=ORIENTED_EDGE('',*,*,#378,.T.);
#523=ORIENTED_EDGE('',*,*,#379,.F.);
#524=ORIENTED_EDGE('',*,*,#380,.T.);
#525=ORIENTED_EDGE('',*,*,#372,.T.);
#526=ORIENTED_EDGE('',*,*,#380,.F.);
#527=ORIENTED_EDGE('',*,*,#379,.T.);
#528=ORIENTED_EDGE('',*,*,#368,.T.);
#529=ORIENTED_EDGE('',*,*,#375,.T.);
#530=ORIENTED_EDGE('',*,*,#377,.T.);
#531=ORIENTED_EDGE('',*,*,#381,.F.);
#532=ORIENTED_EDGE('',*,*,#382,.T.);
#533=ORIENTED_EDGE('',*,*,#383,.F.);
#534=ORIENTED_EDGE('',*,*,#384,.F.);
#535=ORIENTED_EDGE('',*,*,#385,.T.);
#536=ORIENTED_EDGE('',*,*,#381,.T.);
#537=ORIENTED_EDGE('',*,*,#386,.F.);
#538=ORIENTED_EDGE('',*,*,#387,.F.);
#539=ORIENTED_EDGE('',*,*,#388,.F.);
#540=ORIENTED_EDGE('',*,*,#389,.T.);
#541=ORIENTED_EDGE('',*,*,#384,.T.);
#542=ORIENTED_EDGE('',*,*,#390,.F.);
#543=ORIENTED_EDGE('',*,*,#391,.F.);
#544=ORIENTED_EDGE('',*,*,#392,.T.);
#545=ORIENTED_EDGE('',*,*,#388,.T.);
#546=ORIENTED_EDGE('',*,*,#393,.F.);
#547=ORIENTED_EDGE('',*,*,#394,.F.);
#548=ORIENTED_EDGE('',*,*,#395,.T.);
#549=ORIENTED_EDGE('',*,*,#391,.T.);
#550=ORIENTED_EDGE('',*,*,#396,.F.);
#551=ORIENTED_EDGE('',*,*,#397,.F.);
#552=ORIENTED_EDGE('',*,*,#398,.T.);
#553=ORIENTED_EDGE('',*,*,#394,.T.);
#554=ORIENTED_EDGE('',*,*,#399,.F.);
#555=ORIENTED_EDGE('',*,*,#400,.F.);
#556=ORIENTED_EDGE('',*,*,#401,.T.);
#557=ORIENTED_EDGE('',*,*,#397,.T.);
#558=ORIENTED_EDGE('',*,*,#402,.F.);
#559=ORIENTED_EDGE('',*,*,#403,.F.);
#560=ORIENTED_EDGE('',*,*,#404,.T.);
#561=ORIENTED_EDGE('',*,*,#400,.T.);
#562=ORIENTED_EDGE('',*,*,#405,.F.);
#563=ORIENTED_EDGE('',*,*,#406,.F.);
#564=ORIENTED_EDGE('',*,*,#407,.T.);
#565=ORIENTED_EDGE('',*,*,#403,.T.);
#566=ORIENTED_EDGE('',*,*,#408,.F.);
#567=ORIENTED_EDGE('',*,*,#409,.F.);
#568=ORIENTED_EDGE('',*,*,#410,.T.);
#569=ORIENTED_EDGE('',*,*,#406,.T.);
#570=ORIENTED_EDGE('',*,*,#411,.F.);
#571=ORIENTED_EDGE('',*,*,#412,.F.);
#572=ORIENTED_EDGE('',*,*,#413,.F.);
#573=ORIENTED_EDGE('',*,*,#414,.T.);
#574=ORIENTED_EDGE('',*,*,#415,.T.);
#575=ORIENTED_EDGE('',*,*,#409,.T.);
#576=ORIENTED_EDGE('',*,*,#416,.F.);
#577=ORIENTED_EDGE('',*,*,#417,.F.);
#578=ORIENTED_EDGE('',*,*,#418,.F.);
#579=ORIENTED_EDGE('',*,*,#419,.T.);
#580=ORIENTED_EDGE('',*,*,#420,.F.);
#581=ORIENTED_EDGE('',*,*,#421,.F.);
#582=ORIENTED_EDGE('',*,*,#422,.F.);
#583=ORIENTED_EDGE('',*,*,#423,.T.);
#584=ORIENTED_EDGE('',*,*,#424,.F.);
#585=ORIENTED_EDGE('',*,*,#425,.F.);
#586=ORIENTED_EDGE('',*,*,#419,.F.);
#587=ORIENTED_EDGE('',*,*,#426,.F.);
#588=ORIENTED_EDGE('',*,*,#427,.F.);
#589=ORIENTED_EDGE('',*,*,#423,.F.);
#590=ORIENTED_EDGE('',*,*,#421,.T.);
#591=ORIENTED_EDGE('',*,*,#428,.T.);
#592=ORIENTED_EDGE('',*,*,#417,.T.);
#593=ORIENTED_EDGE('',*,*,#429,.T.);
#594=ORIENTED_EDGE('',*,*,#412,.T.);
#595=ORIENTED_EDGE('',*,*,#430,.F.);
#596=ORIENTED_EDGE('',*,*,#431,.F.);
#597=ORIENTED_EDGE('',*,*,#413,.T.);
#598=ORIENTED_EDGE('',*,*,#431,.T.);
#599=ORIENTED_EDGE('',*,*,#432,.F.);
#600=ORIENTED_EDGE('',*,*,#433,.F.);
#601=ORIENTED_EDGE('',*,*,#386,.T.);
#602=ORIENTED_EDGE('',*,*,#383,.T.);
#603=ORIENTED_EDGE('',*,*,#434,.T.);
#604=ORIENTED_EDGE('',*,*,#435,.T.);
#605=ORIENTED_EDGE('',*,*,#436,.T.);
#606=ORIENTED_EDGE('',*,*,#436,.F.);
#607=ORIENTED_EDGE('',*,*,#437,.F.);
#608=ORIENTED_EDGE('',*,*,#438,.T.);
#609=ORIENTED_EDGE('',*,*,#439,.T.);
#610=ORIENTED_EDGE('',*,*,#430,.T.);
#611=ORIENTED_EDGE('',*,*,#416,.T.);
#612=ORIENTED_EDGE('',*,*,#411,.T.);
#613=ORIENTED_EDGE('',*,*,#408,.T.);
#614=ORIENTED_EDGE('',*,*,#405,.T.);
#615=ORIENTED_EDGE('',*,*,#402,.T.);
#616=ORIENTED_EDGE('',*,*,#399,.T.);
#617=ORIENTED_EDGE('',*,*,#396,.T.);
#618=ORIENTED_EDGE('',*,*,#393,.T.);
#619=ORIENTED_EDGE('',*,*,#390,.T.);
#620=ORIENTED_EDGE('',*,*,#387,.T.);
#621=ORIENTED_EDGE('',*,*,#435,.F.);
#622=ORIENTED_EDGE('',*,*,#440,.T.);
#623=ORIENTED_EDGE('',*,*,#441,.T.);
#624=ORIENTED_EDGE('',*,*,#437,.T.);
#625=ORIENTED_EDGE('',*,*,#434,.F.);
#626=ORIENTED_EDGE('',*,*,#382,.F.);
#627=ORIENTED_EDGE('',*,*,#385,.F.);
#628=ORIENTED_EDGE('',*,*,#389,.F.);
#629=ORIENTED_EDGE('',*,*,#392,.F.);
#630=ORIENTED_EDGE('',*,*,#395,.F.);
#631=ORIENTED_EDGE('',*,*,#398,.F.);
#632=ORIENTED_EDGE('',*,*,#401,.F.);
#633=ORIENTED_EDGE('',*,*,#404,.F.);
#634=ORIENTED_EDGE('',*,*,#407,.F.);
#635=ORIENTED_EDGE('',*,*,#410,.F.);
#636=ORIENTED_EDGE('',*,*,#415,.F.);
#637=ORIENTED_EDGE('',*,*,#442,.T.);
#638=ORIENTED_EDGE('',*,*,#440,.F.);
#639=ORIENTED_EDGE('',*,*,#432,.T.);
#640=ORIENTED_EDGE('',*,*,#439,.F.);
#641=ORIENTED_EDGE('',*,*,#443,.T.);
#642=ORIENTED_EDGE('',*,*,#441,.F.);
#643=ORIENTED_EDGE('',*,*,#442,.F.);
#644=ORIENTED_EDGE('',*,*,#414,.F.);
#645=ORIENTED_EDGE('',*,*,#443,.F.);
#646=ORIENTED_EDGE('',*,*,#438,.F.);
#647=ORIENTED_EDGE('',*,*,#418,.T.);
#648=ORIENTED_EDGE('',*,*,#429,.F.);
#649=ORIENTED_EDGE('',*,*,#420,.T.);
#650=ORIENTED_EDGE('',*,*,#425,.T.);
#651=ORIENTED_EDGE('',*,*,#422,.T.);
#652=ORIENTED_EDGE('',*,*,#428,.F.);
#653=ORIENTED_EDGE('',*,*,#424,.T.);
#654=ORIENTED_EDGE('',*,*,#427,.T.);
#655=ORIENTED_EDGE('',*,*,#444,.T.);
#656=ORIENTED_EDGE('',*,*,#433,.T.);
#657=ORIENTED_EDGE('',*,*,#444,.F.);
#658=ORIENTED_EDGE('',*,*,#426,.T.);
#659=CYLINDRICAL_SURFACE('',#742,1.9016);
#660=CYLINDRICAL_SURFACE('',#744,1.9016);
#661=CYLINDRICAL_SURFACE('',#745,1.9016);
#662=CYLINDRICAL_SURFACE('',#746,1.9016);
#663=CYLINDRICAL_SURFACE('',#747,1.9016);
#664=CYLINDRICAL_SURFACE('',#748,1.9016);
#665=CYLINDRICAL_SURFACE('',#749,1.9016);
#666=CYLINDRICAL_SURFACE('',#750,1.9016);
#667=CYLINDRICAL_SURFACE('',#751,1.9016);
#668=CYLINDRICAL_SURFACE('',#752,1.9016);
#669=CYLINDRICAL_SURFACE('',#754,1.9016);
#670=CYLINDRICAL_SURFACE('',#758,5.);
#671=CYLINDRICAL_SURFACE('',#761,1.5);
#672=CYLINDRICAL_SURFACE('',#763,1.5);
#673=CYLINDRICAL_SURFACE('',#765,1.5);
#674=CYLINDRICAL_SURFACE('',#766,1.5);
#675=CYLINDRICAL_SURFACE('',#767,1.5);
#676=CYLINDRICAL_SURFACE('',#768,1.5);
#677=CYLINDRICAL_SURFACE('',#769,1.5);
#678=CYLINDRICAL_SURFACE('',#770,1.5);
#679=CYLINDRICAL_SURFACE('',#771,1.5);
#680=CYLINDRICAL_SURFACE('',#772,1.5);
#681=CYLINDRICAL_SURFACE('',#773,1.5);
#682=CYLINDRICAL_SURFACE('',#785,1.5);
#683=CYLINDRICAL_SURFACE('',#791,1.5);
#684=CYLINDRICAL_SURFACE('',#793,4.);
#685=ADVANCED_FACE('',(#36),#659,.F.);
#686=ADVANCED_FACE('',(#37),#660,.F.);
#687=ADVANCED_FACE('',(#38),#661,.F.);
#688=ADVANCED_FACE('',(#39),#662,.F.);
#689=ADVANCED_FACE('',(#40),#663,.F.);
#690=ADVANCED_FACE('',(#41),#664,.F.);
#691=ADVANCED_FACE('',(#42),#665,.F.);
#692=ADVANCED_FACE('',(#43),#666,.F.);
#693=ADVANCED_FACE('',(#44),#667,.F.);
#694=ADVANCED_FACE('',(#45),#668,.F.);
#695=ADVANCED_FACE('',(#46),#669,.F.);
#696=ADVANCED_FACE('',(#47,#22),#25,.F.);
#697=ADVANCED_FACE('',(#48),#17,.F.);
#698=ADVANCED_FACE('',(#49),#18,.F.);
#699=ADVANCED_FACE('',(#50),#26,.T.);
#700=ADVANCED_FACE('',(#51),#670,.T.);
#701=ADVANCED_FACE('',(#52,#23),#27,.T.);
#702=ADVANCED_FACE('',(#53),#671,.T.);
#703=ADVANCED_FACE('',(#54),#672,.T.);
#704=ADVANCED_FACE('',(#55),#673,.T.);
#705=ADVANCED_FACE('',(#56),#674,.T.);
#706=ADVANCED_FACE('',(#57),#675,.T.);
#707=ADVANCED_FACE('',(#58),#676,.T.);
#708=ADVANCED_FACE('',(#59),#677,.T.);
#709=ADVANCED_FACE('',(#60),#678,.T.);
#710=ADVANCED_FACE('',(#61),#679,.T.);
#711=ADVANCED_FACE('',(#62),#680,.T.);
#712=ADVANCED_FACE('',(#63),#681,.T.);
#713=ADVANCED_FACE('',(#64),#28,.F.);
#714=ADVANCED_FACE('',(#65),#29,.F.);
#715=ADVANCED_FACE('',(#66),#30,.T.);
#716=ADVANCED_FACE('',(#67),#31,.T.);
#717=ADVANCED_FACE('',(#68),#32,.T.);
#718=ADVANCED_FACE('',(#69),#682,.T.);
#719=ADVANCED_FACE('',(#70),#33,.T.);
#720=ADVANCED_FACE('',(#71,#24),#34,.F.);
#721=ADVANCED_FACE('',(#72),#19,.T.);
#722=ADVANCED_FACE('',(#73),#20,.T.);
#723=ADVANCED_FACE('',(#74),#21,.T.);
#724=ADVANCED_FACE('',(#75),#683,.F.);
#725=ADVANCED_FACE('',(#76),#35,.F.);
#726=ADVANCED_FACE('',(#77),#684,.T.);
#727=CLOSED_SHELL('',(#685,#686,#687,#688,#689,#690,#691,#692,#693,#694,
#695,#696,#697,#698,#699,#700,#701));
#728=CLOSED_SHELL('',(#702,#703,#704,#705,#706,#707,#708,#709,#710,#711,
#712,#713,#714,#715,#716,#717,#718,#719,#720,#721,#722,#723,#724,#725,#726));
#729=DERIVED_UNIT_ELEMENT(#731,1.);
#730=DERIVED_UNIT_ELEMENT(#3772,-3.);
#731=(
MASS_UNIT()
NAMED_UNIT(*)
SI_UNIT(.KILO.,.GRAM.)
);
#732=DERIVED_UNIT((#729,#730));
#733=MEASURE_REPRESENTATION_ITEM('density measure',
POSITIVE_RATIO_MEASURE(7850.),#732);
#734=PROPERTY_DEFINITION_REPRESENTATION(#739,#736);
#735=PROPERTY_DEFINITION_REPRESENTATION(#740,#737);
#736=REPRESENTATION('material name',(#738),#3769);
#737=REPRESENTATION('density',(#733),#3769);
#738=DESCRIPTIVE_REPRESENTATION_ITEM('Steel','Steel');
#739=PROPERTY_DEFINITION('material property','material name',#3779);
#740=PROPERTY_DEFINITION('material property','density of part',#3779);
#741=AXIS2_PLACEMENT_3D('',#938,#794,#795);
#742=AXIS2_PLACEMENT_3D('',#939,#796,#797);
#743=AXIS2_PLACEMENT_3D('',#946,#800,#801);
#744=AXIS2_PLACEMENT_3D('',#955,#802,#803);
#745=AXIS2_PLACEMENT_3D('',#979,#805,#806);
#746=AXIS2_PLACEMENT_3D('',#1004,#808,#809);
#747=AXIS2_PLACEMENT_3D('',#1028,#811,#812);
#748=AXIS2_PLACEMENT_3D('',#1053,#814,#815);
#749=AXIS2_PLACEMENT_3D('',#1078,#817,#818);
#750=AXIS2_PLACEMENT_3D('',#1102,#820,#821);
#751=AXIS2_PLACEMENT_3D('',#1127,#823,#824);
#752=AXIS2_PLACEMENT_3D('',#1152,#826,#827);
#753=AXIS2_PLACEMENT_3D('',#1164,#829,#830);
#754=AXIS2_PLACEMENT_3D('',#1173,#831,#832);
#755=AXIS2_PLACEMENT_3D('',#1194,#833,#834);
#756=AXIS2_PLACEMENT_3D('',#1196,#835,#836);
#757=AXIS2_PLACEMENT_3D('',#2132,#839,#840);
#758=AXIS2_PLACEMENT_3D('',#2133,#841,#842);
#759=AXIS2_PLACEMENT_3D('',#2135,#843,#844);
#760=AXIS2_PLACEMENT_3D('',#2137,#846,#847);
#761=AXIS2_PLACEMENT_3D('',#2138,#848,#849);
#762=AXIS2_PLACEMENT_3D('',#2147,#851,#852);
#763=AXIS2_PLACEMENT_3D('',#2148,#853,#854);
#764=AXIS2_PLACEMENT_3D('',#2164,#856,#857);
#765=AXIS2_PLACEMENT_3D('',#2174,#858,#859);
#766=AXIS2_PLACEMENT_3D('',#2198,#861,#862);
#767=AXIS2_PLACEMENT_3D('',#2223,#864,#865);
#768=AXIS2_PLACEMENT_3D('',#2248,#867,#868);
#769=AXIS2_PLACEMENT_3D('',#2273,#870,#871);
#770=AXIS2_PLACEMENT_3D('',#2297,#873,#874);
#771=AXIS2_PLACEMENT_3D('',#2322,#876,#877);
#772=AXIS2_PLACEMENT_3D('',#2347,#879,#880);
#773=AXIS2_PLACEMENT_3D('',#2371,#882,#883);
#774=AXIS2_PLACEMENT_3D('',#2376,#885,#886);
#775=AXIS2_PLACEMENT_3D('',#2396,#888,#889);
#776=AXIS2_PLACEMENT_3D('',#2405,#894,#895);
#777=AXIS2_PLACEMENT_3D('',#2414,#900,#901);
#778=AXIS2_PLACEMENT_3D('',#2415,#902,#903);
#779=AXIS2_PLACEMENT_3D('',#2417,#904,#905);
#780=AXIS2_PLACEMENT_3D('',#2418,#906,#907);
#781=AXIS2_PLACEMENT_3D('',#2419,#908,#909);
#782=AXIS2_PLACEMENT_3D('',#2420,#910,#911);
#783=AXIS2_PLACEMENT_3D('',#2421,#912,#913);
#784=AXIS2_PLACEMENT_3D('',#2422,#914,#915);
#785=AXIS2_PLACEMENT_3D('',#2423,#916,#917);
#786=AXIS2_PLACEMENT_3D('',#2430,#918,#919);
#787=AXIS2_PLACEMENT_3D('',#2431,#920,#921);
#788=AXIS2_PLACEMENT_3D('',#2432,#922,#923);
#789=AXIS2_PLACEMENT_3D('',#2433,#924,#925);
#790=AXIS2_PLACEMENT_3D('',#2435,#926,#927);
#791=AXIS2_PLACEMENT_3D('',#3762,#930,#931);
#792=AXIS2_PLACEMENT_3D('',#3764,#933,#934);
#793=AXIS2_PLACEMENT_3D('',#3765,#935,#936);
#794=DIRECTION('axis',(0.,0.,1.));
#795=DIRECTION('refdir',(1.,0.,0.));
#796=DIRECTION('center_axis',(0.,0.,-1.));
#797=DIRECTION('ref_axis',(-1.,0.,0.));
#798=DIRECTION('',(0.,0.,-1.));
#799=DIRECTION('',(0.,0.,1.));
#800=DIRECTION('center_axis',(0.,0.,1.));
#801=DIRECTION('ref_axis',(-1.,0.,0.));
#802=DIRECTION('center_axis',(0.,0.,-1.));
#803=DIRECTION('ref_axis',(-1.,0.,0.));
#804=DIRECTION('',(0.,0.,-1.));
#805=DIRECTION('center_axis',(0.,0.,-1.));
#806=DIRECTION('ref_axis',(-1.,0.,0.));
#807=DIRECTION('',(0.,0.,-1.));
#808=DIRECTION('center_axis',(0.,0.,-1.));
#809=DIRECTION('ref_axis',(-1.,0.,0.));
#810=DIRECTION('',(0.,0.,-1.));
#811=DIRECTION('center_axis',(0.,0.,-1.));
#812=DIRECTION('ref_axis',(-1.,0.,0.));
#813=DIRECTION('',(0.,0.,-1.));
#814=DIRECTION('center_axis',(0.,0.,-1.));
#815=DIRECTION('ref_axis',(-1.,0.,0.));
#816=DIRECTION('',(0.,0.,-1.));
#817=DIRECTION('center_axis',(0.,0.,-1.));
#818=DIRECTION('ref_axis',(-1.,0.,0.));
#819=DIRECTION('',(0.,0.,-1.));
#820=DIRECTION('center_axis',(0.,0.,-1.));
#821=DIRECTION('ref_axis',(-1.,0.,0.));
#822=DIRECTION('',(0.,0.,-1.));
#823=DIRECTION('center_axis',(0.,0.,-1.));
#824=DIRECTION('ref_axis',(-1.,0.,0.));
#825=DIRECTION('',(0.,0.,-1.));
#826=DIRECTION('center_axis',(0.,0.,-1.));
#827=DIRECTION('ref_axis',(-1.,0.,0.));
#828=DIRECTION('',(0.,0.,-1.));
#829=DIRECTION('center_axis',(0.,0.,-1.));
#830=DIRECTION('ref_axis',(-1.,0.,0.));
#831=DIRECTION('center_axis',(0.,0.,-1.));
#832=DIRECTION('ref_axis',(-1.,0.,0.));
#833=DIRECTION('center_axis',(0.,0.,1.));
#834=DIRECTION('ref_axis',(1.,0.,0.));
#835=DIRECTION('center_axis',(0.,0.,1.));
#836=DIRECTION('ref_axis',(1.,0.,0.));
#837=DIRECTION('',(1.,0.,0.));
#838=DIRECTION('',(0.866025403784439,0.,-0.5));
#839=DIRECTION('center_axis',(0.,1.,0.));
#840=DIRECTION('ref_axis',(0.,0.,1.));
#841=DIRECTION('center_axis',(0.,0.,1.));
#842=DIRECTION('ref_axis',(1.,0.,0.));
#843=DIRECTION('center_axis',(0.,0.,1.));
#844=DIRECTION('ref_axis',(1.,0.,0.));
#845=DIRECTION('',(0.,0.,-1.));
#846=DIRECTION('center_axis',(0.,0.,1.));
#847=DIRECTION('ref_axis',(1.,0.,0.));
#848=DIRECTION('center_axis',(0.,0.,-1.));
#849=DIRECTION('ref_axis',(-0.935480060531987,-0.353379479238779,0.));
#850=DIRECTION('',(0.,0.,1.));
#851=DIRECTION('center_axis',(0.,0.,1.));
#852=DIRECTION('ref_axis',(1.,0.,0.));
#853=DIRECTION('center_axis',(0.,0.,-1.));
#854=DIRECTION('ref_axis',(1.,0.,0.));
#855=DIRECTION('',(0.,0.,1.));
#856=DIRECTION('center_axis',(0.,0.,1.));
#857=DIRECTION('ref_axis',(1.,0.,0.));
#858=DIRECTION('center_axis',(0.,0.,-1.));
#859=DIRECTION('ref_axis',(1.,0.,0.));
#860=DIRECTION('',(0.,0.,1.));
#861=DIRECTION('center_axis',(0.,0.,-1.));
#862=DIRECTION('ref_axis',(1.,0.,0.));
#863=DIRECTION('',(0.,0.,1.));
#864=DIRECTION('center_axis',(0.,0.,-1.));
#865=DIRECTION('ref_axis',(1.,0.,0.));
#866=DIRECTION('',(0.,0.,1.));
#867=DIRECTION('center_axis',(0.,0.,-1.));
#868=DIRECTION('ref_axis',(1.,0.,0.));
#869=DIRECTION('',(0.,0.,1.));
#870=DIRECTION('center_axis',(0.,0.,-1.));
#871=DIRECTION('ref_axis',(1.,0.,0.));
#872=DIRECTION('',(0.,0.,1.));
#873=DIRECTION('center_axis',(0.,0.,-1.));
#874=DIRECTION('ref_axis',(1.,0.,0.));
#875=DIRECTION('',(0.,0.,1.));
#876=DIRECTION('center_axis',(0.,0.,-1.));
#877=DIRECTION('ref_axis',(1.,0.,0.));
#878=DIRECTION('',(0.,0.,1.));
#879=DIRECTION('center_axis',(0.,0.,-1.));
#880=DIRECTION('ref_axis',(1.,0.,0.));
#881=DIRECTION('',(0.,0.,1.));
#882=DIRECTION('center_axis',(0.,0.,-1.));
#883=DIRECTION('ref_axis',(1.,0.,0.));
#884=DIRECTION('',(0.,0.,1.));
#885=DIRECTION('center_axis',(0.,0.,-1.));
#886=DIRECTION('ref_axis',(1.,0.,0.));
#887=DIRECTION('',(0.,0.,1.));
#888=DIRECTION('center_axis',(0.,-1.,0.));
#889=DIRECTION('ref_axis',(-1.,0.,0.));
#890=DIRECTION('',(-1.,0.,0.));
#891=DIRECTION('',(0.,0.,1.));
#892=DIRECTION('',(-1.,0.,0.));
#893=DIRECTION('',(0.,0.,-1.));
#894=DIRECTION('center_axis',(0.,1.,0.));
#895=DIRECTION('ref_axis',(1.,0.,0.));
#896=DIRECTION('',(1.,0.,0.));
#897=DIRECTION('',(0.,0.,1.));
#898=DIRECTION('',(1.,0.,0.));
#899=DIRECTION('',(0.,0.,-1.));
#900=DIRECTION('center_axis',(0.,0.,1.));
#901=DIRECTION('ref_axis',(-1.,0.,0.));
#902=DIRECTION('center_axis',(0.,0.,-1.));
#903=DIRECTION('ref_axis',(-1.,0.,0.));
#904=DIRECTION('center_axis',(0.,0.,-1.));
#905=DIRECTION('ref_axis',(-1.,0.,0.));
#906=DIRECTION('center_axis',(0.,0.,-1.));
#907=DIRECTION('ref_axis',(-1.,0.,0.));
#908=DIRECTION('center_axis',(0.,0.,1.));
#909=DIRECTION('ref_axis',(-1.,0.,0.));
#910=DIRECTION('center_axis',(0.,0.,1.));
#911=DIRECTION('ref_axis',(-1.,0.,0.));
#912=DIRECTION('center_axis',(0.,0.,1.));
#913=DIRECTION('ref_axis',(-1.,0.,0.));
#914=DIRECTION('center_axis',(0.,0.,1.));
#915=DIRECTION('ref_axis',(-1.,0.,0.));
#916=DIRECTION('center_axis',(0.,0.,-1.));
#917=DIRECTION('ref_axis',(1.,0.,0.));
#918=DIRECTION('center_axis',(0.,0.,-1.));
#919=DIRECTION('ref_axis',(1.,0.,0.));
#920=DIRECTION('center_axis',(0.,0.,-1.));
#921=DIRECTION('ref_axis',(1.,0.,0.));
#922=DIRECTION('center_axis',(0.,0.,1.));
#923=DIRECTION('ref_axis',(1.,0.,0.));
#924=DIRECTION('center_axis',(0.,0.,1.));
#925=DIRECTION('ref_axis',(-1.,0.,0.));
#926=DIRECTION('center_axis',(0.,0.,1.));
#927=DIRECTION('ref_axis',(-1.,0.,0.));
#928=DIRECTION('',(-0.866025403784439,0.,-0.5));
#929=DIRECTION('',(0.866025403784439,0.,-0.5));
#930=DIRECTION('center_axis',(0.,0.,1.));
#931=DIRECTION('ref_axis',(1.,0.,0.));
#932=DIRECTION('',(0.,0.,1.));
#933=DIRECTION('center_axis',(0.,1.,0.));
#934=DIRECTION('ref_axis',(0.,0.,1.));
#935=DIRECTION('center_axis',(0.,0.,1.));
#936=DIRECTION('ref_axis',(-1.,0.,0.));
#937=DIRECTION('',(0.,0.,-1.));
#938=CARTESIAN_POINT('',(0.,0.,0.));
#939=CARTESIAN_POINT('Origin',(0.,0.,15.));
#940=CARTESIAN_POINT('',(1.89957864215768,-0.0012461198829184,0.922649730810367));
#941=CARTESIAN_POINT('',(1.9016,0.,0.577350269189626));
#942=CARTESIAN_POINT('',(1.9016,-2.32878835325861E-16,15.));
#943=CARTESIAN_POINT('',(1.9016,0.,0.));
#944=CARTESIAN_POINT('',(1.9016,0.,-0.577350269189626));
#945=CARTESIAN_POINT('',(-1.42562220512354,1.25844502790495,6.93889390390723E-17));
#946=CARTESIAN_POINT('Origin',(0.,0.,0.));
#947=CARTESIAN_POINT('Ctrl Pts',(-1.42337225187039,1.25720031917731,5.63785129692462E-17));
#948=CARTESIAN_POINT('Ctrl Pts',(-1.65308954557903,0.995399293929756,0.04357036889421));
#949=CARTESIAN_POINT('Ctrl Pts',(-2.10689522034817,0.0908875360871459,0.165814223996448));
#950=CARTESIAN_POINT('Ctrl Pts',(-1.54051519488093,-1.62731761264719,0.366731565306715));
#951=CARTESIAN_POINT('Ctrl Pts',(0.512777496451989,-2.18158323748226,0.602752023930799));
#952=CARTESIAN_POINT('Ctrl Pts',(1.76200638345509,-1.07420364735998,0.788058079098685));
#953=CARTESIAN_POINT('Ctrl Pts',(1.90097191444025,-0.224481440166096,0.89469064805854));
#954=CARTESIAN_POINT('Ctrl Pts',(1.89957864215768,-0.00124611988291829,
0.922649730810367));
#955=CARTESIAN_POINT('Origin',(0.,0.,15.));
#956=CARTESIAN_POINT('',(1.90060005135816,0.00158612928117897,2.42264973081037));
#957=CARTESIAN_POINT('',(1.9003515420632,-0.00159908706482449,2.07735026918962));
#958=CARTESIAN_POINT('',(1.9016,-2.32878835325861E-16,15.));
#959=CARTESIAN_POINT('Ctrl Pts',(1.9016,0.,0.577350269189626));
#960=CARTESIAN_POINT('Ctrl Pts',(1.9016,0.632174877255698,0.656715348554705));
#961=CARTESIAN_POINT('Ctrl Pts',(1.22154558205623,1.88561083101986,0.815445507284863));
#962=CARTESIAN_POINT('Ctrl Pts',(-0.925395388797114,2.04965727948839,1.0535407453801));
#963=CARTESIAN_POINT('Ctrl Pts',(-2.22177164599914,0.334381367524025,1.29163598347534));
#964=CARTESIAN_POINT('Ctrl Pts',(-1.48736506968682,-1.68476993541747,1.52973122157058));
#965=CARTESIAN_POINT('Ctrl Pts',(0.608837744531071,-2.16357381247506,1.76782645966582));
#966=CARTESIAN_POINT('Ctrl Pts',(1.78847393246707,-1.0126402766147,1.9503661422055));
#967=CARTESIAN_POINT('Ctrl Pts',(1.90189372839872,-0.19150502680965,2.0535407453801));
#968=CARTESIAN_POINT('Ctrl Pts',(1.9003515420632,-0.00159908706482427,2.07735026918962));
#969=CARTESIAN_POINT('Ctrl Pts',(1.89957864215768,-0.00124611988291829,
0.922649730810367));
#970=CARTESIAN_POINT('Ctrl Pts',(1.89705141430511,0.403675822621635,0.973364134266568));
#971=CARTESIAN_POINT('Ctrl Pts',(1.57305070388513,1.44043145848312,1.1027520239308));
#972=CARTESIAN_POINT('Ctrl Pts',(-0.123517860469498,2.23747476462774,1.31081339980306));
#973=CARTESIAN_POINT('Ctrl Pts',(-1.93679044980569,1.12704437340097,1.54683385842714));
#974=CARTESIAN_POINT('Ctrl Pts',(-2.00631490868061,-0.998078936189564,1.78285431705123));
#975=CARTESIAN_POINT('Ctrl Pts',(-0.269439514710941,-2.22460445041277,2.01887477567531));
#976=CARTESIAN_POINT('Ctrl Pts',(1.51917104276965,-1.5230570281945,2.23213991359503));
#977=CARTESIAN_POINT('Ctrl Pts',(1.89696853961428,-0.444297674767271,2.36673156530671));
#978=CARTESIAN_POINT('Ctrl Pts',(1.90060005135816,0.00158612928117915,2.42264973081037));
#979=CARTESIAN_POINT('Origin',(0.,0.,15.));
#980=CARTESIAN_POINT('',(1.90425445723539,-0.000713688488400797,3.92264973081037));
#981=CARTESIAN_POINT('',(1.89899376861566,0.000981318868877867,3.57735026918962));
#982=CARTESIAN_POINT('',(1.9016,-2.32878835325861E-16,15.));
#983=CARTESIAN_POINT('Ctrl Pts',(1.9003515420632,-0.00159908706482427,2.07735026918962));
#984=CARTESIAN_POINT('Ctrl Pts',(1.89675310728031,0.441514772339842,2.13290582474518));
#985=CARTESIAN_POINT('Ctrl Pts',(1.52154713335627,1.5231117181151,2.26782645966581));
#986=CARTESIAN_POINT('Ctrl Pts',(-0.279472733731553,2.22999662308704,2.48211217395153));
#987=CARTESIAN_POINT('Ctrl Pts',(-2.02484134650243,0.975105890278223,2.72020741204677));
#988=CARTESIAN_POINT('Ctrl Pts',(-1.91770542606548,-1.17187598519845,2.95830265014201));
#989=CARTESIAN_POINT('Ctrl Pts',(-0.0560267258368723,-2.24672086321692,
3.19639788823724));
#990=CARTESIAN_POINT('Ctrl Pts',(1.60184393406493,-1.39677409243416,3.40274709458645));
#991=CARTESIAN_POINT('Ctrl Pts',(1.89721349079154,-0.379530851221411,3.52973122157057));
#992=CARTESIAN_POINT('Ctrl Pts',(1.89899376861566,0.000981318868877815,
3.57735026918962));
#993=CARTESIAN_POINT('Ctrl Pts',(1.90060005135816,0.00158612928117915,2.42264973081037));
#994=CARTESIAN_POINT('Ctrl Pts',(1.90207785760644,0.183033944434274,2.44540505151474));
#995=CARTESIAN_POINT('Ctrl Pts',(1.79548586648661,0.990113214101485,2.54683385842714));
#996=CARTESIAN_POINT('Ctrl Pts',(0.654088456572003,2.14327331046166,2.72693615154757));
#997=CARTESIAN_POINT('Ctrl Pts',(-1.43059564115225,1.72477409728866,2.96295661017165));
#998=CARTESIAN_POINT('Ctrl Pts',(-2.22724709451303,-0.246620586019568,3.19897706879574));
#999=CARTESIAN_POINT('Ctrl Pts',(-1.0186015642814,-1.99597141496986,3.43499752741982));
#1000=CARTESIAN_POINT('Ctrl Pts',(1.10713925625101,-1.94825393550122,3.67101798604391));
#1001=CARTESIAN_POINT('Ctrl Pts',(1.88465033049981,-0.707312034442006,3.83356872050742));
#1002=CARTESIAN_POINT('Ctrl Pts',(1.90445533825527,-0.0420018381493842,
3.91744596876291));
#1003=CARTESIAN_POINT('Ctrl Pts',(1.90425445723539,-0.000713688488400924,
3.92264973081037));
#1004=CARTESIAN_POINT('Origin',(0.,0.,15.));
#1005=CARTESIAN_POINT('',(1.8989097378006,-0.000752273261652616,5.42264973081037));
#1006=CARTESIAN_POINT('',(1.9039497992129,0.00107660812137755,5.07735026918962));
#1007=CARTESIAN_POINT('',(1.9016,-2.32878835325861E-16,15.));
#1008=CARTESIAN_POINT('Ctrl Pts',(1.89899376861566,0.000981318868877815,
3.57735026918962));
#1009=CARTESIAN_POINT('Ctrl Pts',(1.90018062049841,0.254656098929101,3.60909630093565));
#1010=CARTESIAN_POINT('Ctrl Pts',(1.73480501505722,1.14103375857287,3.72020741204676));
#1011=CARTESIAN_POINT('Ctrl Pts',(0.390259330815263,2.21327342203733,3.91068360252296));
#1012=CARTESIAN_POINT('Ctrl Pts',(-1.64747250069303,1.52863105907453,4.1487788406182));
#1013=CARTESIAN_POINT('Ctrl Pts',(-2.1779201867735,-0.554566475018627,4.38687407871343));
#1014=CARTESIAN_POINT('Ctrl Pts',(-0.715772026458468,-2.13038741749263,
4.62496931680867));
#1015=CARTESIAN_POINT('Ctrl Pts',(1.33067400006042,-1.76954366219032,4.8551280469674));
#1016=CARTESIAN_POINT('Ctrl Pts',(1.90010879640565,-0.565898772215386,5.00592169776105));
#1017=CARTESIAN_POINT('Ctrl Pts',(1.9039497992129,0.00107660812137725,5.07735026918962));
#1018=CARTESIAN_POINT('Ctrl Pts',(1.90425445723539,-0.000713688488400924,
3.92264973081037));
#1019=CARTESIAN_POINT('Ctrl Pts',(1.90141830274081,0.582216303126917,3.99611945497094));
#1020=CARTESIAN_POINT('Ctrl Pts',(1.30542967698777,1.79438630196003,4.14826266533953));
#1021=CARTESIAN_POINT('Ctrl Pts',(-0.749603420093694,2.11176362358229,4.37907936191617));
#1022=CARTESIAN_POINT('Ctrl Pts',(-2.17606359935838,0.534974893733854,4.61509982054025));
#1023=CARTESIAN_POINT('Ctrl Pts',(-1.64331010337193,-1.52347721276716,4.85112027916434));
#1024=CARTESIAN_POINT('Ctrl Pts',(0.368993717924105,-2.2102702429177,5.08714073778842));
#1025=CARTESIAN_POINT('Ctrl Pts',(1.72511329381122,-1.15834482643825,5.27765055500376));
#1026=CARTESIAN_POINT('Ctrl Pts',(1.89987077124814,-0.265782918947788,5.38948688601108));
#1027=CARTESIAN_POINT('Ctrl Pts',(1.8989097378006,-0.000752273261652552,
5.42264973081037));
#1028=CARTESIAN_POINT('Origin',(0.,0.,15.));
#1029=CARTESIAN_POINT('',(1.90178358846673,0.00164816710704152,6.92264973081037));
#1030=CARTESIAN_POINT('',(1.90223441031442,-0.00167910681693695,6.57735026918962));
#1031=CARTESIAN_POINT('',(1.9016,-2.32878835325861E-16,15.));
#1032=CARTESIAN_POINT('Ctrl Pts',(1.9039497992129,0.00107660812137725,5.07735026918962));
#1033=CARTESIAN_POINT('Ctrl Pts',(1.9043765773026,0.0640738726032578,5.08528677712613));
#1034=CARTESIAN_POINT('Ctrl Pts',(1.87296244541759,0.756612989430014,5.17258836442772));
#1035=CARTESIAN_POINT('Ctrl Pts',(1.02529525285081,1.99991240407487,5.33925503109439));
#1036=CARTESIAN_POINT('Ctrl Pts',(-1.12370813858642,1.94631959174556,5.57735026918963));
#1037=CARTESIAN_POINT('Ctrl Pts',(-2.24462257243685,0.112024457583293,5.81544550728485));
#1038=CARTESIAN_POINT('Ctrl Pts',(-1.31191503450408,-1.82476269826954,6.05354074538011));
#1039=CARTESIAN_POINT('Ctrl Pts',(0.821073367396931,-2.09206082200049,6.29163598347533));
#1040=CARTESIAN_POINT('Ctrl Pts',(1.83438034700018,-0.884448590175817,6.46623915807851));
#1041=CARTESIAN_POINT('Ctrl Pts',(1.90339507029262,-0.127969313350398,6.56147725331661));
#1042=CARTESIAN_POINT('Ctrl Pts',(1.90223441031442,-0.00167910681693693,
6.57735026918962));
#1043=CARTESIAN_POINT('Ctrl Pts',(1.8989097378006,-0.000752273261652552,
5.42264973081037));
#1044=CARTESIAN_POINT('Ctrl Pts',(1.89759087481169,0.362959427322249,5.46816037221911));
#1045=CARTESIAN_POINT('Ctrl Pts',(1.62274790679355,1.35725899432654,5.59234449983588));
#1046=CARTESIAN_POINT('Ctrl Pts',(0.0229741314004969,2.24074164120387,5.79520211366067));
#1047=CARTESIAN_POINT('Ctrl Pts',(-1.85901285836225,1.25120825861802,6.03122257228476));
#1048=CARTESIAN_POINT('Ctrl Pts',(-2.06724205814717,-0.864847493318235,
6.26724303090884));
#1049=CARTESIAN_POINT('Ctrl Pts',(-0.414234805167754,-2.20223986882998,
6.50326348953294));
#1050=CARTESIAN_POINT('Ctrl Pts',(1.46106794134074,-1.6048449094602,6.7217323895001));
#1051=CARTESIAN_POINT('Ctrl Pts',(1.89742557973911,-0.484955645933562,6.86152780325925));
#1052=CARTESIAN_POINT('Ctrl Pts',(1.90178358846673,0.00164816710704127,
6.92264973081036));
#1053=CARTESIAN_POINT('Origin',(0.,0.,15.));
#1054=CARTESIAN_POINT('',(1.90338609884245,-0.00127773661716033,8.42264973081036));
#1055=CARTESIAN_POINT('',(1.89848863991189,-7.71605002114484E-14,8.07735026918962));
#1056=CARTESIAN_POINT('',(1.9016,-2.32878835325861E-16,15.));
#1057=CARTESIAN_POINT('Ctrl Pts',(1.90223441031442,-0.00167910681693693,
6.57735026918962));
#1058=CARTESIAN_POINT('Ctrl Pts',(1.89759177040159,0.503481719316985,6.64084233268168));
#1059=CARTESIAN_POINT('Ctrl Pts',(1.43127373162748,1.64766535237084,6.78369947553882));
#1060=CARTESIAN_POINT('Ctrl Pts',(-0.500097170800263,2.19106886714074,7.00592169776106));
#1061=CARTESIAN_POINT('Ctrl Pts',(-2.11188049956066,0.768661640199159,7.24401693585628));
#1062=CARTESIAN_POINT('Ctrl Pts',(-1.7914885785804,-1.35699986517524,7.48211217395154));
#1063=CARTESIAN_POINT('Ctrl Pts',(0.16794962934852,-2.24113205394337,7.72020741204677));
#1064=CARTESIAN_POINT('Ctrl Pts',(1.67276616027316,-1.2692184925488,7.91862011045947));
#1065=CARTESIAN_POINT('Ctrl Pts',(1.89848863991188,-0.31730462313725,8.03766772950708));
#1066=CARTESIAN_POINT('Ctrl Pts',(1.89848863991189,-7.68482499857726E-14,
8.07735026918962));
#1067=CARTESIAN_POINT('Ctrl Pts',(1.90178358846673,0.00164816710704127,
6.92264973081036));
#1068=CARTESIAN_POINT('Ctrl Pts',(1.90303501899052,0.141379613896189,6.94020128946728));
#1069=CARTESIAN_POINT('Ctrl Pts',(1.82561656327578,0.906072561470674,7.03642633433222));
#1070=CARTESIAN_POINT('Ctrl Pts',(0.792744750753844,2.09595006473535,7.21132486540518));
#1071=CARTESIAN_POINT('Ctrl Pts',(-1.31483143261813,1.81457135916877,7.44734532402927));
#1072=CARTESIAN_POINT('Ctrl Pts',(-2.23860227395998,-0.100552338507649,
7.68336578265335));
#1073=CARTESIAN_POINT('Ctrl Pts',(-1.14685290113643,-1.92514397820829,7.91938624127744));
#1074=CARTESIAN_POINT('Ctrl Pts',(0.977462743793347,-2.01643683217882,8.15540669990153));
#1075=CARTESIAN_POINT('Ctrl Pts',(1.86183569114137,-0.790939213293673,8.3231611964125));
#1076=CARTESIAN_POINT('Ctrl Pts',(1.90402827485573,-0.0839534338979747,
8.41224220671545));
#1077=CARTESIAN_POINT('Ctrl Pts',(1.90338609884245,-0.00127773661716041,
8.42264973081036));
#1078=CARTESIAN_POINT('Origin',(0.,0.,15.));
#1079=CARTESIAN_POINT('',(1.89861558171908,-0.000122435973606747,9.92264973081036));
#1080=CARTESIAN_POINT('',(1.90223441031442,0.00167910681680344,9.57735026918962));
#1081=CARTESIAN_POINT('',(1.9016,-2.32878835325861E-16,15.));
#1082=CARTESIAN_POINT('Ctrl Pts',(1.89848863991189,-7.68482499857726E-14,
8.07735026918962));
#1083=CARTESIAN_POINT('Ctrl Pts',(1.8984886399119,0.317304623137135,8.11703280887216));
#1084=CARTESIAN_POINT('Ctrl Pts',(1.67276616027322,1.26921849254874,8.23608042791978));
#1085=CARTESIAN_POINT('Ctrl Pts',(0.167949629348565,2.24113205394336,8.43449312633248));
#1086=CARTESIAN_POINT('Ctrl Pts',(-1.79148857858038,1.35699986517528,8.67258836442772));
#1087=CARTESIAN_POINT('Ctrl Pts',(-2.11188049956067,-0.768661640199122,
8.91068360252295));
#1088=CARTESIAN_POINT('Ctrl Pts',(-0.500097170800304,-2.19106886714073,
9.1487788406182));
#1089=CARTESIAN_POINT('Ctrl Pts',(1.43127373162742,-1.64766535237088,9.37100106284042));
#1090=CARTESIAN_POINT('Ctrl Pts',(1.89759177040155,-0.503481719317088,9.51385820569756));
#1091=CARTESIAN_POINT('Ctrl Pts',(1.90223441031442,0.00167910681680346,
9.57735026918962));
#1092=CARTESIAN_POINT('Ctrl Pts',(1.90338609884245,-0.00127773661716041,
8.42264973081036));
#1093=CARTESIAN_POINT('Ctrl Pts',(1.89917388054801,0.541016085311426,8.49091569292348));
#1094=CARTESIAN_POINT('Ctrl Pts',(1.37413105585793,1.71541425324643,8.63785514124462));
#1095=CARTESIAN_POINT('Ctrl Pts',(-0.610006380721058,2.15623355159289,8.86346807577377));
#1096=CARTESIAN_POINT('Ctrl Pts',(-2.13645428411116,0.676028111419042,9.09948853439788));
#1097=CARTESIAN_POINT('Ctrl Pts',(-1.73935067067196,-1.41283762514591,9.33550899302194));
#1098=CARTESIAN_POINT('Ctrl Pts',(0.223773164565354,-2.22965837842605,9.57152945164605));
#1099=CARTESIAN_POINT('Ctrl Pts',(1.6845739328475,-1.2423466966224,9.76724303090884));
#1100=CARTESIAN_POINT('Ctrl Pts',(1.8987948854548,-0.306859487473335,9.88428312396362));
#1101=CARTESIAN_POINT('Ctrl Pts',(1.89861558171908,-0.000122435973606665,
9.92264973081036));
#1102=CARTESIAN_POINT('Origin',(0.,0.,15.));
#1103=CARTESIAN_POINT('',(1.90297838161047,0.0014291277787592,11.4226497308104));
#1104=CARTESIAN_POINT('',(1.90394979921291,-0.00107660812149645,11.0773502691896));
#1105=CARTESIAN_POINT('',(1.9016,-2.32878835325861E-16,15.));
#1106=CARTESIAN_POINT('Ctrl Pts',(1.90223441031442,0.00167910681680346,
9.57735026918962));
#1107=CARTESIAN_POINT('Ctrl Pts',(1.90339507029263,0.127969313350294,9.59322328506263));
#1108=CARTESIAN_POINT('Ctrl Pts',(1.83438034700022,0.884448590175752,9.68846138030073));
#1109=CARTESIAN_POINT('Ctrl Pts',(0.821073367396974,2.09206082200048,9.86306455490391));
#1110=CARTESIAN_POINT('Ctrl Pts',(-1.31191503450404,1.82476269826956,10.1011597929991));
#1111=CARTESIAN_POINT('Ctrl Pts',(-2.24462257243686,-0.112024457583249,
10.3392550310944));
#1112=CARTESIAN_POINT('Ctrl Pts',(-1.12370813858646,-1.94631959174553,10.5773502691896));
#1113=CARTESIAN_POINT('Ctrl Pts',(1.02529525285076,-1.9999124040749,10.8154455072849));
#1114=CARTESIAN_POINT('Ctrl Pts',(1.87296244541756,-0.756612989430079,10.9821121739515));
#1115=CARTESIAN_POINT('Ctrl Pts',(1.9043765773026,-0.0640738726033501,11.0694137612531));
#1116=CARTESIAN_POINT('Ctrl Pts',(1.90394979921291,-0.0010766081214965,
11.0773502691896));
#1117=CARTESIAN_POINT('Ctrl Pts',(1.89861558171908,-0.000122435973606665,
9.92264973081036));
#1118=CARTESIAN_POINT('Ctrl Pts',(1.89842721025132,0.32212689349719,9.96295661017165));
#1119=CARTESIAN_POINT('Ctrl Pts',(1.66850156278605,1.27361488764068,10.081936975741));
#1120=CARTESIAN_POINT('Ctrl Pts',(0.169348111873189,2.23445119420652,10.2795908275183));
#1121=CARTESIAN_POINT('Ctrl Pts',(-1.77327835811953,1.37001271905813,10.5156112861424));
#1122=CARTESIAN_POINT('Ctrl Pts',(-2.11933781347455,-0.727913430501854,
10.7516317447665));
#1123=CARTESIAN_POINT('Ctrl Pts',(-0.55725667584989,-2.17046447410549,10.9876522033905));
#1124=CARTESIAN_POINT('Ctrl Pts',(1.39857806938436,-1.68560929832824,11.2113248654052));
#1125=CARTESIAN_POINT('Ctrl Pts',(1.89855595400443,-0.52574614739173,11.3563240412118));
#1126=CARTESIAN_POINT('Ctrl Pts',(1.90297838161047,0.00142912777875905,
11.4226497308104));
#1127=CARTESIAN_POINT('Origin',(0.,0.,15.));
#1128=CARTESIAN_POINT('',(1.90223737403238,-0.00159947927081514,12.9226497308104));
#1129=CARTESIAN_POINT('',(1.89899376861566,-0.000981318868970987,12.5773502691896));
#1130=CARTESIAN_POINT('',(1.9016,-2.32878835325861E-16,15.));
#1131=CARTESIAN_POINT('Ctrl Pts',(1.90394979921291,-0.0010766081214965,
11.0773502691896));
#1132=CARTESIAN_POINT('Ctrl Pts',(1.90010879640569,0.565898772215293,11.1487788406182));
#1133=CARTESIAN_POINT('Ctrl Pts',(1.33067400006049,1.76954366219029,11.2995724914118));
#1134=CARTESIAN_POINT('Ctrl Pts',(-0.715772026458427,2.13038741749264,11.5297312215706));
#1135=CARTESIAN_POINT('Ctrl Pts',(-2.17792018677349,0.554566475018667,11.7678264596658));
#1136=CARTESIAN_POINT('Ctrl Pts',(-1.64747250069306,-1.5286310590745,12.0059216977611));
#1137=CARTESIAN_POINT('Ctrl Pts',(0.390259330815221,-2.21327342203733,12.2440169358563));
#1138=CARTESIAN_POINT('Ctrl Pts',(1.73480501505718,-1.14103375857292,12.4344931263325));
#1139=CARTESIAN_POINT('Ctrl Pts',(1.9001806204984,-0.254656098929177,12.5456042374436));
#1140=CARTESIAN_POINT('Ctrl Pts',(1.89899376861566,-0.000981318868970935,
12.5773502691896));
#1141=CARTESIAN_POINT('Ctrl Pts',(1.90297838161047,0.00142912777875905,
11.4226497308104));
#1142=CARTESIAN_POINT('Ctrl Pts',(1.90380170115573,0.0995728955214302,11.4349975274198));
#1143=CARTESIAN_POINT('Ctrl Pts',(1.85257063810382,0.822174546240863,11.5260188102373));
#1144=CARTESIAN_POINT('Ctrl Pts',(0.928012522711346,2.03966785287432,11.6957135792628));
#1145=CARTESIAN_POINT('Ctrl Pts',(-1.19344768416266,1.89661165715507,11.9317340378869));
#1146=CARTESIAN_POINT('Ctrl Pts',(-2.24038622230597,0.0459460432472337,
12.167754496511));
#1147=CARTESIAN_POINT('Ctrl Pts',(-1.2702058553679,-1.84608767339827,12.403774955135));
#1148=CARTESIAN_POINT('Ctrl Pts',(0.843615697087185,-2.07599942950076,12.6397954137592));
#1149=CARTESIAN_POINT('Ctrl Pts',(1.83602172533339,-0.874771541852748,12.8127536723176));
#1150=CARTESIAN_POINT('Ctrl Pts',(1.90334415836847,-0.125807704955223,12.907038444668));
#1151=CARTESIAN_POINT('Ctrl Pts',(1.90223737403238,-0.00159947927081511,
12.9226497308104));
#1152=CARTESIAN_POINT('Origin',(0.,0.,15.));
#1153=CARTESIAN_POINT('',(1.89908949262322,0.00055582566437726,14.4226497308104));
#1154=CARTESIAN_POINT('',(1.9003515420632,0.0015990870647363,14.0773502691896));
#1155=CARTESIAN_POINT('',(1.9016,-2.32878835325861E-16,15.));
#1156=CARTESIAN_POINT('',(-1.42562220512352,1.25844502790497,15.));
#1157=CARTESIAN_POINT('Ctrl Pts',(1.89908949262322,0.000555825664377511,
14.4226497308104));
#1158=CARTESIAN_POINT('Ctrl Pts',(1.89992503683412,0.281164109583218,14.4577528481242));
#1159=CARTESIAN_POINT('Ctrl Pts',(1.71107112350127,1.18975002860271,14.571529451646));
#1160=CARTESIAN_POINT('Ctrl Pts',(0.311961494981252,2.21838870801401,14.7639795413759));
#1161=CARTESIAN_POINT('Ctrl Pts',(-1.01090576330042,1.72825416154437,14.921326513792));
#1162=CARTESIAN_POINT('Ctrl Pts',(-1.42562220512352,1.25844502790497,15.));
#1163=CARTESIAN_POINT('',(-1.42562220512355,-1.25844502790494,15.));
#1164=CARTESIAN_POINT('Origin',(0.,0.,15.));
#1165=CARTESIAN_POINT('Ctrl Pts',(1.9003515420632,0.00159908706473663,14.0773502691896));
#1166=CARTESIAN_POINT('Ctrl Pts',(1.90189372839873,0.191505026809578,14.1011597929992));
#1167=CARTESIAN_POINT('Ctrl Pts',(1.78847393246711,1.01264027661465,14.2043343961738));
#1168=CARTESIAN_POINT('Ctrl Pts',(0.608837744531111,2.16357381247505,14.3868740787134));
#1169=CARTESIAN_POINT('Ctrl Pts',(-1.48736506968679,1.68476993541749,14.6249693168087));
#1170=CARTESIAN_POINT('Ctrl Pts',(-2.11776226186739,-0.0484216685486539,
14.8293446239042));
#1171=CARTESIAN_POINT('Ctrl Pts',(-1.66361808306121,-0.982908796276587,
14.9543548516346));
#1172=CARTESIAN_POINT('Ctrl Pts',(-1.42326129882555,-1.25741555625765,15.));
#1173=CARTESIAN_POINT('Origin',(0.,0.,15.));
#1174=CARTESIAN_POINT('Ctrl Pts',(1.89899376861566,-0.000981318868970935,
12.5773502691896));
#1175=CARTESIAN_POINT('Ctrl Pts',(1.89721349079156,0.379530851221338,12.6249693168087));
#1176=CARTESIAN_POINT('Ctrl Pts',(1.60184393406497,1.39677409243412,12.7519534437928));
#1177=CARTESIAN_POINT('Ctrl Pts',(-0.0560267258368315,2.24672086321692,
12.958302650142));
#1178=CARTESIAN_POINT('Ctrl Pts',(-1.91770542606546,1.17187598519849,13.1963978882372));
#1179=CARTESIAN_POINT('Ctrl Pts',(-2.02484134650245,-0.975105890278182,
13.4344931263325));
#1180=CARTESIAN_POINT('Ctrl Pts',(-0.279472733731597,-2.22999662308703,
13.6725883644277));
#1181=CARTESIAN_POINT('Ctrl Pts',(1.52154713335623,-1.52311171811514,13.8868740787134));
#1182=CARTESIAN_POINT('Ctrl Pts',(1.89675310728029,-0.441514772339912,14.0217947136341));
#1183=CARTESIAN_POINT('Ctrl Pts',(1.9003515420632,0.00159908706473663,14.0773502691896));
#1184=CARTESIAN_POINT('Ctrl Pts',(1.90223737403238,-0.00159947927081511,
12.9226497308104));
#1185=CARTESIAN_POINT('Ctrl Pts',(1.89776648966096,0.500142908029659,12.985711930876));
#1186=CARTESIAN_POINT('Ctrl Pts',(1.43831053669869,1.63509256600673,13.1274476171497));
#1187=CARTESIAN_POINT('Ctrl Pts',(-0.467857076564504,2.19148123058235,13.3478567896314));
#1188=CARTESIAN_POINT('Ctrl Pts',(-2.08760615177712,0.81420138215025,13.5838772482555));
#1189=CARTESIAN_POINT('Ctrl Pts',(-1.82816026682793,-1.29617754251599,13.8198977068796));
#1190=CARTESIAN_POINT('Ctrl Pts',(0.0779884890063026,-2.23947928627914,
14.0559181655037));
#1191=CARTESIAN_POINT('Ctrl Pts',(1.63967899552186,-1.32616771389835,14.2568355068139));
#1192=CARTESIAN_POINT('Ctrl Pts',(1.89805240611119,-0.347738211466699,14.3790793619162));
#1193=CARTESIAN_POINT('Ctrl Pts',(1.89908949262322,0.000555825664377511,
14.4226497308104));
#1194=CARTESIAN_POINT('Origin',(0.,0.,0.));
#1195=CARTESIAN_POINT('',(-5.,-6.12323399573677E-16,0.));
#1196=CARTESIAN_POINT('Origin',(0.,0.,0.));
#1197=CARTESIAN_POINT('',(2.9016,0.,0.));
#1198=CARTESIAN_POINT('',(1.11746666666667,0.,0.));
#1199=CARTESIAN_POINT('Ctrl Pts',(2.9016,0.,0.));
#1200=CARTESIAN_POINT('Ctrl Pts',(2.88833944095563,0.0930523527006822,3.13057783817964E-18));
#1201=CARTESIAN_POINT('Ctrl Pts',(2.87020805209587,0.185128162715309,2.7647901196677E-18));
#1202=CARTESIAN_POINT('Ctrl Pts',(2.84744837623853,0.275951946032041,6.93889390390723E-18));
#1203=CARTESIAN_POINT('Ctrl Pts',(2.82431717351953,0.368258328459217,1.1181135375561E-17));
#1204=CARTESIAN_POINT('Ctrl Pts',(2.79640471872783,0.45927229297976,1.38777878078145E-17));
#1205=CARTESIAN_POINT('Ctrl Pts',(2.76391984127593,0.548677562092284,1.38777878078145E-17));
#1206=CARTESIAN_POINT('Ctrl Pts',(2.73356625196714,0.632217074430054,1.38777878078145E-17));
#1207=CARTESIAN_POINT('Ctrl Pts',(2.6992196240879,0.714352277757651,1.48687662682534E-17));
#1208=CARTESIAN_POINT('Ctrl Pts',(2.66102265109579,0.794794997872257,1.38777878078145E-17));
#1209=CARTESIAN_POINT('Ctrl Pts',(2.62760029972769,0.865182377972538,1.30106816549304E-17));
#1210=CARTESIAN_POINT('Ctrl Pts',(2.59122941247835,0.934273716475458,4.16333634234434E-17));
#1211=CARTESIAN_POINT('Ctrl Pts',(2.55199369938819,1.00185295628423,4.16333634234434E-17));
#1212=CARTESIAN_POINT('Ctrl Pts',(2.54325229987062,1.01690906429749,4.16333634234434E-17));
#1213=CARTESIAN_POINT('Ctrl Pts',(2.53436715194243,1.03189234177272,2.77555756156289E-17));
#1214=CARTESIAN_POINT('Ctrl Pts',(2.52535171157198,1.0467800085508,2.77555756156289E-17));
#1215=CARTESIAN_POINT('Ctrl Pts',(2.47798099809907,1.12500573777153,2.77555756156289E-17));
#1216=CARTESIAN_POINT('Ctrl Pts',(2.42694854389966,1.2007139670878,1.96350403787549E-17));
#1217=CARTESIAN_POINT('Ctrl Pts',(2.37244781504779,1.2736190412255,2.77555756156289E-17));
#1218=CARTESIAN_POINT('Ctrl Pts',(2.31854132958095,1.34572920199316,3.5787569388029E-17));
#1219=CARTESIAN_POINT('Ctrl Pts',(2.2612410238769,1.41509753168166,1.57075849570288E-17));
#1220=CARTESIAN_POINT('Ctrl Pts',(2.20070727192277,1.48140473429396,2.77555756156289E-17));
#1221=CARTESIAN_POINT('Ctrl Pts',(2.14256267836517,1.54509491078846,3.93280537359488E-17));
#1222=CARTESIAN_POINT('Ctrl Pts',(2.08143414220589,1.60596100541418,1.31062892664598E-16));
#1223=CARTESIAN_POINT('Ctrl Pts',(2.01744959745271,1.66367554178632,1.38777878078145E-16));
#1224=CARTESIAN_POINT('Ctrl Pts',(1.98917123010345,1.68918283995059,1.42187563846169E-16));
#1225=CARTESIAN_POINT('Ctrl Pts',(1.96033488211989,1.71407394558489,1.12300934625525E-16));
#1226=CARTESIAN_POINT('Ctrl Pts',(1.93095117495705,1.73831752546127,1.11022302462516E-16));
#1227=CARTESIAN_POINT('Ctrl Pts',(1.91188664813533,1.75404707164298,1.1019270948326E-16));
#1228=CARTESIAN_POINT('Ctrl Pts',(1.89259170219938,1.76950399733211,1.36565630133463E-16));
#1229=CARTESIAN_POINT('Ctrl Pts',(1.87306922042479,1.78467929151533,1.38777878078145E-16));
#1230=CARTESIAN_POINT('Ctrl Pts',(1.86299801402468,1.79250788224812,1.39919126712225E-16));
#1231=CARTESIAN_POINT('Ctrl Pts',(1.85286897356781,1.8002593495763,1.09738397749175E-16));
#1232=CARTESIAN_POINT('Ctrl Pts',(1.84268919783135,1.80792772329399,1.11022302462516E-16));
#1233=CARTESIAN_POINT('Ctrl Pts',(1.77481713351248,1.85905540701343,1.19582536552059E-16));
#1234=CARTESIAN_POINT('Ctrl Pts',(1.7046044542461,1.90656086151053,1.2926650686754E-16));
#1235=CARTESIAN_POINT('Ctrl Pts',(1.63219533860929,1.95016764858539,1.38777878078145E-16));
#1236=CARTESIAN_POINT('Ctrl Pts',(1.56130642763818,1.99285892605095,1.48089561296921E-16));
#1237=CARTESIAN_POINT('Ctrl Pts',(1.48831169751134,2.03181374570458,1.00027756640685E-16));
#1238=CARTESIAN_POINT('Ctrl Pts',(1.413336421516,2.0667236515122,8.32667268468867E-17));
#1239=CARTESIAN_POINT('Ctrl Pts',(1.40001752740211,2.07292518038695,8.0289233558604E-17));
#1240=CARTESIAN_POINT('Ctrl Pts',(1.38663612050538,2.07899893040592,1.90980703433533E-16));
#1241=CARTESIAN_POINT('Ctrl Pts',(1.3731928923047,2.08494299807398,1.94289029309402E-16));
#1242=CARTESIAN_POINT('Ctrl Pts',(1.29477463846566,2.11961647086432,2.14552376116109E-16));
#1243=CARTESIAN_POINT('Ctrl Pts',(1.21425140903461,2.1498811483708,1.62673768587734E-16));
#1244=CARTESIAN_POINT('Ctrl Pts',(1.13202026784337,2.17568324907738,1.66533453693773E-16));
#1245=CARTESIAN_POINT('Ctrl Pts',(1.09863258986897,2.18615947763234,1.68100571959873E-16));
#1246=CARTESIAN_POINT('Ctrl Pts',(1.06496356100675,2.19589947191691,1.20425012059113E-16));
#1247=CARTESIAN_POINT('Ctrl Pts',(1.03104086432895,2.2048973984853,1.11022302462516E-16));
#1248=CARTESIAN_POINT('Ctrl Pts',(1.01546539700989,2.20902875963669,1.06705086840675E-16));
#1249=CARTESIAN_POINT('Ctrl Pts',(0.999834212713614,2.213004101217,1.65634033772557E-16));
#1250=CARTESIAN_POINT('Ctrl Pts',(0.984172274437549,2.21681769500974,1.66533453693773E-16));
#1251=CARTESIAN_POINT('Ctrl Pts',(0.903851572944727,2.23637533361373,1.71146039807661E-16));
#1252=CARTESIAN_POINT('Ctrl Pts',(0.82259625369447,2.25171793732503,1.03642164680295E-16));
#1253=CARTESIAN_POINT('Ctrl Pts',(0.740763689209373,2.26286331894045,1.11022302462516E-16));
#1254=CARTESIAN_POINT('Ctrl Pts',(0.659641274804594,2.27391197996915,1.18338394770031E-16));
#1255=CARTESIAN_POINT('Ctrl Pts',(0.577950545685061,2.28083557450305,1.79336615231925E-16));
#1256=CARTESIAN_POINT('Ctrl Pts',(0.49605415530979,2.2836030028811,1.66533453693773E-16));
#1257=CARTESIAN_POINT('Ctrl Pts',(0.415899790505153,2.28631156503835,1.54002629369536E-16));
#1258=CARTESIAN_POINT('Ctrl Pts',(0.335547595087973,2.28503844859793,1.96982956276556E-16));
#1259=CARTESIAN_POINT('Ctrl Pts',(0.255365165062511,2.27971405012085,2.22044604925031E-16));
#1260=CARTESIAN_POINT('Ctrl Pts',(0.222580256988205,2.27753701564377,2.32291785596282E-16));
#1261=CARTESIAN_POINT('Ctrl Pts',(0.18982412400891,2.27468224036907,2.24972370831103E-16));
#1262=CARTESIAN_POINT('Ctrl Pts',(0.15712373506928,2.27114321848325,2.22044604925031E-16));
#1263=CARTESIAN_POINT('Ctrl Pts',(0.143763252980903,2.269697271201,2.20848400071956E-16));
#1264=CARTESIAN_POINT('Ctrl Pts',(0.130412090279257,2.2681370903918,1.13115660955397E-16));
#1265=CARTESIAN_POINT('Ctrl Pts',(0.117072146466225,2.26646218690757,1.11022302462516E-16));
#1266=CARTESIAN_POINT('Ctrl Pts',(0.103138849599035,2.26471278467645,1.08835832583813E-16));
#1267=CARTESIAN_POINT('Ctrl Pts',(0.0892247196215378,2.26283904849444,1.71531099130807E-16));
#1268=CARTESIAN_POINT('Ctrl Pts',(0.0753398204798296,2.26084204746601,1.66533453693773E-16));
#1269=CARTESIAN_POINT('Ctrl Pts',(-0.00550615289462657,2.24921434384889,
1.37434249888704E-16));
#1270=CARTESIAN_POINT('Ctrl Pts',(-0.0854506626422525,2.23340115872853,
1.12841002700333E-16));
#1271=CARTESIAN_POINT('Ctrl Pts',(-0.164120430452466,2.21337914216634,1.11022302462516E-16));
#1272=CARTESIAN_POINT('Ctrl Pts',(-0.236947152496039,2.1948442223933,1.09338682688531E-16));
#1273=CARTESIAN_POINT('Ctrl Pts',(-0.30868186569416,2.17270158849582,1.74951552563698E-16));
#1274=CARTESIAN_POINT('Ctrl Pts',(-0.378994860137491,2.1468954598727,1.66533453693773E-16));
#1275=CARTESIAN_POINT('Ctrl Pts',(-0.447940149298109,2.12159130359087,1.58279100919232E-16));
#1276=CARTESIAN_POINT('Ctrl Pts',(-0.515519010975123,2.09276435748609,2.62697921162115E-16));
#1277=CARTESIAN_POINT('Ctrl Pts',(-0.581380038774171,2.06033350647393,2.77555756156289E-16));
#1278=CARTESIAN_POINT('Ctrl Pts',(-0.608308091048877,2.04707377335782,2.83630555939748E-16));
#1279=CARTESIAN_POINT('Ctrl Pts',(-0.634948456549834,2.03321128354907,1.67883409201209E-16));
#1280=CARTESIAN_POINT('Ctrl Pts',(-0.661274816117428,2.01873933682411,1.66533453693773E-16));
#1281=CARTESIAN_POINT('Ctrl Pts',(-0.677299093165466,2.00993058059826,1.6571176541598E-16));
#1282=CARTESIAN_POINT('Ctrl Pts',(-0.693210278194909,2.00089392941742,1.08968081768032E-16));
#1283=CARTESIAN_POINT('Ctrl Pts',(-0.708979187680258,1.99164174977967,1.11022302462516E-16));
#1284=CARTESIAN_POINT('Ctrl Pts',(-0.74873454361469,1.96831586950815,1.16201244922231E-16));
#1285=CARTESIAN_POINT('Ctrl Pts',(-0.78761508724206,1.94360532130971,2.84806275599891E-16));
#1286=CARTESIAN_POINT('Ctrl Pts',(-0.825538144263338,1.9174964220587,2.77555756156289E-16));
#1287=CARTESIAN_POINT('Ctrl Pts',(-0.886918877281376,1.87523760907794,2.67496842891236E-16));
#1288=CARTESIAN_POINT('Ctrl Pts',(-0.94579397119549,1.82931555998381,1.52934441066905E-16));
#1289=CARTESIAN_POINT('Ctrl Pts',(-1.00193561350881,1.78003106137355,1.11022302462516E-16));
#1290=CARTESIAN_POINT('Ctrl Pts',(-1.02807475623638,1.75708455517338,9.15083137750496E-17));
#1291=CARTESIAN_POINT('Ctrl Pts',(-1.05362060232548,1.73340896308642,1.26633493412489E-16));
#1292=CARTESIAN_POINT('Ctrl Pts',(-1.07854610100905,1.70903424229445,1.11022302462516E-16));
#1293=CARTESIAN_POINT('Ctrl Pts',(-1.08919059706418,1.69862495730445,1.04355504634613E-16));
#1294=CARTESIAN_POINT('Ctrl Pts',(-1.09972192488439,1.68808817061083,2.1804452622829E-16));
#1295=CARTESIAN_POINT('Ctrl Pts',(-1.11013782775014,1.67742622833873,2.22044604925031E-16));
#1296=CARTESIAN_POINT('Ctrl Pts',(-1.12113566569377,1.66616860480055,2.26268167475058E-16));
#1297=CARTESIAN_POINT('Ctrl Pts',(-1.13199958005363,1.65477674284498,1.26156734933446E-16));
#1298=CARTESIAN_POINT('Ctrl Pts',(-1.14272297964404,1.64325854249093,1.11022302462516E-16));
#1299=CARTESIAN_POINT('Ctrl Pts',(-1.1911020875147,1.59129365461123,4.27426179371506E-17));
#1300=CARTESIAN_POINT('Ctrl Pts',(-1.23665552072201,1.536726823369,1.96768883029253E-16));
#1301=CARTESIAN_POINT('Ctrl Pts',(-1.27918221023297,1.47983360986125,1.11022302462516E-16));
#1302=CARTESIAN_POINT('Ctrl Pts',(-1.32076331312126,1.42420542455654,2.71823085700699E-17));
#1303=CARTESIAN_POINT('Ctrl Pts',(-1.35945077643819,1.36635211349944,4.65777743846921E-17));
#1304=CARTESIAN_POINT('Ctrl Pts',(-1.39500728739232,1.30653497216637,0.));
#1305=CARTESIAN_POINT('Ctrl Pts',(-1.40469689643029,1.29023402762111,-1.26930458454845E-17));
#1306=CARTESIAN_POINT('Ctrl Pts',(-1.41415370283246,1.27378731325362,1.05521982596139E-16));
#1307=CARTESIAN_POINT('Ctrl Pts',(-1.42337225187039,1.25720031917731,1.11022302462516E-16));
#1308=CARTESIAN_POINT('Ctrl Pts',(2.9016,0.,0.));
#1309=CARTESIAN_POINT('Ctrl Pts',(2.9016,0.956212787138748,0.0786734862080284));
#1310=CARTESIAN_POINT('Ctrl Pts',(1.88325348539802,2.85272330605795,0.236020458624085));
#1311=CARTESIAN_POINT('Ctrl Pts',(-1.35347370696849,3.14229144185868,0.47204091724817));
#1312=CARTESIAN_POINT('Ctrl Pts',(-3.36584664153715,0.596742077604824,0.708061375872255));
#1313=CARTESIAN_POINT('Ctrl Pts',(-2.3506304635394,-2.48307992472502,0.944081834496341));
#1314=CARTESIAN_POINT('Ctrl Pts',(0.782433310741003,-3.32881884827437,1.18010229312043));
#1315=CARTESIAN_POINT('Ctrl Pts',(3.21027537262445,-1.17665700240163,1.41612275174451));
#1316=CARTESIAN_POINT('Ctrl Pts',(2.74814893353595,2.03448541056903,1.6521432103686));
#1317=CARTESIAN_POINT('Ctrl Pts',(-0.188472562020557,3.41410221762929,1.88816366899268));
#1318=CARTESIAN_POINT('Ctrl Pts',(-2.95529615542501,1.71972652180283,2.12418412761677));
#1319=CARTESIAN_POINT('Ctrl Pts',(-3.06138164652274,-1.52294164979367,2.36020458624085));
#1320=CARTESIAN_POINT('Ctrl Pts',(-0.411130466914846,-3.3944637533223,2.59622504486494));
#1321=CARTESIAN_POINT('Ctrl Pts',(2.6092659457938,-2.20977248078628,2.83224550348902));
#1322=CARTESIAN_POINT('Ctrl Pts',(3.28042385275969,0.964473822400721,3.06826596211311));
#1323=CARTESIAN_POINT('Ctrl Pts',(0.998055882198848,3.2703627669518,3.30428642073719));
#1324=CARTESIAN_POINT('Ctrl Pts',(-2.18290718992816,2.63178613835337,3.54030687936128));
#1325=CARTESIAN_POINT('Ctrl Pts',(-3.39849609246898,-0.376311680897335,
3.77632733798536));
#1326=CARTESIAN_POINT('Ctrl Pts',(-1.55425657284335,-3.04559878927037,4.01234779660945));
#1327=CARTESIAN_POINT('Ctrl Pts',(1.68935384199512,-2.97278797815016,4.24836825523353));
#1328=CARTESIAN_POINT('Ctrl Pts',(3.41195871378171,-0.223434772558838,4.48438871385762));
#1329=CARTESIAN_POINT('Ctrl Pts',(2.06261462009336,2.72708748362418,4.72040917248171));
#1330=CARTESIAN_POINT('Ctrl Pts',(-1.14379958127043,3.2222829881081,4.95642963110579));
#1331=CARTESIAN_POINT('Ctrl Pts',(-3.32039658177234,0.816303718793728,5.19245008972987));
#1332=CARTESIAN_POINT('Ctrl Pts',(-2.50748243371055,-2.32463266752482,5.42847054835396));
#1333=CARTESIAN_POINT('Ctrl Pts',(0.563037532566566,-3.37259157385885,5.66449100697805));
#1334=CARTESIAN_POINT('Ctrl Pts',(3.12662800339698,-1.3840457098653,5.90051146560213));
#1335=CARTESIAN_POINT('Ctrl Pts',(2.87516641256441,1.85062240720519,6.13653192422622));
#1336=CARTESIAN_POINT('Ctrl Pts',(0.0350556056329865,3.41908705622483,6.3725523828503));
#1337=CARTESIAN_POINT('Ctrl Pts',(-2.83661743259566,1.90918483551013,6.60857284147439));
#1338=CARTESIAN_POINT('Ctrl Pts',(-3.15434873575926,-1.31964739514734,6.84459330009847));
#1339=CARTESIAN_POINT('Ctrl Pts',(-0.632069683779319,-3.36033824326729,
7.08061375872256));
#1340=CARTESIAN_POINT('Ctrl Pts',(2.45929179939142,-2.37555657477431,7.31663421734664));
#1341=CARTESIAN_POINT('Ctrl Pts',(3.33643578092925,0.74805178573734,7.55265467597072));
#1342=CARTESIAN_POINT('Ctrl Pts',(1.20962777071274,3.19815350643463,7.78867513459481));
#1343=CARTESIAN_POINT('Ctrl Pts',(-2.00626571565248,2.76880535115908,8.0246955932189));
#1344=CARTESIAN_POINT('Ctrl Pts',(-3.41582265361921,-0.153430093297115,
8.26071605184299));
#1345=CARTESIAN_POINT('Ctrl Pts',(-1.74995181843578,-2.93752511946212,8.49673651046706));
#1346=CARTESIAN_POINT('Ctrl Pts',(1.49148395950293,-3.07682641578148,8.73275696909116));
#1347=CARTESIAN_POINT('Ctrl Pts',(3.39006571463407,-0.445914392580063,8.96877742771524));
#1348=CARTESIAN_POINT('Ctrl Pts',(2.23640989486535,2.58647558961587,9.20479788633932));
#1349=CARTESIAN_POINT('Ctrl Pts',(-0.930792235117912,3.29013844830771,9.44081834496341));
#1350=CARTESIAN_POINT('Ctrl Pts',(-3.2599577991044,1.03153300804243,9.67683880358749));
#1351=CARTESIAN_POINT('Ctrl Pts',(-2.65402813736945,-2.15581071367446,9.91285926221158));
#1352=CARTESIAN_POINT('Ctrl Pts',(0.341449418543772,-3.40217540536444,10.1488797208357));
#1353=CARTESIAN_POINT('Ctrl Pts',(3.02950381413925,-1.58539959053788,10.3849001794598));
#1354=CARTESIAN_POINT('Ctrl Pts',(2.9899516649966,1.65878695996482,10.6209206380838));
#1355=CARTESIAN_POINT('Ctrl Pts',(0.258403702887698,3.40948863331386,10.8569410967079));
#1356=CARTESIAN_POINT('Ctrl Pts',(-2.70579747787107,2.09046534792757,11.092961555332));
#1357=CARTESIAN_POINT('Ctrl Pts',(-3.23384023957601,-1.11070341288609,11.3289820139561));
#1358=CARTESIAN_POINT('Ctrl Pts',(-0.850302887382227,-3.31185302801036,
11.5650024725802));
#1359=CARTESIAN_POINT('Ctrl Pts',(2.29880307618925,-2.53118363391705,11.8010229312043));
#1360=CARTESIAN_POINT('Ctrl Pts',(3.37818633887537,0.528430825846509,12.0370433898283));
#1361=CARTESIAN_POINT('Ctrl Pts',(1.41602920482711,3.11227400184062,12.2730638484524));
#1362=CARTESIAN_POINT('Ctrl Pts',(-1.82104953742446,2.89398842259211,12.5090843070765));
#1363=CARTESIAN_POINT('Ctrl Pts',(-3.41854473214294,0.0701078245089276,
12.7451047657006));
#1364=CARTESIAN_POINT('Ctrl Pts',(-1.93817275448858,-2.81689524249707,12.9811252243247));
#1365=CARTESIAN_POINT('Ctrl Pts',(1.28725037161768,-3.16771137181289,13.2171456829488));
#1366=CARTESIAN_POINT('Ctrl Pts',(3.35365855732496,-0.66649002763954,13.4531661415728));
#1367=CARTESIAN_POINT('Ctrl Pts',(2.40068922486746,2.43481151316916,13.6891866001969));
#1368=CARTESIAN_POINT('Ctrl Pts',(-0.713890457172679,3.34392192819612,13.925207058821));
#1369=CARTESIAN_POINT('Ctrl Pts',(-3.18542175536206,1.24236786413924,14.1612275174451));
#1370=CARTESIAN_POINT('Ctrl Pts',(-2.78954029776395,-1.97780224935023,14.3972479760692));
#1371=CARTESIAN_POINT('Ctrl Pts',(0.119000525715548,-3.41716086299303,14.6332684346933));
#1372=CARTESIAN_POINT('Ctrl Pts',(2.91827556358816,-1.78008214880528,14.8692888933174));
#1373=CARTESIAN_POINT('Ctrl Pts',(3.09420656917361,1.46005900165582,15.1053093519415));
#1374=CARTESIAN_POINT('Ctrl Pts',(0.476013606351286,3.38497932013749,15.3413298105655));
#1375=CARTESIAN_POINT('Ctrl Pts',(-1.54251375830484,2.63709627426227,15.4986767829816));
#1376=CARTESIAN_POINT('Ctrl Pts',(-2.17531835842786,1.92022722600393,15.5773502691896));
#1377=CARTESIAN_POINT('Ctrl Pts',(2.56826666666667,0.,-0.192450089729875));
#1378=CARTESIAN_POINT('Ctrl Pts',(2.56826666666667,0.846363877670552,-0.113776603521847));
#1379=CARTESIAN_POINT('Ctrl Pts',(1.66690693115231,2.52500488563956,0.0435703688942102));
#1380=CARTESIAN_POINT('Ctrl Pts',(-1.19798780183931,2.7813076809614,0.279590827518295));
#1381=CARTESIAN_POINT('Ctrl Pts',(-2.97918104996271,0.528188856668694,0.515611286142381));
#1382=CARTESIAN_POINT('Ctrl Pts',(-2.08059204065324,-2.19782582069908,0.751631744766465));
#1383=CARTESIAN_POINT('Ctrl Pts',(0.69254803931133,-2.94640697801034,0.987652203390551));
#1384=CARTESIAN_POINT('Ctrl Pts',(2.84148167574176,-1.0414836494927,1.22367266201464));
#1385=CARTESIAN_POINT('Ctrl Pts',(2.43244392784531,1.80076546173976,1.45969312063872));
#1386=CARTESIAN_POINT('Ctrl Pts',(-0.166820994836869,3.02189306662877,1.6957135792628));
#1387=CARTESIAN_POINT('Ctrl Pts',(-2.61579425355191,1.52216580566888,1.93173403788689));
#1388=CARTESIAN_POINT('Ctrl Pts',(-2.70969273390869,-1.34798741192563,2.16775449651098));
#1389=CARTESIAN_POINT('Ctrl Pts',(-0.363900149513547,-3.00451065235245,
2.40377495513506));
#1390=CARTESIAN_POINT('Ctrl Pts',(2.30951569928684,-1.95591570282627,2.63979541375915));
#1391=CARTESIAN_POINT('Ctrl Pts',(2.90357155830609,0.853675892247159,2.87581587238323));
#1392=CARTESIAN_POINT('Ctrl Pts',(0.883400073656565,2.89466628145509,3.11183633100732));
#1393=CARTESIAN_POINT('Ctrl Pts',(-1.93213667366952,2.3294487913318,3.3478567896314));
#1394=CARTESIAN_POINT('Ctrl Pts',(-3.008079759817,-0.33308131593808,3.58387724825549));
#1395=CARTESIAN_POINT('Ctrl Pts',(-1.3757049033227,-2.69572299783687,3.81989770687958));
#1396=CARTESIAN_POINT('Ctrl Pts',(1.49528231341375,-2.63127663060051,4.05591816550365));
#1397=CARTESIAN_POINT('Ctrl Pts',(3.01999580667509,-0.197766776446481,4.29193862412775));
#1398=CARTESIAN_POINT('Ctrl Pts',(1.82566321166429,2.41380199933687,4.52795908275182));
#1399=CARTESIAN_POINT('Ctrl Pts',(-1.01240086087819,2.8521098665995,4.76397954137592));
#1400=CARTESIAN_POINT('Ctrl Pts',(-2.93895225430102,0.722527443773769,4.99999999999999));
#1401=CARTESIAN_POINT('Ctrl Pts',(-2.21942499026434,-2.05758084927227,5.2360204586241));
#1402=CARTESIAN_POINT('Ctrl Pts',(0.498356261019079,-2.9851511302118,5.47204091724816));
#1403=CARTESIAN_POINT('Ctrl Pts',(2.76744364495141,-1.22504771911705,5.70806137587227));
#1404=CARTESIAN_POINT('Ctrl Pts',(2.54486974721145,1.63802448339245,5.94408183449633));
#1405=CARTESIAN_POINT('Ctrl Pts',(0.0310284475554906,3.02630525121784,6.18010229312044));
#1406=CARTESIAN_POINT('Ctrl Pts',(-2.51074924118453,1.68985930987943,6.4161227517445));
#1407=CARTESIAN_POINT('Ctrl Pts',(-2.7919798432219,-1.16804742787097,6.65214321036861));
#1408=CARTESIAN_POINT('Ctrl Pts',(-0.559458057575467,-2.97430545178819,
6.88816366899267));
#1409=CARTESIAN_POINT('Ctrl Pts',(2.1767704549158,-2.10265466148804,7.12418412761677));
#1410=CARTESIAN_POINT('Ctrl Pts',(2.95314888393802,0.662116234577365,7.36020458624085));
#1411=CARTESIAN_POINT('Ctrl Pts',(1.07066676405978,2.83075235920154,7.59622504486494));
#1412=CARTESIAN_POINT('Ctrl Pts',(-1.7757876213077,2.45072735382898,7.83224550348902));
#1413=CARTESIAN_POINT('Ctrl Pts',(-3.02341586039947,-0.135804175033958,
8.06826596211311));
#1414=CARTESIAN_POINT('Ctrl Pts',(-1.54891884600266,-2.60006473904418,8.30428642073718));
#1415=CARTESIAN_POINT('Ctrl Pts',(1.3201435542664,-2.72336322124726,8.54030687936129));
#1416=CARTESIAN_POINT('Ctrl Pts',(3.00061785659781,-0.39468812746426,8.77632733798535));
#1417=CARTESIAN_POINT('Ctrl Pts',(1.979493033494,2.28934347978959,9.01234779660945));
#1418=CARTESIAN_POINT('Ctrl Pts',(-0.823863616985627,2.91217014940277,9.24836825523353));
#1419=CARTESIAN_POINT('Ctrl Pts',(-2.88545662743999,0.913031375834637,9.48438871385762));
#1420=CARTESIAN_POINT('Ctrl Pts',(-2.34913564847029,-1.90815301749828,9.7204091724817));
#1421=CARTESIAN_POINT('Ctrl Pts',(0.302224000550967,-3.01133639638497,9.9564296311058));
#1422=CARTESIAN_POINT('Ctrl Pts',(2.681476999722,-1.4032702377052,10.1924500897299));
#1423=CARTESIAN_POINT('Ctrl Pts',(2.6464685677403,1.46822692872173,10.428470548354));
#1424=CARTESIAN_POINT('Ctrl Pts',(0.228718505882862,3.01780948694475,10.664491006978));
#1425=CARTESIAN_POINT('Ctrl Pts',(-2.39495777128722,1.85031447163775,10.9005114656021));
#1426=CARTESIAN_POINT('Ctrl Pts',(-2.86233943087552,-0.983106752091343,
11.1365319242262));
#1427=CARTESIAN_POINT('Ctrl Pts',(-0.752620816871447,-2.93139017670873,
11.3725523828503));
#1428=CARTESIAN_POINT('Ctrl Pts',(2.03471853936023,-2.240403416805,11.6085728414744));
#1429=CARTESIAN_POINT('Ctrl Pts',(2.99010317339479,0.467725143252249,11.8445933000985));
#1430=CARTESIAN_POINT('Ctrl Pts',(1.25335697745519,2.75473861885185,12.0806137587226));
#1431=CARTESIAN_POINT('Ctrl Pts',(-1.61184891967053,2.56152950077976,12.3166342173466));
#1432=CARTESIAN_POINT('Ctrl Pts',(-3.02582522886395,0.0620538974216949,
12.5526546759707));
#1433=CARTESIAN_POINT('Ctrl Pts',(-1.71551712144835,-2.49329271946414,12.7886751345948));
#1434=CARTESIAN_POINT('Ctrl Pts',(1.13937214677418,-2.80380739104218,13.0246955932189));
#1435=CARTESIAN_POINT('Ctrl Pts',(2.96839312247006,-0.589924221688851,13.260716051843));
#1436=CARTESIAN_POINT('Ctrl Pts',(2.12490009417319,2.15510244309642,13.4967365104671));
#1437=CARTESIAN_POINT('Ctrl Pts',(-0.631879330303289,2.95977502899153,13.7327569690912));
#1438=CARTESIAN_POINT('Ctrl Pts',(-2.81948322083374,1.09964570347624,13.9687774277152));
#1439=CARTESIAN_POINT('Ctrl Pts',(-2.46908028745195,-1.75059401373881,14.2047978863393));
#1440=CARTESIAN_POINT('Ctrl Pts',(0.105329846812467,-3.02460033742173,14.4408183449634));
#1441=CARTESIAN_POINT('Ctrl Pts',(2.58302655573179,-1.57558782971635,14.6768388035875));
#1442=CARTESIAN_POINT('Ctrl Pts',(2.73874675744059,1.29232866877559,14.9128592622116));
#1443=CARTESIAN_POINT('Ctrl Pts',(0.42132956922794,2.99611578276299,15.1488797208357));
#1444=CARTESIAN_POINT('Ctrl Pts',(-1.36531109330337,2.3341489033563,15.3062266932517));
#1445=CARTESIAN_POINT('Ctrl Pts',(-1.92541964065974,1.69963315997094,15.3849001794598));
#1446=CARTESIAN_POINT('Ctrl Pts',(2.23493333333333,0.,-0.384900179459751));
#1447=CARTESIAN_POINT('Ctrl Pts',(2.23493333333333,0.736514968202358,-0.306226693251722));
#1448=CARTESIAN_POINT('Ctrl Pts',(1.45056037690661,2.19728646522118,-0.148879720835665));
#1449=CARTESIAN_POINT('Ctrl Pts',(-1.04250189671013,2.42032392006411,0.0871407377884199));
#1450=CARTESIAN_POINT('Ctrl Pts',(-2.59251545838827,0.459635635732564,0.323161196412505));
#1451=CARTESIAN_POINT('Ctrl Pts',(-1.81055361776709,-1.91257171667313,0.55918165503659));
#1452=CARTESIAN_POINT('Ctrl Pts',(0.602662767881662,-2.5639951077463,0.795202113660675));
#1453=CARTESIAN_POINT('Ctrl Pts',(2.47268797885906,-0.906310296583775,1.03122257228476));
#1454=CARTESIAN_POINT('Ctrl Pts',(2.11673892215466,1.56704551291049,1.26724303090884));
#1455=CARTESIAN_POINT('Ctrl Pts',(-0.145169427653185,2.62968391562826,1.50326348953293));
#1456=CARTESIAN_POINT('Ctrl Pts',(-2.2762923516788,1.32460508953493,1.73928394815702));
#1457=CARTESIAN_POINT('Ctrl Pts',(-2.35800382129465,-1.1730331740576,1.9753044067811));
#1458=CARTESIAN_POINT('Ctrl Pts',(-0.316669832112243,-2.61455755138261,
2.21132486540519));
#1459=CARTESIAN_POINT('Ctrl Pts',(2.00976545277988,-1.70205892486626,2.44734532402927));
#1460=CARTESIAN_POINT('Ctrl Pts',(2.52671926385249,0.742877962093599,2.68336578265336));
#1461=CARTESIAN_POINT('Ctrl Pts',(0.768744265114283,2.51896979595837,2.91938624127744));
#1462=CARTESIAN_POINT('Ctrl Pts',(-1.68136615741089,2.02711144431023,3.15540669990153));
#1463=CARTESIAN_POINT('Ctrl Pts',(-2.61766342716502,-0.289850950978824,
3.39142715852561));
#1464=CARTESIAN_POINT('Ctrl Pts',(-1.19715323380205,-2.34584720640336,3.6274476171497));
#1465=CARTESIAN_POINT('Ctrl Pts',(1.30121078483238,-2.28976528305087,3.86346807577378));
#1466=CARTESIAN_POINT('Ctrl Pts',(2.62803289956847,-0.172098780334124,4.09948853439787));
#1467=CARTESIAN_POINT('Ctrl Pts',(1.58871180323522,2.10051651504955,4.33550899302195));
#1468=CARTESIAN_POINT('Ctrl Pts',(-0.881002140485938,2.48193674509089,4.57152945164604));
#1469=CARTESIAN_POINT('Ctrl Pts',(-2.55750792682971,0.628751168753811,4.80754991027012));
#1470=CARTESIAN_POINT('Ctrl Pts',(-1.93136754681813,-1.79052903101971,5.04357036889421));
#1471=CARTESIAN_POINT('Ctrl Pts',(0.433674989471589,-2.59771068656475,5.27959082751829));
#1472=CARTESIAN_POINT('Ctrl Pts',(2.40825928650584,-1.06604972836881,5.51561128614238));
#1473=CARTESIAN_POINT('Ctrl Pts',(2.2145730818585,1.4254265595797,5.75163174476647));
#1474=CARTESIAN_POINT('Ctrl Pts',(0.0270012894779953,2.63352344621085,5.98765220339055));
#1475=CARTESIAN_POINT('Ctrl Pts',(-2.18488104977339,1.47053378424873,6.22367266201464));
#1476=CARTESIAN_POINT('Ctrl Pts',(-2.42961095068453,-1.01644746059461,6.45969312063872));
#1477=CARTESIAN_POINT('Ctrl Pts',(-0.486846431371612,-2.58827266030909,
6.69571357926281));
#1478=CARTESIAN_POINT('Ctrl Pts',(1.89424911044017,-1.82975274820177,6.93173403788688));
#1479=CARTESIAN_POINT('Ctrl Pts',(2.56986198694679,0.576180683417393,7.16775449651098));
#1480=CARTESIAN_POINT('Ctrl Pts',(0.931705757406813,2.46335121196844,7.40377495513505));
#1481=CARTESIAN_POINT('Ctrl Pts',(-1.54530952696292,2.13264935649888,7.63979541375915));
#1482=CARTESIAN_POINT('Ctrl Pts',(-2.63100906717973,-0.118178256770806,
7.87581587238322));
#1483=CARTESIAN_POINT('Ctrl Pts',(-1.34788587356955,-2.26260435862623,8.11183633100733));
#1484=CARTESIAN_POINT('Ctrl Pts',(1.14880314902987,-2.36990002671304,8.34785678963139));
#1485=CARTESIAN_POINT('Ctrl Pts',(2.61116999856154,-0.343461862348451,8.58387724825549));
#1486=CARTESIAN_POINT('Ctrl Pts',(1.72257617212265,1.9922113699633,8.81989770687957));
#1487=CARTESIAN_POINT('Ctrl Pts',(-0.716934998853342,2.53420185049783,9.05591816550365));
#1488=CARTESIAN_POINT('Ctrl Pts',(-2.51095545577557,0.794529743626839,9.29193862412775));
#1489=CARTESIAN_POINT('Ctrl Pts',(-2.04424315957112,-1.66049532132209,9.52795908275183));
#1490=CARTESIAN_POINT('Ctrl Pts',(0.262998582558161,-2.62049738740551,9.76397954137592));
#1491=CARTESIAN_POINT('Ctrl Pts',(2.33345018530475,-1.22114088487253,9.99999999999999));
#1492=CARTESIAN_POINT('Ctrl Pts',(2.30298547048401,1.27766689747865,10.2360204586241));
#1493=CARTESIAN_POINT('Ctrl Pts',(0.199033308878025,2.62613034057563,10.4720409172482));
#1494=CARTESIAN_POINT('Ctrl Pts',(-2.08411806470338,1.61016359534794,10.7080613758723));
#1495=CARTESIAN_POINT('Ctrl Pts',(-2.49083862217503,-0.8555100912966,10.9440818344963));
#1496=CARTESIAN_POINT('Ctrl Pts',(-0.654938746360671,-2.55092732540711,
11.1801022931204));
#1497=CARTESIAN_POINT('Ctrl Pts',(1.77063400253121,-1.94962319969294,11.4161227517445));
#1498=CARTESIAN_POINT('Ctrl Pts',(2.6020200079142,0.407019460657993,11.6521432103686));
#1499=CARTESIAN_POINT('Ctrl Pts',(1.09068475008327,2.39720323586308,11.8881636689927));
#1500=CARTESIAN_POINT('Ctrl Pts',(-1.40264830191659,2.22907057896742,12.1241841276168));
#1501=CARTESIAN_POINT('Ctrl Pts',(-2.63310572558496,0.0539999703344651,
12.3602045862408));
#1502=CARTESIAN_POINT('Ctrl Pts',(-1.49286148840812,-2.16969019643121,12.5962250448649));
#1503=CARTESIAN_POINT('Ctrl Pts',(0.99149392193068,-2.43990341027147,12.832245503489));
#1504=CARTESIAN_POINT('Ctrl Pts',(2.58312768761516,-0.513358415738167,13.0682659621131));
#1505=CARTESIAN_POINT('Ctrl Pts',(1.84911096347892,1.87539337302369,13.3042864207372));
#1506=CARTESIAN_POINT('Ctrl Pts',(-0.549868203433895,2.57562812978694,13.5403068793613));
#1507=CARTESIAN_POINT('Ctrl Pts',(-2.45354468630543,0.956923542813248,13.7763273379853));
#1508=CARTESIAN_POINT('Ctrl Pts',(-2.14862027713994,-1.5233857781274,14.0123477966095));
#1509=CARTESIAN_POINT('Ctrl Pts',(0.0916591679093849,-2.63203981185043,
14.2483682552335));
#1510=CARTESIAN_POINT('Ctrl Pts',(2.24777754787541,-1.37109351062743,14.4843887138576));
#1511=CARTESIAN_POINT('Ctrl Pts',(2.38328694570757,1.12459833589536,14.7204091724817));
#1512=CARTESIAN_POINT('Ctrl Pts',(0.366645532104594,2.6072522453885,14.9564296311058));
#1513=CARTESIAN_POINT('Ctrl Pts',(-1.18810842830189,2.03120153245033,15.1137766035218));
#1514=CARTESIAN_POINT('Ctrl Pts',(-1.67552092289163,1.47903909393796,15.1924500897299));
#1515=CARTESIAN_POINT('Ctrl Pts',(1.9016,0.,-0.577350269189626));
#1516=CARTESIAN_POINT('Ctrl Pts',(1.9016,0.626666058734162,-0.498676782981597));
#1517=CARTESIAN_POINT('Ctrl Pts',(1.2342138226609,1.8695680448028,-0.341329810565541));
#1518=CARTESIAN_POINT('Ctrl Pts',(-0.887015991580947,2.05934015916683,-0.105309351941455));
#1519=CARTESIAN_POINT('Ctrl Pts',(-2.20584986681384,0.391082414796435,0.13071110668263));
#1520=CARTESIAN_POINT('Ctrl Pts',(-1.54051519488093,-1.62731761264719,0.366731565306715));
#1521=CARTESIAN_POINT('Ctrl Pts',(0.512777496451989,-2.18158323748226,0.602752023930799));
#1522=CARTESIAN_POINT('Ctrl Pts',(2.10389428197637,-0.77113694367485,0.838772482554887));
#1523=CARTESIAN_POINT('Ctrl Pts',(1.80103391646401,1.33332556408122,1.07479294117897));
#1524=CARTESIAN_POINT('Ctrl Pts',(-0.123517860469498,2.23747476462774,1.31081339980306));
#1525=CARTESIAN_POINT('Ctrl Pts',(-1.93679044980569,1.12704437340097,1.54683385842714));
#1526=CARTESIAN_POINT('Ctrl Pts',(-2.00631490868061,-0.998078936189564,
1.78285431705123));
#1527=CARTESIAN_POINT('Ctrl Pts',(-0.269439514710941,-2.22460445041277,
2.01887477567531));
#1528=CARTESIAN_POINT('Ctrl Pts',(1.71001520627292,-1.44820214690625,2.2548952342994));
#1529=CARTESIAN_POINT('Ctrl Pts',(2.1498669693989,0.632080031940036,2.49091569292348));
#1530=CARTESIAN_POINT('Ctrl Pts',(0.654088456572003,2.14327331046166,2.72693615154757));
#1531=CARTESIAN_POINT('Ctrl Pts',(-1.43059564115225,1.72477409728866,2.96295661017165));
#1532=CARTESIAN_POINT('Ctrl Pts',(-2.22724709451303,-0.246620586019568,
3.19897706879574));
#1533=CARTESIAN_POINT('Ctrl Pts',(-1.0186015642814,-1.99597141496986,3.43499752741982));
#1534=CARTESIAN_POINT('Ctrl Pts',(1.10713925625101,-1.94825393550122,3.67101798604391));
#1535=CARTESIAN_POINT('Ctrl Pts',(2.23606999246185,-0.146430784221767,3.90703844466799));
#1536=CARTESIAN_POINT('Ctrl Pts',(1.35176039480615,1.78723103076224,4.14305890329208));
#1537=CARTESIAN_POINT('Ctrl Pts',(-0.749603420093694,2.11176362358229,4.37907936191617));
#1538=CARTESIAN_POINT('Ctrl Pts',(-2.17606359935838,0.534974893733854,4.61509982054025));
#1539=CARTESIAN_POINT('Ctrl Pts',(-1.64331010337193,-1.52347721276716,4.85112027916434));
#1540=CARTESIAN_POINT('Ctrl Pts',(0.368993717924105,-2.2102702429177,5.08714073778842));
#1541=CARTESIAN_POINT('Ctrl Pts',(2.04907492806027,-0.90705173762057,5.3231611964125));
#1542=CARTESIAN_POINT('Ctrl Pts',(1.88427641650554,1.21282863576696,5.55918165503659));
#1543=CARTESIAN_POINT('Ctrl Pts',(0.0229741314004969,2.24074164120387,5.79520211366067));
#1544=CARTESIAN_POINT('Ctrl Pts',(-1.85901285836225,1.25120825861802,6.03122257228476));
#1545=CARTESIAN_POINT('Ctrl Pts',(-2.06724205814717,-0.864847493318235,
6.26724303090884));
#1546=CARTESIAN_POINT('Ctrl Pts',(-0.414234805167754,-2.20223986882998,
6.50326348953294));
#1547=CARTESIAN_POINT('Ctrl Pts',(1.61172776596455,-1.55685083491551,6.73928394815701));
#1548=CARTESIAN_POINT('Ctrl Pts',(2.18657508995556,0.490245132257419,6.9753044067811));
#1549=CARTESIAN_POINT('Ctrl Pts',(0.792744750753844,2.09595006473535,7.21132486540518));
#1550=CARTESIAN_POINT('Ctrl Pts',(-1.31483143261813,1.81457135916877,7.44734532402927));
#1551=CARTESIAN_POINT('Ctrl Pts',(-2.23860227395998,-0.100552338507649,
7.68336578265335));
#1552=CARTESIAN_POINT('Ctrl Pts',(-1.14685290113643,-1.92514397820829,7.91938624127744));
#1553=CARTESIAN_POINT('Ctrl Pts',(0.977462743793347,-2.01643683217882,8.15540669990153));
#1554=CARTESIAN_POINT('Ctrl Pts',(2.22172214052528,-0.292235597232647,8.3914271585256));
#1555=CARTESIAN_POINT('Ctrl Pts',(1.46565931075129,1.69507926013701,8.62744761714971));
#1556=CARTESIAN_POINT('Ctrl Pts',(-0.610006380721058,2.15623355159289,8.86346807577377));
#1557=CARTESIAN_POINT('Ctrl Pts',(-2.13645428411116,0.676028111419042,9.09948853439788));
#1558=CARTESIAN_POINT('Ctrl Pts',(-1.73935067067196,-1.41283762514591,9.33550899302194));
#1559=CARTESIAN_POINT('Ctrl Pts',(0.223773164565354,-2.22965837842605,9.57152945164605));
#1560=CARTESIAN_POINT('Ctrl Pts',(1.98542337088751,-1.03901153203985,9.80754991027012));
#1561=CARTESIAN_POINT('Ctrl Pts',(1.95950237322771,1.08710686623556,10.0435703688942));
#1562=CARTESIAN_POINT('Ctrl Pts',(0.169348111873189,2.23445119420652,10.2795908275183));
#1563=CARTESIAN_POINT('Ctrl Pts',(-1.77327835811953,1.37001271905813,10.5156112861424));
#1564=CARTESIAN_POINT('Ctrl Pts',(-2.11933781347455,-0.727913430501854,
10.7516317447665));
#1565=CARTESIAN_POINT('Ctrl Pts',(-0.55725667584989,-2.17046447410549,10.9876522033905));
#1566=CARTESIAN_POINT('Ctrl Pts',(1.50654946570219,-1.65884298258088,11.2236726620146));
#1567=CARTESIAN_POINT('Ctrl Pts',(2.21393684243362,0.34631377806373,11.4596931206387));
#1568=CARTESIAN_POINT('Ctrl Pts',(0.928012522711346,2.03966785287432,11.6957135792628));
#1569=CARTESIAN_POINT('Ctrl Pts',(-1.19344768416266,1.89661165715507,11.9317340378869));
#1570=CARTESIAN_POINT('Ctrl Pts',(-2.24038622230597,0.0459460432472337,
12.167754496511));
#1571=CARTESIAN_POINT('Ctrl Pts',(-1.2702058553679,-1.84608767339827,12.403774955135));
#1572=CARTESIAN_POINT('Ctrl Pts',(0.843615697087185,-2.07599942950076,12.6397954137592));
#1573=CARTESIAN_POINT('Ctrl Pts',(2.19786225276025,-0.436792609787477,12.8758158723832));
#1574=CARTESIAN_POINT('Ctrl Pts',(1.57332183278466,1.59568430295095,13.1118363310073));
#1575=CARTESIAN_POINT('Ctrl Pts',(-0.467857076564504,2.19148123058235,13.3478567896314));
#1576=CARTESIAN_POINT('Ctrl Pts',(-2.08760615177712,0.81420138215025,13.5838772482555));
#1577=CARTESIAN_POINT('Ctrl Pts',(-1.82816026682793,-1.29617754251599,13.8198977068796));
#1578=CARTESIAN_POINT('Ctrl Pts',(0.0779884890063026,-2.23947928627914,
14.0559181655037));
#1579=CARTESIAN_POINT('Ctrl Pts',(1.91252854001904,-1.1665991915385,14.2919386241277));
#1580=CARTESIAN_POINT('Ctrl Pts',(2.02782713397455,0.956868003015132,14.5279590827518));
#1581=CARTESIAN_POINT('Ctrl Pts',(0.311961494981252,2.21838870801401,14.7639795413759));
#1582=CARTESIAN_POINT('Ctrl Pts',(-1.01090576330042,1.72825416154437,14.921326513792));
#1583=CARTESIAN_POINT('Ctrl Pts',(-1.42562220512352,1.25844502790497,15.));
#1584=CARTESIAN_POINT('',(2.9016,-4.8341086346442E-14,15.));
#1585=CARTESIAN_POINT('Ctrl Pts',(-1.42562220512352,1.25844502790497,15.));
#1586=CARTESIAN_POINT('Ctrl Pts',(-1.39277685021164,1.31729170809999,15.));
#1587=CARTESIAN_POINT('Ctrl Pts',(-1.35664720005185,1.37401817960076,15.));
#1588=CARTESIAN_POINT('Ctrl Pts',(-1.31758557446884,1.42854660169593,15.));
#1589=CARTESIAN_POINT('Ctrl Pts',(-1.27768945058942,1.48423994907687,15.));
#1590=CARTESIAN_POINT('Ctrl Pts',(-1.2347346250655,1.53764096863825,15.));
#1591=CARTESIAN_POINT('Ctrl Pts',(-1.18904216232226,1.58866892696183,15.));
#1592=CARTESIAN_POINT('Ctrl Pts',(-1.14160438312172,1.64164600183763,15.));
#1593=CARTESIAN_POINT('Ctrl Pts',(-1.09121571899528,1.69206606871203,15.));
#1594=CARTESIAN_POINT('Ctrl Pts',(-1.03817902138786,1.73982993351817,15.));
#1595=CARTESIAN_POINT('Ctrl Pts',(-1.01402358017807,1.76158387522881,15.));
#1596=CARTESIAN_POINT('Ctrl Pts',(-0.989318106685101,1.78278663957515,15.));
#1597=CARTESIAN_POINT('Ctrl Pts',(-0.964087706479938,1.8034275623309,15.));
#1598=CARTESIAN_POINT('Ctrl Pts',(-0.954290041493282,1.8114430057853,15.));
#1599=CARTESIAN_POINT('Ctrl Pts',(-0.944411672298288,1.81937491220069,15.));
#1600=CARTESIAN_POINT('Ctrl Pts',(-0.934458831570011,1.82721880387134,15.));
#1601=CARTESIAN_POINT('Ctrl Pts',(-0.876660203955718,1.87277023849149,15.));
#1602=CARTESIAN_POINT('Ctrl Pts',(-0.816544128537386,1.91520604778196,15.));
#1603=CARTESIAN_POINT('Ctrl Pts',(-0.754475148540315,1.95444643239293,15.));
#1604=CARTESIAN_POINT('Ctrl Pts',(-0.691026073459843,1.99455932146386,15.));
#1605=CARTESIAN_POINT('Ctrl Pts',(-0.625535883901017,2.0313338830112,15.));
#1606=CARTESIAN_POINT('Ctrl Pts',(-0.558340825212458,2.06467122888201,15.));
#1607=CARTESIAN_POINT('Ctrl Pts',(-0.489690105624026,2.09873076879263,15.));
#1608=CARTESIAN_POINT('Ctrl Pts',(-0.41925928184658,2.12920345245757,15.));
#1609=CARTESIAN_POINT('Ctrl Pts',(-0.347359478502077,2.15595689850226,15.));
#1610=CARTESIAN_POINT('Ctrl Pts',(-0.319886614396781,2.16617937135121,15.));
#1611=CARTESIAN_POINT('Ctrl Pts',(-0.292198840952091,2.17585848905039,15.));
#1612=CARTESIAN_POINT('Ctrl Pts',(-0.264312034273749,2.18498543093315,15.));
#1613=CARTESIAN_POINT('Ctrl Pts',(-0.250066301159126,2.18964784996572,15.));
#1614=CARTESIAN_POINT('Ctrl Pts',(-0.235768616815153,2.19416615965203,15.));
#1615=CARTESIAN_POINT('Ctrl Pts',(-0.22142102900556,2.19853909046055,15.));
#1616=CARTESIAN_POINT('Ctrl Pts',(-0.20866259391545,2.20242767121812,15.));
#1617=CARTESIAN_POINT('Ctrl Pts',(-0.195872617373901,2.20619884548199,15.));
#1618=CARTESIAN_POINT('Ctrl Pts',(-0.183057779417474,2.20985074713127,15.));
#1619=CARTESIAN_POINT('Ctrl Pts',(-0.106590114441515,2.23164207939716,15.));
#1620=CARTESIAN_POINT('Ctrl Pts',(-0.0291861394978282,2.24920531002209,
15.));
#1621=CARTESIAN_POINT('Ctrl Pts',(0.0487882338061125,2.262443800842,15.));
#1622=CARTESIAN_POINT('Ctrl Pts',(0.127684056797389,2.27583873541017,15.));
#1623=CARTESIAN_POINT('Ctrl Pts',(0.207164605200704,2.28480694576772,15.));
#1624=CARTESIAN_POINT('Ctrl Pts',(0.286891937527954,2.28921557804492,15.));
#1625=CARTESIAN_POINT('Ctrl Pts',(0.299478430488665,2.28991156544979,15.));
#1626=CARTESIAN_POINT('Ctrl Pts',(0.312071142189425,2.29049383528818,15.));
#1627=CARTESIAN_POINT('Ctrl Pts',(0.324668814829959,2.29096176995372,15.));
#1628=CARTESIAN_POINT('Ctrl Pts',(0.402424189565125,2.29384995702673,15.));
#1629=CARTESIAN_POINT('Ctrl Pts',(0.480367108175865,2.29238651428374,15.));
#1630=CARTESIAN_POINT('Ctrl Pts',(0.558252354502869,2.286771837573,15.));
#1631=CARTESIAN_POINT('Ctrl Pts',(0.580164248441778,2.28519222902852,15.));
#1632=CARTESIAN_POINT('Ctrl Pts',(0.602071676352646,2.28328374736675,15.));
#1633=CARTESIAN_POINT('Ctrl Pts',(0.623969372104879,2.28105014388546,15.));
#1634=CARTESIAN_POINT('Ctrl Pts',(0.640008918389185,2.27941408195345,15.));
#1635=CARTESIAN_POINT('Ctrl Pts',(0.65604566349751,2.27760316068787,15.));
#1636=CARTESIAN_POINT('Ctrl Pts',(0.672053900585169,2.2756220324364,15.));
#1637=CARTESIAN_POINT('Ctrl Pts',(0.75149976440466,2.26579006627962,15.));
#1638=CARTESIAN_POINT('Ctrl Pts',(0.830364142161121,2.25175871904434,15.));
#1639=CARTESIAN_POINT('Ctrl Pts',(0.908373619065883,2.23379991354499,15.));
#1640=CARTESIAN_POINT('Ctrl Pts',(0.989324238473028,2.21516401843754,15.));
#1641=CARTESIAN_POINT('Ctrl Pts',(1.06935493708733,2.19229913779352,15.));
#1642=CARTESIAN_POINT('Ctrl Pts',(1.14818161035905,2.16545682817953,15.));
#1643=CARTESIAN_POINT('Ctrl Pts',(1.21431822281319,2.14293577845573,15.));
#1644=CARTESIAN_POINT('Ctrl Pts',(1.27960791279514,2.11761386581161,15.));
#1645=CARTESIAN_POINT('Ctrl Pts',(1.34388823938138,2.08961181820788,15.));
#1646=CARTESIAN_POINT('Ctrl Pts',(1.40013352514434,2.06511002655462,15.));
#1647=CARTESIAN_POINT('Ctrl Pts',(1.45560624118605,2.03855584217172,15.));
#1648=CARTESIAN_POINT('Ctrl Pts',(1.51019713171201,2.01001490294723,15.));
#1649=CARTESIAN_POINT('Ctrl Pts',(1.52630690377594,2.00159247164108,15.));
#1650=CARTESIAN_POINT('Ctrl Pts',(1.54234370048559,1.99299470494393,15.));
#1651=CARTESIAN_POINT('Ctrl Pts',(1.55827944908478,1.98423729115351,15.));
#1652=CARTESIAN_POINT('Ctrl Pts',(1.63510289387806,1.94201933755865,15.));
#1653=CARTESIAN_POINT('Ctrl Pts',(1.70968319910366,1.89604217180936,15.));
#1654=CARTESIAN_POINT('Ctrl Pts',(1.78172428200485,1.8465810723888,15.));
#1655=CARTESIAN_POINT('Ctrl Pts',(1.85561464506206,1.79585031646156,15.));
#1656=CARTESIAN_POINT('Ctrl Pts',(1.92683471920624,1.74145442223521,15.));
#1657=CARTESIAN_POINT('Ctrl Pts',(1.9950686124295,1.68363596492489,15.));
#1658=CARTESIAN_POINT('Ctrl Pts',(2.06322074356488,1.62588678928038,15.));
#1659=CARTESIAN_POINT('Ctrl Pts',(2.12839488984238,1.56472292032077,15.));
#1660=CARTESIAN_POINT('Ctrl Pts',(2.19026455860687,1.50033561662888,15.));
#1661=CARTESIAN_POINT('Ctrl Pts',(2.21537224035925,1.47420623914435,15.));
#1662=CARTESIAN_POINT('Ctrl Pts',(2.2399354971839,1.44754545486259,15.));
#1663=CARTESIAN_POINT('Ctrl Pts',(2.26393134440004,1.42036386821548,15.));
#1664=CARTESIAN_POINT('Ctrl Pts',(2.27794308630372,1.40449189781988,15.));
#1665=CARTESIAN_POINT('Ctrl Pts',(2.29176134542095,1.38844232831999,15.));
#1666=CARTESIAN_POINT('Ctrl Pts',(2.30538140225432,1.37221708475591,15.));
#1667=CARTESIAN_POINT('Ctrl Pts',(2.31506248384956,1.36068424691478,15.));
#1668=CARTESIAN_POINT('Ctrl Pts',(2.32463780492699,1.34906931220439,15.));
#1669=CARTESIAN_POINT('Ctrl Pts',(2.33410381258824,1.33737602377596,15.));
#1670=CARTESIAN_POINT('Ctrl Pts',(2.37974096556854,1.2810007902088,15.));
#1671=CARTESIAN_POINT('Ctrl Pts',(2.4228539603677,1.22278644590369,15.));
#1672=CARTESIAN_POINT('Ctrl Pts',(2.46328456805825,1.16285254054819,15.));
#1673=CARTESIAN_POINT('Ctrl Pts',(2.51300613344524,1.08914581773959,15.));
#1674=CARTESIAN_POINT('Ctrl Pts',(2.55867274115759,1.01283965112966,15.));
#1675=CARTESIAN_POINT('Ctrl Pts',(2.60034978484174,0.934294745685264,15.));
#1676=CARTESIAN_POINT('Ctrl Pts',(2.61974710167057,0.897738399996693,15.));
#1677=CARTESIAN_POINT('Ctrl Pts',(2.6382797671148,0.860696511123399,15.));
#1678=CARTESIAN_POINT('Ctrl Pts',(2.6559519094789,0.823202605692717,15.));
#1679=CARTESIAN_POINT('Ctrl Pts',(2.66682387810103,0.800136213686293,15.));
#1680=CARTESIAN_POINT('Ctrl Pts',(2.67737012807224,0.776898711293926,15.));
#1681=CARTESIAN_POINT('Ctrl Pts',(2.68759130705757,0.753497614755538,15.));
#1682=CARTESIAN_POINT('Ctrl Pts',(2.69366548046253,0.739590968717515,15.));
#1683=CARTESIAN_POINT('Ctrl Pts',(2.69962430597028,0.725627642356534,15.));
#1684=CARTESIAN_POINT('Ctrl Pts',(2.70546423474342,0.711618516923608,15.));
#1685=CARTESIAN_POINT('Ctrl Pts',(2.74100535134566,0.626360634533485,15.));
#1686=CARTESIAN_POINT('Ctrl Pts',(2.77218575079338,0.539318610730264,15.));
#1687=CARTESIAN_POINT('Ctrl Pts',(2.79908305659149,0.450883879049516,15.));
#1688=CARTESIAN_POINT('Ctrl Pts',(2.82671601897948,0.36003040723087,15.));
#1689=CARTESIAN_POINT('Ctrl Pts',(2.84982882640161,0.267706393734188,15.));
#1690=CARTESIAN_POINT('Ctrl Pts',(2.86846641546209,0.174297310166516,15.));
#1691=CARTESIAN_POINT('Ctrl Pts',(2.87992592840534,0.116863776317963,15.));
#1692=CARTESIAN_POINT('Ctrl Pts',(2.88969277571831,0.0590192996012723,15.));
#1693=CARTESIAN_POINT('Ctrl Pts',(2.89776928470527,0.000848119345665754,
15.));
#1694=CARTESIAN_POINT('Ctrl Pts',(2.9016,0.,0.));
#1695=CARTESIAN_POINT('Ctrl Pts',(2.9016,0.956212787138748,0.0786734862080284));
#1696=CARTESIAN_POINT('Ctrl Pts',(1.88325348539802,2.85272330605795,0.236020458624085));
#1697=CARTESIAN_POINT('Ctrl Pts',(-1.35347370696849,3.14229144185868,0.47204091724817));
#1698=CARTESIAN_POINT('Ctrl Pts',(-3.36584664153715,0.596742077604824,0.708061375872255));
#1699=CARTESIAN_POINT('Ctrl Pts',(-2.3506304635394,-2.48307992472502,0.944081834496341));
#1700=CARTESIAN_POINT('Ctrl Pts',(0.782433310741003,-3.32881884827437,1.18010229312043));
#1701=CARTESIAN_POINT('Ctrl Pts',(3.21027537262445,-1.17665700240163,1.41612275174451));
#1702=CARTESIAN_POINT('Ctrl Pts',(2.74814893353595,2.03448541056903,1.6521432103686));
#1703=CARTESIAN_POINT('Ctrl Pts',(-0.188472562020557,3.41410221762929,1.88816366899268));
#1704=CARTESIAN_POINT('Ctrl Pts',(-2.95529615542501,1.71972652180283,2.12418412761677));
#1705=CARTESIAN_POINT('Ctrl Pts',(-3.06138164652274,-1.52294164979367,2.36020458624085));
#1706=CARTESIAN_POINT('Ctrl Pts',(-0.411130466914846,-3.3944637533223,2.59622504486494));
#1707=CARTESIAN_POINT('Ctrl Pts',(2.6092659457938,-2.20977248078628,2.83224550348902));
#1708=CARTESIAN_POINT('Ctrl Pts',(3.28042385275969,0.964473822400721,3.06826596211311));
#1709=CARTESIAN_POINT('Ctrl Pts',(0.998055882198848,3.2703627669518,3.30428642073719));
#1710=CARTESIAN_POINT('Ctrl Pts',(-2.18290718992816,2.63178613835337,3.54030687936128));
#1711=CARTESIAN_POINT('Ctrl Pts',(-3.39849609246898,-0.376311680897335,
3.77632733798536));
#1712=CARTESIAN_POINT('Ctrl Pts',(-1.55425657284335,-3.04559878927037,4.01234779660945));
#1713=CARTESIAN_POINT('Ctrl Pts',(1.68935384199512,-2.97278797815016,4.24836825523353));
#1714=CARTESIAN_POINT('Ctrl Pts',(3.41195871378171,-0.223434772558838,4.48438871385762));
#1715=CARTESIAN_POINT('Ctrl Pts',(2.06261462009336,2.72708748362418,4.72040917248171));
#1716=CARTESIAN_POINT('Ctrl Pts',(-1.14379958127043,3.2222829881081,4.95642963110579));
#1717=CARTESIAN_POINT('Ctrl Pts',(-3.32039658177234,0.816303718793728,5.19245008972987));
#1718=CARTESIAN_POINT('Ctrl Pts',(-2.50748243371055,-2.32463266752482,5.42847054835396));
#1719=CARTESIAN_POINT('Ctrl Pts',(0.563037532566566,-3.37259157385885,5.66449100697805));
#1720=CARTESIAN_POINT('Ctrl Pts',(3.12662800339698,-1.3840457098653,5.90051146560213));
#1721=CARTESIAN_POINT('Ctrl Pts',(2.87516641256441,1.85062240720519,6.13653192422622));
#1722=CARTESIAN_POINT('Ctrl Pts',(0.0350556056329865,3.41908705622483,6.3725523828503));
#1723=CARTESIAN_POINT('Ctrl Pts',(-2.83661743259566,1.90918483551013,6.60857284147439));
#1724=CARTESIAN_POINT('Ctrl Pts',(-3.15434873575926,-1.31964739514734,6.84459330009847));
#1725=CARTESIAN_POINT('Ctrl Pts',(-0.632069683779319,-3.36033824326729,
7.08061375872256));
#1726=CARTESIAN_POINT('Ctrl Pts',(2.45929179939142,-2.37555657477431,7.31663421734664));
#1727=CARTESIAN_POINT('Ctrl Pts',(3.33643578092925,0.74805178573734,7.55265467597072));
#1728=CARTESIAN_POINT('Ctrl Pts',(1.20962777071274,3.19815350643463,7.78867513459481));
#1729=CARTESIAN_POINT('Ctrl Pts',(-2.00626571565248,2.76880535115908,8.0246955932189));
#1730=CARTESIAN_POINT('Ctrl Pts',(-3.41582265361921,-0.153430093297115,
8.26071605184299));
#1731=CARTESIAN_POINT('Ctrl Pts',(-1.74995181843578,-2.93752511946212,8.49673651046706));
#1732=CARTESIAN_POINT('Ctrl Pts',(1.49148395950293,-3.07682641578148,8.73275696909116));
#1733=CARTESIAN_POINT('Ctrl Pts',(3.39006571463407,-0.445914392580063,8.96877742771524));
#1734=CARTESIAN_POINT('Ctrl Pts',(2.23640989486535,2.58647558961587,9.20479788633932));
#1735=CARTESIAN_POINT('Ctrl Pts',(-0.930792235117912,3.29013844830771,9.44081834496341));
#1736=CARTESIAN_POINT('Ctrl Pts',(-3.2599577991044,1.03153300804243,9.67683880358749));
#1737=CARTESIAN_POINT('Ctrl Pts',(-2.65402813736945,-2.15581071367446,9.91285926221158));
#1738=CARTESIAN_POINT('Ctrl Pts',(0.341449418543772,-3.40217540536444,10.1488797208357));
#1739=CARTESIAN_POINT('Ctrl Pts',(3.02950381413925,-1.58539959053788,10.3849001794598));
#1740=CARTESIAN_POINT('Ctrl Pts',(2.9899516649966,1.65878695996482,10.6209206380838));
#1741=CARTESIAN_POINT('Ctrl Pts',(0.258403702887698,3.40948863331386,10.8569410967079));
#1742=CARTESIAN_POINT('Ctrl Pts',(-2.70579747787107,2.09046534792757,11.092961555332));
#1743=CARTESIAN_POINT('Ctrl Pts',(-3.23384023957601,-1.11070341288609,11.3289820139561));
#1744=CARTESIAN_POINT('Ctrl Pts',(-0.850302887382227,-3.31185302801036,
11.5650024725802));
#1745=CARTESIAN_POINT('Ctrl Pts',(2.29880307618925,-2.53118363391705,11.8010229312043));
#1746=CARTESIAN_POINT('Ctrl Pts',(3.37818633887537,0.528430825846509,12.0370433898283));
#1747=CARTESIAN_POINT('Ctrl Pts',(1.41602920482711,3.11227400184062,12.2730638484524));
#1748=CARTESIAN_POINT('Ctrl Pts',(-1.82104953742446,2.89398842259211,12.5090843070765));
#1749=CARTESIAN_POINT('Ctrl Pts',(-3.41854473214294,0.0701078245089276,
12.7451047657006));
#1750=CARTESIAN_POINT('Ctrl Pts',(-1.93817275448858,-2.81689524249707,12.9811252243247));
#1751=CARTESIAN_POINT('Ctrl Pts',(1.28725037161768,-3.16771137181289,13.2171456829488));
#1752=CARTESIAN_POINT('Ctrl Pts',(3.35365855732496,-0.66649002763954,13.4531661415728));
#1753=CARTESIAN_POINT('Ctrl Pts',(2.40068922486746,2.43481151316916,13.6891866001969));
#1754=CARTESIAN_POINT('Ctrl Pts',(-0.713890457172679,3.34392192819612,13.925207058821));
#1755=CARTESIAN_POINT('Ctrl Pts',(-3.18542175536206,1.24236786413924,14.1612275174451));
#1756=CARTESIAN_POINT('Ctrl Pts',(-2.78954029776395,-1.97780224935023,14.3972479760692));
#1757=CARTESIAN_POINT('Ctrl Pts',(0.119000525715548,-3.41716086299303,14.6332684346933));
#1758=CARTESIAN_POINT('Ctrl Pts',(2.50194182446688,-2.02356344060132,14.8341857760036));
#1759=CARTESIAN_POINT('Ctrl Pts',(2.89618682245069,-0.5306043302439,14.9564296311058));
#1760=CARTESIAN_POINT('Ctrl Pts',(2.89776928470527,0.000848119345665255,
15.));
#1761=CARTESIAN_POINT('Ctrl Pts',(1.9016,0.,0.577350269189626));
#1762=CARTESIAN_POINT('Ctrl Pts',(1.9016,0.632174877255698,0.656715348554705));
#1763=CARTESIAN_POINT('Ctrl Pts',(1.22154558205623,1.88561083101986,0.815445507284863));
#1764=CARTESIAN_POINT('Ctrl Pts',(-0.925395388797114,2.04965727948839,1.0535407453801));
#1765=CARTESIAN_POINT('Ctrl Pts',(-2.22177164599914,0.334381367524025,1.29163598347534));
#1766=CARTESIAN_POINT('Ctrl Pts',(-1.48736506968682,-1.68476993541747,1.52973122157058));
#1767=CARTESIAN_POINT('Ctrl Pts',(0.608837744531071,-2.16357381247506,1.76782645966582));
#1768=CARTESIAN_POINT('Ctrl Pts',(2.14749364183892,-0.662356157005003,2.00592169776105));
#1769=CARTESIAN_POINT('Ctrl Pts',(1.72166045192156,1.44456895089601,2.24401693585629));
#1770=CARTESIAN_POINT('Ctrl Pts',(-0.279472733731553,2.22999662308704,2.48211217395153));
#1771=CARTESIAN_POINT('Ctrl Pts',(-2.02484134650243,0.975105890278223,2.72020741204677));
#1772=CARTESIAN_POINT('Ctrl Pts',(-1.91770542606548,-1.17187598519845,2.95830265014201));
#1773=CARTESIAN_POINT('Ctrl Pts',(-0.0560267258368723,-2.24672086321692,
3.19639788823724));
#1774=CARTESIAN_POINT('Ctrl Pts',(1.85690095866522,-1.26601305077526,3.43449312633248));
#1775=CARTESIAN_POINT('Ctrl Pts',(2.07094143611769,0.872973842706768,3.67258836442772));
#1776=CARTESIAN_POINT('Ctrl Pts',(0.390259330815263,2.21327342203733,3.91068360252296));
#1777=CARTESIAN_POINT('Ctrl Pts',(-1.64747250069303,1.52863105907453,4.1487788406182));
#1778=CARTESIAN_POINT('Ctrl Pts',(-2.1779201867735,-0.554566475018627,4.38687407871343));
#1779=CARTESIAN_POINT('Ctrl Pts',(-0.715772026458468,-2.13038741749263,
4.62496931680867));
#1780=CARTESIAN_POINT('Ctrl Pts',(1.40124110442316,-1.75710077407644,4.86306455490391));
#1781=CARTESIAN_POINT('Ctrl Pts',(2.23624838508905,0.223770383153669,5.10115979299915));
#1782=CARTESIAN_POINT('Ctrl Pts',(1.02529525285081,1.99991240407487,5.33925503109439));
#1783=CARTESIAN_POINT('Ctrl Pts',(-1.12370813858642,1.94631959174556,5.57735026918963));
#1784=CARTESIAN_POINT('Ctrl Pts',(-2.24462257243685,0.112024457583293,5.81544550728485));
#1785=CARTESIAN_POINT('Ctrl Pts',(-1.31191503450408,-1.82476269826954,6.05354074538011));
#1786=CARTESIAN_POINT('Ctrl Pts',(0.821073367396931,-2.09206082200049,6.29163598347533));
#1787=CARTESIAN_POINT('Ctrl Pts',(2.20285561231047,-0.44531686951228,6.52973122157058));
#1788=CARTESIAN_POINT('Ctrl Pts',(1.56922879608659,1.60885081560157,6.76782645966581));
#1789=CARTESIAN_POINT('Ctrl Pts',(-0.500097170800263,2.19106886714074,7.00592169776106));
#1790=CARTESIAN_POINT('Ctrl Pts',(-2.11188049956066,0.768661640199159,7.24401693585628));
#1791=CARTESIAN_POINT('Ctrl Pts',(-1.7914885785804,-1.35699986517524,7.48211217395154));
#1792=CARTESIAN_POINT('Ctrl Pts',(0.16794962934852,-2.24113205394337,7.72020741204677));
#1793=CARTESIAN_POINT('Ctrl Pts',(1.97372946645811,-1.07483578026987,7.95830265014201));
#1794=CARTESIAN_POINT('Ctrl Pts',(1.97372946645813,1.07483578026983,8.19639788823724));
#1795=CARTESIAN_POINT('Ctrl Pts',(0.167949629348565,2.24113205394336,8.43449312633248));
#1796=CARTESIAN_POINT('Ctrl Pts',(-1.79148857858038,1.35699986517528,8.67258836442772));
#1797=CARTESIAN_POINT('Ctrl Pts',(-2.11188049956067,-0.768661640199122,
8.91068360252295));
#1798=CARTESIAN_POINT('Ctrl Pts',(-0.500097170800304,-2.19106886714073,
9.1487788406182));
#1799=CARTESIAN_POINT('Ctrl Pts',(1.56922879608656,-1.6088508156016,9.38687407871343));
#1800=CARTESIAN_POINT('Ctrl Pts',(2.20285561231048,0.445316869512233,9.62496931680867));
#1801=CARTESIAN_POINT('Ctrl Pts',(0.821073367396974,2.09206082200048,9.86306455490391));
#1802=CARTESIAN_POINT('Ctrl Pts',(-1.31191503450404,1.82476269826956,10.1011597929991));
#1803=CARTESIAN_POINT('Ctrl Pts',(-2.24462257243686,-0.112024457583249,
10.3392550310944));
#1804=CARTESIAN_POINT('Ctrl Pts',(-1.12370813858646,-1.94631959174553,10.5773502691896));
#1805=CARTESIAN_POINT('Ctrl Pts',(1.02529525285076,-1.9999124040749,10.8154455072849));
#1806=CARTESIAN_POINT('Ctrl Pts',(2.23624838508905,-0.223770383153716,11.0535407453801));
#1807=CARTESIAN_POINT('Ctrl Pts',(1.40124110442319,1.75710077407642,11.2916359834753));
#1808=CARTESIAN_POINT('Ctrl Pts',(-0.715772026458427,2.13038741749264,11.5297312215706));
#1809=CARTESIAN_POINT('Ctrl Pts',(-2.17792018677349,0.554566475018667,11.7678264596658));
#1810=CARTESIAN_POINT('Ctrl Pts',(-1.64747250069306,-1.5286310590745,12.0059216977611));
#1811=CARTESIAN_POINT('Ctrl Pts',(0.390259330815221,-2.21327342203733,12.2440169358563));
#1812=CARTESIAN_POINT('Ctrl Pts',(2.07094143611767,-0.87297384270681,12.4821121739515));
#1813=CARTESIAN_POINT('Ctrl Pts',(1.85690095866525,1.26601305077523,12.7202074120468));
#1814=CARTESIAN_POINT('Ctrl Pts',(-0.0560267258368315,2.24672086321692,
12.958302650142));
#1815=CARTESIAN_POINT('Ctrl Pts',(-1.91770542606546,1.17187598519849,13.1963978882372));
#1816=CARTESIAN_POINT('Ctrl Pts',(-2.02484134650245,-0.975105890278182,
13.4344931263325));
#1817=CARTESIAN_POINT('Ctrl Pts',(-0.279472733731597,-2.22999662308703,
13.6725883644277));
#1818=CARTESIAN_POINT('Ctrl Pts',(1.72166045192153,-1.44456895089604,13.910683602523));
#1819=CARTESIAN_POINT('Ctrl Pts',(2.14749364183894,0.662356157004962,14.1487788406182));
#1820=CARTESIAN_POINT('Ctrl Pts',(0.608837744531111,2.16357381247505,14.3868740787134));
#1821=CARTESIAN_POINT('Ctrl Pts',(-1.48736506968679,1.68476993541749,14.6249693168087));
#1822=CARTESIAN_POINT('Ctrl Pts',(-2.22177164599915,-0.33438136752398,14.8630645549039));
#1823=CARTESIAN_POINT('Ctrl Pts',(-0.925395388797154,-2.04965727948837,
15.1011597929991));
#1824=CARTESIAN_POINT('Ctrl Pts',(1.22154558205619,-1.88561083101989,15.3392550310944));
#1825=CARTESIAN_POINT('Ctrl Pts',(1.90159999999999,-0.632174877255733,15.4979851898245));
#1826=CARTESIAN_POINT('Ctrl Pts',(1.9016,-3.16809380329453E-14,15.5773502691896));
#1827=CARTESIAN_POINT('Ctrl Pts',(2.23493333333333,0.,0.384900179459751));
#1828=CARTESIAN_POINT('Ctrl Pts',(2.23493333333333,0.742989432937877,0.46426525882483));
#1829=CARTESIAN_POINT('Ctrl Pts',(1.43567150795306,2.21614140720481,0.622995417554989));
#1830=CARTESIAN_POINT('Ctrl Pts',(-1.08760885619248,2.40894371888826,0.861090655650226));
#1831=CARTESIAN_POINT('Ctrl Pts',(-2.61122818189858,0.392995406144838,1.09918589374547));
#1832=CARTESIAN_POINT('Ctrl Pts',(-1.74808675487943,-1.98009491357927,1.3372811318407));
#1833=CARTESIAN_POINT('Ctrl Pts',(0.715561511276805,-2.54282879292574,1.57537636993594));
#1834=CARTESIAN_POINT('Ctrl Pts',(2.52392991337148,-0.778461218883595,1.81347160803118));
#1835=CARTESIAN_POINT('Ctrl Pts',(2.02345200498592,1.69778886235583,2.05156684612642));
#1836=CARTESIAN_POINT('Ctrl Pts',(-0.328461783957951,2.62089492330563,2.28966208422165));
#1837=CARTESIAN_POINT('Ctrl Pts',(-2.37977777661434,1.14603316034522,2.52775732231689));
#1838=CARTESIAN_POINT('Ctrl Pts',(-2.25386189536598,-1.37729527863528,2.76585256041213));
#1839=CARTESIAN_POINT('Ctrl Pts',(-0.0658477056848726,-2.64055077192834,
3.00394779850737));
#1840=CARTESIAN_POINT('Ctrl Pts',(2.1823989531024,-1.48793372297679,3.24204303660261));
#1841=CARTESIAN_POINT('Ctrl Pts',(2.43395879625611,1.02599828575591,3.48013827469784));
#1842=CARTESIAN_POINT('Ctrl Pts',(0.458668272551218,2.60124029590448,3.71823351279308));
#1843=CARTESIAN_POINT('Ctrl Pts',(-1.93625957485742,1.79658630011269,3.95632875088832));
#1844=CARTESIAN_POINT('Ctrl Pts',(-2.55968995727789,-0.651776977581141,
4.19442398898356));
#1845=CARTESIAN_POINT('Ctrl Pts',(-0.841240408603062,-2.50382512214356,
4.43251922707879));
#1846=CARTESIAN_POINT('Ctrl Pts',(1.64686603508211,-2.0651046960503,4.67061446517404));
#1847=CARTESIAN_POINT('Ctrl Pts',(2.62824256281465,0.262995313590085,4.90870970326927));
#1848=CARTESIAN_POINT('Ctrl Pts',(1.2050202656209,2.35047901536271,5.14680494136451));
#1849=CARTESIAN_POINT('Ctrl Pts',(-1.32068404284011,2.28749186627675,5.38490017945975));
#1850=CARTESIAN_POINT('Ctrl Pts',(-2.63808466969475,0.131661334876676,5.62299541755499));
#1851=CARTESIAN_POINT('Ctrl Pts',(-1.54188191055654,-2.14462714544902,5.86109065565022));
#1852=CARTESIAN_POINT('Ctrl Pts',(0.965000125109198,-2.45878022005134,6.09918589374547));
#1853=CARTESIAN_POINT('Ctrl Pts',(2.58899633806956,-0.523376901329746,6.33728113184069));
#1854=CARTESIAN_POINT('Ctrl Pts',(1.84430045435447,1.89086785661993,6.57537636993594));
#1855=CARTESIAN_POINT('Ctrl Pts',(-0.58775969548128,2.57514348275229,6.81347160803118));
#1856=CARTESIAN_POINT('Ctrl Pts',(-2.4820741083744,0.903401094728531,7.05156684612642));
#1857=CARTESIAN_POINT('Ctrl Pts',(-2.10552037261006,-1.59486970551587,7.28966208422166));
#1858=CARTESIAN_POINT('Ctrl Pts',(0.197389684976854,-2.63398229478325,7.52775732231689));
#1859=CARTESIAN_POINT('Ctrl Pts',(2.31970644487245,-1.26324480079116,7.76585256041213));
#1860=CARTESIAN_POINT('Ctrl Pts',(2.31970644487247,1.26324480079112,8.00394779850737));
#1861=CARTESIAN_POINT('Ctrl Pts',(0.197389684976909,2.63398229478325,8.2420430366026));
#1862=CARTESIAN_POINT('Ctrl Pts',(-2.10552037261003,1.59486970551592,8.48013827469785));
#1863=CARTESIAN_POINT('Ctrl Pts',(-2.48207410837442,-0.903401094728486,
8.71823351279308));
#1864=CARTESIAN_POINT('Ctrl Pts',(-0.587759695481328,-2.57514348275228,
8.95632875088832));
#1865=CARTESIAN_POINT('Ctrl Pts',(1.84430045435443,-1.89086785661997,9.19442398898356));
#1866=CARTESIAN_POINT('Ctrl Pts',(2.58899633806958,0.523376901329692,9.4325192270788));
#1867=CARTESIAN_POINT('Ctrl Pts',(0.965000125109245,2.45878022005133,9.67061446517403));
#1868=CARTESIAN_POINT('Ctrl Pts',(-1.5418819105565,2.14462714544905,9.90870970326928));
#1869=CARTESIAN_POINT('Ctrl Pts',(-2.63808466969475,-0.131661334876625,
10.1468049413645));
#1870=CARTESIAN_POINT('Ctrl Pts',(-1.32068404284015,-2.28749186627672,10.3849001794598));
#1871=CARTESIAN_POINT('Ctrl Pts',(1.20502026562085,-2.35047901536274,10.622995417555));
#1872=CARTESIAN_POINT('Ctrl Pts',(2.62824256281465,-0.262995313590139,10.8610906556502));
#1873=CARTESIAN_POINT('Ctrl Pts',(1.64686603508215,2.06510469605026,11.0991858937455));
#1874=CARTESIAN_POINT('Ctrl Pts',(-0.841240408603012,2.50382512214358,11.3372811318407));
#1875=CARTESIAN_POINT('Ctrl Pts',(-2.55968995727789,0.651776977581185,11.575376369936));
#1876=CARTESIAN_POINT('Ctrl Pts',(-1.93625957485745,-1.79658630011266,11.8134716080312));
#1877=CARTESIAN_POINT('Ctrl Pts',(0.458668272551164,-2.60124029590449,12.0515668461264));
#1878=CARTESIAN_POINT('Ctrl Pts',(2.43395879625609,-1.02599828575596,12.2896620842217));
#1879=CARTESIAN_POINT('Ctrl Pts',(2.18239895310243,1.48793372297675,12.5277573223169));
#1880=CARTESIAN_POINT('Ctrl Pts',(-0.0658477056848234,2.64055077192834,
12.7658525604121));
#1881=CARTESIAN_POINT('Ctrl Pts',(-2.25386189536595,1.37729527863533,13.0039477985074));
#1882=CARTESIAN_POINT('Ctrl Pts',(-2.37977777661436,-1.14603316034518,13.2420430366026));
#1883=CARTESIAN_POINT('Ctrl Pts',(-0.328461783958002,-2.62089492330562,
13.4801382746979));
#1884=CARTESIAN_POINT('Ctrl Pts',(2.02345200498589,-1.69778886235587,13.7182335127931));
#1885=CARTESIAN_POINT('Ctrl Pts',(2.52392991337149,0.77846121888355,13.9563287508883));
#1886=CARTESIAN_POINT('Ctrl Pts',(0.715561511276853,2.54282879292573,14.1944239889835));
#1887=CARTESIAN_POINT('Ctrl Pts',(-1.74808675487939,1.9800949135793,14.4325192270788));
#1888=CARTESIAN_POINT('Ctrl Pts',(-2.61122818189859,-0.392995406144785,
14.670614465174));
#1889=CARTESIAN_POINT('Ctrl Pts',(-1.08760885619253,-2.40894371888824,14.9087097032693));
#1890=CARTESIAN_POINT('Ctrl Pts',(1.43567150795302,-2.21614140720483,15.1468049413645));
#1891=CARTESIAN_POINT('Ctrl Pts',(2.23493333333332,-0.742989432937918,15.3055351000947));
#1892=CARTESIAN_POINT('Ctrl Pts',(2.23493333333333,-3.72343208041109E-14,
15.3849001794598));
#1893=CARTESIAN_POINT('Ctrl Pts',(2.56826666666667,0.,0.192450089729875));
#1894=CARTESIAN_POINT('Ctrl Pts',(2.56826666666667,0.853803988620058,0.271815169094955));
#1895=CARTESIAN_POINT('Ctrl Pts',(1.64979743384989,2.54667198338975,0.430545327825113));
#1896=CARTESIAN_POINT('Ctrl Pts',(-1.24982232358786,2.76823015828813,0.668640565920352));
#1897=CARTESIAN_POINT('Ctrl Pts',(-3.00068471779802,0.451609444765655,0.906735804015589));
#1898=CARTESIAN_POINT('Ctrl Pts',(-2.00880844007205,-2.27541989174108,1.14483104211083));
#1899=CARTESIAN_POINT('Ctrl Pts',(0.82228527802254,-2.92208377337642,1.38292628020606));
#1900=CARTESIAN_POINT('Ctrl Pts',(2.90036618490404,-0.89456628076219,1.6210215183013));
#1901=CARTESIAN_POINT('Ctrl Pts',(2.32524355805028,1.95100877381566,1.85911675639654));
#1902=CARTESIAN_POINT('Ctrl Pts',(-0.377450834184348,3.01179322352423,2.09721199449178));
#1903=CARTESIAN_POINT('Ctrl Pts',(-2.73471420672625,1.31696043041222,2.33530723258702));
#1904=CARTESIAN_POINT('Ctrl Pts',(-2.59001836466647,-1.58271457207212,2.57340247068226));
#1905=CARTESIAN_POINT('Ctrl Pts',(-0.0756686855328727,-3.03438068063976,
2.81149770877749));
#1906=CARTESIAN_POINT('Ctrl Pts',(2.50789694753958,-1.70985439517832,3.04959294687273));
#1907=CARTESIAN_POINT('Ctrl Pts',(2.79697615639453,1.17902272880506,3.28768818496796));
#1908=CARTESIAN_POINT('Ctrl Pts',(0.527077214287169,2.98920716977163,3.52578342306321));
#1909=CARTESIAN_POINT('Ctrl Pts',(-2.22504664902181,2.06454154115086,3.76387866115844));
#1910=CARTESIAN_POINT('Ctrl Pts',(-2.94145972778229,-0.748987480143653,
4.00197389925369));
#1911=CARTESIAN_POINT('Ctrl Pts',(-0.966708790747652,-2.87726282679449,
4.24006913734892));
#1912=CARTESIAN_POINT('Ctrl Pts',(1.89249096574105,-2.37310861802415,4.47816437544416));
#1913=CARTESIAN_POINT('Ctrl Pts',(3.02023674054026,0.302220244026501,4.7162596135394));
#1914=CARTESIAN_POINT('Ctrl Pts',(1.38474527839099,2.70104562665055,4.95435485163464));
#1915=CARTESIAN_POINT('Ctrl Pts',(-1.51765994709379,2.62866414080795,5.19245008972988));
#1916=CARTESIAN_POINT('Ctrl Pts',(-3.03154676695265,0.151298212170057,5.43054532782511));
#1917=CARTESIAN_POINT('Ctrl Pts',(-1.771848786609,-2.46449159262851,5.66864056592035));
#1918=CARTESIAN_POINT('Ctrl Pts',(1.10892688282146,-2.8254996181022,5.90673580401559));
#1919=CARTESIAN_POINT('Ctrl Pts',(2.97513706382865,-0.601436933147209,6.14483104211083));
#1920=CARTESIAN_POINT('Ctrl Pts',(2.11937211262234,2.17288489763829,6.38292628020607));
#1921=CARTESIAN_POINT('Ctrl Pts',(-0.675422220162295,2.95921809836384,6.6210215183013));
#1922=CARTESIAN_POINT('Ctrl Pts',(-2.85226771718815,1.0381405492579,6.85911675639654));
#1923=CARTESIAN_POINT('Ctrl Pts',(-2.41955216663972,-1.83273954585651,7.09721199449177));
#1924=CARTESIAN_POINT('Ctrl Pts',(0.226829740605188,-3.02683253562313,7.33530723258703));
#1925=CARTESIAN_POINT('Ctrl Pts',(2.66568342328678,-1.45165382131246,7.57340247068225));
#1926=CARTESIAN_POINT('Ctrl Pts',(2.66568342328682,1.4516538213124,7.81149770877749));
#1927=CARTESIAN_POINT('Ctrl Pts',(0.22682974060525,3.02683253562313,8.04959294687273));
#1928=CARTESIAN_POINT('Ctrl Pts',(-2.41955216663969,1.83273954585656,8.28768818496797));
#1929=CARTESIAN_POINT('Ctrl Pts',(-2.85226771718817,-1.03814054925785,8.52578342306321));
#1930=CARTESIAN_POINT('Ctrl Pts',(-0.675422220162352,-2.95921809836382,
8.76387866115844));
#1931=CARTESIAN_POINT('Ctrl Pts',(2.1193721126223,-2.17288489763834,9.00197389925369));
#1932=CARTESIAN_POINT('Ctrl Pts',(2.97513706382867,0.60143693314715,9.24006913734892));
#1933=CARTESIAN_POINT('Ctrl Pts',(1.10892688282152,2.82549961810218,9.47816437544416));
#1934=CARTESIAN_POINT('Ctrl Pts',(-1.77184878660895,2.46449159262854,9.7162596135394));
#1935=CARTESIAN_POINT('Ctrl Pts',(-3.03154676695265,-0.151298212170001,
9.95435485163464));
#1936=CARTESIAN_POINT('Ctrl Pts',(-1.51765994709384,-2.62866414080791,10.1924500897299));
#1937=CARTESIAN_POINT('Ctrl Pts',(1.38474527839093,-2.70104562665058,10.4305453278251));
#1938=CARTESIAN_POINT('Ctrl Pts',(3.02023674054026,-0.302220244026566,10.6686405659204));
#1939=CARTESIAN_POINT('Ctrl Pts',(1.8924909657411,2.37310861802412,10.9067358040156));
#1940=CARTESIAN_POINT('Ctrl Pts',(-0.966708790747597,2.87726282679451,11.1448310421108));
#1941=CARTESIAN_POINT('Ctrl Pts',(-2.94145972778228,0.748987480143705,11.3829262802061));
#1942=CARTESIAN_POINT('Ctrl Pts',(-2.22504664902185,-2.06454154115082,11.6210215183013));
#1943=CARTESIAN_POINT('Ctrl Pts',(0.527077214287113,-2.98920716977164,11.8591167563965));
#1944=CARTESIAN_POINT('Ctrl Pts',(2.79697615639451,-1.17902272880511,12.0972119944918));
#1945=CARTESIAN_POINT('Ctrl Pts',(2.50789694753962,1.70985439517826,12.335307232587));
#1946=CARTESIAN_POINT('Ctrl Pts',(-0.0756686855328185,3.03438068063976,
12.5734024706823));
#1947=CARTESIAN_POINT('Ctrl Pts',(-2.59001836466644,1.58271457207216,12.8114977087775));
#1948=CARTESIAN_POINT('Ctrl Pts',(-2.73471420672628,-1.31696043041217,13.0495929468727));
#1949=CARTESIAN_POINT('Ctrl Pts',(-0.377450834184408,-3.01179322352422,
13.287688184968));
#1950=CARTESIAN_POINT('Ctrl Pts',(2.32524355805025,-1.9510087738157,13.5257834230632));
#1951=CARTESIAN_POINT('Ctrl Pts',(2.90036618490405,0.894566280762135,13.7638786611584));
#1952=CARTESIAN_POINT('Ctrl Pts',(0.822285278022596,2.92208377337641,14.0019738992537));
#1953=CARTESIAN_POINT('Ctrl Pts',(-2.008808440072,2.27541989174111,14.2400691373489));
#1954=CARTESIAN_POINT('Ctrl Pts',(-3.00068471779804,-0.451609444765594,
14.4781643754442));
#1955=CARTESIAN_POINT('Ctrl Pts',(-1.24982232358791,-2.7682301582881,14.7162596135394));
#1956=CARTESIAN_POINT('Ctrl Pts',(1.64979743384984,-2.54667198338978,14.9543548516346));
#1957=CARTESIAN_POINT('Ctrl Pts',(2.56826666666665,-0.853803988620104,15.1130850103648));
#1958=CARTESIAN_POINT('Ctrl Pts',(2.56826666666667,-4.27877035752765E-14,
15.1924500897299));
#1959=CARTESIAN_POINT('Ctrl Pts',(2.9016,0.,0.));
#1960=CARTESIAN_POINT('Ctrl Pts',(2.9016,0.964618544302237,0.0793650793650794));
#1961=CARTESIAN_POINT('Ctrl Pts',(1.86392335974672,2.87720255957469,0.238095238095238));
#1962=CARTESIAN_POINT('Ctrl Pts',(-1.41203579098323,3.127516597688,0.476190476190476));
#1963=CARTESIAN_POINT('Ctrl Pts',(-3.39014125369747,0.510223483386468,0.714285714285714));
#1964=CARTESIAN_POINT('Ctrl Pts',(-2.26953012526466,-2.57074486990288,0.952380952380952));
#1965=CARTESIAN_POINT('Ctrl Pts',(0.929009044768276,-3.30133875382711,1.19047619047619));
#1966=CARTESIAN_POINT('Ctrl Pts',(3.27680245643659,-1.01067134264078,1.42857142857143));
#1967=CARTESIAN_POINT('Ctrl Pts',(2.62703511111464,2.20422868527548,1.66666666666667));
#1968=CARTESIAN_POINT('Ctrl Pts',(-0.426439884410746,3.40269152374282,1.90476190476191));
#1969=CARTESIAN_POINT('Ctrl Pts',(-3.08965063683816,1.48788770047922,2.14285714285714));
#1970=CARTESIAN_POINT('Ctrl Pts',(-2.92617483396697,-1.78813386550896,2.38095238095238));
#1971=CARTESIAN_POINT('Ctrl Pts',(-0.0854896653808723,-3.42821058935118,
2.61904761904762));
#1972=CARTESIAN_POINT('Ctrl Pts',(2.83339494197676,-1.93177506737984,2.85714285714285));
#1973=CARTESIAN_POINT('Ctrl Pts',(3.15999351653296,1.33204717185421,3.0952380952381));
#1974=CARTESIAN_POINT('Ctrl Pts',(0.59548615602312,3.37717404363879,3.33333333333333));
#1975=CARTESIAN_POINT('Ctrl Pts',(-2.5138337231862,2.33249678218903,3.57142857142857));
#1976=CARTESIAN_POINT('Ctrl Pts',(-3.32322949828669,-0.846197982706167,
3.80952380952381));
#1977=CARTESIAN_POINT('Ctrl Pts',(-1.09217717289224,-3.25070053144542,4.04761904761904));
#1978=CARTESIAN_POINT('Ctrl Pts',(2.1381158964,-2.68111253999801,4.28571428571429));
#1979=CARTESIAN_POINT('Ctrl Pts',(3.41223091826587,0.341445174462917,4.52380952380952));
#1980=CARTESIAN_POINT('Ctrl Pts',(1.56447029116108,3.0516122379384,4.76190476190476));
#1981=CARTESIAN_POINT('Ctrl Pts',(-1.71463585134747,2.96983641533914,5.));
#1982=CARTESIAN_POINT('Ctrl Pts',(-3.42500886421055,0.170935089463443,5.23809523809524));
#1983=CARTESIAN_POINT('Ctrl Pts',(-2.00181566266146,-2.784356039808,5.47619047619048));
#1984=CARTESIAN_POINT('Ctrl Pts',(1.25285364053373,-3.19221901615304,5.71428571428572));
#1985=CARTESIAN_POINT('Ctrl Pts',(3.36127778958775,-0.679496964964677,5.95238095238095));
#1986=CARTESIAN_POINT('Ctrl Pts',(2.39444377089022,2.45490193865666,6.1904761904762));
#1987=CARTESIAN_POINT('Ctrl Pts',(-0.763084744843312,3.34329271397538,6.42857142857143));
#1988=CARTESIAN_POINT('Ctrl Pts',(-3.22246132600189,1.17288000378727,6.66666666666667));
#1989=CARTESIAN_POINT('Ctrl Pts',(-2.73358396066938,-2.07060938619714,6.90476190476191));
#1990=CARTESIAN_POINT('Ctrl Pts',(0.256269796233522,-3.41968277646301,7.14285714285714));
#1991=CARTESIAN_POINT('Ctrl Pts',(3.01166040170112,-1.64006284183375,7.38095238095238));
#1992=CARTESIAN_POINT('Ctrl Pts',(3.01166040170116,1.64006284183369,7.61904761904762));
#1993=CARTESIAN_POINT('Ctrl Pts',(0.256269796233593,3.41968277646301,7.85714285714286));
#1994=CARTESIAN_POINT('Ctrl Pts',(-2.73358396066934,2.0706093861972,8.0952380952381));
#1995=CARTESIAN_POINT('Ctrl Pts',(-3.22246132600192,-1.17288000378722,8.33333333333333));
#1996=CARTESIAN_POINT('Ctrl Pts',(-0.763084744843374,-3.34329271397536,
8.57142857142857));
#1997=CARTESIAN_POINT('Ctrl Pts',(2.39444377089017,-2.45490193865671,8.80952380952381));
#1998=CARTESIAN_POINT('Ctrl Pts',(3.36127778958777,0.679496964964606,9.04761904761905));
#1999=CARTESIAN_POINT('Ctrl Pts',(1.25285364053379,3.19221901615303,9.28571428571429));
#2000=CARTESIAN_POINT('Ctrl Pts',(-2.00181566266141,2.78435603980803,9.52380952380952));
#2001=CARTESIAN_POINT('Ctrl Pts',(-3.42500886421055,-0.170935089463377,
9.76190476190477));
#2002=CARTESIAN_POINT('Ctrl Pts',(-1.71463585134753,-2.9698364153391,9.99999999999999));
#2003=CARTESIAN_POINT('Ctrl Pts',(1.56447029116101,-3.05161223793843,10.2380952380952));
#2004=CARTESIAN_POINT('Ctrl Pts',(3.41223091826587,-0.341445174462991,10.4761904761905));
#2005=CARTESIAN_POINT('Ctrl Pts',(2.13811589640005,2.68111253999797,10.7142857142857));
#2006=CARTESIAN_POINT('Ctrl Pts',(-1.09217717289218,3.25070053144544,10.952380952381));
#2007=CARTESIAN_POINT('Ctrl Pts',(-3.32322949828668,0.846197982706227,11.1904761904762));
#2008=CARTESIAN_POINT('Ctrl Pts',(-2.51383372318625,-2.33249678218898,11.4285714285714));
#2009=CARTESIAN_POINT('Ctrl Pts',(0.595486156023057,-3.3771740436388,11.6666666666667));
#2010=CARTESIAN_POINT('Ctrl Pts',(3.15999351653294,-1.33204717185427,11.9047619047619));
#2011=CARTESIAN_POINT('Ctrl Pts',(2.8333949419768,1.93177506737979,12.1428571428571));
#2012=CARTESIAN_POINT('Ctrl Pts',(-0.0854896653808092,3.42821058935118,
12.3809523809524));
#2013=CARTESIAN_POINT('Ctrl Pts',(-2.92617483396694,1.78813386550901,12.6190476190476));
#2014=CARTESIAN_POINT('Ctrl Pts',(-3.08965063683819,-1.48788770047916,12.8571428571429));
#2015=CARTESIAN_POINT('Ctrl Pts',(-0.426439884410814,-3.40269152374281,
13.0952380952381));
#2016=CARTESIAN_POINT('Ctrl Pts',(2.6270351111146,-2.20422868527553,13.3333333333333));
#2017=CARTESIAN_POINT('Ctrl Pts',(3.27680245643661,1.01067134264072,13.5714285714286));
#2018=CARTESIAN_POINT('Ctrl Pts',(0.929009044768336,3.30133875382709,13.8095238095238));
#2019=CARTESIAN_POINT('Ctrl Pts',(-2.26953012526461,2.57074486990292,14.0476190476191));
#2020=CARTESIAN_POINT('Ctrl Pts',(-3.39014125369748,-0.510223483386398,
14.2857142857143));
#2021=CARTESIAN_POINT('Ctrl Pts',(-1.41203579098329,-3.12751659768797,14.5238095238095));
#2022=CARTESIAN_POINT('Ctrl Pts',(1.86392335974666,-2.87720255957473,14.7619047619048));
#2023=CARTESIAN_POINT('Ctrl Pts',(2.90159999999998,-0.964618544302289,14.9206349206349));
#2024=CARTESIAN_POINT('Ctrl Pts',(2.9016,-4.8341086346442E-14,15.));
#2025=CARTESIAN_POINT('Ctrl Pts',(2.9016,-4.81836792687318E-14,15.));
#2026=CARTESIAN_POINT('Ctrl Pts',(2.88834080379117,-0.0930427893743833,
15.));
#2027=CARTESIAN_POINT('Ctrl Pts',(2.87020551446565,-0.185107112174131,15.));
#2028=CARTESIAN_POINT('Ctrl Pts',(2.84743846482324,-0.275918427595101,15.));
#2029=CARTESIAN_POINT('Ctrl Pts',(2.82429549582261,-0.368229178909069,15.));
#2030=CARTESIAN_POINT('Ctrl Pts',(2.79636591788642,-0.459246020628732,15.));
#2031=CARTESIAN_POINT('Ctrl Pts',(2.76386054395888,-0.548653495891529,15.));
#2032=CARTESIAN_POINT('Ctrl Pts',(2.73317666400725,-0.63305087104118,15.));
#2033=CARTESIAN_POINT('Ctrl Pts',(2.69841454605113,-0.716014478725277,15.));
#2034=CARTESIAN_POINT('Ctrl Pts',(2.65972288174036,-0.797247715717878,15.));
#2035=CARTESIAN_POINT('Ctrl Pts',(2.62514006908623,-0.869854409336432,15.));
#2036=CARTESIAN_POINT('Ctrl Pts',(2.58741735023024,-0.941078572611713,15.));
#2037=CARTESIAN_POINT('Ctrl Pts',(2.54664769834621,-1.01068255509322,15.));
#2038=CARTESIAN_POINT('Ctrl Pts',(2.53963097827759,-1.02266184944979,15.));
#2039=CARTESIAN_POINT('Ctrl Pts',(2.53252431527018,-1.03459239606227,15.));
#2040=CARTESIAN_POINT('Ctrl Pts',(2.52533502854982,-1.04646198755616,15.));
#2041=CARTESIAN_POINT('Ctrl Pts',(2.47794344822114,-1.12470600822623,15.));
#2042=CARTESIAN_POINT('Ctrl Pts',(2.42688965219622,-1.20043312645276,15.));
#2043=CARTESIAN_POINT('Ctrl Pts',(2.37236905825366,-1.27335839341474,15.));
#2044=CARTESIAN_POINT('Ctrl Pts',(2.31844325308441,-1.34548808705403,15.));
#2045=CARTESIAN_POINT('Ctrl Pts',(2.26112510983398,-1.41487725785685,15.));
#2046=CARTESIAN_POINT('Ctrl Pts',(2.20057691461282,-1.48120730741862,15.));
#2047=CARTESIAN_POINT('Ctrl Pts',(2.1411842722022,-1.54627145838647,15.));
#2048=CARTESIAN_POINT('Ctrl Pts',(2.07868299470062,-1.60839250401574,15.));
#2049=CARTESIAN_POINT('Ctrl Pts',(2.013211118783,-1.66722181186577,15.));
#2050=CARTESIAN_POINT('Ctrl Pts',(1.9864236027307,-1.69129155183109,15.));
#2051=CARTESIAN_POINT('Ctrl Pts',(1.959138688465,-1.71480966064593,15.));
#2052=CARTESIAN_POINT('Ctrl Pts',(1.93136548295134,-1.73774967525424,15.));
#2053=CARTESIAN_POINT('Ctrl Pts',(1.91202453082736,-1.75372484686504,15.));
#2054=CARTESIAN_POINT('Ctrl Pts',(1.89244677488154,-1.76941963540807,15.));
#2055=CARTESIAN_POINT('Ctrl Pts',(1.87263527428091,-1.7848246431848,15.));
#2056=CARTESIAN_POINT('Ctrl Pts',(1.86251403539356,-1.79269470648353,15.));
#2057=CARTESIAN_POINT('Ctrl Pts',(1.85233468214382,-1.80048683157328,15.));
#2058=CARTESIAN_POINT('Ctrl Pts',(1.84210420308472,-1.80819513307261,15.));
#2059=CARTESIAN_POINT('Ctrl Pts',(1.77424038407564,-1.85932810297517,15.));
#2060=CARTESIAN_POINT('Ctrl Pts',(1.70404362007519,-1.90684256188847,15.));
#2061=CARTESIAN_POINT('Ctrl Pts',(1.63165967739706,-1.95046276003179,15.));
#2062=CARTESIAN_POINT('Ctrl Pts',(1.56083891210377,-1.99314095218957,15.));
#2063=CARTESIAN_POINT('Ctrl Pts',(1.4879237722175,-2.03209148466755,15.));
#2064=CARTESIAN_POINT('Ctrl Pts',(1.41304091172788,-2.06700717730444,15.));
#2065=CARTESIAN_POINT('Ctrl Pts',(1.39322000540421,-2.07624908751535,15.));
#2066=CARTESIAN_POINT('Ctrl Pts',(1.37326121079546,-2.08520802884433,15.));
#2067=CARTESIAN_POINT('Ctrl Pts',(1.35316684270832,-2.09387768610567,15.));
#2068=CARTESIAN_POINT('Ctrl Pts',(1.27449924831993,-2.12781859322773,15.));
#2069=CARTESIAN_POINT('Ctrl Pts',(1.19375231340558,-2.157329497565,15.));
#2070=CARTESIAN_POINT('Ctrl Pts',(1.11132481895109,-2.18235857753829,15.));
#2071=CARTESIAN_POINT('Ctrl Pts',(1.08412775168493,-2.19061695753818,15.));
#2072=CARTESIAN_POINT('Ctrl Pts',(1.05674788710888,-2.19838702187856,15.));
#2073=CARTESIAN_POINT('Ctrl Pts',(1.02920013347083,-2.20566578741015,15.));
#2074=CARTESIAN_POINT('Ctrl Pts',(1.0156250892059,-2.20925263393069,15.));
#2075=CARTESIAN_POINT('Ctrl Pts',(1.00200735215146,-2.21272057004284,15.));
#2076=CARTESIAN_POINT('Ctrl Pts',(0.988365761701366,-2.2160652306774,15.));
#2077=CARTESIAN_POINT('Ctrl Pts',(0.908089625985957,-2.23574742477374,15.));
#2078=CARTESIAN_POINT('Ctrl Pts',(0.826864604296501,-2.25119875614297,15.));
#2079=CARTESIAN_POINT('Ctrl Pts',(0.745049081584568,-2.26244361231959,15.));
#2080=CARTESIAN_POINT('Ctrl Pts',(0.66389994206192,-2.27359687972585,15.));
#2081=CARTESIAN_POINT('Ctrl Pts',(0.582168828817744,-2.28061153134128,15.));
#2082=CARTESIAN_POINT('Ctrl Pts',(0.500219655040333,-2.28346273132561,15.));
#2083=CARTESIAN_POINT('Ctrl Pts',(0.420002232864415,-2.28625367969408,15.));
#2084=CARTESIAN_POINT('Ctrl Pts',(0.339575035523795,-2.28505482697916,15.));
#2085=CARTESIAN_POINT('Ctrl Pts',(0.259306826930539,-2.27980240372732,15.));
#2086=CARTESIAN_POINT('Ctrl Pts',(0.227173142152551,-2.27769970683084,15.));
#2087=CARTESIAN_POINT('Ctrl Pts',(0.195065317355717,-2.27494694777882,15.));
#2088=CARTESIAN_POINT('Ctrl Pts',(0.163008724337279,-2.271538408526,15.));
#2089=CARTESIAN_POINT('Ctrl Pts',(0.147560320267792,-2.26989579817019,15.));
#2090=CARTESIAN_POINT('Ctrl Pts',(0.13212383041327,-2.26810087782758,15.));
#2091=CARTESIAN_POINT('Ctrl Pts',(0.1167021896939,-2.26615293587152,15.));
#2092=CARTESIAN_POINT('Ctrl Pts',(0.102909951057246,-2.26441080733946,15.));
#2093=CARTESIAN_POINT('Ctrl Pts',(0.0891368542565709,-2.26254715824307,
15.));
#2094=CARTESIAN_POINT('Ctrl Pts',(0.0753920743055858,-2.26056298697653,
15.));
#2095=CARTESIAN_POINT('Ctrl Pts',(-0.00166940880146191,-2.24943853237753,
15.));
#2096=CARTESIAN_POINT('Ctrl Pts',(-0.0779159142374139,-2.23451998321758,
15.));
#2097=CARTESIAN_POINT('Ctrl Pts',(-0.153024349588466,-2.21579324952174,
15.));
#2098=CARTESIAN_POINT('Ctrl Pts',(-0.226049446527345,-2.19758595313625,
15.));
#2099=CARTESIAN_POINT('Ctrl Pts',(-0.297999379792965,-2.17577827560153,
15.));
#2100=CARTESIAN_POINT('Ctrl Pts',(-0.368544759699563,-2.15032085954834,
15.));
#2101=CARTESIAN_POINT('Ctrl Pts',(-0.437705649987792,-2.1253630584704,15.));
#2102=CARTESIAN_POINT('Ctrl Pts',(-0.505517102515044,-2.0968969307853,15.));
#2103=CARTESIAN_POINT('Ctrl Pts',(-0.571628538701271,-2.06484742652299,
15.));
#2104=CARTESIAN_POINT('Ctrl Pts',(-0.599510876245466,-2.05133062598869,
15.));
#2105=CARTESIAN_POINT('Ctrl Pts',(-0.627090288753844,-2.03717613178106,
15.));
#2106=CARTESIAN_POINT('Ctrl Pts',(-0.654337941472778,-2.02237703750717,
15.));
#2107=CARTESIAN_POINT('Ctrl Pts',(-0.672923162937603,-2.01228279388934,
15.));
#2108=CARTESIAN_POINT('Ctrl Pts',(-0.691359712131136,-2.00188510041892,
15.));
#2109=CARTESIAN_POINT('Ctrl Pts',(-0.709607212753587,-1.99120021083055,
15.));
#2110=CARTESIAN_POINT('Ctrl Pts',(-0.759799929231331,-1.96180968525656,
15.));
#2111=CARTESIAN_POINT('Ctrl Pts',(-0.808600032746936,-1.93022926684774,
15.));
#2112=CARTESIAN_POINT('Ctrl Pts',(-0.855838892159389,-1.89643261648079,
15.));
#2113=CARTESIAN_POINT('Ctrl Pts',(-0.9139354648292,-1.8548679051719,15.));
#2114=CARTESIAN_POINT('Ctrl Pts',(-0.969671891434613,-1.80995034377117,
15.));
#2115=CARTESIAN_POINT('Ctrl Pts',(-1.02284702799309,-1.76194926908093,15.));
#2116=CARTESIAN_POINT('Ctrl Pts',(-1.04617894233436,-1.74088760313241,15.));
#2117=CARTESIAN_POINT('Ctrl Pts',(-1.06901716009452,-1.71923218013241,15.));
#2118=CARTESIAN_POINT('Ctrl Pts',(-1.09134184765784,-1.69700559367412,15.));
#2119=CARTESIAN_POINT('Ctrl Pts',(-1.10614676028562,-1.68226573809516,15.));
#2120=CARTESIAN_POINT('Ctrl Pts',(-1.12072938426308,-1.66727064300557,15.));
#2121=CARTESIAN_POINT('Ctrl Pts',(-1.13506231306157,-1.65205016178633,15.));
#2122=CARTESIAN_POINT('Ctrl Pts',(-1.18376162152321,-1.60033519687922,15.));
#2123=CARTESIAN_POINT('Ctrl Pts',(-1.22962640047678,-1.54597772554296,15.));
#2124=CARTESIAN_POINT('Ctrl Pts',(-1.27246454656524,-1.48926009790341,15.));
#2125=CARTESIAN_POINT('Ctrl Pts',(-1.31439493412782,-1.43374434090391,15.));
#2126=CARTESIAN_POINT('Ctrl Pts',(-1.35342560201675,-1.37596631787989,15.));
#2127=CARTESIAN_POINT('Ctrl Pts',(-1.38932700779095,-1.31619375610512,15.));
#2128=CARTESIAN_POINT('Ctrl Pts',(-1.40097099532178,-1.29680758029996,15.));
#2129=CARTESIAN_POINT('Ctrl Pts',(-1.41228541742573,-1.27721168590289,15.));
#2130=CARTESIAN_POINT('Ctrl Pts',(-1.42326129882555,-1.25741555625766,15.));
#2131=CARTESIAN_POINT('',(1.9016,0.,0.577350269189626));
#2132=CARTESIAN_POINT('Origin',(2.23493333333333,0.,0.));
#2133=CARTESIAN_POINT('Origin',(0.,0.,0.));
#2134=CARTESIAN_POINT('',(-5.,-6.12323399573677E-16,15.));
#2135=CARTESIAN_POINT('Origin',(0.,0.,15.));
#2136=CARTESIAN_POINT('',(-5.,-6.12323399573677E-16,0.));
#2137=CARTESIAN_POINT('Origin',(0.,0.,15.));
#2138=CARTESIAN_POINT('Origin',(0.,0.,15.));
#2139=CARTESIAN_POINT('',(-1.49973993695818,0.00131339054467543,14.8273502691896));
#2140=CARTESIAN_POINT('',(-1.5,1.83697019872103E-16,15.));
#2141=CARTESIAN_POINT('',(-1.5,1.83697019872103E-16,15.));
#2142=CARTESIAN_POINT('',(-1.12648586727368,-0.994476759509633,15.));
#2143=CARTESIAN_POINT('Ctrl Pts',(-1.49973993695818,0.00131339054467538,
14.8273502691896));
#2144=CARTESIAN_POINT('Ctrl Pts',(-1.49674648495851,-0.360432453163683,
14.8849001794598));
#2145=CARTESIAN_POINT('Ctrl Pts',(-1.36450787783419,-0.724287527157489,
14.9424500897299));
#2146=CARTESIAN_POINT('Ctrl Pts',(-1.12648617811515,-0.994477048230338,
15.));
#2147=CARTESIAN_POINT('Origin',(0.,0.,15.));
#2148=CARTESIAN_POINT('Origin',(0.,0.,15.));
#2149=CARTESIAN_POINT('',(-1.50189607317035,-0.000749668670284587,13.3273502691896));
#2150=CARTESIAN_POINT('',(-1.49823752585824,0.000884935907326926,13.6726497308104));
#2151=CARTESIAN_POINT('',(-1.5,1.83697019872103E-16,15.));
#2152=CARTESIAN_POINT('Ctrl Pts',(-1.50189607317035,-0.000749668670284292,
13.3273502691896));
#2153=CARTESIAN_POINT('Ctrl Pts',(-1.50217109121979,-0.0452522623260373,
13.3344584076856));
#2154=CARTESIAN_POINT('Ctrl Pts',(-1.48029976884354,-0.583053103950537,
13.4204018820796));
#2155=CARTESIAN_POINT('Ctrl Pts',(-0.833718156803367,-1.56002760168065,
13.5851806923717));
#2156=CARTESIAN_POINT('Ctrl Pts',(0.847862789481509,-1.55237037081918,13.8216867000659));
#2157=CARTESIAN_POINT('Ctrl Pts',(1.76304465058744,-0.141822725259779,14.0581927077601));
#2158=CARTESIAN_POINT('Ctrl Pts',(1.08515790021278,1.39701310314825,14.2946987154543));
#2159=CARTESIAN_POINT('Ctrl Pts',(-0.573973030580197,1.67307851237107,14.5312047231486));
#2160=CARTESIAN_POINT('Ctrl Pts',(-1.42932748396435,0.745525395355727,14.7087552410603));
#2161=CARTESIAN_POINT('Ctrl Pts',(-1.50077398487986,0.126273649772377,14.807470423074));
#2162=CARTESIAN_POINT('Ctrl Pts',(-1.49973993695818,0.00131339054467538,
14.8273502691896));
#2163=CARTESIAN_POINT('',(-1.1245442299565,0.992673297148432,15.));
#2164=CARTESIAN_POINT('Origin',(0.,0.,15.));
#2165=CARTESIAN_POINT('Ctrl Pts',(-1.49823752585824,0.000884935907327182,
13.6726497308104));
#2166=CARTESIAN_POINT('Ctrl Pts',(-1.49656282078668,-0.308356687729063,
13.7217323895001));
#2167=CARTESIAN_POINT('Ctrl Pts',(-1.25355942759834,-1.11572559017577,13.8494885343979));
#2168=CARTESIAN_POINT('Ctrl Pts',(0.061519251011747,-1.76652253292876,14.0559181655037));
#2169=CARTESIAN_POINT('Ctrl Pts',(1.50861828690244,-0.920223133334219,14.2919386241277));
#2170=CARTESIAN_POINT('Ctrl Pts',(1.59957183984776,0.754784156969413,14.5279590827518));
#2171=CARTESIAN_POINT('Ctrl Pts',(0.246073133964248,1.74988955978844,14.7639795413759));
#2172=CARTESIAN_POINT('Ctrl Pts',(-0.797411992506639,1.36326316907686,14.921326513792));
#2173=CARTESIAN_POINT('Ctrl Pts',(-1.1245442299565,0.992673297148432,15.));
#2174=CARTESIAN_POINT('Origin',(0.,0.,15.));
#2175=CARTESIAN_POINT('',(-1.49779620651368,-0.000520845678171622,11.8273502691896));
#2176=CARTESIAN_POINT('',(-1.50233705810407,0.000182888838700013,12.1726497308104));
#2177=CARTESIAN_POINT('',(-1.5,1.83697019872103E-16,15.));
#2178=CARTESIAN_POINT('Ctrl Pts',(-1.49779620651368,-0.000520845678171535,
11.8273502691896));
#2179=CARTESIAN_POINT('Ctrl Pts',(-1.49847594074088,-0.215491206260879,
11.8614463922971));
#2180=CARTESIAN_POINT('Ctrl Pts',(-1.35511802068778,-0.926640816140734,
11.9743778513027));
#2181=CARTESIAN_POINT('Ctrl Pts',(-0.26722790592481,-1.74851329149428,12.1661446462064));
#2182=CARTESIAN_POINT('Ctrl Pts',(1.31597516356072,-1.18191342793315,12.4026506539006));
#2183=CARTESIAN_POINT('Ctrl Pts',(1.70986597696967,0.452836618037103,12.6391566615948));
#2184=CARTESIAN_POINT('Ctrl Pts',(0.55847512791468,1.6783389900738,12.875662669289));
#2185=CARTESIAN_POINT('Ctrl Pts',(-1.04787254063051,1.39579698655487,13.1050605384873));
#2186=CARTESIAN_POINT('Ctrl Pts',(-1.49912090581354,0.448319566808569,13.2556230717875));
#2187=CARTESIAN_POINT('Ctrl Pts',(-1.50189607317035,-0.000749668670284292,
13.3273502691896));
#2188=CARTESIAN_POINT('Ctrl Pts',(-1.50233705810407,0.000182888838700017,
12.1726497308104));
#2189=CARTESIAN_POINT('Ctrl Pts',(-1.50149521157324,-0.481784278257042,
12.2496914722519));
#2190=CARTESIAN_POINT('Ctrl Pts',(-0.990422452367108,-1.45746485347736,
12.4054066999015));
#2191=CARTESIAN_POINT('Ctrl Pts',(0.665451917633337,-1.63756756482564,12.6397954137591));
#2192=CARTESIAN_POINT('Ctrl Pts',(1.73369398940464,-0.344546034409462,12.8758158723832));
#2193=CARTESIAN_POINT('Ctrl Pts',(1.24105097228128,1.25869050619742,13.1118363310073));
#2194=CARTESIAN_POINT('Ctrl Pts',(-0.369050255951481,1.72866073867773,13.3478567896314));
#2195=CARTESIAN_POINT('Ctrl Pts',(-1.38101870111909,0.868178819419291,13.5347945895658));
#2196=CARTESIAN_POINT('Ctrl Pts',(-1.4992471677611,0.187319733670564,13.6430589032921));
#2197=CARTESIAN_POINT('Ctrl Pts',(-1.49823752585824,0.000884935907327182,
13.6726497308104));
#2198=CARTESIAN_POINT('Origin',(0.,0.,15.));
#2199=CARTESIAN_POINT('',(-1.50011556682061,0.00131602484986421,10.3273502691896));
#2200=CARTESIAN_POINT('',(-1.4986465347754,-0.00109813741719359,10.6726497308104));
#2201=CARTESIAN_POINT('',(-1.5,1.83697019872103E-16,15.));
#2202=CARTESIAN_POINT('Ctrl Pts',(-1.50011556682061,0.00131602484986415,
10.3273502691896));
#2203=CARTESIAN_POINT('Ctrl Pts',(-1.49665889753822,-0.382302313954033,
10.3884343769087));
#2204=CARTESIAN_POINT('Ctrl Pts',(-1.15252034647827,-1.26653400299583,10.5283538205258));
#2205=CARTESIAN_POINT('Ctrl Pts',(0.329683956282339,-1.73781964820713,10.7471086000411));
#2206=CARTESIAN_POINT('Ctrl Pts',(1.63421320009129,-0.676798267469583,10.9836146077353));
#2207=CARTESIAN_POINT('Ctrl Pts',(1.46182617436517,0.995877880103359,11.2201206154295));
#2208=CARTESIAN_POINT('Ctrl Pts',(-0.0316825960866275,1.76853185784122,
11.4566266231237));
#2209=CARTESIAN_POINT('Ctrl Pts',(-1.28537322174469,1.06191038313157,11.6590365077104));
#2210=CARTESIAN_POINT('Ctrl Pts',(-1.49690429354938,0.281552417474024,11.7826110563991));
#2211=CARTESIAN_POINT('Ctrl Pts',(-1.49779620651368,-0.000520845678171535,
11.8273502691896));
#2212=CARTESIAN_POINT('Ctrl Pts',(-1.4986465347754,-0.00109813741719396,
10.6726497308104));
#2213=CARTESIAN_POINT('Ctrl Pts',(-1.49979784560135,-0.166851477281048,
10.6989770687957));
#2214=CARTESIAN_POINT('Ctrl Pts',(-1.39847150266685,-0.826555160873445,
10.8039778929891));
#2215=CARTESIAN_POINT('Ctrl Pts',(-0.439569222273616,-1.71208245735018,
10.9876522033906));
#2216=CARTESIAN_POINT('Ctrl Pts',(1.1883801580696,-1.30851069170641,11.2236726620146));
#2217=CARTESIAN_POINT('Ctrl Pts',(1.74637386092125,0.273175512336314,11.4596931206387));
#2218=CARTESIAN_POINT('Ctrl Pts',(0.732024868572572,1.60890887199827,11.6957135792628));
#2219=CARTESIAN_POINT('Ctrl Pts',(-0.941402583654207,1.49606482285927,11.9317340378869));
#2220=CARTESIAN_POINT('Ctrl Pts',(-1.49766857259519,0.512757461208417,12.0907127550694));
#2221=CARTESIAN_POINT('Ctrl Pts',(-1.50235488842105,0.0103909577089129,
12.1710179860439));
#2222=CARTESIAN_POINT('Ctrl Pts',(-1.50233705810407,0.000182888838700017,
12.1726497308104));
#2223=CARTESIAN_POINT('Origin',(0.,0.,15.));
#2224=CARTESIAN_POINT('',(-1.50160608091224,-0.000931104991765963,8.82735026918962));
#2225=CARTESIAN_POINT('',(-1.49894234994505,0.0011923912783767,9.17264973081037));
#2226=CARTESIAN_POINT('',(-1.5,1.83697019872103E-16,15.));
#2227=CARTESIAN_POINT('Ctrl Pts',(-1.50160608091224,-0.000931104991765824,
8.82735026918962));
#2228=CARTESIAN_POINT('Ctrl Pts',(-1.50202935765567,-0.0587902506538784,
8.83658702562218));
#2229=CARTESIAN_POINT('Ctrl Pts',(-1.47286465765083,-0.610044364009433,
8.92465911795281));
#2230=CARTESIAN_POINT('Ctrl Pts',(-0.791674576650888,-1.58175851457243,
9.09156654618151));
#2231=CARTESIAN_POINT('Ctrl Pts',(0.889038324136695,-1.5291564642398,9.32807255387574));
#2232=CARTESIAN_POINT('Ctrl Pts',(1.76628499867624,-0.0945829718990761,
9.56457856156996));
#2233=CARTESIAN_POINT('Ctrl Pts',(1.04725589305702,1.42546965116584,9.80108456926417));
#2234=CARTESIAN_POINT('Ctrl Pts',(-0.618228180953524,1.65725753896178,10.0375905769584));
#2235=CARTESIAN_POINT('Ctrl Pts',(-1.43913869537436,0.718270145795306,10.2130124769335));
#2236=CARTESIAN_POINT('Ctrl Pts',(-1.50112008546649,0.112796685205511,10.3095990410106));
#2237=CARTESIAN_POINT('Ctrl Pts',(-1.50011556682061,0.00131602484986415,
10.3273502691896));
#2238=CARTESIAN_POINT('Ctrl Pts',(-1.49894234994505,0.00119239127837666,
9.17264973081037));
#2239=CARTESIAN_POINT('Ctrl Pts',(-1.49632793039604,-0.340416919569663,
9.22693615154756));
#2240=CARTESIAN_POINT('Ctrl Pts',(-1.2120123627442,-1.1810340031358,9.35989605849278));
#2241=CARTESIAN_POINT('Ctrl Pts',(0.176514342442751,-1.75877515677382,9.57152945164604));
#2242=CARTESIAN_POINT('Ctrl Pts',(1.56612032330909,-0.819581908977045,9.80754991027012));
#2243=CARTESIAN_POINT('Ctrl Pts',(1.54567360042635,0.857519953550284,10.0435703688942));
#2244=CARTESIAN_POINT('Ctrl Pts',(0.133583357524541,1.76255577419676,10.2795908275183));
#2245=CARTESIAN_POINT('Ctrl Pts',(-1.22784825508514,1.15673994441092,10.489283948157));
#2246=CARTESIAN_POINT('Ctrl Pts',(-1.49635740523338,0.328466093563473,10.6203035825877));
#2247=CARTESIAN_POINT('Ctrl Pts',(-1.4986465347754,-0.00109813741719396,
10.6726497308104));
#2248=CARTESIAN_POINT('Origin',(0.,0.,15.));
#2249=CARTESIAN_POINT('',(-1.49768252314834,-0.00031789704239768,7.32735026918962));
#2250=CARTESIAN_POINT('',(-1.50223290793159,-0.000394389059865513,7.67264973081037));
#2251=CARTESIAN_POINT('',(-1.5,1.83697019872103E-16,15.));
#2252=CARTESIAN_POINT('Ctrl Pts',(-1.49768252314834,-0.000317897042397333,
7.32735026918962));
#2253=CARTESIAN_POINT('Ctrl Pts',(-1.49812133325638,-0.228752262986301,
7.36357501023374));
#2254=CARTESIAN_POINT('Ctrl Pts',(-1.34216488723571,-0.953756528016071,
7.47863508717594));
#2255=CARTESIAN_POINT('Ctrl Pts',(-0.220366479913025,-1.75503482828459,
7.6725305000162));
#2256=CARTESIAN_POINT('Ctrl Pts',(1.34711482038075,-1.14629415715362,7.90903650771043));
#2257=CARTESIAN_POINT('Ctrl Pts',(1.69714437255201,0.498407075320003,8.14554251540464));
#2258=CARTESIAN_POINT('Ctrl Pts',(0.513383818690527,1.69267412358904,8.38204852309886));
#2259=CARTESIAN_POINT('Ctrl Pts',(-1.06999392258088,1.37029335452834,8.60931777436052));
#2260=CARTESIAN_POINT('Ctrl Pts',(-1.49841670807573,0.435035175657994,8.7577516897241));
#2261=CARTESIAN_POINT('Ctrl Pts',(-1.50160608091224,-0.000931104991765824,
8.82735026918962));
#2262=CARTESIAN_POINT('Ctrl Pts',(-1.50223290793159,-0.000394389059865446,
7.67264973081037));
#2263=CARTESIAN_POINT('Ctrl Pts',(-1.50231246668205,-0.0227448259474241,
7.67622174809136));
#2264=CARTESIAN_POINT('Ctrl Pts',(-1.49180294948217,-0.537286011684062,
7.75846725158039));
#2265=CARTESIAN_POINT('Ctrl Pts',(-0.904648178622193,-1.51857138064212,
7.91938624127743));
#2266=CARTESIAN_POINT('Ctrl Pts',(0.771031655382414,-1.5905840284576,8.15540669990153));
#2267=CARTESIAN_POINT('Ctrl Pts',(1.75251497889663,-0.230518142739326,8.39142715852561));
#2268=CARTESIAN_POINT('Ctrl Pts',(1.15612562398907,1.33709420256444,8.6274476171497));
#2269=CARTESIAN_POINT('Ctrl Pts',(-0.481178676634514,1.70085697407247,8.86346807577378));
#2270=CARTESIAN_POINT('Ctrl Pts',(-1.40830862190265,0.801813655480173,9.04520211366067));
#2271=CARTESIAN_POINT('Ctrl Pts',(-1.50011682451611,0.154653395263666,9.14826266533954));
#2272=CARTESIAN_POINT('Ctrl Pts',(-1.49894234994505,0.00119239127837666,
9.17264973081037));
#2273=CARTESIAN_POINT('Origin',(0.,0.,15.));
#2274=CARTESIAN_POINT('',(-1.50051173969257,0.00127472640705773,5.82735026918962));
#2275=CARTESIAN_POINT('',(-1.49801686327278,-0.000733975412965682,6.17264973081037));
#2276=CARTESIAN_POINT('',(-1.5,1.83697019872103E-16,15.));
#2277=CARTESIAN_POINT('Ctrl Pts',(-1.50051173969257,0.00127472640705782,
5.82735026918962));
#2278=CARTESIAN_POINT('Ctrl Pts',(-1.49694909410568,-0.395442085096487,
5.8905629948453));
#2279=CARTESIAN_POINT('Ctrl Pts',(-1.13277382328562,-1.29270750778941,6.03261105639906));
#2280=CARTESIAN_POINT('Ctrl Pts',(0.376045423179797,-1.72838030295506,6.25349445385089));
#2281=CARTESIAN_POINT('Ctrl Pts',(1.65173009114229,-0.63284780250631,6.49000046154511));
#2282=CARTESIAN_POINT('Ctrl Pts',(1.43466769878608,1.0346193638097,6.72650646923932));
#2283=CARTESIAN_POINT('Ctrl Pts',(-0.078972142520958,1.76705179166979,6.96301247693355));
#2284=CARTESIAN_POINT('Ctrl Pts',(-1.30033415725813,1.03493325240503,7.16329374358364));
#2285=CARTESIAN_POINT('Ctrl Pts',(-1.49716635769919,0.268385865562815,7.28473967433567));
#2286=CARTESIAN_POINT('Ctrl Pts',(-1.49768252314834,-0.000317897042397333,
7.32735026918962));
#2287=CARTESIAN_POINT('Ctrl Pts',(-1.49801686327279,-0.000733975412965746,
6.17264973081037));
#2288=CARTESIAN_POINT('Ctrl Pts',(-1.49891346411405,-0.199459705371526,
6.2041808308432));
#2289=CARTESIAN_POINT('Ctrl Pts',(-1.37021907346102,-0.892913392617308,
6.31438541708406));
#2290=CARTESIAN_POINT('Ctrl Pts',(-0.326752246644686,-1.73714718274026,
6.50326348953293));
#2291=CARTESIAN_POINT('Ctrl Pts',(1.27134577282793,-1.2280583419179,6.73928394815702));
#2292=CARTESIAN_POINT('Ctrl Pts',(1.72479066024025,0.386709895868782,6.9753044067811));
#2293=CARTESIAN_POINT('Ctrl Pts',(0.625324393539359,1.65330480192152,7.21132486540519));
#2294=CARTESIAN_POINT('Ctrl Pts',(-1.01199070343177,1.43470980819124,7.44377330674827));
#2295=CARTESIAN_POINT('Ctrl Pts',(-1.50056018953321,0.469522330085528,7.59754826188334));
#2296=CARTESIAN_POINT('Ctrl Pts',(-1.50223290793159,-0.000394389059865446,
7.67264973081037));
#2297=CARTESIAN_POINT('Origin',(0.,0.,15.));
#2298=CARTESIAN_POINT('',(-1.50126869793403,-0.00108051000397624,4.32735026918962));
#2299=CARTESIAN_POINT('',(-1.49984383011421,0.00130828723569404,4.67264973081037));
#2300=CARTESIAN_POINT('',(-1.5,1.83697019872103E-16,15.));
#2301=CARTESIAN_POINT('Ctrl Pts',(-1.50126869793403,-0.00108051000397613,
4.32735026918962));
#2302=CARTESIAN_POINT('Ctrl Pts',(-1.50184934004221,-0.0723152233564171,
4.33871564355879));
#2303=CARTESIAN_POINT('Ctrl Pts',(-1.46503743372099,-0.637063278641513,
4.42891635382603));
#2304=CARTESIAN_POINT('Ctrl Pts',(-0.74908590754398,-1.60236669405387,4.59795239999136));
#2305=CARTESIAN_POINT('Ctrl Pts',(0.929618793952078,-1.50483135735182,4.83445840768557));
#2306=CARTESIAN_POINT('Ctrl Pts',(1.76818285008783,-0.0473084226933967,
5.0709644153798));
#2307=CARTESIAN_POINT('Ctrl Pts',(1.00875590561676,1.45296942968805,5.307470423074));
#2308=CARTESIAN_POINT('Ctrl Pts',(-0.662331716896784,1.64012966406725,5.54397643076824));
#2309=CARTESIAN_POINT('Ctrl Pts',(-1.44818173287351,0.691178540909794,5.71726971280676));
#2310=CARTESIAN_POINT('Ctrl Pts',(-1.50139222416557,0.0993206824773986,
5.81172765894723));
#2311=CARTESIAN_POINT('Ctrl Pts',(-1.50051173969257,0.00127472640705782,
5.82735026918962));
#2312=CARTESIAN_POINT('Ctrl Pts',(-1.49984383011421,0.00130828723569398,
4.67264973081037));
#2313=CARTESIAN_POINT('Ctrl Pts',(-1.49654114724714,-0.372474204952127,
4.73213991359502));
#2314=CARTESIAN_POINT('Ctrl Pts',(-1.16724348397815,-1.2457652453423,4.87030358258771));
#2315=CARTESIAN_POINT('Ctrl Pts',(0.291065658465545,-1.74348161610662,5.08714073778841));
#2316=CARTESIAN_POINT('Ctrl Pts',(1.61632926044805,-0.715490802304845,5.32316119641251));
#2317=CARTESIAN_POINT('Ctrl Pts',(1.48633466987859,0.95669044848144,5.55918165503658));
#2318=CARTESIAN_POINT('Ctrl Pts',(0.0181222073972905,1.7675177369901,5.79520211366069));
#2319=CARTESIAN_POINT('Ctrl Pts',(-1.26808125750616,1.09124246397407,5.99969147225193));
#2320=CARTESIAN_POINT('Ctrl Pts',(-1.4966763485727,0.2963823667033,6.12550734463516));
#2321=CARTESIAN_POINT('Ctrl Pts',(-1.49801686327279,-0.000733975412965746,
6.17264973081037));
#2322=CARTESIAN_POINT('Origin',(0.,0.,15.));
#2323=CARTESIAN_POINT('',(-1.49762355867149,-0.000108498775845123,2.82735026918962));
#2324=CARTESIAN_POINT('',(-1.50165579200574,-0.00088641268525339,3.17264973081037));
#2325=CARTESIAN_POINT('',(-1.5,1.83697019872103E-16,15.));
#2326=CARTESIAN_POINT('Ctrl Pts',(-1.49762355867149,-0.000108498775845088,
2.82735026918962));
#2327=CARTESIAN_POINT('Ctrl Pts',(-1.49778032122072,-0.241988210317057,
2.86570362817035));
#2328=CARTESIAN_POINT('Ctrl Pts',(-1.32872511182769,-0.980845203164511,
2.98289232304916));
#2329=CARTESIAN_POINT('Ctrl Pts',(-0.173345570655964,-1.76030325433864,
3.17891635382604));
#2330=CARTESIAN_POINT('Ctrl Pts',(1.37729031157062,-1.10985317023803,3.41542236152025));
#2331=CARTESIAN_POINT('Ctrl Pts',(1.68320755461307,0.543619637550782,3.65192836921448));
#2332=CARTESIAN_POINT('Ctrl Pts',(0.467927902943805,1.70579980123217,3.88843437690869));
#2333=CARTESIAN_POINT('Ctrl Pts',(-1.09151666501028,1.34460014702099,4.11357501023375));
#2334=CARTESIAN_POINT('Ctrl Pts',(-1.49782174586468,0.42180070915307,4.25988030766072));
#2335=CARTESIAN_POINT('Ctrl Pts',(-1.50126869793403,-0.00108051000397613,
4.32735026918962));
#2336=CARTESIAN_POINT('Ctrl Pts',(-1.50165579200574,-0.000886412685253543,
3.17264973081036));
#2337=CARTESIAN_POINT('Ctrl Pts',(-1.50204368255651,-0.0558532133385483,
3.18142551013882));
#2338=CARTESIAN_POINT('Ctrl Pts',(-1.47452543402332,-0.603196654248182,
3.26887477567531));
#2339=CARTESIAN_POINT('Ctrl Pts',(-0.803482336902357,-1.57444071854814,
3.43499752741983));
#2340=CARTESIAN_POINT('Ctrl Pts',(0.873321687751452,-1.53680072846867,3.6710179860439));
#2341=CARTESIAN_POINT('Ctrl Pts',(1.76383269744557,-0.115505957471017,3.907038444668));
#2342=CARTESIAN_POINT('Ctrl Pts',(1.06628110523831,1.40978437187168,4.14305890329207));
#2343=CARTESIAN_POINT('Ctrl Pts',(-0.591294112729471,1.66577868339204,4.37907936191617));
#2344=CARTESIAN_POINT('Ctrl Pts',(-1.43288533665486,0.735495752170818,4.55560963775559));
#2345=CARTESIAN_POINT('Ctrl Pts',(-1.50090881873225,0.12183881221221,4.65346642738699));
#2346=CARTESIAN_POINT('Ctrl Pts',(-1.49984383011421,0.00130828723569398,
4.67264973081037));
#2347=CARTESIAN_POINT('Origin',(0.,0.,15.));
#2348=CARTESIAN_POINT('',(-1.50076767751269,0.00105545209123866,1.32735026918962));
#2349=CARTESIAN_POINT('',(-1.49768091288482,-0.000259106839182439,1.67264973081037));
#2350=CARTESIAN_POINT('',(-1.5,1.83697019872103E-16,15.));
#2351=CARTESIAN_POINT('Ctrl Pts',(-1.50076767751269,0.00105545209123871,
1.32735026918962));
#2352=CARTESIAN_POINT('Ctrl Pts',(-1.49719640965912,-0.408751803950971,
1.39269161278191));
#2353=CARTESIAN_POINT('Ctrl Pts',(-1.11263883764349,-1.31852471514033,1.53686829227228));
#2354=CARTESIAN_POINT('Ctrl Pts',(0.422250329831742,-1.71782360494875,1.75988030766072));
#2355=CARTESIAN_POINT('Ctrl Pts',(1.66800665962424,-0.588382451144051,1.99638631535494));
#2356=CARTESIAN_POINT('Ctrl Pts',(1.40651324516324,1.07258825705161,2.23289232304916));
#2357=CARTESIAN_POINT('Ctrl Pts',(-0.126221017157316,1.76432432897607,2.46939833074338));
#2358=CARTESIAN_POINT('Ctrl Pts',(-1.31477670205702,1.00790536977194,2.66755097945686));
#2359=CARTESIAN_POINT('Ctrl Pts',(-1.49745809577415,0.255195577831969,2.78686829227228));
#2360=CARTESIAN_POINT('Ctrl Pts',(-1.49762355867149,-0.000108498775845088,
2.82735026918962));
#2361=CARTESIAN_POINT('Ctrl Pts',(-1.49768091288482,-0.000259106839182316,
1.67264973081037));
#2362=CARTESIAN_POINT('Ctrl Pts',(-1.49804355182423,-0.231910416859722,
1.70938459289065));
#2363=CARTESIAN_POINT('Ctrl Pts',(-1.33915236741173,-0.959208617570142,
1.82479294117897));
#2364=CARTESIAN_POINT('Ctrl Pts',(-0.212536357479352,-1.75478858754451,
2.01887477567531));
#2365=CARTESIAN_POINT('Ctrl Pts',(1.34887580147644,-1.14235524245036,2.2548952342994));
#2366=CARTESIAN_POINT('Ctrl Pts',(1.69583496264665,0.498590571684803,2.49091569292348));
#2367=CARTESIAN_POINT('Ctrl Pts',(0.515951021759966,1.69063381894137,2.72693615154757));
#2368=CARTESIAN_POINT('Ctrl Pts',(-1.06732385680875,1.37279223154662,2.9541808308432));
#2369=CARTESIAN_POINT('Ctrl Pts',(-1.49856630456485,0.436915539297904,3.10275202393079));
#2370=CARTESIAN_POINT('Ctrl Pts',(-1.50165579200574,-0.000886412685253543,
3.17264973081036));
#2371=CARTESIAN_POINT('Origin',(0.,0.,15.));
#2372=CARTESIAN_POINT('',(-1.5,1.83697019872103E-16,0.));
#2373=CARTESIAN_POINT('',(-1.50066861006561,0.00106622637963522,0.172649730810367));
#2374=CARTESIAN_POINT('',(-1.5,1.83697019872103E-16,15.));
#2375=CARTESIAN_POINT('',(1.5,0.,0.));
#2376=CARTESIAN_POINT('Origin',(0.,0.,0.));
#2377=CARTESIAN_POINT('',(1.5,0.,0.577350269189626));
#2378=CARTESIAN_POINT('',(1.5,0.,-0.577350269189626));
#2379=CARTESIAN_POINT('Ctrl Pts',(1.5,0.,0.577350269189626));
#2380=CARTESIAN_POINT('Ctrl Pts',(1.5,0.49533702420134,0.656185605087699));
#2381=CARTESIAN_POINT('Ctrl Pts',(0.971235615820249,1.47769521979698,0.813856276883846));
#2382=CARTESIAN_POINT('Ctrl Pts',(-0.706776298430993,1.62268462146268,1.05036228457806));
#2383=CARTESIAN_POINT('Ctrl Pts',(-1.45673575171828,0.664026275316129,1.22152694867999));
#2384=CARTESIAN_POINT('Ctrl Pts',(-1.50150519924531,0.0856869526981193,
1.31385627688384));
#2385=CARTESIAN_POINT('Ctrl Pts',(-1.50076767751269,0.00105545209123871,
1.32735026918962));
#2386=CARTESIAN_POINT('Ctrl Pts',(-1.50066861006561,0.00106622637963526,
0.172649730810367));
#2387=CARTESIAN_POINT('Ctrl Pts',(-1.49712139865453,-0.404748639952457,
0.237343675642483));
#2388=CARTESIAN_POINT('Ctrl Pts',(-1.11924120994746,-1.30953887371133,0.380711106682628));
#2389=CARTESIAN_POINT('Ctrl Pts',(0.404484375168288,-1.72085332600899,0.6027520239308));
#2390=CARTESIAN_POINT('Ctrl Pts',(1.65957084569042,-0.608279762398006,0.838772482554886));
#2391=CARTESIAN_POINT('Ctrl Pts',(1.42067246067231,1.05173941656236,1.07479294117897));
#2392=CARTESIAN_POINT('Ctrl Pts',(-0.0974321700562617,1.76494087108604,
1.31081339980306));
#2393=CARTESIAN_POINT('Ctrl Pts',(-1.30513834604363,1.02535321005596,1.51009899634685));
#2394=CARTESIAN_POINT('Ctrl Pts',(-1.49726690348576,0.264207306520896,1.63071110668263));
#2395=CARTESIAN_POINT('Ctrl Pts',(-1.49768091288482,-0.000259106839182316,
1.67264973081037));
#2396=CARTESIAN_POINT('Origin',(3.96862696659689,-0.5,17.));
#2397=CARTESIAN_POINT('',(3.96862696659689,-0.5,17.));
#2398=CARTESIAN_POINT('',(-3.96862696659689,-0.5,17.));
#2399=CARTESIAN_POINT('',(1.98431348329844,-0.5,17.));
#2400=CARTESIAN_POINT('',(3.96862696659689,-0.5,16.));
#2401=CARTESIAN_POINT('',(3.96862696659689,-0.5,15.));
#2402=CARTESIAN_POINT('',(-3.96862696659689,-0.5,16.));
#2403=CARTESIAN_POINT('',(-4.1972356664155,-0.5,16.));
#2404=CARTESIAN_POINT('',(-3.96862696659689,-0.5,15.));
#2405=CARTESIAN_POINT('Origin',(-3.96862696659689,0.5,17.));
#2406=CARTESIAN_POINT('',(-3.96862696659689,0.5,17.));
#2407=CARTESIAN_POINT('',(3.96862696659689,0.5,17.));
#2408=CARTESIAN_POINT('',(-1.98431348329844,0.5,17.));
#2409=CARTESIAN_POINT('',(-3.96862696659689,0.5,16.));
#2410=CARTESIAN_POINT('',(-3.96862696659689,0.5,15.));
#2411=CARTESIAN_POINT('',(3.96862696659689,0.5,16.));
#2412=CARTESIAN_POINT('',(4.1972356664155,0.5,16.));
#2413=CARTESIAN_POINT('',(3.96862696659689,0.5,15.));
#2414=CARTESIAN_POINT('Origin',(0.,-3.46944695195361E-16,16.));
#2415=CARTESIAN_POINT('Origin',(0.,0.,16.));
#2416=CARTESIAN_POINT('',(4.,4.89858719658941E-16,16.));
#2417=CARTESIAN_POINT('Origin',(0.,0.,16.));
#2418=CARTESIAN_POINT('Origin',(0.,0.,16.));
#2419=CARTESIAN_POINT('Origin',(0.,0.,17.));
#2420=CARTESIAN_POINT('Origin',(0.,0.,17.));
#2421=CARTESIAN_POINT('Origin',(0.,0.,17.));
#2422=CARTESIAN_POINT('Origin',(0.,0.,17.));
#2423=CARTESIAN_POINT('Origin',(0.,0.,15.));
#2424=CARTESIAN_POINT('',(-1.12454422995652,0.992673297148413,0.));
#2425=CARTESIAN_POINT('Ctrl Pts',(-1.12276997667711,0.991691236364738,-1.2793585635329E-16));
#2426=CARTESIAN_POINT('Ctrl Pts',(-1.30397264112374,0.785180086082507,0.0435703688942098));
#2427=CARTESIAN_POINT('Ctrl Pts',(-1.47249484925149,0.449284753956333,0.101120279164332));
#2428=CARTESIAN_POINT('Ctrl Pts',(-1.50143511748479,0.0887576746221526,
0.158670189434454));
#2429=CARTESIAN_POINT('Ctrl Pts',(-1.50066861006561,0.00106622637963523,
0.172649730810367));
#2430=CARTESIAN_POINT('Origin',(0.,0.,0.));
#2431=CARTESIAN_POINT('Origin',(0.,0.,0.));
#2432=CARTESIAN_POINT('Origin',(0.,0.,0.));
#2433=CARTESIAN_POINT('Origin',(0.,0.,15.));
#2434=CARTESIAN_POINT('',(4.,4.89858719658941E-16,15.));
#2435=CARTESIAN_POINT('Origin',(0.,0.,15.));
#2436=CARTESIAN_POINT('',(2.12495870737507,-0.947388879270534,15.));
#2437=CARTESIAN_POINT('Ctrl Pts',(-1.12648617811515,-0.994477048230338,
15.));
#2438=CARTESIAN_POINT('Ctrl Pts',(-1.12249091514773,-1.00271117805883,15.));
#2439=CARTESIAN_POINT('Ctrl Pts',(-1.11841407218403,-1.01090022639253,15.));
#2440=CARTESIAN_POINT('Ctrl Pts',(-1.11425623546388,-1.01904283500022,15.));
#2441=CARTESIAN_POINT('Ctrl Pts',(-1.08915072074119,-1.06820887831568,15.));
#2442=CARTESIAN_POINT('Ctrl Pts',(-1.06109639361454,-1.11568046305406,15.));
#2443=CARTESIAN_POINT('Ctrl Pts',(-1.03042012152682,-1.16137463310514,15.));
#2444=CARTESIAN_POINT('Ctrl Pts',(-0.999135190147471,-1.20797543813112,
15.));
#2445=CARTESIAN_POINT('Ctrl Pts',(-0.965123257755247,-1.25272833696898,
15.));
#2446=CARTESIAN_POINT('Ctrl Pts',(-0.92867793245384,-1.29555620218866,15.));
#2447=CARTESIAN_POINT('Ctrl Pts',(-0.89083924711404,-1.34002144162391,15.));
#2448=CARTESIAN_POINT('Ctrl Pts',(-0.850377549647643,-1.38241252195168,
15.));
#2449=CARTESIAN_POINT('Ctrl Pts',(-0.807564275141892,-1.42264217777165,
15.));
#2450=CARTESIAN_POINT('Ctrl Pts',(-0.795457263766698,-1.43401857694353,
15.));
#2451=CARTESIAN_POINT('Ctrl Pts',(-0.783161863995718,-1.4452220789306,15.));
#2452=CARTESIAN_POINT('Ctrl Pts',(-0.770683440528038,-1.45625054163082,
15.));
#2453=CARTESIAN_POINT('Ctrl Pts',(-0.761504327406245,-1.46436306537607,
15.));
#2454=CARTESIAN_POINT('Ctrl Pts',(-0.752231983341445,-1.47237566039377,
15.));
#2455=CARTESIAN_POINT('Ctrl Pts',(-0.742874902263788,-1.48028287277617,
15.));
#2456=CARTESIAN_POINT('Ctrl Pts',(-0.696232011343578,-1.51969850266909,
15.));
#2457=CARTESIAN_POINT('Ctrl Pts',(-0.647445434986182,-1.55653316199454,
15.));
#2458=CARTESIAN_POINT('Ctrl Pts',(-0.596858242279817,-1.59071212294562,
15.));
#2459=CARTESIAN_POINT('Ctrl Pts',(-0.545042326131152,-1.62572126419149,
15.));
#2460=CARTESIAN_POINT('Ctrl Pts',(-0.491336960771358,-1.65794498685866,
15.));
#2461=CARTESIAN_POINT('Ctrl Pts',(-0.43605590743977,-1.68729696742893,15.));
#2462=CARTESIAN_POINT('Ctrl Pts',(-0.378670056734482,-1.71776650940395,
15.));
#2463=CARTESIAN_POINT('Ctrl Pts',(-0.319585832545395,-1.74514255162136,
15.));
#2464=CARTESIAN_POINT('Ctrl Pts',(-0.259101057924786,-1.76930702024358,
15.));
#2465=CARTESIAN_POINT('Ctrl Pts',(-0.241901169582881,-1.7761786034602,15.));
#2466=CARTESIAN_POINT('Ctrl Pts',(-0.224587731262374,-1.78279029714162,
15.));
#2467=CARTESIAN_POINT('Ctrl Pts',(-0.207166933048238,-1.78913889034345,
15.));
#2468=CARTESIAN_POINT('Ctrl Pts',(-0.196214576868294,-1.79313021457173,
15.));
#2469=CARTESIAN_POINT('Ctrl Pts',(-0.185229122213026,-1.79701412665582,
15.));
#2470=CARTESIAN_POINT('Ctrl Pts',(-0.174213741857407,-1.80078983688352,
15.));
#2471=CARTESIAN_POINT('Ctrl Pts',(-0.110872749937913,-1.82250104641982,
15.));
#2472=CARTESIAN_POINT('Ctrl Pts',(-0.0465339032627863,-1.8406403803225,
15.));
#2473=CARTESIAN_POINT('Ctrl Pts',(0.0184480241986931,-1.85512887609441,
15.));
#2474=CARTESIAN_POINT('Ctrl Pts',(0.084870013240627,-1.8699384507714,15.));
#2475=CARTESIAN_POINT('Ctrl Pts',(0.151964573896789,-1.88093455325442,15.));
#2476=CARTESIAN_POINT('Ctrl Pts',(0.219400598707246,-1.88800780206185,15.));
#2477=CARTESIAN_POINT('Ctrl Pts',(0.248794004332796,-1.89109082588882,15.));
#2478=CARTESIAN_POINT('Ctrl Pts',(0.278252824573289,-1.89342816736294,15.));
#2479=CARTESIAN_POINT('Ctrl Pts',(0.307751847205635,-1.89500860109188,15.));
#2480=CARTESIAN_POINT('Ctrl Pts',(0.3519179338726,-1.89737483450623,15.));
#2481=CARTESIAN_POINT('Ctrl Pts',(0.39617399138044,-1.89804487257292,15.));
#2482=CARTESIAN_POINT('Ctrl Pts',(0.440458797607618,-1.89707018110166,15.));
#2483=CARTESIAN_POINT('Ctrl Pts',(0.455511720739861,-1.8967388720807,15.));
#2484=CARTESIAN_POINT('Ctrl Pts',(0.470568000254299,-1.8962174500461,15.));
#2485=CARTESIAN_POINT('Ctrl Pts',(0.485625328127125,-1.89550768495293,15.));
#2486=CARTESIAN_POINT('Ctrl Pts',(0.496437347293717,-1.89499803318364,15.));
#2487=CARTESIAN_POINT('Ctrl Pts',(0.507247458732831,-1.89439133045153,15.));
#2488=CARTESIAN_POINT('Ctrl Pts',(0.518045888517216,-1.89368906264857,15.));
#2489=CARTESIAN_POINT('Ctrl Pts',(0.586603687985677,-1.88923045744669,15.));
#2490=CARTESIAN_POINT('Ctrl Pts',(0.654789528468631,-1.88091883741978,15.));
#2491=CARTESIAN_POINT('Ctrl Pts',(0.72235391719597,-1.86900961606044,15.));
#2492=CARTESIAN_POINT('Ctrl Pts',(0.792477464448507,-1.85664930521528,15.));
#2493=CARTESIAN_POINT('Ctrl Pts',(0.861932219697575,-1.84041402441187,15.));
#2494=CARTESIAN_POINT('Ctrl Pts',(0.930466801942395,-1.82053949074575,15.));
#2495=CARTESIAN_POINT('Ctrl Pts',(0.990434561406613,-1.80314927378791,15.));
#2496=CARTESIAN_POINT('Ctrl Pts',(1.04969860337452,-1.78297196498109,15.));
#2497=CARTESIAN_POINT('Ctrl Pts',(1.10810044008188,-1.76013372103151,15.));
#2498=CARTESIAN_POINT('Ctrl Pts',(1.13436337322702,-1.7498635085208,15.));
#2499=CARTESIAN_POINT('Ctrl Pts',(1.16045202685051,-1.73905479450944,15.));
#2500=CARTESIAN_POINT('Ctrl Pts',(1.18635220119064,-1.72771713160885,15.));
#2501=CARTESIAN_POINT('Ctrl Pts',(1.20072785382564,-1.72142426649485,15.));
#2502=CARTESIAN_POINT('Ctrl Pts',(1.21504544236994,-1.71496842698104,15.));
#2503=CARTESIAN_POINT('Ctrl Pts',(1.22930253499723,-1.70835109078525,15.));
#2504=CARTESIAN_POINT('Ctrl Pts',(1.24051463344668,-1.70314706870026,15.));
#2505=CARTESIAN_POINT('Ctrl Pts',(1.251686137503,-1.69784457728598,15.));
#2506=CARTESIAN_POINT('Ctrl Pts',(1.26280686835293,-1.69244904219097,15.));
#2507=CARTESIAN_POINT('Ctrl Pts',(1.33066309284277,-1.65952668793295,15.));
#2508=CARTESIAN_POINT('Ctrl Pts',(1.39672542674503,-1.62309909308849,15.));
#2509=CARTESIAN_POINT('Ctrl Pts',(1.46073246053394,-1.5834278574217,15.));
#2510=CARTESIAN_POINT('Ctrl Pts',(1.5265986070968,-1.54260435306474,15.));
#2511=CARTESIAN_POINT('Ctrl Pts',(1.59028926862249,-1.49834612353838,15.));
#2512=CARTESIAN_POINT('Ctrl Pts',(1.65153024515595,-1.45088386916841,15.));
#2513=CARTESIAN_POINT('Ctrl Pts',(1.71286642623134,-1.40334783050494,15.));
#2514=CARTESIAN_POINT('Ctrl Pts',(1.77174637415446,-1.35259756362647,15.));
#2515=CARTESIAN_POINT('Ctrl Pts',(1.82788974751056,-1.29881264637341,15.));
#2516=CARTESIAN_POINT('Ctrl Pts',(1.85577168823206,-1.27210196290506,15.));
#2517=CARTESIAN_POINT('Ctrl Pts',(1.88297852717271,-1.24464205226716,15.));
#2518=CARTESIAN_POINT('Ctrl Pts',(1.90947420797782,-1.21645043431303,15.));
#2519=CARTESIAN_POINT('Ctrl Pts',(1.91793380648661,-1.2074493533082,15.));
#2520=CARTESIAN_POINT('Ctrl Pts',(1.92631349666218,-1.19838155480988,15.));
#2521=CARTESIAN_POINT('Ctrl Pts',(1.93461423627087,-1.1892459101514,15.));
#2522=CARTESIAN_POINT('Ctrl Pts',(1.98945505497815,-1.12888909183068,15.));
#2523=CARTESIAN_POINT('Ctrl Pts',(2.04082197561402,-1.06560515380645,15.));
#2524=CARTESIAN_POINT('Ctrl Pts',(2.08842442026134,-0.999639089523365,15.));
#2525=CARTESIAN_POINT('Ctrl Pts',(2.10086129100104,-0.982404440740651,15.));
#2526=CARTESIAN_POINT('Ctrl Pts',(2.11304115760349,-0.964986437233665,15.));
#2527=CARTESIAN_POINT('Ctrl Pts',(2.12495870737506,-0.947388879270564,15.));
#2528=CARTESIAN_POINT('',(2.12495870737509,0.947388879270479,15.));
#2529=CARTESIAN_POINT('Ctrl Pts',(2.12400477506844,-0.947852372895366,15.));
#2530=CARTESIAN_POINT('Ctrl Pts',(2.15875824842959,-0.870145527282402,15.));
#2531=CARTESIAN_POINT('Ctrl Pts',(2.18925128275847,-0.790768993262116,15.));
#2532=CARTESIAN_POINT('Ctrl Pts',(2.21533632106991,-0.710114016614742,15.));
#2533=CARTESIAN_POINT('Ctrl Pts',(2.24130483033359,-0.629819347953665,15.));
#2534=CARTESIAN_POINT('Ctrl Pts',(2.26290505529691,-0.548256658612811,15.));
#2535=CARTESIAN_POINT('Ctrl Pts',(2.27994541514924,-0.465790125667203,15.));
#2536=CARTESIAN_POINT('Ctrl Pts',(2.28792526188821,-0.427171792503929,15.));
#2537=CARTESIAN_POINT('Ctrl Pts',(2.2949044500425,-0.388355027419561,15.));
#2538=CARTESIAN_POINT('Ctrl Pts',(2.30085941449953,-0.349376487929154,15.));
#2539=CARTESIAN_POINT('Ctrl Pts',(2.30918945785459,-0.294851742027664,15.));
#2540=CARTESIAN_POINT('Ctrl Pts',(2.31551571286646,-0.240010393399549,15.));
#2541=CARTESIAN_POINT('Ctrl Pts',(2.31985262859942,-0.184951941357408,15.));
#2542=CARTESIAN_POINT('Ctrl Pts',(2.32237746402824,-0.152898394797883,15.));
#2543=CARTESIAN_POINT('Ctrl Pts',(2.32422788335823,-0.120771267249759,15.));
#2544=CARTESIAN_POINT('Ctrl Pts',(2.32540526791802,-0.0885903588945595,
15.));
#2545=CARTESIAN_POINT('Ctrl Pts',(2.32599852497492,-0.0723751377756473,
15.));
#2546=CARTESIAN_POINT('Ctrl Pts',(2.32642081064382,-0.0561447830973238,
15.));
#2547=CARTESIAN_POINT('Ctrl Pts',(2.32667220885535,-0.0399204401797296,
15.));
#2548=CARTESIAN_POINT('Ctrl Pts',(2.32798439358738,0.0447632770767365,15.));
#2549=CARTESIAN_POINT('Ctrl Pts',(2.32465059506952,0.129396240031619,15.));
#2550=CARTESIAN_POINT('Ctrl Pts',(2.31676556220351,0.213616727068911,15.));
#2551=CARTESIAN_POINT('Ctrl Pts',(2.31085178755399,0.27678209234688,15.));
#2552=CARTESIAN_POINT('Ctrl Pts',(2.3023768086822,0.339715715230317,15.));
#2553=CARTESIAN_POINT('Ctrl Pts',(2.29136129256642,0.402263385652802,15.));
#2554=CARTESIAN_POINT('Ctrl Pts',(2.28821839151082,0.420109225768746,15.));
#2555=CARTESIAN_POINT('Ctrl Pts',(2.28486817238531,0.437925632753285,15.));
#2556=CARTESIAN_POINT('Ctrl Pts',(2.28131216194779,0.455702572398266,15.));
#2557=CARTESIAN_POINT('Ctrl Pts',(2.26439503983552,0.540273375561299,15.));
#2558=CARTESIAN_POINT('Ctrl Pts',(2.24285881968448,0.623787499625827,15.));
#2559=CARTESIAN_POINT('Ctrl Pts',(2.21678261992211,0.705864438904577,15.));
#2560=CARTESIAN_POINT('Ctrl Pts',(2.19070642015974,0.787941378183326,15.));
#2561=CARTESIAN_POINT('Ctrl Pts',(2.16009005088916,0.868582189552675,15.));
#2562=CARTESIAN_POINT('Ctrl Pts',(2.12495870737509,0.947388879270494,15.));
#2563=CARTESIAN_POINT('Ctrl Pts',(2.12860246356617,0.949185123380722,15.));
#2564=CARTESIAN_POINT('Ctrl Pts',(2.11906218878088,0.963280971298682,15.));
#2565=CARTESIAN_POINT('Ctrl Pts',(2.10935533709675,0.977256662334595,15.));
#2566=CARTESIAN_POINT('Ctrl Pts',(2.09948158454404,0.991109060000653,15.));
#2567=CARTESIAN_POINT('Ctrl Pts',(2.05347562457229,1.05565319852704,15.));
#2568=CARTESIAN_POINT('Ctrl Pts',(2.00384818171836,1.11752429356317,15.));
#2569=CARTESIAN_POINT('Ctrl Pts',(1.95091608503252,1.17654781524181,15.));
#2570=CARTESIAN_POINT('Ctrl Pts',(1.89831859486777,1.2351982238853,15.));
#2571=CARTESIAN_POINT('Ctrl Pts',(1.84245696219427,1.29103720354757,15.));
#2572=CARTESIAN_POINT('Ctrl Pts',(1.78362745083833,1.343845461266,15.));
#2573=CARTESIAN_POINT('Ctrl Pts',(1.73220772104976,1.39000233525494,15.));
#2574=CARTESIAN_POINT('Ctrl Pts',(1.67851999733934,1.43384324828498,15.));
#2575=CARTESIAN_POINT('Ctrl Pts',(1.62276292428156,1.47518924446056,15.));
#2576=CARTESIAN_POINT('Ctrl Pts',(1.61226699834894,1.48297237384075,15.));
#2577=CARTESIAN_POINT('Ctrl Pts',(1.6016977603741,1.49066700418138,15.));
#2578=CARTESIAN_POINT('Ctrl Pts',(1.59105656457891,1.49827181564474,15.));
#2579=CARTESIAN_POINT('Ctrl Pts',(1.57998199022983,1.50618634438594,15.));
#2580=CARTESIAN_POINT('Ctrl Pts',(1.56883656940489,1.51399848332319,15.));
#2581=CARTESIAN_POINT('Ctrl Pts',(1.55762632937429,1.52170430864752,15.));
#2582=CARTESIAN_POINT('Ctrl Pts',(1.49519103800144,1.56462180622827,15.));
#2583=CARTESIAN_POINT('Ctrl Pts',(1.43070259693491,1.6042765589514,15.));
#2584=CARTESIAN_POINT('Ctrl Pts',(1.36444319089424,1.64049964886357,15.));
#2585=CARTESIAN_POINT('Ctrl Pts',(1.29921266331752,1.67616026531974,15.));
#2586=CARTESIAN_POINT('Ctrl Pts',(1.23226472511548,1.70849500502263,15.));
#2587=CARTESIAN_POINT('Ctrl Pts',(1.16386989856545,1.73729277855544,15.));
#2588=CARTESIAN_POINT('Ctrl Pts',(1.09706846929249,1.76541964909387,15.));
#2589=CARTESIAN_POINT('Ctrl Pts',(1.02888595814753,1.79017234290469,15.));
#2590=CARTESIAN_POINT('Ctrl Pts',(0.959589058785627,1.81130668935161,15.));
#2591=CARTESIAN_POINT('Ctrl Pts',(0.939186302124225,1.81752917450931,15.));
#2592=CARTESIAN_POINT('Ctrl Pts',(0.918687085581715,1.8234376845952,15.));
#2593=CARTESIAN_POINT('Ctrl Pts',(0.898098620771502,1.82902519867713,15.));
#2594=CARTESIAN_POINT('Ctrl Pts',(0.885789945581541,1.83236565638429,15.));
#2595=CARTESIAN_POINT('Ctrl Pts',(0.873449375613647,1.83559137790294,15.));
#2596=CARTESIAN_POINT('Ctrl Pts',(0.861078490739524,1.83870080150088,15.));
#2597=CARTESIAN_POINT('Ctrl Pts',(0.848179184534662,1.84194304387227,15.));
#2598=CARTESIAN_POINT('Ctrl Pts',(0.83525427797596,1.84505694219991,15.));
#2599=CARTESIAN_POINT('Ctrl Pts',(0.822312647026847,1.84803965648058,15.));
#2600=CARTESIAN_POINT('Ctrl Pts',(0.75469121563531,1.86362466349271,15.));
#2601=CARTESIAN_POINT('Ctrl Pts',(0.686550075550536,1.87564776400426,15.));
#2602=CARTESIAN_POINT('Ctrl Pts',(0.618124976328924,1.88393638911456,15.));
#2603=CARTESIAN_POINT('Ctrl Pts',(0.551457550221775,1.89201209975813,15.));
#2604=CARTESIAN_POINT('Ctrl Pts',(0.484519868695358,1.8965425137459,15.));
#2605=CARTESIAN_POINT('Ctrl Pts',(0.417548782314945,1.89732293015059,15.));
#2606=CARTESIAN_POINT('Ctrl Pts',(0.367758381639256,1.89790313942572,15.));
#2607=CARTESIAN_POINT('Ctrl Pts',(0.317949849540198,1.89640966145631,15.));
#2608=CARTESIAN_POINT('Ctrl Pts',(0.268230819817125,1.89274268363126,15.));
#2609=CARTESIAN_POINT('Ctrl Pts',(0.232357048989161,1.89009684917191,15.));
#2610=CARTESIAN_POINT('Ctrl Pts',(0.196530040978683,1.88631905727923,15.));
#2611=CARTESIAN_POINT('Ctrl Pts',(0.160799458410489,1.88142142846767,15.));
#2612=CARTESIAN_POINT('Ctrl Pts',(0.147390195750511,1.87958340662686,15.));
#2613=CARTESIAN_POINT('Ctrl Pts',(0.133994549000182,1.87758764824134,15.));
#2614=CARTESIAN_POINT('Ctrl Pts',(0.120615275334796,1.87543473676768,15.));
#2615=CARTESIAN_POINT('Ctrl Pts',(0.108711629006138,1.87351927428442,15.));
#2616=CARTESIAN_POINT('Ctrl Pts',(0.0968290615668542,1.87148068923107,15.));
#2617=CARTESIAN_POINT('Ctrl Pts',(0.084973597253107,1.86932071517721,15.));
#2618=CARTESIAN_POINT('Ctrl Pts',(0.0202639931240442,1.85753112497176,15.));
#2619=CARTESIAN_POINT('Ctrl Pts',(-0.0436838445982023,1.84212144614222,
15.));
#2620=CARTESIAN_POINT('Ctrl Pts',(-0.106603314622677,1.82323141945312,15.));
#2621=CARTESIAN_POINT('Ctrl Pts',(-0.168671867711558,1.80459685969052,15.));
#2622=CARTESIAN_POINT('Ctrl Pts',(-0.229740370120358,1.78257449922124,15.));
#2623=CARTESIAN_POINT('Ctrl Pts',(-0.289513474831891,1.75726812440123,15.));
#2624=CARTESIAN_POINT('Ctrl Pts',(-0.341989837756909,1.73505099989715,15.));
#2625=CARTESIAN_POINT('Ctrl Pts',(-0.393467470072093,1.71030188792037,15.));
#2626=CARTESIAN_POINT('Ctrl Pts',(-0.443714979810895,1.68307989497637,15.));
#2627=CARTESIAN_POINT('Ctrl Pts',(-0.467363701470212,1.67026800962143,15.));
#2628=CARTESIAN_POINT('Ctrl Pts',(-0.490739483022207,1.65690826282289,15.));
#2629=CARTESIAN_POINT('Ctrl Pts',(-0.513815600279826,1.64300649198243,15.));
#2630=CARTESIAN_POINT('Ctrl Pts',(-0.524466831345158,1.63658985907206,15.));
#2631=CARTESIAN_POINT('Ctrl Pts',(-0.53505268746989,1.63005856194551,15.));
#2632=CARTESIAN_POINT('Ctrl Pts',(-0.54556088871664,1.62341960966191,15.));
#2633=CARTESIAN_POINT('Ctrl Pts',(-0.597398891982561,1.59066899687118,15.));
#2634=CARTESIAN_POINT('Ctrl Pts',(-0.647419435699143,1.55525895542534,15.));
#2635=CARTESIAN_POINT('Ctrl Pts',(-0.695346857320935,1.51728751673144,15.));
#2636=CARTESIAN_POINT('Ctrl Pts',(-0.740080962443767,1.48184604559198,15.));
#2637=CARTESIAN_POINT('Ctrl Pts',(-0.782991456316407,1.44417235879672,15.));
#2638=CARTESIAN_POINT('Ctrl Pts',(-0.823812117924041,1.40434041491842,15.));
#2639=CARTESIAN_POINT('Ctrl Pts',(-0.839582700049302,1.38895181225,15.));
#2640=CARTESIAN_POINT('Ctrl Pts',(-0.855040901934274,1.37324106799061,15.));
#2641=CARTESIAN_POINT('Ctrl Pts',(-0.870169593078122,1.3572125456893,15.));
#2642=CARTESIAN_POINT('Ctrl Pts',(-0.879277192256564,1.34756324059377,15.));
#2643=CARTESIAN_POINT('Ctrl Pts',(-0.88826543887658,1.33779850033657,15.));
#2644=CARTESIAN_POINT('Ctrl Pts',(-0.897120963291499,1.3279303605386,15.));
#2645=CARTESIAN_POINT('Ctrl Pts',(-0.935099732382652,1.28560877853103,15.));
#2646=CARTESIAN_POINT('Ctrl Pts',(-0.970688464115998,1.24133648266863,15.));
#2647=CARTESIAN_POINT('Ctrl Pts',(-1.00362585449423,1.19519881617243,15.));
#2648=CARTESIAN_POINT('Ctrl Pts',(-1.0358072962341,1.15012005889049,15.));
#2649=CARTESIAN_POINT('Ctrl Pts',(-1.06545770772911,1.10325981447285,15.));
#2650=CARTESIAN_POINT('Ctrl Pts',(-1.09228402938511,1.05470324773777,15.));
#2651=CARTESIAN_POINT('Ctrl Pts',(-1.10354365417658,1.03432293881545,15.));
#2652=CARTESIAN_POINT('Ctrl Pts',(-1.11430516030589,1.01364392615486,15.));
#2653=CARTESIAN_POINT('Ctrl Pts',(-1.1245442299565,0.992673297148432,15.));
#2654=CARTESIAN_POINT('Ctrl Pts',(2.32658444863165,0.,-0.100121515264187));
#2655=CARTESIAN_POINT('Ctrl Pts',(2.32658444863165,0.766718293403548,-0.0214480290561585));
#2656=CARTESIAN_POINT('Ctrl Pts',(1.510055176418,2.28739280968544,0.135898943359898));
#2657=CARTESIAN_POINT('Ctrl Pts',(-1.08525879405958,2.51957764893485,0.371919401983984));
#2658=CARTESIAN_POINT('Ctrl Pts',(-2.6988265049542,0.478483779903272,0.607939860608068));
#2659=CARTESIAN_POINT('Ctrl Pts',(-1.88480314863276,-1.99100225459965,0.843960319232155));
#2660=CARTESIAN_POINT('Ctrl Pts',(0.627378037987352,-2.66914039111237,1.07998077785624));
#2661=CARTESIAN_POINT('Ctrl Pts',(2.57408781399053,-0.943476157075032,1.31600123648033));
#2662=CARTESIAN_POINT('Ctrl Pts',(2.2035429690663,1.63130704705794,1.55202169510441));
#2663=CARTESIAN_POINT('Ctrl Pts',(-0.151122781099552,2.73752265561545,1.78804215372849));
#2664=CARTESIAN_POINT('Ctrl Pts',(-2.36963889717182,1.3789246970499,2.02406261235258));
#2665=CARTESIAN_POINT('Ctrl Pts',(-2.45470139716988,-1.22113711838312,2.26008307097666));
#2666=CARTESIAN_POINT('Ctrl Pts',(-0.329655856053519,-2.72177589227823,
2.49610352960075));
#2667=CARTESIAN_POINT('Ctrl Pts',(2.09218230856709,-1.77185729459856,2.73212398822483));
#2668=CARTESIAN_POINT('Ctrl Pts',(2.63033550102635,0.773342046877484,2.96814444684892));
#2669=CARTESIAN_POINT('Ctrl Pts',(0.800269082321565,2.62226823431982,3.20416490547301));
#2670=CARTESIAN_POINT('Ctrl Pts',(-1.75031596459352,2.11023964656779,3.44018536409709));
#2671=CARTESIAN_POINT('Ctrl Pts',(-2.72500911165886,-0.301737217197383,
3.67620582272117));
#2672=CARTESIAN_POINT('Ctrl Pts',(-1.24624633985816,-2.44204619404436,3.91222628134526));
#2673=CARTESIAN_POINT('Ctrl Pts',(1.35457110491685,-2.383664450334,4.14824673996935));
#2674=CARTESIAN_POINT('Ctrl Pts',(2.73580381590991,-0.179156242917584,4.38426719859343));
#2675=CARTESIAN_POINT('Ctrl Pts',(1.65386202487815,2.18665493034705,4.62028765721752));
#2676=CARTESIAN_POINT('Ctrl Pts',(-0.917130458162557,2.58371651976134,4.8563081158416));
#2677=CARTESIAN_POINT('Ctrl Pts',(-2.66238674025704,0.654535126606689,5.09232857446568));
#2678=CARTESIAN_POINT('Ctrl Pts',(-2.01056946612081,-1.8639554154225,5.32834903308978));
#2679=CARTESIAN_POINT('Ctrl Pts',(0.451459223011112,-2.70423814300589,5.56436949171386));
#2680=CARTESIAN_POINT('Ctrl Pts',(2.50701768081781,-1.10976651585429,5.80038995033794));
#2681=CARTESIAN_POINT('Ctrl Pts',(2.30538875226772,1.48388074639424,6.03641040896203));
#2682=CARTESIAN_POINT('Ctrl Pts',(0.02810856393694,2.74151951970784,6.27243086758612));
#2683=CARTESIAN_POINT('Ctrl Pts',(-2.27447910320272,1.5308377374479,6.5084513262102));
#2684=CARTESIAN_POINT('Ctrl Pts',(-2.52924493844332,-1.05813014803058,6.74447178483428));
#2685=CARTESIAN_POINT('Ctrl Pts',(-0.506811130399318,-2.69441308023184,
6.98049224345838));
#2686=CARTESIAN_POINT('Ctrl Pts',(1.97192886926336,-1.90478762687903,7.21651270208245));
#2687=CARTESIAN_POINT('Ctrl Pts',(2.67524741817339,0.599808819906849,7.45253316070654));
#2688=CARTESIAN_POINT('Ctrl Pts',(0.969913339572454,2.56436882733242,7.68855361933062));
#2689=CARTESIAN_POINT('Ctrl Pts',(-1.60867989926484,2.22010548185952,7.92457407795472));
#2690=CARTESIAN_POINT('Ctrl Pts',(-2.7389020305042,-0.123024535136997,8.16059453657879));
#2691=CARTESIAN_POINT('Ctrl Pts',(-1.40316025591022,-2.35538970555937,8.39661499520289));
#2692=CARTESIAN_POINT('Ctrl Pts',(1.19591350587696,-2.46708537656755,8.63263545382696));
#2693=CARTESIAN_POINT('Ctrl Pts',(2.71824939726328,-0.357546617349843,8.86865591245105));
#2694=CARTESIAN_POINT('Ctrl Pts',(1.79321593162501,2.0739083853613,9.10467637107514));
#2695=CARTESIAN_POINT('Ctrl Pts',(-0.746335217380677,2.63812492348246,9.34069682969923));
#2696=CARTESIAN_POINT('Ctrl Pts',(-2.61392523581374,0.827111983482659,9.5767172883233));
#2697=CARTESIAN_POINT('Ctrl Pts',(-2.12807390532668,-1.72858925647403,9.8127377469474));
#2698=CARTESIAN_POINT('Ctrl Pts',(0.273783682725164,-2.7279592855931,10.0487582055715));
#2699=CARTESIAN_POINT('Ctrl Pts',(2.42914079259792,-1.27121768253722,10.2847786641956));
#2700=CARTESIAN_POINT('Ctrl Pts',(2.39742677427495,1.33006172554762,10.5207991228196));
#2701=CARTESIAN_POINT('Ctrl Pts',(0.207195308141733,2.73382323606139,10.7568195814437));
#2702=CARTESIAN_POINT('Ctrl Pts',(-2.16958400922413,1.67619351670461,10.9928400400678));
#2703=CARTESIAN_POINT('Ctrl Pts',(-2.59298344620573,-0.890593025890479,
11.2288604986919));
#2704=CARTESIAN_POINT('Ctrl Pts',(-0.681796611092602,-2.65553628003066,
11.464880957316));
#2705=CARTESIAN_POINT('Ctrl Pts',(1.84324452988476,-2.02957375079491,11.7009014159401));
#2706=CARTESIAN_POINT('Ctrl Pts',(2.70872417754412,0.423710599165766,11.9369218745642));
#2707=CARTESIAN_POINT('Ctrl Pts',(1.13541178348838,2.49550824057111,12.1729423331882));
#2708=CARTESIAN_POINT('Ctrl Pts',(-1.46016840735435,2.32048076733949,12.4089627918123));
#2709=CARTESIAN_POINT('Ctrl Pts',(-2.74108464388123,0.0562144090225174,
12.6449832504364));
#2710=CARTESIAN_POINT('Ctrl Pts',(-1.55408110552706,-2.25866529363275,12.8810037090605));
#2711=CARTESIAN_POINT('Ctrl Pts',(1.03215338858522,-2.53995948660462,13.1170241676846));
#2712=CARTESIAN_POINT('Ctrl Pts',(2.68905698295665,-0.534410296996505,13.3530446263087));
#2713=CARTESIAN_POINT('Ctrl Pts',(1.92493992804588,1.95229983823947,13.5890650849328));
#2714=CARTESIAN_POINT('Ctrl Pts',(-0.572417724173496,2.68125012771179,13.8250855435568));
#2715=CARTESIAN_POINT('Ctrl Pts',(-2.55415945749933,0.996165045948881,14.0611060021809));
#2716=CARTESIAN_POINT('Ctrl Pts',(-2.23673249681179,-1.58585666682789,14.297126460805));
#2717=CARTESIAN_POINT('Ctrl Pts',(0.0954198217969308,-2.73997590217963,
14.5331469194291));
#2718=CARTESIAN_POINT('Ctrl Pts',(2.33995189681902,-1.42731788752432,14.7691673780532));
#2719=CARTESIAN_POINT('Ctrl Pts',(2.48102597803927,1.17071272111906,15.0051878366773));
#2720=CARTESIAN_POINT('Ctrl Pts',(0.381673284471516,2.71417722441778,15.2412082953014));
#2721=CARTESIAN_POINT('Ctrl Pts',(-1.23683089394555,2.114497925711,15.3985552677174));
#2722=CARTESIAN_POINT('Ctrl Pts',(-1.74423141147683,1.5396921704783,15.4772287539254));
#2723=CARTESIAN_POINT('Ctrl Pts',(2.05105629908776,0.,-0.259197766572667));
#2724=CARTESIAN_POINT('Ctrl Pts',(2.05105629908776,0.675918893137991,-0.180524280364638));
#2725=CARTESIAN_POINT('Ctrl Pts',(1.33122534339289,2.01650597017989,-0.0231773079485811));
#2726=CARTESIAN_POINT('Ctrl Pts',(-0.956735908299158,2.22119408170545,0.212843150675503));
#2727=CARTESIAN_POINT('Ctrl Pts',(-2.37921520810772,0.421818847520937,0.448863609299589));
#2728=CARTESIAN_POINT('Ctrl Pts',(-1.66159340264537,-1.75521577056716,0.684884067923674));
#2729=CARTESIAN_POINT('Ctrl Pts',(0.553080150381,-2.35304470274458,0.92090452654776));
#2730=CARTESIAN_POINT('Ctrl Pts',(2.26924882455716,-0.831744025516025,1.15692498517184));
#2731=CARTESIAN_POINT('Ctrl Pts',(1.94258613293498,1.43811783689275,1.39294544379593));
#2732=CARTESIAN_POINT('Ctrl Pts',(-0.133225910751791,2.41332872743898,1.62896590242001));
#2733=CARTESIAN_POINT('Ctrl Pts',(-2.08901198040164,1.21562412553531,1.8649863610441));
#2734=CARTESIAN_POINT('Ctrl Pts',(-2.16400086659478,-1.07652270270381,2.10100681966818));
#2735=CARTESIAN_POINT('Ctrl Pts',(-0.290616023195462,-2.39944679070032,
2.33702727829227));
#2736=CARTESIAN_POINT('Ctrl Pts',(1.84441347287021,-1.56202327721583,2.57304773691635));
#2737=CARTESIAN_POINT('Ctrl Pts',(2.31883532156645,0.681758221813258,2.80906819554044));
#2738=CARTESIAN_POINT('Ctrl Pts',(0.705496395467698,2.31172342919367,3.04508865416452));
#2739=CARTESIAN_POINT('Ctrl Pts',(-1.54303300131007,1.86033235209803,3.28110911278862));
#2740=CARTESIAN_POINT('Ctrl Pts',(-2.40229711275971,-0.266003677780057,
3.51712957141269));
#2741=CARTESIAN_POINT('Ctrl Pts',(-1.09865833887289,-2.15284436887895,3.75315003003678));
#2742=CARTESIAN_POINT('Ctrl Pts',(1.19415463252838,-2.10137654304555,3.98917048866086));
#2743=CARTESIAN_POINT('Ctrl Pts',(2.41181344308846,-0.157939481102061,4.22519094728496));
#2744=CARTESIAN_POINT('Ctrl Pts',(1.45800171833154,1.92769807752193,4.46121140590903));
#2745=CARTESIAN_POINT('Ctrl Pts',(-0.808518343018195,2.27773724097157,4.69723186453313));
#2746=CARTESIAN_POINT('Ctrl Pts',(-2.34709085991854,0.577021132927466,4.9332523231572));
#2747=CARTESIAN_POINT('Ctrl Pts',(-1.7724657149952,-1.6432145836226,5.1692727817813));
#2748=CARTESIAN_POINT('Ctrl Pts',(0.397994701495922,-2.38398596737281,5.40529324040538));
#2749=CARTESIAN_POINT('Ctrl Pts',(2.21012154069456,-0.978341278004472,5.64131369902946));
#2750=CARTESIAN_POINT('Ctrl Pts',(2.03237072480467,1.30815064708997,5.87733415765355));
#2751=CARTESIAN_POINT('Ctrl Pts',(0.0247797784237243,2.41685225880192,6.11335461627763));
#2752=CARTESIAN_POINT('Ctrl Pts',(-2.00512158263206,1.3495467083176,6.34937507490173));
#2753=CARTESIAN_POINT('Ctrl Pts',(-2.22971651253882,-0.932820000000089,
6.5853955335258));
#2754=CARTESIAN_POINT('Ctrl Pts',(-0.446791502481108,-2.37532444773465,
6.8214159921499));
#2755=CARTESIAN_POINT('Ctrl Pts',(1.73840117045155,-1.67921119855865,7.05743645077397));
#2756=CARTESIAN_POINT('Ctrl Pts',(2.35842849886234,0.528775845227493,7.29345690939806));
#2757=CARTESIAN_POINT('Ctrl Pts',(0.855050357561422,2.26068081886212,7.52947736802215));
#2758=CARTESIAN_POINT('Ctrl Pts',(-1.41817033228412,1.95718721316364,7.76549782664623));
#2759=CARTESIAN_POINT('Ctrl Pts',(-2.4145447484418,-0.108455228385751,8.00151828527031));
#2760=CARTESIAN_POINT('Ctrl Pts',(-1.23698956348088,-2.07645026392028,8.23753874389441));
#2761=CARTESIAN_POINT('Ctrl Pts',(1.05428622237878,-2.1749182605309,8.47355920251849));
#2762=CARTESIAN_POINT('Ctrl Pts',(2.39633792447439,-0.315203792479672,8.70957966114257));
#2763=CARTESIAN_POINT('Ctrl Pts',(1.58085249574636,1.82830365776235,8.94560011976665));
#2764=CARTESIAN_POINT('Ctrl Pts',(-0.657949703798624,2.32570227367913,9.18162057839075));
#2765=CARTESIAN_POINT('Ctrl Pts',(-2.3043684588425,0.729160398527907,9.41764103701483));
#2766=CARTESIAN_POINT('Ctrl Pts',(-1.87605457047205,-1.52387930088319,9.65366149563892));
#2767=CARTESIAN_POINT('Ctrl Pts',(0.241360569297694,-2.40489790932001,9.88968195426298));
#2768=CARTESIAN_POINT('Ctrl Pts',(2.14146730283497,-1.12067242468383,10.1257024128871));
#2769=CARTESIAN_POINT('Ctrl Pts',(2.11350904965875,1.1725478015485,10.3617228715111));
#2770=CARTESIAN_POINT('Ctrl Pts',(0.182657991269335,2.41006741543984,10.5977433301353));
#2771=CARTESIAN_POINT('Ctrl Pts',(-1.91264879774143,1.4776885803346,10.8337637887593));
#2772=CARTESIAN_POINT('Ctrl Pts',(-2.28590672214735,-0.785123633380522,
11.0697842473834));
#2773=CARTESIAN_POINT('Ctrl Pts',(-0.601054148152939,-2.3410516724705,11.3058047060075));
#2774=CARTESIAN_POINT('Ctrl Pts',(1.62495640594637,-1.78921939776541,11.5418251646316));
#2775=CARTESIAN_POINT('Ctrl Pts',(2.38794073866983,0.373532236889281,11.7778456232557));
#2776=CARTESIAN_POINT('Ctrl Pts',(1.00094947851644,2.1999751177135,12.0138660818798));
#2777=CARTESIAN_POINT('Ctrl Pts',(-1.28724646612097,2.04567545251275,12.2498865405039));
#2778=CARTESIAN_POINT('Ctrl Pts',(-2.4164688835911,0.0495571599788444,12.4859069991279));
#2779=CARTESIAN_POINT('Ctrl Pts',(-1.3700374566929,-1.99118053967953,12.721927457752));
#2780=CARTESIAN_POINT('Ctrl Pts',(0.909919564934595,-2.23916217934496,12.9579479163761));
#2781=CARTESIAN_POINT('Ctrl Pts',(2.37060265177265,-0.471122209467491,13.1939683750002));
#2782=CARTESIAN_POINT('Ctrl Pts',(1.69697694279101,1.72109672755879,13.4299888336243));
#2783=CARTESIAN_POINT('Ctrl Pts',(-0.504628568099492,2.3637203313671,13.6660092922484));
#2784=CARTESIAN_POINT('Ctrl Pts',(-2.25168050412255,0.878193178685683,13.9020297508724));
#2785=CARTESIAN_POINT('Ctrl Pts',(-1.97184515681703,-1.39804996455671,14.1380502094965));
#2786=CARTESIAN_POINT('Ctrl Pts',(0.0841196315352031,-2.41549144576268,
14.3740706681206));
#2787=CARTESIAN_POINT('Ctrl Pts',(2.0628406935135,-1.25828630279429,14.6100911267447));
#2788=CARTESIAN_POINT('Ctrl Pts',(2.18720793197544,1.03206986640251,14.8461115853688));
#2789=CARTESIAN_POINT('Ctrl Pts',(0.336473234302426,2.39274800287467,15.0821320439929));
#2790=CARTESIAN_POINT('Ctrl Pts',(-1.09035792679924,1.86408634016629,15.2394790164089));
#2791=CARTESIAN_POINT('Ctrl Pts',(-1.53766901763672,1.35735254603501,15.318152502617));
#2792=CARTESIAN_POINT('Ctrl Pts',(1.77552814954388,0.,-0.418274017881146));
#2793=CARTESIAN_POINT('Ctrl Pts',(1.77552814954388,0.585119492872436,-0.339600531673118));
#2794=CARTESIAN_POINT('Ctrl Pts',(1.15239551036778,1.74561913067432,-0.182253559257061));
#2795=CARTESIAN_POINT('Ctrl Pts',(-0.828213022538734,1.92281051447606,0.0537668993670243));
#2796=CARTESIAN_POINT('Ctrl Pts',(-2.05960391126124,0.365153915138596,0.289787357991109));
#2797=CARTESIAN_POINT('Ctrl Pts',(-1.43838365665799,-1.51942928653466,0.525807816615194));
#2798=CARTESIAN_POINT('Ctrl Pts',(0.478782262774643,-2.03694901437679,0.761828275239281));
#2799=CARTESIAN_POINT('Ctrl Pts',(1.96440983512379,-0.720011893957013,0.997848733863364));
#2800=CARTESIAN_POINT('Ctrl Pts',(1.68162929680364,1.24492862672755,1.23386919248745));
#2801=CARTESIAN_POINT('Ctrl Pts',(-0.115329040404025,2.08913479926251,1.46988965111153));
#2802=CARTESIAN_POINT('Ctrl Pts',(-1.80838506363146,1.05232355402071,1.70591010973562));
#2803=CARTESIAN_POINT('Ctrl Pts',(-1.87330033601968,-0.931908287024489,
1.9419305683597));
#2804=CARTESIAN_POINT('Ctrl Pts',(-0.251576190337408,-2.07711768912241,
2.17795102698379));
#2805=CARTESIAN_POINT('Ctrl Pts',(1.59664463717332,-1.35218925983309,2.41397148560788));
#2806=CARTESIAN_POINT('Ctrl Pts',(2.00733514210655,0.59017439674903,2.64999194423196));
#2807=CARTESIAN_POINT('Ctrl Pts',(0.610723708613832,2.00117862406752,2.88601240285605));
#2808=CARTESIAN_POINT('Ctrl Pts',(-1.33575003802661,1.61042505762826,3.12203286148013));
#2809=CARTESIAN_POINT('Ctrl Pts',(-2.07958511386057,-0.230270138362731,
3.35805332010422));
#2810=CARTESIAN_POINT('Ctrl Pts',(-0.951070337887624,-1.86364254371355,
3.5940737787283));
#2811=CARTESIAN_POINT('Ctrl Pts',(1.03373816013992,-1.81908863575711,3.83009423735239));
#2812=CARTESIAN_POINT('Ctrl Pts',(2.08782307026702,-0.136722719286539,4.06611469597648));
#2813=CARTESIAN_POINT('Ctrl Pts',(1.26214141178493,1.6687412246968,4.30213515460056));
#2814=CARTESIAN_POINT('Ctrl Pts',(-0.699906227873832,1.97175796218181,4.53815561322464));
#2815=CARTESIAN_POINT('Ctrl Pts',(-2.03179497958003,0.499507139248243,4.77417607184873));
#2816=CARTESIAN_POINT('Ctrl Pts',(-1.5343619638696,-1.4224737518227,5.01019653047282));
#2817=CARTESIAN_POINT('Ctrl Pts',(0.344530179980733,-2.06373379173971,5.24621698909689));
#2818=CARTESIAN_POINT('Ctrl Pts',(1.91322540057131,-0.846916040154659,5.48223744772099));
#2819=CARTESIAN_POINT('Ctrl Pts',(1.75935269734163,1.1324205477857,5.71825790634507));
#2820=CARTESIAN_POINT('Ctrl Pts',(0.021450992910507,2.09218499789601,5.95427836496915));
#2821=CARTESIAN_POINT('Ctrl Pts',(-1.7357640620614,1.16825567918731,6.19029882359324));
#2822=CARTESIAN_POINT('Ctrl Pts',(-1.93018808663433,-0.807509851969604,
6.42631928221733));
#2823=CARTESIAN_POINT('Ctrl Pts',(-0.386771874562896,-2.05623581523745,
6.66233974084141));
#2824=CARTESIAN_POINT('Ctrl Pts',(1.50487347163974,-1.45363477023827,6.8983601994655));
#2825=CARTESIAN_POINT('Ctrl Pts',(2.0416095795513,0.457742870548137,7.13438065808958));
#2826=CARTESIAN_POINT('Ctrl Pts',(0.74018737555039,1.95699281039182,7.37040111671367));
#2827=CARTESIAN_POINT('Ctrl Pts',(-1.22766076530341,1.69426894446776,7.60642157533775));
#2828=CARTESIAN_POINT('Ctrl Pts',(-2.0901874663794,-0.0938859216345045,
7.84244203396184));
#2829=CARTESIAN_POINT('Ctrl Pts',(-1.07081887105153,-1.7975108222812,8.07846249258592));
#2830=CARTESIAN_POINT('Ctrl Pts',(0.912658938880594,-1.88275114449425,8.31448295121001));
#2831=CARTESIAN_POINT('Ctrl Pts',(2.07442645168551,-0.272860967609498,8.55050340983409));
#2832=CARTESIAN_POINT('Ctrl Pts',(1.36848905986771,1.58269893016339,8.78652386845819));
#2833=CARTESIAN_POINT('Ctrl Pts',(-0.569564190216567,2.0132796238758,9.02254432708225));
#2834=CARTESIAN_POINT('Ctrl Pts',(-1.99481168187126,0.631208813573155,9.25856478570635));
#2835=CARTESIAN_POINT('Ctrl Pts',(-1.62403523561741,-1.31916934529235,9.49458524433043));
#2836=CARTESIAN_POINT('Ctrl Pts',(0.208937455870222,-2.08183653304691,9.73060570295452));
#2837=CARTESIAN_POINT('Ctrl Pts',(1.85379381307203,-0.970127166830438,9.96662616157861));
#2838=CARTESIAN_POINT('Ctrl Pts',(1.82959132504255,1.0150338775494,10.2026466202027));
#2839=CARTESIAN_POINT('Ctrl Pts',(0.158120674396937,2.0863115948183,10.4386670788268));
#2840=CARTESIAN_POINT('Ctrl Pts',(-1.65571358625873,1.2791836439646,10.6746875374509));
#2841=CARTESIAN_POINT('Ctrl Pts',(-1.97882999808897,-0.679654240870566,
10.9107079960749));
#2842=CARTESIAN_POINT('Ctrl Pts',(-0.520311685213277,-2.02656706491034,
11.146728454699));
#2843=CARTESIAN_POINT('Ctrl Pts',(1.40666828200798,-1.54886504473591,11.3827489133231));
#2844=CARTESIAN_POINT('Ctrl Pts',(2.06715729979554,0.323353874612797,11.6187693719472));
#2845=CARTESIAN_POINT('Ctrl Pts',(0.866487173544506,1.90444199485588,11.8547898305713));
#2846=CARTESIAN_POINT('Ctrl Pts',(-1.11432452488759,1.77087013768601,12.0908102891954));
#2847=CARTESIAN_POINT('Ctrl Pts',(-2.09185312330098,0.0428999109351698,
12.3268307478195));
#2848=CARTESIAN_POINT('Ctrl Pts',(-1.18599380785874,-1.72369578572631,12.5628512064435));
#2849=CARTESIAN_POINT('Ctrl Pts',(0.787685741283967,-1.9383648720853,12.7988716650676));
#2850=CARTESIAN_POINT('Ctrl Pts',(2.05214832058864,-0.407834121938477,13.0348921236917));
#2851=CARTESIAN_POINT('Ctrl Pts',(1.46901395753615,1.4898936168781,13.2709125823158));
#2852=CARTESIAN_POINT('Ctrl Pts',(-0.436839412025486,2.04619053502241,13.5069330409399));
#2853=CARTESIAN_POINT('Ctrl Pts',(-1.94920155074577,0.760221311422487,13.742953499564));
#2854=CARTESIAN_POINT('Ctrl Pts',(-1.70695781682226,-1.21024326228553,13.978973958188));
#2855=CARTESIAN_POINT('Ctrl Pts',(0.0728194412734745,-2.09100698934572,
14.2149944168121));
#2856=CARTESIAN_POINT('Ctrl Pts',(1.78572949020797,-1.08925471806425,14.4510148754362));
#2857=CARTESIAN_POINT('Ctrl Pts',(1.8933898859116,0.893427011685959,14.6870353340603));
#2858=CARTESIAN_POINT('Ctrl Pts',(0.291273184133337,2.07131878133156,14.9230557926844));
#2859=CARTESIAN_POINT('Ctrl Pts',(-0.943884959652941,1.61367475462157,15.0804027651004));
#2860=CARTESIAN_POINT('Ctrl Pts',(-1.33110662379661,1.17501292159172,15.1590762513085));
#2861=CARTESIAN_POINT('Ctrl Pts',(1.5,0.,-0.577350269189626));
#2862=CARTESIAN_POINT('Ctrl Pts',(1.5,0.49432009260688,-0.498676782981597));
#2863=CARTESIAN_POINT('Ctrl Pts',(0.973565677342675,1.47473229116877,-0.341329810565541));
#2864=CARTESIAN_POINT('Ctrl Pts',(-0.699690136778311,1.62442694724667,-0.105309351941455));
#2865=CARTESIAN_POINT('Ctrl Pts',(-1.73999261441476,0.308488982756261,0.13071110668263));
#2866=CARTESIAN_POINT('Ctrl Pts',(-1.21517391067061,-1.28364280250217,0.366731565306716));
#2867=CARTESIAN_POINT('Ctrl Pts',(0.404484375168288,-1.72085332600899,0.6027520239308));
#2868=CARTESIAN_POINT('Ctrl Pts',(1.65957084569042,-0.608279762398006,0.838772482554886));
#2869=CARTESIAN_POINT('Ctrl Pts',(1.42067246067231,1.05173941656236,1.07479294117897));
#2870=CARTESIAN_POINT('Ctrl Pts',(-0.0974321700562617,1.76494087108604,
1.31081339980306));
#2871=CARTESIAN_POINT('Ctrl Pts',(-1.52775814686127,0.889022982506115,1.54683385842714));
#2872=CARTESIAN_POINT('Ctrl Pts',(-1.58259980544458,-0.787293871345173,
1.78285431705123));
#2873=CARTESIAN_POINT('Ctrl Pts',(-0.212536357479352,-1.75478858754451,
2.01887477567531));
#2874=CARTESIAN_POINT('Ctrl Pts',(1.34887580147644,-1.14235524245036,2.2548952342994));
#2875=CARTESIAN_POINT('Ctrl Pts',(1.69583496264665,0.498590571684803,2.49091569292348));
#2876=CARTESIAN_POINT('Ctrl Pts',(0.515951021759966,1.69063381894137,2.72693615154757));
#2877=CARTESIAN_POINT('Ctrl Pts',(-1.12846707474316,1.3605177631585,2.96295661017165));
#2878=CARTESIAN_POINT('Ctrl Pts',(-1.75687311496143,-0.194536598945405,
3.19897706879573));
#2879=CARTESIAN_POINT('Ctrl Pts',(-0.803482336902357,-1.57444071854814,
3.43499752741983));
#2880=CARTESIAN_POINT('Ctrl Pts',(0.873321687751452,-1.53680072846867,3.6710179860439));
#2881=CARTESIAN_POINT('Ctrl Pts',(1.76383269744557,-0.115505957471017,3.907038444668));
#2882=CARTESIAN_POINT('Ctrl Pts',(1.06628110523831,1.40978437187168,4.14305890329207));
#2883=CARTESIAN_POINT('Ctrl Pts',(-0.591294112729471,1.66577868339204,4.37907936191617));
#2884=CARTESIAN_POINT('Ctrl Pts',(-1.71649909924153,0.421993145569021,4.61509982054024));
#2885=CARTESIAN_POINT('Ctrl Pts',(-1.29625821274399,-1.2017329200228,4.85112027916434));
#2886=CARTESIAN_POINT('Ctrl Pts',(0.291065658465545,-1.74348161610662,5.08714073778841));
#2887=CARTESIAN_POINT('Ctrl Pts',(1.61632926044805,-0.715490802304845,5.32316119641251));
#2888=CARTESIAN_POINT('Ctrl Pts',(1.48633466987859,0.95669044848144,5.55918165503658));
#2889=CARTESIAN_POINT('Ctrl Pts',(0.0181222073972905,1.7675177369901,5.79520211366069));
#2890=CARTESIAN_POINT('Ctrl Pts',(-1.46640654149075,0.986964650057021,6.03122257228475));
#2891=CARTESIAN_POINT('Ctrl Pts',(-1.63065966072983,-0.682199703939117,
6.26724303090885));
#2892=CARTESIAN_POINT('Ctrl Pts',(-0.326752246644686,-1.73714718274026,
6.50326348953293));
#2893=CARTESIAN_POINT('Ctrl Pts',(1.27134577282793,-1.2280583419179,6.73928394815702));
#2894=CARTESIAN_POINT('Ctrl Pts',(1.72479066024025,0.386709895868782,6.9753044067811));
#2895=CARTESIAN_POINT('Ctrl Pts',(0.625324393539359,1.65330480192152,7.21132486540519));
#2896=CARTESIAN_POINT('Ctrl Pts',(-1.0371511983227,1.43135067577189,7.44734532402927));
#2897=CARTESIAN_POINT('Ctrl Pts',(-1.765830184317,-0.0793166148832583,7.68336578265336));
#2898=CARTESIAN_POINT('Ctrl Pts',(-0.904648178622193,-1.51857138064212,
7.91938624127743));
#2899=CARTESIAN_POINT('Ctrl Pts',(0.771031655382414,-1.5905840284576,8.15540669990153));
#2900=CARTESIAN_POINT('Ctrl Pts',(1.75251497889663,-0.230518142739326,8.39142715852561));
#2901=CARTESIAN_POINT('Ctrl Pts',(1.15612562398907,1.33709420256444,8.6274476171497));
#2902=CARTESIAN_POINT('Ctrl Pts',(-0.481178676634514,1.70085697407247,8.86346807577378));
#2903=CARTESIAN_POINT('Ctrl Pts',(-1.68525490490003,0.533257228618402,9.09948853439787));
#2904=CARTESIAN_POINT('Ctrl Pts',(-1.37201590076278,-1.11445938970151,9.33550899302195));
#2905=CARTESIAN_POINT('Ctrl Pts',(0.176514342442751,-1.75877515677382,9.57152945164604));
#2906=CARTESIAN_POINT('Ctrl Pts',(1.56612032330909,-0.819581908977045,9.80754991027012));
#2907=CARTESIAN_POINT('Ctrl Pts',(1.54567360042635,0.857519953550284,10.0435703688942));
#2908=CARTESIAN_POINT('Ctrl Pts',(0.133583357524541,1.76255577419676,10.2795908275183));
#2909=CARTESIAN_POINT('Ctrl Pts',(-1.39877837477604,1.08067870759459,10.5156112861424));
#2910=CARTESIAN_POINT('Ctrl Pts',(-1.67175327403059,-0.574184848360612,
10.7516317447665));
#2911=CARTESIAN_POINT('Ctrl Pts',(-0.439569222273616,-1.71208245735018,
10.9876522033906));
#2912=CARTESIAN_POINT('Ctrl Pts',(1.1883801580696,-1.30851069170641,11.2236726620146));
#2913=CARTESIAN_POINT('Ctrl Pts',(1.74637386092125,0.273175512336314,11.4596931206387));
#2914=CARTESIAN_POINT('Ctrl Pts',(0.732024868572572,1.60890887199827,11.6957135792628));
#2915=CARTESIAN_POINT('Ctrl Pts',(-0.941402583654207,1.49606482285927,11.9317340378869));
#2916=CARTESIAN_POINT('Ctrl Pts',(-1.76723736301085,0.0362426618914996,
12.167754496511));
#2917=CARTESIAN_POINT('Ctrl Pts',(-1.00195015902458,-1.45621103177309,12.4037749551351));
#2918=CARTESIAN_POINT('Ctrl Pts',(0.665451917633337,-1.63756756482564,12.6397954137591));
#2919=CARTESIAN_POINT('Ctrl Pts',(1.73369398940464,-0.344546034409462,12.8758158723832));
#2920=CARTESIAN_POINT('Ctrl Pts',(1.24105097228128,1.25869050619742,13.1118363310073));
#2921=CARTESIAN_POINT('Ctrl Pts',(-0.369050255951481,1.72866073867773,13.3478567896314));
#2922=CARTESIAN_POINT('Ctrl Pts',(-1.64672259736899,0.642249444159289,13.5838772482555));
#2923=CARTESIAN_POINT('Ctrl Pts',(-1.4420704768275,-1.02243656001435,13.8198977068796));
#2924=CARTESIAN_POINT('Ctrl Pts',(0.061519251011747,-1.76652253292876,14.0559181655037));
#2925=CARTESIAN_POINT('Ctrl Pts',(1.50861828690244,-0.920223133334219,14.2919386241277));
#2926=CARTESIAN_POINT('Ctrl Pts',(1.59957183984776,0.754784156969413,14.5279590827518));
#2927=CARTESIAN_POINT('Ctrl Pts',(0.246073133964248,1.74988955978844,14.7639795413759));
#2928=CARTESIAN_POINT('Ctrl Pts',(-0.797411992506639,1.36326316907686,14.921326513792));
#2929=CARTESIAN_POINT('Ctrl Pts',(-1.1245442299565,0.992673297148432,15.));
#2930=CARTESIAN_POINT('',(2.32658444863164,-1.55148730623275E-17,-0.100121515264188));
#2931=CARTESIAN_POINT('Ctrl Pts',(2.32658444863164,-4.67170539566351E-15,
-0.100121515264189));
#2932=CARTESIAN_POINT('Ctrl Pts',(2.32658444863164,0.43797426751925,-0.0551806774211404));
#2933=CARTESIAN_POINT('Ctrl Pts',(2.07524037912873,1.31242468913382,0.0347009982649561));
#2934=CARTESIAN_POINT('Ctrl Pts',(1.04356765857246,2.22051640481731,0.1695235117941));
#2935=CARTESIAN_POINT('Ctrl Pts',(-0.294835868419429,2.43276238754764,0.304346025323245));
#2936=CARTESIAN_POINT('Ctrl Pts',(-1.99802883664891,1.72238562574267,0.484109376695438));
#2937=CARTESIAN_POINT('Ctrl Pts',(-2.63030974717579,-0.199497857014147,
0.66387272806763));
#2938=CARTESIAN_POINT('Ctrl Pts',(-1.68184691684126,-1.78237868739403,0.843636079439824));
#2939=CARTESIAN_POINT('Ctrl Pts',(-0.478647516246186,-2.40635820449799,
0.978458592968967));
#2940=CARTESIAN_POINT('Ctrl Pts',(0.89020926201302,-2.28822745419882,1.11328110649811));
#2941=CARTESIAN_POINT('Ctrl Pts',(1.97316985097633,-1.45670271111664,1.24810362002726));
#2942=CARTESIAN_POINT('Ctrl Pts',(2.4485743642169,-0.174434298486387,1.3829261335564));
#2943=CARTESIAN_POINT('Ctrl Pts',(2.15989714135312,1.16344983021667,1.51774864708555));
#2944=CARTESIAN_POINT('Ctrl Pts',(1.20429170969916,2.13821424829153,1.65257116061469));
#2945=CARTESIAN_POINT('Ctrl Pts',(-0.131368770186753,2.45181337331315,1.78739367414384));
#2946=CARTESIAN_POINT('Ctrl Pts',(-1.4156357723296,1.99945546575523,1.92221618767298));
#2947=CARTESIAN_POINT('Ctrl Pts',(-2.50356045625918,0.656814877595725,2.09199268619117));
#2948=CARTESIAN_POINT('Ctrl Pts',(-2.25338693940164,-1.58902463337903,2.29672316969838));
#2949=CARTESIAN_POINT('Ctrl Pts',(0.13744546995013,-2.75383606084237,2.53640763819464));
#2950=CARTESIAN_POINT('Ctrl Pts',(2.19956113037399,-1.48077750482328,2.75611840098288));
#2951=CARTESIAN_POINT('Ctrl Pts',(2.48449733005867,0.597386948135836,2.95585545806309));
#2952=CARTESIAN_POINT('Ctrl Pts',(1.41161774625405,2.13342769210543,3.13561880943528));
#2953=CARTESIAN_POINT('Ctrl Pts',(-0.433331617979272,2.52246455208188,3.31538216080748));
#2954=CARTESIAN_POINT('Ctrl Pts',(-2.03872544805287,1.54393758340569,3.49514551217966));
#2955=CARTESIAN_POINT('Ctrl Pts',(-2.54457911748632,-0.26747476166753,3.67490886355186));
#2956=CARTESIAN_POINT('Ctrl Pts',(-1.67308641753102,-1.93526952393608,3.85467221492406));
#2957=CARTESIAN_POINT('Ctrl Pts',(0.102281992860964,-2.55613266584064,4.03443556629624));
#2958=CARTESIAN_POINT('Ctrl Pts',(1.82275113352876,-1.79513570070244,4.21419891766844));
#2959=CARTESIAN_POINT('Ctrl Pts',(2.55743242898145,-0.0633904646030788,
4.39396226904063));
#2960=CARTESIAN_POINT('Ctrl Pts',(1.90941198527977,1.70262647237377,4.57372562041282));
#2961=CARTESIAN_POINT('Ctrl Pts',(0.228888022770641,2.54792495332927,4.75348897178502));
#2962=CARTESIAN_POINT('Ctrl Pts',(-1.57534528789837,2.01578664497076,4.9332523231572));
#2963=CARTESIAN_POINT('Ctrl Pts',(-2.52777757750309,0.393204495812679,5.1130156745294));
#2964=CARTESIAN_POINT('Ctrl Pts',(-2.11359803010863,-1.44155215677044,5.2927790259016));
#2965=CARTESIAN_POINT('Ctrl Pts',(-0.556260284801994,-2.49687159922094,
5.47254237727378));
#2966=CARTESIAN_POINT('Ctrl Pts',(1.30151900404102,-2.20266983337419,5.65230572864599));
#2967=CARTESIAN_POINT('Ctrl Pts',(2.45578544797803,-0.716373932837932,5.83206908001817));
#2968=CARTESIAN_POINT('Ctrl Pts',(2.282272709163,1.15515354387984,6.01183243139036));
#2969=CARTESIAN_POINT('Ctrl Pts',(0.87403457463644,2.40595796679958,6.19159578276257));
#2970=CARTESIAN_POINT('Ctrl Pts',(-0.848380247887972,2.35400348293429,6.35637885485373));
#2971=CARTESIAN_POINT('Ctrl Pts',(-2.02163570239082,1.39056730935027,6.50618164766389));
#2972=CARTESIAN_POINT('Ctrl Pts',(-2.45418925571112,0.0867749212311486,
6.64100416119305));
#2973=CARTESIAN_POINT('Ctrl Pts',(-2.117461073105,-1.2272844514093,6.77582667472217));
#2974=CARTESIAN_POINT('Ctrl Pts',(-0.806386200539361,-2.51597856591771,
6.9555900260944));
#2975=CARTESIAN_POINT('Ctrl Pts',(1.73905814896909,-2.29538669491248,7.1802942153096));
#2976=CARTESIAN_POINT('Ctrl Pts',(2.82782182176301,0.601504428567678,7.44993924236791));
#2977=CARTESIAN_POINT('Ctrl Pts',(0.654573441334316,2.80600180267356,7.71958426942619));
#2978=CARTESIAN_POINT('Ctrl Pts',(-1.7596198157375,1.96811218437119,7.94428845864144));
#2979=CARTESIAN_POINT('Ctrl Pts',(-2.43466195270129,0.259063000128417,8.12405181001363));
#2980=CARTESIAN_POINT('Ctrl Pts',(-2.20479907754438,-1.07820785450565,8.25887432354278));
#2981=CARTESIAN_POINT('Ctrl Pts',(-1.28213078701299,-2.09455025729403,8.39369683707191));
#2982=CARTESIAN_POINT('Ctrl Pts',(0.0411628264179081,-2.452205919817,8.52851935060107));
#2983=CARTESIAN_POINT('Ctrl Pts',(1.33756122404628,-2.05398546146576,8.6633418641302));
#2984=CARTESIAN_POINT('Ctrl Pts',(2.55251464845251,-0.664822593724723,8.84310521550241));
#2985=CARTESIAN_POINT('Ctrl Pts',(2.27287155515811,1.33851299289134,9.02286856687458));
#2986=CARTESIAN_POINT('Ctrl Pts',(0.724077264971243,2.34134531820813,9.2026319182468));
#2987=CARTESIAN_POINT('Ctrl Pts',(-0.632078650448286,2.37085700018391,9.33745443177592));
#2988=CARTESIAN_POINT('Ctrl Pts',(-1.80633284092473,1.66143096050445,9.47227694530508));
#2989=CARTESIAN_POINT('Ctrl Pts',(-2.4842422249907,0.30151180496378,9.62207973811524));
#2990=CARTESIAN_POINT('Ctrl Pts',(-2.1496593669834,-1.3885494586884,9.78686281020641));
#2991=CARTESIAN_POINT('Ctrl Pts',(-0.617413436828757,-2.48276906920968,
9.96662616157861));
#2992=CARTESIAN_POINT('Ctrl Pts',(1.24645561058513,-2.23365669056536,10.1463895129508));
#2993=CARTESIAN_POINT('Ctrl Pts',(2.43752174798,-0.777715422385279,10.326152864323));
#2994=CARTESIAN_POINT('Ctrl Pts',(2.30982611594929,1.09936982504833,10.5059162156952));
#2995=CARTESIAN_POINT('Ctrl Pts',(0.933893343643143,2.38175033701718,10.6856795670674));
#2996=CARTESIAN_POINT('Ctrl Pts',(-0.947488905064215,2.37628574569208,10.8654429184396));
#2997=CARTESIAN_POINT('Ctrl Pts',(-2.31611486040651,1.086260621811,11.0452062698118));
#2998=CARTESIAN_POINT('Ctrl Pts',(-2.43299019744266,-0.791855588984068,
11.224969621184));
#2999=CARTESIAN_POINT('Ctrl Pts',(-1.23334573928456,-2.24031276243323,11.4047329725561));
#3000=CARTESIAN_POINT('Ctrl Pts',(0.631369865125537,-2.4803151945119,11.5844963239284));
#3001=CARTESIAN_POINT('Ctrl Pts',(2.15802136320565,-1.37372906860056,11.7642596753005));
#3002=CARTESIAN_POINT('Ctrl Pts',(2.51244272755444,0.466075251418249,11.9440230266727));
#3003=CARTESIAN_POINT('Ctrl Pts',(1.40596887944601,2.24811541682719,12.143760083753));
#3004=CARTESIAN_POINT('Ctrl Pts',(-0.995832416292912,2.57115209203118,12.3634708465412));
#3005=CARTESIAN_POINT('Ctrl Pts',(-2.70515784455819,0.533734273461596,12.6031553150374));
#3006=CARTESIAN_POINT('Ctrl Pts',(-2.01914168117965,-1.61934794772523,12.8078857985446));
#3007=CARTESIAN_POINT('Ctrl Pts',(-0.478772916875899,-2.4026284217065,12.9776622970629));
#3008=CARTESIAN_POINT('Ctrl Pts',(0.878398147895116,-2.2928286447231,13.112484810592));
#3009=CARTESIAN_POINT('Ctrl Pts',(1.9706099975569,-1.46252349601127,13.2473073241211));
#3010=CARTESIAN_POINT('Ctrl Pts',(2.44647541591988,-0.183109755485904,13.3821298376503));
#3011=CARTESIAN_POINT('Ctrl Pts',(2.16534684988346,1.15638089262105,13.5169523511794));
#3012=CARTESIAN_POINT('Ctrl Pts',(1.20899995933999,2.13394028670955,13.6517748647085));
#3013=CARTESIAN_POINT('Ctrl Pts',(-0.118707627095647,2.45242041866201,13.7865973782377));
#3014=CARTESIAN_POINT('Ctrl Pts',(-1.41703999298102,2.00291310676254,13.9214198917668));
#3015=CARTESIAN_POINT('Ctrl Pts',(-2.26188264958235,0.943064004010155,14.056242405296));
#3016=CARTESIAN_POINT('Ctrl Pts',(-2.48359850216902,-0.888857267241404,
14.2360057566682));
#3017=CARTESIAN_POINT('Ctrl Pts',(-1.1235181202096,-2.38672128859074,14.4157691080404));
#3018=CARTESIAN_POINT('Ctrl Pts',(0.721339810793254,-2.34199272006744,14.5955324594126));
#3019=CARTESIAN_POINT('Ctrl Pts',(1.85732812473534,-1.60314029305872,14.7303549729417));
#3020=CARTESIAN_POINT('Ctrl Pts',(2.4298179557588,-0.353646571662108,14.8651774864709));
#3021=CARTESIAN_POINT('Ctrl Pts',(2.30330252407962,0.547370202141178,14.955059162157));
#3022=CARTESIAN_POINT('Ctrl Pts',(2.12495870737509,0.947388879270493,15.));
#3023=CARTESIAN_POINT('',(1.5,0.,-0.577350269189626));
#3024=CARTESIAN_POINT('',(2.5,0.,0.));
#3025=CARTESIAN_POINT('Ctrl Pts',(1.5,0.,-0.577350269189626));
#3026=CARTESIAN_POINT('Ctrl Pts',(1.5,0.49432009260688,-0.498676782981597));
#3027=CARTESIAN_POINT('Ctrl Pts',(0.973565677342675,1.47473229116877,-0.341329810565541));
#3028=CARTESIAN_POINT('Ctrl Pts',(-0.390800079108568,1.59679268441696,-0.148879720835665));
#3029=CARTESIAN_POINT('Ctrl Pts',(-0.976781348417134,1.15807002357606,-0.0351031173138185));
#3030=CARTESIAN_POINT('Ctrl Pts',(-1.12276997667711,0.991691236364738,-1.2793585635329E-16));
#3031=CARTESIAN_POINT('Ctrl Pts',(2.32650738681975,-0.018936094838849,0.0981784482246283));
#3032=CARTESIAN_POINT('Ctrl Pts',(2.33007206390319,0.419023665968372,0.143119286067677));
#3033=CARTESIAN_POINT('Ctrl Pts',(2.08585348049845,1.29549081575549,0.233000961753773));
#3034=CARTESIAN_POINT('Ctrl Pts',(1.06160589915423,2.21194924827903,0.367823475282917));
#3035=CARTESIAN_POINT('Ctrl Pts',(-0.275025824599908,2.43508148105485,0.502645988812062));
#3036=CARTESIAN_POINT('Ctrl Pts',(-1.98394414296854,1.73859055370332,0.682409340184255));
#3037=CARTESIAN_POINT('Ctrl Pts',(-2.6318463404027,-0.178083131009387,0.862172691556447));
#3038=CARTESIAN_POINT('Ctrl Pts',(-1.6962980087465,-1.76863108151122,1.04193604292864));
#3039=CARTESIAN_POINT('Ctrl Pts',(-0.498217036604035,-2.40238278332178,
1.17675855645778));
#3040=CARTESIAN_POINT('Ctrl Pts',(0.871555869375684,-2.29539708522943,1.31158106998693));
#3041=CARTESIAN_POINT('Ctrl Pts',(1.96124837666667,-1.47271411156369,1.44640358351607));
#3042=CARTESIAN_POINT('Ctrl Pts',(2.44707353926366,-0.194357492843224,1.58122609704522));
#3043=CARTESIAN_POINT('Ctrl Pts',(2.16929493078254,1.14583186896584,1.71604861057436));
#3044=CARTESIAN_POINT('Ctrl Pts',(1.22165476863045,2.12834168307852,1.85087112410351));
#3045=CARTESIAN_POINT('Ctrl Pts',(-0.111409084602602,2.45280137540845,1.98569363763265));
#3046=CARTESIAN_POINT('Ctrl Pts',(-1.39931529455562,2.01091111336638,2.1205161511618));
#3047=CARTESIAN_POINT('Ctrl Pts',(-2.49813170952871,0.677169626772277,2.29029264967998));
#3048=CARTESIAN_POINT('Ctrl Pts',(-2.26624538994964,-1.57063166168369,2.49502313318719));
#3049=CARTESIAN_POINT('Ctrl Pts',(0.115027417320934,-2.75486351757579,2.73470760168346));
#3050=CARTESIAN_POINT('Ctrl Pts',(2.18743621247159,-1.49863070881745,2.95441836447169));
#3051=CARTESIAN_POINT('Ctrl Pts',(2.48927717634623,0.57714581189977,3.15415542155191));
#3052=CARTESIAN_POINT('Ctrl Pts',(1.42893498024141,2.12186785668292,3.33391877292409));
#3053=CARTESIAN_POINT('Ctrl Pts',(-0.412786900020037,2.52590789278271,3.5136821242963));
#3054=CARTESIAN_POINT('Ctrl Pts',(-2.02609179686566,1.56047965211491,3.69344547566848));
#3055=CARTESIAN_POINT('Ctrl Pts',(-2.5466718150368,-0.246755546591633,3.87320882704068));
#3056=CARTESIAN_POINT('Ctrl Pts',(-1.68878217970061,-1.92158815575249,4.05297217841287));
#3057=CARTESIAN_POINT('Ctrl Pts',(0.081474214899082,-2.55688047506092,4.23273552978507));
#3058=CARTESIAN_POINT('Ctrl Pts',(1.80808013183693,-1.80991163197914,4.41249888115725));
#3059=CARTESIAN_POINT('Ctrl Pts',(2.55683178530948,-0.0842033338988956,
4.59226223252945));
#3060=CARTESIAN_POINT('Ctrl Pts',(1.92320643560699,1.68702935362661,4.77202558390164));
#3061=CARTESIAN_POINT('Ctrl Pts',(0.249618028965385,2.54597763823276,4.95178893527384));
#3062=CARTESIAN_POINT('Ctrl Pts',(-1.55888660054284,2.02854162905129,5.13155228664602));
#3063=CARTESIAN_POINT('Ctrl Pts',(-2.52449355626396,0.41376507976927,5.31131563801822));
#3064=CARTESIAN_POINT('Ctrl Pts',(-2.12526083077674,-1.42430181307711,5.49107898939041));
#3065=CARTESIAN_POINT('Ctrl Pts',(-0.57656392390076,-2.49226148890929,5.67084234076261));
#3066=CARTESIAN_POINT('Ctrl Pts',(1.28354834224077,-2.21318995250466,5.85060569213479));
#3067=CARTESIAN_POINT('Ctrl Pts',(2.4498735319001,-0.736337867996534,6.030369043507));
#3068=CARTESIAN_POINT('Ctrl Pts',(2.29159892167288,1.13653984141167,6.21013239487917));
#3069=CARTESIAN_POINT('Ctrl Pts',(0.893587741329508,2.39876449953135,6.3898957462514));
#3070=CARTESIAN_POINT('Ctrl Pts',(-0.829192888946787,2.36083048853435,6.55467881834254));
#3071=CARTESIAN_POINT('Ctrl Pts',(-2.01025089949857,1.40697536441833,6.70448161115272));
#3072=CARTESIAN_POINT('Ctrl Pts',(-2.45340170535596,0.106746718727379,6.83930412468185));
#3073=CARTESIAN_POINT('Ctrl Pts',(-2.12737981875499,-1.21000976340689,6.974126638211));
#3074=CARTESIAN_POINT('Ctrl Pts',(-0.826837066693385,-2.50933204532989,
7.1538899895832));
#3075=CARTESIAN_POINT('Ctrl Pts',(1.72031837137612,-2.30946487866408,7.37859417879843));
#3076=CARTESIAN_POINT('Ctrl Pts',(2.83262380857188,0.578468834369981,7.64823920585672));
#3077=CARTESIAN_POINT('Ctrl Pts',(0.677389837992166,2.80058128146505,7.91788423291502));
#3078=CARTESIAN_POINT('Ctrl Pts',(-1.7435430477139,1.98236855982306,8.14258842213025));
#3079=CARTESIAN_POINT('Ctrl Pts',(-2.43247279468294,0.27887015812768,8.32235177350245));
#3080=CARTESIAN_POINT('Ctrl Pts',(-2.21350159439866,-1.06022725934245,8.45717428703159));
#3081=CARTESIAN_POINT('Ctrl Pts',(-1.29913588606219,-2.08404560527894,8.59199680056074));
#3082=CARTESIAN_POINT('Ctrl Pts',(0.0212029337214228,-2.45245972180297,
8.72681931408987));
#3083=CARTESIAN_POINT('Ctrl Pts',(1.32079951208251,-2.06480385336416,8.86164182761903));
#3084=CARTESIAN_POINT('Ctrl Pts',(2.54701910536273,-0.685575516342839,9.04140517899121));
#3085=CARTESIAN_POINT('Ctrl Pts',(2.28369044350363,1.31996973322724,9.2211685303634));
#3086=CARTESIAN_POINT('Ctrl Pts',(0.74310951558055,2.33537449514997,9.40093188173561));
#3087=CARTESIAN_POINT('Ctrl Pts',(-0.612761284961168,2.37592296662293,9.53575439526473));
#3088=CARTESIAN_POINT('Ctrl Pts',(-1.79275060730477,1.67607769173578,9.6705769087939));
#3089=CARTESIAN_POINT('Ctrl Pts',(-2.48170593349939,0.321721091309146,9.82037970160405));
#3090=CARTESIAN_POINT('Ctrl Pts',(-2.16088958371065,-1.37100736697297,9.98516277369523));
#3091=CARTESIAN_POINT('Ctrl Pts',(-0.637600269757594,-2.47766169987068,
10.1649261250674));
#3092=CARTESIAN_POINT('Ctrl Pts',(1.22823457026026,-2.24372762181245,10.3446894764396));
#3093=CARTESIAN_POINT('Ctrl Pts',(2.4311111778212,-0.797528677330313,10.5244528278118));
#3094=CARTESIAN_POINT('Ctrl Pts',(2.31869739156387,1.08053371280265,10.704216179184));
#3095=CARTESIAN_POINT('Ctrl Pts',(0.953247501527889,2.37407048042245,10.8839795305562));
#3096=CARTESIAN_POINT('Ctrl Pts',(-0.928116907850494,2.38391865963609,11.0637428819284));
#3097=CARTESIAN_POINT('Ctrl Pts',(-2.30719705895976,1.10507552512059,11.2435062333006));
#3098=CARTESIAN_POINT('Ctrl Pts',(-2.43935453203943,-0.772027228584637,
11.4232695846728));
#3099=CARTESIAN_POINT('Ctrl Pts',(-1.25153881674007,-2.23020034443667,11.603032936045));
#3100=CARTESIAN_POINT('Ctrl Pts',(0.61116164174172,-2.48537176663348,11.7827962874172));
#3101=CARTESIAN_POINT('Ctrl Pts',(2.14676908952281,-1.39124772569069,11.9625596387893));
#3102=CARTESIAN_POINT('Ctrl Pts',(2.51615290097157,0.445611016648059,12.1423229901616));
#3103=CARTESIAN_POINT('Ctrl Pts',(1.42421974511192,2.2365977588695,12.3420600472418));
#3104=CARTESIAN_POINT('Ctrl Pts',(-0.974872798627282,2.57917201989179,12.56177081003));
#3105=CARTESIAN_POINT('Ctrl Pts',(-2.70072417476724,0.55573390257392,12.8014552785262));
#3106=CARTESIAN_POINT('Ctrl Pts',(-2.03225469223615,-1.60286049622638,13.0061857620335));
#3107=CARTESIAN_POINT('Ctrl Pts',(-0.498312076339548,-2.39865210343224,
13.1759622605517));
#3108=CARTESIAN_POINT('Ctrl Pts',(0.859707697331805,-2.29990199257202,13.3107847740808));
#3109=CARTESIAN_POINT('Ctrl Pts',(1.95864123260713,-1.47851386898717,13.44560728761));
#3110=CARTESIAN_POINT('Ctrl Pts',(2.44490405085455,-0.203015579129851,13.5804298011391));
#3111=CARTESIAN_POINT('Ctrl Pts',(2.17468692464998,1.13871881027568,13.7152523146683));
#3112=CARTESIAN_POINT('Ctrl Pts',(1.22632807650582,2.12402954256753,13.8500748281973));
#3113=CARTESIAN_POINT('Ctrl Pts',(-0.0987434201292347,2.45330535147629,
13.9848973417265));
#3114=CARTESIAN_POINT('Ctrl Pts',(-1.4006913269202,2.01438006881506,14.1197198552557));
#3115=CARTESIAN_POINT('Ctrl Pts',(-2.25413212318091,0.961442253796479,14.2545423687848));
#3116=CARTESIAN_POINT('Ctrl Pts',(-2.49075065816313,-0.868613792409489,
14.434305720157));
#3117=CARTESIAN_POINT('Ctrl Pts',(-1.14290645591309,-2.3774979093332,14.6140690715292));
#3118=CARTESIAN_POINT('Ctrl Pts',(0.702254415445584,-2.34778614006287,14.7938324229014));
#3119=CARTESIAN_POINT('Ctrl Pts',(1.84421863037857,-1.61820400615185,14.9286549364305));
#3120=CARTESIAN_POINT('Ctrl Pts',(2.42685914151988,-0.373411171495489,15.0634774499597));
#3121=CARTESIAN_POINT('Ctrl Pts',(2.3076812851428,0.528605468970313,15.1533591256458));
#3122=CARTESIAN_POINT('Ctrl Pts',(2.13259913173595,0.930062438728531,15.1982999634888));
#3123=CARTESIAN_POINT('Ctrl Pts',(2.32653307409038,-0.0126240632259009,
0.0320784603950227));
#3124=CARTESIAN_POINT('Ctrl Pts',(2.32890952547934,0.425340533151998,0.0770192982380708));
#3125=CARTESIAN_POINT('Ctrl Pts',(2.08231578004188,1.30113544021493,0.166900973924168));
#3126=CARTESIAN_POINT('Ctrl Pts',(1.05559315229364,2.21480496712512,0.301723487453311));
#3127=CARTESIAN_POINT('Ctrl Pts',(-0.281629172539749,2.43430844988578,0.436546000982457));
#3128=CARTESIAN_POINT('Ctrl Pts',(-1.98863904086199,1.73318891104977,0.616309352354648));
#3129=CARTESIAN_POINT('Ctrl Pts',(-2.6313341426604,-0.185221373010976,0.796072703726843));
#3130=CARTESIAN_POINT('Ctrl Pts',(-1.69148097811142,-1.77321361680549,0.975836055099034));
#3131=CARTESIAN_POINT('Ctrl Pts',(-0.491693863151421,-2.40370792371385,
1.11065856862818));
#3132=CARTESIAN_POINT('Ctrl Pts',(0.877773666921463,-2.29300720821923,1.24548108215732));
#3133=CARTESIAN_POINT('Ctrl Pts',(1.96522220143656,-1.46737697808134,1.38030359568647));
#3134=CARTESIAN_POINT('Ctrl Pts',(2.44757381424807,-0.187716428057611,1.51512610921561));
#3135=CARTESIAN_POINT('Ctrl Pts',(2.16616233430607,1.15170452271612,1.64994862274476));
#3136=CARTESIAN_POINT('Ctrl Pts',(1.21586708232002,2.13163253814952,1.7847711362739));
#3137=CARTESIAN_POINT('Ctrl Pts',(-0.118062313130654,2.45247204137669,1.91959364980305));
#3138=CARTESIAN_POINT('Ctrl Pts',(-1.40475545381361,2.00709256416266,2.05441616333219));
#3139=CARTESIAN_POINT('Ctrl Pts',(-2.4999412917722,0.670384710380096,2.22419266185037));
#3140=CARTESIAN_POINT('Ctrl Pts',(-2.26195923976697,-1.57676265224881,2.42892314535759));
#3141=CARTESIAN_POINT('Ctrl Pts',(0.122500101530665,-2.75452103199798,2.66860761385385));
#3142=CARTESIAN_POINT('Ctrl Pts',(2.19147785177239,-1.4926796408194,2.88831837664208));
#3143=CARTESIAN_POINT('Ctrl Pts',(2.48768389425037,0.583892857311793,3.0880554337223));
#3144=CARTESIAN_POINT('Ctrl Pts',(1.42316256891229,2.12572113515709,3.26781878509449));
#3145=CARTESIAN_POINT('Ctrl Pts',(-0.419635139339783,2.5247601125491,3.44758213646669));
#3146=CARTESIAN_POINT('Ctrl Pts',(-2.03030301392806,1.55496562921184,3.62734548783888));
#3147=CARTESIAN_POINT('Ctrl Pts',(-2.54597424918664,-0.253661951616932,
3.80710883921107));
#3148=CARTESIAN_POINT('Ctrl Pts',(-1.68355025897741,-1.92614861181369,3.98687219058326));
#3149=CARTESIAN_POINT('Ctrl Pts',(0.0884101408863756,-2.55663120532083,
4.16663554195546));
#3150=CARTESIAN_POINT('Ctrl Pts',(1.81297046573421,-1.80498632155357,4.34639889332765));
#3151=CARTESIAN_POINT('Ctrl Pts',(2.55703199986681,-0.0772657108002914,
4.52616224469984));
#3152=CARTESIAN_POINT('Ctrl Pts',(1.91860828549792,1.692228393209,4.70592559607203));
#3153=CARTESIAN_POINT('Ctrl Pts',(0.242708026900471,2.54662674326493,4.88568894744423));
#3154=CARTESIAN_POINT('Ctrl Pts',(-1.56437282966135,2.02428996769112,5.06545229881642));
#3155=CARTESIAN_POINT('Ctrl Pts',(-2.52558823001033,0.406911551783739,5.24521565018861));
#3156=CARTESIAN_POINT('Ctrl Pts',(-2.12137323055404,-1.43005192764155,5.42497900156081));
#3157=CARTESIAN_POINT('Ctrl Pts',(-0.56979604420117,-2.49379819234651,5.60474235293299));
#3158=CARTESIAN_POINT('Ctrl Pts',(1.28953856284085,-2.20968324612783,5.7845057043052));
#3159=CARTESIAN_POINT('Ctrl Pts',(2.45184417059275,-0.729683222943667,5.96426905567739));
#3160=CARTESIAN_POINT('Ctrl Pts',(2.28849018416958,1.14274440890106,6.14403240704957));
#3161=CARTESIAN_POINT('Ctrl Pts',(0.887070019098487,2.40116232195409,6.32379575842179));
#3162=CARTESIAN_POINT('Ctrl Pts',(-0.835588675260517,2.358554820001,6.48857883051293));
#3163=CARTESIAN_POINT('Ctrl Pts',(-2.01404583379598,1.40150601272898,6.63838162332312));
#3164=CARTESIAN_POINT('Ctrl Pts',(-2.45366422214101,0.100089452895304,6.77320413685224));
#3165=CARTESIAN_POINT('Ctrl Pts',(-2.124073570205,-1.21576799274103,6.9080266503814));
#3166=CARTESIAN_POINT('Ctrl Pts',(-0.820020111308708,-2.51154755219249,
7.08779000175358));
#3167=CARTESIAN_POINT('Ctrl Pts',(1.72656496390711,-2.30477215074688,7.31249419096884));
#3168=CARTESIAN_POINT('Ctrl Pts',(2.83102314630226,0.586147365769216,7.58213921802711));
#3169=CARTESIAN_POINT('Ctrl Pts',(0.669784372439548,2.80238812186788,7.85178424508542));
#3170=CARTESIAN_POINT('Ctrl Pts',(-1.74890197038843,1.97761643467244,8.07648843430064));
#3171=CARTESIAN_POINT('Ctrl Pts',(-2.43320251402239,0.272267772127926,8.25625178567285));
#3172=CARTESIAN_POINT('Ctrl Pts',(-2.21060075544723,-1.06622079106352,8.39107429920198));
#3173=CARTESIAN_POINT('Ctrl Pts',(-1.29346751971246,-2.08754715595064,8.52589681273114));
#3174=CARTESIAN_POINT('Ctrl Pts',(0.0278562312869199,-2.45237512114098,
8.66071932626027));
#3175=CARTESIAN_POINT('Ctrl Pts',(1.32638674940376,-2.06119772273136,8.79554183978942));
#3176=CARTESIAN_POINT('Ctrl Pts',(2.54885095305933,-0.678657875470135,8.9753051911616));
#3177=CARTESIAN_POINT('Ctrl Pts',(2.28008414738845,1.32615081978194,9.15506854253381));
#3178=CARTESIAN_POINT('Ctrl Pts',(0.736765432044115,2.33736476950269,9.334831893906));
#3179=CARTESIAN_POINT('Ctrl Pts',(-0.619200406790208,2.37423431114326,9.46965440743514));
#3180=CARTESIAN_POINT('Ctrl Pts',(-1.79727801851142,1.671195447992,9.60447692096429));
#3181=CARTESIAN_POINT('Ctrl Pts',(-2.48255136399649,0.314984662527358,9.75427971377443));
#3182=CARTESIAN_POINT('Ctrl Pts',(-2.1571461781349,-1.37685473087812,9.91906278586565));
#3183=CARTESIAN_POINT('Ctrl Pts',(-0.630871325447977,-2.47936415631701,
10.0988261372378));
#3184=CARTESIAN_POINT('Ctrl Pts',(1.23430825036855,-2.24037064473009,10.27858948861));
#3185=CARTESIAN_POINT('Ctrl Pts',(2.4332480345408,-0.790924259015301,10.4583528399822));
#3186=CARTESIAN_POINT('Ctrl Pts',(2.31574029969234,1.08681241688454,10.6381161913544));
#3187=CARTESIAN_POINT('Ctrl Pts',(0.946796115566309,2.37663043262069,10.8178795427266));
#3188=CARTESIAN_POINT('Ctrl Pts',(-0.93457424025507,2.38137435498809,10.9976428940988));
#3189=CARTESIAN_POINT('Ctrl Pts',(-2.31016965944201,1.09880389068405,11.177406245471));
#3190=CARTESIAN_POINT('Ctrl Pts',(-2.43723308717384,-0.778636682051114,
11.3571695968432));
#3191=CARTESIAN_POINT('Ctrl Pts',(-1.24547445758823,-2.23357115043553,11.5369329482154));
#3192=CARTESIAN_POINT('Ctrl Pts',(0.617897716202991,-2.48368624259295,11.7166962995876));
#3193=CARTESIAN_POINT('Ctrl Pts',(2.15051984741709,-1.38540817332731,11.8964596509597));
#3194=CARTESIAN_POINT('Ctrl Pts',(2.51491617649919,0.452432428238124,12.076223002332));
#3195=CARTESIAN_POINT('Ctrl Pts',(1.41813612322328,2.24043697818873,12.2759600594121));
#3196=CARTESIAN_POINT('Ctrl Pts',(-0.98185933784916,2.57649871060492,12.4956708222004));
#3197=CARTESIAN_POINT('Ctrl Pts',(-2.70220206469756,0.548400692869812,12.7353552906966));
#3198=CARTESIAN_POINT('Ctrl Pts',(-2.02788368855065,-1.60835631339266,12.9400857742039));
#3199=CARTESIAN_POINT('Ctrl Pts',(-0.491799023184997,-2.39997754285699,
13.109862272722));
#3200=CARTESIAN_POINT('Ctrl Pts',(0.865937847519573,-2.29754420995571,13.2446847862512));
#3201=CARTESIAN_POINT('Ctrl Pts',(1.96263082092372,-1.47318374466187,13.3795072997803));
#3202=CARTESIAN_POINT('Ctrl Pts',(2.44542783920966,-0.196380304581867,13.5143298133095));
#3203=CARTESIAN_POINT('Ctrl Pts',(2.17157356639448,1.14460617105747,13.6491523268386));
#3204=CARTESIAN_POINT('Ctrl Pts',(1.22055203745054,2.1273331239482,13.7839748403678));
#3205=CARTESIAN_POINT('Ctrl Pts',(-0.105398155784704,2.45301037387152,13.9187973538969));
#3206=CARTESIAN_POINT('Ctrl Pts',(-1.40614088227381,2.01055774813089,14.0536198674261));
#3207=CARTESIAN_POINT('Ctrl Pts',(-2.25671563198138,0.955316170534371,14.1884423809552));
#3208=CARTESIAN_POINT('Ctrl Pts',(-2.4883666061651,-0.875361617353461,14.3682057323274));
#3209=CARTESIAN_POINT('Ctrl Pts',(-1.13644367734526,-2.38057236908571,14.5479690836996));
#3210=CARTESIAN_POINT('Ctrl Pts',(0.708616213894804,-2.3458550000644,14.7277324350718));
#3211=CARTESIAN_POINT('Ctrl Pts',(1.84858846183083,-1.61318276845414,14.8625549486009));
#3212=CARTESIAN_POINT('Ctrl Pts',(2.42784541293285,-0.36682297155103,14.9973774621301));
#3213=CARTESIAN_POINT('Ctrl Pts',(2.30622169812174,0.534860380027268,15.0872591378162));
#3214=CARTESIAN_POINT('Ctrl Pts',(2.13005232361566,0.935837918909185,15.1321999756592));
#3215=CARTESIAN_POINT('Ctrl Pts',(2.32655876136101,-0.00631203161295278,
-0.034021527434583));
#3216=CARTESIAN_POINT('Ctrl Pts',(2.32774698705549,0.431657400335625,0.0109193104084653));
#3217=CARTESIAN_POINT('Ctrl Pts',(2.0787780795853,1.30678006467438,0.100800986094562));
#3218=CARTESIAN_POINT('Ctrl Pts',(1.04958040543305,2.21766068597122,0.235623499623705));
#3219=CARTESIAN_POINT('Ctrl Pts',(-0.288232520479591,2.43353541871671,0.370446013152852));
#3220=CARTESIAN_POINT('Ctrl Pts',(-1.99333393875545,1.72778726839622,0.550209364525043));
#3221=CARTESIAN_POINT('Ctrl Pts',(-2.63082194491809,-0.192359615012561,
0.729972715897237));
#3222=CARTESIAN_POINT('Ctrl Pts',(-1.68666394747634,-1.77779615209976,0.909736067269428));
#3223=CARTESIAN_POINT('Ctrl Pts',(-0.485170689698803,-2.40503306410592,
1.04455858079857));
#3224=CARTESIAN_POINT('Ctrl Pts',(0.883991464467242,-2.29061733120902,1.17938109432772));
#3225=CARTESIAN_POINT('Ctrl Pts',(1.96919602620644,-1.46203984459899,1.31420360785686));
#3226=CARTESIAN_POINT('Ctrl Pts',(2.44807408923249,-0.181075363272,1.44902612138601));
#3227=CARTESIAN_POINT('Ctrl Pts',(2.16302973782959,1.15757717646639,1.58384863491515));
#3228=CARTESIAN_POINT('Ctrl Pts',(1.21007939600959,2.13492339322053,1.7186711484443));
#3229=CARTESIAN_POINT('Ctrl Pts',(-0.124715541658707,2.45214270734492,1.85349366197344));
#3230=CARTESIAN_POINT('Ctrl Pts',(-1.4101956130716,2.00327401495895,1.98831617550258));
#3231=CARTESIAN_POINT('Ctrl Pts',(-2.50175087401569,0.66359979398791,2.15809267402077));
#3232=CARTESIAN_POINT('Ctrl Pts',(-2.2576730895843,-1.58289364281392,2.36282315752798));
#3233=CARTESIAN_POINT('Ctrl Pts',(0.129972785740393,-2.75417854642018,2.60250762602425));
#3234=CARTESIAN_POINT('Ctrl Pts',(2.19551949107319,-1.48672857282134,2.82221838881248));
#3235=CARTESIAN_POINT('Ctrl Pts',(2.48609061215451,0.590639902723815,3.02195544589269));
#3236=CARTESIAN_POINT('Ctrl Pts',(1.41739015758317,2.12957441363126,3.20171879726489));
#3237=CARTESIAN_POINT('Ctrl Pts',(-0.426483378659529,2.52361233231549,3.38148214863708));
#3238=CARTESIAN_POINT('Ctrl Pts',(-2.03451423099046,1.54945160630876,3.56124550000927));
#3239=CARTESIAN_POINT('Ctrl Pts',(-2.54527668333648,-0.260568356642232,
3.74100885138147));
#3240=CARTESIAN_POINT('Ctrl Pts',(-1.67831833825422,-1.93070906787488,3.92077220275366));
#3241=CARTESIAN_POINT('Ctrl Pts',(0.0953460668736699,-2.55638193558074,
4.10053555412585));
#3242=CARTESIAN_POINT('Ctrl Pts',(1.81786079963148,-1.800061011128,4.28029890549804));
#3243=CARTESIAN_POINT('Ctrl Pts',(2.55723221442413,-0.0703280877016867,
4.46006225687024));
#3244=CARTESIAN_POINT('Ctrl Pts',(1.91401013538884,1.69742743279139,4.63982560824243));
#3245=CARTESIAN_POINT('Ctrl Pts',(0.235798024835558,2.5472758482971,4.81958895961463));
#3246=CARTESIAN_POINT('Ctrl Pts',(-1.56985905877986,2.02003830633094,4.9993523109868));
#3247=CARTESIAN_POINT('Ctrl Pts',(-2.52668290375671,0.400058023798209,5.17911566235902));
#3248=CARTESIAN_POINT('Ctrl Pts',(-2.11748563033134,-1.435802042206,5.35887901373119));
#3249=CARTESIAN_POINT('Ctrl Pts',(-0.563028164501582,-2.49533489578373,
5.53864236510339));
#3250=CARTESIAN_POINT('Ctrl Pts',(1.29552878344094,-2.20617653975101,5.71840571647558));
#3251=CARTESIAN_POINT('Ctrl Pts',(2.45381480928539,-0.7230285778908,5.89816906784778));
#3252=CARTESIAN_POINT('Ctrl Pts',(2.28538144666629,1.14894897639045,6.07793241921997));
#3253=CARTESIAN_POINT('Ctrl Pts',(0.880552296867461,2.40356014437684,6.25769577059216));
#3254=CARTESIAN_POINT('Ctrl Pts',(-0.841984461574242,2.35627915146765,6.42247884268334));
#3255=CARTESIAN_POINT('Ctrl Pts',(-2.01784076809341,1.39603666103962,6.57228163549351));
#3256=CARTESIAN_POINT('Ctrl Pts',(-2.45392673892607,0.0934321870632263,
6.70710414902264));
#3257=CARTESIAN_POINT('Ctrl Pts',(-2.120767321655,-1.22152622207516,6.84192666255179));
#3258=CARTESIAN_POINT('Ctrl Pts',(-0.813203155924034,-2.5137630590551,7.02169001392399));
#3259=CARTESIAN_POINT('Ctrl Pts',(1.7328115564381,-2.30007942282968,7.24639420313921));
#3260=CARTESIAN_POINT('Ctrl Pts',(2.82942248403264,0.593825897168447,7.51603923019753));
#3261=CARTESIAN_POINT('Ctrl Pts',(0.662178906886932,2.80419496227072,7.78568425725579));
#3262=CARTESIAN_POINT('Ctrl Pts',(-1.75426089306297,1.97286430952182,8.01038844647104));
#3263=CARTESIAN_POINT('Ctrl Pts',(-2.43393223336184,0.265665386128171,8.19015179784324));
#3264=CARTESIAN_POINT('Ctrl Pts',(-2.20769991649581,-1.07221432278458,8.32497431137239));
#3265=CARTESIAN_POINT('Ctrl Pts',(-1.28779915336272,-2.09104870662233,8.45979682490152));
#3266=CARTESIAN_POINT('Ctrl Pts',(0.0345095288524139,-2.45229052047899,
8.59461933843066));
#3267=CARTESIAN_POINT('Ctrl Pts',(1.33197398672502,-2.05759159209856,8.72944185195983));
#3268=CARTESIAN_POINT('Ctrl Pts',(2.55068280075592,-0.671740234597429,8.90920520333198));
#3269=CARTESIAN_POINT('Ctrl Pts',(2.27647785127328,1.33233190633664,9.08896855470422));
#3270=CARTESIAN_POINT('Ctrl Pts',(0.730421348507681,2.33935504385541,9.26873190607638));
#3271=CARTESIAN_POINT('Ctrl Pts',(-0.625639528619248,2.37254565566359,9.40355441960555));
#3272=CARTESIAN_POINT('Ctrl Pts',(-1.80180542971808,1.66631320424822,9.53837693313467));
#3273=CARTESIAN_POINT('Ctrl Pts',(-2.4833967944936,0.30824823374557,9.68817972594485));
#3274=CARTESIAN_POINT('Ctrl Pts',(-2.15340277255915,-1.38270209478326,9.85296279803601));
#3275=CARTESIAN_POINT('Ctrl Pts',(-0.624142381138369,-2.48106661276335,
10.0327261494082));
#3276=CARTESIAN_POINT('Ctrl Pts',(1.24038193047684,-2.23701366764773,10.2124895007804));
#3277=CARTESIAN_POINT('Ctrl Pts',(2.4353848912604,-0.78431984070029,10.3922528521526));
#3278=CARTESIAN_POINT('Ctrl Pts',(2.31278320782081,1.09309112096644,10.5720162035248));
#3279=CARTESIAN_POINT('Ctrl Pts',(0.940344729604727,2.37919038481894,10.751779554897));
#3280=CARTESIAN_POINT('Ctrl Pts',(-0.941031572659645,2.37883005034008,10.9315429062692));
#3281=CARTESIAN_POINT('Ctrl Pts',(-2.31314225992425,1.09253225624753,11.1113062576414));
#3282=CARTESIAN_POINT('Ctrl Pts',(-2.43511164230825,-0.785246135517591,
11.2910696090136));
#3283=CARTESIAN_POINT('Ctrl Pts',(-1.2394100984364,-2.23694195643438,11.4708329603857));
#3284=CARTESIAN_POINT('Ctrl Pts',(0.624633790664263,-2.48200071855243,11.650596311758));
#3285=CARTESIAN_POINT('Ctrl Pts',(2.15427060531137,-1.37956862096393,11.8303596631301));
#3286=CARTESIAN_POINT('Ctrl Pts',(2.51367945202681,0.459253839828185,12.0101230145024));
#3287=CARTESIAN_POINT('Ctrl Pts',(1.41205250133464,2.24427619750796,12.2098600715825));
#3288=CARTESIAN_POINT('Ctrl Pts',(-0.988845877071034,2.57382540131805,12.4295708343708));
#3289=CARTESIAN_POINT('Ctrl Pts',(-2.70367995462787,0.541067483165704,12.669255302867));
#3290=CARTESIAN_POINT('Ctrl Pts',(-2.02351268486515,-1.61385213055895,12.8739857863743));
#3291=CARTESIAN_POINT('Ctrl Pts',(-0.485285970030449,-2.40130298228175,
13.0437622848924));
#3292=CARTESIAN_POINT('Ctrl Pts',(0.872167997707346,-2.29518642733941,13.1785847984216));
#3293=CARTESIAN_POINT('Ctrl Pts',(1.96662040924031,-1.46785362033657,13.3134073119507));
#3294=CARTESIAN_POINT('Ctrl Pts',(2.44595162756477,-0.189745030033887,13.4482298254799));
#3295=CARTESIAN_POINT('Ctrl Pts',(2.16846020813896,1.15049353183926,13.583052339009));
#3296=CARTESIAN_POINT('Ctrl Pts',(1.21477599839526,2.13063670532887,13.7178748525382));
#3297=CARTESIAN_POINT('Ctrl Pts',(-0.112052891440177,2.45271539626677,13.8526973660673));
#3298=CARTESIAN_POINT('Ctrl Pts',(-1.41159043762741,2.00673542744672,13.9875198795965));
#3299=CARTESIAN_POINT('Ctrl Pts',(-2.25929914078187,0.949190087272264,14.1223423931256));
#3300=CARTESIAN_POINT('Ctrl Pts',(-2.48598255416706,-0.882109442297434,
14.3021057444978));
#3301=CARTESIAN_POINT('Ctrl Pts',(-1.12998089877743,-2.38364682883822,14.48186909587));
#3302=CARTESIAN_POINT('Ctrl Pts',(0.714978012344028,-2.34392386006592,14.6616324472422));
#3303=CARTESIAN_POINT('Ctrl Pts',(1.85295829328309,-1.60816153075643,14.7964549607713));
#3304=CARTESIAN_POINT('Ctrl Pts',(2.42883168434583,-0.360234771606569,14.9312774743005));
#3305=CARTESIAN_POINT('Ctrl Pts',(2.30476211110068,0.541115291084223,15.0211591499866));
#3306=CARTESIAN_POINT('Ctrl Pts',(2.12750551549538,0.941613399089839,15.0660999878296));
#3307=CARTESIAN_POINT('Ctrl Pts',(2.32658444863164,-4.67170539566351E-15,
-0.100121515264189));
#3308=CARTESIAN_POINT('Ctrl Pts',(2.32658444863164,0.43797426751925,-0.0551806774211404));
#3309=CARTESIAN_POINT('Ctrl Pts',(2.07524037912873,1.31242468913382,0.0347009982649561));
#3310=CARTESIAN_POINT('Ctrl Pts',(1.04356765857246,2.22051640481731,0.1695235117941));
#3311=CARTESIAN_POINT('Ctrl Pts',(-0.294835868419429,2.43276238754764,0.304346025323245));
#3312=CARTESIAN_POINT('Ctrl Pts',(-1.99802883664891,1.72238562574267,0.484109376695438));
#3313=CARTESIAN_POINT('Ctrl Pts',(-2.63030974717579,-0.199497857014147,
0.66387272806763));
#3314=CARTESIAN_POINT('Ctrl Pts',(-1.68184691684126,-1.78237868739403,0.843636079439824));
#3315=CARTESIAN_POINT('Ctrl Pts',(-0.478647516246186,-2.40635820449799,
0.978458592968967));
#3316=CARTESIAN_POINT('Ctrl Pts',(0.89020926201302,-2.28822745419882,1.11328110649811));
#3317=CARTESIAN_POINT('Ctrl Pts',(1.97316985097633,-1.45670271111664,1.24810362002726));
#3318=CARTESIAN_POINT('Ctrl Pts',(2.4485743642169,-0.174434298486387,1.3829261335564));
#3319=CARTESIAN_POINT('Ctrl Pts',(2.15989714135312,1.16344983021667,1.51774864708555));
#3320=CARTESIAN_POINT('Ctrl Pts',(1.20429170969916,2.13821424829153,1.65257116061469));
#3321=CARTESIAN_POINT('Ctrl Pts',(-0.131368770186753,2.45181337331315,1.78739367414384));
#3322=CARTESIAN_POINT('Ctrl Pts',(-1.4156357723296,1.99945546575523,1.92221618767298));
#3323=CARTESIAN_POINT('Ctrl Pts',(-2.50356045625918,0.656814877595725,2.09199268619117));
#3324=CARTESIAN_POINT('Ctrl Pts',(-2.25338693940164,-1.58902463337903,2.29672316969838));
#3325=CARTESIAN_POINT('Ctrl Pts',(0.13744546995013,-2.75383606084237,2.53640763819464));
#3326=CARTESIAN_POINT('Ctrl Pts',(2.19956113037399,-1.48077750482328,2.75611840098288));
#3327=CARTESIAN_POINT('Ctrl Pts',(2.48449733005867,0.597386948135836,2.95585545806309));
#3328=CARTESIAN_POINT('Ctrl Pts',(1.41161774625405,2.13342769210543,3.13561880943528));
#3329=CARTESIAN_POINT('Ctrl Pts',(-0.433331617979272,2.52246455208188,3.31538216080748));
#3330=CARTESIAN_POINT('Ctrl Pts',(-2.03872544805287,1.54393758340569,3.49514551217966));
#3331=CARTESIAN_POINT('Ctrl Pts',(-2.54457911748632,-0.26747476166753,3.67490886355186));
#3332=CARTESIAN_POINT('Ctrl Pts',(-1.67308641753102,-1.93526952393608,3.85467221492406));
#3333=CARTESIAN_POINT('Ctrl Pts',(0.102281992860964,-2.55613266584064,4.03443556629624));
#3334=CARTESIAN_POINT('Ctrl Pts',(1.82275113352876,-1.79513570070244,4.21419891766844));
#3335=CARTESIAN_POINT('Ctrl Pts',(2.55743242898145,-0.0633904646030788,
4.39396226904063));
#3336=CARTESIAN_POINT('Ctrl Pts',(1.90941198527977,1.70262647237377,4.57372562041282));
#3337=CARTESIAN_POINT('Ctrl Pts',(0.228888022770641,2.54792495332927,4.75348897178502));
#3338=CARTESIAN_POINT('Ctrl Pts',(-1.57534528789837,2.01578664497076,4.9332523231572));
#3339=CARTESIAN_POINT('Ctrl Pts',(-2.52777757750309,0.393204495812679,5.1130156745294));
#3340=CARTESIAN_POINT('Ctrl Pts',(-2.11359803010863,-1.44155215677044,5.2927790259016));
#3341=CARTESIAN_POINT('Ctrl Pts',(-0.556260284801994,-2.49687159922094,
5.47254237727378));
#3342=CARTESIAN_POINT('Ctrl Pts',(1.30151900404102,-2.20266983337419,5.65230572864599));
#3343=CARTESIAN_POINT('Ctrl Pts',(2.45578544797803,-0.716373932837932,5.83206908001817));
#3344=CARTESIAN_POINT('Ctrl Pts',(2.282272709163,1.15515354387984,6.01183243139036));
#3345=CARTESIAN_POINT('Ctrl Pts',(0.87403457463644,2.40595796679958,6.19159578276257));
#3346=CARTESIAN_POINT('Ctrl Pts',(-0.848380247887972,2.35400348293429,6.35637885485373));
#3347=CARTESIAN_POINT('Ctrl Pts',(-2.02163570239082,1.39056730935027,6.50618164766389));
#3348=CARTESIAN_POINT('Ctrl Pts',(-2.45418925571112,0.0867749212311486,
6.64100416119305));
#3349=CARTESIAN_POINT('Ctrl Pts',(-2.117461073105,-1.2272844514093,6.77582667472217));
#3350=CARTESIAN_POINT('Ctrl Pts',(-0.806386200539361,-2.51597856591771,
6.9555900260944));
#3351=CARTESIAN_POINT('Ctrl Pts',(1.73905814896909,-2.29538669491248,7.1802942153096));
#3352=CARTESIAN_POINT('Ctrl Pts',(2.82782182176301,0.601504428567678,7.44993924236791));
#3353=CARTESIAN_POINT('Ctrl Pts',(0.654573441334316,2.80600180267356,7.71958426942619));
#3354=CARTESIAN_POINT('Ctrl Pts',(-1.7596198157375,1.96811218437119,7.94428845864144));
#3355=CARTESIAN_POINT('Ctrl Pts',(-2.43466195270129,0.259063000128417,8.12405181001363));
#3356=CARTESIAN_POINT('Ctrl Pts',(-2.20479907754438,-1.07820785450565,8.25887432354278));
#3357=CARTESIAN_POINT('Ctrl Pts',(-1.28213078701299,-2.09455025729403,8.39369683707191));
#3358=CARTESIAN_POINT('Ctrl Pts',(0.0411628264179081,-2.452205919817,8.52851935060107));
#3359=CARTESIAN_POINT('Ctrl Pts',(1.33756122404628,-2.05398546146576,8.6633418641302));
#3360=CARTESIAN_POINT('Ctrl Pts',(2.55251464845251,-0.664822593724723,8.84310521550241));
#3361=CARTESIAN_POINT('Ctrl Pts',(2.27287155515811,1.33851299289134,9.02286856687458));
#3362=CARTESIAN_POINT('Ctrl Pts',(0.724077264971243,2.34134531820813,9.2026319182468));
#3363=CARTESIAN_POINT('Ctrl Pts',(-0.632078650448286,2.37085700018391,9.33745443177592));
#3364=CARTESIAN_POINT('Ctrl Pts',(-1.80633284092473,1.66143096050445,9.47227694530508));
#3365=CARTESIAN_POINT('Ctrl Pts',(-2.4842422249907,0.30151180496378,9.62207973811524));
#3366=CARTESIAN_POINT('Ctrl Pts',(-2.1496593669834,-1.3885494586884,9.78686281020641));
#3367=CARTESIAN_POINT('Ctrl Pts',(-0.617413436828757,-2.48276906920968,
9.96662616157861));
#3368=CARTESIAN_POINT('Ctrl Pts',(1.24645561058513,-2.23365669056536,10.1463895129508));
#3369=CARTESIAN_POINT('Ctrl Pts',(2.43752174798,-0.777715422385279,10.326152864323));
#3370=CARTESIAN_POINT('Ctrl Pts',(2.30982611594929,1.09936982504833,10.5059162156952));
#3371=CARTESIAN_POINT('Ctrl Pts',(0.933893343643143,2.38175033701718,10.6856795670674));
#3372=CARTESIAN_POINT('Ctrl Pts',(-0.947488905064215,2.37628574569208,10.8654429184396));
#3373=CARTESIAN_POINT('Ctrl Pts',(-2.31611486040651,1.086260621811,11.0452062698118));
#3374=CARTESIAN_POINT('Ctrl Pts',(-2.43299019744266,-0.791855588984068,
11.224969621184));
#3375=CARTESIAN_POINT('Ctrl Pts',(-1.23334573928456,-2.24031276243323,11.4047329725561));
#3376=CARTESIAN_POINT('Ctrl Pts',(0.631369865125537,-2.4803151945119,11.5844963239284));
#3377=CARTESIAN_POINT('Ctrl Pts',(2.15802136320565,-1.37372906860056,11.7642596753005));
#3378=CARTESIAN_POINT('Ctrl Pts',(2.51244272755444,0.466075251418249,11.9440230266727));
#3379=CARTESIAN_POINT('Ctrl Pts',(1.40596887944601,2.24811541682719,12.143760083753));
#3380=CARTESIAN_POINT('Ctrl Pts',(-0.995832416292912,2.57115209203118,12.3634708465412));
#3381=CARTESIAN_POINT('Ctrl Pts',(-2.70515784455819,0.533734273461596,12.6031553150374));
#3382=CARTESIAN_POINT('Ctrl Pts',(-2.01914168117965,-1.61934794772523,12.8078857985446));
#3383=CARTESIAN_POINT('Ctrl Pts',(-0.478772916875899,-2.4026284217065,12.9776622970629));
#3384=CARTESIAN_POINT('Ctrl Pts',(0.878398147895116,-2.2928286447231,13.112484810592));
#3385=CARTESIAN_POINT('Ctrl Pts',(1.9706099975569,-1.46252349601127,13.2473073241211));
#3386=CARTESIAN_POINT('Ctrl Pts',(2.44647541591988,-0.183109755485904,13.3821298376503));
#3387=CARTESIAN_POINT('Ctrl Pts',(2.16534684988346,1.15638089262105,13.5169523511794));
#3388=CARTESIAN_POINT('Ctrl Pts',(1.20899995933999,2.13394028670955,13.6517748647085));
#3389=CARTESIAN_POINT('Ctrl Pts',(-0.118707627095647,2.45242041866201,13.7865973782377));
#3390=CARTESIAN_POINT('Ctrl Pts',(-1.41703999298102,2.00291310676254,13.9214198917668));
#3391=CARTESIAN_POINT('Ctrl Pts',(-2.26188264958235,0.943064004010155,14.056242405296));
#3392=CARTESIAN_POINT('Ctrl Pts',(-2.48359850216902,-0.888857267241404,
14.2360057566682));
#3393=CARTESIAN_POINT('Ctrl Pts',(-1.1235181202096,-2.38672128859074,14.4157691080404));
#3394=CARTESIAN_POINT('Ctrl Pts',(0.721339810793254,-2.34199272006744,14.5955324594126));
#3395=CARTESIAN_POINT('Ctrl Pts',(1.85732812473534,-1.60314029305872,14.7303549729417));
#3396=CARTESIAN_POINT('Ctrl Pts',(2.4298179557588,-0.353646571662108,14.8651774864709));
#3397=CARTESIAN_POINT('Ctrl Pts',(2.30330252407962,0.547370202141178,14.955059162157));
#3398=CARTESIAN_POINT('Ctrl Pts',(2.12495870737509,0.947388879270493,15.));
#3399=CARTESIAN_POINT('',(2.32658444863164,-1.13630341122607E-16,0.100121515264188));
#3400=CARTESIAN_POINT('Ctrl Pts',(2.12433313854518,-0.947117930836852,15.0000823148378));
#3401=CARTESIAN_POINT('Ctrl Pts',(2.02939168326229,-1.15956751997466,14.976273188702));
#3402=CARTESIAN_POINT('Ctrl Pts',(1.66523028534374,-1.73255671266234,14.9075232247232));
#3403=CARTESIAN_POINT('Ctrl Pts',(0.702254415445584,-2.34778614006287,14.7938324229014));
#3404=CARTESIAN_POINT('Ctrl Pts',(-1.14290645591309,-2.3774979093332,14.6140690715292));
#3405=CARTESIAN_POINT('Ctrl Pts',(-2.49075065816313,-0.868613792409489,
14.434305720157));
#3406=CARTESIAN_POINT('Ctrl Pts',(-2.25413212318091,0.961442253796479,14.2545423687848));
#3407=CARTESIAN_POINT('Ctrl Pts',(-1.4006913269202,2.01438006881506,14.1197198552557));
#3408=CARTESIAN_POINT('Ctrl Pts',(-0.0987434201292347,2.45330535147629,
13.9848973417265));
#3409=CARTESIAN_POINT('Ctrl Pts',(1.22632807650582,2.12402954256753,13.8500748281973));
#3410=CARTESIAN_POINT('Ctrl Pts',(2.17468692464998,1.13871881027568,13.7152523146683));
#3411=CARTESIAN_POINT('Ctrl Pts',(2.44490405085455,-0.203015579129851,13.5804298011391));
#3412=CARTESIAN_POINT('Ctrl Pts',(1.95864123260713,-1.47851386898717,13.44560728761));
#3413=CARTESIAN_POINT('Ctrl Pts',(0.859707697331805,-2.29990199257202,13.3107847740808));
#3414=CARTESIAN_POINT('Ctrl Pts',(-0.498312076339548,-2.39865210343224,
13.1759622605517));
#3415=CARTESIAN_POINT('Ctrl Pts',(-2.03225469223615,-1.60286049622638,13.0061857620335));
#3416=CARTESIAN_POINT('Ctrl Pts',(-2.70072417476724,0.55573390257392,12.8014552785262));
#3417=CARTESIAN_POINT('Ctrl Pts',(-0.974872798627282,2.57917201989179,12.56177081003));
#3418=CARTESIAN_POINT('Ctrl Pts',(1.42421974511192,2.2365977588695,12.3420600472418));
#3419=CARTESIAN_POINT('Ctrl Pts',(2.51615290097157,0.445611016648059,12.1423229901616));
#3420=CARTESIAN_POINT('Ctrl Pts',(2.14676908952281,-1.39124772569069,11.9625596387893));
#3421=CARTESIAN_POINT('Ctrl Pts',(0.61116164174172,-2.48537176663348,11.7827962874172));
#3422=CARTESIAN_POINT('Ctrl Pts',(-1.25153881674007,-2.23020034443667,11.603032936045));
#3423=CARTESIAN_POINT('Ctrl Pts',(-2.43935453203943,-0.772027228584637,
11.4232695846728));
#3424=CARTESIAN_POINT('Ctrl Pts',(-2.30719705895976,1.10507552512059,11.2435062333006));
#3425=CARTESIAN_POINT('Ctrl Pts',(-0.928116907850494,2.38391865963609,11.0637428819284));
#3426=CARTESIAN_POINT('Ctrl Pts',(0.953247501527889,2.37407048042245,10.8839795305562));
#3427=CARTESIAN_POINT('Ctrl Pts',(2.31869739156387,1.08053371280265,10.704216179184));
#3428=CARTESIAN_POINT('Ctrl Pts',(2.4311111778212,-0.797528677330313,10.5244528278118));
#3429=CARTESIAN_POINT('Ctrl Pts',(1.22823457026026,-2.24372762181245,10.3446894764396));
#3430=CARTESIAN_POINT('Ctrl Pts',(-0.637600269757594,-2.47766169987068,
10.1649261250674));
#3431=CARTESIAN_POINT('Ctrl Pts',(-2.16088958371065,-1.37100736697297,9.98516277369523));
#3432=CARTESIAN_POINT('Ctrl Pts',(-2.48170593349939,0.321721091309146,9.82037970160405));
#3433=CARTESIAN_POINT('Ctrl Pts',(-1.79275060730477,1.67607769173578,9.6705769087939));
#3434=CARTESIAN_POINT('Ctrl Pts',(-0.612761284961168,2.37592296662293,9.53575439526473));
#3435=CARTESIAN_POINT('Ctrl Pts',(0.74310951558055,2.33537449514997,9.40093188173561));
#3436=CARTESIAN_POINT('Ctrl Pts',(2.28369044350363,1.31996973322724,9.2211685303634));
#3437=CARTESIAN_POINT('Ctrl Pts',(2.54701910536273,-0.685575516342839,9.04140517899121));
#3438=CARTESIAN_POINT('Ctrl Pts',(1.32079951208251,-2.06480385336416,8.86164182761903));
#3439=CARTESIAN_POINT('Ctrl Pts',(0.0212029337214228,-2.45245972180297,
8.72681931408987));
#3440=CARTESIAN_POINT('Ctrl Pts',(-1.29913588606219,-2.08404560527894,8.59199680056074));
#3441=CARTESIAN_POINT('Ctrl Pts',(-2.21350159439866,-1.06022725934245,8.45717428703159));
#3442=CARTESIAN_POINT('Ctrl Pts',(-2.43247279468294,0.27887015812768,8.32235177350245));
#3443=CARTESIAN_POINT('Ctrl Pts',(-1.7435430477139,1.98236855982306,8.14258842213025));
#3444=CARTESIAN_POINT('Ctrl Pts',(0.677389837992166,2.80058128146505,7.91788423291502));
#3445=CARTESIAN_POINT('Ctrl Pts',(2.83262380857188,0.578468834369981,7.64823920585672));
#3446=CARTESIAN_POINT('Ctrl Pts',(1.72031837137612,-2.30946487866408,7.37859417879843));
#3447=CARTESIAN_POINT('Ctrl Pts',(-0.826837066693385,-2.50933204532989,
7.1538899895832));
#3448=CARTESIAN_POINT('Ctrl Pts',(-2.12737981875499,-1.21000976340689,6.974126638211));
#3449=CARTESIAN_POINT('Ctrl Pts',(-2.45340170535596,0.106746718727379,6.83930412468185));
#3450=CARTESIAN_POINT('Ctrl Pts',(-2.01025089949857,1.40697536441833,6.70448161115272));
#3451=CARTESIAN_POINT('Ctrl Pts',(-0.829192888946787,2.36083048853435,6.55467881834254));
#3452=CARTESIAN_POINT('Ctrl Pts',(0.893587741329508,2.39876449953135,6.3898957462514));
#3453=CARTESIAN_POINT('Ctrl Pts',(2.29159892167288,1.13653984141167,6.21013239487917));
#3454=CARTESIAN_POINT('Ctrl Pts',(2.4498735319001,-0.736337867996534,6.030369043507));
#3455=CARTESIAN_POINT('Ctrl Pts',(1.28354834224077,-2.21318995250466,5.85060569213479));
#3456=CARTESIAN_POINT('Ctrl Pts',(-0.57656392390076,-2.49226148890929,5.67084234076261));
#3457=CARTESIAN_POINT('Ctrl Pts',(-2.12526083077674,-1.42430181307711,5.49107898939041));
#3458=CARTESIAN_POINT('Ctrl Pts',(-2.52449355626396,0.41376507976927,5.31131563801822));
#3459=CARTESIAN_POINT('Ctrl Pts',(-1.55888660054284,2.02854162905129,5.13155228664602));
#3460=CARTESIAN_POINT('Ctrl Pts',(0.249618028965385,2.54597763823276,4.95178893527384));
#3461=CARTESIAN_POINT('Ctrl Pts',(1.92320643560699,1.68702935362661,4.77202558390164));
#3462=CARTESIAN_POINT('Ctrl Pts',(2.55683178530948,-0.0842033338988956,
4.59226223252945));
#3463=CARTESIAN_POINT('Ctrl Pts',(1.80808013183693,-1.80991163197914,4.41249888115725));
#3464=CARTESIAN_POINT('Ctrl Pts',(0.081474214899082,-2.55688047506092,4.23273552978507));
#3465=CARTESIAN_POINT('Ctrl Pts',(-1.68878217970061,-1.92158815575249,4.05297217841287));
#3466=CARTESIAN_POINT('Ctrl Pts',(-2.5466718150368,-0.246755546591633,3.87320882704068));
#3467=CARTESIAN_POINT('Ctrl Pts',(-2.02609179686566,1.56047965211491,3.69344547566848));
#3468=CARTESIAN_POINT('Ctrl Pts',(-0.412786900020037,2.52590789278271,3.5136821242963));
#3469=CARTESIAN_POINT('Ctrl Pts',(1.42893498024141,2.12186785668292,3.33391877292409));
#3470=CARTESIAN_POINT('Ctrl Pts',(2.48927717634623,0.57714581189977,3.15415542155191));
#3471=CARTESIAN_POINT('Ctrl Pts',(2.18743621247159,-1.49863070881745,2.95441836447169));
#3472=CARTESIAN_POINT('Ctrl Pts',(0.115027417320934,-2.75486351757579,2.73470760168346));
#3473=CARTESIAN_POINT('Ctrl Pts',(-2.26624538994964,-1.57063166168369,2.49502313318719));
#3474=CARTESIAN_POINT('Ctrl Pts',(-2.49813170952871,0.677169626772277,2.29029264967998));
#3475=CARTESIAN_POINT('Ctrl Pts',(-1.39931529455562,2.01091111336638,2.1205161511618));
#3476=CARTESIAN_POINT('Ctrl Pts',(-0.111409084602602,2.45280137540845,1.98569363763265));
#3477=CARTESIAN_POINT('Ctrl Pts',(1.22165476863045,2.12834168307852,1.85087112410351));
#3478=CARTESIAN_POINT('Ctrl Pts',(2.16929493078254,1.14583186896584,1.71604861057436));
#3479=CARTESIAN_POINT('Ctrl Pts',(2.44707353926366,-0.194357492843224,1.58122609704522));
#3480=CARTESIAN_POINT('Ctrl Pts',(1.96124837666667,-1.47271411156369,1.44640358351607));
#3481=CARTESIAN_POINT('Ctrl Pts',(0.871555869375684,-2.29539708522943,1.31158106998693));
#3482=CARTESIAN_POINT('Ctrl Pts',(-0.498217036604035,-2.40238278332178,
1.17675855645778));
#3483=CARTESIAN_POINT('Ctrl Pts',(-1.6962980087465,-1.76863108151122,1.04193604292864));
#3484=CARTESIAN_POINT('Ctrl Pts',(-2.6318463404027,-0.178083131009387,0.862172691556447));
#3485=CARTESIAN_POINT('Ctrl Pts',(-1.98394414296854,1.73859055370332,0.682409340184255));
#3486=CARTESIAN_POINT('Ctrl Pts',(-0.275025824599908,2.43508148105485,0.502645988812062));
#3487=CARTESIAN_POINT('Ctrl Pts',(1.06160589915423,2.21194924827903,0.367823475282917));
#3488=CARTESIAN_POINT('Ctrl Pts',(2.08093286752289,1.29989359623237,0.233648665904168));
#3489=CARTESIAN_POINT('Ctrl Pts',(2.32652951761095,0.431641851169646,0.144414694368467));
#3490=CARTESIAN_POINT('Ctrl Pts',(2.3265832474787,-4.48916165005087E-9,
0.100121560675814));
#3491=CARTESIAN_POINT('Ctrl Pts',(2.32658444863164,5.45229111971124E-16,
0.100121515264188));
#3492=CARTESIAN_POINT('Ctrl Pts',(2.32657160498257,5.45590513083726E-16,
0.0667476446661845));
#3493=CARTESIAN_POINT('Ctrl Pts',(2.326565183099,3.26344853918137E-16,0.0333738737820677));
#3494=CARTESIAN_POINT('Ctrl Pts',(2.32656518309881,3.26344853918137E-16,
-0.0333738728323193));
#3495=CARTESIAN_POINT('Ctrl Pts',(2.32657160498239,3.58782662925907E-15,
-0.0667476441907209));
#3496=CARTESIAN_POINT('Ctrl Pts',(2.32658444863164,3.58782662925907E-15,
-0.100121515264188));
#3497=CARTESIAN_POINT('Ctrl Pts',(1.5,0.,0.577350269189626));
#3498=CARTESIAN_POINT('Ctrl Pts',(1.5,0.49533702420134,0.656185605087699));
#3499=CARTESIAN_POINT('Ctrl Pts',(0.971235615820249,1.47769521979698,0.813856276883846));
#3500=CARTESIAN_POINT('Ctrl Pts',(-0.706776298430993,1.62268462146268,1.05036228457806));
#3501=CARTESIAN_POINT('Ctrl Pts',(-1.74302941270636,0.29806274708531,1.28686829227228));
#3502=CARTESIAN_POINT('Ctrl Pts',(-1.20551178253867,-1.29436397143603,1.5233742999665));
#3503=CARTESIAN_POINT('Ctrl Pts',(0.422250329831742,-1.71782360494875,1.75988030766072));
#3504=CARTESIAN_POINT('Ctrl Pts',(1.66800665962424,-0.588382451144051,1.99638631535494));
#3505=CARTESIAN_POINT('Ctrl Pts',(1.40651324516324,1.07258825705161,2.23289232304916));
#3506=CARTESIAN_POINT('Ctrl Pts',(-0.126221017157316,1.76432432897607,2.46939833074338));
#3507=CARTESIAN_POINT('Ctrl Pts',(-1.54482713614162,0.861496991834299,2.7059043384376));
#3508=CARTESIAN_POINT('Ctrl Pts',(-1.5673287551214,-0.819875128676136,2.94241034613182));
#3509=CARTESIAN_POINT('Ctrl Pts',(-0.173345570655964,-1.76030325433864,
3.17891635382604));
#3510=CARTESIAN_POINT('Ctrl Pts',(1.37729031157062,-1.10985317023803,3.41542236152025));
#3511=CARTESIAN_POINT('Ctrl Pts',(1.68320755461307,0.543619637550782,3.65192836921448));
#3512=CARTESIAN_POINT('Ctrl Pts',(0.467927902943805,1.70579980123217,3.88843437690869));
#3513=CARTESIAN_POINT('Ctrl Pts',(-1.17023933297569,1.32636634696679,4.12494038460292));
#3514=CARTESIAN_POINT('Ctrl Pts',(-1.7508061973874,-0.251766853535281,4.36144639229713));
#3515=CARTESIAN_POINT('Ctrl Pts',(-0.74908590754398,-1.60236669405387,4.59795239999136));
#3516=CARTESIAN_POINT('Ctrl Pts',(0.929618793952078,-1.50483135735182,4.83445840768557));
#3517=CARTESIAN_POINT('Ctrl Pts',(1.76818285008783,-0.0473084226933967,
5.0709644153798));
#3518=CARTESIAN_POINT('Ctrl Pts',(1.00875590561676,1.45296942968805,5.307470423074));
#3519=CARTESIAN_POINT('Ctrl Pts',(-0.662331716896784,1.64012966406725,5.54397643076824));
#3520=CARTESIAN_POINT('Ctrl Pts',(-1.73483867007322,0.345026709152893,5.78048243846244));
#3521=CARTESIAN_POINT('Ctrl Pts',(-1.23948938129349,-1.26189330287131,6.01698844615667));
#3522=CARTESIAN_POINT('Ctrl Pts',(0.376045423179797,-1.72838030295506,6.25349445385089));
#3523=CARTESIAN_POINT('Ctrl Pts',(1.65173009114229,-0.63284780250631,6.49000046154511));
#3524=CARTESIAN_POINT('Ctrl Pts',(1.43466769878608,1.0346193638097,6.72650646923932));
#3525=CARTESIAN_POINT('Ctrl Pts',(-0.078972142520958,1.76705179166979,6.96301247693355));
#3526=CARTESIAN_POINT('Ctrl Pts',(-1.52124110200138,0.902515453466303,7.19951848462776));
#3527=CARTESIAN_POINT('Ctrl Pts',(-1.58869210900971,-0.777667034624435,
7.43602449232199));
#3528=CARTESIAN_POINT('Ctrl Pts',(-0.220366479913025,-1.75503482828459,
7.6725305000162));
#3529=CARTESIAN_POINT('Ctrl Pts',(1.34711482038075,-1.14629415715362,7.90903650771043));
#3530=CARTESIAN_POINT('Ctrl Pts',(1.69714437255201,0.498407075320003,8.14554251540464));
#3531=CARTESIAN_POINT('Ctrl Pts',(0.513383818690527,1.69267412358904,8.38204852309886));
#3532=CARTESIAN_POINT('Ctrl Pts',(-1.13434611477437,1.35719104250933,8.61855453079308));
#3533=CARTESIAN_POINT('Ctrl Pts',(-1.75691350129265,-0.204850148009345,
8.8550605384873));
#3534=CARTESIAN_POINT('Ctrl Pts',(-0.791674576650888,-1.58175851457243,
9.09156654618151));
#3535=CARTESIAN_POINT('Ctrl Pts',(0.889038324136695,-1.5291564642398,9.32807255387574));
#3536=CARTESIAN_POINT('Ctrl Pts',(1.76628499867624,-0.0945829718990761,
9.56457856156996));
#3537=CARTESIAN_POINT('Ctrl Pts',(1.04725589305702,1.42546965116584,9.80108456926417));
#3538=CARTESIAN_POINT('Ctrl Pts',(-0.618228180953524,1.65725753896178,10.0375905769584));
#3539=CARTESIAN_POINT('Ctrl Pts',(-1.72499004174391,0.391302947975897,10.2740965846526));
#3540=CARTESIAN_POINT('Ctrl Pts',(-1.27279633242248,-1.22829072874979,10.5106025923468));
#3541=CARTESIAN_POINT('Ctrl Pts',(0.329683956282339,-1.73781964820713,10.7471086000411));
#3542=CARTESIAN_POINT('Ctrl Pts',(1.63421320009129,-0.676798267469583,10.9836146077353));
#3543=CARTESIAN_POINT('Ctrl Pts',(1.46182617436517,0.995877880103359,11.2201206154295));
#3544=CARTESIAN_POINT('Ctrl Pts',(-0.0316825960866275,1.76853185784122,
11.4566266231237));
#3545=CARTESIAN_POINT('Ctrl Pts',(-1.49655851043969,0.94287937414056,11.6931326308179));
#3546=CARTESIAN_POINT('Ctrl Pts',(-1.60892289530951,-0.734897883898356,
11.9296386385122));
#3547=CARTESIAN_POINT('Ctrl Pts',(-0.26722790592481,-1.74851329149428,12.1661446462064));
#3548=CARTESIAN_POINT('Ctrl Pts',(1.31597516356072,-1.18191342793315,12.4026506539006));
#3549=CARTESIAN_POINT('Ctrl Pts',(1.70986597696967,0.452836618037103,12.6391566615948));
#3550=CARTESIAN_POINT('Ctrl Pts',(0.55847512791468,1.6783389900738,12.875662669289));
#3551=CARTESIAN_POINT('Ctrl Pts',(-1.09764694237437,1.38704212017815,13.1121686769832));
#3552=CARTESIAN_POINT('Ctrl Pts',(-1.76175274717965,-0.15778214507353,13.3486746846775));
#3553=CARTESIAN_POINT('Ctrl Pts',(-0.833718156803367,-1.56002760168065,
13.5851806923717));
#3554=CARTESIAN_POINT('Ctrl Pts',(0.847862789481509,-1.55237037081918,13.8216867000659));
#3555=CARTESIAN_POINT('Ctrl Pts',(1.76304465058744,-0.141822725259779,14.0581927077601));
#3556=CARTESIAN_POINT('Ctrl Pts',(1.08515790021278,1.39701310314825,14.2946987154543));
#3557=CARTESIAN_POINT('Ctrl Pts',(-0.573973030580197,1.67307851237107,14.5312047231486));
#3558=CARTESIAN_POINT('Ctrl Pts',(-1.71334716089895,0.437532217098366,14.7677107308428));
#3559=CARTESIAN_POINT('Ctrl Pts',(-1.30628562236019,-1.19425959890233,15.004216738537));
#3560=CARTESIAN_POINT('Ctrl Pts',(0.285346857258326,-1.74512433800615,15.2407227462312));
#3561=CARTESIAN_POINT('Ctrl Pts',(1.16830544210074,-1.06321266052584,15.3983934180274));
#3562=CARTESIAN_POINT('Ctrl Pts',(1.37000746434855,-0.610802380176485,15.4772287539254));
#3563=CARTESIAN_POINT('Ctrl Pts',(1.77552814954388,0.,0.418274017881146));
#3564=CARTESIAN_POINT('Ctrl Pts',(1.77552814954388,0.586323219987186,0.497109353779219));
#3565=CARTESIAN_POINT('Ctrl Pts',(1.14963745048563,1.74912630613065,0.654780025575367));
#3566=CARTESIAN_POINT('Ctrl Pts',(-0.836600808863105,1.92074814882597,0.891286033269583));
#3567=CARTESIAN_POINT('Ctrl Pts',(-2.06319852516205,0.352812531853565,1.12779204096381));
#3568=CARTESIAN_POINT('Ctrl Pts',(-1.42694673633615,-1.53211977802672,1.36429804865802));
#3569=CARTESIAN_POINT('Ctrl Pts',(0.499811564513632,-2.03336277769163,1.60080405635225));
#3570=CARTESIAN_POINT('Ctrl Pts',(1.974395185193,-0.696459736469261,1.83731006404646));
#3571=CARTESIAN_POINT('Ctrl Pts',(1.66486923966243,1.26960709551023,2.07381607174068));
#3572=CARTESIAN_POINT('Ctrl Pts',(-0.149405979351249,2.08840500734809,2.3103220794349));
#3573=CARTESIAN_POINT('Ctrl Pts',(-1.82858937759914,1.01974143983278,2.54682808712912));
#3574=CARTESIAN_POINT('Ctrl Pts',(-1.85522421620507,-0.970474246716926,
2.78333409482334));
#3575=CARTESIAN_POINT('Ctrl Pts',(-0.205186626865608,-2.08364531987464,
3.01984010251756));
#3576=CARTESIAN_POINT('Ctrl Pts',(1.63027847885847,-1.31371703041209,3.25634611021177));
#3577=CARTESIAN_POINT('Ctrl Pts',(1.99238826316029,0.643474646077502,3.492852117906));
#3578=CARTESIAN_POINT('Ctrl Pts',(0.553879442422508,2.01913037638272,3.72935812560021));
#3579=CARTESIAN_POINT('Ctrl Pts',(-1.38519525160119,1.57000052376482,3.96586413329444));
#3580=CARTESIAN_POINT('Ctrl Pts',(-2.0724037919048,-0.298012757049322,4.20237014098865));
#3581=CARTESIAN_POINT('Ctrl Pts',(-0.886682076847308,-1.89669811412281,
4.43887614868287));
#3582=CARTESIAN_POINT('Ctrl Pts',(1.1003762246713,-1.78124695686299,4.67538215637709));
#3583=CARTESIAN_POINT('Ctrl Pts',(2.09297228258111,-0.055998290801764,4.91188816407132));
#3584=CARTESIAN_POINT('Ctrl Pts',(1.19404967096079,1.71985874855857,5.14839417176552));
#3585=CARTESIAN_POINT('Ctrl Pts',(-0.78399240512398,1.94139759163557,5.38490017945976));
#3586=CARTESIAN_POINT('Ctrl Pts',(-2.05350326242151,0.408403089630299,5.62140618715397));
#3587=CARTESIAN_POINT('Ctrl Pts',(-1.46716552503154,-1.49368472064594,5.85791219484818));
#3588=CARTESIAN_POINT('Ctrl Pts',(0.445119489575245,-2.0458585873426,6.09441820254241));
#3589=CARTESIAN_POINT('Ctrl Pts',(1.95512884818122,-0.749092725151292,6.33092421023663));
#3590=CARTESIAN_POINT('Ctrl Pts',(1.69819525629069,1.22466386967153,6.56743021793084));
#3591=CARTESIAN_POINT('Ctrl Pts',(-0.0934781747171674,2.09163346520777,
6.80393622562507));
#3592=CARTESIAN_POINT('Ctrl Pts',(-1.8006709325644,1.06829439535185,7.04044223331928));
#3593=CARTESIAN_POINT('Ctrl Pts',(-1.88051170700332,-0.920513140631999,
7.27694824101351));
#3594=CARTESIAN_POINT('Ctrl Pts',(-0.260844592200982,-2.07740916069947,
7.51345424870771));
#3595=CARTESIAN_POINT('Ctrl Pts',(1.59456018950252,-1.35685169578928,7.74996025640196));
#3596=CARTESIAN_POINT('Ctrl Pts',(2.00888507153738,0.589957194775001,7.98646626409615));
#3597=CARTESIAN_POINT('Ctrl Pts',(0.60768494773691,2.00359370295791,8.22297227179039));
#3598=CARTESIAN_POINT('Ctrl Pts',(-1.34270897207176,1.60648726685609,8.45947827948459));
#3599=CARTESIAN_POINT('Ctrl Pts',(-2.07963291857254,-0.242478136152547,
8.69598428717883));
#3600=CARTESIAN_POINT('Ctrl Pts',(-0.937093664081258,-1.87230451226938,
8.93249029487303));
#3601=CARTESIAN_POINT('Ctrl Pts',(1.05234171368535,-1.81004023154316,9.16899630256727));
#3602=CARTESIAN_POINT('Ctrl Pts',(2.09072582351116,-0.111956486049552,9.40550231026147));
#3603=CARTESIAN_POINT('Ctrl Pts',(1.23962154526564,1.68730766131029,9.6420083179557));
#3604=CARTESIAN_POINT('Ctrl Pts',(-0.73178769208286,1.96167160764698,9.87851432564992));
#3605=CARTESIAN_POINT('Ctrl Pts',(-2.04184558453279,0.463179599420473,10.1150203333441));
#3606=CARTESIAN_POINT('Ctrl Pts',(-1.50659047790155,-1.45390984314601,10.3515263410384));
#3607=CARTESIAN_POINT('Ctrl Pts',(0.390242096554856,-2.0570318028148,10.5880323487326));
#3608=CARTESIAN_POINT('Ctrl Pts',(1.93439435941218,-0.801116250303184,10.8245383564268));
#3609=CARTESIAN_POINT('Ctrl Pts',(1.73034234821693,1.1788061397544,11.061044364121));
#3610=CARTESIAN_POINT('Ctrl Pts',(-0.0375022274682915,2.09338539797482,
11.2975503718152));
#3611=CARTESIAN_POINT('Ctrl Pts',(-1.77145450848342,1.11607258027392,11.5340563795095));
#3612=CARTESIAN_POINT('Ctrl Pts',(-1.90445859404512,-0.869887919934508,
11.7705623872036));
#3613=CARTESIAN_POINT('Ctrl Pts',(-0.316313779542108,-2.06968971259981,
12.0070683948979));
#3614=CARTESIAN_POINT('Ctrl Pts',(1.55770063133511,-1.39901370774614,12.2435744025921));
#3615=CARTESIAN_POINT('Ctrl Pts',(2.02394344937133,0.536016108312751,12.4800804102864));
#3616=CARTESIAN_POINT('Ctrl Pts',(0.661058873621756,1.98662541423538,12.7165864179805));
#3617=CARTESIAN_POINT('Ctrl Pts',(-1.29926869629764,1.64182155265289,12.9530924256748));
#3618=CARTESIAN_POINT('Ctrl Pts',(-2.08536106343582,-0.186764426715646,
13.189598433369));
#3619=CARTESIAN_POINT('Ctrl Pts',(-0.986860037460145,-1.84658194723295,
13.4261044410632));
#3620=CARTESIAN_POINT('Ctrl Pts',(1.00360283311681,-1.83751819460489,13.6626104487574));
#3621=CARTESIAN_POINT('Ctrl Pts',(2.08689027068051,-0.167873493962509,13.8991164564517));
#3622=CARTESIAN_POINT('Ctrl Pts',(1.28448559901848,1.65362405994758,14.1356224641458));
#3623=CARTESIAN_POINT('Ctrl Pts',(-0.679403515249433,1.98039866340789,14.3721284718401));
#3624=CARTESIAN_POINT('Ctrl Pts',(-2.02806407607811,0.517900511860328,14.6086344795343));
#3625=CARTESIAN_POINT('Ctrl Pts',(-1.54623126256331,-1.41362769047605,14.8451404872285));
#3626=CARTESIAN_POINT('Ctrl Pts',(0.337760918297358,-2.0656782577227,15.0816464949227));
#3627=CARTESIAN_POINT('Ctrl Pts',(1.38290613314345,-1.25850933847671,15.2393171667189));
#3628=CARTESIAN_POINT('Ctrl Pts',(1.62165787869072,-0.722997879874501,15.318152502617));
#3629=CARTESIAN_POINT('Ctrl Pts',(2.05105629908776,0.,0.259197766572667));
#3630=CARTESIAN_POINT('Ctrl Pts',(2.05105629908776,0.67730941577303,0.33803310247074));
#3631=CARTESIAN_POINT('Ctrl Pts',(1.328039285151,2.02055739246432,0.495703774266887));
#3632=CARTESIAN_POINT('Ctrl Pts',(-0.966425319295216,2.21881167618925,0.732209781961104));
#3633=CARTESIAN_POINT('Ctrl Pts',(-2.38336763761774,0.407562316621817,0.968715789655326));
#3634=CARTESIAN_POINT('Ctrl Pts',(-1.64838169013363,-1.76987558461741,1.20522179734954));
#3635=CARTESIAN_POINT('Ctrl Pts',(0.577372799195522,-2.34890195043452,1.44172780504376));
#3636=CARTESIAN_POINT('Ctrl Pts',(2.28078371076176,-0.804537021794469,1.67823381273798));
#3637=CARTESIAN_POINT('Ctrl Pts',(1.92322523416162,1.46662593396885,1.9147398204322));
#3638=CARTESIAN_POINT('Ctrl Pts',(-0.172590941545184,2.41248568572011,2.15124582812642));
#3639=CARTESIAN_POINT('Ctrl Pts',(-2.11235161905665,1.17798588783126,2.38775183582064));
#3640=CARTESIAN_POINT('Ctrl Pts',(-2.14311967728875,-1.12107336475772,2.62425784351486));
#3641=CARTESIAN_POINT('Ctrl Pts',(-0.237027683075252,-2.40698738541064,
2.86076385120908));
#3642=CARTESIAN_POINT('Ctrl Pts',(1.88326664614632,-1.51758089058615,3.09726985890329));
#3643=CARTESIAN_POINT('Ctrl Pts',(2.3015689717075,0.743329654604223,3.33377586659752));
#3644=CARTESIAN_POINT('Ctrl Pts',(0.639830981901212,2.33246095153327,3.57028187429173));
#3645=CARTESIAN_POINT('Ctrl Pts',(-1.60015117022669,1.81363470056284,3.80678788198596));
#3646=CARTESIAN_POINT('Ctrl Pts',(-2.39400138642221,-0.344258660563363,
4.04329388968017));
#3647=CARTESIAN_POINT('Ctrl Pts',(-1.02427824615064,-2.19102953419174,4.2797998973744));
#3648=CARTESIAN_POINT('Ctrl Pts',(1.27113365539052,-2.05766255637417,4.51630590506861));
#3649=CARTESIAN_POINT('Ctrl Pts',(2.41776171507439,-0.0646881589101318,
4.75281191276284));
#3650=CARTESIAN_POINT('Ctrl Pts',(1.37934343630482,1.98674806742909,4.98931792045705));
#3651=CARTESIAN_POINT('Ctrl Pts',(-0.905653093351173,2.24266551920389,5.22582392815127));
#3652=CARTESIAN_POINT('Ctrl Pts',(-2.37216785476981,0.471779470107707,5.46232993584549));
#3653=CARTESIAN_POINT('Ctrl Pts',(-1.6948416687696,-1.72547613842057,5.69883594353971));
#3654=CARTESIAN_POINT('Ctrl Pts',(0.514193555970694,-2.36333687173013,5.93534195123393));
#3655=CARTESIAN_POINT('Ctrl Pts',(2.25852760522014,-0.865337647796277,6.17184795892815));
#3656=CARTESIAN_POINT('Ctrl Pts',(1.96172281379529,1.41470837553337,6.40835396662237));
#3657=CARTESIAN_POINT('Ctrl Pts',(-0.107984206913377,2.41621513874575,6.64485997431658));
#3658=CARTESIAN_POINT('Ctrl Pts',(-2.08010076312743,1.23407333723741,6.88136598201081));
#3659=CARTESIAN_POINT('Ctrl Pts',(-2.17233130499693,-1.06335924663956,7.11787198970503));
#3660=CARTESIAN_POINT('Ctrl Pts',(-0.301322704488938,-2.39978349311435,
7.35437799739924));
#3661=CARTESIAN_POINT('Ctrl Pts',(1.84200555862428,-1.56740923442495,7.59088400509347));
#3662=CARTESIAN_POINT('Ctrl Pts',(2.32062577052276,0.681507314229999,7.82739001278768));
#3663=CARTESIAN_POINT('Ctrl Pts',(0.701986076783291,2.31451328232677,8.06389602048191));
#3664=CARTESIAN_POINT('Ctrl Pts',(-1.55107182936914,1.85578349120284,8.30040202817612));
#3665=CARTESIAN_POINT('Ctrl Pts',(-2.40235233585242,-0.280106124295751,
8.53690803587033));
#3666=CARTESIAN_POINT('Ctrl Pts',(-1.08251275151163,-2.16285050996632,8.77341404356456));
#3667=CARTESIAN_POINT('Ctrl Pts',(1.215645103234,-2.09092399884654,9.00992005125878));
#3668=CARTESIAN_POINT('Ctrl Pts',(2.41516664834609,-0.129330000200028,9.246426058953));
#3669=CARTESIAN_POINT('Ctrl Pts',(1.43198719747426,1.94914567145475,9.48293206664722));
#3670=CARTESIAN_POINT('Ctrl Pts',(-0.845347203212194,2.26608567633217,9.71943807434144));
#3671=CARTESIAN_POINT('Ctrl Pts',(-2.35870112732167,0.535056250865051,9.95594408203566));
#3672=CARTESIAN_POINT('Ctrl Pts',(-1.74038462338062,-1.67952895754223,10.1924500897299));
#3673=CARTESIAN_POINT('Ctrl Pts',(0.450800236827375,-2.37624395742247,10.4289560974241));
#3674=CARTESIAN_POINT('Ctrl Pts',(2.23457551873307,-0.925434233136783,10.6654621051183));
#3675=CARTESIAN_POINT('Ctrl Pts',(1.99885852206869,1.36173439940544,10.9019681128125));
#3676=CARTESIAN_POINT('Ctrl Pts',(-0.0433218588499545,2.41823893810842,
11.1384741205068));
#3677=CARTESIAN_POINT('Ctrl Pts',(-2.04635050652715,1.28926578640728,11.374980128201));
#3678=CARTESIAN_POINT('Ctrl Pts',(-2.19999429278072,-1.00487795597066,11.6114861358952));
#3679=CARTESIAN_POINT('Ctrl Pts',(-0.365399653159407,-2.39086613370535,
11.8479921435894));
#3680=CARTESIAN_POINT('Ctrl Pts',(1.79942609910951,-1.61611398755913,12.0844981512836));
#3681=CARTESIAN_POINT('Ctrl Pts',(2.338020921773,0.619195598588398,12.3210041589778));
#3682=CARTESIAN_POINT('Ctrl Pts',(0.763642619328832,2.29491183839697,12.5575101666721));
#3683=CARTESIAN_POINT('Ctrl Pts',(-1.50089045022091,1.89660098512763,12.7940161743663));
#3684=CARTESIAN_POINT('Ctrl Pts',(-2.408969379692,-0.215746708357761,13.0305221820605));
#3685=CARTESIAN_POINT('Ctrl Pts',(-1.14000191811692,-2.13313629278525,13.2670281897547));
#3686=CARTESIAN_POINT('Ctrl Pts',(1.15934287675211,-2.12266601839059,13.503534197449));
#3687=CARTESIAN_POINT('Ctrl Pts',(2.41073589077357,-0.193924262665242,13.7400402051432));
#3688=CARTESIAN_POINT('Ctrl Pts',(1.48381329782418,1.91023501674692,13.9765462128374));
#3689=CARTESIAN_POINT('Ctrl Pts',(-0.78483399991867,2.28771881444471,14.2130522205316));
#3690=CARTESIAN_POINT('Ctrl Pts',(-2.34278099125728,0.598268806622294,14.4495582282258));
#3691=CARTESIAN_POINT('Ctrl Pts',(-1.78617690276643,-1.63299578204977,14.68606423592));
#3692=CARTESIAN_POINT('Ctrl Pts',(0.390174979336391,-2.38623217743924,14.9225702436143));
#3693=CARTESIAN_POINT('Ctrl Pts',(1.59750682418616,-1.45380601642759,15.0802409154104));
#3694=CARTESIAN_POINT('Ctrl Pts',(1.8733082930329,-0.835193379572518,15.1590762513085));
#3695=CARTESIAN_POINT('Ctrl Pts',(2.32658444863164,0.,0.100121515264187));
#3696=CARTESIAN_POINT('Ctrl Pts',(2.32658444863164,0.768295611558876,0.17895685116226));
#3697=CARTESIAN_POINT('Ctrl Pts',(1.50644111981638,2.29198847879798,0.336627522958407));
#3698=CARTESIAN_POINT('Ctrl Pts',(-1.09624982972733,2.51687520355254,0.573133530652626));
#3699=CARTESIAN_POINT('Ctrl Pts',(-2.70353675007344,0.462312101390072,0.809639538346846));
#3700=CARTESIAN_POINT('Ctrl Pts',(-1.86981664393111,-2.0076313912081,1.04614554604106));
#3701=CARTESIAN_POINT('Ctrl Pts',(0.654934033877408,-2.6644411231774,1.28265155373528));
#3702=CARTESIAN_POINT('Ctrl Pts',(2.58717223633052,-0.912614307119679,1.5191575614295));
#3703=CARTESIAN_POINT('Ctrl Pts',(2.18158122866081,1.66364477242747,1.75566356912373));
#3704=CARTESIAN_POINT('Ctrl Pts',(-0.195775903739118,2.73656636409213,1.99216957681794));
#3705=CARTESIAN_POINT('Ctrl Pts',(-2.39611386051416,1.33623033582975,2.22867558451216));
#3706=CARTESIAN_POINT('Ctrl Pts',(-2.43101513837242,-1.27167248279851,2.46518159220638));
#3707=CARTESIAN_POINT('Ctrl Pts',(-0.268868739284896,-2.73032945094664,
2.7016875999006));
#3708=CARTESIAN_POINT('Ctrl Pts',(2.13625481343417,-1.72144475076022,2.93819360759482));
#3709=CARTESIAN_POINT('Ctrl Pts',(2.61074968025471,0.843184663130946,3.17469961528904));
#3710=CARTESIAN_POINT('Ctrl Pts',(0.725782521379915,2.64579152668382,3.41120562298326));
#3711=CARTESIAN_POINT('Ctrl Pts',(-1.8151070888522,2.05726887736087,3.64771163067748));
#3712=CARTESIAN_POINT('Ctrl Pts',(-2.71559898093961,-0.390504564077405,
3.88421763837169));
#3713=CARTESIAN_POINT('Ctrl Pts',(-1.16187441545397,-2.48536095426068,4.12072364606592));
#3714=CARTESIAN_POINT('Ctrl Pts',(1.44189108610974,-2.33407815588534,4.35722965376013));
#3715=CARTESIAN_POINT('Ctrl Pts',(2.74255114756768,-0.0733780270184999,
4.59373566145435));
#3716=CARTESIAN_POINT('Ctrl Pts',(1.56463720164885,2.25363738629961,4.83024166914857));
#3717=CARTESIAN_POINT('Ctrl Pts',(-1.02731378157837,2.5439334467722,5.0667476768428));
#3718=CARTESIAN_POINT('Ctrl Pts',(-2.6908324471181,0.535155850585117,5.30325368453701));
#3719=CARTESIAN_POINT('Ctrl Pts',(-1.92251781250765,-1.95726755619521,5.53975969223122));
#3720=CARTESIAN_POINT('Ctrl Pts',(0.583267622366144,-2.68081515611766,5.77626569992546));
#3721=CARTESIAN_POINT('Ctrl Pts',(2.56192636225906,-0.981582570441262,6.01277170761966));
#3722=CARTESIAN_POINT('Ctrl Pts',(2.22525037129989,1.60475288139521,6.2492777153139));
#3723=CARTESIAN_POINT('Ctrl Pts',(-0.122490239109587,2.74079681228374,6.4857837230081));
#3724=CARTESIAN_POINT('Ctrl Pts',(-2.35953059369045,1.39985227912296,6.72228973070233));
#3725=CARTESIAN_POINT('Ctrl Pts',(-2.46415090299054,-1.20620535264713,6.95879573839655));
#3726=CARTESIAN_POINT('Ctrl Pts',(-0.341800816776896,-2.72215782552923,
7.19530174609076));
#3727=CARTESIAN_POINT('Ctrl Pts',(2.08945092774605,-1.77796677306061,7.43180775378499));
#3728=CARTESIAN_POINT('Ctrl Pts',(2.63236646950814,0.773057433684998,7.66831376147919));
#3729=CARTESIAN_POINT('Ctrl Pts',(0.796287205829673,2.62543286169564,7.90481976917343));
#3730=CARTESIAN_POINT('Ctrl Pts',(-1.75943468666652,2.10507971554959,8.14132577686763));
#3731=CARTESIAN_POINT('Ctrl Pts',(-2.7250717531323,-0.317734112438954,8.37783178456186));
#3732=CARTESIAN_POINT('Ctrl Pts',(-1.227931838942,-2.45339650766327,8.61433779225608));
#3733=CARTESIAN_POINT('Ctrl Pts',(1.37894849278265,-2.37180776614991,8.8508437999503));
#3734=CARTESIAN_POINT('Ctrl Pts',(2.73960747318101,-0.146703514350502,9.08734980764452));
#3735=CARTESIAN_POINT('Ctrl Pts',(1.62435284968287,2.21098368159921,9.32385581533875));
#3736=CARTESIAN_POINT('Ctrl Pts',(-0.958906714341532,2.57049974501736,9.56036182303295));
#3737=CARTESIAN_POINT('Ctrl Pts',(-2.67555667011055,0.606932902309625,9.79686783072718));
#3738=CARTESIAN_POINT('Ctrl Pts',(-1.97417876885969,-1.90514807193845,10.0333738384214));
#3739=CARTESIAN_POINT('Ctrl Pts',(0.511358377099895,-2.69545611203014,10.2698798461156));
#3740=CARTESIAN_POINT('Ctrl Pts',(2.53475667805397,-1.04975221597038,10.5063858538098));
#3741=CARTESIAN_POINT('Ctrl Pts',(2.26737469592045,1.54466265905648,10.7428918615041));
#3742=CARTESIAN_POINT('Ctrl Pts',(-0.0491414902316167,2.74309247824201,
10.9793978691983));
#3743=CARTESIAN_POINT('Ctrl Pts',(-2.32124650457088,1.46245899254064,11.2159038768925));
#3744=CARTESIAN_POINT('Ctrl Pts',(-2.49552999151633,-1.13986799200681,11.4524098845867));
#3745=CARTESIAN_POINT('Ctrl Pts',(-0.414485526776708,-2.71204255481088,
11.6889158922809));
#3746=CARTESIAN_POINT('Ctrl Pts',(2.0411515668839,-1.83321426737212,11.9254218999751));
#3747=CARTESIAN_POINT('Ctrl Pts',(2.65209839417465,0.702375088864045,12.1619279076694));
#3748=CARTESIAN_POINT('Ctrl Pts',(0.866226365035909,2.60319826255856,12.3984339153636));
#3749=CARTESIAN_POINT('Ctrl Pts',(-1.70251220414419,2.15138041760236,12.6349399230578));
#3750=CARTESIAN_POINT('Ctrl Pts',(-2.73257769594817,-0.244728989999877,
12.871445930752));
#3751=CARTESIAN_POINT('Ctrl Pts',(-1.2931437987737,-2.41969063833755,13.1079519384462));
#3752=CARTESIAN_POINT('Ctrl Pts',(1.31508292038742,-2.4078138421763,13.3444579461405));
#3753=CARTESIAN_POINT('Ctrl Pts',(2.73458151086664,-0.219975031367972,13.5809639538347));
#3754=CARTESIAN_POINT('Ctrl Pts',(1.68314099662988,2.16684597354624,13.8174699615289));
#3755=CARTESIAN_POINT('Ctrl Pts',(-0.890264484587907,2.59503896548153,14.0539759692231));
#3756=CARTESIAN_POINT('Ctrl Pts',(-2.65749790643645,0.678637101384256,14.2904819769174));
#3757=CARTESIAN_POINT('Ctrl Pts',(-2.02612254296955,-1.85236387362349,14.5269879846115));
#3758=CARTESIAN_POINT('Ctrl Pts',(0.442589040375422,-2.70678609715579,14.7634939923058));
#3759=CARTESIAN_POINT('Ctrl Pts',(1.81210751522886,-1.64910269437846,14.9211646641019));
#3760=CARTESIAN_POINT('Ctrl Pts',(2.12495870737507,-0.947388879270535,15.));
#3761=CARTESIAN_POINT('',(1.5,0.,0.577350269189626));
#3762=CARTESIAN_POINT('Origin',(0.,0.,-0.577350269189626));
#3763=CARTESIAN_POINT('',(1.5,0.,-0.577350269189626));
#3764=CARTESIAN_POINT('Origin',(1.83333333333333,0.,0.));
#3765=CARTESIAN_POINT('Origin',(0.,0.,15.));
#3766=CARTESIAN_POINT('',(4.,4.89858719658941E-16,15.));
#3767=UNCERTAINTY_MEASURE_WITH_UNIT(LENGTH_MEASURE(0.01),#3771,
'DISTANCE_ACCURACY_VALUE',
'Maximum model space distance between geometric entities at asserted c
onnectivities');
#3768=UNCERTAINTY_MEASURE_WITH_UNIT(LENGTH_MEASURE(0.01),#3771,
'DISTANCE_ACCURACY_VALUE',
'Maximum model space distance between geometric entities at asserted c
onnectivities');
#3769=(
GEOMETRIC_REPRESENTATION_CONTEXT(3)
GLOBAL_UNCERTAINTY_ASSIGNED_CONTEXT((#3767))
GLOBAL_UNIT_ASSIGNED_CONTEXT((#3771,#3773,#3774))
REPRESENTATION_CONTEXT('','3D')
);
#3770=(
GEOMETRIC_REPRESENTATION_CONTEXT(3)
GLOBAL_UNCERTAINTY_ASSIGNED_CONTEXT((#3768))
GLOBAL_UNIT_ASSIGNED_CONTEXT((#3771,#3773,#3774))
REPRESENTATION_CONTEXT('','3D')
);
#3771=(
LENGTH_UNIT()
NAMED_UNIT(*)
SI_UNIT(.MILLI.,.METRE.)
);
#3772=(
LENGTH_UNIT()
NAMED_UNIT(*)
SI_UNIT($,.METRE.)
);
#3773=(
NAMED_UNIT(*)
PLANE_ANGLE_UNIT()
SI_UNIT($,.RADIAN.)
);
#3774=(
NAMED_UNIT(*)
SI_UNIT($,.STERADIAN.)
SOLID_ANGLE_UNIT()
);
#3775=SHAPE_DEFINITION_REPRESENTATION(#3776,#3777);
#3776=PRODUCT_DEFINITION_SHAPE('',$,#3779);
#3777=SHAPE_REPRESENTATION('',(#741),#3769);
#3778=PRODUCT_DEFINITION_CONTEXT('part definition',#3783,'design');
#3779=PRODUCT_DEFINITION('ESPClampScrew','ESPClampScrew v3',#3780,#3778);
#3780=PRODUCT_DEFINITION_FORMATION('',$,#3785);
#3781=PRODUCT_RELATED_PRODUCT_CATEGORY('ESPClampScrew v3',
'ESPClampScrew v3',(#3785));
#3782=APPLICATION_PROTOCOL_DEFINITION('international standard',
'automotive_design',2009,#3783);
#3783=APPLICATION_CONTEXT(
'Core Data for Automotive Mechanical Design Process');
#3784=PRODUCT_CONTEXT('part definition',#3783,'mechanical');
#3785=PRODUCT('ESPClampScrew','ESPClampScrew v3',$,(#3784));
#3786=PRESENTATION_STYLE_ASSIGNMENT((#3787));
#3787=SURFACE_STYLE_USAGE(.BOTH.,#3788);
#3788=SURFACE_SIDE_STYLE('',(#3789));
#3789=SURFACE_STYLE_FILL_AREA(#3790);
#3790=FILL_AREA_STYLE('Steel - Satin',(#3791));
#3791=FILL_AREA_STYLE_COLOUR('Steel - Satin',#3792);
#3792=COLOUR_RGB('Steel - Satin',0.627450980392157,0.627450980392157,0.627450980392157);
ENDSEC;
END-ISO-10303-21;
