ISO-10303-21;
HEADER;
/* Generated by software containing ST-Developer
 * from STEP Tools, Inc. (www.steptools.com) 
 */

FILE_DESCRIPTION(
/* description */ (''),
/* implementation_level */ '2;1');

FILE_NAME(
/* name */ 'ESPsocket.step',
/* time_stamp */ '2026-08-12T03:26:51-06:00',
/* author */ (''),
/* organization */ (''),
/* preprocessor_version */ 'ST-DEVELOPER v20.1',
/* originating_system */ 'Autodesk Translation Framework v15.8.0.0',
/* authorisation */ '');

FILE_SCHEMA (('AUTOMOTIVE_DESIGN { 1 0 10303 214 3 1 1 }'));
ENDSEC;

DATA;
#10=MECHANICAL_DESIGN_GEOMETRIC_PRESENTATION_REPRESENTATION('',(#13),#10903);
#11=SHAPE_REPRESENTATION_RELATIONSHIP('SRR','None',#10910,#12);
#12=ADVANCED_BREP_SHAPE_REPRESENTATION('',(#14),#10902);
#13=STYLED_ITEM('',(#10919),#14);
#14=MANIFOLD_SOLID_BREP('Body4',#6987);
#15=FACE_BOUND('',#543,.T.);
#16=FACE_BOUND('',#545,.T.);
#17=FACE_BOUND('',#547,.T.);
#18=FACE_BOUND('',#549,.T.);
#19=FACE_BOUND('',#551,.T.);
#20=FACE_BOUND('',#553,.T.);
#21=FACE_BOUND('',#555,.T.);
#22=FACE_BOUND('',#557,.T.);
#23=FACE_BOUND('',#559,.T.);
#24=FACE_BOUND('',#561,.T.);
#25=FACE_BOUND('',#563,.T.);
#26=FACE_BOUND('',#565,.T.);
#27=FACE_BOUND('',#567,.T.);
#28=FACE_BOUND('',#569,.T.);
#29=FACE_BOUND('',#571,.T.);
#30=FACE_BOUND('',#573,.T.);
#31=FACE_BOUND('',#575,.T.);
#32=FACE_BOUND('',#577,.T.);
#33=FACE_BOUND('',#579,.T.);
#34=FACE_BOUND('',#581,.T.);
#35=FACE_BOUND('',#583,.T.);
#36=FACE_BOUND('',#585,.T.);
#37=FACE_BOUND('',#587,.T.);
#38=FACE_BOUND('',#589,.T.);
#39=FACE_BOUND('',#591,.T.);
#40=FACE_BOUND('',#593,.T.);
#41=FACE_BOUND('',#595,.T.);
#42=FACE_BOUND('',#597,.T.);
#43=FACE_BOUND('',#599,.T.);
#44=FACE_BOUND('',#601,.T.);
#45=FACE_BOUND('',#603,.T.);
#46=FACE_BOUND('',#605,.T.);
#47=FACE_BOUND('',#607,.T.);
#48=FACE_BOUND('',#609,.T.);
#49=FACE_BOUND('',#611,.T.);
#50=FACE_BOUND('',#613,.T.);
#51=FACE_BOUND('',#615,.T.);
#52=FACE_BOUND('',#617,.T.);
#53=FACE_BOUND('',#619,.T.);
#54=FACE_BOUND('',#621,.T.);
#55=FACE_BOUND('',#787,.T.);
#56=FACE_BOUND('',#788,.T.);
#57=FACE_BOUND('',#789,.T.);
#58=FACE_BOUND('',#790,.T.);
#59=FACE_BOUND('',#791,.T.);
#60=FACE_BOUND('',#792,.T.);
#61=FACE_BOUND('',#793,.T.);
#62=FACE_BOUND('',#794,.T.);
#63=FACE_BOUND('',#795,.T.);
#64=FACE_BOUND('',#796,.T.);
#65=FACE_BOUND('',#797,.T.);
#66=FACE_BOUND('',#798,.T.);
#67=FACE_BOUND('',#799,.T.);
#68=FACE_BOUND('',#800,.T.);
#69=FACE_BOUND('',#801,.T.);
#70=FACE_BOUND('',#802,.T.);
#71=FACE_BOUND('',#803,.T.);
#72=FACE_BOUND('',#804,.T.);
#73=FACE_BOUND('',#805,.T.);
#74=FACE_BOUND('',#806,.T.);
#75=FACE_BOUND('',#807,.T.);
#76=FACE_BOUND('',#808,.T.);
#77=FACE_BOUND('',#809,.T.);
#78=FACE_BOUND('',#810,.T.);
#79=FACE_BOUND('',#811,.T.);
#80=FACE_BOUND('',#812,.T.);
#81=FACE_BOUND('',#813,.T.);
#82=FACE_BOUND('',#814,.T.);
#83=FACE_BOUND('',#815,.T.);
#84=FACE_BOUND('',#816,.T.);
#85=FACE_BOUND('',#817,.T.);
#86=FACE_BOUND('',#818,.T.);
#87=FACE_BOUND('',#819,.T.);
#88=FACE_BOUND('',#820,.T.);
#89=FACE_BOUND('',#821,.T.);
#90=FACE_BOUND('',#822,.T.);
#91=FACE_BOUND('',#823,.T.);
#92=FACE_BOUND('',#824,.T.);
#93=FACE_BOUND('',#825,.T.);
#94=FACE_BOUND('',#826,.T.);
#95=FACE_OUTER_BOUND('',#421,.T.);
#96=FACE_OUTER_BOUND('',#422,.T.);
#97=FACE_OUTER_BOUND('',#423,.T.);
#98=FACE_OUTER_BOUND('',#424,.T.);
#99=FACE_OUTER_BOUND('',#425,.T.);
#100=FACE_OUTER_BOUND('',#426,.T.);
#101=FACE_OUTER_BOUND('',#427,.T.);
#102=FACE_OUTER_BOUND('',#428,.T.);
#103=FACE_OUTER_BOUND('',#429,.T.);
#104=FACE_OUTER_BOUND('',#430,.T.);
#105=FACE_OUTER_BOUND('',#431,.T.);
#106=FACE_OUTER_BOUND('',#432,.T.);
#107=FACE_OUTER_BOUND('',#433,.T.);
#108=FACE_OUTER_BOUND('',#434,.T.);
#109=FACE_OUTER_BOUND('',#435,.T.);
#110=FACE_OUTER_BOUND('',#436,.T.);
#111=FACE_OUTER_BOUND('',#437,.T.);
#112=FACE_OUTER_BOUND('',#438,.T.);
#113=FACE_OUTER_BOUND('',#439,.T.);
#114=FACE_OUTER_BOUND('',#440,.T.);
#115=FACE_OUTER_BOUND('',#441,.T.);
#116=FACE_OUTER_BOUND('',#442,.T.);
#117=FACE_OUTER_BOUND('',#443,.T.);
#118=FACE_OUTER_BOUND('',#444,.T.);
#119=FACE_OUTER_BOUND('',#445,.T.);
#120=FACE_OUTER_BOUND('',#446,.T.);
#121=FACE_OUTER_BOUND('',#447,.T.);
#122=FACE_OUTER_BOUND('',#448,.T.);
#123=FACE_OUTER_BOUND('',#449,.T.);
#124=FACE_OUTER_BOUND('',#450,.T.);
#125=FACE_OUTER_BOUND('',#451,.T.);
#126=FACE_OUTER_BOUND('',#452,.T.);
#127=FACE_OUTER_BOUND('',#453,.T.);
#128=FACE_OUTER_BOUND('',#454,.T.);
#129=FACE_OUTER_BOUND('',#455,.T.);
#130=FACE_OUTER_BOUND('',#456,.T.);
#131=FACE_OUTER_BOUND('',#457,.T.);
#132=FACE_OUTER_BOUND('',#458,.T.);
#133=FACE_OUTER_BOUND('',#459,.T.);
#134=FACE_OUTER_BOUND('',#460,.T.);
#135=FACE_OUTER_BOUND('',#461,.T.);
#136=FACE_OUTER_BOUND('',#462,.T.);
#137=FACE_OUTER_BOUND('',#463,.T.);
#138=FACE_OUTER_BOUND('',#464,.T.);
#139=FACE_OUTER_BOUND('',#465,.T.);
#140=FACE_OUTER_BOUND('',#466,.T.);
#141=FACE_OUTER_BOUND('',#467,.T.);
#142=FACE_OUTER_BOUND('',#468,.T.);
#143=FACE_OUTER_BOUND('',#469,.T.);
#144=FACE_OUTER_BOUND('',#470,.T.);
#145=FACE_OUTER_BOUND('',#471,.T.);
#146=FACE_OUTER_BOUND('',#472,.T.);
#147=FACE_OUTER_BOUND('',#473,.T.);
#148=FACE_OUTER_BOUND('',#474,.T.);
#149=FACE_OUTER_BOUND('',#475,.T.);
#150=FACE_OUTER_BOUND('',#476,.T.);
#151=FACE_OUTER_BOUND('',#477,.T.);
#152=FACE_OUTER_BOUND('',#478,.T.);
#153=FACE_OUTER_BOUND('',#479,.T.);
#154=FACE_OUTER_BOUND('',#480,.T.);
#155=FACE_OUTER_BOUND('',#481,.T.);
#156=FACE_OUTER_BOUND('',#482,.T.);
#157=FACE_OUTER_BOUND('',#483,.T.);
#158=FACE_OUTER_BOUND('',#484,.T.);
#159=FACE_OUTER_BOUND('',#485,.T.);
#160=FACE_OUTER_BOUND('',#486,.T.);
#161=FACE_OUTER_BOUND('',#487,.T.);
#162=FACE_OUTER_BOUND('',#488,.T.);
#163=FACE_OUTER_BOUND('',#489,.T.);
#164=FACE_OUTER_BOUND('',#490,.T.);
#165=FACE_OUTER_BOUND('',#491,.T.);
#166=FACE_OUTER_BOUND('',#492,.T.);
#167=FACE_OUTER_BOUND('',#493,.T.);
#168=FACE_OUTER_BOUND('',#494,.T.);
#169=FACE_OUTER_BOUND('',#495,.T.);
#170=FACE_OUTER_BOUND('',#496,.T.);
#171=FACE_OUTER_BOUND('',#497,.T.);
#172=FACE_OUTER_BOUND('',#498,.T.);
#173=FACE_OUTER_BOUND('',#499,.T.);
#174=FACE_OUTER_BOUND('',#500,.T.);
#175=FACE_OUTER_BOUND('',#501,.T.);
#176=FACE_OUTER_BOUND('',#502,.T.);
#177=FACE_OUTER_BOUND('',#503,.T.);
#178=FACE_OUTER_BOUND('',#504,.T.);
#179=FACE_OUTER_BOUND('',#505,.T.);
#180=FACE_OUTER_BOUND('',#506,.T.);
#181=FACE_OUTER_BOUND('',#507,.T.);
#182=FACE_OUTER_BOUND('',#508,.T.);
#183=FACE_OUTER_BOUND('',#509,.T.);
#184=FACE_OUTER_BOUND('',#510,.T.);
#185=FACE_OUTER_BOUND('',#511,.T.);
#186=FACE_OUTER_BOUND('',#512,.T.);
#187=FACE_OUTER_BOUND('',#513,.T.);
#188=FACE_OUTER_BOUND('',#514,.T.);
#189=FACE_OUTER_BOUND('',#515,.T.);
#190=FACE_OUTER_BOUND('',#516,.T.);
#191=FACE_OUTER_BOUND('',#517,.T.);
#192=FACE_OUTER_BOUND('',#518,.T.);
#193=FACE_OUTER_BOUND('',#519,.T.);
#194=FACE_OUTER_BOUND('',#520,.T.);
#195=FACE_OUTER_BOUND('',#521,.T.);
#196=FACE_OUTER_BOUND('',#522,.T.);
#197=FACE_OUTER_BOUND('',#523,.T.);
#198=FACE_OUTER_BOUND('',#524,.T.);
#199=FACE_OUTER_BOUND('',#525,.T.);
#200=FACE_OUTER_BOUND('',#526,.T.);
#201=FACE_OUTER_BOUND('',#527,.T.);
#202=FACE_OUTER_BOUND('',#528,.T.);
#203=FACE_OUTER_BOUND('',#529,.T.);
#204=FACE_OUTER_BOUND('',#530,.T.);
#205=FACE_OUTER_BOUND('',#531,.T.);
#206=FACE_OUTER_BOUND('',#532,.T.);
#207=FACE_OUTER_BOUND('',#533,.T.);
#208=FACE_OUTER_BOUND('',#534,.T.);
#209=FACE_OUTER_BOUND('',#535,.T.);
#210=FACE_OUTER_BOUND('',#536,.T.);
#211=FACE_OUTER_BOUND('',#537,.T.);
#212=FACE_OUTER_BOUND('',#538,.T.);
#213=FACE_OUTER_BOUND('',#539,.T.);
#214=FACE_OUTER_BOUND('',#540,.T.);
#215=FACE_OUTER_BOUND('',#541,.T.);
#216=FACE_OUTER_BOUND('',#542,.T.);
#217=FACE_OUTER_BOUND('',#544,.T.);
#218=FACE_OUTER_BOUND('',#546,.T.);
#219=FACE_OUTER_BOUND('',#548,.T.);
#220=FACE_OUTER_BOUND('',#550,.T.);
#221=FACE_OUTER_BOUND('',#552,.T.);
#222=FACE_OUTER_BOUND('',#554,.T.);
#223=FACE_OUTER_BOUND('',#556,.T.);
#224=FACE_OUTER_BOUND('',#558,.T.);
#225=FACE_OUTER_BOUND('',#560,.T.);
#226=FACE_OUTER_BOUND('',#562,.T.);
#227=FACE_OUTER_BOUND('',#564,.T.);
#228=FACE_OUTER_BOUND('',#566,.T.);
#229=FACE_OUTER_BOUND('',#568,.T.);
#230=FACE_OUTER_BOUND('',#570,.T.);
#231=FACE_OUTER_BOUND('',#572,.T.);
#232=FACE_OUTER_BOUND('',#574,.T.);
#233=FACE_OUTER_BOUND('',#576,.T.);
#234=FACE_OUTER_BOUND('',#578,.T.);
#235=FACE_OUTER_BOUND('',#580,.T.);
#236=FACE_OUTER_BOUND('',#582,.T.);
#237=FACE_OUTER_BOUND('',#584,.T.);
#238=FACE_OUTER_BOUND('',#586,.T.);
#239=FACE_OUTER_BOUND('',#588,.T.);
#240=FACE_OUTER_BOUND('',#590,.T.);
#241=FACE_OUTER_BOUND('',#592,.T.);
#242=FACE_OUTER_BOUND('',#594,.T.);
#243=FACE_OUTER_BOUND('',#596,.T.);
#244=FACE_OUTER_BOUND('',#598,.T.);
#245=FACE_OUTER_BOUND('',#600,.T.);
#246=FACE_OUTER_BOUND('',#602,.T.);
#247=FACE_OUTER_BOUND('',#604,.T.);
#248=FACE_OUTER_BOUND('',#606,.T.);
#249=FACE_OUTER_BOUND('',#608,.T.);
#250=FACE_OUTER_BOUND('',#610,.T.);
#251=FACE_OUTER_BOUND('',#612,.T.);
#252=FACE_OUTER_BOUND('',#614,.T.);
#253=FACE_OUTER_BOUND('',#616,.T.);
#254=FACE_OUTER_BOUND('',#618,.T.);
#255=FACE_OUTER_BOUND('',#620,.T.);
#256=FACE_OUTER_BOUND('',#622,.T.);
#257=FACE_OUTER_BOUND('',#623,.T.);
#258=FACE_OUTER_BOUND('',#624,.T.);
#259=FACE_OUTER_BOUND('',#625,.T.);
#260=FACE_OUTER_BOUND('',#626,.T.);
#261=FACE_OUTER_BOUND('',#627,.T.);
#262=FACE_OUTER_BOUND('',#628,.T.);
#263=FACE_OUTER_BOUND('',#629,.T.);
#264=FACE_OUTER_BOUND('',#630,.T.);
#265=FACE_OUTER_BOUND('',#631,.T.);
#266=FACE_OUTER_BOUND('',#632,.T.);
#267=FACE_OUTER_BOUND('',#633,.T.);
#268=FACE_OUTER_BOUND('',#634,.T.);
#269=FACE_OUTER_BOUND('',#635,.T.);
#270=FACE_OUTER_BOUND('',#636,.T.);
#271=FACE_OUTER_BOUND('',#637,.T.);
#272=FACE_OUTER_BOUND('',#638,.T.);
#273=FACE_OUTER_BOUND('',#639,.T.);
#274=FACE_OUTER_BOUND('',#640,.T.);
#275=FACE_OUTER_BOUND('',#641,.T.);
#276=FACE_OUTER_BOUND('',#642,.T.);
#277=FACE_OUTER_BOUND('',#643,.T.);
#278=FACE_OUTER_BOUND('',#644,.T.);
#279=FACE_OUTER_BOUND('',#645,.T.);
#280=FACE_OUTER_BOUND('',#646,.T.);
#281=FACE_OUTER_BOUND('',#647,.T.);
#282=FACE_OUTER_BOUND('',#648,.T.);
#283=FACE_OUTER_BOUND('',#649,.T.);
#284=FACE_OUTER_BOUND('',#650,.T.);
#285=FACE_OUTER_BOUND('',#651,.T.);
#286=FACE_OUTER_BOUND('',#652,.T.);
#287=FACE_OUTER_BOUND('',#653,.T.);
#288=FACE_OUTER_BOUND('',#654,.T.);
#289=FACE_OUTER_BOUND('',#655,.T.);
#290=FACE_OUTER_BOUND('',#656,.T.);
#291=FACE_OUTER_BOUND('',#657,.T.);
#292=FACE_OUTER_BOUND('',#658,.T.);
#293=FACE_OUTER_BOUND('',#659,.T.);
#294=FACE_OUTER_BOUND('',#660,.T.);
#295=FACE_OUTER_BOUND('',#661,.T.);
#296=FACE_OUTER_BOUND('',#662,.T.);
#297=FACE_OUTER_BOUND('',#663,.T.);
#298=FACE_OUTER_BOUND('',#664,.T.);
#299=FACE_OUTER_BOUND('',#665,.T.);
#300=FACE_OUTER_BOUND('',#666,.T.);
#301=FACE_OUTER_BOUND('',#667,.T.);
#302=FACE_OUTER_BOUND('',#668,.T.);
#303=FACE_OUTER_BOUND('',#669,.T.);
#304=FACE_OUTER_BOUND('',#670,.T.);
#305=FACE_OUTER_BOUND('',#671,.T.);
#306=FACE_OUTER_BOUND('',#672,.T.);
#307=FACE_OUTER_BOUND('',#673,.T.);
#308=FACE_OUTER_BOUND('',#674,.T.);
#309=FACE_OUTER_BOUND('',#675,.T.);
#310=FACE_OUTER_BOUND('',#676,.T.);
#311=FACE_OUTER_BOUND('',#677,.T.);
#312=FACE_OUTER_BOUND('',#678,.T.);
#313=FACE_OUTER_BOUND('',#679,.T.);
#314=FACE_OUTER_BOUND('',#680,.T.);
#315=FACE_OUTER_BOUND('',#681,.T.);
#316=FACE_OUTER_BOUND('',#682,.T.);
#317=FACE_OUTER_BOUND('',#683,.T.);
#318=FACE_OUTER_BOUND('',#684,.T.);
#319=FACE_OUTER_BOUND('',#685,.T.);
#320=FACE_OUTER_BOUND('',#686,.T.);
#321=FACE_OUTER_BOUND('',#687,.T.);
#322=FACE_OUTER_BOUND('',#688,.T.);
#323=FACE_OUTER_BOUND('',#689,.T.);
#324=FACE_OUTER_BOUND('',#690,.T.);
#325=FACE_OUTER_BOUND('',#691,.T.);
#326=FACE_OUTER_BOUND('',#692,.T.);
#327=FACE_OUTER_BOUND('',#693,.T.);
#328=FACE_OUTER_BOUND('',#694,.T.);
#329=FACE_OUTER_BOUND('',#695,.T.);
#330=FACE_OUTER_BOUND('',#696,.T.);
#331=FACE_OUTER_BOUND('',#697,.T.);
#332=FACE_OUTER_BOUND('',#698,.T.);
#333=FACE_OUTER_BOUND('',#699,.T.);
#334=FACE_OUTER_BOUND('',#700,.T.);
#335=FACE_OUTER_BOUND('',#701,.T.);
#336=FACE_OUTER_BOUND('',#702,.T.);
#337=FACE_OUTER_BOUND('',#703,.T.);
#338=FACE_OUTER_BOUND('',#704,.T.);
#339=FACE_OUTER_BOUND('',#705,.T.);
#340=FACE_OUTER_BOUND('',#706,.T.);
#341=FACE_OUTER_BOUND('',#707,.T.);
#342=FACE_OUTER_BOUND('',#708,.T.);
#343=FACE_OUTER_BOUND('',#709,.T.);
#344=FACE_OUTER_BOUND('',#710,.T.);
#345=FACE_OUTER_BOUND('',#711,.T.);
#346=FACE_OUTER_BOUND('',#712,.T.);
#347=FACE_OUTER_BOUND('',#713,.T.);
#348=FACE_OUTER_BOUND('',#714,.T.);
#349=FACE_OUTER_BOUND('',#715,.T.);
#350=FACE_OUTER_BOUND('',#716,.T.);
#351=FACE_OUTER_BOUND('',#717,.T.);
#352=FACE_OUTER_BOUND('',#718,.T.);
#353=FACE_OUTER_BOUND('',#719,.T.);
#354=FACE_OUTER_BOUND('',#720,.T.);
#355=FACE_OUTER_BOUND('',#721,.T.);
#356=FACE_OUTER_BOUND('',#722,.T.);
#357=FACE_OUTER_BOUND('',#723,.T.);
#358=FACE_OUTER_BOUND('',#724,.T.);
#359=FACE_OUTER_BOUND('',#725,.T.);
#360=FACE_OUTER_BOUND('',#726,.T.);
#361=FACE_OUTER_BOUND('',#727,.T.);
#362=FACE_OUTER_BOUND('',#728,.T.);
#363=FACE_OUTER_BOUND('',#729,.T.);
#364=FACE_OUTER_BOUND('',#730,.T.);
#365=FACE_OUTER_BOUND('',#731,.T.);
#366=FACE_OUTER_BOUND('',#732,.T.);
#367=FACE_OUTER_BOUND('',#733,.T.);
#368=FACE_OUTER_BOUND('',#734,.T.);
#369=FACE_OUTER_BOUND('',#735,.T.);
#370=FACE_OUTER_BOUND('',#736,.T.);
#371=FACE_OUTER_BOUND('',#737,.T.);
#372=FACE_OUTER_BOUND('',#738,.T.);
#373=FACE_OUTER_BOUND('',#739,.T.);
#374=FACE_OUTER_BOUND('',#740,.T.);
#375=FACE_OUTER_BOUND('',#741,.T.);
#376=FACE_OUTER_BOUND('',#742,.T.);
#377=FACE_OUTER_BOUND('',#743,.T.);
#378=FACE_OUTER_BOUND('',#744,.T.);
#379=FACE_OUTER_BOUND('',#745,.T.);
#380=FACE_OUTER_BOUND('',#746,.T.);
#381=FACE_OUTER_BOUND('',#747,.T.);
#382=FACE_OUTER_BOUND('',#748,.T.);
#383=FACE_OUTER_BOUND('',#749,.T.);
#384=FACE_OUTER_BOUND('',#750,.T.);
#385=FACE_OUTER_BOUND('',#751,.T.);
#386=FACE_OUTER_BOUND('',#752,.T.);
#387=FACE_OUTER_BOUND('',#753,.T.);
#388=FACE_OUTER_BOUND('',#754,.T.);
#389=FACE_OUTER_BOUND('',#755,.T.);
#390=FACE_OUTER_BOUND('',#756,.T.);
#391=FACE_OUTER_BOUND('',#757,.T.);
#392=FACE_OUTER_BOUND('',#758,.T.);
#393=FACE_OUTER_BOUND('',#759,.T.);
#394=FACE_OUTER_BOUND('',#760,.T.);
#395=FACE_OUTER_BOUND('',#761,.T.);
#396=FACE_OUTER_BOUND('',#762,.T.);
#397=FACE_OUTER_BOUND('',#763,.T.);
#398=FACE_OUTER_BOUND('',#764,.T.);
#399=FACE_OUTER_BOUND('',#765,.T.);
#400=FACE_OUTER_BOUND('',#766,.T.);
#401=FACE_OUTER_BOUND('',#767,.T.);
#402=FACE_OUTER_BOUND('',#768,.T.);
#403=FACE_OUTER_BOUND('',#769,.T.);
#404=FACE_OUTER_BOUND('',#770,.T.);
#405=FACE_OUTER_BOUND('',#771,.T.);
#406=FACE_OUTER_BOUND('',#772,.T.);
#407=FACE_OUTER_BOUND('',#773,.T.);
#408=FACE_OUTER_BOUND('',#774,.T.);
#409=FACE_OUTER_BOUND('',#775,.T.);
#410=FACE_OUTER_BOUND('',#776,.T.);
#411=FACE_OUTER_BOUND('',#777,.T.);
#412=FACE_OUTER_BOUND('',#778,.T.);
#413=FACE_OUTER_BOUND('',#779,.T.);
#414=FACE_OUTER_BOUND('',#780,.T.);
#415=FACE_OUTER_BOUND('',#781,.T.);
#416=FACE_OUTER_BOUND('',#782,.T.);
#417=FACE_OUTER_BOUND('',#783,.T.);
#418=FACE_OUTER_BOUND('',#784,.T.);
#419=FACE_OUTER_BOUND('',#785,.T.);
#420=FACE_OUTER_BOUND('',#786,.T.);
#421=EDGE_LOOP('',(#4391,#4392,#4393,#4394));
#422=EDGE_LOOP('',(#4395,#4396,#4397,#4398));
#423=EDGE_LOOP('',(#4399,#4400,#4401,#4402));
#424=EDGE_LOOP('',(#4403,#4404,#4405,#4406));
#425=EDGE_LOOP('',(#4407,#4408,#4409,#4410));
#426=EDGE_LOOP('',(#4411,#4412,#4413,#4414));
#427=EDGE_LOOP('',(#4415,#4416,#4417,#4418));
#428=EDGE_LOOP('',(#4419,#4420,#4421,#4422));
#429=EDGE_LOOP('',(#4423,#4424,#4425,#4426));
#430=EDGE_LOOP('',(#4427,#4428,#4429,#4430));
#431=EDGE_LOOP('',(#4431,#4432,#4433,#4434));
#432=EDGE_LOOP('',(#4435,#4436,#4437,#4438));
#433=EDGE_LOOP('',(#4439,#4440,#4441,#4442));
#434=EDGE_LOOP('',(#4443,#4444,#4445,#4446));
#435=EDGE_LOOP('',(#4447,#4448,#4449,#4450));
#436=EDGE_LOOP('',(#4451,#4452,#4453,#4454));
#437=EDGE_LOOP('',(#4455,#4456,#4457,#4458));
#438=EDGE_LOOP('',(#4459,#4460,#4461,#4462));
#439=EDGE_LOOP('',(#4463,#4464,#4465,#4466));
#440=EDGE_LOOP('',(#4467,#4468,#4469,#4470));
#441=EDGE_LOOP('',(#4471,#4472,#4473,#4474));
#442=EDGE_LOOP('',(#4475,#4476,#4477,#4478));
#443=EDGE_LOOP('',(#4479,#4480,#4481,#4482));
#444=EDGE_LOOP('',(#4483,#4484,#4485,#4486));
#445=EDGE_LOOP('',(#4487,#4488,#4489,#4490));
#446=EDGE_LOOP('',(#4491,#4492,#4493,#4494));
#447=EDGE_LOOP('',(#4495,#4496,#4497,#4498));
#448=EDGE_LOOP('',(#4499,#4500,#4501,#4502));
#449=EDGE_LOOP('',(#4503,#4504,#4505,#4506));
#450=EDGE_LOOP('',(#4507,#4508,#4509,#4510));
#451=EDGE_LOOP('',(#4511,#4512,#4513,#4514));
#452=EDGE_LOOP('',(#4515,#4516,#4517,#4518));
#453=EDGE_LOOP('',(#4519,#4520,#4521,#4522));
#454=EDGE_LOOP('',(#4523,#4524,#4525,#4526));
#455=EDGE_LOOP('',(#4527,#4528,#4529,#4530));
#456=EDGE_LOOP('',(#4531,#4532,#4533,#4534));
#457=EDGE_LOOP('',(#4535,#4536,#4537,#4538));
#458=EDGE_LOOP('',(#4539,#4540,#4541,#4542));
#459=EDGE_LOOP('',(#4543,#4544,#4545,#4546));
#460=EDGE_LOOP('',(#4547,#4548,#4549,#4550));
#461=EDGE_LOOP('',(#4551,#4552,#4553,#4554));
#462=EDGE_LOOP('',(#4555,#4556,#4557,#4558));
#463=EDGE_LOOP('',(#4559,#4560,#4561,#4562));
#464=EDGE_LOOP('',(#4563,#4564,#4565,#4566));
#465=EDGE_LOOP('',(#4567,#4568,#4569,#4570));
#466=EDGE_LOOP('',(#4571,#4572,#4573,#4574));
#467=EDGE_LOOP('',(#4575,#4576,#4577,#4578));
#468=EDGE_LOOP('',(#4579,#4580,#4581,#4582));
#469=EDGE_LOOP('',(#4583,#4584,#4585,#4586));
#470=EDGE_LOOP('',(#4587,#4588,#4589,#4590));
#471=EDGE_LOOP('',(#4591,#4592,#4593,#4594));
#472=EDGE_LOOP('',(#4595,#4596,#4597,#4598));
#473=EDGE_LOOP('',(#4599,#4600,#4601,#4602));
#474=EDGE_LOOP('',(#4603,#4604,#4605,#4606));
#475=EDGE_LOOP('',(#4607,#4608,#4609,#4610));
#476=EDGE_LOOP('',(#4611,#4612,#4613,#4614));
#477=EDGE_LOOP('',(#4615,#4616,#4617,#4618));
#478=EDGE_LOOP('',(#4619,#4620,#4621,#4622));
#479=EDGE_LOOP('',(#4623,#4624,#4625,#4626));
#480=EDGE_LOOP('',(#4627,#4628,#4629,#4630));
#481=EDGE_LOOP('',(#4631,#4632,#4633,#4634));
#482=EDGE_LOOP('',(#4635,#4636,#4637,#4638));
#483=EDGE_LOOP('',(#4639,#4640,#4641,#4642));
#484=EDGE_LOOP('',(#4643,#4644,#4645,#4646));
#485=EDGE_LOOP('',(#4647,#4648,#4649,#4650));
#486=EDGE_LOOP('',(#4651,#4652,#4653,#4654));
#487=EDGE_LOOP('',(#4655,#4656,#4657,#4658));
#488=EDGE_LOOP('',(#4659,#4660,#4661,#4662));
#489=EDGE_LOOP('',(#4663,#4664,#4665,#4666));
#490=EDGE_LOOP('',(#4667,#4668,#4669,#4670));
#491=EDGE_LOOP('',(#4671,#4672,#4673,#4674));
#492=EDGE_LOOP('',(#4675,#4676,#4677,#4678));
#493=EDGE_LOOP('',(#4679,#4680,#4681,#4682));
#494=EDGE_LOOP('',(#4683,#4684,#4685,#4686));
#495=EDGE_LOOP('',(#4687,#4688,#4689,#4690));
#496=EDGE_LOOP('',(#4691,#4692,#4693,#4694));
#497=EDGE_LOOP('',(#4695,#4696,#4697,#4698));
#498=EDGE_LOOP('',(#4699,#4700,#4701,#4702));
#499=EDGE_LOOP('',(#4703,#4704,#4705,#4706));
#500=EDGE_LOOP('',(#4707,#4708,#4709,#4710));
#501=EDGE_LOOP('',(#4711,#4712,#4713,#4714));
#502=EDGE_LOOP('',(#4715,#4716,#4717,#4718));
#503=EDGE_LOOP('',(#4719,#4720,#4721,#4722));
#504=EDGE_LOOP('',(#4723,#4724,#4725,#4726));
#505=EDGE_LOOP('',(#4727,#4728,#4729,#4730));
#506=EDGE_LOOP('',(#4731,#4732,#4733,#4734));
#507=EDGE_LOOP('',(#4735,#4736,#4737,#4738));
#508=EDGE_LOOP('',(#4739,#4740,#4741,#4742));
#509=EDGE_LOOP('',(#4743,#4744,#4745,#4746));
#510=EDGE_LOOP('',(#4747,#4748,#4749,#4750));
#511=EDGE_LOOP('',(#4751,#4752,#4753,#4754));
#512=EDGE_LOOP('',(#4755,#4756,#4757,#4758));
#513=EDGE_LOOP('',(#4759,#4760,#4761,#4762));
#514=EDGE_LOOP('',(#4763,#4764,#4765,#4766));
#515=EDGE_LOOP('',(#4767,#4768,#4769,#4770));
#516=EDGE_LOOP('',(#4771,#4772,#4773,#4774));
#517=EDGE_LOOP('',(#4775,#4776,#4777,#4778));
#518=EDGE_LOOP('',(#4779,#4780,#4781,#4782));
#519=EDGE_LOOP('',(#4783,#4784,#4785,#4786));
#520=EDGE_LOOP('',(#4787,#4788,#4789,#4790));
#521=EDGE_LOOP('',(#4791,#4792,#4793,#4794));
#522=EDGE_LOOP('',(#4795,#4796,#4797,#4798));
#523=EDGE_LOOP('',(#4799,#4800,#4801,#4802));
#524=EDGE_LOOP('',(#4803,#4804,#4805,#4806));
#525=EDGE_LOOP('',(#4807,#4808,#4809,#4810));
#526=EDGE_LOOP('',(#4811,#4812,#4813,#4814));
#527=EDGE_LOOP('',(#4815,#4816,#4817,#4818));
#528=EDGE_LOOP('',(#4819,#4820,#4821,#4822));
#529=EDGE_LOOP('',(#4823,#4824,#4825,#4826));
#530=EDGE_LOOP('',(#4827,#4828,#4829,#4830));
#531=EDGE_LOOP('',(#4831,#4832,#4833,#4834));
#532=EDGE_LOOP('',(#4835,#4836,#4837,#4838));
#533=EDGE_LOOP('',(#4839,#4840,#4841,#4842));
#534=EDGE_LOOP('',(#4843,#4844,#4845,#4846));
#535=EDGE_LOOP('',(#4847,#4848,#4849,#4850));
#536=EDGE_LOOP('',(#4851,#4852,#4853,#4854));
#537=EDGE_LOOP('',(#4855,#4856,#4857,#4858));
#538=EDGE_LOOP('',(#4859,#4860,#4861,#4862));
#539=EDGE_LOOP('',(#4863,#4864,#4865,#4866));
#540=EDGE_LOOP('',(#4867,#4868,#4869,#4870));
#541=EDGE_LOOP('',(#4871,#4872,#4873,#4874,#4875,#4876,#4877,#4878,#4879,
#4880,#4881,#4882,#4883,#4884,#4885,#4886,#4887,#4888,#4889,#4890,#4891,
#4892,#4893,#4894,#4895,#4896,#4897,#4898,#4899,#4900,#4901,#4902,#4903,
#4904,#4905,#4906,#4907,#4908,#4909,#4910,#4911,#4912,#4913,#4914,#4915,
#4916,#4917,#4918,#4919,#4920,#4921,#4922,#4923,#4924,#4925,#4926,#4927,
#4928,#4929,#4930,#4931,#4932,#4933,#4934,#4935,#4936,#4937,#4938,#4939,
#4940,#4941,#4942,#4943,#4944,#4945,#4946,#4947,#4948,#4949,#4950,#4951,
#4952,#4953,#4954,#4955,#4956,#4957,#4958,#4959,#4960,#4961,#4962,#4963,
#4964,#4965,#4966,#4967,#4968,#4969,#4970,#4971,#4972,#4973,#4974,#4975,
#4976,#4977,#4978,#4979,#4980,#4981,#4982,#4983,#4984,#4985,#4986,#4987,
#4988,#4989,#4990,#4991,#4992,#4993,#4994,#4995,#4996,#4997,#4998,#4999,
#5000,#5001,#5002,#5003,#5004,#5005,#5006,#5007,#5008,#5009,#5010,#5011,
#5012,#5013,#5014,#5015,#5016,#5017,#5018,#5019,#5020,#5021,#5022,#5023,
#5024,#5025,#5026,#5027,#5028,#5029,#5030,#5031,#5032,#5033,#5034));
#542=EDGE_LOOP('',(#5035,#5036,#5037,#5038));
#543=EDGE_LOOP('',(#5039,#5040,#5041,#5042));
#544=EDGE_LOOP('',(#5043,#5044,#5045,#5046));
#545=EDGE_LOOP('',(#5047,#5048,#5049,#5050));
#546=EDGE_LOOP('',(#5051,#5052,#5053,#5054));
#547=EDGE_LOOP('',(#5055,#5056,#5057,#5058));
#548=EDGE_LOOP('',(#5059,#5060,#5061,#5062));
#549=EDGE_LOOP('',(#5063,#5064,#5065,#5066));
#550=EDGE_LOOP('',(#5067,#5068,#5069,#5070));
#551=EDGE_LOOP('',(#5071,#5072,#5073,#5074));
#552=EDGE_LOOP('',(#5075,#5076,#5077,#5078));
#553=EDGE_LOOP('',(#5079,#5080,#5081,#5082));
#554=EDGE_LOOP('',(#5083,#5084,#5085,#5086));
#555=EDGE_LOOP('',(#5087,#5088,#5089,#5090));
#556=EDGE_LOOP('',(#5091,#5092,#5093,#5094));
#557=EDGE_LOOP('',(#5095,#5096,#5097,#5098));
#558=EDGE_LOOP('',(#5099,#5100,#5101,#5102));
#559=EDGE_LOOP('',(#5103,#5104,#5105,#5106));
#560=EDGE_LOOP('',(#5107,#5108,#5109,#5110));
#561=EDGE_LOOP('',(#5111,#5112,#5113,#5114));
#562=EDGE_LOOP('',(#5115,#5116,#5117,#5118));
#563=EDGE_LOOP('',(#5119,#5120,#5121,#5122));
#564=EDGE_LOOP('',(#5123,#5124,#5125,#5126));
#565=EDGE_LOOP('',(#5127,#5128,#5129,#5130));
#566=EDGE_LOOP('',(#5131,#5132,#5133,#5134));
#567=EDGE_LOOP('',(#5135,#5136,#5137,#5138));
#568=EDGE_LOOP('',(#5139,#5140,#5141,#5142));
#569=EDGE_LOOP('',(#5143,#5144,#5145,#5146));
#570=EDGE_LOOP('',(#5147,#5148,#5149,#5150));
#571=EDGE_LOOP('',(#5151,#5152,#5153,#5154));
#572=EDGE_LOOP('',(#5155,#5156,#5157,#5158));
#573=EDGE_LOOP('',(#5159,#5160,#5161,#5162));
#574=EDGE_LOOP('',(#5163,#5164,#5165,#5166));
#575=EDGE_LOOP('',(#5167,#5168,#5169,#5170));
#576=EDGE_LOOP('',(#5171,#5172,#5173,#5174));
#577=EDGE_LOOP('',(#5175,#5176,#5177,#5178));
#578=EDGE_LOOP('',(#5179,#5180,#5181,#5182));
#579=EDGE_LOOP('',(#5183,#5184,#5185,#5186));
#580=EDGE_LOOP('',(#5187,#5188,#5189,#5190));
#581=EDGE_LOOP('',(#5191,#5192,#5193,#5194));
#582=EDGE_LOOP('',(#5195,#5196,#5197,#5198));
#583=EDGE_LOOP('',(#5199,#5200,#5201,#5202));
#584=EDGE_LOOP('',(#5203,#5204,#5205,#5206));
#585=EDGE_LOOP('',(#5207,#5208,#5209,#5210));
#586=EDGE_LOOP('',(#5211,#5212,#5213,#5214));
#587=EDGE_LOOP('',(#5215,#5216,#5217,#5218));
#588=EDGE_LOOP('',(#5219,#5220,#5221,#5222));
#589=EDGE_LOOP('',(#5223,#5224,#5225,#5226));
#590=EDGE_LOOP('',(#5227,#5228,#5229,#5230));
#591=EDGE_LOOP('',(#5231,#5232,#5233,#5234));
#592=EDGE_LOOP('',(#5235,#5236,#5237,#5238));
#593=EDGE_LOOP('',(#5239,#5240,#5241,#5242));
#594=EDGE_LOOP('',(#5243,#5244,#5245,#5246));
#595=EDGE_LOOP('',(#5247,#5248,#5249,#5250));
#596=EDGE_LOOP('',(#5251,#5252,#5253,#5254));
#597=EDGE_LOOP('',(#5255,#5256,#5257,#5258));
#598=EDGE_LOOP('',(#5259,#5260,#5261,#5262));
#599=EDGE_LOOP('',(#5263,#5264,#5265,#5266));
#600=EDGE_LOOP('',(#5267,#5268,#5269,#5270));
#601=EDGE_LOOP('',(#5271,#5272,#5273,#5274));
#602=EDGE_LOOP('',(#5275,#5276,#5277,#5278));
#603=EDGE_LOOP('',(#5279,#5280,#5281,#5282));
#604=EDGE_LOOP('',(#5283,#5284,#5285,#5286));
#605=EDGE_LOOP('',(#5287,#5288,#5289,#5290));
#606=EDGE_LOOP('',(#5291,#5292,#5293,#5294));
#607=EDGE_LOOP('',(#5295,#5296,#5297,#5298));
#608=EDGE_LOOP('',(#5299,#5300,#5301,#5302));
#609=EDGE_LOOP('',(#5303,#5304,#5305,#5306));
#610=EDGE_LOOP('',(#5307,#5308,#5309,#5310));
#611=EDGE_LOOP('',(#5311,#5312,#5313,#5314));
#612=EDGE_LOOP('',(#5315,#5316,#5317,#5318));
#613=EDGE_LOOP('',(#5319,#5320,#5321,#5322));
#614=EDGE_LOOP('',(#5323,#5324,#5325,#5326));
#615=EDGE_LOOP('',(#5327,#5328,#5329,#5330));
#616=EDGE_LOOP('',(#5331,#5332,#5333,#5334));
#617=EDGE_LOOP('',(#5335,#5336,#5337,#5338));
#618=EDGE_LOOP('',(#5339,#5340,#5341,#5342));
#619=EDGE_LOOP('',(#5343,#5344,#5345,#5346));
#620=EDGE_LOOP('',(#5347,#5348,#5349,#5350));
#621=EDGE_LOOP('',(#5351,#5352,#5353,#5354));
#622=EDGE_LOOP('',(#5355,#5356,#5357,#5358));
#623=EDGE_LOOP('',(#5359,#5360,#5361,#5362));
#624=EDGE_LOOP('',(#5363,#5364,#5365,#5366));
#625=EDGE_LOOP('',(#5367,#5368,#5369,#5370));
#626=EDGE_LOOP('',(#5371,#5372,#5373,#5374));
#627=EDGE_LOOP('',(#5375,#5376,#5377,#5378));
#628=EDGE_LOOP('',(#5379,#5380,#5381,#5382));
#629=EDGE_LOOP('',(#5383,#5384,#5385,#5386));
#630=EDGE_LOOP('',(#5387,#5388,#5389,#5390));
#631=EDGE_LOOP('',(#5391,#5392,#5393,#5394));
#632=EDGE_LOOP('',(#5395,#5396,#5397,#5398));
#633=EDGE_LOOP('',(#5399,#5400,#5401,#5402));
#634=EDGE_LOOP('',(#5403,#5404,#5405,#5406));
#635=EDGE_LOOP('',(#5407,#5408,#5409,#5410));
#636=EDGE_LOOP('',(#5411,#5412,#5413,#5414));
#637=EDGE_LOOP('',(#5415,#5416,#5417,#5418));
#638=EDGE_LOOP('',(#5419,#5420,#5421,#5422));
#639=EDGE_LOOP('',(#5423,#5424,#5425,#5426));
#640=EDGE_LOOP('',(#5427,#5428,#5429,#5430));
#641=EDGE_LOOP('',(#5431,#5432,#5433,#5434));
#642=EDGE_LOOP('',(#5435,#5436,#5437,#5438));
#643=EDGE_LOOP('',(#5439,#5440,#5441,#5442));
#644=EDGE_LOOP('',(#5443,#5444,#5445,#5446));
#645=EDGE_LOOP('',(#5447,#5448,#5449,#5450));
#646=EDGE_LOOP('',(#5451,#5452,#5453,#5454));
#647=EDGE_LOOP('',(#5455,#5456,#5457,#5458));
#648=EDGE_LOOP('',(#5459,#5460,#5461,#5462));
#649=EDGE_LOOP('',(#5463,#5464,#5465,#5466));
#650=EDGE_LOOP('',(#5467,#5468,#5469,#5470));
#651=EDGE_LOOP('',(#5471,#5472,#5473,#5474));
#652=EDGE_LOOP('',(#5475,#5476,#5477,#5478));
#653=EDGE_LOOP('',(#5479,#5480,#5481,#5482));
#654=EDGE_LOOP('',(#5483,#5484,#5485,#5486));
#655=EDGE_LOOP('',(#5487,#5488,#5489,#5490));
#656=EDGE_LOOP('',(#5491,#5492,#5493,#5494));
#657=EDGE_LOOP('',(#5495,#5496,#5497,#5498));
#658=EDGE_LOOP('',(#5499,#5500,#5501,#5502));
#659=EDGE_LOOP('',(#5503,#5504,#5505,#5506));
#660=EDGE_LOOP('',(#5507,#5508,#5509,#5510));
#661=EDGE_LOOP('',(#5511,#5512,#5513,#5514));
#662=EDGE_LOOP('',(#5515,#5516,#5517,#5518));
#663=EDGE_LOOP('',(#5519,#5520,#5521,#5522));
#664=EDGE_LOOP('',(#5523,#5524,#5525,#5526));
#665=EDGE_LOOP('',(#5527,#5528,#5529,#5530));
#666=EDGE_LOOP('',(#5531,#5532,#5533,#5534));
#667=EDGE_LOOP('',(#5535,#5536,#5537,#5538));
#668=EDGE_LOOP('',(#5539,#5540,#5541,#5542));
#669=EDGE_LOOP('',(#5543,#5544,#5545,#5546));
#670=EDGE_LOOP('',(#5547,#5548,#5549,#5550));
#671=EDGE_LOOP('',(#5551,#5552,#5553,#5554));
#672=EDGE_LOOP('',(#5555,#5556,#5557,#5558));
#673=EDGE_LOOP('',(#5559,#5560,#5561,#5562));
#674=EDGE_LOOP('',(#5563,#5564,#5565,#5566));
#675=EDGE_LOOP('',(#5567,#5568,#5569,#5570));
#676=EDGE_LOOP('',(#5571,#5572,#5573,#5574));
#677=EDGE_LOOP('',(#5575,#5576,#5577,#5578));
#678=EDGE_LOOP('',(#5579,#5580,#5581,#5582));
#679=EDGE_LOOP('',(#5583,#5584,#5585,#5586));
#680=EDGE_LOOP('',(#5587,#5588,#5589,#5590));
#681=EDGE_LOOP('',(#5591,#5592,#5593,#5594));
#682=EDGE_LOOP('',(#5595,#5596,#5597,#5598));
#683=EDGE_LOOP('',(#5599,#5600,#5601,#5602));
#684=EDGE_LOOP('',(#5603,#5604,#5605,#5606));
#685=EDGE_LOOP('',(#5607,#5608,#5609,#5610));
#686=EDGE_LOOP('',(#5611,#5612,#5613,#5614));
#687=EDGE_LOOP('',(#5615,#5616,#5617,#5618));
#688=EDGE_LOOP('',(#5619,#5620,#5621,#5622));
#689=EDGE_LOOP('',(#5623,#5624,#5625,#5626));
#690=EDGE_LOOP('',(#5627,#5628,#5629,#5630));
#691=EDGE_LOOP('',(#5631,#5632,#5633,#5634));
#692=EDGE_LOOP('',(#5635,#5636,#5637,#5638));
#693=EDGE_LOOP('',(#5639,#5640,#5641,#5642));
#694=EDGE_LOOP('',(#5643,#5644,#5645,#5646));
#695=EDGE_LOOP('',(#5647,#5648,#5649,#5650));
#696=EDGE_LOOP('',(#5651,#5652,#5653,#5654));
#697=EDGE_LOOP('',(#5655,#5656,#5657,#5658));
#698=EDGE_LOOP('',(#5659,#5660,#5661,#5662));
#699=EDGE_LOOP('',(#5663,#5664,#5665,#5666));
#700=EDGE_LOOP('',(#5667,#5668,#5669,#5670));
#701=EDGE_LOOP('',(#5671,#5672,#5673,#5674));
#702=EDGE_LOOP('',(#5675,#5676,#5677,#5678));
#703=EDGE_LOOP('',(#5679,#5680,#5681,#5682));
#704=EDGE_LOOP('',(#5683,#5684,#5685,#5686));
#705=EDGE_LOOP('',(#5687,#5688,#5689,#5690));
#706=EDGE_LOOP('',(#5691,#5692,#5693,#5694));
#707=EDGE_LOOP('',(#5695,#5696,#5697,#5698));
#708=EDGE_LOOP('',(#5699,#5700,#5701,#5702));
#709=EDGE_LOOP('',(#5703,#5704,#5705,#5706));
#710=EDGE_LOOP('',(#5707,#5708,#5709,#5710));
#711=EDGE_LOOP('',(#5711,#5712,#5713,#5714));
#712=EDGE_LOOP('',(#5715,#5716,#5717,#5718));
#713=EDGE_LOOP('',(#5719,#5720,#5721,#5722));
#714=EDGE_LOOP('',(#5723,#5724,#5725,#5726));
#715=EDGE_LOOP('',(#5727,#5728,#5729,#5730));
#716=EDGE_LOOP('',(#5731,#5732,#5733,#5734));
#717=EDGE_LOOP('',(#5735,#5736,#5737,#5738));
#718=EDGE_LOOP('',(#5739,#5740,#5741,#5742));
#719=EDGE_LOOP('',(#5743,#5744,#5745,#5746));
#720=EDGE_LOOP('',(#5747,#5748,#5749,#5750));
#721=EDGE_LOOP('',(#5751,#5752,#5753,#5754));
#722=EDGE_LOOP('',(#5755,#5756,#5757,#5758));
#723=EDGE_LOOP('',(#5759,#5760,#5761,#5762));
#724=EDGE_LOOP('',(#5763,#5764,#5765,#5766));
#725=EDGE_LOOP('',(#5767,#5768,#5769,#5770));
#726=EDGE_LOOP('',(#5771,#5772,#5773,#5774));
#727=EDGE_LOOP('',(#5775,#5776,#5777,#5778));
#728=EDGE_LOOP('',(#5779,#5780,#5781,#5782));
#729=EDGE_LOOP('',(#5783,#5784,#5785,#5786));
#730=EDGE_LOOP('',(#5787,#5788,#5789,#5790));
#731=EDGE_LOOP('',(#5791,#5792,#5793,#5794));
#732=EDGE_LOOP('',(#5795,#5796,#5797,#5798));
#733=EDGE_LOOP('',(#5799,#5800,#5801,#5802));
#734=EDGE_LOOP('',(#5803,#5804,#5805,#5806));
#735=EDGE_LOOP('',(#5807,#5808,#5809,#5810));
#736=EDGE_LOOP('',(#5811,#5812,#5813,#5814));
#737=EDGE_LOOP('',(#5815,#5816,#5817,#5818));
#738=EDGE_LOOP('',(#5819,#5820,#5821,#5822));
#739=EDGE_LOOP('',(#5823,#5824,#5825,#5826));
#740=EDGE_LOOP('',(#5827,#5828,#5829,#5830));
#741=EDGE_LOOP('',(#5831,#5832,#5833,#5834));
#742=EDGE_LOOP('',(#5835,#5836,#5837,#5838));
#743=EDGE_LOOP('',(#5839,#5840,#5841,#5842));
#744=EDGE_LOOP('',(#5843,#5844,#5845,#5846));
#745=EDGE_LOOP('',(#5847,#5848,#5849,#5850));
#746=EDGE_LOOP('',(#5851,#5852,#5853,#5854));
#747=EDGE_LOOP('',(#5855,#5856,#5857,#5858));
#748=EDGE_LOOP('',(#5859,#5860,#5861,#5862));
#749=EDGE_LOOP('',(#5863,#5864,#5865,#5866));
#750=EDGE_LOOP('',(#5867,#5868,#5869,#5870));
#751=EDGE_LOOP('',(#5871,#5872,#5873,#5874));
#752=EDGE_LOOP('',(#5875,#5876,#5877,#5878));
#753=EDGE_LOOP('',(#5879,#5880,#5881,#5882));
#754=EDGE_LOOP('',(#5883,#5884,#5885,#5886));
#755=EDGE_LOOP('',(#5887,#5888,#5889,#5890));
#756=EDGE_LOOP('',(#5891,#5892,#5893,#5894));
#757=EDGE_LOOP('',(#5895,#5896,#5897,#5898));
#758=EDGE_LOOP('',(#5899,#5900,#5901,#5902));
#759=EDGE_LOOP('',(#5903,#5904,#5905,#5906));
#760=EDGE_LOOP('',(#5907,#5908,#5909,#5910));
#761=EDGE_LOOP('',(#5911,#5912,#5913,#5914));
#762=EDGE_LOOP('',(#5915,#5916,#5917,#5918));
#763=EDGE_LOOP('',(#5919,#5920,#5921,#5922));
#764=EDGE_LOOP('',(#5923,#5924,#5925,#5926));
#765=EDGE_LOOP('',(#5927,#5928,#5929,#5930));
#766=EDGE_LOOP('',(#5931,#5932,#5933,#5934));
#767=EDGE_LOOP('',(#5935,#5936,#5937,#5938));
#768=EDGE_LOOP('',(#5939,#5940,#5941,#5942));
#769=EDGE_LOOP('',(#5943,#5944,#5945,#5946));
#770=EDGE_LOOP('',(#5947,#5948,#5949,#5950));
#771=EDGE_LOOP('',(#5951,#5952,#5953,#5954));
#772=EDGE_LOOP('',(#5955,#5956,#5957,#5958));
#773=EDGE_LOOP('',(#5959,#5960,#5961,#5962));
#774=EDGE_LOOP('',(#5963,#5964,#5965,#5966));
#775=EDGE_LOOP('',(#5967,#5968,#5969,#5970));
#776=EDGE_LOOP('',(#5971,#5972,#5973,#5974));
#777=EDGE_LOOP('',(#5975,#5976,#5977,#5978));
#778=EDGE_LOOP('',(#5979,#5980,#5981,#5982));
#779=EDGE_LOOP('',(#5983,#5984,#5985,#5986));
#780=EDGE_LOOP('',(#5987,#5988,#5989,#5990));
#781=EDGE_LOOP('',(#5991,#5992,#5993,#5994));
#782=EDGE_LOOP('',(#5995,#5996,#5997,#5998));
#783=EDGE_LOOP('',(#5999,#6000,#6001,#6002,#6003,#6004,#6005,#6006,#6007,
#6008,#6009,#6010,#6011,#6012,#6013,#6014,#6015,#6016,#6017,#6018,#6019,
#6020,#6021,#6022,#6023,#6024,#6025,#6026,#6027,#6028,#6029,#6030,#6031,
#6032,#6033,#6034,#6035,#6036,#6037,#6038,#6039,#6040,#6041,#6042,#6043,
#6044,#6045,#6046,#6047,#6048,#6049,#6050,#6051,#6052,#6053,#6054,#6055,
#6056,#6057,#6058,#6059,#6060,#6061,#6062,#6063,#6064,#6065,#6066,#6067,
#6068,#6069,#6070,#6071,#6072,#6073,#6074,#6075,#6076,#6077,#6078,#6079,
#6080,#6081,#6082));
#784=EDGE_LOOP('',(#6083,#6084,#6085,#6086));
#785=EDGE_LOOP('',(#6087,#6088,#6089,#6090,#6091,#6092,#6093,#6094,#6095,
#6096,#6097,#6098,#6099,#6100,#6101,#6102,#6103,#6104,#6105,#6106,#6107,
#6108,#6109,#6110,#6111,#6112,#6113,#6114,#6115,#6116,#6117,#6118,#6119,
#6120,#6121,#6122,#6123,#6124,#6125,#6126,#6127,#6128,#6129,#6130,#6131,
#6132,#6133,#6134,#6135,#6136,#6137,#6138,#6139,#6140,#6141,#6142,#6143,
#6144,#6145,#6146,#6147,#6148,#6149,#6150,#6151,#6152,#6153,#6154,#6155,
#6156,#6157,#6158,#6159,#6160,#6161,#6162,#6163,#6164,#6165,#6166,#6167,
#6168,#6169,#6170));
#786=EDGE_LOOP('',(#6171,#6172,#6173,#6174));
#787=EDGE_LOOP('',(#6175,#6176,#6177,#6178));
#788=EDGE_LOOP('',(#6179,#6180,#6181,#6182));
#789=EDGE_LOOP('',(#6183,#6184,#6185,#6186));
#790=EDGE_LOOP('',(#6187,#6188,#6189,#6190));
#791=EDGE_LOOP('',(#6191,#6192,#6193,#6194));
#792=EDGE_LOOP('',(#6195,#6196,#6197,#6198));
#793=EDGE_LOOP('',(#6199,#6200,#6201,#6202));
#794=EDGE_LOOP('',(#6203,#6204,#6205,#6206));
#795=EDGE_LOOP('',(#6207,#6208,#6209,#6210));
#796=EDGE_LOOP('',(#6211,#6212,#6213,#6214));
#797=EDGE_LOOP('',(#6215,#6216,#6217,#6218));
#798=EDGE_LOOP('',(#6219,#6220,#6221,#6222));
#799=EDGE_LOOP('',(#6223,#6224,#6225,#6226));
#800=EDGE_LOOP('',(#6227,#6228,#6229,#6230));
#801=EDGE_LOOP('',(#6231,#6232,#6233,#6234));
#802=EDGE_LOOP('',(#6235,#6236,#6237,#6238));
#803=EDGE_LOOP('',(#6239,#6240,#6241,#6242));
#804=EDGE_LOOP('',(#6243,#6244,#6245,#6246));
#805=EDGE_LOOP('',(#6247,#6248,#6249,#6250));
#806=EDGE_LOOP('',(#6251,#6252,#6253,#6254));
#807=EDGE_LOOP('',(#6255,#6256,#6257,#6258));
#808=EDGE_LOOP('',(#6259,#6260,#6261,#6262));
#809=EDGE_LOOP('',(#6263,#6264,#6265,#6266));
#810=EDGE_LOOP('',(#6267,#6268,#6269,#6270));
#811=EDGE_LOOP('',(#6271,#6272,#6273,#6274));
#812=EDGE_LOOP('',(#6275,#6276,#6277,#6278));
#813=EDGE_LOOP('',(#6279,#6280,#6281,#6282));
#814=EDGE_LOOP('',(#6283,#6284,#6285,#6286));
#815=EDGE_LOOP('',(#6287,#6288,#6289,#6290));
#816=EDGE_LOOP('',(#6291,#6292,#6293,#6294));
#817=EDGE_LOOP('',(#6295,#6296,#6297,#6298));
#818=EDGE_LOOP('',(#6299,#6300,#6301,#6302));
#819=EDGE_LOOP('',(#6303,#6304,#6305,#6306));
#820=EDGE_LOOP('',(#6307,#6308,#6309,#6310));
#821=EDGE_LOOP('',(#6311,#6312,#6313,#6314));
#822=EDGE_LOOP('',(#6315,#6316,#6317,#6318));
#823=EDGE_LOOP('',(#6319,#6320,#6321,#6322));
#824=EDGE_LOOP('',(#6323,#6324,#6325,#6326));
#825=EDGE_LOOP('',(#6327,#6328,#6329,#6330));
#826=EDGE_LOOP('',(#6331,#6332,#6333,#6334));
#827=LINE('',#8957,#1799);
#828=LINE('',#8959,#1800);
#829=LINE('',#8961,#1801);
#830=LINE('',#8962,#1802);
#831=LINE('',#8965,#1803);
#832=LINE('',#8967,#1804);
#833=LINE('',#8968,#1805);
#834=LINE('',#8971,#1806);
#835=LINE('',#8973,#1807);
#836=LINE('',#8974,#1808);
#837=LINE('',#8978,#1809);
#838=LINE('',#8980,#1810);
#839=LINE('',#8982,#1811);
#840=LINE('',#8983,#1812);
#841=LINE('',#8986,#1813);
#842=LINE('',#8988,#1814);
#843=LINE('',#8989,#1815);
#844=LINE('',#8992,#1816);
#845=LINE('',#8994,#1817);
#846=LINE('',#8995,#1818);
#847=LINE('',#8999,#1819);
#848=LINE('',#9001,#1820);
#849=LINE('',#9003,#1821);
#850=LINE('',#9004,#1822);
#851=LINE('',#9007,#1823);
#852=LINE('',#9009,#1824);
#853=LINE('',#9010,#1825);
#854=LINE('',#9013,#1826);
#855=LINE('',#9015,#1827);
#856=LINE('',#9016,#1828);
#857=LINE('',#9020,#1829);
#858=LINE('',#9022,#1830);
#859=LINE('',#9024,#1831);
#860=LINE('',#9025,#1832);
#861=LINE('',#9028,#1833);
#862=LINE('',#9030,#1834);
#863=LINE('',#9031,#1835);
#864=LINE('',#9034,#1836);
#865=LINE('',#9036,#1837);
#866=LINE('',#9037,#1838);
#867=LINE('',#9041,#1839);
#868=LINE('',#9043,#1840);
#869=LINE('',#9045,#1841);
#870=LINE('',#9046,#1842);
#871=LINE('',#9049,#1843);
#872=LINE('',#9051,#1844);
#873=LINE('',#9052,#1845);
#874=LINE('',#9055,#1846);
#875=LINE('',#9057,#1847);
#876=LINE('',#9058,#1848);
#877=LINE('',#9062,#1849);
#878=LINE('',#9064,#1850);
#879=LINE('',#9066,#1851);
#880=LINE('',#9067,#1852);
#881=LINE('',#9070,#1853);
#882=LINE('',#9072,#1854);
#883=LINE('',#9073,#1855);
#884=LINE('',#9076,#1856);
#885=LINE('',#9078,#1857);
#886=LINE('',#9079,#1858);
#887=LINE('',#9083,#1859);
#888=LINE('',#9085,#1860);
#889=LINE('',#9087,#1861);
#890=LINE('',#9088,#1862);
#891=LINE('',#9091,#1863);
#892=LINE('',#9093,#1864);
#893=LINE('',#9094,#1865);
#894=LINE('',#9097,#1866);
#895=LINE('',#9099,#1867);
#896=LINE('',#9100,#1868);
#897=LINE('',#9104,#1869);
#898=LINE('',#9106,#1870);
#899=LINE('',#9108,#1871);
#900=LINE('',#9109,#1872);
#901=LINE('',#9112,#1873);
#902=LINE('',#9114,#1874);
#903=LINE('',#9115,#1875);
#904=LINE('',#9118,#1876);
#905=LINE('',#9120,#1877);
#906=LINE('',#9121,#1878);
#907=LINE('',#9125,#1879);
#908=LINE('',#9127,#1880);
#909=LINE('',#9129,#1881);
#910=LINE('',#9130,#1882);
#911=LINE('',#9133,#1883);
#912=LINE('',#9135,#1884);
#913=LINE('',#9136,#1885);
#914=LINE('',#9139,#1886);
#915=LINE('',#9141,#1887);
#916=LINE('',#9142,#1888);
#917=LINE('',#9146,#1889);
#918=LINE('',#9148,#1890);
#919=LINE('',#9150,#1891);
#920=LINE('',#9151,#1892);
#921=LINE('',#9154,#1893);
#922=LINE('',#9156,#1894);
#923=LINE('',#9157,#1895);
#924=LINE('',#9160,#1896);
#925=LINE('',#9162,#1897);
#926=LINE('',#9163,#1898);
#927=LINE('',#9167,#1899);
#928=LINE('',#9169,#1900);
#929=LINE('',#9171,#1901);
#930=LINE('',#9172,#1902);
#931=LINE('',#9175,#1903);
#932=LINE('',#9177,#1904);
#933=LINE('',#9178,#1905);
#934=LINE('',#9181,#1906);
#935=LINE('',#9183,#1907);
#936=LINE('',#9184,#1908);
#937=LINE('',#9188,#1909);
#938=LINE('',#9190,#1910);
#939=LINE('',#9192,#1911);
#940=LINE('',#9193,#1912);
#941=LINE('',#9196,#1913);
#942=LINE('',#9198,#1914);
#943=LINE('',#9199,#1915);
#944=LINE('',#9202,#1916);
#945=LINE('',#9204,#1917);
#946=LINE('',#9205,#1918);
#947=LINE('',#9209,#1919);
#948=LINE('',#9211,#1920);
#949=LINE('',#9213,#1921);
#950=LINE('',#9214,#1922);
#951=LINE('',#9217,#1923);
#952=LINE('',#9219,#1924);
#953=LINE('',#9220,#1925);
#954=LINE('',#9223,#1926);
#955=LINE('',#9225,#1927);
#956=LINE('',#9226,#1928);
#957=LINE('',#9230,#1929);
#958=LINE('',#9232,#1930);
#959=LINE('',#9234,#1931);
#960=LINE('',#9235,#1932);
#961=LINE('',#9238,#1933);
#962=LINE('',#9240,#1934);
#963=LINE('',#9241,#1935);
#964=LINE('',#9244,#1936);
#965=LINE('',#9246,#1937);
#966=LINE('',#9247,#1938);
#967=LINE('',#9251,#1939);
#968=LINE('',#9253,#1940);
#969=LINE('',#9255,#1941);
#970=LINE('',#9256,#1942);
#971=LINE('',#9259,#1943);
#972=LINE('',#9261,#1944);
#973=LINE('',#9262,#1945);
#974=LINE('',#9265,#1946);
#975=LINE('',#9267,#1947);
#976=LINE('',#9268,#1948);
#977=LINE('',#9272,#1949);
#978=LINE('',#9274,#1950);
#979=LINE('',#9276,#1951);
#980=LINE('',#9277,#1952);
#981=LINE('',#9280,#1953);
#982=LINE('',#9282,#1954);
#983=LINE('',#9283,#1955);
#984=LINE('',#9286,#1956);
#985=LINE('',#9288,#1957);
#986=LINE('',#9289,#1958);
#987=LINE('',#9293,#1959);
#988=LINE('',#9295,#1960);
#989=LINE('',#9297,#1961);
#990=LINE('',#9298,#1962);
#991=LINE('',#9301,#1963);
#992=LINE('',#9303,#1964);
#993=LINE('',#9304,#1965);
#994=LINE('',#9307,#1966);
#995=LINE('',#9309,#1967);
#996=LINE('',#9310,#1968);
#997=LINE('',#9314,#1969);
#998=LINE('',#9316,#1970);
#999=LINE('',#9318,#1971);
#1000=LINE('',#9319,#1972);
#1001=LINE('',#9322,#1973);
#1002=LINE('',#9324,#1974);
#1003=LINE('',#9325,#1975);
#1004=LINE('',#9328,#1976);
#1005=LINE('',#9330,#1977);
#1006=LINE('',#9331,#1978);
#1007=LINE('',#9335,#1979);
#1008=LINE('',#9337,#1980);
#1009=LINE('',#9339,#1981);
#1010=LINE('',#9340,#1982);
#1011=LINE('',#9343,#1983);
#1012=LINE('',#9345,#1984);
#1013=LINE('',#9346,#1985);
#1014=LINE('',#9349,#1986);
#1015=LINE('',#9351,#1987);
#1016=LINE('',#9352,#1988);
#1017=LINE('',#9356,#1989);
#1018=LINE('',#9358,#1990);
#1019=LINE('',#9360,#1991);
#1020=LINE('',#9361,#1992);
#1021=LINE('',#9364,#1993);
#1022=LINE('',#9366,#1994);
#1023=LINE('',#9367,#1995);
#1024=LINE('',#9370,#1996);
#1025=LINE('',#9372,#1997);
#1026=LINE('',#9373,#1998);
#1027=LINE('',#9377,#1999);
#1028=LINE('',#9379,#2000);
#1029=LINE('',#9381,#2001);
#1030=LINE('',#9382,#2002);
#1031=LINE('',#9385,#2003);
#1032=LINE('',#9387,#2004);
#1033=LINE('',#9388,#2005);
#1034=LINE('',#9391,#2006);
#1035=LINE('',#9393,#2007);
#1036=LINE('',#9394,#2008);
#1037=LINE('',#9398,#2009);
#1038=LINE('',#9400,#2010);
#1039=LINE('',#9402,#2011);
#1040=LINE('',#9403,#2012);
#1041=LINE('',#9406,#2013);
#1042=LINE('',#9408,#2014);
#1043=LINE('',#9409,#2015);
#1044=LINE('',#9412,#2016);
#1045=LINE('',#9414,#2017);
#1046=LINE('',#9415,#2018);
#1047=LINE('',#9419,#2019);
#1048=LINE('',#9421,#2020);
#1049=LINE('',#9423,#2021);
#1050=LINE('',#9424,#2022);
#1051=LINE('',#9427,#2023);
#1052=LINE('',#9429,#2024);
#1053=LINE('',#9430,#2025);
#1054=LINE('',#9433,#2026);
#1055=LINE('',#9435,#2027);
#1056=LINE('',#9436,#2028);
#1057=LINE('',#9440,#2029);
#1058=LINE('',#9442,#2030);
#1059=LINE('',#9444,#2031);
#1060=LINE('',#9445,#2032);
#1061=LINE('',#9448,#2033);
#1062=LINE('',#9450,#2034);
#1063=LINE('',#9451,#2035);
#1064=LINE('',#9454,#2036);
#1065=LINE('',#9456,#2037);
#1066=LINE('',#9457,#2038);
#1067=LINE('',#9461,#2039);
#1068=LINE('',#9463,#2040);
#1069=LINE('',#9465,#2041);
#1070=LINE('',#9466,#2042);
#1071=LINE('',#9469,#2043);
#1072=LINE('',#9471,#2044);
#1073=LINE('',#9472,#2045);
#1074=LINE('',#9475,#2046);
#1075=LINE('',#9477,#2047);
#1076=LINE('',#9478,#2048);
#1077=LINE('',#9482,#2049);
#1078=LINE('',#9484,#2050);
#1079=LINE('',#9486,#2051);
#1080=LINE('',#9487,#2052);
#1081=LINE('',#9490,#2053);
#1082=LINE('',#9492,#2054);
#1083=LINE('',#9493,#2055);
#1084=LINE('',#9496,#2056);
#1085=LINE('',#9498,#2057);
#1086=LINE('',#9499,#2058);
#1087=LINE('',#9503,#2059);
#1088=LINE('',#9505,#2060);
#1089=LINE('',#9507,#2061);
#1090=LINE('',#9508,#2062);
#1091=LINE('',#9511,#2063);
#1092=LINE('',#9513,#2064);
#1093=LINE('',#9514,#2065);
#1094=LINE('',#9517,#2066);
#1095=LINE('',#9519,#2067);
#1096=LINE('',#9520,#2068);
#1097=LINE('',#9524,#2069);
#1098=LINE('',#9526,#2070);
#1099=LINE('',#9528,#2071);
#1100=LINE('',#9529,#2072);
#1101=LINE('',#9532,#2073);
#1102=LINE('',#9534,#2074);
#1103=LINE('',#9535,#2075);
#1104=LINE('',#9538,#2076);
#1105=LINE('',#9540,#2077);
#1106=LINE('',#9541,#2078);
#1107=LINE('',#9545,#2079);
#1108=LINE('',#9547,#2080);
#1109=LINE('',#9549,#2081);
#1110=LINE('',#9550,#2082);
#1111=LINE('',#9553,#2083);
#1112=LINE('',#9555,#2084);
#1113=LINE('',#9556,#2085);
#1114=LINE('',#9559,#2086);
#1115=LINE('',#9561,#2087);
#1116=LINE('',#9562,#2088);
#1117=LINE('',#9566,#2089);
#1118=LINE('',#9568,#2090);
#1119=LINE('',#9570,#2091);
#1120=LINE('',#9571,#2092);
#1121=LINE('',#9574,#2093);
#1122=LINE('',#9576,#2094);
#1123=LINE('',#9577,#2095);
#1124=LINE('',#9580,#2096);
#1125=LINE('',#9582,#2097);
#1126=LINE('',#9583,#2098);
#1127=LINE('',#9587,#2099);
#1128=LINE('',#9589,#2100);
#1129=LINE('',#9591,#2101);
#1130=LINE('',#9592,#2102);
#1131=LINE('',#9595,#2103);
#1132=LINE('',#9597,#2104);
#1133=LINE('',#9598,#2105);
#1134=LINE('',#9601,#2106);
#1135=LINE('',#9603,#2107);
#1136=LINE('',#9604,#2108);
#1137=LINE('',#9608,#2109);
#1138=LINE('',#9610,#2110);
#1139=LINE('',#9612,#2111);
#1140=LINE('',#9613,#2112);
#1141=LINE('',#9616,#2113);
#1142=LINE('',#9618,#2114);
#1143=LINE('',#9619,#2115);
#1144=LINE('',#9622,#2116);
#1145=LINE('',#9624,#2117);
#1146=LINE('',#9625,#2118);
#1147=LINE('',#9629,#2119);
#1148=LINE('',#9631,#2120);
#1149=LINE('',#9633,#2121);
#1150=LINE('',#9634,#2122);
#1151=LINE('',#9637,#2123);
#1152=LINE('',#9639,#2124);
#1153=LINE('',#9640,#2125);
#1154=LINE('',#9643,#2126);
#1155=LINE('',#9645,#2127);
#1156=LINE('',#9646,#2128);
#1157=LINE('',#9650,#2129);
#1158=LINE('',#9652,#2130);
#1159=LINE('',#9654,#2131);
#1160=LINE('',#9655,#2132);
#1161=LINE('',#9658,#2133);
#1162=LINE('',#9660,#2134);
#1163=LINE('',#9661,#2135);
#1164=LINE('',#9664,#2136);
#1165=LINE('',#9666,#2137);
#1166=LINE('',#9667,#2138);
#1167=LINE('',#9671,#2139);
#1168=LINE('',#9673,#2140);
#1169=LINE('',#9675,#2141);
#1170=LINE('',#9676,#2142);
#1171=LINE('',#9679,#2143);
#1172=LINE('',#9681,#2144);
#1173=LINE('',#9682,#2145);
#1174=LINE('',#9685,#2146);
#1175=LINE('',#9687,#2147);
#1176=LINE('',#9688,#2148);
#1177=LINE('',#9692,#2149);
#1178=LINE('',#9694,#2150);
#1179=LINE('',#9696,#2151);
#1180=LINE('',#9697,#2152);
#1181=LINE('',#9700,#2153);
#1182=LINE('',#9702,#2154);
#1183=LINE('',#9703,#2155);
#1184=LINE('',#9706,#2156);
#1185=LINE('',#9708,#2157);
#1186=LINE('',#9709,#2158);
#1187=LINE('',#9713,#2159);
#1188=LINE('',#9715,#2160);
#1189=LINE('',#9717,#2161);
#1190=LINE('',#9718,#2162);
#1191=LINE('',#9721,#2163);
#1192=LINE('',#9723,#2164);
#1193=LINE('',#9724,#2165);
#1194=LINE('',#9727,#2166);
#1195=LINE('',#9729,#2167);
#1196=LINE('',#9730,#2168);
#1197=LINE('',#9734,#2169);
#1198=LINE('',#9736,#2170);
#1199=LINE('',#9738,#2171);
#1200=LINE('',#9739,#2172);
#1201=LINE('',#9742,#2173);
#1202=LINE('',#9744,#2174);
#1203=LINE('',#9745,#2175);
#1204=LINE('',#9748,#2176);
#1205=LINE('',#9750,#2177);
#1206=LINE('',#9751,#2178);
#1207=LINE('',#9755,#2179);
#1208=LINE('',#9757,#2180);
#1209=LINE('',#9759,#2181);
#1210=LINE('',#9760,#2182);
#1211=LINE('',#9763,#2183);
#1212=LINE('',#9765,#2184);
#1213=LINE('',#9766,#2185);
#1214=LINE('',#9769,#2186);
#1215=LINE('',#9771,#2187);
#1216=LINE('',#9772,#2188);
#1217=LINE('',#9776,#2189);
#1218=LINE('',#9778,#2190);
#1219=LINE('',#9780,#2191);
#1220=LINE('',#9781,#2192);
#1221=LINE('',#9784,#2193);
#1222=LINE('',#9786,#2194);
#1223=LINE('',#9787,#2195);
#1224=LINE('',#9790,#2196);
#1225=LINE('',#9792,#2197);
#1226=LINE('',#9793,#2198);
#1227=LINE('',#9796,#2199);
#1228=LINE('',#9798,#2200);
#1229=LINE('',#9799,#2201);
#1230=LINE('',#9800,#2202);
#1231=LINE('',#9801,#2203);
#1232=LINE('',#9802,#2204);
#1233=LINE('',#9803,#2205);
#1234=LINE('',#9804,#2206);
#1235=LINE('',#9805,#2207);
#1236=LINE('',#9806,#2208);
#1237=LINE('',#9807,#2209);
#1238=LINE('',#9808,#2210);
#1239=LINE('',#9809,#2211);
#1240=LINE('',#9810,#2212);
#1241=LINE('',#9811,#2213);
#1242=LINE('',#9812,#2214);
#1243=LINE('',#9813,#2215);
#1244=LINE('',#9814,#2216);
#1245=LINE('',#9815,#2217);
#1246=LINE('',#9816,#2218);
#1247=LINE('',#9817,#2219);
#1248=LINE('',#9818,#2220);
#1249=LINE('',#9820,#2221);
#1250=LINE('',#9822,#2222);
#1251=LINE('',#9823,#2223);
#1252=LINE('',#9824,#2224);
#1253=LINE('',#9825,#2225);
#1254=LINE('',#9826,#2226);
#1255=LINE('',#9827,#2227);
#1256=LINE('',#9828,#2228);
#1257=LINE('',#9829,#2229);
#1258=LINE('',#9830,#2230);
#1259=LINE('',#9831,#2231);
#1260=LINE('',#9832,#2232);
#1261=LINE('',#9833,#2233);
#1262=LINE('',#9834,#2234);
#1263=LINE('',#9835,#2235);
#1264=LINE('',#9836,#2236);
#1265=LINE('',#9837,#2237);
#1266=LINE('',#9838,#2238);
#1267=LINE('',#9839,#2239);
#1268=LINE('',#9840,#2240);
#1269=LINE('',#9841,#2241);
#1270=LINE('',#9842,#2242);
#1271=LINE('',#9844,#2243);
#1272=LINE('',#9847,#2244);
#1273=LINE('',#9849,#2245);
#1274=LINE('',#9851,#2246);
#1275=LINE('',#9852,#2247);
#1276=LINE('',#9854,#2248);
#1277=LINE('',#9857,#2249);
#1278=LINE('',#9859,#2250);
#1279=LINE('',#9861,#2251);
#1280=LINE('',#9862,#2252);
#1281=LINE('',#9864,#2253);
#1282=LINE('',#9867,#2254);
#1283=LINE('',#9869,#2255);
#1284=LINE('',#9871,#2256);
#1285=LINE('',#9872,#2257);
#1286=LINE('',#9874,#2258);
#1287=LINE('',#9877,#2259);
#1288=LINE('',#9879,#2260);
#1289=LINE('',#9881,#2261);
#1290=LINE('',#9882,#2262);
#1291=LINE('',#9884,#2263);
#1292=LINE('',#9887,#2264);
#1293=LINE('',#9889,#2265);
#1294=LINE('',#9891,#2266);
#1295=LINE('',#9892,#2267);
#1296=LINE('',#9894,#2268);
#1297=LINE('',#9897,#2269);
#1298=LINE('',#9899,#2270);
#1299=LINE('',#9901,#2271);
#1300=LINE('',#9902,#2272);
#1301=LINE('',#9904,#2273);
#1302=LINE('',#9907,#2274);
#1303=LINE('',#9909,#2275);
#1304=LINE('',#9911,#2276);
#1305=LINE('',#9912,#2277);
#1306=LINE('',#9914,#2278);
#1307=LINE('',#9917,#2279);
#1308=LINE('',#9919,#2280);
#1309=LINE('',#9921,#2281);
#1310=LINE('',#9922,#2282);
#1311=LINE('',#9924,#2283);
#1312=LINE('',#9927,#2284);
#1313=LINE('',#9929,#2285);
#1314=LINE('',#9931,#2286);
#1315=LINE('',#9932,#2287);
#1316=LINE('',#9934,#2288);
#1317=LINE('',#9937,#2289);
#1318=LINE('',#9939,#2290);
#1319=LINE('',#9941,#2291);
#1320=LINE('',#9942,#2292);
#1321=LINE('',#9944,#2293);
#1322=LINE('',#9947,#2294);
#1323=LINE('',#9949,#2295);
#1324=LINE('',#9951,#2296);
#1325=LINE('',#9952,#2297);
#1326=LINE('',#9954,#2298);
#1327=LINE('',#9957,#2299);
#1328=LINE('',#9959,#2300);
#1329=LINE('',#9961,#2301);
#1330=LINE('',#9962,#2302);
#1331=LINE('',#9964,#2303);
#1332=LINE('',#9967,#2304);
#1333=LINE('',#9969,#2305);
#1334=LINE('',#9971,#2306);
#1335=LINE('',#9972,#2307);
#1336=LINE('',#9974,#2308);
#1337=LINE('',#9977,#2309);
#1338=LINE('',#9979,#2310);
#1339=LINE('',#9981,#2311);
#1340=LINE('',#9982,#2312);
#1341=LINE('',#9984,#2313);
#1342=LINE('',#9987,#2314);
#1343=LINE('',#9989,#2315);
#1344=LINE('',#9991,#2316);
#1345=LINE('',#9992,#2317);
#1346=LINE('',#9994,#2318);
#1347=LINE('',#9997,#2319);
#1348=LINE('',#9999,#2320);
#1349=LINE('',#10001,#2321);
#1350=LINE('',#10002,#2322);
#1351=LINE('',#10004,#2323);
#1352=LINE('',#10007,#2324);
#1353=LINE('',#10009,#2325);
#1354=LINE('',#10011,#2326);
#1355=LINE('',#10012,#2327);
#1356=LINE('',#10014,#2328);
#1357=LINE('',#10017,#2329);
#1358=LINE('',#10019,#2330);
#1359=LINE('',#10021,#2331);
#1360=LINE('',#10022,#2332);
#1361=LINE('',#10024,#2333);
#1362=LINE('',#10027,#2334);
#1363=LINE('',#10029,#2335);
#1364=LINE('',#10031,#2336);
#1365=LINE('',#10032,#2337);
#1366=LINE('',#10034,#2338);
#1367=LINE('',#10037,#2339);
#1368=LINE('',#10039,#2340);
#1369=LINE('',#10041,#2341);
#1370=LINE('',#10042,#2342);
#1371=LINE('',#10044,#2343);
#1372=LINE('',#10047,#2344);
#1373=LINE('',#10049,#2345);
#1374=LINE('',#10051,#2346);
#1375=LINE('',#10052,#2347);
#1376=LINE('',#10054,#2348);
#1377=LINE('',#10057,#2349);
#1378=LINE('',#10059,#2350);
#1379=LINE('',#10061,#2351);
#1380=LINE('',#10062,#2352);
#1381=LINE('',#10064,#2353);
#1382=LINE('',#10067,#2354);
#1383=LINE('',#10069,#2355);
#1384=LINE('',#10071,#2356);
#1385=LINE('',#10072,#2357);
#1386=LINE('',#10074,#2358);
#1387=LINE('',#10077,#2359);
#1388=LINE('',#10079,#2360);
#1389=LINE('',#10081,#2361);
#1390=LINE('',#10082,#2362);
#1391=LINE('',#10084,#2363);
#1392=LINE('',#10087,#2364);
#1393=LINE('',#10089,#2365);
#1394=LINE('',#10091,#2366);
#1395=LINE('',#10092,#2367);
#1396=LINE('',#10094,#2368);
#1397=LINE('',#10097,#2369);
#1398=LINE('',#10099,#2370);
#1399=LINE('',#10101,#2371);
#1400=LINE('',#10102,#2372);
#1401=LINE('',#10104,#2373);
#1402=LINE('',#10107,#2374);
#1403=LINE('',#10109,#2375);
#1404=LINE('',#10111,#2376);
#1405=LINE('',#10112,#2377);
#1406=LINE('',#10114,#2378);
#1407=LINE('',#10117,#2379);
#1408=LINE('',#10119,#2380);
#1409=LINE('',#10121,#2381);
#1410=LINE('',#10122,#2382);
#1411=LINE('',#10124,#2383);
#1412=LINE('',#10127,#2384);
#1413=LINE('',#10129,#2385);
#1414=LINE('',#10131,#2386);
#1415=LINE('',#10132,#2387);
#1416=LINE('',#10134,#2388);
#1417=LINE('',#10137,#2389);
#1418=LINE('',#10139,#2390);
#1419=LINE('',#10141,#2391);
#1420=LINE('',#10142,#2392);
#1421=LINE('',#10144,#2393);
#1422=LINE('',#10147,#2394);
#1423=LINE('',#10149,#2395);
#1424=LINE('',#10151,#2396);
#1425=LINE('',#10152,#2397);
#1426=LINE('',#10154,#2398);
#1427=LINE('',#10157,#2399);
#1428=LINE('',#10159,#2400);
#1429=LINE('',#10161,#2401);
#1430=LINE('',#10162,#2402);
#1431=LINE('',#10164,#2403);
#1432=LINE('',#10167,#2404);
#1433=LINE('',#10169,#2405);
#1434=LINE('',#10171,#2406);
#1435=LINE('',#10172,#2407);
#1436=LINE('',#10174,#2408);
#1437=LINE('',#10177,#2409);
#1438=LINE('',#10179,#2410);
#1439=LINE('',#10181,#2411);
#1440=LINE('',#10182,#2412);
#1441=LINE('',#10184,#2413);
#1442=LINE('',#10187,#2414);
#1443=LINE('',#10189,#2415);
#1444=LINE('',#10191,#2416);
#1445=LINE('',#10192,#2417);
#1446=LINE('',#10194,#2418);
#1447=LINE('',#10197,#2419);
#1448=LINE('',#10199,#2420);
#1449=LINE('',#10201,#2421);
#1450=LINE('',#10202,#2422);
#1451=LINE('',#10204,#2423);
#1452=LINE('',#10207,#2424);
#1453=LINE('',#10209,#2425);
#1454=LINE('',#10211,#2426);
#1455=LINE('',#10212,#2427);
#1456=LINE('',#10214,#2428);
#1457=LINE('',#10217,#2429);
#1458=LINE('',#10219,#2430);
#1459=LINE('',#10221,#2431);
#1460=LINE('',#10222,#2432);
#1461=LINE('',#10224,#2433);
#1462=LINE('',#10227,#2434);
#1463=LINE('',#10229,#2435);
#1464=LINE('',#10231,#2436);
#1465=LINE('',#10232,#2437);
#1466=LINE('',#10234,#2438);
#1467=LINE('',#10237,#2439);
#1468=LINE('',#10239,#2440);
#1469=LINE('',#10241,#2441);
#1470=LINE('',#10242,#2442);
#1471=LINE('',#10246,#2443);
#1472=LINE('',#10247,#2444);
#1473=LINE('',#10248,#2445);
#1474=LINE('',#10251,#2446);
#1475=LINE('',#10252,#2447);
#1476=LINE('',#10255,#2448);
#1477=LINE('',#10256,#2449);
#1478=LINE('',#10258,#2450);
#1479=LINE('',#10262,#2451);
#1480=LINE('',#10263,#2452);
#1481=LINE('',#10264,#2453);
#1482=LINE('',#10267,#2454);
#1483=LINE('',#10268,#2455);
#1484=LINE('',#10271,#2456);
#1485=LINE('',#10272,#2457);
#1486=LINE('',#10274,#2458);
#1487=LINE('',#10278,#2459);
#1488=LINE('',#10279,#2460);
#1489=LINE('',#10280,#2461);
#1490=LINE('',#10283,#2462);
#1491=LINE('',#10284,#2463);
#1492=LINE('',#10287,#2464);
#1493=LINE('',#10288,#2465);
#1494=LINE('',#10290,#2466);
#1495=LINE('',#10294,#2467);
#1496=LINE('',#10295,#2468);
#1497=LINE('',#10296,#2469);
#1498=LINE('',#10299,#2470);
#1499=LINE('',#10300,#2471);
#1500=LINE('',#10303,#2472);
#1501=LINE('',#10304,#2473);
#1502=LINE('',#10306,#2474);
#1503=LINE('',#10310,#2475);
#1504=LINE('',#10311,#2476);
#1505=LINE('',#10312,#2477);
#1506=LINE('',#10315,#2478);
#1507=LINE('',#10316,#2479);
#1508=LINE('',#10319,#2480);
#1509=LINE('',#10320,#2481);
#1510=LINE('',#10322,#2482);
#1511=LINE('',#10326,#2483);
#1512=LINE('',#10327,#2484);
#1513=LINE('',#10328,#2485);
#1514=LINE('',#10331,#2486);
#1515=LINE('',#10332,#2487);
#1516=LINE('',#10335,#2488);
#1517=LINE('',#10336,#2489);
#1518=LINE('',#10338,#2490);
#1519=LINE('',#10342,#2491);
#1520=LINE('',#10343,#2492);
#1521=LINE('',#10344,#2493);
#1522=LINE('',#10347,#2494);
#1523=LINE('',#10348,#2495);
#1524=LINE('',#10351,#2496);
#1525=LINE('',#10352,#2497);
#1526=LINE('',#10354,#2498);
#1527=LINE('',#10358,#2499);
#1528=LINE('',#10359,#2500);
#1529=LINE('',#10360,#2501);
#1530=LINE('',#10363,#2502);
#1531=LINE('',#10364,#2503);
#1532=LINE('',#10367,#2504);
#1533=LINE('',#10368,#2505);
#1534=LINE('',#10370,#2506);
#1535=LINE('',#10374,#2507);
#1536=LINE('',#10375,#2508);
#1537=LINE('',#10376,#2509);
#1538=LINE('',#10379,#2510);
#1539=LINE('',#10380,#2511);
#1540=LINE('',#10383,#2512);
#1541=LINE('',#10384,#2513);
#1542=LINE('',#10386,#2514);
#1543=LINE('',#10390,#2515);
#1544=LINE('',#10391,#2516);
#1545=LINE('',#10392,#2517);
#1546=LINE('',#10395,#2518);
#1547=LINE('',#10396,#2519);
#1548=LINE('',#10399,#2520);
#1549=LINE('',#10400,#2521);
#1550=LINE('',#10402,#2522);
#1551=LINE('',#10406,#2523);
#1552=LINE('',#10407,#2524);
#1553=LINE('',#10408,#2525);
#1554=LINE('',#10411,#2526);
#1555=LINE('',#10412,#2527);
#1556=LINE('',#10415,#2528);
#1557=LINE('',#10416,#2529);
#1558=LINE('',#10418,#2530);
#1559=LINE('',#10422,#2531);
#1560=LINE('',#10423,#2532);
#1561=LINE('',#10424,#2533);
#1562=LINE('',#10427,#2534);
#1563=LINE('',#10428,#2535);
#1564=LINE('',#10431,#2536);
#1565=LINE('',#10432,#2537);
#1566=LINE('',#10434,#2538);
#1567=LINE('',#10438,#2539);
#1568=LINE('',#10439,#2540);
#1569=LINE('',#10440,#2541);
#1570=LINE('',#10443,#2542);
#1571=LINE('',#10444,#2543);
#1572=LINE('',#10447,#2544);
#1573=LINE('',#10448,#2545);
#1574=LINE('',#10450,#2546);
#1575=LINE('',#10454,#2547);
#1576=LINE('',#10455,#2548);
#1577=LINE('',#10456,#2549);
#1578=LINE('',#10459,#2550);
#1579=LINE('',#10460,#2551);
#1580=LINE('',#10463,#2552);
#1581=LINE('',#10464,#2553);
#1582=LINE('',#10466,#2554);
#1583=LINE('',#10470,#2555);
#1584=LINE('',#10471,#2556);
#1585=LINE('',#10472,#2557);
#1586=LINE('',#10475,#2558);
#1587=LINE('',#10476,#2559);
#1588=LINE('',#10479,#2560);
#1589=LINE('',#10480,#2561);
#1590=LINE('',#10482,#2562);
#1591=LINE('',#10486,#2563);
#1592=LINE('',#10487,#2564);
#1593=LINE('',#10488,#2565);
#1594=LINE('',#10491,#2566);
#1595=LINE('',#10492,#2567);
#1596=LINE('',#10495,#2568);
#1597=LINE('',#10496,#2569);
#1598=LINE('',#10498,#2570);
#1599=LINE('',#10502,#2571);
#1600=LINE('',#10503,#2572);
#1601=LINE('',#10504,#2573);
#1602=LINE('',#10507,#2574);
#1603=LINE('',#10508,#2575);
#1604=LINE('',#10511,#2576);
#1605=LINE('',#10512,#2577);
#1606=LINE('',#10514,#2578);
#1607=LINE('',#10518,#2579);
#1608=LINE('',#10519,#2580);
#1609=LINE('',#10520,#2581);
#1610=LINE('',#10523,#2582);
#1611=LINE('',#10524,#2583);
#1612=LINE('',#10527,#2584);
#1613=LINE('',#10528,#2585);
#1614=LINE('',#10530,#2586);
#1615=LINE('',#10534,#2587);
#1616=LINE('',#10535,#2588);
#1617=LINE('',#10536,#2589);
#1618=LINE('',#10539,#2590);
#1619=LINE('',#10540,#2591);
#1620=LINE('',#10543,#2592);
#1621=LINE('',#10544,#2593);
#1622=LINE('',#10546,#2594);
#1623=LINE('',#10550,#2595);
#1624=LINE('',#10551,#2596);
#1625=LINE('',#10552,#2597);
#1626=LINE('',#10555,#2598);
#1627=LINE('',#10556,#2599);
#1628=LINE('',#10559,#2600);
#1629=LINE('',#10560,#2601);
#1630=LINE('',#10562,#2602);
#1631=LINE('',#10566,#2603);
#1632=LINE('',#10567,#2604);
#1633=LINE('',#10568,#2605);
#1634=LINE('',#10571,#2606);
#1635=LINE('',#10572,#2607);
#1636=LINE('',#10575,#2608);
#1637=LINE('',#10576,#2609);
#1638=LINE('',#10578,#2610);
#1639=LINE('',#10582,#2611);
#1640=LINE('',#10583,#2612);
#1641=LINE('',#10584,#2613);
#1642=LINE('',#10587,#2614);
#1643=LINE('',#10588,#2615);
#1644=LINE('',#10591,#2616);
#1645=LINE('',#10592,#2617);
#1646=LINE('',#10594,#2618);
#1647=LINE('',#10598,#2619);
#1648=LINE('',#10599,#2620);
#1649=LINE('',#10600,#2621);
#1650=LINE('',#10603,#2622);
#1651=LINE('',#10604,#2623);
#1652=LINE('',#10607,#2624);
#1653=LINE('',#10608,#2625);
#1654=LINE('',#10610,#2626);
#1655=LINE('',#10614,#2627);
#1656=LINE('',#10615,#2628);
#1657=LINE('',#10616,#2629);
#1658=LINE('',#10619,#2630);
#1659=LINE('',#10620,#2631);
#1660=LINE('',#10623,#2632);
#1661=LINE('',#10624,#2633);
#1662=LINE('',#10626,#2634);
#1663=LINE('',#10630,#2635);
#1664=LINE('',#10631,#2636);
#1665=LINE('',#10632,#2637);
#1666=LINE('',#10635,#2638);
#1667=LINE('',#10636,#2639);
#1668=LINE('',#10639,#2640);
#1669=LINE('',#10640,#2641);
#1670=LINE('',#10642,#2642);
#1671=LINE('',#10646,#2643);
#1672=LINE('',#10647,#2644);
#1673=LINE('',#10648,#2645);
#1674=LINE('',#10651,#2646);
#1675=LINE('',#10652,#2647);
#1676=LINE('',#10655,#2648);
#1677=LINE('',#10656,#2649);
#1678=LINE('',#10658,#2650);
#1679=LINE('',#10662,#2651);
#1680=LINE('',#10663,#2652);
#1681=LINE('',#10664,#2653);
#1682=LINE('',#10667,#2654);
#1683=LINE('',#10668,#2655);
#1684=LINE('',#10671,#2656);
#1685=LINE('',#10672,#2657);
#1686=LINE('',#10674,#2658);
#1687=LINE('',#10678,#2659);
#1688=LINE('',#10679,#2660);
#1689=LINE('',#10680,#2661);
#1690=LINE('',#10683,#2662);
#1691=LINE('',#10684,#2663);
#1692=LINE('',#10687,#2664);
#1693=LINE('',#10688,#2665);
#1694=LINE('',#10690,#2666);
#1695=LINE('',#10694,#2667);
#1696=LINE('',#10695,#2668);
#1697=LINE('',#10696,#2669);
#1698=LINE('',#10699,#2670);
#1699=LINE('',#10700,#2671);
#1700=LINE('',#10703,#2672);
#1701=LINE('',#10704,#2673);
#1702=LINE('',#10706,#2674);
#1703=LINE('',#10710,#2675);
#1704=LINE('',#10711,#2676);
#1705=LINE('',#10712,#2677);
#1706=LINE('',#10715,#2678);
#1707=LINE('',#10716,#2679);
#1708=LINE('',#10719,#2680);
#1709=LINE('',#10720,#2681);
#1710=LINE('',#10722,#2682);
#1711=LINE('',#10726,#2683);
#1712=LINE('',#10727,#2684);
#1713=LINE('',#10728,#2685);
#1714=LINE('',#10731,#2686);
#1715=LINE('',#10732,#2687);
#1716=LINE('',#10735,#2688);
#1717=LINE('',#10736,#2689);
#1718=LINE('',#10738,#2690);
#1719=LINE('',#10742,#2691);
#1720=LINE('',#10743,#2692);
#1721=LINE('',#10744,#2693);
#1722=LINE('',#10747,#2694);
#1723=LINE('',#10748,#2695);
#1724=LINE('',#10751,#2696);
#1725=LINE('',#10752,#2697);
#1726=LINE('',#10754,#2698);
#1727=LINE('',#10758,#2699);
#1728=LINE('',#10759,#2700);
#1729=LINE('',#10760,#2701);
#1730=LINE('',#10763,#2702);
#1731=LINE('',#10764,#2703);
#1732=LINE('',#10767,#2704);
#1733=LINE('',#10768,#2705);
#1734=LINE('',#10770,#2706);
#1735=LINE('',#10774,#2707);
#1736=LINE('',#10775,#2708);
#1737=LINE('',#10776,#2709);
#1738=LINE('',#10779,#2710);
#1739=LINE('',#10780,#2711);
#1740=LINE('',#10783,#2712);
#1741=LINE('',#10784,#2713);
#1742=LINE('',#10786,#2714);
#1743=LINE('',#10790,#2715);
#1744=LINE('',#10791,#2716);
#1745=LINE('',#10792,#2717);
#1746=LINE('',#10795,#2718);
#1747=LINE('',#10796,#2719);
#1748=LINE('',#10799,#2720);
#1749=LINE('',#10800,#2721);
#1750=LINE('',#10802,#2722);
#1751=LINE('',#10806,#2723);
#1752=LINE('',#10807,#2724);
#1753=LINE('',#10808,#2725);
#1754=LINE('',#10811,#2726);
#1755=LINE('',#10812,#2727);
#1756=LINE('',#10815,#2728);
#1757=LINE('',#10816,#2729);
#1758=LINE('',#10818,#2730);
#1759=LINE('',#10822,#2731);
#1760=LINE('',#10823,#2732);
#1761=LINE('',#10824,#2733);
#1762=LINE('',#10827,#2734);
#1763=LINE('',#10828,#2735);
#1764=LINE('',#10831,#2736);
#1765=LINE('',#10832,#2737);
#1766=LINE('',#10834,#2738);
#1767=LINE('',#10838,#2739);
#1768=LINE('',#10839,#2740);
#1769=LINE('',#10840,#2741);
#1770=LINE('',#10843,#2742);
#1771=LINE('',#10844,#2743);
#1772=LINE('',#10847,#2744);
#1773=LINE('',#10848,#2745);
#1774=LINE('',#10850,#2746);
#1775=LINE('',#10854,#2747);
#1776=LINE('',#10855,#2748);
#1777=LINE('',#10856,#2749);
#1778=LINE('',#10859,#2750);
#1779=LINE('',#10860,#2751);
#1780=LINE('',#10863,#2752);
#1781=LINE('',#10864,#2753);
#1782=LINE('',#10866,#2754);
#1783=LINE('',#10870,#2755);
#1784=LINE('',#10871,#2756);
#1785=LINE('',#10872,#2757);
#1786=LINE('',#10875,#2758);
#1787=LINE('',#10876,#2759);
#1788=LINE('',#10879,#2760);
#1789=LINE('',#10880,#2761);
#1790=LINE('',#10882,#2762);
#1791=LINE('',#10886,#2763);
#1792=LINE('',#10887,#2764);
#1793=LINE('',#10888,#2765);
#1794=LINE('',#10891,#2766);
#1795=LINE('',#10892,#2767);
#1796=LINE('',#10895,#2768);
#1797=LINE('',#10896,#2769);
#1798=LINE('',#10898,#2770);
#1799=VECTOR('',#7331,10.);
#1800=VECTOR('',#7332,10.);
#1801=VECTOR('',#7333,10.);
#1802=VECTOR('',#7334,10.);
#1803=VECTOR('',#7337,10.);
#1804=VECTOR('',#7338,10.);
#1805=VECTOR('',#7339,10.);
#1806=VECTOR('',#7342,10.);
#1807=VECTOR('',#7343,10.);
#1808=VECTOR('',#7344,10.);
#1809=VECTOR('',#7347,10.);
#1810=VECTOR('',#7348,10.);
#1811=VECTOR('',#7349,10.);
#1812=VECTOR('',#7350,10.);
#1813=VECTOR('',#7353,10.);
#1814=VECTOR('',#7354,10.);
#1815=VECTOR('',#7355,10.);
#1816=VECTOR('',#7358,10.);
#1817=VECTOR('',#7359,10.);
#1818=VECTOR('',#7360,10.);
#1819=VECTOR('',#7363,10.);
#1820=VECTOR('',#7364,10.);
#1821=VECTOR('',#7365,10.);
#1822=VECTOR('',#7366,10.);
#1823=VECTOR('',#7369,10.);
#1824=VECTOR('',#7370,10.);
#1825=VECTOR('',#7371,10.);
#1826=VECTOR('',#7374,10.);
#1827=VECTOR('',#7375,10.);
#1828=VECTOR('',#7376,10.);
#1829=VECTOR('',#7379,10.);
#1830=VECTOR('',#7380,10.);
#1831=VECTOR('',#7381,10.);
#1832=VECTOR('',#7382,10.);
#1833=VECTOR('',#7385,10.);
#1834=VECTOR('',#7386,10.);
#1835=VECTOR('',#7387,10.);
#1836=VECTOR('',#7390,10.);
#1837=VECTOR('',#7391,10.);
#1838=VECTOR('',#7392,10.);
#1839=VECTOR('',#7395,10.);
#1840=VECTOR('',#7396,10.);
#1841=VECTOR('',#7397,10.);
#1842=VECTOR('',#7398,10.);
#1843=VECTOR('',#7401,10.);
#1844=VECTOR('',#7402,10.);
#1845=VECTOR('',#7403,10.);
#1846=VECTOR('',#7406,10.);
#1847=VECTOR('',#7407,10.);
#1848=VECTOR('',#7408,10.);
#1849=VECTOR('',#7411,10.);
#1850=VECTOR('',#7412,10.);
#1851=VECTOR('',#7413,10.);
#1852=VECTOR('',#7414,10.);
#1853=VECTOR('',#7417,10.);
#1854=VECTOR('',#7418,10.);
#1855=VECTOR('',#7419,10.);
#1856=VECTOR('',#7422,10.);
#1857=VECTOR('',#7423,10.);
#1858=VECTOR('',#7424,10.);
#1859=VECTOR('',#7427,10.);
#1860=VECTOR('',#7428,10.);
#1861=VECTOR('',#7429,10.);
#1862=VECTOR('',#7430,10.);
#1863=VECTOR('',#7433,10.);
#1864=VECTOR('',#7434,10.);
#1865=VECTOR('',#7435,10.);
#1866=VECTOR('',#7438,10.);
#1867=VECTOR('',#7439,10.);
#1868=VECTOR('',#7440,10.);
#1869=VECTOR('',#7443,10.);
#1870=VECTOR('',#7444,10.);
#1871=VECTOR('',#7445,10.);
#1872=VECTOR('',#7446,10.);
#1873=VECTOR('',#7449,10.);
#1874=VECTOR('',#7450,10.);
#1875=VECTOR('',#7451,10.);
#1876=VECTOR('',#7454,10.);
#1877=VECTOR('',#7455,10.);
#1878=VECTOR('',#7456,10.);
#1879=VECTOR('',#7459,10.);
#1880=VECTOR('',#7460,10.);
#1881=VECTOR('',#7461,10.);
#1882=VECTOR('',#7462,10.);
#1883=VECTOR('',#7465,10.);
#1884=VECTOR('',#7466,10.);
#1885=VECTOR('',#7467,10.);
#1886=VECTOR('',#7470,10.);
#1887=VECTOR('',#7471,10.);
#1888=VECTOR('',#7472,10.);
#1889=VECTOR('',#7475,10.);
#1890=VECTOR('',#7476,10.);
#1891=VECTOR('',#7477,10.);
#1892=VECTOR('',#7478,10.);
#1893=VECTOR('',#7481,10.);
#1894=VECTOR('',#7482,10.);
#1895=VECTOR('',#7483,10.);
#1896=VECTOR('',#7486,10.);
#1897=VECTOR('',#7487,10.);
#1898=VECTOR('',#7488,10.);
#1899=VECTOR('',#7491,10.);
#1900=VECTOR('',#7492,10.);
#1901=VECTOR('',#7493,10.);
#1902=VECTOR('',#7494,10.);
#1903=VECTOR('',#7497,10.);
#1904=VECTOR('',#7498,10.);
#1905=VECTOR('',#7499,10.);
#1906=VECTOR('',#7502,10.);
#1907=VECTOR('',#7503,10.);
#1908=VECTOR('',#7504,10.);
#1909=VECTOR('',#7507,10.);
#1910=VECTOR('',#7508,10.);
#1911=VECTOR('',#7509,10.);
#1912=VECTOR('',#7510,10.);
#1913=VECTOR('',#7513,10.);
#1914=VECTOR('',#7514,10.);
#1915=VECTOR('',#7515,10.);
#1916=VECTOR('',#7518,10.);
#1917=VECTOR('',#7519,10.);
#1918=VECTOR('',#7520,10.);
#1919=VECTOR('',#7523,10.);
#1920=VECTOR('',#7524,10.);
#1921=VECTOR('',#7525,10.);
#1922=VECTOR('',#7526,10.);
#1923=VECTOR('',#7529,10.);
#1924=VECTOR('',#7530,10.);
#1925=VECTOR('',#7531,10.);
#1926=VECTOR('',#7534,10.);
#1927=VECTOR('',#7535,10.);
#1928=VECTOR('',#7536,10.);
#1929=VECTOR('',#7539,10.);
#1930=VECTOR('',#7540,10.);
#1931=VECTOR('',#7541,10.);
#1932=VECTOR('',#7542,10.);
#1933=VECTOR('',#7545,10.);
#1934=VECTOR('',#7546,10.);
#1935=VECTOR('',#7547,10.);
#1936=VECTOR('',#7550,10.);
#1937=VECTOR('',#7551,10.);
#1938=VECTOR('',#7552,10.);
#1939=VECTOR('',#7555,10.);
#1940=VECTOR('',#7556,10.);
#1941=VECTOR('',#7557,10.);
#1942=VECTOR('',#7558,10.);
#1943=VECTOR('',#7561,10.);
#1944=VECTOR('',#7562,10.);
#1945=VECTOR('',#7563,10.);
#1946=VECTOR('',#7566,10.);
#1947=VECTOR('',#7567,10.);
#1948=VECTOR('',#7568,10.);
#1949=VECTOR('',#7571,10.);
#1950=VECTOR('',#7572,10.);
#1951=VECTOR('',#7573,10.);
#1952=VECTOR('',#7574,10.);
#1953=VECTOR('',#7577,10.);
#1954=VECTOR('',#7578,10.);
#1955=VECTOR('',#7579,10.);
#1956=VECTOR('',#7582,10.);
#1957=VECTOR('',#7583,10.);
#1958=VECTOR('',#7584,10.);
#1959=VECTOR('',#7587,10.);
#1960=VECTOR('',#7588,10.);
#1961=VECTOR('',#7589,10.);
#1962=VECTOR('',#7590,10.);
#1963=VECTOR('',#7593,10.);
#1964=VECTOR('',#7594,10.);
#1965=VECTOR('',#7595,10.);
#1966=VECTOR('',#7598,10.);
#1967=VECTOR('',#7599,10.);
#1968=VECTOR('',#7600,10.);
#1969=VECTOR('',#7603,10.);
#1970=VECTOR('',#7604,10.);
#1971=VECTOR('',#7605,10.);
#1972=VECTOR('',#7606,10.);
#1973=VECTOR('',#7609,10.);
#1974=VECTOR('',#7610,10.);
#1975=VECTOR('',#7611,10.);
#1976=VECTOR('',#7614,10.);
#1977=VECTOR('',#7615,10.);
#1978=VECTOR('',#7616,10.);
#1979=VECTOR('',#7619,10.);
#1980=VECTOR('',#7620,10.);
#1981=VECTOR('',#7621,10.);
#1982=VECTOR('',#7622,10.);
#1983=VECTOR('',#7625,10.);
#1984=VECTOR('',#7626,10.);
#1985=VECTOR('',#7627,10.);
#1986=VECTOR('',#7630,10.);
#1987=VECTOR('',#7631,10.);
#1988=VECTOR('',#7632,10.);
#1989=VECTOR('',#7635,10.);
#1990=VECTOR('',#7636,10.);
#1991=VECTOR('',#7637,10.);
#1992=VECTOR('',#7638,10.);
#1993=VECTOR('',#7641,10.);
#1994=VECTOR('',#7642,10.);
#1995=VECTOR('',#7643,10.);
#1996=VECTOR('',#7646,10.);
#1997=VECTOR('',#7647,10.);
#1998=VECTOR('',#7648,10.);
#1999=VECTOR('',#7651,10.);
#2000=VECTOR('',#7652,10.);
#2001=VECTOR('',#7653,10.);
#2002=VECTOR('',#7654,10.);
#2003=VECTOR('',#7657,10.);
#2004=VECTOR('',#7658,10.);
#2005=VECTOR('',#7659,10.);
#2006=VECTOR('',#7662,10.);
#2007=VECTOR('',#7663,10.);
#2008=VECTOR('',#7664,10.);
#2009=VECTOR('',#7667,10.);
#2010=VECTOR('',#7668,10.);
#2011=VECTOR('',#7669,10.);
#2012=VECTOR('',#7670,10.);
#2013=VECTOR('',#7673,10.);
#2014=VECTOR('',#7674,10.);
#2015=VECTOR('',#7675,10.);
#2016=VECTOR('',#7678,10.);
#2017=VECTOR('',#7679,10.);
#2018=VECTOR('',#7680,10.);
#2019=VECTOR('',#7683,10.);
#2020=VECTOR('',#7684,10.);
#2021=VECTOR('',#7685,10.);
#2022=VECTOR('',#7686,10.);
#2023=VECTOR('',#7689,10.);
#2024=VECTOR('',#7690,10.);
#2025=VECTOR('',#7691,10.);
#2026=VECTOR('',#7694,10.);
#2027=VECTOR('',#7695,10.);
#2028=VECTOR('',#7696,10.);
#2029=VECTOR('',#7699,10.);
#2030=VECTOR('',#7700,10.);
#2031=VECTOR('',#7701,10.);
#2032=VECTOR('',#7702,10.);
#2033=VECTOR('',#7705,10.);
#2034=VECTOR('',#7706,10.);
#2035=VECTOR('',#7707,10.);
#2036=VECTOR('',#7710,10.);
#2037=VECTOR('',#7711,10.);
#2038=VECTOR('',#7712,10.);
#2039=VECTOR('',#7715,10.);
#2040=VECTOR('',#7716,10.);
#2041=VECTOR('',#7717,10.);
#2042=VECTOR('',#7718,10.);
#2043=VECTOR('',#7721,10.);
#2044=VECTOR('',#7722,10.);
#2045=VECTOR('',#7723,10.);
#2046=VECTOR('',#7726,10.);
#2047=VECTOR('',#7727,10.);
#2048=VECTOR('',#7728,10.);
#2049=VECTOR('',#7731,10.);
#2050=VECTOR('',#7732,10.);
#2051=VECTOR('',#7733,10.);
#2052=VECTOR('',#7734,10.);
#2053=VECTOR('',#7737,10.);
#2054=VECTOR('',#7738,10.);
#2055=VECTOR('',#7739,10.);
#2056=VECTOR('',#7742,10.);
#2057=VECTOR('',#7743,10.);
#2058=VECTOR('',#7744,10.);
#2059=VECTOR('',#7747,10.);
#2060=VECTOR('',#7748,10.);
#2061=VECTOR('',#7749,10.);
#2062=VECTOR('',#7750,10.);
#2063=VECTOR('',#7753,10.);
#2064=VECTOR('',#7754,10.);
#2065=VECTOR('',#7755,10.);
#2066=VECTOR('',#7758,10.);
#2067=VECTOR('',#7759,10.);
#2068=VECTOR('',#7760,10.);
#2069=VECTOR('',#7763,10.);
#2070=VECTOR('',#7764,10.);
#2071=VECTOR('',#7765,10.);
#2072=VECTOR('',#7766,10.);
#2073=VECTOR('',#7769,10.);
#2074=VECTOR('',#7770,10.);
#2075=VECTOR('',#7771,10.);
#2076=VECTOR('',#7774,10.);
#2077=VECTOR('',#7775,10.);
#2078=VECTOR('',#7776,10.);
#2079=VECTOR('',#7779,10.);
#2080=VECTOR('',#7780,10.);
#2081=VECTOR('',#7781,10.);
#2082=VECTOR('',#7782,10.);
#2083=VECTOR('',#7785,10.);
#2084=VECTOR('',#7786,10.);
#2085=VECTOR('',#7787,10.);
#2086=VECTOR('',#7790,10.);
#2087=VECTOR('',#7791,10.);
#2088=VECTOR('',#7792,10.);
#2089=VECTOR('',#7795,10.);
#2090=VECTOR('',#7796,10.);
#2091=VECTOR('',#7797,10.);
#2092=VECTOR('',#7798,10.);
#2093=VECTOR('',#7801,10.);
#2094=VECTOR('',#7802,10.);
#2095=VECTOR('',#7803,10.);
#2096=VECTOR('',#7806,10.);
#2097=VECTOR('',#7807,10.);
#2098=VECTOR('',#7808,10.);
#2099=VECTOR('',#7811,10.);
#2100=VECTOR('',#7812,10.);
#2101=VECTOR('',#7813,10.);
#2102=VECTOR('',#7814,10.);
#2103=VECTOR('',#7817,10.);
#2104=VECTOR('',#7818,10.);
#2105=VECTOR('',#7819,10.);
#2106=VECTOR('',#7822,10.);
#2107=VECTOR('',#7823,10.);
#2108=VECTOR('',#7824,10.);
#2109=VECTOR('',#7827,10.);
#2110=VECTOR('',#7828,10.);
#2111=VECTOR('',#7829,10.);
#2112=VECTOR('',#7830,10.);
#2113=VECTOR('',#7833,10.);
#2114=VECTOR('',#7834,10.);
#2115=VECTOR('',#7835,10.);
#2116=VECTOR('',#7838,10.);
#2117=VECTOR('',#7839,10.);
#2118=VECTOR('',#7840,10.);
#2119=VECTOR('',#7843,10.);
#2120=VECTOR('',#7844,10.);
#2121=VECTOR('',#7845,10.);
#2122=VECTOR('',#7846,10.);
#2123=VECTOR('',#7849,10.);
#2124=VECTOR('',#7850,10.);
#2125=VECTOR('',#7851,10.);
#2126=VECTOR('',#7854,10.);
#2127=VECTOR('',#7855,10.);
#2128=VECTOR('',#7856,10.);
#2129=VECTOR('',#7859,10.);
#2130=VECTOR('',#7860,10.);
#2131=VECTOR('',#7861,10.);
#2132=VECTOR('',#7862,10.);
#2133=VECTOR('',#7865,10.);
#2134=VECTOR('',#7866,10.);
#2135=VECTOR('',#7867,10.);
#2136=VECTOR('',#7870,10.);
#2137=VECTOR('',#7871,10.);
#2138=VECTOR('',#7872,10.);
#2139=VECTOR('',#7875,10.);
#2140=VECTOR('',#7876,10.);
#2141=VECTOR('',#7877,10.);
#2142=VECTOR('',#7878,10.);
#2143=VECTOR('',#7881,10.);
#2144=VECTOR('',#7882,10.);
#2145=VECTOR('',#7883,10.);
#2146=VECTOR('',#7886,10.);
#2147=VECTOR('',#7887,10.);
#2148=VECTOR('',#7888,10.);
#2149=VECTOR('',#7891,10.);
#2150=VECTOR('',#7892,10.);
#2151=VECTOR('',#7893,10.);
#2152=VECTOR('',#7894,10.);
#2153=VECTOR('',#7897,10.);
#2154=VECTOR('',#7898,10.);
#2155=VECTOR('',#7899,10.);
#2156=VECTOR('',#7902,10.);
#2157=VECTOR('',#7903,10.);
#2158=VECTOR('',#7904,10.);
#2159=VECTOR('',#7907,10.);
#2160=VECTOR('',#7908,10.);
#2161=VECTOR('',#7909,10.);
#2162=VECTOR('',#7910,10.);
#2163=VECTOR('',#7913,10.);
#2164=VECTOR('',#7914,10.);
#2165=VECTOR('',#7915,10.);
#2166=VECTOR('',#7918,10.);
#2167=VECTOR('',#7919,10.);
#2168=VECTOR('',#7920,10.);
#2169=VECTOR('',#7923,10.);
#2170=VECTOR('',#7924,10.);
#2171=VECTOR('',#7925,10.);
#2172=VECTOR('',#7926,10.);
#2173=VECTOR('',#7929,10.);
#2174=VECTOR('',#7930,10.);
#2175=VECTOR('',#7931,10.);
#2176=VECTOR('',#7934,10.);
#2177=VECTOR('',#7935,10.);
#2178=VECTOR('',#7936,10.);
#2179=VECTOR('',#7939,10.);
#2180=VECTOR('',#7940,10.);
#2181=VECTOR('',#7941,10.);
#2182=VECTOR('',#7942,10.);
#2183=VECTOR('',#7945,10.);
#2184=VECTOR('',#7946,10.);
#2185=VECTOR('',#7947,10.);
#2186=VECTOR('',#7950,10.);
#2187=VECTOR('',#7951,10.);
#2188=VECTOR('',#7952,10.);
#2189=VECTOR('',#7955,10.);
#2190=VECTOR('',#7956,10.);
#2191=VECTOR('',#7957,10.);
#2192=VECTOR('',#7958,10.);
#2193=VECTOR('',#7961,10.);
#2194=VECTOR('',#7962,10.);
#2195=VECTOR('',#7963,10.);
#2196=VECTOR('',#7966,10.);
#2197=VECTOR('',#7967,10.);
#2198=VECTOR('',#7968,10.);
#2199=VECTOR('',#7971,10.);
#2200=VECTOR('',#7972,10.);
#2201=VECTOR('',#7973,10.);
#2202=VECTOR('',#7974,10.);
#2203=VECTOR('',#7975,10.);
#2204=VECTOR('',#7976,10.);
#2205=VECTOR('',#7977,10.);
#2206=VECTOR('',#7978,10.);
#2207=VECTOR('',#7979,10.);
#2208=VECTOR('',#7980,10.);
#2209=VECTOR('',#7981,10.);
#2210=VECTOR('',#7982,10.);
#2211=VECTOR('',#7983,10.);
#2212=VECTOR('',#7984,10.);
#2213=VECTOR('',#7985,10.);
#2214=VECTOR('',#7986,10.);
#2215=VECTOR('',#7987,10.);
#2216=VECTOR('',#7988,10.);
#2217=VECTOR('',#7989,10.);
#2218=VECTOR('',#7990,10.);
#2219=VECTOR('',#7991,10.);
#2220=VECTOR('',#7992,10.);
#2221=VECTOR('',#7993,10.);
#2222=VECTOR('',#7994,10.);
#2223=VECTOR('',#7995,10.);
#2224=VECTOR('',#7996,10.);
#2225=VECTOR('',#7997,10.);
#2226=VECTOR('',#7998,10.);
#2227=VECTOR('',#7999,10.);
#2228=VECTOR('',#8000,10.);
#2229=VECTOR('',#8001,10.);
#2230=VECTOR('',#8002,10.);
#2231=VECTOR('',#8003,10.);
#2232=VECTOR('',#8004,10.);
#2233=VECTOR('',#8005,10.);
#2234=VECTOR('',#8006,10.);
#2235=VECTOR('',#8007,10.);
#2236=VECTOR('',#8008,10.);
#2237=VECTOR('',#8009,10.);
#2238=VECTOR('',#8010,10.);
#2239=VECTOR('',#8011,10.);
#2240=VECTOR('',#8012,10.);
#2241=VECTOR('',#8013,10.);
#2242=VECTOR('',#8014,10.);
#2243=VECTOR('',#8017,10.);
#2244=VECTOR('',#8018,10.);
#2245=VECTOR('',#8019,10.);
#2246=VECTOR('',#8020,10.);
#2247=VECTOR('',#8021,10.);
#2248=VECTOR('',#8024,10.);
#2249=VECTOR('',#8025,10.);
#2250=VECTOR('',#8026,10.);
#2251=VECTOR('',#8027,10.);
#2252=VECTOR('',#8028,10.);
#2253=VECTOR('',#8031,10.);
#2254=VECTOR('',#8032,10.);
#2255=VECTOR('',#8033,10.);
#2256=VECTOR('',#8034,10.);
#2257=VECTOR('',#8035,10.);
#2258=VECTOR('',#8038,10.);
#2259=VECTOR('',#8039,10.);
#2260=VECTOR('',#8040,10.);
#2261=VECTOR('',#8041,10.);
#2262=VECTOR('',#8042,10.);
#2263=VECTOR('',#8045,10.);
#2264=VECTOR('',#8046,10.);
#2265=VECTOR('',#8047,10.);
#2266=VECTOR('',#8048,10.);
#2267=VECTOR('',#8049,10.);
#2268=VECTOR('',#8052,10.);
#2269=VECTOR('',#8053,10.);
#2270=VECTOR('',#8054,10.);
#2271=VECTOR('',#8055,10.);
#2272=VECTOR('',#8056,10.);
#2273=VECTOR('',#8059,10.);
#2274=VECTOR('',#8060,10.);
#2275=VECTOR('',#8061,10.);
#2276=VECTOR('',#8062,10.);
#2277=VECTOR('',#8063,10.);
#2278=VECTOR('',#8066,10.);
#2279=VECTOR('',#8067,10.);
#2280=VECTOR('',#8068,10.);
#2281=VECTOR('',#8069,10.);
#2282=VECTOR('',#8070,10.);
#2283=VECTOR('',#8073,10.);
#2284=VECTOR('',#8074,10.);
#2285=VECTOR('',#8075,10.);
#2286=VECTOR('',#8076,10.);
#2287=VECTOR('',#8077,10.);
#2288=VECTOR('',#8080,10.);
#2289=VECTOR('',#8081,10.);
#2290=VECTOR('',#8082,10.);
#2291=VECTOR('',#8083,10.);
#2292=VECTOR('',#8084,10.);
#2293=VECTOR('',#8087,10.);
#2294=VECTOR('',#8088,10.);
#2295=VECTOR('',#8089,10.);
#2296=VECTOR('',#8090,10.);
#2297=VECTOR('',#8091,10.);
#2298=VECTOR('',#8094,10.);
#2299=VECTOR('',#8095,10.);
#2300=VECTOR('',#8096,10.);
#2301=VECTOR('',#8097,10.);
#2302=VECTOR('',#8098,10.);
#2303=VECTOR('',#8101,10.);
#2304=VECTOR('',#8102,10.);
#2305=VECTOR('',#8103,10.);
#2306=VECTOR('',#8104,10.);
#2307=VECTOR('',#8105,10.);
#2308=VECTOR('',#8108,10.);
#2309=VECTOR('',#8109,10.);
#2310=VECTOR('',#8110,10.);
#2311=VECTOR('',#8111,10.);
#2312=VECTOR('',#8112,10.);
#2313=VECTOR('',#8115,10.);
#2314=VECTOR('',#8116,10.);
#2315=VECTOR('',#8117,10.);
#2316=VECTOR('',#8118,10.);
#2317=VECTOR('',#8119,10.);
#2318=VECTOR('',#8122,10.);
#2319=VECTOR('',#8123,10.);
#2320=VECTOR('',#8124,10.);
#2321=VECTOR('',#8125,10.);
#2322=VECTOR('',#8126,10.);
#2323=VECTOR('',#8129,10.);
#2324=VECTOR('',#8130,10.);
#2325=VECTOR('',#8131,10.);
#2326=VECTOR('',#8132,10.);
#2327=VECTOR('',#8133,10.);
#2328=VECTOR('',#8136,10.);
#2329=VECTOR('',#8137,10.);
#2330=VECTOR('',#8138,10.);
#2331=VECTOR('',#8139,10.);
#2332=VECTOR('',#8140,10.);
#2333=VECTOR('',#8143,10.);
#2334=VECTOR('',#8144,10.);
#2335=VECTOR('',#8145,10.);
#2336=VECTOR('',#8146,10.);
#2337=VECTOR('',#8147,10.);
#2338=VECTOR('',#8150,10.);
#2339=VECTOR('',#8151,10.);
#2340=VECTOR('',#8152,10.);
#2341=VECTOR('',#8153,10.);
#2342=VECTOR('',#8154,10.);
#2343=VECTOR('',#8157,10.);
#2344=VECTOR('',#8158,10.);
#2345=VECTOR('',#8159,10.);
#2346=VECTOR('',#8160,10.);
#2347=VECTOR('',#8161,10.);
#2348=VECTOR('',#8164,10.);
#2349=VECTOR('',#8165,10.);
#2350=VECTOR('',#8166,10.);
#2351=VECTOR('',#8167,10.);
#2352=VECTOR('',#8168,10.);
#2353=VECTOR('',#8171,10.);
#2354=VECTOR('',#8172,10.);
#2355=VECTOR('',#8173,10.);
#2356=VECTOR('',#8174,10.);
#2357=VECTOR('',#8175,10.);
#2358=VECTOR('',#8178,10.);
#2359=VECTOR('',#8179,10.);
#2360=VECTOR('',#8180,10.);
#2361=VECTOR('',#8181,10.);
#2362=VECTOR('',#8182,10.);
#2363=VECTOR('',#8185,10.);
#2364=VECTOR('',#8186,10.);
#2365=VECTOR('',#8187,10.);
#2366=VECTOR('',#8188,10.);
#2367=VECTOR('',#8189,10.);
#2368=VECTOR('',#8192,10.);
#2369=VECTOR('',#8193,10.);
#2370=VECTOR('',#8194,10.);
#2371=VECTOR('',#8195,10.);
#2372=VECTOR('',#8196,10.);
#2373=VECTOR('',#8199,10.);
#2374=VECTOR('',#8200,10.);
#2375=VECTOR('',#8201,10.);
#2376=VECTOR('',#8202,10.);
#2377=VECTOR('',#8203,10.);
#2378=VECTOR('',#8206,10.);
#2379=VECTOR('',#8207,10.);
#2380=VECTOR('',#8208,10.);
#2381=VECTOR('',#8209,10.);
#2382=VECTOR('',#8210,10.);
#2383=VECTOR('',#8213,10.);
#2384=VECTOR('',#8214,10.);
#2385=VECTOR('',#8215,10.);
#2386=VECTOR('',#8216,10.);
#2387=VECTOR('',#8217,10.);
#2388=VECTOR('',#8220,10.);
#2389=VECTOR('',#8221,10.);
#2390=VECTOR('',#8222,10.);
#2391=VECTOR('',#8223,10.);
#2392=VECTOR('',#8224,10.);
#2393=VECTOR('',#8227,10.);
#2394=VECTOR('',#8228,10.);
#2395=VECTOR('',#8229,10.);
#2396=VECTOR('',#8230,10.);
#2397=VECTOR('',#8231,10.);
#2398=VECTOR('',#8234,10.);
#2399=VECTOR('',#8235,10.);
#2400=VECTOR('',#8236,10.);
#2401=VECTOR('',#8237,10.);
#2402=VECTOR('',#8238,10.);
#2403=VECTOR('',#8241,10.);
#2404=VECTOR('',#8242,10.);
#2405=VECTOR('',#8243,10.);
#2406=VECTOR('',#8244,10.);
#2407=VECTOR('',#8245,10.);
#2408=VECTOR('',#8248,10.);
#2409=VECTOR('',#8249,10.);
#2410=VECTOR('',#8250,10.);
#2411=VECTOR('',#8251,10.);
#2412=VECTOR('',#8252,10.);
#2413=VECTOR('',#8255,10.);
#2414=VECTOR('',#8256,10.);
#2415=VECTOR('',#8257,10.);
#2416=VECTOR('',#8258,10.);
#2417=VECTOR('',#8259,10.);
#2418=VECTOR('',#8262,10.);
#2419=VECTOR('',#8263,10.);
#2420=VECTOR('',#8264,10.);
#2421=VECTOR('',#8265,10.);
#2422=VECTOR('',#8266,10.);
#2423=VECTOR('',#8269,10.);
#2424=VECTOR('',#8270,10.);
#2425=VECTOR('',#8271,10.);
#2426=VECTOR('',#8272,10.);
#2427=VECTOR('',#8273,10.);
#2428=VECTOR('',#8276,10.);
#2429=VECTOR('',#8277,10.);
#2430=VECTOR('',#8278,10.);
#2431=VECTOR('',#8279,10.);
#2432=VECTOR('',#8280,10.);
#2433=VECTOR('',#8283,10.);
#2434=VECTOR('',#8284,10.);
#2435=VECTOR('',#8285,10.);
#2436=VECTOR('',#8286,10.);
#2437=VECTOR('',#8287,10.);
#2438=VECTOR('',#8290,10.);
#2439=VECTOR('',#8291,10.);
#2440=VECTOR('',#8292,10.);
#2441=VECTOR('',#8293,10.);
#2442=VECTOR('',#8294,10.);
#2443=VECTOR('',#8297,10.);
#2444=VECTOR('',#8298,10.);
#2445=VECTOR('',#8299,10.);
#2446=VECTOR('',#8302,10.);
#2447=VECTOR('',#8303,10.);
#2448=VECTOR('',#8306,10.);
#2449=VECTOR('',#8307,10.);
#2450=VECTOR('',#8310,10.);
#2451=VECTOR('',#8313,10.);
#2452=VECTOR('',#8314,10.);
#2453=VECTOR('',#8315,10.);
#2454=VECTOR('',#8318,10.);
#2455=VECTOR('',#8319,10.);
#2456=VECTOR('',#8322,10.);
#2457=VECTOR('',#8323,10.);
#2458=VECTOR('',#8326,10.);
#2459=VECTOR('',#8329,10.);
#2460=VECTOR('',#8330,10.);
#2461=VECTOR('',#8331,10.);
#2462=VECTOR('',#8334,10.);
#2463=VECTOR('',#8335,10.);
#2464=VECTOR('',#8338,10.);
#2465=VECTOR('',#8339,10.);
#2466=VECTOR('',#8342,10.);
#2467=VECTOR('',#8345,10.);
#2468=VECTOR('',#8346,10.);
#2469=VECTOR('',#8347,10.);
#2470=VECTOR('',#8350,10.);
#2471=VECTOR('',#8351,10.);
#2472=VECTOR('',#8354,10.);
#2473=VECTOR('',#8355,10.);
#2474=VECTOR('',#8358,10.);
#2475=VECTOR('',#8361,10.);
#2476=VECTOR('',#8362,10.);
#2477=VECTOR('',#8363,10.);
#2478=VECTOR('',#8366,10.);
#2479=VECTOR('',#8367,10.);
#2480=VECTOR('',#8370,10.);
#2481=VECTOR('',#8371,10.);
#2482=VECTOR('',#8374,10.);
#2483=VECTOR('',#8377,10.);
#2484=VECTOR('',#8378,10.);
#2485=VECTOR('',#8379,10.);
#2486=VECTOR('',#8382,10.);
#2487=VECTOR('',#8383,10.);
#2488=VECTOR('',#8386,10.);
#2489=VECTOR('',#8387,10.);
#2490=VECTOR('',#8390,10.);
#2491=VECTOR('',#8393,10.);
#2492=VECTOR('',#8394,10.);
#2493=VECTOR('',#8395,10.);
#2494=VECTOR('',#8398,10.);
#2495=VECTOR('',#8399,10.);
#2496=VECTOR('',#8402,10.);
#2497=VECTOR('',#8403,10.);
#2498=VECTOR('',#8406,10.);
#2499=VECTOR('',#8409,10.);
#2500=VECTOR('',#8410,10.);
#2501=VECTOR('',#8411,10.);
#2502=VECTOR('',#8414,10.);
#2503=VECTOR('',#8415,10.);
#2504=VECTOR('',#8418,10.);
#2505=VECTOR('',#8419,10.);
#2506=VECTOR('',#8422,10.);
#2507=VECTOR('',#8425,10.);
#2508=VECTOR('',#8426,10.);
#2509=VECTOR('',#8427,10.);
#2510=VECTOR('',#8430,10.);
#2511=VECTOR('',#8431,10.);
#2512=VECTOR('',#8434,10.);
#2513=VECTOR('',#8435,10.);
#2514=VECTOR('',#8438,10.);
#2515=VECTOR('',#8441,10.);
#2516=VECTOR('',#8442,10.);
#2517=VECTOR('',#8443,10.);
#2518=VECTOR('',#8446,10.);
#2519=VECTOR('',#8447,10.);
#2520=VECTOR('',#8450,10.);
#2521=VECTOR('',#8451,10.);
#2522=VECTOR('',#8454,10.);
#2523=VECTOR('',#8457,10.);
#2524=VECTOR('',#8458,10.);
#2525=VECTOR('',#8459,10.);
#2526=VECTOR('',#8462,10.);
#2527=VECTOR('',#8463,10.);
#2528=VECTOR('',#8466,10.);
#2529=VECTOR('',#8467,10.);
#2530=VECTOR('',#8470,10.);
#2531=VECTOR('',#8473,10.);
#2532=VECTOR('',#8474,10.);
#2533=VECTOR('',#8475,10.);
#2534=VECTOR('',#8478,10.);
#2535=VECTOR('',#8479,10.);
#2536=VECTOR('',#8482,10.);
#2537=VECTOR('',#8483,10.);
#2538=VECTOR('',#8486,10.);
#2539=VECTOR('',#8489,10.);
#2540=VECTOR('',#8490,10.);
#2541=VECTOR('',#8491,10.);
#2542=VECTOR('',#8494,10.);
#2543=VECTOR('',#8495,10.);
#2544=VECTOR('',#8498,10.);
#2545=VECTOR('',#8499,10.);
#2546=VECTOR('',#8502,10.);
#2547=VECTOR('',#8505,10.);
#2548=VECTOR('',#8506,10.);
#2549=VECTOR('',#8507,10.);
#2550=VECTOR('',#8510,10.);
#2551=VECTOR('',#8511,10.);
#2552=VECTOR('',#8514,10.);
#2553=VECTOR('',#8515,10.);
#2554=VECTOR('',#8518,10.);
#2555=VECTOR('',#8521,10.);
#2556=VECTOR('',#8522,10.);
#2557=VECTOR('',#8523,10.);
#2558=VECTOR('',#8526,10.);
#2559=VECTOR('',#8527,10.);
#2560=VECTOR('',#8530,10.);
#2561=VECTOR('',#8531,10.);
#2562=VECTOR('',#8534,10.);
#2563=VECTOR('',#8537,10.);
#2564=VECTOR('',#8538,10.);
#2565=VECTOR('',#8539,10.);
#2566=VECTOR('',#8542,10.);
#2567=VECTOR('',#8543,10.);
#2568=VECTOR('',#8546,10.);
#2569=VECTOR('',#8547,10.);
#2570=VECTOR('',#8550,10.);
#2571=VECTOR('',#8553,10.);
#2572=VECTOR('',#8554,10.);
#2573=VECTOR('',#8555,10.);
#2574=VECTOR('',#8558,10.);
#2575=VECTOR('',#8559,10.);
#2576=VECTOR('',#8562,10.);
#2577=VECTOR('',#8563,10.);
#2578=VECTOR('',#8566,10.);
#2579=VECTOR('',#8569,10.);
#2580=VECTOR('',#8570,10.);
#2581=VECTOR('',#8571,10.);
#2582=VECTOR('',#8574,10.);
#2583=VECTOR('',#8575,10.);
#2584=VECTOR('',#8578,10.);
#2585=VECTOR('',#8579,10.);
#2586=VECTOR('',#8582,10.);
#2587=VECTOR('',#8585,10.);
#2588=VECTOR('',#8586,10.);
#2589=VECTOR('',#8587,10.);
#2590=VECTOR('',#8590,10.);
#2591=VECTOR('',#8591,10.);
#2592=VECTOR('',#8594,10.);
#2593=VECTOR('',#8595,10.);
#2594=VECTOR('',#8598,10.);
#2595=VECTOR('',#8601,10.);
#2596=VECTOR('',#8602,10.);
#2597=VECTOR('',#8603,10.);
#2598=VECTOR('',#8606,10.);
#2599=VECTOR('',#8607,10.);
#2600=VECTOR('',#8610,10.);
#2601=VECTOR('',#8611,10.);
#2602=VECTOR('',#8614,10.);
#2603=VECTOR('',#8617,10.);
#2604=VECTOR('',#8618,10.);
#2605=VECTOR('',#8619,10.);
#2606=VECTOR('',#8622,10.);
#2607=VECTOR('',#8623,10.);
#2608=VECTOR('',#8626,10.);
#2609=VECTOR('',#8627,10.);
#2610=VECTOR('',#8630,10.);
#2611=VECTOR('',#8633,10.);
#2612=VECTOR('',#8634,10.);
#2613=VECTOR('',#8635,10.);
#2614=VECTOR('',#8638,10.);
#2615=VECTOR('',#8639,10.);
#2616=VECTOR('',#8642,10.);
#2617=VECTOR('',#8643,10.);
#2618=VECTOR('',#8646,10.);
#2619=VECTOR('',#8649,10.);
#2620=VECTOR('',#8650,10.);
#2621=VECTOR('',#8651,10.);
#2622=VECTOR('',#8654,10.);
#2623=VECTOR('',#8655,10.);
#2624=VECTOR('',#8658,10.);
#2625=VECTOR('',#8659,10.);
#2626=VECTOR('',#8662,10.);
#2627=VECTOR('',#8665,10.);
#2628=VECTOR('',#8666,10.);
#2629=VECTOR('',#8667,10.);
#2630=VECTOR('',#8670,10.);
#2631=VECTOR('',#8671,10.);
#2632=VECTOR('',#8674,10.);
#2633=VECTOR('',#8675,10.);
#2634=VECTOR('',#8678,10.);
#2635=VECTOR('',#8681,10.);
#2636=VECTOR('',#8682,10.);
#2637=VECTOR('',#8683,10.);
#2638=VECTOR('',#8686,10.);
#2639=VECTOR('',#8687,10.);
#2640=VECTOR('',#8690,10.);
#2641=VECTOR('',#8691,10.);
#2642=VECTOR('',#8694,10.);
#2643=VECTOR('',#8697,10.);
#2644=VECTOR('',#8698,10.);
#2645=VECTOR('',#8699,10.);
#2646=VECTOR('',#8702,10.);
#2647=VECTOR('',#8703,10.);
#2648=VECTOR('',#8706,10.);
#2649=VECTOR('',#8707,10.);
#2650=VECTOR('',#8710,10.);
#2651=VECTOR('',#8713,10.);
#2652=VECTOR('',#8714,10.);
#2653=VECTOR('',#8715,10.);
#2654=VECTOR('',#8718,10.);
#2655=VECTOR('',#8719,10.);
#2656=VECTOR('',#8722,10.);
#2657=VECTOR('',#8723,10.);
#2658=VECTOR('',#8726,10.);
#2659=VECTOR('',#8729,10.);
#2660=VECTOR('',#8730,10.);
#2661=VECTOR('',#8731,10.);
#2662=VECTOR('',#8734,10.);
#2663=VECTOR('',#8735,10.);
#2664=VECTOR('',#8738,10.);
#2665=VECTOR('',#8739,10.);
#2666=VECTOR('',#8742,10.);
#2667=VECTOR('',#8745,10.);
#2668=VECTOR('',#8746,10.);
#2669=VECTOR('',#8747,10.);
#2670=VECTOR('',#8750,10.);
#2671=VECTOR('',#8751,10.);
#2672=VECTOR('',#8754,10.);
#2673=VECTOR('',#8755,10.);
#2674=VECTOR('',#8758,10.);
#2675=VECTOR('',#8761,10.);
#2676=VECTOR('',#8762,10.);
#2677=VECTOR('',#8763,10.);
#2678=VECTOR('',#8766,10.);
#2679=VECTOR('',#8767,10.);
#2680=VECTOR('',#8770,10.);
#2681=VECTOR('',#8771,10.);
#2682=VECTOR('',#8774,10.);
#2683=VECTOR('',#8777,10.);
#2684=VECTOR('',#8778,10.);
#2685=VECTOR('',#8779,10.);
#2686=VECTOR('',#8782,10.);
#2687=VECTOR('',#8783,10.);
#2688=VECTOR('',#8786,10.);
#2689=VECTOR('',#8787,10.);
#2690=VECTOR('',#8790,10.);
#2691=VECTOR('',#8793,10.);
#2692=VECTOR('',#8794,10.);
#2693=VECTOR('',#8795,10.);
#2694=VECTOR('',#8798,10.);
#2695=VECTOR('',#8799,10.);
#2696=VECTOR('',#8802,10.);
#2697=VECTOR('',#8803,10.);
#2698=VECTOR('',#8806,10.);
#2699=VECTOR('',#8809,10.);
#2700=VECTOR('',#8810,10.);
#2701=VECTOR('',#8811,10.);
#2702=VECTOR('',#8814,10.);
#2703=VECTOR('',#8815,10.);
#2704=VECTOR('',#8818,10.);
#2705=VECTOR('',#8819,10.);
#2706=VECTOR('',#8822,10.);
#2707=VECTOR('',#8825,10.);
#2708=VECTOR('',#8826,10.);
#2709=VECTOR('',#8827,10.);
#2710=VECTOR('',#8830,10.);
#2711=VECTOR('',#8831,10.);
#2712=VECTOR('',#8834,10.);
#2713=VECTOR('',#8835,10.);
#2714=VECTOR('',#8838,10.);
#2715=VECTOR('',#8841,10.);
#2716=VECTOR('',#8842,10.);
#2717=VECTOR('',#8843,10.);
#2718=VECTOR('',#8846,10.);
#2719=VECTOR('',#8847,10.);
#2720=VECTOR('',#8850,10.);
#2721=VECTOR('',#8851,10.);
#2722=VECTOR('',#8854,10.);
#2723=VECTOR('',#8857,10.);
#2724=VECTOR('',#8858,10.);
#2725=VECTOR('',#8859,10.);
#2726=VECTOR('',#8862,10.);
#2727=VECTOR('',#8863,10.);
#2728=VECTOR('',#8866,10.);
#2729=VECTOR('',#8867,10.);
#2730=VECTOR('',#8870,10.);
#2731=VECTOR('',#8873,10.);
#2732=VECTOR('',#8874,10.);
#2733=VECTOR('',#8875,10.);
#2734=VECTOR('',#8878,10.);
#2735=VECTOR('',#8879,10.);
#2736=VECTOR('',#8882,10.);
#2737=VECTOR('',#8883,10.);
#2738=VECTOR('',#8886,10.);
#2739=VECTOR('',#8889,10.);
#2740=VECTOR('',#8890,10.);
#2741=VECTOR('',#8891,10.);
#2742=VECTOR('',#8894,10.);
#2743=VECTOR('',#8895,10.);
#2744=VECTOR('',#8898,10.);
#2745=VECTOR('',#8899,10.);
#2746=VECTOR('',#8902,10.);
#2747=VECTOR('',#8905,10.);
#2748=VECTOR('',#8906,10.);
#2749=VECTOR('',#8907,10.);
#2750=VECTOR('',#8910,10.);
#2751=VECTOR('',#8911,10.);
#2752=VECTOR('',#8914,10.);
#2753=VECTOR('',#8915,10.);
#2754=VECTOR('',#8918,10.);
#2755=VECTOR('',#8921,10.);
#2756=VECTOR('',#8922,10.);
#2757=VECTOR('',#8923,10.);
#2758=VECTOR('',#8926,10.);
#2759=VECTOR('',#8927,10.);
#2760=VECTOR('',#8930,10.);
#2761=VECTOR('',#8931,10.);
#2762=VECTOR('',#8934,10.);
#2763=VECTOR('',#8937,10.);
#2764=VECTOR('',#8938,10.);
#2765=VECTOR('',#8939,10.);
#2766=VECTOR('',#8942,10.);
#2767=VECTOR('',#8943,10.);
#2768=VECTOR('',#8946,10.);
#2769=VECTOR('',#8947,10.);
#2770=VECTOR('',#8950,10.);
#2771=VERTEX_POINT('',#8955);
#2772=VERTEX_POINT('',#8956);
#2773=VERTEX_POINT('',#8958);
#2774=VERTEX_POINT('',#8960);
#2775=VERTEX_POINT('',#8964);
#2776=VERTEX_POINT('',#8966);
#2777=VERTEX_POINT('',#8970);
#2778=VERTEX_POINT('',#8972);
#2779=VERTEX_POINT('',#8976);
#2780=VERTEX_POINT('',#8977);
#2781=VERTEX_POINT('',#8979);
#2782=VERTEX_POINT('',#8981);
#2783=VERTEX_POINT('',#8985);
#2784=VERTEX_POINT('',#8987);
#2785=VERTEX_POINT('',#8991);
#2786=VERTEX_POINT('',#8993);
#2787=VERTEX_POINT('',#8997);
#2788=VERTEX_POINT('',#8998);
#2789=VERTEX_POINT('',#9000);
#2790=VERTEX_POINT('',#9002);
#2791=VERTEX_POINT('',#9006);
#2792=VERTEX_POINT('',#9008);
#2793=VERTEX_POINT('',#9012);
#2794=VERTEX_POINT('',#9014);
#2795=VERTEX_POINT('',#9018);
#2796=VERTEX_POINT('',#9019);
#2797=VERTEX_POINT('',#9021);
#2798=VERTEX_POINT('',#9023);
#2799=VERTEX_POINT('',#9027);
#2800=VERTEX_POINT('',#9029);
#2801=VERTEX_POINT('',#9033);
#2802=VERTEX_POINT('',#9035);
#2803=VERTEX_POINT('',#9039);
#2804=VERTEX_POINT('',#9040);
#2805=VERTEX_POINT('',#9042);
#2806=VERTEX_POINT('',#9044);
#2807=VERTEX_POINT('',#9048);
#2808=VERTEX_POINT('',#9050);
#2809=VERTEX_POINT('',#9054);
#2810=VERTEX_POINT('',#9056);
#2811=VERTEX_POINT('',#9060);
#2812=VERTEX_POINT('',#9061);
#2813=VERTEX_POINT('',#9063);
#2814=VERTEX_POINT('',#9065);
#2815=VERTEX_POINT('',#9069);
#2816=VERTEX_POINT('',#9071);
#2817=VERTEX_POINT('',#9075);
#2818=VERTEX_POINT('',#9077);
#2819=VERTEX_POINT('',#9081);
#2820=VERTEX_POINT('',#9082);
#2821=VERTEX_POINT('',#9084);
#2822=VERTEX_POINT('',#9086);
#2823=VERTEX_POINT('',#9090);
#2824=VERTEX_POINT('',#9092);
#2825=VERTEX_POINT('',#9096);
#2826=VERTEX_POINT('',#9098);
#2827=VERTEX_POINT('',#9102);
#2828=VERTEX_POINT('',#9103);
#2829=VERTEX_POINT('',#9105);
#2830=VERTEX_POINT('',#9107);
#2831=VERTEX_POINT('',#9111);
#2832=VERTEX_POINT('',#9113);
#2833=VERTEX_POINT('',#9117);
#2834=VERTEX_POINT('',#9119);
#2835=VERTEX_POINT('',#9123);
#2836=VERTEX_POINT('',#9124);
#2837=VERTEX_POINT('',#9126);
#2838=VERTEX_POINT('',#9128);
#2839=VERTEX_POINT('',#9132);
#2840=VERTEX_POINT('',#9134);
#2841=VERTEX_POINT('',#9138);
#2842=VERTEX_POINT('',#9140);
#2843=VERTEX_POINT('',#9144);
#2844=VERTEX_POINT('',#9145);
#2845=VERTEX_POINT('',#9147);
#2846=VERTEX_POINT('',#9149);
#2847=VERTEX_POINT('',#9153);
#2848=VERTEX_POINT('',#9155);
#2849=VERTEX_POINT('',#9159);
#2850=VERTEX_POINT('',#9161);
#2851=VERTEX_POINT('',#9165);
#2852=VERTEX_POINT('',#9166);
#2853=VERTEX_POINT('',#9168);
#2854=VERTEX_POINT('',#9170);
#2855=VERTEX_POINT('',#9174);
#2856=VERTEX_POINT('',#9176);
#2857=VERTEX_POINT('',#9180);
#2858=VERTEX_POINT('',#9182);
#2859=VERTEX_POINT('',#9186);
#2860=VERTEX_POINT('',#9187);
#2861=VERTEX_POINT('',#9189);
#2862=VERTEX_POINT('',#9191);
#2863=VERTEX_POINT('',#9195);
#2864=VERTEX_POINT('',#9197);
#2865=VERTEX_POINT('',#9201);
#2866=VERTEX_POINT('',#9203);
#2867=VERTEX_POINT('',#9207);
#2868=VERTEX_POINT('',#9208);
#2869=VERTEX_POINT('',#9210);
#2870=VERTEX_POINT('',#9212);
#2871=VERTEX_POINT('',#9216);
#2872=VERTEX_POINT('',#9218);
#2873=VERTEX_POINT('',#9222);
#2874=VERTEX_POINT('',#9224);
#2875=VERTEX_POINT('',#9228);
#2876=VERTEX_POINT('',#9229);
#2877=VERTEX_POINT('',#9231);
#2878=VERTEX_POINT('',#9233);
#2879=VERTEX_POINT('',#9237);
#2880=VERTEX_POINT('',#9239);
#2881=VERTEX_POINT('',#9243);
#2882=VERTEX_POINT('',#9245);
#2883=VERTEX_POINT('',#9249);
#2884=VERTEX_POINT('',#9250);
#2885=VERTEX_POINT('',#9252);
#2886=VERTEX_POINT('',#9254);
#2887=VERTEX_POINT('',#9258);
#2888=VERTEX_POINT('',#9260);
#2889=VERTEX_POINT('',#9264);
#2890=VERTEX_POINT('',#9266);
#2891=VERTEX_POINT('',#9270);
#2892=VERTEX_POINT('',#9271);
#2893=VERTEX_POINT('',#9273);
#2894=VERTEX_POINT('',#9275);
#2895=VERTEX_POINT('',#9279);
#2896=VERTEX_POINT('',#9281);
#2897=VERTEX_POINT('',#9285);
#2898=VERTEX_POINT('',#9287);
#2899=VERTEX_POINT('',#9291);
#2900=VERTEX_POINT('',#9292);
#2901=VERTEX_POINT('',#9294);
#2902=VERTEX_POINT('',#9296);
#2903=VERTEX_POINT('',#9300);
#2904=VERTEX_POINT('',#9302);
#2905=VERTEX_POINT('',#9306);
#2906=VERTEX_POINT('',#9308);
#2907=VERTEX_POINT('',#9312);
#2908=VERTEX_POINT('',#9313);
#2909=VERTEX_POINT('',#9315);
#2910=VERTEX_POINT('',#9317);
#2911=VERTEX_POINT('',#9321);
#2912=VERTEX_POINT('',#9323);
#2913=VERTEX_POINT('',#9327);
#2914=VERTEX_POINT('',#9329);
#2915=VERTEX_POINT('',#9333);
#2916=VERTEX_POINT('',#9334);
#2917=VERTEX_POINT('',#9336);
#2918=VERTEX_POINT('',#9338);
#2919=VERTEX_POINT('',#9342);
#2920=VERTEX_POINT('',#9344);
#2921=VERTEX_POINT('',#9348);
#2922=VERTEX_POINT('',#9350);
#2923=VERTEX_POINT('',#9354);
#2924=VERTEX_POINT('',#9355);
#2925=VERTEX_POINT('',#9357);
#2926=VERTEX_POINT('',#9359);
#2927=VERTEX_POINT('',#9363);
#2928=VERTEX_POINT('',#9365);
#2929=VERTEX_POINT('',#9369);
#2930=VERTEX_POINT('',#9371);
#2931=VERTEX_POINT('',#9375);
#2932=VERTEX_POINT('',#9376);
#2933=VERTEX_POINT('',#9378);
#2934=VERTEX_POINT('',#9380);
#2935=VERTEX_POINT('',#9384);
#2936=VERTEX_POINT('',#9386);
#2937=VERTEX_POINT('',#9390);
#2938=VERTEX_POINT('',#9392);
#2939=VERTEX_POINT('',#9396);
#2940=VERTEX_POINT('',#9397);
#2941=VERTEX_POINT('',#9399);
#2942=VERTEX_POINT('',#9401);
#2943=VERTEX_POINT('',#9405);
#2944=VERTEX_POINT('',#9407);
#2945=VERTEX_POINT('',#9411);
#2946=VERTEX_POINT('',#9413);
#2947=VERTEX_POINT('',#9417);
#2948=VERTEX_POINT('',#9418);
#2949=VERTEX_POINT('',#9420);
#2950=VERTEX_POINT('',#9422);
#2951=VERTEX_POINT('',#9426);
#2952=VERTEX_POINT('',#9428);
#2953=VERTEX_POINT('',#9432);
#2954=VERTEX_POINT('',#9434);
#2955=VERTEX_POINT('',#9438);
#2956=VERTEX_POINT('',#9439);
#2957=VERTEX_POINT('',#9441);
#2958=VERTEX_POINT('',#9443);
#2959=VERTEX_POINT('',#9447);
#2960=VERTEX_POINT('',#9449);
#2961=VERTEX_POINT('',#9453);
#2962=VERTEX_POINT('',#9455);
#2963=VERTEX_POINT('',#9459);
#2964=VERTEX_POINT('',#9460);
#2965=VERTEX_POINT('',#9462);
#2966=VERTEX_POINT('',#9464);
#2967=VERTEX_POINT('',#9468);
#2968=VERTEX_POINT('',#9470);
#2969=VERTEX_POINT('',#9474);
#2970=VERTEX_POINT('',#9476);
#2971=VERTEX_POINT('',#9480);
#2972=VERTEX_POINT('',#9481);
#2973=VERTEX_POINT('',#9483);
#2974=VERTEX_POINT('',#9485);
#2975=VERTEX_POINT('',#9489);
#2976=VERTEX_POINT('',#9491);
#2977=VERTEX_POINT('',#9495);
#2978=VERTEX_POINT('',#9497);
#2979=VERTEX_POINT('',#9501);
#2980=VERTEX_POINT('',#9502);
#2981=VERTEX_POINT('',#9504);
#2982=VERTEX_POINT('',#9506);
#2983=VERTEX_POINT('',#9510);
#2984=VERTEX_POINT('',#9512);
#2985=VERTEX_POINT('',#9516);
#2986=VERTEX_POINT('',#9518);
#2987=VERTEX_POINT('',#9522);
#2988=VERTEX_POINT('',#9523);
#2989=VERTEX_POINT('',#9525);
#2990=VERTEX_POINT('',#9527);
#2991=VERTEX_POINT('',#9531);
#2992=VERTEX_POINT('',#9533);
#2993=VERTEX_POINT('',#9537);
#2994=VERTEX_POINT('',#9539);
#2995=VERTEX_POINT('',#9543);
#2996=VERTEX_POINT('',#9544);
#2997=VERTEX_POINT('',#9546);
#2998=VERTEX_POINT('',#9548);
#2999=VERTEX_POINT('',#9552);
#3000=VERTEX_POINT('',#9554);
#3001=VERTEX_POINT('',#9558);
#3002=VERTEX_POINT('',#9560);
#3003=VERTEX_POINT('',#9564);
#3004=VERTEX_POINT('',#9565);
#3005=VERTEX_POINT('',#9567);
#3006=VERTEX_POINT('',#9569);
#3007=VERTEX_POINT('',#9573);
#3008=VERTEX_POINT('',#9575);
#3009=VERTEX_POINT('',#9579);
#3010=VERTEX_POINT('',#9581);
#3011=VERTEX_POINT('',#9585);
#3012=VERTEX_POINT('',#9586);
#3013=VERTEX_POINT('',#9588);
#3014=VERTEX_POINT('',#9590);
#3015=VERTEX_POINT('',#9594);
#3016=VERTEX_POINT('',#9596);
#3017=VERTEX_POINT('',#9600);
#3018=VERTEX_POINT('',#9602);
#3019=VERTEX_POINT('',#9606);
#3020=VERTEX_POINT('',#9607);
#3021=VERTEX_POINT('',#9609);
#3022=VERTEX_POINT('',#9611);
#3023=VERTEX_POINT('',#9615);
#3024=VERTEX_POINT('',#9617);
#3025=VERTEX_POINT('',#9621);
#3026=VERTEX_POINT('',#9623);
#3027=VERTEX_POINT('',#9627);
#3028=VERTEX_POINT('',#9628);
#3029=VERTEX_POINT('',#9630);
#3030=VERTEX_POINT('',#9632);
#3031=VERTEX_POINT('',#9636);
#3032=VERTEX_POINT('',#9638);
#3033=VERTEX_POINT('',#9642);
#3034=VERTEX_POINT('',#9644);
#3035=VERTEX_POINT('',#9648);
#3036=VERTEX_POINT('',#9649);
#3037=VERTEX_POINT('',#9651);
#3038=VERTEX_POINT('',#9653);
#3039=VERTEX_POINT('',#9657);
#3040=VERTEX_POINT('',#9659);
#3041=VERTEX_POINT('',#9663);
#3042=VERTEX_POINT('',#9665);
#3043=VERTEX_POINT('',#9669);
#3044=VERTEX_POINT('',#9670);
#3045=VERTEX_POINT('',#9672);
#3046=VERTEX_POINT('',#9674);
#3047=VERTEX_POINT('',#9678);
#3048=VERTEX_POINT('',#9680);
#3049=VERTEX_POINT('',#9684);
#3050=VERTEX_POINT('',#9686);
#3051=VERTEX_POINT('',#9690);
#3052=VERTEX_POINT('',#9691);
#3053=VERTEX_POINT('',#9693);
#3054=VERTEX_POINT('',#9695);
#3055=VERTEX_POINT('',#9699);
#3056=VERTEX_POINT('',#9701);
#3057=VERTEX_POINT('',#9705);
#3058=VERTEX_POINT('',#9707);
#3059=VERTEX_POINT('',#9711);
#3060=VERTEX_POINT('',#9712);
#3061=VERTEX_POINT('',#9714);
#3062=VERTEX_POINT('',#9716);
#3063=VERTEX_POINT('',#9720);
#3064=VERTEX_POINT('',#9722);
#3065=VERTEX_POINT('',#9726);
#3066=VERTEX_POINT('',#9728);
#3067=VERTEX_POINT('',#9732);
#3068=VERTEX_POINT('',#9733);
#3069=VERTEX_POINT('',#9735);
#3070=VERTEX_POINT('',#9737);
#3071=VERTEX_POINT('',#9741);
#3072=VERTEX_POINT('',#9743);
#3073=VERTEX_POINT('',#9747);
#3074=VERTEX_POINT('',#9749);
#3075=VERTEX_POINT('',#9753);
#3076=VERTEX_POINT('',#9754);
#3077=VERTEX_POINT('',#9756);
#3078=VERTEX_POINT('',#9758);
#3079=VERTEX_POINT('',#9762);
#3080=VERTEX_POINT('',#9764);
#3081=VERTEX_POINT('',#9768);
#3082=VERTEX_POINT('',#9770);
#3083=VERTEX_POINT('',#9774);
#3084=VERTEX_POINT('',#9775);
#3085=VERTEX_POINT('',#9777);
#3086=VERTEX_POINT('',#9779);
#3087=VERTEX_POINT('',#9783);
#3088=VERTEX_POINT('',#9785);
#3089=VERTEX_POINT('',#9789);
#3090=VERTEX_POINT('',#9791);
#3091=VERTEX_POINT('',#9795);
#3092=VERTEX_POINT('',#9797);
#3093=VERTEX_POINT('',#9819);
#3094=VERTEX_POINT('',#9821);
#3095=VERTEX_POINT('',#9845);
#3096=VERTEX_POINT('',#9846);
#3097=VERTEX_POINT('',#9848);
#3098=VERTEX_POINT('',#9850);
#3099=VERTEX_POINT('',#9855);
#3100=VERTEX_POINT('',#9856);
#3101=VERTEX_POINT('',#9858);
#3102=VERTEX_POINT('',#9860);
#3103=VERTEX_POINT('',#9865);
#3104=VERTEX_POINT('',#9866);
#3105=VERTEX_POINT('',#9868);
#3106=VERTEX_POINT('',#9870);
#3107=VERTEX_POINT('',#9875);
#3108=VERTEX_POINT('',#9876);
#3109=VERTEX_POINT('',#9878);
#3110=VERTEX_POINT('',#9880);
#3111=VERTEX_POINT('',#9885);
#3112=VERTEX_POINT('',#9886);
#3113=VERTEX_POINT('',#9888);
#3114=VERTEX_POINT('',#9890);
#3115=VERTEX_POINT('',#9895);
#3116=VERTEX_POINT('',#9896);
#3117=VERTEX_POINT('',#9898);
#3118=VERTEX_POINT('',#9900);
#3119=VERTEX_POINT('',#9905);
#3120=VERTEX_POINT('',#9906);
#3121=VERTEX_POINT('',#9908);
#3122=VERTEX_POINT('',#9910);
#3123=VERTEX_POINT('',#9915);
#3124=VERTEX_POINT('',#9916);
#3125=VERTEX_POINT('',#9918);
#3126=VERTEX_POINT('',#9920);
#3127=VERTEX_POINT('',#9925);
#3128=VERTEX_POINT('',#9926);
#3129=VERTEX_POINT('',#9928);
#3130=VERTEX_POINT('',#9930);
#3131=VERTEX_POINT('',#9935);
#3132=VERTEX_POINT('',#9936);
#3133=VERTEX_POINT('',#9938);
#3134=VERTEX_POINT('',#9940);
#3135=VERTEX_POINT('',#9945);
#3136=VERTEX_POINT('',#9946);
#3137=VERTEX_POINT('',#9948);
#3138=VERTEX_POINT('',#9950);
#3139=VERTEX_POINT('',#9955);
#3140=VERTEX_POINT('',#9956);
#3141=VERTEX_POINT('',#9958);
#3142=VERTEX_POINT('',#9960);
#3143=VERTEX_POINT('',#9965);
#3144=VERTEX_POINT('',#9966);
#3145=VERTEX_POINT('',#9968);
#3146=VERTEX_POINT('',#9970);
#3147=VERTEX_POINT('',#9975);
#3148=VERTEX_POINT('',#9976);
#3149=VERTEX_POINT('',#9978);
#3150=VERTEX_POINT('',#9980);
#3151=VERTEX_POINT('',#9985);
#3152=VERTEX_POINT('',#9986);
#3153=VERTEX_POINT('',#9988);
#3154=VERTEX_POINT('',#9990);
#3155=VERTEX_POINT('',#9995);
#3156=VERTEX_POINT('',#9996);
#3157=VERTEX_POINT('',#9998);
#3158=VERTEX_POINT('',#10000);
#3159=VERTEX_POINT('',#10005);
#3160=VERTEX_POINT('',#10006);
#3161=VERTEX_POINT('',#10008);
#3162=VERTEX_POINT('',#10010);
#3163=VERTEX_POINT('',#10015);
#3164=VERTEX_POINT('',#10016);
#3165=VERTEX_POINT('',#10018);
#3166=VERTEX_POINT('',#10020);
#3167=VERTEX_POINT('',#10025);
#3168=VERTEX_POINT('',#10026);
#3169=VERTEX_POINT('',#10028);
#3170=VERTEX_POINT('',#10030);
#3171=VERTEX_POINT('',#10035);
#3172=VERTEX_POINT('',#10036);
#3173=VERTEX_POINT('',#10038);
#3174=VERTEX_POINT('',#10040);
#3175=VERTEX_POINT('',#10045);
#3176=VERTEX_POINT('',#10046);
#3177=VERTEX_POINT('',#10048);
#3178=VERTEX_POINT('',#10050);
#3179=VERTEX_POINT('',#10055);
#3180=VERTEX_POINT('',#10056);
#3181=VERTEX_POINT('',#10058);
#3182=VERTEX_POINT('',#10060);
#3183=VERTEX_POINT('',#10065);
#3184=VERTEX_POINT('',#10066);
#3185=VERTEX_POINT('',#10068);
#3186=VERTEX_POINT('',#10070);
#3187=VERTEX_POINT('',#10075);
#3188=VERTEX_POINT('',#10076);
#3189=VERTEX_POINT('',#10078);
#3190=VERTEX_POINT('',#10080);
#3191=VERTEX_POINT('',#10085);
#3192=VERTEX_POINT('',#10086);
#3193=VERTEX_POINT('',#10088);
#3194=VERTEX_POINT('',#10090);
#3195=VERTEX_POINT('',#10095);
#3196=VERTEX_POINT('',#10096);
#3197=VERTEX_POINT('',#10098);
#3198=VERTEX_POINT('',#10100);
#3199=VERTEX_POINT('',#10105);
#3200=VERTEX_POINT('',#10106);
#3201=VERTEX_POINT('',#10108);
#3202=VERTEX_POINT('',#10110);
#3203=VERTEX_POINT('',#10115);
#3204=VERTEX_POINT('',#10116);
#3205=VERTEX_POINT('',#10118);
#3206=VERTEX_POINT('',#10120);
#3207=VERTEX_POINT('',#10125);
#3208=VERTEX_POINT('',#10126);
#3209=VERTEX_POINT('',#10128);
#3210=VERTEX_POINT('',#10130);
#3211=VERTEX_POINT('',#10135);
#3212=VERTEX_POINT('',#10136);
#3213=VERTEX_POINT('',#10138);
#3214=VERTEX_POINT('',#10140);
#3215=VERTEX_POINT('',#10145);
#3216=VERTEX_POINT('',#10146);
#3217=VERTEX_POINT('',#10148);
#3218=VERTEX_POINT('',#10150);
#3219=VERTEX_POINT('',#10155);
#3220=VERTEX_POINT('',#10156);
#3221=VERTEX_POINT('',#10158);
#3222=VERTEX_POINT('',#10160);
#3223=VERTEX_POINT('',#10165);
#3224=VERTEX_POINT('',#10166);
#3225=VERTEX_POINT('',#10168);
#3226=VERTEX_POINT('',#10170);
#3227=VERTEX_POINT('',#10175);
#3228=VERTEX_POINT('',#10176);
#3229=VERTEX_POINT('',#10178);
#3230=VERTEX_POINT('',#10180);
#3231=VERTEX_POINT('',#10185);
#3232=VERTEX_POINT('',#10186);
#3233=VERTEX_POINT('',#10188);
#3234=VERTEX_POINT('',#10190);
#3235=VERTEX_POINT('',#10195);
#3236=VERTEX_POINT('',#10196);
#3237=VERTEX_POINT('',#10198);
#3238=VERTEX_POINT('',#10200);
#3239=VERTEX_POINT('',#10205);
#3240=VERTEX_POINT('',#10206);
#3241=VERTEX_POINT('',#10208);
#3242=VERTEX_POINT('',#10210);
#3243=VERTEX_POINT('',#10215);
#3244=VERTEX_POINT('',#10216);
#3245=VERTEX_POINT('',#10218);
#3246=VERTEX_POINT('',#10220);
#3247=VERTEX_POINT('',#10225);
#3248=VERTEX_POINT('',#10226);
#3249=VERTEX_POINT('',#10228);
#3250=VERTEX_POINT('',#10230);
#3251=VERTEX_POINT('',#10235);
#3252=VERTEX_POINT('',#10236);
#3253=VERTEX_POINT('',#10238);
#3254=VERTEX_POINT('',#10240);
#3255=VERTEX_POINT('',#10244);
#3256=VERTEX_POINT('',#10245);
#3257=VERTEX_POINT('',#10250);
#3258=VERTEX_POINT('',#10254);
#3259=VERTEX_POINT('',#10260);
#3260=VERTEX_POINT('',#10261);
#3261=VERTEX_POINT('',#10266);
#3262=VERTEX_POINT('',#10270);
#3263=VERTEX_POINT('',#10276);
#3264=VERTEX_POINT('',#10277);
#3265=VERTEX_POINT('',#10282);
#3266=VERTEX_POINT('',#10286);
#3267=VERTEX_POINT('',#10292);
#3268=VERTEX_POINT('',#10293);
#3269=VERTEX_POINT('',#10298);
#3270=VERTEX_POINT('',#10302);
#3271=VERTEX_POINT('',#10308);
#3272=VERTEX_POINT('',#10309);
#3273=VERTEX_POINT('',#10314);
#3274=VERTEX_POINT('',#10318);
#3275=VERTEX_POINT('',#10324);
#3276=VERTEX_POINT('',#10325);
#3277=VERTEX_POINT('',#10330);
#3278=VERTEX_POINT('',#10334);
#3279=VERTEX_POINT('',#10340);
#3280=VERTEX_POINT('',#10341);
#3281=VERTEX_POINT('',#10346);
#3282=VERTEX_POINT('',#10350);
#3283=VERTEX_POINT('',#10356);
#3284=VERTEX_POINT('',#10357);
#3285=VERTEX_POINT('',#10362);
#3286=VERTEX_POINT('',#10366);
#3287=VERTEX_POINT('',#10372);
#3288=VERTEX_POINT('',#10373);
#3289=VERTEX_POINT('',#10378);
#3290=VERTEX_POINT('',#10382);
#3291=VERTEX_POINT('',#10388);
#3292=VERTEX_POINT('',#10389);
#3293=VERTEX_POINT('',#10394);
#3294=VERTEX_POINT('',#10398);
#3295=VERTEX_POINT('',#10404);
#3296=VERTEX_POINT('',#10405);
#3297=VERTEX_POINT('',#10410);
#3298=VERTEX_POINT('',#10414);
#3299=VERTEX_POINT('',#10420);
#3300=VERTEX_POINT('',#10421);
#3301=VERTEX_POINT('',#10426);
#3302=VERTEX_POINT('',#10430);
#3303=VERTEX_POINT('',#10436);
#3304=VERTEX_POINT('',#10437);
#3305=VERTEX_POINT('',#10442);
#3306=VERTEX_POINT('',#10446);
#3307=VERTEX_POINT('',#10452);
#3308=VERTEX_POINT('',#10453);
#3309=VERTEX_POINT('',#10458);
#3310=VERTEX_POINT('',#10462);
#3311=VERTEX_POINT('',#10468);
#3312=VERTEX_POINT('',#10469);
#3313=VERTEX_POINT('',#10474);
#3314=VERTEX_POINT('',#10478);
#3315=VERTEX_POINT('',#10484);
#3316=VERTEX_POINT('',#10485);
#3317=VERTEX_POINT('',#10490);
#3318=VERTEX_POINT('',#10494);
#3319=VERTEX_POINT('',#10500);
#3320=VERTEX_POINT('',#10501);
#3321=VERTEX_POINT('',#10506);
#3322=VERTEX_POINT('',#10510);
#3323=VERTEX_POINT('',#10516);
#3324=VERTEX_POINT('',#10517);
#3325=VERTEX_POINT('',#10522);
#3326=VERTEX_POINT('',#10526);
#3327=VERTEX_POINT('',#10532);
#3328=VERTEX_POINT('',#10533);
#3329=VERTEX_POINT('',#10538);
#3330=VERTEX_POINT('',#10542);
#3331=VERTEX_POINT('',#10548);
#3332=VERTEX_POINT('',#10549);
#3333=VERTEX_POINT('',#10554);
#3334=VERTEX_POINT('',#10558);
#3335=VERTEX_POINT('',#10564);
#3336=VERTEX_POINT('',#10565);
#3337=VERTEX_POINT('',#10570);
#3338=VERTEX_POINT('',#10574);
#3339=VERTEX_POINT('',#10580);
#3340=VERTEX_POINT('',#10581);
#3341=VERTEX_POINT('',#10586);
#3342=VERTEX_POINT('',#10590);
#3343=VERTEX_POINT('',#10596);
#3344=VERTEX_POINT('',#10597);
#3345=VERTEX_POINT('',#10602);
#3346=VERTEX_POINT('',#10606);
#3347=VERTEX_POINT('',#10612);
#3348=VERTEX_POINT('',#10613);
#3349=VERTEX_POINT('',#10618);
#3350=VERTEX_POINT('',#10622);
#3351=VERTEX_POINT('',#10628);
#3352=VERTEX_POINT('',#10629);
#3353=VERTEX_POINT('',#10634);
#3354=VERTEX_POINT('',#10638);
#3355=VERTEX_POINT('',#10644);
#3356=VERTEX_POINT('',#10645);
#3357=VERTEX_POINT('',#10650);
#3358=VERTEX_POINT('',#10654);
#3359=VERTEX_POINT('',#10660);
#3360=VERTEX_POINT('',#10661);
#3361=VERTEX_POINT('',#10666);
#3362=VERTEX_POINT('',#10670);
#3363=VERTEX_POINT('',#10676);
#3364=VERTEX_POINT('',#10677);
#3365=VERTEX_POINT('',#10682);
#3366=VERTEX_POINT('',#10686);
#3367=VERTEX_POINT('',#10692);
#3368=VERTEX_POINT('',#10693);
#3369=VERTEX_POINT('',#10698);
#3370=VERTEX_POINT('',#10702);
#3371=VERTEX_POINT('',#10708);
#3372=VERTEX_POINT('',#10709);
#3373=VERTEX_POINT('',#10714);
#3374=VERTEX_POINT('',#10718);
#3375=VERTEX_POINT('',#10724);
#3376=VERTEX_POINT('',#10725);
#3377=VERTEX_POINT('',#10730);
#3378=VERTEX_POINT('',#10734);
#3379=VERTEX_POINT('',#10740);
#3380=VERTEX_POINT('',#10741);
#3381=VERTEX_POINT('',#10746);
#3382=VERTEX_POINT('',#10750);
#3383=VERTEX_POINT('',#10756);
#3384=VERTEX_POINT('',#10757);
#3385=VERTEX_POINT('',#10762);
#3386=VERTEX_POINT('',#10766);
#3387=VERTEX_POINT('',#10772);
#3388=VERTEX_POINT('',#10773);
#3389=VERTEX_POINT('',#10778);
#3390=VERTEX_POINT('',#10782);
#3391=VERTEX_POINT('',#10788);
#3392=VERTEX_POINT('',#10789);
#3393=VERTEX_POINT('',#10794);
#3394=VERTEX_POINT('',#10798);
#3395=VERTEX_POINT('',#10804);
#3396=VERTEX_POINT('',#10805);
#3397=VERTEX_POINT('',#10810);
#3398=VERTEX_POINT('',#10814);
#3399=VERTEX_POINT('',#10820);
#3400=VERTEX_POINT('',#10821);
#3401=VERTEX_POINT('',#10826);
#3402=VERTEX_POINT('',#10830);
#3403=VERTEX_POINT('',#10836);
#3404=VERTEX_POINT('',#10837);
#3405=VERTEX_POINT('',#10842);
#3406=VERTEX_POINT('',#10846);
#3407=VERTEX_POINT('',#10852);
#3408=VERTEX_POINT('',#10853);
#3409=VERTEX_POINT('',#10858);
#3410=VERTEX_POINT('',#10862);
#3411=VERTEX_POINT('',#10868);
#3412=VERTEX_POINT('',#10869);
#3413=VERTEX_POINT('',#10874);
#3414=VERTEX_POINT('',#10878);
#3415=VERTEX_POINT('',#10884);
#3416=VERTEX_POINT('',#10885);
#3417=VERTEX_POINT('',#10890);
#3418=VERTEX_POINT('',#10894);
#3419=EDGE_CURVE('',#2771,#2772,#827,.T.);
#3420=EDGE_CURVE('',#2771,#2773,#828,.T.);
#3421=EDGE_CURVE('',#2774,#2773,#829,.T.);
#3422=EDGE_CURVE('',#2772,#2774,#830,.T.);
#3423=EDGE_CURVE('',#2772,#2775,#831,.T.);
#3424=EDGE_CURVE('',#2776,#2774,#832,.T.);
#3425=EDGE_CURVE('',#2775,#2776,#833,.T.);
#3426=EDGE_CURVE('',#2775,#2777,#834,.T.);
#3427=EDGE_CURVE('',#2778,#2776,#835,.T.);
#3428=EDGE_CURVE('',#2777,#2778,#836,.T.);
#3429=EDGE_CURVE('',#2779,#2780,#837,.T.);
#3430=EDGE_CURVE('',#2779,#2781,#838,.T.);
#3431=EDGE_CURVE('',#2782,#2781,#839,.T.);
#3432=EDGE_CURVE('',#2780,#2782,#840,.T.);
#3433=EDGE_CURVE('',#2780,#2783,#841,.T.);
#3434=EDGE_CURVE('',#2784,#2782,#842,.T.);
#3435=EDGE_CURVE('',#2783,#2784,#843,.T.);
#3436=EDGE_CURVE('',#2783,#2785,#844,.T.);
#3437=EDGE_CURVE('',#2786,#2784,#845,.T.);
#3438=EDGE_CURVE('',#2785,#2786,#846,.T.);
#3439=EDGE_CURVE('',#2787,#2788,#847,.T.);
#3440=EDGE_CURVE('',#2787,#2789,#848,.T.);
#3441=EDGE_CURVE('',#2790,#2789,#849,.T.);
#3442=EDGE_CURVE('',#2788,#2790,#850,.T.);
#3443=EDGE_CURVE('',#2788,#2791,#851,.T.);
#3444=EDGE_CURVE('',#2792,#2790,#852,.T.);
#3445=EDGE_CURVE('',#2791,#2792,#853,.T.);
#3446=EDGE_CURVE('',#2791,#2793,#854,.T.);
#3447=EDGE_CURVE('',#2794,#2792,#855,.T.);
#3448=EDGE_CURVE('',#2793,#2794,#856,.T.);
#3449=EDGE_CURVE('',#2795,#2796,#857,.T.);
#3450=EDGE_CURVE('',#2795,#2797,#858,.T.);
#3451=EDGE_CURVE('',#2798,#2797,#859,.T.);
#3452=EDGE_CURVE('',#2796,#2798,#860,.T.);
#3453=EDGE_CURVE('',#2796,#2799,#861,.T.);
#3454=EDGE_CURVE('',#2800,#2798,#862,.T.);
#3455=EDGE_CURVE('',#2799,#2800,#863,.T.);
#3456=EDGE_CURVE('',#2799,#2801,#864,.T.);
#3457=EDGE_CURVE('',#2802,#2800,#865,.T.);
#3458=EDGE_CURVE('',#2801,#2802,#866,.T.);
#3459=EDGE_CURVE('',#2803,#2804,#867,.T.);
#3460=EDGE_CURVE('',#2803,#2805,#868,.T.);
#3461=EDGE_CURVE('',#2806,#2805,#869,.T.);
#3462=EDGE_CURVE('',#2804,#2806,#870,.T.);
#3463=EDGE_CURVE('',#2804,#2807,#871,.T.);
#3464=EDGE_CURVE('',#2808,#2806,#872,.T.);
#3465=EDGE_CURVE('',#2807,#2808,#873,.T.);
#3466=EDGE_CURVE('',#2807,#2809,#874,.T.);
#3467=EDGE_CURVE('',#2810,#2808,#875,.T.);
#3468=EDGE_CURVE('',#2809,#2810,#876,.T.);
#3469=EDGE_CURVE('',#2811,#2812,#877,.T.);
#3470=EDGE_CURVE('',#2811,#2813,#878,.T.);
#3471=EDGE_CURVE('',#2814,#2813,#879,.T.);
#3472=EDGE_CURVE('',#2812,#2814,#880,.T.);
#3473=EDGE_CURVE('',#2812,#2815,#881,.T.);
#3474=EDGE_CURVE('',#2816,#2814,#882,.T.);
#3475=EDGE_CURVE('',#2815,#2816,#883,.T.);
#3476=EDGE_CURVE('',#2815,#2817,#884,.T.);
#3477=EDGE_CURVE('',#2818,#2816,#885,.T.);
#3478=EDGE_CURVE('',#2817,#2818,#886,.T.);
#3479=EDGE_CURVE('',#2819,#2820,#887,.T.);
#3480=EDGE_CURVE('',#2819,#2821,#888,.T.);
#3481=EDGE_CURVE('',#2822,#2821,#889,.T.);
#3482=EDGE_CURVE('',#2820,#2822,#890,.T.);
#3483=EDGE_CURVE('',#2820,#2823,#891,.T.);
#3484=EDGE_CURVE('',#2824,#2822,#892,.T.);
#3485=EDGE_CURVE('',#2823,#2824,#893,.T.);
#3486=EDGE_CURVE('',#2823,#2825,#894,.T.);
#3487=EDGE_CURVE('',#2826,#2824,#895,.T.);
#3488=EDGE_CURVE('',#2825,#2826,#896,.T.);
#3489=EDGE_CURVE('',#2827,#2828,#897,.T.);
#3490=EDGE_CURVE('',#2827,#2829,#898,.T.);
#3491=EDGE_CURVE('',#2830,#2829,#899,.T.);
#3492=EDGE_CURVE('',#2828,#2830,#900,.T.);
#3493=EDGE_CURVE('',#2828,#2831,#901,.T.);
#3494=EDGE_CURVE('',#2832,#2830,#902,.T.);
#3495=EDGE_CURVE('',#2831,#2832,#903,.T.);
#3496=EDGE_CURVE('',#2831,#2833,#904,.T.);
#3497=EDGE_CURVE('',#2834,#2832,#905,.T.);
#3498=EDGE_CURVE('',#2833,#2834,#906,.T.);
#3499=EDGE_CURVE('',#2835,#2836,#907,.T.);
#3500=EDGE_CURVE('',#2835,#2837,#908,.T.);
#3501=EDGE_CURVE('',#2838,#2837,#909,.T.);
#3502=EDGE_CURVE('',#2836,#2838,#910,.T.);
#3503=EDGE_CURVE('',#2836,#2839,#911,.T.);
#3504=EDGE_CURVE('',#2840,#2838,#912,.T.);
#3505=EDGE_CURVE('',#2839,#2840,#913,.T.);
#3506=EDGE_CURVE('',#2839,#2841,#914,.T.);
#3507=EDGE_CURVE('',#2842,#2840,#915,.T.);
#3508=EDGE_CURVE('',#2841,#2842,#916,.T.);
#3509=EDGE_CURVE('',#2843,#2844,#917,.T.);
#3510=EDGE_CURVE('',#2843,#2845,#918,.T.);
#3511=EDGE_CURVE('',#2846,#2845,#919,.T.);
#3512=EDGE_CURVE('',#2844,#2846,#920,.T.);
#3513=EDGE_CURVE('',#2844,#2847,#921,.T.);
#3514=EDGE_CURVE('',#2848,#2846,#922,.T.);
#3515=EDGE_CURVE('',#2847,#2848,#923,.T.);
#3516=EDGE_CURVE('',#2847,#2849,#924,.T.);
#3517=EDGE_CURVE('',#2850,#2848,#925,.T.);
#3518=EDGE_CURVE('',#2849,#2850,#926,.T.);
#3519=EDGE_CURVE('',#2851,#2852,#927,.T.);
#3520=EDGE_CURVE('',#2851,#2853,#928,.T.);
#3521=EDGE_CURVE('',#2854,#2853,#929,.T.);
#3522=EDGE_CURVE('',#2852,#2854,#930,.T.);
#3523=EDGE_CURVE('',#2852,#2855,#931,.T.);
#3524=EDGE_CURVE('',#2856,#2854,#932,.T.);
#3525=EDGE_CURVE('',#2855,#2856,#933,.T.);
#3526=EDGE_CURVE('',#2855,#2857,#934,.T.);
#3527=EDGE_CURVE('',#2858,#2856,#935,.T.);
#3528=EDGE_CURVE('',#2857,#2858,#936,.T.);
#3529=EDGE_CURVE('',#2859,#2860,#937,.T.);
#3530=EDGE_CURVE('',#2859,#2861,#938,.T.);
#3531=EDGE_CURVE('',#2862,#2861,#939,.T.);
#3532=EDGE_CURVE('',#2860,#2862,#940,.T.);
#3533=EDGE_CURVE('',#2860,#2863,#941,.T.);
#3534=EDGE_CURVE('',#2864,#2862,#942,.T.);
#3535=EDGE_CURVE('',#2863,#2864,#943,.T.);
#3536=EDGE_CURVE('',#2863,#2865,#944,.T.);
#3537=EDGE_CURVE('',#2866,#2864,#945,.T.);
#3538=EDGE_CURVE('',#2865,#2866,#946,.T.);
#3539=EDGE_CURVE('',#2867,#2868,#947,.T.);
#3540=EDGE_CURVE('',#2867,#2869,#948,.T.);
#3541=EDGE_CURVE('',#2870,#2869,#949,.T.);
#3542=EDGE_CURVE('',#2868,#2870,#950,.T.);
#3543=EDGE_CURVE('',#2868,#2871,#951,.T.);
#3544=EDGE_CURVE('',#2872,#2870,#952,.T.);
#3545=EDGE_CURVE('',#2871,#2872,#953,.T.);
#3546=EDGE_CURVE('',#2871,#2873,#954,.T.);
#3547=EDGE_CURVE('',#2874,#2872,#955,.T.);
#3548=EDGE_CURVE('',#2873,#2874,#956,.T.);
#3549=EDGE_CURVE('',#2875,#2876,#957,.T.);
#3550=EDGE_CURVE('',#2875,#2877,#958,.T.);
#3551=EDGE_CURVE('',#2878,#2877,#959,.T.);
#3552=EDGE_CURVE('',#2876,#2878,#960,.T.);
#3553=EDGE_CURVE('',#2876,#2879,#961,.T.);
#3554=EDGE_CURVE('',#2880,#2878,#962,.T.);
#3555=EDGE_CURVE('',#2879,#2880,#963,.T.);
#3556=EDGE_CURVE('',#2879,#2881,#964,.T.);
#3557=EDGE_CURVE('',#2882,#2880,#965,.T.);
#3558=EDGE_CURVE('',#2881,#2882,#966,.T.);
#3559=EDGE_CURVE('',#2883,#2884,#967,.T.);
#3560=EDGE_CURVE('',#2883,#2885,#968,.T.);
#3561=EDGE_CURVE('',#2886,#2885,#969,.T.);
#3562=EDGE_CURVE('',#2884,#2886,#970,.T.);
#3563=EDGE_CURVE('',#2884,#2887,#971,.T.);
#3564=EDGE_CURVE('',#2888,#2886,#972,.T.);
#3565=EDGE_CURVE('',#2887,#2888,#973,.T.);
#3566=EDGE_CURVE('',#2887,#2889,#974,.T.);
#3567=EDGE_CURVE('',#2890,#2888,#975,.T.);
#3568=EDGE_CURVE('',#2889,#2890,#976,.T.);
#3569=EDGE_CURVE('',#2891,#2892,#977,.T.);
#3570=EDGE_CURVE('',#2891,#2893,#978,.T.);
#3571=EDGE_CURVE('',#2894,#2893,#979,.T.);
#3572=EDGE_CURVE('',#2892,#2894,#980,.T.);
#3573=EDGE_CURVE('',#2892,#2895,#981,.T.);
#3574=EDGE_CURVE('',#2896,#2894,#982,.T.);
#3575=EDGE_CURVE('',#2895,#2896,#983,.T.);
#3576=EDGE_CURVE('',#2895,#2897,#984,.T.);
#3577=EDGE_CURVE('',#2898,#2896,#985,.T.);
#3578=EDGE_CURVE('',#2897,#2898,#986,.T.);
#3579=EDGE_CURVE('',#2899,#2900,#987,.T.);
#3580=EDGE_CURVE('',#2899,#2901,#988,.T.);
#3581=EDGE_CURVE('',#2902,#2901,#989,.T.);
#3582=EDGE_CURVE('',#2900,#2902,#990,.T.);
#3583=EDGE_CURVE('',#2900,#2903,#991,.T.);
#3584=EDGE_CURVE('',#2904,#2902,#992,.T.);
#3585=EDGE_CURVE('',#2903,#2904,#993,.T.);
#3586=EDGE_CURVE('',#2903,#2905,#994,.T.);
#3587=EDGE_CURVE('',#2906,#2904,#995,.T.);
#3588=EDGE_CURVE('',#2905,#2906,#996,.T.);
#3589=EDGE_CURVE('',#2907,#2908,#997,.T.);
#3590=EDGE_CURVE('',#2907,#2909,#998,.T.);
#3591=EDGE_CURVE('',#2910,#2909,#999,.T.);
#3592=EDGE_CURVE('',#2908,#2910,#1000,.T.);
#3593=EDGE_CURVE('',#2908,#2911,#1001,.T.);
#3594=EDGE_CURVE('',#2912,#2910,#1002,.T.);
#3595=EDGE_CURVE('',#2911,#2912,#1003,.T.);
#3596=EDGE_CURVE('',#2911,#2913,#1004,.T.);
#3597=EDGE_CURVE('',#2914,#2912,#1005,.T.);
#3598=EDGE_CURVE('',#2913,#2914,#1006,.T.);
#3599=EDGE_CURVE('',#2915,#2916,#1007,.T.);
#3600=EDGE_CURVE('',#2915,#2917,#1008,.T.);
#3601=EDGE_CURVE('',#2918,#2917,#1009,.T.);
#3602=EDGE_CURVE('',#2916,#2918,#1010,.T.);
#3603=EDGE_CURVE('',#2916,#2919,#1011,.T.);
#3604=EDGE_CURVE('',#2920,#2918,#1012,.T.);
#3605=EDGE_CURVE('',#2919,#2920,#1013,.T.);
#3606=EDGE_CURVE('',#2919,#2921,#1014,.T.);
#3607=EDGE_CURVE('',#2922,#2920,#1015,.T.);
#3608=EDGE_CURVE('',#2921,#2922,#1016,.T.);
#3609=EDGE_CURVE('',#2923,#2924,#1017,.T.);
#3610=EDGE_CURVE('',#2923,#2925,#1018,.T.);
#3611=EDGE_CURVE('',#2926,#2925,#1019,.T.);
#3612=EDGE_CURVE('',#2924,#2926,#1020,.T.);
#3613=EDGE_CURVE('',#2924,#2927,#1021,.T.);
#3614=EDGE_CURVE('',#2928,#2926,#1022,.T.);
#3615=EDGE_CURVE('',#2927,#2928,#1023,.T.);
#3616=EDGE_CURVE('',#2927,#2929,#1024,.T.);
#3617=EDGE_CURVE('',#2930,#2928,#1025,.T.);
#3618=EDGE_CURVE('',#2929,#2930,#1026,.T.);
#3619=EDGE_CURVE('',#2931,#2932,#1027,.T.);
#3620=EDGE_CURVE('',#2931,#2933,#1028,.T.);
#3621=EDGE_CURVE('',#2934,#2933,#1029,.T.);
#3622=EDGE_CURVE('',#2932,#2934,#1030,.T.);
#3623=EDGE_CURVE('',#2932,#2935,#1031,.T.);
#3624=EDGE_CURVE('',#2936,#2934,#1032,.T.);
#3625=EDGE_CURVE('',#2935,#2936,#1033,.T.);
#3626=EDGE_CURVE('',#2935,#2937,#1034,.T.);
#3627=EDGE_CURVE('',#2938,#2936,#1035,.T.);
#3628=EDGE_CURVE('',#2937,#2938,#1036,.T.);
#3629=EDGE_CURVE('',#2939,#2940,#1037,.T.);
#3630=EDGE_CURVE('',#2939,#2941,#1038,.T.);
#3631=EDGE_CURVE('',#2942,#2941,#1039,.T.);
#3632=EDGE_CURVE('',#2940,#2942,#1040,.T.);
#3633=EDGE_CURVE('',#2940,#2943,#1041,.T.);
#3634=EDGE_CURVE('',#2944,#2942,#1042,.T.);
#3635=EDGE_CURVE('',#2943,#2944,#1043,.T.);
#3636=EDGE_CURVE('',#2943,#2945,#1044,.T.);
#3637=EDGE_CURVE('',#2946,#2944,#1045,.T.);
#3638=EDGE_CURVE('',#2945,#2946,#1046,.T.);
#3639=EDGE_CURVE('',#2947,#2948,#1047,.T.);
#3640=EDGE_CURVE('',#2947,#2949,#1048,.T.);
#3641=EDGE_CURVE('',#2950,#2949,#1049,.T.);
#3642=EDGE_CURVE('',#2948,#2950,#1050,.T.);
#3643=EDGE_CURVE('',#2948,#2951,#1051,.T.);
#3644=EDGE_CURVE('',#2952,#2950,#1052,.T.);
#3645=EDGE_CURVE('',#2951,#2952,#1053,.T.);
#3646=EDGE_CURVE('',#2951,#2953,#1054,.T.);
#3647=EDGE_CURVE('',#2954,#2952,#1055,.T.);
#3648=EDGE_CURVE('',#2953,#2954,#1056,.T.);
#3649=EDGE_CURVE('',#2955,#2956,#1057,.T.);
#3650=EDGE_CURVE('',#2955,#2957,#1058,.T.);
#3651=EDGE_CURVE('',#2958,#2957,#1059,.T.);
#3652=EDGE_CURVE('',#2956,#2958,#1060,.T.);
#3653=EDGE_CURVE('',#2956,#2959,#1061,.T.);
#3654=EDGE_CURVE('',#2960,#2958,#1062,.T.);
#3655=EDGE_CURVE('',#2959,#2960,#1063,.T.);
#3656=EDGE_CURVE('',#2959,#2961,#1064,.T.);
#3657=EDGE_CURVE('',#2962,#2960,#1065,.T.);
#3658=EDGE_CURVE('',#2961,#2962,#1066,.T.);
#3659=EDGE_CURVE('',#2963,#2964,#1067,.T.);
#3660=EDGE_CURVE('',#2963,#2965,#1068,.T.);
#3661=EDGE_CURVE('',#2966,#2965,#1069,.T.);
#3662=EDGE_CURVE('',#2964,#2966,#1070,.T.);
#3663=EDGE_CURVE('',#2964,#2967,#1071,.T.);
#3664=EDGE_CURVE('',#2968,#2966,#1072,.T.);
#3665=EDGE_CURVE('',#2967,#2968,#1073,.T.);
#3666=EDGE_CURVE('',#2967,#2969,#1074,.T.);
#3667=EDGE_CURVE('',#2970,#2968,#1075,.T.);
#3668=EDGE_CURVE('',#2969,#2970,#1076,.T.);
#3669=EDGE_CURVE('',#2971,#2972,#1077,.T.);
#3670=EDGE_CURVE('',#2971,#2973,#1078,.T.);
#3671=EDGE_CURVE('',#2974,#2973,#1079,.T.);
#3672=EDGE_CURVE('',#2972,#2974,#1080,.T.);
#3673=EDGE_CURVE('',#2972,#2975,#1081,.T.);
#3674=EDGE_CURVE('',#2976,#2974,#1082,.T.);
#3675=EDGE_CURVE('',#2975,#2976,#1083,.T.);
#3676=EDGE_CURVE('',#2975,#2977,#1084,.T.);
#3677=EDGE_CURVE('',#2978,#2976,#1085,.T.);
#3678=EDGE_CURVE('',#2977,#2978,#1086,.T.);
#3679=EDGE_CURVE('',#2979,#2980,#1087,.T.);
#3680=EDGE_CURVE('',#2979,#2981,#1088,.T.);
#3681=EDGE_CURVE('',#2982,#2981,#1089,.T.);
#3682=EDGE_CURVE('',#2980,#2982,#1090,.T.);
#3683=EDGE_CURVE('',#2980,#2983,#1091,.T.);
#3684=EDGE_CURVE('',#2984,#2982,#1092,.T.);
#3685=EDGE_CURVE('',#2983,#2984,#1093,.T.);
#3686=EDGE_CURVE('',#2983,#2985,#1094,.T.);
#3687=EDGE_CURVE('',#2986,#2984,#1095,.T.);
#3688=EDGE_CURVE('',#2985,#2986,#1096,.T.);
#3689=EDGE_CURVE('',#2987,#2988,#1097,.T.);
#3690=EDGE_CURVE('',#2987,#2989,#1098,.T.);
#3691=EDGE_CURVE('',#2990,#2989,#1099,.T.);
#3692=EDGE_CURVE('',#2988,#2990,#1100,.T.);
#3693=EDGE_CURVE('',#2988,#2991,#1101,.T.);
#3694=EDGE_CURVE('',#2992,#2990,#1102,.T.);
#3695=EDGE_CURVE('',#2991,#2992,#1103,.T.);
#3696=EDGE_CURVE('',#2991,#2993,#1104,.T.);
#3697=EDGE_CURVE('',#2994,#2992,#1105,.T.);
#3698=EDGE_CURVE('',#2993,#2994,#1106,.T.);
#3699=EDGE_CURVE('',#2995,#2996,#1107,.T.);
#3700=EDGE_CURVE('',#2995,#2997,#1108,.T.);
#3701=EDGE_CURVE('',#2998,#2997,#1109,.T.);
#3702=EDGE_CURVE('',#2996,#2998,#1110,.T.);
#3703=EDGE_CURVE('',#2996,#2999,#1111,.T.);
#3704=EDGE_CURVE('',#3000,#2998,#1112,.T.);
#3705=EDGE_CURVE('',#2999,#3000,#1113,.T.);
#3706=EDGE_CURVE('',#2999,#3001,#1114,.T.);
#3707=EDGE_CURVE('',#3002,#3000,#1115,.T.);
#3708=EDGE_CURVE('',#3001,#3002,#1116,.T.);
#3709=EDGE_CURVE('',#3003,#3004,#1117,.T.);
#3710=EDGE_CURVE('',#3003,#3005,#1118,.T.);
#3711=EDGE_CURVE('',#3006,#3005,#1119,.T.);
#3712=EDGE_CURVE('',#3004,#3006,#1120,.T.);
#3713=EDGE_CURVE('',#3004,#3007,#1121,.T.);
#3714=EDGE_CURVE('',#3008,#3006,#1122,.T.);
#3715=EDGE_CURVE('',#3007,#3008,#1123,.T.);
#3716=EDGE_CURVE('',#3007,#3009,#1124,.T.);
#3717=EDGE_CURVE('',#3010,#3008,#1125,.T.);
#3718=EDGE_CURVE('',#3009,#3010,#1126,.T.);
#3719=EDGE_CURVE('',#3011,#3012,#1127,.T.);
#3720=EDGE_CURVE('',#3011,#3013,#1128,.T.);
#3721=EDGE_CURVE('',#3014,#3013,#1129,.T.);
#3722=EDGE_CURVE('',#3012,#3014,#1130,.T.);
#3723=EDGE_CURVE('',#3012,#3015,#1131,.T.);
#3724=EDGE_CURVE('',#3016,#3014,#1132,.T.);
#3725=EDGE_CURVE('',#3015,#3016,#1133,.T.);
#3726=EDGE_CURVE('',#3015,#3017,#1134,.T.);
#3727=EDGE_CURVE('',#3018,#3016,#1135,.T.);
#3728=EDGE_CURVE('',#3017,#3018,#1136,.T.);
#3729=EDGE_CURVE('',#3019,#3020,#1137,.T.);
#3730=EDGE_CURVE('',#3019,#3021,#1138,.T.);
#3731=EDGE_CURVE('',#3022,#3021,#1139,.T.);
#3732=EDGE_CURVE('',#3020,#3022,#1140,.T.);
#3733=EDGE_CURVE('',#3020,#3023,#1141,.T.);
#3734=EDGE_CURVE('',#3024,#3022,#1142,.T.);
#3735=EDGE_CURVE('',#3023,#3024,#1143,.T.);
#3736=EDGE_CURVE('',#3023,#3025,#1144,.T.);
#3737=EDGE_CURVE('',#3026,#3024,#1145,.T.);
#3738=EDGE_CURVE('',#3025,#3026,#1146,.T.);
#3739=EDGE_CURVE('',#3027,#3028,#1147,.T.);
#3740=EDGE_CURVE('',#3027,#3029,#1148,.T.);
#3741=EDGE_CURVE('',#3030,#3029,#1149,.T.);
#3742=EDGE_CURVE('',#3028,#3030,#1150,.T.);
#3743=EDGE_CURVE('',#3028,#3031,#1151,.T.);
#3744=EDGE_CURVE('',#3032,#3030,#1152,.T.);
#3745=EDGE_CURVE('',#3031,#3032,#1153,.T.);
#3746=EDGE_CURVE('',#3031,#3033,#1154,.T.);
#3747=EDGE_CURVE('',#3034,#3032,#1155,.T.);
#3748=EDGE_CURVE('',#3033,#3034,#1156,.T.);
#3749=EDGE_CURVE('',#3035,#3036,#1157,.T.);
#3750=EDGE_CURVE('',#3035,#3037,#1158,.T.);
#3751=EDGE_CURVE('',#3038,#3037,#1159,.T.);
#3752=EDGE_CURVE('',#3036,#3038,#1160,.T.);
#3753=EDGE_CURVE('',#3036,#3039,#1161,.T.);
#3754=EDGE_CURVE('',#3040,#3038,#1162,.T.);
#3755=EDGE_CURVE('',#3039,#3040,#1163,.T.);
#3756=EDGE_CURVE('',#3039,#3041,#1164,.T.);
#3757=EDGE_CURVE('',#3042,#3040,#1165,.T.);
#3758=EDGE_CURVE('',#3041,#3042,#1166,.T.);
#3759=EDGE_CURVE('',#3043,#3044,#1167,.T.);
#3760=EDGE_CURVE('',#3043,#3045,#1168,.T.);
#3761=EDGE_CURVE('',#3046,#3045,#1169,.T.);
#3762=EDGE_CURVE('',#3044,#3046,#1170,.T.);
#3763=EDGE_CURVE('',#3044,#3047,#1171,.T.);
#3764=EDGE_CURVE('',#3048,#3046,#1172,.T.);
#3765=EDGE_CURVE('',#3047,#3048,#1173,.T.);
#3766=EDGE_CURVE('',#3047,#3049,#1174,.T.);
#3767=EDGE_CURVE('',#3050,#3048,#1175,.T.);
#3768=EDGE_CURVE('',#3049,#3050,#1176,.T.);
#3769=EDGE_CURVE('',#3051,#3052,#1177,.T.);
#3770=EDGE_CURVE('',#3051,#3053,#1178,.T.);
#3771=EDGE_CURVE('',#3054,#3053,#1179,.T.);
#3772=EDGE_CURVE('',#3052,#3054,#1180,.T.);
#3773=EDGE_CURVE('',#3052,#3055,#1181,.T.);
#3774=EDGE_CURVE('',#3056,#3054,#1182,.T.);
#3775=EDGE_CURVE('',#3055,#3056,#1183,.T.);
#3776=EDGE_CURVE('',#3055,#3057,#1184,.T.);
#3777=EDGE_CURVE('',#3058,#3056,#1185,.T.);
#3778=EDGE_CURVE('',#3057,#3058,#1186,.T.);
#3779=EDGE_CURVE('',#3059,#3060,#1187,.T.);
#3780=EDGE_CURVE('',#3059,#3061,#1188,.T.);
#3781=EDGE_CURVE('',#3062,#3061,#1189,.T.);
#3782=EDGE_CURVE('',#3060,#3062,#1190,.T.);
#3783=EDGE_CURVE('',#3060,#3063,#1191,.T.);
#3784=EDGE_CURVE('',#3064,#3062,#1192,.T.);
#3785=EDGE_CURVE('',#3063,#3064,#1193,.T.);
#3786=EDGE_CURVE('',#3063,#3065,#1194,.T.);
#3787=EDGE_CURVE('',#3066,#3064,#1195,.T.);
#3788=EDGE_CURVE('',#3065,#3066,#1196,.T.);
#3789=EDGE_CURVE('',#3067,#3068,#1197,.T.);
#3790=EDGE_CURVE('',#3067,#3069,#1198,.T.);
#3791=EDGE_CURVE('',#3070,#3069,#1199,.T.);
#3792=EDGE_CURVE('',#3068,#3070,#1200,.T.);
#3793=EDGE_CURVE('',#3068,#3071,#1201,.T.);
#3794=EDGE_CURVE('',#3072,#3070,#1202,.T.);
#3795=EDGE_CURVE('',#3071,#3072,#1203,.T.);
#3796=EDGE_CURVE('',#3071,#3073,#1204,.T.);
#3797=EDGE_CURVE('',#3074,#3072,#1205,.T.);
#3798=EDGE_CURVE('',#3073,#3074,#1206,.T.);
#3799=EDGE_CURVE('',#3075,#3076,#1207,.T.);
#3800=EDGE_CURVE('',#3075,#3077,#1208,.T.);
#3801=EDGE_CURVE('',#3078,#3077,#1209,.T.);
#3802=EDGE_CURVE('',#3076,#3078,#1210,.T.);
#3803=EDGE_CURVE('',#3076,#3079,#1211,.T.);
#3804=EDGE_CURVE('',#3080,#3078,#1212,.T.);
#3805=EDGE_CURVE('',#3079,#3080,#1213,.T.);
#3806=EDGE_CURVE('',#3079,#3081,#1214,.T.);
#3807=EDGE_CURVE('',#3082,#3080,#1215,.T.);
#3808=EDGE_CURVE('',#3081,#3082,#1216,.T.);
#3809=EDGE_CURVE('',#3083,#3084,#1217,.T.);
#3810=EDGE_CURVE('',#3083,#3085,#1218,.T.);
#3811=EDGE_CURVE('',#3086,#3085,#1219,.T.);
#3812=EDGE_CURVE('',#3084,#3086,#1220,.T.);
#3813=EDGE_CURVE('',#3084,#3087,#1221,.T.);
#3814=EDGE_CURVE('',#3088,#3086,#1222,.T.);
#3815=EDGE_CURVE('',#3087,#3088,#1223,.T.);
#3816=EDGE_CURVE('',#3087,#3089,#1224,.T.);
#3817=EDGE_CURVE('',#3090,#3088,#1225,.T.);
#3818=EDGE_CURVE('',#3089,#3090,#1226,.T.);
#3819=EDGE_CURVE('',#2773,#3091,#1227,.T.);
#3820=EDGE_CURVE('',#3091,#3092,#1228,.T.);
#3821=EDGE_CURVE('',#3092,#3090,#1229,.T.);
#3822=EDGE_CURVE('',#3085,#3082,#1230,.T.);
#3823=EDGE_CURVE('',#3077,#3074,#1231,.T.);
#3824=EDGE_CURVE('',#3069,#3066,#1232,.T.);
#3825=EDGE_CURVE('',#3061,#3058,#1233,.T.);
#3826=EDGE_CURVE('',#3053,#3050,#1234,.T.);
#3827=EDGE_CURVE('',#3045,#3042,#1235,.T.);
#3828=EDGE_CURVE('',#3037,#3034,#1236,.T.);
#3829=EDGE_CURVE('',#3029,#3026,#1237,.T.);
#3830=EDGE_CURVE('',#3021,#3018,#1238,.T.);
#3831=EDGE_CURVE('',#3013,#3010,#1239,.T.);
#3832=EDGE_CURVE('',#3005,#3002,#1240,.T.);
#3833=EDGE_CURVE('',#2997,#2994,#1241,.T.);
#3834=EDGE_CURVE('',#2989,#2986,#1242,.T.);
#3835=EDGE_CURVE('',#2981,#2978,#1243,.T.);
#3836=EDGE_CURVE('',#2973,#2970,#1244,.T.);
#3837=EDGE_CURVE('',#2965,#2962,#1245,.T.);
#3838=EDGE_CURVE('',#2957,#2954,#1246,.T.);
#3839=EDGE_CURVE('',#2949,#2946,#1247,.T.);
#3840=EDGE_CURVE('',#2941,#2938,#1248,.T.);
#3841=EDGE_CURVE('',#2933,#3093,#1249,.T.);
#3842=EDGE_CURVE('',#3093,#3094,#1250,.T.);
#3843=EDGE_CURVE('',#3094,#2930,#1251,.T.);
#3844=EDGE_CURVE('',#2925,#2922,#1252,.T.);
#3845=EDGE_CURVE('',#2917,#2914,#1253,.T.);
#3846=EDGE_CURVE('',#2909,#2906,#1254,.T.);
#3847=EDGE_CURVE('',#2901,#2898,#1255,.T.);
#3848=EDGE_CURVE('',#2893,#2890,#1256,.T.);
#3849=EDGE_CURVE('',#2885,#2882,#1257,.T.);
#3850=EDGE_CURVE('',#2877,#2874,#1258,.T.);
#3851=EDGE_CURVE('',#2869,#2866,#1259,.T.);
#3852=EDGE_CURVE('',#2861,#2858,#1260,.T.);
#3853=EDGE_CURVE('',#2853,#2850,#1261,.T.);
#3854=EDGE_CURVE('',#2845,#2842,#1262,.T.);
#3855=EDGE_CURVE('',#2837,#2834,#1263,.T.);
#3856=EDGE_CURVE('',#2829,#2826,#1264,.T.);
#3857=EDGE_CURVE('',#2821,#2818,#1265,.T.);
#3858=EDGE_CURVE('',#2813,#2810,#1266,.T.);
#3859=EDGE_CURVE('',#2805,#2802,#1267,.T.);
#3860=EDGE_CURVE('',#2797,#2794,#1268,.T.);
#3861=EDGE_CURVE('',#2789,#2786,#1269,.T.);
#3862=EDGE_CURVE('',#2781,#2778,#1270,.T.);
#3863=EDGE_CURVE('',#2945,#2939,#1271,.T.);
#3864=EDGE_CURVE('',#3095,#3096,#1272,.T.);
#3865=EDGE_CURVE('',#3096,#3097,#1273,.T.);
#3866=EDGE_CURVE('',#3097,#3098,#1274,.T.);
#3867=EDGE_CURVE('',#3098,#3095,#1275,.T.);
#3868=EDGE_CURVE('',#2953,#2947,#1276,.T.);
#3869=EDGE_CURVE('',#3099,#3100,#1277,.T.);
#3870=EDGE_CURVE('',#3100,#3101,#1278,.T.);
#3871=EDGE_CURVE('',#3101,#3102,#1279,.T.);
#3872=EDGE_CURVE('',#3102,#3099,#1280,.T.);
#3873=EDGE_CURVE('',#2961,#2955,#1281,.T.);
#3874=EDGE_CURVE('',#3103,#3104,#1282,.T.);
#3875=EDGE_CURVE('',#3104,#3105,#1283,.T.);
#3876=EDGE_CURVE('',#3105,#3106,#1284,.T.);
#3877=EDGE_CURVE('',#3106,#3103,#1285,.T.);
#3878=EDGE_CURVE('',#2969,#2963,#1286,.T.);
#3879=EDGE_CURVE('',#3107,#3108,#1287,.T.);
#3880=EDGE_CURVE('',#3108,#3109,#1288,.T.);
#3881=EDGE_CURVE('',#3109,#3110,#1289,.T.);
#3882=EDGE_CURVE('',#3110,#3107,#1290,.T.);
#3883=EDGE_CURVE('',#2977,#2971,#1291,.T.);
#3884=EDGE_CURVE('',#3111,#3112,#1292,.T.);
#3885=EDGE_CURVE('',#3112,#3113,#1293,.T.);
#3886=EDGE_CURVE('',#3113,#3114,#1294,.T.);
#3887=EDGE_CURVE('',#3114,#3111,#1295,.T.);
#3888=EDGE_CURVE('',#2985,#2979,#1296,.T.);
#3889=EDGE_CURVE('',#3115,#3116,#1297,.T.);
#3890=EDGE_CURVE('',#3116,#3117,#1298,.T.);
#3891=EDGE_CURVE('',#3117,#3118,#1299,.T.);
#3892=EDGE_CURVE('',#3118,#3115,#1300,.T.);
#3893=EDGE_CURVE('',#2993,#2987,#1301,.T.);
#3894=EDGE_CURVE('',#3119,#3120,#1302,.T.);
#3895=EDGE_CURVE('',#3120,#3121,#1303,.T.);
#3896=EDGE_CURVE('',#3121,#3122,#1304,.T.);
#3897=EDGE_CURVE('',#3122,#3119,#1305,.T.);
#3898=EDGE_CURVE('',#3001,#2995,#1306,.T.);
#3899=EDGE_CURVE('',#3123,#3124,#1307,.T.);
#3900=EDGE_CURVE('',#3124,#3125,#1308,.T.);
#3901=EDGE_CURVE('',#3125,#3126,#1309,.T.);
#3902=EDGE_CURVE('',#3126,#3123,#1310,.T.);
#3903=EDGE_CURVE('',#3009,#3003,#1311,.T.);
#3904=EDGE_CURVE('',#3127,#3128,#1312,.T.);
#3905=EDGE_CURVE('',#3128,#3129,#1313,.T.);
#3906=EDGE_CURVE('',#3129,#3130,#1314,.T.);
#3907=EDGE_CURVE('',#3130,#3127,#1315,.T.);
#3908=EDGE_CURVE('',#3017,#3011,#1316,.T.);
#3909=EDGE_CURVE('',#3131,#3132,#1317,.T.);
#3910=EDGE_CURVE('',#3132,#3133,#1318,.T.);
#3911=EDGE_CURVE('',#3133,#3134,#1319,.T.);
#3912=EDGE_CURVE('',#3134,#3131,#1320,.T.);
#3913=EDGE_CURVE('',#3025,#3019,#1321,.T.);
#3914=EDGE_CURVE('',#3135,#3136,#1322,.T.);
#3915=EDGE_CURVE('',#3136,#3137,#1323,.T.);
#3916=EDGE_CURVE('',#3137,#3138,#1324,.T.);
#3917=EDGE_CURVE('',#3138,#3135,#1325,.T.);
#3918=EDGE_CURVE('',#3033,#3027,#1326,.T.);
#3919=EDGE_CURVE('',#3139,#3140,#1327,.T.);
#3920=EDGE_CURVE('',#3140,#3141,#1328,.T.);
#3921=EDGE_CURVE('',#3141,#3142,#1329,.T.);
#3922=EDGE_CURVE('',#3142,#3139,#1330,.T.);
#3923=EDGE_CURVE('',#3041,#3035,#1331,.T.);
#3924=EDGE_CURVE('',#3143,#3144,#1332,.T.);
#3925=EDGE_CURVE('',#3144,#3145,#1333,.T.);
#3926=EDGE_CURVE('',#3145,#3146,#1334,.T.);
#3927=EDGE_CURVE('',#3146,#3143,#1335,.T.);
#3928=EDGE_CURVE('',#3049,#3043,#1336,.T.);
#3929=EDGE_CURVE('',#3147,#3148,#1337,.T.);
#3930=EDGE_CURVE('',#3148,#3149,#1338,.T.);
#3931=EDGE_CURVE('',#3149,#3150,#1339,.T.);
#3932=EDGE_CURVE('',#3150,#3147,#1340,.T.);
#3933=EDGE_CURVE('',#3057,#3051,#1341,.T.);
#3934=EDGE_CURVE('',#3151,#3152,#1342,.T.);
#3935=EDGE_CURVE('',#3152,#3153,#1343,.T.);
#3936=EDGE_CURVE('',#3153,#3154,#1344,.T.);
#3937=EDGE_CURVE('',#3154,#3151,#1345,.T.);
#3938=EDGE_CURVE('',#3065,#3059,#1346,.T.);
#3939=EDGE_CURVE('',#3155,#3156,#1347,.T.);
#3940=EDGE_CURVE('',#3156,#3157,#1348,.T.);
#3941=EDGE_CURVE('',#3157,#3158,#1349,.T.);
#3942=EDGE_CURVE('',#3158,#3155,#1350,.T.);
#3943=EDGE_CURVE('',#3073,#3067,#1351,.T.);
#3944=EDGE_CURVE('',#3159,#3160,#1352,.T.);
#3945=EDGE_CURVE('',#3160,#3161,#1353,.T.);
#3946=EDGE_CURVE('',#3161,#3162,#1354,.T.);
#3947=EDGE_CURVE('',#3162,#3159,#1355,.T.);
#3948=EDGE_CURVE('',#3081,#3075,#1356,.T.);
#3949=EDGE_CURVE('',#3163,#3164,#1357,.T.);
#3950=EDGE_CURVE('',#3164,#3165,#1358,.T.);
#3951=EDGE_CURVE('',#3165,#3166,#1359,.T.);
#3952=EDGE_CURVE('',#3166,#3163,#1360,.T.);
#3953=EDGE_CURVE('',#3089,#3083,#1361,.T.);
#3954=EDGE_CURVE('',#3167,#3168,#1362,.T.);
#3955=EDGE_CURVE('',#3168,#3169,#1363,.T.);
#3956=EDGE_CURVE('',#3169,#3170,#1364,.T.);
#3957=EDGE_CURVE('',#3170,#3167,#1365,.T.);
#3958=EDGE_CURVE('',#2777,#2771,#1366,.T.);
#3959=EDGE_CURVE('',#3171,#3172,#1367,.T.);
#3960=EDGE_CURVE('',#3172,#3173,#1368,.T.);
#3961=EDGE_CURVE('',#3173,#3174,#1369,.T.);
#3962=EDGE_CURVE('',#3174,#3171,#1370,.T.);
#3963=EDGE_CURVE('',#2785,#2779,#1371,.T.);
#3964=EDGE_CURVE('',#3175,#3176,#1372,.T.);
#3965=EDGE_CURVE('',#3176,#3177,#1373,.T.);
#3966=EDGE_CURVE('',#3177,#3178,#1374,.T.);
#3967=EDGE_CURVE('',#3178,#3175,#1375,.T.);
#3968=EDGE_CURVE('',#2793,#2787,#1376,.T.);
#3969=EDGE_CURVE('',#3179,#3180,#1377,.T.);
#3970=EDGE_CURVE('',#3180,#3181,#1378,.T.);
#3971=EDGE_CURVE('',#3181,#3182,#1379,.T.);
#3972=EDGE_CURVE('',#3182,#3179,#1380,.T.);
#3973=EDGE_CURVE('',#2801,#2795,#1381,.T.);
#3974=EDGE_CURVE('',#3183,#3184,#1382,.T.);
#3975=EDGE_CURVE('',#3184,#3185,#1383,.T.);
#3976=EDGE_CURVE('',#3185,#3186,#1384,.T.);
#3977=EDGE_CURVE('',#3186,#3183,#1385,.T.);
#3978=EDGE_CURVE('',#2809,#2803,#1386,.T.);
#3979=EDGE_CURVE('',#3187,#3188,#1387,.T.);
#3980=EDGE_CURVE('',#3188,#3189,#1388,.T.);
#3981=EDGE_CURVE('',#3189,#3190,#1389,.T.);
#3982=EDGE_CURVE('',#3190,#3187,#1390,.T.);
#3983=EDGE_CURVE('',#2817,#2811,#1391,.T.);
#3984=EDGE_CURVE('',#3191,#3192,#1392,.T.);
#3985=EDGE_CURVE('',#3192,#3193,#1393,.T.);
#3986=EDGE_CURVE('',#3193,#3194,#1394,.T.);
#3987=EDGE_CURVE('',#3194,#3191,#1395,.T.);
#3988=EDGE_CURVE('',#2825,#2819,#1396,.T.);
#3989=EDGE_CURVE('',#3195,#3196,#1397,.T.);
#3990=EDGE_CURVE('',#3196,#3197,#1398,.T.);
#3991=EDGE_CURVE('',#3197,#3198,#1399,.T.);
#3992=EDGE_CURVE('',#3198,#3195,#1400,.T.);
#3993=EDGE_CURVE('',#2833,#2827,#1401,.T.);
#3994=EDGE_CURVE('',#3199,#3200,#1402,.T.);
#3995=EDGE_CURVE('',#3200,#3201,#1403,.T.);
#3996=EDGE_CURVE('',#3201,#3202,#1404,.T.);
#3997=EDGE_CURVE('',#3202,#3199,#1405,.T.);
#3998=EDGE_CURVE('',#2841,#2835,#1406,.T.);
#3999=EDGE_CURVE('',#3203,#3204,#1407,.T.);
#4000=EDGE_CURVE('',#3204,#3205,#1408,.T.);
#4001=EDGE_CURVE('',#3205,#3206,#1409,.T.);
#4002=EDGE_CURVE('',#3206,#3203,#1410,.T.);
#4003=EDGE_CURVE('',#2849,#2843,#1411,.T.);
#4004=EDGE_CURVE('',#3207,#3208,#1412,.T.);
#4005=EDGE_CURVE('',#3208,#3209,#1413,.T.);
#4006=EDGE_CURVE('',#3209,#3210,#1414,.T.);
#4007=EDGE_CURVE('',#3210,#3207,#1415,.T.);
#4008=EDGE_CURVE('',#2857,#2851,#1416,.T.);
#4009=EDGE_CURVE('',#3211,#3212,#1417,.T.);
#4010=EDGE_CURVE('',#3212,#3213,#1418,.T.);
#4011=EDGE_CURVE('',#3213,#3214,#1419,.T.);
#4012=EDGE_CURVE('',#3214,#3211,#1420,.T.);
#4013=EDGE_CURVE('',#2865,#2859,#1421,.T.);
#4014=EDGE_CURVE('',#3215,#3216,#1422,.T.);
#4015=EDGE_CURVE('',#3216,#3217,#1423,.T.);
#4016=EDGE_CURVE('',#3217,#3218,#1424,.T.);
#4017=EDGE_CURVE('',#3218,#3215,#1425,.T.);
#4018=EDGE_CURVE('',#2873,#2867,#1426,.T.);
#4019=EDGE_CURVE('',#3219,#3220,#1427,.T.);
#4020=EDGE_CURVE('',#3220,#3221,#1428,.T.);
#4021=EDGE_CURVE('',#3221,#3222,#1429,.T.);
#4022=EDGE_CURVE('',#3222,#3219,#1430,.T.);
#4023=EDGE_CURVE('',#2881,#2875,#1431,.T.);
#4024=EDGE_CURVE('',#3223,#3224,#1432,.T.);
#4025=EDGE_CURVE('',#3224,#3225,#1433,.T.);
#4026=EDGE_CURVE('',#3225,#3226,#1434,.T.);
#4027=EDGE_CURVE('',#3226,#3223,#1435,.T.);
#4028=EDGE_CURVE('',#2889,#2883,#1436,.T.);
#4029=EDGE_CURVE('',#3227,#3228,#1437,.T.);
#4030=EDGE_CURVE('',#3228,#3229,#1438,.T.);
#4031=EDGE_CURVE('',#3229,#3230,#1439,.T.);
#4032=EDGE_CURVE('',#3230,#3227,#1440,.T.);
#4033=EDGE_CURVE('',#2897,#2891,#1441,.T.);
#4034=EDGE_CURVE('',#3231,#3232,#1442,.T.);
#4035=EDGE_CURVE('',#3232,#3233,#1443,.T.);
#4036=EDGE_CURVE('',#3233,#3234,#1444,.T.);
#4037=EDGE_CURVE('',#3234,#3231,#1445,.T.);
#4038=EDGE_CURVE('',#2905,#2899,#1446,.T.);
#4039=EDGE_CURVE('',#3235,#3236,#1447,.T.);
#4040=EDGE_CURVE('',#3236,#3237,#1448,.T.);
#4041=EDGE_CURVE('',#3237,#3238,#1449,.T.);
#4042=EDGE_CURVE('',#3238,#3235,#1450,.T.);
#4043=EDGE_CURVE('',#2913,#2907,#1451,.T.);
#4044=EDGE_CURVE('',#3239,#3240,#1452,.T.);
#4045=EDGE_CURVE('',#3240,#3241,#1453,.T.);
#4046=EDGE_CURVE('',#3241,#3242,#1454,.T.);
#4047=EDGE_CURVE('',#3242,#3239,#1455,.T.);
#4048=EDGE_CURVE('',#2921,#2915,#1456,.T.);
#4049=EDGE_CURVE('',#3243,#3244,#1457,.T.);
#4050=EDGE_CURVE('',#3244,#3245,#1458,.T.);
#4051=EDGE_CURVE('',#3245,#3246,#1459,.T.);
#4052=EDGE_CURVE('',#3246,#3243,#1460,.T.);
#4053=EDGE_CURVE('',#2929,#2923,#1461,.T.);
#4054=EDGE_CURVE('',#3247,#3248,#1462,.T.);
#4055=EDGE_CURVE('',#3248,#3249,#1463,.T.);
#4056=EDGE_CURVE('',#3249,#3250,#1464,.T.);
#4057=EDGE_CURVE('',#3250,#3247,#1465,.T.);
#4058=EDGE_CURVE('',#2937,#2931,#1466,.T.);
#4059=EDGE_CURVE('',#3251,#3252,#1467,.T.);
#4060=EDGE_CURVE('',#3252,#3253,#1468,.T.);
#4061=EDGE_CURVE('',#3253,#3254,#1469,.T.);
#4062=EDGE_CURVE('',#3254,#3251,#1470,.T.);
#4063=EDGE_CURVE('',#3255,#3256,#1471,.T.);
#4064=EDGE_CURVE('',#3256,#3187,#1472,.T.);
#4065=EDGE_CURVE('',#3255,#3190,#1473,.T.);
#4066=EDGE_CURVE('',#3257,#3255,#1474,.T.);
#4067=EDGE_CURVE('',#3257,#3189,#1475,.T.);
#4068=EDGE_CURVE('',#3258,#3257,#1476,.T.);
#4069=EDGE_CURVE('',#3258,#3188,#1477,.T.);
#4070=EDGE_CURVE('',#3256,#3258,#1478,.T.);
#4071=EDGE_CURVE('',#3259,#3260,#1479,.T.);
#4072=EDGE_CURVE('',#3260,#3239,#1480,.T.);
#4073=EDGE_CURVE('',#3259,#3242,#1481,.T.);
#4074=EDGE_CURVE('',#3261,#3259,#1482,.T.);
#4075=EDGE_CURVE('',#3261,#3241,#1483,.T.);
#4076=EDGE_CURVE('',#3262,#3261,#1484,.T.);
#4077=EDGE_CURVE('',#3262,#3240,#1485,.T.);
#4078=EDGE_CURVE('',#3260,#3262,#1486,.T.);
#4079=EDGE_CURVE('',#3263,#3264,#1487,.T.);
#4080=EDGE_CURVE('',#3264,#3131,#1488,.T.);
#4081=EDGE_CURVE('',#3263,#3134,#1489,.T.);
#4082=EDGE_CURVE('',#3265,#3263,#1490,.T.);
#4083=EDGE_CURVE('',#3265,#3133,#1491,.T.);
#4084=EDGE_CURVE('',#3266,#3265,#1492,.T.);
#4085=EDGE_CURVE('',#3266,#3132,#1493,.T.);
#4086=EDGE_CURVE('',#3264,#3266,#1494,.T.);
#4087=EDGE_CURVE('',#3267,#3268,#1495,.T.);
#4088=EDGE_CURVE('',#3268,#3223,#1496,.T.);
#4089=EDGE_CURVE('',#3267,#3226,#1497,.T.);
#4090=EDGE_CURVE('',#3269,#3267,#1498,.T.);
#4091=EDGE_CURVE('',#3269,#3225,#1499,.T.);
#4092=EDGE_CURVE('',#3270,#3269,#1500,.T.);
#4093=EDGE_CURVE('',#3270,#3224,#1501,.T.);
#4094=EDGE_CURVE('',#3268,#3270,#1502,.T.);
#4095=EDGE_CURVE('',#3271,#3272,#1503,.T.);
#4096=EDGE_CURVE('',#3272,#3219,#1504,.T.);
#4097=EDGE_CURVE('',#3271,#3222,#1505,.T.);
#4098=EDGE_CURVE('',#3273,#3271,#1506,.T.);
#4099=EDGE_CURVE('',#3273,#3221,#1507,.T.);
#4100=EDGE_CURVE('',#3274,#3273,#1508,.T.);
#4101=EDGE_CURVE('',#3274,#3220,#1509,.T.);
#4102=EDGE_CURVE('',#3272,#3274,#1510,.T.);
#4103=EDGE_CURVE('',#3275,#3276,#1511,.T.);
#4104=EDGE_CURVE('',#3276,#3119,#1512,.T.);
#4105=EDGE_CURVE('',#3275,#3122,#1513,.T.);
#4106=EDGE_CURVE('',#3277,#3275,#1514,.T.);
#4107=EDGE_CURVE('',#3277,#3121,#1515,.T.);
#4108=EDGE_CURVE('',#3278,#3277,#1516,.T.);
#4109=EDGE_CURVE('',#3278,#3120,#1517,.T.);
#4110=EDGE_CURVE('',#3276,#3278,#1518,.T.);
#4111=EDGE_CURVE('',#3279,#3280,#1519,.T.);
#4112=EDGE_CURVE('',#3280,#3103,#1520,.T.);
#4113=EDGE_CURVE('',#3279,#3106,#1521,.T.);
#4114=EDGE_CURVE('',#3281,#3279,#1522,.T.);
#4115=EDGE_CURVE('',#3281,#3105,#1523,.T.);
#4116=EDGE_CURVE('',#3282,#3281,#1524,.T.);
#4117=EDGE_CURVE('',#3282,#3104,#1525,.T.);
#4118=EDGE_CURVE('',#3280,#3282,#1526,.T.);
#4119=EDGE_CURVE('',#3283,#3284,#1527,.T.);
#4120=EDGE_CURVE('',#3284,#3235,#1528,.T.);
#4121=EDGE_CURVE('',#3283,#3238,#1529,.T.);
#4122=EDGE_CURVE('',#3285,#3283,#1530,.T.);
#4123=EDGE_CURVE('',#3285,#3237,#1531,.T.);
#4124=EDGE_CURVE('',#3286,#3285,#1532,.T.);
#4125=EDGE_CURVE('',#3286,#3236,#1533,.T.);
#4126=EDGE_CURVE('',#3284,#3286,#1534,.T.);
#4127=EDGE_CURVE('',#3287,#3288,#1535,.T.);
#4128=EDGE_CURVE('',#3288,#3115,#1536,.T.);
#4129=EDGE_CURVE('',#3287,#3118,#1537,.T.);
#4130=EDGE_CURVE('',#3289,#3287,#1538,.T.);
#4131=EDGE_CURVE('',#3289,#3117,#1539,.T.);
#4132=EDGE_CURVE('',#3290,#3289,#1540,.T.);
#4133=EDGE_CURVE('',#3290,#3116,#1541,.T.);
#4134=EDGE_CURVE('',#3288,#3290,#1542,.T.);
#4135=EDGE_CURVE('',#3291,#3292,#1543,.T.);
#4136=EDGE_CURVE('',#3292,#3099,#1544,.T.);
#4137=EDGE_CURVE('',#3291,#3102,#1545,.T.);
#4138=EDGE_CURVE('',#3293,#3291,#1546,.T.);
#4139=EDGE_CURVE('',#3293,#3101,#1547,.T.);
#4140=EDGE_CURVE('',#3294,#3293,#1548,.T.);
#4141=EDGE_CURVE('',#3294,#3100,#1549,.T.);
#4142=EDGE_CURVE('',#3292,#3294,#1550,.T.);
#4143=EDGE_CURVE('',#3295,#3296,#1551,.T.);
#4144=EDGE_CURVE('',#3296,#3231,#1552,.T.);
#4145=EDGE_CURVE('',#3295,#3234,#1553,.T.);
#4146=EDGE_CURVE('',#3297,#3295,#1554,.T.);
#4147=EDGE_CURVE('',#3297,#3233,#1555,.T.);
#4148=EDGE_CURVE('',#3298,#3297,#1556,.T.);
#4149=EDGE_CURVE('',#3298,#3232,#1557,.T.);
#4150=EDGE_CURVE('',#3296,#3298,#1558,.T.);
#4151=EDGE_CURVE('',#3299,#3300,#1559,.T.);
#4152=EDGE_CURVE('',#3300,#3227,#1560,.T.);
#4153=EDGE_CURVE('',#3299,#3230,#1561,.T.);
#4154=EDGE_CURVE('',#3301,#3299,#1562,.T.);
#4155=EDGE_CURVE('',#3301,#3229,#1563,.T.);
#4156=EDGE_CURVE('',#3302,#3301,#1564,.T.);
#4157=EDGE_CURVE('',#3302,#3228,#1565,.T.);
#4158=EDGE_CURVE('',#3300,#3302,#1566,.T.);
#4159=EDGE_CURVE('',#3303,#3304,#1567,.T.);
#4160=EDGE_CURVE('',#3304,#3139,#1568,.T.);
#4161=EDGE_CURVE('',#3303,#3142,#1569,.T.);
#4162=EDGE_CURVE('',#3305,#3303,#1570,.T.);
#4163=EDGE_CURVE('',#3305,#3141,#1571,.T.);
#4164=EDGE_CURVE('',#3306,#3305,#1572,.T.);
#4165=EDGE_CURVE('',#3306,#3140,#1573,.T.);
#4166=EDGE_CURVE('',#3304,#3306,#1574,.T.);
#4167=EDGE_CURVE('',#3307,#3308,#1575,.T.);
#4168=EDGE_CURVE('',#3308,#3191,#1576,.T.);
#4169=EDGE_CURVE('',#3307,#3194,#1577,.T.);
#4170=EDGE_CURVE('',#3309,#3307,#1578,.T.);
#4171=EDGE_CURVE('',#3309,#3193,#1579,.T.);
#4172=EDGE_CURVE('',#3310,#3309,#1580,.T.);
#4173=EDGE_CURVE('',#3310,#3192,#1581,.T.);
#4174=EDGE_CURVE('',#3308,#3310,#1582,.T.);
#4175=EDGE_CURVE('',#3311,#3312,#1583,.T.);
#4176=EDGE_CURVE('',#3312,#3199,#1584,.T.);
#4177=EDGE_CURVE('',#3311,#3202,#1585,.T.);
#4178=EDGE_CURVE('',#3313,#3311,#1586,.T.);
#4179=EDGE_CURVE('',#3313,#3201,#1587,.T.);
#4180=EDGE_CURVE('',#3314,#3313,#1588,.T.);
#4181=EDGE_CURVE('',#3314,#3200,#1589,.T.);
#4182=EDGE_CURVE('',#3312,#3314,#1590,.T.);
#4183=EDGE_CURVE('',#3315,#3316,#1591,.T.);
#4184=EDGE_CURVE('',#3316,#3207,#1592,.T.);
#4185=EDGE_CURVE('',#3315,#3210,#1593,.T.);
#4186=EDGE_CURVE('',#3317,#3315,#1594,.T.);
#4187=EDGE_CURVE('',#3317,#3209,#1595,.T.);
#4188=EDGE_CURVE('',#3318,#3317,#1596,.T.);
#4189=EDGE_CURVE('',#3318,#3208,#1597,.T.);
#4190=EDGE_CURVE('',#3316,#3318,#1598,.T.);
#4191=EDGE_CURVE('',#3319,#3320,#1599,.T.);
#4192=EDGE_CURVE('',#3320,#3183,#1600,.T.);
#4193=EDGE_CURVE('',#3319,#3186,#1601,.T.);
#4194=EDGE_CURVE('',#3321,#3319,#1602,.T.);
#4195=EDGE_CURVE('',#3321,#3185,#1603,.T.);
#4196=EDGE_CURVE('',#3322,#3321,#1604,.T.);
#4197=EDGE_CURVE('',#3322,#3184,#1605,.T.);
#4198=EDGE_CURVE('',#3320,#3322,#1606,.T.);
#4199=EDGE_CURVE('',#3323,#3324,#1607,.T.);
#4200=EDGE_CURVE('',#3324,#3155,#1608,.T.);
#4201=EDGE_CURVE('',#3323,#3158,#1609,.T.);
#4202=EDGE_CURVE('',#3325,#3323,#1610,.T.);
#4203=EDGE_CURVE('',#3325,#3157,#1611,.T.);
#4204=EDGE_CURVE('',#3326,#3325,#1612,.T.);
#4205=EDGE_CURVE('',#3326,#3156,#1613,.T.);
#4206=EDGE_CURVE('',#3324,#3326,#1614,.T.);
#4207=EDGE_CURVE('',#3327,#3328,#1615,.T.);
#4208=EDGE_CURVE('',#3328,#3179,#1616,.T.);
#4209=EDGE_CURVE('',#3327,#3182,#1617,.T.);
#4210=EDGE_CURVE('',#3329,#3327,#1618,.T.);
#4211=EDGE_CURVE('',#3329,#3181,#1619,.T.);
#4212=EDGE_CURVE('',#3330,#3329,#1620,.T.);
#4213=EDGE_CURVE('',#3330,#3180,#1621,.T.);
#4214=EDGE_CURVE('',#3328,#3330,#1622,.T.);
#4215=EDGE_CURVE('',#3331,#3332,#1623,.T.);
#4216=EDGE_CURVE('',#3332,#3175,#1624,.T.);
#4217=EDGE_CURVE('',#3331,#3178,#1625,.T.);
#4218=EDGE_CURVE('',#3333,#3331,#1626,.T.);
#4219=EDGE_CURVE('',#3333,#3177,#1627,.T.);
#4220=EDGE_CURVE('',#3334,#3333,#1628,.T.);
#4221=EDGE_CURVE('',#3334,#3176,#1629,.T.);
#4222=EDGE_CURVE('',#3332,#3334,#1630,.T.);
#4223=EDGE_CURVE('',#3335,#3336,#1631,.T.);
#4224=EDGE_CURVE('',#3336,#3167,#1632,.T.);
#4225=EDGE_CURVE('',#3335,#3170,#1633,.T.);
#4226=EDGE_CURVE('',#3337,#3335,#1634,.T.);
#4227=EDGE_CURVE('',#3337,#3169,#1635,.T.);
#4228=EDGE_CURVE('',#3338,#3337,#1636,.T.);
#4229=EDGE_CURVE('',#3338,#3168,#1637,.T.);
#4230=EDGE_CURVE('',#3336,#3338,#1638,.T.);
#4231=EDGE_CURVE('',#3339,#3340,#1639,.T.);
#4232=EDGE_CURVE('',#3340,#3171,#1640,.T.);
#4233=EDGE_CURVE('',#3339,#3174,#1641,.T.);
#4234=EDGE_CURVE('',#3341,#3339,#1642,.T.);
#4235=EDGE_CURVE('',#3341,#3173,#1643,.T.);
#4236=EDGE_CURVE('',#3342,#3341,#1644,.T.);
#4237=EDGE_CURVE('',#3342,#3172,#1645,.T.);
#4238=EDGE_CURVE('',#3340,#3342,#1646,.T.);
#4239=EDGE_CURVE('',#3343,#3344,#1647,.T.);
#4240=EDGE_CURVE('',#3344,#3159,#1648,.T.);
#4241=EDGE_CURVE('',#3343,#3162,#1649,.T.);
#4242=EDGE_CURVE('',#3345,#3343,#1650,.T.);
#4243=EDGE_CURVE('',#3345,#3161,#1651,.T.);
#4244=EDGE_CURVE('',#3346,#3345,#1652,.T.);
#4245=EDGE_CURVE('',#3346,#3160,#1653,.T.);
#4246=EDGE_CURVE('',#3344,#3346,#1654,.T.);
#4247=EDGE_CURVE('',#3347,#3348,#1655,.T.);
#4248=EDGE_CURVE('',#3348,#3163,#1656,.T.);
#4249=EDGE_CURVE('',#3347,#3166,#1657,.T.);
#4250=EDGE_CURVE('',#3349,#3347,#1658,.T.);
#4251=EDGE_CURVE('',#3349,#3165,#1659,.T.);
#4252=EDGE_CURVE('',#3350,#3349,#1660,.T.);
#4253=EDGE_CURVE('',#3350,#3164,#1661,.T.);
#4254=EDGE_CURVE('',#3348,#3350,#1662,.T.);
#4255=EDGE_CURVE('',#3351,#3352,#1663,.T.);
#4256=EDGE_CURVE('',#3352,#3211,#1664,.T.);
#4257=EDGE_CURVE('',#3351,#3214,#1665,.T.);
#4258=EDGE_CURVE('',#3353,#3351,#1666,.T.);
#4259=EDGE_CURVE('',#3353,#3213,#1667,.T.);
#4260=EDGE_CURVE('',#3354,#3353,#1668,.T.);
#4261=EDGE_CURVE('',#3354,#3212,#1669,.T.);
#4262=EDGE_CURVE('',#3352,#3354,#1670,.T.);
#4263=EDGE_CURVE('',#3355,#3356,#1671,.T.);
#4264=EDGE_CURVE('',#3356,#3151,#1672,.T.);
#4265=EDGE_CURVE('',#3355,#3154,#1673,.T.);
#4266=EDGE_CURVE('',#3357,#3355,#1674,.T.);
#4267=EDGE_CURVE('',#3357,#3153,#1675,.T.);
#4268=EDGE_CURVE('',#3358,#3357,#1676,.T.);
#4269=EDGE_CURVE('',#3358,#3152,#1677,.T.);
#4270=EDGE_CURVE('',#3356,#3358,#1678,.T.);
#4271=EDGE_CURVE('',#3359,#3360,#1679,.T.);
#4272=EDGE_CURVE('',#3360,#3147,#1680,.T.);
#4273=EDGE_CURVE('',#3359,#3150,#1681,.T.);
#4274=EDGE_CURVE('',#3361,#3359,#1682,.T.);
#4275=EDGE_CURVE('',#3361,#3149,#1683,.T.);
#4276=EDGE_CURVE('',#3362,#3361,#1684,.T.);
#4277=EDGE_CURVE('',#3362,#3148,#1685,.T.);
#4278=EDGE_CURVE('',#3360,#3362,#1686,.T.);
#4279=EDGE_CURVE('',#3363,#3364,#1687,.T.);
#4280=EDGE_CURVE('',#3364,#3143,#1688,.T.);
#4281=EDGE_CURVE('',#3363,#3146,#1689,.T.);
#4282=EDGE_CURVE('',#3365,#3363,#1690,.T.);
#4283=EDGE_CURVE('',#3365,#3145,#1691,.T.);
#4284=EDGE_CURVE('',#3366,#3365,#1692,.T.);
#4285=EDGE_CURVE('',#3366,#3144,#1693,.T.);
#4286=EDGE_CURVE('',#3364,#3366,#1694,.T.);
#4287=EDGE_CURVE('',#3367,#3368,#1695,.T.);
#4288=EDGE_CURVE('',#3368,#3251,#1696,.T.);
#4289=EDGE_CURVE('',#3367,#3254,#1697,.T.);
#4290=EDGE_CURVE('',#3369,#3367,#1698,.T.);
#4291=EDGE_CURVE('',#3369,#3253,#1699,.T.);
#4292=EDGE_CURVE('',#3370,#3369,#1700,.T.);
#4293=EDGE_CURVE('',#3370,#3252,#1701,.T.);
#4294=EDGE_CURVE('',#3368,#3370,#1702,.T.);
#4295=EDGE_CURVE('',#3371,#3372,#1703,.T.);
#4296=EDGE_CURVE('',#3372,#3195,#1704,.T.);
#4297=EDGE_CURVE('',#3371,#3198,#1705,.T.);
#4298=EDGE_CURVE('',#3373,#3371,#1706,.T.);
#4299=EDGE_CURVE('',#3373,#3197,#1707,.T.);
#4300=EDGE_CURVE('',#3374,#3373,#1708,.T.);
#4301=EDGE_CURVE('',#3374,#3196,#1709,.T.);
#4302=EDGE_CURVE('',#3372,#3374,#1710,.T.);
#4303=EDGE_CURVE('',#3375,#3376,#1711,.T.);
#4304=EDGE_CURVE('',#3376,#3203,#1712,.T.);
#4305=EDGE_CURVE('',#3375,#3206,#1713,.T.);
#4306=EDGE_CURVE('',#3377,#3375,#1714,.T.);
#4307=EDGE_CURVE('',#3377,#3205,#1715,.T.);
#4308=EDGE_CURVE('',#3378,#3377,#1716,.T.);
#4309=EDGE_CURVE('',#3378,#3204,#1717,.T.);
#4310=EDGE_CURVE('',#3376,#3378,#1718,.T.);
#4311=EDGE_CURVE('',#3379,#3380,#1719,.T.);
#4312=EDGE_CURVE('',#3380,#3123,#1720,.T.);
#4313=EDGE_CURVE('',#3379,#3126,#1721,.T.);
#4314=EDGE_CURVE('',#3381,#3379,#1722,.T.);
#4315=EDGE_CURVE('',#3381,#3125,#1723,.T.);
#4316=EDGE_CURVE('',#3382,#3381,#1724,.T.);
#4317=EDGE_CURVE('',#3382,#3124,#1725,.T.);
#4318=EDGE_CURVE('',#3380,#3382,#1726,.T.);
#4319=EDGE_CURVE('',#3383,#3384,#1727,.T.);
#4320=EDGE_CURVE('',#3384,#3135,#1728,.T.);
#4321=EDGE_CURVE('',#3383,#3138,#1729,.T.);
#4322=EDGE_CURVE('',#3385,#3383,#1730,.T.);
#4323=EDGE_CURVE('',#3385,#3137,#1731,.T.);
#4324=EDGE_CURVE('',#3386,#3385,#1732,.T.);
#4325=EDGE_CURVE('',#3386,#3136,#1733,.T.);
#4326=EDGE_CURVE('',#3384,#3386,#1734,.T.);
#4327=EDGE_CURVE('',#3387,#3388,#1735,.T.);
#4328=EDGE_CURVE('',#3388,#3111,#1736,.T.);
#4329=EDGE_CURVE('',#3387,#3114,#1737,.T.);
#4330=EDGE_CURVE('',#3389,#3387,#1738,.T.);
#4331=EDGE_CURVE('',#3389,#3113,#1739,.T.);
#4332=EDGE_CURVE('',#3390,#3389,#1740,.T.);
#4333=EDGE_CURVE('',#3390,#3112,#1741,.T.);
#4334=EDGE_CURVE('',#3388,#3390,#1742,.T.);
#4335=EDGE_CURVE('',#3391,#3392,#1743,.T.);
#4336=EDGE_CURVE('',#3392,#3243,#1744,.T.);
#4337=EDGE_CURVE('',#3391,#3246,#1745,.T.);
#4338=EDGE_CURVE('',#3393,#3391,#1746,.T.);
#4339=EDGE_CURVE('',#3393,#3245,#1747,.T.);
#4340=EDGE_CURVE('',#3394,#3393,#1748,.T.);
#4341=EDGE_CURVE('',#3394,#3244,#1749,.T.);
#4342=EDGE_CURVE('',#3392,#3394,#1750,.T.);
#4343=EDGE_CURVE('',#3395,#3396,#1751,.T.);
#4344=EDGE_CURVE('',#3396,#3095,#1752,.T.);
#4345=EDGE_CURVE('',#3395,#3098,#1753,.T.);
#4346=EDGE_CURVE('',#3397,#3395,#1754,.T.);
#4347=EDGE_CURVE('',#3397,#3097,#1755,.T.);
#4348=EDGE_CURVE('',#3398,#3397,#1756,.T.);
#4349=EDGE_CURVE('',#3398,#3096,#1757,.T.);
#4350=EDGE_CURVE('',#3396,#3398,#1758,.T.);
#4351=EDGE_CURVE('',#3399,#3400,#1759,.T.);
#4352=EDGE_CURVE('',#3400,#3127,#1760,.T.);
#4353=EDGE_CURVE('',#3399,#3130,#1761,.T.);
#4354=EDGE_CURVE('',#3401,#3399,#1762,.T.);
#4355=EDGE_CURVE('',#3401,#3129,#1763,.T.);
#4356=EDGE_CURVE('',#3402,#3401,#1764,.T.);
#4357=EDGE_CURVE('',#3402,#3128,#1765,.T.);
#4358=EDGE_CURVE('',#3400,#3402,#1766,.T.);
#4359=EDGE_CURVE('',#3403,#3404,#1767,.T.);
#4360=EDGE_CURVE('',#3404,#3107,#1768,.T.);
#4361=EDGE_CURVE('',#3403,#3110,#1769,.T.);
#4362=EDGE_CURVE('',#3405,#3403,#1770,.T.);
#4363=EDGE_CURVE('',#3405,#3109,#1771,.T.);
#4364=EDGE_CURVE('',#3406,#3405,#1772,.T.);
#4365=EDGE_CURVE('',#3406,#3108,#1773,.T.);
#4366=EDGE_CURVE('',#3404,#3406,#1774,.T.);
#4367=EDGE_CURVE('',#3407,#3408,#1775,.T.);
#4368=EDGE_CURVE('',#3408,#3247,#1776,.T.);
#4369=EDGE_CURVE('',#3407,#3250,#1777,.T.);
#4370=EDGE_CURVE('',#3409,#3407,#1778,.T.);
#4371=EDGE_CURVE('',#3409,#3249,#1779,.T.);
#4372=EDGE_CURVE('',#3410,#3409,#1780,.T.);
#4373=EDGE_CURVE('',#3410,#3248,#1781,.T.);
#4374=EDGE_CURVE('',#3408,#3410,#1782,.T.);
#4375=EDGE_CURVE('',#3411,#3412,#1783,.T.);
#4376=EDGE_CURVE('',#3412,#3215,#1784,.T.);
#4377=EDGE_CURVE('',#3411,#3218,#1785,.T.);
#4378=EDGE_CURVE('',#3413,#3411,#1786,.T.);
#4379=EDGE_CURVE('',#3413,#3217,#1787,.T.);
#4380=EDGE_CURVE('',#3414,#3413,#1788,.T.);
#4381=EDGE_CURVE('',#3414,#3216,#1789,.T.);
#4382=EDGE_CURVE('',#3412,#3414,#1790,.T.);
#4383=EDGE_CURVE('',#3415,#3416,#1791,.T.);
#4384=EDGE_CURVE('',#3416,#3094,#1792,.T.);
#4385=EDGE_CURVE('',#3415,#3093,#1793,.T.);
#4386=EDGE_CURVE('',#3417,#3415,#1794,.T.);
#4387=EDGE_CURVE('',#3417,#3092,#1795,.T.);
#4388=EDGE_CURVE('',#3418,#3417,#1796,.T.);
#4389=EDGE_CURVE('',#3418,#3091,#1797,.T.);
#4390=EDGE_CURVE('',#3416,#3418,#1798,.T.);
#4391=ORIENTED_EDGE('',*,*,#3419,.F.);
#4392=ORIENTED_EDGE('',*,*,#3420,.T.);
#4393=ORIENTED_EDGE('',*,*,#3421,.F.);
#4394=ORIENTED_EDGE('',*,*,#3422,.F.);
#4395=ORIENTED_EDGE('',*,*,#3423,.F.);
#4396=ORIENTED_EDGE('',*,*,#3422,.T.);
#4397=ORIENTED_EDGE('',*,*,#3424,.F.);
#4398=ORIENTED_EDGE('',*,*,#3425,.F.);
#4399=ORIENTED_EDGE('',*,*,#3426,.F.);
#4400=ORIENTED_EDGE('',*,*,#3425,.T.);
#4401=ORIENTED_EDGE('',*,*,#3427,.F.);
#4402=ORIENTED_EDGE('',*,*,#3428,.F.);
#4403=ORIENTED_EDGE('',*,*,#3429,.F.);
#4404=ORIENTED_EDGE('',*,*,#3430,.T.);
#4405=ORIENTED_EDGE('',*,*,#3431,.F.);
#4406=ORIENTED_EDGE('',*,*,#3432,.F.);
#4407=ORIENTED_EDGE('',*,*,#3433,.F.);
#4408=ORIENTED_EDGE('',*,*,#3432,.T.);
#4409=ORIENTED_EDGE('',*,*,#3434,.F.);
#4410=ORIENTED_EDGE('',*,*,#3435,.F.);
#4411=ORIENTED_EDGE('',*,*,#3436,.F.);
#4412=ORIENTED_EDGE('',*,*,#3435,.T.);
#4413=ORIENTED_EDGE('',*,*,#3437,.F.);
#4414=ORIENTED_EDGE('',*,*,#3438,.F.);
#4415=ORIENTED_EDGE('',*,*,#3439,.F.);
#4416=ORIENTED_EDGE('',*,*,#3440,.T.);
#4417=ORIENTED_EDGE('',*,*,#3441,.F.);
#4418=ORIENTED_EDGE('',*,*,#3442,.F.);
#4419=ORIENTED_EDGE('',*,*,#3443,.F.);
#4420=ORIENTED_EDGE('',*,*,#3442,.T.);
#4421=ORIENTED_EDGE('',*,*,#3444,.F.);
#4422=ORIENTED_EDGE('',*,*,#3445,.F.);
#4423=ORIENTED_EDGE('',*,*,#3446,.F.);
#4424=ORIENTED_EDGE('',*,*,#3445,.T.);
#4425=ORIENTED_EDGE('',*,*,#3447,.F.);
#4426=ORIENTED_EDGE('',*,*,#3448,.F.);
#4427=ORIENTED_EDGE('',*,*,#3449,.F.);
#4428=ORIENTED_EDGE('',*,*,#3450,.T.);
#4429=ORIENTED_EDGE('',*,*,#3451,.F.);
#4430=ORIENTED_EDGE('',*,*,#3452,.F.);
#4431=ORIENTED_EDGE('',*,*,#3453,.F.);
#4432=ORIENTED_EDGE('',*,*,#3452,.T.);
#4433=ORIENTED_EDGE('',*,*,#3454,.F.);
#4434=ORIENTED_EDGE('',*,*,#3455,.F.);
#4435=ORIENTED_EDGE('',*,*,#3456,.F.);
#4436=ORIENTED_EDGE('',*,*,#3455,.T.);
#4437=ORIENTED_EDGE('',*,*,#3457,.F.);
#4438=ORIENTED_EDGE('',*,*,#3458,.F.);
#4439=ORIENTED_EDGE('',*,*,#3459,.F.);
#4440=ORIENTED_EDGE('',*,*,#3460,.T.);
#4441=ORIENTED_EDGE('',*,*,#3461,.F.);
#4442=ORIENTED_EDGE('',*,*,#3462,.F.);
#4443=ORIENTED_EDGE('',*,*,#3463,.F.);
#4444=ORIENTED_EDGE('',*,*,#3462,.T.);
#4445=ORIENTED_EDGE('',*,*,#3464,.F.);
#4446=ORIENTED_EDGE('',*,*,#3465,.F.);
#4447=ORIENTED_EDGE('',*,*,#3466,.F.);
#4448=ORIENTED_EDGE('',*,*,#3465,.T.);
#4449=ORIENTED_EDGE('',*,*,#3467,.F.);
#4450=ORIENTED_EDGE('',*,*,#3468,.F.);
#4451=ORIENTED_EDGE('',*,*,#3469,.F.);
#4452=ORIENTED_EDGE('',*,*,#3470,.T.);
#4453=ORIENTED_EDGE('',*,*,#3471,.F.);
#4454=ORIENTED_EDGE('',*,*,#3472,.F.);
#4455=ORIENTED_EDGE('',*,*,#3473,.F.);
#4456=ORIENTED_EDGE('',*,*,#3472,.T.);
#4457=ORIENTED_EDGE('',*,*,#3474,.F.);
#4458=ORIENTED_EDGE('',*,*,#3475,.F.);
#4459=ORIENTED_EDGE('',*,*,#3476,.F.);
#4460=ORIENTED_EDGE('',*,*,#3475,.T.);
#4461=ORIENTED_EDGE('',*,*,#3477,.F.);
#4462=ORIENTED_EDGE('',*,*,#3478,.F.);
#4463=ORIENTED_EDGE('',*,*,#3479,.F.);
#4464=ORIENTED_EDGE('',*,*,#3480,.T.);
#4465=ORIENTED_EDGE('',*,*,#3481,.F.);
#4466=ORIENTED_EDGE('',*,*,#3482,.F.);
#4467=ORIENTED_EDGE('',*,*,#3483,.F.);
#4468=ORIENTED_EDGE('',*,*,#3482,.T.);
#4469=ORIENTED_EDGE('',*,*,#3484,.F.);
#4470=ORIENTED_EDGE('',*,*,#3485,.F.);
#4471=ORIENTED_EDGE('',*,*,#3486,.F.);
#4472=ORIENTED_EDGE('',*,*,#3485,.T.);
#4473=ORIENTED_EDGE('',*,*,#3487,.F.);
#4474=ORIENTED_EDGE('',*,*,#3488,.F.);
#4475=ORIENTED_EDGE('',*,*,#3489,.F.);
#4476=ORIENTED_EDGE('',*,*,#3490,.T.);
#4477=ORIENTED_EDGE('',*,*,#3491,.F.);
#4478=ORIENTED_EDGE('',*,*,#3492,.F.);
#4479=ORIENTED_EDGE('',*,*,#3493,.F.);
#4480=ORIENTED_EDGE('',*,*,#3492,.T.);
#4481=ORIENTED_EDGE('',*,*,#3494,.F.);
#4482=ORIENTED_EDGE('',*,*,#3495,.F.);
#4483=ORIENTED_EDGE('',*,*,#3496,.F.);
#4484=ORIENTED_EDGE('',*,*,#3495,.T.);
#4485=ORIENTED_EDGE('',*,*,#3497,.F.);
#4486=ORIENTED_EDGE('',*,*,#3498,.F.);
#4487=ORIENTED_EDGE('',*,*,#3499,.F.);
#4488=ORIENTED_EDGE('',*,*,#3500,.T.);
#4489=ORIENTED_EDGE('',*,*,#3501,.F.);
#4490=ORIENTED_EDGE('',*,*,#3502,.F.);
#4491=ORIENTED_EDGE('',*,*,#3503,.F.);
#4492=ORIENTED_EDGE('',*,*,#3502,.T.);
#4493=ORIENTED_EDGE('',*,*,#3504,.F.);
#4494=ORIENTED_EDGE('',*,*,#3505,.F.);
#4495=ORIENTED_EDGE('',*,*,#3506,.F.);
#4496=ORIENTED_EDGE('',*,*,#3505,.T.);
#4497=ORIENTED_EDGE('',*,*,#3507,.F.);
#4498=ORIENTED_EDGE('',*,*,#3508,.F.);
#4499=ORIENTED_EDGE('',*,*,#3509,.F.);
#4500=ORIENTED_EDGE('',*,*,#3510,.T.);
#4501=ORIENTED_EDGE('',*,*,#3511,.F.);
#4502=ORIENTED_EDGE('',*,*,#3512,.F.);
#4503=ORIENTED_EDGE('',*,*,#3513,.F.);
#4504=ORIENTED_EDGE('',*,*,#3512,.T.);
#4505=ORIENTED_EDGE('',*,*,#3514,.F.);
#4506=ORIENTED_EDGE('',*,*,#3515,.F.);
#4507=ORIENTED_EDGE('',*,*,#3516,.F.);
#4508=ORIENTED_EDGE('',*,*,#3515,.T.);
#4509=ORIENTED_EDGE('',*,*,#3517,.F.);
#4510=ORIENTED_EDGE('',*,*,#3518,.F.);
#4511=ORIENTED_EDGE('',*,*,#3519,.F.);
#4512=ORIENTED_EDGE('',*,*,#3520,.T.);
#4513=ORIENTED_EDGE('',*,*,#3521,.F.);
#4514=ORIENTED_EDGE('',*,*,#3522,.F.);
#4515=ORIENTED_EDGE('',*,*,#3523,.F.);
#4516=ORIENTED_EDGE('',*,*,#3522,.T.);
#4517=ORIENTED_EDGE('',*,*,#3524,.F.);
#4518=ORIENTED_EDGE('',*,*,#3525,.F.);
#4519=ORIENTED_EDGE('',*,*,#3526,.F.);
#4520=ORIENTED_EDGE('',*,*,#3525,.T.);
#4521=ORIENTED_EDGE('',*,*,#3527,.F.);
#4522=ORIENTED_EDGE('',*,*,#3528,.F.);
#4523=ORIENTED_EDGE('',*,*,#3529,.F.);
#4524=ORIENTED_EDGE('',*,*,#3530,.T.);
#4525=ORIENTED_EDGE('',*,*,#3531,.F.);
#4526=ORIENTED_EDGE('',*,*,#3532,.F.);
#4527=ORIENTED_EDGE('',*,*,#3533,.F.);
#4528=ORIENTED_EDGE('',*,*,#3532,.T.);
#4529=ORIENTED_EDGE('',*,*,#3534,.F.);
#4530=ORIENTED_EDGE('',*,*,#3535,.F.);
#4531=ORIENTED_EDGE('',*,*,#3536,.F.);
#4532=ORIENTED_EDGE('',*,*,#3535,.T.);
#4533=ORIENTED_EDGE('',*,*,#3537,.F.);
#4534=ORIENTED_EDGE('',*,*,#3538,.F.);
#4535=ORIENTED_EDGE('',*,*,#3539,.F.);
#4536=ORIENTED_EDGE('',*,*,#3540,.T.);
#4537=ORIENTED_EDGE('',*,*,#3541,.F.);
#4538=ORIENTED_EDGE('',*,*,#3542,.F.);
#4539=ORIENTED_EDGE('',*,*,#3543,.F.);
#4540=ORIENTED_EDGE('',*,*,#3542,.T.);
#4541=ORIENTED_EDGE('',*,*,#3544,.F.);
#4542=ORIENTED_EDGE('',*,*,#3545,.F.);
#4543=ORIENTED_EDGE('',*,*,#3546,.F.);
#4544=ORIENTED_EDGE('',*,*,#3545,.T.);
#4545=ORIENTED_EDGE('',*,*,#3547,.F.);
#4546=ORIENTED_EDGE('',*,*,#3548,.F.);
#4547=ORIENTED_EDGE('',*,*,#3549,.F.);
#4548=ORIENTED_EDGE('',*,*,#3550,.T.);
#4549=ORIENTED_EDGE('',*,*,#3551,.F.);
#4550=ORIENTED_EDGE('',*,*,#3552,.F.);
#4551=ORIENTED_EDGE('',*,*,#3553,.F.);
#4552=ORIENTED_EDGE('',*,*,#3552,.T.);
#4553=ORIENTED_EDGE('',*,*,#3554,.F.);
#4554=ORIENTED_EDGE('',*,*,#3555,.F.);
#4555=ORIENTED_EDGE('',*,*,#3556,.F.);
#4556=ORIENTED_EDGE('',*,*,#3555,.T.);
#4557=ORIENTED_EDGE('',*,*,#3557,.F.);
#4558=ORIENTED_EDGE('',*,*,#3558,.F.);
#4559=ORIENTED_EDGE('',*,*,#3559,.F.);
#4560=ORIENTED_EDGE('',*,*,#3560,.T.);
#4561=ORIENTED_EDGE('',*,*,#3561,.F.);
#4562=ORIENTED_EDGE('',*,*,#3562,.F.);
#4563=ORIENTED_EDGE('',*,*,#3563,.F.);
#4564=ORIENTED_EDGE('',*,*,#3562,.T.);
#4565=ORIENTED_EDGE('',*,*,#3564,.F.);
#4566=ORIENTED_EDGE('',*,*,#3565,.F.);
#4567=ORIENTED_EDGE('',*,*,#3566,.F.);
#4568=ORIENTED_EDGE('',*,*,#3565,.T.);
#4569=ORIENTED_EDGE('',*,*,#3567,.F.);
#4570=ORIENTED_EDGE('',*,*,#3568,.F.);
#4571=ORIENTED_EDGE('',*,*,#3569,.F.);
#4572=ORIENTED_EDGE('',*,*,#3570,.T.);
#4573=ORIENTED_EDGE('',*,*,#3571,.F.);
#4574=ORIENTED_EDGE('',*,*,#3572,.F.);
#4575=ORIENTED_EDGE('',*,*,#3573,.F.);
#4576=ORIENTED_EDGE('',*,*,#3572,.T.);
#4577=ORIENTED_EDGE('',*,*,#3574,.F.);
#4578=ORIENTED_EDGE('',*,*,#3575,.F.);
#4579=ORIENTED_EDGE('',*,*,#3576,.F.);
#4580=ORIENTED_EDGE('',*,*,#3575,.T.);
#4581=ORIENTED_EDGE('',*,*,#3577,.F.);
#4582=ORIENTED_EDGE('',*,*,#3578,.F.);
#4583=ORIENTED_EDGE('',*,*,#3579,.F.);
#4584=ORIENTED_EDGE('',*,*,#3580,.T.);
#4585=ORIENTED_EDGE('',*,*,#3581,.F.);
#4586=ORIENTED_EDGE('',*,*,#3582,.F.);
#4587=ORIENTED_EDGE('',*,*,#3583,.F.);
#4588=ORIENTED_EDGE('',*,*,#3582,.T.);
#4589=ORIENTED_EDGE('',*,*,#3584,.F.);
#4590=ORIENTED_EDGE('',*,*,#3585,.F.);
#4591=ORIENTED_EDGE('',*,*,#3586,.F.);
#4592=ORIENTED_EDGE('',*,*,#3585,.T.);
#4593=ORIENTED_EDGE('',*,*,#3587,.F.);
#4594=ORIENTED_EDGE('',*,*,#3588,.F.);
#4595=ORIENTED_EDGE('',*,*,#3589,.F.);
#4596=ORIENTED_EDGE('',*,*,#3590,.T.);
#4597=ORIENTED_EDGE('',*,*,#3591,.F.);
#4598=ORIENTED_EDGE('',*,*,#3592,.F.);
#4599=ORIENTED_EDGE('',*,*,#3593,.F.);
#4600=ORIENTED_EDGE('',*,*,#3592,.T.);
#4601=ORIENTED_EDGE('',*,*,#3594,.F.);
#4602=ORIENTED_EDGE('',*,*,#3595,.F.);
#4603=ORIENTED_EDGE('',*,*,#3596,.F.);
#4604=ORIENTED_EDGE('',*,*,#3595,.T.);
#4605=ORIENTED_EDGE('',*,*,#3597,.F.);
#4606=ORIENTED_EDGE('',*,*,#3598,.F.);
#4607=ORIENTED_EDGE('',*,*,#3599,.F.);
#4608=ORIENTED_EDGE('',*,*,#3600,.T.);
#4609=ORIENTED_EDGE('',*,*,#3601,.F.);
#4610=ORIENTED_EDGE('',*,*,#3602,.F.);
#4611=ORIENTED_EDGE('',*,*,#3603,.F.);
#4612=ORIENTED_EDGE('',*,*,#3602,.T.);
#4613=ORIENTED_EDGE('',*,*,#3604,.F.);
#4614=ORIENTED_EDGE('',*,*,#3605,.F.);
#4615=ORIENTED_EDGE('',*,*,#3606,.F.);
#4616=ORIENTED_EDGE('',*,*,#3605,.T.);
#4617=ORIENTED_EDGE('',*,*,#3607,.F.);
#4618=ORIENTED_EDGE('',*,*,#3608,.F.);
#4619=ORIENTED_EDGE('',*,*,#3609,.F.);
#4620=ORIENTED_EDGE('',*,*,#3610,.T.);
#4621=ORIENTED_EDGE('',*,*,#3611,.F.);
#4622=ORIENTED_EDGE('',*,*,#3612,.F.);
#4623=ORIENTED_EDGE('',*,*,#3613,.F.);
#4624=ORIENTED_EDGE('',*,*,#3612,.T.);
#4625=ORIENTED_EDGE('',*,*,#3614,.F.);
#4626=ORIENTED_EDGE('',*,*,#3615,.F.);
#4627=ORIENTED_EDGE('',*,*,#3616,.F.);
#4628=ORIENTED_EDGE('',*,*,#3615,.T.);
#4629=ORIENTED_EDGE('',*,*,#3617,.F.);
#4630=ORIENTED_EDGE('',*,*,#3618,.F.);
#4631=ORIENTED_EDGE('',*,*,#3619,.F.);
#4632=ORIENTED_EDGE('',*,*,#3620,.T.);
#4633=ORIENTED_EDGE('',*,*,#3621,.F.);
#4634=ORIENTED_EDGE('',*,*,#3622,.F.);
#4635=ORIENTED_EDGE('',*,*,#3623,.F.);
#4636=ORIENTED_EDGE('',*,*,#3622,.T.);
#4637=ORIENTED_EDGE('',*,*,#3624,.F.);
#4638=ORIENTED_EDGE('',*,*,#3625,.F.);
#4639=ORIENTED_EDGE('',*,*,#3626,.F.);
#4640=ORIENTED_EDGE('',*,*,#3625,.T.);
#4641=ORIENTED_EDGE('',*,*,#3627,.F.);
#4642=ORIENTED_EDGE('',*,*,#3628,.F.);
#4643=ORIENTED_EDGE('',*,*,#3629,.F.);
#4644=ORIENTED_EDGE('',*,*,#3630,.T.);
#4645=ORIENTED_EDGE('',*,*,#3631,.F.);
#4646=ORIENTED_EDGE('',*,*,#3632,.F.);
#4647=ORIENTED_EDGE('',*,*,#3633,.F.);
#4648=ORIENTED_EDGE('',*,*,#3632,.T.);
#4649=ORIENTED_EDGE('',*,*,#3634,.F.);
#4650=ORIENTED_EDGE('',*,*,#3635,.F.);
#4651=ORIENTED_EDGE('',*,*,#3636,.F.);
#4652=ORIENTED_EDGE('',*,*,#3635,.T.);
#4653=ORIENTED_EDGE('',*,*,#3637,.F.);
#4654=ORIENTED_EDGE('',*,*,#3638,.F.);
#4655=ORIENTED_EDGE('',*,*,#3639,.F.);
#4656=ORIENTED_EDGE('',*,*,#3640,.T.);
#4657=ORIENTED_EDGE('',*,*,#3641,.F.);
#4658=ORIENTED_EDGE('',*,*,#3642,.F.);
#4659=ORIENTED_EDGE('',*,*,#3643,.F.);
#4660=ORIENTED_EDGE('',*,*,#3642,.T.);
#4661=ORIENTED_EDGE('',*,*,#3644,.F.);
#4662=ORIENTED_EDGE('',*,*,#3645,.F.);
#4663=ORIENTED_EDGE('',*,*,#3646,.F.);
#4664=ORIENTED_EDGE('',*,*,#3645,.T.);
#4665=ORIENTED_EDGE('',*,*,#3647,.F.);
#4666=ORIENTED_EDGE('',*,*,#3648,.F.);
#4667=ORIENTED_EDGE('',*,*,#3649,.F.);
#4668=ORIENTED_EDGE('',*,*,#3650,.T.);
#4669=ORIENTED_EDGE('',*,*,#3651,.F.);
#4670=ORIENTED_EDGE('',*,*,#3652,.F.);
#4671=ORIENTED_EDGE('',*,*,#3653,.F.);
#4672=ORIENTED_EDGE('',*,*,#3652,.T.);
#4673=ORIENTED_EDGE('',*,*,#3654,.F.);
#4674=ORIENTED_EDGE('',*,*,#3655,.F.);
#4675=ORIENTED_EDGE('',*,*,#3656,.F.);
#4676=ORIENTED_EDGE('',*,*,#3655,.T.);
#4677=ORIENTED_EDGE('',*,*,#3657,.F.);
#4678=ORIENTED_EDGE('',*,*,#3658,.F.);
#4679=ORIENTED_EDGE('',*,*,#3659,.F.);
#4680=ORIENTED_EDGE('',*,*,#3660,.T.);
#4681=ORIENTED_EDGE('',*,*,#3661,.F.);
#4682=ORIENTED_EDGE('',*,*,#3662,.F.);
#4683=ORIENTED_EDGE('',*,*,#3663,.F.);
#4684=ORIENTED_EDGE('',*,*,#3662,.T.);
#4685=ORIENTED_EDGE('',*,*,#3664,.F.);
#4686=ORIENTED_EDGE('',*,*,#3665,.F.);
#4687=ORIENTED_EDGE('',*,*,#3666,.F.);
#4688=ORIENTED_EDGE('',*,*,#3665,.T.);
#4689=ORIENTED_EDGE('',*,*,#3667,.F.);
#4690=ORIENTED_EDGE('',*,*,#3668,.F.);
#4691=ORIENTED_EDGE('',*,*,#3669,.F.);
#4692=ORIENTED_EDGE('',*,*,#3670,.T.);
#4693=ORIENTED_EDGE('',*,*,#3671,.F.);
#4694=ORIENTED_EDGE('',*,*,#3672,.F.);
#4695=ORIENTED_EDGE('',*,*,#3673,.F.);
#4696=ORIENTED_EDGE('',*,*,#3672,.T.);
#4697=ORIENTED_EDGE('',*,*,#3674,.F.);
#4698=ORIENTED_EDGE('',*,*,#3675,.F.);
#4699=ORIENTED_EDGE('',*,*,#3676,.F.);
#4700=ORIENTED_EDGE('',*,*,#3675,.T.);
#4701=ORIENTED_EDGE('',*,*,#3677,.F.);
#4702=ORIENTED_EDGE('',*,*,#3678,.F.);
#4703=ORIENTED_EDGE('',*,*,#3679,.F.);
#4704=ORIENTED_EDGE('',*,*,#3680,.T.);
#4705=ORIENTED_EDGE('',*,*,#3681,.F.);
#4706=ORIENTED_EDGE('',*,*,#3682,.F.);
#4707=ORIENTED_EDGE('',*,*,#3683,.F.);
#4708=ORIENTED_EDGE('',*,*,#3682,.T.);
#4709=ORIENTED_EDGE('',*,*,#3684,.F.);
#4710=ORIENTED_EDGE('',*,*,#3685,.F.);
#4711=ORIENTED_EDGE('',*,*,#3686,.F.);
#4712=ORIENTED_EDGE('',*,*,#3685,.T.);
#4713=ORIENTED_EDGE('',*,*,#3687,.F.);
#4714=ORIENTED_EDGE('',*,*,#3688,.F.);
#4715=ORIENTED_EDGE('',*,*,#3689,.F.);
#4716=ORIENTED_EDGE('',*,*,#3690,.T.);
#4717=ORIENTED_EDGE('',*,*,#3691,.F.);
#4718=ORIENTED_EDGE('',*,*,#3692,.F.);
#4719=ORIENTED_EDGE('',*,*,#3693,.F.);
#4720=ORIENTED_EDGE('',*,*,#3692,.T.);
#4721=ORIENTED_EDGE('',*,*,#3694,.F.);
#4722=ORIENTED_EDGE('',*,*,#3695,.F.);
#4723=ORIENTED_EDGE('',*,*,#3696,.F.);
#4724=ORIENTED_EDGE('',*,*,#3695,.T.);
#4725=ORIENTED_EDGE('',*,*,#3697,.F.);
#4726=ORIENTED_EDGE('',*,*,#3698,.F.);
#4727=ORIENTED_EDGE('',*,*,#3699,.F.);
#4728=ORIENTED_EDGE('',*,*,#3700,.T.);
#4729=ORIENTED_EDGE('',*,*,#3701,.F.);
#4730=ORIENTED_EDGE('',*,*,#3702,.F.);
#4731=ORIENTED_EDGE('',*,*,#3703,.F.);
#4732=ORIENTED_EDGE('',*,*,#3702,.T.);
#4733=ORIENTED_EDGE('',*,*,#3704,.F.);
#4734=ORIENTED_EDGE('',*,*,#3705,.F.);
#4735=ORIENTED_EDGE('',*,*,#3706,.F.);
#4736=ORIENTED_EDGE('',*,*,#3705,.T.);
#4737=ORIENTED_EDGE('',*,*,#3707,.F.);
#4738=ORIENTED_EDGE('',*,*,#3708,.F.);
#4739=ORIENTED_EDGE('',*,*,#3709,.F.);
#4740=ORIENTED_EDGE('',*,*,#3710,.T.);
#4741=ORIENTED_EDGE('',*,*,#3711,.F.);
#4742=ORIENTED_EDGE('',*,*,#3712,.F.);
#4743=ORIENTED_EDGE('',*,*,#3713,.F.);
#4744=ORIENTED_EDGE('',*,*,#3712,.T.);
#4745=ORIENTED_EDGE('',*,*,#3714,.F.);
#4746=ORIENTED_EDGE('',*,*,#3715,.F.);
#4747=ORIENTED_EDGE('',*,*,#3716,.F.);
#4748=ORIENTED_EDGE('',*,*,#3715,.T.);
#4749=ORIENTED_EDGE('',*,*,#3717,.F.);
#4750=ORIENTED_EDGE('',*,*,#3718,.F.);
#4751=ORIENTED_EDGE('',*,*,#3719,.F.);
#4752=ORIENTED_EDGE('',*,*,#3720,.T.);
#4753=ORIENTED_EDGE('',*,*,#3721,.F.);
#4754=ORIENTED_EDGE('',*,*,#3722,.F.);
#4755=ORIENTED_EDGE('',*,*,#3723,.F.);
#4756=ORIENTED_EDGE('',*,*,#3722,.T.);
#4757=ORIENTED_EDGE('',*,*,#3724,.F.);
#4758=ORIENTED_EDGE('',*,*,#3725,.F.);
#4759=ORIENTED_EDGE('',*,*,#3726,.F.);
#4760=ORIENTED_EDGE('',*,*,#3725,.T.);
#4761=ORIENTED_EDGE('',*,*,#3727,.F.);
#4762=ORIENTED_EDGE('',*,*,#3728,.F.);
#4763=ORIENTED_EDGE('',*,*,#3729,.F.);
#4764=ORIENTED_EDGE('',*,*,#3730,.T.);
#4765=ORIENTED_EDGE('',*,*,#3731,.F.);
#4766=ORIENTED_EDGE('',*,*,#3732,.F.);
#4767=ORIENTED_EDGE('',*,*,#3733,.F.);
#4768=ORIENTED_EDGE('',*,*,#3732,.T.);
#4769=ORIENTED_EDGE('',*,*,#3734,.F.);
#4770=ORIENTED_EDGE('',*,*,#3735,.F.);
#4771=ORIENTED_EDGE('',*,*,#3736,.F.);
#4772=ORIENTED_EDGE('',*,*,#3735,.T.);
#4773=ORIENTED_EDGE('',*,*,#3737,.F.);
#4774=ORIENTED_EDGE('',*,*,#3738,.F.);
#4775=ORIENTED_EDGE('',*,*,#3739,.F.);
#4776=ORIENTED_EDGE('',*,*,#3740,.T.);
#4777=ORIENTED_EDGE('',*,*,#3741,.F.);
#4778=ORIENTED_EDGE('',*,*,#3742,.F.);
#4779=ORIENTED_EDGE('',*,*,#3743,.F.);
#4780=ORIENTED_EDGE('',*,*,#3742,.T.);
#4781=ORIENTED_EDGE('',*,*,#3744,.F.);
#4782=ORIENTED_EDGE('',*,*,#3745,.F.);
#4783=ORIENTED_EDGE('',*,*,#3746,.F.);
#4784=ORIENTED_EDGE('',*,*,#3745,.T.);
#4785=ORIENTED_EDGE('',*,*,#3747,.F.);
#4786=ORIENTED_EDGE('',*,*,#3748,.F.);
#4787=ORIENTED_EDGE('',*,*,#3749,.F.);
#4788=ORIENTED_EDGE('',*,*,#3750,.T.);
#4789=ORIENTED_EDGE('',*,*,#3751,.F.);
#4790=ORIENTED_EDGE('',*,*,#3752,.F.);
#4791=ORIENTED_EDGE('',*,*,#3753,.F.);
#4792=ORIENTED_EDGE('',*,*,#3752,.T.);
#4793=ORIENTED_EDGE('',*,*,#3754,.F.);
#4794=ORIENTED_EDGE('',*,*,#3755,.F.);
#4795=ORIENTED_EDGE('',*,*,#3756,.F.);
#4796=ORIENTED_EDGE('',*,*,#3755,.T.);
#4797=ORIENTED_EDGE('',*,*,#3757,.F.);
#4798=ORIENTED_EDGE('',*,*,#3758,.F.);
#4799=ORIENTED_EDGE('',*,*,#3759,.F.);
#4800=ORIENTED_EDGE('',*,*,#3760,.T.);
#4801=ORIENTED_EDGE('',*,*,#3761,.F.);
#4802=ORIENTED_EDGE('',*,*,#3762,.F.);
#4803=ORIENTED_EDGE('',*,*,#3763,.F.);
#4804=ORIENTED_EDGE('',*,*,#3762,.T.);
#4805=ORIENTED_EDGE('',*,*,#3764,.F.);
#4806=ORIENTED_EDGE('',*,*,#3765,.F.);
#4807=ORIENTED_EDGE('',*,*,#3766,.F.);
#4808=ORIENTED_EDGE('',*,*,#3765,.T.);
#4809=ORIENTED_EDGE('',*,*,#3767,.F.);
#4810=ORIENTED_EDGE('',*,*,#3768,.F.);
#4811=ORIENTED_EDGE('',*,*,#3769,.F.);
#4812=ORIENTED_EDGE('',*,*,#3770,.T.);
#4813=ORIENTED_EDGE('',*,*,#3771,.F.);
#4814=ORIENTED_EDGE('',*,*,#3772,.F.);
#4815=ORIENTED_EDGE('',*,*,#3773,.F.);
#4816=ORIENTED_EDGE('',*,*,#3772,.T.);
#4817=ORIENTED_EDGE('',*,*,#3774,.F.);
#4818=ORIENTED_EDGE('',*,*,#3775,.F.);
#4819=ORIENTED_EDGE('',*,*,#3776,.F.);
#4820=ORIENTED_EDGE('',*,*,#3775,.T.);
#4821=ORIENTED_EDGE('',*,*,#3777,.F.);
#4822=ORIENTED_EDGE('',*,*,#3778,.F.);
#4823=ORIENTED_EDGE('',*,*,#3779,.F.);
#4824=ORIENTED_EDGE('',*,*,#3780,.T.);
#4825=ORIENTED_EDGE('',*,*,#3781,.F.);
#4826=ORIENTED_EDGE('',*,*,#3782,.F.);
#4827=ORIENTED_EDGE('',*,*,#3783,.F.);
#4828=ORIENTED_EDGE('',*,*,#3782,.T.);
#4829=ORIENTED_EDGE('',*,*,#3784,.F.);
#4830=ORIENTED_EDGE('',*,*,#3785,.F.);
#4831=ORIENTED_EDGE('',*,*,#3786,.F.);
#4832=ORIENTED_EDGE('',*,*,#3785,.T.);
#4833=ORIENTED_EDGE('',*,*,#3787,.F.);
#4834=ORIENTED_EDGE('',*,*,#3788,.F.);
#4835=ORIENTED_EDGE('',*,*,#3789,.F.);
#4836=ORIENTED_EDGE('',*,*,#3790,.T.);
#4837=ORIENTED_EDGE('',*,*,#3791,.F.);
#4838=ORIENTED_EDGE('',*,*,#3792,.F.);
#4839=ORIENTED_EDGE('',*,*,#3793,.F.);
#4840=ORIENTED_EDGE('',*,*,#3792,.T.);
#4841=ORIENTED_EDGE('',*,*,#3794,.F.);
#4842=ORIENTED_EDGE('',*,*,#3795,.F.);
#4843=ORIENTED_EDGE('',*,*,#3796,.F.);
#4844=ORIENTED_EDGE('',*,*,#3795,.T.);
#4845=ORIENTED_EDGE('',*,*,#3797,.F.);
#4846=ORIENTED_EDGE('',*,*,#3798,.F.);
#4847=ORIENTED_EDGE('',*,*,#3799,.F.);
#4848=ORIENTED_EDGE('',*,*,#3800,.T.);
#4849=ORIENTED_EDGE('',*,*,#3801,.F.);
#4850=ORIENTED_EDGE('',*,*,#3802,.F.);
#4851=ORIENTED_EDGE('',*,*,#3803,.F.);
#4852=ORIENTED_EDGE('',*,*,#3802,.T.);
#4853=ORIENTED_EDGE('',*,*,#3804,.F.);
#4854=ORIENTED_EDGE('',*,*,#3805,.F.);
#4855=ORIENTED_EDGE('',*,*,#3806,.F.);
#4856=ORIENTED_EDGE('',*,*,#3805,.T.);
#4857=ORIENTED_EDGE('',*,*,#3807,.F.);
#4858=ORIENTED_EDGE('',*,*,#3808,.F.);
#4859=ORIENTED_EDGE('',*,*,#3809,.F.);
#4860=ORIENTED_EDGE('',*,*,#3810,.T.);
#4861=ORIENTED_EDGE('',*,*,#3811,.F.);
#4862=ORIENTED_EDGE('',*,*,#3812,.F.);
#4863=ORIENTED_EDGE('',*,*,#3813,.F.);
#4864=ORIENTED_EDGE('',*,*,#3812,.T.);
#4865=ORIENTED_EDGE('',*,*,#3814,.F.);
#4866=ORIENTED_EDGE('',*,*,#3815,.F.);
#4867=ORIENTED_EDGE('',*,*,#3816,.F.);
#4868=ORIENTED_EDGE('',*,*,#3815,.T.);
#4869=ORIENTED_EDGE('',*,*,#3817,.F.);
#4870=ORIENTED_EDGE('',*,*,#3818,.F.);
#4871=ORIENTED_EDGE('',*,*,#3819,.T.);
#4872=ORIENTED_EDGE('',*,*,#3820,.T.);
#4873=ORIENTED_EDGE('',*,*,#3821,.T.);
#4874=ORIENTED_EDGE('',*,*,#3817,.T.);
#4875=ORIENTED_EDGE('',*,*,#3814,.T.);
#4876=ORIENTED_EDGE('',*,*,#3811,.T.);
#4877=ORIENTED_EDGE('',*,*,#3822,.T.);
#4878=ORIENTED_EDGE('',*,*,#3807,.T.);
#4879=ORIENTED_EDGE('',*,*,#3804,.T.);
#4880=ORIENTED_EDGE('',*,*,#3801,.T.);
#4881=ORIENTED_EDGE('',*,*,#3823,.T.);
#4882=ORIENTED_EDGE('',*,*,#3797,.T.);
#4883=ORIENTED_EDGE('',*,*,#3794,.T.);
#4884=ORIENTED_EDGE('',*,*,#3791,.T.);
#4885=ORIENTED_EDGE('',*,*,#3824,.T.);
#4886=ORIENTED_EDGE('',*,*,#3787,.T.);
#4887=ORIENTED_EDGE('',*,*,#3784,.T.);
#4888=ORIENTED_EDGE('',*,*,#3781,.T.);
#4889=ORIENTED_EDGE('',*,*,#3825,.T.);
#4890=ORIENTED_EDGE('',*,*,#3777,.T.);
#4891=ORIENTED_EDGE('',*,*,#3774,.T.);
#4892=ORIENTED_EDGE('',*,*,#3771,.T.);
#4893=ORIENTED_EDGE('',*,*,#3826,.T.);
#4894=ORIENTED_EDGE('',*,*,#3767,.T.);
#4895=ORIENTED_EDGE('',*,*,#3764,.T.);
#4896=ORIENTED_EDGE('',*,*,#3761,.T.);
#4897=ORIENTED_EDGE('',*,*,#3827,.T.);
#4898=ORIENTED_EDGE('',*,*,#3757,.T.);
#4899=ORIENTED_EDGE('',*,*,#3754,.T.);
#4900=ORIENTED_EDGE('',*,*,#3751,.T.);
#4901=ORIENTED_EDGE('',*,*,#3828,.T.);
#4902=ORIENTED_EDGE('',*,*,#3747,.T.);
#4903=ORIENTED_EDGE('',*,*,#3744,.T.);
#4904=ORIENTED_EDGE('',*,*,#3741,.T.);
#4905=ORIENTED_EDGE('',*,*,#3829,.T.);
#4906=ORIENTED_EDGE('',*,*,#3737,.T.);
#4907=ORIENTED_EDGE('',*,*,#3734,.T.);
#4908=ORIENTED_EDGE('',*,*,#3731,.T.);
#4909=ORIENTED_EDGE('',*,*,#3830,.T.);
#4910=ORIENTED_EDGE('',*,*,#3727,.T.);
#4911=ORIENTED_EDGE('',*,*,#3724,.T.);
#4912=ORIENTED_EDGE('',*,*,#3721,.T.);
#4913=ORIENTED_EDGE('',*,*,#3831,.T.);
#4914=ORIENTED_EDGE('',*,*,#3717,.T.);
#4915=ORIENTED_EDGE('',*,*,#3714,.T.);
#4916=ORIENTED_EDGE('',*,*,#3711,.T.);
#4917=ORIENTED_EDGE('',*,*,#3832,.T.);
#4918=ORIENTED_EDGE('',*,*,#3707,.T.);
#4919=ORIENTED_EDGE('',*,*,#3704,.T.);
#4920=ORIENTED_EDGE('',*,*,#3701,.T.);
#4921=ORIENTED_EDGE('',*,*,#3833,.T.);
#4922=ORIENTED_EDGE('',*,*,#3697,.T.);
#4923=ORIENTED_EDGE('',*,*,#3694,.T.);
#4924=ORIENTED_EDGE('',*,*,#3691,.T.);
#4925=ORIENTED_EDGE('',*,*,#3834,.T.);
#4926=ORIENTED_EDGE('',*,*,#3687,.T.);
#4927=ORIENTED_EDGE('',*,*,#3684,.T.);
#4928=ORIENTED_EDGE('',*,*,#3681,.T.);
#4929=ORIENTED_EDGE('',*,*,#3835,.T.);
#4930=ORIENTED_EDGE('',*,*,#3677,.T.);
#4931=ORIENTED_EDGE('',*,*,#3674,.T.);
#4932=ORIENTED_EDGE('',*,*,#3671,.T.);
#4933=ORIENTED_EDGE('',*,*,#3836,.T.);
#4934=ORIENTED_EDGE('',*,*,#3667,.T.);
#4935=ORIENTED_EDGE('',*,*,#3664,.T.);
#4936=ORIENTED_EDGE('',*,*,#3661,.T.);
#4937=ORIENTED_EDGE('',*,*,#3837,.T.);
#4938=ORIENTED_EDGE('',*,*,#3657,.T.);
#4939=ORIENTED_EDGE('',*,*,#3654,.T.);
#4940=ORIENTED_EDGE('',*,*,#3651,.T.);
#4941=ORIENTED_EDGE('',*,*,#3838,.T.);
#4942=ORIENTED_EDGE('',*,*,#3647,.T.);
#4943=ORIENTED_EDGE('',*,*,#3644,.T.);
#4944=ORIENTED_EDGE('',*,*,#3641,.T.);
#4945=ORIENTED_EDGE('',*,*,#3839,.T.);
#4946=ORIENTED_EDGE('',*,*,#3637,.T.);
#4947=ORIENTED_EDGE('',*,*,#3634,.T.);
#4948=ORIENTED_EDGE('',*,*,#3631,.T.);
#4949=ORIENTED_EDGE('',*,*,#3840,.T.);
#4950=ORIENTED_EDGE('',*,*,#3627,.T.);
#4951=ORIENTED_EDGE('',*,*,#3624,.T.);
#4952=ORIENTED_EDGE('',*,*,#3621,.T.);
#4953=ORIENTED_EDGE('',*,*,#3841,.T.);
#4954=ORIENTED_EDGE('',*,*,#3842,.T.);
#4955=ORIENTED_EDGE('',*,*,#3843,.T.);
#4956=ORIENTED_EDGE('',*,*,#3617,.T.);
#4957=ORIENTED_EDGE('',*,*,#3614,.T.);
#4958=ORIENTED_EDGE('',*,*,#3611,.T.);
#4959=ORIENTED_EDGE('',*,*,#3844,.T.);
#4960=ORIENTED_EDGE('',*,*,#3607,.T.);
#4961=ORIENTED_EDGE('',*,*,#3604,.T.);
#4962=ORIENTED_EDGE('',*,*,#3601,.T.);
#4963=ORIENTED_EDGE('',*,*,#3845,.T.);
#4964=ORIENTED_EDGE('',*,*,#3597,.T.);
#4965=ORIENTED_EDGE('',*,*,#3594,.T.);
#4966=ORIENTED_EDGE('',*,*,#3591,.T.);
#4967=ORIENTED_EDGE('',*,*,#3846,.T.);
#4968=ORIENTED_EDGE('',*,*,#3587,.T.);
#4969=ORIENTED_EDGE('',*,*,#3584,.T.);
#4970=ORIENTED_EDGE('',*,*,#3581,.T.);
#4971=ORIENTED_EDGE('',*,*,#3847,.T.);
#4972=ORIENTED_EDGE('',*,*,#3577,.T.);
#4973=ORIENTED_EDGE('',*,*,#3574,.T.);
#4974=ORIENTED_EDGE('',*,*,#3571,.T.);
#4975=ORIENTED_EDGE('',*,*,#3848,.T.);
#4976=ORIENTED_EDGE('',*,*,#3567,.T.);
#4977=ORIENTED_EDGE('',*,*,#3564,.T.);
#4978=ORIENTED_EDGE('',*,*,#3561,.T.);
#4979=ORIENTED_EDGE('',*,*,#3849,.T.);
#4980=ORIENTED_EDGE('',*,*,#3557,.T.);
#4981=ORIENTED_EDGE('',*,*,#3554,.T.);
#4982=ORIENTED_EDGE('',*,*,#3551,.T.);
#4983=ORIENTED_EDGE('',*,*,#3850,.T.);
#4984=ORIENTED_EDGE('',*,*,#3547,.T.);
#4985=ORIENTED_EDGE('',*,*,#3544,.T.);
#4986=ORIENTED_EDGE('',*,*,#3541,.T.);
#4987=ORIENTED_EDGE('',*,*,#3851,.T.);
#4988=ORIENTED_EDGE('',*,*,#3537,.T.);
#4989=ORIENTED_EDGE('',*,*,#3534,.T.);
#4990=ORIENTED_EDGE('',*,*,#3531,.T.);
#4991=ORIENTED_EDGE('',*,*,#3852,.T.);
#4992=ORIENTED_EDGE('',*,*,#3527,.T.);
#4993=ORIENTED_EDGE('',*,*,#3524,.T.);
#4994=ORIENTED_EDGE('',*,*,#3521,.T.);
#4995=ORIENTED_EDGE('',*,*,#3853,.T.);
#4996=ORIENTED_EDGE('',*,*,#3517,.T.);
#4997=ORIENTED_EDGE('',*,*,#3514,.T.);
#4998=ORIENTED_EDGE('',*,*,#3511,.T.);
#4999=ORIENTED_EDGE('',*,*,#3854,.T.);
#5000=ORIENTED_EDGE('',*,*,#3507,.T.);
#5001=ORIENTED_EDGE('',*,*,#3504,.T.);
#5002=ORIENTED_EDGE('',*,*,#3501,.T.);
#5003=ORIENTED_EDGE('',*,*,#3855,.T.);
#5004=ORIENTED_EDGE('',*,*,#3497,.T.);
#5005=ORIENTED_EDGE('',*,*,#3494,.T.);
#5006=ORIENTED_EDGE('',*,*,#3491,.T.);
#5007=ORIENTED_EDGE('',*,*,#3856,.T.);
#5008=ORIENTED_EDGE('',*,*,#3487,.T.);
#5009=ORIENTED_EDGE('',*,*,#3484,.T.);
#5010=ORIENTED_EDGE('',*,*,#3481,.T.);
#5011=ORIENTED_EDGE('',*,*,#3857,.T.);
#5012=ORIENTED_EDGE('',*,*,#3477,.T.);
#5013=ORIENTED_EDGE('',*,*,#3474,.T.);
#5014=ORIENTED_EDGE('',*,*,#3471,.T.);
#5015=ORIENTED_EDGE('',*,*,#3858,.T.);
#5016=ORIENTED_EDGE('',*,*,#3467,.T.);
#5017=ORIENTED_EDGE('',*,*,#3464,.T.);
#5018=ORIENTED_EDGE('',*,*,#3461,.T.);
#5019=ORIENTED_EDGE('',*,*,#3859,.T.);
#5020=ORIENTED_EDGE('',*,*,#3457,.T.);
#5021=ORIENTED_EDGE('',*,*,#3454,.T.);
#5022=ORIENTED_EDGE('',*,*,#3451,.T.);
#5023=ORIENTED_EDGE('',*,*,#3860,.T.);
#5024=ORIENTED_EDGE('',*,*,#3447,.T.);
#5025=ORIENTED_EDGE('',*,*,#3444,.T.);
#5026=ORIENTED_EDGE('',*,*,#3441,.T.);
#5027=ORIENTED_EDGE('',*,*,#3861,.T.);
#5028=ORIENTED_EDGE('',*,*,#3437,.T.);
#5029=ORIENTED_EDGE('',*,*,#3434,.T.);
#5030=ORIENTED_EDGE('',*,*,#3431,.T.);
#5031=ORIENTED_EDGE('',*,*,#3862,.T.);
#5032=ORIENTED_EDGE('',*,*,#3427,.T.);
#5033=ORIENTED_EDGE('',*,*,#3424,.T.);
#5034=ORIENTED_EDGE('',*,*,#3421,.T.);
#5035=ORIENTED_EDGE('',*,*,#3629,.T.);
#5036=ORIENTED_EDGE('',*,*,#3633,.T.);
#5037=ORIENTED_EDGE('',*,*,#3636,.T.);
#5038=ORIENTED_EDGE('',*,*,#3863,.T.);
#5039=ORIENTED_EDGE('',*,*,#3864,.T.);
#5040=ORIENTED_EDGE('',*,*,#3865,.T.);
#5041=ORIENTED_EDGE('',*,*,#3866,.T.);
#5042=ORIENTED_EDGE('',*,*,#3867,.T.);
#5043=ORIENTED_EDGE('',*,*,#3639,.T.);
#5044=ORIENTED_EDGE('',*,*,#3643,.T.);
#5045=ORIENTED_EDGE('',*,*,#3646,.T.);
#5046=ORIENTED_EDGE('',*,*,#3868,.T.);
#5047=ORIENTED_EDGE('',*,*,#3869,.T.);
#5048=ORIENTED_EDGE('',*,*,#3870,.T.);
#5049=ORIENTED_EDGE('',*,*,#3871,.T.);
#5050=ORIENTED_EDGE('',*,*,#3872,.T.);
#5051=ORIENTED_EDGE('',*,*,#3649,.T.);
#5052=ORIENTED_EDGE('',*,*,#3653,.T.);
#5053=ORIENTED_EDGE('',*,*,#3656,.T.);
#5054=ORIENTED_EDGE('',*,*,#3873,.T.);
#5055=ORIENTED_EDGE('',*,*,#3874,.T.);
#5056=ORIENTED_EDGE('',*,*,#3875,.T.);
#5057=ORIENTED_EDGE('',*,*,#3876,.T.);
#5058=ORIENTED_EDGE('',*,*,#3877,.T.);
#5059=ORIENTED_EDGE('',*,*,#3659,.T.);
#5060=ORIENTED_EDGE('',*,*,#3663,.T.);
#5061=ORIENTED_EDGE('',*,*,#3666,.T.);
#5062=ORIENTED_EDGE('',*,*,#3878,.T.);
#5063=ORIENTED_EDGE('',*,*,#3879,.T.);
#5064=ORIENTED_EDGE('',*,*,#3880,.T.);
#5065=ORIENTED_EDGE('',*,*,#3881,.T.);
#5066=ORIENTED_EDGE('',*,*,#3882,.T.);
#5067=ORIENTED_EDGE('',*,*,#3669,.T.);
#5068=ORIENTED_EDGE('',*,*,#3673,.T.);
#5069=ORIENTED_EDGE('',*,*,#3676,.T.);
#5070=ORIENTED_EDGE('',*,*,#3883,.T.);
#5071=ORIENTED_EDGE('',*,*,#3884,.T.);
#5072=ORIENTED_EDGE('',*,*,#3885,.T.);
#5073=ORIENTED_EDGE('',*,*,#3886,.T.);
#5074=ORIENTED_EDGE('',*,*,#3887,.T.);
#5075=ORIENTED_EDGE('',*,*,#3679,.T.);
#5076=ORIENTED_EDGE('',*,*,#3683,.T.);
#5077=ORIENTED_EDGE('',*,*,#3686,.T.);
#5078=ORIENTED_EDGE('',*,*,#3888,.T.);
#5079=ORIENTED_EDGE('',*,*,#3889,.T.);
#5080=ORIENTED_EDGE('',*,*,#3890,.T.);
#5081=ORIENTED_EDGE('',*,*,#3891,.T.);
#5082=ORIENTED_EDGE('',*,*,#3892,.T.);
#5083=ORIENTED_EDGE('',*,*,#3689,.T.);
#5084=ORIENTED_EDGE('',*,*,#3693,.T.);
#5085=ORIENTED_EDGE('',*,*,#3696,.T.);
#5086=ORIENTED_EDGE('',*,*,#3893,.T.);
#5087=ORIENTED_EDGE('',*,*,#3894,.T.);
#5088=ORIENTED_EDGE('',*,*,#3895,.T.);
#5089=ORIENTED_EDGE('',*,*,#3896,.T.);
#5090=ORIENTED_EDGE('',*,*,#3897,.T.);
#5091=ORIENTED_EDGE('',*,*,#3699,.T.);
#5092=ORIENTED_EDGE('',*,*,#3703,.T.);
#5093=ORIENTED_EDGE('',*,*,#3706,.T.);
#5094=ORIENTED_EDGE('',*,*,#3898,.T.);
#5095=ORIENTED_EDGE('',*,*,#3899,.T.);
#5096=ORIENTED_EDGE('',*,*,#3900,.T.);
#5097=ORIENTED_EDGE('',*,*,#3901,.T.);
#5098=ORIENTED_EDGE('',*,*,#3902,.T.);
#5099=ORIENTED_EDGE('',*,*,#3709,.T.);
#5100=ORIENTED_EDGE('',*,*,#3713,.T.);
#5101=ORIENTED_EDGE('',*,*,#3716,.T.);
#5102=ORIENTED_EDGE('',*,*,#3903,.T.);
#5103=ORIENTED_EDGE('',*,*,#3904,.T.);
#5104=ORIENTED_EDGE('',*,*,#3905,.T.);
#5105=ORIENTED_EDGE('',*,*,#3906,.T.);
#5106=ORIENTED_EDGE('',*,*,#3907,.T.);
#5107=ORIENTED_EDGE('',*,*,#3719,.T.);
#5108=ORIENTED_EDGE('',*,*,#3723,.T.);
#5109=ORIENTED_EDGE('',*,*,#3726,.T.);
#5110=ORIENTED_EDGE('',*,*,#3908,.T.);
#5111=ORIENTED_EDGE('',*,*,#3909,.T.);
#5112=ORIENTED_EDGE('',*,*,#3910,.T.);
#5113=ORIENTED_EDGE('',*,*,#3911,.T.);
#5114=ORIENTED_EDGE('',*,*,#3912,.T.);
#5115=ORIENTED_EDGE('',*,*,#3729,.T.);
#5116=ORIENTED_EDGE('',*,*,#3733,.T.);
#5117=ORIENTED_EDGE('',*,*,#3736,.T.);
#5118=ORIENTED_EDGE('',*,*,#3913,.T.);
#5119=ORIENTED_EDGE('',*,*,#3914,.T.);
#5120=ORIENTED_EDGE('',*,*,#3915,.T.);
#5121=ORIENTED_EDGE('',*,*,#3916,.T.);
#5122=ORIENTED_EDGE('',*,*,#3917,.T.);
#5123=ORIENTED_EDGE('',*,*,#3739,.T.);
#5124=ORIENTED_EDGE('',*,*,#3743,.T.);
#5125=ORIENTED_EDGE('',*,*,#3746,.T.);
#5126=ORIENTED_EDGE('',*,*,#3918,.T.);
#5127=ORIENTED_EDGE('',*,*,#3919,.T.);
#5128=ORIENTED_EDGE('',*,*,#3920,.T.);
#5129=ORIENTED_EDGE('',*,*,#3921,.T.);
#5130=ORIENTED_EDGE('',*,*,#3922,.T.);
#5131=ORIENTED_EDGE('',*,*,#3749,.T.);
#5132=ORIENTED_EDGE('',*,*,#3753,.T.);
#5133=ORIENTED_EDGE('',*,*,#3756,.T.);
#5134=ORIENTED_EDGE('',*,*,#3923,.T.);
#5135=ORIENTED_EDGE('',*,*,#3924,.T.);
#5136=ORIENTED_EDGE('',*,*,#3925,.T.);
#5137=ORIENTED_EDGE('',*,*,#3926,.T.);
#5138=ORIENTED_EDGE('',*,*,#3927,.T.);
#5139=ORIENTED_EDGE('',*,*,#3759,.T.);
#5140=ORIENTED_EDGE('',*,*,#3763,.T.);
#5141=ORIENTED_EDGE('',*,*,#3766,.T.);
#5142=ORIENTED_EDGE('',*,*,#3928,.T.);
#5143=ORIENTED_EDGE('',*,*,#3929,.T.);
#5144=ORIENTED_EDGE('',*,*,#3930,.T.);
#5145=ORIENTED_EDGE('',*,*,#3931,.T.);
#5146=ORIENTED_EDGE('',*,*,#3932,.T.);
#5147=ORIENTED_EDGE('',*,*,#3769,.T.);
#5148=ORIENTED_EDGE('',*,*,#3773,.T.);
#5149=ORIENTED_EDGE('',*,*,#3776,.T.);
#5150=ORIENTED_EDGE('',*,*,#3933,.T.);
#5151=ORIENTED_EDGE('',*,*,#3934,.T.);
#5152=ORIENTED_EDGE('',*,*,#3935,.T.);
#5153=ORIENTED_EDGE('',*,*,#3936,.T.);
#5154=ORIENTED_EDGE('',*,*,#3937,.T.);
#5155=ORIENTED_EDGE('',*,*,#3779,.T.);
#5156=ORIENTED_EDGE('',*,*,#3783,.T.);
#5157=ORIENTED_EDGE('',*,*,#3786,.T.);
#5158=ORIENTED_EDGE('',*,*,#3938,.T.);
#5159=ORIENTED_EDGE('',*,*,#3939,.T.);
#5160=ORIENTED_EDGE('',*,*,#3940,.T.);
#5161=ORIENTED_EDGE('',*,*,#3941,.T.);
#5162=ORIENTED_EDGE('',*,*,#3942,.T.);
#5163=ORIENTED_EDGE('',*,*,#3789,.T.);
#5164=ORIENTED_EDGE('',*,*,#3793,.T.);
#5165=ORIENTED_EDGE('',*,*,#3796,.T.);
#5166=ORIENTED_EDGE('',*,*,#3943,.T.);
#5167=ORIENTED_EDGE('',*,*,#3944,.T.);
#5168=ORIENTED_EDGE('',*,*,#3945,.T.);
#5169=ORIENTED_EDGE('',*,*,#3946,.T.);
#5170=ORIENTED_EDGE('',*,*,#3947,.T.);
#5171=ORIENTED_EDGE('',*,*,#3799,.T.);
#5172=ORIENTED_EDGE('',*,*,#3803,.T.);
#5173=ORIENTED_EDGE('',*,*,#3806,.T.);
#5174=ORIENTED_EDGE('',*,*,#3948,.T.);
#5175=ORIENTED_EDGE('',*,*,#3949,.T.);
#5176=ORIENTED_EDGE('',*,*,#3950,.T.);
#5177=ORIENTED_EDGE('',*,*,#3951,.T.);
#5178=ORIENTED_EDGE('',*,*,#3952,.T.);
#5179=ORIENTED_EDGE('',*,*,#3809,.T.);
#5180=ORIENTED_EDGE('',*,*,#3813,.T.);
#5181=ORIENTED_EDGE('',*,*,#3816,.T.);
#5182=ORIENTED_EDGE('',*,*,#3953,.T.);
#5183=ORIENTED_EDGE('',*,*,#3954,.T.);
#5184=ORIENTED_EDGE('',*,*,#3955,.T.);
#5185=ORIENTED_EDGE('',*,*,#3956,.T.);
#5186=ORIENTED_EDGE('',*,*,#3957,.T.);
#5187=ORIENTED_EDGE('',*,*,#3426,.T.);
#5188=ORIENTED_EDGE('',*,*,#3958,.T.);
#5189=ORIENTED_EDGE('',*,*,#3419,.T.);
#5190=ORIENTED_EDGE('',*,*,#3423,.T.);
#5191=ORIENTED_EDGE('',*,*,#3959,.T.);
#5192=ORIENTED_EDGE('',*,*,#3960,.T.);
#5193=ORIENTED_EDGE('',*,*,#3961,.T.);
#5194=ORIENTED_EDGE('',*,*,#3962,.T.);
#5195=ORIENTED_EDGE('',*,*,#3436,.T.);
#5196=ORIENTED_EDGE('',*,*,#3963,.T.);
#5197=ORIENTED_EDGE('',*,*,#3429,.T.);
#5198=ORIENTED_EDGE('',*,*,#3433,.T.);
#5199=ORIENTED_EDGE('',*,*,#3964,.T.);
#5200=ORIENTED_EDGE('',*,*,#3965,.T.);
#5201=ORIENTED_EDGE('',*,*,#3966,.T.);
#5202=ORIENTED_EDGE('',*,*,#3967,.T.);
#5203=ORIENTED_EDGE('',*,*,#3446,.T.);
#5204=ORIENTED_EDGE('',*,*,#3968,.T.);
#5205=ORIENTED_EDGE('',*,*,#3439,.T.);
#5206=ORIENTED_EDGE('',*,*,#3443,.T.);
#5207=ORIENTED_EDGE('',*,*,#3969,.T.);
#5208=ORIENTED_EDGE('',*,*,#3970,.T.);
#5209=ORIENTED_EDGE('',*,*,#3971,.T.);
#5210=ORIENTED_EDGE('',*,*,#3972,.T.);
#5211=ORIENTED_EDGE('',*,*,#3456,.T.);
#5212=ORIENTED_EDGE('',*,*,#3973,.T.);
#5213=ORIENTED_EDGE('',*,*,#3449,.T.);
#5214=ORIENTED_EDGE('',*,*,#3453,.T.);
#5215=ORIENTED_EDGE('',*,*,#3974,.T.);
#5216=ORIENTED_EDGE('',*,*,#3975,.T.);
#5217=ORIENTED_EDGE('',*,*,#3976,.T.);
#5218=ORIENTED_EDGE('',*,*,#3977,.T.);
#5219=ORIENTED_EDGE('',*,*,#3466,.T.);
#5220=ORIENTED_EDGE('',*,*,#3978,.T.);
#5221=ORIENTED_EDGE('',*,*,#3459,.T.);
#5222=ORIENTED_EDGE('',*,*,#3463,.T.);
#5223=ORIENTED_EDGE('',*,*,#3979,.T.);
#5224=ORIENTED_EDGE('',*,*,#3980,.T.);
#5225=ORIENTED_EDGE('',*,*,#3981,.T.);
#5226=ORIENTED_EDGE('',*,*,#3982,.T.);
#5227=ORIENTED_EDGE('',*,*,#3476,.T.);
#5228=ORIENTED_EDGE('',*,*,#3983,.T.);
#5229=ORIENTED_EDGE('',*,*,#3469,.T.);
#5230=ORIENTED_EDGE('',*,*,#3473,.T.);
#5231=ORIENTED_EDGE('',*,*,#3984,.T.);
#5232=ORIENTED_EDGE('',*,*,#3985,.T.);
#5233=ORIENTED_EDGE('',*,*,#3986,.T.);
#5234=ORIENTED_EDGE('',*,*,#3987,.T.);
#5235=ORIENTED_EDGE('',*,*,#3486,.T.);
#5236=ORIENTED_EDGE('',*,*,#3988,.T.);
#5237=ORIENTED_EDGE('',*,*,#3479,.T.);
#5238=ORIENTED_EDGE('',*,*,#3483,.T.);
#5239=ORIENTED_EDGE('',*,*,#3989,.T.);
#5240=ORIENTED_EDGE('',*,*,#3990,.T.);
#5241=ORIENTED_EDGE('',*,*,#3991,.T.);
#5242=ORIENTED_EDGE('',*,*,#3992,.T.);
#5243=ORIENTED_EDGE('',*,*,#3496,.T.);
#5244=ORIENTED_EDGE('',*,*,#3993,.T.);
#5245=ORIENTED_EDGE('',*,*,#3489,.T.);
#5246=ORIENTED_EDGE('',*,*,#3493,.T.);
#5247=ORIENTED_EDGE('',*,*,#3994,.T.);
#5248=ORIENTED_EDGE('',*,*,#3995,.T.);
#5249=ORIENTED_EDGE('',*,*,#3996,.T.);
#5250=ORIENTED_EDGE('',*,*,#3997,.T.);
#5251=ORIENTED_EDGE('',*,*,#3506,.T.);
#5252=ORIENTED_EDGE('',*,*,#3998,.T.);
#5253=ORIENTED_EDGE('',*,*,#3499,.T.);
#5254=ORIENTED_EDGE('',*,*,#3503,.T.);
#5255=ORIENTED_EDGE('',*,*,#3999,.T.);
#5256=ORIENTED_EDGE('',*,*,#4000,.T.);
#5257=ORIENTED_EDGE('',*,*,#4001,.T.);
#5258=ORIENTED_EDGE('',*,*,#4002,.T.);
#5259=ORIENTED_EDGE('',*,*,#3516,.T.);
#5260=ORIENTED_EDGE('',*,*,#4003,.T.);
#5261=ORIENTED_EDGE('',*,*,#3509,.T.);
#5262=ORIENTED_EDGE('',*,*,#3513,.T.);
#5263=ORIENTED_EDGE('',*,*,#4004,.T.);
#5264=ORIENTED_EDGE('',*,*,#4005,.T.);
#5265=ORIENTED_EDGE('',*,*,#4006,.T.);
#5266=ORIENTED_EDGE('',*,*,#4007,.T.);
#5267=ORIENTED_EDGE('',*,*,#3526,.T.);
#5268=ORIENTED_EDGE('',*,*,#4008,.T.);
#5269=ORIENTED_EDGE('',*,*,#3519,.T.);
#5270=ORIENTED_EDGE('',*,*,#3523,.T.);
#5271=ORIENTED_EDGE('',*,*,#4009,.T.);
#5272=ORIENTED_EDGE('',*,*,#4010,.T.);
#5273=ORIENTED_EDGE('',*,*,#4011,.T.);
#5274=ORIENTED_EDGE('',*,*,#4012,.T.);
#5275=ORIENTED_EDGE('',*,*,#3536,.T.);
#5276=ORIENTED_EDGE('',*,*,#4013,.T.);
#5277=ORIENTED_EDGE('',*,*,#3529,.T.);
#5278=ORIENTED_EDGE('',*,*,#3533,.T.);
#5279=ORIENTED_EDGE('',*,*,#4014,.T.);
#5280=ORIENTED_EDGE('',*,*,#4015,.T.);
#5281=ORIENTED_EDGE('',*,*,#4016,.T.);
#5282=ORIENTED_EDGE('',*,*,#4017,.T.);
#5283=ORIENTED_EDGE('',*,*,#3546,.T.);
#5284=ORIENTED_EDGE('',*,*,#4018,.T.);
#5285=ORIENTED_EDGE('',*,*,#3539,.T.);
#5286=ORIENTED_EDGE('',*,*,#3543,.T.);
#5287=ORIENTED_EDGE('',*,*,#4019,.T.);
#5288=ORIENTED_EDGE('',*,*,#4020,.T.);
#5289=ORIENTED_EDGE('',*,*,#4021,.T.);
#5290=ORIENTED_EDGE('',*,*,#4022,.T.);
#5291=ORIENTED_EDGE('',*,*,#3556,.T.);
#5292=ORIENTED_EDGE('',*,*,#4023,.T.);
#5293=ORIENTED_EDGE('',*,*,#3549,.T.);
#5294=ORIENTED_EDGE('',*,*,#3553,.T.);
#5295=ORIENTED_EDGE('',*,*,#4024,.T.);
#5296=ORIENTED_EDGE('',*,*,#4025,.T.);
#5297=ORIENTED_EDGE('',*,*,#4026,.T.);
#5298=ORIENTED_EDGE('',*,*,#4027,.T.);
#5299=ORIENTED_EDGE('',*,*,#3566,.T.);
#5300=ORIENTED_EDGE('',*,*,#4028,.T.);
#5301=ORIENTED_EDGE('',*,*,#3559,.T.);
#5302=ORIENTED_EDGE('',*,*,#3563,.T.);
#5303=ORIENTED_EDGE('',*,*,#4029,.T.);
#5304=ORIENTED_EDGE('',*,*,#4030,.T.);
#5305=ORIENTED_EDGE('',*,*,#4031,.T.);
#5306=ORIENTED_EDGE('',*,*,#4032,.T.);
#5307=ORIENTED_EDGE('',*,*,#3576,.T.);
#5308=ORIENTED_EDGE('',*,*,#4033,.T.);
#5309=ORIENTED_EDGE('',*,*,#3569,.T.);
#5310=ORIENTED_EDGE('',*,*,#3573,.T.);
#5311=ORIENTED_EDGE('',*,*,#4034,.T.);
#5312=ORIENTED_EDGE('',*,*,#4035,.T.);
#5313=ORIENTED_EDGE('',*,*,#4036,.T.);
#5314=ORIENTED_EDGE('',*,*,#4037,.T.);
#5315=ORIENTED_EDGE('',*,*,#3586,.T.);
#5316=ORIENTED_EDGE('',*,*,#4038,.T.);
#5317=ORIENTED_EDGE('',*,*,#3579,.T.);
#5318=ORIENTED_EDGE('',*,*,#3583,.T.);
#5319=ORIENTED_EDGE('',*,*,#4039,.T.);
#5320=ORIENTED_EDGE('',*,*,#4040,.T.);
#5321=ORIENTED_EDGE('',*,*,#4041,.T.);
#5322=ORIENTED_EDGE('',*,*,#4042,.T.);
#5323=ORIENTED_EDGE('',*,*,#3596,.T.);
#5324=ORIENTED_EDGE('',*,*,#4043,.T.);
#5325=ORIENTED_EDGE('',*,*,#3589,.T.);
#5326=ORIENTED_EDGE('',*,*,#3593,.T.);
#5327=ORIENTED_EDGE('',*,*,#4044,.T.);
#5328=ORIENTED_EDGE('',*,*,#4045,.T.);
#5329=ORIENTED_EDGE('',*,*,#4046,.T.);
#5330=ORIENTED_EDGE('',*,*,#4047,.T.);
#5331=ORIENTED_EDGE('',*,*,#3606,.T.);
#5332=ORIENTED_EDGE('',*,*,#4048,.T.);
#5333=ORIENTED_EDGE('',*,*,#3599,.T.);
#5334=ORIENTED_EDGE('',*,*,#3603,.T.);
#5335=ORIENTED_EDGE('',*,*,#4049,.T.);
#5336=ORIENTED_EDGE('',*,*,#4050,.T.);
#5337=ORIENTED_EDGE('',*,*,#4051,.T.);
#5338=ORIENTED_EDGE('',*,*,#4052,.T.);
#5339=ORIENTED_EDGE('',*,*,#3616,.T.);
#5340=ORIENTED_EDGE('',*,*,#4053,.T.);
#5341=ORIENTED_EDGE('',*,*,#3609,.T.);
#5342=ORIENTED_EDGE('',*,*,#3613,.T.);
#5343=ORIENTED_EDGE('',*,*,#4054,.T.);
#5344=ORIENTED_EDGE('',*,*,#4055,.T.);
#5345=ORIENTED_EDGE('',*,*,#4056,.T.);
#5346=ORIENTED_EDGE('',*,*,#4057,.T.);
#5347=ORIENTED_EDGE('',*,*,#3619,.T.);
#5348=ORIENTED_EDGE('',*,*,#3623,.T.);
#5349=ORIENTED_EDGE('',*,*,#3626,.T.);
#5350=ORIENTED_EDGE('',*,*,#4058,.T.);
#5351=ORIENTED_EDGE('',*,*,#4059,.T.);
#5352=ORIENTED_EDGE('',*,*,#4060,.T.);
#5353=ORIENTED_EDGE('',*,*,#4061,.T.);
#5354=ORIENTED_EDGE('',*,*,#4062,.T.);
#5355=ORIENTED_EDGE('',*,*,#4063,.T.);
#5356=ORIENTED_EDGE('',*,*,#4064,.T.);
#5357=ORIENTED_EDGE('',*,*,#3982,.F.);
#5358=ORIENTED_EDGE('',*,*,#4065,.F.);
#5359=ORIENTED_EDGE('',*,*,#4066,.T.);
#5360=ORIENTED_EDGE('',*,*,#4065,.T.);
#5361=ORIENTED_EDGE('',*,*,#3981,.F.);
#5362=ORIENTED_EDGE('',*,*,#4067,.F.);
#5363=ORIENTED_EDGE('',*,*,#4068,.T.);
#5364=ORIENTED_EDGE('',*,*,#4067,.T.);
#5365=ORIENTED_EDGE('',*,*,#3980,.F.);
#5366=ORIENTED_EDGE('',*,*,#4069,.F.);
#5367=ORIENTED_EDGE('',*,*,#4070,.T.);
#5368=ORIENTED_EDGE('',*,*,#4069,.T.);
#5369=ORIENTED_EDGE('',*,*,#3979,.F.);
#5370=ORIENTED_EDGE('',*,*,#4064,.F.);
#5371=ORIENTED_EDGE('',*,*,#4071,.T.);
#5372=ORIENTED_EDGE('',*,*,#4072,.T.);
#5373=ORIENTED_EDGE('',*,*,#4047,.F.);
#5374=ORIENTED_EDGE('',*,*,#4073,.F.);
#5375=ORIENTED_EDGE('',*,*,#4074,.T.);
#5376=ORIENTED_EDGE('',*,*,#4073,.T.);
#5377=ORIENTED_EDGE('',*,*,#4046,.F.);
#5378=ORIENTED_EDGE('',*,*,#4075,.F.);
#5379=ORIENTED_EDGE('',*,*,#4076,.T.);
#5380=ORIENTED_EDGE('',*,*,#4075,.T.);
#5381=ORIENTED_EDGE('',*,*,#4045,.F.);
#5382=ORIENTED_EDGE('',*,*,#4077,.F.);
#5383=ORIENTED_EDGE('',*,*,#4078,.T.);
#5384=ORIENTED_EDGE('',*,*,#4077,.T.);
#5385=ORIENTED_EDGE('',*,*,#4044,.F.);
#5386=ORIENTED_EDGE('',*,*,#4072,.F.);
#5387=ORIENTED_EDGE('',*,*,#4079,.T.);
#5388=ORIENTED_EDGE('',*,*,#4080,.T.);
#5389=ORIENTED_EDGE('',*,*,#3912,.F.);
#5390=ORIENTED_EDGE('',*,*,#4081,.F.);
#5391=ORIENTED_EDGE('',*,*,#4082,.T.);
#5392=ORIENTED_EDGE('',*,*,#4081,.T.);
#5393=ORIENTED_EDGE('',*,*,#3911,.F.);
#5394=ORIENTED_EDGE('',*,*,#4083,.F.);
#5395=ORIENTED_EDGE('',*,*,#4084,.T.);
#5396=ORIENTED_EDGE('',*,*,#4083,.T.);
#5397=ORIENTED_EDGE('',*,*,#3910,.F.);
#5398=ORIENTED_EDGE('',*,*,#4085,.F.);
#5399=ORIENTED_EDGE('',*,*,#4086,.T.);
#5400=ORIENTED_EDGE('',*,*,#4085,.T.);
#5401=ORIENTED_EDGE('',*,*,#3909,.F.);
#5402=ORIENTED_EDGE('',*,*,#4080,.F.);
#5403=ORIENTED_EDGE('',*,*,#4087,.T.);
#5404=ORIENTED_EDGE('',*,*,#4088,.T.);
#5405=ORIENTED_EDGE('',*,*,#4027,.F.);
#5406=ORIENTED_EDGE('',*,*,#4089,.F.);
#5407=ORIENTED_EDGE('',*,*,#4090,.T.);
#5408=ORIENTED_EDGE('',*,*,#4089,.T.);
#5409=ORIENTED_EDGE('',*,*,#4026,.F.);
#5410=ORIENTED_EDGE('',*,*,#4091,.F.);
#5411=ORIENTED_EDGE('',*,*,#4092,.T.);
#5412=ORIENTED_EDGE('',*,*,#4091,.T.);
#5413=ORIENTED_EDGE('',*,*,#4025,.F.);
#5414=ORIENTED_EDGE('',*,*,#4093,.F.);
#5415=ORIENTED_EDGE('',*,*,#4094,.T.);
#5416=ORIENTED_EDGE('',*,*,#4093,.T.);
#5417=ORIENTED_EDGE('',*,*,#4024,.F.);
#5418=ORIENTED_EDGE('',*,*,#4088,.F.);
#5419=ORIENTED_EDGE('',*,*,#4095,.T.);
#5420=ORIENTED_EDGE('',*,*,#4096,.T.);
#5421=ORIENTED_EDGE('',*,*,#4022,.F.);
#5422=ORIENTED_EDGE('',*,*,#4097,.F.);
#5423=ORIENTED_EDGE('',*,*,#4098,.T.);
#5424=ORIENTED_EDGE('',*,*,#4097,.T.);
#5425=ORIENTED_EDGE('',*,*,#4021,.F.);
#5426=ORIENTED_EDGE('',*,*,#4099,.F.);
#5427=ORIENTED_EDGE('',*,*,#4100,.T.);
#5428=ORIENTED_EDGE('',*,*,#4099,.T.);
#5429=ORIENTED_EDGE('',*,*,#4020,.F.);
#5430=ORIENTED_EDGE('',*,*,#4101,.F.);
#5431=ORIENTED_EDGE('',*,*,#4102,.T.);
#5432=ORIENTED_EDGE('',*,*,#4101,.T.);
#5433=ORIENTED_EDGE('',*,*,#4019,.F.);
#5434=ORIENTED_EDGE('',*,*,#4096,.F.);
#5435=ORIENTED_EDGE('',*,*,#4103,.T.);
#5436=ORIENTED_EDGE('',*,*,#4104,.T.);
#5437=ORIENTED_EDGE('',*,*,#3897,.F.);
#5438=ORIENTED_EDGE('',*,*,#4105,.F.);
#5439=ORIENTED_EDGE('',*,*,#4106,.T.);
#5440=ORIENTED_EDGE('',*,*,#4105,.T.);
#5441=ORIENTED_EDGE('',*,*,#3896,.F.);
#5442=ORIENTED_EDGE('',*,*,#4107,.F.);
#5443=ORIENTED_EDGE('',*,*,#4108,.T.);
#5444=ORIENTED_EDGE('',*,*,#4107,.T.);
#5445=ORIENTED_EDGE('',*,*,#3895,.F.);
#5446=ORIENTED_EDGE('',*,*,#4109,.F.);
#5447=ORIENTED_EDGE('',*,*,#4110,.T.);
#5448=ORIENTED_EDGE('',*,*,#4109,.T.);
#5449=ORIENTED_EDGE('',*,*,#3894,.F.);
#5450=ORIENTED_EDGE('',*,*,#4104,.F.);
#5451=ORIENTED_EDGE('',*,*,#4111,.T.);
#5452=ORIENTED_EDGE('',*,*,#4112,.T.);
#5453=ORIENTED_EDGE('',*,*,#3877,.F.);
#5454=ORIENTED_EDGE('',*,*,#4113,.F.);
#5455=ORIENTED_EDGE('',*,*,#4114,.T.);
#5456=ORIENTED_EDGE('',*,*,#4113,.T.);
#5457=ORIENTED_EDGE('',*,*,#3876,.F.);
#5458=ORIENTED_EDGE('',*,*,#4115,.F.);
#5459=ORIENTED_EDGE('',*,*,#4116,.T.);
#5460=ORIENTED_EDGE('',*,*,#4115,.T.);
#5461=ORIENTED_EDGE('',*,*,#3875,.F.);
#5462=ORIENTED_EDGE('',*,*,#4117,.F.);
#5463=ORIENTED_EDGE('',*,*,#4118,.T.);
#5464=ORIENTED_EDGE('',*,*,#4117,.T.);
#5465=ORIENTED_EDGE('',*,*,#3874,.F.);
#5466=ORIENTED_EDGE('',*,*,#4112,.F.);
#5467=ORIENTED_EDGE('',*,*,#4119,.T.);
#5468=ORIENTED_EDGE('',*,*,#4120,.T.);
#5469=ORIENTED_EDGE('',*,*,#4042,.F.);
#5470=ORIENTED_EDGE('',*,*,#4121,.F.);
#5471=ORIENTED_EDGE('',*,*,#4122,.T.);
#5472=ORIENTED_EDGE('',*,*,#4121,.T.);
#5473=ORIENTED_EDGE('',*,*,#4041,.F.);
#5474=ORIENTED_EDGE('',*,*,#4123,.F.);
#5475=ORIENTED_EDGE('',*,*,#4124,.T.);
#5476=ORIENTED_EDGE('',*,*,#4123,.T.);
#5477=ORIENTED_EDGE('',*,*,#4040,.F.);
#5478=ORIENTED_EDGE('',*,*,#4125,.F.);
#5479=ORIENTED_EDGE('',*,*,#4126,.T.);
#5480=ORIENTED_EDGE('',*,*,#4125,.T.);
#5481=ORIENTED_EDGE('',*,*,#4039,.F.);
#5482=ORIENTED_EDGE('',*,*,#4120,.F.);
#5483=ORIENTED_EDGE('',*,*,#4127,.T.);
#5484=ORIENTED_EDGE('',*,*,#4128,.T.);
#5485=ORIENTED_EDGE('',*,*,#3892,.F.);
#5486=ORIENTED_EDGE('',*,*,#4129,.F.);
#5487=ORIENTED_EDGE('',*,*,#4130,.T.);
#5488=ORIENTED_EDGE('',*,*,#4129,.T.);
#5489=ORIENTED_EDGE('',*,*,#3891,.F.);
#5490=ORIENTED_EDGE('',*,*,#4131,.F.);
#5491=ORIENTED_EDGE('',*,*,#4132,.T.);
#5492=ORIENTED_EDGE('',*,*,#4131,.T.);
#5493=ORIENTED_EDGE('',*,*,#3890,.F.);
#5494=ORIENTED_EDGE('',*,*,#4133,.F.);
#5495=ORIENTED_EDGE('',*,*,#4134,.T.);
#5496=ORIENTED_EDGE('',*,*,#4133,.T.);
#5497=ORIENTED_EDGE('',*,*,#3889,.F.);
#5498=ORIENTED_EDGE('',*,*,#4128,.F.);
#5499=ORIENTED_EDGE('',*,*,#4135,.T.);
#5500=ORIENTED_EDGE('',*,*,#4136,.T.);
#5501=ORIENTED_EDGE('',*,*,#3872,.F.);
#5502=ORIENTED_EDGE('',*,*,#4137,.F.);
#5503=ORIENTED_EDGE('',*,*,#4138,.T.);
#5504=ORIENTED_EDGE('',*,*,#4137,.T.);
#5505=ORIENTED_EDGE('',*,*,#3871,.F.);
#5506=ORIENTED_EDGE('',*,*,#4139,.F.);
#5507=ORIENTED_EDGE('',*,*,#4140,.T.);
#5508=ORIENTED_EDGE('',*,*,#4139,.T.);
#5509=ORIENTED_EDGE('',*,*,#3870,.F.);
#5510=ORIENTED_EDGE('',*,*,#4141,.F.);
#5511=ORIENTED_EDGE('',*,*,#4142,.T.);
#5512=ORIENTED_EDGE('',*,*,#4141,.T.);
#5513=ORIENTED_EDGE('',*,*,#3869,.F.);
#5514=ORIENTED_EDGE('',*,*,#4136,.F.);
#5515=ORIENTED_EDGE('',*,*,#4143,.T.);
#5516=ORIENTED_EDGE('',*,*,#4144,.T.);
#5517=ORIENTED_EDGE('',*,*,#4037,.F.);
#5518=ORIENTED_EDGE('',*,*,#4145,.F.);
#5519=ORIENTED_EDGE('',*,*,#4146,.T.);
#5520=ORIENTED_EDGE('',*,*,#4145,.T.);
#5521=ORIENTED_EDGE('',*,*,#4036,.F.);
#5522=ORIENTED_EDGE('',*,*,#4147,.F.);
#5523=ORIENTED_EDGE('',*,*,#4148,.T.);
#5524=ORIENTED_EDGE('',*,*,#4147,.T.);
#5525=ORIENTED_EDGE('',*,*,#4035,.F.);
#5526=ORIENTED_EDGE('',*,*,#4149,.F.);
#5527=ORIENTED_EDGE('',*,*,#4150,.T.);
#5528=ORIENTED_EDGE('',*,*,#4149,.T.);
#5529=ORIENTED_EDGE('',*,*,#4034,.F.);
#5530=ORIENTED_EDGE('',*,*,#4144,.F.);
#5531=ORIENTED_EDGE('',*,*,#4151,.T.);
#5532=ORIENTED_EDGE('',*,*,#4152,.T.);
#5533=ORIENTED_EDGE('',*,*,#4032,.F.);
#5534=ORIENTED_EDGE('',*,*,#4153,.F.);
#5535=ORIENTED_EDGE('',*,*,#4154,.T.);
#5536=ORIENTED_EDGE('',*,*,#4153,.T.);
#5537=ORIENTED_EDGE('',*,*,#4031,.F.);
#5538=ORIENTED_EDGE('',*,*,#4155,.F.);
#5539=ORIENTED_EDGE('',*,*,#4156,.T.);
#5540=ORIENTED_EDGE('',*,*,#4155,.T.);
#5541=ORIENTED_EDGE('',*,*,#4030,.F.);
#5542=ORIENTED_EDGE('',*,*,#4157,.F.);
#5543=ORIENTED_EDGE('',*,*,#4158,.T.);
#5544=ORIENTED_EDGE('',*,*,#4157,.T.);
#5545=ORIENTED_EDGE('',*,*,#4029,.F.);
#5546=ORIENTED_EDGE('',*,*,#4152,.F.);
#5547=ORIENTED_EDGE('',*,*,#4159,.T.);
#5548=ORIENTED_EDGE('',*,*,#4160,.T.);
#5549=ORIENTED_EDGE('',*,*,#3922,.F.);
#5550=ORIENTED_EDGE('',*,*,#4161,.F.);
#5551=ORIENTED_EDGE('',*,*,#4162,.T.);
#5552=ORIENTED_EDGE('',*,*,#4161,.T.);
#5553=ORIENTED_EDGE('',*,*,#3921,.F.);
#5554=ORIENTED_EDGE('',*,*,#4163,.F.);
#5555=ORIENTED_EDGE('',*,*,#4164,.T.);
#5556=ORIENTED_EDGE('',*,*,#4163,.T.);
#5557=ORIENTED_EDGE('',*,*,#3920,.F.);
#5558=ORIENTED_EDGE('',*,*,#4165,.F.);
#5559=ORIENTED_EDGE('',*,*,#4166,.T.);
#5560=ORIENTED_EDGE('',*,*,#4165,.T.);
#5561=ORIENTED_EDGE('',*,*,#3919,.F.);
#5562=ORIENTED_EDGE('',*,*,#4160,.F.);
#5563=ORIENTED_EDGE('',*,*,#4167,.T.);
#5564=ORIENTED_EDGE('',*,*,#4168,.T.);
#5565=ORIENTED_EDGE('',*,*,#3987,.F.);
#5566=ORIENTED_EDGE('',*,*,#4169,.F.);
#5567=ORIENTED_EDGE('',*,*,#4170,.T.);
#5568=ORIENTED_EDGE('',*,*,#4169,.T.);
#5569=ORIENTED_EDGE('',*,*,#3986,.F.);
#5570=ORIENTED_EDGE('',*,*,#4171,.F.);
#5571=ORIENTED_EDGE('',*,*,#4172,.T.);
#5572=ORIENTED_EDGE('',*,*,#4171,.T.);
#5573=ORIENTED_EDGE('',*,*,#3985,.F.);
#5574=ORIENTED_EDGE('',*,*,#4173,.F.);
#5575=ORIENTED_EDGE('',*,*,#4174,.T.);
#5576=ORIENTED_EDGE('',*,*,#4173,.T.);
#5577=ORIENTED_EDGE('',*,*,#3984,.F.);
#5578=ORIENTED_EDGE('',*,*,#4168,.F.);
#5579=ORIENTED_EDGE('',*,*,#4175,.T.);
#5580=ORIENTED_EDGE('',*,*,#4176,.T.);
#5581=ORIENTED_EDGE('',*,*,#3997,.F.);
#5582=ORIENTED_EDGE('',*,*,#4177,.F.);
#5583=ORIENTED_EDGE('',*,*,#4178,.T.);
#5584=ORIENTED_EDGE('',*,*,#4177,.T.);
#5585=ORIENTED_EDGE('',*,*,#3996,.F.);
#5586=ORIENTED_EDGE('',*,*,#4179,.F.);
#5587=ORIENTED_EDGE('',*,*,#4180,.T.);
#5588=ORIENTED_EDGE('',*,*,#4179,.T.);
#5589=ORIENTED_EDGE('',*,*,#3995,.F.);
#5590=ORIENTED_EDGE('',*,*,#4181,.F.);
#5591=ORIENTED_EDGE('',*,*,#4182,.T.);
#5592=ORIENTED_EDGE('',*,*,#4181,.T.);
#5593=ORIENTED_EDGE('',*,*,#3994,.F.);
#5594=ORIENTED_EDGE('',*,*,#4176,.F.);
#5595=ORIENTED_EDGE('',*,*,#4183,.T.);
#5596=ORIENTED_EDGE('',*,*,#4184,.T.);
#5597=ORIENTED_EDGE('',*,*,#4007,.F.);
#5598=ORIENTED_EDGE('',*,*,#4185,.F.);
#5599=ORIENTED_EDGE('',*,*,#4186,.T.);
#5600=ORIENTED_EDGE('',*,*,#4185,.T.);
#5601=ORIENTED_EDGE('',*,*,#4006,.F.);
#5602=ORIENTED_EDGE('',*,*,#4187,.F.);
#5603=ORIENTED_EDGE('',*,*,#4188,.T.);
#5604=ORIENTED_EDGE('',*,*,#4187,.T.);
#5605=ORIENTED_EDGE('',*,*,#4005,.F.);
#5606=ORIENTED_EDGE('',*,*,#4189,.F.);
#5607=ORIENTED_EDGE('',*,*,#4190,.T.);
#5608=ORIENTED_EDGE('',*,*,#4189,.T.);
#5609=ORIENTED_EDGE('',*,*,#4004,.F.);
#5610=ORIENTED_EDGE('',*,*,#4184,.F.);
#5611=ORIENTED_EDGE('',*,*,#4191,.T.);
#5612=ORIENTED_EDGE('',*,*,#4192,.T.);
#5613=ORIENTED_EDGE('',*,*,#3977,.F.);
#5614=ORIENTED_EDGE('',*,*,#4193,.F.);
#5615=ORIENTED_EDGE('',*,*,#4194,.T.);
#5616=ORIENTED_EDGE('',*,*,#4193,.T.);
#5617=ORIENTED_EDGE('',*,*,#3976,.F.);
#5618=ORIENTED_EDGE('',*,*,#4195,.F.);
#5619=ORIENTED_EDGE('',*,*,#4196,.T.);
#5620=ORIENTED_EDGE('',*,*,#4195,.T.);
#5621=ORIENTED_EDGE('',*,*,#3975,.F.);
#5622=ORIENTED_EDGE('',*,*,#4197,.F.);
#5623=ORIENTED_EDGE('',*,*,#4198,.T.);
#5624=ORIENTED_EDGE('',*,*,#4197,.T.);
#5625=ORIENTED_EDGE('',*,*,#3974,.F.);
#5626=ORIENTED_EDGE('',*,*,#4192,.F.);
#5627=ORIENTED_EDGE('',*,*,#4199,.T.);
#5628=ORIENTED_EDGE('',*,*,#4200,.T.);
#5629=ORIENTED_EDGE('',*,*,#3942,.F.);
#5630=ORIENTED_EDGE('',*,*,#4201,.F.);
#5631=ORIENTED_EDGE('',*,*,#4202,.T.);
#5632=ORIENTED_EDGE('',*,*,#4201,.T.);
#5633=ORIENTED_EDGE('',*,*,#3941,.F.);
#5634=ORIENTED_EDGE('',*,*,#4203,.F.);
#5635=ORIENTED_EDGE('',*,*,#4204,.T.);
#5636=ORIENTED_EDGE('',*,*,#4203,.T.);
#5637=ORIENTED_EDGE('',*,*,#3940,.F.);
#5638=ORIENTED_EDGE('',*,*,#4205,.F.);
#5639=ORIENTED_EDGE('',*,*,#4206,.T.);
#5640=ORIENTED_EDGE('',*,*,#4205,.T.);
#5641=ORIENTED_EDGE('',*,*,#3939,.F.);
#5642=ORIENTED_EDGE('',*,*,#4200,.F.);
#5643=ORIENTED_EDGE('',*,*,#4207,.T.);
#5644=ORIENTED_EDGE('',*,*,#4208,.T.);
#5645=ORIENTED_EDGE('',*,*,#3972,.F.);
#5646=ORIENTED_EDGE('',*,*,#4209,.F.);
#5647=ORIENTED_EDGE('',*,*,#4210,.T.);
#5648=ORIENTED_EDGE('',*,*,#4209,.T.);
#5649=ORIENTED_EDGE('',*,*,#3971,.F.);
#5650=ORIENTED_EDGE('',*,*,#4211,.F.);
#5651=ORIENTED_EDGE('',*,*,#4212,.T.);
#5652=ORIENTED_EDGE('',*,*,#4211,.T.);
#5653=ORIENTED_EDGE('',*,*,#3970,.F.);
#5654=ORIENTED_EDGE('',*,*,#4213,.F.);
#5655=ORIENTED_EDGE('',*,*,#4214,.T.);
#5656=ORIENTED_EDGE('',*,*,#4213,.T.);
#5657=ORIENTED_EDGE('',*,*,#3969,.F.);
#5658=ORIENTED_EDGE('',*,*,#4208,.F.);
#5659=ORIENTED_EDGE('',*,*,#4215,.T.);
#5660=ORIENTED_EDGE('',*,*,#4216,.T.);
#5661=ORIENTED_EDGE('',*,*,#3967,.F.);
#5662=ORIENTED_EDGE('',*,*,#4217,.F.);
#5663=ORIENTED_EDGE('',*,*,#4218,.T.);
#5664=ORIENTED_EDGE('',*,*,#4217,.T.);
#5665=ORIENTED_EDGE('',*,*,#3966,.F.);
#5666=ORIENTED_EDGE('',*,*,#4219,.F.);
#5667=ORIENTED_EDGE('',*,*,#4220,.T.);
#5668=ORIENTED_EDGE('',*,*,#4219,.T.);
#5669=ORIENTED_EDGE('',*,*,#3965,.F.);
#5670=ORIENTED_EDGE('',*,*,#4221,.F.);
#5671=ORIENTED_EDGE('',*,*,#4222,.T.);
#5672=ORIENTED_EDGE('',*,*,#4221,.T.);
#5673=ORIENTED_EDGE('',*,*,#3964,.F.);
#5674=ORIENTED_EDGE('',*,*,#4216,.F.);
#5675=ORIENTED_EDGE('',*,*,#4223,.T.);
#5676=ORIENTED_EDGE('',*,*,#4224,.T.);
#5677=ORIENTED_EDGE('',*,*,#3957,.F.);
#5678=ORIENTED_EDGE('',*,*,#4225,.F.);
#5679=ORIENTED_EDGE('',*,*,#4226,.T.);
#5680=ORIENTED_EDGE('',*,*,#4225,.T.);
#5681=ORIENTED_EDGE('',*,*,#3956,.F.);
#5682=ORIENTED_EDGE('',*,*,#4227,.F.);
#5683=ORIENTED_EDGE('',*,*,#4228,.T.);
#5684=ORIENTED_EDGE('',*,*,#4227,.T.);
#5685=ORIENTED_EDGE('',*,*,#3955,.F.);
#5686=ORIENTED_EDGE('',*,*,#4229,.F.);
#5687=ORIENTED_EDGE('',*,*,#4230,.T.);
#5688=ORIENTED_EDGE('',*,*,#4229,.T.);
#5689=ORIENTED_EDGE('',*,*,#3954,.F.);
#5690=ORIENTED_EDGE('',*,*,#4224,.F.);
#5691=ORIENTED_EDGE('',*,*,#4231,.T.);
#5692=ORIENTED_EDGE('',*,*,#4232,.T.);
#5693=ORIENTED_EDGE('',*,*,#3962,.F.);
#5694=ORIENTED_EDGE('',*,*,#4233,.F.);
#5695=ORIENTED_EDGE('',*,*,#4234,.T.);
#5696=ORIENTED_EDGE('',*,*,#4233,.T.);
#5697=ORIENTED_EDGE('',*,*,#3961,.F.);
#5698=ORIENTED_EDGE('',*,*,#4235,.F.);
#5699=ORIENTED_EDGE('',*,*,#4236,.T.);
#5700=ORIENTED_EDGE('',*,*,#4235,.T.);
#5701=ORIENTED_EDGE('',*,*,#3960,.F.);
#5702=ORIENTED_EDGE('',*,*,#4237,.F.);
#5703=ORIENTED_EDGE('',*,*,#4238,.T.);
#5704=ORIENTED_EDGE('',*,*,#4237,.T.);
#5705=ORIENTED_EDGE('',*,*,#3959,.F.);
#5706=ORIENTED_EDGE('',*,*,#4232,.F.);
#5707=ORIENTED_EDGE('',*,*,#4239,.T.);
#5708=ORIENTED_EDGE('',*,*,#4240,.T.);
#5709=ORIENTED_EDGE('',*,*,#3947,.F.);
#5710=ORIENTED_EDGE('',*,*,#4241,.F.);
#5711=ORIENTED_EDGE('',*,*,#4242,.T.);
#5712=ORIENTED_EDGE('',*,*,#4241,.T.);
#5713=ORIENTED_EDGE('',*,*,#3946,.F.);
#5714=ORIENTED_EDGE('',*,*,#4243,.F.);
#5715=ORIENTED_EDGE('',*,*,#4244,.T.);
#5716=ORIENTED_EDGE('',*,*,#4243,.T.);
#5717=ORIENTED_EDGE('',*,*,#3945,.F.);
#5718=ORIENTED_EDGE('',*,*,#4245,.F.);
#5719=ORIENTED_EDGE('',*,*,#4246,.T.);
#5720=ORIENTED_EDGE('',*,*,#4245,.T.);
#5721=ORIENTED_EDGE('',*,*,#3944,.F.);
#5722=ORIENTED_EDGE('',*,*,#4240,.F.);
#5723=ORIENTED_EDGE('',*,*,#4247,.T.);
#5724=ORIENTED_EDGE('',*,*,#4248,.T.);
#5725=ORIENTED_EDGE('',*,*,#3952,.F.);
#5726=ORIENTED_EDGE('',*,*,#4249,.F.);
#5727=ORIENTED_EDGE('',*,*,#4250,.T.);
#5728=ORIENTED_EDGE('',*,*,#4249,.T.);
#5729=ORIENTED_EDGE('',*,*,#3951,.F.);
#5730=ORIENTED_EDGE('',*,*,#4251,.F.);
#5731=ORIENTED_EDGE('',*,*,#4252,.T.);
#5732=ORIENTED_EDGE('',*,*,#4251,.T.);
#5733=ORIENTED_EDGE('',*,*,#3950,.F.);
#5734=ORIENTED_EDGE('',*,*,#4253,.F.);
#5735=ORIENTED_EDGE('',*,*,#4254,.T.);
#5736=ORIENTED_EDGE('',*,*,#4253,.T.);
#5737=ORIENTED_EDGE('',*,*,#3949,.F.);
#5738=ORIENTED_EDGE('',*,*,#4248,.F.);
#5739=ORIENTED_EDGE('',*,*,#4255,.T.);
#5740=ORIENTED_EDGE('',*,*,#4256,.T.);
#5741=ORIENTED_EDGE('',*,*,#4012,.F.);
#5742=ORIENTED_EDGE('',*,*,#4257,.F.);
#5743=ORIENTED_EDGE('',*,*,#4258,.T.);
#5744=ORIENTED_EDGE('',*,*,#4257,.T.);
#5745=ORIENTED_EDGE('',*,*,#4011,.F.);
#5746=ORIENTED_EDGE('',*,*,#4259,.F.);
#5747=ORIENTED_EDGE('',*,*,#4260,.T.);
#5748=ORIENTED_EDGE('',*,*,#4259,.T.);
#5749=ORIENTED_EDGE('',*,*,#4010,.F.);
#5750=ORIENTED_EDGE('',*,*,#4261,.F.);
#5751=ORIENTED_EDGE('',*,*,#4262,.T.);
#5752=ORIENTED_EDGE('',*,*,#4261,.T.);
#5753=ORIENTED_EDGE('',*,*,#4009,.F.);
#5754=ORIENTED_EDGE('',*,*,#4256,.F.);
#5755=ORIENTED_EDGE('',*,*,#4263,.T.);
#5756=ORIENTED_EDGE('',*,*,#4264,.T.);
#5757=ORIENTED_EDGE('',*,*,#3937,.F.);
#5758=ORIENTED_EDGE('',*,*,#4265,.F.);
#5759=ORIENTED_EDGE('',*,*,#4266,.T.);
#5760=ORIENTED_EDGE('',*,*,#4265,.T.);
#5761=ORIENTED_EDGE('',*,*,#3936,.F.);
#5762=ORIENTED_EDGE('',*,*,#4267,.F.);
#5763=ORIENTED_EDGE('',*,*,#4268,.T.);
#5764=ORIENTED_EDGE('',*,*,#4267,.T.);
#5765=ORIENTED_EDGE('',*,*,#3935,.F.);
#5766=ORIENTED_EDGE('',*,*,#4269,.F.);
#5767=ORIENTED_EDGE('',*,*,#4270,.T.);
#5768=ORIENTED_EDGE('',*,*,#4269,.T.);
#5769=ORIENTED_EDGE('',*,*,#3934,.F.);
#5770=ORIENTED_EDGE('',*,*,#4264,.F.);
#5771=ORIENTED_EDGE('',*,*,#4271,.T.);
#5772=ORIENTED_EDGE('',*,*,#4272,.T.);
#5773=ORIENTED_EDGE('',*,*,#3932,.F.);
#5774=ORIENTED_EDGE('',*,*,#4273,.F.);
#5775=ORIENTED_EDGE('',*,*,#4274,.T.);
#5776=ORIENTED_EDGE('',*,*,#4273,.T.);
#5777=ORIENTED_EDGE('',*,*,#3931,.F.);
#5778=ORIENTED_EDGE('',*,*,#4275,.F.);
#5779=ORIENTED_EDGE('',*,*,#4276,.T.);
#5780=ORIENTED_EDGE('',*,*,#4275,.T.);
#5781=ORIENTED_EDGE('',*,*,#3930,.F.);
#5782=ORIENTED_EDGE('',*,*,#4277,.F.);
#5783=ORIENTED_EDGE('',*,*,#4278,.T.);
#5784=ORIENTED_EDGE('',*,*,#4277,.T.);
#5785=ORIENTED_EDGE('',*,*,#3929,.F.);
#5786=ORIENTED_EDGE('',*,*,#4272,.F.);
#5787=ORIENTED_EDGE('',*,*,#4279,.T.);
#5788=ORIENTED_EDGE('',*,*,#4280,.T.);
#5789=ORIENTED_EDGE('',*,*,#3927,.F.);
#5790=ORIENTED_EDGE('',*,*,#4281,.F.);
#5791=ORIENTED_EDGE('',*,*,#4282,.T.);
#5792=ORIENTED_EDGE('',*,*,#4281,.T.);
#5793=ORIENTED_EDGE('',*,*,#3926,.F.);
#5794=ORIENTED_EDGE('',*,*,#4283,.F.);
#5795=ORIENTED_EDGE('',*,*,#4284,.T.);
#5796=ORIENTED_EDGE('',*,*,#4283,.T.);
#5797=ORIENTED_EDGE('',*,*,#3925,.F.);
#5798=ORIENTED_EDGE('',*,*,#4285,.F.);
#5799=ORIENTED_EDGE('',*,*,#4286,.T.);
#5800=ORIENTED_EDGE('',*,*,#4285,.T.);
#5801=ORIENTED_EDGE('',*,*,#3924,.F.);
#5802=ORIENTED_EDGE('',*,*,#4280,.F.);
#5803=ORIENTED_EDGE('',*,*,#4287,.T.);
#5804=ORIENTED_EDGE('',*,*,#4288,.T.);
#5805=ORIENTED_EDGE('',*,*,#4062,.F.);
#5806=ORIENTED_EDGE('',*,*,#4289,.F.);
#5807=ORIENTED_EDGE('',*,*,#4290,.T.);
#5808=ORIENTED_EDGE('',*,*,#4289,.T.);
#5809=ORIENTED_EDGE('',*,*,#4061,.F.);
#5810=ORIENTED_EDGE('',*,*,#4291,.F.);
#5811=ORIENTED_EDGE('',*,*,#4292,.T.);
#5812=ORIENTED_EDGE('',*,*,#4291,.T.);
#5813=ORIENTED_EDGE('',*,*,#4060,.F.);
#5814=ORIENTED_EDGE('',*,*,#4293,.F.);
#5815=ORIENTED_EDGE('',*,*,#4294,.T.);
#5816=ORIENTED_EDGE('',*,*,#4293,.T.);
#5817=ORIENTED_EDGE('',*,*,#4059,.F.);
#5818=ORIENTED_EDGE('',*,*,#4288,.F.);
#5819=ORIENTED_EDGE('',*,*,#4295,.T.);
#5820=ORIENTED_EDGE('',*,*,#4296,.T.);
#5821=ORIENTED_EDGE('',*,*,#3992,.F.);
#5822=ORIENTED_EDGE('',*,*,#4297,.F.);
#5823=ORIENTED_EDGE('',*,*,#4298,.T.);
#5824=ORIENTED_EDGE('',*,*,#4297,.T.);
#5825=ORIENTED_EDGE('',*,*,#3991,.F.);
#5826=ORIENTED_EDGE('',*,*,#4299,.F.);
#5827=ORIENTED_EDGE('',*,*,#4300,.T.);
#5828=ORIENTED_EDGE('',*,*,#4299,.T.);
#5829=ORIENTED_EDGE('',*,*,#3990,.F.);
#5830=ORIENTED_EDGE('',*,*,#4301,.F.);
#5831=ORIENTED_EDGE('',*,*,#4302,.T.);
#5832=ORIENTED_EDGE('',*,*,#4301,.T.);
#5833=ORIENTED_EDGE('',*,*,#3989,.F.);
#5834=ORIENTED_EDGE('',*,*,#4296,.F.);
#5835=ORIENTED_EDGE('',*,*,#4303,.T.);
#5836=ORIENTED_EDGE('',*,*,#4304,.T.);
#5837=ORIENTED_EDGE('',*,*,#4002,.F.);
#5838=ORIENTED_EDGE('',*,*,#4305,.F.);
#5839=ORIENTED_EDGE('',*,*,#4306,.T.);
#5840=ORIENTED_EDGE('',*,*,#4305,.T.);
#5841=ORIENTED_EDGE('',*,*,#4001,.F.);
#5842=ORIENTED_EDGE('',*,*,#4307,.F.);
#5843=ORIENTED_EDGE('',*,*,#4308,.T.);
#5844=ORIENTED_EDGE('',*,*,#4307,.T.);
#5845=ORIENTED_EDGE('',*,*,#4000,.F.);
#5846=ORIENTED_EDGE('',*,*,#4309,.F.);
#5847=ORIENTED_EDGE('',*,*,#4310,.T.);
#5848=ORIENTED_EDGE('',*,*,#4309,.T.);
#5849=ORIENTED_EDGE('',*,*,#3999,.F.);
#5850=ORIENTED_EDGE('',*,*,#4304,.F.);
#5851=ORIENTED_EDGE('',*,*,#4311,.T.);
#5852=ORIENTED_EDGE('',*,*,#4312,.T.);
#5853=ORIENTED_EDGE('',*,*,#3902,.F.);
#5854=ORIENTED_EDGE('',*,*,#4313,.F.);
#5855=ORIENTED_EDGE('',*,*,#4314,.T.);
#5856=ORIENTED_EDGE('',*,*,#4313,.T.);
#5857=ORIENTED_EDGE('',*,*,#3901,.F.);
#5858=ORIENTED_EDGE('',*,*,#4315,.F.);
#5859=ORIENTED_EDGE('',*,*,#4316,.T.);
#5860=ORIENTED_EDGE('',*,*,#4315,.T.);
#5861=ORIENTED_EDGE('',*,*,#3900,.F.);
#5862=ORIENTED_EDGE('',*,*,#4317,.F.);
#5863=ORIENTED_EDGE('',*,*,#4318,.T.);
#5864=ORIENTED_EDGE('',*,*,#4317,.T.);
#5865=ORIENTED_EDGE('',*,*,#3899,.F.);
#5866=ORIENTED_EDGE('',*,*,#4312,.F.);
#5867=ORIENTED_EDGE('',*,*,#4319,.T.);
#5868=ORIENTED_EDGE('',*,*,#4320,.T.);
#5869=ORIENTED_EDGE('',*,*,#3917,.F.);
#5870=ORIENTED_EDGE('',*,*,#4321,.F.);
#5871=ORIENTED_EDGE('',*,*,#4322,.T.);
#5872=ORIENTED_EDGE('',*,*,#4321,.T.);
#5873=ORIENTED_EDGE('',*,*,#3916,.F.);
#5874=ORIENTED_EDGE('',*,*,#4323,.F.);
#5875=ORIENTED_EDGE('',*,*,#4324,.T.);
#5876=ORIENTED_EDGE('',*,*,#4323,.T.);
#5877=ORIENTED_EDGE('',*,*,#3915,.F.);
#5878=ORIENTED_EDGE('',*,*,#4325,.F.);
#5879=ORIENTED_EDGE('',*,*,#4326,.T.);
#5880=ORIENTED_EDGE('',*,*,#4325,.T.);
#5881=ORIENTED_EDGE('',*,*,#3914,.F.);
#5882=ORIENTED_EDGE('',*,*,#4320,.F.);
#5883=ORIENTED_EDGE('',*,*,#4327,.T.);
#5884=ORIENTED_EDGE('',*,*,#4328,.T.);
#5885=ORIENTED_EDGE('',*,*,#3887,.F.);
#5886=ORIENTED_EDGE('',*,*,#4329,.F.);
#5887=ORIENTED_EDGE('',*,*,#4330,.T.);
#5888=ORIENTED_EDGE('',*,*,#4329,.T.);
#5889=ORIENTED_EDGE('',*,*,#3886,.F.);
#5890=ORIENTED_EDGE('',*,*,#4331,.F.);
#5891=ORIENTED_EDGE('',*,*,#4332,.T.);
#5892=ORIENTED_EDGE('',*,*,#4331,.T.);
#5893=ORIENTED_EDGE('',*,*,#3885,.F.);
#5894=ORIENTED_EDGE('',*,*,#4333,.F.);
#5895=ORIENTED_EDGE('',*,*,#4334,.T.);
#5896=ORIENTED_EDGE('',*,*,#4333,.T.);
#5897=ORIENTED_EDGE('',*,*,#3884,.F.);
#5898=ORIENTED_EDGE('',*,*,#4328,.F.);
#5899=ORIENTED_EDGE('',*,*,#4335,.T.);
#5900=ORIENTED_EDGE('',*,*,#4336,.T.);
#5901=ORIENTED_EDGE('',*,*,#4052,.F.);
#5902=ORIENTED_EDGE('',*,*,#4337,.F.);
#5903=ORIENTED_EDGE('',*,*,#4338,.T.);
#5904=ORIENTED_EDGE('',*,*,#4337,.T.);
#5905=ORIENTED_EDGE('',*,*,#4051,.F.);
#5906=ORIENTED_EDGE('',*,*,#4339,.F.);
#5907=ORIENTED_EDGE('',*,*,#4340,.T.);
#5908=ORIENTED_EDGE('',*,*,#4339,.T.);
#5909=ORIENTED_EDGE('',*,*,#4050,.F.);
#5910=ORIENTED_EDGE('',*,*,#4341,.F.);
#5911=ORIENTED_EDGE('',*,*,#4342,.T.);
#5912=ORIENTED_EDGE('',*,*,#4341,.T.);
#5913=ORIENTED_EDGE('',*,*,#4049,.F.);
#5914=ORIENTED_EDGE('',*,*,#4336,.F.);
#5915=ORIENTED_EDGE('',*,*,#4343,.T.);
#5916=ORIENTED_EDGE('',*,*,#4344,.T.);
#5917=ORIENTED_EDGE('',*,*,#3867,.F.);
#5918=ORIENTED_EDGE('',*,*,#4345,.F.);
#5919=ORIENTED_EDGE('',*,*,#4346,.T.);
#5920=ORIENTED_EDGE('',*,*,#4345,.T.);
#5921=ORIENTED_EDGE('',*,*,#3866,.F.);
#5922=ORIENTED_EDGE('',*,*,#4347,.F.);
#5923=ORIENTED_EDGE('',*,*,#4348,.T.);
#5924=ORIENTED_EDGE('',*,*,#4347,.T.);
#5925=ORIENTED_EDGE('',*,*,#3865,.F.);
#5926=ORIENTED_EDGE('',*,*,#4349,.F.);
#5927=ORIENTED_EDGE('',*,*,#4350,.T.);
#5928=ORIENTED_EDGE('',*,*,#4349,.T.);
#5929=ORIENTED_EDGE('',*,*,#3864,.F.);
#5930=ORIENTED_EDGE('',*,*,#4344,.F.);
#5931=ORIENTED_EDGE('',*,*,#4351,.T.);
#5932=ORIENTED_EDGE('',*,*,#4352,.T.);
#5933=ORIENTED_EDGE('',*,*,#3907,.F.);
#5934=ORIENTED_EDGE('',*,*,#4353,.F.);
#5935=ORIENTED_EDGE('',*,*,#4354,.T.);
#5936=ORIENTED_EDGE('',*,*,#4353,.T.);
#5937=ORIENTED_EDGE('',*,*,#3906,.F.);
#5938=ORIENTED_EDGE('',*,*,#4355,.F.);
#5939=ORIENTED_EDGE('',*,*,#4356,.T.);
#5940=ORIENTED_EDGE('',*,*,#4355,.T.);
#5941=ORIENTED_EDGE('',*,*,#3905,.F.);
#5942=ORIENTED_EDGE('',*,*,#4357,.F.);
#5943=ORIENTED_EDGE('',*,*,#4358,.T.);
#5944=ORIENTED_EDGE('',*,*,#4357,.T.);
#5945=ORIENTED_EDGE('',*,*,#3904,.F.);
#5946=ORIENTED_EDGE('',*,*,#4352,.F.);
#5947=ORIENTED_EDGE('',*,*,#4359,.T.);
#5948=ORIENTED_EDGE('',*,*,#4360,.T.);
#5949=ORIENTED_EDGE('',*,*,#3882,.F.);
#5950=ORIENTED_EDGE('',*,*,#4361,.F.);
#5951=ORIENTED_EDGE('',*,*,#4362,.T.);
#5952=ORIENTED_EDGE('',*,*,#4361,.T.);
#5953=ORIENTED_EDGE('',*,*,#3881,.F.);
#5954=ORIENTED_EDGE('',*,*,#4363,.F.);
#5955=ORIENTED_EDGE('',*,*,#4364,.T.);
#5956=ORIENTED_EDGE('',*,*,#4363,.T.);
#5957=ORIENTED_EDGE('',*,*,#3880,.F.);
#5958=ORIENTED_EDGE('',*,*,#4365,.F.);
#5959=ORIENTED_EDGE('',*,*,#4366,.T.);
#5960=ORIENTED_EDGE('',*,*,#4365,.T.);
#5961=ORIENTED_EDGE('',*,*,#3879,.F.);
#5962=ORIENTED_EDGE('',*,*,#4360,.F.);
#5963=ORIENTED_EDGE('',*,*,#4367,.T.);
#5964=ORIENTED_EDGE('',*,*,#4368,.T.);
#5965=ORIENTED_EDGE('',*,*,#4057,.F.);
#5966=ORIENTED_EDGE('',*,*,#4369,.F.);
#5967=ORIENTED_EDGE('',*,*,#4370,.T.);
#5968=ORIENTED_EDGE('',*,*,#4369,.T.);
#5969=ORIENTED_EDGE('',*,*,#4056,.F.);
#5970=ORIENTED_EDGE('',*,*,#4371,.F.);
#5971=ORIENTED_EDGE('',*,*,#4372,.T.);
#5972=ORIENTED_EDGE('',*,*,#4371,.T.);
#5973=ORIENTED_EDGE('',*,*,#4055,.F.);
#5974=ORIENTED_EDGE('',*,*,#4373,.F.);
#5975=ORIENTED_EDGE('',*,*,#4374,.T.);
#5976=ORIENTED_EDGE('',*,*,#4373,.T.);
#5977=ORIENTED_EDGE('',*,*,#4054,.F.);
#5978=ORIENTED_EDGE('',*,*,#4368,.F.);
#5979=ORIENTED_EDGE('',*,*,#4375,.T.);
#5980=ORIENTED_EDGE('',*,*,#4376,.T.);
#5981=ORIENTED_EDGE('',*,*,#4017,.F.);
#5982=ORIENTED_EDGE('',*,*,#4377,.F.);
#5983=ORIENTED_EDGE('',*,*,#4378,.T.);
#5984=ORIENTED_EDGE('',*,*,#4377,.T.);
#5985=ORIENTED_EDGE('',*,*,#4016,.F.);
#5986=ORIENTED_EDGE('',*,*,#4379,.F.);
#5987=ORIENTED_EDGE('',*,*,#4380,.T.);
#5988=ORIENTED_EDGE('',*,*,#4379,.T.);
#5989=ORIENTED_EDGE('',*,*,#4015,.F.);
#5990=ORIENTED_EDGE('',*,*,#4381,.F.);
#5991=ORIENTED_EDGE('',*,*,#4382,.T.);
#5992=ORIENTED_EDGE('',*,*,#4381,.T.);
#5993=ORIENTED_EDGE('',*,*,#4014,.F.);
#5994=ORIENTED_EDGE('',*,*,#4376,.F.);
#5995=ORIENTED_EDGE('',*,*,#4383,.T.);
#5996=ORIENTED_EDGE('',*,*,#4384,.T.);
#5997=ORIENTED_EDGE('',*,*,#3842,.F.);
#5998=ORIENTED_EDGE('',*,*,#4385,.F.);
#5999=ORIENTED_EDGE('',*,*,#4386,.T.);
#6000=ORIENTED_EDGE('',*,*,#4385,.T.);
#6001=ORIENTED_EDGE('',*,*,#3841,.F.);
#6002=ORIENTED_EDGE('',*,*,#3620,.F.);
#6003=ORIENTED_EDGE('',*,*,#4058,.F.);
#6004=ORIENTED_EDGE('',*,*,#3628,.T.);
#6005=ORIENTED_EDGE('',*,*,#3840,.F.);
#6006=ORIENTED_EDGE('',*,*,#3630,.F.);
#6007=ORIENTED_EDGE('',*,*,#3863,.F.);
#6008=ORIENTED_EDGE('',*,*,#3638,.T.);
#6009=ORIENTED_EDGE('',*,*,#3839,.F.);
#6010=ORIENTED_EDGE('',*,*,#3640,.F.);
#6011=ORIENTED_EDGE('',*,*,#3868,.F.);
#6012=ORIENTED_EDGE('',*,*,#3648,.T.);
#6013=ORIENTED_EDGE('',*,*,#3838,.F.);
#6014=ORIENTED_EDGE('',*,*,#3650,.F.);
#6015=ORIENTED_EDGE('',*,*,#3873,.F.);
#6016=ORIENTED_EDGE('',*,*,#3658,.T.);
#6017=ORIENTED_EDGE('',*,*,#3837,.F.);
#6018=ORIENTED_EDGE('',*,*,#3660,.F.);
#6019=ORIENTED_EDGE('',*,*,#3878,.F.);
#6020=ORIENTED_EDGE('',*,*,#3668,.T.);
#6021=ORIENTED_EDGE('',*,*,#3836,.F.);
#6022=ORIENTED_EDGE('',*,*,#3670,.F.);
#6023=ORIENTED_EDGE('',*,*,#3883,.F.);
#6024=ORIENTED_EDGE('',*,*,#3678,.T.);
#6025=ORIENTED_EDGE('',*,*,#3835,.F.);
#6026=ORIENTED_EDGE('',*,*,#3680,.F.);
#6027=ORIENTED_EDGE('',*,*,#3888,.F.);
#6028=ORIENTED_EDGE('',*,*,#3688,.T.);
#6029=ORIENTED_EDGE('',*,*,#3834,.F.);
#6030=ORIENTED_EDGE('',*,*,#3690,.F.);
#6031=ORIENTED_EDGE('',*,*,#3893,.F.);
#6032=ORIENTED_EDGE('',*,*,#3698,.T.);
#6033=ORIENTED_EDGE('',*,*,#3833,.F.);
#6034=ORIENTED_EDGE('',*,*,#3700,.F.);
#6035=ORIENTED_EDGE('',*,*,#3898,.F.);
#6036=ORIENTED_EDGE('',*,*,#3708,.T.);
#6037=ORIENTED_EDGE('',*,*,#3832,.F.);
#6038=ORIENTED_EDGE('',*,*,#3710,.F.);
#6039=ORIENTED_EDGE('',*,*,#3903,.F.);
#6040=ORIENTED_EDGE('',*,*,#3718,.T.);
#6041=ORIENTED_EDGE('',*,*,#3831,.F.);
#6042=ORIENTED_EDGE('',*,*,#3720,.F.);
#6043=ORIENTED_EDGE('',*,*,#3908,.F.);
#6044=ORIENTED_EDGE('',*,*,#3728,.T.);
#6045=ORIENTED_EDGE('',*,*,#3830,.F.);
#6046=ORIENTED_EDGE('',*,*,#3730,.F.);
#6047=ORIENTED_EDGE('',*,*,#3913,.F.);
#6048=ORIENTED_EDGE('',*,*,#3738,.T.);
#6049=ORIENTED_EDGE('',*,*,#3829,.F.);
#6050=ORIENTED_EDGE('',*,*,#3740,.F.);
#6051=ORIENTED_EDGE('',*,*,#3918,.F.);
#6052=ORIENTED_EDGE('',*,*,#3748,.T.);
#6053=ORIENTED_EDGE('',*,*,#3828,.F.);
#6054=ORIENTED_EDGE('',*,*,#3750,.F.);
#6055=ORIENTED_EDGE('',*,*,#3923,.F.);
#6056=ORIENTED_EDGE('',*,*,#3758,.T.);
#6057=ORIENTED_EDGE('',*,*,#3827,.F.);
#6058=ORIENTED_EDGE('',*,*,#3760,.F.);
#6059=ORIENTED_EDGE('',*,*,#3928,.F.);
#6060=ORIENTED_EDGE('',*,*,#3768,.T.);
#6061=ORIENTED_EDGE('',*,*,#3826,.F.);
#6062=ORIENTED_EDGE('',*,*,#3770,.F.);
#6063=ORIENTED_EDGE('',*,*,#3933,.F.);
#6064=ORIENTED_EDGE('',*,*,#3778,.T.);
#6065=ORIENTED_EDGE('',*,*,#3825,.F.);
#6066=ORIENTED_EDGE('',*,*,#3780,.F.);
#6067=ORIENTED_EDGE('',*,*,#3938,.F.);
#6068=ORIENTED_EDGE('',*,*,#3788,.T.);
#6069=ORIENTED_EDGE('',*,*,#3824,.F.);
#6070=ORIENTED_EDGE('',*,*,#3790,.F.);
#6071=ORIENTED_EDGE('',*,*,#3943,.F.);
#6072=ORIENTED_EDGE('',*,*,#3798,.T.);
#6073=ORIENTED_EDGE('',*,*,#3823,.F.);
#6074=ORIENTED_EDGE('',*,*,#3800,.F.);
#6075=ORIENTED_EDGE('',*,*,#3948,.F.);
#6076=ORIENTED_EDGE('',*,*,#3808,.T.);
#6077=ORIENTED_EDGE('',*,*,#3822,.F.);
#6078=ORIENTED_EDGE('',*,*,#3810,.F.);
#6079=ORIENTED_EDGE('',*,*,#3953,.F.);
#6080=ORIENTED_EDGE('',*,*,#3818,.T.);
#6081=ORIENTED_EDGE('',*,*,#3821,.F.);
#6082=ORIENTED_EDGE('',*,*,#4387,.F.);
#6083=ORIENTED_EDGE('',*,*,#4388,.T.);
#6084=ORIENTED_EDGE('',*,*,#4387,.T.);
#6085=ORIENTED_EDGE('',*,*,#3820,.F.);
#6086=ORIENTED_EDGE('',*,*,#4389,.F.);
#6087=ORIENTED_EDGE('',*,*,#4390,.T.);
#6088=ORIENTED_EDGE('',*,*,#4389,.T.);
#6089=ORIENTED_EDGE('',*,*,#3819,.F.);
#6090=ORIENTED_EDGE('',*,*,#3420,.F.);
#6091=ORIENTED_EDGE('',*,*,#3958,.F.);
#6092=ORIENTED_EDGE('',*,*,#3428,.T.);
#6093=ORIENTED_EDGE('',*,*,#3862,.F.);
#6094=ORIENTED_EDGE('',*,*,#3430,.F.);
#6095=ORIENTED_EDGE('',*,*,#3963,.F.);
#6096=ORIENTED_EDGE('',*,*,#3438,.T.);
#6097=ORIENTED_EDGE('',*,*,#3861,.F.);
#6098=ORIENTED_EDGE('',*,*,#3440,.F.);
#6099=ORIENTED_EDGE('',*,*,#3968,.F.);
#6100=ORIENTED_EDGE('',*,*,#3448,.T.);
#6101=ORIENTED_EDGE('',*,*,#3860,.F.);
#6102=ORIENTED_EDGE('',*,*,#3450,.F.);
#6103=ORIENTED_EDGE('',*,*,#3973,.F.);
#6104=ORIENTED_EDGE('',*,*,#3458,.T.);
#6105=ORIENTED_EDGE('',*,*,#3859,.F.);
#6106=ORIENTED_EDGE('',*,*,#3460,.F.);
#6107=ORIENTED_EDGE('',*,*,#3978,.F.);
#6108=ORIENTED_EDGE('',*,*,#3468,.T.);
#6109=ORIENTED_EDGE('',*,*,#3858,.F.);
#6110=ORIENTED_EDGE('',*,*,#3470,.F.);
#6111=ORIENTED_EDGE('',*,*,#3983,.F.);
#6112=ORIENTED_EDGE('',*,*,#3478,.T.);
#6113=ORIENTED_EDGE('',*,*,#3857,.F.);
#6114=ORIENTED_EDGE('',*,*,#3480,.F.);
#6115=ORIENTED_EDGE('',*,*,#3988,.F.);
#6116=ORIENTED_EDGE('',*,*,#3488,.T.);
#6117=ORIENTED_EDGE('',*,*,#3856,.F.);
#6118=ORIENTED_EDGE('',*,*,#3490,.F.);
#6119=ORIENTED_EDGE('',*,*,#3993,.F.);
#6120=ORIENTED_EDGE('',*,*,#3498,.T.);
#6121=ORIENTED_EDGE('',*,*,#3855,.F.);
#6122=ORIENTED_EDGE('',*,*,#3500,.F.);
#6123=ORIENTED_EDGE('',*,*,#3998,.F.);
#6124=ORIENTED_EDGE('',*,*,#3508,.T.);
#6125=ORIENTED_EDGE('',*,*,#3854,.F.);
#6126=ORIENTED_EDGE('',*,*,#3510,.F.);
#6127=ORIENTED_EDGE('',*,*,#4003,.F.);
#6128=ORIENTED_EDGE('',*,*,#3518,.T.);
#6129=ORIENTED_EDGE('',*,*,#3853,.F.);
#6130=ORIENTED_EDGE('',*,*,#3520,.F.);
#6131=ORIENTED_EDGE('',*,*,#4008,.F.);
#6132=ORIENTED_EDGE('',*,*,#3528,.T.);
#6133=ORIENTED_EDGE('',*,*,#3852,.F.);
#6134=ORIENTED_EDGE('',*,*,#3530,.F.);
#6135=ORIENTED_EDGE('',*,*,#4013,.F.);
#6136=ORIENTED_EDGE('',*,*,#3538,.T.);
#6137=ORIENTED_EDGE('',*,*,#3851,.F.);
#6138=ORIENTED_EDGE('',*,*,#3540,.F.);
#6139=ORIENTED_EDGE('',*,*,#4018,.F.);
#6140=ORIENTED_EDGE('',*,*,#3548,.T.);
#6141=ORIENTED_EDGE('',*,*,#3850,.F.);
#6142=ORIENTED_EDGE('',*,*,#3550,.F.);
#6143=ORIENTED_EDGE('',*,*,#4023,.F.);
#6144=ORIENTED_EDGE('',*,*,#3558,.T.);
#6145=ORIENTED_EDGE('',*,*,#3849,.F.);
#6146=ORIENTED_EDGE('',*,*,#3560,.F.);
#6147=ORIENTED_EDGE('',*,*,#4028,.F.);
#6148=ORIENTED_EDGE('',*,*,#3568,.T.);
#6149=ORIENTED_EDGE('',*,*,#3848,.F.);
#6150=ORIENTED_EDGE('',*,*,#3570,.F.);
#6151=ORIENTED_EDGE('',*,*,#4033,.F.);
#6152=ORIENTED_EDGE('',*,*,#3578,.T.);
#6153=ORIENTED_EDGE('',*,*,#3847,.F.);
#6154=ORIENTED_EDGE('',*,*,#3580,.F.);
#6155=ORIENTED_EDGE('',*,*,#4038,.F.);
#6156=ORIENTED_EDGE('',*,*,#3588,.T.);
#6157=ORIENTED_EDGE('',*,*,#3846,.F.);
#6158=ORIENTED_EDGE('',*,*,#3590,.F.);
#6159=ORIENTED_EDGE('',*,*,#4043,.F.);
#6160=ORIENTED_EDGE('',*,*,#3598,.T.);
#6161=ORIENTED_EDGE('',*,*,#3845,.F.);
#6162=ORIENTED_EDGE('',*,*,#3600,.F.);
#6163=ORIENTED_EDGE('',*,*,#4048,.F.);
#6164=ORIENTED_EDGE('',*,*,#3608,.T.);
#6165=ORIENTED_EDGE('',*,*,#3844,.F.);
#6166=ORIENTED_EDGE('',*,*,#3610,.F.);
#6167=ORIENTED_EDGE('',*,*,#4053,.F.);
#6168=ORIENTED_EDGE('',*,*,#3618,.T.);
#6169=ORIENTED_EDGE('',*,*,#3843,.F.);
#6170=ORIENTED_EDGE('',*,*,#4384,.F.);
#6171=ORIENTED_EDGE('',*,*,#4390,.F.);
#6172=ORIENTED_EDGE('',*,*,#4383,.F.);
#6173=ORIENTED_EDGE('',*,*,#4386,.F.);
#6174=ORIENTED_EDGE('',*,*,#4388,.F.);
#6175=ORIENTED_EDGE('',*,*,#4382,.F.);
#6176=ORIENTED_EDGE('',*,*,#4375,.F.);
#6177=ORIENTED_EDGE('',*,*,#4378,.F.);
#6178=ORIENTED_EDGE('',*,*,#4380,.F.);
#6179=ORIENTED_EDGE('',*,*,#4374,.F.);
#6180=ORIENTED_EDGE('',*,*,#4367,.F.);
#6181=ORIENTED_EDGE('',*,*,#4370,.F.);
#6182=ORIENTED_EDGE('',*,*,#4372,.F.);
#6183=ORIENTED_EDGE('',*,*,#4366,.F.);
#6184=ORIENTED_EDGE('',*,*,#4359,.F.);
#6185=ORIENTED_EDGE('',*,*,#4362,.F.);
#6186=ORIENTED_EDGE('',*,*,#4364,.F.);
#6187=ORIENTED_EDGE('',*,*,#4358,.F.);
#6188=ORIENTED_EDGE('',*,*,#4351,.F.);
#6189=ORIENTED_EDGE('',*,*,#4354,.F.);
#6190=ORIENTED_EDGE('',*,*,#4356,.F.);
#6191=ORIENTED_EDGE('',*,*,#4350,.F.);
#6192=ORIENTED_EDGE('',*,*,#4343,.F.);
#6193=ORIENTED_EDGE('',*,*,#4346,.F.);
#6194=ORIENTED_EDGE('',*,*,#4348,.F.);
#6195=ORIENTED_EDGE('',*,*,#4342,.F.);
#6196=ORIENTED_EDGE('',*,*,#4335,.F.);
#6197=ORIENTED_EDGE('',*,*,#4338,.F.);
#6198=ORIENTED_EDGE('',*,*,#4340,.F.);
#6199=ORIENTED_EDGE('',*,*,#4334,.F.);
#6200=ORIENTED_EDGE('',*,*,#4327,.F.);
#6201=ORIENTED_EDGE('',*,*,#4330,.F.);
#6202=ORIENTED_EDGE('',*,*,#4332,.F.);
#6203=ORIENTED_EDGE('',*,*,#4326,.F.);
#6204=ORIENTED_EDGE('',*,*,#4319,.F.);
#6205=ORIENTED_EDGE('',*,*,#4322,.F.);
#6206=ORIENTED_EDGE('',*,*,#4324,.F.);
#6207=ORIENTED_EDGE('',*,*,#4318,.F.);
#6208=ORIENTED_EDGE('',*,*,#4311,.F.);
#6209=ORIENTED_EDGE('',*,*,#4314,.F.);
#6210=ORIENTED_EDGE('',*,*,#4316,.F.);
#6211=ORIENTED_EDGE('',*,*,#4310,.F.);
#6212=ORIENTED_EDGE('',*,*,#4303,.F.);
#6213=ORIENTED_EDGE('',*,*,#4306,.F.);
#6214=ORIENTED_EDGE('',*,*,#4308,.F.);
#6215=ORIENTED_EDGE('',*,*,#4302,.F.);
#6216=ORIENTED_EDGE('',*,*,#4295,.F.);
#6217=ORIENTED_EDGE('',*,*,#4298,.F.);
#6218=ORIENTED_EDGE('',*,*,#4300,.F.);
#6219=ORIENTED_EDGE('',*,*,#4294,.F.);
#6220=ORIENTED_EDGE('',*,*,#4287,.F.);
#6221=ORIENTED_EDGE('',*,*,#4290,.F.);
#6222=ORIENTED_EDGE('',*,*,#4292,.F.);
#6223=ORIENTED_EDGE('',*,*,#4286,.F.);
#6224=ORIENTED_EDGE('',*,*,#4279,.F.);
#6225=ORIENTED_EDGE('',*,*,#4282,.F.);
#6226=ORIENTED_EDGE('',*,*,#4284,.F.);
#6227=ORIENTED_EDGE('',*,*,#4278,.F.);
#6228=ORIENTED_EDGE('',*,*,#4271,.F.);
#6229=ORIENTED_EDGE('',*,*,#4274,.F.);
#6230=ORIENTED_EDGE('',*,*,#4276,.F.);
#6231=ORIENTED_EDGE('',*,*,#4270,.F.);
#6232=ORIENTED_EDGE('',*,*,#4263,.F.);
#6233=ORIENTED_EDGE('',*,*,#4266,.F.);
#6234=ORIENTED_EDGE('',*,*,#4268,.F.);
#6235=ORIENTED_EDGE('',*,*,#4262,.F.);
#6236=ORIENTED_EDGE('',*,*,#4255,.F.);
#6237=ORIENTED_EDGE('',*,*,#4258,.F.);
#6238=ORIENTED_EDGE('',*,*,#4260,.F.);
#6239=ORIENTED_EDGE('',*,*,#4254,.F.);
#6240=ORIENTED_EDGE('',*,*,#4247,.F.);
#6241=ORIENTED_EDGE('',*,*,#4250,.F.);
#6242=ORIENTED_EDGE('',*,*,#4252,.F.);
#6243=ORIENTED_EDGE('',*,*,#4246,.F.);
#6244=ORIENTED_EDGE('',*,*,#4239,.F.);
#6245=ORIENTED_EDGE('',*,*,#4242,.F.);
#6246=ORIENTED_EDGE('',*,*,#4244,.F.);
#6247=ORIENTED_EDGE('',*,*,#4238,.F.);
#6248=ORIENTED_EDGE('',*,*,#4231,.F.);
#6249=ORIENTED_EDGE('',*,*,#4234,.F.);
#6250=ORIENTED_EDGE('',*,*,#4236,.F.);
#6251=ORIENTED_EDGE('',*,*,#4230,.F.);
#6252=ORIENTED_EDGE('',*,*,#4223,.F.);
#6253=ORIENTED_EDGE('',*,*,#4226,.F.);
#6254=ORIENTED_EDGE('',*,*,#4228,.F.);
#6255=ORIENTED_EDGE('',*,*,#4222,.F.);
#6256=ORIENTED_EDGE('',*,*,#4215,.F.);
#6257=ORIENTED_EDGE('',*,*,#4218,.F.);
#6258=ORIENTED_EDGE('',*,*,#4220,.F.);
#6259=ORIENTED_EDGE('',*,*,#4214,.F.);
#6260=ORIENTED_EDGE('',*,*,#4207,.F.);
#6261=ORIENTED_EDGE('',*,*,#4210,.F.);
#6262=ORIENTED_EDGE('',*,*,#4212,.F.);
#6263=ORIENTED_EDGE('',*,*,#4206,.F.);
#6264=ORIENTED_EDGE('',*,*,#4199,.F.);
#6265=ORIENTED_EDGE('',*,*,#4202,.F.);
#6266=ORIENTED_EDGE('',*,*,#4204,.F.);
#6267=ORIENTED_EDGE('',*,*,#4198,.F.);
#6268=ORIENTED_EDGE('',*,*,#4191,.F.);
#6269=ORIENTED_EDGE('',*,*,#4194,.F.);
#6270=ORIENTED_EDGE('',*,*,#4196,.F.);
#6271=ORIENTED_EDGE('',*,*,#4190,.F.);
#6272=ORIENTED_EDGE('',*,*,#4183,.F.);
#6273=ORIENTED_EDGE('',*,*,#4186,.F.);
#6274=ORIENTED_EDGE('',*,*,#4188,.F.);
#6275=ORIENTED_EDGE('',*,*,#4182,.F.);
#6276=ORIENTED_EDGE('',*,*,#4175,.F.);
#6277=ORIENTED_EDGE('',*,*,#4178,.F.);
#6278=ORIENTED_EDGE('',*,*,#4180,.F.);
#6279=ORIENTED_EDGE('',*,*,#4174,.F.);
#6280=ORIENTED_EDGE('',*,*,#4167,.F.);
#6281=ORIENTED_EDGE('',*,*,#4170,.F.);
#6282=ORIENTED_EDGE('',*,*,#4172,.F.);
#6283=ORIENTED_EDGE('',*,*,#4166,.F.);
#6284=ORIENTED_EDGE('',*,*,#4159,.F.);
#6285=ORIENTED_EDGE('',*,*,#4162,.F.);
#6286=ORIENTED_EDGE('',*,*,#4164,.F.);
#6287=ORIENTED_EDGE('',*,*,#4158,.F.);
#6288=ORIENTED_EDGE('',*,*,#4151,.F.);
#6289=ORIENTED_EDGE('',*,*,#4154,.F.);
#6290=ORIENTED_EDGE('',*,*,#4156,.F.);
#6291=ORIENTED_EDGE('',*,*,#4150,.F.);
#6292=ORIENTED_EDGE('',*,*,#4143,.F.);
#6293=ORIENTED_EDGE('',*,*,#4146,.F.);
#6294=ORIENTED_EDGE('',*,*,#4148,.F.);
#6295=ORIENTED_EDGE('',*,*,#4142,.F.);
#6296=ORIENTED_EDGE('',*,*,#4135,.F.);
#6297=ORIENTED_EDGE('',*,*,#4138,.F.);
#6298=ORIENTED_EDGE('',*,*,#4140,.F.);
#6299=ORIENTED_EDGE('',*,*,#4134,.F.);
#6300=ORIENTED_EDGE('',*,*,#4127,.F.);
#6301=ORIENTED_EDGE('',*,*,#4130,.F.);
#6302=ORIENTED_EDGE('',*,*,#4132,.F.);
#6303=ORIENTED_EDGE('',*,*,#4126,.F.);
#6304=ORIENTED_EDGE('',*,*,#4119,.F.);
#6305=ORIENTED_EDGE('',*,*,#4122,.F.);
#6306=ORIENTED_EDGE('',*,*,#4124,.F.);
#6307=ORIENTED_EDGE('',*,*,#4118,.F.);
#6308=ORIENTED_EDGE('',*,*,#4111,.F.);
#6309=ORIENTED_EDGE('',*,*,#4114,.F.);
#6310=ORIENTED_EDGE('',*,*,#4116,.F.);
#6311=ORIENTED_EDGE('',*,*,#4110,.F.);
#6312=ORIENTED_EDGE('',*,*,#4103,.F.);
#6313=ORIENTED_EDGE('',*,*,#4106,.F.);
#6314=ORIENTED_EDGE('',*,*,#4108,.F.);
#6315=ORIENTED_EDGE('',*,*,#4102,.F.);
#6316=ORIENTED_EDGE('',*,*,#4095,.F.);
#6317=ORIENTED_EDGE('',*,*,#4098,.F.);
#6318=ORIENTED_EDGE('',*,*,#4100,.F.);
#6319=ORIENTED_EDGE('',*,*,#4094,.F.);
#6320=ORIENTED_EDGE('',*,*,#4087,.F.);
#6321=ORIENTED_EDGE('',*,*,#4090,.F.);
#6322=ORIENTED_EDGE('',*,*,#4092,.F.);
#6323=ORIENTED_EDGE('',*,*,#4086,.F.);
#6324=ORIENTED_EDGE('',*,*,#4079,.F.);
#6325=ORIENTED_EDGE('',*,*,#4082,.F.);
#6326=ORIENTED_EDGE('',*,*,#4084,.F.);
#6327=ORIENTED_EDGE('',*,*,#4078,.F.);
#6328=ORIENTED_EDGE('',*,*,#4071,.F.);
#6329=ORIENTED_EDGE('',*,*,#4074,.F.);
#6330=ORIENTED_EDGE('',*,*,#4076,.F.);
#6331=ORIENTED_EDGE('',*,*,#4070,.F.);
#6332=ORIENTED_EDGE('',*,*,#4063,.F.);
#6333=ORIENTED_EDGE('',*,*,#4066,.F.);
#6334=ORIENTED_EDGE('',*,*,#4068,.F.);
#6335=PLANE('',#7001);
#6336=PLANE('',#7002);
#6337=PLANE('',#7003);
#6338=PLANE('',#7004);
#6339=PLANE('',#7005);
#6340=PLANE('',#7006);
#6341=PLANE('',#7007);
#6342=PLANE('',#7008);
#6343=PLANE('',#7009);
#6344=PLANE('',#7010);
#6345=PLANE('',#7011);
#6346=PLANE('',#7012);
#6347=PLANE('',#7013);
#6348=PLANE('',#7014);
#6349=PLANE('',#7015);
#6350=PLANE('',#7016);
#6351=PLANE('',#7017);
#6352=PLANE('',#7018);
#6353=PLANE('',#7019);
#6354=PLANE('',#7020);
#6355=PLANE('',#7021);
#6356=PLANE('',#7022);
#6357=PLANE('',#7023);
#6358=PLANE('',#7024);
#6359=PLANE('',#7025);
#6360=PLANE('',#7026);
#6361=PLANE('',#7027);
#6362=PLANE('',#7028);
#6363=PLANE('',#7029);
#6364=PLANE('',#7030);
#6365=PLANE('',#7031);
#6366=PLANE('',#7032);
#6367=PLANE('',#7033);
#6368=PLANE('',#7034);
#6369=PLANE('',#7035);
#6370=PLANE('',#7036);
#6371=PLANE('',#7037);
#6372=PLANE('',#7038);
#6373=PLANE('',#7039);
#6374=PLANE('',#7040);
#6375=PLANE('',#7041);
#6376=PLANE('',#7042);
#6377=PLANE('',#7043);
#6378=PLANE('',#7044);
#6379=PLANE('',#7045);
#6380=PLANE('',#7046);
#6381=PLANE('',#7047);
#6382=PLANE('',#7048);
#6383=PLANE('',#7049);
#6384=PLANE('',#7050);
#6385=PLANE('',#7051);
#6386=PLANE('',#7052);
#6387=PLANE('',#7053);
#6388=PLANE('',#7054);
#6389=PLANE('',#7055);
#6390=PLANE('',#7056);
#6391=PLANE('',#7057);
#6392=PLANE('',#7058);
#6393=PLANE('',#7059);
#6394=PLANE('',#7060);
#6395=PLANE('',#7061);
#6396=PLANE('',#7062);
#6397=PLANE('',#7063);
#6398=PLANE('',#7064);
#6399=PLANE('',#7065);
#6400=PLANE('',#7066);
#6401=PLANE('',#7067);
#6402=PLANE('',#7068);
#6403=PLANE('',#7069);
#6404=PLANE('',#7070);
#6405=PLANE('',#7071);
#6406=PLANE('',#7072);
#6407=PLANE('',#7073);
#6408=PLANE('',#7074);
#6409=PLANE('',#7075);
#6410=PLANE('',#7076);
#6411=PLANE('',#7077);
#6412=PLANE('',#7078);
#6413=PLANE('',#7079);
#6414=PLANE('',#7080);
#6415=PLANE('',#7081);
#6416=PLANE('',#7082);
#6417=PLANE('',#7083);
#6418=PLANE('',#7084);
#6419=PLANE('',#7085);
#6420=PLANE('',#7086);
#6421=PLANE('',#7087);
#6422=PLANE('',#7088);
#6423=PLANE('',#7089);
#6424=PLANE('',#7090);
#6425=PLANE('',#7091);
#6426=PLANE('',#7092);
#6427=PLANE('',#7093);
#6428=PLANE('',#7094);
#6429=PLANE('',#7095);
#6430=PLANE('',#7096);
#6431=PLANE('',#7097);
#6432=PLANE('',#7098);
#6433=PLANE('',#7099);
#6434=PLANE('',#7100);
#6435=PLANE('',#7101);
#6436=PLANE('',#7102);
#6437=PLANE('',#7103);
#6438=PLANE('',#7104);
#6439=PLANE('',#7105);
#6440=PLANE('',#7106);
#6441=PLANE('',#7107);
#6442=PLANE('',#7108);
#6443=PLANE('',#7109);
#6444=PLANE('',#7110);
#6445=PLANE('',#7111);
#6446=PLANE('',#7112);
#6447=PLANE('',#7113);
#6448=PLANE('',#7114);
#6449=PLANE('',#7115);
#6450=PLANE('',#7116);
#6451=PLANE('',#7117);
#6452=PLANE('',#7118);
#6453=PLANE('',#7119);
#6454=PLANE('',#7120);
#6455=PLANE('',#7121);
#6456=PLANE('',#7122);
#6457=PLANE('',#7123);
#6458=PLANE('',#7124);
#6459=PLANE('',#7125);
#6460=PLANE('',#7126);
#6461=PLANE('',#7127);
#6462=PLANE('',#7128);
#6463=PLANE('',#7129);
#6464=PLANE('',#7130);
#6465=PLANE('',#7131);
#6466=PLANE('',#7132);
#6467=PLANE('',#7133);
#6468=PLANE('',#7134);
#6469=PLANE('',#7135);
#6470=PLANE('',#7136);
#6471=PLANE('',#7137);
#6472=PLANE('',#7138);
#6473=PLANE('',#7139);
#6474=PLANE('',#7140);
#6475=PLANE('',#7141);
#6476=PLANE('',#7142);
#6477=PLANE('',#7143);
#6478=PLANE('',#7144);
#6479=PLANE('',#7145);
#6480=PLANE('',#7146);
#6481=PLANE('',#7147);
#6482=PLANE('',#7148);
#6483=PLANE('',#7149);
#6484=PLANE('',#7150);
#6485=PLANE('',#7151);
#6486=PLANE('',#7152);
#6487=PLANE('',#7153);
#6488=PLANE('',#7154);
#6489=PLANE('',#7155);
#6490=PLANE('',#7156);
#6491=PLANE('',#7157);
#6492=PLANE('',#7158);
#6493=PLANE('',#7159);
#6494=PLANE('',#7160);
#6495=PLANE('',#7161);
#6496=PLANE('',#7162);
#6497=PLANE('',#7163);
#6498=PLANE('',#7164);
#6499=PLANE('',#7165);
#6500=PLANE('',#7166);
#6501=PLANE('',#7167);
#6502=PLANE('',#7168);
#6503=PLANE('',#7169);
#6504=PLANE('',#7170);
#6505=PLANE('',#7171);
#6506=PLANE('',#7172);
#6507=PLANE('',#7173);
#6508=PLANE('',#7174);
#6509=PLANE('',#7175);
#6510=PLANE('',#7176);
#6511=PLANE('',#7177);
#6512=PLANE('',#7178);
#6513=PLANE('',#7179);
#6514=PLANE('',#7180);
#6515=PLANE('',#7181);
#6516=PLANE('',#7182);
#6517=PLANE('',#7183);
#6518=PLANE('',#7184);
#6519=PLANE('',#7185);
#6520=PLANE('',#7186);
#6521=PLANE('',#7187);
#6522=PLANE('',#7188);
#6523=PLANE('',#7189);
#6524=PLANE('',#7190);
#6525=PLANE('',#7191);
#6526=PLANE('',#7192);
#6527=PLANE('',#7193);
#6528=PLANE('',#7194);
#6529=PLANE('',#7195);
#6530=PLANE('',#7196);
#6531=PLANE('',#7197);
#6532=PLANE('',#7198);
#6533=PLANE('',#7199);
#6534=PLANE('',#7200);
#6535=PLANE('',#7201);
#6536=PLANE('',#7202);
#6537=PLANE('',#7203);
#6538=PLANE('',#7204);
#6539=PLANE('',#7205);
#6540=PLANE('',#7206);
#6541=PLANE('',#7207);
#6542=PLANE('',#7208);
#6543=PLANE('',#7209);
#6544=PLANE('',#7210);
#6545=PLANE('',#7211);
#6546=PLANE('',#7212);
#6547=PLANE('',#7213);
#6548=PLANE('',#7214);
#6549=PLANE('',#7215);
#6550=PLANE('',#7216);
#6551=PLANE('',#7217);
#6552=PLANE('',#7218);
#6553=PLANE('',#7219);
#6554=PLANE('',#7220);
#6555=PLANE('',#7221);
#6556=PLANE('',#7222);
#6557=PLANE('',#7223);
#6558=PLANE('',#7224);
#6559=PLANE('',#7225);
#6560=PLANE('',#7226);
#6561=PLANE('',#7227);
#6562=PLANE('',#7228);
#6563=PLANE('',#7229);
#6564=PLANE('',#7230);
#6565=PLANE('',#7231);
#6566=PLANE('',#7232);
#6567=PLANE('',#7233);
#6568=PLANE('',#7234);
#6569=PLANE('',#7235);
#6570=PLANE('',#7236);
#6571=PLANE('',#7237);
#6572=PLANE('',#7238);
#6573=PLANE('',#7239);
#6574=PLANE('',#7240);
#6575=PLANE('',#7241);
#6576=PLANE('',#7242);
#6577=PLANE('',#7243);
#6578=PLANE('',#7244);
#6579=PLANE('',#7245);
#6580=PLANE('',#7246);
#6581=PLANE('',#7247);
#6582=PLANE('',#7248);
#6583=PLANE('',#7249);
#6584=PLANE('',#7250);
#6585=PLANE('',#7251);
#6586=PLANE('',#7252);
#6587=PLANE('',#7253);
#6588=PLANE('',#7254);
#6589=PLANE('',#7255);
#6590=PLANE('',#7256);
#6591=PLANE('',#7257);
#6592=PLANE('',#7258);
#6593=PLANE('',#7259);
#6594=PLANE('',#7260);
#6595=PLANE('',#7261);
#6596=PLANE('',#7262);
#6597=PLANE('',#7263);
#6598=PLANE('',#7264);
#6599=PLANE('',#7265);
#6600=PLANE('',#7266);
#6601=PLANE('',#7267);
#6602=PLANE('',#7268);
#6603=PLANE('',#7269);
#6604=PLANE('',#7270);
#6605=PLANE('',#7271);
#6606=PLANE('',#7272);
#6607=PLANE('',#7273);
#6608=PLANE('',#7274);
#6609=PLANE('',#7275);
#6610=PLANE('',#7276);
#6611=PLANE('',#7277);
#6612=PLANE('',#7278);
#6613=PLANE('',#7279);
#6614=PLANE('',#7280);
#6615=PLANE('',#7281);
#6616=PLANE('',#7282);
#6617=PLANE('',#7283);
#6618=PLANE('',#7284);
#6619=PLANE('',#7285);
#6620=PLANE('',#7286);
#6621=PLANE('',#7287);
#6622=PLANE('',#7288);
#6623=PLANE('',#7289);
#6624=PLANE('',#7290);
#6625=PLANE('',#7291);
#6626=PLANE('',#7292);
#6627=PLANE('',#7293);
#6628=PLANE('',#7294);
#6629=PLANE('',#7295);
#6630=PLANE('',#7296);
#6631=PLANE('',#7297);
#6632=PLANE('',#7298);
#6633=PLANE('',#7299);
#6634=PLANE('',#7300);
#6635=PLANE('',#7301);
#6636=PLANE('',#7302);
#6637=PLANE('',#7303);
#6638=PLANE('',#7304);
#6639=PLANE('',#7305);
#6640=PLANE('',#7306);
#6641=PLANE('',#7307);
#6642=PLANE('',#7308);
#6643=PLANE('',#7309);
#6644=PLANE('',#7310);
#6645=PLANE('',#7311);
#6646=PLANE('',#7312);
#6647=PLANE('',#7313);
#6648=PLANE('',#7314);
#6649=PLANE('',#7315);
#6650=PLANE('',#7316);
#6651=PLANE('',#7317);
#6652=PLANE('',#7318);
#6653=PLANE('',#7319);
#6654=PLANE('',#7320);
#6655=PLANE('',#7321);
#6656=PLANE('',#7322);
#6657=PLANE('',#7323);
#6658=PLANE('',#7324);
#6659=PLANE('',#7325);
#6660=PLANE('',#7326);
#6661=ADVANCED_FACE('',(#95),#6335,.T.);
#6662=ADVANCED_FACE('',(#96),#6336,.T.);
#6663=ADVANCED_FACE('',(#97),#6337,.T.);
#6664=ADVANCED_FACE('',(#98),#6338,.T.);
#6665=ADVANCED_FACE('',(#99),#6339,.T.);
#6666=ADVANCED_FACE('',(#100),#6340,.T.);
#6667=ADVANCED_FACE('',(#101),#6341,.T.);
#6668=ADVANCED_FACE('',(#102),#6342,.T.);
#6669=ADVANCED_FACE('',(#103),#6343,.T.);
#6670=ADVANCED_FACE('',(#104),#6344,.T.);
#6671=ADVANCED_FACE('',(#105),#6345,.T.);
#6672=ADVANCED_FACE('',(#106),#6346,.T.);
#6673=ADVANCED_FACE('',(#107),#6347,.T.);
#6674=ADVANCED_FACE('',(#108),#6348,.T.);
#6675=ADVANCED_FACE('',(#109),#6349,.T.);
#6676=ADVANCED_FACE('',(#110),#6350,.T.);
#6677=ADVANCED_FACE('',(#111),#6351,.T.);
#6678=ADVANCED_FACE('',(#112),#6352,.T.);
#6679=ADVANCED_FACE('',(#113),#6353,.T.);
#6680=ADVANCED_FACE('',(#114),#6354,.T.);
#6681=ADVANCED_FACE('',(#115),#6355,.T.);
#6682=ADVANCED_FACE('',(#116),#6356,.T.);
#6683=ADVANCED_FACE('',(#117),#6357,.T.);
#6684=ADVANCED_FACE('',(#118),#6358,.T.);
#6685=ADVANCED_FACE('',(#119),#6359,.T.);
#6686=ADVANCED_FACE('',(#120),#6360,.T.);
#6687=ADVANCED_FACE('',(#121),#6361,.T.);
#6688=ADVANCED_FACE('',(#122),#6362,.T.);
#6689=ADVANCED_FACE('',(#123),#6363,.T.);
#6690=ADVANCED_FACE('',(#124),#6364,.T.);
#6691=ADVANCED_FACE('',(#125),#6365,.T.);
#6692=ADVANCED_FACE('',(#126),#6366,.T.);
#6693=ADVANCED_FACE('',(#127),#6367,.T.);
#6694=ADVANCED_FACE('',(#128),#6368,.T.);
#6695=ADVANCED_FACE('',(#129),#6369,.T.);
#6696=ADVANCED_FACE('',(#130),#6370,.T.);
#6697=ADVANCED_FACE('',(#131),#6371,.T.);
#6698=ADVANCED_FACE('',(#132),#6372,.T.);
#6699=ADVANCED_FACE('',(#133),#6373,.T.);
#6700=ADVANCED_FACE('',(#134),#6374,.T.);
#6701=ADVANCED_FACE('',(#135),#6375,.T.);
#6702=ADVANCED_FACE('',(#136),#6376,.T.);
#6703=ADVANCED_FACE('',(#137),#6377,.T.);
#6704=ADVANCED_FACE('',(#138),#6378,.T.);
#6705=ADVANCED_FACE('',(#139),#6379,.T.);
#6706=ADVANCED_FACE('',(#140),#6380,.T.);
#6707=ADVANCED_FACE('',(#141),#6381,.T.);
#6708=ADVANCED_FACE('',(#142),#6382,.T.);
#6709=ADVANCED_FACE('',(#143),#6383,.T.);
#6710=ADVANCED_FACE('',(#144),#6384,.T.);
#6711=ADVANCED_FACE('',(#145),#6385,.T.);
#6712=ADVANCED_FACE('',(#146),#6386,.T.);
#6713=ADVANCED_FACE('',(#147),#6387,.T.);
#6714=ADVANCED_FACE('',(#148),#6388,.T.);
#6715=ADVANCED_FACE('',(#149),#6389,.T.);
#6716=ADVANCED_FACE('',(#150),#6390,.T.);
#6717=ADVANCED_FACE('',(#151),#6391,.T.);
#6718=ADVANCED_FACE('',(#152),#6392,.T.);
#6719=ADVANCED_FACE('',(#153),#6393,.T.);
#6720=ADVANCED_FACE('',(#154),#6394,.T.);
#6721=ADVANCED_FACE('',(#155),#6395,.T.);
#6722=ADVANCED_FACE('',(#156),#6396,.T.);
#6723=ADVANCED_FACE('',(#157),#6397,.T.);
#6724=ADVANCED_FACE('',(#158),#6398,.T.);
#6725=ADVANCED_FACE('',(#159),#6399,.T.);
#6726=ADVANCED_FACE('',(#160),#6400,.T.);
#6727=ADVANCED_FACE('',(#161),#6401,.T.);
#6728=ADVANCED_FACE('',(#162),#6402,.T.);
#6729=ADVANCED_FACE('',(#163),#6403,.T.);
#6730=ADVANCED_FACE('',(#164),#6404,.T.);
#6731=ADVANCED_FACE('',(#165),#6405,.T.);
#6732=ADVANCED_FACE('',(#166),#6406,.T.);
#6733=ADVANCED_FACE('',(#167),#6407,.T.);
#6734=ADVANCED_FACE('',(#168),#6408,.T.);
#6735=ADVANCED_FACE('',(#169),#6409,.T.);
#6736=ADVANCED_FACE('',(#170),#6410,.T.);
#6737=ADVANCED_FACE('',(#171),#6411,.T.);
#6738=ADVANCED_FACE('',(#172),#6412,.T.);
#6739=ADVANCED_FACE('',(#173),#6413,.T.);
#6740=ADVANCED_FACE('',(#174),#6414,.T.);
#6741=ADVANCED_FACE('',(#175),#6415,.T.);
#6742=ADVANCED_FACE('',(#176),#6416,.T.);
#6743=ADVANCED_FACE('',(#177),#6417,.T.);
#6744=ADVANCED_FACE('',(#178),#6418,.T.);
#6745=ADVANCED_FACE('',(#179),#6419,.T.);
#6746=ADVANCED_FACE('',(#180),#6420,.T.);
#6747=ADVANCED_FACE('',(#181),#6421,.T.);
#6748=ADVANCED_FACE('',(#182),#6422,.T.);
#6749=ADVANCED_FACE('',(#183),#6423,.T.);
#6750=ADVANCED_FACE('',(#184),#6424,.T.);
#6751=ADVANCED_FACE('',(#185),#6425,.T.);
#6752=ADVANCED_FACE('',(#186),#6426,.T.);
#6753=ADVANCED_FACE('',(#187),#6427,.T.);
#6754=ADVANCED_FACE('',(#188),#6428,.T.);
#6755=ADVANCED_FACE('',(#189),#6429,.T.);
#6756=ADVANCED_FACE('',(#190),#6430,.T.);
#6757=ADVANCED_FACE('',(#191),#6431,.T.);
#6758=ADVANCED_FACE('',(#192),#6432,.T.);
#6759=ADVANCED_FACE('',(#193),#6433,.T.);
#6760=ADVANCED_FACE('',(#194),#6434,.T.);
#6761=ADVANCED_FACE('',(#195),#6435,.T.);
#6762=ADVANCED_FACE('',(#196),#6436,.T.);
#6763=ADVANCED_FACE('',(#197),#6437,.T.);
#6764=ADVANCED_FACE('',(#198),#6438,.T.);
#6765=ADVANCED_FACE('',(#199),#6439,.T.);
#6766=ADVANCED_FACE('',(#200),#6440,.T.);
#6767=ADVANCED_FACE('',(#201),#6441,.T.);
#6768=ADVANCED_FACE('',(#202),#6442,.T.);
#6769=ADVANCED_FACE('',(#203),#6443,.T.);
#6770=ADVANCED_FACE('',(#204),#6444,.T.);
#6771=ADVANCED_FACE('',(#205),#6445,.T.);
#6772=ADVANCED_FACE('',(#206),#6446,.T.);
#6773=ADVANCED_FACE('',(#207),#6447,.T.);
#6774=ADVANCED_FACE('',(#208),#6448,.T.);
#6775=ADVANCED_FACE('',(#209),#6449,.T.);
#6776=ADVANCED_FACE('',(#210),#6450,.T.);
#6777=ADVANCED_FACE('',(#211),#6451,.T.);
#6778=ADVANCED_FACE('',(#212),#6452,.T.);
#6779=ADVANCED_FACE('',(#213),#6453,.T.);
#6780=ADVANCED_FACE('',(#214),#6454,.T.);
#6781=ADVANCED_FACE('',(#215),#6455,.T.);
#6782=ADVANCED_FACE('',(#216,#15),#6456,.T.);
#6783=ADVANCED_FACE('',(#217,#16),#6457,.T.);
#6784=ADVANCED_FACE('',(#218,#17),#6458,.T.);
#6785=ADVANCED_FACE('',(#219,#18),#6459,.T.);
#6786=ADVANCED_FACE('',(#220,#19),#6460,.T.);
#6787=ADVANCED_FACE('',(#221,#20),#6461,.T.);
#6788=ADVANCED_FACE('',(#222,#21),#6462,.T.);
#6789=ADVANCED_FACE('',(#223,#22),#6463,.T.);
#6790=ADVANCED_FACE('',(#224,#23),#6464,.T.);
#6791=ADVANCED_FACE('',(#225,#24),#6465,.T.);
#6792=ADVANCED_FACE('',(#226,#25),#6466,.T.);
#6793=ADVANCED_FACE('',(#227,#26),#6467,.T.);
#6794=ADVANCED_FACE('',(#228,#27),#6468,.T.);
#6795=ADVANCED_FACE('',(#229,#28),#6469,.T.);
#6796=ADVANCED_FACE('',(#230,#29),#6470,.T.);
#6797=ADVANCED_FACE('',(#231,#30),#6471,.T.);
#6798=ADVANCED_FACE('',(#232,#31),#6472,.T.);
#6799=ADVANCED_FACE('',(#233,#32),#6473,.T.);
#6800=ADVANCED_FACE('',(#234,#33),#6474,.T.);
#6801=ADVANCED_FACE('',(#235,#34),#6475,.T.);
#6802=ADVANCED_FACE('',(#236,#35),#6476,.T.);
#6803=ADVANCED_FACE('',(#237,#36),#6477,.T.);
#6804=ADVANCED_FACE('',(#238,#37),#6478,.T.);
#6805=ADVANCED_FACE('',(#239,#38),#6479,.T.);
#6806=ADVANCED_FACE('',(#240,#39),#6480,.T.);
#6807=ADVANCED_FACE('',(#241,#40),#6481,.T.);
#6808=ADVANCED_FACE('',(#242,#41),#6482,.T.);
#6809=ADVANCED_FACE('',(#243,#42),#6483,.T.);
#6810=ADVANCED_FACE('',(#244,#43),#6484,.T.);
#6811=ADVANCED_FACE('',(#245,#44),#6485,.T.);
#6812=ADVANCED_FACE('',(#246,#45),#6486,.T.);
#6813=ADVANCED_FACE('',(#247,#46),#6487,.T.);
#6814=ADVANCED_FACE('',(#248,#47),#6488,.T.);
#6815=ADVANCED_FACE('',(#249,#48),#6489,.T.);
#6816=ADVANCED_FACE('',(#250,#49),#6490,.T.);
#6817=ADVANCED_FACE('',(#251,#50),#6491,.T.);
#6818=ADVANCED_FACE('',(#252,#51),#6492,.T.);
#6819=ADVANCED_FACE('',(#253,#52),#6493,.T.);
#6820=ADVANCED_FACE('',(#254,#53),#6494,.T.);
#6821=ADVANCED_FACE('',(#255,#54),#6495,.T.);
#6822=ADVANCED_FACE('',(#256),#6496,.T.);
#6823=ADVANCED_FACE('',(#257),#6497,.T.);
#6824=ADVANCED_FACE('',(#258),#6498,.T.);
#6825=ADVANCED_FACE('',(#259),#6499,.T.);
#6826=ADVANCED_FACE('',(#260),#6500,.T.);
#6827=ADVANCED_FACE('',(#261),#6501,.T.);
#6828=ADVANCED_FACE('',(#262),#6502,.T.);
#6829=ADVANCED_FACE('',(#263),#6503,.T.);
#6830=ADVANCED_FACE('',(#264),#6504,.T.);
#6831=ADVANCED_FACE('',(#265),#6505,.T.);
#6832=ADVANCED_FACE('',(#266),#6506,.T.);
#6833=ADVANCED_FACE('',(#267),#6507,.T.);
#6834=ADVANCED_FACE('',(#268),#6508,.T.);
#6835=ADVANCED_FACE('',(#269),#6509,.T.);
#6836=ADVANCED_FACE('',(#270),#6510,.T.);
#6837=ADVANCED_FACE('',(#271),#6511,.T.);
#6838=ADVANCED_FACE('',(#272),#6512,.T.);
#6839=ADVANCED_FACE('',(#273),#6513,.T.);
#6840=ADVANCED_FACE('',(#274),#6514,.T.);
#6841=ADVANCED_FACE('',(#275),#6515,.T.);
#6842=ADVANCED_FACE('',(#276),#6516,.T.);
#6843=ADVANCED_FACE('',(#277),#6517,.T.);
#6844=ADVANCED_FACE('',(#278),#6518,.T.);
#6845=ADVANCED_FACE('',(#279),#6519,.T.);
#6846=ADVANCED_FACE('',(#280),#6520,.T.);
#6847=ADVANCED_FACE('',(#281),#6521,.T.);
#6848=ADVANCED_FACE('',(#282),#6522,.T.);
#6849=ADVANCED_FACE('',(#283),#6523,.T.);
#6850=ADVANCED_FACE('',(#284),#6524,.T.);
#6851=ADVANCED_FACE('',(#285),#6525,.T.);
#6852=ADVANCED_FACE('',(#286),#6526,.T.);
#6853=ADVANCED_FACE('',(#287),#6527,.T.);
#6854=ADVANCED_FACE('',(#288),#6528,.T.);
#6855=ADVANCED_FACE('',(#289),#6529,.T.);
#6856=ADVANCED_FACE('',(#290),#6530,.T.);
#6857=ADVANCED_FACE('',(#291),#6531,.T.);
#6858=ADVANCED_FACE('',(#292),#6532,.T.);
#6859=ADVANCED_FACE('',(#293),#6533,.T.);
#6860=ADVANCED_FACE('',(#294),#6534,.T.);
#6861=ADVANCED_FACE('',(#295),#6535,.T.);
#6862=ADVANCED_FACE('',(#296),#6536,.T.);
#6863=ADVANCED_FACE('',(#297),#6537,.T.);
#6864=ADVANCED_FACE('',(#298),#6538,.T.);
#6865=ADVANCED_FACE('',(#299),#6539,.T.);
#6866=ADVANCED_FACE('',(#300),#6540,.T.);
#6867=ADVANCED_FACE('',(#301),#6541,.T.);
#6868=ADVANCED_FACE('',(#302),#6542,.T.);
#6869=ADVANCED_FACE('',(#303),#6543,.T.);
#6870=ADVANCED_FACE('',(#304),#6544,.T.);
#6871=ADVANCED_FACE('',(#305),#6545,.T.);
#6872=ADVANCED_FACE('',(#306),#6546,.T.);
#6873=ADVANCED_FACE('',(#307),#6547,.T.);
#6874=ADVANCED_FACE('',(#308),#6548,.T.);
#6875=ADVANCED_FACE('',(#309),#6549,.T.);
#6876=ADVANCED_FACE('',(#310),#6550,.T.);
#6877=ADVANCED_FACE('',(#311),#6551,.T.);
#6878=ADVANCED_FACE('',(#312),#6552,.T.);
#6879=ADVANCED_FACE('',(#313),#6553,.T.);
#6880=ADVANCED_FACE('',(#314),#6554,.T.);
#6881=ADVANCED_FACE('',(#315),#6555,.T.);
#6882=ADVANCED_FACE('',(#316),#6556,.T.);
#6883=ADVANCED_FACE('',(#317),#6557,.T.);
#6884=ADVANCED_FACE('',(#318),#6558,.T.);
#6885=ADVANCED_FACE('',(#319),#6559,.T.);
#6886=ADVANCED_FACE('',(#320),#6560,.T.);
#6887=ADVANCED_FACE('',(#321),#6561,.T.);
#6888=ADVANCED_FACE('',(#322),#6562,.T.);
#6889=ADVANCED_FACE('',(#323),#6563,.T.);
#6890=ADVANCED_FACE('',(#324),#6564,.T.);
#6891=ADVANCED_FACE('',(#325),#6565,.T.);
#6892=ADVANCED_FACE('',(#326),#6566,.T.);
#6893=ADVANCED_FACE('',(#327),#6567,.T.);
#6894=ADVANCED_FACE('',(#328),#6568,.T.);
#6895=ADVANCED_FACE('',(#329),#6569,.T.);
#6896=ADVANCED_FACE('',(#330),#6570,.T.);
#6897=ADVANCED_FACE('',(#331),#6571,.T.);
#6898=ADVANCED_FACE('',(#332),#6572,.T.);
#6899=ADVANCED_FACE('',(#333),#6573,.T.);
#6900=ADVANCED_FACE('',(#334),#6574,.T.);
#6901=ADVANCED_FACE('',(#335),#6575,.T.);
#6902=ADVANCED_FACE('',(#336),#6576,.T.);
#6903=ADVANCED_FACE('',(#337),#6577,.T.);
#6904=ADVANCED_FACE('',(#338),#6578,.T.);
#6905=ADVANCED_FACE('',(#339),#6579,.T.);
#6906=ADVANCED_FACE('',(#340),#6580,.T.);
#6907=ADVANCED_FACE('',(#341),#6581,.T.);
#6908=ADVANCED_FACE('',(#342),#6582,.T.);
#6909=ADVANCED_FACE('',(#343),#6583,.T.);
#6910=ADVANCED_FACE('',(#344),#6584,.T.);
#6911=ADVANCED_FACE('',(#345),#6585,.T.);
#6912=ADVANCED_FACE('',(#346),#6586,.T.);
#6913=ADVANCED_FACE('',(#347),#6587,.T.);
#6914=ADVANCED_FACE('',(#348),#6588,.T.);
#6915=ADVANCED_FACE('',(#349),#6589,.T.);
#6916=ADVANCED_FACE('',(#350),#6590,.T.);
#6917=ADVANCED_FACE('',(#351),#6591,.T.);
#6918=ADVANCED_FACE('',(#352),#6592,.T.);
#6919=ADVANCED_FACE('',(#353),#6593,.T.);
#6920=ADVANCED_FACE('',(#354),#6594,.T.);
#6921=ADVANCED_FACE('',(#355),#6595,.T.);
#6922=ADVANCED_FACE('',(#356),#6596,.T.);
#6923=ADVANCED_FACE('',(#357),#6597,.T.);
#6924=ADVANCED_FACE('',(#358),#6598,.T.);
#6925=ADVANCED_FACE('',(#359),#6599,.T.);
#6926=ADVANCED_FACE('',(#360),#6600,.T.);
#6927=ADVANCED_FACE('',(#361),#6601,.T.);
#6928=ADVANCED_FACE('',(#362),#6602,.T.);
#6929=ADVANCED_FACE('',(#363),#6603,.T.);
#6930=ADVANCED_FACE('',(#364),#6604,.T.);
#6931=ADVANCED_FACE('',(#365),#6605,.T.);
#6932=ADVANCED_FACE('',(#366),#6606,.T.);
#6933=ADVANCED_FACE('',(#367),#6607,.T.);
#6934=ADVANCED_FACE('',(#368),#6608,.T.);
#6935=ADVANCED_FACE('',(#369),#6609,.T.);
#6936=ADVANCED_FACE('',(#370),#6610,.T.);
#6937=ADVANCED_FACE('',(#371),#6611,.T.);
#6938=ADVANCED_FACE('',(#372),#6612,.T.);
#6939=ADVANCED_FACE('',(#373),#6613,.T.);
#6940=ADVANCED_FACE('',(#374),#6614,.T.);
#6941=ADVANCED_FACE('',(#375),#6615,.T.);
#6942=ADVANCED_FACE('',(#376),#6616,.T.);
#6943=ADVANCED_FACE('',(#377),#6617,.T.);
#6944=ADVANCED_FACE('',(#378),#6618,.T.);
#6945=ADVANCED_FACE('',(#379),#6619,.T.);
#6946=ADVANCED_FACE('',(#380),#6620,.T.);
#6947=ADVANCED_FACE('',(#381),#6621,.T.);
#6948=ADVANCED_FACE('',(#382),#6622,.T.);
#6949=ADVANCED_FACE('',(#383),#6623,.T.);
#6950=ADVANCED_FACE('',(#384),#6624,.T.);
#6951=ADVANCED_FACE('',(#385),#6625,.T.);
#6952=ADVANCED_FACE('',(#386),#6626,.T.);
#6953=ADVANCED_FACE('',(#387),#6627,.T.);
#6954=ADVANCED_FACE('',(#388),#6628,.T.);
#6955=ADVANCED_FACE('',(#389),#6629,.T.);
#6956=ADVANCED_FACE('',(#390),#6630,.T.);
#6957=ADVANCED_FACE('',(#391),#6631,.T.);
#6958=ADVANCED_FACE('',(#392),#6632,.T.);
#6959=ADVANCED_FACE('',(#393),#6633,.T.);
#6960=ADVANCED_FACE('',(#394),#6634,.T.);
#6961=ADVANCED_FACE('',(#395),#6635,.T.);
#6962=ADVANCED_FACE('',(#396),#6636,.T.);
#6963=ADVANCED_FACE('',(#397),#6637,.T.);
#6964=ADVANCED_FACE('',(#398),#6638,.T.);
#6965=ADVANCED_FACE('',(#399),#6639,.T.);
#6966=ADVANCED_FACE('',(#400),#6640,.T.);
#6967=ADVANCED_FACE('',(#401),#6641,.T.);
#6968=ADVANCED_FACE('',(#402),#6642,.T.);
#6969=ADVANCED_FACE('',(#403),#6643,.T.);
#6970=ADVANCED_FACE('',(#404),#6644,.T.);
#6971=ADVANCED_FACE('',(#405),#6645,.T.);
#6972=ADVANCED_FACE('',(#406),#6646,.T.);
#6973=ADVANCED_FACE('',(#407),#6647,.T.);
#6974=ADVANCED_FACE('',(#408),#6648,.T.);
#6975=ADVANCED_FACE('',(#409),#6649,.T.);
#6976=ADVANCED_FACE('',(#410),#6650,.T.);
#6977=ADVANCED_FACE('',(#411),#6651,.T.);
#6978=ADVANCED_FACE('',(#412),#6652,.T.);
#6979=ADVANCED_FACE('',(#413),#6653,.T.);
#6980=ADVANCED_FACE('',(#414),#6654,.T.);
#6981=ADVANCED_FACE('',(#415),#6655,.T.);
#6982=ADVANCED_FACE('',(#416),#6656,.T.);
#6983=ADVANCED_FACE('',(#417),#6657,.T.);
#6984=ADVANCED_FACE('',(#418),#6658,.T.);
#6985=ADVANCED_FACE('',(#419),#6659,.T.);
#6986=ADVANCED_FACE('',(#420,#55,#56,#57,#58,#59,#60,#61,#62,#63,#64,#65,
#66,#67,#68,#69,#70,#71,#72,#73,#74,#75,#76,#77,#78,#79,#80,#81,#82,#83,
#84,#85,#86,#87,#88,#89,#90,#91,#92,#93,#94),#6660,.F.);
#6987=CLOSED_SHELL('',(#6661,#6662,#6663,#6664,#6665,#6666,#6667,#6668,
#6669,#6670,#6671,#6672,#6673,#6674,#6675,#6676,#6677,#6678,#6679,#6680,
#6681,#6682,#6683,#6684,#6685,#6686,#6687,#6688,#6689,#6690,#6691,#6692,
#6693,#6694,#6695,#6696,#6697,#6698,#6699,#6700,#6701,#6702,#6703,#6704,
#6705,#6706,#6707,#6708,#6709,#6710,#6711,#6712,#6713,#6714,#6715,#6716,
#6717,#6718,#6719,#6720,#6721,#6722,#6723,#6724,#6725,#6726,#6727,#6728,
#6729,#6730,#6731,#6732,#6733,#6734,#6735,#6736,#6737,#6738,#6739,#6740,
#6741,#6742,#6743,#6744,#6745,#6746,#6747,#6748,#6749,#6750,#6751,#6752,
#6753,#6754,#6755,#6756,#6757,#6758,#6759,#6760,#6761,#6762,#6763,#6764,
#6765,#6766,#6767,#6768,#6769,#6770,#6771,#6772,#6773,#6774,#6775,#6776,
#6777,#6778,#6779,#6780,#6781,#6782,#6783,#6784,#6785,#6786,#6787,#6788,
#6789,#6790,#6791,#6792,#6793,#6794,#6795,#6796,#6797,#6798,#6799,#6800,
#6801,#6802,#6803,#6804,#6805,#6806,#6807,#6808,#6809,#6810,#6811,#6812,
#6813,#6814,#6815,#6816,#6817,#6818,#6819,#6820,#6821,#6822,#6823,#6824,
#6825,#6826,#6827,#6828,#6829,#6830,#6831,#6832,#6833,#6834,#6835,#6836,
#6837,#6838,#6839,#6840,#6841,#6842,#6843,#6844,#6845,#6846,#6847,#6848,
#6849,#6850,#6851,#6852,#6853,#6854,#6855,#6856,#6857,#6858,#6859,#6860,
#6861,#6862,#6863,#6864,#6865,#6866,#6867,#6868,#6869,#6870,#6871,#6872,
#6873,#6874,#6875,#6876,#6877,#6878,#6879,#6880,#6881,#6882,#6883,#6884,
#6885,#6886,#6887,#6888,#6889,#6890,#6891,#6892,#6893,#6894,#6895,#6896,
#6897,#6898,#6899,#6900,#6901,#6902,#6903,#6904,#6905,#6906,#6907,#6908,
#6909,#6910,#6911,#6912,#6913,#6914,#6915,#6916,#6917,#6918,#6919,#6920,
#6921,#6922,#6923,#6924,#6925,#6926,#6927,#6928,#6929,#6930,#6931,#6932,
#6933,#6934,#6935,#6936,#6937,#6938,#6939,#6940,#6941,#6942,#6943,#6944,
#6945,#6946,#6947,#6948,#6949,#6950,#6951,#6952,#6953,#6954,#6955,#6956,
#6957,#6958,#6959,#6960,#6961,#6962,#6963,#6964,#6965,#6966,#6967,#6968,
#6969,#6970,#6971,#6972,#6973,#6974,#6975,#6976,#6977,#6978,#6979,#6980,
#6981,#6982,#6983,#6984,#6985,#6986));
#6988=DERIVED_UNIT_ELEMENT(#6990,1.);
#6989=DERIVED_UNIT_ELEMENT(#10905,-3.);
#6990=(
MASS_UNIT()
NAMED_UNIT(*)
SI_UNIT(.KILO.,.GRAM.)
);
#6991=DERIVED_UNIT((#6988,#6989));
#6992=MEASURE_REPRESENTATION_ITEM('density measure',
POSITIVE_RATIO_MEASURE(7850.),#6991);
#6993=PROPERTY_DEFINITION_REPRESENTATION(#6998,#6995);
#6994=PROPERTY_DEFINITION_REPRESENTATION(#6999,#6996);
#6995=REPRESENTATION('material name',(#6997),#10902);
#6996=REPRESENTATION('density',(#6992),#10902);
#6997=DESCRIPTIVE_REPRESENTATION_ITEM('Steel','Steel');
#6998=PROPERTY_DEFINITION('material property','material name',#10912);
#6999=PROPERTY_DEFINITION('material property','density of part',#10912);
#7000=AXIS2_PLACEMENT_3D('',#8953,#7327,#7328);
#7001=AXIS2_PLACEMENT_3D('',#8954,#7329,#7330);
#7002=AXIS2_PLACEMENT_3D('',#8963,#7335,#7336);
#7003=AXIS2_PLACEMENT_3D('',#8969,#7340,#7341);
#7004=AXIS2_PLACEMENT_3D('',#8975,#7345,#7346);
#7005=AXIS2_PLACEMENT_3D('',#8984,#7351,#7352);
#7006=AXIS2_PLACEMENT_3D('',#8990,#7356,#7357);
#7007=AXIS2_PLACEMENT_3D('',#8996,#7361,#7362);
#7008=AXIS2_PLACEMENT_3D('',#9005,#7367,#7368);
#7009=AXIS2_PLACEMENT_3D('',#9011,#7372,#7373);
#7010=AXIS2_PLACEMENT_3D('',#9017,#7377,#7378);
#7011=AXIS2_PLACEMENT_3D('',#9026,#7383,#7384);
#7012=AXIS2_PLACEMENT_3D('',#9032,#7388,#7389);
#7013=AXIS2_PLACEMENT_3D('',#9038,#7393,#7394);
#7014=AXIS2_PLACEMENT_3D('',#9047,#7399,#7400);
#7015=AXIS2_PLACEMENT_3D('',#9053,#7404,#7405);
#7016=AXIS2_PLACEMENT_3D('',#9059,#7409,#7410);
#7017=AXIS2_PLACEMENT_3D('',#9068,#7415,#7416);
#7018=AXIS2_PLACEMENT_3D('',#9074,#7420,#7421);
#7019=AXIS2_PLACEMENT_3D('',#9080,#7425,#7426);
#7020=AXIS2_PLACEMENT_3D('',#9089,#7431,#7432);
#7021=AXIS2_PLACEMENT_3D('',#9095,#7436,#7437);
#7022=AXIS2_PLACEMENT_3D('',#9101,#7441,#7442);
#7023=AXIS2_PLACEMENT_3D('',#9110,#7447,#7448);
#7024=AXIS2_PLACEMENT_3D('',#9116,#7452,#7453);
#7025=AXIS2_PLACEMENT_3D('',#9122,#7457,#7458);
#7026=AXIS2_PLACEMENT_3D('',#9131,#7463,#7464);
#7027=AXIS2_PLACEMENT_3D('',#9137,#7468,#7469);
#7028=AXIS2_PLACEMENT_3D('',#9143,#7473,#7474);
#7029=AXIS2_PLACEMENT_3D('',#9152,#7479,#7480);
#7030=AXIS2_PLACEMENT_3D('',#9158,#7484,#7485);
#7031=AXIS2_PLACEMENT_3D('',#9164,#7489,#7490);
#7032=AXIS2_PLACEMENT_3D('',#9173,#7495,#7496);
#7033=AXIS2_PLACEMENT_3D('',#9179,#7500,#7501);
#7034=AXIS2_PLACEMENT_3D('',#9185,#7505,#7506);
#7035=AXIS2_PLACEMENT_3D('',#9194,#7511,#7512);
#7036=AXIS2_PLACEMENT_3D('',#9200,#7516,#7517);
#7037=AXIS2_PLACEMENT_3D('',#9206,#7521,#7522);
#7038=AXIS2_PLACEMENT_3D('',#9215,#7527,#7528);
#7039=AXIS2_PLACEMENT_3D('',#9221,#7532,#7533);
#7040=AXIS2_PLACEMENT_3D('',#9227,#7537,#7538);
#7041=AXIS2_PLACEMENT_3D('',#9236,#7543,#7544);
#7042=AXIS2_PLACEMENT_3D('',#9242,#7548,#7549);
#7043=AXIS2_PLACEMENT_3D('',#9248,#7553,#7554);
#7044=AXIS2_PLACEMENT_3D('',#9257,#7559,#7560);
#7045=AXIS2_PLACEMENT_3D('',#9263,#7564,#7565);
#7046=AXIS2_PLACEMENT_3D('',#9269,#7569,#7570);
#7047=AXIS2_PLACEMENT_3D('',#9278,#7575,#7576);
#7048=AXIS2_PLACEMENT_3D('',#9284,#7580,#7581);
#7049=AXIS2_PLACEMENT_3D('',#9290,#7585,#7586);
#7050=AXIS2_PLACEMENT_3D('',#9299,#7591,#7592);
#7051=AXIS2_PLACEMENT_3D('',#9305,#7596,#7597);
#7052=AXIS2_PLACEMENT_3D('',#9311,#7601,#7602);
#7053=AXIS2_PLACEMENT_3D('',#9320,#7607,#7608);
#7054=AXIS2_PLACEMENT_3D('',#9326,#7612,#7613);
#7055=AXIS2_PLACEMENT_3D('',#9332,#7617,#7618);
#7056=AXIS2_PLACEMENT_3D('',#9341,#7623,#7624);
#7057=AXIS2_PLACEMENT_3D('',#9347,#7628,#7629);
#7058=AXIS2_PLACEMENT_3D('',#9353,#7633,#7634);
#7059=AXIS2_PLACEMENT_3D('',#9362,#7639,#7640);
#7060=AXIS2_PLACEMENT_3D('',#9368,#7644,#7645);
#7061=AXIS2_PLACEMENT_3D('',#9374,#7649,#7650);
#7062=AXIS2_PLACEMENT_3D('',#9383,#7655,#7656);
#7063=AXIS2_PLACEMENT_3D('',#9389,#7660,#7661);
#7064=AXIS2_PLACEMENT_3D('',#9395,#7665,#7666);
#7065=AXIS2_PLACEMENT_3D('',#9404,#7671,#7672);
#7066=AXIS2_PLACEMENT_3D('',#9410,#7676,#7677);
#7067=AXIS2_PLACEMENT_3D('',#9416,#7681,#7682);
#7068=AXIS2_PLACEMENT_3D('',#9425,#7687,#7688);
#7069=AXIS2_PLACEMENT_3D('',#9431,#7692,#7693);
#7070=AXIS2_PLACEMENT_3D('',#9437,#7697,#7698);
#7071=AXIS2_PLACEMENT_3D('',#9446,#7703,#7704);
#7072=AXIS2_PLACEMENT_3D('',#9452,#7708,#7709);
#7073=AXIS2_PLACEMENT_3D('',#9458,#7713,#7714);
#7074=AXIS2_PLACEMENT_3D('',#9467,#7719,#7720);
#7075=AXIS2_PLACEMENT_3D('',#9473,#7724,#7725);
#7076=AXIS2_PLACEMENT_3D('',#9479,#7729,#7730);
#7077=AXIS2_PLACEMENT_3D('',#9488,#7735,#7736);
#7078=AXIS2_PLACEMENT_3D('',#9494,#7740,#7741);
#7079=AXIS2_PLACEMENT_3D('',#9500,#7745,#7746);
#7080=AXIS2_PLACEMENT_3D('',#9509,#7751,#7752);
#7081=AXIS2_PLACEMENT_3D('',#9515,#7756,#7757);
#7082=AXIS2_PLACEMENT_3D('',#9521,#7761,#7762);
#7083=AXIS2_PLACEMENT_3D('',#9530,#7767,#7768);
#7084=AXIS2_PLACEMENT_3D('',#9536,#7772,#7773);
#7085=AXIS2_PLACEMENT_3D('',#9542,#7777,#7778);
#7086=AXIS2_PLACEMENT_3D('',#9551,#7783,#7784);
#7087=AXIS2_PLACEMENT_3D('',#9557,#7788,#7789);
#7088=AXIS2_PLACEMENT_3D('',#9563,#7793,#7794);
#7089=AXIS2_PLACEMENT_3D('',#9572,#7799,#7800);
#7090=AXIS2_PLACEMENT_3D('',#9578,#7804,#7805);
#7091=AXIS2_PLACEMENT_3D('',#9584,#7809,#7810);
#7092=AXIS2_PLACEMENT_3D('',#9593,#7815,#7816);
#7093=AXIS2_PLACEMENT_3D('',#9599,#7820,#7821);
#7094=AXIS2_PLACEMENT_3D('',#9605,#7825,#7826);
#7095=AXIS2_PLACEMENT_3D('',#9614,#7831,#7832);
#7096=AXIS2_PLACEMENT_3D('',#9620,#7836,#7837);
#7097=AXIS2_PLACEMENT_3D('',#9626,#7841,#7842);
#7098=AXIS2_PLACEMENT_3D('',#9635,#7847,#7848);
#7099=AXIS2_PLACEMENT_3D('',#9641,#7852,#7853);
#7100=AXIS2_PLACEMENT_3D('',#9647,#7857,#7858);
#7101=AXIS2_PLACEMENT_3D('',#9656,#7863,#7864);
#7102=AXIS2_PLACEMENT_3D('',#9662,#7868,#7869);
#7103=AXIS2_PLACEMENT_3D('',#9668,#7873,#7874);
#7104=AXIS2_PLACEMENT_3D('',#9677,#7879,#7880);
#7105=AXIS2_PLACEMENT_3D('',#9683,#7884,#7885);
#7106=AXIS2_PLACEMENT_3D('',#9689,#7889,#7890);
#7107=AXIS2_PLACEMENT_3D('',#9698,#7895,#7896);
#7108=AXIS2_PLACEMENT_3D('',#9704,#7900,#7901);
#7109=AXIS2_PLACEMENT_3D('',#9710,#7905,#7906);
#7110=AXIS2_PLACEMENT_3D('',#9719,#7911,#7912);
#7111=AXIS2_PLACEMENT_3D('',#9725,#7916,#7917);
#7112=AXIS2_PLACEMENT_3D('',#9731,#7921,#7922);
#7113=AXIS2_PLACEMENT_3D('',#9740,#7927,#7928);
#7114=AXIS2_PLACEMENT_3D('',#9746,#7932,#7933);
#7115=AXIS2_PLACEMENT_3D('',#9752,#7937,#7938);
#7116=AXIS2_PLACEMENT_3D('',#9761,#7943,#7944);
#7117=AXIS2_PLACEMENT_3D('',#9767,#7948,#7949);
#7118=AXIS2_PLACEMENT_3D('',#9773,#7953,#7954);
#7119=AXIS2_PLACEMENT_3D('',#9782,#7959,#7960);
#7120=AXIS2_PLACEMENT_3D('',#9788,#7964,#7965);
#7121=AXIS2_PLACEMENT_3D('',#9794,#7969,#7970);
#7122=AXIS2_PLACEMENT_3D('',#9843,#8015,#8016);
#7123=AXIS2_PLACEMENT_3D('',#9853,#8022,#8023);
#7124=AXIS2_PLACEMENT_3D('',#9863,#8029,#8030);
#7125=AXIS2_PLACEMENT_3D('',#9873,#8036,#8037);
#7126=AXIS2_PLACEMENT_3D('',#9883,#8043,#8044);
#7127=AXIS2_PLACEMENT_3D('',#9893,#8050,#8051);
#7128=AXIS2_PLACEMENT_3D('',#9903,#8057,#8058);
#7129=AXIS2_PLACEMENT_3D('',#9913,#8064,#8065);
#7130=AXIS2_PLACEMENT_3D('',#9923,#8071,#8072);
#7131=AXIS2_PLACEMENT_3D('',#9933,#8078,#8079);
#7132=AXIS2_PLACEMENT_3D('',#9943,#8085,#8086);
#7133=AXIS2_PLACEMENT_3D('',#9953,#8092,#8093);
#7134=AXIS2_PLACEMENT_3D('',#9963,#8099,#8100);
#7135=AXIS2_PLACEMENT_3D('',#9973,#8106,#8107);
#7136=AXIS2_PLACEMENT_3D('',#9983,#8113,#8114);
#7137=AXIS2_PLACEMENT_3D('',#9993,#8120,#8121);
#7138=AXIS2_PLACEMENT_3D('',#10003,#8127,#8128);
#7139=AXIS2_PLACEMENT_3D('',#10013,#8134,#8135);
#7140=AXIS2_PLACEMENT_3D('',#10023,#8141,#8142);
#7141=AXIS2_PLACEMENT_3D('',#10033,#8148,#8149);
#7142=AXIS2_PLACEMENT_3D('',#10043,#8155,#8156);
#7143=AXIS2_PLACEMENT_3D('',#10053,#8162,#8163);
#7144=AXIS2_PLACEMENT_3D('',#10063,#8169,#8170);
#7145=AXIS2_PLACEMENT_3D('',#10073,#8176,#8177);
#7146=AXIS2_PLACEMENT_3D('',#10083,#8183,#8184);
#7147=AXIS2_PLACEMENT_3D('',#10093,#8190,#8191);
#7148=AXIS2_PLACEMENT_3D('',#10103,#8197,#8198);
#7149=AXIS2_PLACEMENT_3D('',#10113,#8204,#8205);
#7150=AXIS2_PLACEMENT_3D('',#10123,#8211,#8212);
#7151=AXIS2_PLACEMENT_3D('',#10133,#8218,#8219);
#7152=AXIS2_PLACEMENT_3D('',#10143,#8225,#8226);
#7153=AXIS2_PLACEMENT_3D('',#10153,#8232,#8233);
#7154=AXIS2_PLACEMENT_3D('',#10163,#8239,#8240);
#7155=AXIS2_PLACEMENT_3D('',#10173,#8246,#8247);
#7156=AXIS2_PLACEMENT_3D('',#10183,#8253,#8254);
#7157=AXIS2_PLACEMENT_3D('',#10193,#8260,#8261);
#7158=AXIS2_PLACEMENT_3D('',#10203,#8267,#8268);
#7159=AXIS2_PLACEMENT_3D('',#10213,#8274,#8275);
#7160=AXIS2_PLACEMENT_3D('',#10223,#8281,#8282);
#7161=AXIS2_PLACEMENT_3D('',#10233,#8288,#8289);
#7162=AXIS2_PLACEMENT_3D('',#10243,#8295,#8296);
#7163=AXIS2_PLACEMENT_3D('',#10249,#8300,#8301);
#7164=AXIS2_PLACEMENT_3D('',#10253,#8304,#8305);
#7165=AXIS2_PLACEMENT_3D('',#10257,#8308,#8309);
#7166=AXIS2_PLACEMENT_3D('',#10259,#8311,#8312);
#7167=AXIS2_PLACEMENT_3D('',#10265,#8316,#8317);
#7168=AXIS2_PLACEMENT_3D('',#10269,#8320,#8321);
#7169=AXIS2_PLACEMENT_3D('',#10273,#8324,#8325);
#7170=AXIS2_PLACEMENT_3D('',#10275,#8327,#8328);
#7171=AXIS2_PLACEMENT_3D('',#10281,#8332,#8333);
#7172=AXIS2_PLACEMENT_3D('',#10285,#8336,#8337);
#7173=AXIS2_PLACEMENT_3D('',#10289,#8340,#8341);
#7174=AXIS2_PLACEMENT_3D('',#10291,#8343,#8344);
#7175=AXIS2_PLACEMENT_3D('',#10297,#8348,#8349);
#7176=AXIS2_PLACEMENT_3D('',#10301,#8352,#8353);
#7177=AXIS2_PLACEMENT_3D('',#10305,#8356,#8357);
#7178=AXIS2_PLACEMENT_3D('',#10307,#8359,#8360);
#7179=AXIS2_PLACEMENT_3D('',#10313,#8364,#8365);
#7180=AXIS2_PLACEMENT_3D('',#10317,#8368,#8369);
#7181=AXIS2_PLACEMENT_3D('',#10321,#8372,#8373);
#7182=AXIS2_PLACEMENT_3D('',#10323,#8375,#8376);
#7183=AXIS2_PLACEMENT_3D('',#10329,#8380,#8381);
#7184=AXIS2_PLACEMENT_3D('',#10333,#8384,#8385);
#7185=AXIS2_PLACEMENT_3D('',#10337,#8388,#8389);
#7186=AXIS2_PLACEMENT_3D('',#10339,#8391,#8392);
#7187=AXIS2_PLACEMENT_3D('',#10345,#8396,#8397);
#7188=AXIS2_PLACEMENT_3D('',#10349,#8400,#8401);
#7189=AXIS2_PLACEMENT_3D('',#10353,#8404,#8405);
#7190=AXIS2_PLACEMENT_3D('',#10355,#8407,#8408);
#7191=AXIS2_PLACEMENT_3D('',#10361,#8412,#8413);
#7192=AXIS2_PLACEMENT_3D('',#10365,#8416,#8417);
#7193=AXIS2_PLACEMENT_3D('',#10369,#8420,#8421);
#7194=AXIS2_PLACEMENT_3D('',#10371,#8423,#8424);
#7195=AXIS2_PLACEMENT_3D('',#10377,#8428,#8429);
#7196=AXIS2_PLACEMENT_3D('',#10381,#8432,#8433);
#7197=AXIS2_PLACEMENT_3D('',#10385,#8436,#8437);
#7198=AXIS2_PLACEMENT_3D('',#10387,#8439,#8440);
#7199=AXIS2_PLACEMENT_3D('',#10393,#8444,#8445);
#7200=AXIS2_PLACEMENT_3D('',#10397,#8448,#8449);
#7201=AXIS2_PLACEMENT_3D('',#10401,#8452,#8453);
#7202=AXIS2_PLACEMENT_3D('',#10403,#8455,#8456);
#7203=AXIS2_PLACEMENT_3D('',#10409,#8460,#8461);
#7204=AXIS2_PLACEMENT_3D('',#10413,#8464,#8465);
#7205=AXIS2_PLACEMENT_3D('',#10417,#8468,#8469);
#7206=AXIS2_PLACEMENT_3D('',#10419,#8471,#8472);
#7207=AXIS2_PLACEMENT_3D('',#10425,#8476,#8477);
#7208=AXIS2_PLACEMENT_3D('',#10429,#8480,#8481);
#7209=AXIS2_PLACEMENT_3D('',#10433,#8484,#8485);
#7210=AXIS2_PLACEMENT_3D('',#10435,#8487,#8488);
#7211=AXIS2_PLACEMENT_3D('',#10441,#8492,#8493);
#7212=AXIS2_PLACEMENT_3D('',#10445,#8496,#8497);
#7213=AXIS2_PLACEMENT_3D('',#10449,#8500,#8501);
#7214=AXIS2_PLACEMENT_3D('',#10451,#8503,#8504);
#7215=AXIS2_PLACEMENT_3D('',#10457,#8508,#8509);
#7216=AXIS2_PLACEMENT_3D('',#10461,#8512,#8513);
#7217=AXIS2_PLACEMENT_3D('',#10465,#8516,#8517);
#7218=AXIS2_PLACEMENT_3D('',#10467,#8519,#8520);
#7219=AXIS2_PLACEMENT_3D('',#10473,#8524,#8525);
#7220=AXIS2_PLACEMENT_3D('',#10477,#8528,#8529);
#7221=AXIS2_PLACEMENT_3D('',#10481,#8532,#8533);
#7222=AXIS2_PLACEMENT_3D('',#10483,#8535,#8536);
#7223=AXIS2_PLACEMENT_3D('',#10489,#8540,#8541);
#7224=AXIS2_PLACEMENT_3D('',#10493,#8544,#8545);
#7225=AXIS2_PLACEMENT_3D('',#10497,#8548,#8549);
#7226=AXIS2_PLACEMENT_3D('',#10499,#8551,#8552);
#7227=AXIS2_PLACEMENT_3D('',#10505,#8556,#8557);
#7228=AXIS2_PLACEMENT_3D('',#10509,#8560,#8561);
#7229=AXIS2_PLACEMENT_3D('',#10513,#8564,#8565);
#7230=AXIS2_PLACEMENT_3D('',#10515,#8567,#8568);
#7231=AXIS2_PLACEMENT_3D('',#10521,#8572,#8573);
#7232=AXIS2_PLACEMENT_3D('',#10525,#8576,#8577);
#7233=AXIS2_PLACEMENT_3D('',#10529,#8580,#8581);
#7234=AXIS2_PLACEMENT_3D('',#10531,#8583,#8584);
#7235=AXIS2_PLACEMENT_3D('',#10537,#8588,#8589);
#7236=AXIS2_PLACEMENT_3D('',#10541,#8592,#8593);
#7237=AXIS2_PLACEMENT_3D('',#10545,#8596,#8597);
#7238=AXIS2_PLACEMENT_3D('',#10547,#8599,#8600);
#7239=AXIS2_PLACEMENT_3D('',#10553,#8604,#8605);
#7240=AXIS2_PLACEMENT_3D('',#10557,#8608,#8609);
#7241=AXIS2_PLACEMENT_3D('',#10561,#8612,#8613);
#7242=AXIS2_PLACEMENT_3D('',#10563,#8615,#8616);
#7243=AXIS2_PLACEMENT_3D('',#10569,#8620,#8621);
#7244=AXIS2_PLACEMENT_3D('',#10573,#8624,#8625);
#7245=AXIS2_PLACEMENT_3D('',#10577,#8628,#8629);
#7246=AXIS2_PLACEMENT_3D('',#10579,#8631,#8632);
#7247=AXIS2_PLACEMENT_3D('',#10585,#8636,#8637);
#7248=AXIS2_PLACEMENT_3D('',#10589,#8640,#8641);
#7249=AXIS2_PLACEMENT_3D('',#10593,#8644,#8645);
#7250=AXIS2_PLACEMENT_3D('',#10595,#8647,#8648);
#7251=AXIS2_PLACEMENT_3D('',#10601,#8652,#8653);
#7252=AXIS2_PLACEMENT_3D('',#10605,#8656,#8657);
#7253=AXIS2_PLACEMENT_3D('',#10609,#8660,#8661);
#7254=AXIS2_PLACEMENT_3D('',#10611,#8663,#8664);
#7255=AXIS2_PLACEMENT_3D('',#10617,#8668,#8669);
#7256=AXIS2_PLACEMENT_3D('',#10621,#8672,#8673);
#7257=AXIS2_PLACEMENT_3D('',#10625,#8676,#8677);
#7258=AXIS2_PLACEMENT_3D('',#10627,#8679,#8680);
#7259=AXIS2_PLACEMENT_3D('',#10633,#8684,#8685);
#7260=AXIS2_PLACEMENT_3D('',#10637,#8688,#8689);
#7261=AXIS2_PLACEMENT_3D('',#10641,#8692,#8693);
#7262=AXIS2_PLACEMENT_3D('',#10643,#8695,#8696);
#7263=AXIS2_PLACEMENT_3D('',#10649,#8700,#8701);
#7264=AXIS2_PLACEMENT_3D('',#10653,#8704,#8705);
#7265=AXIS2_PLACEMENT_3D('',#10657,#8708,#8709);
#7266=AXIS2_PLACEMENT_3D('',#10659,#8711,#8712);
#7267=AXIS2_PLACEMENT_3D('',#10665,#8716,#8717);
#7268=AXIS2_PLACEMENT_3D('',#10669,#8720,#8721);
#7269=AXIS2_PLACEMENT_3D('',#10673,#8724,#8725);
#7270=AXIS2_PLACEMENT_3D('',#10675,#8727,#8728);
#7271=AXIS2_PLACEMENT_3D('',#10681,#8732,#8733);
#7272=AXIS2_PLACEMENT_3D('',#10685,#8736,#8737);
#7273=AXIS2_PLACEMENT_3D('',#10689,#8740,#8741);
#7274=AXIS2_PLACEMENT_3D('',#10691,#8743,#8744);
#7275=AXIS2_PLACEMENT_3D('',#10697,#8748,#8749);
#7276=AXIS2_PLACEMENT_3D('',#10701,#8752,#8753);
#7277=AXIS2_PLACEMENT_3D('',#10705,#8756,#8757);
#7278=AXIS2_PLACEMENT_3D('',#10707,#8759,#8760);
#7279=AXIS2_PLACEMENT_3D('',#10713,#8764,#8765);
#7280=AXIS2_PLACEMENT_3D('',#10717,#8768,#8769);
#7281=AXIS2_PLACEMENT_3D('',#10721,#8772,#8773);
#7282=AXIS2_PLACEMENT_3D('',#10723,#8775,#8776);
#7283=AXIS2_PLACEMENT_3D('',#10729,#8780,#8781);
#7284=AXIS2_PLACEMENT_3D('',#10733,#8784,#8785);
#7285=AXIS2_PLACEMENT_3D('',#10737,#8788,#8789);
#7286=AXIS2_PLACEMENT_3D('',#10739,#8791,#8792);
#7287=AXIS2_PLACEMENT_3D('',#10745,#8796,#8797);
#7288=AXIS2_PLACEMENT_3D('',#10749,#8800,#8801);
#7289=AXIS2_PLACEMENT_3D('',#10753,#8804,#8805);
#7290=AXIS2_PLACEMENT_3D('',#10755,#8807,#8808);
#7291=AXIS2_PLACEMENT_3D('',#10761,#8812,#8813);
#7292=AXIS2_PLACEMENT_3D('',#10765,#8816,#8817);
#7293=AXIS2_PLACEMENT_3D('',#10769,#8820,#8821);
#7294=AXIS2_PLACEMENT_3D('',#10771,#8823,#8824);
#7295=AXIS2_PLACEMENT_3D('',#10777,#8828,#8829);
#7296=AXIS2_PLACEMENT_3D('',#10781,#8832,#8833);
#7297=AXIS2_PLACEMENT_3D('',#10785,#8836,#8837);
#7298=AXIS2_PLACEMENT_3D('',#10787,#8839,#8840);
#7299=AXIS2_PLACEMENT_3D('',#10793,#8844,#8845);
#7300=AXIS2_PLACEMENT_3D('',#10797,#8848,#8849);
#7301=AXIS2_PLACEMENT_3D('',#10801,#8852,#8853);
#7302=AXIS2_PLACEMENT_3D('',#10803,#8855,#8856);
#7303=AXIS2_PLACEMENT_3D('',#10809,#8860,#8861);
#7304=AXIS2_PLACEMENT_3D('',#10813,#8864,#8865);
#7305=AXIS2_PLACEMENT_3D('',#10817,#8868,#8869);
#7306=AXIS2_PLACEMENT_3D('',#10819,#8871,#8872);
#7307=AXIS2_PLACEMENT_3D('',#10825,#8876,#8877);
#7308=AXIS2_PLACEMENT_3D('',#10829,#8880,#8881);
#7309=AXIS2_PLACEMENT_3D('',#10833,#8884,#8885);
#7310=AXIS2_PLACEMENT_3D('',#10835,#8887,#8888);
#7311=AXIS2_PLACEMENT_3D('',#10841,#8892,#8893);
#7312=AXIS2_PLACEMENT_3D('',#10845,#8896,#8897);
#7313=AXIS2_PLACEMENT_3D('',#10849,#8900,#8901);
#7314=AXIS2_PLACEMENT_3D('',#10851,#8903,#8904);
#7315=AXIS2_PLACEMENT_3D('',#10857,#8908,#8909);
#7316=AXIS2_PLACEMENT_3D('',#10861,#8912,#8913);
#7317=AXIS2_PLACEMENT_3D('',#10865,#8916,#8917);
#7318=AXIS2_PLACEMENT_3D('',#10867,#8919,#8920);
#7319=AXIS2_PLACEMENT_3D('',#10873,#8924,#8925);
#7320=AXIS2_PLACEMENT_3D('',#10877,#8928,#8929);
#7321=AXIS2_PLACEMENT_3D('',#10881,#8932,#8933);
#7322=AXIS2_PLACEMENT_3D('',#10883,#8935,#8936);
#7323=AXIS2_PLACEMENT_3D('',#10889,#8940,#8941);
#7324=AXIS2_PLACEMENT_3D('',#10893,#8944,#8945);
#7325=AXIS2_PLACEMENT_3D('',#10897,#8948,#8949);
#7326=AXIS2_PLACEMENT_3D('',#10899,#8951,#8952);
#7327=DIRECTION('axis',(0.,0.,1.));
#7328=DIRECTION('refdir',(1.,0.,0.));
#7329=DIRECTION('center_axis',(0.,-1.,0.));
#7330=DIRECTION('ref_axis',(1.,0.,0.));
#7331=DIRECTION('',(-1.,0.,0.));
#7332=DIRECTION('',(0.,0.,1.));
#7333=DIRECTION('',(1.,0.,0.));
#7334=DIRECTION('',(0.,0.,1.));
#7335=DIRECTION('center_axis',(1.,0.,0.));
#7336=DIRECTION('ref_axis',(0.,1.,0.));
#7337=DIRECTION('',(0.,-1.,0.));
#7338=DIRECTION('',(0.,1.,0.));
#7339=DIRECTION('',(0.,0.,1.));
#7340=DIRECTION('center_axis',(0.,1.,0.));
#7341=DIRECTION('ref_axis',(-1.,0.,0.));
#7342=DIRECTION('',(1.,0.,0.));
#7343=DIRECTION('',(-1.,0.,0.));
#7344=DIRECTION('',(0.,0.,1.));
#7345=DIRECTION('center_axis',(0.,-1.,0.));
#7346=DIRECTION('ref_axis',(1.,0.,0.));
#7347=DIRECTION('',(-1.,0.,0.));
#7348=DIRECTION('',(0.,0.,1.));
#7349=DIRECTION('',(1.,0.,0.));
#7350=DIRECTION('',(0.,0.,1.));
#7351=DIRECTION('center_axis',(1.,0.,0.));
#7352=DIRECTION('ref_axis',(0.,1.,0.));
#7353=DIRECTION('',(0.,-1.,0.));
#7354=DIRECTION('',(0.,1.,0.));
#7355=DIRECTION('',(0.,0.,1.));
#7356=DIRECTION('center_axis',(0.,1.,0.));
#7357=DIRECTION('ref_axis',(-1.,0.,0.));
#7358=DIRECTION('',(1.,0.,0.));
#7359=DIRECTION('',(-1.,0.,0.));
#7360=DIRECTION('',(0.,0.,1.));
#7361=DIRECTION('center_axis',(0.,-1.,0.));
#7362=DIRECTION('ref_axis',(1.,0.,0.));
#7363=DIRECTION('',(-1.,0.,0.));
#7364=DIRECTION('',(0.,0.,1.));
#7365=DIRECTION('',(1.,0.,0.));
#7366=DIRECTION('',(0.,0.,1.));
#7367=DIRECTION('center_axis',(1.,0.,0.));
#7368=DIRECTION('ref_axis',(0.,1.,0.));
#7369=DIRECTION('',(0.,-1.,0.));
#7370=DIRECTION('',(0.,1.,0.));
#7371=DIRECTION('',(0.,0.,1.));
#7372=DIRECTION('center_axis',(0.,1.,0.));
#7373=DIRECTION('ref_axis',(-1.,0.,0.));
#7374=DIRECTION('',(1.,0.,0.));
#7375=DIRECTION('',(-1.,0.,0.));
#7376=DIRECTION('',(0.,0.,1.));
#7377=DIRECTION('center_axis',(0.,-1.,0.));
#7378=DIRECTION('ref_axis',(1.,0.,0.));
#7379=DIRECTION('',(-1.,0.,0.));
#7380=DIRECTION('',(0.,0.,1.));
#7381=DIRECTION('',(1.,0.,0.));
#7382=DIRECTION('',(0.,0.,1.));
#7383=DIRECTION('center_axis',(1.,0.,0.));
#7384=DIRECTION('ref_axis',(0.,1.,0.));
#7385=DIRECTION('',(0.,-1.,0.));
#7386=DIRECTION('',(0.,1.,0.));
#7387=DIRECTION('',(0.,0.,1.));
#7388=DIRECTION('center_axis',(0.,1.,0.));
#7389=DIRECTION('ref_axis',(-1.,0.,0.));
#7390=DIRECTION('',(1.,0.,0.));
#7391=DIRECTION('',(-1.,0.,0.));
#7392=DIRECTION('',(0.,0.,1.));
#7393=DIRECTION('center_axis',(0.,-1.,0.));
#7394=DIRECTION('ref_axis',(1.,0.,0.));
#7395=DIRECTION('',(-1.,0.,0.));
#7396=DIRECTION('',(0.,0.,1.));
#7397=DIRECTION('',(1.,0.,0.));
#7398=DIRECTION('',(0.,0.,1.));
#7399=DIRECTION('center_axis',(1.,0.,0.));
#7400=DIRECTION('ref_axis',(0.,1.,0.));
#7401=DIRECTION('',(0.,-1.,0.));
#7402=DIRECTION('',(0.,1.,0.));
#7403=DIRECTION('',(0.,0.,1.));
#7404=DIRECTION('center_axis',(0.,1.,0.));
#7405=DIRECTION('ref_axis',(-1.,0.,0.));
#7406=DIRECTION('',(1.,0.,0.));
#7407=DIRECTION('',(-1.,0.,0.));
#7408=DIRECTION('',(0.,0.,1.));
#7409=DIRECTION('center_axis',(0.,-1.,0.));
#7410=DIRECTION('ref_axis',(1.,0.,0.));
#7411=DIRECTION('',(-1.,0.,0.));
#7412=DIRECTION('',(0.,0.,1.));
#7413=DIRECTION('',(1.,0.,0.));
#7414=DIRECTION('',(0.,0.,1.));
#7415=DIRECTION('center_axis',(1.,0.,0.));
#7416=DIRECTION('ref_axis',(0.,1.,0.));
#7417=DIRECTION('',(0.,-1.,0.));
#7418=DIRECTION('',(0.,1.,0.));
#7419=DIRECTION('',(0.,0.,1.));
#7420=DIRECTION('center_axis',(0.,1.,0.));
#7421=DIRECTION('ref_axis',(-1.,0.,0.));
#7422=DIRECTION('',(1.,0.,0.));
#7423=DIRECTION('',(-1.,0.,0.));
#7424=DIRECTION('',(0.,0.,1.));
#7425=DIRECTION('center_axis',(0.,-1.,0.));
#7426=DIRECTION('ref_axis',(1.,0.,0.));
#7427=DIRECTION('',(-1.,0.,0.));
#7428=DIRECTION('',(0.,0.,1.));
#7429=DIRECTION('',(1.,0.,0.));
#7430=DIRECTION('',(0.,0.,1.));
#7431=DIRECTION('center_axis',(1.,0.,0.));
#7432=DIRECTION('ref_axis',(0.,1.,0.));
#7433=DIRECTION('',(0.,-1.,0.));
#7434=DIRECTION('',(0.,1.,0.));
#7435=DIRECTION('',(0.,0.,1.));
#7436=DIRECTION('center_axis',(0.,1.,0.));
#7437=DIRECTION('ref_axis',(-1.,0.,0.));
#7438=DIRECTION('',(1.,0.,0.));
#7439=DIRECTION('',(-1.,0.,0.));
#7440=DIRECTION('',(0.,0.,1.));
#7441=DIRECTION('center_axis',(0.,-1.,0.));
#7442=DIRECTION('ref_axis',(1.,0.,0.));
#7443=DIRECTION('',(-1.,0.,0.));
#7444=DIRECTION('',(0.,0.,1.));
#7445=DIRECTION('',(1.,0.,0.));
#7446=DIRECTION('',(0.,0.,1.));
#7447=DIRECTION('center_axis',(1.,0.,0.));
#7448=DIRECTION('ref_axis',(0.,1.,0.));
#7449=DIRECTION('',(0.,-1.,0.));
#7450=DIRECTION('',(0.,1.,0.));
#7451=DIRECTION('',(0.,0.,1.));
#7452=DIRECTION('center_axis',(0.,1.,0.));
#7453=DIRECTION('ref_axis',(-1.,0.,0.));
#7454=DIRECTION('',(1.,0.,0.));
#7455=DIRECTION('',(-1.,0.,0.));
#7456=DIRECTION('',(0.,0.,1.));
#7457=DIRECTION('center_axis',(0.,-1.,0.));
#7458=DIRECTION('ref_axis',(1.,0.,0.));
#7459=DIRECTION('',(-1.,0.,0.));
#7460=DIRECTION('',(0.,0.,1.));
#7461=DIRECTION('',(1.,0.,0.));
#7462=DIRECTION('',(0.,0.,1.));
#7463=DIRECTION('center_axis',(1.,0.,0.));
#7464=DIRECTION('ref_axis',(0.,1.,0.));
#7465=DIRECTION('',(0.,-1.,0.));
#7466=DIRECTION('',(0.,1.,0.));
#7467=DIRECTION('',(0.,0.,1.));
#7468=DIRECTION('center_axis',(0.,1.,0.));
#7469=DIRECTION('ref_axis',(-1.,0.,0.));
#7470=DIRECTION('',(1.,0.,0.));
#7471=DIRECTION('',(-1.,0.,0.));
#7472=DIRECTION('',(0.,0.,1.));
#7473=DIRECTION('center_axis',(0.,-1.,0.));
#7474=DIRECTION('ref_axis',(1.,0.,0.));
#7475=DIRECTION('',(-1.,0.,0.));
#7476=DIRECTION('',(0.,0.,1.));
#7477=DIRECTION('',(1.,0.,0.));
#7478=DIRECTION('',(0.,0.,1.));
#7479=DIRECTION('center_axis',(1.,0.,0.));
#7480=DIRECTION('ref_axis',(0.,1.,0.));
#7481=DIRECTION('',(0.,-1.,0.));
#7482=DIRECTION('',(0.,1.,0.));
#7483=DIRECTION('',(0.,0.,1.));
#7484=DIRECTION('center_axis',(0.,1.,0.));
#7485=DIRECTION('ref_axis',(-1.,0.,0.));
#7486=DIRECTION('',(1.,0.,0.));
#7487=DIRECTION('',(-1.,0.,0.));
#7488=DIRECTION('',(0.,0.,1.));
#7489=DIRECTION('center_axis',(0.,-1.,0.));
#7490=DIRECTION('ref_axis',(1.,0.,0.));
#7491=DIRECTION('',(-1.,0.,0.));
#7492=DIRECTION('',(0.,0.,1.));
#7493=DIRECTION('',(1.,0.,0.));
#7494=DIRECTION('',(0.,0.,1.));
#7495=DIRECTION('center_axis',(1.,0.,0.));
#7496=DIRECTION('ref_axis',(0.,1.,0.));
#7497=DIRECTION('',(0.,-1.,0.));
#7498=DIRECTION('',(0.,1.,0.));
#7499=DIRECTION('',(0.,0.,1.));
#7500=DIRECTION('center_axis',(0.,1.,0.));
#7501=DIRECTION('ref_axis',(-1.,0.,0.));
#7502=DIRECTION('',(1.,0.,0.));
#7503=DIRECTION('',(-1.,0.,0.));
#7504=DIRECTION('',(0.,0.,1.));
#7505=DIRECTION('center_axis',(0.,-1.,0.));
#7506=DIRECTION('ref_axis',(1.,0.,0.));
#7507=DIRECTION('',(-1.,0.,0.));
#7508=DIRECTION('',(0.,0.,1.));
#7509=DIRECTION('',(1.,0.,0.));
#7510=DIRECTION('',(0.,0.,1.));
#7511=DIRECTION('center_axis',(1.,0.,0.));
#7512=DIRECTION('ref_axis',(0.,1.,0.));
#7513=DIRECTION('',(0.,-1.,0.));
#7514=DIRECTION('',(0.,1.,0.));
#7515=DIRECTION('',(0.,0.,1.));
#7516=DIRECTION('center_axis',(0.,1.,0.));
#7517=DIRECTION('ref_axis',(-1.,0.,0.));
#7518=DIRECTION('',(1.,0.,0.));
#7519=DIRECTION('',(-1.,0.,0.));
#7520=DIRECTION('',(0.,0.,1.));
#7521=DIRECTION('center_axis',(0.,-1.,0.));
#7522=DIRECTION('ref_axis',(1.,0.,0.));
#7523=DIRECTION('',(-1.,0.,0.));
#7524=DIRECTION('',(0.,0.,1.));
#7525=DIRECTION('',(1.,0.,0.));
#7526=DIRECTION('',(0.,0.,1.));
#7527=DIRECTION('center_axis',(1.,0.,0.));
#7528=DIRECTION('ref_axis',(0.,1.,0.));
#7529=DIRECTION('',(0.,-1.,0.));
#7530=DIRECTION('',(0.,1.,0.));
#7531=DIRECTION('',(0.,0.,1.));
#7532=DIRECTION('center_axis',(0.,1.,0.));
#7533=DIRECTION('ref_axis',(-1.,0.,0.));
#7534=DIRECTION('',(1.,0.,0.));
#7535=DIRECTION('',(-1.,0.,0.));
#7536=DIRECTION('',(0.,0.,1.));
#7537=DIRECTION('center_axis',(0.,-1.,0.));
#7538=DIRECTION('ref_axis',(1.,0.,0.));
#7539=DIRECTION('',(-1.,0.,0.));
#7540=DIRECTION('',(0.,0.,1.));
#7541=DIRECTION('',(1.,0.,0.));
#7542=DIRECTION('',(0.,0.,1.));
#7543=DIRECTION('center_axis',(1.,0.,0.));
#7544=DIRECTION('ref_axis',(0.,1.,0.));
#7545=DIRECTION('',(0.,-1.,0.));
#7546=DIRECTION('',(0.,1.,0.));
#7547=DIRECTION('',(0.,0.,1.));
#7548=DIRECTION('center_axis',(0.,1.,0.));
#7549=DIRECTION('ref_axis',(-1.,0.,0.));
#7550=DIRECTION('',(1.,0.,0.));
#7551=DIRECTION('',(-1.,0.,0.));
#7552=DIRECTION('',(0.,0.,1.));
#7553=DIRECTION('center_axis',(0.,-1.,0.));
#7554=DIRECTION('ref_axis',(1.,0.,0.));
#7555=DIRECTION('',(-1.,0.,0.));
#7556=DIRECTION('',(0.,0.,1.));
#7557=DIRECTION('',(1.,0.,0.));
#7558=DIRECTION('',(0.,0.,1.));
#7559=DIRECTION('center_axis',(1.,0.,0.));
#7560=DIRECTION('ref_axis',(0.,1.,0.));
#7561=DIRECTION('',(0.,-1.,0.));
#7562=DIRECTION('',(0.,1.,0.));
#7563=DIRECTION('',(0.,0.,1.));
#7564=DIRECTION('center_axis',(0.,1.,0.));
#7565=DIRECTION('ref_axis',(-1.,0.,0.));
#7566=DIRECTION('',(1.,0.,0.));
#7567=DIRECTION('',(-1.,0.,0.));
#7568=DIRECTION('',(0.,0.,1.));
#7569=DIRECTION('center_axis',(0.,-1.,0.));
#7570=DIRECTION('ref_axis',(1.,0.,0.));
#7571=DIRECTION('',(-1.,0.,0.));
#7572=DIRECTION('',(0.,0.,1.));
#7573=DIRECTION('',(1.,0.,0.));
#7574=DIRECTION('',(0.,0.,1.));
#7575=DIRECTION('center_axis',(1.,0.,0.));
#7576=DIRECTION('ref_axis',(0.,1.,0.));
#7577=DIRECTION('',(0.,-1.,0.));
#7578=DIRECTION('',(0.,1.,0.));
#7579=DIRECTION('',(0.,0.,1.));
#7580=DIRECTION('center_axis',(0.,1.,0.));
#7581=DIRECTION('ref_axis',(-1.,0.,0.));
#7582=DIRECTION('',(1.,0.,0.));
#7583=DIRECTION('',(-1.,0.,0.));
#7584=DIRECTION('',(0.,0.,1.));
#7585=DIRECTION('center_axis',(0.,-1.,0.));
#7586=DIRECTION('ref_axis',(1.,0.,0.));
#7587=DIRECTION('',(-1.,0.,0.));
#7588=DIRECTION('',(0.,0.,1.));
#7589=DIRECTION('',(1.,0.,0.));
#7590=DIRECTION('',(0.,0.,1.));
#7591=DIRECTION('center_axis',(1.,0.,0.));
#7592=DIRECTION('ref_axis',(0.,1.,0.));
#7593=DIRECTION('',(0.,-1.,0.));
#7594=DIRECTION('',(0.,1.,0.));
#7595=DIRECTION('',(0.,0.,1.));
#7596=DIRECTION('center_axis',(0.,1.,0.));
#7597=DIRECTION('ref_axis',(-1.,0.,0.));
#7598=DIRECTION('',(1.,0.,0.));
#7599=DIRECTION('',(-1.,0.,0.));
#7600=DIRECTION('',(0.,0.,1.));
#7601=DIRECTION('center_axis',(0.,-1.,0.));
#7602=DIRECTION('ref_axis',(1.,0.,0.));
#7603=DIRECTION('',(-1.,0.,0.));
#7604=DIRECTION('',(0.,0.,1.));
#7605=DIRECTION('',(1.,0.,0.));
#7606=DIRECTION('',(0.,0.,1.));
#7607=DIRECTION('center_axis',(1.,0.,0.));
#7608=DIRECTION('ref_axis',(0.,1.,0.));
#7609=DIRECTION('',(0.,-1.,0.));
#7610=DIRECTION('',(0.,1.,0.));
#7611=DIRECTION('',(0.,0.,1.));
#7612=DIRECTION('center_axis',(0.,1.,0.));
#7613=DIRECTION('ref_axis',(-1.,0.,0.));
#7614=DIRECTION('',(1.,0.,0.));
#7615=DIRECTION('',(-1.,0.,0.));
#7616=DIRECTION('',(0.,0.,1.));
#7617=DIRECTION('center_axis',(0.,-1.,0.));
#7618=DIRECTION('ref_axis',(1.,0.,0.));
#7619=DIRECTION('',(-1.,0.,0.));
#7620=DIRECTION('',(0.,0.,1.));
#7621=DIRECTION('',(1.,0.,0.));
#7622=DIRECTION('',(0.,0.,1.));
#7623=DIRECTION('center_axis',(1.,0.,0.));
#7624=DIRECTION('ref_axis',(0.,1.,0.));
#7625=DIRECTION('',(0.,-1.,0.));
#7626=DIRECTION('',(0.,1.,0.));
#7627=DIRECTION('',(0.,0.,1.));
#7628=DIRECTION('center_axis',(0.,1.,0.));
#7629=DIRECTION('ref_axis',(-1.,0.,0.));
#7630=DIRECTION('',(1.,0.,0.));
#7631=DIRECTION('',(-1.,0.,0.));
#7632=DIRECTION('',(0.,0.,1.));
#7633=DIRECTION('center_axis',(0.,-1.,0.));
#7634=DIRECTION('ref_axis',(1.,0.,0.));
#7635=DIRECTION('',(-1.,0.,0.));
#7636=DIRECTION('',(0.,0.,1.));
#7637=DIRECTION('',(1.,0.,0.));
#7638=DIRECTION('',(0.,0.,1.));
#7639=DIRECTION('center_axis',(1.,0.,0.));
#7640=DIRECTION('ref_axis',(0.,1.,0.));
#7641=DIRECTION('',(0.,-1.,0.));
#7642=DIRECTION('',(0.,1.,0.));
#7643=DIRECTION('',(0.,0.,1.));
#7644=DIRECTION('center_axis',(0.,1.,0.));
#7645=DIRECTION('ref_axis',(-1.,0.,0.));
#7646=DIRECTION('',(1.,0.,0.));
#7647=DIRECTION('',(-1.,0.,0.));
#7648=DIRECTION('',(0.,0.,1.));
#7649=DIRECTION('center_axis',(0.,1.,0.));
#7650=DIRECTION('ref_axis',(-1.,0.,0.));
#7651=DIRECTION('',(1.,0.,0.));
#7652=DIRECTION('',(0.,0.,1.));
#7653=DIRECTION('',(-1.,0.,0.));
#7654=DIRECTION('',(0.,0.,1.));
#7655=DIRECTION('center_axis',(-1.,0.,0.));
#7656=DIRECTION('ref_axis',(0.,-1.,0.));
#7657=DIRECTION('',(0.,1.,0.));
#7658=DIRECTION('',(0.,-1.,0.));
#7659=DIRECTION('',(0.,0.,1.));
#7660=DIRECTION('center_axis',(0.,-1.,0.));
#7661=DIRECTION('ref_axis',(1.,0.,0.));
#7662=DIRECTION('',(-1.,0.,0.));
#7663=DIRECTION('',(1.,0.,0.));
#7664=DIRECTION('',(0.,0.,1.));
#7665=DIRECTION('center_axis',(0.,1.,0.));
#7666=DIRECTION('ref_axis',(-1.,0.,0.));
#7667=DIRECTION('',(1.,0.,0.));
#7668=DIRECTION('',(0.,0.,1.));
#7669=DIRECTION('',(-1.,0.,0.));
#7670=DIRECTION('',(0.,0.,1.));
#7671=DIRECTION('center_axis',(-1.,0.,0.));
#7672=DIRECTION('ref_axis',(0.,-1.,0.));
#7673=DIRECTION('',(0.,1.,0.));
#7674=DIRECTION('',(0.,-1.,0.));
#7675=DIRECTION('',(0.,0.,1.));
#7676=DIRECTION('center_axis',(0.,-1.,0.));
#7677=DIRECTION('ref_axis',(1.,0.,0.));
#7678=DIRECTION('',(-1.,0.,0.));
#7679=DIRECTION('',(1.,0.,0.));
#7680=DIRECTION('',(0.,0.,1.));
#7681=DIRECTION('center_axis',(0.,1.,0.));
#7682=DIRECTION('ref_axis',(-1.,0.,0.));
#7683=DIRECTION('',(1.,0.,0.));
#7684=DIRECTION('',(0.,0.,1.));
#7685=DIRECTION('',(-1.,0.,0.));
#7686=DIRECTION('',(0.,0.,1.));
#7687=DIRECTION('center_axis',(-1.,0.,0.));
#7688=DIRECTION('ref_axis',(0.,-1.,0.));
#7689=DIRECTION('',(0.,1.,0.));
#7690=DIRECTION('',(0.,-1.,0.));
#7691=DIRECTION('',(0.,0.,1.));
#7692=DIRECTION('center_axis',(0.,-1.,0.));
#7693=DIRECTION('ref_axis',(1.,0.,0.));
#7694=DIRECTION('',(-1.,0.,0.));
#7695=DIRECTION('',(1.,0.,0.));
#7696=DIRECTION('',(0.,0.,1.));
#7697=DIRECTION('center_axis',(0.,1.,0.));
#7698=DIRECTION('ref_axis',(-1.,0.,0.));
#7699=DIRECTION('',(1.,0.,0.));
#7700=DIRECTION('',(0.,0.,1.));
#7701=DIRECTION('',(-1.,0.,0.));
#7702=DIRECTION('',(0.,0.,1.));
#7703=DIRECTION('center_axis',(-1.,0.,0.));
#7704=DIRECTION('ref_axis',(0.,-1.,0.));
#7705=DIRECTION('',(0.,1.,0.));
#7706=DIRECTION('',(0.,-1.,0.));
#7707=DIRECTION('',(0.,0.,1.));
#7708=DIRECTION('center_axis',(0.,-1.,0.));
#7709=DIRECTION('ref_axis',(1.,0.,0.));
#7710=DIRECTION('',(-1.,0.,0.));
#7711=DIRECTION('',(1.,0.,0.));
#7712=DIRECTION('',(0.,0.,1.));
#7713=DIRECTION('center_axis',(0.,1.,0.));
#7714=DIRECTION('ref_axis',(-1.,0.,0.));
#7715=DIRECTION('',(1.,0.,0.));
#7716=DIRECTION('',(0.,0.,1.));
#7717=DIRECTION('',(-1.,0.,0.));
#7718=DIRECTION('',(0.,0.,1.));
#7719=DIRECTION('center_axis',(-1.,0.,0.));
#7720=DIRECTION('ref_axis',(0.,-1.,0.));
#7721=DIRECTION('',(0.,1.,0.));
#7722=DIRECTION('',(0.,-1.,0.));
#7723=DIRECTION('',(0.,0.,1.));
#7724=DIRECTION('center_axis',(0.,-1.,0.));
#7725=DIRECTION('ref_axis',(1.,0.,0.));
#7726=DIRECTION('',(-1.,0.,0.));
#7727=DIRECTION('',(1.,0.,0.));
#7728=DIRECTION('',(0.,0.,1.));
#7729=DIRECTION('center_axis',(0.,1.,0.));
#7730=DIRECTION('ref_axis',(-1.,0.,0.));
#7731=DIRECTION('',(1.,0.,0.));
#7732=DIRECTION('',(0.,0.,1.));
#7733=DIRECTION('',(-1.,0.,0.));
#7734=DIRECTION('',(0.,0.,1.));
#7735=DIRECTION('center_axis',(-1.,0.,0.));
#7736=DIRECTION('ref_axis',(0.,-1.,0.));
#7737=DIRECTION('',(0.,1.,0.));
#7738=DIRECTION('',(0.,-1.,0.));
#7739=DIRECTION('',(0.,0.,1.));
#7740=DIRECTION('center_axis',(0.,-1.,0.));
#7741=DIRECTION('ref_axis',(1.,0.,0.));
#7742=DIRECTION('',(-1.,0.,0.));
#7743=DIRECTION('',(1.,0.,0.));
#7744=DIRECTION('',(0.,0.,1.));
#7745=DIRECTION('center_axis',(0.,1.,0.));
#7746=DIRECTION('ref_axis',(-1.,0.,0.));
#7747=DIRECTION('',(1.,0.,0.));
#7748=DIRECTION('',(0.,0.,1.));
#7749=DIRECTION('',(-1.,0.,0.));
#7750=DIRECTION('',(0.,0.,1.));
#7751=DIRECTION('center_axis',(-1.,0.,0.));
#7752=DIRECTION('ref_axis',(0.,-1.,0.));
#7753=DIRECTION('',(0.,1.,0.));
#7754=DIRECTION('',(0.,-1.,0.));
#7755=DIRECTION('',(0.,0.,1.));
#7756=DIRECTION('center_axis',(0.,-1.,0.));
#7757=DIRECTION('ref_axis',(1.,0.,0.));
#7758=DIRECTION('',(-1.,0.,0.));
#7759=DIRECTION('',(1.,0.,0.));
#7760=DIRECTION('',(0.,0.,1.));
#7761=DIRECTION('center_axis',(0.,1.,0.));
#7762=DIRECTION('ref_axis',(-1.,0.,0.));
#7763=DIRECTION('',(1.,0.,0.));
#7764=DIRECTION('',(0.,0.,1.));
#7765=DIRECTION('',(-1.,0.,0.));
#7766=DIRECTION('',(0.,0.,1.));
#7767=DIRECTION('center_axis',(-1.,0.,0.));
#7768=DIRECTION('ref_axis',(0.,-1.,0.));
#7769=DIRECTION('',(0.,1.,0.));
#7770=DIRECTION('',(0.,-1.,0.));
#7771=DIRECTION('',(0.,0.,1.));
#7772=DIRECTION('center_axis',(0.,-1.,0.));
#7773=DIRECTION('ref_axis',(1.,0.,0.));
#7774=DIRECTION('',(-1.,0.,0.));
#7775=DIRECTION('',(1.,0.,0.));
#7776=DIRECTION('',(0.,0.,1.));
#7777=DIRECTION('center_axis',(0.,1.,0.));
#7778=DIRECTION('ref_axis',(-1.,0.,0.));
#7779=DIRECTION('',(1.,0.,0.));
#7780=DIRECTION('',(0.,0.,1.));
#7781=DIRECTION('',(-1.,0.,0.));
#7782=DIRECTION('',(0.,0.,1.));
#7783=DIRECTION('center_axis',(-1.,0.,0.));
#7784=DIRECTION('ref_axis',(0.,-1.,0.));
#7785=DIRECTION('',(0.,1.,0.));
#7786=DIRECTION('',(0.,-1.,0.));
#7787=DIRECTION('',(0.,0.,1.));
#7788=DIRECTION('center_axis',(0.,-1.,0.));
#7789=DIRECTION('ref_axis',(1.,0.,0.));
#7790=DIRECTION('',(-1.,0.,0.));
#7791=DIRECTION('',(1.,0.,0.));
#7792=DIRECTION('',(0.,0.,1.));
#7793=DIRECTION('center_axis',(0.,1.,0.));
#7794=DIRECTION('ref_axis',(-1.,0.,0.));
#7795=DIRECTION('',(1.,0.,0.));
#7796=DIRECTION('',(0.,0.,1.));
#7797=DIRECTION('',(-1.,0.,0.));
#7798=DIRECTION('',(0.,0.,1.));
#7799=DIRECTION('center_axis',(-1.,0.,0.));
#7800=DIRECTION('ref_axis',(0.,-1.,0.));
#7801=DIRECTION('',(0.,1.,0.));
#7802=DIRECTION('',(0.,-1.,0.));
#7803=DIRECTION('',(0.,0.,1.));
#7804=DIRECTION('center_axis',(0.,-1.,0.));
#7805=DIRECTION('ref_axis',(1.,0.,0.));
#7806=DIRECTION('',(-1.,0.,0.));
#7807=DIRECTION('',(1.,0.,0.));
#7808=DIRECTION('',(0.,0.,1.));
#7809=DIRECTION('center_axis',(0.,1.,0.));
#7810=DIRECTION('ref_axis',(-1.,0.,0.));
#7811=DIRECTION('',(1.,0.,0.));
#7812=DIRECTION('',(0.,0.,1.));
#7813=DIRECTION('',(-1.,0.,0.));
#7814=DIRECTION('',(0.,0.,1.));
#7815=DIRECTION('center_axis',(-1.,0.,0.));
#7816=DIRECTION('ref_axis',(0.,-1.,0.));
#7817=DIRECTION('',(0.,1.,0.));
#7818=DIRECTION('',(0.,-1.,0.));
#7819=DIRECTION('',(0.,0.,1.));
#7820=DIRECTION('center_axis',(0.,-1.,0.));
#7821=DIRECTION('ref_axis',(1.,0.,0.));
#7822=DIRECTION('',(-1.,0.,0.));
#7823=DIRECTION('',(1.,0.,0.));
#7824=DIRECTION('',(0.,0.,1.));
#7825=DIRECTION('center_axis',(0.,1.,0.));
#7826=DIRECTION('ref_axis',(-1.,0.,0.));
#7827=DIRECTION('',(1.,0.,0.));
#7828=DIRECTION('',(0.,0.,1.));
#7829=DIRECTION('',(-1.,0.,0.));
#7830=DIRECTION('',(0.,0.,1.));
#7831=DIRECTION('center_axis',(-1.,0.,0.));
#7832=DIRECTION('ref_axis',(0.,-1.,0.));
#7833=DIRECTION('',(0.,1.,0.));
#7834=DIRECTION('',(0.,-1.,0.));
#7835=DIRECTION('',(0.,0.,1.));
#7836=DIRECTION('center_axis',(0.,-1.,0.));
#7837=DIRECTION('ref_axis',(1.,0.,0.));
#7838=DIRECTION('',(-1.,0.,0.));
#7839=DIRECTION('',(1.,0.,0.));
#7840=DIRECTION('',(0.,0.,1.));
#7841=DIRECTION('center_axis',(0.,1.,0.));
#7842=DIRECTION('ref_axis',(-1.,0.,0.));
#7843=DIRECTION('',(1.,0.,0.));
#7844=DIRECTION('',(0.,0.,1.));
#7845=DIRECTION('',(-1.,0.,0.));
#7846=DIRECTION('',(0.,0.,1.));
#7847=DIRECTION('center_axis',(-1.,0.,0.));
#7848=DIRECTION('ref_axis',(0.,-1.,0.));
#7849=DIRECTION('',(0.,1.,0.));
#7850=DIRECTION('',(0.,-1.,0.));
#7851=DIRECTION('',(0.,0.,1.));
#7852=DIRECTION('center_axis',(0.,-1.,0.));
#7853=DIRECTION('ref_axis',(1.,0.,0.));
#7854=DIRECTION('',(-1.,0.,0.));
#7855=DIRECTION('',(1.,0.,0.));
#7856=DIRECTION('',(0.,0.,1.));
#7857=DIRECTION('center_axis',(0.,1.,0.));
#7858=DIRECTION('ref_axis',(-1.,0.,0.));
#7859=DIRECTION('',(1.,0.,0.));
#7860=DIRECTION('',(0.,0.,1.));
#7861=DIRECTION('',(-1.,0.,0.));
#7862=DIRECTION('',(0.,0.,1.));
#7863=DIRECTION('center_axis',(-1.,0.,0.));
#7864=DIRECTION('ref_axis',(0.,-1.,0.));
#7865=DIRECTION('',(0.,1.,0.));
#7866=DIRECTION('',(0.,-1.,0.));
#7867=DIRECTION('',(0.,0.,1.));
#7868=DIRECTION('center_axis',(0.,-1.,0.));
#7869=DIRECTION('ref_axis',(1.,0.,0.));
#7870=DIRECTION('',(-1.,0.,0.));
#7871=DIRECTION('',(1.,0.,0.));
#7872=DIRECTION('',(0.,0.,1.));
#7873=DIRECTION('center_axis',(0.,1.,0.));
#7874=DIRECTION('ref_axis',(-1.,0.,0.));
#7875=DIRECTION('',(1.,0.,0.));
#7876=DIRECTION('',(0.,0.,1.));
#7877=DIRECTION('',(-1.,0.,0.));
#7878=DIRECTION('',(0.,0.,1.));
#7879=DIRECTION('center_axis',(-1.,0.,0.));
#7880=DIRECTION('ref_axis',(0.,-1.,0.));
#7881=DIRECTION('',(0.,1.,0.));
#7882=DIRECTION('',(0.,-1.,0.));
#7883=DIRECTION('',(0.,0.,1.));
#7884=DIRECTION('center_axis',(0.,-1.,0.));
#7885=DIRECTION('ref_axis',(1.,0.,0.));
#7886=DIRECTION('',(-1.,0.,0.));
#7887=DIRECTION('',(1.,0.,0.));
#7888=DIRECTION('',(0.,0.,1.));
#7889=DIRECTION('center_axis',(0.,1.,0.));
#7890=DIRECTION('ref_axis',(-1.,0.,0.));
#7891=DIRECTION('',(1.,0.,0.));
#7892=DIRECTION('',(0.,0.,1.));
#7893=DIRECTION('',(-1.,0.,0.));
#7894=DIRECTION('',(0.,0.,1.));
#7895=DIRECTION('center_axis',(-1.,0.,0.));
#7896=DIRECTION('ref_axis',(0.,-1.,0.));
#7897=DIRECTION('',(0.,1.,0.));
#7898=DIRECTION('',(0.,-1.,0.));
#7899=DIRECTION('',(0.,0.,1.));
#7900=DIRECTION('center_axis',(0.,-1.,0.));
#7901=DIRECTION('ref_axis',(1.,0.,0.));
#7902=DIRECTION('',(-1.,0.,0.));
#7903=DIRECTION('',(1.,0.,0.));
#7904=DIRECTION('',(0.,0.,1.));
#7905=DIRECTION('center_axis',(0.,1.,0.));
#7906=DIRECTION('ref_axis',(-1.,0.,0.));
#7907=DIRECTION('',(1.,0.,0.));
#7908=DIRECTION('',(0.,0.,1.));
#7909=DIRECTION('',(-1.,0.,0.));
#7910=DIRECTION('',(0.,0.,1.));
#7911=DIRECTION('center_axis',(-1.,0.,0.));
#7912=DIRECTION('ref_axis',(0.,-1.,0.));
#7913=DIRECTION('',(0.,1.,0.));
#7914=DIRECTION('',(0.,-1.,0.));
#7915=DIRECTION('',(0.,0.,1.));
#7916=DIRECTION('center_axis',(0.,-1.,0.));
#7917=DIRECTION('ref_axis',(1.,0.,0.));
#7918=DIRECTION('',(-1.,0.,0.));
#7919=DIRECTION('',(1.,0.,0.));
#7920=DIRECTION('',(0.,0.,1.));
#7921=DIRECTION('center_axis',(0.,1.,0.));
#7922=DIRECTION('ref_axis',(-1.,0.,0.));
#7923=DIRECTION('',(1.,0.,0.));
#7924=DIRECTION('',(0.,0.,1.));
#7925=DIRECTION('',(-1.,0.,0.));
#7926=DIRECTION('',(0.,0.,1.));
#7927=DIRECTION('center_axis',(-1.,0.,0.));
#7928=DIRECTION('ref_axis',(0.,-1.,0.));
#7929=DIRECTION('',(0.,1.,0.));
#7930=DIRECTION('',(0.,-1.,0.));
#7931=DIRECTION('',(0.,0.,1.));
#7932=DIRECTION('center_axis',(0.,-1.,0.));
#7933=DIRECTION('ref_axis',(1.,0.,0.));
#7934=DIRECTION('',(-1.,0.,0.));
#7935=DIRECTION('',(1.,0.,0.));
#7936=DIRECTION('',(0.,0.,1.));
#7937=DIRECTION('center_axis',(0.,1.,0.));
#7938=DIRECTION('ref_axis',(-1.,0.,0.));
#7939=DIRECTION('',(1.,0.,0.));
#7940=DIRECTION('',(0.,0.,1.));
#7941=DIRECTION('',(-1.,0.,0.));
#7942=DIRECTION('',(0.,0.,1.));
#7943=DIRECTION('center_axis',(-1.,0.,0.));
#7944=DIRECTION('ref_axis',(0.,-1.,0.));
#7945=DIRECTION('',(0.,1.,0.));
#7946=DIRECTION('',(0.,-1.,0.));
#7947=DIRECTION('',(0.,0.,1.));
#7948=DIRECTION('center_axis',(0.,-1.,0.));
#7949=DIRECTION('ref_axis',(1.,0.,0.));
#7950=DIRECTION('',(-1.,0.,0.));
#7951=DIRECTION('',(1.,0.,0.));
#7952=DIRECTION('',(0.,0.,1.));
#7953=DIRECTION('center_axis',(0.,1.,0.));
#7954=DIRECTION('ref_axis',(-1.,0.,0.));
#7955=DIRECTION('',(1.,0.,0.));
#7956=DIRECTION('',(0.,0.,1.));
#7957=DIRECTION('',(-1.,0.,0.));
#7958=DIRECTION('',(0.,0.,1.));
#7959=DIRECTION('center_axis',(-1.,0.,0.));
#7960=DIRECTION('ref_axis',(0.,-1.,0.));
#7961=DIRECTION('',(0.,1.,0.));
#7962=DIRECTION('',(0.,-1.,0.));
#7963=DIRECTION('',(0.,0.,1.));
#7964=DIRECTION('center_axis',(0.,-1.,0.));
#7965=DIRECTION('ref_axis',(1.,0.,0.));
#7966=DIRECTION('',(-1.,0.,0.));
#7967=DIRECTION('',(1.,0.,0.));
#7968=DIRECTION('',(0.,0.,1.));
#7969=DIRECTION('center_axis',(0.,0.,1.));
#7970=DIRECTION('ref_axis',(1.,0.,0.));
#7971=DIRECTION('',(0.,1.,0.));
#7972=DIRECTION('',(-1.,-1.41972253788383E-16,0.));
#7973=DIRECTION('',(-4.1651585992315E-17,-1.,0.));
#7974=DIRECTION('',(-4.1651585992315E-17,-1.,0.));
#7975=DIRECTION('',(-4.1651585992315E-17,-1.,0.));
#7976=DIRECTION('',(-4.1651585992315E-17,-1.,0.));
#7977=DIRECTION('',(-4.1651585992315E-17,-1.,0.));
#7978=DIRECTION('',(-4.1651585992315E-17,-1.,0.));
#7979=DIRECTION('',(-4.1651585992315E-17,-1.,0.));
#7980=DIRECTION('',(-4.1651585992315E-17,-1.,0.));
#7981=DIRECTION('',(-4.1651585992315E-17,-1.,0.));
#7982=DIRECTION('',(-4.1651585992315E-17,-1.,0.));
#7983=DIRECTION('',(-4.1651585992315E-17,-1.,0.));
#7984=DIRECTION('',(-4.1651585992315E-17,-1.,0.));
#7985=DIRECTION('',(-4.1651585992315E-17,-1.,0.));
#7986=DIRECTION('',(-4.1651585992315E-17,-1.,0.));
#7987=DIRECTION('',(-4.1651585992315E-17,-1.,0.));
#7988=DIRECTION('',(-4.1651585992315E-17,-1.,0.));
#7989=DIRECTION('',(-4.1651585992315E-17,-1.,0.));
#7990=DIRECTION('',(-4.1651585992315E-17,-1.,0.));
#7991=DIRECTION('',(-4.1651585992315E-17,-1.,0.));
#7992=DIRECTION('',(-4.1651585992315E-17,-1.,0.));
#7993=DIRECTION('',(-4.1651585992315E-17,-1.,0.));
#7994=DIRECTION('',(1.,1.41972253788383E-16,0.));
#7995=DIRECTION('',(0.,1.,0.));
#7996=DIRECTION('',(0.,1.,0.));
#7997=DIRECTION('',(0.,1.,0.));
#7998=DIRECTION('',(0.,1.,0.));
#7999=DIRECTION('',(0.,1.,0.));
#8000=DIRECTION('',(0.,1.,0.));
#8001=DIRECTION('',(0.,1.,0.));
#8002=DIRECTION('',(0.,1.,0.));
#8003=DIRECTION('',(0.,1.,0.));
#8004=DIRECTION('',(0.,1.,0.));
#8005=DIRECTION('',(0.,1.,0.));
#8006=DIRECTION('',(0.,1.,0.));
#8007=DIRECTION('',(0.,1.,0.));
#8008=DIRECTION('',(0.,1.,0.));
#8009=DIRECTION('',(0.,1.,0.));
#8010=DIRECTION('',(0.,1.,0.));
#8011=DIRECTION('',(0.,1.,0.));
#8012=DIRECTION('',(0.,1.,0.));
#8013=DIRECTION('',(0.,1.,0.));
#8014=DIRECTION('',(0.,1.,0.));
#8015=DIRECTION('center_axis',(0.,0.,1.));
#8016=DIRECTION('ref_axis',(1.,0.,0.));
#8017=DIRECTION('',(0.,-1.,0.));
#8018=DIRECTION('',(-8.45884209238215E-15,1.,0.));
#8019=DIRECTION('',(1.,1.77635683940024E-15,0.));
#8020=DIRECTION('',(0.,-1.,0.));
#8021=DIRECTION('',(-1.,0.,0.));
#8022=DIRECTION('center_axis',(0.,0.,1.));
#8023=DIRECTION('ref_axis',(1.,0.,0.));
#8024=DIRECTION('',(0.,-1.,0.));
#8025=DIRECTION('',(-8.45884209238215E-15,1.,0.));
#8026=DIRECTION('',(1.,2.66453525910037E-15,0.));
#8027=DIRECTION('',(0.,-1.,0.));
#8028=DIRECTION('',(-1.,0.,0.));
#8029=DIRECTION('center_axis',(0.,0.,1.));
#8030=DIRECTION('ref_axis',(1.,0.,0.));
#8031=DIRECTION('',(0.,-1.,0.));
#8032=DIRECTION('',(-8.45884209238215E-15,1.,0.));
#8033=DIRECTION('',(1.,2.66453525910037E-15,0.));
#8034=DIRECTION('',(0.,-1.,0.));
#8035=DIRECTION('',(-1.,0.,0.));
#8036=DIRECTION('center_axis',(0.,0.,1.));
#8037=DIRECTION('ref_axis',(1.,0.,0.));
#8038=DIRECTION('',(0.,-1.,0.));
#8039=DIRECTION('',(-8.45884209238215E-15,1.,0.));
#8040=DIRECTION('',(1.,2.66453525910037E-15,0.));
#8041=DIRECTION('',(0.,-1.,0.));
#8042=DIRECTION('',(-1.,0.,0.));
#8043=DIRECTION('center_axis',(0.,0.,1.));
#8044=DIRECTION('ref_axis',(1.,0.,0.));
#8045=DIRECTION('',(0.,-1.,0.));
#8046=DIRECTION('',(-8.45884209238215E-15,1.,0.));
#8047=DIRECTION('',(1.,2.66453525910037E-15,0.));
#8048=DIRECTION('',(0.,-1.,0.));
#8049=DIRECTION('',(-1.,0.,0.));
#8050=DIRECTION('center_axis',(0.,0.,1.));
#8051=DIRECTION('ref_axis',(1.,0.,0.));
#8052=DIRECTION('',(0.,-1.,0.));
#8053=DIRECTION('',(-8.45884209238215E-15,1.,0.));
#8054=DIRECTION('',(1.,1.77635683940024E-15,0.));
#8055=DIRECTION('',(0.,-1.,0.));
#8056=DIRECTION('',(-1.,0.,0.));
#8057=DIRECTION('center_axis',(0.,0.,1.));
#8058=DIRECTION('ref_axis',(1.,0.,0.));
#8059=DIRECTION('',(0.,-1.,0.));
#8060=DIRECTION('',(-8.45884209238215E-15,1.,0.));
#8061=DIRECTION('',(1.,1.77635683940024E-15,0.));
#8062=DIRECTION('',(0.,-1.,0.));
#8063=DIRECTION('',(-1.,0.,0.));
#8064=DIRECTION('center_axis',(0.,0.,1.));
#8065=DIRECTION('ref_axis',(1.,0.,0.));
#8066=DIRECTION('',(0.,-1.,0.));
#8067=DIRECTION('',(-8.45884209238215E-15,1.,0.));
#8068=DIRECTION('',(1.,1.77635683940024E-15,0.));
#8069=DIRECTION('',(0.,-1.,0.));
#8070=DIRECTION('',(-1.,0.,0.));
#8071=DIRECTION('center_axis',(0.,0.,1.));
#8072=DIRECTION('ref_axis',(1.,0.,0.));
#8073=DIRECTION('',(0.,-1.,0.));
#8074=DIRECTION('',(-8.45884209238215E-15,1.,0.));
#8075=DIRECTION('',(1.,1.88737914186276E-15,0.));
#8076=DIRECTION('',(0.,-1.,0.));
#8077=DIRECTION('',(-1.,0.,0.));
#8078=DIRECTION('center_axis',(0.,0.,1.));
#8079=DIRECTION('ref_axis',(1.,0.,0.));
#8080=DIRECTION('',(0.,-1.,0.));
#8081=DIRECTION('',(-8.45884209238215E-15,1.,0.));
#8082=DIRECTION('',(1.,1.77635683940024E-15,0.));
#8083=DIRECTION('',(0.,-1.,0.));
#8084=DIRECTION('',(-1.,5.55111512312578E-17,0.));
#8085=DIRECTION('center_axis',(0.,0.,1.));
#8086=DIRECTION('ref_axis',(1.,0.,0.));
#8087=DIRECTION('',(0.,-1.,0.));
#8088=DIRECTION('',(-8.45884209238215E-15,1.,0.));
#8089=DIRECTION('',(1.,1.77635683940024E-15,0.));
#8090=DIRECTION('',(0.,-1.,0.));
#8091=DIRECTION('',(-1.,0.,0.));
#8092=DIRECTION('center_axis',(0.,0.,1.));
#8093=DIRECTION('ref_axis',(1.,0.,0.));
#8094=DIRECTION('',(0.,-1.,0.));
#8095=DIRECTION('',(-8.45884209238215E-15,1.,0.));
#8096=DIRECTION('',(1.,1.77635683940024E-15,0.));
#8097=DIRECTION('',(0.,-1.,0.));
#8098=DIRECTION('',(-1.,0.,0.));
#8099=DIRECTION('center_axis',(0.,0.,1.));
#8100=DIRECTION('ref_axis',(1.,0.,0.));
#8101=DIRECTION('',(0.,-1.,0.));
#8102=DIRECTION('',(-8.45884209238215E-15,1.,0.));
#8103=DIRECTION('',(1.,1.77635683940024E-15,0.));
#8104=DIRECTION('',(0.,-1.,0.));
#8105=DIRECTION('',(-1.,0.,0.));
#8106=DIRECTION('center_axis',(0.,0.,1.));
#8107=DIRECTION('ref_axis',(1.,0.,0.));
#8108=DIRECTION('',(0.,-1.,0.));
#8109=DIRECTION('',(-8.45884209238215E-15,1.,0.));
#8110=DIRECTION('',(1.,2.66453525910037E-15,0.));
#8111=DIRECTION('',(0.,-1.,0.));
#8112=DIRECTION('',(-1.,0.,0.));
#8113=DIRECTION('center_axis',(0.,0.,1.));
#8114=DIRECTION('ref_axis',(1.,0.,0.));
#8115=DIRECTION('',(0.,-1.,0.));
#8116=DIRECTION('',(-8.45884209238215E-15,1.,0.));
#8117=DIRECTION('',(1.,2.66453525910037E-15,0.));
#8118=DIRECTION('',(0.,-1.,0.));
#8119=DIRECTION('',(-1.,0.,0.));
#8120=DIRECTION('center_axis',(0.,0.,1.));
#8121=DIRECTION('ref_axis',(1.,0.,0.));
#8122=DIRECTION('',(0.,-1.,0.));
#8123=DIRECTION('',(-8.45884209238215E-15,1.,0.));
#8124=DIRECTION('',(1.,2.66453525910037E-15,0.));
#8125=DIRECTION('',(0.,-1.,0.));
#8126=DIRECTION('',(-1.,0.,0.));
#8127=DIRECTION('center_axis',(0.,0.,1.));
#8128=DIRECTION('ref_axis',(1.,0.,0.));
#8129=DIRECTION('',(0.,-1.,0.));
#8130=DIRECTION('',(-8.45884209238215E-15,1.,0.));
#8131=DIRECTION('',(1.,2.66453525910037E-15,0.));
#8132=DIRECTION('',(0.,-1.,0.));
#8133=DIRECTION('',(-1.,0.,0.));
#8134=DIRECTION('center_axis',(0.,0.,1.));
#8135=DIRECTION('ref_axis',(1.,0.,0.));
#8136=DIRECTION('',(0.,-1.,0.));
#8137=DIRECTION('',(-8.45884209238215E-15,1.,0.));
#8138=DIRECTION('',(1.,1.77635683940024E-15,0.));
#8139=DIRECTION('',(0.,-1.,0.));
#8140=DIRECTION('',(-1.,0.,0.));
#8141=DIRECTION('center_axis',(0.,0.,1.));
#8142=DIRECTION('ref_axis',(1.,0.,0.));
#8143=DIRECTION('',(0.,-1.,0.));
#8144=DIRECTION('',(-8.45884209238215E-15,1.,0.));
#8145=DIRECTION('',(1.,1.77635683940024E-15,0.));
#8146=DIRECTION('',(0.,-1.,0.));
#8147=DIRECTION('',(-1.,0.,0.));
#8148=DIRECTION('center_axis',(0.,0.,1.));
#8149=DIRECTION('ref_axis',(1.,0.,0.));
#8150=DIRECTION('',(0.,1.,0.));
#8151=DIRECTION('',(0.,-1.,0.));
#8152=DIRECTION('',(-1.,0.,0.));
#8153=DIRECTION('',(-8.45884209238215E-15,1.,0.));
#8154=DIRECTION('',(1.,1.77635683940024E-15,0.));
#8155=DIRECTION('center_axis',(0.,0.,1.));
#8156=DIRECTION('ref_axis',(1.,0.,0.));
#8157=DIRECTION('',(0.,1.,0.));
#8158=DIRECTION('',(-8.45884209238215E-15,1.,0.));
#8159=DIRECTION('',(1.,1.77635683940024E-15,0.));
#8160=DIRECTION('',(0.,-1.,0.));
#8161=DIRECTION('',(-1.,0.,0.));
#8162=DIRECTION('center_axis',(0.,0.,1.));
#8163=DIRECTION('ref_axis',(1.,0.,0.));
#8164=DIRECTION('',(0.,1.,0.));
#8165=DIRECTION('',(-8.45884209238215E-15,1.,0.));
#8166=DIRECTION('',(1.,2.66453525910037E-15,0.));
#8167=DIRECTION('',(0.,-1.,0.));
#8168=DIRECTION('',(-1.,0.,0.));
#8169=DIRECTION('center_axis',(0.,0.,1.));
#8170=DIRECTION('ref_axis',(1.,0.,0.));
#8171=DIRECTION('',(0.,1.,0.));
#8172=DIRECTION('',(-8.45884209238215E-15,1.,0.));
#8173=DIRECTION('',(1.,2.66453525910037E-15,0.));
#8174=DIRECTION('',(0.,-1.,0.));
#8175=DIRECTION('',(-1.,0.,0.));
#8176=DIRECTION('center_axis',(0.,0.,1.));
#8177=DIRECTION('ref_axis',(1.,0.,0.));
#8178=DIRECTION('',(0.,1.,0.));
#8179=DIRECTION('',(-8.45884209238215E-15,1.,0.));
#8180=DIRECTION('',(1.,2.66453525910037E-15,0.));
#8181=DIRECTION('',(0.,-1.,0.));
#8182=DIRECTION('',(-1.,0.,0.));
#8183=DIRECTION('center_axis',(0.,0.,1.));
#8184=DIRECTION('ref_axis',(1.,0.,0.));
#8185=DIRECTION('',(0.,1.,0.));
#8186=DIRECTION('',(-8.45884209238215E-15,1.,0.));
#8187=DIRECTION('',(1.,2.66453525910037E-15,0.));
#8188=DIRECTION('',(0.,-1.,0.));
#8189=DIRECTION('',(-1.,0.,0.));
#8190=DIRECTION('center_axis',(0.,0.,1.));
#8191=DIRECTION('ref_axis',(1.,0.,0.));
#8192=DIRECTION('',(0.,1.,0.));
#8193=DIRECTION('',(-8.45884209238215E-15,1.,0.));
#8194=DIRECTION('',(1.,1.77635683940024E-15,0.));
#8195=DIRECTION('',(0.,-1.,0.));
#8196=DIRECTION('',(-1.,0.,0.));
#8197=DIRECTION('center_axis',(0.,0.,1.));
#8198=DIRECTION('ref_axis',(1.,0.,0.));
#8199=DIRECTION('',(0.,1.,0.));
#8200=DIRECTION('',(-8.45884209238215E-15,1.,0.));
#8201=DIRECTION('',(1.,1.77635683940024E-15,0.));
#8202=DIRECTION('',(0.,-1.,0.));
#8203=DIRECTION('',(-1.,0.,0.));
#8204=DIRECTION('center_axis',(0.,0.,1.));
#8205=DIRECTION('ref_axis',(1.,0.,0.));
#8206=DIRECTION('',(0.,1.,0.));
#8207=DIRECTION('',(-8.45884209238215E-15,1.,0.));
#8208=DIRECTION('',(1.,1.77635683940024E-15,0.));
#8209=DIRECTION('',(0.,-1.,0.));
#8210=DIRECTION('',(-1.,0.,0.));
#8211=DIRECTION('center_axis',(0.,0.,1.));
#8212=DIRECTION('ref_axis',(1.,0.,0.));
#8213=DIRECTION('',(0.,1.,0.));
#8214=DIRECTION('',(-8.45884209238215E-15,1.,0.));
#8215=DIRECTION('',(1.,1.77635683940024E-15,0.));
#8216=DIRECTION('',(0.,-1.,0.));
#8217=DIRECTION('',(-1.,5.55111512312578E-17,0.));
#8218=DIRECTION('center_axis',(0.,0.,1.));
#8219=DIRECTION('ref_axis',(1.,0.,0.));
#8220=DIRECTION('',(0.,1.,0.));
#8221=DIRECTION('',(-8.45884209238215E-15,1.,0.));
#8222=DIRECTION('',(1.,1.88737914186276E-15,0.));
#8223=DIRECTION('',(0.,-1.,0.));
#8224=DIRECTION('',(-1.,0.,0.));
#8225=DIRECTION('center_axis',(0.,0.,1.));
#8226=DIRECTION('ref_axis',(1.,0.,0.));
#8227=DIRECTION('',(0.,1.,0.));
#8228=DIRECTION('',(-8.45884209238215E-15,1.,0.));
#8229=DIRECTION('',(1.,1.77635683940024E-15,0.));
#8230=DIRECTION('',(0.,-1.,0.));
#8231=DIRECTION('',(-1.,0.,0.));
#8232=DIRECTION('center_axis',(0.,0.,1.));
#8233=DIRECTION('ref_axis',(1.,0.,0.));
#8234=DIRECTION('',(0.,1.,0.));
#8235=DIRECTION('',(-8.45884209238215E-15,1.,0.));
#8236=DIRECTION('',(1.,1.77635683940024E-15,0.));
#8237=DIRECTION('',(0.,-1.,0.));
#8238=DIRECTION('',(-1.,0.,0.));
#8239=DIRECTION('center_axis',(0.,0.,1.));
#8240=DIRECTION('ref_axis',(1.,0.,0.));
#8241=DIRECTION('',(0.,1.,0.));
#8242=DIRECTION('',(-8.45884209238215E-15,1.,0.));
#8243=DIRECTION('',(1.,1.77635683940024E-15,0.));
#8244=DIRECTION('',(0.,-1.,0.));
#8245=DIRECTION('',(-1.,0.,0.));
#8246=DIRECTION('center_axis',(0.,0.,1.));
#8247=DIRECTION('ref_axis',(1.,0.,0.));
#8248=DIRECTION('',(0.,1.,0.));
#8249=DIRECTION('',(-8.45884209238215E-15,1.,0.));
#8250=DIRECTION('',(1.,2.66453525910037E-15,0.));
#8251=DIRECTION('',(0.,-1.,0.));
#8252=DIRECTION('',(-1.,0.,0.));
#8253=DIRECTION('center_axis',(0.,0.,1.));
#8254=DIRECTION('ref_axis',(1.,0.,0.));
#8255=DIRECTION('',(0.,1.,0.));
#8256=DIRECTION('',(-8.45884209238215E-15,1.,0.));
#8257=DIRECTION('',(1.,2.66453525910037E-15,0.));
#8258=DIRECTION('',(0.,-1.,0.));
#8259=DIRECTION('',(-1.,0.,0.));
#8260=DIRECTION('center_axis',(0.,0.,1.));
#8261=DIRECTION('ref_axis',(1.,0.,0.));
#8262=DIRECTION('',(0.,1.,0.));
#8263=DIRECTION('',(-8.45884209238215E-15,1.,0.));
#8264=DIRECTION('',(1.,2.66453525910037E-15,0.));
#8265=DIRECTION('',(0.,-1.,0.));
#8266=DIRECTION('',(-1.,0.,0.));
#8267=DIRECTION('center_axis',(0.,0.,1.));
#8268=DIRECTION('ref_axis',(1.,0.,0.));
#8269=DIRECTION('',(0.,1.,0.));
#8270=DIRECTION('',(-8.45884209238215E-15,1.,0.));
#8271=DIRECTION('',(1.,2.66453525910037E-15,0.));
#8272=DIRECTION('',(0.,-1.,0.));
#8273=DIRECTION('',(-1.,0.,0.));
#8274=DIRECTION('center_axis',(0.,0.,1.));
#8275=DIRECTION('ref_axis',(1.,0.,0.));
#8276=DIRECTION('',(0.,1.,0.));
#8277=DIRECTION('',(-8.45884209238215E-15,1.,0.));
#8278=DIRECTION('',(1.,1.77635683940024E-15,0.));
#8279=DIRECTION('',(0.,-1.,0.));
#8280=DIRECTION('',(-1.,0.,0.));
#8281=DIRECTION('center_axis',(0.,0.,1.));
#8282=DIRECTION('ref_axis',(1.,0.,0.));
#8283=DIRECTION('',(0.,1.,0.));
#8284=DIRECTION('',(-8.45884209238215E-15,1.,0.));
#8285=DIRECTION('',(1.,1.77635683940024E-15,0.));
#8286=DIRECTION('',(0.,-1.,0.));
#8287=DIRECTION('',(-1.,0.,0.));
#8288=DIRECTION('center_axis',(0.,0.,1.));
#8289=DIRECTION('ref_axis',(1.,0.,0.));
#8290=DIRECTION('',(0.,-1.,0.));
#8291=DIRECTION('',(-8.45884209238215E-15,1.,0.));
#8292=DIRECTION('',(1.,1.77635683940024E-15,0.));
#8293=DIRECTION('',(0.,-1.,0.));
#8294=DIRECTION('',(-1.,0.,0.));
#8295=DIRECTION('center_axis',(0.,1.,0.));
#8296=DIRECTION('ref_axis',(-1.,0.,0.));
#8297=DIRECTION('',(-1.,0.,0.));
#8298=DIRECTION('',(0.,0.,1.));
#8299=DIRECTION('',(0.,0.,1.));
#8300=DIRECTION('center_axis',(-1.,0.,0.));
#8301=DIRECTION('ref_axis',(0.,-1.,0.));
#8302=DIRECTION('',(0.,-1.,0.));
#8303=DIRECTION('',(0.,0.,1.));
#8304=DIRECTION('center_axis',(2.66453525910037E-15,-1.,0.));
#8305=DIRECTION('ref_axis',(1.,2.66453525910037E-15,0.));
#8306=DIRECTION('',(1.,2.66453525910037E-15,0.));
#8307=DIRECTION('',(0.,0.,1.));
#8308=DIRECTION('center_axis',(1.,8.45884209238215E-15,0.));
#8309=DIRECTION('ref_axis',(-8.45884209238215E-15,1.,0.));
#8310=DIRECTION('',(-8.45884209238215E-15,1.,0.));
#8311=DIRECTION('center_axis',(0.,1.,0.));
#8312=DIRECTION('ref_axis',(-1.,0.,0.));
#8313=DIRECTION('',(-1.,0.,0.));
#8314=DIRECTION('',(0.,0.,1.));
#8315=DIRECTION('',(0.,0.,1.));
#8316=DIRECTION('center_axis',(-1.,0.,0.));
#8317=DIRECTION('ref_axis',(0.,-1.,0.));
#8318=DIRECTION('',(0.,-1.,0.));
#8319=DIRECTION('',(0.,0.,1.));
#8320=DIRECTION('center_axis',(2.66453525910037E-15,-1.,0.));
#8321=DIRECTION('ref_axis',(1.,2.66453525910037E-15,0.));
#8322=DIRECTION('',(1.,2.66453525910037E-15,0.));
#8323=DIRECTION('',(0.,0.,1.));
#8324=DIRECTION('center_axis',(1.,8.45884209238215E-15,0.));
#8325=DIRECTION('ref_axis',(-8.45884209238215E-15,1.,0.));
#8326=DIRECTION('',(-8.45884209238215E-15,1.,0.));
#8327=DIRECTION('center_axis',(5.55111512312578E-17,1.,0.));
#8328=DIRECTION('ref_axis',(-1.,5.55111512312578E-17,0.));
#8329=DIRECTION('',(-1.,5.55111512312578E-17,0.));
#8330=DIRECTION('',(0.,0.,1.));
#8331=DIRECTION('',(0.,0.,1.));
#8332=DIRECTION('center_axis',(-1.,0.,0.));
#8333=DIRECTION('ref_axis',(0.,-1.,0.));
#8334=DIRECTION('',(0.,-1.,0.));
#8335=DIRECTION('',(0.,0.,1.));
#8336=DIRECTION('center_axis',(1.77635683940024E-15,-1.,0.));
#8337=DIRECTION('ref_axis',(1.,1.77635683940024E-15,0.));
#8338=DIRECTION('',(1.,1.77635683940024E-15,0.));
#8339=DIRECTION('',(0.,0.,1.));
#8340=DIRECTION('center_axis',(1.,8.45884209238215E-15,0.));
#8341=DIRECTION('ref_axis',(-8.45884209238215E-15,1.,0.));
#8342=DIRECTION('',(-8.45884209238215E-15,1.,0.));
#8343=DIRECTION('center_axis',(0.,1.,0.));
#8344=DIRECTION('ref_axis',(-1.,0.,0.));
#8345=DIRECTION('',(-1.,0.,0.));
#8346=DIRECTION('',(0.,0.,1.));
#8347=DIRECTION('',(0.,0.,1.));
#8348=DIRECTION('center_axis',(-1.,0.,0.));
#8349=DIRECTION('ref_axis',(0.,-1.,0.));
#8350=DIRECTION('',(0.,-1.,0.));
#8351=DIRECTION('',(0.,0.,1.));
#8352=DIRECTION('center_axis',(1.77635683940024E-15,-1.,0.));
#8353=DIRECTION('ref_axis',(1.,1.77635683940024E-15,0.));
#8354=DIRECTION('',(1.,1.77635683940024E-15,0.));
#8355=DIRECTION('',(0.,0.,1.));
#8356=DIRECTION('center_axis',(1.,8.45884209238215E-15,0.));
#8357=DIRECTION('ref_axis',(-8.45884209238215E-15,1.,0.));
#8358=DIRECTION('',(-8.45884209238215E-15,1.,0.));
#8359=DIRECTION('center_axis',(0.,1.,0.));
#8360=DIRECTION('ref_axis',(-1.,0.,0.));
#8361=DIRECTION('',(-1.,0.,0.));
#8362=DIRECTION('',(0.,0.,1.));
#8363=DIRECTION('',(0.,0.,1.));
#8364=DIRECTION('center_axis',(-1.,0.,0.));
#8365=DIRECTION('ref_axis',(0.,-1.,0.));
#8366=DIRECTION('',(0.,-1.,0.));
#8367=DIRECTION('',(0.,0.,1.));
#8368=DIRECTION('center_axis',(1.77635683940024E-15,-1.,0.));
#8369=DIRECTION('ref_axis',(1.,1.77635683940024E-15,0.));
#8370=DIRECTION('',(1.,1.77635683940024E-15,0.));
#8371=DIRECTION('',(0.,0.,1.));
#8372=DIRECTION('center_axis',(1.,8.45884209238215E-15,0.));
#8373=DIRECTION('ref_axis',(-8.45884209238215E-15,1.,0.));
#8374=DIRECTION('',(-8.45884209238215E-15,1.,0.));
#8375=DIRECTION('center_axis',(0.,1.,0.));
#8376=DIRECTION('ref_axis',(-1.,0.,0.));
#8377=DIRECTION('',(-1.,0.,0.));
#8378=DIRECTION('',(0.,0.,1.));
#8379=DIRECTION('',(0.,0.,1.));
#8380=DIRECTION('center_axis',(-1.,0.,0.));
#8381=DIRECTION('ref_axis',(0.,-1.,0.));
#8382=DIRECTION('',(0.,-1.,0.));
#8383=DIRECTION('',(0.,0.,1.));
#8384=DIRECTION('center_axis',(1.77635683940024E-15,-1.,0.));
#8385=DIRECTION('ref_axis',(1.,1.77635683940024E-15,0.));
#8386=DIRECTION('',(1.,1.77635683940024E-15,0.));
#8387=DIRECTION('',(0.,0.,1.));
#8388=DIRECTION('center_axis',(1.,8.45884209238215E-15,0.));
#8389=DIRECTION('ref_axis',(-8.45884209238215E-15,1.,0.));
#8390=DIRECTION('',(-8.45884209238215E-15,1.,0.));
#8391=DIRECTION('center_axis',(0.,1.,0.));
#8392=DIRECTION('ref_axis',(-1.,0.,0.));
#8393=DIRECTION('',(-1.,0.,0.));
#8394=DIRECTION('',(0.,0.,1.));
#8395=DIRECTION('',(0.,0.,1.));
#8396=DIRECTION('center_axis',(-1.,0.,0.));
#8397=DIRECTION('ref_axis',(0.,-1.,0.));
#8398=DIRECTION('',(0.,-1.,0.));
#8399=DIRECTION('',(0.,0.,1.));
#8400=DIRECTION('center_axis',(2.66453525910037E-15,-1.,0.));
#8401=DIRECTION('ref_axis',(1.,2.66453525910037E-15,0.));
#8402=DIRECTION('',(1.,2.66453525910037E-15,0.));
#8403=DIRECTION('',(0.,0.,1.));
#8404=DIRECTION('center_axis',(1.,8.45884209238215E-15,0.));
#8405=DIRECTION('ref_axis',(-8.45884209238215E-15,1.,0.));
#8406=DIRECTION('',(-8.45884209238215E-15,1.,0.));
#8407=DIRECTION('center_axis',(0.,1.,0.));
#8408=DIRECTION('ref_axis',(-1.,0.,0.));
#8409=DIRECTION('',(-1.,0.,0.));
#8410=DIRECTION('',(0.,0.,1.));
#8411=DIRECTION('',(0.,0.,1.));
#8412=DIRECTION('center_axis',(-1.,0.,0.));
#8413=DIRECTION('ref_axis',(0.,-1.,0.));
#8414=DIRECTION('',(0.,-1.,0.));
#8415=DIRECTION('',(0.,0.,1.));
#8416=DIRECTION('center_axis',(2.66453525910037E-15,-1.,0.));
#8417=DIRECTION('ref_axis',(1.,2.66453525910037E-15,0.));
#8418=DIRECTION('',(1.,2.66453525910037E-15,0.));
#8419=DIRECTION('',(0.,0.,1.));
#8420=DIRECTION('center_axis',(1.,8.45884209238215E-15,0.));
#8421=DIRECTION('ref_axis',(-8.45884209238215E-15,1.,0.));
#8422=DIRECTION('',(-8.45884209238215E-15,1.,0.));
#8423=DIRECTION('center_axis',(0.,1.,0.));
#8424=DIRECTION('ref_axis',(-1.,0.,0.));
#8425=DIRECTION('',(-1.,0.,0.));
#8426=DIRECTION('',(0.,0.,1.));
#8427=DIRECTION('',(0.,0.,1.));
#8428=DIRECTION('center_axis',(-1.,0.,0.));
#8429=DIRECTION('ref_axis',(0.,-1.,0.));
#8430=DIRECTION('',(0.,-1.,0.));
#8431=DIRECTION('',(0.,0.,1.));
#8432=DIRECTION('center_axis',(1.77635683940024E-15,-1.,0.));
#8433=DIRECTION('ref_axis',(1.,1.77635683940024E-15,0.));
#8434=DIRECTION('',(1.,1.77635683940024E-15,0.));
#8435=DIRECTION('',(0.,0.,1.));
#8436=DIRECTION('center_axis',(1.,8.45884209238215E-15,0.));
#8437=DIRECTION('ref_axis',(-8.45884209238215E-15,1.,0.));
#8438=DIRECTION('',(-8.45884209238215E-15,1.,0.));
#8439=DIRECTION('center_axis',(0.,1.,0.));
#8440=DIRECTION('ref_axis',(-1.,0.,0.));
#8441=DIRECTION('',(-1.,0.,0.));
#8442=DIRECTION('',(0.,0.,1.));
#8443=DIRECTION('',(0.,0.,1.));
#8444=DIRECTION('center_axis',(-1.,0.,0.));
#8445=DIRECTION('ref_axis',(0.,-1.,0.));
#8446=DIRECTION('',(0.,-1.,0.));
#8447=DIRECTION('',(0.,0.,1.));
#8448=DIRECTION('center_axis',(2.66453525910037E-15,-1.,0.));
#8449=DIRECTION('ref_axis',(1.,2.66453525910037E-15,0.));
#8450=DIRECTION('',(1.,2.66453525910037E-15,0.));
#8451=DIRECTION('',(0.,0.,1.));
#8452=DIRECTION('center_axis',(1.,8.45884209238215E-15,0.));
#8453=DIRECTION('ref_axis',(-8.45884209238215E-15,1.,0.));
#8454=DIRECTION('',(-8.45884209238215E-15,1.,0.));
#8455=DIRECTION('center_axis',(0.,1.,0.));
#8456=DIRECTION('ref_axis',(-1.,0.,0.));
#8457=DIRECTION('',(-1.,0.,0.));
#8458=DIRECTION('',(0.,0.,1.));
#8459=DIRECTION('',(0.,0.,1.));
#8460=DIRECTION('center_axis',(-1.,0.,0.));
#8461=DIRECTION('ref_axis',(0.,-1.,0.));
#8462=DIRECTION('',(0.,-1.,0.));
#8463=DIRECTION('',(0.,0.,1.));
#8464=DIRECTION('center_axis',(2.66453525910037E-15,-1.,0.));
#8465=DIRECTION('ref_axis',(1.,2.66453525910037E-15,0.));
#8466=DIRECTION('',(1.,2.66453525910037E-15,0.));
#8467=DIRECTION('',(0.,0.,1.));
#8468=DIRECTION('center_axis',(1.,8.45884209238215E-15,0.));
#8469=DIRECTION('ref_axis',(-8.45884209238215E-15,1.,0.));
#8470=DIRECTION('',(-8.45884209238215E-15,1.,0.));
#8471=DIRECTION('center_axis',(0.,1.,0.));
#8472=DIRECTION('ref_axis',(-1.,0.,0.));
#8473=DIRECTION('',(-1.,0.,0.));
#8474=DIRECTION('',(0.,0.,1.));
#8475=DIRECTION('',(0.,0.,1.));
#8476=DIRECTION('center_axis',(-1.,0.,0.));
#8477=DIRECTION('ref_axis',(0.,-1.,0.));
#8478=DIRECTION('',(0.,-1.,0.));
#8479=DIRECTION('',(0.,0.,1.));
#8480=DIRECTION('center_axis',(2.66453525910037E-15,-1.,0.));
#8481=DIRECTION('ref_axis',(1.,2.66453525910037E-15,0.));
#8482=DIRECTION('',(1.,2.66453525910037E-15,0.));
#8483=DIRECTION('',(0.,0.,1.));
#8484=DIRECTION('center_axis',(1.,8.45884209238215E-15,0.));
#8485=DIRECTION('ref_axis',(-8.45884209238215E-15,1.,0.));
#8486=DIRECTION('',(-8.45884209238215E-15,1.,0.));
#8487=DIRECTION('center_axis',(0.,1.,0.));
#8488=DIRECTION('ref_axis',(-1.,0.,0.));
#8489=DIRECTION('',(-1.,0.,0.));
#8490=DIRECTION('',(0.,0.,1.));
#8491=DIRECTION('',(0.,0.,1.));
#8492=DIRECTION('center_axis',(-1.,0.,0.));
#8493=DIRECTION('ref_axis',(0.,-1.,0.));
#8494=DIRECTION('',(0.,-1.,0.));
#8495=DIRECTION('',(0.,0.,1.));
#8496=DIRECTION('center_axis',(1.77635683940024E-15,-1.,0.));
#8497=DIRECTION('ref_axis',(1.,1.77635683940024E-15,0.));
#8498=DIRECTION('',(1.,1.77635683940024E-15,0.));
#8499=DIRECTION('',(0.,0.,1.));
#8500=DIRECTION('center_axis',(1.,8.45884209238215E-15,0.));
#8501=DIRECTION('ref_axis',(-8.45884209238215E-15,1.,0.));
#8502=DIRECTION('',(-8.45884209238215E-15,1.,0.));
#8503=DIRECTION('center_axis',(0.,1.,0.));
#8504=DIRECTION('ref_axis',(-1.,0.,0.));
#8505=DIRECTION('',(-1.,0.,0.));
#8506=DIRECTION('',(0.,0.,1.));
#8507=DIRECTION('',(0.,0.,1.));
#8508=DIRECTION('center_axis',(-1.,0.,0.));
#8509=DIRECTION('ref_axis',(0.,-1.,0.));
#8510=DIRECTION('',(0.,-1.,0.));
#8511=DIRECTION('',(0.,0.,1.));
#8512=DIRECTION('center_axis',(2.66453525910037E-15,-1.,0.));
#8513=DIRECTION('ref_axis',(1.,2.66453525910037E-15,0.));
#8514=DIRECTION('',(1.,2.66453525910037E-15,0.));
#8515=DIRECTION('',(0.,0.,1.));
#8516=DIRECTION('center_axis',(1.,8.45884209238215E-15,0.));
#8517=DIRECTION('ref_axis',(-8.45884209238215E-15,1.,0.));
#8518=DIRECTION('',(-8.45884209238215E-15,1.,0.));
#8519=DIRECTION('center_axis',(0.,1.,0.));
#8520=DIRECTION('ref_axis',(-1.,0.,0.));
#8521=DIRECTION('',(-1.,0.,0.));
#8522=DIRECTION('',(0.,0.,1.));
#8523=DIRECTION('',(0.,0.,1.));
#8524=DIRECTION('center_axis',(-1.,0.,0.));
#8525=DIRECTION('ref_axis',(0.,-1.,0.));
#8526=DIRECTION('',(0.,-1.,0.));
#8527=DIRECTION('',(0.,0.,1.));
#8528=DIRECTION('center_axis',(1.77635683940024E-15,-1.,0.));
#8529=DIRECTION('ref_axis',(1.,1.77635683940024E-15,0.));
#8530=DIRECTION('',(1.,1.77635683940024E-15,0.));
#8531=DIRECTION('',(0.,0.,1.));
#8532=DIRECTION('center_axis',(1.,8.45884209238215E-15,0.));
#8533=DIRECTION('ref_axis',(-8.45884209238215E-15,1.,0.));
#8534=DIRECTION('',(-8.45884209238215E-15,1.,0.));
#8535=DIRECTION('center_axis',(5.55111512312578E-17,1.,0.));
#8536=DIRECTION('ref_axis',(-1.,5.55111512312578E-17,0.));
#8537=DIRECTION('',(-1.,5.55111512312578E-17,0.));
#8538=DIRECTION('',(0.,0.,1.));
#8539=DIRECTION('',(0.,0.,1.));
#8540=DIRECTION('center_axis',(-1.,0.,0.));
#8541=DIRECTION('ref_axis',(0.,-1.,0.));
#8542=DIRECTION('',(0.,-1.,0.));
#8543=DIRECTION('',(0.,0.,1.));
#8544=DIRECTION('center_axis',(1.77635683940024E-15,-1.,0.));
#8545=DIRECTION('ref_axis',(1.,1.77635683940024E-15,0.));
#8546=DIRECTION('',(1.,1.77635683940024E-15,0.));
#8547=DIRECTION('',(0.,0.,1.));
#8548=DIRECTION('center_axis',(1.,8.45884209238215E-15,0.));
#8549=DIRECTION('ref_axis',(-8.45884209238215E-15,1.,0.));
#8550=DIRECTION('',(-8.45884209238215E-15,1.,0.));
#8551=DIRECTION('center_axis',(0.,1.,0.));
#8552=DIRECTION('ref_axis',(-1.,0.,0.));
#8553=DIRECTION('',(-1.,0.,0.));
#8554=DIRECTION('',(0.,0.,1.));
#8555=DIRECTION('',(0.,0.,1.));
#8556=DIRECTION('center_axis',(-1.,0.,0.));
#8557=DIRECTION('ref_axis',(0.,-1.,0.));
#8558=DIRECTION('',(0.,-1.,0.));
#8559=DIRECTION('',(0.,0.,1.));
#8560=DIRECTION('center_axis',(2.66453525910037E-15,-1.,0.));
#8561=DIRECTION('ref_axis',(1.,2.66453525910037E-15,0.));
#8562=DIRECTION('',(1.,2.66453525910037E-15,0.));
#8563=DIRECTION('',(0.,0.,1.));
#8564=DIRECTION('center_axis',(1.,8.45884209238215E-15,0.));
#8565=DIRECTION('ref_axis',(-8.45884209238215E-15,1.,0.));
#8566=DIRECTION('',(-8.45884209238215E-15,1.,0.));
#8567=DIRECTION('center_axis',(0.,1.,0.));
#8568=DIRECTION('ref_axis',(-1.,0.,0.));
#8569=DIRECTION('',(-1.,0.,0.));
#8570=DIRECTION('',(0.,0.,1.));
#8571=DIRECTION('',(0.,0.,1.));
#8572=DIRECTION('center_axis',(-1.,0.,0.));
#8573=DIRECTION('ref_axis',(0.,-1.,0.));
#8574=DIRECTION('',(0.,-1.,0.));
#8575=DIRECTION('',(0.,0.,1.));
#8576=DIRECTION('center_axis',(2.66453525910037E-15,-1.,0.));
#8577=DIRECTION('ref_axis',(1.,2.66453525910037E-15,0.));
#8578=DIRECTION('',(1.,2.66453525910037E-15,0.));
#8579=DIRECTION('',(0.,0.,1.));
#8580=DIRECTION('center_axis',(1.,8.45884209238215E-15,0.));
#8581=DIRECTION('ref_axis',(-8.45884209238215E-15,1.,0.));
#8582=DIRECTION('',(-8.45884209238215E-15,1.,0.));
#8583=DIRECTION('center_axis',(0.,1.,0.));
#8584=DIRECTION('ref_axis',(-1.,0.,0.));
#8585=DIRECTION('',(-1.,0.,0.));
#8586=DIRECTION('',(0.,0.,1.));
#8587=DIRECTION('',(0.,0.,1.));
#8588=DIRECTION('center_axis',(-1.,0.,0.));
#8589=DIRECTION('ref_axis',(0.,-1.,0.));
#8590=DIRECTION('',(0.,-1.,0.));
#8591=DIRECTION('',(0.,0.,1.));
#8592=DIRECTION('center_axis',(2.66453525910037E-15,-1.,0.));
#8593=DIRECTION('ref_axis',(1.,2.66453525910037E-15,0.));
#8594=DIRECTION('',(1.,2.66453525910037E-15,0.));
#8595=DIRECTION('',(0.,0.,1.));
#8596=DIRECTION('center_axis',(1.,8.45884209238215E-15,0.));
#8597=DIRECTION('ref_axis',(-8.45884209238215E-15,1.,0.));
#8598=DIRECTION('',(-8.45884209238215E-15,1.,0.));
#8599=DIRECTION('center_axis',(0.,1.,0.));
#8600=DIRECTION('ref_axis',(-1.,0.,0.));
#8601=DIRECTION('',(-1.,0.,0.));
#8602=DIRECTION('',(0.,0.,1.));
#8603=DIRECTION('',(0.,0.,1.));
#8604=DIRECTION('center_axis',(-1.,0.,0.));
#8605=DIRECTION('ref_axis',(0.,-1.,0.));
#8606=DIRECTION('',(0.,-1.,0.));
#8607=DIRECTION('',(0.,0.,1.));
#8608=DIRECTION('center_axis',(1.77635683940024E-15,-1.,0.));
#8609=DIRECTION('ref_axis',(1.,1.77635683940024E-15,0.));
#8610=DIRECTION('',(1.,1.77635683940024E-15,0.));
#8611=DIRECTION('',(0.,0.,1.));
#8612=DIRECTION('center_axis',(1.,8.45884209238215E-15,0.));
#8613=DIRECTION('ref_axis',(-8.45884209238215E-15,1.,0.));
#8614=DIRECTION('',(-8.45884209238215E-15,1.,0.));
#8615=DIRECTION('center_axis',(0.,1.,0.));
#8616=DIRECTION('ref_axis',(-1.,0.,0.));
#8617=DIRECTION('',(-1.,0.,0.));
#8618=DIRECTION('',(0.,0.,1.));
#8619=DIRECTION('',(0.,0.,1.));
#8620=DIRECTION('center_axis',(-1.,0.,0.));
#8621=DIRECTION('ref_axis',(0.,-1.,0.));
#8622=DIRECTION('',(0.,-1.,0.));
#8623=DIRECTION('',(0.,0.,1.));
#8624=DIRECTION('center_axis',(1.77635683940024E-15,-1.,0.));
#8625=DIRECTION('ref_axis',(1.,1.77635683940024E-15,0.));
#8626=DIRECTION('',(1.,1.77635683940024E-15,0.));
#8627=DIRECTION('',(0.,0.,1.));
#8628=DIRECTION('center_axis',(1.,8.45884209238215E-15,0.));
#8629=DIRECTION('ref_axis',(-8.45884209238215E-15,1.,0.));
#8630=DIRECTION('',(-8.45884209238215E-15,1.,0.));
#8631=DIRECTION('center_axis',(1.77635683940024E-15,-1.,0.));
#8632=DIRECTION('ref_axis',(1.,1.77635683940024E-15,0.));
#8633=DIRECTION('',(1.,1.77635683940024E-15,0.));
#8634=DIRECTION('',(0.,0.,1.));
#8635=DIRECTION('',(0.,0.,1.));
#8636=DIRECTION('center_axis',(1.,8.45884209238215E-15,0.));
#8637=DIRECTION('ref_axis',(-8.45884209238215E-15,1.,0.));
#8638=DIRECTION('',(-8.45884209238215E-15,1.,0.));
#8639=DIRECTION('',(0.,0.,1.));
#8640=DIRECTION('center_axis',(0.,1.,0.));
#8641=DIRECTION('ref_axis',(-1.,0.,0.));
#8642=DIRECTION('',(-1.,0.,0.));
#8643=DIRECTION('',(0.,0.,1.));
#8644=DIRECTION('center_axis',(-1.,0.,0.));
#8645=DIRECTION('ref_axis',(0.,-1.,0.));
#8646=DIRECTION('',(0.,-1.,0.));
#8647=DIRECTION('center_axis',(0.,1.,0.));
#8648=DIRECTION('ref_axis',(-1.,0.,0.));
#8649=DIRECTION('',(-1.,0.,0.));
#8650=DIRECTION('',(0.,0.,1.));
#8651=DIRECTION('',(0.,0.,1.));
#8652=DIRECTION('center_axis',(-1.,0.,0.));
#8653=DIRECTION('ref_axis',(0.,-1.,0.));
#8654=DIRECTION('',(0.,-1.,0.));
#8655=DIRECTION('',(0.,0.,1.));
#8656=DIRECTION('center_axis',(2.66453525910037E-15,-1.,0.));
#8657=DIRECTION('ref_axis',(1.,2.66453525910037E-15,0.));
#8658=DIRECTION('',(1.,2.66453525910037E-15,0.));
#8659=DIRECTION('',(0.,0.,1.));
#8660=DIRECTION('center_axis',(1.,8.45884209238215E-15,0.));
#8661=DIRECTION('ref_axis',(-8.45884209238215E-15,1.,0.));
#8662=DIRECTION('',(-8.45884209238215E-15,1.,0.));
#8663=DIRECTION('center_axis',(0.,1.,0.));
#8664=DIRECTION('ref_axis',(-1.,0.,0.));
#8665=DIRECTION('',(-1.,0.,0.));
#8666=DIRECTION('',(0.,0.,1.));
#8667=DIRECTION('',(0.,0.,1.));
#8668=DIRECTION('center_axis',(-1.,0.,0.));
#8669=DIRECTION('ref_axis',(0.,-1.,0.));
#8670=DIRECTION('',(0.,-1.,0.));
#8671=DIRECTION('',(0.,0.,1.));
#8672=DIRECTION('center_axis',(1.77635683940024E-15,-1.,0.));
#8673=DIRECTION('ref_axis',(1.,1.77635683940024E-15,0.));
#8674=DIRECTION('',(1.,1.77635683940024E-15,0.));
#8675=DIRECTION('',(0.,0.,1.));
#8676=DIRECTION('center_axis',(1.,8.45884209238215E-15,0.));
#8677=DIRECTION('ref_axis',(-8.45884209238215E-15,1.,0.));
#8678=DIRECTION('',(-8.45884209238215E-15,1.,0.));
#8679=DIRECTION('center_axis',(0.,1.,0.));
#8680=DIRECTION('ref_axis',(-1.,0.,0.));
#8681=DIRECTION('',(-1.,0.,0.));
#8682=DIRECTION('',(0.,0.,1.));
#8683=DIRECTION('',(0.,0.,1.));
#8684=DIRECTION('center_axis',(-1.,0.,0.));
#8685=DIRECTION('ref_axis',(0.,-1.,0.));
#8686=DIRECTION('',(0.,-1.,0.));
#8687=DIRECTION('',(0.,0.,1.));
#8688=DIRECTION('center_axis',(1.88737914186276E-15,-1.,0.));
#8689=DIRECTION('ref_axis',(1.,1.88737914186276E-15,0.));
#8690=DIRECTION('',(1.,1.88737914186276E-15,0.));
#8691=DIRECTION('',(0.,0.,1.));
#8692=DIRECTION('center_axis',(1.,8.45884209238215E-15,0.));
#8693=DIRECTION('ref_axis',(-8.45884209238215E-15,1.,0.));
#8694=DIRECTION('',(-8.45884209238215E-15,1.,0.));
#8695=DIRECTION('center_axis',(0.,1.,0.));
#8696=DIRECTION('ref_axis',(-1.,0.,0.));
#8697=DIRECTION('',(-1.,0.,0.));
#8698=DIRECTION('',(0.,0.,1.));
#8699=DIRECTION('',(0.,0.,1.));
#8700=DIRECTION('center_axis',(-1.,0.,0.));
#8701=DIRECTION('ref_axis',(0.,-1.,0.));
#8702=DIRECTION('',(0.,-1.,0.));
#8703=DIRECTION('',(0.,0.,1.));
#8704=DIRECTION('center_axis',(2.66453525910037E-15,-1.,0.));
#8705=DIRECTION('ref_axis',(1.,2.66453525910037E-15,0.));
#8706=DIRECTION('',(1.,2.66453525910037E-15,0.));
#8707=DIRECTION('',(0.,0.,1.));
#8708=DIRECTION('center_axis',(1.,8.45884209238215E-15,0.));
#8709=DIRECTION('ref_axis',(-8.45884209238215E-15,1.,0.));
#8710=DIRECTION('',(-8.45884209238215E-15,1.,0.));
#8711=DIRECTION('center_axis',(0.,1.,0.));
#8712=DIRECTION('ref_axis',(-1.,0.,0.));
#8713=DIRECTION('',(-1.,0.,0.));
#8714=DIRECTION('',(0.,0.,1.));
#8715=DIRECTION('',(0.,0.,1.));
#8716=DIRECTION('center_axis',(-1.,0.,0.));
#8717=DIRECTION('ref_axis',(0.,-1.,0.));
#8718=DIRECTION('',(0.,-1.,0.));
#8719=DIRECTION('',(0.,0.,1.));
#8720=DIRECTION('center_axis',(2.66453525910037E-15,-1.,0.));
#8721=DIRECTION('ref_axis',(1.,2.66453525910037E-15,0.));
#8722=DIRECTION('',(1.,2.66453525910037E-15,0.));
#8723=DIRECTION('',(0.,0.,1.));
#8724=DIRECTION('center_axis',(1.,8.45884209238215E-15,0.));
#8725=DIRECTION('ref_axis',(-8.45884209238215E-15,1.,0.));
#8726=DIRECTION('',(-8.45884209238215E-15,1.,0.));
#8727=DIRECTION('center_axis',(0.,1.,0.));
#8728=DIRECTION('ref_axis',(-1.,0.,0.));
#8729=DIRECTION('',(-1.,0.,0.));
#8730=DIRECTION('',(0.,0.,1.));
#8731=DIRECTION('',(0.,0.,1.));
#8732=DIRECTION('center_axis',(-1.,0.,0.));
#8733=DIRECTION('ref_axis',(0.,-1.,0.));
#8734=DIRECTION('',(0.,-1.,0.));
#8735=DIRECTION('',(0.,0.,1.));
#8736=DIRECTION('center_axis',(1.77635683940024E-15,-1.,0.));
#8737=DIRECTION('ref_axis',(1.,1.77635683940024E-15,0.));
#8738=DIRECTION('',(1.,1.77635683940024E-15,0.));
#8739=DIRECTION('',(0.,0.,1.));
#8740=DIRECTION('center_axis',(1.,8.45884209238215E-15,0.));
#8741=DIRECTION('ref_axis',(-8.45884209238215E-15,1.,0.));
#8742=DIRECTION('',(-8.45884209238215E-15,1.,0.));
#8743=DIRECTION('center_axis',(0.,1.,0.));
#8744=DIRECTION('ref_axis',(-1.,0.,0.));
#8745=DIRECTION('',(-1.,0.,0.));
#8746=DIRECTION('',(0.,0.,1.));
#8747=DIRECTION('',(0.,0.,1.));
#8748=DIRECTION('center_axis',(-1.,0.,0.));
#8749=DIRECTION('ref_axis',(0.,-1.,0.));
#8750=DIRECTION('',(0.,-1.,0.));
#8751=DIRECTION('',(0.,0.,1.));
#8752=DIRECTION('center_axis',(1.77635683940024E-15,-1.,0.));
#8753=DIRECTION('ref_axis',(1.,1.77635683940024E-15,0.));
#8754=DIRECTION('',(1.,1.77635683940024E-15,0.));
#8755=DIRECTION('',(0.,0.,1.));
#8756=DIRECTION('center_axis',(1.,8.45884209238215E-15,0.));
#8757=DIRECTION('ref_axis',(-8.45884209238215E-15,1.,0.));
#8758=DIRECTION('',(-8.45884209238215E-15,1.,0.));
#8759=DIRECTION('center_axis',(0.,1.,0.));
#8760=DIRECTION('ref_axis',(-1.,0.,0.));
#8761=DIRECTION('',(-1.,0.,0.));
#8762=DIRECTION('',(0.,0.,1.));
#8763=DIRECTION('',(0.,0.,1.));
#8764=DIRECTION('center_axis',(-1.,0.,0.));
#8765=DIRECTION('ref_axis',(0.,-1.,0.));
#8766=DIRECTION('',(0.,-1.,0.));
#8767=DIRECTION('',(0.,0.,1.));
#8768=DIRECTION('center_axis',(1.77635683940024E-15,-1.,0.));
#8769=DIRECTION('ref_axis',(1.,1.77635683940024E-15,0.));
#8770=DIRECTION('',(1.,1.77635683940024E-15,0.));
#8771=DIRECTION('',(0.,0.,1.));
#8772=DIRECTION('center_axis',(1.,8.45884209238215E-15,0.));
#8773=DIRECTION('ref_axis',(-8.45884209238215E-15,1.,0.));
#8774=DIRECTION('',(-8.45884209238215E-15,1.,0.));
#8775=DIRECTION('center_axis',(0.,1.,0.));
#8776=DIRECTION('ref_axis',(-1.,0.,0.));
#8777=DIRECTION('',(-1.,0.,0.));
#8778=DIRECTION('',(0.,0.,1.));
#8779=DIRECTION('',(0.,0.,1.));
#8780=DIRECTION('center_axis',(-1.,0.,0.));
#8781=DIRECTION('ref_axis',(0.,-1.,0.));
#8782=DIRECTION('',(0.,-1.,0.));
#8783=DIRECTION('',(0.,0.,1.));
#8784=DIRECTION('center_axis',(1.77635683940024E-15,-1.,0.));
#8785=DIRECTION('ref_axis',(1.,1.77635683940024E-15,0.));
#8786=DIRECTION('',(1.,1.77635683940024E-15,0.));
#8787=DIRECTION('',(0.,0.,1.));
#8788=DIRECTION('center_axis',(1.,8.45884209238215E-15,0.));
#8789=DIRECTION('ref_axis',(-8.45884209238215E-15,1.,0.));
#8790=DIRECTION('',(-8.45884209238215E-15,1.,0.));
#8791=DIRECTION('center_axis',(0.,1.,0.));
#8792=DIRECTION('ref_axis',(-1.,0.,0.));
#8793=DIRECTION('',(-1.,0.,0.));
#8794=DIRECTION('',(0.,0.,1.));
#8795=DIRECTION('',(0.,0.,1.));
#8796=DIRECTION('center_axis',(-1.,0.,0.));
#8797=DIRECTION('ref_axis',(0.,-1.,0.));
#8798=DIRECTION('',(0.,-1.,0.));
#8799=DIRECTION('',(0.,0.,1.));
#8800=DIRECTION('center_axis',(1.77635683940024E-15,-1.,0.));
#8801=DIRECTION('ref_axis',(1.,1.77635683940024E-15,0.));
#8802=DIRECTION('',(1.,1.77635683940024E-15,0.));
#8803=DIRECTION('',(0.,0.,1.));
#8804=DIRECTION('center_axis',(1.,8.45884209238215E-15,0.));
#8805=DIRECTION('ref_axis',(-8.45884209238215E-15,1.,0.));
#8806=DIRECTION('',(-8.45884209238215E-15,1.,0.));
#8807=DIRECTION('center_axis',(0.,1.,0.));
#8808=DIRECTION('ref_axis',(-1.,0.,0.));
#8809=DIRECTION('',(-1.,0.,0.));
#8810=DIRECTION('',(0.,0.,1.));
#8811=DIRECTION('',(0.,0.,1.));
#8812=DIRECTION('center_axis',(-1.,0.,0.));
#8813=DIRECTION('ref_axis',(0.,-1.,0.));
#8814=DIRECTION('',(0.,-1.,0.));
#8815=DIRECTION('',(0.,0.,1.));
#8816=DIRECTION('center_axis',(1.77635683940024E-15,-1.,0.));
#8817=DIRECTION('ref_axis',(1.,1.77635683940024E-15,0.));
#8818=DIRECTION('',(1.,1.77635683940024E-15,0.));
#8819=DIRECTION('',(0.,0.,1.));
#8820=DIRECTION('center_axis',(1.,8.45884209238215E-15,0.));
#8821=DIRECTION('ref_axis',(-8.45884209238215E-15,1.,0.));
#8822=DIRECTION('',(-8.45884209238215E-15,1.,0.));
#8823=DIRECTION('center_axis',(0.,1.,0.));
#8824=DIRECTION('ref_axis',(-1.,0.,0.));
#8825=DIRECTION('',(-1.,0.,0.));
#8826=DIRECTION('',(0.,0.,1.));
#8827=DIRECTION('',(0.,0.,1.));
#8828=DIRECTION('center_axis',(-1.,0.,0.));
#8829=DIRECTION('ref_axis',(0.,-1.,0.));
#8830=DIRECTION('',(0.,-1.,0.));
#8831=DIRECTION('',(0.,0.,1.));
#8832=DIRECTION('center_axis',(2.66453525910037E-15,-1.,0.));
#8833=DIRECTION('ref_axis',(1.,2.66453525910037E-15,0.));
#8834=DIRECTION('',(1.,2.66453525910037E-15,0.));
#8835=DIRECTION('',(0.,0.,1.));
#8836=DIRECTION('center_axis',(1.,8.45884209238215E-15,0.));
#8837=DIRECTION('ref_axis',(-8.45884209238215E-15,1.,0.));
#8838=DIRECTION('',(-8.45884209238215E-15,1.,0.));
#8839=DIRECTION('center_axis',(0.,1.,0.));
#8840=DIRECTION('ref_axis',(-1.,0.,0.));
#8841=DIRECTION('',(-1.,0.,0.));
#8842=DIRECTION('',(0.,0.,1.));
#8843=DIRECTION('',(0.,0.,1.));
#8844=DIRECTION('center_axis',(-1.,0.,0.));
#8845=DIRECTION('ref_axis',(0.,-1.,0.));
#8846=DIRECTION('',(0.,-1.,0.));
#8847=DIRECTION('',(0.,0.,1.));
#8848=DIRECTION('center_axis',(1.77635683940024E-15,-1.,0.));
#8849=DIRECTION('ref_axis',(1.,1.77635683940024E-15,0.));
#8850=DIRECTION('',(1.,1.77635683940024E-15,0.));
#8851=DIRECTION('',(0.,0.,1.));
#8852=DIRECTION('center_axis',(1.,8.45884209238215E-15,0.));
#8853=DIRECTION('ref_axis',(-8.45884209238215E-15,1.,0.));
#8854=DIRECTION('',(-8.45884209238215E-15,1.,0.));
#8855=DIRECTION('center_axis',(0.,1.,0.));
#8856=DIRECTION('ref_axis',(-1.,0.,0.));
#8857=DIRECTION('',(-1.,0.,0.));
#8858=DIRECTION('',(0.,0.,1.));
#8859=DIRECTION('',(0.,0.,1.));
#8860=DIRECTION('center_axis',(-1.,0.,0.));
#8861=DIRECTION('ref_axis',(0.,-1.,0.));
#8862=DIRECTION('',(0.,-1.,0.));
#8863=DIRECTION('',(0.,0.,1.));
#8864=DIRECTION('center_axis',(1.77635683940024E-15,-1.,0.));
#8865=DIRECTION('ref_axis',(1.,1.77635683940024E-15,0.));
#8866=DIRECTION('',(1.,1.77635683940024E-15,0.));
#8867=DIRECTION('',(0.,0.,1.));
#8868=DIRECTION('center_axis',(1.,8.45884209238215E-15,0.));
#8869=DIRECTION('ref_axis',(-8.45884209238215E-15,1.,0.));
#8870=DIRECTION('',(-8.45884209238215E-15,1.,0.));
#8871=DIRECTION('center_axis',(0.,1.,0.));
#8872=DIRECTION('ref_axis',(-1.,0.,0.));
#8873=DIRECTION('',(-1.,0.,0.));
#8874=DIRECTION('',(0.,0.,1.));
#8875=DIRECTION('',(0.,0.,1.));
#8876=DIRECTION('center_axis',(-1.,0.,0.));
#8877=DIRECTION('ref_axis',(0.,-1.,0.));
#8878=DIRECTION('',(0.,-1.,0.));
#8879=DIRECTION('',(0.,0.,1.));
#8880=DIRECTION('center_axis',(1.88737914186276E-15,-1.,0.));
#8881=DIRECTION('ref_axis',(1.,1.88737914186276E-15,0.));
#8882=DIRECTION('',(1.,1.88737914186276E-15,0.));
#8883=DIRECTION('',(0.,0.,1.));
#8884=DIRECTION('center_axis',(1.,8.45884209238215E-15,0.));
#8885=DIRECTION('ref_axis',(-8.45884209238215E-15,1.,0.));
#8886=DIRECTION('',(-8.45884209238215E-15,1.,0.));
#8887=DIRECTION('center_axis',(0.,1.,0.));
#8888=DIRECTION('ref_axis',(-1.,0.,0.));
#8889=DIRECTION('',(-1.,0.,0.));
#8890=DIRECTION('',(0.,0.,1.));
#8891=DIRECTION('',(0.,0.,1.));
#8892=DIRECTION('center_axis',(-1.,0.,0.));
#8893=DIRECTION('ref_axis',(0.,-1.,0.));
#8894=DIRECTION('',(0.,-1.,0.));
#8895=DIRECTION('',(0.,0.,1.));
#8896=DIRECTION('center_axis',(2.66453525910037E-15,-1.,0.));
#8897=DIRECTION('ref_axis',(1.,2.66453525910037E-15,0.));
#8898=DIRECTION('',(1.,2.66453525910037E-15,0.));
#8899=DIRECTION('',(0.,0.,1.));
#8900=DIRECTION('center_axis',(1.,8.45884209238215E-15,0.));
#8901=DIRECTION('ref_axis',(-8.45884209238215E-15,1.,0.));
#8902=DIRECTION('',(-8.45884209238215E-15,1.,0.));
#8903=DIRECTION('center_axis',(0.,1.,0.));
#8904=DIRECTION('ref_axis',(-1.,0.,0.));
#8905=DIRECTION('',(-1.,0.,0.));
#8906=DIRECTION('',(0.,0.,1.));
#8907=DIRECTION('',(0.,0.,1.));
#8908=DIRECTION('center_axis',(-1.,0.,0.));
#8909=DIRECTION('ref_axis',(0.,-1.,0.));
#8910=DIRECTION('',(0.,-1.,0.));
#8911=DIRECTION('',(0.,0.,1.));
#8912=DIRECTION('center_axis',(1.77635683940024E-15,-1.,0.));
#8913=DIRECTION('ref_axis',(1.,1.77635683940024E-15,0.));
#8914=DIRECTION('',(1.,1.77635683940024E-15,0.));
#8915=DIRECTION('',(0.,0.,1.));
#8916=DIRECTION('center_axis',(1.,8.45884209238215E-15,0.));
#8917=DIRECTION('ref_axis',(-8.45884209238215E-15,1.,0.));
#8918=DIRECTION('',(-8.45884209238215E-15,1.,0.));
#8919=DIRECTION('center_axis',(0.,1.,0.));
#8920=DIRECTION('ref_axis',(-1.,0.,0.));
#8921=DIRECTION('',(-1.,0.,0.));
#8922=DIRECTION('',(0.,0.,1.));
#8923=DIRECTION('',(0.,0.,1.));
#8924=DIRECTION('center_axis',(-1.,0.,0.));
#8925=DIRECTION('ref_axis',(0.,-1.,0.));
#8926=DIRECTION('',(0.,-1.,0.));
#8927=DIRECTION('',(0.,0.,1.));
#8928=DIRECTION('center_axis',(1.77635683940024E-15,-1.,0.));
#8929=DIRECTION('ref_axis',(1.,1.77635683940024E-15,0.));
#8930=DIRECTION('',(1.,1.77635683940024E-15,0.));
#8931=DIRECTION('',(0.,0.,1.));
#8932=DIRECTION('center_axis',(1.,8.45884209238215E-15,0.));
#8933=DIRECTION('ref_axis',(-8.45884209238215E-15,1.,0.));
#8934=DIRECTION('',(-8.45884209238215E-15,1.,0.));
#8935=DIRECTION('center_axis',(0.,-1.,0.));
#8936=DIRECTION('ref_axis',(1.,0.,0.));
#8937=DIRECTION('',(1.,0.,0.));
#8938=DIRECTION('',(0.,0.,1.));
#8939=DIRECTION('',(0.,0.,1.));
#8940=DIRECTION('center_axis',(-1.,0.,0.));
#8941=DIRECTION('ref_axis',(0.,-1.,0.));
#8942=DIRECTION('',(0.,-1.,0.));
#8943=DIRECTION('',(0.,0.,1.));
#8944=DIRECTION('center_axis',(0.,1.,0.));
#8945=DIRECTION('ref_axis',(-1.,0.,0.));
#8946=DIRECTION('',(-1.,0.,0.));
#8947=DIRECTION('',(0.,0.,1.));
#8948=DIRECTION('center_axis',(1.,0.,0.));
#8949=DIRECTION('ref_axis',(0.,1.,0.));
#8950=DIRECTION('',(0.,1.,0.));
#8951=DIRECTION('center_axis',(0.,0.,1.));
#8952=DIRECTION('ref_axis',(1.,0.,0.));
#8953=CARTESIAN_POINT('',(0.,0.,0.));
#8954=CARTESIAN_POINT('Origin',(10.0000007428601,24.88,1.));
#8955=CARTESIAN_POINT('',(15.64,24.88,1.));
#8956=CARTESIAN_POINT('',(10.0000007428601,24.88,1.));
#8957=CARTESIAN_POINT('',(5.00000037143007,24.88,1.));
#8958=CARTESIAN_POINT('',(15.64,24.88,4.));
#8959=CARTESIAN_POINT('',(15.64,24.88,1.));
#8960=CARTESIAN_POINT('',(10.0000007428601,24.88,4.));
#8961=CARTESIAN_POINT('',(15.64,24.88,4.));
#8962=CARTESIAN_POINT('',(10.0000007428601,24.88,1.));
#8963=CARTESIAN_POINT('Origin',(10.0000007428601,23.38,1.));
#8964=CARTESIAN_POINT('',(10.0000007428601,23.38,1.));
#8965=CARTESIAN_POINT('',(10.0000007428601,11.69,1.));
#8966=CARTESIAN_POINT('',(10.0000007428601,23.38,4.));
#8967=CARTESIAN_POINT('',(10.0000007428601,24.88,4.));
#8968=CARTESIAN_POINT('',(10.0000007428601,23.38,1.));
#8969=CARTESIAN_POINT('Origin',(15.64,23.38,1.));
#8970=CARTESIAN_POINT('',(15.64,23.38,1.));
#8971=CARTESIAN_POINT('',(7.82000000000002,23.38,1.));
#8972=CARTESIAN_POINT('',(15.64,23.38,4.));
#8973=CARTESIAN_POINT('',(10.0000007428601,23.38,4.));
#8974=CARTESIAN_POINT('',(15.64,23.38,1.));
#8975=CARTESIAN_POINT('Origin',(10.0000007428601,22.34,1.));
#8976=CARTESIAN_POINT('',(15.64,22.34,1.));
#8977=CARTESIAN_POINT('',(10.0000007428601,22.34,1.));
#8978=CARTESIAN_POINT('',(5.00000037143007,22.34,1.));
#8979=CARTESIAN_POINT('',(15.64,22.34,4.));
#8980=CARTESIAN_POINT('',(15.64,22.34,1.));
#8981=CARTESIAN_POINT('',(10.0000007428601,22.34,4.));
#8982=CARTESIAN_POINT('',(15.64,22.34,4.));
#8983=CARTESIAN_POINT('',(10.0000007428601,22.34,1.));
#8984=CARTESIAN_POINT('Origin',(10.0000007428601,20.84,1.));
#8985=CARTESIAN_POINT('',(10.0000007428601,20.84,1.));
#8986=CARTESIAN_POINT('',(10.0000007428601,10.42,1.));
#8987=CARTESIAN_POINT('',(10.0000007428601,20.84,4.));
#8988=CARTESIAN_POINT('',(10.0000007428601,22.34,4.));
#8989=CARTESIAN_POINT('',(10.0000007428601,20.84,1.));
#8990=CARTESIAN_POINT('Origin',(15.64,20.84,1.));
#8991=CARTESIAN_POINT('',(15.64,20.84,1.));
#8992=CARTESIAN_POINT('',(7.82000000000002,20.84,1.));
#8993=CARTESIAN_POINT('',(15.64,20.84,4.));
#8994=CARTESIAN_POINT('',(10.0000007428601,20.84,4.));
#8995=CARTESIAN_POINT('',(15.64,20.84,1.));
#8996=CARTESIAN_POINT('Origin',(10.0000007428601,19.8,1.));
#8997=CARTESIAN_POINT('',(15.64,19.8,1.));
#8998=CARTESIAN_POINT('',(10.0000007428601,19.8,1.));
#8999=CARTESIAN_POINT('',(5.00000037143007,19.8,1.));
#9000=CARTESIAN_POINT('',(15.64,19.8,4.));
#9001=CARTESIAN_POINT('',(15.64,19.8,1.));
#9002=CARTESIAN_POINT('',(10.0000007428601,19.8,4.));
#9003=CARTESIAN_POINT('',(15.64,19.8,4.));
#9004=CARTESIAN_POINT('',(10.0000007428601,19.8,1.));
#9005=CARTESIAN_POINT('Origin',(10.0000007428601,18.3,1.));
#9006=CARTESIAN_POINT('',(10.0000007428601,18.3,1.));
#9007=CARTESIAN_POINT('',(10.0000007428601,9.15000000000001,1.));
#9008=CARTESIAN_POINT('',(10.0000007428601,18.3,4.));
#9009=CARTESIAN_POINT('',(10.0000007428601,19.8,4.));
#9010=CARTESIAN_POINT('',(10.0000007428601,18.3,1.));
#9011=CARTESIAN_POINT('Origin',(15.64,18.3,1.));
#9012=CARTESIAN_POINT('',(15.64,18.3,1.));
#9013=CARTESIAN_POINT('',(7.82000000000002,18.3,1.));
#9014=CARTESIAN_POINT('',(15.64,18.3,4.));
#9015=CARTESIAN_POINT('',(10.0000007428601,18.3,4.));
#9016=CARTESIAN_POINT('',(15.64,18.3,1.));
#9017=CARTESIAN_POINT('Origin',(10.0000007428601,17.26,1.));
#9018=CARTESIAN_POINT('',(15.64,17.26,1.));
#9019=CARTESIAN_POINT('',(10.0000007428601,17.26,1.));
#9020=CARTESIAN_POINT('',(5.00000037143007,17.26,1.));
#9021=CARTESIAN_POINT('',(15.64,17.26,4.));
#9022=CARTESIAN_POINT('',(15.64,17.26,1.));
#9023=CARTESIAN_POINT('',(10.0000007428601,17.26,4.));
#9024=CARTESIAN_POINT('',(15.64,17.26,4.));
#9025=CARTESIAN_POINT('',(10.0000007428601,17.26,1.));
#9026=CARTESIAN_POINT('Origin',(10.0000007428601,15.76,1.));
#9027=CARTESIAN_POINT('',(10.0000007428601,15.76,1.));
#9028=CARTESIAN_POINT('',(10.0000007428601,7.88,1.));
#9029=CARTESIAN_POINT('',(10.0000007428601,15.76,4.));
#9030=CARTESIAN_POINT('',(10.0000007428601,17.26,4.));
#9031=CARTESIAN_POINT('',(10.0000007428601,15.76,1.));
#9032=CARTESIAN_POINT('Origin',(15.64,15.76,1.));
#9033=CARTESIAN_POINT('',(15.64,15.76,1.));
#9034=CARTESIAN_POINT('',(7.82000000000002,15.76,1.));
#9035=CARTESIAN_POINT('',(15.64,15.76,4.));
#9036=CARTESIAN_POINT('',(10.0000007428601,15.76,4.));
#9037=CARTESIAN_POINT('',(15.64,15.76,1.));
#9038=CARTESIAN_POINT('Origin',(10.0000007428601,14.72,1.));
#9039=CARTESIAN_POINT('',(15.64,14.72,1.));
#9040=CARTESIAN_POINT('',(10.0000007428601,14.72,1.));
#9041=CARTESIAN_POINT('',(5.00000037143007,14.72,1.));
#9042=CARTESIAN_POINT('',(15.64,14.72,4.));
#9043=CARTESIAN_POINT('',(15.64,14.72,1.));
#9044=CARTESIAN_POINT('',(10.0000007428601,14.72,4.));
#9045=CARTESIAN_POINT('',(15.64,14.72,4.));
#9046=CARTESIAN_POINT('',(10.0000007428601,14.72,1.));
#9047=CARTESIAN_POINT('Origin',(10.0000007428601,13.22,1.));
#9048=CARTESIAN_POINT('',(10.0000007428601,13.22,1.));
#9049=CARTESIAN_POINT('',(10.0000007428601,6.61,1.));
#9050=CARTESIAN_POINT('',(10.0000007428601,13.22,4.));
#9051=CARTESIAN_POINT('',(10.0000007428601,14.72,4.));
#9052=CARTESIAN_POINT('',(10.0000007428601,13.22,1.));
#9053=CARTESIAN_POINT('Origin',(15.64,13.22,1.));
#9054=CARTESIAN_POINT('',(15.64,13.22,1.));
#9055=CARTESIAN_POINT('',(7.82000000000002,13.22,1.));
#9056=CARTESIAN_POINT('',(15.64,13.22,4.));
#9057=CARTESIAN_POINT('',(10.0000007428601,13.22,4.));
#9058=CARTESIAN_POINT('',(15.64,13.22,1.));
#9059=CARTESIAN_POINT('Origin',(10.0000007428601,12.18,1.));
#9060=CARTESIAN_POINT('',(15.64,12.18,1.));
#9061=CARTESIAN_POINT('',(10.0000007428601,12.18,1.));
#9062=CARTESIAN_POINT('',(5.00000037143007,12.18,1.));
#9063=CARTESIAN_POINT('',(15.64,12.18,4.));
#9064=CARTESIAN_POINT('',(15.64,12.18,1.));
#9065=CARTESIAN_POINT('',(10.0000007428601,12.18,4.));
#9066=CARTESIAN_POINT('',(15.64,12.18,4.));
#9067=CARTESIAN_POINT('',(10.0000007428601,12.18,1.));
#9068=CARTESIAN_POINT('Origin',(10.0000007428601,10.68,1.));
#9069=CARTESIAN_POINT('',(10.0000007428601,10.68,1.));
#9070=CARTESIAN_POINT('',(10.0000007428601,5.34000000000001,1.));
#9071=CARTESIAN_POINT('',(10.0000007428601,10.68,4.));
#9072=CARTESIAN_POINT('',(10.0000007428601,12.18,4.));
#9073=CARTESIAN_POINT('',(10.0000007428601,10.68,1.));
#9074=CARTESIAN_POINT('Origin',(15.64,10.68,1.));
#9075=CARTESIAN_POINT('',(15.64,10.68,1.));
#9076=CARTESIAN_POINT('',(7.82000000000002,10.68,1.));
#9077=CARTESIAN_POINT('',(15.64,10.68,4.));
#9078=CARTESIAN_POINT('',(10.0000007428601,10.68,4.));
#9079=CARTESIAN_POINT('',(15.64,10.68,1.));
#9080=CARTESIAN_POINT('Origin',(10.0000007428601,9.64000000000001,1.));
#9081=CARTESIAN_POINT('',(15.64,9.64000000000001,1.));
#9082=CARTESIAN_POINT('',(10.0000007428601,9.64000000000001,1.));
#9083=CARTESIAN_POINT('',(5.00000037143007,9.64000000000001,1.));
#9084=CARTESIAN_POINT('',(15.64,9.64000000000001,4.));
#9085=CARTESIAN_POINT('',(15.64,9.64000000000001,1.));
#9086=CARTESIAN_POINT('',(10.0000007428601,9.64000000000001,4.));
#9087=CARTESIAN_POINT('',(15.64,9.64000000000001,4.));
#9088=CARTESIAN_POINT('',(10.0000007428601,9.64000000000001,1.));
#9089=CARTESIAN_POINT('Origin',(10.0000007428601,8.14000000000001,1.));
#9090=CARTESIAN_POINT('',(10.0000007428601,8.14000000000001,1.));
#9091=CARTESIAN_POINT('',(10.0000007428601,4.07,1.));
#9092=CARTESIAN_POINT('',(10.0000007428601,8.14000000000001,4.));
#9093=CARTESIAN_POINT('',(10.0000007428601,9.64000000000001,4.));
#9094=CARTESIAN_POINT('',(10.0000007428601,8.14000000000001,1.));
#9095=CARTESIAN_POINT('Origin',(15.64,8.14000000000001,1.));
#9096=CARTESIAN_POINT('',(15.64,8.14000000000001,1.));
#9097=CARTESIAN_POINT('',(7.82000000000002,8.14000000000001,1.));
#9098=CARTESIAN_POINT('',(15.64,8.14000000000001,4.));
#9099=CARTESIAN_POINT('',(10.0000007428601,8.14000000000001,4.));
#9100=CARTESIAN_POINT('',(15.64,8.14000000000001,1.));
#9101=CARTESIAN_POINT('Origin',(10.0000007428601,7.10000000000001,1.));
#9102=CARTESIAN_POINT('',(15.64,7.10000000000001,1.));
#9103=CARTESIAN_POINT('',(10.0000007428601,7.10000000000001,1.));
#9104=CARTESIAN_POINT('',(5.00000037143007,7.10000000000001,1.));
#9105=CARTESIAN_POINT('',(15.64,7.10000000000001,4.));
#9106=CARTESIAN_POINT('',(15.64,7.10000000000001,1.));
#9107=CARTESIAN_POINT('',(10.0000007428601,7.10000000000001,4.));
#9108=CARTESIAN_POINT('',(15.64,7.10000000000001,4.));
#9109=CARTESIAN_POINT('',(10.0000007428601,7.10000000000001,1.));
#9110=CARTESIAN_POINT('Origin',(10.0000007428601,5.60000000000001,1.));
#9111=CARTESIAN_POINT('',(10.0000007428601,5.60000000000001,1.));
#9112=CARTESIAN_POINT('',(10.0000007428601,2.8,1.));
#9113=CARTESIAN_POINT('',(10.0000007428601,5.60000000000001,4.));
#9114=CARTESIAN_POINT('',(10.0000007428601,7.10000000000001,4.));
#9115=CARTESIAN_POINT('',(10.0000007428601,5.60000000000001,1.));
#9116=CARTESIAN_POINT('Origin',(15.64,5.60000000000001,1.));
#9117=CARTESIAN_POINT('',(15.64,5.60000000000001,1.));
#9118=CARTESIAN_POINT('',(7.82000000000002,5.60000000000001,1.));
#9119=CARTESIAN_POINT('',(15.64,5.60000000000001,4.));
#9120=CARTESIAN_POINT('',(10.0000007428601,5.60000000000001,4.));
#9121=CARTESIAN_POINT('',(15.64,5.60000000000001,1.));
#9122=CARTESIAN_POINT('Origin',(10.0000007428601,4.56000000000001,1.));
#9123=CARTESIAN_POINT('',(15.64,4.56000000000001,1.));
#9124=CARTESIAN_POINT('',(10.0000007428601,4.56000000000001,1.));
#9125=CARTESIAN_POINT('',(5.00000037143007,4.56000000000001,1.));
#9126=CARTESIAN_POINT('',(15.64,4.56000000000001,4.));
#9127=CARTESIAN_POINT('',(15.64,4.56000000000001,1.));
#9128=CARTESIAN_POINT('',(10.0000007428601,4.56000000000001,4.));
#9129=CARTESIAN_POINT('',(15.64,4.56000000000001,4.));
#9130=CARTESIAN_POINT('',(10.0000007428601,4.56000000000001,1.));
#9131=CARTESIAN_POINT('Origin',(10.0000007428601,3.06000000000001,1.));
#9132=CARTESIAN_POINT('',(10.0000007428601,3.06000000000001,1.));
#9133=CARTESIAN_POINT('',(10.0000007428601,1.53,1.));
#9134=CARTESIAN_POINT('',(10.0000007428601,3.06000000000001,4.));
#9135=CARTESIAN_POINT('',(10.0000007428601,4.56000000000001,4.));
#9136=CARTESIAN_POINT('',(10.0000007428601,3.06000000000001,1.));
#9137=CARTESIAN_POINT('Origin',(15.64,3.06000000000001,1.));
#9138=CARTESIAN_POINT('',(15.64,3.06000000000001,1.));
#9139=CARTESIAN_POINT('',(7.82000000000002,3.06000000000001,1.));
#9140=CARTESIAN_POINT('',(15.64,3.06000000000001,4.));
#9141=CARTESIAN_POINT('',(10.0000007428601,3.06000000000001,4.));
#9142=CARTESIAN_POINT('',(15.64,3.06000000000001,1.));
#9143=CARTESIAN_POINT('Origin',(10.0000007428601,2.02000000000001,1.));
#9144=CARTESIAN_POINT('',(15.64,2.02000000000001,1.));
#9145=CARTESIAN_POINT('',(10.0000007428601,2.02000000000001,1.));
#9146=CARTESIAN_POINT('',(5.00000037143007,2.02000000000001,1.));
#9147=CARTESIAN_POINT('',(15.64,2.02000000000001,4.));
#9148=CARTESIAN_POINT('',(15.64,2.02000000000001,1.));
#9149=CARTESIAN_POINT('',(10.0000007428601,2.02000000000001,4.));
#9150=CARTESIAN_POINT('',(15.64,2.02000000000001,4.));
#9151=CARTESIAN_POINT('',(10.0000007428601,2.02000000000001,1.));
#9152=CARTESIAN_POINT('Origin',(10.0000007428601,0.520000000000009,1.));
#9153=CARTESIAN_POINT('',(10.0000007428601,0.520000000000009,1.));
#9154=CARTESIAN_POINT('',(10.0000007428601,0.260000000000005,1.));
#9155=CARTESIAN_POINT('',(10.0000007428601,0.520000000000009,4.));
#9156=CARTESIAN_POINT('',(10.0000007428601,2.02000000000001,4.));
#9157=CARTESIAN_POINT('',(10.0000007428601,0.520000000000009,1.));
#9158=CARTESIAN_POINT('Origin',(15.64,0.520000000000009,1.));
#9159=CARTESIAN_POINT('',(15.64,0.520000000000009,1.));
#9160=CARTESIAN_POINT('',(7.82000000000002,0.520000000000009,1.));
#9161=CARTESIAN_POINT('',(15.64,0.520000000000009,4.));
#9162=CARTESIAN_POINT('',(10.0000007428601,0.520000000000009,4.));
#9163=CARTESIAN_POINT('',(15.64,0.520000000000009,1.));
#9164=CARTESIAN_POINT('Origin',(10.0000007428601,-0.519999999999987,1.));
#9165=CARTESIAN_POINT('',(15.64,-0.519999999999987,1.));
#9166=CARTESIAN_POINT('',(10.0000007428601,-0.519999999999987,1.));
#9167=CARTESIAN_POINT('',(5.00000037143007,-0.519999999999987,1.));
#9168=CARTESIAN_POINT('',(15.64,-0.519999999999987,4.));
#9169=CARTESIAN_POINT('',(15.64,-0.519999999999987,1.));
#9170=CARTESIAN_POINT('',(10.0000007428601,-0.519999999999987,4.));
#9171=CARTESIAN_POINT('',(15.64,-0.519999999999987,4.));
#9172=CARTESIAN_POINT('',(10.0000007428601,-0.519999999999987,1.));
#9173=CARTESIAN_POINT('Origin',(10.0000007428601,-2.01999999999999,1.));
#9174=CARTESIAN_POINT('',(10.0000007428601,-2.01999999999999,1.));
#9175=CARTESIAN_POINT('',(10.0000007428601,-1.01,1.));
#9176=CARTESIAN_POINT('',(10.0000007428601,-2.01999999999999,4.));
#9177=CARTESIAN_POINT('',(10.0000007428601,-0.519999999999987,4.));
#9178=CARTESIAN_POINT('',(10.0000007428601,-2.01999999999999,1.));
#9179=CARTESIAN_POINT('Origin',(15.64,-2.01999999999999,1.));
#9180=CARTESIAN_POINT('',(15.64,-2.01999999999999,1.));
#9181=CARTESIAN_POINT('',(7.82000000000002,-2.01999999999999,1.));
#9182=CARTESIAN_POINT('',(15.64,-2.01999999999999,4.));
#9183=CARTESIAN_POINT('',(10.0000007428601,-2.01999999999999,4.));
#9184=CARTESIAN_POINT('',(15.64,-2.01999999999999,1.));
#9185=CARTESIAN_POINT('Origin',(10.0000007428601,-3.05999999999999,1.));
#9186=CARTESIAN_POINT('',(15.64,-3.05999999999999,1.));
#9187=CARTESIAN_POINT('',(10.0000007428601,-3.05999999999999,1.));
#9188=CARTESIAN_POINT('',(5.00000037143007,-3.05999999999999,1.));
#9189=CARTESIAN_POINT('',(15.64,-3.05999999999999,4.));
#9190=CARTESIAN_POINT('',(15.64,-3.05999999999999,1.));
#9191=CARTESIAN_POINT('',(10.0000007428601,-3.05999999999999,4.));
#9192=CARTESIAN_POINT('',(15.64,-3.05999999999999,4.));
#9193=CARTESIAN_POINT('',(10.0000007428601,-3.05999999999999,1.));
#9194=CARTESIAN_POINT('Origin',(10.0000007428601,-4.55999999999999,1.));
#9195=CARTESIAN_POINT('',(10.0000007428601,-4.55999999999999,1.));
#9196=CARTESIAN_POINT('',(10.0000007428601,-2.28,1.));
#9197=CARTESIAN_POINT('',(10.0000007428601,-4.55999999999999,4.));
#9198=CARTESIAN_POINT('',(10.0000007428601,-3.05999999999999,4.));
#9199=CARTESIAN_POINT('',(10.0000007428601,-4.55999999999999,1.));
#9200=CARTESIAN_POINT('Origin',(15.64,-4.55999999999999,1.));
#9201=CARTESIAN_POINT('',(15.64,-4.55999999999999,1.));
#9202=CARTESIAN_POINT('',(7.82000000000002,-4.55999999999999,1.));
#9203=CARTESIAN_POINT('',(15.64,-4.55999999999999,4.));
#9204=CARTESIAN_POINT('',(10.0000007428601,-4.55999999999999,4.));
#9205=CARTESIAN_POINT('',(15.64,-4.55999999999999,1.));
#9206=CARTESIAN_POINT('Origin',(10.0000007428601,-5.59999999999999,1.));
#9207=CARTESIAN_POINT('',(15.64,-5.59999999999999,1.));
#9208=CARTESIAN_POINT('',(10.0000007428601,-5.59999999999999,1.));
#9209=CARTESIAN_POINT('',(5.00000037143007,-5.59999999999999,1.));
#9210=CARTESIAN_POINT('',(15.64,-5.59999999999999,4.));
#9211=CARTESIAN_POINT('',(15.64,-5.59999999999999,1.));
#9212=CARTESIAN_POINT('',(10.0000007428601,-5.59999999999999,4.));
#9213=CARTESIAN_POINT('',(15.64,-5.59999999999999,4.));
#9214=CARTESIAN_POINT('',(10.0000007428601,-5.59999999999999,1.));
#9215=CARTESIAN_POINT('Origin',(10.0000007428601,-7.09999999999999,1.));
#9216=CARTESIAN_POINT('',(10.0000007428601,-7.09999999999999,1.));
#9217=CARTESIAN_POINT('',(10.0000007428601,-3.55,1.));
#9218=CARTESIAN_POINT('',(10.0000007428601,-7.09999999999999,4.));
#9219=CARTESIAN_POINT('',(10.0000007428601,-5.59999999999999,4.));
#9220=CARTESIAN_POINT('',(10.0000007428601,-7.09999999999999,1.));
#9221=CARTESIAN_POINT('Origin',(15.64,-7.09999999999999,1.));
#9222=CARTESIAN_POINT('',(15.64,-7.09999999999999,1.));
#9223=CARTESIAN_POINT('',(7.82000000000002,-7.09999999999999,1.));
#9224=CARTESIAN_POINT('',(15.64,-7.09999999999999,4.));
#9225=CARTESIAN_POINT('',(10.0000007428601,-7.09999999999999,4.));
#9226=CARTESIAN_POINT('',(15.64,-7.09999999999999,1.));
#9227=CARTESIAN_POINT('Origin',(10.0000007428601,-8.13999999999999,1.));
#9228=CARTESIAN_POINT('',(15.64,-8.13999999999999,1.));
#9229=CARTESIAN_POINT('',(10.0000007428601,-8.13999999999999,1.));
#9230=CARTESIAN_POINT('',(5.00000037143007,-8.13999999999999,1.));
#9231=CARTESIAN_POINT('',(15.64,-8.13999999999999,4.));
#9232=CARTESIAN_POINT('',(15.64,-8.13999999999999,1.));
#9233=CARTESIAN_POINT('',(10.0000007428601,-8.13999999999999,4.));
#9234=CARTESIAN_POINT('',(15.64,-8.13999999999999,4.));
#9235=CARTESIAN_POINT('',(10.0000007428601,-8.13999999999999,1.));
#9236=CARTESIAN_POINT('Origin',(10.0000007428601,-9.63999999999999,1.));
#9237=CARTESIAN_POINT('',(10.0000007428601,-9.63999999999999,1.));
#9238=CARTESIAN_POINT('',(10.0000007428601,-4.81999999999999,1.));
#9239=CARTESIAN_POINT('',(10.0000007428601,-9.63999999999999,4.));
#9240=CARTESIAN_POINT('',(10.0000007428601,-8.13999999999999,4.));
#9241=CARTESIAN_POINT('',(10.0000007428601,-9.63999999999999,1.));
#9242=CARTESIAN_POINT('Origin',(15.64,-9.63999999999999,1.));
#9243=CARTESIAN_POINT('',(15.64,-9.63999999999999,1.));
#9244=CARTESIAN_POINT('',(7.82000000000002,-9.63999999999999,1.));
#9245=CARTESIAN_POINT('',(15.64,-9.63999999999999,4.));
#9246=CARTESIAN_POINT('',(10.0000007428601,-9.63999999999999,4.));
#9247=CARTESIAN_POINT('',(15.64,-9.63999999999999,1.));
#9248=CARTESIAN_POINT('Origin',(10.0000007428601,-10.68,1.));
#9249=CARTESIAN_POINT('',(15.64,-10.68,1.));
#9250=CARTESIAN_POINT('',(10.0000007428601,-10.68,1.));
#9251=CARTESIAN_POINT('',(5.00000037143007,-10.68,1.));
#9252=CARTESIAN_POINT('',(15.64,-10.68,4.));
#9253=CARTESIAN_POINT('',(15.64,-10.68,1.));
#9254=CARTESIAN_POINT('',(10.0000007428601,-10.68,4.));
#9255=CARTESIAN_POINT('',(15.64,-10.68,4.));
#9256=CARTESIAN_POINT('',(10.0000007428601,-10.68,1.));
#9257=CARTESIAN_POINT('Origin',(10.0000007428601,-12.18,1.));
#9258=CARTESIAN_POINT('',(10.0000007428601,-12.18,1.));
#9259=CARTESIAN_POINT('',(10.0000007428601,-6.09,1.));
#9260=CARTESIAN_POINT('',(10.0000007428601,-12.18,4.));
#9261=CARTESIAN_POINT('',(10.0000007428601,-10.68,4.));
#9262=CARTESIAN_POINT('',(10.0000007428601,-12.18,1.));
#9263=CARTESIAN_POINT('Origin',(15.64,-12.18,1.));
#9264=CARTESIAN_POINT('',(15.64,-12.18,1.));
#9265=CARTESIAN_POINT('',(7.82000000000002,-12.18,1.));
#9266=CARTESIAN_POINT('',(15.64,-12.18,4.));
#9267=CARTESIAN_POINT('',(10.0000007428601,-12.18,4.));
#9268=CARTESIAN_POINT('',(15.64,-12.18,1.));
#9269=CARTESIAN_POINT('Origin',(10.0000007428601,-13.22,1.));
#9270=CARTESIAN_POINT('',(15.64,-13.22,1.));
#9271=CARTESIAN_POINT('',(10.0000007428601,-13.22,1.));
#9272=CARTESIAN_POINT('',(5.00000037143007,-13.22,1.));
#9273=CARTESIAN_POINT('',(15.64,-13.22,4.));
#9274=CARTESIAN_POINT('',(15.64,-13.22,1.));
#9275=CARTESIAN_POINT('',(10.0000007428601,-13.22,4.));
#9276=CARTESIAN_POINT('',(15.64,-13.22,4.));
#9277=CARTESIAN_POINT('',(10.0000007428601,-13.22,1.));
#9278=CARTESIAN_POINT('Origin',(10.0000007428601,-14.72,1.));
#9279=CARTESIAN_POINT('',(10.0000007428601,-14.72,1.));
#9280=CARTESIAN_POINT('',(10.0000007428601,-7.36,1.));
#9281=CARTESIAN_POINT('',(10.0000007428601,-14.72,4.));
#9282=CARTESIAN_POINT('',(10.0000007428601,-13.22,4.));
#9283=CARTESIAN_POINT('',(10.0000007428601,-14.72,1.));
#9284=CARTESIAN_POINT('Origin',(15.64,-14.72,1.));
#9285=CARTESIAN_POINT('',(15.64,-14.72,1.));
#9286=CARTESIAN_POINT('',(7.82000000000002,-14.72,1.));
#9287=CARTESIAN_POINT('',(15.64,-14.72,4.));
#9288=CARTESIAN_POINT('',(10.0000007428601,-14.72,4.));
#9289=CARTESIAN_POINT('',(15.64,-14.72,1.));
#9290=CARTESIAN_POINT('Origin',(10.0000007428601,-15.76,1.));
#9291=CARTESIAN_POINT('',(15.64,-15.76,1.));
#9292=CARTESIAN_POINT('',(10.0000007428601,-15.76,1.));
#9293=CARTESIAN_POINT('',(5.00000037143007,-15.76,1.));
#9294=CARTESIAN_POINT('',(15.64,-15.76,4.));
#9295=CARTESIAN_POINT('',(15.64,-15.76,1.));
#9296=CARTESIAN_POINT('',(10.0000007428601,-15.76,4.));
#9297=CARTESIAN_POINT('',(15.64,-15.76,4.));
#9298=CARTESIAN_POINT('',(10.0000007428601,-15.76,1.));
#9299=CARTESIAN_POINT('Origin',(10.0000007428601,-17.26,1.));
#9300=CARTESIAN_POINT('',(10.0000007428601,-17.26,1.));
#9301=CARTESIAN_POINT('',(10.0000007428601,-8.63,1.));
#9302=CARTESIAN_POINT('',(10.0000007428601,-17.26,4.));
#9303=CARTESIAN_POINT('',(10.0000007428601,-15.76,4.));
#9304=CARTESIAN_POINT('',(10.0000007428601,-17.26,1.));
#9305=CARTESIAN_POINT('Origin',(15.64,-17.26,1.));
#9306=CARTESIAN_POINT('',(15.64,-17.26,1.));
#9307=CARTESIAN_POINT('',(7.82000000000002,-17.26,1.));
#9308=CARTESIAN_POINT('',(15.64,-17.26,4.));
#9309=CARTESIAN_POINT('',(10.0000007428601,-17.26,4.));
#9310=CARTESIAN_POINT('',(15.64,-17.26,1.));
#9311=CARTESIAN_POINT('Origin',(10.0000007428601,-18.3,1.));
#9312=CARTESIAN_POINT('',(15.64,-18.3,1.));
#9313=CARTESIAN_POINT('',(10.0000007428601,-18.3,1.));
#9314=CARTESIAN_POINT('',(5.00000037143007,-18.3,1.));
#9315=CARTESIAN_POINT('',(15.64,-18.3,4.));
#9316=CARTESIAN_POINT('',(15.64,-18.3,1.));
#9317=CARTESIAN_POINT('',(10.0000007428601,-18.3,4.));
#9318=CARTESIAN_POINT('',(15.64,-18.3,4.));
#9319=CARTESIAN_POINT('',(10.0000007428601,-18.3,1.));
#9320=CARTESIAN_POINT('Origin',(10.0000007428601,-19.8,1.));
#9321=CARTESIAN_POINT('',(10.0000007428601,-19.8,1.));
#9322=CARTESIAN_POINT('',(10.0000007428601,-9.89999999999999,1.));
#9323=CARTESIAN_POINT('',(10.0000007428601,-19.8,4.));
#9324=CARTESIAN_POINT('',(10.0000007428601,-18.3,4.));
#9325=CARTESIAN_POINT('',(10.0000007428601,-19.8,1.));
#9326=CARTESIAN_POINT('Origin',(15.64,-19.8,1.));
#9327=CARTESIAN_POINT('',(15.64,-19.8,1.));
#9328=CARTESIAN_POINT('',(7.82000000000002,-19.8,1.));
#9329=CARTESIAN_POINT('',(15.64,-19.8,4.));
#9330=CARTESIAN_POINT('',(10.0000007428601,-19.8,4.));
#9331=CARTESIAN_POINT('',(15.64,-19.8,1.));
#9332=CARTESIAN_POINT('Origin',(10.0000007428601,-20.84,1.));
#9333=CARTESIAN_POINT('',(15.64,-20.84,1.));
#9334=CARTESIAN_POINT('',(10.0000007428601,-20.84,1.));
#9335=CARTESIAN_POINT('',(5.00000037143007,-20.84,1.));
#9336=CARTESIAN_POINT('',(15.64,-20.84,4.));
#9337=CARTESIAN_POINT('',(15.64,-20.84,1.));
#9338=CARTESIAN_POINT('',(10.0000007428601,-20.84,4.));
#9339=CARTESIAN_POINT('',(15.64,-20.84,4.));
#9340=CARTESIAN_POINT('',(10.0000007428601,-20.84,1.));
#9341=CARTESIAN_POINT('Origin',(10.0000007428601,-22.34,1.));
#9342=CARTESIAN_POINT('',(10.0000007428601,-22.34,1.));
#9343=CARTESIAN_POINT('',(10.0000007428601,-11.17,1.));
#9344=CARTESIAN_POINT('',(10.0000007428601,-22.34,4.));
#9345=CARTESIAN_POINT('',(10.0000007428601,-20.84,4.));
#9346=CARTESIAN_POINT('',(10.0000007428601,-22.34,1.));
#9347=CARTESIAN_POINT('Origin',(15.64,-22.34,1.));
#9348=CARTESIAN_POINT('',(15.64,-22.34,1.));
#9349=CARTESIAN_POINT('',(7.82000000000002,-22.34,1.));
#9350=CARTESIAN_POINT('',(15.64,-22.34,4.));
#9351=CARTESIAN_POINT('',(10.0000007428601,-22.34,4.));
#9352=CARTESIAN_POINT('',(15.64,-22.34,1.));
#9353=CARTESIAN_POINT('Origin',(10.0000007428601,-23.38,1.));
#9354=CARTESIAN_POINT('',(15.64,-23.38,1.));
#9355=CARTESIAN_POINT('',(10.0000007428601,-23.38,1.));
#9356=CARTESIAN_POINT('',(5.00000037143007,-23.38,1.));
#9357=CARTESIAN_POINT('',(15.64,-23.38,4.));
#9358=CARTESIAN_POINT('',(15.64,-23.38,1.));
#9359=CARTESIAN_POINT('',(10.0000007428601,-23.38,4.));
#9360=CARTESIAN_POINT('',(15.64,-23.38,4.));
#9361=CARTESIAN_POINT('',(10.0000007428601,-23.38,1.));
#9362=CARTESIAN_POINT('Origin',(10.0000007428601,-24.88,1.));
#9363=CARTESIAN_POINT('',(10.0000007428601,-24.88,1.));
#9364=CARTESIAN_POINT('',(10.0000007428601,-12.44,1.));
#9365=CARTESIAN_POINT('',(10.0000007428601,-24.88,4.));
#9366=CARTESIAN_POINT('',(10.0000007428601,-23.38,4.));
#9367=CARTESIAN_POINT('',(10.0000007428601,-24.88,1.));
#9368=CARTESIAN_POINT('Origin',(15.64,-24.88,1.));
#9369=CARTESIAN_POINT('',(15.64,-24.88,1.));
#9370=CARTESIAN_POINT('',(7.82000000000002,-24.88,1.));
#9371=CARTESIAN_POINT('',(15.64,-24.88,4.));
#9372=CARTESIAN_POINT('',(10.0000007428601,-24.88,4.));
#9373=CARTESIAN_POINT('',(15.64,-24.88,1.));
#9374=CARTESIAN_POINT('Origin',(-10.0000007428601,-24.88,1.));
#9375=CARTESIAN_POINT('',(-15.64,-24.88,1.));
#9376=CARTESIAN_POINT('',(-10.0000007428601,-24.88,1.));
#9377=CARTESIAN_POINT('',(-5.00000037143005,-24.88,1.));
#9378=CARTESIAN_POINT('',(-15.64,-24.88,4.));
#9379=CARTESIAN_POINT('',(-15.64,-24.88,1.));
#9380=CARTESIAN_POINT('',(-10.0000007428601,-24.88,4.));
#9381=CARTESIAN_POINT('',(-10.0000007428601,-24.88,4.));
#9382=CARTESIAN_POINT('',(-10.0000007428601,-24.88,1.));
#9383=CARTESIAN_POINT('Origin',(-10.0000007428601,-23.38,1.));
#9384=CARTESIAN_POINT('',(-10.0000007428601,-23.38,1.));
#9385=CARTESIAN_POINT('',(-10.0000007428601,-11.69,1.));
#9386=CARTESIAN_POINT('',(-10.0000007428601,-23.38,4.));
#9387=CARTESIAN_POINT('',(-10.0000007428601,-23.38,4.));
#9388=CARTESIAN_POINT('',(-10.0000007428601,-23.38,1.));
#9389=CARTESIAN_POINT('Origin',(-15.64,-23.38,1.));
#9390=CARTESIAN_POINT('',(-15.64,-23.38,1.));
#9391=CARTESIAN_POINT('',(-7.82,-23.38,1.));
#9392=CARTESIAN_POINT('',(-15.64,-23.38,4.));
#9393=CARTESIAN_POINT('',(-15.64,-23.38,4.));
#9394=CARTESIAN_POINT('',(-15.64,-23.38,1.));
#9395=CARTESIAN_POINT('Origin',(-10.0000007428601,-22.34,1.));
#9396=CARTESIAN_POINT('',(-15.64,-22.34,1.));
#9397=CARTESIAN_POINT('',(-10.0000007428601,-22.34,1.));
#9398=CARTESIAN_POINT('',(-5.00000037143005,-22.34,1.));
#9399=CARTESIAN_POINT('',(-15.64,-22.34,4.));
#9400=CARTESIAN_POINT('',(-15.64,-22.34,1.));
#9401=CARTESIAN_POINT('',(-10.0000007428601,-22.34,4.));
#9402=CARTESIAN_POINT('',(-10.0000007428601,-22.34,4.));
#9403=CARTESIAN_POINT('',(-10.0000007428601,-22.34,1.));
#9404=CARTESIAN_POINT('Origin',(-10.0000007428601,-20.84,1.));
#9405=CARTESIAN_POINT('',(-10.0000007428601,-20.84,1.));
#9406=CARTESIAN_POINT('',(-10.0000007428601,-10.42,1.));
#9407=CARTESIAN_POINT('',(-10.0000007428601,-20.84,4.));
#9408=CARTESIAN_POINT('',(-10.0000007428601,-20.84,4.));
#9409=CARTESIAN_POINT('',(-10.0000007428601,-20.84,1.));
#9410=CARTESIAN_POINT('Origin',(-15.64,-20.84,1.));
#9411=CARTESIAN_POINT('',(-15.64,-20.84,1.));
#9412=CARTESIAN_POINT('',(-7.82,-20.84,1.));
#9413=CARTESIAN_POINT('',(-15.64,-20.84,4.));
#9414=CARTESIAN_POINT('',(-15.64,-20.84,4.));
#9415=CARTESIAN_POINT('',(-15.64,-20.84,1.));
#9416=CARTESIAN_POINT('Origin',(-10.0000007428601,-19.8,1.));
#9417=CARTESIAN_POINT('',(-15.64,-19.8,1.));
#9418=CARTESIAN_POINT('',(-10.0000007428601,-19.8,1.));
#9419=CARTESIAN_POINT('',(-5.00000037143005,-19.8,1.));
#9420=CARTESIAN_POINT('',(-15.64,-19.8,4.));
#9421=CARTESIAN_POINT('',(-15.64,-19.8,1.));
#9422=CARTESIAN_POINT('',(-10.0000007428601,-19.8,4.));
#9423=CARTESIAN_POINT('',(-10.0000007428601,-19.8,4.));
#9424=CARTESIAN_POINT('',(-10.0000007428601,-19.8,1.));
#9425=CARTESIAN_POINT('Origin',(-10.0000007428601,-18.3,1.));
#9426=CARTESIAN_POINT('',(-10.0000007428601,-18.3,1.));
#9427=CARTESIAN_POINT('',(-10.0000007428601,-9.14999999999999,1.));
#9428=CARTESIAN_POINT('',(-10.0000007428601,-18.3,4.));
#9429=CARTESIAN_POINT('',(-10.0000007428601,-18.3,4.));
#9430=CARTESIAN_POINT('',(-10.0000007428601,-18.3,1.));
#9431=CARTESIAN_POINT('Origin',(-15.64,-18.3,1.));
#9432=CARTESIAN_POINT('',(-15.64,-18.3,1.));
#9433=CARTESIAN_POINT('',(-7.82,-18.3,1.));
#9434=CARTESIAN_POINT('',(-15.64,-18.3,4.));
#9435=CARTESIAN_POINT('',(-15.64,-18.3,4.));
#9436=CARTESIAN_POINT('',(-15.64,-18.3,1.));
#9437=CARTESIAN_POINT('Origin',(-10.0000007428601,-17.26,1.));
#9438=CARTESIAN_POINT('',(-15.64,-17.26,1.));
#9439=CARTESIAN_POINT('',(-10.0000007428601,-17.26,1.));
#9440=CARTESIAN_POINT('',(-5.00000037143005,-17.26,1.));
#9441=CARTESIAN_POINT('',(-15.64,-17.26,4.));
#9442=CARTESIAN_POINT('',(-15.64,-17.26,1.));
#9443=CARTESIAN_POINT('',(-10.0000007428601,-17.26,4.));
#9444=CARTESIAN_POINT('',(-10.0000007428601,-17.26,4.));
#9445=CARTESIAN_POINT('',(-10.0000007428601,-17.26,1.));
#9446=CARTESIAN_POINT('Origin',(-10.0000007428601,-15.76,1.));
#9447=CARTESIAN_POINT('',(-10.0000007428601,-15.76,1.));
#9448=CARTESIAN_POINT('',(-10.0000007428601,-7.87999999999999,1.));
#9449=CARTESIAN_POINT('',(-10.0000007428601,-15.76,4.));
#9450=CARTESIAN_POINT('',(-10.0000007428601,-15.76,4.));
#9451=CARTESIAN_POINT('',(-10.0000007428601,-15.76,1.));
#9452=CARTESIAN_POINT('Origin',(-15.64,-15.76,1.));
#9453=CARTESIAN_POINT('',(-15.64,-15.76,1.));
#9454=CARTESIAN_POINT('',(-7.82,-15.76,1.));
#9455=CARTESIAN_POINT('',(-15.64,-15.76,4.));
#9456=CARTESIAN_POINT('',(-15.64,-15.76,4.));
#9457=CARTESIAN_POINT('',(-15.64,-15.76,1.));
#9458=CARTESIAN_POINT('Origin',(-10.0000007428601,-14.72,1.));
#9459=CARTESIAN_POINT('',(-15.64,-14.72,1.));
#9460=CARTESIAN_POINT('',(-10.0000007428601,-14.72,1.));
#9461=CARTESIAN_POINT('',(-5.00000037143005,-14.72,1.));
#9462=CARTESIAN_POINT('',(-15.64,-14.72,4.));
#9463=CARTESIAN_POINT('',(-15.64,-14.72,1.));
#9464=CARTESIAN_POINT('',(-10.0000007428601,-14.72,4.));
#9465=CARTESIAN_POINT('',(-10.0000007428601,-14.72,4.));
#9466=CARTESIAN_POINT('',(-10.0000007428601,-14.72,1.));
#9467=CARTESIAN_POINT('Origin',(-10.0000007428601,-13.22,1.));
#9468=CARTESIAN_POINT('',(-10.0000007428601,-13.22,1.));
#9469=CARTESIAN_POINT('',(-10.0000007428601,-6.60999999999999,1.));
#9470=CARTESIAN_POINT('',(-10.0000007428601,-13.22,4.));
#9471=CARTESIAN_POINT('',(-10.0000007428601,-13.22,4.));
#9472=CARTESIAN_POINT('',(-10.0000007428601,-13.22,1.));
#9473=CARTESIAN_POINT('Origin',(-15.64,-13.22,1.));
#9474=CARTESIAN_POINT('',(-15.64,-13.22,1.));
#9475=CARTESIAN_POINT('',(-7.82,-13.22,1.));
#9476=CARTESIAN_POINT('',(-15.64,-13.22,4.));
#9477=CARTESIAN_POINT('',(-15.64,-13.22,4.));
#9478=CARTESIAN_POINT('',(-15.64,-13.22,1.));
#9479=CARTESIAN_POINT('Origin',(-10.0000007428601,-12.18,1.));
#9480=CARTESIAN_POINT('',(-15.64,-12.18,1.));
#9481=CARTESIAN_POINT('',(-10.0000007428601,-12.18,1.));
#9482=CARTESIAN_POINT('',(-5.00000037143005,-12.18,1.));
#9483=CARTESIAN_POINT('',(-15.64,-12.18,4.));
#9484=CARTESIAN_POINT('',(-15.64,-12.18,1.));
#9485=CARTESIAN_POINT('',(-10.0000007428601,-12.18,4.));
#9486=CARTESIAN_POINT('',(-10.0000007428601,-12.18,4.));
#9487=CARTESIAN_POINT('',(-10.0000007428601,-12.18,1.));
#9488=CARTESIAN_POINT('Origin',(-10.0000007428601,-10.68,1.));
#9489=CARTESIAN_POINT('',(-10.0000007428601,-10.68,1.));
#9490=CARTESIAN_POINT('',(-10.0000007428601,-5.33999999999999,1.));
#9491=CARTESIAN_POINT('',(-10.0000007428601,-10.68,4.));
#9492=CARTESIAN_POINT('',(-10.0000007428601,-10.68,4.));
#9493=CARTESIAN_POINT('',(-10.0000007428601,-10.68,1.));
#9494=CARTESIAN_POINT('Origin',(-15.64,-10.68,1.));
#9495=CARTESIAN_POINT('',(-15.64,-10.68,1.));
#9496=CARTESIAN_POINT('',(-7.82,-10.68,1.));
#9497=CARTESIAN_POINT('',(-15.64,-10.68,4.));
#9498=CARTESIAN_POINT('',(-15.64,-10.68,4.));
#9499=CARTESIAN_POINT('',(-15.64,-10.68,1.));
#9500=CARTESIAN_POINT('Origin',(-10.0000007428601,-9.63999999999999,1.));
#9501=CARTESIAN_POINT('',(-15.64,-9.63999999999999,1.));
#9502=CARTESIAN_POINT('',(-10.0000007428601,-9.63999999999999,1.));
#9503=CARTESIAN_POINT('',(-5.00000037143005,-9.63999999999999,1.));
#9504=CARTESIAN_POINT('',(-15.64,-9.63999999999999,4.));
#9505=CARTESIAN_POINT('',(-15.64,-9.63999999999999,1.));
#9506=CARTESIAN_POINT('',(-10.0000007428601,-9.63999999999999,4.));
#9507=CARTESIAN_POINT('',(-10.0000007428601,-9.63999999999999,4.));
#9508=CARTESIAN_POINT('',(-10.0000007428601,-9.63999999999999,1.));
#9509=CARTESIAN_POINT('Origin',(-10.0000007428601,-8.13999999999999,1.));
#9510=CARTESIAN_POINT('',(-10.0000007428601,-8.13999999999999,1.));
#9511=CARTESIAN_POINT('',(-10.0000007428601,-4.06999999999999,1.));
#9512=CARTESIAN_POINT('',(-10.0000007428601,-8.13999999999999,4.));
#9513=CARTESIAN_POINT('',(-10.0000007428601,-8.13999999999999,4.));
#9514=CARTESIAN_POINT('',(-10.0000007428601,-8.13999999999999,1.));
#9515=CARTESIAN_POINT('Origin',(-15.64,-8.13999999999999,1.));
#9516=CARTESIAN_POINT('',(-15.64,-8.13999999999999,1.));
#9517=CARTESIAN_POINT('',(-7.82,-8.13999999999999,1.));
#9518=CARTESIAN_POINT('',(-15.64,-8.13999999999999,4.));
#9519=CARTESIAN_POINT('',(-15.64,-8.13999999999999,4.));
#9520=CARTESIAN_POINT('',(-15.64,-8.13999999999999,1.));
#9521=CARTESIAN_POINT('Origin',(-10.0000007428601,-7.09999999999999,1.));
#9522=CARTESIAN_POINT('',(-15.64,-7.09999999999999,1.));
#9523=CARTESIAN_POINT('',(-10.0000007428601,-7.09999999999999,1.));
#9524=CARTESIAN_POINT('',(-5.00000037143005,-7.09999999999999,1.));
#9525=CARTESIAN_POINT('',(-15.64,-7.09999999999999,4.));
#9526=CARTESIAN_POINT('',(-15.64,-7.09999999999999,1.));
#9527=CARTESIAN_POINT('',(-10.0000007428601,-7.09999999999999,4.));
#9528=CARTESIAN_POINT('',(-10.0000007428601,-7.09999999999999,4.));
#9529=CARTESIAN_POINT('',(-10.0000007428601,-7.09999999999999,1.));
#9530=CARTESIAN_POINT('Origin',(-10.0000007428601,-5.59999999999999,1.));
#9531=CARTESIAN_POINT('',(-10.0000007428601,-5.59999999999999,1.));
#9532=CARTESIAN_POINT('',(-10.0000007428601,-2.79999999999999,1.));
#9533=CARTESIAN_POINT('',(-10.0000007428601,-5.59999999999999,4.));
#9534=CARTESIAN_POINT('',(-10.0000007428601,-5.59999999999999,4.));
#9535=CARTESIAN_POINT('',(-10.0000007428601,-5.59999999999999,1.));
#9536=CARTESIAN_POINT('Origin',(-15.64,-5.59999999999999,1.));
#9537=CARTESIAN_POINT('',(-15.64,-5.59999999999999,1.));
#9538=CARTESIAN_POINT('',(-7.82,-5.59999999999999,1.));
#9539=CARTESIAN_POINT('',(-15.64,-5.59999999999999,4.));
#9540=CARTESIAN_POINT('',(-15.64,-5.59999999999999,4.));
#9541=CARTESIAN_POINT('',(-15.64,-5.59999999999999,1.));
#9542=CARTESIAN_POINT('Origin',(-10.0000007428601,-4.55999999999999,1.));
#9543=CARTESIAN_POINT('',(-15.64,-4.55999999999999,1.));
#9544=CARTESIAN_POINT('',(-10.0000007428601,-4.55999999999999,1.));
#9545=CARTESIAN_POINT('',(-5.00000037143005,-4.55999999999999,1.));
#9546=CARTESIAN_POINT('',(-15.64,-4.55999999999999,4.));
#9547=CARTESIAN_POINT('',(-15.64,-4.55999999999999,1.));
#9548=CARTESIAN_POINT('',(-10.0000007428601,-4.55999999999999,4.));
#9549=CARTESIAN_POINT('',(-10.0000007428601,-4.55999999999999,4.));
#9550=CARTESIAN_POINT('',(-10.0000007428601,-4.55999999999999,1.));
#9551=CARTESIAN_POINT('Origin',(-10.0000007428601,-3.05999999999999,1.));
#9552=CARTESIAN_POINT('',(-10.0000007428601,-3.05999999999999,1.));
#9553=CARTESIAN_POINT('',(-10.0000007428601,-1.52999999999999,1.));
#9554=CARTESIAN_POINT('',(-10.0000007428601,-3.05999999999999,4.));
#9555=CARTESIAN_POINT('',(-10.0000007428601,-3.05999999999999,4.));
#9556=CARTESIAN_POINT('',(-10.0000007428601,-3.05999999999999,1.));
#9557=CARTESIAN_POINT('Origin',(-15.64,-3.05999999999999,1.));
#9558=CARTESIAN_POINT('',(-15.64,-3.05999999999999,1.));
#9559=CARTESIAN_POINT('',(-7.82,-3.05999999999999,1.));
#9560=CARTESIAN_POINT('',(-15.64,-3.05999999999999,4.));
#9561=CARTESIAN_POINT('',(-15.64,-3.05999999999999,4.));
#9562=CARTESIAN_POINT('',(-15.64,-3.05999999999999,1.));
#9563=CARTESIAN_POINT('Origin',(-10.0000007428601,-2.01999999999999,1.));
#9564=CARTESIAN_POINT('',(-15.64,-2.01999999999999,1.));
#9565=CARTESIAN_POINT('',(-10.0000007428601,-2.01999999999999,1.));
#9566=CARTESIAN_POINT('',(-5.00000037143005,-2.01999999999999,1.));
#9567=CARTESIAN_POINT('',(-15.64,-2.01999999999999,4.));
#9568=CARTESIAN_POINT('',(-15.64,-2.01999999999999,1.));
#9569=CARTESIAN_POINT('',(-10.0000007428601,-2.01999999999999,4.));
#9570=CARTESIAN_POINT('',(-10.0000007428601,-2.01999999999999,4.));
#9571=CARTESIAN_POINT('',(-10.0000007428601,-2.01999999999999,1.));
#9572=CARTESIAN_POINT('Origin',(-10.0000007428601,-0.519999999999987,1.));
#9573=CARTESIAN_POINT('',(-10.0000007428601,-0.519999999999987,1.));
#9574=CARTESIAN_POINT('',(-10.0000007428601,-0.259999999999994,1.));
#9575=CARTESIAN_POINT('',(-10.0000007428601,-0.519999999999987,4.));
#9576=CARTESIAN_POINT('',(-10.0000007428601,-0.519999999999987,4.));
#9577=CARTESIAN_POINT('',(-10.0000007428601,-0.519999999999987,1.));
#9578=CARTESIAN_POINT('Origin',(-15.64,-0.519999999999987,1.));
#9579=CARTESIAN_POINT('',(-15.64,-0.519999999999987,1.));
#9580=CARTESIAN_POINT('',(-7.82,-0.519999999999987,1.));
#9581=CARTESIAN_POINT('',(-15.64,-0.519999999999987,4.));
#9582=CARTESIAN_POINT('',(-15.64,-0.519999999999987,4.));
#9583=CARTESIAN_POINT('',(-15.64,-0.519999999999987,1.));
#9584=CARTESIAN_POINT('Origin',(-10.0000007428601,0.520000000000009,1.));
#9585=CARTESIAN_POINT('',(-15.64,0.520000000000009,1.));
#9586=CARTESIAN_POINT('',(-10.0000007428601,0.520000000000009,1.));
#9587=CARTESIAN_POINT('',(-5.00000037143005,0.520000000000009,1.));
#9588=CARTESIAN_POINT('',(-15.64,0.520000000000009,4.));
#9589=CARTESIAN_POINT('',(-15.64,0.520000000000009,1.));
#9590=CARTESIAN_POINT('',(-10.0000007428601,0.520000000000009,4.));
#9591=CARTESIAN_POINT('',(-10.0000007428601,0.520000000000009,4.));
#9592=CARTESIAN_POINT('',(-10.0000007428601,0.520000000000009,1.));
#9593=CARTESIAN_POINT('Origin',(-10.0000007428601,2.02000000000001,1.));
#9594=CARTESIAN_POINT('',(-10.0000007428601,2.02000000000001,1.));
#9595=CARTESIAN_POINT('',(-10.0000007428601,1.01000000000001,1.));
#9596=CARTESIAN_POINT('',(-10.0000007428601,2.02000000000001,4.));
#9597=CARTESIAN_POINT('',(-10.0000007428601,2.02000000000001,4.));
#9598=CARTESIAN_POINT('',(-10.0000007428601,2.02000000000001,1.));
#9599=CARTESIAN_POINT('Origin',(-15.64,2.02000000000001,1.));
#9600=CARTESIAN_POINT('',(-15.64,2.02000000000001,1.));
#9601=CARTESIAN_POINT('',(-7.82,2.02000000000001,1.));
#9602=CARTESIAN_POINT('',(-15.64,2.02000000000001,4.));
#9603=CARTESIAN_POINT('',(-15.64,2.02000000000001,4.));
#9604=CARTESIAN_POINT('',(-15.64,2.02000000000001,1.));
#9605=CARTESIAN_POINT('Origin',(-10.0000007428601,3.06000000000001,1.));
#9606=CARTESIAN_POINT('',(-15.64,3.06000000000001,1.));
#9607=CARTESIAN_POINT('',(-10.0000007428601,3.06000000000001,1.));
#9608=CARTESIAN_POINT('',(-5.00000037143005,3.06000000000001,1.));
#9609=CARTESIAN_POINT('',(-15.64,3.06000000000001,4.));
#9610=CARTESIAN_POINT('',(-15.64,3.06000000000001,1.));
#9611=CARTESIAN_POINT('',(-10.0000007428601,3.06000000000001,4.));
#9612=CARTESIAN_POINT('',(-10.0000007428601,3.06000000000001,4.));
#9613=CARTESIAN_POINT('',(-10.0000007428601,3.06000000000001,1.));
#9614=CARTESIAN_POINT('Origin',(-10.0000007428601,4.56000000000001,1.));
#9615=CARTESIAN_POINT('',(-10.0000007428601,4.56000000000001,1.));
#9616=CARTESIAN_POINT('',(-10.0000007428601,2.28000000000001,1.));
#9617=CARTESIAN_POINT('',(-10.0000007428601,4.56000000000001,4.));
#9618=CARTESIAN_POINT('',(-10.0000007428601,4.56000000000001,4.));
#9619=CARTESIAN_POINT('',(-10.0000007428601,4.56000000000001,1.));
#9620=CARTESIAN_POINT('Origin',(-15.64,4.56000000000001,1.));
#9621=CARTESIAN_POINT('',(-15.64,4.56000000000001,1.));
#9622=CARTESIAN_POINT('',(-7.82,4.56000000000001,1.));
#9623=CARTESIAN_POINT('',(-15.64,4.56000000000001,4.));
#9624=CARTESIAN_POINT('',(-15.64,4.56000000000001,4.));
#9625=CARTESIAN_POINT('',(-15.64,4.56000000000001,1.));
#9626=CARTESIAN_POINT('Origin',(-10.0000007428601,5.60000000000001,1.));
#9627=CARTESIAN_POINT('',(-15.64,5.60000000000001,1.));
#9628=CARTESIAN_POINT('',(-10.0000007428601,5.60000000000001,1.));
#9629=CARTESIAN_POINT('',(-5.00000037143005,5.60000000000001,1.));
#9630=CARTESIAN_POINT('',(-15.64,5.60000000000001,4.));
#9631=CARTESIAN_POINT('',(-15.64,5.60000000000001,1.));
#9632=CARTESIAN_POINT('',(-10.0000007428601,5.60000000000001,4.));
#9633=CARTESIAN_POINT('',(-10.0000007428601,5.60000000000001,4.));
#9634=CARTESIAN_POINT('',(-10.0000007428601,5.60000000000001,1.));
#9635=CARTESIAN_POINT('Origin',(-10.0000007428601,7.10000000000001,1.));
#9636=CARTESIAN_POINT('',(-10.0000007428601,7.10000000000001,1.));
#9637=CARTESIAN_POINT('',(-10.0000007428601,3.55000000000001,1.));
#9638=CARTESIAN_POINT('',(-10.0000007428601,7.10000000000001,4.));
#9639=CARTESIAN_POINT('',(-10.0000007428601,7.10000000000001,4.));
#9640=CARTESIAN_POINT('',(-10.0000007428601,7.10000000000001,1.));
#9641=CARTESIAN_POINT('Origin',(-15.64,7.10000000000001,1.));
#9642=CARTESIAN_POINT('',(-15.64,7.10000000000001,1.));
#9643=CARTESIAN_POINT('',(-7.82,7.10000000000001,1.));
#9644=CARTESIAN_POINT('',(-15.64,7.10000000000001,4.));
#9645=CARTESIAN_POINT('',(-15.64,7.10000000000001,4.));
#9646=CARTESIAN_POINT('',(-15.64,7.10000000000001,1.));
#9647=CARTESIAN_POINT('Origin',(-10.0000007428601,8.14000000000001,1.));
#9648=CARTESIAN_POINT('',(-15.64,8.14000000000001,1.));
#9649=CARTESIAN_POINT('',(-10.0000007428601,8.14000000000001,1.));
#9650=CARTESIAN_POINT('',(-5.00000037143005,8.14000000000001,1.));
#9651=CARTESIAN_POINT('',(-15.64,8.14000000000001,4.));
#9652=CARTESIAN_POINT('',(-15.64,8.14000000000001,1.));
#9653=CARTESIAN_POINT('',(-10.0000007428601,8.14000000000001,4.));
#9654=CARTESIAN_POINT('',(-10.0000007428601,8.14000000000001,4.));
#9655=CARTESIAN_POINT('',(-10.0000007428601,8.14000000000001,1.));
#9656=CARTESIAN_POINT('Origin',(-10.0000007428601,9.64000000000001,1.));
#9657=CARTESIAN_POINT('',(-10.0000007428601,9.64000000000001,1.));
#9658=CARTESIAN_POINT('',(-10.0000007428601,4.82000000000001,1.));
#9659=CARTESIAN_POINT('',(-10.0000007428601,9.64000000000001,4.));
#9660=CARTESIAN_POINT('',(-10.0000007428601,9.64000000000001,4.));
#9661=CARTESIAN_POINT('',(-10.0000007428601,9.64000000000001,1.));
#9662=CARTESIAN_POINT('Origin',(-15.64,9.64000000000001,1.));
#9663=CARTESIAN_POINT('',(-15.64,9.64000000000001,1.));
#9664=CARTESIAN_POINT('',(-7.82,9.64000000000001,1.));
#9665=CARTESIAN_POINT('',(-15.64,9.64000000000001,4.));
#9666=CARTESIAN_POINT('',(-15.64,9.64000000000001,4.));
#9667=CARTESIAN_POINT('',(-15.64,9.64000000000001,1.));
#9668=CARTESIAN_POINT('Origin',(-10.0000007428601,10.68,1.));
#9669=CARTESIAN_POINT('',(-15.64,10.68,1.));
#9670=CARTESIAN_POINT('',(-10.0000007428601,10.68,1.));
#9671=CARTESIAN_POINT('',(-5.00000037143005,10.68,1.));
#9672=CARTESIAN_POINT('',(-15.64,10.68,4.));
#9673=CARTESIAN_POINT('',(-15.64,10.68,1.));
#9674=CARTESIAN_POINT('',(-10.0000007428601,10.68,4.));
#9675=CARTESIAN_POINT('',(-10.0000007428601,10.68,4.));
#9676=CARTESIAN_POINT('',(-10.0000007428601,10.68,1.));
#9677=CARTESIAN_POINT('Origin',(-10.0000007428601,12.18,1.));
#9678=CARTESIAN_POINT('',(-10.0000007428601,12.18,1.));
#9679=CARTESIAN_POINT('',(-10.0000007428601,6.09000000000001,1.));
#9680=CARTESIAN_POINT('',(-10.0000007428601,12.18,4.));
#9681=CARTESIAN_POINT('',(-10.0000007428601,12.18,4.));
#9682=CARTESIAN_POINT('',(-10.0000007428601,12.18,1.));
#9683=CARTESIAN_POINT('Origin',(-15.64,12.18,1.));
#9684=CARTESIAN_POINT('',(-15.64,12.18,1.));
#9685=CARTESIAN_POINT('',(-7.82,12.18,1.));
#9686=CARTESIAN_POINT('',(-15.64,12.18,4.));
#9687=CARTESIAN_POINT('',(-15.64,12.18,4.));
#9688=CARTESIAN_POINT('',(-15.64,12.18,1.));
#9689=CARTESIAN_POINT('Origin',(-10.0000007428601,13.22,1.));
#9690=CARTESIAN_POINT('',(-15.64,13.22,1.));
#9691=CARTESIAN_POINT('',(-10.0000007428601,13.22,1.));
#9692=CARTESIAN_POINT('',(-5.00000037143005,13.22,1.));
#9693=CARTESIAN_POINT('',(-15.64,13.22,4.));
#9694=CARTESIAN_POINT('',(-15.64,13.22,1.));
#9695=CARTESIAN_POINT('',(-10.0000007428601,13.22,4.));
#9696=CARTESIAN_POINT('',(-10.0000007428601,13.22,4.));
#9697=CARTESIAN_POINT('',(-10.0000007428601,13.22,1.));
#9698=CARTESIAN_POINT('Origin',(-10.0000007428601,14.72,1.));
#9699=CARTESIAN_POINT('',(-10.0000007428601,14.72,1.));
#9700=CARTESIAN_POINT('',(-10.0000007428601,7.36000000000001,1.));
#9701=CARTESIAN_POINT('',(-10.0000007428601,14.72,4.));
#9702=CARTESIAN_POINT('',(-10.0000007428601,14.72,4.));
#9703=CARTESIAN_POINT('',(-10.0000007428601,14.72,1.));
#9704=CARTESIAN_POINT('Origin',(-15.64,14.72,1.));
#9705=CARTESIAN_POINT('',(-15.64,14.72,1.));
#9706=CARTESIAN_POINT('',(-7.82,14.72,1.));
#9707=CARTESIAN_POINT('',(-15.64,14.72,4.));
#9708=CARTESIAN_POINT('',(-15.64,14.72,4.));
#9709=CARTESIAN_POINT('',(-15.64,14.72,1.));
#9710=CARTESIAN_POINT('Origin',(-10.0000007428601,15.76,1.));
#9711=CARTESIAN_POINT('',(-15.64,15.76,1.));
#9712=CARTESIAN_POINT('',(-10.0000007428601,15.76,1.));
#9713=CARTESIAN_POINT('',(-5.00000037143005,15.76,1.));
#9714=CARTESIAN_POINT('',(-15.64,15.76,4.));
#9715=CARTESIAN_POINT('',(-15.64,15.76,1.));
#9716=CARTESIAN_POINT('',(-10.0000007428601,15.76,4.));
#9717=CARTESIAN_POINT('',(-10.0000007428601,15.76,4.));
#9718=CARTESIAN_POINT('',(-10.0000007428601,15.76,1.));
#9719=CARTESIAN_POINT('Origin',(-10.0000007428601,17.26,1.));
#9720=CARTESIAN_POINT('',(-10.0000007428601,17.26,1.));
#9721=CARTESIAN_POINT('',(-10.0000007428601,8.63000000000001,1.));
#9722=CARTESIAN_POINT('',(-10.0000007428601,17.26,4.));
#9723=CARTESIAN_POINT('',(-10.0000007428601,17.26,4.));
#9724=CARTESIAN_POINT('',(-10.0000007428601,17.26,1.));
#9725=CARTESIAN_POINT('Origin',(-15.64,17.26,1.));
#9726=CARTESIAN_POINT('',(-15.64,17.26,1.));
#9727=CARTESIAN_POINT('',(-7.82,17.26,1.));
#9728=CARTESIAN_POINT('',(-15.64,17.26,4.));
#9729=CARTESIAN_POINT('',(-15.64,17.26,4.));
#9730=CARTESIAN_POINT('',(-15.64,17.26,1.));
#9731=CARTESIAN_POINT('Origin',(-10.0000007428601,18.3,1.));
#9732=CARTESIAN_POINT('',(-15.64,18.3,1.));
#9733=CARTESIAN_POINT('',(-10.0000007428601,18.3,1.));
#9734=CARTESIAN_POINT('',(-5.00000037143005,18.3,1.));
#9735=CARTESIAN_POINT('',(-15.64,18.3,4.));
#9736=CARTESIAN_POINT('',(-15.64,18.3,1.));
#9737=CARTESIAN_POINT('',(-10.0000007428601,18.3,4.));
#9738=CARTESIAN_POINT('',(-10.0000007428601,18.3,4.));
#9739=CARTESIAN_POINT('',(-10.0000007428601,18.3,1.));
#9740=CARTESIAN_POINT('Origin',(-10.0000007428601,19.8,1.));
#9741=CARTESIAN_POINT('',(-10.0000007428601,19.8,1.));
#9742=CARTESIAN_POINT('',(-10.0000007428601,9.90000000000001,1.));
#9743=CARTESIAN_POINT('',(-10.0000007428601,19.8,4.));
#9744=CARTESIAN_POINT('',(-10.0000007428601,19.8,4.));
#9745=CARTESIAN_POINT('',(-10.0000007428601,19.8,1.));
#9746=CARTESIAN_POINT('Origin',(-15.64,19.8,1.));
#9747=CARTESIAN_POINT('',(-15.64,19.8,1.));
#9748=CARTESIAN_POINT('',(-7.82,19.8,1.));
#9749=CARTESIAN_POINT('',(-15.64,19.8,4.));
#9750=CARTESIAN_POINT('',(-15.64,19.8,4.));
#9751=CARTESIAN_POINT('',(-15.64,19.8,1.));
#9752=CARTESIAN_POINT('Origin',(-10.0000007428601,20.84,1.));
#9753=CARTESIAN_POINT('',(-15.64,20.84,1.));
#9754=CARTESIAN_POINT('',(-10.0000007428601,20.84,1.));
#9755=CARTESIAN_POINT('',(-5.00000037143005,20.84,1.));
#9756=CARTESIAN_POINT('',(-15.64,20.84,4.));
#9757=CARTESIAN_POINT('',(-15.64,20.84,1.));
#9758=CARTESIAN_POINT('',(-10.0000007428601,20.84,4.));
#9759=CARTESIAN_POINT('',(-10.0000007428601,20.84,4.));
#9760=CARTESIAN_POINT('',(-10.0000007428601,20.84,1.));
#9761=CARTESIAN_POINT('Origin',(-10.0000007428601,22.34,1.));
#9762=CARTESIAN_POINT('',(-10.0000007428601,22.34,1.));
#9763=CARTESIAN_POINT('',(-10.0000007428601,11.17,1.));
#9764=CARTESIAN_POINT('',(-10.0000007428601,22.34,4.));
#9765=CARTESIAN_POINT('',(-10.0000007428601,22.34,4.));
#9766=CARTESIAN_POINT('',(-10.0000007428601,22.34,1.));
#9767=CARTESIAN_POINT('Origin',(-15.64,22.34,1.));
#9768=CARTESIAN_POINT('',(-15.64,22.34,1.));
#9769=CARTESIAN_POINT('',(-7.82,22.34,1.));
#9770=CARTESIAN_POINT('',(-15.64,22.34,4.));
#9771=CARTESIAN_POINT('',(-15.64,22.34,4.));
#9772=CARTESIAN_POINT('',(-15.64,22.34,1.));
#9773=CARTESIAN_POINT('Origin',(-10.0000007428601,23.38,1.));
#9774=CARTESIAN_POINT('',(-15.64,23.38,1.));
#9775=CARTESIAN_POINT('',(-10.0000007428601,23.38,1.));
#9776=CARTESIAN_POINT('',(-5.00000037143005,23.38,1.));
#9777=CARTESIAN_POINT('',(-15.64,23.38,4.));
#9778=CARTESIAN_POINT('',(-15.64,23.38,1.));
#9779=CARTESIAN_POINT('',(-10.0000007428601,23.38,4.));
#9780=CARTESIAN_POINT('',(-10.0000007428601,23.38,4.));
#9781=CARTESIAN_POINT('',(-10.0000007428601,23.38,1.));
#9782=CARTESIAN_POINT('Origin',(-10.0000007428601,24.88,1.));
#9783=CARTESIAN_POINT('',(-10.0000007428601,24.88,1.));
#9784=CARTESIAN_POINT('',(-10.0000007428601,12.44,1.));
#9785=CARTESIAN_POINT('',(-10.0000007428601,24.88,4.));
#9786=CARTESIAN_POINT('',(-10.0000007428601,24.88,4.));
#9787=CARTESIAN_POINT('',(-10.0000007428601,24.88,1.));
#9788=CARTESIAN_POINT('Origin',(-15.64,24.88,1.));
#9789=CARTESIAN_POINT('',(-15.64,24.88,1.));
#9790=CARTESIAN_POINT('',(-7.82,24.88,1.));
#9791=CARTESIAN_POINT('',(-15.64,24.88,4.));
#9792=CARTESIAN_POINT('',(-15.64,24.88,4.));
#9793=CARTESIAN_POINT('',(-15.64,24.88,1.));
#9794=CARTESIAN_POINT('Origin',(0.,4.44089209850063E-15,4.));
#9795=CARTESIAN_POINT('',(15.64,26.655,4.));
#9796=CARTESIAN_POINT('',(15.64,-26.655,4.));
#9797=CARTESIAN_POINT('',(-15.64,26.655,4.));
#9798=CARTESIAN_POINT('',(15.64,26.655,4.));
#9799=CARTESIAN_POINT('',(-15.64,26.655,4.));
#9800=CARTESIAN_POINT('',(-15.64,26.655,4.));
#9801=CARTESIAN_POINT('',(-15.64,26.655,4.));
#9802=CARTESIAN_POINT('',(-15.64,26.655,4.));
#9803=CARTESIAN_POINT('',(-15.64,26.655,4.));
#9804=CARTESIAN_POINT('',(-15.64,26.655,4.));
#9805=CARTESIAN_POINT('',(-15.64,26.655,4.));
#9806=CARTESIAN_POINT('',(-15.64,26.655,4.));
#9807=CARTESIAN_POINT('',(-15.64,26.655,4.));
#9808=CARTESIAN_POINT('',(-15.64,26.655,4.));
#9809=CARTESIAN_POINT('',(-15.64,26.655,4.));
#9810=CARTESIAN_POINT('',(-15.64,26.655,4.));
#9811=CARTESIAN_POINT('',(-15.64,26.655,4.));
#9812=CARTESIAN_POINT('',(-15.64,26.655,4.));
#9813=CARTESIAN_POINT('',(-15.64,26.655,4.));
#9814=CARTESIAN_POINT('',(-15.64,26.655,4.));
#9815=CARTESIAN_POINT('',(-15.64,26.655,4.));
#9816=CARTESIAN_POINT('',(-15.64,26.655,4.));
#9817=CARTESIAN_POINT('',(-15.64,26.655,4.));
#9818=CARTESIAN_POINT('',(-15.64,26.655,4.));
#9819=CARTESIAN_POINT('',(-15.64,-26.655,4.));
#9820=CARTESIAN_POINT('',(-15.64,26.655,4.));
#9821=CARTESIAN_POINT('',(15.64,-26.655,4.));
#9822=CARTESIAN_POINT('',(-15.64,-26.655,4.));
#9823=CARTESIAN_POINT('',(15.64,-26.655,4.));
#9824=CARTESIAN_POINT('',(15.64,-26.655,4.));
#9825=CARTESIAN_POINT('',(15.64,-26.655,4.));
#9826=CARTESIAN_POINT('',(15.64,-26.655,4.));
#9827=CARTESIAN_POINT('',(15.64,-26.655,4.));
#9828=CARTESIAN_POINT('',(15.64,-26.655,4.));
#9829=CARTESIAN_POINT('',(15.64,-26.655,4.));
#9830=CARTESIAN_POINT('',(15.64,-26.655,4.));
#9831=CARTESIAN_POINT('',(15.64,-26.655,4.));
#9832=CARTESIAN_POINT('',(15.64,-26.655,4.));
#9833=CARTESIAN_POINT('',(15.64,-26.655,4.));
#9834=CARTESIAN_POINT('',(15.64,-26.655,4.));
#9835=CARTESIAN_POINT('',(15.64,-26.655,4.));
#9836=CARTESIAN_POINT('',(15.64,-26.655,4.));
#9837=CARTESIAN_POINT('',(15.64,-26.655,4.));
#9838=CARTESIAN_POINT('',(15.64,-26.655,4.));
#9839=CARTESIAN_POINT('',(15.64,-26.655,4.));
#9840=CARTESIAN_POINT('',(15.64,-26.655,4.));
#9841=CARTESIAN_POINT('',(15.64,-26.655,4.));
#9842=CARTESIAN_POINT('',(15.64,-26.655,4.));
#9843=CARTESIAN_POINT('Origin',(1.99840144432528E-14,0.,1.));
#9844=CARTESIAN_POINT('',(-15.64,26.655,1.));
#9845=CARTESIAN_POINT('',(-13.64,-22.115,1.));
#9846=CARTESIAN_POINT('',(-13.64,-21.065,1.));
#9847=CARTESIAN_POINT('',(-13.64,-21.065,1.));
#9848=CARTESIAN_POINT('',(-11.14,-21.065,1.));
#9849=CARTESIAN_POINT('',(-11.14,-21.065,1.));
#9850=CARTESIAN_POINT('',(-11.14,-22.115,1.));
#9851=CARTESIAN_POINT('',(-11.14,-22.115,1.));
#9852=CARTESIAN_POINT('',(-13.64,-22.115,1.));
#9853=CARTESIAN_POINT('Origin',(1.99840144432528E-14,0.,1.));
#9854=CARTESIAN_POINT('',(-15.64,26.655,1.));
#9855=CARTESIAN_POINT('',(-13.64,-19.575,1.));
#9856=CARTESIAN_POINT('',(-13.64,-18.525,1.));
#9857=CARTESIAN_POINT('',(-13.64,-18.525,1.));
#9858=CARTESIAN_POINT('',(-11.14,-18.525,1.));
#9859=CARTESIAN_POINT('',(-11.14,-18.525,1.));
#9860=CARTESIAN_POINT('',(-11.14,-19.575,1.));
#9861=CARTESIAN_POINT('',(-11.14,-19.575,1.));
#9862=CARTESIAN_POINT('',(-13.64,-19.575,1.));
#9863=CARTESIAN_POINT('Origin',(1.99840144432528E-14,0.,1.));
#9864=CARTESIAN_POINT('',(-15.64,26.655,1.));
#9865=CARTESIAN_POINT('',(-13.64,-17.035,1.));
#9866=CARTESIAN_POINT('',(-13.64,-15.985,1.));
#9867=CARTESIAN_POINT('',(-13.64,-15.985,1.));
#9868=CARTESIAN_POINT('',(-11.14,-15.985,1.));
#9869=CARTESIAN_POINT('',(-11.14,-15.985,1.));
#9870=CARTESIAN_POINT('',(-11.14,-17.035,1.));
#9871=CARTESIAN_POINT('',(-11.14,-17.035,1.));
#9872=CARTESIAN_POINT('',(-13.64,-17.035,1.));
#9873=CARTESIAN_POINT('Origin',(1.99840144432528E-14,0.,1.));
#9874=CARTESIAN_POINT('',(-15.64,26.655,1.));
#9875=CARTESIAN_POINT('',(-13.64,-14.495,1.));
#9876=CARTESIAN_POINT('',(-13.64,-13.445,1.));
#9877=CARTESIAN_POINT('',(-13.64,-13.445,1.));
#9878=CARTESIAN_POINT('',(-11.14,-13.445,1.));
#9879=CARTESIAN_POINT('',(-11.14,-13.445,1.));
#9880=CARTESIAN_POINT('',(-11.14,-14.495,1.));
#9881=CARTESIAN_POINT('',(-11.14,-14.495,1.));
#9882=CARTESIAN_POINT('',(-13.64,-14.495,1.));
#9883=CARTESIAN_POINT('Origin',(1.99840144432528E-14,0.,1.));
#9884=CARTESIAN_POINT('',(-15.64,26.655,1.));
#9885=CARTESIAN_POINT('',(-13.64,-11.955,1.));
#9886=CARTESIAN_POINT('',(-13.64,-10.905,1.));
#9887=CARTESIAN_POINT('',(-13.64,-10.905,1.));
#9888=CARTESIAN_POINT('',(-11.14,-10.905,1.));
#9889=CARTESIAN_POINT('',(-11.14,-10.905,1.));
#9890=CARTESIAN_POINT('',(-11.14,-11.955,1.));
#9891=CARTESIAN_POINT('',(-11.14,-11.955,1.));
#9892=CARTESIAN_POINT('',(-13.64,-11.955,1.));
#9893=CARTESIAN_POINT('Origin',(1.99840144432528E-14,0.,1.));
#9894=CARTESIAN_POINT('',(-15.64,26.655,1.));
#9895=CARTESIAN_POINT('',(-13.64,-9.41499999999999,1.));
#9896=CARTESIAN_POINT('',(-13.64,-8.36499999999999,1.));
#9897=CARTESIAN_POINT('',(-13.64,-8.36499999999999,1.));
#9898=CARTESIAN_POINT('',(-11.14,-8.36499999999999,1.));
#9899=CARTESIAN_POINT('',(-11.14,-8.36499999999999,1.));
#9900=CARTESIAN_POINT('',(-11.14,-9.41499999999999,1.));
#9901=CARTESIAN_POINT('',(-11.14,-9.41499999999999,1.));
#9902=CARTESIAN_POINT('',(-13.64,-9.41499999999999,1.));
#9903=CARTESIAN_POINT('Origin',(1.99840144432528E-14,0.,1.));
#9904=CARTESIAN_POINT('',(-15.64,26.655,1.));
#9905=CARTESIAN_POINT('',(-13.64,-6.87499999999999,1.));
#9906=CARTESIAN_POINT('',(-13.64,-5.82499999999999,1.));
#9907=CARTESIAN_POINT('',(-13.64,-5.82499999999999,1.));
#9908=CARTESIAN_POINT('',(-11.14,-5.82499999999999,1.));
#9909=CARTESIAN_POINT('',(-11.14,-5.82499999999999,1.));
#9910=CARTESIAN_POINT('',(-11.14,-6.87499999999999,1.));
#9911=CARTESIAN_POINT('',(-11.14,-6.87499999999999,1.));
#9912=CARTESIAN_POINT('',(-13.64,-6.87499999999999,1.));
#9913=CARTESIAN_POINT('Origin',(1.99840144432528E-14,0.,1.));
#9914=CARTESIAN_POINT('',(-15.64,26.655,1.));
#9915=CARTESIAN_POINT('',(-13.64,-4.33499999999999,1.));
#9916=CARTESIAN_POINT('',(-13.64,-3.28499999999999,1.));
#9917=CARTESIAN_POINT('',(-13.64,-3.28499999999999,1.));
#9918=CARTESIAN_POINT('',(-11.14,-3.28499999999999,1.));
#9919=CARTESIAN_POINT('',(-11.14,-3.28499999999999,1.));
#9920=CARTESIAN_POINT('',(-11.14,-4.33499999999999,1.));
#9921=CARTESIAN_POINT('',(-11.14,-4.33499999999999,1.));
#9922=CARTESIAN_POINT('',(-13.64,-4.33499999999999,1.));
#9923=CARTESIAN_POINT('Origin',(1.99840144432528E-14,0.,1.));
#9924=CARTESIAN_POINT('',(-15.64,26.655,1.));
#9925=CARTESIAN_POINT('',(-13.64,-1.79499999999999,1.));
#9926=CARTESIAN_POINT('',(-13.64,-0.74499999999999,1.));
#9927=CARTESIAN_POINT('',(-13.64,-0.74499999999999,1.));
#9928=CARTESIAN_POINT('',(-11.14,-0.744999999999986,1.));
#9929=CARTESIAN_POINT('',(-11.14,-0.744999999999986,1.));
#9930=CARTESIAN_POINT('',(-11.14,-1.79499999999999,1.));
#9931=CARTESIAN_POINT('',(-11.14,-1.79499999999999,1.));
#9932=CARTESIAN_POINT('',(-13.64,-1.79499999999999,1.));
#9933=CARTESIAN_POINT('Origin',(1.99840144432528E-14,0.,1.));
#9934=CARTESIAN_POINT('',(-15.64,26.655,1.));
#9935=CARTESIAN_POINT('',(-13.64,0.74500000000001,1.));
#9936=CARTESIAN_POINT('',(-13.64,1.79500000000001,1.));
#9937=CARTESIAN_POINT('',(-13.64,1.79500000000001,1.));
#9938=CARTESIAN_POINT('',(-11.14,1.79500000000001,1.));
#9939=CARTESIAN_POINT('',(-11.14,1.79500000000001,1.));
#9940=CARTESIAN_POINT('',(-11.14,0.74500000000001,1.));
#9941=CARTESIAN_POINT('',(-11.14,0.74500000000001,1.));
#9942=CARTESIAN_POINT('',(-13.64,0.74500000000001,1.));
#9943=CARTESIAN_POINT('Origin',(1.99840144432528E-14,0.,1.));
#9944=CARTESIAN_POINT('',(-15.64,26.655,1.));
#9945=CARTESIAN_POINT('',(-13.64,3.28500000000001,1.));
#9946=CARTESIAN_POINT('',(-13.64,4.33500000000001,1.));
#9947=CARTESIAN_POINT('',(-13.64,4.33500000000001,1.));
#9948=CARTESIAN_POINT('',(-11.14,4.33500000000001,1.));
#9949=CARTESIAN_POINT('',(-11.14,4.33500000000001,1.));
#9950=CARTESIAN_POINT('',(-11.14,3.28500000000001,1.));
#9951=CARTESIAN_POINT('',(-11.14,3.28500000000001,1.));
#9952=CARTESIAN_POINT('',(-13.64,3.28500000000001,1.));
#9953=CARTESIAN_POINT('Origin',(1.99840144432528E-14,0.,1.));
#9954=CARTESIAN_POINT('',(-15.64,26.655,1.));
#9955=CARTESIAN_POINT('',(-13.64,5.82500000000001,1.));
#9956=CARTESIAN_POINT('',(-13.64,6.87500000000001,1.));
#9957=CARTESIAN_POINT('',(-13.64,6.87500000000001,1.));
#9958=CARTESIAN_POINT('',(-11.14,6.87500000000001,1.));
#9959=CARTESIAN_POINT('',(-11.14,6.87500000000001,1.));
#9960=CARTESIAN_POINT('',(-11.14,5.82500000000001,1.));
#9961=CARTESIAN_POINT('',(-11.14,5.82500000000001,1.));
#9962=CARTESIAN_POINT('',(-13.64,5.82500000000001,1.));
#9963=CARTESIAN_POINT('Origin',(1.99840144432528E-14,0.,1.));
#9964=CARTESIAN_POINT('',(-15.64,26.655,1.));
#9965=CARTESIAN_POINT('',(-13.64,8.36500000000001,1.));
#9966=CARTESIAN_POINT('',(-13.64,9.41500000000001,1.));
#9967=CARTESIAN_POINT('',(-13.64,9.41500000000001,1.));
#9968=CARTESIAN_POINT('',(-11.14,9.41500000000002,1.));
#9969=CARTESIAN_POINT('',(-11.14,9.41500000000002,1.));
#9970=CARTESIAN_POINT('',(-11.14,8.36500000000001,1.));
#9971=CARTESIAN_POINT('',(-11.14,8.36500000000001,1.));
#9972=CARTESIAN_POINT('',(-13.64,8.36500000000001,1.));
#9973=CARTESIAN_POINT('Origin',(1.99840144432528E-14,0.,1.));
#9974=CARTESIAN_POINT('',(-15.64,26.655,1.));
#9975=CARTESIAN_POINT('',(-13.64,10.905,1.));
#9976=CARTESIAN_POINT('',(-13.64,11.955,1.));
#9977=CARTESIAN_POINT('',(-13.64,11.955,1.));
#9978=CARTESIAN_POINT('',(-11.14,11.955,1.));
#9979=CARTESIAN_POINT('',(-11.14,11.955,1.));
#9980=CARTESIAN_POINT('',(-11.14,10.905,1.));
#9981=CARTESIAN_POINT('',(-11.14,10.905,1.));
#9982=CARTESIAN_POINT('',(-13.64,10.905,1.));
#9983=CARTESIAN_POINT('Origin',(1.99840144432528E-14,0.,1.));
#9984=CARTESIAN_POINT('',(-15.64,26.655,1.));
#9985=CARTESIAN_POINT('',(-13.64,13.445,1.));
#9986=CARTESIAN_POINT('',(-13.64,14.495,1.));
#9987=CARTESIAN_POINT('',(-13.64,14.495,1.));
#9988=CARTESIAN_POINT('',(-11.14,14.495,1.));
#9989=CARTESIAN_POINT('',(-11.14,14.495,1.));
#9990=CARTESIAN_POINT('',(-11.14,13.445,1.));
#9991=CARTESIAN_POINT('',(-11.14,13.445,1.));
#9992=CARTESIAN_POINT('',(-13.64,13.445,1.));
#9993=CARTESIAN_POINT('Origin',(1.99840144432528E-14,0.,1.));
#9994=CARTESIAN_POINT('',(-15.64,26.655,1.));
#9995=CARTESIAN_POINT('',(-13.64,15.985,1.));
#9996=CARTESIAN_POINT('',(-13.64,17.035,1.));
#9997=CARTESIAN_POINT('',(-13.64,17.035,1.));
#9998=CARTESIAN_POINT('',(-11.14,17.035,1.));
#9999=CARTESIAN_POINT('',(-11.14,17.035,1.));
#10000=CARTESIAN_POINT('',(-11.14,15.985,1.));
#10001=CARTESIAN_POINT('',(-11.14,15.985,1.));
#10002=CARTESIAN_POINT('',(-13.64,15.985,1.));
#10003=CARTESIAN_POINT('Origin',(1.99840144432528E-14,0.,1.));
#10004=CARTESIAN_POINT('',(-15.64,26.655,1.));
#10005=CARTESIAN_POINT('',(-13.64,18.525,1.));
#10006=CARTESIAN_POINT('',(-13.64,19.575,1.));
#10007=CARTESIAN_POINT('',(-13.64,19.575,1.));
#10008=CARTESIAN_POINT('',(-11.14,19.575,1.));
#10009=CARTESIAN_POINT('',(-11.14,19.575,1.));
#10010=CARTESIAN_POINT('',(-11.14,18.525,1.));
#10011=CARTESIAN_POINT('',(-11.14,18.525,1.));
#10012=CARTESIAN_POINT('',(-13.64,18.525,1.));
#10013=CARTESIAN_POINT('Origin',(1.99840144432528E-14,0.,1.));
#10014=CARTESIAN_POINT('',(-15.64,26.655,1.));
#10015=CARTESIAN_POINT('',(-13.64,21.065,1.));
#10016=CARTESIAN_POINT('',(-13.64,22.115,1.));
#10017=CARTESIAN_POINT('',(-13.64,22.115,1.));
#10018=CARTESIAN_POINT('',(-11.14,22.115,1.));
#10019=CARTESIAN_POINT('',(-11.14,22.115,1.));
#10020=CARTESIAN_POINT('',(-11.14,21.065,1.));
#10021=CARTESIAN_POINT('',(-11.14,21.065,1.));
#10022=CARTESIAN_POINT('',(-13.64,21.065,1.));
#10023=CARTESIAN_POINT('Origin',(1.99840144432528E-14,0.,1.));
#10024=CARTESIAN_POINT('',(-15.64,26.655,1.));
#10025=CARTESIAN_POINT('',(-13.64,23.605,1.));
#10026=CARTESIAN_POINT('',(-13.64,24.655,1.));
#10027=CARTESIAN_POINT('',(-13.64,24.655,1.));
#10028=CARTESIAN_POINT('',(-11.14,24.655,1.));
#10029=CARTESIAN_POINT('',(-11.14,24.655,1.));
#10030=CARTESIAN_POINT('',(-11.14,23.605,1.));
#10031=CARTESIAN_POINT('',(-11.14,23.605,1.));
#10032=CARTESIAN_POINT('',(-13.64,23.605,1.));
#10033=CARTESIAN_POINT('Origin',(1.99840144432528E-14,0.,1.));
#10034=CARTESIAN_POINT('',(15.64,-26.655,1.));
#10035=CARTESIAN_POINT('',(13.64,24.655,1.));
#10036=CARTESIAN_POINT('',(13.64,23.605,1.));
#10037=CARTESIAN_POINT('',(13.64,23.605,1.));
#10038=CARTESIAN_POINT('',(11.14,23.605,1.));
#10039=CARTESIAN_POINT('',(11.14,23.605,1.));
#10040=CARTESIAN_POINT('',(11.14,24.655,1.));
#10041=CARTESIAN_POINT('',(11.14,24.655,1.));
#10042=CARTESIAN_POINT('',(13.64,24.655,1.));
#10043=CARTESIAN_POINT('Origin',(1.99840144432528E-14,0.,1.));
#10044=CARTESIAN_POINT('',(15.64,-26.655,1.));
#10045=CARTESIAN_POINT('',(11.14,21.065,1.));
#10046=CARTESIAN_POINT('',(11.14,22.115,1.));
#10047=CARTESIAN_POINT('',(11.14,22.115,1.));
#10048=CARTESIAN_POINT('',(13.64,22.115,1.));
#10049=CARTESIAN_POINT('',(13.64,22.115,1.));
#10050=CARTESIAN_POINT('',(13.64,21.065,1.));
#10051=CARTESIAN_POINT('',(13.64,21.065,1.));
#10052=CARTESIAN_POINT('',(11.14,21.065,1.));
#10053=CARTESIAN_POINT('Origin',(1.99840144432528E-14,0.,1.));
#10054=CARTESIAN_POINT('',(15.64,-26.655,1.));
#10055=CARTESIAN_POINT('',(11.14,18.525,1.));
#10056=CARTESIAN_POINT('',(11.14,19.575,1.));
#10057=CARTESIAN_POINT('',(11.14,19.575,1.));
#10058=CARTESIAN_POINT('',(13.64,19.575,1.));
#10059=CARTESIAN_POINT('',(13.64,19.575,1.));
#10060=CARTESIAN_POINT('',(13.64,18.525,1.));
#10061=CARTESIAN_POINT('',(13.64,18.525,1.));
#10062=CARTESIAN_POINT('',(11.14,18.525,1.));
#10063=CARTESIAN_POINT('Origin',(1.99840144432528E-14,0.,1.));
#10064=CARTESIAN_POINT('',(15.64,-26.655,1.));
#10065=CARTESIAN_POINT('',(11.14,15.985,1.));
#10066=CARTESIAN_POINT('',(11.14,17.035,1.));
#10067=CARTESIAN_POINT('',(11.14,17.035,1.));
#10068=CARTESIAN_POINT('',(13.64,17.035,1.));
#10069=CARTESIAN_POINT('',(13.64,17.035,1.));
#10070=CARTESIAN_POINT('',(13.64,15.985,1.));
#10071=CARTESIAN_POINT('',(13.64,15.985,1.));
#10072=CARTESIAN_POINT('',(11.14,15.985,1.));
#10073=CARTESIAN_POINT('Origin',(1.99840144432528E-14,0.,1.));
#10074=CARTESIAN_POINT('',(15.64,-26.655,1.));
#10075=CARTESIAN_POINT('',(11.14,13.445,1.));
#10076=CARTESIAN_POINT('',(11.14,14.495,1.));
#10077=CARTESIAN_POINT('',(11.14,14.495,1.));
#10078=CARTESIAN_POINT('',(13.64,14.495,1.));
#10079=CARTESIAN_POINT('',(13.64,14.495,1.));
#10080=CARTESIAN_POINT('',(13.64,13.445,1.));
#10081=CARTESIAN_POINT('',(13.64,13.445,1.));
#10082=CARTESIAN_POINT('',(11.14,13.445,1.));
#10083=CARTESIAN_POINT('Origin',(1.99840144432528E-14,0.,1.));
#10084=CARTESIAN_POINT('',(15.64,-26.655,1.));
#10085=CARTESIAN_POINT('',(11.14,10.905,1.));
#10086=CARTESIAN_POINT('',(11.14,11.955,1.));
#10087=CARTESIAN_POINT('',(11.14,11.955,1.));
#10088=CARTESIAN_POINT('',(13.64,11.955,1.));
#10089=CARTESIAN_POINT('',(13.64,11.955,1.));
#10090=CARTESIAN_POINT('',(13.64,10.905,1.));
#10091=CARTESIAN_POINT('',(13.64,10.905,1.));
#10092=CARTESIAN_POINT('',(11.14,10.905,1.));
#10093=CARTESIAN_POINT('Origin',(1.99840144432528E-14,0.,1.));
#10094=CARTESIAN_POINT('',(15.64,-26.655,1.));
#10095=CARTESIAN_POINT('',(11.14,8.36500000000001,1.));
#10096=CARTESIAN_POINT('',(11.14,9.41500000000001,1.));
#10097=CARTESIAN_POINT('',(11.14,9.41500000000001,1.));
#10098=CARTESIAN_POINT('',(13.64,9.41500000000002,1.));
#10099=CARTESIAN_POINT('',(13.64,9.41500000000002,1.));
#10100=CARTESIAN_POINT('',(13.64,8.36500000000001,1.));
#10101=CARTESIAN_POINT('',(13.64,8.36500000000001,1.));
#10102=CARTESIAN_POINT('',(11.14,8.36500000000001,1.));
#10103=CARTESIAN_POINT('Origin',(1.99840144432528E-14,0.,1.));
#10104=CARTESIAN_POINT('',(15.64,-26.655,1.));
#10105=CARTESIAN_POINT('',(11.14,5.82500000000001,1.));
#10106=CARTESIAN_POINT('',(11.14,6.87500000000001,1.));
#10107=CARTESIAN_POINT('',(11.14,6.87500000000001,1.));
#10108=CARTESIAN_POINT('',(13.64,6.87500000000001,1.));
#10109=CARTESIAN_POINT('',(13.64,6.87500000000001,1.));
#10110=CARTESIAN_POINT('',(13.64,5.82500000000001,1.));
#10111=CARTESIAN_POINT('',(13.64,5.82500000000001,1.));
#10112=CARTESIAN_POINT('',(11.14,5.82500000000001,1.));
#10113=CARTESIAN_POINT('Origin',(1.99840144432528E-14,0.,1.));
#10114=CARTESIAN_POINT('',(15.64,-26.655,1.));
#10115=CARTESIAN_POINT('',(11.14,3.28500000000001,1.));
#10116=CARTESIAN_POINT('',(11.14,4.33500000000001,1.));
#10117=CARTESIAN_POINT('',(11.14,4.33500000000001,1.));
#10118=CARTESIAN_POINT('',(13.64,4.33500000000001,1.));
#10119=CARTESIAN_POINT('',(13.64,4.33500000000001,1.));
#10120=CARTESIAN_POINT('',(13.64,3.28500000000001,1.));
#10121=CARTESIAN_POINT('',(13.64,3.28500000000001,1.));
#10122=CARTESIAN_POINT('',(11.14,3.28500000000001,1.));
#10123=CARTESIAN_POINT('Origin',(1.99840144432528E-14,0.,1.));
#10124=CARTESIAN_POINT('',(15.64,-26.655,1.));
#10125=CARTESIAN_POINT('',(11.14,0.74500000000001,1.));
#10126=CARTESIAN_POINT('',(11.14,1.79500000000001,1.));
#10127=CARTESIAN_POINT('',(11.14,1.79500000000001,1.));
#10128=CARTESIAN_POINT('',(13.64,1.79500000000001,1.));
#10129=CARTESIAN_POINT('',(13.64,1.79500000000001,1.));
#10130=CARTESIAN_POINT('',(13.64,0.74500000000001,1.));
#10131=CARTESIAN_POINT('',(13.64,0.74500000000001,1.));
#10132=CARTESIAN_POINT('',(11.14,0.74500000000001,1.));
#10133=CARTESIAN_POINT('Origin',(1.99840144432528E-14,0.,1.));
#10134=CARTESIAN_POINT('',(15.64,-26.655,1.));
#10135=CARTESIAN_POINT('',(11.14,-1.79499999999999,1.));
#10136=CARTESIAN_POINT('',(11.14,-0.74499999999999,1.));
#10137=CARTESIAN_POINT('',(11.14,-0.74499999999999,1.));
#10138=CARTESIAN_POINT('',(13.64,-0.744999999999986,1.));
#10139=CARTESIAN_POINT('',(13.64,-0.744999999999986,1.));
#10140=CARTESIAN_POINT('',(13.64,-1.79499999999999,1.));
#10141=CARTESIAN_POINT('',(13.64,-1.79499999999999,1.));
#10142=CARTESIAN_POINT('',(11.14,-1.79499999999999,1.));
#10143=CARTESIAN_POINT('Origin',(1.99840144432528E-14,0.,1.));
#10144=CARTESIAN_POINT('',(15.64,-26.655,1.));
#10145=CARTESIAN_POINT('',(11.14,-4.33499999999999,1.));
#10146=CARTESIAN_POINT('',(11.14,-3.28499999999999,1.));
#10147=CARTESIAN_POINT('',(11.14,-3.28499999999999,1.));
#10148=CARTESIAN_POINT('',(13.64,-3.28499999999999,1.));
#10149=CARTESIAN_POINT('',(13.64,-3.28499999999999,1.));
#10150=CARTESIAN_POINT('',(13.64,-4.33499999999999,1.));
#10151=CARTESIAN_POINT('',(13.64,-4.33499999999999,1.));
#10152=CARTESIAN_POINT('',(11.14,-4.33499999999999,1.));
#10153=CARTESIAN_POINT('Origin',(1.99840144432528E-14,0.,1.));
#10154=CARTESIAN_POINT('',(15.64,-26.655,1.));
#10155=CARTESIAN_POINT('',(11.14,-6.87499999999999,1.));
#10156=CARTESIAN_POINT('',(11.14,-5.82499999999999,1.));
#10157=CARTESIAN_POINT('',(11.14,-5.82499999999999,1.));
#10158=CARTESIAN_POINT('',(13.64,-5.82499999999999,1.));
#10159=CARTESIAN_POINT('',(13.64,-5.82499999999999,1.));
#10160=CARTESIAN_POINT('',(13.64,-6.87499999999999,1.));
#10161=CARTESIAN_POINT('',(13.64,-6.87499999999999,1.));
#10162=CARTESIAN_POINT('',(11.14,-6.87499999999999,1.));
#10163=CARTESIAN_POINT('Origin',(1.99840144432528E-14,0.,1.));
#10164=CARTESIAN_POINT('',(15.64,-26.655,1.));
#10165=CARTESIAN_POINT('',(11.14,-9.41499999999999,1.));
#10166=CARTESIAN_POINT('',(11.14,-8.36499999999999,1.));
#10167=CARTESIAN_POINT('',(11.14,-8.36499999999999,1.));
#10168=CARTESIAN_POINT('',(13.64,-8.36499999999999,1.));
#10169=CARTESIAN_POINT('',(13.64,-8.36499999999999,1.));
#10170=CARTESIAN_POINT('',(13.64,-9.41499999999999,1.));
#10171=CARTESIAN_POINT('',(13.64,-9.41499999999999,1.));
#10172=CARTESIAN_POINT('',(11.14,-9.41499999999999,1.));
#10173=CARTESIAN_POINT('Origin',(1.99840144432528E-14,0.,1.));
#10174=CARTESIAN_POINT('',(15.64,-26.655,1.));
#10175=CARTESIAN_POINT('',(11.14,-11.955,1.));
#10176=CARTESIAN_POINT('',(11.14,-10.905,1.));
#10177=CARTESIAN_POINT('',(11.14,-10.905,1.));
#10178=CARTESIAN_POINT('',(13.64,-10.905,1.));
#10179=CARTESIAN_POINT('',(13.64,-10.905,1.));
#10180=CARTESIAN_POINT('',(13.64,-11.955,1.));
#10181=CARTESIAN_POINT('',(13.64,-11.955,1.));
#10182=CARTESIAN_POINT('',(11.14,-11.955,1.));
#10183=CARTESIAN_POINT('Origin',(1.99840144432528E-14,0.,1.));
#10184=CARTESIAN_POINT('',(15.64,-26.655,1.));
#10185=CARTESIAN_POINT('',(11.14,-14.495,1.));
#10186=CARTESIAN_POINT('',(11.14,-13.445,1.));
#10187=CARTESIAN_POINT('',(11.14,-13.445,1.));
#10188=CARTESIAN_POINT('',(13.64,-13.445,1.));
#10189=CARTESIAN_POINT('',(13.64,-13.445,1.));
#10190=CARTESIAN_POINT('',(13.64,-14.495,1.));
#10191=CARTESIAN_POINT('',(13.64,-14.495,1.));
#10192=CARTESIAN_POINT('',(11.14,-14.495,1.));
#10193=CARTESIAN_POINT('Origin',(1.99840144432528E-14,0.,1.));
#10194=CARTESIAN_POINT('',(15.64,-26.655,1.));
#10195=CARTESIAN_POINT('',(11.14,-17.035,1.));
#10196=CARTESIAN_POINT('',(11.14,-15.985,1.));
#10197=CARTESIAN_POINT('',(11.14,-15.985,1.));
#10198=CARTESIAN_POINT('',(13.64,-15.985,1.));
#10199=CARTESIAN_POINT('',(13.64,-15.985,1.));
#10200=CARTESIAN_POINT('',(13.64,-17.035,1.));
#10201=CARTESIAN_POINT('',(13.64,-17.035,1.));
#10202=CARTESIAN_POINT('',(11.14,-17.035,1.));
#10203=CARTESIAN_POINT('Origin',(1.99840144432528E-14,0.,1.));
#10204=CARTESIAN_POINT('',(15.64,-26.655,1.));
#10205=CARTESIAN_POINT('',(11.14,-19.575,1.));
#10206=CARTESIAN_POINT('',(11.14,-18.525,1.));
#10207=CARTESIAN_POINT('',(11.14,-18.525,1.));
#10208=CARTESIAN_POINT('',(13.64,-18.525,1.));
#10209=CARTESIAN_POINT('',(13.64,-18.525,1.));
#10210=CARTESIAN_POINT('',(13.64,-19.575,1.));
#10211=CARTESIAN_POINT('',(13.64,-19.575,1.));
#10212=CARTESIAN_POINT('',(11.14,-19.575,1.));
#10213=CARTESIAN_POINT('Origin',(1.99840144432528E-14,0.,1.));
#10214=CARTESIAN_POINT('',(15.64,-26.655,1.));
#10215=CARTESIAN_POINT('',(11.14,-22.115,1.));
#10216=CARTESIAN_POINT('',(11.14,-21.065,1.));
#10217=CARTESIAN_POINT('',(11.14,-21.065,1.));
#10218=CARTESIAN_POINT('',(13.64,-21.065,1.));
#10219=CARTESIAN_POINT('',(13.64,-21.065,1.));
#10220=CARTESIAN_POINT('',(13.64,-22.115,1.));
#10221=CARTESIAN_POINT('',(13.64,-22.115,1.));
#10222=CARTESIAN_POINT('',(11.14,-22.115,1.));
#10223=CARTESIAN_POINT('Origin',(1.99840144432528E-14,0.,1.));
#10224=CARTESIAN_POINT('',(15.64,-26.655,1.));
#10225=CARTESIAN_POINT('',(11.14,-24.655,1.));
#10226=CARTESIAN_POINT('',(11.14,-23.605,1.));
#10227=CARTESIAN_POINT('',(11.14,-23.605,1.));
#10228=CARTESIAN_POINT('',(13.64,-23.605,1.));
#10229=CARTESIAN_POINT('',(13.64,-23.605,1.));
#10230=CARTESIAN_POINT('',(13.64,-24.655,1.));
#10231=CARTESIAN_POINT('',(13.64,-24.655,1.));
#10232=CARTESIAN_POINT('',(11.14,-24.655,1.));
#10233=CARTESIAN_POINT('Origin',(1.99840144432528E-14,0.,1.));
#10234=CARTESIAN_POINT('',(-15.64,26.655,1.));
#10235=CARTESIAN_POINT('',(-13.64,-24.655,1.));
#10236=CARTESIAN_POINT('',(-13.64,-23.605,1.));
#10237=CARTESIAN_POINT('',(-13.64,-23.605,1.));
#10238=CARTESIAN_POINT('',(-11.14,-23.605,1.));
#10239=CARTESIAN_POINT('',(-11.14,-23.605,1.));
#10240=CARTESIAN_POINT('',(-11.14,-24.655,1.));
#10241=CARTESIAN_POINT('',(-11.14,-24.655,1.));
#10242=CARTESIAN_POINT('',(-13.64,-24.655,1.));
#10243=CARTESIAN_POINT('Origin',(13.64,13.445,0.));
#10244=CARTESIAN_POINT('',(13.64,13.445,0.));
#10245=CARTESIAN_POINT('',(11.14,13.445,0.));
#10246=CARTESIAN_POINT('',(11.14,13.445,0.));
#10247=CARTESIAN_POINT('',(11.14,13.445,0.));
#10248=CARTESIAN_POINT('',(13.64,13.445,0.));
#10249=CARTESIAN_POINT('Origin',(13.64,14.495,0.));
#10250=CARTESIAN_POINT('',(13.64,14.495,0.));
#10251=CARTESIAN_POINT('',(13.64,13.445,0.));
#10252=CARTESIAN_POINT('',(13.64,14.495,0.));
#10253=CARTESIAN_POINT('Origin',(11.14,14.495,0.));
#10254=CARTESIAN_POINT('',(11.14,14.495,0.));
#10255=CARTESIAN_POINT('',(13.64,14.495,0.));
#10256=CARTESIAN_POINT('',(11.14,14.495,0.));
#10257=CARTESIAN_POINT('Origin',(11.14,13.445,0.));
#10258=CARTESIAN_POINT('',(11.14,14.495,0.));
#10259=CARTESIAN_POINT('Origin',(13.64,-19.575,0.));
#10260=CARTESIAN_POINT('',(13.64,-19.575,0.));
#10261=CARTESIAN_POINT('',(11.14,-19.575,0.));
#10262=CARTESIAN_POINT('',(11.14,-19.575,0.));
#10263=CARTESIAN_POINT('',(11.14,-19.575,0.));
#10264=CARTESIAN_POINT('',(13.64,-19.575,0.));
#10265=CARTESIAN_POINT('Origin',(13.64,-18.525,0.));
#10266=CARTESIAN_POINT('',(13.64,-18.525,0.));
#10267=CARTESIAN_POINT('',(13.64,-19.575,0.));
#10268=CARTESIAN_POINT('',(13.64,-18.525,0.));
#10269=CARTESIAN_POINT('Origin',(11.14,-18.525,0.));
#10270=CARTESIAN_POINT('',(11.14,-18.525,0.));
#10271=CARTESIAN_POINT('',(13.64,-18.525,0.));
#10272=CARTESIAN_POINT('',(11.14,-18.525,0.));
#10273=CARTESIAN_POINT('Origin',(11.14,-19.575,0.));
#10274=CARTESIAN_POINT('',(11.14,-18.525,0.));
#10275=CARTESIAN_POINT('Origin',(-11.14,0.74500000000001,0.));
#10276=CARTESIAN_POINT('',(-11.14,0.74500000000001,0.));
#10277=CARTESIAN_POINT('',(-13.64,0.74500000000001,0.));
#10278=CARTESIAN_POINT('',(-13.64,0.74500000000001,0.));
#10279=CARTESIAN_POINT('',(-13.64,0.74500000000001,0.));
#10280=CARTESIAN_POINT('',(-11.14,0.74500000000001,0.));
#10281=CARTESIAN_POINT('Origin',(-11.14,1.79500000000001,0.));
#10282=CARTESIAN_POINT('',(-11.14,1.79500000000001,0.));
#10283=CARTESIAN_POINT('',(-11.14,0.74500000000001,0.));
#10284=CARTESIAN_POINT('',(-11.14,1.79500000000001,0.));
#10285=CARTESIAN_POINT('Origin',(-13.64,1.79500000000001,0.));
#10286=CARTESIAN_POINT('',(-13.64,1.79500000000001,0.));
#10287=CARTESIAN_POINT('',(-11.14,1.79500000000001,0.));
#10288=CARTESIAN_POINT('',(-13.64,1.79500000000001,0.));
#10289=CARTESIAN_POINT('Origin',(-13.64,0.74500000000001,0.));
#10290=CARTESIAN_POINT('',(-13.64,1.79500000000001,0.));
#10291=CARTESIAN_POINT('Origin',(13.64,-9.41499999999999,0.));
#10292=CARTESIAN_POINT('',(13.64,-9.41499999999999,0.));
#10293=CARTESIAN_POINT('',(11.14,-9.41499999999999,0.));
#10294=CARTESIAN_POINT('',(11.14,-9.41499999999999,0.));
#10295=CARTESIAN_POINT('',(11.14,-9.41499999999999,0.));
#10296=CARTESIAN_POINT('',(13.64,-9.41499999999999,0.));
#10297=CARTESIAN_POINT('Origin',(13.64,-8.36499999999999,0.));
#10298=CARTESIAN_POINT('',(13.64,-8.36499999999999,0.));
#10299=CARTESIAN_POINT('',(13.64,-9.41499999999999,0.));
#10300=CARTESIAN_POINT('',(13.64,-8.36499999999999,0.));
#10301=CARTESIAN_POINT('Origin',(11.14,-8.36499999999999,0.));
#10302=CARTESIAN_POINT('',(11.14,-8.36499999999999,0.));
#10303=CARTESIAN_POINT('',(13.64,-8.36499999999999,0.));
#10304=CARTESIAN_POINT('',(11.14,-8.36499999999999,0.));
#10305=CARTESIAN_POINT('Origin',(11.14,-9.41499999999999,0.));
#10306=CARTESIAN_POINT('',(11.14,-8.36499999999999,0.));
#10307=CARTESIAN_POINT('Origin',(13.64,-6.87499999999999,0.));
#10308=CARTESIAN_POINT('',(13.64,-6.87499999999999,0.));
#10309=CARTESIAN_POINT('',(11.14,-6.87499999999999,0.));
#10310=CARTESIAN_POINT('',(11.14,-6.87499999999999,0.));
#10311=CARTESIAN_POINT('',(11.14,-6.87499999999999,0.));
#10312=CARTESIAN_POINT('',(13.64,-6.87499999999999,0.));
#10313=CARTESIAN_POINT('Origin',(13.64,-5.82499999999999,0.));
#10314=CARTESIAN_POINT('',(13.64,-5.82499999999999,0.));
#10315=CARTESIAN_POINT('',(13.64,-6.87499999999999,0.));
#10316=CARTESIAN_POINT('',(13.64,-5.82499999999999,0.));
#10317=CARTESIAN_POINT('Origin',(11.14,-5.82499999999999,0.));
#10318=CARTESIAN_POINT('',(11.14,-5.82499999999999,0.));
#10319=CARTESIAN_POINT('',(13.64,-5.82499999999999,0.));
#10320=CARTESIAN_POINT('',(11.14,-5.82499999999999,0.));
#10321=CARTESIAN_POINT('Origin',(11.14,-6.87499999999999,0.));
#10322=CARTESIAN_POINT('',(11.14,-5.82499999999999,0.));
#10323=CARTESIAN_POINT('Origin',(-11.14,-6.87499999999999,0.));
#10324=CARTESIAN_POINT('',(-11.14,-6.87499999999999,0.));
#10325=CARTESIAN_POINT('',(-13.64,-6.87499999999999,0.));
#10326=CARTESIAN_POINT('',(-13.64,-6.87499999999999,0.));
#10327=CARTESIAN_POINT('',(-13.64,-6.87499999999999,0.));
#10328=CARTESIAN_POINT('',(-11.14,-6.87499999999999,0.));
#10329=CARTESIAN_POINT('Origin',(-11.14,-5.82499999999999,0.));
#10330=CARTESIAN_POINT('',(-11.14,-5.82499999999999,0.));
#10331=CARTESIAN_POINT('',(-11.14,-6.87499999999999,0.));
#10332=CARTESIAN_POINT('',(-11.14,-5.82499999999999,0.));
#10333=CARTESIAN_POINT('Origin',(-13.64,-5.82499999999999,0.));
#10334=CARTESIAN_POINT('',(-13.64,-5.82499999999999,0.));
#10335=CARTESIAN_POINT('',(-11.14,-5.82499999999999,0.));
#10336=CARTESIAN_POINT('',(-13.64,-5.82499999999999,0.));
#10337=CARTESIAN_POINT('Origin',(-13.64,-6.87499999999999,0.));
#10338=CARTESIAN_POINT('',(-13.64,-5.82499999999999,0.));
#10339=CARTESIAN_POINT('Origin',(-11.14,-17.035,0.));
#10340=CARTESIAN_POINT('',(-11.14,-17.035,0.));
#10341=CARTESIAN_POINT('',(-13.64,-17.035,0.));
#10342=CARTESIAN_POINT('',(-13.64,-17.035,0.));
#10343=CARTESIAN_POINT('',(-13.64,-17.035,0.));
#10344=CARTESIAN_POINT('',(-11.14,-17.035,0.));
#10345=CARTESIAN_POINT('Origin',(-11.14,-15.985,0.));
#10346=CARTESIAN_POINT('',(-11.14,-15.985,0.));
#10347=CARTESIAN_POINT('',(-11.14,-17.035,0.));
#10348=CARTESIAN_POINT('',(-11.14,-15.985,0.));
#10349=CARTESIAN_POINT('Origin',(-13.64,-15.985,0.));
#10350=CARTESIAN_POINT('',(-13.64,-15.985,0.));
#10351=CARTESIAN_POINT('',(-11.14,-15.985,0.));
#10352=CARTESIAN_POINT('',(-13.64,-15.985,0.));
#10353=CARTESIAN_POINT('Origin',(-13.64,-17.035,0.));
#10354=CARTESIAN_POINT('',(-13.64,-15.985,0.));
#10355=CARTESIAN_POINT('Origin',(13.64,-17.035,0.));
#10356=CARTESIAN_POINT('',(13.64,-17.035,0.));
#10357=CARTESIAN_POINT('',(11.14,-17.035,0.));
#10358=CARTESIAN_POINT('',(11.14,-17.035,0.));
#10359=CARTESIAN_POINT('',(11.14,-17.035,0.));
#10360=CARTESIAN_POINT('',(13.64,-17.035,0.));
#10361=CARTESIAN_POINT('Origin',(13.64,-15.985,0.));
#10362=CARTESIAN_POINT('',(13.64,-15.985,0.));
#10363=CARTESIAN_POINT('',(13.64,-17.035,0.));
#10364=CARTESIAN_POINT('',(13.64,-15.985,0.));
#10365=CARTESIAN_POINT('Origin',(11.14,-15.985,0.));
#10366=CARTESIAN_POINT('',(11.14,-15.985,0.));
#10367=CARTESIAN_POINT('',(13.64,-15.985,0.));
#10368=CARTESIAN_POINT('',(11.14,-15.985,0.));
#10369=CARTESIAN_POINT('Origin',(11.14,-17.035,0.));
#10370=CARTESIAN_POINT('',(11.14,-15.985,0.));
#10371=CARTESIAN_POINT('Origin',(-11.14,-9.41499999999999,0.));
#10372=CARTESIAN_POINT('',(-11.14,-9.41499999999999,0.));
#10373=CARTESIAN_POINT('',(-13.64,-9.41499999999999,0.));
#10374=CARTESIAN_POINT('',(-13.64,-9.41499999999999,0.));
#10375=CARTESIAN_POINT('',(-13.64,-9.41499999999999,0.));
#10376=CARTESIAN_POINT('',(-11.14,-9.41499999999999,0.));
#10377=CARTESIAN_POINT('Origin',(-11.14,-8.36499999999999,0.));
#10378=CARTESIAN_POINT('',(-11.14,-8.36499999999999,0.));
#10379=CARTESIAN_POINT('',(-11.14,-9.41499999999999,0.));
#10380=CARTESIAN_POINT('',(-11.14,-8.36499999999999,0.));
#10381=CARTESIAN_POINT('Origin',(-13.64,-8.36499999999999,0.));
#10382=CARTESIAN_POINT('',(-13.64,-8.36499999999999,0.));
#10383=CARTESIAN_POINT('',(-11.14,-8.36499999999999,0.));
#10384=CARTESIAN_POINT('',(-13.64,-8.36499999999999,0.));
#10385=CARTESIAN_POINT('Origin',(-13.64,-9.41499999999999,0.));
#10386=CARTESIAN_POINT('',(-13.64,-8.36499999999999,0.));
#10387=CARTESIAN_POINT('Origin',(-11.14,-19.575,0.));
#10388=CARTESIAN_POINT('',(-11.14,-19.575,0.));
#10389=CARTESIAN_POINT('',(-13.64,-19.575,0.));
#10390=CARTESIAN_POINT('',(-13.64,-19.575,0.));
#10391=CARTESIAN_POINT('',(-13.64,-19.575,0.));
#10392=CARTESIAN_POINT('',(-11.14,-19.575,0.));
#10393=CARTESIAN_POINT('Origin',(-11.14,-18.525,0.));
#10394=CARTESIAN_POINT('',(-11.14,-18.525,0.));
#10395=CARTESIAN_POINT('',(-11.14,-19.575,0.));
#10396=CARTESIAN_POINT('',(-11.14,-18.525,0.));
#10397=CARTESIAN_POINT('Origin',(-13.64,-18.525,0.));
#10398=CARTESIAN_POINT('',(-13.64,-18.525,0.));
#10399=CARTESIAN_POINT('',(-11.14,-18.525,0.));
#10400=CARTESIAN_POINT('',(-13.64,-18.525,0.));
#10401=CARTESIAN_POINT('Origin',(-13.64,-19.575,0.));
#10402=CARTESIAN_POINT('',(-13.64,-18.525,0.));
#10403=CARTESIAN_POINT('Origin',(13.64,-14.495,0.));
#10404=CARTESIAN_POINT('',(13.64,-14.495,0.));
#10405=CARTESIAN_POINT('',(11.14,-14.495,0.));
#10406=CARTESIAN_POINT('',(11.14,-14.495,0.));
#10407=CARTESIAN_POINT('',(11.14,-14.495,0.));
#10408=CARTESIAN_POINT('',(13.64,-14.495,0.));
#10409=CARTESIAN_POINT('Origin',(13.64,-13.445,0.));
#10410=CARTESIAN_POINT('',(13.64,-13.445,0.));
#10411=CARTESIAN_POINT('',(13.64,-14.495,0.));
#10412=CARTESIAN_POINT('',(13.64,-13.445,0.));
#10413=CARTESIAN_POINT('Origin',(11.14,-13.445,0.));
#10414=CARTESIAN_POINT('',(11.14,-13.445,0.));
#10415=CARTESIAN_POINT('',(13.64,-13.445,0.));
#10416=CARTESIAN_POINT('',(11.14,-13.445,0.));
#10417=CARTESIAN_POINT('Origin',(11.14,-14.495,0.));
#10418=CARTESIAN_POINT('',(11.14,-13.445,0.));
#10419=CARTESIAN_POINT('Origin',(13.64,-11.955,0.));
#10420=CARTESIAN_POINT('',(13.64,-11.955,0.));
#10421=CARTESIAN_POINT('',(11.14,-11.955,0.));
#10422=CARTESIAN_POINT('',(11.14,-11.955,0.));
#10423=CARTESIAN_POINT('',(11.14,-11.955,0.));
#10424=CARTESIAN_POINT('',(13.64,-11.955,0.));
#10425=CARTESIAN_POINT('Origin',(13.64,-10.905,0.));
#10426=CARTESIAN_POINT('',(13.64,-10.905,0.));
#10427=CARTESIAN_POINT('',(13.64,-11.955,0.));
#10428=CARTESIAN_POINT('',(13.64,-10.905,0.));
#10429=CARTESIAN_POINT('Origin',(11.14,-10.905,0.));
#10430=CARTESIAN_POINT('',(11.14,-10.905,0.));
#10431=CARTESIAN_POINT('',(13.64,-10.905,0.));
#10432=CARTESIAN_POINT('',(11.14,-10.905,0.));
#10433=CARTESIAN_POINT('Origin',(11.14,-11.955,0.));
#10434=CARTESIAN_POINT('',(11.14,-10.905,0.));
#10435=CARTESIAN_POINT('Origin',(-11.14,5.82500000000001,0.));
#10436=CARTESIAN_POINT('',(-11.14,5.82500000000001,0.));
#10437=CARTESIAN_POINT('',(-13.64,5.82500000000001,0.));
#10438=CARTESIAN_POINT('',(-13.64,5.82500000000001,0.));
#10439=CARTESIAN_POINT('',(-13.64,5.82500000000001,0.));
#10440=CARTESIAN_POINT('',(-11.14,5.82500000000001,0.));
#10441=CARTESIAN_POINT('Origin',(-11.14,6.87500000000001,0.));
#10442=CARTESIAN_POINT('',(-11.14,6.87500000000001,0.));
#10443=CARTESIAN_POINT('',(-11.14,5.82500000000001,0.));
#10444=CARTESIAN_POINT('',(-11.14,6.87500000000001,0.));
#10445=CARTESIAN_POINT('Origin',(-13.64,6.87500000000001,0.));
#10446=CARTESIAN_POINT('',(-13.64,6.87500000000001,0.));
#10447=CARTESIAN_POINT('',(-11.14,6.87500000000001,0.));
#10448=CARTESIAN_POINT('',(-13.64,6.87500000000001,0.));
#10449=CARTESIAN_POINT('Origin',(-13.64,5.82500000000001,0.));
#10450=CARTESIAN_POINT('',(-13.64,6.87500000000001,0.));
#10451=CARTESIAN_POINT('Origin',(13.64,10.905,0.));
#10452=CARTESIAN_POINT('',(13.64,10.905,0.));
#10453=CARTESIAN_POINT('',(11.14,10.905,0.));
#10454=CARTESIAN_POINT('',(11.14,10.905,0.));
#10455=CARTESIAN_POINT('',(11.14,10.905,0.));
#10456=CARTESIAN_POINT('',(13.64,10.905,0.));
#10457=CARTESIAN_POINT('Origin',(13.64,11.955,0.));
#10458=CARTESIAN_POINT('',(13.64,11.955,0.));
#10459=CARTESIAN_POINT('',(13.64,10.905,0.));
#10460=CARTESIAN_POINT('',(13.64,11.955,0.));
#10461=CARTESIAN_POINT('Origin',(11.14,11.955,0.));
#10462=CARTESIAN_POINT('',(11.14,11.955,0.));
#10463=CARTESIAN_POINT('',(13.64,11.955,0.));
#10464=CARTESIAN_POINT('',(11.14,11.955,0.));
#10465=CARTESIAN_POINT('Origin',(11.14,10.905,0.));
#10466=CARTESIAN_POINT('',(11.14,11.955,0.));
#10467=CARTESIAN_POINT('Origin',(13.64,5.82500000000001,0.));
#10468=CARTESIAN_POINT('',(13.64,5.82500000000001,0.));
#10469=CARTESIAN_POINT('',(11.14,5.82500000000001,0.));
#10470=CARTESIAN_POINT('',(11.14,5.82500000000001,0.));
#10471=CARTESIAN_POINT('',(11.14,5.82500000000001,0.));
#10472=CARTESIAN_POINT('',(13.64,5.82500000000001,0.));
#10473=CARTESIAN_POINT('Origin',(13.64,6.87500000000001,0.));
#10474=CARTESIAN_POINT('',(13.64,6.87500000000001,0.));
#10475=CARTESIAN_POINT('',(13.64,5.82500000000001,0.));
#10476=CARTESIAN_POINT('',(13.64,6.87500000000001,0.));
#10477=CARTESIAN_POINT('Origin',(11.14,6.87500000000001,0.));
#10478=CARTESIAN_POINT('',(11.14,6.87500000000001,0.));
#10479=CARTESIAN_POINT('',(13.64,6.87500000000001,0.));
#10480=CARTESIAN_POINT('',(11.14,6.87500000000001,0.));
#10481=CARTESIAN_POINT('Origin',(11.14,5.82500000000001,0.));
#10482=CARTESIAN_POINT('',(11.14,6.87500000000001,0.));
#10483=CARTESIAN_POINT('Origin',(13.64,0.74500000000001,0.));
#10484=CARTESIAN_POINT('',(13.64,0.74500000000001,0.));
#10485=CARTESIAN_POINT('',(11.14,0.74500000000001,0.));
#10486=CARTESIAN_POINT('',(11.14,0.74500000000001,0.));
#10487=CARTESIAN_POINT('',(11.14,0.74500000000001,0.));
#10488=CARTESIAN_POINT('',(13.64,0.74500000000001,0.));
#10489=CARTESIAN_POINT('Origin',(13.64,1.79500000000001,0.));
#10490=CARTESIAN_POINT('',(13.64,1.79500000000001,0.));
#10491=CARTESIAN_POINT('',(13.64,0.74500000000001,0.));
#10492=CARTESIAN_POINT('',(13.64,1.79500000000001,0.));
#10493=CARTESIAN_POINT('Origin',(11.14,1.79500000000001,0.));
#10494=CARTESIAN_POINT('',(11.14,1.79500000000001,0.));
#10495=CARTESIAN_POINT('',(13.64,1.79500000000001,0.));
#10496=CARTESIAN_POINT('',(11.14,1.79500000000001,0.));
#10497=CARTESIAN_POINT('Origin',(11.14,0.74500000000001,0.));
#10498=CARTESIAN_POINT('',(11.14,1.79500000000001,0.));
#10499=CARTESIAN_POINT('Origin',(13.64,15.985,0.));
#10500=CARTESIAN_POINT('',(13.64,15.985,0.));
#10501=CARTESIAN_POINT('',(11.14,15.985,0.));
#10502=CARTESIAN_POINT('',(11.14,15.985,0.));
#10503=CARTESIAN_POINT('',(11.14,15.985,0.));
#10504=CARTESIAN_POINT('',(13.64,15.985,0.));
#10505=CARTESIAN_POINT('Origin',(13.64,17.035,0.));
#10506=CARTESIAN_POINT('',(13.64,17.035,0.));
#10507=CARTESIAN_POINT('',(13.64,15.985,0.));
#10508=CARTESIAN_POINT('',(13.64,17.035,0.));
#10509=CARTESIAN_POINT('Origin',(11.14,17.035,0.));
#10510=CARTESIAN_POINT('',(11.14,17.035,0.));
#10511=CARTESIAN_POINT('',(13.64,17.035,0.));
#10512=CARTESIAN_POINT('',(11.14,17.035,0.));
#10513=CARTESIAN_POINT('Origin',(11.14,15.985,0.));
#10514=CARTESIAN_POINT('',(11.14,17.035,0.));
#10515=CARTESIAN_POINT('Origin',(-11.14,15.985,0.));
#10516=CARTESIAN_POINT('',(-11.14,15.985,0.));
#10517=CARTESIAN_POINT('',(-13.64,15.985,0.));
#10518=CARTESIAN_POINT('',(-13.64,15.985,0.));
#10519=CARTESIAN_POINT('',(-13.64,15.985,0.));
#10520=CARTESIAN_POINT('',(-11.14,15.985,0.));
#10521=CARTESIAN_POINT('Origin',(-11.14,17.035,0.));
#10522=CARTESIAN_POINT('',(-11.14,17.035,0.));
#10523=CARTESIAN_POINT('',(-11.14,15.985,0.));
#10524=CARTESIAN_POINT('',(-11.14,17.035,0.));
#10525=CARTESIAN_POINT('Origin',(-13.64,17.035,0.));
#10526=CARTESIAN_POINT('',(-13.64,17.035,0.));
#10527=CARTESIAN_POINT('',(-11.14,17.035,0.));
#10528=CARTESIAN_POINT('',(-13.64,17.035,0.));
#10529=CARTESIAN_POINT('Origin',(-13.64,15.985,0.));
#10530=CARTESIAN_POINT('',(-13.64,17.035,0.));
#10531=CARTESIAN_POINT('Origin',(13.64,18.525,0.));
#10532=CARTESIAN_POINT('',(13.64,18.525,0.));
#10533=CARTESIAN_POINT('',(11.14,18.525,0.));
#10534=CARTESIAN_POINT('',(11.14,18.525,0.));
#10535=CARTESIAN_POINT('',(11.14,18.525,0.));
#10536=CARTESIAN_POINT('',(13.64,18.525,0.));
#10537=CARTESIAN_POINT('Origin',(13.64,19.575,0.));
#10538=CARTESIAN_POINT('',(13.64,19.575,0.));
#10539=CARTESIAN_POINT('',(13.64,18.525,0.));
#10540=CARTESIAN_POINT('',(13.64,19.575,0.));
#10541=CARTESIAN_POINT('Origin',(11.14,19.575,0.));
#10542=CARTESIAN_POINT('',(11.14,19.575,0.));
#10543=CARTESIAN_POINT('',(13.64,19.575,0.));
#10544=CARTESIAN_POINT('',(11.14,19.575,0.));
#10545=CARTESIAN_POINT('Origin',(11.14,18.525,0.));
#10546=CARTESIAN_POINT('',(11.14,19.575,0.));
#10547=CARTESIAN_POINT('Origin',(13.64,21.065,0.));
#10548=CARTESIAN_POINT('',(13.64,21.065,0.));
#10549=CARTESIAN_POINT('',(11.14,21.065,0.));
#10550=CARTESIAN_POINT('',(11.14,21.065,0.));
#10551=CARTESIAN_POINT('',(11.14,21.065,0.));
#10552=CARTESIAN_POINT('',(13.64,21.065,0.));
#10553=CARTESIAN_POINT('Origin',(13.64,22.115,0.));
#10554=CARTESIAN_POINT('',(13.64,22.115,0.));
#10555=CARTESIAN_POINT('',(13.64,21.065,0.));
#10556=CARTESIAN_POINT('',(13.64,22.115,0.));
#10557=CARTESIAN_POINT('Origin',(11.14,22.115,0.));
#10558=CARTESIAN_POINT('',(11.14,22.115,0.));
#10559=CARTESIAN_POINT('',(13.64,22.115,0.));
#10560=CARTESIAN_POINT('',(11.14,22.115,0.));
#10561=CARTESIAN_POINT('Origin',(11.14,21.065,0.));
#10562=CARTESIAN_POINT('',(11.14,22.115,0.));
#10563=CARTESIAN_POINT('Origin',(-11.14,23.605,0.));
#10564=CARTESIAN_POINT('',(-11.14,23.605,0.));
#10565=CARTESIAN_POINT('',(-13.64,23.605,0.));
#10566=CARTESIAN_POINT('',(-13.64,23.605,0.));
#10567=CARTESIAN_POINT('',(-13.64,23.605,0.));
#10568=CARTESIAN_POINT('',(-11.14,23.605,0.));
#10569=CARTESIAN_POINT('Origin',(-11.14,24.655,0.));
#10570=CARTESIAN_POINT('',(-11.14,24.655,0.));
#10571=CARTESIAN_POINT('',(-11.14,23.605,0.));
#10572=CARTESIAN_POINT('',(-11.14,24.655,0.));
#10573=CARTESIAN_POINT('Origin',(-13.64,24.655,0.));
#10574=CARTESIAN_POINT('',(-13.64,24.655,0.));
#10575=CARTESIAN_POINT('',(-11.14,24.655,0.));
#10576=CARTESIAN_POINT('',(-13.64,24.655,0.));
#10577=CARTESIAN_POINT('Origin',(-13.64,23.605,0.));
#10578=CARTESIAN_POINT('',(-13.64,24.655,0.));
#10579=CARTESIAN_POINT('Origin',(11.14,24.655,0.));
#10580=CARTESIAN_POINT('',(11.14,24.655,0.));
#10581=CARTESIAN_POINT('',(13.64,24.655,0.));
#10582=CARTESIAN_POINT('',(13.64,24.655,0.));
#10583=CARTESIAN_POINT('',(13.64,24.655,0.));
#10584=CARTESIAN_POINT('',(11.14,24.655,0.));
#10585=CARTESIAN_POINT('Origin',(11.14,23.605,0.));
#10586=CARTESIAN_POINT('',(11.14,23.605,0.));
#10587=CARTESIAN_POINT('',(11.14,24.655,0.));
#10588=CARTESIAN_POINT('',(11.14,23.605,0.));
#10589=CARTESIAN_POINT('Origin',(13.64,23.605,0.));
#10590=CARTESIAN_POINT('',(13.64,23.605,0.));
#10591=CARTESIAN_POINT('',(11.14,23.605,0.));
#10592=CARTESIAN_POINT('',(13.64,23.605,0.));
#10593=CARTESIAN_POINT('Origin',(13.64,24.655,0.));
#10594=CARTESIAN_POINT('',(13.64,23.605,0.));
#10595=CARTESIAN_POINT('Origin',(-11.14,18.525,0.));
#10596=CARTESIAN_POINT('',(-11.14,18.525,0.));
#10597=CARTESIAN_POINT('',(-13.64,18.525,0.));
#10598=CARTESIAN_POINT('',(-13.64,18.525,0.));
#10599=CARTESIAN_POINT('',(-13.64,18.525,0.));
#10600=CARTESIAN_POINT('',(-11.14,18.525,0.));
#10601=CARTESIAN_POINT('Origin',(-11.14,19.575,0.));
#10602=CARTESIAN_POINT('',(-11.14,19.575,0.));
#10603=CARTESIAN_POINT('',(-11.14,18.525,0.));
#10604=CARTESIAN_POINT('',(-11.14,19.575,0.));
#10605=CARTESIAN_POINT('Origin',(-13.64,19.575,0.));
#10606=CARTESIAN_POINT('',(-13.64,19.575,0.));
#10607=CARTESIAN_POINT('',(-11.14,19.575,0.));
#10608=CARTESIAN_POINT('',(-13.64,19.575,0.));
#10609=CARTESIAN_POINT('Origin',(-13.64,18.525,0.));
#10610=CARTESIAN_POINT('',(-13.64,19.575,0.));
#10611=CARTESIAN_POINT('Origin',(-11.14,21.065,0.));
#10612=CARTESIAN_POINT('',(-11.14,21.065,0.));
#10613=CARTESIAN_POINT('',(-13.64,21.065,0.));
#10614=CARTESIAN_POINT('',(-13.64,21.065,0.));
#10615=CARTESIAN_POINT('',(-13.64,21.065,0.));
#10616=CARTESIAN_POINT('',(-11.14,21.065,0.));
#10617=CARTESIAN_POINT('Origin',(-11.14,22.115,0.));
#10618=CARTESIAN_POINT('',(-11.14,22.115,0.));
#10619=CARTESIAN_POINT('',(-11.14,21.065,0.));
#10620=CARTESIAN_POINT('',(-11.14,22.115,0.));
#10621=CARTESIAN_POINT('Origin',(-13.64,22.115,0.));
#10622=CARTESIAN_POINT('',(-13.64,22.115,0.));
#10623=CARTESIAN_POINT('',(-11.14,22.115,0.));
#10624=CARTESIAN_POINT('',(-13.64,22.115,0.));
#10625=CARTESIAN_POINT('Origin',(-13.64,21.065,0.));
#10626=CARTESIAN_POINT('',(-13.64,22.115,0.));
#10627=CARTESIAN_POINT('Origin',(13.64,-1.79499999999999,0.));
#10628=CARTESIAN_POINT('',(13.64,-1.79499999999999,0.));
#10629=CARTESIAN_POINT('',(11.14,-1.79499999999999,0.));
#10630=CARTESIAN_POINT('',(11.14,-1.79499999999999,0.));
#10631=CARTESIAN_POINT('',(11.14,-1.79499999999999,0.));
#10632=CARTESIAN_POINT('',(13.64,-1.79499999999999,0.));
#10633=CARTESIAN_POINT('Origin',(13.64,-0.744999999999986,0.));
#10634=CARTESIAN_POINT('',(13.64,-0.744999999999986,0.));
#10635=CARTESIAN_POINT('',(13.64,-1.79499999999999,0.));
#10636=CARTESIAN_POINT('',(13.64,-0.744999999999986,0.));
#10637=CARTESIAN_POINT('Origin',(11.14,-0.74499999999999,0.));
#10638=CARTESIAN_POINT('',(11.14,-0.74499999999999,0.));
#10639=CARTESIAN_POINT('',(13.64,-0.744999999999986,0.));
#10640=CARTESIAN_POINT('',(11.14,-0.74499999999999,0.));
#10641=CARTESIAN_POINT('Origin',(11.14,-1.79499999999999,0.));
#10642=CARTESIAN_POINT('',(11.14,-0.74499999999999,0.));
#10643=CARTESIAN_POINT('Origin',(-11.14,13.445,0.));
#10644=CARTESIAN_POINT('',(-11.14,13.445,0.));
#10645=CARTESIAN_POINT('',(-13.64,13.445,0.));
#10646=CARTESIAN_POINT('',(-13.64,13.445,0.));
#10647=CARTESIAN_POINT('',(-13.64,13.445,0.));
#10648=CARTESIAN_POINT('',(-11.14,13.445,0.));
#10649=CARTESIAN_POINT('Origin',(-11.14,14.495,0.));
#10650=CARTESIAN_POINT('',(-11.14,14.495,0.));
#10651=CARTESIAN_POINT('',(-11.14,13.445,0.));
#10652=CARTESIAN_POINT('',(-11.14,14.495,0.));
#10653=CARTESIAN_POINT('Origin',(-13.64,14.495,0.));
#10654=CARTESIAN_POINT('',(-13.64,14.495,0.));
#10655=CARTESIAN_POINT('',(-11.14,14.495,0.));
#10656=CARTESIAN_POINT('',(-13.64,14.495,0.));
#10657=CARTESIAN_POINT('Origin',(-13.64,13.445,0.));
#10658=CARTESIAN_POINT('',(-13.64,14.495,0.));
#10659=CARTESIAN_POINT('Origin',(-11.14,10.905,0.));
#10660=CARTESIAN_POINT('',(-11.14,10.905,0.));
#10661=CARTESIAN_POINT('',(-13.64,10.905,0.));
#10662=CARTESIAN_POINT('',(-13.64,10.905,0.));
#10663=CARTESIAN_POINT('',(-13.64,10.905,0.));
#10664=CARTESIAN_POINT('',(-11.14,10.905,0.));
#10665=CARTESIAN_POINT('Origin',(-11.14,11.955,0.));
#10666=CARTESIAN_POINT('',(-11.14,11.955,0.));
#10667=CARTESIAN_POINT('',(-11.14,10.905,0.));
#10668=CARTESIAN_POINT('',(-11.14,11.955,0.));
#10669=CARTESIAN_POINT('Origin',(-13.64,11.955,0.));
#10670=CARTESIAN_POINT('',(-13.64,11.955,0.));
#10671=CARTESIAN_POINT('',(-11.14,11.955,0.));
#10672=CARTESIAN_POINT('',(-13.64,11.955,0.));
#10673=CARTESIAN_POINT('Origin',(-13.64,10.905,0.));
#10674=CARTESIAN_POINT('',(-13.64,11.955,0.));
#10675=CARTESIAN_POINT('Origin',(-11.14,8.36500000000001,0.));
#10676=CARTESIAN_POINT('',(-11.14,8.36500000000001,0.));
#10677=CARTESIAN_POINT('',(-13.64,8.36500000000001,0.));
#10678=CARTESIAN_POINT('',(-13.64,8.36500000000001,0.));
#10679=CARTESIAN_POINT('',(-13.64,8.36500000000001,0.));
#10680=CARTESIAN_POINT('',(-11.14,8.36500000000001,0.));
#10681=CARTESIAN_POINT('Origin',(-11.14,9.41500000000002,0.));
#10682=CARTESIAN_POINT('',(-11.14,9.41500000000002,0.));
#10683=CARTESIAN_POINT('',(-11.14,8.36500000000001,0.));
#10684=CARTESIAN_POINT('',(-11.14,9.41500000000002,0.));
#10685=CARTESIAN_POINT('Origin',(-13.64,9.41500000000001,0.));
#10686=CARTESIAN_POINT('',(-13.64,9.41500000000001,0.));
#10687=CARTESIAN_POINT('',(-11.14,9.41500000000002,0.));
#10688=CARTESIAN_POINT('',(-13.64,9.41500000000001,0.));
#10689=CARTESIAN_POINT('Origin',(-13.64,8.36500000000001,0.));
#10690=CARTESIAN_POINT('',(-13.64,9.41500000000001,0.));
#10691=CARTESIAN_POINT('Origin',(-11.14,-24.655,0.));
#10692=CARTESIAN_POINT('',(-11.14,-24.655,0.));
#10693=CARTESIAN_POINT('',(-13.64,-24.655,0.));
#10694=CARTESIAN_POINT('',(-13.64,-24.655,0.));
#10695=CARTESIAN_POINT('',(-13.64,-24.655,0.));
#10696=CARTESIAN_POINT('',(-11.14,-24.655,0.));
#10697=CARTESIAN_POINT('Origin',(-11.14,-23.605,0.));
#10698=CARTESIAN_POINT('',(-11.14,-23.605,0.));
#10699=CARTESIAN_POINT('',(-11.14,-24.655,0.));
#10700=CARTESIAN_POINT('',(-11.14,-23.605,0.));
#10701=CARTESIAN_POINT('Origin',(-13.64,-23.605,0.));
#10702=CARTESIAN_POINT('',(-13.64,-23.605,0.));
#10703=CARTESIAN_POINT('',(-11.14,-23.605,0.));
#10704=CARTESIAN_POINT('',(-13.64,-23.605,0.));
#10705=CARTESIAN_POINT('Origin',(-13.64,-24.655,0.));
#10706=CARTESIAN_POINT('',(-13.64,-23.605,0.));
#10707=CARTESIAN_POINT('Origin',(13.64,8.36500000000001,0.));
#10708=CARTESIAN_POINT('',(13.64,8.36500000000001,0.));
#10709=CARTESIAN_POINT('',(11.14,8.36500000000001,0.));
#10710=CARTESIAN_POINT('',(11.14,8.36500000000001,0.));
#10711=CARTESIAN_POINT('',(11.14,8.36500000000001,0.));
#10712=CARTESIAN_POINT('',(13.64,8.36500000000001,0.));
#10713=CARTESIAN_POINT('Origin',(13.64,9.41500000000002,0.));
#10714=CARTESIAN_POINT('',(13.64,9.41500000000002,0.));
#10715=CARTESIAN_POINT('',(13.64,8.36500000000001,0.));
#10716=CARTESIAN_POINT('',(13.64,9.41500000000002,0.));
#10717=CARTESIAN_POINT('Origin',(11.14,9.41500000000001,0.));
#10718=CARTESIAN_POINT('',(11.14,9.41500000000001,0.));
#10719=CARTESIAN_POINT('',(13.64,9.41500000000002,0.));
#10720=CARTESIAN_POINT('',(11.14,9.41500000000001,0.));
#10721=CARTESIAN_POINT('Origin',(11.14,8.36500000000001,0.));
#10722=CARTESIAN_POINT('',(11.14,9.41500000000001,0.));
#10723=CARTESIAN_POINT('Origin',(13.64,3.28500000000001,0.));
#10724=CARTESIAN_POINT('',(13.64,3.28500000000001,0.));
#10725=CARTESIAN_POINT('',(11.14,3.28500000000001,0.));
#10726=CARTESIAN_POINT('',(11.14,3.28500000000001,0.));
#10727=CARTESIAN_POINT('',(11.14,3.28500000000001,0.));
#10728=CARTESIAN_POINT('',(13.64,3.28500000000001,0.));
#10729=CARTESIAN_POINT('Origin',(13.64,4.33500000000001,0.));
#10730=CARTESIAN_POINT('',(13.64,4.33500000000001,0.));
#10731=CARTESIAN_POINT('',(13.64,3.28500000000001,0.));
#10732=CARTESIAN_POINT('',(13.64,4.33500000000001,0.));
#10733=CARTESIAN_POINT('Origin',(11.14,4.33500000000001,0.));
#10734=CARTESIAN_POINT('',(11.14,4.33500000000001,0.));
#10735=CARTESIAN_POINT('',(13.64,4.33500000000001,0.));
#10736=CARTESIAN_POINT('',(11.14,4.33500000000001,0.));
#10737=CARTESIAN_POINT('Origin',(11.14,3.28500000000001,0.));
#10738=CARTESIAN_POINT('',(11.14,4.33500000000001,0.));
#10739=CARTESIAN_POINT('Origin',(-11.14,-4.33499999999999,0.));
#10740=CARTESIAN_POINT('',(-11.14,-4.33499999999999,0.));
#10741=CARTESIAN_POINT('',(-13.64,-4.33499999999999,0.));
#10742=CARTESIAN_POINT('',(-13.64,-4.33499999999999,0.));
#10743=CARTESIAN_POINT('',(-13.64,-4.33499999999999,0.));
#10744=CARTESIAN_POINT('',(-11.14,-4.33499999999999,0.));
#10745=CARTESIAN_POINT('Origin',(-11.14,-3.28499999999999,0.));
#10746=CARTESIAN_POINT('',(-11.14,-3.28499999999999,0.));
#10747=CARTESIAN_POINT('',(-11.14,-4.33499999999999,0.));
#10748=CARTESIAN_POINT('',(-11.14,-3.28499999999999,0.));
#10749=CARTESIAN_POINT('Origin',(-13.64,-3.28499999999999,0.));
#10750=CARTESIAN_POINT('',(-13.64,-3.28499999999999,0.));
#10751=CARTESIAN_POINT('',(-11.14,-3.28499999999999,0.));
#10752=CARTESIAN_POINT('',(-13.64,-3.28499999999999,0.));
#10753=CARTESIAN_POINT('Origin',(-13.64,-4.33499999999999,0.));
#10754=CARTESIAN_POINT('',(-13.64,-3.28499999999999,0.));
#10755=CARTESIAN_POINT('Origin',(-11.14,3.28500000000001,0.));
#10756=CARTESIAN_POINT('',(-11.14,3.28500000000001,0.));
#10757=CARTESIAN_POINT('',(-13.64,3.28500000000001,0.));
#10758=CARTESIAN_POINT('',(-13.64,3.28500000000001,0.));
#10759=CARTESIAN_POINT('',(-13.64,3.28500000000001,0.));
#10760=CARTESIAN_POINT('',(-11.14,3.28500000000001,0.));
#10761=CARTESIAN_POINT('Origin',(-11.14,4.33500000000001,0.));
#10762=CARTESIAN_POINT('',(-11.14,4.33500000000001,0.));
#10763=CARTESIAN_POINT('',(-11.14,3.28500000000001,0.));
#10764=CARTESIAN_POINT('',(-11.14,4.33500000000001,0.));
#10765=CARTESIAN_POINT('Origin',(-13.64,4.33500000000001,0.));
#10766=CARTESIAN_POINT('',(-13.64,4.33500000000001,0.));
#10767=CARTESIAN_POINT('',(-11.14,4.33500000000001,0.));
#10768=CARTESIAN_POINT('',(-13.64,4.33500000000001,0.));
#10769=CARTESIAN_POINT('Origin',(-13.64,3.28500000000001,0.));
#10770=CARTESIAN_POINT('',(-13.64,4.33500000000001,0.));
#10771=CARTESIAN_POINT('Origin',(-11.14,-11.955,0.));
#10772=CARTESIAN_POINT('',(-11.14,-11.955,0.));
#10773=CARTESIAN_POINT('',(-13.64,-11.955,0.));
#10774=CARTESIAN_POINT('',(-13.64,-11.955,0.));
#10775=CARTESIAN_POINT('',(-13.64,-11.955,0.));
#10776=CARTESIAN_POINT('',(-11.14,-11.955,0.));
#10777=CARTESIAN_POINT('Origin',(-11.14,-10.905,0.));
#10778=CARTESIAN_POINT('',(-11.14,-10.905,0.));
#10779=CARTESIAN_POINT('',(-11.14,-11.955,0.));
#10780=CARTESIAN_POINT('',(-11.14,-10.905,0.));
#10781=CARTESIAN_POINT('Origin',(-13.64,-10.905,0.));
#10782=CARTESIAN_POINT('',(-13.64,-10.905,0.));
#10783=CARTESIAN_POINT('',(-11.14,-10.905,0.));
#10784=CARTESIAN_POINT('',(-13.64,-10.905,0.));
#10785=CARTESIAN_POINT('Origin',(-13.64,-11.955,0.));
#10786=CARTESIAN_POINT('',(-13.64,-10.905,0.));
#10787=CARTESIAN_POINT('Origin',(13.64,-22.115,0.));
#10788=CARTESIAN_POINT('',(13.64,-22.115,0.));
#10789=CARTESIAN_POINT('',(11.14,-22.115,0.));
#10790=CARTESIAN_POINT('',(11.14,-22.115,0.));
#10791=CARTESIAN_POINT('',(11.14,-22.115,0.));
#10792=CARTESIAN_POINT('',(13.64,-22.115,0.));
#10793=CARTESIAN_POINT('Origin',(13.64,-21.065,0.));
#10794=CARTESIAN_POINT('',(13.64,-21.065,0.));
#10795=CARTESIAN_POINT('',(13.64,-22.115,0.));
#10796=CARTESIAN_POINT('',(13.64,-21.065,0.));
#10797=CARTESIAN_POINT('Origin',(11.14,-21.065,0.));
#10798=CARTESIAN_POINT('',(11.14,-21.065,0.));
#10799=CARTESIAN_POINT('',(13.64,-21.065,0.));
#10800=CARTESIAN_POINT('',(11.14,-21.065,0.));
#10801=CARTESIAN_POINT('Origin',(11.14,-22.115,0.));
#10802=CARTESIAN_POINT('',(11.14,-21.065,0.));
#10803=CARTESIAN_POINT('Origin',(-11.14,-22.115,0.));
#10804=CARTESIAN_POINT('',(-11.14,-22.115,0.));
#10805=CARTESIAN_POINT('',(-13.64,-22.115,0.));
#10806=CARTESIAN_POINT('',(-13.64,-22.115,0.));
#10807=CARTESIAN_POINT('',(-13.64,-22.115,0.));
#10808=CARTESIAN_POINT('',(-11.14,-22.115,0.));
#10809=CARTESIAN_POINT('Origin',(-11.14,-21.065,0.));
#10810=CARTESIAN_POINT('',(-11.14,-21.065,0.));
#10811=CARTESIAN_POINT('',(-11.14,-22.115,0.));
#10812=CARTESIAN_POINT('',(-11.14,-21.065,0.));
#10813=CARTESIAN_POINT('Origin',(-13.64,-21.065,0.));
#10814=CARTESIAN_POINT('',(-13.64,-21.065,0.));
#10815=CARTESIAN_POINT('',(-11.14,-21.065,0.));
#10816=CARTESIAN_POINT('',(-13.64,-21.065,0.));
#10817=CARTESIAN_POINT('Origin',(-13.64,-22.115,0.));
#10818=CARTESIAN_POINT('',(-13.64,-21.065,0.));
#10819=CARTESIAN_POINT('Origin',(-11.14,-1.79499999999999,0.));
#10820=CARTESIAN_POINT('',(-11.14,-1.79499999999999,0.));
#10821=CARTESIAN_POINT('',(-13.64,-1.79499999999999,0.));
#10822=CARTESIAN_POINT('',(-13.64,-1.79499999999999,0.));
#10823=CARTESIAN_POINT('',(-13.64,-1.79499999999999,0.));
#10824=CARTESIAN_POINT('',(-11.14,-1.79499999999999,0.));
#10825=CARTESIAN_POINT('Origin',(-11.14,-0.744999999999986,0.));
#10826=CARTESIAN_POINT('',(-11.14,-0.744999999999986,0.));
#10827=CARTESIAN_POINT('',(-11.14,-1.79499999999999,0.));
#10828=CARTESIAN_POINT('',(-11.14,-0.744999999999986,0.));
#10829=CARTESIAN_POINT('Origin',(-13.64,-0.74499999999999,0.));
#10830=CARTESIAN_POINT('',(-13.64,-0.74499999999999,0.));
#10831=CARTESIAN_POINT('',(-11.14,-0.744999999999986,0.));
#10832=CARTESIAN_POINT('',(-13.64,-0.74499999999999,0.));
#10833=CARTESIAN_POINT('Origin',(-13.64,-1.79499999999999,0.));
#10834=CARTESIAN_POINT('',(-13.64,-0.74499999999999,0.));
#10835=CARTESIAN_POINT('Origin',(-11.14,-14.495,0.));
#10836=CARTESIAN_POINT('',(-11.14,-14.495,0.));
#10837=CARTESIAN_POINT('',(-13.64,-14.495,0.));
#10838=CARTESIAN_POINT('',(-13.64,-14.495,0.));
#10839=CARTESIAN_POINT('',(-13.64,-14.495,0.));
#10840=CARTESIAN_POINT('',(-11.14,-14.495,0.));
#10841=CARTESIAN_POINT('Origin',(-11.14,-13.445,0.));
#10842=CARTESIAN_POINT('',(-11.14,-13.445,0.));
#10843=CARTESIAN_POINT('',(-11.14,-14.495,0.));
#10844=CARTESIAN_POINT('',(-11.14,-13.445,0.));
#10845=CARTESIAN_POINT('Origin',(-13.64,-13.445,0.));
#10846=CARTESIAN_POINT('',(-13.64,-13.445,0.));
#10847=CARTESIAN_POINT('',(-11.14,-13.445,0.));
#10848=CARTESIAN_POINT('',(-13.64,-13.445,0.));
#10849=CARTESIAN_POINT('Origin',(-13.64,-14.495,0.));
#10850=CARTESIAN_POINT('',(-13.64,-13.445,0.));
#10851=CARTESIAN_POINT('Origin',(13.64,-24.655,0.));
#10852=CARTESIAN_POINT('',(13.64,-24.655,0.));
#10853=CARTESIAN_POINT('',(11.14,-24.655,0.));
#10854=CARTESIAN_POINT('',(11.14,-24.655,0.));
#10855=CARTESIAN_POINT('',(11.14,-24.655,0.));
#10856=CARTESIAN_POINT('',(13.64,-24.655,0.));
#10857=CARTESIAN_POINT('Origin',(13.64,-23.605,0.));
#10858=CARTESIAN_POINT('',(13.64,-23.605,0.));
#10859=CARTESIAN_POINT('',(13.64,-24.655,0.));
#10860=CARTESIAN_POINT('',(13.64,-23.605,0.));
#10861=CARTESIAN_POINT('Origin',(11.14,-23.605,0.));
#10862=CARTESIAN_POINT('',(11.14,-23.605,0.));
#10863=CARTESIAN_POINT('',(13.64,-23.605,0.));
#10864=CARTESIAN_POINT('',(11.14,-23.605,0.));
#10865=CARTESIAN_POINT('Origin',(11.14,-24.655,0.));
#10866=CARTESIAN_POINT('',(11.14,-23.605,0.));
#10867=CARTESIAN_POINT('Origin',(13.64,-4.33499999999999,0.));
#10868=CARTESIAN_POINT('',(13.64,-4.33499999999999,0.));
#10869=CARTESIAN_POINT('',(11.14,-4.33499999999999,0.));
#10870=CARTESIAN_POINT('',(11.14,-4.33499999999999,0.));
#10871=CARTESIAN_POINT('',(11.14,-4.33499999999999,0.));
#10872=CARTESIAN_POINT('',(13.64,-4.33499999999999,0.));
#10873=CARTESIAN_POINT('Origin',(13.64,-3.28499999999999,0.));
#10874=CARTESIAN_POINT('',(13.64,-3.28499999999999,0.));
#10875=CARTESIAN_POINT('',(13.64,-4.33499999999999,0.));
#10876=CARTESIAN_POINT('',(13.64,-3.28499999999999,0.));
#10877=CARTESIAN_POINT('Origin',(11.14,-3.28499999999999,0.));
#10878=CARTESIAN_POINT('',(11.14,-3.28499999999999,0.));
#10879=CARTESIAN_POINT('',(13.64,-3.28499999999999,0.));
#10880=CARTESIAN_POINT('',(11.14,-3.28499999999999,0.));
#10881=CARTESIAN_POINT('Origin',(11.14,-4.33499999999999,0.));
#10882=CARTESIAN_POINT('',(11.14,-3.28499999999999,0.));
#10883=CARTESIAN_POINT('Origin',(-15.64,-26.655,0.));
#10884=CARTESIAN_POINT('',(-15.64,-26.655,0.));
#10885=CARTESIAN_POINT('',(15.64,-26.655,0.));
#10886=CARTESIAN_POINT('',(-15.64,-26.655,0.));
#10887=CARTESIAN_POINT('',(15.64,-26.655,0.));
#10888=CARTESIAN_POINT('',(-15.64,-26.655,0.));
#10889=CARTESIAN_POINT('Origin',(-15.64,26.655,0.));
#10890=CARTESIAN_POINT('',(-15.64,26.655,0.));
#10891=CARTESIAN_POINT('',(-15.64,26.655,0.));
#10892=CARTESIAN_POINT('',(-15.64,26.655,0.));
#10893=CARTESIAN_POINT('Origin',(15.64,26.655,0.));
#10894=CARTESIAN_POINT('',(15.64,26.655,0.));
#10895=CARTESIAN_POINT('',(15.64,26.655,0.));
#10896=CARTESIAN_POINT('',(15.64,26.655,0.));
#10897=CARTESIAN_POINT('Origin',(15.64,-26.655,0.));
#10898=CARTESIAN_POINT('',(15.64,-26.655,0.));
#10899=CARTESIAN_POINT('Origin',(1.99840144432528E-14,0.,0.));
#10900=UNCERTAINTY_MEASURE_WITH_UNIT(LENGTH_MEASURE(0.01),#10904,
'DISTANCE_ACCURACY_VALUE',
'Maximum model space distance between geometric entities at asserted c
onnectivities');
#10901=UNCERTAINTY_MEASURE_WITH_UNIT(LENGTH_MEASURE(0.01),#10904,
'DISTANCE_ACCURACY_VALUE',
'Maximum model space distance between geometric entities at asserted c
onnectivities');
#10902=(
GEOMETRIC_REPRESENTATION_CONTEXT(3)
GLOBAL_UNCERTAINTY_ASSIGNED_CONTEXT((#10900))
GLOBAL_UNIT_ASSIGNED_CONTEXT((#10904,#10906,#10907))
REPRESENTATION_CONTEXT('','3D')
);
#10903=(
GEOMETRIC_REPRESENTATION_CONTEXT(3)
GLOBAL_UNCERTAINTY_ASSIGNED_CONTEXT((#10901))
GLOBAL_UNIT_ASSIGNED_CONTEXT((#10904,#10906,#10907))
REPRESENTATION_CONTEXT('','3D')
);
#10904=(
LENGTH_UNIT()
NAMED_UNIT(*)
SI_UNIT(.MILLI.,.METRE.)
);
#10905=(
LENGTH_UNIT()
NAMED_UNIT(*)
SI_UNIT($,.METRE.)
);
#10906=(
NAMED_UNIT(*)
PLANE_ANGLE_UNIT()
SI_UNIT($,.RADIAN.)
);
#10907=(
NAMED_UNIT(*)
SI_UNIT($,.STERADIAN.)
SOLID_ANGLE_UNIT()
);
#10908=SHAPE_DEFINITION_REPRESENTATION(#10909,#10910);
#10909=PRODUCT_DEFINITION_SHAPE('',$,#10912);
#10910=SHAPE_REPRESENTATION('',(#7000),#10902);
#10911=PRODUCT_DEFINITION_CONTEXT('part definition',#10916,'design');
#10912=PRODUCT_DEFINITION('ESPsocket','ESPsocket v2',#10913,#10911);
#10913=PRODUCT_DEFINITION_FORMATION('',$,#10918);
#10914=PRODUCT_RELATED_PRODUCT_CATEGORY('ESPsocket v2','ESPsocket v2',(#10918));
#10915=APPLICATION_PROTOCOL_DEFINITION('international standard',
'automotive_design',2009,#10916);
#10916=APPLICATION_CONTEXT(
'Core Data for Automotive Mechanical Design Process');
#10917=PRODUCT_CONTEXT('part definition',#10916,'mechanical');
#10918=PRODUCT('ESPsocket','ESPsocket v2',$,(#10917));
#10919=PRESENTATION_STYLE_ASSIGNMENT((#10920));
#10920=SURFACE_STYLE_USAGE(.BOTH.,#10921);
#10921=SURFACE_SIDE_STYLE('',(#10922));
#10922=SURFACE_STYLE_FILL_AREA(#10923);
#10923=FILL_AREA_STYLE('Steel - Satin',(#10924));
#10924=FILL_AREA_STYLE_COLOUR('Steel - Satin',#10925);
#10925=COLOUR_RGB('Steel - Satin',0.627450980392157,0.627450980392157,0.627450980392157);
ENDSEC;
END-ISO-10303-21;
