ISO-10303-21;
HEADER;
/* Generated by software containing ST-Developer
 * from STEP Tools, Inc. (www.steptools.com) 
 */

FILE_DESCRIPTION(
/* description */ (''),
/* implementation_level */ '2;1');

FILE_NAME(
/* name */ 'ESPsocketMount.step',
/* time_stamp */ '2026-08-12T03:27:27-06:00',
/* author */ (''),
/* organization */ (''),
/* preprocessor_version */ 'ST-DEVELOPER v20.1',
/* originating_system */ 'Autodesk Translation Framework v15.8.0.0',
/* authorisation */ '');

FILE_SCHEMA (('AUTOMOTIVE_DESIGN { 1 0 10303 214 3 1 1 }'));
ENDSEC;

DATA;
#10=MECHANICAL_DESIGN_GEOMETRIC_PRESENTATION_REPRESENTATION('',(#179,#180,
#181,#182,#183),#14845);
#11=ITEM_DEFINED_TRANSFORMATION($,$,#8062,#8504);
#12=ITEM_DEFINED_TRANSFORMATION($,$,#8389,#8505);
#13=ITEM_DEFINED_TRANSFORMATION($,$,#8389,#8506);
#14=ITEM_DEFINED_TRANSFORMATION($,$,#8389,#8507);
#15=ITEM_DEFINED_TRANSFORMATION($,$,#8389,#8508);
#16=(
REPRESENTATION_RELATIONSHIP($,$,#14862,#14861)
REPRESENTATION_RELATIONSHIP_WITH_TRANSFORMATION(#11)
SHAPE_REPRESENTATION_RELATIONSHIP()
);
#17=(
REPRESENTATION_RELATIONSHIP($,$,#14863,#14861)
REPRESENTATION_RELATIONSHIP_WITH_TRANSFORMATION(#12)
SHAPE_REPRESENTATION_RELATIONSHIP()
);
#18=(
REPRESENTATION_RELATIONSHIP($,$,#14863,#14861)
REPRESENTATION_RELATIONSHIP_WITH_TRANSFORMATION(#13)
SHAPE_REPRESENTATION_RELATIONSHIP()
);
#19=(
REPRESENTATION_RELATIONSHIP($,$,#14863,#14861)
REPRESENTATION_RELATIONSHIP_WITH_TRANSFORMATION(#14)
SHAPE_REPRESENTATION_RELATIONSHIP()
);
#20=(
REPRESENTATION_RELATIONSHIP($,$,#14863,#14861)
REPRESENTATION_RELATIONSHIP_WITH_TRANSFORMATION(#15)
SHAPE_REPRESENTATION_RELATIONSHIP()
);
#21=CONTEXT_DEPENDENT_SHAPE_REPRESENTATION(#16,#14856);
#22=CONTEXT_DEPENDENT_SHAPE_REPRESENTATION(#17,#14857);
#23=CONTEXT_DEPENDENT_SHAPE_REPRESENTATION(#18,#14858);
#24=CONTEXT_DEPENDENT_SHAPE_REPRESENTATION(#19,#14859);
#25=CONTEXT_DEPENDENT_SHAPE_REPRESENTATION(#20,#14860);
#26=NEXT_ASSEMBLY_USAGE_OCCURRENCE('ESPsocket v2:1','ESPsocket v2:1',
'ESPsocket v2:1',#14865,#14866,'ESPsocket v2:1');
#27=NEXT_ASSEMBLY_USAGE_OCCURRENCE('ESPClampScrew v2:1',
'ESPClampScrew v2:1','ESPClampScrew v2:1',#14865,#14867,
'ESPClampScrew v2:1');
#28=NEXT_ASSEMBLY_USAGE_OCCURRENCE('ESPClampScrew v2:2',
'ESPClampScrew v2:2','ESPClampScrew v2:2',#14865,#14867,
'ESPClampScrew v2:2');
#29=NEXT_ASSEMBLY_USAGE_OCCURRENCE('ESPClampScrew v2:3',
'ESPClampScrew v2:3','ESPClampScrew v2:3',#14865,#14867,
'ESPClampScrew v2:3');
#30=NEXT_ASSEMBLY_USAGE_OCCURRENCE('ESPClampScrew v2:4',
'ESPClampScrew v2:4','ESPClampScrew v2:4',#14865,#14867,
'ESPClampScrew v2:4');
#31=B_SPLINE_SURFACE_WITH_KNOTS('',3,3,((#12718,#12719,#12720,#12721,#12722,
#12723,#12724,#12725,#12726,#12727,#12728,#12729,#12730,#12731,#12732,#12733,
#12734,#12735,#12736,#12737,#12738,#12739,#12740,#12741,#12742,#12743,#12744,
#12745,#12746,#12747,#12748,#12749,#12750,#12751,#12752,#12753,#12754,#12755,
#12756),(#12757,#12758,#12759,#12760,#12761,#12762,#12763,#12764,#12765,
#12766,#12767,#12768,#12769,#12770,#12771,#12772,#12773,#12774,#12775,#12776,
#12777,#12778,#12779,#12780,#12781,#12782,#12783,#12784,#12785,#12786,#12787,
#12788,#12789,#12790,#12791,#12792,#12793,#12794,#12795),(#12796,#12797,
#12798,#12799,#12800,#12801,#12802,#12803,#12804,#12805,#12806,#12807,#12808,
#12809,#12810,#12811,#12812,#12813,#12814,#12815,#12816,#12817,#12818,#12819,
#12820,#12821,#12822,#12823,#12824,#12825,#12826,#12827,#12828,#12829,#12830,
#12831,#12832,#12833,#12834),(#12835,#12836,#12837,#12838,#12839,#12840,
#12841,#12842,#12843,#12844,#12845,#12846,#12847,#12848,#12849,#12850,#12851,
#12852,#12853,#12854,#12855,#12856,#12857,#12858,#12859,#12860,#12861,#12862,
#12863,#12864,#12865,#12866,#12867,#12868,#12869,#12870,#12871,#12872,#12873)),
 .UNSPECIFIED.,.F.,.F.,.F.,(4,4),(4,1,1,1,1,1,1,1,1,1,1,1,1,1,1,1,1,1,1,
1,1,1,1,1,1,1,1,1,1,1,1,1,1,1,1,1,4),(0.,0.115470053837925),(26.9031322811923,
27.9011523031535,28.8991723251147,29.8971923470759,30.8952123690371,31.8932323909983,
32.8912524129595,33.8892724349207,34.8872924568819,35.8853124788432,36.8833325008044,
37.8813525227656,38.8793725447268,39.877392566688,40.8754125886492,41.8734326106104,
42.8714526325716,43.8694726545328,44.8674926764941,45.8655126984553,46.8635327204165,
47.8615527423777,48.8595727643389,49.8575927863001,50.8556128082613,51.8536328302225,
52.8516528521837,53.849672874145,54.8476928961062,55.8457129180674,56.8437329400286,
57.8417529619898,58.839772983951,59.8377930059122,60.8358130278734,61.8338330498346,
62.8318530717958),.UNSPECIFIED.);
#32=B_SPLINE_SURFACE_WITH_KNOTS('',3,3,((#13039,#13040,#13041,#13042,#13043,
#13044,#13045,#13046,#13047,#13048,#13049,#13050,#13051,#13052,#13053,#13054,
#13055,#13056,#13057,#13058,#13059,#13060,#13061,#13062,#13063,#13064,#13065,
#13066,#13067,#13068,#13069,#13070,#13071,#13072,#13073,#13074,#13075,#13076,
#13077),(#13078,#13079,#13080,#13081,#13082,#13083,#13084,#13085,#13086,
#13087,#13088,#13089,#13090,#13091,#13092,#13093,#13094,#13095,#13096,#13097,
#13098,#13099,#13100,#13101,#13102,#13103,#13104,#13105,#13106,#13107,#13108,
#13109,#13110,#13111,#13112,#13113,#13114,#13115,#13116),(#13117,#13118,
#13119,#13120,#13121,#13122,#13123,#13124,#13125,#13126,#13127,#13128,#13129,
#13130,#13131,#13132,#13133,#13134,#13135,#13136,#13137,#13138,#13139,#13140,
#13141,#13142,#13143,#13144,#13145,#13146,#13147,#13148,#13149,#13150,#13151,
#13152,#13153,#13154,#13155),(#13156,#13157,#13158,#13159,#13160,#13161,
#13162,#13163,#13164,#13165,#13166,#13167,#13168,#13169,#13170,#13171,#13172,
#13173,#13174,#13175,#13176,#13177,#13178,#13179,#13180,#13181,#13182,#13183,
#13184,#13185,#13186,#13187,#13188,#13189,#13190,#13191,#13192,#13193,#13194)),
 .UNSPECIFIED.,.F.,.F.,.F.,(4,4),(4,1,1,1,1,1,1,1,1,1,1,1,1,1,1,1,1,1,1,
1,1,1,1,1,1,1,1,1,1,1,1,1,1,1,1,1,4),(0.,0.115470053837925),(29.3215314335046,
30.3195514554658,31.317571477427,32.3155914993882,33.3136115213494,34.3116315433106,
35.3096515652718,36.307671587233,37.3056916091942,38.3037116311555,39.3017316531167,
40.2997516750779,41.2977716970391,42.2957917190003,43.2938117409615,44.2918317629227,
45.2898517848839,46.2878718068451,47.2858918288063,48.2839118507676,49.2819318727288,
50.27995189469,51.2779719166512,52.2759919386124,53.2740119605736,54.2720319825348,
55.270052004496,56.2680720264572,57.2660920484185,58.2641120703797,59.2621320923409,
60.2601521143021,61.2581721362633,62.2561921582245,63.2542121801857,64.2522322021469,
65.2502522241081),.UNSPECIFIED.);
#33=B_SPLINE_SURFACE_WITH_KNOTS('',3,3,((#13681,#13682,#13683,#13684,#13685,
#13686,#13687,#13688,#13689,#13690,#13691,#13692,#13693,#13694,#13695,#13696,
#13697,#13698,#13699,#13700,#13701,#13702,#13703,#13704,#13705,#13706,#13707,
#13708,#13709,#13710,#13711,#13712,#13713,#13714,#13715,#13716,#13717,#13718,
#13719,#13720,#13721,#13722,#13723,#13724,#13725,#13726,#13727,#13728,#13729,
#13730,#13731,#13732,#13733,#13734,#13735,#13736,#13737,#13738,#13739,#13740),
(#13741,#13742,#13743,#13744,#13745,#13746,#13747,#13748,#13749,#13750,
#13751,#13752,#13753,#13754,#13755,#13756,#13757,#13758,#13759,#13760,#13761,
#13762,#13763,#13764,#13765,#13766,#13767,#13768,#13769,#13770,#13771,#13772,
#13773,#13774,#13775,#13776,#13777,#13778,#13779,#13780,#13781,#13782,#13783,
#13784,#13785,#13786,#13787,#13788,#13789,#13790,#13791,#13792,#13793,#13794,
#13795,#13796,#13797,#13798,#13799,#13800),(#13801,#13802,#13803,#13804,
#13805,#13806,#13807,#13808,#13809,#13810,#13811,#13812,#13813,#13814,#13815,
#13816,#13817,#13818,#13819,#13820,#13821,#13822,#13823,#13824,#13825,#13826,
#13827,#13828,#13829,#13830,#13831,#13832,#13833,#13834,#13835,#13836,#13837,
#13838,#13839,#13840,#13841,#13842,#13843,#13844,#13845,#13846,#13847,#13848,
#13849,#13850,#13851,#13852,#13853,#13854,#13855,#13856,#13857,#13858,#13859,
#13860),(#13861,#13862,#13863,#13864,#13865,#13866,#13867,#13868,#13869,
#13870,#13871,#13872,#13873,#13874,#13875,#13876,#13877,#13878,#13879,#13880,
#13881,#13882,#13883,#13884,#13885,#13886,#13887,#13888,#13889,#13890,#13891,
#13892,#13893,#13894,#13895,#13896,#13897,#13898,#13899,#13900,#13901,#13902,
#13903,#13904,#13905,#13906,#13907,#13908,#13909,#13910,#13911,#13912,#13913,
#13914,#13915,#13916,#13917,#13918,#13919,#13920)),.UNSPECIFIED.,.F.,.F.,
 .F.,(4,4),(4,1,1,1,1,1,1,1,1,1,1,1,1,1,1,1,1,1,1,1,1,1,1,1,1,1,1,1,1,1,
1,1,1,1,1,1,1,1,1,1,1,1,1,1,1,1,1,1,1,1,1,1,1,1,1,1,1,4),(0.,1.),(20.5286325515961,
21.2914636050342,22.0542946584724,22.8171257119105,23.5799567653486,24.3427878187868,
25.1056188722249,25.868449925663,26.2498654523821,26.6312809791012,27.1398350147266,
27.648389050352,28.6654971216029,29.1740511572283,29.6826051928537,30.6997132641045,
31.7168213353554,32.7339294066062,33.7510374778571,34.7681455491079,35.7852536203588,
36.8023616916096,37.8194697628605,38.8365778341113,39.8536859053622,40.870793976613,
41.8879020478638,42.9050101191147,43.9221181903655,44.9392262616164,45.4477802972418,
45.9563343328672,46.4648883684926,46.9734424041181,47.4819964397435,47.9905504753689,
48.4991045109943,49.0076585466198,49.5162125822452,50.0247666178706,50.533320653496,
51.0418746891214,51.8047057425596,52.5675367959977,53.3303678494358,54.093198902874,
54.8560299563121,55.6188610097502,56.3816920631884,57.1445231166265,57.9073541700647,
58.6701852235028,59.4330162769409,60.1958473303791,60.9586783838172,61.7215094372553,
62.4843404906935,63.2471715441316),.UNSPECIFIED.);
#34=B_SPLINE_SURFACE_WITH_KNOTS('',3,3,((#14075,#14076,#14077,#14078,#14079,
#14080,#14081,#14082,#14083,#14084,#14085,#14086,#14087,#14088,#14089,#14090,
#14091,#14092,#14093,#14094,#14095,#14096,#14097,#14098,#14099,#14100,#14101,
#14102,#14103,#14104,#14105,#14106,#14107,#14108,#14109,#14110,#14111,#14112,
#14113,#14114,#14115,#14116,#14117,#14118,#14119,#14120,#14121),(#14122,
#14123,#14124,#14125,#14126,#14127,#14128,#14129,#14130,#14131,#14132,#14133,
#14134,#14135,#14136,#14137,#14138,#14139,#14140,#14141,#14142,#14143,#14144,
#14145,#14146,#14147,#14148,#14149,#14150,#14151,#14152,#14153,#14154,#14155,
#14156,#14157,#14158,#14159,#14160,#14161,#14162,#14163,#14164,#14165,#14166,
#14167,#14168),(#14169,#14170,#14171,#14172,#14173,#14174,#14175,#14176,
#14177,#14178,#14179,#14180,#14181,#14182,#14183,#14184,#14185,#14186,#14187,
#14188,#14189,#14190,#14191,#14192,#14193,#14194,#14195,#14196,#14197,#14198,
#14199,#14200,#14201,#14202,#14203,#14204,#14205,#14206,#14207,#14208,#14209,
#14210,#14211,#14212,#14213,#14214,#14215),(#14216,#14217,#14218,#14219,
#14220,#14221,#14222,#14223,#14224,#14225,#14226,#14227,#14228,#14229,#14230,
#14231,#14232,#14233,#14234,#14235,#14236,#14237,#14238,#14239,#14240,#14241,
#14242,#14243,#14244,#14245,#14246,#14247,#14248,#14249,#14250,#14251,#14252,
#14253,#14254,#14255,#14256,#14257,#14258,#14259,#14260,#14261,#14262)),
 .UNSPECIFIED.,.F.,.F.,.F.,(4,4),(4,1,1,1,1,1,1,1,1,1,1,1,1,1,1,1,1,1,1,
1,1,1,1,1,1,1,1,1,1,1,1,1,1,1,1,1,1,1,1,1,1,1,1,1,4),(0.0200243030528374,
0.115470053837925),(21.3633390463588,22.3607688913077,23.3581987362565,
24.3556285812054,25.3530584261542,26.3504882711031,27.3479181160519,28.3453479610008,
29.3427778059496,30.3402076508985,31.3376374958473,32.3350673407962,33.332497185745,
34.3299270306939,35.3273568756427,36.3247867205915,37.3222165655404,38.3196464104892,
39.3170762554381,40.3145061003869,41.3119359453358,42.3093657902846,43.3067956352335,
44.3042254801823,45.3016553251312,46.29908517008,47.2965150150289,48.2939448599777,
49.2913747049266,50.2888045498754,51.2862343948243,52.2836642397731,53.281094084722,
54.2785239296708,55.2759537746197,56.2733836195685,57.2708134645174,58.2682433094662,
59.265673154415,60.2631029993639,61.2605328443127,62.2579626892616,63.2553925342104,
64.2528223791593,65.2502522241081),.UNSPECIFIED.);
#35=B_SPLINE_SURFACE_WITH_KNOTS('',3,3,((#14464,#14465,#14466,#14467,#14468,
#14469,#14470,#14471,#14472,#14473,#14474,#14475,#14476,#14477,#14478,#14479,
#14480,#14481,#14482,#14483,#14484,#14485,#14486,#14487,#14488,#14489,#14490,
#14491,#14492,#14493,#14494,#14495,#14496,#14497,#14498,#14499,#14500,#14501,
#14502,#14503,#14504,#14505,#14506,#14507,#14508,#14509,#14510),(#14511,
#14512,#14513,#14514,#14515,#14516,#14517,#14518,#14519,#14520,#14521,#14522,
#14523,#14524,#14525,#14526,#14527,#14528,#14529,#14530,#14531,#14532,#14533,
#14534,#14535,#14536,#14537,#14538,#14539,#14540,#14541,#14542,#14543,#14544,
#14545,#14546,#14547,#14548,#14549,#14550,#14551,#14552,#14553,#14554,#14555,
#14556,#14557),(#14558,#14559,#14560,#14561,#14562,#14563,#14564,#14565,
#14566,#14567,#14568,#14569,#14570,#14571,#14572,#14573,#14574,#14575,#14576,
#14577,#14578,#14579,#14580,#14581,#14582,#14583,#14584,#14585,#14586,#14587,
#14588,#14589,#14590,#14591,#14592,#14593,#14594,#14595,#14596,#14597,#14598,
#14599,#14600,#14601,#14602,#14603,#14604),(#14605,#14606,#14607,#14608,
#14609,#14610,#14611,#14612,#14613,#14614,#14615,#14616,#14617,#14618,#14619,
#14620,#14621,#14622,#14623,#14624,#14625,#14626,#14627,#14628,#14629,#14630,
#14631,#14632,#14633,#14634,#14635,#14636,#14637,#14638,#14639,#14640,#14641,
#14642,#14643,#14644,#14645,#14646,#14647,#14648,#14649,#14650,#14651)),
 .UNSPECIFIED.,.F.,.F.,.F.,(4,4),(4,1,1,1,1,1,1,1,1,1,1,1,1,1,1,1,1,1,1,
1,1,1,1,1,1,1,1,1,1,1,1,1,1,1,1,1,1,1,1,1,1,1,1,1,4),(0.,0.0954457507850877),
(18.5255518716195,19.5229817165684,20.5204115615172,21.5178414064661,22.5152712514149,
23.5127010963638,24.5101309413126,25.5075607862615,26.5049906312103,27.5024204761592,
28.499850321108,29.4972801660569,30.4947100110057,31.4921398559546,32.4895697009034,
33.4869995458523,34.4844293908011,35.48185923575,36.4792890806988,37.4767189256476,
38.4741487705965,39.4715786155453,40.4690084604942,41.466438305443,42.4638681503919,
43.4612979953407,44.4587278402896,45.4561576852384,46.4535875301873,47.4510173751361,
48.448447220085,49.4458770650338,50.4433069099827,51.4407367549315,52.4381665998804,
53.4355964448292,54.4330262897781,55.4304561347269,56.4278859796758,57.4253158246246,
58.4227456695735,59.4201755145223,60.4176053594712,61.41503520442,62.4124650493688),
 .UNSPECIFIED.);
#36=CIRCLE('',#8391,1.9016);
#37=CIRCLE('',#8396,1.9016);
#38=CIRCLE('',#8398,5.);
#39=CIRCLE('',#8401,5.);
#40=CIRCLE('',#8404,1.5);
#41=CIRCLE('',#8406,1.5);
#42=CIRCLE('',#8413,1.5);
#43=CIRCLE('',#8416,4.);
#44=CIRCLE('',#8418,4.);
#45=CIRCLE('',#8421,4.2);
#46=CIRCLE('',#8422,2.4265);
#47=CIRCLE('',#8424,4.2);
#48=CIRCLE('',#8426,2.4265);
#49=CIRCLE('',#8428,2.4265);
#50=CIRCLE('',#8429,2.4265);
#51=CIRCLE('',#8431,4.2);
#52=CIRCLE('',#8433,4.2);
#53=CIRCLE('',#8435,7.);
#54=CIRCLE('',#8436,7.);
#55=CIRCLE('',#8439,7.);
#56=CIRCLE('',#8440,7.);
#57=CIRCLE('',#8442,7.);
#58=CIRCLE('',#8443,7.);
#59=CIRCLE('',#8446,7.);
#60=CIRCLE('',#8447,5.);
#61=CIRCLE('',#8448,7.);
#62=CIRCLE('',#8449,7.);
#63=CIRCLE('',#8450,5.);
#64=CIRCLE('',#8452,7.);
#65=CIRCLE('',#8454,7.);
#66=CIRCLE('',#8456,7.);
#67=CIRCLE('',#8458,5.);
#68=CIRCLE('',#8460,5.);
#69=CIRCLE('',#8463,4.2);
#70=CIRCLE('',#8464,2.4265);
#71=CIRCLE('',#8466,4.2);
#72=CIRCLE('',#8468,2.4265);
#73=CIRCLE('',#8470,2.4265);
#74=CIRCLE('',#8471,2.4265);
#75=CIRCLE('',#8473,4.2);
#76=CIRCLE('',#8475,4.2);
#77=CIRCLE('',#8477,7.);
#78=CIRCLE('',#8478,7.);
#79=CIRCLE('',#8481,7.);
#80=CIRCLE('',#8482,7.);
#81=CIRCLE('',#8484,7.);
#82=CIRCLE('',#8485,7.);
#83=CIRCLE('',#8488,5.);
#84=CIRCLE('',#8489,7.);
#85=CIRCLE('',#8490,7.);
#86=CIRCLE('',#8491,5.);
#87=CIRCLE('',#8492,7.);
#88=CIRCLE('',#8494,7.);
#89=CIRCLE('',#8496,7.);
#90=CIRCLE('',#8498,7.);
#91=CIRCLE('',#8500,5.);
#92=CIRCLE('',#8502,5.);
#93=B_SPLINE_CURVE_WITH_KNOTS('',3,(#12381,#12382,#12383,#12384,#12385,
#12386,#12387,#12388),.UNSPECIFIED.,.F.,.F.,(4,1,1,1,1,4),(26.9031322811923,
27.9011523031535,28.8991723251147,29.8971923470759,30.8952123690371,31.4159265358979),
 .UNSPECIFIED.);
#94=B_SPLINE_CURVE_WITH_KNOTS('',3,(#12391,#12392,#12393,#12394,#12395,
#12396,#12397,#12398,#12399,#12400),.UNSPECIFIED.,.F.,.F.,(4,1,1,1,1,1,
1,4),(31.7399305858168,32.3155914993882,33.3136115213494,34.3116315433106,
35.3096515652718,36.307671587233,37.3056916091942,37.6991118430775),
 .UNSPECIFIED.);
#95=B_SPLINE_CURVE_WITH_KNOTS('',3,(#12405,#12406,#12407,#12408,#12409,
#12410,#12411,#12412,#12413,#12414),.UNSPECIFIED.,.F.,.F.,(4,1,1,1,1,1,
1,4),(31.4159265358979,31.8932323909983,32.8912524129595,33.8892724349207,
34.8872924568819,35.8853124788432,36.8833325008044,37.6991118430775),
 .UNSPECIFIED.);
#96=B_SPLINE_CURVE_WITH_KNOTS('',3,(#12415,#12416,#12417,#12418,#12419,
#12420,#12421,#12422,#12423,#12424),.UNSPECIFIED.,.F.,.F.,(4,1,1,1,1,1,
1,4),(37.6991118430775,38.3037116311555,39.3017316531167,40.2997516750779,
41.2977716970391,42.2957917190003,43.2938117409615,43.9822971502571),
 .UNSPECIFIED.);
#97=B_SPLINE_CURVE_WITH_KNOTS('',3,(#12429,#12430,#12431,#12432,#12433,
#12434,#12435,#12436,#12437,#12438,#12439),.UNSPECIFIED.,.F.,.F.,(4,1,1,
1,1,1,1,1,4),(37.6991118430775,37.8813525227656,38.8793725447268,39.877392566688,
40.8754125886492,41.8734326106104,42.8714526325716,43.8694726545328,43.9822971502571),
 .UNSPECIFIED.);
#98=B_SPLINE_CURVE_WITH_KNOTS('',3,(#12440,#12441,#12442,#12443,#12444,
#12445,#12446,#12447,#12448,#12449),.UNSPECIFIED.,.F.,.F.,(4,1,1,1,1,1,
1,4),(43.9822971502571,44.2918317629227,45.2898517848839,46.2878718068451,
47.2858918288063,48.2839118507676,49.2819318727288,50.2654824574367),
 .UNSPECIFIED.);
#99=B_SPLINE_CURVE_WITH_KNOTS('',3,(#12454,#12455,#12456,#12457,#12458,
#12459,#12460,#12461,#12462,#12463),.UNSPECIFIED.,.F.,.F.,(4,1,1,1,1,1,
1,4),(43.9822971502571,44.8674926764941,45.8655126984553,46.8635327204165,
47.8615527423777,48.8595727643389,49.8575927863001,50.2654824574367),
 .UNSPECIFIED.);
#100=B_SPLINE_CURVE_WITH_KNOTS('',3,(#12464,#12465,#12466,#12467,#12468,
#12469,#12470,#12471,#12472,#12473,#12474),.UNSPECIFIED.,.F.,.F.,(4,1,1,
1,1,1,1,1,4),(50.2654824574367,50.27995189469,51.2779719166512,52.2759919386124,
53.2740119605736,54.2720319825348,55.270052004496,56.2680720264572,56.5486677646163),
 .UNSPECIFIED.);
#101=B_SPLINE_CURVE_WITH_KNOTS('',3,(#12480,#12481,#12482,#12483,#12484,
#12485),.UNSPECIFIED.,.F.,.F.,(4,1,1,4),(62.8318530717959,63.2542121801857,
64.2522322021469,65.2502522241081),.UNSPECIFIED.);
#102=B_SPLINE_CURVE_WITH_KNOTS('',3,(#12488,#12489,#12490,#12491,#12492,
#12493,#12494,#12495),.UNSPECIFIED.,.F.,.F.,(4,1,1,1,1,4),(56.5486677646163,
56.8437329400286,57.8417529619898,58.839772983951,59.8377930059122,60.4134539194836),
 .UNSPECIFIED.);
#103=B_SPLINE_CURVE_WITH_KNOTS('',3,(#12500,#12501,#12502,#12503,#12504,
#12505,#12506,#12507,#12508,#12509,#12510,#12511,#12512,#12513,#12514,#12515,
#12516,#12517,#12518,#12519,#12520,#12521,#12522,#12523,#12524,#12525,#12526,
#12527,#12528,#12529,#12530,#12531,#12532,#12533,#12534,#12535,#12536,#12537,
#12538,#12539,#12540,#12541,#12542,#12543,#12544,#12545,#12546,#12547,#12548,
#12549,#12550,#12551,#12552,#12553,#12554,#12555,#12556,#12557,#12558,#12559,
#12560,#12561,#12562,#12563,#12564,#12565,#12566,#12567,#12568,#12569,#12570,
#12571,#12572,#12573,#12574,#12575,#12576,#12577,#12578,#12579,#12580,#12581,
#12582,#12583,#12584,#12585,#12586,#12587,#12588,#12589,#12590,#12591,#12592,
#12593,#12594,#12595,#12596,#12597,#12598,#12599,#12600,#12601,#12602,#12603,
#12604,#12605),.UNSPECIFIED.,.F.,.F.,(4,3,3,3,3,3,3,3,3,3,3,3,3,3,3,3,3,
3,3,3,3,3,3,3,3,3,3,3,3,3,3,3,3,3,3,4),(-0.588007663313153,-0.558167959340954,
-0.530575149833238,-0.513411796898516,-0.508010764640701,-0.481218069740471,
-0.468648847424355,-0.452769434427288,-0.441019830796364,-0.434557795369078,
-0.407060350881853,-0.380457543904697,-0.354351301265671,-0.344606796131805,
-0.338066058997627,-0.334046390084873,-0.308711124351977,-0.28405786111162,
-0.259898649049806,-0.248215372168005,-0.244092733395154,-0.220603426677501,
-0.214578239471276,-0.190476630200935,-0.166667051425818,-0.15702249189363,
-0.153317014666621,-0.130481263480513,-0.107937240494683,-0.0858914783373717,
-0.0761159164465266,-0.0723840939342948,-0.051258186025136,-0.0304773210541225,
-0.0102253938370742,0.),.UNSPECIFIED.);
#104=B_SPLINE_CURVE_WITH_KNOTS('',3,(#12606,#12607,#12608,#12609,#12610,
#12611,#12612,#12613,#12614,#12615,#12616,#12617,#12618,#12619,#12620,#12621,
#12622,#12623,#12624,#12625,#12626,#12627,#12628,#12629,#12630,#12631,#12632,
#12633,#12634,#12635,#12636,#12637,#12638,#12639,#12640,#12641,#12642,#12643,
#12644,#12645,#12646,#12647,#12648,#12649,#12650,#12651,#12652,#12653,#12654,
#12655,#12656,#12657,#12658,#12659,#12660,#12661,#12662,#12663,#12664,#12665,
#12666,#12667,#12668,#12669,#12670,#12671,#12672,#12673,#12674,#12675,#12676,
#12677,#12678,#12679,#12680,#12681,#12682,#12683,#12684,#12685,#12686,#12687,
#12688,#12689,#12690,#12691,#12692,#12693,#12694,#12695,#12696,#12697,#12698,
#12699,#12700,#12701,#12702,#12703,#12704,#12705,#12706,#12707,#12708,#12709,
#12710,#12711,#12712,#12713,#12714,#12715,#12716,#12717),.UNSPECIFIED.,
 .F.,.F.,(4,3,3,3,3,3,3,3,3,3,3,3,3,3,3,3,3,3,3,3,3,3,3,3,3,3,3,3,3,3,3,
3,3,3,3,3,3,4),(-0.593465375188483,-0.571818485661294,-0.555583318515903,
-0.547900827432821,-0.54203485803243,-0.53803388619274,-0.51569090689516,
-0.506877817079729,-0.492289528927116,-0.486699690254828,-0.48283509789613,
-0.460636645413953,-0.43724021556695,-0.416768339450822,-0.407148277074511,
-0.401152909404309,-0.397078953763366,-0.372916075694138,-0.348037028478895,
-0.323140592181778,-0.314581400199019,-0.309859037489054,-0.305964644160919,
-0.279931330403424,-0.273465206637927,-0.248295591214039,-0.222638815297689,
-0.213671616204009,-0.209605297194384,-0.183082175914954,-0.156015981006169,
-0.128607150380123,-0.112531256582608,-0.106362598623902,-0.0778996927226099,
-0.0492064606191008,-0.0208369045261535,0.),.UNSPECIFIED.);
#105=B_SPLINE_CURVE_WITH_KNOTS('',3,(#12874,#12875,#12876,#12877,#12878,
#12879,#12880,#12881,#12882,#12883),.UNSPECIFIED.,.F.,.F.,(4,1,1,1,1,1,
1,4),(50.2654824574367,50.8556128082613,51.8536328302225,52.8516528521837,
53.849672874145,54.8476928961062,55.8457129180674,56.5486677646163),
 .UNSPECIFIED.);
#106=B_SPLINE_CURVE_WITH_KNOTS('',3,(#12885,#12886,#12887,#12888,#12889,
#12890,#12891,#12892,#12893,#12894,#12895,#12896,#12897,#12898,#12899,#12900,
#12901,#12902,#12903,#12904,#12905,#12906,#12907,#12908,#12909,#12910,#12911,
#12912,#12913,#12914,#12915,#12916,#12917,#12918,#12919,#12920,#12921,#12922,
#12923,#12924,#12925,#12926,#12927,#12928,#12929,#12930,#12931,#12932,#12933,
#12934,#12935,#12936,#12937,#12938,#12939,#12940,#12941,#12942,#12943,#12944,
#12945,#12946,#12947,#12948,#12949,#12950,#12951,#12952,#12953,#12954,#12955,
#12956,#12957,#12958,#12959,#12960,#12961,#12962,#12963,#12964,#12965,#12966,
#12967,#12968,#12969,#12970,#12971,#12972,#12973,#12974,#12975,#12976,#12977,
#12978,#12979,#12980,#12981,#12982,#12983,#12984,#12985,#12986,#12987,#12988,
#12989,#12990),.UNSPECIFIED.,.F.,.F.,(4,3,3,3,3,3,3,3,3,3,3,3,3,3,3,3,3,
3,3,3,3,3,3,3,3,3,3,3,3,3,3,3,3,3,3,4),(0.,0.028187305185271,0.0568458254515454,
0.0839232480998404,0.108162177874776,0.112304667241999,0.139740195186316,
0.166876653630331,0.193523791882225,0.2043223676326,0.211717646528587,0.215396607069894,
0.241104250331632,0.26625313145089,0.273465206637906,0.299521246366334,
0.308076957263077,0.312416215767746,0.337347930602078,0.362075299214325,
0.386281028219031,0.395745822394916,0.400447734155177,0.404591604618326,
0.428010359493946,0.450782250561195,0.473108541138848,0.482630780482949,
0.488875782735549,0.506877817079686,0.528524706606879,0.538031487478263,
0.544141382782299,0.565617405458724,0.586637059697325,0.593465375188461),
 .UNSPECIFIED.);
#107=B_SPLINE_CURVE_WITH_KNOTS('',3,(#12991,#12992,#12993,#12994,#12995,
#12996,#12997,#12998,#12999,#13000,#13001,#13002,#13003,#13004,#13005,#13006,
#13007,#13008,#13009,#13010,#13011,#13012,#13013,#13014,#13015,#13016,#13017,
#13018,#13019,#13020,#13021,#13022,#13023,#13024,#13025,#13026,#13027),
 .UNSPECIFIED.,.F.,.F.,(4,1,1,1,1,1,1,1,1,1,1,1,1,1,1,1,1,1,1,1,1,1,1,1,
1,1,1,1,1,1,1,1,1,1,4),(29.3215314335046,29.8971923470759,30.8952123690371,
31.8932323909983,32.8912524129595,33.8892724349207,34.8872924568819,35.8853124788432,
36.8833325008044,37.8813525227656,38.8793725447268,39.877392566688,40.8754125886492,
41.8734326106104,42.8714526325716,43.8694726545328,44.8674926764941,45.8655126984553,
46.8635327204165,47.8615527423777,48.8595727643389,49.8575927863001,50.8556128082613,
51.8536328302225,52.8516528521837,53.849672874145,54.8476928961062,55.8457129180674,
56.8437329400286,57.8417529619898,58.839772983951,59.8377930059122,60.8358130278734,
61.8338330498346,62.8318530717958),.UNSPECIFIED.);
#108=B_SPLINE_CURVE_WITH_KNOTS('',3,(#13029,#13030,#13031,#13032,#13033,
#13034,#13035,#13036,#13037,#13038),.UNSPECIFIED.,.F.,.F.,(4,1,1,1,1,1,
1,4),(56.5486677646163,57.2660920484185,58.2641120703797,59.2621320923409,
60.2601521143021,61.2581721362633,62.2561921582245,62.8318530717959),
 .UNSPECIFIED.);
#109=B_SPLINE_CURVE_WITH_KNOTS('',3,(#13195,#13196,#13197,#13198,#13199,
#13200,#13201,#13202,#13203,#13204,#13205,#13206,#13207,#13208,#13209,#13210,
#13211,#13212,#13213,#13214,#13215,#13216,#13217,#13218,#13219,#13220,#13221,
#13222,#13223,#13224,#13225,#13226,#13227,#13228,#13229,#13230,#13231,#13232,
#13233,#13234,#13235,#13236,#13237,#13238,#13239,#13240,#13241,#13242,#13243,
#13244,#13245,#13246,#13247,#13248,#13249,#13250,#13251,#13252,#13253,#13254,
#13255,#13256,#13257,#13258,#13259,#13260,#13261,#13262,#13263,#13264,#13265,
#13266,#13267,#13268,#13269,#13270,#13271,#13272,#13273,#13274,#13275,#13276,
#13277,#13278,#13279,#13280,#13281,#13282,#13283,#13284,#13285,#13286,#13287,
#13288,#13289,#13290,#13291,#13292,#13293,#13294,#13295,#13296,#13297,#13298,
#13299,#13300),.UNSPECIFIED.,.F.,.F.,(4,3,3,3,3,3,3,3,3,3,3,3,3,3,3,3,3,
3,3,3,3,3,3,3,3,3,3,3,3,3,3,3,3,3,3,4),(0.,0.0202096905961756,0.0408501782275541,
0.0625661858830197,0.0726607138261744,0.0781004536885774,0.100168627459736,
0.122717684833413,0.145682823492879,0.155820680844126,0.159611126253344,
0.18341746180997,0.207524688106572,0.214578239471279,0.230457652468349,
0.240633513124851,0.245005279510172,0.268955093294631,0.293916812560853,
0.319210606663307,0.330258864557636,0.336812542066373,0.340831777857229,
0.366857081893804,0.393561904320956,0.420232345542244,0.432336471012784,
0.436984776268454,0.441343947125522,0.468648847424405,0.495328793506741,
0.508327231808367,0.514934883589853,0.542458098906659,0.570745600968039,
0.588007663313212),.UNSPECIFIED.);
#110=B_SPLINE_CURVE_WITH_KNOTS('',3,(#13311,#13312,#13313,#13314),
 .UNSPECIFIED.,.F.,.F.,(4,4),(59.6902604182061,60.4134539194836),
 .UNSPECIFIED.);
#111=B_SPLINE_CURVE_WITH_KNOTS('',3,(#13320,#13321,#13322,#13323,#13324,
#13325,#13326,#13327,#13328,#13329,#13330),.UNSPECIFIED.,.F.,.F.,(4,1,1,
1,1,1,1,1,4),(53.4070751110265,53.4355964448292,54.4330262897781,55.4304561347269,
56.4278859796758,57.4253158246246,58.4227456695735,59.4201755145223,59.6902604182061),
 .UNSPECIFIED.);
#112=B_SPLINE_CURVE_WITH_KNOTS('',3,(#13333,#13334,#13335,#13336,#13337,
#13338,#13339,#13340,#13341),.UNSPECIFIED.,.F.,.F.,(4,1,1,1,1,1,4),(59.6902604182061,
60.2631029993639,61.2605328443127,62.2579626892616,63.2553925342104,64.2528223791593,
65.2502522241081),.UNSPECIFIED.);
#113=B_SPLINE_CURVE_WITH_KNOTS('',3,(#13346,#13347,#13348,#13349,#13350,
#13351,#13352,#13353,#13354,#13355),.UNSPECIFIED.,.F.,.F.,(4,1,1,1,1,1,
1,4),(47.1238898038469,47.4510173751361,48.448447220085,49.4458770650338,
50.4433069099827,51.4407367549315,52.4381665998804,53.4070751110265),
 .UNSPECIFIED.);
#114=B_SPLINE_CURVE_WITH_KNOTS('',3,(#13356,#13357,#13358,#13359,#13360,
#13361,#13362,#13363,#13364,#13365),.UNSPECIFIED.,.F.,.F.,(4,1,1,1,1,1,
1,4),(53.4070751110265,54.2785239296708,55.2759537746197,56.2733836195685,
57.2708134645174,58.2682433094662,59.265673154415,59.6902604182061),
 .UNSPECIFIED.);
#115=B_SPLINE_CURVE_WITH_KNOTS('',3,(#13370,#13371,#13372,#13373,#13374,
#13375,#13376,#13377,#13378,#13379),.UNSPECIFIED.,.F.,.F.,(4,1,1,1,1,1,
1,4),(40.8407044966673,41.466438305443,42.4638681503919,43.4612979953407,
44.4587278402896,45.4561576852384,46.4535875301873,47.1238898038469),
 .UNSPECIFIED.);
#116=B_SPLINE_CURVE_WITH_KNOTS('',3,(#13380,#13381,#13382,#13383,#13384,
#13385,#13386,#13387,#13388,#13389,#13390),.UNSPECIFIED.,.F.,.F.,(4,1,1,
1,1,1,1,1,4),(47.1238898038469,47.2965150150289,48.2939448599777,49.2913747049266,
50.2888045498754,51.2862343948243,52.2836642397731,53.281094084722,53.4070751110265),
 .UNSPECIFIED.);
#117=B_SPLINE_CURVE_WITH_KNOTS('',3,(#13395,#13396,#13397,#13398,#13399,
#13400,#13401,#13402,#13403,#13404),.UNSPECIFIED.,.F.,.F.,(4,1,1,1,1,1,
1,4),(34.5575191894877,35.48185923575,36.4792890806988,37.4767189256476,
38.4741487705965,39.4715786155453,40.4690084604942,40.8407044966673),
 .UNSPECIFIED.);
#118=B_SPLINE_CURVE_WITH_KNOTS('',3,(#13405,#13406,#13407,#13408,#13409,
#13410,#13411,#13412,#13413,#13414),.UNSPECIFIED.,.F.,.F.,(4,1,1,1,1,1,
1,4),(40.8407044966673,41.3119359453358,42.3093657902846,43.3067956352335,
44.3042254801823,45.3016553251312,46.29908517008,47.1238898038469),
 .UNSPECIFIED.);
#119=B_SPLINE_CURVE_WITH_KNOTS('',3,(#13419,#13420,#13421,#13422,#13423,
#13424,#13425,#13426,#13427,#13428,#13429),.UNSPECIFIED.,.F.,.F.,(4,1,1,
1,1,1,1,1,4),(28.2743338823081,28.499850321108,29.4972801660569,30.4947100110057,
31.4921398559546,32.4895697009034,33.4869995458523,34.4844293908011,34.5575191894877),
 .UNSPECIFIED.);
#120=B_SPLINE_CURVE_WITH_KNOTS('',3,(#13430,#13431,#13432,#13433,#13434,
#13435,#13436,#13437,#13438,#13439),.UNSPECIFIED.,.F.,.F.,(4,1,1,1,1,1,
1,4),(34.5575191894877,35.3273568756427,36.3247867205915,37.3222165655404,
38.3196464104892,39.3170762554381,40.3145061003869,40.8407044966673),
 .UNSPECIFIED.);
#121=B_SPLINE_CURVE_WITH_KNOTS('',3,(#13444,#13445,#13446,#13447,#13448,
#13449,#13450,#13451,#13452,#13453),.UNSPECIFIED.,.F.,.F.,(4,1,1,1,1,1,
1,4),(21.9911485751285,22.5152712514149,23.5127010963638,24.5101309413126,
25.5075607862615,26.5049906312103,27.5024204761592,28.2743338823081),
 .UNSPECIFIED.);
#122=B_SPLINE_CURVE_WITH_KNOTS('',3,(#13454,#13455,#13456,#13457,#13458,
#13459,#13460,#13461,#13462,#13463,#13464),.UNSPECIFIED.,.F.,.F.,(4,1,1,
1,1,1,1,1,4),(28.2743338823081,28.3453479610008,29.3427778059496,30.3402076508985,
31.3376374958473,32.3350673407962,33.332497185745,34.3299270306939,34.5575191894877),
 .UNSPECIFIED.);
#123=B_SPLINE_CURVE_WITH_KNOTS('',3,(#13470,#13471,#13472,#13473,#13474,
#13475,#13476,#13477,#13478,#13479,#13480,#13481,#13482,#13483,#13484,#13485,
#13486,#13487,#13488,#13489,#13490,#13491,#13492,#13493,#13494,#13495,#13496,
#13497,#13498,#13499,#13500,#13501,#13502,#13503,#13504,#13505,#13506,#13507,
#13508,#13509,#13510,#13511,#13512,#13513,#13514,#13515,#13516,#13517,#13518,
#13519,#13520,#13521,#13522,#13523,#13524,#13525,#13526,#13527,#13528,#13529,
#13530,#13531,#13532,#13533,#13534,#13535,#13536,#13537,#13538,#13539,#13540,
#13541,#13542,#13543,#13544,#13545,#13546,#13547,#13548,#13549,#13550,#13551,
#13552,#13553,#13554),.UNSPECIFIED.,.F.,.F.,(4,3,3,3,3,3,3,3,3,3,3,3,3,
3,3,3,3,3,3,3,3,3,3,3,3,3,3,3,4),(-0.390297784140995,-0.36646466674743,
-0.342652063720641,-0.334302827586399,-0.330019959353699,-0.307074199668553,
-0.28452321342062,-0.276027383649895,-0.270306396763038,-0.248619553150639,
-0.22748946160286,-0.20674753830801,-0.197882019342662,-0.193335152871083,
-0.17596384253312,-0.155544872349367,-0.136182554945816,-0.126724087871237,
-0.122216198604045,-0.103197218692957,-0.0845409942475806,-0.066352022074293,
-0.0612911080545171,-0.0570212154336402,-0.0397374732594256,-0.0227460342673198,
-0.00614325567676553,-0.000646333120957504,0.),.UNSPECIFIED.);
#124=B_SPLINE_CURVE_WITH_KNOTS('',3,(#13556,#13557,#13558,#13559,#13560,
#13561,#13562,#13563,#13564,#13565,#13566,#13567,#13568,#13569,#13570,#13571,
#13572,#13573,#13574,#13575,#13576,#13577,#13578,#13579,#13580,#13581,#13582,
#13583,#13584,#13585,#13586,#13587,#13588,#13589,#13590,#13591,#13592),
 .UNSPECIFIED.,.F.,.F.,(4,3,3,3,3,3,3,3,3,3,3,3,4),(-0.195542392378233,
-0.170361226840194,-0.151060255322311,-0.14470307032693,-0.139611747344558,
-0.114162781154291,-0.10123483007389,-0.0914865635312101,-0.0865905762234292,
-0.0610384411002853,-0.0358480996426332,-0.0159534546971318,0.),
 .UNSPECIFIED.);
#125=B_SPLINE_CURVE_WITH_KNOTS('',3,(#13593,#13594,#13595,#13596,#13597,
#13598,#13599,#13600,#13601,#13602,#13603,#13604,#13605,#13606,#13607,#13608,
#13609,#13610,#13611,#13612,#13613,#13614,#13615,#13616,#13617,#13618,#13619,
#13620,#13621,#13622,#13623,#13624,#13625,#13626,#13627,#13628,#13629,#13630,
#13631,#13632,#13633,#13634,#13635,#13636,#13637,#13638,#13639,#13640,#13641,
#13642,#13643,#13644,#13645,#13646,#13647,#13648,#13649,#13650,#13651,#13652,
#13653,#13654,#13655,#13656,#13657,#13658,#13659,#13660,#13661,#13662,#13663,
#13664,#13665,#13666,#13667,#13668,#13669,#13670,#13671,#13672,#13673,#13674,
#13675,#13676,#13677,#13678,#13679,#13680),.UNSPECIFIED.,.F.,.F.,(4,3,3,
3,3,3,3,3,3,3,3,3,3,3,3,3,3,3,3,3,3,3,3,3,3,3,3,3,3,4),(-0.394100312901574,
-0.377302341007784,-0.360178530157657,-0.355219425148997,-0.350932945346978,
-0.332845580822605,-0.318419721324057,-0.311836605712114,-0.307982898184007,
-0.288934016707892,-0.269243002575536,-0.24944871223285,-0.244382357999729,
-0.239620922230349,-0.218802507812273,-0.217438704834216,-0.197131778356703,
-0.176420305235069,-0.167862540310828,-0.163729534765078,-0.142029437102943,
-0.119839134589826,-0.0973049372156609,-0.0880497130163506,-0.0842021323926307,
-0.0606558317420913,-0.0367968455775158,-0.0130624498591802,-0.000980769970447462,
0.),.UNSPECIFIED.);
#126=B_SPLINE_CURVE_WITH_KNOTS('',3,(#13922,#13923,#13924,#13925,#13926,
#13927,#13928,#13929,#13930,#13931,#13932,#13933,#13934,#13935,#13936,#13937,
#13938,#13939,#13940,#13941,#13942,#13943,#13944,#13945,#13946,#13947,#13948,
#13949,#13950,#13951,#13952,#13953,#13954,#13955,#13956,#13957,#13958,#13959,
#13960,#13961,#13962,#13963,#13964,#13965,#13966,#13967,#13968,#13969,#13970,
#13971,#13972,#13973,#13974,#13975,#13976,#13977,#13978,#13979,#13980),
 .UNSPECIFIED.,.F.,.F.,(4,1,1,1,1,1,1,1,1,1,1,1,1,1,1,1,1,1,1,1,1,1,1,1,
1,1,1,1,1,1,1,1,1,1,1,1,1,1,1,1,1,1,1,1,1,1,1,1,1,1,1,1,1,1,1,1,4),(21.3594508700475,
22.0542946584724,22.8171257119105,23.5799567653486,24.3427878187868,25.1056188722249,
25.868449925663,26.2498654523821,26.6312809791012,27.1398350147266,27.648389050352,
28.6654971216029,29.1740511572283,29.6826051928537,30.6997132641045,31.7168213353554,
32.7339294066062,33.7510374778571,34.7681455491079,35.7852536203588,36.8023616916096,
37.8194697628605,38.8365778341113,39.8536859053622,40.870793976613,41.8879020478638,
42.9050101191147,43.9221181903655,44.9392262616164,45.4477802972418,45.9563343328672,
46.4648883684926,46.9734424041181,47.4819964397435,47.9905504753689,48.4991045109943,
49.0076585466198,49.5162125822452,50.0247666178706,50.533320653496,51.0418746891214,
51.8047057425596,52.5675367959977,53.3303678494358,54.093198902874,54.8560299563121,
55.6188610097502,56.3816920631884,57.1445231166265,57.9073541700647,58.6701852235028,
59.4330162769409,60.1958473303791,60.9586783838172,61.7215094372553,62.4843404906935,
63.2471715441316),.UNSPECIFIED.);
#127=B_SPLINE_CURVE_WITH_KNOTS('',3,(#13982,#13983,#13984,#13985,#13986,
#13987,#13988,#13989,#13990,#13991,#13992,#13993,#13994,#13995,#13996,#13997,
#13998,#13999,#14000,#14001,#14002,#14003,#14004,#14005,#14006,#14007,#14008,
#14009,#14010,#14011,#14012,#14013,#14014,#14015),.UNSPECIFIED.,.F.,.F.,
(4,3,3,3,3,3,3,3,3,3,3,4),(0.,0.0159534546971355,0.0411415963578321,0.0666692857093101,
0.0827784240429263,0.0890184431812124,0.0938247190894888,0.119254137411677,
0.138326201153317,0.143767521087047,0.169654956732644,0.19554239237824),
 .UNSPECIFIED.);
#128=B_SPLINE_CURVE_WITH_KNOTS('',3,(#14016,#14017,#14018,#14019,#14020,
#14021,#14022,#14023,#14024,#14025,#14026,#14027,#14028,#14029,#14030,#14031,
#14032,#14033,#14034,#14035,#14036,#14037,#14038,#14039,#14040,#14041,#14042,
#14043,#14044,#14045,#14046,#14047,#14048,#14049,#14050,#14051,#14052,#14053,
#14054,#14055,#14056,#14057,#14058,#14059,#14060,#14061,#14062,#14063,#14064,
#14065,#14066,#14067,#14068,#14069,#14070,#14071,#14072,#14073,#14074),
 .UNSPECIFIED.,.F.,.F.,(4,1,1,1,1,1,1,1,1,1,1,1,1,1,1,1,1,1,1,1,1,1,1,1,
1,1,1,1,1,1,1,1,1,1,1,1,1,1,1,1,1,1,1,1,1,1,1,1,1,1,1,1,1,1,1,1,4),(-62.416349825623,
-61.7215094372553,-60.9586783838172,-60.1958473303791,-59.4330162769409,
-58.6701852235028,-57.9073541700647,-57.1445231166265,-56.3816920631884,
-55.6188610097502,-54.8560299563121,-54.093198902874,-53.3303678494358,
-52.5675367959977,-51.8047057425596,-51.0418746891214,-50.533320653496,
-50.0247666178706,-49.5162125822452,-49.0076585466198,-48.4991045109943,
-47.9905504753689,-47.4819964397435,-46.9734424041181,-46.4648883684926,
-45.9563343328672,-45.4477802972418,-44.9392262616164,-43.9221181903655,
-42.9050101191147,-41.8879020478638,-40.870793976613,-39.8536859053622,
-38.8365778341113,-37.8194697628605,-36.8023616916096,-35.7852536203588,
-34.7681455491079,-33.7510374778571,-32.7339294066062,-31.7168213353554,
-30.6997132641045,-29.6826051928537,-29.1740511572283,-28.6654971216029,
-27.648389050352,-27.1398350147266,-26.6312809791012,-26.2498654523821,
-25.868449925663,-25.1056188722249,-24.3427878187868,-23.5799567653486,
-22.8171257119105,-22.0542946584724,-21.2914636050342,-20.5286325515961),
 .UNSPECIFIED.);
#129=B_SPLINE_CURVE_WITH_KNOTS('',3,(#14263,#14264,#14265,#14266,#14267,
#14268,#14269,#14270),.UNSPECIFIED.,.F.,.F.,(4,1,1,1,1,4),(23.3623501762441,
24.3556285812054,25.3530584261542,26.3504882711031,27.3479181160519,28.2743338823081),
 .UNSPECIFIED.);
#130=B_SPLINE_CURVE_WITH_KNOTS('',3,(#14271,#14272,#14273,#14274,#14275,
#14276,#14277,#14278,#14279,#14280,#14281,#14282,#14283,#14284,#14285,#14286,
#14287,#14288,#14289,#14290,#14291,#14292,#14293,#14294,#14295,#14296,#14297,
#14298,#14299,#14300,#14301,#14302,#14303,#14304,#14305,#14306,#14307,#14308,
#14309,#14310,#14311,#14312,#14313,#14314,#14315,#14316,#14317,#14318,#14319,
#14320,#14321,#14322,#14323,#14324,#14325,#14326,#14327,#14328,#14329,#14330,
#14331,#14332,#14333,#14334,#14335,#14336,#14337,#14338,#14339,#14340,#14341,
#14342,#14343,#14344,#14345,#14346,#14347,#14348,#14349,#14350,#14351,#14352,
#14353,#14354,#14355,#14356,#14357,#14358,#14359,#14360,#14361),
 .UNSPECIFIED.,.F.,.F.,(4,3,3,3,3,3,3,3,3,3,3,3,3,3,3,3,3,3,3,3,3,3,3,3,
3,3,3,3,3,3,4),(0.103067630115366,0.104051829094373,0.127988077703007,0.152099338748969,
0.173196692164186,0.179171380020344,0.183739749383147,0.206469894874162,
0.228853935420687,0.251859993083192,0.25805475796634,0.262434519738808,
0.266142008087303,0.287089696024145,0.307512877316547,0.320878166070705,
0.331937362868376,0.337599505389122,0.341318323997353,0.361278887075295,
0.380961516640957,0.398364630179867,0.406506896412619,0.409896201884248,
0.428417558860605,0.445769497853815,0.452168130718233,0.456865516136323,
0.474100198181927,0.490941960868748,0.497825314833445),.UNSPECIFIED.);
#131=B_SPLINE_CURVE_WITH_KNOTS('',3,(#14363,#14364,#14365,#14366,#14367,
#14368,#14369),.UNSPECIFIED.,.F.,.F.,(4,1,1,1,4),(18.5255518716195,19.5229817165684,
20.5204115615172,21.5178414064661,21.9911485751285),.UNSPECIFIED.);
#132=B_SPLINE_CURVE_WITH_KNOTS('',3,(#14373,#14374,#14375,#14376,#14377,
#14378,#14379,#14380,#14381,#14382,#14383,#14384,#14385,#14386,#14387,#14388,
#14389,#14390,#14391,#14392,#14393,#14394,#14395,#14396,#14397,#14398,#14399,
#14400,#14401,#14402,#14403,#14404,#14405,#14406,#14407,#14408,#14409,#14410,
#14411,#14412,#14413,#14414,#14415,#14416,#14417,#14418,#14419,#14420,#14421,
#14422,#14423,#14424,#14425,#14426,#14427,#14428,#14429,#14430,#14431,#14432,
#14433,#14434,#14435,#14436,#14437,#14438,#14439,#14440,#14441,#14442,#14443,
#14444,#14445,#14446,#14447,#14448,#14449,#14450,#14451,#14452,#14453,#14454,
#14455,#14456,#14457,#14458,#14459,#14460,#14461,#14462,#14463),
 .UNSPECIFIED.,.F.,.F.,(4,3,3,3,3,3,3,3,3,3,3,3,3,3,3,3,3,3,3,3,3,3,3,3,
3,3,3,3,3,3,4),(0.,0.00064633312095804,0.0172471414528181,0.0341764500120468,
0.0518998740771827,0.0569121456086666,0.0617068587253057,0.0799567922239218,
0.0986536230821388,0.117981177944888,0.122808347439708,0.127096079137902,
0.147045764373187,0.167449147968645,0.175963842533134,0.189365078266507,
0.195039376194813,0.198247144189389,0.218883530391028,0.240321040875538,
0.259078862549484,0.267582092679891,0.272204755414047,0.275844878351537,
0.29829609357543,0.321400632063003,0.344537812949266,0.355779720594232,
0.359939240325836,0.384181170193518,0.390383614267108),.UNSPECIFIED.);
#133=CYLINDRICAL_SURFACE('',#8390,1.9016);
#134=CYLINDRICAL_SURFACE('',#8392,1.9016);
#135=CYLINDRICAL_SURFACE('',#8393,1.9016);
#136=CYLINDRICAL_SURFACE('',#8394,1.9016);
#137=CYLINDRICAL_SURFACE('',#8395,1.9016);
#138=CYLINDRICAL_SURFACE('',#8399,1.9016);
#139=CYLINDRICAL_SURFACE('',#8400,5.);
#140=CYLINDRICAL_SURFACE('',#8403,1.5);
#141=CYLINDRICAL_SURFACE('',#8405,1.5);
#142=CYLINDRICAL_SURFACE('',#8407,1.5);
#143=CYLINDRICAL_SURFACE('',#8408,1.5);
#144=CYLINDRICAL_SURFACE('',#8409,1.5);
#145=CYLINDRICAL_SURFACE('',#8410,1.5);
#146=CYLINDRICAL_SURFACE('',#8411,1.5);
#147=CYLINDRICAL_SURFACE('',#8414,1.5);
#148=CYLINDRICAL_SURFACE('',#8417,4.);
#149=CYLINDRICAL_SURFACE('',#8423,4.2);
#150=CYLINDRICAL_SURFACE('',#8425,2.4265);
#151=CYLINDRICAL_SURFACE('',#8427,2.4265);
#152=CYLINDRICAL_SURFACE('',#8432,4.2);
#153=CYLINDRICAL_SURFACE('',#8434,7.);
#154=CYLINDRICAL_SURFACE('',#8438,7.);
#155=CYLINDRICAL_SURFACE('',#8441,7.);
#156=CYLINDRICAL_SURFACE('',#8451,7.);
#157=CYLINDRICAL_SURFACE('',#8453,7.);
#158=CYLINDRICAL_SURFACE('',#8455,7.);
#159=CYLINDRICAL_SURFACE('',#8457,5.);
#160=CYLINDRICAL_SURFACE('',#8459,5.);
#161=CYLINDRICAL_SURFACE('',#8465,4.2);
#162=CYLINDRICAL_SURFACE('',#8467,2.4265);
#163=CYLINDRICAL_SURFACE('',#8469,2.4265);
#164=CYLINDRICAL_SURFACE('',#8474,4.2);
#165=CYLINDRICAL_SURFACE('',#8476,7.);
#166=CYLINDRICAL_SURFACE('',#8480,7.);
#167=CYLINDRICAL_SURFACE('',#8483,7.);
#168=CYLINDRICAL_SURFACE('',#8493,7.);
#169=CYLINDRICAL_SURFACE('',#8495,7.);
#170=CYLINDRICAL_SURFACE('',#8497,7.);
#171=CYLINDRICAL_SURFACE('',#8499,5.);
#172=CYLINDRICAL_SURFACE('',#8501,5.);
#173=SHAPE_REPRESENTATION_RELATIONSHIP('SRR','None',#14862,#176);
#174=SHAPE_REPRESENTATION_RELATIONSHIP('SRR','None',#14863,#177);
#175=SHAPE_REPRESENTATION_RELATIONSHIP('SRR','None',#14861,#178);
#176=ADVANCED_BREP_SHAPE_REPRESENTATION('',(#184),#14843);
#177=ADVANCED_BREP_SHAPE_REPRESENTATION('',(#185,#186),#14844);
#178=ADVANCED_BREP_SHAPE_REPRESENTATION('',(#187,#188),#14842);
#179=STYLED_ITEM('',(#14880),#184);
#180=STYLED_ITEM('',(#14880),#185);
#181=STYLED_ITEM('',(#14880),#186);
#182=STYLED_ITEM('',(#14880),#187);
#183=STYLED_ITEM('',(#14880),#188);
#184=MANIFOLD_SOLID_BREP('Body4',#8033);
#185=MANIFOLD_SOLID_BREP('ThreadSit ',#8034);
#186=MANIFOLD_SOLID_BREP('ScrewHead',#8035);
#187=MANIFOLD_SOLID_BREP('Clamp1',#8036);
#188=MANIFOLD_SOLID_BREP('Clamp2',#8037);
#189=FACE_BOUND('',#794,.T.);
#190=FACE_BOUND('',#796,.T.);
#191=FACE_BOUND('',#798,.T.);
#192=FACE_BOUND('',#800,.T.);
#193=FACE_BOUND('',#802,.T.);
#194=FACE_BOUND('',#804,.T.);
#195=FACE_BOUND('',#806,.T.);
#196=FACE_BOUND('',#808,.T.);
#197=FACE_BOUND('',#810,.T.);
#198=FACE_BOUND('',#812,.T.);
#199=FACE_BOUND('',#814,.T.);
#200=FACE_BOUND('',#816,.T.);
#201=FACE_BOUND('',#818,.T.);
#202=FACE_BOUND('',#820,.T.);
#203=FACE_BOUND('',#822,.T.);
#204=FACE_BOUND('',#824,.T.);
#205=FACE_BOUND('',#826,.T.);
#206=FACE_BOUND('',#828,.T.);
#207=FACE_BOUND('',#830,.T.);
#208=FACE_BOUND('',#832,.T.);
#209=FACE_BOUND('',#834,.T.);
#210=FACE_BOUND('',#836,.T.);
#211=FACE_BOUND('',#838,.T.);
#212=FACE_BOUND('',#840,.T.);
#213=FACE_BOUND('',#842,.T.);
#214=FACE_BOUND('',#844,.T.);
#215=FACE_BOUND('',#846,.T.);
#216=FACE_BOUND('',#848,.T.);
#217=FACE_BOUND('',#850,.T.);
#218=FACE_BOUND('',#852,.T.);
#219=FACE_BOUND('',#854,.T.);
#220=FACE_BOUND('',#856,.T.);
#221=FACE_BOUND('',#858,.T.);
#222=FACE_BOUND('',#860,.T.);
#223=FACE_BOUND('',#862,.T.);
#224=FACE_BOUND('',#864,.T.);
#225=FACE_BOUND('',#866,.T.);
#226=FACE_BOUND('',#868,.T.);
#227=FACE_BOUND('',#870,.T.);
#228=FACE_BOUND('',#872,.T.);
#229=FACE_BOUND('',#1038,.T.);
#230=FACE_BOUND('',#1039,.T.);
#231=FACE_BOUND('',#1040,.T.);
#232=FACE_BOUND('',#1041,.T.);
#233=FACE_BOUND('',#1042,.T.);
#234=FACE_BOUND('',#1043,.T.);
#235=FACE_BOUND('',#1044,.T.);
#236=FACE_BOUND('',#1045,.T.);
#237=FACE_BOUND('',#1046,.T.);
#238=FACE_BOUND('',#1047,.T.);
#239=FACE_BOUND('',#1048,.T.);
#240=FACE_BOUND('',#1049,.T.);
#241=FACE_BOUND('',#1050,.T.);
#242=FACE_BOUND('',#1051,.T.);
#243=FACE_BOUND('',#1052,.T.);
#244=FACE_BOUND('',#1053,.T.);
#245=FACE_BOUND('',#1054,.T.);
#246=FACE_BOUND('',#1055,.T.);
#247=FACE_BOUND('',#1056,.T.);
#248=FACE_BOUND('',#1057,.T.);
#249=FACE_BOUND('',#1058,.T.);
#250=FACE_BOUND('',#1059,.T.);
#251=FACE_BOUND('',#1060,.T.);
#252=FACE_BOUND('',#1061,.T.);
#253=FACE_BOUND('',#1062,.T.);
#254=FACE_BOUND('',#1063,.T.);
#255=FACE_BOUND('',#1064,.T.);
#256=FACE_BOUND('',#1065,.T.);
#257=FACE_BOUND('',#1066,.T.);
#258=FACE_BOUND('',#1067,.T.);
#259=FACE_BOUND('',#1068,.T.);
#260=FACE_BOUND('',#1069,.T.);
#261=FACE_BOUND('',#1070,.T.);
#262=FACE_BOUND('',#1071,.T.);
#263=FACE_BOUND('',#1072,.T.);
#264=FACE_BOUND('',#1073,.T.);
#265=FACE_BOUND('',#1074,.T.);
#266=FACE_BOUND('',#1075,.T.);
#267=FACE_BOUND('',#1076,.T.);
#268=FACE_BOUND('',#1077,.T.);
#269=FACE_BOUND('',#1084,.T.);
#270=FACE_BOUND('',#1090,.T.);
#271=FACE_BOUND('',#1103,.T.);
#272=FACE_BOUND('',#1108,.T.);
#273=FACE_BOUND('',#1113,.T.);
#274=FACE_BOUND('',#1121,.T.);
#275=FACE_BOUND('',#1122,.T.);
#276=FACE_BOUND('',#1129,.T.);
#277=FACE_BOUND('',#1130,.T.);
#278=FACE_BOUND('',#1132,.T.);
#279=FACE_BOUND('',#1137,.T.);
#280=FACE_BOUND('',#1145,.T.);
#281=FACE_BOUND('',#1146,.T.);
#282=FACE_BOUND('',#1153,.T.);
#283=FACE_BOUND('',#1154,.T.);
#284=FACE_OUTER_BOUND('',#672,.T.);
#285=FACE_OUTER_BOUND('',#673,.T.);
#286=FACE_OUTER_BOUND('',#674,.T.);
#287=FACE_OUTER_BOUND('',#675,.T.);
#288=FACE_OUTER_BOUND('',#676,.T.);
#289=FACE_OUTER_BOUND('',#677,.T.);
#290=FACE_OUTER_BOUND('',#678,.T.);
#291=FACE_OUTER_BOUND('',#679,.T.);
#292=FACE_OUTER_BOUND('',#680,.T.);
#293=FACE_OUTER_BOUND('',#681,.T.);
#294=FACE_OUTER_BOUND('',#682,.T.);
#295=FACE_OUTER_BOUND('',#683,.T.);
#296=FACE_OUTER_BOUND('',#684,.T.);
#297=FACE_OUTER_BOUND('',#685,.T.);
#298=FACE_OUTER_BOUND('',#686,.T.);
#299=FACE_OUTER_BOUND('',#687,.T.);
#300=FACE_OUTER_BOUND('',#688,.T.);
#301=FACE_OUTER_BOUND('',#689,.T.);
#302=FACE_OUTER_BOUND('',#690,.T.);
#303=FACE_OUTER_BOUND('',#691,.T.);
#304=FACE_OUTER_BOUND('',#692,.T.);
#305=FACE_OUTER_BOUND('',#693,.T.);
#306=FACE_OUTER_BOUND('',#694,.T.);
#307=FACE_OUTER_BOUND('',#695,.T.);
#308=FACE_OUTER_BOUND('',#696,.T.);
#309=FACE_OUTER_BOUND('',#697,.T.);
#310=FACE_OUTER_BOUND('',#698,.T.);
#311=FACE_OUTER_BOUND('',#699,.T.);
#312=FACE_OUTER_BOUND('',#700,.T.);
#313=FACE_OUTER_BOUND('',#701,.T.);
#314=FACE_OUTER_BOUND('',#702,.T.);
#315=FACE_OUTER_BOUND('',#703,.T.);
#316=FACE_OUTER_BOUND('',#704,.T.);
#317=FACE_OUTER_BOUND('',#705,.T.);
#318=FACE_OUTER_BOUND('',#706,.T.);
#319=FACE_OUTER_BOUND('',#707,.T.);
#320=FACE_OUTER_BOUND('',#708,.T.);
#321=FACE_OUTER_BOUND('',#709,.T.);
#322=FACE_OUTER_BOUND('',#710,.T.);
#323=FACE_OUTER_BOUND('',#711,.T.);
#324=FACE_OUTER_BOUND('',#712,.T.);
#325=FACE_OUTER_BOUND('',#713,.T.);
#326=FACE_OUTER_BOUND('',#714,.T.);
#327=FACE_OUTER_BOUND('',#715,.T.);
#328=FACE_OUTER_BOUND('',#716,.T.);
#329=FACE_OUTER_BOUND('',#717,.T.);
#330=FACE_OUTER_BOUND('',#718,.T.);
#331=FACE_OUTER_BOUND('',#719,.T.);
#332=FACE_OUTER_BOUND('',#720,.T.);
#333=FACE_OUTER_BOUND('',#721,.T.);
#334=FACE_OUTER_BOUND('',#722,.T.);
#335=FACE_OUTER_BOUND('',#723,.T.);
#336=FACE_OUTER_BOUND('',#724,.T.);
#337=FACE_OUTER_BOUND('',#725,.T.);
#338=FACE_OUTER_BOUND('',#726,.T.);
#339=FACE_OUTER_BOUND('',#727,.T.);
#340=FACE_OUTER_BOUND('',#728,.T.);
#341=FACE_OUTER_BOUND('',#729,.T.);
#342=FACE_OUTER_BOUND('',#730,.T.);
#343=FACE_OUTER_BOUND('',#731,.T.);
#344=FACE_OUTER_BOUND('',#732,.T.);
#345=FACE_OUTER_BOUND('',#733,.T.);
#346=FACE_OUTER_BOUND('',#734,.T.);
#347=FACE_OUTER_BOUND('',#735,.T.);
#348=FACE_OUTER_BOUND('',#736,.T.);
#349=FACE_OUTER_BOUND('',#737,.T.);
#350=FACE_OUTER_BOUND('',#738,.T.);
#351=FACE_OUTER_BOUND('',#739,.T.);
#352=FACE_OUTER_BOUND('',#740,.T.);
#353=FACE_OUTER_BOUND('',#741,.T.);
#354=FACE_OUTER_BOUND('',#742,.T.);
#355=FACE_OUTER_BOUND('',#743,.T.);
#356=FACE_OUTER_BOUND('',#744,.T.);
#357=FACE_OUTER_BOUND('',#745,.T.);
#358=FACE_OUTER_BOUND('',#746,.T.);
#359=FACE_OUTER_BOUND('',#747,.T.);
#360=FACE_OUTER_BOUND('',#748,.T.);
#361=FACE_OUTER_BOUND('',#749,.T.);
#362=FACE_OUTER_BOUND('',#750,.T.);
#363=FACE_OUTER_BOUND('',#751,.T.);
#364=FACE_OUTER_BOUND('',#752,.T.);
#365=FACE_OUTER_BOUND('',#753,.T.);
#366=FACE_OUTER_BOUND('',#754,.T.);
#367=FACE_OUTER_BOUND('',#755,.T.);
#368=FACE_OUTER_BOUND('',#756,.T.);
#369=FACE_OUTER_BOUND('',#757,.T.);
#370=FACE_OUTER_BOUND('',#758,.T.);
#371=FACE_OUTER_BOUND('',#759,.T.);
#372=FACE_OUTER_BOUND('',#760,.T.);
#373=FACE_OUTER_BOUND('',#761,.T.);
#374=FACE_OUTER_BOUND('',#762,.T.);
#375=FACE_OUTER_BOUND('',#763,.T.);
#376=FACE_OUTER_BOUND('',#764,.T.);
#377=FACE_OUTER_BOUND('',#765,.T.);
#378=FACE_OUTER_BOUND('',#766,.T.);
#379=FACE_OUTER_BOUND('',#767,.T.);
#380=FACE_OUTER_BOUND('',#768,.T.);
#381=FACE_OUTER_BOUND('',#769,.T.);
#382=FACE_OUTER_BOUND('',#770,.T.);
#383=FACE_OUTER_BOUND('',#771,.T.);
#384=FACE_OUTER_BOUND('',#772,.T.);
#385=FACE_OUTER_BOUND('',#773,.T.);
#386=FACE_OUTER_BOUND('',#774,.T.);
#387=FACE_OUTER_BOUND('',#775,.T.);
#388=FACE_OUTER_BOUND('',#776,.T.);
#389=FACE_OUTER_BOUND('',#777,.T.);
#390=FACE_OUTER_BOUND('',#778,.T.);
#391=FACE_OUTER_BOUND('',#779,.T.);
#392=FACE_OUTER_BOUND('',#780,.T.);
#393=FACE_OUTER_BOUND('',#781,.T.);
#394=FACE_OUTER_BOUND('',#782,.T.);
#395=FACE_OUTER_BOUND('',#783,.T.);
#396=FACE_OUTER_BOUND('',#784,.T.);
#397=FACE_OUTER_BOUND('',#785,.T.);
#398=FACE_OUTER_BOUND('',#786,.T.);
#399=FACE_OUTER_BOUND('',#787,.T.);
#400=FACE_OUTER_BOUND('',#788,.T.);
#401=FACE_OUTER_BOUND('',#789,.T.);
#402=FACE_OUTER_BOUND('',#790,.T.);
#403=FACE_OUTER_BOUND('',#791,.T.);
#404=FACE_OUTER_BOUND('',#792,.T.);
#405=FACE_OUTER_BOUND('',#793,.T.);
#406=FACE_OUTER_BOUND('',#795,.T.);
#407=FACE_OUTER_BOUND('',#797,.T.);
#408=FACE_OUTER_BOUND('',#799,.T.);
#409=FACE_OUTER_BOUND('',#801,.T.);
#410=FACE_OUTER_BOUND('',#803,.T.);
#411=FACE_OUTER_BOUND('',#805,.T.);
#412=FACE_OUTER_BOUND('',#807,.T.);
#413=FACE_OUTER_BOUND('',#809,.T.);
#414=FACE_OUTER_BOUND('',#811,.T.);
#415=FACE_OUTER_BOUND('',#813,.T.);
#416=FACE_OUTER_BOUND('',#815,.T.);
#417=FACE_OUTER_BOUND('',#817,.T.);
#418=FACE_OUTER_BOUND('',#819,.T.);
#419=FACE_OUTER_BOUND('',#821,.T.);
#420=FACE_OUTER_BOUND('',#823,.T.);
#421=FACE_OUTER_BOUND('',#825,.T.);
#422=FACE_OUTER_BOUND('',#827,.T.);
#423=FACE_OUTER_BOUND('',#829,.T.);
#424=FACE_OUTER_BOUND('',#831,.T.);
#425=FACE_OUTER_BOUND('',#833,.T.);
#426=FACE_OUTER_BOUND('',#835,.T.);
#427=FACE_OUTER_BOUND('',#837,.T.);
#428=FACE_OUTER_BOUND('',#839,.T.);
#429=FACE_OUTER_BOUND('',#841,.T.);
#430=FACE_OUTER_BOUND('',#843,.T.);
#431=FACE_OUTER_BOUND('',#845,.T.);
#432=FACE_OUTER_BOUND('',#847,.T.);
#433=FACE_OUTER_BOUND('',#849,.T.);
#434=FACE_OUTER_BOUND('',#851,.T.);
#435=FACE_OUTER_BOUND('',#853,.T.);
#436=FACE_OUTER_BOUND('',#855,.T.);
#437=FACE_OUTER_BOUND('',#857,.T.);
#438=FACE_OUTER_BOUND('',#859,.T.);
#439=FACE_OUTER_BOUND('',#861,.T.);
#440=FACE_OUTER_BOUND('',#863,.T.);
#441=FACE_OUTER_BOUND('',#865,.T.);
#442=FACE_OUTER_BOUND('',#867,.T.);
#443=FACE_OUTER_BOUND('',#869,.T.);
#444=FACE_OUTER_BOUND('',#871,.T.);
#445=FACE_OUTER_BOUND('',#873,.T.);
#446=FACE_OUTER_BOUND('',#874,.T.);
#447=FACE_OUTER_BOUND('',#875,.T.);
#448=FACE_OUTER_BOUND('',#876,.T.);
#449=FACE_OUTER_BOUND('',#877,.T.);
#450=FACE_OUTER_BOUND('',#878,.T.);
#451=FACE_OUTER_BOUND('',#879,.T.);
#452=FACE_OUTER_BOUND('',#880,.T.);
#453=FACE_OUTER_BOUND('',#881,.T.);
#454=FACE_OUTER_BOUND('',#882,.T.);
#455=FACE_OUTER_BOUND('',#883,.T.);
#456=FACE_OUTER_BOUND('',#884,.T.);
#457=FACE_OUTER_BOUND('',#885,.T.);
#458=FACE_OUTER_BOUND('',#886,.T.);
#459=FACE_OUTER_BOUND('',#887,.T.);
#460=FACE_OUTER_BOUND('',#888,.T.);
#461=FACE_OUTER_BOUND('',#889,.T.);
#462=FACE_OUTER_BOUND('',#890,.T.);
#463=FACE_OUTER_BOUND('',#891,.T.);
#464=FACE_OUTER_BOUND('',#892,.T.);
#465=FACE_OUTER_BOUND('',#893,.T.);
#466=FACE_OUTER_BOUND('',#894,.T.);
#467=FACE_OUTER_BOUND('',#895,.T.);
#468=FACE_OUTER_BOUND('',#896,.T.);
#469=FACE_OUTER_BOUND('',#897,.T.);
#470=FACE_OUTER_BOUND('',#898,.T.);
#471=FACE_OUTER_BOUND('',#899,.T.);
#472=FACE_OUTER_BOUND('',#900,.T.);
#473=FACE_OUTER_BOUND('',#901,.T.);
#474=FACE_OUTER_BOUND('',#902,.T.);
#475=FACE_OUTER_BOUND('',#903,.T.);
#476=FACE_OUTER_BOUND('',#904,.T.);
#477=FACE_OUTER_BOUND('',#905,.T.);
#478=FACE_OUTER_BOUND('',#906,.T.);
#479=FACE_OUTER_BOUND('',#907,.T.);
#480=FACE_OUTER_BOUND('',#908,.T.);
#481=FACE_OUTER_BOUND('',#909,.T.);
#482=FACE_OUTER_BOUND('',#910,.T.);
#483=FACE_OUTER_BOUND('',#911,.T.);
#484=FACE_OUTER_BOUND('',#912,.T.);
#485=FACE_OUTER_BOUND('',#913,.T.);
#486=FACE_OUTER_BOUND('',#914,.T.);
#487=FACE_OUTER_BOUND('',#915,.T.);
#488=FACE_OUTER_BOUND('',#916,.T.);
#489=FACE_OUTER_BOUND('',#917,.T.);
#490=FACE_OUTER_BOUND('',#918,.T.);
#491=FACE_OUTER_BOUND('',#919,.T.);
#492=FACE_OUTER_BOUND('',#920,.T.);
#493=FACE_OUTER_BOUND('',#921,.T.);
#494=FACE_OUTER_BOUND('',#922,.T.);
#495=FACE_OUTER_BOUND('',#923,.T.);
#496=FACE_OUTER_BOUND('',#924,.T.);
#497=FACE_OUTER_BOUND('',#925,.T.);
#498=FACE_OUTER_BOUND('',#926,.T.);
#499=FACE_OUTER_BOUND('',#927,.T.);
#500=FACE_OUTER_BOUND('',#928,.T.);
#501=FACE_OUTER_BOUND('',#929,.T.);
#502=FACE_OUTER_BOUND('',#930,.T.);
#503=FACE_OUTER_BOUND('',#931,.T.);
#504=FACE_OUTER_BOUND('',#932,.T.);
#505=FACE_OUTER_BOUND('',#933,.T.);
#506=FACE_OUTER_BOUND('',#934,.T.);
#507=FACE_OUTER_BOUND('',#935,.T.);
#508=FACE_OUTER_BOUND('',#936,.T.);
#509=FACE_OUTER_BOUND('',#937,.T.);
#510=FACE_OUTER_BOUND('',#938,.T.);
#511=FACE_OUTER_BOUND('',#939,.T.);
#512=FACE_OUTER_BOUND('',#940,.T.);
#513=FACE_OUTER_BOUND('',#941,.T.);
#514=FACE_OUTER_BOUND('',#942,.T.);
#515=FACE_OUTER_BOUND('',#943,.T.);
#516=FACE_OUTER_BOUND('',#944,.T.);
#517=FACE_OUTER_BOUND('',#945,.T.);
#518=FACE_OUTER_BOUND('',#946,.T.);
#519=FACE_OUTER_BOUND('',#947,.T.);
#520=FACE_OUTER_BOUND('',#948,.T.);
#521=FACE_OUTER_BOUND('',#949,.T.);
#522=FACE_OUTER_BOUND('',#950,.T.);
#523=FACE_OUTER_BOUND('',#951,.T.);
#524=FACE_OUTER_BOUND('',#952,.T.);
#525=FACE_OUTER_BOUND('',#953,.T.);
#526=FACE_OUTER_BOUND('',#954,.T.);
#527=FACE_OUTER_BOUND('',#955,.T.);
#528=FACE_OUTER_BOUND('',#956,.T.);
#529=FACE_OUTER_BOUND('',#957,.T.);
#530=FACE_OUTER_BOUND('',#958,.T.);
#531=FACE_OUTER_BOUND('',#959,.T.);
#532=FACE_OUTER_BOUND('',#960,.T.);
#533=FACE_OUTER_BOUND('',#961,.T.);
#534=FACE_OUTER_BOUND('',#962,.T.);
#535=FACE_OUTER_BOUND('',#963,.T.);
#536=FACE_OUTER_BOUND('',#964,.T.);
#537=FACE_OUTER_BOUND('',#965,.T.);
#538=FACE_OUTER_BOUND('',#966,.T.);
#539=FACE_OUTER_BOUND('',#967,.T.);
#540=FACE_OUTER_BOUND('',#968,.T.);
#541=FACE_OUTER_BOUND('',#969,.T.);
#542=FACE_OUTER_BOUND('',#970,.T.);
#543=FACE_OUTER_BOUND('',#971,.T.);
#544=FACE_OUTER_BOUND('',#972,.T.);
#545=FACE_OUTER_BOUND('',#973,.T.);
#546=FACE_OUTER_BOUND('',#974,.T.);
#547=FACE_OUTER_BOUND('',#975,.T.);
#548=FACE_OUTER_BOUND('',#976,.T.);
#549=FACE_OUTER_BOUND('',#977,.T.);
#550=FACE_OUTER_BOUND('',#978,.T.);
#551=FACE_OUTER_BOUND('',#979,.T.);
#552=FACE_OUTER_BOUND('',#980,.T.);
#553=FACE_OUTER_BOUND('',#981,.T.);
#554=FACE_OUTER_BOUND('',#982,.T.);
#555=FACE_OUTER_BOUND('',#983,.T.);
#556=FACE_OUTER_BOUND('',#984,.T.);
#557=FACE_OUTER_BOUND('',#985,.T.);
#558=FACE_OUTER_BOUND('',#986,.T.);
#559=FACE_OUTER_BOUND('',#987,.T.);
#560=FACE_OUTER_BOUND('',#988,.T.);
#561=FACE_OUTER_BOUND('',#989,.T.);
#562=FACE_OUTER_BOUND('',#990,.T.);
#563=FACE_OUTER_BOUND('',#991,.T.);
#564=FACE_OUTER_BOUND('',#992,.T.);
#565=FACE_OUTER_BOUND('',#993,.T.);
#566=FACE_OUTER_BOUND('',#994,.T.);
#567=FACE_OUTER_BOUND('',#995,.T.);
#568=FACE_OUTER_BOUND('',#996,.T.);
#569=FACE_OUTER_BOUND('',#997,.T.);
#570=FACE_OUTER_BOUND('',#998,.T.);
#571=FACE_OUTER_BOUND('',#999,.T.);
#572=FACE_OUTER_BOUND('',#1000,.T.);
#573=FACE_OUTER_BOUND('',#1001,.T.);
#574=FACE_OUTER_BOUND('',#1002,.T.);
#575=FACE_OUTER_BOUND('',#1003,.T.);
#576=FACE_OUTER_BOUND('',#1004,.T.);
#577=FACE_OUTER_BOUND('',#1005,.T.);
#578=FACE_OUTER_BOUND('',#1006,.T.);
#579=FACE_OUTER_BOUND('',#1007,.T.);
#580=FACE_OUTER_BOUND('',#1008,.T.);
#581=FACE_OUTER_BOUND('',#1009,.T.);
#582=FACE_OUTER_BOUND('',#1010,.T.);
#583=FACE_OUTER_BOUND('',#1011,.T.);
#584=FACE_OUTER_BOUND('',#1012,.T.);
#585=FACE_OUTER_BOUND('',#1013,.T.);
#586=FACE_OUTER_BOUND('',#1014,.T.);
#587=FACE_OUTER_BOUND('',#1015,.T.);
#588=FACE_OUTER_BOUND('',#1016,.T.);
#589=FACE_OUTER_BOUND('',#1017,.T.);
#590=FACE_OUTER_BOUND('',#1018,.T.);
#591=FACE_OUTER_BOUND('',#1019,.T.);
#592=FACE_OUTER_BOUND('',#1020,.T.);
#593=FACE_OUTER_BOUND('',#1021,.T.);
#594=FACE_OUTER_BOUND('',#1022,.T.);
#595=FACE_OUTER_BOUND('',#1023,.T.);
#596=FACE_OUTER_BOUND('',#1024,.T.);
#597=FACE_OUTER_BOUND('',#1025,.T.);
#598=FACE_OUTER_BOUND('',#1026,.T.);
#599=FACE_OUTER_BOUND('',#1027,.T.);
#600=FACE_OUTER_BOUND('',#1028,.T.);
#601=FACE_OUTER_BOUND('',#1029,.T.);
#602=FACE_OUTER_BOUND('',#1030,.T.);
#603=FACE_OUTER_BOUND('',#1031,.T.);
#604=FACE_OUTER_BOUND('',#1032,.T.);
#605=FACE_OUTER_BOUND('',#1033,.T.);
#606=FACE_OUTER_BOUND('',#1034,.T.);
#607=FACE_OUTER_BOUND('',#1035,.T.);
#608=FACE_OUTER_BOUND('',#1036,.T.);
#609=FACE_OUTER_BOUND('',#1037,.T.);
#610=FACE_OUTER_BOUND('',#1078,.T.);
#611=FACE_OUTER_BOUND('',#1079,.T.);
#612=FACE_OUTER_BOUND('',#1080,.T.);
#613=FACE_OUTER_BOUND('',#1081,.T.);
#614=FACE_OUTER_BOUND('',#1082,.T.);
#615=FACE_OUTER_BOUND('',#1083,.T.);
#616=FACE_OUTER_BOUND('',#1085,.T.);
#617=FACE_OUTER_BOUND('',#1086,.T.);
#618=FACE_OUTER_BOUND('',#1087,.T.);
#619=FACE_OUTER_BOUND('',#1088,.T.);
#620=FACE_OUTER_BOUND('',#1089,.T.);
#621=FACE_OUTER_BOUND('',#1091,.T.);
#622=FACE_OUTER_BOUND('',#1092,.T.);
#623=FACE_OUTER_BOUND('',#1093,.T.);
#624=FACE_OUTER_BOUND('',#1094,.T.);
#625=FACE_OUTER_BOUND('',#1095,.T.);
#626=FACE_OUTER_BOUND('',#1096,.T.);
#627=FACE_OUTER_BOUND('',#1097,.T.);
#628=FACE_OUTER_BOUND('',#1098,.T.);
#629=FACE_OUTER_BOUND('',#1099,.T.);
#630=FACE_OUTER_BOUND('',#1100,.T.);
#631=FACE_OUTER_BOUND('',#1101,.T.);
#632=FACE_OUTER_BOUND('',#1102,.T.);
#633=FACE_OUTER_BOUND('',#1104,.T.);
#634=FACE_OUTER_BOUND('',#1105,.T.);
#635=FACE_OUTER_BOUND('',#1106,.T.);
#636=FACE_OUTER_BOUND('',#1107,.T.);
#637=FACE_OUTER_BOUND('',#1109,.T.);
#638=FACE_OUTER_BOUND('',#1110,.T.);
#639=FACE_OUTER_BOUND('',#1111,.T.);
#640=FACE_OUTER_BOUND('',#1112,.T.);
#641=FACE_OUTER_BOUND('',#1114,.T.);
#642=FACE_OUTER_BOUND('',#1115,.T.);
#643=FACE_OUTER_BOUND('',#1116,.T.);
#644=FACE_OUTER_BOUND('',#1117,.T.);
#645=FACE_OUTER_BOUND('',#1118,.T.);
#646=FACE_OUTER_BOUND('',#1119,.T.);
#647=FACE_OUTER_BOUND('',#1120,.T.);
#648=FACE_OUTER_BOUND('',#1123,.T.);
#649=FACE_OUTER_BOUND('',#1124,.T.);
#650=FACE_OUTER_BOUND('',#1125,.T.);
#651=FACE_OUTER_BOUND('',#1126,.T.);
#652=FACE_OUTER_BOUND('',#1127,.T.);
#653=FACE_OUTER_BOUND('',#1128,.T.);
#654=FACE_OUTER_BOUND('',#1131,.T.);
#655=FACE_OUTER_BOUND('',#1133,.T.);
#656=FACE_OUTER_BOUND('',#1134,.T.);
#657=FACE_OUTER_BOUND('',#1135,.T.);
#658=FACE_OUTER_BOUND('',#1136,.T.);
#659=FACE_OUTER_BOUND('',#1138,.T.);
#660=FACE_OUTER_BOUND('',#1139,.T.);
#661=FACE_OUTER_BOUND('',#1140,.T.);
#662=FACE_OUTER_BOUND('',#1141,.T.);
#663=FACE_OUTER_BOUND('',#1142,.T.);
#664=FACE_OUTER_BOUND('',#1143,.T.);
#665=FACE_OUTER_BOUND('',#1144,.T.);
#666=FACE_OUTER_BOUND('',#1147,.T.);
#667=FACE_OUTER_BOUND('',#1148,.T.);
#668=FACE_OUTER_BOUND('',#1149,.T.);
#669=FACE_OUTER_BOUND('',#1150,.T.);
#670=FACE_OUTER_BOUND('',#1151,.T.);
#671=FACE_OUTER_BOUND('',#1152,.T.);
#672=EDGE_LOOP('',(#5064,#5065,#5066,#5067));
#673=EDGE_LOOP('',(#5068,#5069,#5070,#5071));
#674=EDGE_LOOP('',(#5072,#5073,#5074,#5075));
#675=EDGE_LOOP('',(#5076,#5077,#5078,#5079));
#676=EDGE_LOOP('',(#5080,#5081,#5082,#5083));
#677=EDGE_LOOP('',(#5084,#5085,#5086,#5087));
#678=EDGE_LOOP('',(#5088,#5089,#5090,#5091));
#679=EDGE_LOOP('',(#5092,#5093,#5094,#5095));
#680=EDGE_LOOP('',(#5096,#5097,#5098,#5099));
#681=EDGE_LOOP('',(#5100,#5101,#5102,#5103));
#682=EDGE_LOOP('',(#5104,#5105,#5106,#5107));
#683=EDGE_LOOP('',(#5108,#5109,#5110,#5111));
#684=EDGE_LOOP('',(#5112,#5113,#5114,#5115));
#685=EDGE_LOOP('',(#5116,#5117,#5118,#5119));
#686=EDGE_LOOP('',(#5120,#5121,#5122,#5123));
#687=EDGE_LOOP('',(#5124,#5125,#5126,#5127));
#688=EDGE_LOOP('',(#5128,#5129,#5130,#5131));
#689=EDGE_LOOP('',(#5132,#5133,#5134,#5135));
#690=EDGE_LOOP('',(#5136,#5137,#5138,#5139));
#691=EDGE_LOOP('',(#5140,#5141,#5142,#5143));
#692=EDGE_LOOP('',(#5144,#5145,#5146,#5147));
#693=EDGE_LOOP('',(#5148,#5149,#5150,#5151));
#694=EDGE_LOOP('',(#5152,#5153,#5154,#5155));
#695=EDGE_LOOP('',(#5156,#5157,#5158,#5159));
#696=EDGE_LOOP('',(#5160,#5161,#5162,#5163));
#697=EDGE_LOOP('',(#5164,#5165,#5166,#5167));
#698=EDGE_LOOP('',(#5168,#5169,#5170,#5171));
#699=EDGE_LOOP('',(#5172,#5173,#5174,#5175));
#700=EDGE_LOOP('',(#5176,#5177,#5178,#5179));
#701=EDGE_LOOP('',(#5180,#5181,#5182,#5183));
#702=EDGE_LOOP('',(#5184,#5185,#5186,#5187));
#703=EDGE_LOOP('',(#5188,#5189,#5190,#5191));
#704=EDGE_LOOP('',(#5192,#5193,#5194,#5195));
#705=EDGE_LOOP('',(#5196,#5197,#5198,#5199));
#706=EDGE_LOOP('',(#5200,#5201,#5202,#5203));
#707=EDGE_LOOP('',(#5204,#5205,#5206,#5207));
#708=EDGE_LOOP('',(#5208,#5209,#5210,#5211));
#709=EDGE_LOOP('',(#5212,#5213,#5214,#5215));
#710=EDGE_LOOP('',(#5216,#5217,#5218,#5219));
#711=EDGE_LOOP('',(#5220,#5221,#5222,#5223));
#712=EDGE_LOOP('',(#5224,#5225,#5226,#5227));
#713=EDGE_LOOP('',(#5228,#5229,#5230,#5231));
#714=EDGE_LOOP('',(#5232,#5233,#5234,#5235));
#715=EDGE_LOOP('',(#5236,#5237,#5238,#5239));
#716=EDGE_LOOP('',(#5240,#5241,#5242,#5243));
#717=EDGE_LOOP('',(#5244,#5245,#5246,#5247));
#718=EDGE_LOOP('',(#5248,#5249,#5250,#5251));
#719=EDGE_LOOP('',(#5252,#5253,#5254,#5255));
#720=EDGE_LOOP('',(#5256,#5257,#5258,#5259));
#721=EDGE_LOOP('',(#5260,#5261,#5262,#5263));
#722=EDGE_LOOP('',(#5264,#5265,#5266,#5267));
#723=EDGE_LOOP('',(#5268,#5269,#5270,#5271));
#724=EDGE_LOOP('',(#5272,#5273,#5274,#5275));
#725=EDGE_LOOP('',(#5276,#5277,#5278,#5279));
#726=EDGE_LOOP('',(#5280,#5281,#5282,#5283));
#727=EDGE_LOOP('',(#5284,#5285,#5286,#5287));
#728=EDGE_LOOP('',(#5288,#5289,#5290,#5291));
#729=EDGE_LOOP('',(#5292,#5293,#5294,#5295));
#730=EDGE_LOOP('',(#5296,#5297,#5298,#5299));
#731=EDGE_LOOP('',(#5300,#5301,#5302,#5303));
#732=EDGE_LOOP('',(#5304,#5305,#5306,#5307));
#733=EDGE_LOOP('',(#5308,#5309,#5310,#5311));
#734=EDGE_LOOP('',(#5312,#5313,#5314,#5315));
#735=EDGE_LOOP('',(#5316,#5317,#5318,#5319));
#736=EDGE_LOOP('',(#5320,#5321,#5322,#5323));
#737=EDGE_LOOP('',(#5324,#5325,#5326,#5327));
#738=EDGE_LOOP('',(#5328,#5329,#5330,#5331));
#739=EDGE_LOOP('',(#5332,#5333,#5334,#5335));
#740=EDGE_LOOP('',(#5336,#5337,#5338,#5339));
#741=EDGE_LOOP('',(#5340,#5341,#5342,#5343));
#742=EDGE_LOOP('',(#5344,#5345,#5346,#5347));
#743=EDGE_LOOP('',(#5348,#5349,#5350,#5351));
#744=EDGE_LOOP('',(#5352,#5353,#5354,#5355));
#745=EDGE_LOOP('',(#5356,#5357,#5358,#5359));
#746=EDGE_LOOP('',(#5360,#5361,#5362,#5363));
#747=EDGE_LOOP('',(#5364,#5365,#5366,#5367));
#748=EDGE_LOOP('',(#5368,#5369,#5370,#5371));
#749=EDGE_LOOP('',(#5372,#5373,#5374,#5375));
#750=EDGE_LOOP('',(#5376,#5377,#5378,#5379));
#751=EDGE_LOOP('',(#5380,#5381,#5382,#5383));
#752=EDGE_LOOP('',(#5384,#5385,#5386,#5387));
#753=EDGE_LOOP('',(#5388,#5389,#5390,#5391));
#754=EDGE_LOOP('',(#5392,#5393,#5394,#5395));
#755=EDGE_LOOP('',(#5396,#5397,#5398,#5399));
#756=EDGE_LOOP('',(#5400,#5401,#5402,#5403));
#757=EDGE_LOOP('',(#5404,#5405,#5406,#5407));
#758=EDGE_LOOP('',(#5408,#5409,#5410,#5411));
#759=EDGE_LOOP('',(#5412,#5413,#5414,#5415));
#760=EDGE_LOOP('',(#5416,#5417,#5418,#5419));
#761=EDGE_LOOP('',(#5420,#5421,#5422,#5423));
#762=EDGE_LOOP('',(#5424,#5425,#5426,#5427));
#763=EDGE_LOOP('',(#5428,#5429,#5430,#5431));
#764=EDGE_LOOP('',(#5432,#5433,#5434,#5435));
#765=EDGE_LOOP('',(#5436,#5437,#5438,#5439));
#766=EDGE_LOOP('',(#5440,#5441,#5442,#5443));
#767=EDGE_LOOP('',(#5444,#5445,#5446,#5447));
#768=EDGE_LOOP('',(#5448,#5449,#5450,#5451));
#769=EDGE_LOOP('',(#5452,#5453,#5454,#5455));
#770=EDGE_LOOP('',(#5456,#5457,#5458,#5459));
#771=EDGE_LOOP('',(#5460,#5461,#5462,#5463));
#772=EDGE_LOOP('',(#5464,#5465,#5466,#5467));
#773=EDGE_LOOP('',(#5468,#5469,#5470,#5471));
#774=EDGE_LOOP('',(#5472,#5473,#5474,#5475));
#775=EDGE_LOOP('',(#5476,#5477,#5478,#5479));
#776=EDGE_LOOP('',(#5480,#5481,#5482,#5483));
#777=EDGE_LOOP('',(#5484,#5485,#5486,#5487));
#778=EDGE_LOOP('',(#5488,#5489,#5490,#5491));
#779=EDGE_LOOP('',(#5492,#5493,#5494,#5495));
#780=EDGE_LOOP('',(#5496,#5497,#5498,#5499));
#781=EDGE_LOOP('',(#5500,#5501,#5502,#5503));
#782=EDGE_LOOP('',(#5504,#5505,#5506,#5507));
#783=EDGE_LOOP('',(#5508,#5509,#5510,#5511));
#784=EDGE_LOOP('',(#5512,#5513,#5514,#5515));
#785=EDGE_LOOP('',(#5516,#5517,#5518,#5519));
#786=EDGE_LOOP('',(#5520,#5521,#5522,#5523));
#787=EDGE_LOOP('',(#5524,#5525,#5526,#5527));
#788=EDGE_LOOP('',(#5528,#5529,#5530,#5531));
#789=EDGE_LOOP('',(#5532,#5533,#5534,#5535));
#790=EDGE_LOOP('',(#5536,#5537,#5538,#5539));
#791=EDGE_LOOP('',(#5540,#5541,#5542,#5543));
#792=EDGE_LOOP('',(#5544,#5545,#5546,#5547,#5548,#5549,#5550,#5551,#5552,
#5553,#5554,#5555,#5556,#5557,#5558,#5559,#5560,#5561,#5562,#5563,#5564,
#5565,#5566,#5567,#5568,#5569,#5570,#5571,#5572,#5573,#5574,#5575,#5576,
#5577,#5578,#5579,#5580,#5581,#5582,#5583,#5584,#5585,#5586,#5587,#5588,
#5589,#5590,#5591,#5592,#5593,#5594,#5595,#5596,#5597,#5598,#5599,#5600,
#5601,#5602,#5603,#5604,#5605,#5606,#5607,#5608,#5609,#5610,#5611,#5612,
#5613,#5614,#5615,#5616,#5617,#5618,#5619,#5620,#5621,#5622,#5623,#5624,
#5625,#5626,#5627,#5628,#5629,#5630,#5631,#5632,#5633,#5634,#5635,#5636,
#5637,#5638,#5639,#5640,#5641,#5642,#5643,#5644,#5645,#5646,#5647,#5648,
#5649,#5650,#5651,#5652,#5653,#5654,#5655,#5656,#5657,#5658,#5659,#5660,
#5661,#5662,#5663,#5664,#5665,#5666,#5667,#5668,#5669,#5670,#5671,#5672,
#5673,#5674,#5675,#5676,#5677,#5678,#5679,#5680,#5681,#5682,#5683,#5684,
#5685,#5686,#5687,#5688,#5689,#5690,#5691,#5692,#5693,#5694,#5695,#5696,
#5697,#5698,#5699,#5700,#5701,#5702,#5703,#5704,#5705,#5706,#5707));
#793=EDGE_LOOP('',(#5708,#5709,#5710,#5711));
#794=EDGE_LOOP('',(#5712,#5713,#5714,#5715));
#795=EDGE_LOOP('',(#5716,#5717,#5718,#5719));
#796=EDGE_LOOP('',(#5720,#5721,#5722,#5723));
#797=EDGE_LOOP('',(#5724,#5725,#5726,#5727));
#798=EDGE_LOOP('',(#5728,#5729,#5730,#5731));
#799=EDGE_LOOP('',(#5732,#5733,#5734,#5735));
#800=EDGE_LOOP('',(#5736,#5737,#5738,#5739));
#801=EDGE_LOOP('',(#5740,#5741,#5742,#5743));
#802=EDGE_LOOP('',(#5744,#5745,#5746,#5747));
#803=EDGE_LOOP('',(#5748,#5749,#5750,#5751));
#804=EDGE_LOOP('',(#5752,#5753,#5754,#5755));
#805=EDGE_LOOP('',(#5756,#5757,#5758,#5759));
#806=EDGE_LOOP('',(#5760,#5761,#5762,#5763));
#807=EDGE_LOOP('',(#5764,#5765,#5766,#5767));
#808=EDGE_LOOP('',(#5768,#5769,#5770,#5771));
#809=EDGE_LOOP('',(#5772,#5773,#5774,#5775));
#810=EDGE_LOOP('',(#5776,#5777,#5778,#5779));
#811=EDGE_LOOP('',(#5780,#5781,#5782,#5783));
#812=EDGE_LOOP('',(#5784,#5785,#5786,#5787));
#813=EDGE_LOOP('',(#5788,#5789,#5790,#5791));
#814=EDGE_LOOP('',(#5792,#5793,#5794,#5795));
#815=EDGE_LOOP('',(#5796,#5797,#5798,#5799));
#816=EDGE_LOOP('',(#5800,#5801,#5802,#5803));
#817=EDGE_LOOP('',(#5804,#5805,#5806,#5807));
#818=EDGE_LOOP('',(#5808,#5809,#5810,#5811));
#819=EDGE_LOOP('',(#5812,#5813,#5814,#5815));
#820=EDGE_LOOP('',(#5816,#5817,#5818,#5819));
#821=EDGE_LOOP('',(#5820,#5821,#5822,#5823));
#822=EDGE_LOOP('',(#5824,#5825,#5826,#5827));
#823=EDGE_LOOP('',(#5828,#5829,#5830,#5831));
#824=EDGE_LOOP('',(#5832,#5833,#5834,#5835));
#825=EDGE_LOOP('',(#5836,#5837,#5838,#5839));
#826=EDGE_LOOP('',(#5840,#5841,#5842,#5843));
#827=EDGE_LOOP('',(#5844,#5845,#5846,#5847));
#828=EDGE_LOOP('',(#5848,#5849,#5850,#5851));
#829=EDGE_LOOP('',(#5852,#5853,#5854,#5855));
#830=EDGE_LOOP('',(#5856,#5857,#5858,#5859));
#831=EDGE_LOOP('',(#5860,#5861,#5862,#5863));
#832=EDGE_LOOP('',(#5864,#5865,#5866,#5867));
#833=EDGE_LOOP('',(#5868,#5869,#5870,#5871));
#834=EDGE_LOOP('',(#5872,#5873,#5874,#5875));
#835=EDGE_LOOP('',(#5876,#5877,#5878,#5879));
#836=EDGE_LOOP('',(#5880,#5881,#5882,#5883));
#837=EDGE_LOOP('',(#5884,#5885,#5886,#5887));
#838=EDGE_LOOP('',(#5888,#5889,#5890,#5891));
#839=EDGE_LOOP('',(#5892,#5893,#5894,#5895));
#840=EDGE_LOOP('',(#5896,#5897,#5898,#5899));
#841=EDGE_LOOP('',(#5900,#5901,#5902,#5903));
#842=EDGE_LOOP('',(#5904,#5905,#5906,#5907));
#843=EDGE_LOOP('',(#5908,#5909,#5910,#5911));
#844=EDGE_LOOP('',(#5912,#5913,#5914,#5915));
#845=EDGE_LOOP('',(#5916,#5917,#5918,#5919));
#846=EDGE_LOOP('',(#5920,#5921,#5922,#5923));
#847=EDGE_LOOP('',(#5924,#5925,#5926,#5927));
#848=EDGE_LOOP('',(#5928,#5929,#5930,#5931));
#849=EDGE_LOOP('',(#5932,#5933,#5934,#5935));
#850=EDGE_LOOP('',(#5936,#5937,#5938,#5939));
#851=EDGE_LOOP('',(#5940,#5941,#5942,#5943));
#852=EDGE_LOOP('',(#5944,#5945,#5946,#5947));
#853=EDGE_LOOP('',(#5948,#5949,#5950,#5951));
#854=EDGE_LOOP('',(#5952,#5953,#5954,#5955));
#855=EDGE_LOOP('',(#5956,#5957,#5958,#5959));
#856=EDGE_LOOP('',(#5960,#5961,#5962,#5963));
#857=EDGE_LOOP('',(#5964,#5965,#5966,#5967));
#858=EDGE_LOOP('',(#5968,#5969,#5970,#5971));
#859=EDGE_LOOP('',(#5972,#5973,#5974,#5975));
#860=EDGE_LOOP('',(#5976,#5977,#5978,#5979));
#861=EDGE_LOOP('',(#5980,#5981,#5982,#5983));
#862=EDGE_LOOP('',(#5984,#5985,#5986,#5987));
#863=EDGE_LOOP('',(#5988,#5989,#5990,#5991));
#864=EDGE_LOOP('',(#5992,#5993,#5994,#5995));
#865=EDGE_LOOP('',(#5996,#5997,#5998,#5999));
#866=EDGE_LOOP('',(#6000,#6001,#6002,#6003));
#867=EDGE_LOOP('',(#6004,#6005,#6006,#6007));
#868=EDGE_LOOP('',(#6008,#6009,#6010,#6011));
#869=EDGE_LOOP('',(#6012,#6013,#6014,#6015));
#870=EDGE_LOOP('',(#6016,#6017,#6018,#6019));
#871=EDGE_LOOP('',(#6020,#6021,#6022,#6023));
#872=EDGE_LOOP('',(#6024,#6025,#6026,#6027));
#873=EDGE_LOOP('',(#6028,#6029,#6030,#6031));
#874=EDGE_LOOP('',(#6032,#6033,#6034,#6035));
#875=EDGE_LOOP('',(#6036,#6037,#6038,#6039));
#876=EDGE_LOOP('',(#6040,#6041,#6042,#6043));
#877=EDGE_LOOP('',(#6044,#6045,#6046,#6047));
#878=EDGE_LOOP('',(#6048,#6049,#6050,#6051));
#879=EDGE_LOOP('',(#6052,#6053,#6054,#6055));
#880=EDGE_LOOP('',(#6056,#6057,#6058,#6059));
#881=EDGE_LOOP('',(#6060,#6061,#6062,#6063));
#882=EDGE_LOOP('',(#6064,#6065,#6066,#6067));
#883=EDGE_LOOP('',(#6068,#6069,#6070,#6071));
#884=EDGE_LOOP('',(#6072,#6073,#6074,#6075));
#885=EDGE_LOOP('',(#6076,#6077,#6078,#6079));
#886=EDGE_LOOP('',(#6080,#6081,#6082,#6083));
#887=EDGE_LOOP('',(#6084,#6085,#6086,#6087));
#888=EDGE_LOOP('',(#6088,#6089,#6090,#6091));
#889=EDGE_LOOP('',(#6092,#6093,#6094,#6095));
#890=EDGE_LOOP('',(#6096,#6097,#6098,#6099));
#891=EDGE_LOOP('',(#6100,#6101,#6102,#6103));
#892=EDGE_LOOP('',(#6104,#6105,#6106,#6107));
#893=EDGE_LOOP('',(#6108,#6109,#6110,#6111));
#894=EDGE_LOOP('',(#6112,#6113,#6114,#6115));
#895=EDGE_LOOP('',(#6116,#6117,#6118,#6119));
#896=EDGE_LOOP('',(#6120,#6121,#6122,#6123));
#897=EDGE_LOOP('',(#6124,#6125,#6126,#6127));
#898=EDGE_LOOP('',(#6128,#6129,#6130,#6131));
#899=EDGE_LOOP('',(#6132,#6133,#6134,#6135));
#900=EDGE_LOOP('',(#6136,#6137,#6138,#6139));
#901=EDGE_LOOP('',(#6140,#6141,#6142,#6143));
#902=EDGE_LOOP('',(#6144,#6145,#6146,#6147));
#903=EDGE_LOOP('',(#6148,#6149,#6150,#6151));
#904=EDGE_LOOP('',(#6152,#6153,#6154,#6155));
#905=EDGE_LOOP('',(#6156,#6157,#6158,#6159));
#906=EDGE_LOOP('',(#6160,#6161,#6162,#6163));
#907=EDGE_LOOP('',(#6164,#6165,#6166,#6167));
#908=EDGE_LOOP('',(#6168,#6169,#6170,#6171));
#909=EDGE_LOOP('',(#6172,#6173,#6174,#6175));
#910=EDGE_LOOP('',(#6176,#6177,#6178,#6179));
#911=EDGE_LOOP('',(#6180,#6181,#6182,#6183));
#912=EDGE_LOOP('',(#6184,#6185,#6186,#6187));
#913=EDGE_LOOP('',(#6188,#6189,#6190,#6191));
#914=EDGE_LOOP('',(#6192,#6193,#6194,#6195));
#915=EDGE_LOOP('',(#6196,#6197,#6198,#6199));
#916=EDGE_LOOP('',(#6200,#6201,#6202,#6203));
#917=EDGE_LOOP('',(#6204,#6205,#6206,#6207));
#918=EDGE_LOOP('',(#6208,#6209,#6210,#6211));
#919=EDGE_LOOP('',(#6212,#6213,#6214,#6215));
#920=EDGE_LOOP('',(#6216,#6217,#6218,#6219));
#921=EDGE_LOOP('',(#6220,#6221,#6222,#6223));
#922=EDGE_LOOP('',(#6224,#6225,#6226,#6227));
#923=EDGE_LOOP('',(#6228,#6229,#6230,#6231));
#924=EDGE_LOOP('',(#6232,#6233,#6234,#6235));
#925=EDGE_LOOP('',(#6236,#6237,#6238,#6239));
#926=EDGE_LOOP('',(#6240,#6241,#6242,#6243));
#927=EDGE_LOOP('',(#6244,#6245,#6246,#6247));
#928=EDGE_LOOP('',(#6248,#6249,#6250,#6251));
#929=EDGE_LOOP('',(#6252,#6253,#6254,#6255));
#930=EDGE_LOOP('',(#6256,#6257,#6258,#6259));
#931=EDGE_LOOP('',(#6260,#6261,#6262,#6263));
#932=EDGE_LOOP('',(#6264,#6265,#6266,#6267));
#933=EDGE_LOOP('',(#6268,#6269,#6270,#6271));
#934=EDGE_LOOP('',(#6272,#6273,#6274,#6275));
#935=EDGE_LOOP('',(#6276,#6277,#6278,#6279));
#936=EDGE_LOOP('',(#6280,#6281,#6282,#6283));
#937=EDGE_LOOP('',(#6284,#6285,#6286,#6287));
#938=EDGE_LOOP('',(#6288,#6289,#6290,#6291));
#939=EDGE_LOOP('',(#6292,#6293,#6294,#6295));
#940=EDGE_LOOP('',(#6296,#6297,#6298,#6299));
#941=EDGE_LOOP('',(#6300,#6301,#6302,#6303));
#942=EDGE_LOOP('',(#6304,#6305,#6306,#6307));
#943=EDGE_LOOP('',(#6308,#6309,#6310,#6311));
#944=EDGE_LOOP('',(#6312,#6313,#6314,#6315));
#945=EDGE_LOOP('',(#6316,#6317,#6318,#6319));
#946=EDGE_LOOP('',(#6320,#6321,#6322,#6323));
#947=EDGE_LOOP('',(#6324,#6325,#6326,#6327));
#948=EDGE_LOOP('',(#6328,#6329,#6330,#6331));
#949=EDGE_LOOP('',(#6332,#6333,#6334,#6335));
#950=EDGE_LOOP('',(#6336,#6337,#6338,#6339));
#951=EDGE_LOOP('',(#6340,#6341,#6342,#6343));
#952=EDGE_LOOP('',(#6344,#6345,#6346,#6347));
#953=EDGE_LOOP('',(#6348,#6349,#6350,#6351));
#954=EDGE_LOOP('',(#6352,#6353,#6354,#6355));
#955=EDGE_LOOP('',(#6356,#6357,#6358,#6359));
#956=EDGE_LOOP('',(#6360,#6361,#6362,#6363));
#957=EDGE_LOOP('',(#6364,#6365,#6366,#6367));
#958=EDGE_LOOP('',(#6368,#6369,#6370,#6371));
#959=EDGE_LOOP('',(#6372,#6373,#6374,#6375));
#960=EDGE_LOOP('',(#6376,#6377,#6378,#6379));
#961=EDGE_LOOP('',(#6380,#6381,#6382,#6383));
#962=EDGE_LOOP('',(#6384,#6385,#6386,#6387));
#963=EDGE_LOOP('',(#6388,#6389,#6390,#6391));
#964=EDGE_LOOP('',(#6392,#6393,#6394,#6395));
#965=EDGE_LOOP('',(#6396,#6397,#6398,#6399));
#966=EDGE_LOOP('',(#6400,#6401,#6402,#6403));
#967=EDGE_LOOP('',(#6404,#6405,#6406,#6407));
#968=EDGE_LOOP('',(#6408,#6409,#6410,#6411));
#969=EDGE_LOOP('',(#6412,#6413,#6414,#6415));
#970=EDGE_LOOP('',(#6416,#6417,#6418,#6419));
#971=EDGE_LOOP('',(#6420,#6421,#6422,#6423));
#972=EDGE_LOOP('',(#6424,#6425,#6426,#6427));
#973=EDGE_LOOP('',(#6428,#6429,#6430,#6431));
#974=EDGE_LOOP('',(#6432,#6433,#6434,#6435));
#975=EDGE_LOOP('',(#6436,#6437,#6438,#6439));
#976=EDGE_LOOP('',(#6440,#6441,#6442,#6443));
#977=EDGE_LOOP('',(#6444,#6445,#6446,#6447));
#978=EDGE_LOOP('',(#6448,#6449,#6450,#6451));
#979=EDGE_LOOP('',(#6452,#6453,#6454,#6455));
#980=EDGE_LOOP('',(#6456,#6457,#6458,#6459));
#981=EDGE_LOOP('',(#6460,#6461,#6462,#6463));
#982=EDGE_LOOP('',(#6464,#6465,#6466,#6467));
#983=EDGE_LOOP('',(#6468,#6469,#6470,#6471));
#984=EDGE_LOOP('',(#6472,#6473,#6474,#6475));
#985=EDGE_LOOP('',(#6476,#6477,#6478,#6479));
#986=EDGE_LOOP('',(#6480,#6481,#6482,#6483));
#987=EDGE_LOOP('',(#6484,#6485,#6486,#6487));
#988=EDGE_LOOP('',(#6488,#6489,#6490,#6491));
#989=EDGE_LOOP('',(#6492,#6493,#6494,#6495));
#990=EDGE_LOOP('',(#6496,#6497,#6498,#6499));
#991=EDGE_LOOP('',(#6500,#6501,#6502,#6503));
#992=EDGE_LOOP('',(#6504,#6505,#6506,#6507));
#993=EDGE_LOOP('',(#6508,#6509,#6510,#6511));
#994=EDGE_LOOP('',(#6512,#6513,#6514,#6515));
#995=EDGE_LOOP('',(#6516,#6517,#6518,#6519));
#996=EDGE_LOOP('',(#6520,#6521,#6522,#6523));
#997=EDGE_LOOP('',(#6524,#6525,#6526,#6527));
#998=EDGE_LOOP('',(#6528,#6529,#6530,#6531));
#999=EDGE_LOOP('',(#6532,#6533,#6534,#6535));
#1000=EDGE_LOOP('',(#6536,#6537,#6538,#6539));
#1001=EDGE_LOOP('',(#6540,#6541,#6542,#6543));
#1002=EDGE_LOOP('',(#6544,#6545,#6546,#6547));
#1003=EDGE_LOOP('',(#6548,#6549,#6550,#6551));
#1004=EDGE_LOOP('',(#6552,#6553,#6554,#6555));
#1005=EDGE_LOOP('',(#6556,#6557,#6558,#6559));
#1006=EDGE_LOOP('',(#6560,#6561,#6562,#6563));
#1007=EDGE_LOOP('',(#6564,#6565,#6566,#6567));
#1008=EDGE_LOOP('',(#6568,#6569,#6570,#6571));
#1009=EDGE_LOOP('',(#6572,#6573,#6574,#6575));
#1010=EDGE_LOOP('',(#6576,#6577,#6578,#6579));
#1011=EDGE_LOOP('',(#6580,#6581,#6582,#6583));
#1012=EDGE_LOOP('',(#6584,#6585,#6586,#6587));
#1013=EDGE_LOOP('',(#6588,#6589,#6590,#6591));
#1014=EDGE_LOOP('',(#6592,#6593,#6594,#6595));
#1015=EDGE_LOOP('',(#6596,#6597,#6598,#6599));
#1016=EDGE_LOOP('',(#6600,#6601,#6602,#6603));
#1017=EDGE_LOOP('',(#6604,#6605,#6606,#6607));
#1018=EDGE_LOOP('',(#6608,#6609,#6610,#6611));
#1019=EDGE_LOOP('',(#6612,#6613,#6614,#6615));
#1020=EDGE_LOOP('',(#6616,#6617,#6618,#6619));
#1021=EDGE_LOOP('',(#6620,#6621,#6622,#6623));
#1022=EDGE_LOOP('',(#6624,#6625,#6626,#6627));
#1023=EDGE_LOOP('',(#6628,#6629,#6630,#6631));
#1024=EDGE_LOOP('',(#6632,#6633,#6634,#6635));
#1025=EDGE_LOOP('',(#6636,#6637,#6638,#6639));
#1026=EDGE_LOOP('',(#6640,#6641,#6642,#6643));
#1027=EDGE_LOOP('',(#6644,#6645,#6646,#6647));
#1028=EDGE_LOOP('',(#6648,#6649,#6650,#6651));
#1029=EDGE_LOOP('',(#6652,#6653,#6654,#6655));
#1030=EDGE_LOOP('',(#6656,#6657,#6658,#6659));
#1031=EDGE_LOOP('',(#6660,#6661,#6662,#6663));
#1032=EDGE_LOOP('',(#6664,#6665,#6666,#6667));
#1033=EDGE_LOOP('',(#6668,#6669,#6670,#6671));
#1034=EDGE_LOOP('',(#6672,#6673,#6674,#6675,#6676,#6677,#6678,#6679,#6680,
#6681,#6682,#6683,#6684,#6685,#6686,#6687,#6688,#6689,#6690,#6691,#6692,
#6693,#6694,#6695,#6696,#6697,#6698,#6699,#6700,#6701,#6702,#6703,#6704,
#6705,#6706,#6707,#6708,#6709,#6710,#6711,#6712,#6713,#6714,#6715,#6716,
#6717,#6718,#6719,#6720,#6721,#6722,#6723,#6724,#6725,#6726,#6727,#6728,
#6729,#6730,#6731,#6732,#6733,#6734,#6735,#6736,#6737,#6738,#6739,#6740,
#6741,#6742,#6743,#6744,#6745,#6746,#6747,#6748,#6749,#6750,#6751,#6752,
#6753,#6754,#6755));
#1035=EDGE_LOOP('',(#6756,#6757,#6758,#6759));
#1036=EDGE_LOOP('',(#6760,#6761,#6762,#6763,#6764,#6765,#6766,#6767,#6768,
#6769,#6770,#6771,#6772,#6773,#6774,#6775,#6776,#6777,#6778,#6779,#6780,
#6781,#6782,#6783,#6784,#6785,#6786,#6787,#6788,#6789,#6790,#6791,#6792,
#6793,#6794,#6795,#6796,#6797,#6798,#6799,#6800,#6801,#6802,#6803,#6804,
#6805,#6806,#6807,#6808,#6809,#6810,#6811,#6812,#6813,#6814,#6815,#6816,
#6817,#6818,#6819,#6820,#6821,#6822,#6823,#6824,#6825,#6826,#6827,#6828,
#6829,#6830,#6831,#6832,#6833,#6834,#6835,#6836,#6837,#6838,#6839,#6840,
#6841,#6842,#6843));
#1037=EDGE_LOOP('',(#6844,#6845,#6846,#6847));
#1038=EDGE_LOOP('',(#6848,#6849,#6850,#6851));
#1039=EDGE_LOOP('',(#6852,#6853,#6854,#6855));
#1040=EDGE_LOOP('',(#6856,#6857,#6858,#6859));
#1041=EDGE_LOOP('',(#6860,#6861,#6862,#6863));
#1042=EDGE_LOOP('',(#6864,#6865,#6866,#6867));
#1043=EDGE_LOOP('',(#6868,#6869,#6870,#6871));
#1044=EDGE_LOOP('',(#6872,#6873,#6874,#6875));
#1045=EDGE_LOOP('',(#6876,#6877,#6878,#6879));
#1046=EDGE_LOOP('',(#6880,#6881,#6882,#6883));
#1047=EDGE_LOOP('',(#6884,#6885,#6886,#6887));
#1048=EDGE_LOOP('',(#6888,#6889,#6890,#6891));
#1049=EDGE_LOOP('',(#6892,#6893,#6894,#6895));
#1050=EDGE_LOOP('',(#6896,#6897,#6898,#6899));
#1051=EDGE_LOOP('',(#6900,#6901,#6902,#6903));
#1052=EDGE_LOOP('',(#6904,#6905,#6906,#6907));
#1053=EDGE_LOOP('',(#6908,#6909,#6910,#6911));
#1054=EDGE_LOOP('',(#6912,#6913,#6914,#6915));
#1055=EDGE_LOOP('',(#6916,#6917,#6918,#6919));
#1056=EDGE_LOOP('',(#6920,#6921,#6922,#6923));
#1057=EDGE_LOOP('',(#6924,#6925,#6926,#6927));
#1058=EDGE_LOOP('',(#6928,#6929,#6930,#6931));
#1059=EDGE_LOOP('',(#6932,#6933,#6934,#6935));
#1060=EDGE_LOOP('',(#6936,#6937,#6938,#6939));
#1061=EDGE_LOOP('',(#6940,#6941,#6942,#6943));
#1062=EDGE_LOOP('',(#6944,#6945,#6946,#6947));
#1063=EDGE_LOOP('',(#6948,#6949,#6950,#6951));
#1064=EDGE_LOOP('',(#6952,#6953,#6954,#6955));
#1065=EDGE_LOOP('',(#6956,#6957,#6958,#6959));
#1066=EDGE_LOOP('',(#6960,#6961,#6962,#6963));
#1067=EDGE_LOOP('',(#6964,#6965,#6966,#6967));
#1068=EDGE_LOOP('',(#6968,#6969,#6970,#6971));
#1069=EDGE_LOOP('',(#6972,#6973,#6974,#6975));
#1070=EDGE_LOOP('',(#6976,#6977,#6978,#6979));
#1071=EDGE_LOOP('',(#6980,#6981,#6982,#6983));
#1072=EDGE_LOOP('',(#6984,#6985,#6986,#6987));
#1073=EDGE_LOOP('',(#6988,#6989,#6990,#6991));
#1074=EDGE_LOOP('',(#6992,#6993,#6994,#6995));
#1075=EDGE_LOOP('',(#6996,#6997,#6998,#6999));
#1076=EDGE_LOOP('',(#7000,#7001,#7002,#7003));
#1077=EDGE_LOOP('',(#7004,#7005,#7006,#7007));
#1078=EDGE_LOOP('',(#7008,#7009,#7010,#7011));
#1079=EDGE_LOOP('',(#7012,#7013,#7014,#7015));
#1080=EDGE_LOOP('',(#7016,#7017,#7018,#7019));
#1081=EDGE_LOOP('',(#7020,#7021,#7022,#7023));
#1082=EDGE_LOOP('',(#7024,#7025,#7026,#7027));
#1083=EDGE_LOOP('',(#7028));
#1084=EDGE_LOOP('',(#7029,#7030,#7031));
#1085=EDGE_LOOP('',(#7032,#7033,#7034,#7035,#7036,#7037,#7038,#7039,#7040));
#1086=EDGE_LOOP('',(#7041,#7042,#7043,#7044));
#1087=EDGE_LOOP('',(#7045,#7046,#7047,#7048,#7049,#7050,#7051,#7052,#7053));
#1088=EDGE_LOOP('',(#7054,#7055,#7056,#7057));
#1089=EDGE_LOOP('',(#7058));
#1090=EDGE_LOOP('',(#7059,#7060,#7061));
#1091=EDGE_LOOP('',(#7062,#7063,#7064));
#1092=EDGE_LOOP('',(#7065,#7066,#7067,#7068,#7069));
#1093=EDGE_LOOP('',(#7070,#7071,#7072,#7073));
#1094=EDGE_LOOP('',(#7074,#7075,#7076,#7077));
#1095=EDGE_LOOP('',(#7078,#7079,#7080,#7081));
#1096=EDGE_LOOP('',(#7082,#7083,#7084,#7085));
#1097=EDGE_LOOP('',(#7086,#7087,#7088,#7089));
#1098=EDGE_LOOP('',(#7090,#7091,#7092,#7093));
#1099=EDGE_LOOP('',(#7094,#7095,#7096,#7097));
#1100=EDGE_LOOP('',(#7098,#7099,#7100,#7101,#7102,#7103,#7104,#7105,#7106,
#7107));
#1101=EDGE_LOOP('',(#7108,#7109,#7110,#7111));
#1102=EDGE_LOOP('',(#7112));
#1103=EDGE_LOOP('',(#7113,#7114,#7115,#7116,#7117));
#1104=EDGE_LOOP('',(#7118,#7119,#7120,#7121,#7122,#7123,#7124,#7125,#7126,
#7127,#7128));
#1105=EDGE_LOOP('',(#7129,#7130,#7131,#7132));
#1106=EDGE_LOOP('',(#7133));
#1107=EDGE_LOOP('',(#7134));
#1108=EDGE_LOOP('',(#7135));
#1109=EDGE_LOOP('',(#7136,#7137,#7138,#7139));
#1110=EDGE_LOOP('',(#7140,#7141,#7142,#7143));
#1111=EDGE_LOOP('',(#7144,#7145,#7146,#7147));
#1112=EDGE_LOOP('',(#7148));
#1113=EDGE_LOOP('',(#7149));
#1114=EDGE_LOOP('',(#7150,#7151,#7152,#7153));
#1115=EDGE_LOOP('',(#7154,#7155,#7156,#7157));
#1116=EDGE_LOOP('',(#7158,#7159,#7160,#7161));
#1117=EDGE_LOOP('',(#7162,#7163,#7164,#7165));
#1118=EDGE_LOOP('',(#7166,#7167,#7168,#7169));
#1119=EDGE_LOOP('',(#7170,#7171,#7172,#7173));
#1120=EDGE_LOOP('',(#7174,#7175,#7176,#7177,#7178,#7179,#7180,#7181,#7182,
#7183));
#1121=EDGE_LOOP('',(#7184));
#1122=EDGE_LOOP('',(#7185));
#1123=EDGE_LOOP('',(#7186,#7187,#7188,#7189));
#1124=EDGE_LOOP('',(#7190,#7191,#7192,#7193));
#1125=EDGE_LOOP('',(#7194,#7195,#7196,#7197));
#1126=EDGE_LOOP('',(#7198,#7199,#7200,#7201));
#1127=EDGE_LOOP('',(#7202,#7203,#7204,#7205));
#1128=EDGE_LOOP('',(#7206,#7207,#7208,#7209,#7210,#7211,#7212,#7213,#7214,
#7215));
#1129=EDGE_LOOP('',(#7216));
#1130=EDGE_LOOP('',(#7217));
#1131=EDGE_LOOP('',(#7218));
#1132=EDGE_LOOP('',(#7219));
#1133=EDGE_LOOP('',(#7220,#7221,#7222,#7223));
#1134=EDGE_LOOP('',(#7224,#7225,#7226,#7227));
#1135=EDGE_LOOP('',(#7228,#7229,#7230,#7231));
#1136=EDGE_LOOP('',(#7232));
#1137=EDGE_LOOP('',(#7233));
#1138=EDGE_LOOP('',(#7234,#7235,#7236,#7237));
#1139=EDGE_LOOP('',(#7238,#7239,#7240,#7241));
#1140=EDGE_LOOP('',(#7242,#7243,#7244,#7245));
#1141=EDGE_LOOP('',(#7246,#7247,#7248,#7249));
#1142=EDGE_LOOP('',(#7250,#7251,#7252,#7253));
#1143=EDGE_LOOP('',(#7254,#7255,#7256,#7257));
#1144=EDGE_LOOP('',(#7258,#7259,#7260,#7261,#7262,#7263,#7264,#7265,#7266,
#7267));
#1145=EDGE_LOOP('',(#7268));
#1146=EDGE_LOOP('',(#7269));
#1147=EDGE_LOOP('',(#7270,#7271,#7272,#7273));
#1148=EDGE_LOOP('',(#7274,#7275,#7276,#7277));
#1149=EDGE_LOOP('',(#7278,#7279,#7280,#7281));
#1150=EDGE_LOOP('',(#7282,#7283,#7284,#7285));
#1151=EDGE_LOOP('',(#7286,#7287,#7288,#7289));
#1152=EDGE_LOOP('',(#7290,#7291,#7292,#7293,#7294,#7295,#7296,#7297,#7298,
#7299));
#1153=EDGE_LOOP('',(#7300));
#1154=EDGE_LOOP('',(#7301));
#1155=LINE('',#10432,#2177);
#1156=LINE('',#10434,#2178);
#1157=LINE('',#10436,#2179);
#1158=LINE('',#10437,#2180);
#1159=LINE('',#10440,#2181);
#1160=LINE('',#10442,#2182);
#1161=LINE('',#10443,#2183);
#1162=LINE('',#10446,#2184);
#1163=LINE('',#10448,#2185);
#1164=LINE('',#10449,#2186);
#1165=LINE('',#10453,#2187);
#1166=LINE('',#10455,#2188);
#1167=LINE('',#10457,#2189);
#1168=LINE('',#10458,#2190);
#1169=LINE('',#10461,#2191);
#1170=LINE('',#10463,#2192);
#1171=LINE('',#10464,#2193);
#1172=LINE('',#10467,#2194);
#1173=LINE('',#10469,#2195);
#1174=LINE('',#10470,#2196);
#1175=LINE('',#10474,#2197);
#1176=LINE('',#10476,#2198);
#1177=LINE('',#10478,#2199);
#1178=LINE('',#10479,#2200);
#1179=LINE('',#10482,#2201);
#1180=LINE('',#10484,#2202);
#1181=LINE('',#10485,#2203);
#1182=LINE('',#10488,#2204);
#1183=LINE('',#10490,#2205);
#1184=LINE('',#10491,#2206);
#1185=LINE('',#10495,#2207);
#1186=LINE('',#10497,#2208);
#1187=LINE('',#10499,#2209);
#1188=LINE('',#10500,#2210);
#1189=LINE('',#10503,#2211);
#1190=LINE('',#10505,#2212);
#1191=LINE('',#10506,#2213);
#1192=LINE('',#10509,#2214);
#1193=LINE('',#10511,#2215);
#1194=LINE('',#10512,#2216);
#1195=LINE('',#10516,#2217);
#1196=LINE('',#10518,#2218);
#1197=LINE('',#10520,#2219);
#1198=LINE('',#10521,#2220);
#1199=LINE('',#10524,#2221);
#1200=LINE('',#10526,#2222);
#1201=LINE('',#10527,#2223);
#1202=LINE('',#10530,#2224);
#1203=LINE('',#10532,#2225);
#1204=LINE('',#10533,#2226);
#1205=LINE('',#10537,#2227);
#1206=LINE('',#10539,#2228);
#1207=LINE('',#10541,#2229);
#1208=LINE('',#10542,#2230);
#1209=LINE('',#10545,#2231);
#1210=LINE('',#10547,#2232);
#1211=LINE('',#10548,#2233);
#1212=LINE('',#10551,#2234);
#1213=LINE('',#10553,#2235);
#1214=LINE('',#10554,#2236);
#1215=LINE('',#10558,#2237);
#1216=LINE('',#10560,#2238);
#1217=LINE('',#10562,#2239);
#1218=LINE('',#10563,#2240);
#1219=LINE('',#10566,#2241);
#1220=LINE('',#10568,#2242);
#1221=LINE('',#10569,#2243);
#1222=LINE('',#10572,#2244);
#1223=LINE('',#10574,#2245);
#1224=LINE('',#10575,#2246);
#1225=LINE('',#10579,#2247);
#1226=LINE('',#10581,#2248);
#1227=LINE('',#10583,#2249);
#1228=LINE('',#10584,#2250);
#1229=LINE('',#10587,#2251);
#1230=LINE('',#10589,#2252);
#1231=LINE('',#10590,#2253);
#1232=LINE('',#10593,#2254);
#1233=LINE('',#10595,#2255);
#1234=LINE('',#10596,#2256);
#1235=LINE('',#10600,#2257);
#1236=LINE('',#10602,#2258);
#1237=LINE('',#10604,#2259);
#1238=LINE('',#10605,#2260);
#1239=LINE('',#10608,#2261);
#1240=LINE('',#10610,#2262);
#1241=LINE('',#10611,#2263);
#1242=LINE('',#10614,#2264);
#1243=LINE('',#10616,#2265);
#1244=LINE('',#10617,#2266);
#1245=LINE('',#10621,#2267);
#1246=LINE('',#10623,#2268);
#1247=LINE('',#10625,#2269);
#1248=LINE('',#10626,#2270);
#1249=LINE('',#10629,#2271);
#1250=LINE('',#10631,#2272);
#1251=LINE('',#10632,#2273);
#1252=LINE('',#10635,#2274);
#1253=LINE('',#10637,#2275);
#1254=LINE('',#10638,#2276);
#1255=LINE('',#10642,#2277);
#1256=LINE('',#10644,#2278);
#1257=LINE('',#10646,#2279);
#1258=LINE('',#10647,#2280);
#1259=LINE('',#10650,#2281);
#1260=LINE('',#10652,#2282);
#1261=LINE('',#10653,#2283);
#1262=LINE('',#10656,#2284);
#1263=LINE('',#10658,#2285);
#1264=LINE('',#10659,#2286);
#1265=LINE('',#10663,#2287);
#1266=LINE('',#10665,#2288);
#1267=LINE('',#10667,#2289);
#1268=LINE('',#10668,#2290);
#1269=LINE('',#10671,#2291);
#1270=LINE('',#10673,#2292);
#1271=LINE('',#10674,#2293);
#1272=LINE('',#10677,#2294);
#1273=LINE('',#10679,#2295);
#1274=LINE('',#10680,#2296);
#1275=LINE('',#10684,#2297);
#1276=LINE('',#10686,#2298);
#1277=LINE('',#10688,#2299);
#1278=LINE('',#10689,#2300);
#1279=LINE('',#10692,#2301);
#1280=LINE('',#10694,#2302);
#1281=LINE('',#10695,#2303);
#1282=LINE('',#10698,#2304);
#1283=LINE('',#10700,#2305);
#1284=LINE('',#10701,#2306);
#1285=LINE('',#10705,#2307);
#1286=LINE('',#10707,#2308);
#1287=LINE('',#10709,#2309);
#1288=LINE('',#10710,#2310);
#1289=LINE('',#10713,#2311);
#1290=LINE('',#10715,#2312);
#1291=LINE('',#10716,#2313);
#1292=LINE('',#10719,#2314);
#1293=LINE('',#10721,#2315);
#1294=LINE('',#10722,#2316);
#1295=LINE('',#10726,#2317);
#1296=LINE('',#10728,#2318);
#1297=LINE('',#10730,#2319);
#1298=LINE('',#10731,#2320);
#1299=LINE('',#10734,#2321);
#1300=LINE('',#10736,#2322);
#1301=LINE('',#10737,#2323);
#1302=LINE('',#10740,#2324);
#1303=LINE('',#10742,#2325);
#1304=LINE('',#10743,#2326);
#1305=LINE('',#10747,#2327);
#1306=LINE('',#10749,#2328);
#1307=LINE('',#10751,#2329);
#1308=LINE('',#10752,#2330);
#1309=LINE('',#10755,#2331);
#1310=LINE('',#10757,#2332);
#1311=LINE('',#10758,#2333);
#1312=LINE('',#10761,#2334);
#1313=LINE('',#10763,#2335);
#1314=LINE('',#10764,#2336);
#1315=LINE('',#10768,#2337);
#1316=LINE('',#10770,#2338);
#1317=LINE('',#10772,#2339);
#1318=LINE('',#10773,#2340);
#1319=LINE('',#10776,#2341);
#1320=LINE('',#10778,#2342);
#1321=LINE('',#10779,#2343);
#1322=LINE('',#10782,#2344);
#1323=LINE('',#10784,#2345);
#1324=LINE('',#10785,#2346);
#1325=LINE('',#10789,#2347);
#1326=LINE('',#10791,#2348);
#1327=LINE('',#10793,#2349);
#1328=LINE('',#10794,#2350);
#1329=LINE('',#10797,#2351);
#1330=LINE('',#10799,#2352);
#1331=LINE('',#10800,#2353);
#1332=LINE('',#10803,#2354);
#1333=LINE('',#10805,#2355);
#1334=LINE('',#10806,#2356);
#1335=LINE('',#10810,#2357);
#1336=LINE('',#10812,#2358);
#1337=LINE('',#10814,#2359);
#1338=LINE('',#10815,#2360);
#1339=LINE('',#10818,#2361);
#1340=LINE('',#10820,#2362);
#1341=LINE('',#10821,#2363);
#1342=LINE('',#10824,#2364);
#1343=LINE('',#10826,#2365);
#1344=LINE('',#10827,#2366);
#1345=LINE('',#10831,#2367);
#1346=LINE('',#10833,#2368);
#1347=LINE('',#10835,#2369);
#1348=LINE('',#10836,#2370);
#1349=LINE('',#10839,#2371);
#1350=LINE('',#10841,#2372);
#1351=LINE('',#10842,#2373);
#1352=LINE('',#10845,#2374);
#1353=LINE('',#10847,#2375);
#1354=LINE('',#10848,#2376);
#1355=LINE('',#10852,#2377);
#1356=LINE('',#10854,#2378);
#1357=LINE('',#10856,#2379);
#1358=LINE('',#10857,#2380);
#1359=LINE('',#10860,#2381);
#1360=LINE('',#10862,#2382);
#1361=LINE('',#10863,#2383);
#1362=LINE('',#10866,#2384);
#1363=LINE('',#10868,#2385);
#1364=LINE('',#10869,#2386);
#1365=LINE('',#10873,#2387);
#1366=LINE('',#10875,#2388);
#1367=LINE('',#10877,#2389);
#1368=LINE('',#10878,#2390);
#1369=LINE('',#10881,#2391);
#1370=LINE('',#10883,#2392);
#1371=LINE('',#10884,#2393);
#1372=LINE('',#10887,#2394);
#1373=LINE('',#10889,#2395);
#1374=LINE('',#10890,#2396);
#1375=LINE('',#10894,#2397);
#1376=LINE('',#10896,#2398);
#1377=LINE('',#10898,#2399);
#1378=LINE('',#10899,#2400);
#1379=LINE('',#10902,#2401);
#1380=LINE('',#10904,#2402);
#1381=LINE('',#10905,#2403);
#1382=LINE('',#10908,#2404);
#1383=LINE('',#10910,#2405);
#1384=LINE('',#10911,#2406);
#1385=LINE('',#10915,#2407);
#1386=LINE('',#10917,#2408);
#1387=LINE('',#10919,#2409);
#1388=LINE('',#10920,#2410);
#1389=LINE('',#10923,#2411);
#1390=LINE('',#10925,#2412);
#1391=LINE('',#10926,#2413);
#1392=LINE('',#10929,#2414);
#1393=LINE('',#10931,#2415);
#1394=LINE('',#10932,#2416);
#1395=LINE('',#10936,#2417);
#1396=LINE('',#10938,#2418);
#1397=LINE('',#10940,#2419);
#1398=LINE('',#10941,#2420);
#1399=LINE('',#10944,#2421);
#1400=LINE('',#10946,#2422);
#1401=LINE('',#10947,#2423);
#1402=LINE('',#10950,#2424);
#1403=LINE('',#10952,#2425);
#1404=LINE('',#10953,#2426);
#1405=LINE('',#10957,#2427);
#1406=LINE('',#10959,#2428);
#1407=LINE('',#10961,#2429);
#1408=LINE('',#10962,#2430);
#1409=LINE('',#10965,#2431);
#1410=LINE('',#10967,#2432);
#1411=LINE('',#10968,#2433);
#1412=LINE('',#10971,#2434);
#1413=LINE('',#10973,#2435);
#1414=LINE('',#10974,#2436);
#1415=LINE('',#10978,#2437);
#1416=LINE('',#10980,#2438);
#1417=LINE('',#10982,#2439);
#1418=LINE('',#10983,#2440);
#1419=LINE('',#10986,#2441);
#1420=LINE('',#10988,#2442);
#1421=LINE('',#10989,#2443);
#1422=LINE('',#10992,#2444);
#1423=LINE('',#10994,#2445);
#1424=LINE('',#10995,#2446);
#1425=LINE('',#10999,#2447);
#1426=LINE('',#11001,#2448);
#1427=LINE('',#11003,#2449);
#1428=LINE('',#11004,#2450);
#1429=LINE('',#11007,#2451);
#1430=LINE('',#11009,#2452);
#1431=LINE('',#11010,#2453);
#1432=LINE('',#11013,#2454);
#1433=LINE('',#11015,#2455);
#1434=LINE('',#11016,#2456);
#1435=LINE('',#11020,#2457);
#1436=LINE('',#11022,#2458);
#1437=LINE('',#11024,#2459);
#1438=LINE('',#11025,#2460);
#1439=LINE('',#11028,#2461);
#1440=LINE('',#11030,#2462);
#1441=LINE('',#11031,#2463);
#1442=LINE('',#11034,#2464);
#1443=LINE('',#11036,#2465);
#1444=LINE('',#11037,#2466);
#1445=LINE('',#11041,#2467);
#1446=LINE('',#11043,#2468);
#1447=LINE('',#11045,#2469);
#1448=LINE('',#11046,#2470);
#1449=LINE('',#11049,#2471);
#1450=LINE('',#11051,#2472);
#1451=LINE('',#11052,#2473);
#1452=LINE('',#11055,#2474);
#1453=LINE('',#11057,#2475);
#1454=LINE('',#11058,#2476);
#1455=LINE('',#11062,#2477);
#1456=LINE('',#11064,#2478);
#1457=LINE('',#11066,#2479);
#1458=LINE('',#11067,#2480);
#1459=LINE('',#11070,#2481);
#1460=LINE('',#11072,#2482);
#1461=LINE('',#11073,#2483);
#1462=LINE('',#11076,#2484);
#1463=LINE('',#11078,#2485);
#1464=LINE('',#11079,#2486);
#1465=LINE('',#11083,#2487);
#1466=LINE('',#11085,#2488);
#1467=LINE('',#11087,#2489);
#1468=LINE('',#11088,#2490);
#1469=LINE('',#11091,#2491);
#1470=LINE('',#11093,#2492);
#1471=LINE('',#11094,#2493);
#1472=LINE('',#11097,#2494);
#1473=LINE('',#11099,#2495);
#1474=LINE('',#11100,#2496);
#1475=LINE('',#11104,#2497);
#1476=LINE('',#11106,#2498);
#1477=LINE('',#11108,#2499);
#1478=LINE('',#11109,#2500);
#1479=LINE('',#11112,#2501);
#1480=LINE('',#11114,#2502);
#1481=LINE('',#11115,#2503);
#1482=LINE('',#11118,#2504);
#1483=LINE('',#11120,#2505);
#1484=LINE('',#11121,#2506);
#1485=LINE('',#11125,#2507);
#1486=LINE('',#11127,#2508);
#1487=LINE('',#11129,#2509);
#1488=LINE('',#11130,#2510);
#1489=LINE('',#11133,#2511);
#1490=LINE('',#11135,#2512);
#1491=LINE('',#11136,#2513);
#1492=LINE('',#11139,#2514);
#1493=LINE('',#11141,#2515);
#1494=LINE('',#11142,#2516);
#1495=LINE('',#11146,#2517);
#1496=LINE('',#11148,#2518);
#1497=LINE('',#11150,#2519);
#1498=LINE('',#11151,#2520);
#1499=LINE('',#11154,#2521);
#1500=LINE('',#11156,#2522);
#1501=LINE('',#11157,#2523);
#1502=LINE('',#11160,#2524);
#1503=LINE('',#11162,#2525);
#1504=LINE('',#11163,#2526);
#1505=LINE('',#11167,#2527);
#1506=LINE('',#11169,#2528);
#1507=LINE('',#11171,#2529);
#1508=LINE('',#11172,#2530);
#1509=LINE('',#11175,#2531);
#1510=LINE('',#11177,#2532);
#1511=LINE('',#11178,#2533);
#1512=LINE('',#11181,#2534);
#1513=LINE('',#11183,#2535);
#1514=LINE('',#11184,#2536);
#1515=LINE('',#11188,#2537);
#1516=LINE('',#11190,#2538);
#1517=LINE('',#11192,#2539);
#1518=LINE('',#11193,#2540);
#1519=LINE('',#11196,#2541);
#1520=LINE('',#11198,#2542);
#1521=LINE('',#11199,#2543);
#1522=LINE('',#11202,#2544);
#1523=LINE('',#11204,#2545);
#1524=LINE('',#11205,#2546);
#1525=LINE('',#11209,#2547);
#1526=LINE('',#11211,#2548);
#1527=LINE('',#11213,#2549);
#1528=LINE('',#11214,#2550);
#1529=LINE('',#11217,#2551);
#1530=LINE('',#11219,#2552);
#1531=LINE('',#11220,#2553);
#1532=LINE('',#11223,#2554);
#1533=LINE('',#11225,#2555);
#1534=LINE('',#11226,#2556);
#1535=LINE('',#11230,#2557);
#1536=LINE('',#11232,#2558);
#1537=LINE('',#11234,#2559);
#1538=LINE('',#11235,#2560);
#1539=LINE('',#11238,#2561);
#1540=LINE('',#11240,#2562);
#1541=LINE('',#11241,#2563);
#1542=LINE('',#11244,#2564);
#1543=LINE('',#11246,#2565);
#1544=LINE('',#11247,#2566);
#1545=LINE('',#11251,#2567);
#1546=LINE('',#11253,#2568);
#1547=LINE('',#11255,#2569);
#1548=LINE('',#11256,#2570);
#1549=LINE('',#11259,#2571);
#1550=LINE('',#11261,#2572);
#1551=LINE('',#11262,#2573);
#1552=LINE('',#11265,#2574);
#1553=LINE('',#11267,#2575);
#1554=LINE('',#11268,#2576);
#1555=LINE('',#11271,#2577);
#1556=LINE('',#11273,#2578);
#1557=LINE('',#11274,#2579);
#1558=LINE('',#11275,#2580);
#1559=LINE('',#11276,#2581);
#1560=LINE('',#11277,#2582);
#1561=LINE('',#11278,#2583);
#1562=LINE('',#11279,#2584);
#1563=LINE('',#11280,#2585);
#1564=LINE('',#11281,#2586);
#1565=LINE('',#11282,#2587);
#1566=LINE('',#11283,#2588);
#1567=LINE('',#11284,#2589);
#1568=LINE('',#11285,#2590);
#1569=LINE('',#11286,#2591);
#1570=LINE('',#11287,#2592);
#1571=LINE('',#11288,#2593);
#1572=LINE('',#11289,#2594);
#1573=LINE('',#11290,#2595);
#1574=LINE('',#11291,#2596);
#1575=LINE('',#11292,#2597);
#1576=LINE('',#11293,#2598);
#1577=LINE('',#11295,#2599);
#1578=LINE('',#11297,#2600);
#1579=LINE('',#11298,#2601);
#1580=LINE('',#11299,#2602);
#1581=LINE('',#11300,#2603);
#1582=LINE('',#11301,#2604);
#1583=LINE('',#11302,#2605);
#1584=LINE('',#11303,#2606);
#1585=LINE('',#11304,#2607);
#1586=LINE('',#11305,#2608);
#1587=LINE('',#11306,#2609);
#1588=LINE('',#11307,#2610);
#1589=LINE('',#11308,#2611);
#1590=LINE('',#11309,#2612);
#1591=LINE('',#11310,#2613);
#1592=LINE('',#11311,#2614);
#1593=LINE('',#11312,#2615);
#1594=LINE('',#11313,#2616);
#1595=LINE('',#11314,#2617);
#1596=LINE('',#11315,#2618);
#1597=LINE('',#11316,#2619);
#1598=LINE('',#11317,#2620);
#1599=LINE('',#11319,#2621);
#1600=LINE('',#11322,#2622);
#1601=LINE('',#11324,#2623);
#1602=LINE('',#11326,#2624);
#1603=LINE('',#11327,#2625);
#1604=LINE('',#11329,#2626);
#1605=LINE('',#11332,#2627);
#1606=LINE('',#11334,#2628);
#1607=LINE('',#11336,#2629);
#1608=LINE('',#11337,#2630);
#1609=LINE('',#11339,#2631);
#1610=LINE('',#11342,#2632);
#1611=LINE('',#11344,#2633);
#1612=LINE('',#11346,#2634);
#1613=LINE('',#11347,#2635);
#1614=LINE('',#11349,#2636);
#1615=LINE('',#11352,#2637);
#1616=LINE('',#11354,#2638);
#1617=LINE('',#11356,#2639);
#1618=LINE('',#11357,#2640);
#1619=LINE('',#11359,#2641);
#1620=LINE('',#11362,#2642);
#1621=LINE('',#11364,#2643);
#1622=LINE('',#11366,#2644);
#1623=LINE('',#11367,#2645);
#1624=LINE('',#11369,#2646);
#1625=LINE('',#11372,#2647);
#1626=LINE('',#11374,#2648);
#1627=LINE('',#11376,#2649);
#1628=LINE('',#11377,#2650);
#1629=LINE('',#11379,#2651);
#1630=LINE('',#11382,#2652);
#1631=LINE('',#11384,#2653);
#1632=LINE('',#11386,#2654);
#1633=LINE('',#11387,#2655);
#1634=LINE('',#11389,#2656);
#1635=LINE('',#11392,#2657);
#1636=LINE('',#11394,#2658);
#1637=LINE('',#11396,#2659);
#1638=LINE('',#11397,#2660);
#1639=LINE('',#11399,#2661);
#1640=LINE('',#11402,#2662);
#1641=LINE('',#11404,#2663);
#1642=LINE('',#11406,#2664);
#1643=LINE('',#11407,#2665);
#1644=LINE('',#11409,#2666);
#1645=LINE('',#11412,#2667);
#1646=LINE('',#11414,#2668);
#1647=LINE('',#11416,#2669);
#1648=LINE('',#11417,#2670);
#1649=LINE('',#11419,#2671);
#1650=LINE('',#11422,#2672);
#1651=LINE('',#11424,#2673);
#1652=LINE('',#11426,#2674);
#1653=LINE('',#11427,#2675);
#1654=LINE('',#11429,#2676);
#1655=LINE('',#11432,#2677);
#1656=LINE('',#11434,#2678);
#1657=LINE('',#11436,#2679);
#1658=LINE('',#11437,#2680);
#1659=LINE('',#11439,#2681);
#1660=LINE('',#11442,#2682);
#1661=LINE('',#11444,#2683);
#1662=LINE('',#11446,#2684);
#1663=LINE('',#11447,#2685);
#1664=LINE('',#11449,#2686);
#1665=LINE('',#11452,#2687);
#1666=LINE('',#11454,#2688);
#1667=LINE('',#11456,#2689);
#1668=LINE('',#11457,#2690);
#1669=LINE('',#11459,#2691);
#1670=LINE('',#11462,#2692);
#1671=LINE('',#11464,#2693);
#1672=LINE('',#11466,#2694);
#1673=LINE('',#11467,#2695);
#1674=LINE('',#11469,#2696);
#1675=LINE('',#11472,#2697);
#1676=LINE('',#11474,#2698);
#1677=LINE('',#11476,#2699);
#1678=LINE('',#11477,#2700);
#1679=LINE('',#11479,#2701);
#1680=LINE('',#11482,#2702);
#1681=LINE('',#11484,#2703);
#1682=LINE('',#11486,#2704);
#1683=LINE('',#11487,#2705);
#1684=LINE('',#11489,#2706);
#1685=LINE('',#11492,#2707);
#1686=LINE('',#11494,#2708);
#1687=LINE('',#11496,#2709);
#1688=LINE('',#11497,#2710);
#1689=LINE('',#11499,#2711);
#1690=LINE('',#11502,#2712);
#1691=LINE('',#11504,#2713);
#1692=LINE('',#11506,#2714);
#1693=LINE('',#11507,#2715);
#1694=LINE('',#11509,#2716);
#1695=LINE('',#11512,#2717);
#1696=LINE('',#11514,#2718);
#1697=LINE('',#11516,#2719);
#1698=LINE('',#11517,#2720);
#1699=LINE('',#11519,#2721);
#1700=LINE('',#11522,#2722);
#1701=LINE('',#11524,#2723);
#1702=LINE('',#11526,#2724);
#1703=LINE('',#11527,#2725);
#1704=LINE('',#11529,#2726);
#1705=LINE('',#11532,#2727);
#1706=LINE('',#11534,#2728);
#1707=LINE('',#11536,#2729);
#1708=LINE('',#11537,#2730);
#1709=LINE('',#11539,#2731);
#1710=LINE('',#11542,#2732);
#1711=LINE('',#11544,#2733);
#1712=LINE('',#11546,#2734);
#1713=LINE('',#11547,#2735);
#1714=LINE('',#11549,#2736);
#1715=LINE('',#11552,#2737);
#1716=LINE('',#11554,#2738);
#1717=LINE('',#11556,#2739);
#1718=LINE('',#11557,#2740);
#1719=LINE('',#11559,#2741);
#1720=LINE('',#11562,#2742);
#1721=LINE('',#11564,#2743);
#1722=LINE('',#11566,#2744);
#1723=LINE('',#11567,#2745);
#1724=LINE('',#11569,#2746);
#1725=LINE('',#11572,#2747);
#1726=LINE('',#11574,#2748);
#1727=LINE('',#11576,#2749);
#1728=LINE('',#11577,#2750);
#1729=LINE('',#11579,#2751);
#1730=LINE('',#11582,#2752);
#1731=LINE('',#11584,#2753);
#1732=LINE('',#11586,#2754);
#1733=LINE('',#11587,#2755);
#1734=LINE('',#11589,#2756);
#1735=LINE('',#11592,#2757);
#1736=LINE('',#11594,#2758);
#1737=LINE('',#11596,#2759);
#1738=LINE('',#11597,#2760);
#1739=LINE('',#11599,#2761);
#1740=LINE('',#11602,#2762);
#1741=LINE('',#11604,#2763);
#1742=LINE('',#11606,#2764);
#1743=LINE('',#11607,#2765);
#1744=LINE('',#11609,#2766);
#1745=LINE('',#11612,#2767);
#1746=LINE('',#11614,#2768);
#1747=LINE('',#11616,#2769);
#1748=LINE('',#11617,#2770);
#1749=LINE('',#11619,#2771);
#1750=LINE('',#11622,#2772);
#1751=LINE('',#11624,#2773);
#1752=LINE('',#11626,#2774);
#1753=LINE('',#11627,#2775);
#1754=LINE('',#11629,#2776);
#1755=LINE('',#11632,#2777);
#1756=LINE('',#11634,#2778);
#1757=LINE('',#11636,#2779);
#1758=LINE('',#11637,#2780);
#1759=LINE('',#11639,#2781);
#1760=LINE('',#11642,#2782);
#1761=LINE('',#11644,#2783);
#1762=LINE('',#11646,#2784);
#1763=LINE('',#11647,#2785);
#1764=LINE('',#11649,#2786);
#1765=LINE('',#11652,#2787);
#1766=LINE('',#11654,#2788);
#1767=LINE('',#11656,#2789);
#1768=LINE('',#11657,#2790);
#1769=LINE('',#11659,#2791);
#1770=LINE('',#11662,#2792);
#1771=LINE('',#11664,#2793);
#1772=LINE('',#11666,#2794);
#1773=LINE('',#11667,#2795);
#1774=LINE('',#11669,#2796);
#1775=LINE('',#11672,#2797);
#1776=LINE('',#11674,#2798);
#1777=LINE('',#11676,#2799);
#1778=LINE('',#11677,#2800);
#1779=LINE('',#11679,#2801);
#1780=LINE('',#11682,#2802);
#1781=LINE('',#11684,#2803);
#1782=LINE('',#11686,#2804);
#1783=LINE('',#11687,#2805);
#1784=LINE('',#11689,#2806);
#1785=LINE('',#11692,#2807);
#1786=LINE('',#11694,#2808);
#1787=LINE('',#11696,#2809);
#1788=LINE('',#11697,#2810);
#1789=LINE('',#11699,#2811);
#1790=LINE('',#11702,#2812);
#1791=LINE('',#11704,#2813);
#1792=LINE('',#11706,#2814);
#1793=LINE('',#11707,#2815);
#1794=LINE('',#11709,#2816);
#1795=LINE('',#11712,#2817);
#1796=LINE('',#11714,#2818);
#1797=LINE('',#11716,#2819);
#1798=LINE('',#11717,#2820);
#1799=LINE('',#11721,#2821);
#1800=LINE('',#11722,#2822);
#1801=LINE('',#11723,#2823);
#1802=LINE('',#11726,#2824);
#1803=LINE('',#11727,#2825);
#1804=LINE('',#11730,#2826);
#1805=LINE('',#11731,#2827);
#1806=LINE('',#11733,#2828);
#1807=LINE('',#11737,#2829);
#1808=LINE('',#11738,#2830);
#1809=LINE('',#11739,#2831);
#1810=LINE('',#11742,#2832);
#1811=LINE('',#11743,#2833);
#1812=LINE('',#11746,#2834);
#1813=LINE('',#11747,#2835);
#1814=LINE('',#11749,#2836);
#1815=LINE('',#11753,#2837);
#1816=LINE('',#11754,#2838);
#1817=LINE('',#11755,#2839);
#1818=LINE('',#11758,#2840);
#1819=LINE('',#11759,#2841);
#1820=LINE('',#11762,#2842);
#1821=LINE('',#11763,#2843);
#1822=LINE('',#11765,#2844);
#1823=LINE('',#11769,#2845);
#1824=LINE('',#11770,#2846);
#1825=LINE('',#11771,#2847);
#1826=LINE('',#11774,#2848);
#1827=LINE('',#11775,#2849);
#1828=LINE('',#11778,#2850);
#1829=LINE('',#11779,#2851);
#1830=LINE('',#11781,#2852);
#1831=LINE('',#11785,#2853);
#1832=LINE('',#11786,#2854);
#1833=LINE('',#11787,#2855);
#1834=LINE('',#11790,#2856);
#1835=LINE('',#11791,#2857);
#1836=LINE('',#11794,#2858);
#1837=LINE('',#11795,#2859);
#1838=LINE('',#11797,#2860);
#1839=LINE('',#11801,#2861);
#1840=LINE('',#11802,#2862);
#1841=LINE('',#11803,#2863);
#1842=LINE('',#11806,#2864);
#1843=LINE('',#11807,#2865);
#1844=LINE('',#11810,#2866);
#1845=LINE('',#11811,#2867);
#1846=LINE('',#11813,#2868);
#1847=LINE('',#11817,#2869);
#1848=LINE('',#11818,#2870);
#1849=LINE('',#11819,#2871);
#1850=LINE('',#11822,#2872);
#1851=LINE('',#11823,#2873);
#1852=LINE('',#11826,#2874);
#1853=LINE('',#11827,#2875);
#1854=LINE('',#11829,#2876);
#1855=LINE('',#11833,#2877);
#1856=LINE('',#11834,#2878);
#1857=LINE('',#11835,#2879);
#1858=LINE('',#11838,#2880);
#1859=LINE('',#11839,#2881);
#1860=LINE('',#11842,#2882);
#1861=LINE('',#11843,#2883);
#1862=LINE('',#11845,#2884);
#1863=LINE('',#11849,#2885);
#1864=LINE('',#11850,#2886);
#1865=LINE('',#11851,#2887);
#1866=LINE('',#11854,#2888);
#1867=LINE('',#11855,#2889);
#1868=LINE('',#11858,#2890);
#1869=LINE('',#11859,#2891);
#1870=LINE('',#11861,#2892);
#1871=LINE('',#11865,#2893);
#1872=LINE('',#11866,#2894);
#1873=LINE('',#11867,#2895);
#1874=LINE('',#11870,#2896);
#1875=LINE('',#11871,#2897);
#1876=LINE('',#11874,#2898);
#1877=LINE('',#11875,#2899);
#1878=LINE('',#11877,#2900);
#1879=LINE('',#11881,#2901);
#1880=LINE('',#11882,#2902);
#1881=LINE('',#11883,#2903);
#1882=LINE('',#11886,#2904);
#1883=LINE('',#11887,#2905);
#1884=LINE('',#11890,#2906);
#1885=LINE('',#11891,#2907);
#1886=LINE('',#11893,#2908);
#1887=LINE('',#11897,#2909);
#1888=LINE('',#11898,#2910);
#1889=LINE('',#11899,#2911);
#1890=LINE('',#11902,#2912);
#1891=LINE('',#11903,#2913);
#1892=LINE('',#11906,#2914);
#1893=LINE('',#11907,#2915);
#1894=LINE('',#11909,#2916);
#1895=LINE('',#11913,#2917);
#1896=LINE('',#11914,#2918);
#1897=LINE('',#11915,#2919);
#1898=LINE('',#11918,#2920);
#1899=LINE('',#11919,#2921);
#1900=LINE('',#11922,#2922);
#1901=LINE('',#11923,#2923);
#1902=LINE('',#11925,#2924);
#1903=LINE('',#11929,#2925);
#1904=LINE('',#11930,#2926);
#1905=LINE('',#11931,#2927);
#1906=LINE('',#11934,#2928);
#1907=LINE('',#11935,#2929);
#1908=LINE('',#11938,#2930);
#1909=LINE('',#11939,#2931);
#1910=LINE('',#11941,#2932);
#1911=LINE('',#11945,#2933);
#1912=LINE('',#11946,#2934);
#1913=LINE('',#11947,#2935);
#1914=LINE('',#11950,#2936);
#1915=LINE('',#11951,#2937);
#1916=LINE('',#11954,#2938);
#1917=LINE('',#11955,#2939);
#1918=LINE('',#11957,#2940);
#1919=LINE('',#11961,#2941);
#1920=LINE('',#11962,#2942);
#1921=LINE('',#11963,#2943);
#1922=LINE('',#11966,#2944);
#1923=LINE('',#11967,#2945);
#1924=LINE('',#11970,#2946);
#1925=LINE('',#11971,#2947);
#1926=LINE('',#11973,#2948);
#1927=LINE('',#11977,#2949);
#1928=LINE('',#11978,#2950);
#1929=LINE('',#11979,#2951);
#1930=LINE('',#11982,#2952);
#1931=LINE('',#11983,#2953);
#1932=LINE('',#11986,#2954);
#1933=LINE('',#11987,#2955);
#1934=LINE('',#11989,#2956);
#1935=LINE('',#11993,#2957);
#1936=LINE('',#11994,#2958);
#1937=LINE('',#11995,#2959);
#1938=LINE('',#11998,#2960);
#1939=LINE('',#11999,#2961);
#1940=LINE('',#12002,#2962);
#1941=LINE('',#12003,#2963);
#1942=LINE('',#12005,#2964);
#1943=LINE('',#12009,#2965);
#1944=LINE('',#12010,#2966);
#1945=LINE('',#12011,#2967);
#1946=LINE('',#12014,#2968);
#1947=LINE('',#12015,#2969);
#1948=LINE('',#12018,#2970);
#1949=LINE('',#12019,#2971);
#1950=LINE('',#12021,#2972);
#1951=LINE('',#12025,#2973);
#1952=LINE('',#12026,#2974);
#1953=LINE('',#12027,#2975);
#1954=LINE('',#12030,#2976);
#1955=LINE('',#12031,#2977);
#1956=LINE('',#12034,#2978);
#1957=LINE('',#12035,#2979);
#1958=LINE('',#12037,#2980);
#1959=LINE('',#12041,#2981);
#1960=LINE('',#12042,#2982);
#1961=LINE('',#12043,#2983);
#1962=LINE('',#12046,#2984);
#1963=LINE('',#12047,#2985);
#1964=LINE('',#12050,#2986);
#1965=LINE('',#12051,#2987);
#1966=LINE('',#12053,#2988);
#1967=LINE('',#12057,#2989);
#1968=LINE('',#12058,#2990);
#1969=LINE('',#12059,#2991);
#1970=LINE('',#12062,#2992);
#1971=LINE('',#12063,#2993);
#1972=LINE('',#12066,#2994);
#1973=LINE('',#12067,#2995);
#1974=LINE('',#12069,#2996);
#1975=LINE('',#12073,#2997);
#1976=LINE('',#12074,#2998);
#1977=LINE('',#12075,#2999);
#1978=LINE('',#12078,#3000);
#1979=LINE('',#12079,#3001);
#1980=LINE('',#12082,#3002);
#1981=LINE('',#12083,#3003);
#1982=LINE('',#12085,#3004);
#1983=LINE('',#12089,#3005);
#1984=LINE('',#12090,#3006);
#1985=LINE('',#12091,#3007);
#1986=LINE('',#12094,#3008);
#1987=LINE('',#12095,#3009);
#1988=LINE('',#12098,#3010);
#1989=LINE('',#12099,#3011);
#1990=LINE('',#12101,#3012);
#1991=LINE('',#12105,#3013);
#1992=LINE('',#12106,#3014);
#1993=LINE('',#12107,#3015);
#1994=LINE('',#12110,#3016);
#1995=LINE('',#12111,#3017);
#1996=LINE('',#12114,#3018);
#1997=LINE('',#12115,#3019);
#1998=LINE('',#12117,#3020);
#1999=LINE('',#12121,#3021);
#2000=LINE('',#12122,#3022);
#2001=LINE('',#12123,#3023);
#2002=LINE('',#12126,#3024);
#2003=LINE('',#12127,#3025);
#2004=LINE('',#12130,#3026);
#2005=LINE('',#12131,#3027);
#2006=LINE('',#12133,#3028);
#2007=LINE('',#12137,#3029);
#2008=LINE('',#12138,#3030);
#2009=LINE('',#12139,#3031);
#2010=LINE('',#12142,#3032);
#2011=LINE('',#12143,#3033);
#2012=LINE('',#12146,#3034);
#2013=LINE('',#12147,#3035);
#2014=LINE('',#12149,#3036);
#2015=LINE('',#12153,#3037);
#2016=LINE('',#12154,#3038);
#2017=LINE('',#12155,#3039);
#2018=LINE('',#12158,#3040);
#2019=LINE('',#12159,#3041);
#2020=LINE('',#12162,#3042);
#2021=LINE('',#12163,#3043);
#2022=LINE('',#12165,#3044);
#2023=LINE('',#12169,#3045);
#2024=LINE('',#12170,#3046);
#2025=LINE('',#12171,#3047);
#2026=LINE('',#12174,#3048);
#2027=LINE('',#12175,#3049);
#2028=LINE('',#12178,#3050);
#2029=LINE('',#12179,#3051);
#2030=LINE('',#12181,#3052);
#2031=LINE('',#12185,#3053);
#2032=LINE('',#12186,#3054);
#2033=LINE('',#12187,#3055);
#2034=LINE('',#12190,#3056);
#2035=LINE('',#12191,#3057);
#2036=LINE('',#12194,#3058);
#2037=LINE('',#12195,#3059);
#2038=LINE('',#12197,#3060);
#2039=LINE('',#12201,#3061);
#2040=LINE('',#12202,#3062);
#2041=LINE('',#12203,#3063);
#2042=LINE('',#12206,#3064);
#2043=LINE('',#12207,#3065);
#2044=LINE('',#12210,#3066);
#2045=LINE('',#12211,#3067);
#2046=LINE('',#12213,#3068);
#2047=LINE('',#12217,#3069);
#2048=LINE('',#12218,#3070);
#2049=LINE('',#12219,#3071);
#2050=LINE('',#12222,#3072);
#2051=LINE('',#12223,#3073);
#2052=LINE('',#12226,#3074);
#2053=LINE('',#12227,#3075);
#2054=LINE('',#12229,#3076);
#2055=LINE('',#12233,#3077);
#2056=LINE('',#12234,#3078);
#2057=LINE('',#12235,#3079);
#2058=LINE('',#12238,#3080);
#2059=LINE('',#12239,#3081);
#2060=LINE('',#12242,#3082);
#2061=LINE('',#12243,#3083);
#2062=LINE('',#12245,#3084);
#2063=LINE('',#12249,#3085);
#2064=LINE('',#12250,#3086);
#2065=LINE('',#12251,#3087);
#2066=LINE('',#12254,#3088);
#2067=LINE('',#12255,#3089);
#2068=LINE('',#12258,#3090);
#2069=LINE('',#12259,#3091);
#2070=LINE('',#12261,#3092);
#2071=LINE('',#12265,#3093);
#2072=LINE('',#12266,#3094);
#2073=LINE('',#12267,#3095);
#2074=LINE('',#12270,#3096);
#2075=LINE('',#12271,#3097);
#2076=LINE('',#12274,#3098);
#2077=LINE('',#12275,#3099);
#2078=LINE('',#12277,#3100);
#2079=LINE('',#12281,#3101);
#2080=LINE('',#12282,#3102);
#2081=LINE('',#12283,#3103);
#2082=LINE('',#12286,#3104);
#2083=LINE('',#12287,#3105);
#2084=LINE('',#12290,#3106);
#2085=LINE('',#12291,#3107);
#2086=LINE('',#12293,#3108);
#2087=LINE('',#12297,#3109);
#2088=LINE('',#12298,#3110);
#2089=LINE('',#12299,#3111);
#2090=LINE('',#12302,#3112);
#2091=LINE('',#12303,#3113);
#2092=LINE('',#12306,#3114);
#2093=LINE('',#12307,#3115);
#2094=LINE('',#12309,#3116);
#2095=LINE('',#12313,#3117);
#2096=LINE('',#12314,#3118);
#2097=LINE('',#12315,#3119);
#2098=LINE('',#12318,#3120);
#2099=LINE('',#12319,#3121);
#2100=LINE('',#12322,#3122);
#2101=LINE('',#12323,#3123);
#2102=LINE('',#12325,#3124);
#2103=LINE('',#12329,#3125);
#2104=LINE('',#12330,#3126);
#2105=LINE('',#12331,#3127);
#2106=LINE('',#12334,#3128);
#2107=LINE('',#12335,#3129);
#2108=LINE('',#12338,#3130);
#2109=LINE('',#12339,#3131);
#2110=LINE('',#12341,#3132);
#2111=LINE('',#12345,#3133);
#2112=LINE('',#12346,#3134);
#2113=LINE('',#12347,#3135);
#2114=LINE('',#12350,#3136);
#2115=LINE('',#12351,#3137);
#2116=LINE('',#12354,#3138);
#2117=LINE('',#12355,#3139);
#2118=LINE('',#12357,#3140);
#2119=LINE('',#12361,#3141);
#2120=LINE('',#12362,#3142);
#2121=LINE('',#12363,#3143);
#2122=LINE('',#12366,#3144);
#2123=LINE('',#12367,#3145);
#2124=LINE('',#12370,#3146);
#2125=LINE('',#12371,#3147);
#2126=LINE('',#12373,#3148);
#2127=LINE('',#12379,#3149);
#2128=LINE('',#12404,#3150);
#2129=LINE('',#12428,#3151);
#2130=LINE('',#12453,#3152);
#2131=LINE('',#12478,#3153);
#2132=LINE('',#13304,#3154);
#2133=LINE('',#13309,#3155);
#2134=LINE('',#13319,#3156);
#2135=LINE('',#13345,#3157);
#2136=LINE('',#13369,#3158);
#2137=LINE('',#13394,#3159);
#2138=LINE('',#13418,#3160);
#2139=LINE('',#13443,#3161);
#2140=LINE('',#14655,#3162);
#2141=LINE('',#14664,#3163);
#2142=LINE('',#14669,#3164);
#2143=LINE('',#14674,#3165);
#2144=LINE('',#14681,#3166);
#2145=LINE('',#14688,#3167);
#2146=LINE('',#14691,#3168);
#2147=LINE('',#14694,#3169);
#2148=LINE('',#14696,#3170);
#2149=LINE('',#14697,#3171);
#2150=LINE('',#14703,#3172);
#2151=LINE('',#14706,#3173);
#2152=LINE('',#14711,#3174);
#2153=LINE('',#14715,#3175);
#2154=LINE('',#14717,#3176);
#2155=LINE('',#14718,#3177);
#2156=LINE('',#14730,#3178);
#2157=LINE('',#14734,#3179);
#2158=LINE('',#14739,#3180);
#2159=LINE('',#14752,#3181);
#2160=LINE('',#14757,#3182);
#2161=LINE('',#14762,#3183);
#2162=LINE('',#14769,#3184);
#2163=LINE('',#14776,#3185);
#2164=LINE('',#14779,#3186);
#2165=LINE('',#14782,#3187);
#2166=LINE('',#14784,#3188);
#2167=LINE('',#14785,#3189);
#2168=LINE('',#14791,#3190);
#2169=LINE('',#14794,#3191);
#2170=LINE('',#14799,#3192);
#2171=LINE('',#14803,#3193);
#2172=LINE('',#14805,#3194);
#2173=LINE('',#14806,#3195);
#2174=LINE('',#14819,#3196);
#2175=LINE('',#14823,#3197);
#2176=LINE('',#14827,#3198);
#2177=VECTOR('',#8515,10.);
#2178=VECTOR('',#8516,10.);
#2179=VECTOR('',#8517,10.);
#2180=VECTOR('',#8518,10.);
#2181=VECTOR('',#8521,10.);
#2182=VECTOR('',#8522,10.);
#2183=VECTOR('',#8523,10.);
#2184=VECTOR('',#8526,10.);
#2185=VECTOR('',#8527,10.);
#2186=VECTOR('',#8528,10.);
#2187=VECTOR('',#8531,10.);
#2188=VECTOR('',#8532,10.);
#2189=VECTOR('',#8533,10.);
#2190=VECTOR('',#8534,10.);
#2191=VECTOR('',#8537,10.);
#2192=VECTOR('',#8538,10.);
#2193=VECTOR('',#8539,10.);
#2194=VECTOR('',#8542,10.);
#2195=VECTOR('',#8543,10.);
#2196=VECTOR('',#8544,10.);
#2197=VECTOR('',#8547,10.);
#2198=VECTOR('',#8548,10.);
#2199=VECTOR('',#8549,10.);
#2200=VECTOR('',#8550,10.);
#2201=VECTOR('',#8553,10.);
#2202=VECTOR('',#8554,10.);
#2203=VECTOR('',#8555,10.);
#2204=VECTOR('',#8558,10.);
#2205=VECTOR('',#8559,10.);
#2206=VECTOR('',#8560,10.);
#2207=VECTOR('',#8563,10.);
#2208=VECTOR('',#8564,10.);
#2209=VECTOR('',#8565,10.);
#2210=VECTOR('',#8566,10.);
#2211=VECTOR('',#8569,10.);
#2212=VECTOR('',#8570,10.);
#2213=VECTOR('',#8571,10.);
#2214=VECTOR('',#8574,10.);
#2215=VECTOR('',#8575,10.);
#2216=VECTOR('',#8576,10.);
#2217=VECTOR('',#8579,10.);
#2218=VECTOR('',#8580,10.);
#2219=VECTOR('',#8581,10.);
#2220=VECTOR('',#8582,10.);
#2221=VECTOR('',#8585,10.);
#2222=VECTOR('',#8586,10.);
#2223=VECTOR('',#8587,10.);
#2224=VECTOR('',#8590,10.);
#2225=VECTOR('',#8591,10.);
#2226=VECTOR('',#8592,10.);
#2227=VECTOR('',#8595,10.);
#2228=VECTOR('',#8596,10.);
#2229=VECTOR('',#8597,10.);
#2230=VECTOR('',#8598,10.);
#2231=VECTOR('',#8601,10.);
#2232=VECTOR('',#8602,10.);
#2233=VECTOR('',#8603,10.);
#2234=VECTOR('',#8606,10.);
#2235=VECTOR('',#8607,10.);
#2236=VECTOR('',#8608,10.);
#2237=VECTOR('',#8611,10.);
#2238=VECTOR('',#8612,10.);
#2239=VECTOR('',#8613,10.);
#2240=VECTOR('',#8614,10.);
#2241=VECTOR('',#8617,10.);
#2242=VECTOR('',#8618,10.);
#2243=VECTOR('',#8619,10.);
#2244=VECTOR('',#8622,10.);
#2245=VECTOR('',#8623,10.);
#2246=VECTOR('',#8624,10.);
#2247=VECTOR('',#8627,10.);
#2248=VECTOR('',#8628,10.);
#2249=VECTOR('',#8629,10.);
#2250=VECTOR('',#8630,10.);
#2251=VECTOR('',#8633,10.);
#2252=VECTOR('',#8634,10.);
#2253=VECTOR('',#8635,10.);
#2254=VECTOR('',#8638,10.);
#2255=VECTOR('',#8639,10.);
#2256=VECTOR('',#8640,10.);
#2257=VECTOR('',#8643,10.);
#2258=VECTOR('',#8644,10.);
#2259=VECTOR('',#8645,10.);
#2260=VECTOR('',#8646,10.);
#2261=VECTOR('',#8649,10.);
#2262=VECTOR('',#8650,10.);
#2263=VECTOR('',#8651,10.);
#2264=VECTOR('',#8654,10.);
#2265=VECTOR('',#8655,10.);
#2266=VECTOR('',#8656,10.);
#2267=VECTOR('',#8659,10.);
#2268=VECTOR('',#8660,10.);
#2269=VECTOR('',#8661,10.);
#2270=VECTOR('',#8662,10.);
#2271=VECTOR('',#8665,10.);
#2272=VECTOR('',#8666,10.);
#2273=VECTOR('',#8667,10.);
#2274=VECTOR('',#8670,10.);
#2275=VECTOR('',#8671,10.);
#2276=VECTOR('',#8672,10.);
#2277=VECTOR('',#8675,10.);
#2278=VECTOR('',#8676,10.);
#2279=VECTOR('',#8677,10.);
#2280=VECTOR('',#8678,10.);
#2281=VECTOR('',#8681,10.);
#2282=VECTOR('',#8682,10.);
#2283=VECTOR('',#8683,10.);
#2284=VECTOR('',#8686,10.);
#2285=VECTOR('',#8687,10.);
#2286=VECTOR('',#8688,10.);
#2287=VECTOR('',#8691,10.);
#2288=VECTOR('',#8692,10.);
#2289=VECTOR('',#8693,10.);
#2290=VECTOR('',#8694,10.);
#2291=VECTOR('',#8697,10.);
#2292=VECTOR('',#8698,10.);
#2293=VECTOR('',#8699,10.);
#2294=VECTOR('',#8702,10.);
#2295=VECTOR('',#8703,10.);
#2296=VECTOR('',#8704,10.);
#2297=VECTOR('',#8707,10.);
#2298=VECTOR('',#8708,10.);
#2299=VECTOR('',#8709,10.);
#2300=VECTOR('',#8710,10.);
#2301=VECTOR('',#8713,10.);
#2302=VECTOR('',#8714,10.);
#2303=VECTOR('',#8715,10.);
#2304=VECTOR('',#8718,10.);
#2305=VECTOR('',#8719,10.);
#2306=VECTOR('',#8720,10.);
#2307=VECTOR('',#8723,10.);
#2308=VECTOR('',#8724,10.);
#2309=VECTOR('',#8725,10.);
#2310=VECTOR('',#8726,10.);
#2311=VECTOR('',#8729,10.);
#2312=VECTOR('',#8730,10.);
#2313=VECTOR('',#8731,10.);
#2314=VECTOR('',#8734,10.);
#2315=VECTOR('',#8735,10.);
#2316=VECTOR('',#8736,10.);
#2317=VECTOR('',#8739,10.);
#2318=VECTOR('',#8740,10.);
#2319=VECTOR('',#8741,10.);
#2320=VECTOR('',#8742,10.);
#2321=VECTOR('',#8745,10.);
#2322=VECTOR('',#8746,10.);
#2323=VECTOR('',#8747,10.);
#2324=VECTOR('',#8750,10.);
#2325=VECTOR('',#8751,10.);
#2326=VECTOR('',#8752,10.);
#2327=VECTOR('',#8755,10.);
#2328=VECTOR('',#8756,10.);
#2329=VECTOR('',#8757,10.);
#2330=VECTOR('',#8758,10.);
#2331=VECTOR('',#8761,10.);
#2332=VECTOR('',#8762,10.);
#2333=VECTOR('',#8763,10.);
#2334=VECTOR('',#8766,10.);
#2335=VECTOR('',#8767,10.);
#2336=VECTOR('',#8768,10.);
#2337=VECTOR('',#8771,10.);
#2338=VECTOR('',#8772,10.);
#2339=VECTOR('',#8773,10.);
#2340=VECTOR('',#8774,10.);
#2341=VECTOR('',#8777,10.);
#2342=VECTOR('',#8778,10.);
#2343=VECTOR('',#8779,10.);
#2344=VECTOR('',#8782,10.);
#2345=VECTOR('',#8783,10.);
#2346=VECTOR('',#8784,10.);
#2347=VECTOR('',#8787,10.);
#2348=VECTOR('',#8788,10.);
#2349=VECTOR('',#8789,10.);
#2350=VECTOR('',#8790,10.);
#2351=VECTOR('',#8793,10.);
#2352=VECTOR('',#8794,10.);
#2353=VECTOR('',#8795,10.);
#2354=VECTOR('',#8798,10.);
#2355=VECTOR('',#8799,10.);
#2356=VECTOR('',#8800,10.);
#2357=VECTOR('',#8803,10.);
#2358=VECTOR('',#8804,10.);
#2359=VECTOR('',#8805,10.);
#2360=VECTOR('',#8806,10.);
#2361=VECTOR('',#8809,10.);
#2362=VECTOR('',#8810,10.);
#2363=VECTOR('',#8811,10.);
#2364=VECTOR('',#8814,10.);
#2365=VECTOR('',#8815,10.);
#2366=VECTOR('',#8816,10.);
#2367=VECTOR('',#8819,10.);
#2368=VECTOR('',#8820,10.);
#2369=VECTOR('',#8821,10.);
#2370=VECTOR('',#8822,10.);
#2371=VECTOR('',#8825,10.);
#2372=VECTOR('',#8826,10.);
#2373=VECTOR('',#8827,10.);
#2374=VECTOR('',#8830,10.);
#2375=VECTOR('',#8831,10.);
#2376=VECTOR('',#8832,10.);
#2377=VECTOR('',#8835,10.);
#2378=VECTOR('',#8836,10.);
#2379=VECTOR('',#8837,10.);
#2380=VECTOR('',#8838,10.);
#2381=VECTOR('',#8841,10.);
#2382=VECTOR('',#8842,10.);
#2383=VECTOR('',#8843,10.);
#2384=VECTOR('',#8846,10.);
#2385=VECTOR('',#8847,10.);
#2386=VECTOR('',#8848,10.);
#2387=VECTOR('',#8851,10.);
#2388=VECTOR('',#8852,10.);
#2389=VECTOR('',#8853,10.);
#2390=VECTOR('',#8854,10.);
#2391=VECTOR('',#8857,10.);
#2392=VECTOR('',#8858,10.);
#2393=VECTOR('',#8859,10.);
#2394=VECTOR('',#8862,10.);
#2395=VECTOR('',#8863,10.);
#2396=VECTOR('',#8864,10.);
#2397=VECTOR('',#8867,10.);
#2398=VECTOR('',#8868,10.);
#2399=VECTOR('',#8869,10.);
#2400=VECTOR('',#8870,10.);
#2401=VECTOR('',#8873,10.);
#2402=VECTOR('',#8874,10.);
#2403=VECTOR('',#8875,10.);
#2404=VECTOR('',#8878,10.);
#2405=VECTOR('',#8879,10.);
#2406=VECTOR('',#8880,10.);
#2407=VECTOR('',#8883,10.);
#2408=VECTOR('',#8884,10.);
#2409=VECTOR('',#8885,10.);
#2410=VECTOR('',#8886,10.);
#2411=VECTOR('',#8889,10.);
#2412=VECTOR('',#8890,10.);
#2413=VECTOR('',#8891,10.);
#2414=VECTOR('',#8894,10.);
#2415=VECTOR('',#8895,10.);
#2416=VECTOR('',#8896,10.);
#2417=VECTOR('',#8899,10.);
#2418=VECTOR('',#8900,10.);
#2419=VECTOR('',#8901,10.);
#2420=VECTOR('',#8902,10.);
#2421=VECTOR('',#8905,10.);
#2422=VECTOR('',#8906,10.);
#2423=VECTOR('',#8907,10.);
#2424=VECTOR('',#8910,10.);
#2425=VECTOR('',#8911,10.);
#2426=VECTOR('',#8912,10.);
#2427=VECTOR('',#8915,10.);
#2428=VECTOR('',#8916,10.);
#2429=VECTOR('',#8917,10.);
#2430=VECTOR('',#8918,10.);
#2431=VECTOR('',#8921,10.);
#2432=VECTOR('',#8922,10.);
#2433=VECTOR('',#8923,10.);
#2434=VECTOR('',#8926,10.);
#2435=VECTOR('',#8927,10.);
#2436=VECTOR('',#8928,10.);
#2437=VECTOR('',#8931,10.);
#2438=VECTOR('',#8932,10.);
#2439=VECTOR('',#8933,10.);
#2440=VECTOR('',#8934,10.);
#2441=VECTOR('',#8937,10.);
#2442=VECTOR('',#8938,10.);
#2443=VECTOR('',#8939,10.);
#2444=VECTOR('',#8942,10.);
#2445=VECTOR('',#8943,10.);
#2446=VECTOR('',#8944,10.);
#2447=VECTOR('',#8947,10.);
#2448=VECTOR('',#8948,10.);
#2449=VECTOR('',#8949,10.);
#2450=VECTOR('',#8950,10.);
#2451=VECTOR('',#8953,10.);
#2452=VECTOR('',#8954,10.);
#2453=VECTOR('',#8955,10.);
#2454=VECTOR('',#8958,10.);
#2455=VECTOR('',#8959,10.);
#2456=VECTOR('',#8960,10.);
#2457=VECTOR('',#8963,10.);
#2458=VECTOR('',#8964,10.);
#2459=VECTOR('',#8965,10.);
#2460=VECTOR('',#8966,10.);
#2461=VECTOR('',#8969,10.);
#2462=VECTOR('',#8970,10.);
#2463=VECTOR('',#8971,10.);
#2464=VECTOR('',#8974,10.);
#2465=VECTOR('',#8975,10.);
#2466=VECTOR('',#8976,10.);
#2467=VECTOR('',#8979,10.);
#2468=VECTOR('',#8980,10.);
#2469=VECTOR('',#8981,10.);
#2470=VECTOR('',#8982,10.);
#2471=VECTOR('',#8985,10.);
#2472=VECTOR('',#8986,10.);
#2473=VECTOR('',#8987,10.);
#2474=VECTOR('',#8990,10.);
#2475=VECTOR('',#8991,10.);
#2476=VECTOR('',#8992,10.);
#2477=VECTOR('',#8995,10.);
#2478=VECTOR('',#8996,10.);
#2479=VECTOR('',#8997,10.);
#2480=VECTOR('',#8998,10.);
#2481=VECTOR('',#9001,10.);
#2482=VECTOR('',#9002,10.);
#2483=VECTOR('',#9003,10.);
#2484=VECTOR('',#9006,10.);
#2485=VECTOR('',#9007,10.);
#2486=VECTOR('',#9008,10.);
#2487=VECTOR('',#9011,10.);
#2488=VECTOR('',#9012,10.);
#2489=VECTOR('',#9013,10.);
#2490=VECTOR('',#9014,10.);
#2491=VECTOR('',#9017,10.);
#2492=VECTOR('',#9018,10.);
#2493=VECTOR('',#9019,10.);
#2494=VECTOR('',#9022,10.);
#2495=VECTOR('',#9023,10.);
#2496=VECTOR('',#9024,10.);
#2497=VECTOR('',#9027,10.);
#2498=VECTOR('',#9028,10.);
#2499=VECTOR('',#9029,10.);
#2500=VECTOR('',#9030,10.);
#2501=VECTOR('',#9033,10.);
#2502=VECTOR('',#9034,10.);
#2503=VECTOR('',#9035,10.);
#2504=VECTOR('',#9038,10.);
#2505=VECTOR('',#9039,10.);
#2506=VECTOR('',#9040,10.);
#2507=VECTOR('',#9043,10.);
#2508=VECTOR('',#9044,10.);
#2509=VECTOR('',#9045,10.);
#2510=VECTOR('',#9046,10.);
#2511=VECTOR('',#9049,10.);
#2512=VECTOR('',#9050,10.);
#2513=VECTOR('',#9051,10.);
#2514=VECTOR('',#9054,10.);
#2515=VECTOR('',#9055,10.);
#2516=VECTOR('',#9056,10.);
#2517=VECTOR('',#9059,10.);
#2518=VECTOR('',#9060,10.);
#2519=VECTOR('',#9061,10.);
#2520=VECTOR('',#9062,10.);
#2521=VECTOR('',#9065,10.);
#2522=VECTOR('',#9066,10.);
#2523=VECTOR('',#9067,10.);
#2524=VECTOR('',#9070,10.);
#2525=VECTOR('',#9071,10.);
#2526=VECTOR('',#9072,10.);
#2527=VECTOR('',#9075,10.);
#2528=VECTOR('',#9076,10.);
#2529=VECTOR('',#9077,10.);
#2530=VECTOR('',#9078,10.);
#2531=VECTOR('',#9081,10.);
#2532=VECTOR('',#9082,10.);
#2533=VECTOR('',#9083,10.);
#2534=VECTOR('',#9086,10.);
#2535=VECTOR('',#9087,10.);
#2536=VECTOR('',#9088,10.);
#2537=VECTOR('',#9091,10.);
#2538=VECTOR('',#9092,10.);
#2539=VECTOR('',#9093,10.);
#2540=VECTOR('',#9094,10.);
#2541=VECTOR('',#9097,10.);
#2542=VECTOR('',#9098,10.);
#2543=VECTOR('',#9099,10.);
#2544=VECTOR('',#9102,10.);
#2545=VECTOR('',#9103,10.);
#2546=VECTOR('',#9104,10.);
#2547=VECTOR('',#9107,10.);
#2548=VECTOR('',#9108,10.);
#2549=VECTOR('',#9109,10.);
#2550=VECTOR('',#9110,10.);
#2551=VECTOR('',#9113,10.);
#2552=VECTOR('',#9114,10.);
#2553=VECTOR('',#9115,10.);
#2554=VECTOR('',#9118,10.);
#2555=VECTOR('',#9119,10.);
#2556=VECTOR('',#9120,10.);
#2557=VECTOR('',#9123,10.);
#2558=VECTOR('',#9124,10.);
#2559=VECTOR('',#9125,10.);
#2560=VECTOR('',#9126,10.);
#2561=VECTOR('',#9129,10.);
#2562=VECTOR('',#9130,10.);
#2563=VECTOR('',#9131,10.);
#2564=VECTOR('',#9134,10.);
#2565=VECTOR('',#9135,10.);
#2566=VECTOR('',#9136,10.);
#2567=VECTOR('',#9139,10.);
#2568=VECTOR('',#9140,10.);
#2569=VECTOR('',#9141,10.);
#2570=VECTOR('',#9142,10.);
#2571=VECTOR('',#9145,10.);
#2572=VECTOR('',#9146,10.);
#2573=VECTOR('',#9147,10.);
#2574=VECTOR('',#9150,10.);
#2575=VECTOR('',#9151,10.);
#2576=VECTOR('',#9152,10.);
#2577=VECTOR('',#9155,10.);
#2578=VECTOR('',#9156,10.);
#2579=VECTOR('',#9157,10.);
#2580=VECTOR('',#9158,10.);
#2581=VECTOR('',#9159,10.);
#2582=VECTOR('',#9160,10.);
#2583=VECTOR('',#9161,10.);
#2584=VECTOR('',#9162,10.);
#2585=VECTOR('',#9163,10.);
#2586=VECTOR('',#9164,10.);
#2587=VECTOR('',#9165,10.);
#2588=VECTOR('',#9166,10.);
#2589=VECTOR('',#9167,10.);
#2590=VECTOR('',#9168,10.);
#2591=VECTOR('',#9169,10.);
#2592=VECTOR('',#9170,10.);
#2593=VECTOR('',#9171,10.);
#2594=VECTOR('',#9172,10.);
#2595=VECTOR('',#9173,10.);
#2596=VECTOR('',#9174,10.);
#2597=VECTOR('',#9175,10.);
#2598=VECTOR('',#9176,10.);
#2599=VECTOR('',#9177,10.);
#2600=VECTOR('',#9178,10.);
#2601=VECTOR('',#9179,10.);
#2602=VECTOR('',#9180,10.);
#2603=VECTOR('',#9181,10.);
#2604=VECTOR('',#9182,10.);
#2605=VECTOR('',#9183,10.);
#2606=VECTOR('',#9184,10.);
#2607=VECTOR('',#9185,10.);
#2608=VECTOR('',#9186,10.);
#2609=VECTOR('',#9187,10.);
#2610=VECTOR('',#9188,10.);
#2611=VECTOR('',#9189,10.);
#2612=VECTOR('',#9190,10.);
#2613=VECTOR('',#9191,10.);
#2614=VECTOR('',#9192,10.);
#2615=VECTOR('',#9193,10.);
#2616=VECTOR('',#9194,10.);
#2617=VECTOR('',#9195,10.);
#2618=VECTOR('',#9196,10.);
#2619=VECTOR('',#9197,10.);
#2620=VECTOR('',#9198,10.);
#2621=VECTOR('',#9201,10.);
#2622=VECTOR('',#9202,10.);
#2623=VECTOR('',#9203,10.);
#2624=VECTOR('',#9204,10.);
#2625=VECTOR('',#9205,10.);
#2626=VECTOR('',#9208,10.);
#2627=VECTOR('',#9209,10.);
#2628=VECTOR('',#9210,10.);
#2629=VECTOR('',#9211,10.);
#2630=VECTOR('',#9212,10.);
#2631=VECTOR('',#9215,10.);
#2632=VECTOR('',#9216,10.);
#2633=VECTOR('',#9217,10.);
#2634=VECTOR('',#9218,10.);
#2635=VECTOR('',#9219,10.);
#2636=VECTOR('',#9222,10.);
#2637=VECTOR('',#9223,10.);
#2638=VECTOR('',#9224,10.);
#2639=VECTOR('',#9225,10.);
#2640=VECTOR('',#9226,10.);
#2641=VECTOR('',#9229,10.);
#2642=VECTOR('',#9230,10.);
#2643=VECTOR('',#9231,10.);
#2644=VECTOR('',#9232,10.);
#2645=VECTOR('',#9233,10.);
#2646=VECTOR('',#9236,10.);
#2647=VECTOR('',#9237,10.);
#2648=VECTOR('',#9238,10.);
#2649=VECTOR('',#9239,10.);
#2650=VECTOR('',#9240,10.);
#2651=VECTOR('',#9243,10.);
#2652=VECTOR('',#9244,10.);
#2653=VECTOR('',#9245,10.);
#2654=VECTOR('',#9246,10.);
#2655=VECTOR('',#9247,10.);
#2656=VECTOR('',#9250,10.);
#2657=VECTOR('',#9251,10.);
#2658=VECTOR('',#9252,10.);
#2659=VECTOR('',#9253,10.);
#2660=VECTOR('',#9254,10.);
#2661=VECTOR('',#9257,10.);
#2662=VECTOR('',#9258,10.);
#2663=VECTOR('',#9259,10.);
#2664=VECTOR('',#9260,10.);
#2665=VECTOR('',#9261,10.);
#2666=VECTOR('',#9264,10.);
#2667=VECTOR('',#9265,10.);
#2668=VECTOR('',#9266,10.);
#2669=VECTOR('',#9267,10.);
#2670=VECTOR('',#9268,10.);
#2671=VECTOR('',#9271,10.);
#2672=VECTOR('',#9272,10.);
#2673=VECTOR('',#9273,10.);
#2674=VECTOR('',#9274,10.);
#2675=VECTOR('',#9275,10.);
#2676=VECTOR('',#9278,10.);
#2677=VECTOR('',#9279,10.);
#2678=VECTOR('',#9280,10.);
#2679=VECTOR('',#9281,10.);
#2680=VECTOR('',#9282,10.);
#2681=VECTOR('',#9285,10.);
#2682=VECTOR('',#9286,10.);
#2683=VECTOR('',#9287,10.);
#2684=VECTOR('',#9288,10.);
#2685=VECTOR('',#9289,10.);
#2686=VECTOR('',#9292,10.);
#2687=VECTOR('',#9293,10.);
#2688=VECTOR('',#9294,10.);
#2689=VECTOR('',#9295,10.);
#2690=VECTOR('',#9296,10.);
#2691=VECTOR('',#9299,10.);
#2692=VECTOR('',#9300,10.);
#2693=VECTOR('',#9301,10.);
#2694=VECTOR('',#9302,10.);
#2695=VECTOR('',#9303,10.);
#2696=VECTOR('',#9306,10.);
#2697=VECTOR('',#9307,10.);
#2698=VECTOR('',#9308,10.);
#2699=VECTOR('',#9309,10.);
#2700=VECTOR('',#9310,10.);
#2701=VECTOR('',#9313,10.);
#2702=VECTOR('',#9314,10.);
#2703=VECTOR('',#9315,10.);
#2704=VECTOR('',#9316,10.);
#2705=VECTOR('',#9317,10.);
#2706=VECTOR('',#9320,10.);
#2707=VECTOR('',#9321,10.);
#2708=VECTOR('',#9322,10.);
#2709=VECTOR('',#9323,10.);
#2710=VECTOR('',#9324,10.);
#2711=VECTOR('',#9327,10.);
#2712=VECTOR('',#9328,10.);
#2713=VECTOR('',#9329,10.);
#2714=VECTOR('',#9330,10.);
#2715=VECTOR('',#9331,10.);
#2716=VECTOR('',#9334,10.);
#2717=VECTOR('',#9335,10.);
#2718=VECTOR('',#9336,10.);
#2719=VECTOR('',#9337,10.);
#2720=VECTOR('',#9338,10.);
#2721=VECTOR('',#9341,10.);
#2722=VECTOR('',#9342,10.);
#2723=VECTOR('',#9343,10.);
#2724=VECTOR('',#9344,10.);
#2725=VECTOR('',#9345,10.);
#2726=VECTOR('',#9348,10.);
#2727=VECTOR('',#9349,10.);
#2728=VECTOR('',#9350,10.);
#2729=VECTOR('',#9351,10.);
#2730=VECTOR('',#9352,10.);
#2731=VECTOR('',#9355,10.);
#2732=VECTOR('',#9356,10.);
#2733=VECTOR('',#9357,10.);
#2734=VECTOR('',#9358,10.);
#2735=VECTOR('',#9359,10.);
#2736=VECTOR('',#9362,10.);
#2737=VECTOR('',#9363,10.);
#2738=VECTOR('',#9364,10.);
#2739=VECTOR('',#9365,10.);
#2740=VECTOR('',#9366,10.);
#2741=VECTOR('',#9369,10.);
#2742=VECTOR('',#9370,10.);
#2743=VECTOR('',#9371,10.);
#2744=VECTOR('',#9372,10.);
#2745=VECTOR('',#9373,10.);
#2746=VECTOR('',#9376,10.);
#2747=VECTOR('',#9377,10.);
#2748=VECTOR('',#9378,10.);
#2749=VECTOR('',#9379,10.);
#2750=VECTOR('',#9380,10.);
#2751=VECTOR('',#9383,10.);
#2752=VECTOR('',#9384,10.);
#2753=VECTOR('',#9385,10.);
#2754=VECTOR('',#9386,10.);
#2755=VECTOR('',#9387,10.);
#2756=VECTOR('',#9390,10.);
#2757=VECTOR('',#9391,10.);
#2758=VECTOR('',#9392,10.);
#2759=VECTOR('',#9393,10.);
#2760=VECTOR('',#9394,10.);
#2761=VECTOR('',#9397,10.);
#2762=VECTOR('',#9398,10.);
#2763=VECTOR('',#9399,10.);
#2764=VECTOR('',#9400,10.);
#2765=VECTOR('',#9401,10.);
#2766=VECTOR('',#9404,10.);
#2767=VECTOR('',#9405,10.);
#2768=VECTOR('',#9406,10.);
#2769=VECTOR('',#9407,10.);
#2770=VECTOR('',#9408,10.);
#2771=VECTOR('',#9411,10.);
#2772=VECTOR('',#9412,10.);
#2773=VECTOR('',#9413,10.);
#2774=VECTOR('',#9414,10.);
#2775=VECTOR('',#9415,10.);
#2776=VECTOR('',#9418,10.);
#2777=VECTOR('',#9419,10.);
#2778=VECTOR('',#9420,10.);
#2779=VECTOR('',#9421,10.);
#2780=VECTOR('',#9422,10.);
#2781=VECTOR('',#9425,10.);
#2782=VECTOR('',#9426,10.);
#2783=VECTOR('',#9427,10.);
#2784=VECTOR('',#9428,10.);
#2785=VECTOR('',#9429,10.);
#2786=VECTOR('',#9432,10.);
#2787=VECTOR('',#9433,10.);
#2788=VECTOR('',#9434,10.);
#2789=VECTOR('',#9435,10.);
#2790=VECTOR('',#9436,10.);
#2791=VECTOR('',#9439,10.);
#2792=VECTOR('',#9440,10.);
#2793=VECTOR('',#9441,10.);
#2794=VECTOR('',#9442,10.);
#2795=VECTOR('',#9443,10.);
#2796=VECTOR('',#9446,10.);
#2797=VECTOR('',#9447,10.);
#2798=VECTOR('',#9448,10.);
#2799=VECTOR('',#9449,10.);
#2800=VECTOR('',#9450,10.);
#2801=VECTOR('',#9453,10.);
#2802=VECTOR('',#9454,10.);
#2803=VECTOR('',#9455,10.);
#2804=VECTOR('',#9456,10.);
#2805=VECTOR('',#9457,10.);
#2806=VECTOR('',#9460,10.);
#2807=VECTOR('',#9461,10.);
#2808=VECTOR('',#9462,10.);
#2809=VECTOR('',#9463,10.);
#2810=VECTOR('',#9464,10.);
#2811=VECTOR('',#9467,10.);
#2812=VECTOR('',#9468,10.);
#2813=VECTOR('',#9469,10.);
#2814=VECTOR('',#9470,10.);
#2815=VECTOR('',#9471,10.);
#2816=VECTOR('',#9474,10.);
#2817=VECTOR('',#9475,10.);
#2818=VECTOR('',#9476,10.);
#2819=VECTOR('',#9477,10.);
#2820=VECTOR('',#9478,10.);
#2821=VECTOR('',#9481,10.);
#2822=VECTOR('',#9482,10.);
#2823=VECTOR('',#9483,10.);
#2824=VECTOR('',#9486,10.);
#2825=VECTOR('',#9487,10.);
#2826=VECTOR('',#9490,10.);
#2827=VECTOR('',#9491,10.);
#2828=VECTOR('',#9494,10.);
#2829=VECTOR('',#9497,10.);
#2830=VECTOR('',#9498,10.);
#2831=VECTOR('',#9499,10.);
#2832=VECTOR('',#9502,10.);
#2833=VECTOR('',#9503,10.);
#2834=VECTOR('',#9506,10.);
#2835=VECTOR('',#9507,10.);
#2836=VECTOR('',#9510,10.);
#2837=VECTOR('',#9513,10.);
#2838=VECTOR('',#9514,10.);
#2839=VECTOR('',#9515,10.);
#2840=VECTOR('',#9518,10.);
#2841=VECTOR('',#9519,10.);
#2842=VECTOR('',#9522,10.);
#2843=VECTOR('',#9523,10.);
#2844=VECTOR('',#9526,10.);
#2845=VECTOR('',#9529,10.);
#2846=VECTOR('',#9530,10.);
#2847=VECTOR('',#9531,10.);
#2848=VECTOR('',#9534,10.);
#2849=VECTOR('',#9535,10.);
#2850=VECTOR('',#9538,10.);
#2851=VECTOR('',#9539,10.);
#2852=VECTOR('',#9542,10.);
#2853=VECTOR('',#9545,10.);
#2854=VECTOR('',#9546,10.);
#2855=VECTOR('',#9547,10.);
#2856=VECTOR('',#9550,10.);
#2857=VECTOR('',#9551,10.);
#2858=VECTOR('',#9554,10.);
#2859=VECTOR('',#9555,10.);
#2860=VECTOR('',#9558,10.);
#2861=VECTOR('',#9561,10.);
#2862=VECTOR('',#9562,10.);
#2863=VECTOR('',#9563,10.);
#2864=VECTOR('',#9566,10.);
#2865=VECTOR('',#9567,10.);
#2866=VECTOR('',#9570,10.);
#2867=VECTOR('',#9571,10.);
#2868=VECTOR('',#9574,10.);
#2869=VECTOR('',#9577,10.);
#2870=VECTOR('',#9578,10.);
#2871=VECTOR('',#9579,10.);
#2872=VECTOR('',#9582,10.);
#2873=VECTOR('',#9583,10.);
#2874=VECTOR('',#9586,10.);
#2875=VECTOR('',#9587,10.);
#2876=VECTOR('',#9590,10.);
#2877=VECTOR('',#9593,10.);
#2878=VECTOR('',#9594,10.);
#2879=VECTOR('',#9595,10.);
#2880=VECTOR('',#9598,10.);
#2881=VECTOR('',#9599,10.);
#2882=VECTOR('',#9602,10.);
#2883=VECTOR('',#9603,10.);
#2884=VECTOR('',#9606,10.);
#2885=VECTOR('',#9609,10.);
#2886=VECTOR('',#9610,10.);
#2887=VECTOR('',#9611,10.);
#2888=VECTOR('',#9614,10.);
#2889=VECTOR('',#9615,10.);
#2890=VECTOR('',#9618,10.);
#2891=VECTOR('',#9619,10.);
#2892=VECTOR('',#9622,10.);
#2893=VECTOR('',#9625,10.);
#2894=VECTOR('',#9626,10.);
#2895=VECTOR('',#9627,10.);
#2896=VECTOR('',#9630,10.);
#2897=VECTOR('',#9631,10.);
#2898=VECTOR('',#9634,10.);
#2899=VECTOR('',#9635,10.);
#2900=VECTOR('',#9638,10.);
#2901=VECTOR('',#9641,10.);
#2902=VECTOR('',#9642,10.);
#2903=VECTOR('',#9643,10.);
#2904=VECTOR('',#9646,10.);
#2905=VECTOR('',#9647,10.);
#2906=VECTOR('',#9650,10.);
#2907=VECTOR('',#9651,10.);
#2908=VECTOR('',#9654,10.);
#2909=VECTOR('',#9657,10.);
#2910=VECTOR('',#9658,10.);
#2911=VECTOR('',#9659,10.);
#2912=VECTOR('',#9662,10.);
#2913=VECTOR('',#9663,10.);
#2914=VECTOR('',#9666,10.);
#2915=VECTOR('',#9667,10.);
#2916=VECTOR('',#9670,10.);
#2917=VECTOR('',#9673,10.);
#2918=VECTOR('',#9674,10.);
#2919=VECTOR('',#9675,10.);
#2920=VECTOR('',#9678,10.);
#2921=VECTOR('',#9679,10.);
#2922=VECTOR('',#9682,10.);
#2923=VECTOR('',#9683,10.);
#2924=VECTOR('',#9686,10.);
#2925=VECTOR('',#9689,10.);
#2926=VECTOR('',#9690,10.);
#2927=VECTOR('',#9691,10.);
#2928=VECTOR('',#9694,10.);
#2929=VECTOR('',#9695,10.);
#2930=VECTOR('',#9698,10.);
#2931=VECTOR('',#9699,10.);
#2932=VECTOR('',#9702,10.);
#2933=VECTOR('',#9705,10.);
#2934=VECTOR('',#9706,10.);
#2935=VECTOR('',#9707,10.);
#2936=VECTOR('',#9710,10.);
#2937=VECTOR('',#9711,10.);
#2938=VECTOR('',#9714,10.);
#2939=VECTOR('',#9715,10.);
#2940=VECTOR('',#9718,10.);
#2941=VECTOR('',#9721,10.);
#2942=VECTOR('',#9722,10.);
#2943=VECTOR('',#9723,10.);
#2944=VECTOR('',#9726,10.);
#2945=VECTOR('',#9727,10.);
#2946=VECTOR('',#9730,10.);
#2947=VECTOR('',#9731,10.);
#2948=VECTOR('',#9734,10.);
#2949=VECTOR('',#9737,10.);
#2950=VECTOR('',#9738,10.);
#2951=VECTOR('',#9739,10.);
#2952=VECTOR('',#9742,10.);
#2953=VECTOR('',#9743,10.);
#2954=VECTOR('',#9746,10.);
#2955=VECTOR('',#9747,10.);
#2956=VECTOR('',#9750,10.);
#2957=VECTOR('',#9753,10.);
#2958=VECTOR('',#9754,10.);
#2959=VECTOR('',#9755,10.);
#2960=VECTOR('',#9758,10.);
#2961=VECTOR('',#9759,10.);
#2962=VECTOR('',#9762,10.);
#2963=VECTOR('',#9763,10.);
#2964=VECTOR('',#9766,10.);
#2965=VECTOR('',#9769,10.);
#2966=VECTOR('',#9770,10.);
#2967=VECTOR('',#9771,10.);
#2968=VECTOR('',#9774,10.);
#2969=VECTOR('',#9775,10.);
#2970=VECTOR('',#9778,10.);
#2971=VECTOR('',#9779,10.);
#2972=VECTOR('',#9782,10.);
#2973=VECTOR('',#9785,10.);
#2974=VECTOR('',#9786,10.);
#2975=VECTOR('',#9787,10.);
#2976=VECTOR('',#9790,10.);
#2977=VECTOR('',#9791,10.);
#2978=VECTOR('',#9794,10.);
#2979=VECTOR('',#9795,10.);
#2980=VECTOR('',#9798,10.);
#2981=VECTOR('',#9801,10.);
#2982=VECTOR('',#9802,10.);
#2983=VECTOR('',#9803,10.);
#2984=VECTOR('',#9806,10.);
#2985=VECTOR('',#9807,10.);
#2986=VECTOR('',#9810,10.);
#2987=VECTOR('',#9811,10.);
#2988=VECTOR('',#9814,10.);
#2989=VECTOR('',#9817,10.);
#2990=VECTOR('',#9818,10.);
#2991=VECTOR('',#9819,10.);
#2992=VECTOR('',#9822,10.);
#2993=VECTOR('',#9823,10.);
#2994=VECTOR('',#9826,10.);
#2995=VECTOR('',#9827,10.);
#2996=VECTOR('',#9830,10.);
#2997=VECTOR('',#9833,10.);
#2998=VECTOR('',#9834,10.);
#2999=VECTOR('',#9835,10.);
#3000=VECTOR('',#9838,10.);
#3001=VECTOR('',#9839,10.);
#3002=VECTOR('',#9842,10.);
#3003=VECTOR('',#9843,10.);
#3004=VECTOR('',#9846,10.);
#3005=VECTOR('',#9849,10.);
#3006=VECTOR('',#9850,10.);
#3007=VECTOR('',#9851,10.);
#3008=VECTOR('',#9854,10.);
#3009=VECTOR('',#9855,10.);
#3010=VECTOR('',#9858,10.);
#3011=VECTOR('',#9859,10.);
#3012=VECTOR('',#9862,10.);
#3013=VECTOR('',#9865,10.);
#3014=VECTOR('',#9866,10.);
#3015=VECTOR('',#9867,10.);
#3016=VECTOR('',#9870,10.);
#3017=VECTOR('',#9871,10.);
#3018=VECTOR('',#9874,10.);
#3019=VECTOR('',#9875,10.);
#3020=VECTOR('',#9878,10.);
#3021=VECTOR('',#9881,10.);
#3022=VECTOR('',#9882,10.);
#3023=VECTOR('',#9883,10.);
#3024=VECTOR('',#9886,10.);
#3025=VECTOR('',#9887,10.);
#3026=VECTOR('',#9890,10.);
#3027=VECTOR('',#9891,10.);
#3028=VECTOR('',#9894,10.);
#3029=VECTOR('',#9897,10.);
#3030=VECTOR('',#9898,10.);
#3031=VECTOR('',#9899,10.);
#3032=VECTOR('',#9902,10.);
#3033=VECTOR('',#9903,10.);
#3034=VECTOR('',#9906,10.);
#3035=VECTOR('',#9907,10.);
#3036=VECTOR('',#9910,10.);
#3037=VECTOR('',#9913,10.);
#3038=VECTOR('',#9914,10.);
#3039=VECTOR('',#9915,10.);
#3040=VECTOR('',#9918,10.);
#3041=VECTOR('',#9919,10.);
#3042=VECTOR('',#9922,10.);
#3043=VECTOR('',#9923,10.);
#3044=VECTOR('',#9926,10.);
#3045=VECTOR('',#9929,10.);
#3046=VECTOR('',#9930,10.);
#3047=VECTOR('',#9931,10.);
#3048=VECTOR('',#9934,10.);
#3049=VECTOR('',#9935,10.);
#3050=VECTOR('',#9938,10.);
#3051=VECTOR('',#9939,10.);
#3052=VECTOR('',#9942,10.);
#3053=VECTOR('',#9945,10.);
#3054=VECTOR('',#9946,10.);
#3055=VECTOR('',#9947,10.);
#3056=VECTOR('',#9950,10.);
#3057=VECTOR('',#9951,10.);
#3058=VECTOR('',#9954,10.);
#3059=VECTOR('',#9955,10.);
#3060=VECTOR('',#9958,10.);
#3061=VECTOR('',#9961,10.);
#3062=VECTOR('',#9962,10.);
#3063=VECTOR('',#9963,10.);
#3064=VECTOR('',#9966,10.);
#3065=VECTOR('',#9967,10.);
#3066=VECTOR('',#9970,10.);
#3067=VECTOR('',#9971,10.);
#3068=VECTOR('',#9974,10.);
#3069=VECTOR('',#9977,10.);
#3070=VECTOR('',#9978,10.);
#3071=VECTOR('',#9979,10.);
#3072=VECTOR('',#9982,10.);
#3073=VECTOR('',#9983,10.);
#3074=VECTOR('',#9986,10.);
#3075=VECTOR('',#9987,10.);
#3076=VECTOR('',#9990,10.);
#3077=VECTOR('',#9993,10.);
#3078=VECTOR('',#9994,10.);
#3079=VECTOR('',#9995,10.);
#3080=VECTOR('',#9998,10.);
#3081=VECTOR('',#9999,10.);
#3082=VECTOR('',#10002,10.);
#3083=VECTOR('',#10003,10.);
#3084=VECTOR('',#10006,10.);
#3085=VECTOR('',#10009,10.);
#3086=VECTOR('',#10010,10.);
#3087=VECTOR('',#10011,10.);
#3088=VECTOR('',#10014,10.);
#3089=VECTOR('',#10015,10.);
#3090=VECTOR('',#10018,10.);
#3091=VECTOR('',#10019,10.);
#3092=VECTOR('',#10022,10.);
#3093=VECTOR('',#10025,10.);
#3094=VECTOR('',#10026,10.);
#3095=VECTOR('',#10027,10.);
#3096=VECTOR('',#10030,10.);
#3097=VECTOR('',#10031,10.);
#3098=VECTOR('',#10034,10.);
#3099=VECTOR('',#10035,10.);
#3100=VECTOR('',#10038,10.);
#3101=VECTOR('',#10041,10.);
#3102=VECTOR('',#10042,10.);
#3103=VECTOR('',#10043,10.);
#3104=VECTOR('',#10046,10.);
#3105=VECTOR('',#10047,10.);
#3106=VECTOR('',#10050,10.);
#3107=VECTOR('',#10051,10.);
#3108=VECTOR('',#10054,10.);
#3109=VECTOR('',#10057,10.);
#3110=VECTOR('',#10058,10.);
#3111=VECTOR('',#10059,10.);
#3112=VECTOR('',#10062,10.);
#3113=VECTOR('',#10063,10.);
#3114=VECTOR('',#10066,10.);
#3115=VECTOR('',#10067,10.);
#3116=VECTOR('',#10070,10.);
#3117=VECTOR('',#10073,10.);
#3118=VECTOR('',#10074,10.);
#3119=VECTOR('',#10075,10.);
#3120=VECTOR('',#10078,10.);
#3121=VECTOR('',#10079,10.);
#3122=VECTOR('',#10082,10.);
#3123=VECTOR('',#10083,10.);
#3124=VECTOR('',#10086,10.);
#3125=VECTOR('',#10089,10.);
#3126=VECTOR('',#10090,10.);
#3127=VECTOR('',#10091,10.);
#3128=VECTOR('',#10094,10.);
#3129=VECTOR('',#10095,10.);
#3130=VECTOR('',#10098,10.);
#3131=VECTOR('',#10099,10.);
#3132=VECTOR('',#10102,10.);
#3133=VECTOR('',#10105,10.);
#3134=VECTOR('',#10106,10.);
#3135=VECTOR('',#10107,10.);
#3136=VECTOR('',#10110,10.);
#3137=VECTOR('',#10111,10.);
#3138=VECTOR('',#10114,10.);
#3139=VECTOR('',#10115,10.);
#3140=VECTOR('',#10118,10.);
#3141=VECTOR('',#10121,10.);
#3142=VECTOR('',#10122,10.);
#3143=VECTOR('',#10123,10.);
#3144=VECTOR('',#10126,10.);
#3145=VECTOR('',#10127,10.);
#3146=VECTOR('',#10130,10.);
#3147=VECTOR('',#10131,10.);
#3148=VECTOR('',#10134,10.);
#3149=VECTOR('',#10141,1.9016);
#3150=VECTOR('',#10146,1.9016);
#3151=VECTOR('',#10149,1.9016);
#3152=VECTOR('',#10152,1.9016);
#3153=VECTOR('',#10155,1.9016);
#3154=VECTOR('',#10168,5.);
#3155=VECTOR('',#10173,1.5);
#3156=VECTOR('',#10178,1.5);
#3157=VECTOR('',#10183,1.5);
#3158=VECTOR('',#10186,1.5);
#3159=VECTOR('',#10189,1.5);
#3160=VECTOR('',#10192,1.5);
#3161=VECTOR('',#10195,1.5);
#3162=VECTOR('',#10210,4.);
#3163=VECTOR('',#10221,4.);
#3164=VECTOR('',#10228,2.4265);
#3165=VECTOR('',#10233,2.4265);
#3166=VECTOR('',#10242,4.);
#3167=VECTOR('',#10249,7.);
#3168=VECTOR('',#10252,7.);
#3169=VECTOR('',#10255,10.);
#3170=VECTOR('',#10256,7.);
#3171=VECTOR('',#10257,10.);
#3172=VECTOR('',#10262,7.);
#3173=VECTOR('',#10265,7.);
#3174=VECTOR('',#10270,10.);
#3175=VECTOR('',#10275,10.);
#3176=VECTOR('',#10276,7.);
#3177=VECTOR('',#10277,10.);
#3178=VECTOR('',#10292,7.);
#3179=VECTOR('',#10297,10.);
#3180=VECTOR('',#10304,7.);
#3181=VECTOR('',#10323,4.);
#3182=VECTOR('',#10330,2.4265);
#3183=VECTOR('',#10335,2.4265);
#3184=VECTOR('',#10344,4.);
#3185=VECTOR('',#10351,7.);
#3186=VECTOR('',#10354,7.);
#3187=VECTOR('',#10357,10.);
#3188=VECTOR('',#10358,7.);
#3189=VECTOR('',#10359,10.);
#3190=VECTOR('',#10364,7.);
#3191=VECTOR('',#10367,7.);
#3192=VECTOR('',#10372,10.);
#3193=VECTOR('',#10377,10.);
#3194=VECTOR('',#10378,7.);
#3195=VECTOR('',#10379,10.);
#3196=VECTOR('',#10396,7.);
#3197=VECTOR('',#10401,10.);
#3198=VECTOR('',#10406,7.);
#3199=VERTEX_POINT('',#10430);
#3200=VERTEX_POINT('',#10431);
#3201=VERTEX_POINT('',#10433);
#3202=VERTEX_POINT('',#10435);
#3203=VERTEX_POINT('',#10439);
#3204=VERTEX_POINT('',#10441);
#3205=VERTEX_POINT('',#10445);
#3206=VERTEX_POINT('',#10447);
#3207=VERTEX_POINT('',#10451);
#3208=VERTEX_POINT('',#10452);
#3209=VERTEX_POINT('',#10454);
#3210=VERTEX_POINT('',#10456);
#3211=VERTEX_POINT('',#10460);
#3212=VERTEX_POINT('',#10462);
#3213=VERTEX_POINT('',#10466);
#3214=VERTEX_POINT('',#10468);
#3215=VERTEX_POINT('',#10472);
#3216=VERTEX_POINT('',#10473);
#3217=VERTEX_POINT('',#10475);
#3218=VERTEX_POINT('',#10477);
#3219=VERTEX_POINT('',#10481);
#3220=VERTEX_POINT('',#10483);
#3221=VERTEX_POINT('',#10487);
#3222=VERTEX_POINT('',#10489);
#3223=VERTEX_POINT('',#10493);
#3224=VERTEX_POINT('',#10494);
#3225=VERTEX_POINT('',#10496);
#3226=VERTEX_POINT('',#10498);
#3227=VERTEX_POINT('',#10502);
#3228=VERTEX_POINT('',#10504);
#3229=VERTEX_POINT('',#10508);
#3230=VERTEX_POINT('',#10510);
#3231=VERTEX_POINT('',#10514);
#3232=VERTEX_POINT('',#10515);
#3233=VERTEX_POINT('',#10517);
#3234=VERTEX_POINT('',#10519);
#3235=VERTEX_POINT('',#10523);
#3236=VERTEX_POINT('',#10525);
#3237=VERTEX_POINT('',#10529);
#3238=VERTEX_POINT('',#10531);
#3239=VERTEX_POINT('',#10535);
#3240=VERTEX_POINT('',#10536);
#3241=VERTEX_POINT('',#10538);
#3242=VERTEX_POINT('',#10540);
#3243=VERTEX_POINT('',#10544);
#3244=VERTEX_POINT('',#10546);
#3245=VERTEX_POINT('',#10550);
#3246=VERTEX_POINT('',#10552);
#3247=VERTEX_POINT('',#10556);
#3248=VERTEX_POINT('',#10557);
#3249=VERTEX_POINT('',#10559);
#3250=VERTEX_POINT('',#10561);
#3251=VERTEX_POINT('',#10565);
#3252=VERTEX_POINT('',#10567);
#3253=VERTEX_POINT('',#10571);
#3254=VERTEX_POINT('',#10573);
#3255=VERTEX_POINT('',#10577);
#3256=VERTEX_POINT('',#10578);
#3257=VERTEX_POINT('',#10580);
#3258=VERTEX_POINT('',#10582);
#3259=VERTEX_POINT('',#10586);
#3260=VERTEX_POINT('',#10588);
#3261=VERTEX_POINT('',#10592);
#3262=VERTEX_POINT('',#10594);
#3263=VERTEX_POINT('',#10598);
#3264=VERTEX_POINT('',#10599);
#3265=VERTEX_POINT('',#10601);
#3266=VERTEX_POINT('',#10603);
#3267=VERTEX_POINT('',#10607);
#3268=VERTEX_POINT('',#10609);
#3269=VERTEX_POINT('',#10613);
#3270=VERTEX_POINT('',#10615);
#3271=VERTEX_POINT('',#10619);
#3272=VERTEX_POINT('',#10620);
#3273=VERTEX_POINT('',#10622);
#3274=VERTEX_POINT('',#10624);
#3275=VERTEX_POINT('',#10628);
#3276=VERTEX_POINT('',#10630);
#3277=VERTEX_POINT('',#10634);
#3278=VERTEX_POINT('',#10636);
#3279=VERTEX_POINT('',#10640);
#3280=VERTEX_POINT('',#10641);
#3281=VERTEX_POINT('',#10643);
#3282=VERTEX_POINT('',#10645);
#3283=VERTEX_POINT('',#10649);
#3284=VERTEX_POINT('',#10651);
#3285=VERTEX_POINT('',#10655);
#3286=VERTEX_POINT('',#10657);
#3287=VERTEX_POINT('',#10661);
#3288=VERTEX_POINT('',#10662);
#3289=VERTEX_POINT('',#10664);
#3290=VERTEX_POINT('',#10666);
#3291=VERTEX_POINT('',#10670);
#3292=VERTEX_POINT('',#10672);
#3293=VERTEX_POINT('',#10676);
#3294=VERTEX_POINT('',#10678);
#3295=VERTEX_POINT('',#10682);
#3296=VERTEX_POINT('',#10683);
#3297=VERTEX_POINT('',#10685);
#3298=VERTEX_POINT('',#10687);
#3299=VERTEX_POINT('',#10691);
#3300=VERTEX_POINT('',#10693);
#3301=VERTEX_POINT('',#10697);
#3302=VERTEX_POINT('',#10699);
#3303=VERTEX_POINT('',#10703);
#3304=VERTEX_POINT('',#10704);
#3305=VERTEX_POINT('',#10706);
#3306=VERTEX_POINT('',#10708);
#3307=VERTEX_POINT('',#10712);
#3308=VERTEX_POINT('',#10714);
#3309=VERTEX_POINT('',#10718);
#3310=VERTEX_POINT('',#10720);
#3311=VERTEX_POINT('',#10724);
#3312=VERTEX_POINT('',#10725);
#3313=VERTEX_POINT('',#10727);
#3314=VERTEX_POINT('',#10729);
#3315=VERTEX_POINT('',#10733);
#3316=VERTEX_POINT('',#10735);
#3317=VERTEX_POINT('',#10739);
#3318=VERTEX_POINT('',#10741);
#3319=VERTEX_POINT('',#10745);
#3320=VERTEX_POINT('',#10746);
#3321=VERTEX_POINT('',#10748);
#3322=VERTEX_POINT('',#10750);
#3323=VERTEX_POINT('',#10754);
#3324=VERTEX_POINT('',#10756);
#3325=VERTEX_POINT('',#10760);
#3326=VERTEX_POINT('',#10762);
#3327=VERTEX_POINT('',#10766);
#3328=VERTEX_POINT('',#10767);
#3329=VERTEX_POINT('',#10769);
#3330=VERTEX_POINT('',#10771);
#3331=VERTEX_POINT('',#10775);
#3332=VERTEX_POINT('',#10777);
#3333=VERTEX_POINT('',#10781);
#3334=VERTEX_POINT('',#10783);
#3335=VERTEX_POINT('',#10787);
#3336=VERTEX_POINT('',#10788);
#3337=VERTEX_POINT('',#10790);
#3338=VERTEX_POINT('',#10792);
#3339=VERTEX_POINT('',#10796);
#3340=VERTEX_POINT('',#10798);
#3341=VERTEX_POINT('',#10802);
#3342=VERTEX_POINT('',#10804);
#3343=VERTEX_POINT('',#10808);
#3344=VERTEX_POINT('',#10809);
#3345=VERTEX_POINT('',#10811);
#3346=VERTEX_POINT('',#10813);
#3347=VERTEX_POINT('',#10817);
#3348=VERTEX_POINT('',#10819);
#3349=VERTEX_POINT('',#10823);
#3350=VERTEX_POINT('',#10825);
#3351=VERTEX_POINT('',#10829);
#3352=VERTEX_POINT('',#10830);
#3353=VERTEX_POINT('',#10832);
#3354=VERTEX_POINT('',#10834);
#3355=VERTEX_POINT('',#10838);
#3356=VERTEX_POINT('',#10840);
#3357=VERTEX_POINT('',#10844);
#3358=VERTEX_POINT('',#10846);
#3359=VERTEX_POINT('',#10850);
#3360=VERTEX_POINT('',#10851);
#3361=VERTEX_POINT('',#10853);
#3362=VERTEX_POINT('',#10855);
#3363=VERTEX_POINT('',#10859);
#3364=VERTEX_POINT('',#10861);
#3365=VERTEX_POINT('',#10865);
#3366=VERTEX_POINT('',#10867);
#3367=VERTEX_POINT('',#10871);
#3368=VERTEX_POINT('',#10872);
#3369=VERTEX_POINT('',#10874);
#3370=VERTEX_POINT('',#10876);
#3371=VERTEX_POINT('',#10880);
#3372=VERTEX_POINT('',#10882);
#3373=VERTEX_POINT('',#10886);
#3374=VERTEX_POINT('',#10888);
#3375=VERTEX_POINT('',#10892);
#3376=VERTEX_POINT('',#10893);
#3377=VERTEX_POINT('',#10895);
#3378=VERTEX_POINT('',#10897);
#3379=VERTEX_POINT('',#10901);
#3380=VERTEX_POINT('',#10903);
#3381=VERTEX_POINT('',#10907);
#3382=VERTEX_POINT('',#10909);
#3383=VERTEX_POINT('',#10913);
#3384=VERTEX_POINT('',#10914);
#3385=VERTEX_POINT('',#10916);
#3386=VERTEX_POINT('',#10918);
#3387=VERTEX_POINT('',#10922);
#3388=VERTEX_POINT('',#10924);
#3389=VERTEX_POINT('',#10928);
#3390=VERTEX_POINT('',#10930);
#3391=VERTEX_POINT('',#10934);
#3392=VERTEX_POINT('',#10935);
#3393=VERTEX_POINT('',#10937);
#3394=VERTEX_POINT('',#10939);
#3395=VERTEX_POINT('',#10943);
#3396=VERTEX_POINT('',#10945);
#3397=VERTEX_POINT('',#10949);
#3398=VERTEX_POINT('',#10951);
#3399=VERTEX_POINT('',#10955);
#3400=VERTEX_POINT('',#10956);
#3401=VERTEX_POINT('',#10958);
#3402=VERTEX_POINT('',#10960);
#3403=VERTEX_POINT('',#10964);
#3404=VERTEX_POINT('',#10966);
#3405=VERTEX_POINT('',#10970);
#3406=VERTEX_POINT('',#10972);
#3407=VERTEX_POINT('',#10976);
#3408=VERTEX_POINT('',#10977);
#3409=VERTEX_POINT('',#10979);
#3410=VERTEX_POINT('',#10981);
#3411=VERTEX_POINT('',#10985);
#3412=VERTEX_POINT('',#10987);
#3413=VERTEX_POINT('',#10991);
#3414=VERTEX_POINT('',#10993);
#3415=VERTEX_POINT('',#10997);
#3416=VERTEX_POINT('',#10998);
#3417=VERTEX_POINT('',#11000);
#3418=VERTEX_POINT('',#11002);
#3419=VERTEX_POINT('',#11006);
#3420=VERTEX_POINT('',#11008);
#3421=VERTEX_POINT('',#11012);
#3422=VERTEX_POINT('',#11014);
#3423=VERTEX_POINT('',#11018);
#3424=VERTEX_POINT('',#11019);
#3425=VERTEX_POINT('',#11021);
#3426=VERTEX_POINT('',#11023);
#3427=VERTEX_POINT('',#11027);
#3428=VERTEX_POINT('',#11029);
#3429=VERTEX_POINT('',#11033);
#3430=VERTEX_POINT('',#11035);
#3431=VERTEX_POINT('',#11039);
#3432=VERTEX_POINT('',#11040);
#3433=VERTEX_POINT('',#11042);
#3434=VERTEX_POINT('',#11044);
#3435=VERTEX_POINT('',#11048);
#3436=VERTEX_POINT('',#11050);
#3437=VERTEX_POINT('',#11054);
#3438=VERTEX_POINT('',#11056);
#3439=VERTEX_POINT('',#11060);
#3440=VERTEX_POINT('',#11061);
#3441=VERTEX_POINT('',#11063);
#3442=VERTEX_POINT('',#11065);
#3443=VERTEX_POINT('',#11069);
#3444=VERTEX_POINT('',#11071);
#3445=VERTEX_POINT('',#11075);
#3446=VERTEX_POINT('',#11077);
#3447=VERTEX_POINT('',#11081);
#3448=VERTEX_POINT('',#11082);
#3449=VERTEX_POINT('',#11084);
#3450=VERTEX_POINT('',#11086);
#3451=VERTEX_POINT('',#11090);
#3452=VERTEX_POINT('',#11092);
#3453=VERTEX_POINT('',#11096);
#3454=VERTEX_POINT('',#11098);
#3455=VERTEX_POINT('',#11102);
#3456=VERTEX_POINT('',#11103);
#3457=VERTEX_POINT('',#11105);
#3458=VERTEX_POINT('',#11107);
#3459=VERTEX_POINT('',#11111);
#3460=VERTEX_POINT('',#11113);
#3461=VERTEX_POINT('',#11117);
#3462=VERTEX_POINT('',#11119);
#3463=VERTEX_POINT('',#11123);
#3464=VERTEX_POINT('',#11124);
#3465=VERTEX_POINT('',#11126);
#3466=VERTEX_POINT('',#11128);
#3467=VERTEX_POINT('',#11132);
#3468=VERTEX_POINT('',#11134);
#3469=VERTEX_POINT('',#11138);
#3470=VERTEX_POINT('',#11140);
#3471=VERTEX_POINT('',#11144);
#3472=VERTEX_POINT('',#11145);
#3473=VERTEX_POINT('',#11147);
#3474=VERTEX_POINT('',#11149);
#3475=VERTEX_POINT('',#11153);
#3476=VERTEX_POINT('',#11155);
#3477=VERTEX_POINT('',#11159);
#3478=VERTEX_POINT('',#11161);
#3479=VERTEX_POINT('',#11165);
#3480=VERTEX_POINT('',#11166);
#3481=VERTEX_POINT('',#11168);
#3482=VERTEX_POINT('',#11170);
#3483=VERTEX_POINT('',#11174);
#3484=VERTEX_POINT('',#11176);
#3485=VERTEX_POINT('',#11180);
#3486=VERTEX_POINT('',#11182);
#3487=VERTEX_POINT('',#11186);
#3488=VERTEX_POINT('',#11187);
#3489=VERTEX_POINT('',#11189);
#3490=VERTEX_POINT('',#11191);
#3491=VERTEX_POINT('',#11195);
#3492=VERTEX_POINT('',#11197);
#3493=VERTEX_POINT('',#11201);
#3494=VERTEX_POINT('',#11203);
#3495=VERTEX_POINT('',#11207);
#3496=VERTEX_POINT('',#11208);
#3497=VERTEX_POINT('',#11210);
#3498=VERTEX_POINT('',#11212);
#3499=VERTEX_POINT('',#11216);
#3500=VERTEX_POINT('',#11218);
#3501=VERTEX_POINT('',#11222);
#3502=VERTEX_POINT('',#11224);
#3503=VERTEX_POINT('',#11228);
#3504=VERTEX_POINT('',#11229);
#3505=VERTEX_POINT('',#11231);
#3506=VERTEX_POINT('',#11233);
#3507=VERTEX_POINT('',#11237);
#3508=VERTEX_POINT('',#11239);
#3509=VERTEX_POINT('',#11243);
#3510=VERTEX_POINT('',#11245);
#3511=VERTEX_POINT('',#11249);
#3512=VERTEX_POINT('',#11250);
#3513=VERTEX_POINT('',#11252);
#3514=VERTEX_POINT('',#11254);
#3515=VERTEX_POINT('',#11258);
#3516=VERTEX_POINT('',#11260);
#3517=VERTEX_POINT('',#11264);
#3518=VERTEX_POINT('',#11266);
#3519=VERTEX_POINT('',#11270);
#3520=VERTEX_POINT('',#11272);
#3521=VERTEX_POINT('',#11294);
#3522=VERTEX_POINT('',#11296);
#3523=VERTEX_POINT('',#11320);
#3524=VERTEX_POINT('',#11321);
#3525=VERTEX_POINT('',#11323);
#3526=VERTEX_POINT('',#11325);
#3527=VERTEX_POINT('',#11330);
#3528=VERTEX_POINT('',#11331);
#3529=VERTEX_POINT('',#11333);
#3530=VERTEX_POINT('',#11335);
#3531=VERTEX_POINT('',#11340);
#3532=VERTEX_POINT('',#11341);
#3533=VERTEX_POINT('',#11343);
#3534=VERTEX_POINT('',#11345);
#3535=VERTEX_POINT('',#11350);
#3536=VERTEX_POINT('',#11351);
#3537=VERTEX_POINT('',#11353);
#3538=VERTEX_POINT('',#11355);
#3539=VERTEX_POINT('',#11360);
#3540=VERTEX_POINT('',#11361);
#3541=VERTEX_POINT('',#11363);
#3542=VERTEX_POINT('',#11365);
#3543=VERTEX_POINT('',#11370);
#3544=VERTEX_POINT('',#11371);
#3545=VERTEX_POINT('',#11373);
#3546=VERTEX_POINT('',#11375);
#3547=VERTEX_POINT('',#11380);
#3548=VERTEX_POINT('',#11381);
#3549=VERTEX_POINT('',#11383);
#3550=VERTEX_POINT('',#11385);
#3551=VERTEX_POINT('',#11390);
#3552=VERTEX_POINT('',#11391);
#3553=VERTEX_POINT('',#11393);
#3554=VERTEX_POINT('',#11395);
#3555=VERTEX_POINT('',#11400);
#3556=VERTEX_POINT('',#11401);
#3557=VERTEX_POINT('',#11403);
#3558=VERTEX_POINT('',#11405);
#3559=VERTEX_POINT('',#11410);
#3560=VERTEX_POINT('',#11411);
#3561=VERTEX_POINT('',#11413);
#3562=VERTEX_POINT('',#11415);
#3563=VERTEX_POINT('',#11420);
#3564=VERTEX_POINT('',#11421);
#3565=VERTEX_POINT('',#11423);
#3566=VERTEX_POINT('',#11425);
#3567=VERTEX_POINT('',#11430);
#3568=VERTEX_POINT('',#11431);
#3569=VERTEX_POINT('',#11433);
#3570=VERTEX_POINT('',#11435);
#3571=VERTEX_POINT('',#11440);
#3572=VERTEX_POINT('',#11441);
#3573=VERTEX_POINT('',#11443);
#3574=VERTEX_POINT('',#11445);
#3575=VERTEX_POINT('',#11450);
#3576=VERTEX_POINT('',#11451);
#3577=VERTEX_POINT('',#11453);
#3578=VERTEX_POINT('',#11455);
#3579=VERTEX_POINT('',#11460);
#3580=VERTEX_POINT('',#11461);
#3581=VERTEX_POINT('',#11463);
#3582=VERTEX_POINT('',#11465);
#3583=VERTEX_POINT('',#11470);
#3584=VERTEX_POINT('',#11471);
#3585=VERTEX_POINT('',#11473);
#3586=VERTEX_POINT('',#11475);
#3587=VERTEX_POINT('',#11480);
#3588=VERTEX_POINT('',#11481);
#3589=VERTEX_POINT('',#11483);
#3590=VERTEX_POINT('',#11485);
#3591=VERTEX_POINT('',#11490);
#3592=VERTEX_POINT('',#11491);
#3593=VERTEX_POINT('',#11493);
#3594=VERTEX_POINT('',#11495);
#3595=VERTEX_POINT('',#11500);
#3596=VERTEX_POINT('',#11501);
#3597=VERTEX_POINT('',#11503);
#3598=VERTEX_POINT('',#11505);
#3599=VERTEX_POINT('',#11510);
#3600=VERTEX_POINT('',#11511);
#3601=VERTEX_POINT('',#11513);
#3602=VERTEX_POINT('',#11515);
#3603=VERTEX_POINT('',#11520);
#3604=VERTEX_POINT('',#11521);
#3605=VERTEX_POINT('',#11523);
#3606=VERTEX_POINT('',#11525);
#3607=VERTEX_POINT('',#11530);
#3608=VERTEX_POINT('',#11531);
#3609=VERTEX_POINT('',#11533);
#3610=VERTEX_POINT('',#11535);
#3611=VERTEX_POINT('',#11540);
#3612=VERTEX_POINT('',#11541);
#3613=VERTEX_POINT('',#11543);
#3614=VERTEX_POINT('',#11545);
#3615=VERTEX_POINT('',#11550);
#3616=VERTEX_POINT('',#11551);
#3617=VERTEX_POINT('',#11553);
#3618=VERTEX_POINT('',#11555);
#3619=VERTEX_POINT('',#11560);
#3620=VERTEX_POINT('',#11561);
#3621=VERTEX_POINT('',#11563);
#3622=VERTEX_POINT('',#11565);
#3623=VERTEX_POINT('',#11570);
#3624=VERTEX_POINT('',#11571);
#3625=VERTEX_POINT('',#11573);
#3626=VERTEX_POINT('',#11575);
#3627=VERTEX_POINT('',#11580);
#3628=VERTEX_POINT('',#11581);
#3629=VERTEX_POINT('',#11583);
#3630=VERTEX_POINT('',#11585);
#3631=VERTEX_POINT('',#11590);
#3632=VERTEX_POINT('',#11591);
#3633=VERTEX_POINT('',#11593);
#3634=VERTEX_POINT('',#11595);
#3635=VERTEX_POINT('',#11600);
#3636=VERTEX_POINT('',#11601);
#3637=VERTEX_POINT('',#11603);
#3638=VERTEX_POINT('',#11605);
#3639=VERTEX_POINT('',#11610);
#3640=VERTEX_POINT('',#11611);
#3641=VERTEX_POINT('',#11613);
#3642=VERTEX_POINT('',#11615);
#3643=VERTEX_POINT('',#11620);
#3644=VERTEX_POINT('',#11621);
#3645=VERTEX_POINT('',#11623);
#3646=VERTEX_POINT('',#11625);
#3647=VERTEX_POINT('',#11630);
#3648=VERTEX_POINT('',#11631);
#3649=VERTEX_POINT('',#11633);
#3650=VERTEX_POINT('',#11635);
#3651=VERTEX_POINT('',#11640);
#3652=VERTEX_POINT('',#11641);
#3653=VERTEX_POINT('',#11643);
#3654=VERTEX_POINT('',#11645);
#3655=VERTEX_POINT('',#11650);
#3656=VERTEX_POINT('',#11651);
#3657=VERTEX_POINT('',#11653);
#3658=VERTEX_POINT('',#11655);
#3659=VERTEX_POINT('',#11660);
#3660=VERTEX_POINT('',#11661);
#3661=VERTEX_POINT('',#11663);
#3662=VERTEX_POINT('',#11665);
#3663=VERTEX_POINT('',#11670);
#3664=VERTEX_POINT('',#11671);
#3665=VERTEX_POINT('',#11673);
#3666=VERTEX_POINT('',#11675);
#3667=VERTEX_POINT('',#11680);
#3668=VERTEX_POINT('',#11681);
#3669=VERTEX_POINT('',#11683);
#3670=VERTEX_POINT('',#11685);
#3671=VERTEX_POINT('',#11690);
#3672=VERTEX_POINT('',#11691);
#3673=VERTEX_POINT('',#11693);
#3674=VERTEX_POINT('',#11695);
#3675=VERTEX_POINT('',#11700);
#3676=VERTEX_POINT('',#11701);
#3677=VERTEX_POINT('',#11703);
#3678=VERTEX_POINT('',#11705);
#3679=VERTEX_POINT('',#11710);
#3680=VERTEX_POINT('',#11711);
#3681=VERTEX_POINT('',#11713);
#3682=VERTEX_POINT('',#11715);
#3683=VERTEX_POINT('',#11719);
#3684=VERTEX_POINT('',#11720);
#3685=VERTEX_POINT('',#11725);
#3686=VERTEX_POINT('',#11729);
#3687=VERTEX_POINT('',#11735);
#3688=VERTEX_POINT('',#11736);
#3689=VERTEX_POINT('',#11741);
#3690=VERTEX_POINT('',#11745);
#3691=VERTEX_POINT('',#11751);
#3692=VERTEX_POINT('',#11752);
#3693=VERTEX_POINT('',#11757);
#3694=VERTEX_POINT('',#11761);
#3695=VERTEX_POINT('',#11767);
#3696=VERTEX_POINT('',#11768);
#3697=VERTEX_POINT('',#11773);
#3698=VERTEX_POINT('',#11777);
#3699=VERTEX_POINT('',#11783);
#3700=VERTEX_POINT('',#11784);
#3701=VERTEX_POINT('',#11789);
#3702=VERTEX_POINT('',#11793);
#3703=VERTEX_POINT('',#11799);
#3704=VERTEX_POINT('',#11800);
#3705=VERTEX_POINT('',#11805);
#3706=VERTEX_POINT('',#11809);
#3707=VERTEX_POINT('',#11815);
#3708=VERTEX_POINT('',#11816);
#3709=VERTEX_POINT('',#11821);
#3710=VERTEX_POINT('',#11825);
#3711=VERTEX_POINT('',#11831);
#3712=VERTEX_POINT('',#11832);
#3713=VERTEX_POINT('',#11837);
#3714=VERTEX_POINT('',#11841);
#3715=VERTEX_POINT('',#11847);
#3716=VERTEX_POINT('',#11848);
#3717=VERTEX_POINT('',#11853);
#3718=VERTEX_POINT('',#11857);
#3719=VERTEX_POINT('',#11863);
#3720=VERTEX_POINT('',#11864);
#3721=VERTEX_POINT('',#11869);
#3722=VERTEX_POINT('',#11873);
#3723=VERTEX_POINT('',#11879);
#3724=VERTEX_POINT('',#11880);
#3725=VERTEX_POINT('',#11885);
#3726=VERTEX_POINT('',#11889);
#3727=VERTEX_POINT('',#11895);
#3728=VERTEX_POINT('',#11896);
#3729=VERTEX_POINT('',#11901);
#3730=VERTEX_POINT('',#11905);
#3731=VERTEX_POINT('',#11911);
#3732=VERTEX_POINT('',#11912);
#3733=VERTEX_POINT('',#11917);
#3734=VERTEX_POINT('',#11921);
#3735=VERTEX_POINT('',#11927);
#3736=VERTEX_POINT('',#11928);
#3737=VERTEX_POINT('',#11933);
#3738=VERTEX_POINT('',#11937);
#3739=VERTEX_POINT('',#11943);
#3740=VERTEX_POINT('',#11944);
#3741=VERTEX_POINT('',#11949);
#3742=VERTEX_POINT('',#11953);
#3743=VERTEX_POINT('',#11959);
#3744=VERTEX_POINT('',#11960);
#3745=VERTEX_POINT('',#11965);
#3746=VERTEX_POINT('',#11969);
#3747=VERTEX_POINT('',#11975);
#3748=VERTEX_POINT('',#11976);
#3749=VERTEX_POINT('',#11981);
#3750=VERTEX_POINT('',#11985);
#3751=VERTEX_POINT('',#11991);
#3752=VERTEX_POINT('',#11992);
#3753=VERTEX_POINT('',#11997);
#3754=VERTEX_POINT('',#12001);
#3755=VERTEX_POINT('',#12007);
#3756=VERTEX_POINT('',#12008);
#3757=VERTEX_POINT('',#12013);
#3758=VERTEX_POINT('',#12017);
#3759=VERTEX_POINT('',#12023);
#3760=VERTEX_POINT('',#12024);
#3761=VERTEX_POINT('',#12029);
#3762=VERTEX_POINT('',#12033);
#3763=VERTEX_POINT('',#12039);
#3764=VERTEX_POINT('',#12040);
#3765=VERTEX_POINT('',#12045);
#3766=VERTEX_POINT('',#12049);
#3767=VERTEX_POINT('',#12055);
#3768=VERTEX_POINT('',#12056);
#3769=VERTEX_POINT('',#12061);
#3770=VERTEX_POINT('',#12065);
#3771=VERTEX_POINT('',#12071);
#3772=VERTEX_POINT('',#12072);
#3773=VERTEX_POINT('',#12077);
#3774=VERTEX_POINT('',#12081);
#3775=VERTEX_POINT('',#12087);
#3776=VERTEX_POINT('',#12088);
#3777=VERTEX_POINT('',#12093);
#3778=VERTEX_POINT('',#12097);
#3779=VERTEX_POINT('',#12103);
#3780=VERTEX_POINT('',#12104);
#3781=VERTEX_POINT('',#12109);
#3782=VERTEX_POINT('',#12113);
#3783=VERTEX_POINT('',#12119);
#3784=VERTEX_POINT('',#12120);
#3785=VERTEX_POINT('',#12125);
#3786=VERTEX_POINT('',#12129);
#3787=VERTEX_POINT('',#12135);
#3788=VERTEX_POINT('',#12136);
#3789=VERTEX_POINT('',#12141);
#3790=VERTEX_POINT('',#12145);
#3791=VERTEX_POINT('',#12151);
#3792=VERTEX_POINT('',#12152);
#3793=VERTEX_POINT('',#12157);
#3794=VERTEX_POINT('',#12161);
#3795=VERTEX_POINT('',#12167);
#3796=VERTEX_POINT('',#12168);
#3797=VERTEX_POINT('',#12173);
#3798=VERTEX_POINT('',#12177);
#3799=VERTEX_POINT('',#12183);
#3800=VERTEX_POINT('',#12184);
#3801=VERTEX_POINT('',#12189);
#3802=VERTEX_POINT('',#12193);
#3803=VERTEX_POINT('',#12199);
#3804=VERTEX_POINT('',#12200);
#3805=VERTEX_POINT('',#12205);
#3806=VERTEX_POINT('',#12209);
#3807=VERTEX_POINT('',#12215);
#3808=VERTEX_POINT('',#12216);
#3809=VERTEX_POINT('',#12221);
#3810=VERTEX_POINT('',#12225);
#3811=VERTEX_POINT('',#12231);
#3812=VERTEX_POINT('',#12232);
#3813=VERTEX_POINT('',#12237);
#3814=VERTEX_POINT('',#12241);
#3815=VERTEX_POINT('',#12247);
#3816=VERTEX_POINT('',#12248);
#3817=VERTEX_POINT('',#12253);
#3818=VERTEX_POINT('',#12257);
#3819=VERTEX_POINT('',#12263);
#3820=VERTEX_POINT('',#12264);
#3821=VERTEX_POINT('',#12269);
#3822=VERTEX_POINT('',#12273);
#3823=VERTEX_POINT('',#12279);
#3824=VERTEX_POINT('',#12280);
#3825=VERTEX_POINT('',#12285);
#3826=VERTEX_POINT('',#12289);
#3827=VERTEX_POINT('',#12295);
#3828=VERTEX_POINT('',#12296);
#3829=VERTEX_POINT('',#12301);
#3830=VERTEX_POINT('',#12305);
#3831=VERTEX_POINT('',#12311);
#3832=VERTEX_POINT('',#12312);
#3833=VERTEX_POINT('',#12317);
#3834=VERTEX_POINT('',#12321);
#3835=VERTEX_POINT('',#12327);
#3836=VERTEX_POINT('',#12328);
#3837=VERTEX_POINT('',#12333);
#3838=VERTEX_POINT('',#12337);
#3839=VERTEX_POINT('',#12343);
#3840=VERTEX_POINT('',#12344);
#3841=VERTEX_POINT('',#12349);
#3842=VERTEX_POINT('',#12353);
#3843=VERTEX_POINT('',#12359);
#3844=VERTEX_POINT('',#12360);
#3845=VERTEX_POINT('',#12365);
#3846=VERTEX_POINT('',#12369);
#3847=VERTEX_POINT('',#12377);
#3848=VERTEX_POINT('',#12378);
#3849=VERTEX_POINT('',#12380);
#3850=VERTEX_POINT('',#12389);
#3851=VERTEX_POINT('',#12402);
#3852=VERTEX_POINT('',#12403);
#3853=VERTEX_POINT('',#12426);
#3854=VERTEX_POINT('',#12427);
#3855=VERTEX_POINT('',#12451);
#3856=VERTEX_POINT('',#12452);
#3857=VERTEX_POINT('',#12476);
#3858=VERTEX_POINT('',#12477);
#3859=VERTEX_POINT('',#12479);
#3860=VERTEX_POINT('',#12486);
#3861=VERTEX_POINT('',#12497);
#3862=VERTEX_POINT('',#12499);
#3863=VERTEX_POINT('',#12884);
#3864=VERTEX_POINT('',#13302);
#3865=VERTEX_POINT('',#13307);
#3866=VERTEX_POINT('',#13308);
#3867=VERTEX_POINT('',#13310);
#3868=VERTEX_POINT('',#13317);
#3869=VERTEX_POINT('',#13318);
#3870=VERTEX_POINT('',#13331);
#3871=VERTEX_POINT('',#13343);
#3872=VERTEX_POINT('',#13344);
#3873=VERTEX_POINT('',#13367);
#3874=VERTEX_POINT('',#13368);
#3875=VERTEX_POINT('',#13392);
#3876=VERTEX_POINT('',#13393);
#3877=VERTEX_POINT('',#13416);
#3878=VERTEX_POINT('',#13417);
#3879=VERTEX_POINT('',#13441);
#3880=VERTEX_POINT('',#13442);
#3881=VERTEX_POINT('',#13466);
#3882=VERTEX_POINT('',#13467);
#3883=VERTEX_POINT('',#13469);
#3884=VERTEX_POINT('',#13555);
#3885=VERTEX_POINT('',#13921);
#3886=VERTEX_POINT('',#13981);
#3887=VERTEX_POINT('',#14371);
#3888=VERTEX_POINT('',#14653);
#3889=VERTEX_POINT('',#14658);
#3890=VERTEX_POINT('',#14660);
#3891=VERTEX_POINT('',#14663);
#3892=VERTEX_POINT('',#14667);
#3893=VERTEX_POINT('',#14671);
#3894=VERTEX_POINT('',#14673);
#3895=VERTEX_POINT('',#14677);
#3896=VERTEX_POINT('',#14680);
#3897=VERTEX_POINT('',#14684);
#3898=VERTEX_POINT('',#14685);
#3899=VERTEX_POINT('',#14687);
#3900=VERTEX_POINT('',#14689);
#3901=VERTEX_POINT('',#14693);
#3902=VERTEX_POINT('',#14695);
#3903=VERTEX_POINT('',#14699);
#3904=VERTEX_POINT('',#14700);
#3905=VERTEX_POINT('',#14702);
#3906=VERTEX_POINT('',#14704);
#3907=VERTEX_POINT('',#14708);
#3908=VERTEX_POINT('',#14710);
#3909=VERTEX_POINT('',#14714);
#3910=VERTEX_POINT('',#14716);
#3911=VERTEX_POINT('',#14720);
#3912=VERTEX_POINT('',#14722);
#3913=VERTEX_POINT('',#14724);
#3914=VERTEX_POINT('',#14729);
#3915=VERTEX_POINT('',#14733);
#3916=VERTEX_POINT('',#14737);
#3917=VERTEX_POINT('',#14746);
#3918=VERTEX_POINT('',#14748);
#3919=VERTEX_POINT('',#14751);
#3920=VERTEX_POINT('',#14755);
#3921=VERTEX_POINT('',#14759);
#3922=VERTEX_POINT('',#14761);
#3923=VERTEX_POINT('',#14765);
#3924=VERTEX_POINT('',#14768);
#3925=VERTEX_POINT('',#14772);
#3926=VERTEX_POINT('',#14773);
#3927=VERTEX_POINT('',#14775);
#3928=VERTEX_POINT('',#14777);
#3929=VERTEX_POINT('',#14781);
#3930=VERTEX_POINT('',#14783);
#3931=VERTEX_POINT('',#14787);
#3932=VERTEX_POINT('',#14788);
#3933=VERTEX_POINT('',#14790);
#3934=VERTEX_POINT('',#14792);
#3935=VERTEX_POINT('',#14796);
#3936=VERTEX_POINT('',#14798);
#3937=VERTEX_POINT('',#14802);
#3938=VERTEX_POINT('',#14804);
#3939=VERTEX_POINT('',#14809);
#3940=VERTEX_POINT('',#14811);
#3941=VERTEX_POINT('',#14813);
#3942=VERTEX_POINT('',#14817);
#3943=VERTEX_POINT('',#14821);
#3944=VERTEX_POINT('',#14825);
#3945=EDGE_CURVE('',#3199,#3200,#1155,.T.);
#3946=EDGE_CURVE('',#3199,#3201,#1156,.T.);
#3947=EDGE_CURVE('',#3202,#3201,#1157,.T.);
#3948=EDGE_CURVE('',#3200,#3202,#1158,.T.);
#3949=EDGE_CURVE('',#3200,#3203,#1159,.T.);
#3950=EDGE_CURVE('',#3204,#3202,#1160,.T.);
#3951=EDGE_CURVE('',#3203,#3204,#1161,.T.);
#3952=EDGE_CURVE('',#3203,#3205,#1162,.T.);
#3953=EDGE_CURVE('',#3206,#3204,#1163,.T.);
#3954=EDGE_CURVE('',#3205,#3206,#1164,.T.);
#3955=EDGE_CURVE('',#3207,#3208,#1165,.T.);
#3956=EDGE_CURVE('',#3207,#3209,#1166,.T.);
#3957=EDGE_CURVE('',#3210,#3209,#1167,.T.);
#3958=EDGE_CURVE('',#3208,#3210,#1168,.T.);
#3959=EDGE_CURVE('',#3208,#3211,#1169,.T.);
#3960=EDGE_CURVE('',#3212,#3210,#1170,.T.);
#3961=EDGE_CURVE('',#3211,#3212,#1171,.T.);
#3962=EDGE_CURVE('',#3211,#3213,#1172,.T.);
#3963=EDGE_CURVE('',#3214,#3212,#1173,.T.);
#3964=EDGE_CURVE('',#3213,#3214,#1174,.T.);
#3965=EDGE_CURVE('',#3215,#3216,#1175,.T.);
#3966=EDGE_CURVE('',#3215,#3217,#1176,.T.);
#3967=EDGE_CURVE('',#3218,#3217,#1177,.T.);
#3968=EDGE_CURVE('',#3216,#3218,#1178,.T.);
#3969=EDGE_CURVE('',#3216,#3219,#1179,.T.);
#3970=EDGE_CURVE('',#3220,#3218,#1180,.T.);
#3971=EDGE_CURVE('',#3219,#3220,#1181,.T.);
#3972=EDGE_CURVE('',#3219,#3221,#1182,.T.);
#3973=EDGE_CURVE('',#3222,#3220,#1183,.T.);
#3974=EDGE_CURVE('',#3221,#3222,#1184,.T.);
#3975=EDGE_CURVE('',#3223,#3224,#1185,.T.);
#3976=EDGE_CURVE('',#3223,#3225,#1186,.T.);
#3977=EDGE_CURVE('',#3226,#3225,#1187,.T.);
#3978=EDGE_CURVE('',#3224,#3226,#1188,.T.);
#3979=EDGE_CURVE('',#3224,#3227,#1189,.T.);
#3980=EDGE_CURVE('',#3228,#3226,#1190,.T.);
#3981=EDGE_CURVE('',#3227,#3228,#1191,.T.);
#3982=EDGE_CURVE('',#3227,#3229,#1192,.T.);
#3983=EDGE_CURVE('',#3230,#3228,#1193,.T.);
#3984=EDGE_CURVE('',#3229,#3230,#1194,.T.);
#3985=EDGE_CURVE('',#3231,#3232,#1195,.T.);
#3986=EDGE_CURVE('',#3231,#3233,#1196,.T.);
#3987=EDGE_CURVE('',#3234,#3233,#1197,.T.);
#3988=EDGE_CURVE('',#3232,#3234,#1198,.T.);
#3989=EDGE_CURVE('',#3232,#3235,#1199,.T.);
#3990=EDGE_CURVE('',#3236,#3234,#1200,.T.);
#3991=EDGE_CURVE('',#3235,#3236,#1201,.T.);
#3992=EDGE_CURVE('',#3235,#3237,#1202,.T.);
#3993=EDGE_CURVE('',#3238,#3236,#1203,.T.);
#3994=EDGE_CURVE('',#3237,#3238,#1204,.T.);
#3995=EDGE_CURVE('',#3239,#3240,#1205,.T.);
#3996=EDGE_CURVE('',#3239,#3241,#1206,.T.);
#3997=EDGE_CURVE('',#3242,#3241,#1207,.T.);
#3998=EDGE_CURVE('',#3240,#3242,#1208,.T.);
#3999=EDGE_CURVE('',#3240,#3243,#1209,.T.);
#4000=EDGE_CURVE('',#3244,#3242,#1210,.T.);
#4001=EDGE_CURVE('',#3243,#3244,#1211,.T.);
#4002=EDGE_CURVE('',#3243,#3245,#1212,.T.);
#4003=EDGE_CURVE('',#3246,#3244,#1213,.T.);
#4004=EDGE_CURVE('',#3245,#3246,#1214,.T.);
#4005=EDGE_CURVE('',#3247,#3248,#1215,.T.);
#4006=EDGE_CURVE('',#3247,#3249,#1216,.T.);
#4007=EDGE_CURVE('',#3250,#3249,#1217,.T.);
#4008=EDGE_CURVE('',#3248,#3250,#1218,.T.);
#4009=EDGE_CURVE('',#3248,#3251,#1219,.T.);
#4010=EDGE_CURVE('',#3252,#3250,#1220,.T.);
#4011=EDGE_CURVE('',#3251,#3252,#1221,.T.);
#4012=EDGE_CURVE('',#3251,#3253,#1222,.T.);
#4013=EDGE_CURVE('',#3254,#3252,#1223,.T.);
#4014=EDGE_CURVE('',#3253,#3254,#1224,.T.);
#4015=EDGE_CURVE('',#3255,#3256,#1225,.T.);
#4016=EDGE_CURVE('',#3255,#3257,#1226,.T.);
#4017=EDGE_CURVE('',#3258,#3257,#1227,.T.);
#4018=EDGE_CURVE('',#3256,#3258,#1228,.T.);
#4019=EDGE_CURVE('',#3256,#3259,#1229,.T.);
#4020=EDGE_CURVE('',#3260,#3258,#1230,.T.);
#4021=EDGE_CURVE('',#3259,#3260,#1231,.T.);
#4022=EDGE_CURVE('',#3259,#3261,#1232,.T.);
#4023=EDGE_CURVE('',#3262,#3260,#1233,.T.);
#4024=EDGE_CURVE('',#3261,#3262,#1234,.T.);
#4025=EDGE_CURVE('',#3263,#3264,#1235,.T.);
#4026=EDGE_CURVE('',#3263,#3265,#1236,.T.);
#4027=EDGE_CURVE('',#3266,#3265,#1237,.T.);
#4028=EDGE_CURVE('',#3264,#3266,#1238,.T.);
#4029=EDGE_CURVE('',#3264,#3267,#1239,.T.);
#4030=EDGE_CURVE('',#3268,#3266,#1240,.T.);
#4031=EDGE_CURVE('',#3267,#3268,#1241,.T.);
#4032=EDGE_CURVE('',#3267,#3269,#1242,.T.);
#4033=EDGE_CURVE('',#3270,#3268,#1243,.T.);
#4034=EDGE_CURVE('',#3269,#3270,#1244,.T.);
#4035=EDGE_CURVE('',#3271,#3272,#1245,.T.);
#4036=EDGE_CURVE('',#3271,#3273,#1246,.T.);
#4037=EDGE_CURVE('',#3274,#3273,#1247,.T.);
#4038=EDGE_CURVE('',#3272,#3274,#1248,.T.);
#4039=EDGE_CURVE('',#3272,#3275,#1249,.T.);
#4040=EDGE_CURVE('',#3276,#3274,#1250,.T.);
#4041=EDGE_CURVE('',#3275,#3276,#1251,.T.);
#4042=EDGE_CURVE('',#3275,#3277,#1252,.T.);
#4043=EDGE_CURVE('',#3278,#3276,#1253,.T.);
#4044=EDGE_CURVE('',#3277,#3278,#1254,.T.);
#4045=EDGE_CURVE('',#3279,#3280,#1255,.T.);
#4046=EDGE_CURVE('',#3279,#3281,#1256,.T.);
#4047=EDGE_CURVE('',#3282,#3281,#1257,.T.);
#4048=EDGE_CURVE('',#3280,#3282,#1258,.T.);
#4049=EDGE_CURVE('',#3280,#3283,#1259,.T.);
#4050=EDGE_CURVE('',#3284,#3282,#1260,.T.);
#4051=EDGE_CURVE('',#3283,#3284,#1261,.T.);
#4052=EDGE_CURVE('',#3283,#3285,#1262,.T.);
#4053=EDGE_CURVE('',#3286,#3284,#1263,.T.);
#4054=EDGE_CURVE('',#3285,#3286,#1264,.T.);
#4055=EDGE_CURVE('',#3287,#3288,#1265,.T.);
#4056=EDGE_CURVE('',#3287,#3289,#1266,.T.);
#4057=EDGE_CURVE('',#3290,#3289,#1267,.T.);
#4058=EDGE_CURVE('',#3288,#3290,#1268,.T.);
#4059=EDGE_CURVE('',#3288,#3291,#1269,.T.);
#4060=EDGE_CURVE('',#3292,#3290,#1270,.T.);
#4061=EDGE_CURVE('',#3291,#3292,#1271,.T.);
#4062=EDGE_CURVE('',#3291,#3293,#1272,.T.);
#4063=EDGE_CURVE('',#3294,#3292,#1273,.T.);
#4064=EDGE_CURVE('',#3293,#3294,#1274,.T.);
#4065=EDGE_CURVE('',#3295,#3296,#1275,.T.);
#4066=EDGE_CURVE('',#3295,#3297,#1276,.T.);
#4067=EDGE_CURVE('',#3298,#3297,#1277,.T.);
#4068=EDGE_CURVE('',#3296,#3298,#1278,.T.);
#4069=EDGE_CURVE('',#3296,#3299,#1279,.T.);
#4070=EDGE_CURVE('',#3300,#3298,#1280,.T.);
#4071=EDGE_CURVE('',#3299,#3300,#1281,.T.);
#4072=EDGE_CURVE('',#3299,#3301,#1282,.T.);
#4073=EDGE_CURVE('',#3302,#3300,#1283,.T.);
#4074=EDGE_CURVE('',#3301,#3302,#1284,.T.);
#4075=EDGE_CURVE('',#3303,#3304,#1285,.T.);
#4076=EDGE_CURVE('',#3303,#3305,#1286,.T.);
#4077=EDGE_CURVE('',#3306,#3305,#1287,.T.);
#4078=EDGE_CURVE('',#3304,#3306,#1288,.T.);
#4079=EDGE_CURVE('',#3304,#3307,#1289,.T.);
#4080=EDGE_CURVE('',#3308,#3306,#1290,.T.);
#4081=EDGE_CURVE('',#3307,#3308,#1291,.T.);
#4082=EDGE_CURVE('',#3307,#3309,#1292,.T.);
#4083=EDGE_CURVE('',#3310,#3308,#1293,.T.);
#4084=EDGE_CURVE('',#3309,#3310,#1294,.T.);
#4085=EDGE_CURVE('',#3311,#3312,#1295,.T.);
#4086=EDGE_CURVE('',#3311,#3313,#1296,.T.);
#4087=EDGE_CURVE('',#3314,#3313,#1297,.T.);
#4088=EDGE_CURVE('',#3312,#3314,#1298,.T.);
#4089=EDGE_CURVE('',#3312,#3315,#1299,.T.);
#4090=EDGE_CURVE('',#3316,#3314,#1300,.T.);
#4091=EDGE_CURVE('',#3315,#3316,#1301,.T.);
#4092=EDGE_CURVE('',#3315,#3317,#1302,.T.);
#4093=EDGE_CURVE('',#3318,#3316,#1303,.T.);
#4094=EDGE_CURVE('',#3317,#3318,#1304,.T.);
#4095=EDGE_CURVE('',#3319,#3320,#1305,.T.);
#4096=EDGE_CURVE('',#3319,#3321,#1306,.T.);
#4097=EDGE_CURVE('',#3322,#3321,#1307,.T.);
#4098=EDGE_CURVE('',#3320,#3322,#1308,.T.);
#4099=EDGE_CURVE('',#3320,#3323,#1309,.T.);
#4100=EDGE_CURVE('',#3324,#3322,#1310,.T.);
#4101=EDGE_CURVE('',#3323,#3324,#1311,.T.);
#4102=EDGE_CURVE('',#3323,#3325,#1312,.T.);
#4103=EDGE_CURVE('',#3326,#3324,#1313,.T.);
#4104=EDGE_CURVE('',#3325,#3326,#1314,.T.);
#4105=EDGE_CURVE('',#3327,#3328,#1315,.T.);
#4106=EDGE_CURVE('',#3327,#3329,#1316,.T.);
#4107=EDGE_CURVE('',#3330,#3329,#1317,.T.);
#4108=EDGE_CURVE('',#3328,#3330,#1318,.T.);
#4109=EDGE_CURVE('',#3328,#3331,#1319,.T.);
#4110=EDGE_CURVE('',#3332,#3330,#1320,.T.);
#4111=EDGE_CURVE('',#3331,#3332,#1321,.T.);
#4112=EDGE_CURVE('',#3331,#3333,#1322,.T.);
#4113=EDGE_CURVE('',#3334,#3332,#1323,.T.);
#4114=EDGE_CURVE('',#3333,#3334,#1324,.T.);
#4115=EDGE_CURVE('',#3335,#3336,#1325,.T.);
#4116=EDGE_CURVE('',#3335,#3337,#1326,.T.);
#4117=EDGE_CURVE('',#3338,#3337,#1327,.T.);
#4118=EDGE_CURVE('',#3336,#3338,#1328,.T.);
#4119=EDGE_CURVE('',#3336,#3339,#1329,.T.);
#4120=EDGE_CURVE('',#3340,#3338,#1330,.T.);
#4121=EDGE_CURVE('',#3339,#3340,#1331,.T.);
#4122=EDGE_CURVE('',#3339,#3341,#1332,.T.);
#4123=EDGE_CURVE('',#3342,#3340,#1333,.T.);
#4124=EDGE_CURVE('',#3341,#3342,#1334,.T.);
#4125=EDGE_CURVE('',#3343,#3344,#1335,.T.);
#4126=EDGE_CURVE('',#3343,#3345,#1336,.T.);
#4127=EDGE_CURVE('',#3346,#3345,#1337,.T.);
#4128=EDGE_CURVE('',#3344,#3346,#1338,.T.);
#4129=EDGE_CURVE('',#3344,#3347,#1339,.T.);
#4130=EDGE_CURVE('',#3348,#3346,#1340,.T.);
#4131=EDGE_CURVE('',#3347,#3348,#1341,.T.);
#4132=EDGE_CURVE('',#3347,#3349,#1342,.T.);
#4133=EDGE_CURVE('',#3350,#3348,#1343,.T.);
#4134=EDGE_CURVE('',#3349,#3350,#1344,.T.);
#4135=EDGE_CURVE('',#3351,#3352,#1345,.T.);
#4136=EDGE_CURVE('',#3351,#3353,#1346,.T.);
#4137=EDGE_CURVE('',#3354,#3353,#1347,.T.);
#4138=EDGE_CURVE('',#3352,#3354,#1348,.T.);
#4139=EDGE_CURVE('',#3352,#3355,#1349,.T.);
#4140=EDGE_CURVE('',#3356,#3354,#1350,.T.);
#4141=EDGE_CURVE('',#3355,#3356,#1351,.T.);
#4142=EDGE_CURVE('',#3355,#3357,#1352,.T.);
#4143=EDGE_CURVE('',#3358,#3356,#1353,.T.);
#4144=EDGE_CURVE('',#3357,#3358,#1354,.T.);
#4145=EDGE_CURVE('',#3359,#3360,#1355,.T.);
#4146=EDGE_CURVE('',#3359,#3361,#1356,.T.);
#4147=EDGE_CURVE('',#3362,#3361,#1357,.T.);
#4148=EDGE_CURVE('',#3360,#3362,#1358,.T.);
#4149=EDGE_CURVE('',#3360,#3363,#1359,.T.);
#4150=EDGE_CURVE('',#3364,#3362,#1360,.T.);
#4151=EDGE_CURVE('',#3363,#3364,#1361,.T.);
#4152=EDGE_CURVE('',#3363,#3365,#1362,.T.);
#4153=EDGE_CURVE('',#3366,#3364,#1363,.T.);
#4154=EDGE_CURVE('',#3365,#3366,#1364,.T.);
#4155=EDGE_CURVE('',#3367,#3368,#1365,.T.);
#4156=EDGE_CURVE('',#3367,#3369,#1366,.T.);
#4157=EDGE_CURVE('',#3370,#3369,#1367,.T.);
#4158=EDGE_CURVE('',#3368,#3370,#1368,.T.);
#4159=EDGE_CURVE('',#3368,#3371,#1369,.T.);
#4160=EDGE_CURVE('',#3372,#3370,#1370,.T.);
#4161=EDGE_CURVE('',#3371,#3372,#1371,.T.);
#4162=EDGE_CURVE('',#3371,#3373,#1372,.T.);
#4163=EDGE_CURVE('',#3374,#3372,#1373,.T.);
#4164=EDGE_CURVE('',#3373,#3374,#1374,.T.);
#4165=EDGE_CURVE('',#3375,#3376,#1375,.T.);
#4166=EDGE_CURVE('',#3375,#3377,#1376,.T.);
#4167=EDGE_CURVE('',#3378,#3377,#1377,.T.);
#4168=EDGE_CURVE('',#3376,#3378,#1378,.T.);
#4169=EDGE_CURVE('',#3376,#3379,#1379,.T.);
#4170=EDGE_CURVE('',#3380,#3378,#1380,.T.);
#4171=EDGE_CURVE('',#3379,#3380,#1381,.T.);
#4172=EDGE_CURVE('',#3379,#3381,#1382,.T.);
#4173=EDGE_CURVE('',#3382,#3380,#1383,.T.);
#4174=EDGE_CURVE('',#3381,#3382,#1384,.T.);
#4175=EDGE_CURVE('',#3383,#3384,#1385,.T.);
#4176=EDGE_CURVE('',#3383,#3385,#1386,.T.);
#4177=EDGE_CURVE('',#3386,#3385,#1387,.T.);
#4178=EDGE_CURVE('',#3384,#3386,#1388,.T.);
#4179=EDGE_CURVE('',#3384,#3387,#1389,.T.);
#4180=EDGE_CURVE('',#3388,#3386,#1390,.T.);
#4181=EDGE_CURVE('',#3387,#3388,#1391,.T.);
#4182=EDGE_CURVE('',#3387,#3389,#1392,.T.);
#4183=EDGE_CURVE('',#3390,#3388,#1393,.T.);
#4184=EDGE_CURVE('',#3389,#3390,#1394,.T.);
#4185=EDGE_CURVE('',#3391,#3392,#1395,.T.);
#4186=EDGE_CURVE('',#3391,#3393,#1396,.T.);
#4187=EDGE_CURVE('',#3394,#3393,#1397,.T.);
#4188=EDGE_CURVE('',#3392,#3394,#1398,.T.);
#4189=EDGE_CURVE('',#3392,#3395,#1399,.T.);
#4190=EDGE_CURVE('',#3396,#3394,#1400,.T.);
#4191=EDGE_CURVE('',#3395,#3396,#1401,.T.);
#4192=EDGE_CURVE('',#3395,#3397,#1402,.T.);
#4193=EDGE_CURVE('',#3398,#3396,#1403,.T.);
#4194=EDGE_CURVE('',#3397,#3398,#1404,.T.);
#4195=EDGE_CURVE('',#3399,#3400,#1405,.T.);
#4196=EDGE_CURVE('',#3399,#3401,#1406,.T.);
#4197=EDGE_CURVE('',#3402,#3401,#1407,.T.);
#4198=EDGE_CURVE('',#3400,#3402,#1408,.T.);
#4199=EDGE_CURVE('',#3400,#3403,#1409,.T.);
#4200=EDGE_CURVE('',#3404,#3402,#1410,.T.);
#4201=EDGE_CURVE('',#3403,#3404,#1411,.T.);
#4202=EDGE_CURVE('',#3403,#3405,#1412,.T.);
#4203=EDGE_CURVE('',#3406,#3404,#1413,.T.);
#4204=EDGE_CURVE('',#3405,#3406,#1414,.T.);
#4205=EDGE_CURVE('',#3407,#3408,#1415,.T.);
#4206=EDGE_CURVE('',#3407,#3409,#1416,.T.);
#4207=EDGE_CURVE('',#3410,#3409,#1417,.T.);
#4208=EDGE_CURVE('',#3408,#3410,#1418,.T.);
#4209=EDGE_CURVE('',#3408,#3411,#1419,.T.);
#4210=EDGE_CURVE('',#3412,#3410,#1420,.T.);
#4211=EDGE_CURVE('',#3411,#3412,#1421,.T.);
#4212=EDGE_CURVE('',#3411,#3413,#1422,.T.);
#4213=EDGE_CURVE('',#3414,#3412,#1423,.T.);
#4214=EDGE_CURVE('',#3413,#3414,#1424,.T.);
#4215=EDGE_CURVE('',#3415,#3416,#1425,.T.);
#4216=EDGE_CURVE('',#3415,#3417,#1426,.T.);
#4217=EDGE_CURVE('',#3418,#3417,#1427,.T.);
#4218=EDGE_CURVE('',#3416,#3418,#1428,.T.);
#4219=EDGE_CURVE('',#3416,#3419,#1429,.T.);
#4220=EDGE_CURVE('',#3420,#3418,#1430,.T.);
#4221=EDGE_CURVE('',#3419,#3420,#1431,.T.);
#4222=EDGE_CURVE('',#3419,#3421,#1432,.T.);
#4223=EDGE_CURVE('',#3422,#3420,#1433,.T.);
#4224=EDGE_CURVE('',#3421,#3422,#1434,.T.);
#4225=EDGE_CURVE('',#3423,#3424,#1435,.T.);
#4226=EDGE_CURVE('',#3423,#3425,#1436,.T.);
#4227=EDGE_CURVE('',#3426,#3425,#1437,.T.);
#4228=EDGE_CURVE('',#3424,#3426,#1438,.T.);
#4229=EDGE_CURVE('',#3424,#3427,#1439,.T.);
#4230=EDGE_CURVE('',#3428,#3426,#1440,.T.);
#4231=EDGE_CURVE('',#3427,#3428,#1441,.T.);
#4232=EDGE_CURVE('',#3427,#3429,#1442,.T.);
#4233=EDGE_CURVE('',#3430,#3428,#1443,.T.);
#4234=EDGE_CURVE('',#3429,#3430,#1444,.T.);
#4235=EDGE_CURVE('',#3431,#3432,#1445,.T.);
#4236=EDGE_CURVE('',#3431,#3433,#1446,.T.);
#4237=EDGE_CURVE('',#3434,#3433,#1447,.T.);
#4238=EDGE_CURVE('',#3432,#3434,#1448,.T.);
#4239=EDGE_CURVE('',#3432,#3435,#1449,.T.);
#4240=EDGE_CURVE('',#3436,#3434,#1450,.T.);
#4241=EDGE_CURVE('',#3435,#3436,#1451,.T.);
#4242=EDGE_CURVE('',#3435,#3437,#1452,.T.);
#4243=EDGE_CURVE('',#3438,#3436,#1453,.T.);
#4244=EDGE_CURVE('',#3437,#3438,#1454,.T.);
#4245=EDGE_CURVE('',#3439,#3440,#1455,.T.);
#4246=EDGE_CURVE('',#3439,#3441,#1456,.T.);
#4247=EDGE_CURVE('',#3442,#3441,#1457,.T.);
#4248=EDGE_CURVE('',#3440,#3442,#1458,.T.);
#4249=EDGE_CURVE('',#3440,#3443,#1459,.T.);
#4250=EDGE_CURVE('',#3444,#3442,#1460,.T.);
#4251=EDGE_CURVE('',#3443,#3444,#1461,.T.);
#4252=EDGE_CURVE('',#3443,#3445,#1462,.T.);
#4253=EDGE_CURVE('',#3446,#3444,#1463,.T.);
#4254=EDGE_CURVE('',#3445,#3446,#1464,.T.);
#4255=EDGE_CURVE('',#3447,#3448,#1465,.T.);
#4256=EDGE_CURVE('',#3447,#3449,#1466,.T.);
#4257=EDGE_CURVE('',#3450,#3449,#1467,.T.);
#4258=EDGE_CURVE('',#3448,#3450,#1468,.T.);
#4259=EDGE_CURVE('',#3448,#3451,#1469,.T.);
#4260=EDGE_CURVE('',#3452,#3450,#1470,.T.);
#4261=EDGE_CURVE('',#3451,#3452,#1471,.T.);
#4262=EDGE_CURVE('',#3451,#3453,#1472,.T.);
#4263=EDGE_CURVE('',#3454,#3452,#1473,.T.);
#4264=EDGE_CURVE('',#3453,#3454,#1474,.T.);
#4265=EDGE_CURVE('',#3455,#3456,#1475,.T.);
#4266=EDGE_CURVE('',#3455,#3457,#1476,.T.);
#4267=EDGE_CURVE('',#3458,#3457,#1477,.T.);
#4268=EDGE_CURVE('',#3456,#3458,#1478,.T.);
#4269=EDGE_CURVE('',#3456,#3459,#1479,.T.);
#4270=EDGE_CURVE('',#3460,#3458,#1480,.T.);
#4271=EDGE_CURVE('',#3459,#3460,#1481,.T.);
#4272=EDGE_CURVE('',#3459,#3461,#1482,.T.);
#4273=EDGE_CURVE('',#3462,#3460,#1483,.T.);
#4274=EDGE_CURVE('',#3461,#3462,#1484,.T.);
#4275=EDGE_CURVE('',#3463,#3464,#1485,.T.);
#4276=EDGE_CURVE('',#3463,#3465,#1486,.T.);
#4277=EDGE_CURVE('',#3466,#3465,#1487,.T.);
#4278=EDGE_CURVE('',#3464,#3466,#1488,.T.);
#4279=EDGE_CURVE('',#3464,#3467,#1489,.T.);
#4280=EDGE_CURVE('',#3468,#3466,#1490,.T.);
#4281=EDGE_CURVE('',#3467,#3468,#1491,.T.);
#4282=EDGE_CURVE('',#3467,#3469,#1492,.T.);
#4283=EDGE_CURVE('',#3470,#3468,#1493,.T.);
#4284=EDGE_CURVE('',#3469,#3470,#1494,.T.);
#4285=EDGE_CURVE('',#3471,#3472,#1495,.T.);
#4286=EDGE_CURVE('',#3471,#3473,#1496,.T.);
#4287=EDGE_CURVE('',#3474,#3473,#1497,.T.);
#4288=EDGE_CURVE('',#3472,#3474,#1498,.T.);
#4289=EDGE_CURVE('',#3472,#3475,#1499,.T.);
#4290=EDGE_CURVE('',#3476,#3474,#1500,.T.);
#4291=EDGE_CURVE('',#3475,#3476,#1501,.T.);
#4292=EDGE_CURVE('',#3475,#3477,#1502,.T.);
#4293=EDGE_CURVE('',#3478,#3476,#1503,.T.);
#4294=EDGE_CURVE('',#3477,#3478,#1504,.T.);
#4295=EDGE_CURVE('',#3479,#3480,#1505,.T.);
#4296=EDGE_CURVE('',#3479,#3481,#1506,.T.);
#4297=EDGE_CURVE('',#3482,#3481,#1507,.T.);
#4298=EDGE_CURVE('',#3480,#3482,#1508,.T.);
#4299=EDGE_CURVE('',#3480,#3483,#1509,.T.);
#4300=EDGE_CURVE('',#3484,#3482,#1510,.T.);
#4301=EDGE_CURVE('',#3483,#3484,#1511,.T.);
#4302=EDGE_CURVE('',#3483,#3485,#1512,.T.);
#4303=EDGE_CURVE('',#3486,#3484,#1513,.T.);
#4304=EDGE_CURVE('',#3485,#3486,#1514,.T.);
#4305=EDGE_CURVE('',#3487,#3488,#1515,.T.);
#4306=EDGE_CURVE('',#3487,#3489,#1516,.T.);
#4307=EDGE_CURVE('',#3490,#3489,#1517,.T.);
#4308=EDGE_CURVE('',#3488,#3490,#1518,.T.);
#4309=EDGE_CURVE('',#3488,#3491,#1519,.T.);
#4310=EDGE_CURVE('',#3492,#3490,#1520,.T.);
#4311=EDGE_CURVE('',#3491,#3492,#1521,.T.);
#4312=EDGE_CURVE('',#3491,#3493,#1522,.T.);
#4313=EDGE_CURVE('',#3494,#3492,#1523,.T.);
#4314=EDGE_CURVE('',#3493,#3494,#1524,.T.);
#4315=EDGE_CURVE('',#3495,#3496,#1525,.T.);
#4316=EDGE_CURVE('',#3495,#3497,#1526,.T.);
#4317=EDGE_CURVE('',#3498,#3497,#1527,.T.);
#4318=EDGE_CURVE('',#3496,#3498,#1528,.T.);
#4319=EDGE_CURVE('',#3496,#3499,#1529,.T.);
#4320=EDGE_CURVE('',#3500,#3498,#1530,.T.);
#4321=EDGE_CURVE('',#3499,#3500,#1531,.T.);
#4322=EDGE_CURVE('',#3499,#3501,#1532,.T.);
#4323=EDGE_CURVE('',#3502,#3500,#1533,.T.);
#4324=EDGE_CURVE('',#3501,#3502,#1534,.T.);
#4325=EDGE_CURVE('',#3503,#3504,#1535,.T.);
#4326=EDGE_CURVE('',#3503,#3505,#1536,.T.);
#4327=EDGE_CURVE('',#3506,#3505,#1537,.T.);
#4328=EDGE_CURVE('',#3504,#3506,#1538,.T.);
#4329=EDGE_CURVE('',#3504,#3507,#1539,.T.);
#4330=EDGE_CURVE('',#3508,#3506,#1540,.T.);
#4331=EDGE_CURVE('',#3507,#3508,#1541,.T.);
#4332=EDGE_CURVE('',#3507,#3509,#1542,.T.);
#4333=EDGE_CURVE('',#3510,#3508,#1543,.T.);
#4334=EDGE_CURVE('',#3509,#3510,#1544,.T.);
#4335=EDGE_CURVE('',#3511,#3512,#1545,.T.);
#4336=EDGE_CURVE('',#3511,#3513,#1546,.T.);
#4337=EDGE_CURVE('',#3514,#3513,#1547,.T.);
#4338=EDGE_CURVE('',#3512,#3514,#1548,.T.);
#4339=EDGE_CURVE('',#3512,#3515,#1549,.T.);
#4340=EDGE_CURVE('',#3516,#3514,#1550,.T.);
#4341=EDGE_CURVE('',#3515,#3516,#1551,.T.);
#4342=EDGE_CURVE('',#3515,#3517,#1552,.T.);
#4343=EDGE_CURVE('',#3518,#3516,#1553,.T.);
#4344=EDGE_CURVE('',#3517,#3518,#1554,.T.);
#4345=EDGE_CURVE('',#3201,#3519,#1555,.T.);
#4346=EDGE_CURVE('',#3519,#3520,#1556,.T.);
#4347=EDGE_CURVE('',#3520,#3518,#1557,.T.);
#4348=EDGE_CURVE('',#3513,#3510,#1558,.T.);
#4349=EDGE_CURVE('',#3505,#3502,#1559,.T.);
#4350=EDGE_CURVE('',#3497,#3494,#1560,.T.);
#4351=EDGE_CURVE('',#3489,#3486,#1561,.T.);
#4352=EDGE_CURVE('',#3481,#3478,#1562,.T.);
#4353=EDGE_CURVE('',#3473,#3470,#1563,.T.);
#4354=EDGE_CURVE('',#3465,#3462,#1564,.T.);
#4355=EDGE_CURVE('',#3457,#3454,#1565,.T.);
#4356=EDGE_CURVE('',#3449,#3446,#1566,.T.);
#4357=EDGE_CURVE('',#3441,#3438,#1567,.T.);
#4358=EDGE_CURVE('',#3433,#3430,#1568,.T.);
#4359=EDGE_CURVE('',#3425,#3422,#1569,.T.);
#4360=EDGE_CURVE('',#3417,#3414,#1570,.T.);
#4361=EDGE_CURVE('',#3409,#3406,#1571,.T.);
#4362=EDGE_CURVE('',#3401,#3398,#1572,.T.);
#4363=EDGE_CURVE('',#3393,#3390,#1573,.T.);
#4364=EDGE_CURVE('',#3385,#3382,#1574,.T.);
#4365=EDGE_CURVE('',#3377,#3374,#1575,.T.);
#4366=EDGE_CURVE('',#3369,#3366,#1576,.T.);
#4367=EDGE_CURVE('',#3361,#3521,#1577,.T.);
#4368=EDGE_CURVE('',#3521,#3522,#1578,.T.);
#4369=EDGE_CURVE('',#3522,#3358,#1579,.T.);
#4370=EDGE_CURVE('',#3353,#3350,#1580,.T.);
#4371=EDGE_CURVE('',#3345,#3342,#1581,.T.);
#4372=EDGE_CURVE('',#3337,#3334,#1582,.T.);
#4373=EDGE_CURVE('',#3329,#3326,#1583,.T.);
#4374=EDGE_CURVE('',#3321,#3318,#1584,.T.);
#4375=EDGE_CURVE('',#3313,#3310,#1585,.T.);
#4376=EDGE_CURVE('',#3305,#3302,#1586,.T.);
#4377=EDGE_CURVE('',#3297,#3294,#1587,.T.);
#4378=EDGE_CURVE('',#3289,#3286,#1588,.T.);
#4379=EDGE_CURVE('',#3281,#3278,#1589,.T.);
#4380=EDGE_CURVE('',#3273,#3270,#1590,.T.);
#4381=EDGE_CURVE('',#3265,#3262,#1591,.T.);
#4382=EDGE_CURVE('',#3257,#3254,#1592,.T.);
#4383=EDGE_CURVE('',#3249,#3246,#1593,.T.);
#4384=EDGE_CURVE('',#3241,#3238,#1594,.T.);
#4385=EDGE_CURVE('',#3233,#3230,#1595,.T.);
#4386=EDGE_CURVE('',#3225,#3222,#1596,.T.);
#4387=EDGE_CURVE('',#3217,#3214,#1597,.T.);
#4388=EDGE_CURVE('',#3209,#3206,#1598,.T.);
#4389=EDGE_CURVE('',#3373,#3367,#1599,.T.);
#4390=EDGE_CURVE('',#3523,#3524,#1600,.T.);
#4391=EDGE_CURVE('',#3524,#3525,#1601,.T.);
#4392=EDGE_CURVE('',#3525,#3526,#1602,.T.);
#4393=EDGE_CURVE('',#3526,#3523,#1603,.T.);
#4394=EDGE_CURVE('',#3381,#3375,#1604,.T.);
#4395=EDGE_CURVE('',#3527,#3528,#1605,.T.);
#4396=EDGE_CURVE('',#3528,#3529,#1606,.T.);
#4397=EDGE_CURVE('',#3529,#3530,#1607,.T.);
#4398=EDGE_CURVE('',#3530,#3527,#1608,.T.);
#4399=EDGE_CURVE('',#3389,#3383,#1609,.T.);
#4400=EDGE_CURVE('',#3531,#3532,#1610,.T.);
#4401=EDGE_CURVE('',#3532,#3533,#1611,.T.);
#4402=EDGE_CURVE('',#3533,#3534,#1612,.T.);
#4403=EDGE_CURVE('',#3534,#3531,#1613,.T.);
#4404=EDGE_CURVE('',#3397,#3391,#1614,.T.);
#4405=EDGE_CURVE('',#3535,#3536,#1615,.T.);
#4406=EDGE_CURVE('',#3536,#3537,#1616,.T.);
#4407=EDGE_CURVE('',#3537,#3538,#1617,.T.);
#4408=EDGE_CURVE('',#3538,#3535,#1618,.T.);
#4409=EDGE_CURVE('',#3405,#3399,#1619,.T.);
#4410=EDGE_CURVE('',#3539,#3540,#1620,.T.);
#4411=EDGE_CURVE('',#3540,#3541,#1621,.T.);
#4412=EDGE_CURVE('',#3541,#3542,#1622,.T.);
#4413=EDGE_CURVE('',#3542,#3539,#1623,.T.);
#4414=EDGE_CURVE('',#3413,#3407,#1624,.T.);
#4415=EDGE_CURVE('',#3543,#3544,#1625,.T.);
#4416=EDGE_CURVE('',#3544,#3545,#1626,.T.);
#4417=EDGE_CURVE('',#3545,#3546,#1627,.T.);
#4418=EDGE_CURVE('',#3546,#3543,#1628,.T.);
#4419=EDGE_CURVE('',#3421,#3415,#1629,.T.);
#4420=EDGE_CURVE('',#3547,#3548,#1630,.T.);
#4421=EDGE_CURVE('',#3548,#3549,#1631,.T.);
#4422=EDGE_CURVE('',#3549,#3550,#1632,.T.);
#4423=EDGE_CURVE('',#3550,#3547,#1633,.T.);
#4424=EDGE_CURVE('',#3429,#3423,#1634,.T.);
#4425=EDGE_CURVE('',#3551,#3552,#1635,.T.);
#4426=EDGE_CURVE('',#3552,#3553,#1636,.T.);
#4427=EDGE_CURVE('',#3553,#3554,#1637,.T.);
#4428=EDGE_CURVE('',#3554,#3551,#1638,.T.);
#4429=EDGE_CURVE('',#3437,#3431,#1639,.T.);
#4430=EDGE_CURVE('',#3555,#3556,#1640,.T.);
#4431=EDGE_CURVE('',#3556,#3557,#1641,.T.);
#4432=EDGE_CURVE('',#3557,#3558,#1642,.T.);
#4433=EDGE_CURVE('',#3558,#3555,#1643,.T.);
#4434=EDGE_CURVE('',#3445,#3439,#1644,.T.);
#4435=EDGE_CURVE('',#3559,#3560,#1645,.T.);
#4436=EDGE_CURVE('',#3560,#3561,#1646,.T.);
#4437=EDGE_CURVE('',#3561,#3562,#1647,.T.);
#4438=EDGE_CURVE('',#3562,#3559,#1648,.T.);
#4439=EDGE_CURVE('',#3453,#3447,#1649,.T.);
#4440=EDGE_CURVE('',#3563,#3564,#1650,.T.);
#4441=EDGE_CURVE('',#3564,#3565,#1651,.T.);
#4442=EDGE_CURVE('',#3565,#3566,#1652,.T.);
#4443=EDGE_CURVE('',#3566,#3563,#1653,.T.);
#4444=EDGE_CURVE('',#3461,#3455,#1654,.T.);
#4445=EDGE_CURVE('',#3567,#3568,#1655,.T.);
#4446=EDGE_CURVE('',#3568,#3569,#1656,.T.);
#4447=EDGE_CURVE('',#3569,#3570,#1657,.T.);
#4448=EDGE_CURVE('',#3570,#3567,#1658,.T.);
#4449=EDGE_CURVE('',#3469,#3463,#1659,.T.);
#4450=EDGE_CURVE('',#3571,#3572,#1660,.T.);
#4451=EDGE_CURVE('',#3572,#3573,#1661,.T.);
#4452=EDGE_CURVE('',#3573,#3574,#1662,.T.);
#4453=EDGE_CURVE('',#3574,#3571,#1663,.T.);
#4454=EDGE_CURVE('',#3477,#3471,#1664,.T.);
#4455=EDGE_CURVE('',#3575,#3576,#1665,.T.);
#4456=EDGE_CURVE('',#3576,#3577,#1666,.T.);
#4457=EDGE_CURVE('',#3577,#3578,#1667,.T.);
#4458=EDGE_CURVE('',#3578,#3575,#1668,.T.);
#4459=EDGE_CURVE('',#3485,#3479,#1669,.T.);
#4460=EDGE_CURVE('',#3579,#3580,#1670,.T.);
#4461=EDGE_CURVE('',#3580,#3581,#1671,.T.);
#4462=EDGE_CURVE('',#3581,#3582,#1672,.T.);
#4463=EDGE_CURVE('',#3582,#3579,#1673,.T.);
#4464=EDGE_CURVE('',#3493,#3487,#1674,.T.);
#4465=EDGE_CURVE('',#3583,#3584,#1675,.T.);
#4466=EDGE_CURVE('',#3584,#3585,#1676,.T.);
#4467=EDGE_CURVE('',#3585,#3586,#1677,.T.);
#4468=EDGE_CURVE('',#3586,#3583,#1678,.T.);
#4469=EDGE_CURVE('',#3501,#3495,#1679,.T.);
#4470=EDGE_CURVE('',#3587,#3588,#1680,.T.);
#4471=EDGE_CURVE('',#3588,#3589,#1681,.T.);
#4472=EDGE_CURVE('',#3589,#3590,#1682,.T.);
#4473=EDGE_CURVE('',#3590,#3587,#1683,.T.);
#4474=EDGE_CURVE('',#3509,#3503,#1684,.T.);
#4475=EDGE_CURVE('',#3591,#3592,#1685,.T.);
#4476=EDGE_CURVE('',#3592,#3593,#1686,.T.);
#4477=EDGE_CURVE('',#3593,#3594,#1687,.T.);
#4478=EDGE_CURVE('',#3594,#3591,#1688,.T.);
#4479=EDGE_CURVE('',#3517,#3511,#1689,.T.);
#4480=EDGE_CURVE('',#3595,#3596,#1690,.T.);
#4481=EDGE_CURVE('',#3596,#3597,#1691,.T.);
#4482=EDGE_CURVE('',#3597,#3598,#1692,.T.);
#4483=EDGE_CURVE('',#3598,#3595,#1693,.T.);
#4484=EDGE_CURVE('',#3205,#3199,#1694,.T.);
#4485=EDGE_CURVE('',#3599,#3600,#1695,.T.);
#4486=EDGE_CURVE('',#3600,#3601,#1696,.T.);
#4487=EDGE_CURVE('',#3601,#3602,#1697,.T.);
#4488=EDGE_CURVE('',#3602,#3599,#1698,.T.);
#4489=EDGE_CURVE('',#3213,#3207,#1699,.T.);
#4490=EDGE_CURVE('',#3603,#3604,#1700,.T.);
#4491=EDGE_CURVE('',#3604,#3605,#1701,.T.);
#4492=EDGE_CURVE('',#3605,#3606,#1702,.T.);
#4493=EDGE_CURVE('',#3606,#3603,#1703,.T.);
#4494=EDGE_CURVE('',#3221,#3215,#1704,.T.);
#4495=EDGE_CURVE('',#3607,#3608,#1705,.T.);
#4496=EDGE_CURVE('',#3608,#3609,#1706,.T.);
#4497=EDGE_CURVE('',#3609,#3610,#1707,.T.);
#4498=EDGE_CURVE('',#3610,#3607,#1708,.T.);
#4499=EDGE_CURVE('',#3229,#3223,#1709,.T.);
#4500=EDGE_CURVE('',#3611,#3612,#1710,.T.);
#4501=EDGE_CURVE('',#3612,#3613,#1711,.T.);
#4502=EDGE_CURVE('',#3613,#3614,#1712,.T.);
#4503=EDGE_CURVE('',#3614,#3611,#1713,.T.);
#4504=EDGE_CURVE('',#3237,#3231,#1714,.T.);
#4505=EDGE_CURVE('',#3615,#3616,#1715,.T.);
#4506=EDGE_CURVE('',#3616,#3617,#1716,.T.);
#4507=EDGE_CURVE('',#3617,#3618,#1717,.T.);
#4508=EDGE_CURVE('',#3618,#3615,#1718,.T.);
#4509=EDGE_CURVE('',#3245,#3239,#1719,.T.);
#4510=EDGE_CURVE('',#3619,#3620,#1720,.T.);
#4511=EDGE_CURVE('',#3620,#3621,#1721,.T.);
#4512=EDGE_CURVE('',#3621,#3622,#1722,.T.);
#4513=EDGE_CURVE('',#3622,#3619,#1723,.T.);
#4514=EDGE_CURVE('',#3253,#3247,#1724,.T.);
#4515=EDGE_CURVE('',#3623,#3624,#1725,.T.);
#4516=EDGE_CURVE('',#3624,#3625,#1726,.T.);
#4517=EDGE_CURVE('',#3625,#3626,#1727,.T.);
#4518=EDGE_CURVE('',#3626,#3623,#1728,.T.);
#4519=EDGE_CURVE('',#3261,#3255,#1729,.T.);
#4520=EDGE_CURVE('',#3627,#3628,#1730,.T.);
#4521=EDGE_CURVE('',#3628,#3629,#1731,.T.);
#4522=EDGE_CURVE('',#3629,#3630,#1732,.T.);
#4523=EDGE_CURVE('',#3630,#3627,#1733,.T.);
#4524=EDGE_CURVE('',#3269,#3263,#1734,.T.);
#4525=EDGE_CURVE('',#3631,#3632,#1735,.T.);
#4526=EDGE_CURVE('',#3632,#3633,#1736,.T.);
#4527=EDGE_CURVE('',#3633,#3634,#1737,.T.);
#4528=EDGE_CURVE('',#3634,#3631,#1738,.T.);
#4529=EDGE_CURVE('',#3277,#3271,#1739,.T.);
#4530=EDGE_CURVE('',#3635,#3636,#1740,.T.);
#4531=EDGE_CURVE('',#3636,#3637,#1741,.T.);
#4532=EDGE_CURVE('',#3637,#3638,#1742,.T.);
#4533=EDGE_CURVE('',#3638,#3635,#1743,.T.);
#4534=EDGE_CURVE('',#3285,#3279,#1744,.T.);
#4535=EDGE_CURVE('',#3639,#3640,#1745,.T.);
#4536=EDGE_CURVE('',#3640,#3641,#1746,.T.);
#4537=EDGE_CURVE('',#3641,#3642,#1747,.T.);
#4538=EDGE_CURVE('',#3642,#3639,#1748,.T.);
#4539=EDGE_CURVE('',#3293,#3287,#1749,.T.);
#4540=EDGE_CURVE('',#3643,#3644,#1750,.T.);
#4541=EDGE_CURVE('',#3644,#3645,#1751,.T.);
#4542=EDGE_CURVE('',#3645,#3646,#1752,.T.);
#4543=EDGE_CURVE('',#3646,#3643,#1753,.T.);
#4544=EDGE_CURVE('',#3301,#3295,#1754,.T.);
#4545=EDGE_CURVE('',#3647,#3648,#1755,.T.);
#4546=EDGE_CURVE('',#3648,#3649,#1756,.T.);
#4547=EDGE_CURVE('',#3649,#3650,#1757,.T.);
#4548=EDGE_CURVE('',#3650,#3647,#1758,.T.);
#4549=EDGE_CURVE('',#3309,#3303,#1759,.T.);
#4550=EDGE_CURVE('',#3651,#3652,#1760,.T.);
#4551=EDGE_CURVE('',#3652,#3653,#1761,.T.);
#4552=EDGE_CURVE('',#3653,#3654,#1762,.T.);
#4553=EDGE_CURVE('',#3654,#3651,#1763,.T.);
#4554=EDGE_CURVE('',#3317,#3311,#1764,.T.);
#4555=EDGE_CURVE('',#3655,#3656,#1765,.T.);
#4556=EDGE_CURVE('',#3656,#3657,#1766,.T.);
#4557=EDGE_CURVE('',#3657,#3658,#1767,.T.);
#4558=EDGE_CURVE('',#3658,#3655,#1768,.T.);
#4559=EDGE_CURVE('',#3325,#3319,#1769,.T.);
#4560=EDGE_CURVE('',#3659,#3660,#1770,.T.);
#4561=EDGE_CURVE('',#3660,#3661,#1771,.T.);
#4562=EDGE_CURVE('',#3661,#3662,#1772,.T.);
#4563=EDGE_CURVE('',#3662,#3659,#1773,.T.);
#4564=EDGE_CURVE('',#3333,#3327,#1774,.T.);
#4565=EDGE_CURVE('',#3663,#3664,#1775,.T.);
#4566=EDGE_CURVE('',#3664,#3665,#1776,.T.);
#4567=EDGE_CURVE('',#3665,#3666,#1777,.T.);
#4568=EDGE_CURVE('',#3666,#3663,#1778,.T.);
#4569=EDGE_CURVE('',#3341,#3335,#1779,.T.);
#4570=EDGE_CURVE('',#3667,#3668,#1780,.T.);
#4571=EDGE_CURVE('',#3668,#3669,#1781,.T.);
#4572=EDGE_CURVE('',#3669,#3670,#1782,.T.);
#4573=EDGE_CURVE('',#3670,#3667,#1783,.T.);
#4574=EDGE_CURVE('',#3349,#3343,#1784,.T.);
#4575=EDGE_CURVE('',#3671,#3672,#1785,.T.);
#4576=EDGE_CURVE('',#3672,#3673,#1786,.T.);
#4577=EDGE_CURVE('',#3673,#3674,#1787,.T.);
#4578=EDGE_CURVE('',#3674,#3671,#1788,.T.);
#4579=EDGE_CURVE('',#3357,#3351,#1789,.T.);
#4580=EDGE_CURVE('',#3675,#3676,#1790,.T.);
#4581=EDGE_CURVE('',#3676,#3677,#1791,.T.);
#4582=EDGE_CURVE('',#3677,#3678,#1792,.T.);
#4583=EDGE_CURVE('',#3678,#3675,#1793,.T.);
#4584=EDGE_CURVE('',#3365,#3359,#1794,.T.);
#4585=EDGE_CURVE('',#3679,#3680,#1795,.T.);
#4586=EDGE_CURVE('',#3680,#3681,#1796,.T.);
#4587=EDGE_CURVE('',#3681,#3682,#1797,.T.);
#4588=EDGE_CURVE('',#3682,#3679,#1798,.T.);
#4589=EDGE_CURVE('',#3683,#3684,#1799,.T.);
#4590=EDGE_CURVE('',#3684,#3527,#1800,.T.);
#4591=EDGE_CURVE('',#3683,#3530,#1801,.T.);
#4592=EDGE_CURVE('',#3685,#3683,#1802,.T.);
#4593=EDGE_CURVE('',#3685,#3529,#1803,.T.);
#4594=EDGE_CURVE('',#3686,#3685,#1804,.T.);
#4595=EDGE_CURVE('',#3686,#3528,#1805,.T.);
#4596=EDGE_CURVE('',#3684,#3686,#1806,.T.);
#4597=EDGE_CURVE('',#3687,#3688,#1807,.T.);
#4598=EDGE_CURVE('',#3688,#3643,#1808,.T.);
#4599=EDGE_CURVE('',#3687,#3646,#1809,.T.);
#4600=EDGE_CURVE('',#3689,#3687,#1810,.T.);
#4601=EDGE_CURVE('',#3689,#3645,#1811,.T.);
#4602=EDGE_CURVE('',#3690,#3689,#1812,.T.);
#4603=EDGE_CURVE('',#3690,#3644,#1813,.T.);
#4604=EDGE_CURVE('',#3688,#3690,#1814,.T.);
#4605=EDGE_CURVE('',#3691,#3692,#1815,.T.);
#4606=EDGE_CURVE('',#3692,#3563,#1816,.T.);
#4607=EDGE_CURVE('',#3691,#3566,#1817,.T.);
#4608=EDGE_CURVE('',#3693,#3691,#1818,.T.);
#4609=EDGE_CURVE('',#3693,#3565,#1819,.T.);
#4610=EDGE_CURVE('',#3694,#3693,#1820,.T.);
#4611=EDGE_CURVE('',#3694,#3564,#1821,.T.);
#4612=EDGE_CURVE('',#3692,#3694,#1822,.T.);
#4613=EDGE_CURVE('',#3695,#3696,#1823,.T.);
#4614=EDGE_CURVE('',#3696,#3675,#1824,.T.);
#4615=EDGE_CURVE('',#3695,#3678,#1825,.T.);
#4616=EDGE_CURVE('',#3697,#3695,#1826,.T.);
#4617=EDGE_CURVE('',#3697,#3677,#1827,.T.);
#4618=EDGE_CURVE('',#3698,#3697,#1828,.T.);
#4619=EDGE_CURVE('',#3698,#3676,#1829,.T.);
#4620=EDGE_CURVE('',#3696,#3698,#1830,.T.);
#4621=EDGE_CURVE('',#3699,#3700,#1831,.T.);
#4622=EDGE_CURVE('',#3700,#3671,#1832,.T.);
#4623=EDGE_CURVE('',#3699,#3674,#1833,.T.);
#4624=EDGE_CURVE('',#3701,#3699,#1834,.T.);
#4625=EDGE_CURVE('',#3701,#3673,#1835,.T.);
#4626=EDGE_CURVE('',#3702,#3701,#1836,.T.);
#4627=EDGE_CURVE('',#3702,#3672,#1837,.T.);
#4628=EDGE_CURVE('',#3700,#3702,#1838,.T.);
#4629=EDGE_CURVE('',#3703,#3704,#1839,.T.);
#4630=EDGE_CURVE('',#3704,#3655,#1840,.T.);
#4631=EDGE_CURVE('',#3703,#3658,#1841,.T.);
#4632=EDGE_CURVE('',#3705,#3703,#1842,.T.);
#4633=EDGE_CURVE('',#3705,#3657,#1843,.T.);
#4634=EDGE_CURVE('',#3706,#3705,#1844,.T.);
#4635=EDGE_CURVE('',#3706,#3656,#1845,.T.);
#4636=EDGE_CURVE('',#3704,#3706,#1846,.T.);
#4637=EDGE_CURVE('',#3707,#3708,#1847,.T.);
#4638=EDGE_CURVE('',#3708,#3531,#1848,.T.);
#4639=EDGE_CURVE('',#3707,#3534,#1849,.T.);
#4640=EDGE_CURVE('',#3709,#3707,#1850,.T.);
#4641=EDGE_CURVE('',#3709,#3533,#1851,.T.);
#4642=EDGE_CURVE('',#3710,#3709,#1852,.T.);
#4643=EDGE_CURVE('',#3710,#3532,#1853,.T.);
#4644=EDGE_CURVE('',#3708,#3710,#1854,.T.);
#4645=EDGE_CURVE('',#3711,#3712,#1855,.T.);
#4646=EDGE_CURVE('',#3712,#3543,#1856,.T.);
#4647=EDGE_CURVE('',#3711,#3546,#1857,.T.);
#4648=EDGE_CURVE('',#3713,#3711,#1858,.T.);
#4649=EDGE_CURVE('',#3713,#3545,#1859,.T.);
#4650=EDGE_CURVE('',#3714,#3713,#1860,.T.);
#4651=EDGE_CURVE('',#3714,#3544,#1861,.T.);
#4652=EDGE_CURVE('',#3712,#3714,#1862,.T.);
#4653=EDGE_CURVE('',#3715,#3716,#1863,.T.);
#4654=EDGE_CURVE('',#3716,#3659,#1864,.T.);
#4655=EDGE_CURVE('',#3715,#3662,#1865,.T.);
#4656=EDGE_CURVE('',#3717,#3715,#1866,.T.);
#4657=EDGE_CURVE('',#3717,#3661,#1867,.T.);
#4658=EDGE_CURVE('',#3718,#3717,#1868,.T.);
#4659=EDGE_CURVE('',#3718,#3660,#1869,.T.);
#4660=EDGE_CURVE('',#3716,#3718,#1870,.T.);
#4661=EDGE_CURVE('',#3719,#3720,#1871,.T.);
#4662=EDGE_CURVE('',#3720,#3539,#1872,.T.);
#4663=EDGE_CURVE('',#3719,#3542,#1873,.T.);
#4664=EDGE_CURVE('',#3721,#3719,#1874,.T.);
#4665=EDGE_CURVE('',#3721,#3541,#1875,.T.);
#4666=EDGE_CURVE('',#3722,#3721,#1876,.T.);
#4667=EDGE_CURVE('',#3722,#3540,#1877,.T.);
#4668=EDGE_CURVE('',#3720,#3722,#1878,.T.);
#4669=EDGE_CURVE('',#3723,#3724,#1879,.T.);
#4670=EDGE_CURVE('',#3724,#3551,#1880,.T.);
#4671=EDGE_CURVE('',#3723,#3554,#1881,.T.);
#4672=EDGE_CURVE('',#3725,#3723,#1882,.T.);
#4673=EDGE_CURVE('',#3725,#3553,#1883,.T.);
#4674=EDGE_CURVE('',#3726,#3725,#1884,.T.);
#4675=EDGE_CURVE('',#3726,#3552,#1885,.T.);
#4676=EDGE_CURVE('',#3724,#3726,#1886,.T.);
#4677=EDGE_CURVE('',#3727,#3728,#1887,.T.);
#4678=EDGE_CURVE('',#3728,#3599,#1888,.T.);
#4679=EDGE_CURVE('',#3727,#3602,#1889,.T.);
#4680=EDGE_CURVE('',#3729,#3727,#1890,.T.);
#4681=EDGE_CURVE('',#3729,#3601,#1891,.T.);
#4682=EDGE_CURVE('',#3730,#3729,#1892,.T.);
#4683=EDGE_CURVE('',#3730,#3600,#1893,.T.);
#4684=EDGE_CURVE('',#3728,#3730,#1894,.T.);
#4685=EDGE_CURVE('',#3731,#3732,#1895,.T.);
#4686=EDGE_CURVE('',#3732,#3579,#1896,.T.);
#4687=EDGE_CURVE('',#3731,#3582,#1897,.T.);
#4688=EDGE_CURVE('',#3733,#3731,#1898,.T.);
#4689=EDGE_CURVE('',#3733,#3581,#1899,.T.);
#4690=EDGE_CURVE('',#3734,#3733,#1900,.T.);
#4691=EDGE_CURVE('',#3734,#3580,#1901,.T.);
#4692=EDGE_CURVE('',#3732,#3734,#1902,.T.);
#4693=EDGE_CURVE('',#3735,#3736,#1903,.T.);
#4694=EDGE_CURVE('',#3736,#3603,#1904,.T.);
#4695=EDGE_CURVE('',#3735,#3606,#1905,.T.);
#4696=EDGE_CURVE('',#3737,#3735,#1906,.T.);
#4697=EDGE_CURVE('',#3737,#3605,#1907,.T.);
#4698=EDGE_CURVE('',#3738,#3737,#1908,.T.);
#4699=EDGE_CURVE('',#3738,#3604,#1909,.T.);
#4700=EDGE_CURVE('',#3736,#3738,#1910,.T.);
#4701=EDGE_CURVE('',#3739,#3740,#1911,.T.);
#4702=EDGE_CURVE('',#3740,#3615,#1912,.T.);
#4703=EDGE_CURVE('',#3739,#3618,#1913,.T.);
#4704=EDGE_CURVE('',#3741,#3739,#1914,.T.);
#4705=EDGE_CURVE('',#3741,#3617,#1915,.T.);
#4706=EDGE_CURVE('',#3742,#3741,#1916,.T.);
#4707=EDGE_CURVE('',#3742,#3616,#1917,.T.);
#4708=EDGE_CURVE('',#3740,#3742,#1918,.T.);
#4709=EDGE_CURVE('',#3743,#3744,#1919,.T.);
#4710=EDGE_CURVE('',#3744,#3591,#1920,.T.);
#4711=EDGE_CURVE('',#3743,#3594,#1921,.T.);
#4712=EDGE_CURVE('',#3745,#3743,#1922,.T.);
#4713=EDGE_CURVE('',#3745,#3593,#1923,.T.);
#4714=EDGE_CURVE('',#3746,#3745,#1924,.T.);
#4715=EDGE_CURVE('',#3746,#3592,#1925,.T.);
#4716=EDGE_CURVE('',#3744,#3746,#1926,.T.);
#4717=EDGE_CURVE('',#3747,#3748,#1927,.T.);
#4718=EDGE_CURVE('',#3748,#3631,#1928,.T.);
#4719=EDGE_CURVE('',#3747,#3634,#1929,.T.);
#4720=EDGE_CURVE('',#3749,#3747,#1930,.T.);
#4721=EDGE_CURVE('',#3749,#3633,#1931,.T.);
#4722=EDGE_CURVE('',#3750,#3749,#1932,.T.);
#4723=EDGE_CURVE('',#3750,#3632,#1933,.T.);
#4724=EDGE_CURVE('',#3748,#3750,#1934,.T.);
#4725=EDGE_CURVE('',#3751,#3752,#1935,.T.);
#4726=EDGE_CURVE('',#3752,#3627,#1936,.T.);
#4727=EDGE_CURVE('',#3751,#3630,#1937,.T.);
#4728=EDGE_CURVE('',#3753,#3751,#1938,.T.);
#4729=EDGE_CURVE('',#3753,#3629,#1939,.T.);
#4730=EDGE_CURVE('',#3754,#3753,#1940,.T.);
#4731=EDGE_CURVE('',#3754,#3628,#1941,.T.);
#4732=EDGE_CURVE('',#3752,#3754,#1942,.T.);
#4733=EDGE_CURVE('',#3755,#3756,#1943,.T.);
#4734=EDGE_CURVE('',#3756,#3635,#1944,.T.);
#4735=EDGE_CURVE('',#3755,#3638,#1945,.T.);
#4736=EDGE_CURVE('',#3757,#3755,#1946,.T.);
#4737=EDGE_CURVE('',#3757,#3637,#1947,.T.);
#4738=EDGE_CURVE('',#3758,#3757,#1948,.T.);
#4739=EDGE_CURVE('',#3758,#3636,#1949,.T.);
#4740=EDGE_CURVE('',#3756,#3758,#1950,.T.);
#4741=EDGE_CURVE('',#3759,#3760,#1951,.T.);
#4742=EDGE_CURVE('',#3760,#3555,#1952,.T.);
#4743=EDGE_CURVE('',#3759,#3558,#1953,.T.);
#4744=EDGE_CURVE('',#3761,#3759,#1954,.T.);
#4745=EDGE_CURVE('',#3761,#3557,#1955,.T.);
#4746=EDGE_CURVE('',#3762,#3761,#1956,.T.);
#4747=EDGE_CURVE('',#3762,#3556,#1957,.T.);
#4748=EDGE_CURVE('',#3760,#3762,#1958,.T.);
#4749=EDGE_CURVE('',#3763,#3764,#1959,.T.);
#4750=EDGE_CURVE('',#3764,#3559,#1960,.T.);
#4751=EDGE_CURVE('',#3763,#3562,#1961,.T.);
#4752=EDGE_CURVE('',#3765,#3763,#1962,.T.);
#4753=EDGE_CURVE('',#3765,#3561,#1963,.T.);
#4754=EDGE_CURVE('',#3766,#3765,#1964,.T.);
#4755=EDGE_CURVE('',#3766,#3560,#1965,.T.);
#4756=EDGE_CURVE('',#3764,#3766,#1966,.T.);
#4757=EDGE_CURVE('',#3767,#3768,#1967,.T.);
#4758=EDGE_CURVE('',#3768,#3639,#1968,.T.);
#4759=EDGE_CURVE('',#3767,#3642,#1969,.T.);
#4760=EDGE_CURVE('',#3769,#3767,#1970,.T.);
#4761=EDGE_CURVE('',#3769,#3641,#1971,.T.);
#4762=EDGE_CURVE('',#3770,#3769,#1972,.T.);
#4763=EDGE_CURVE('',#3770,#3640,#1973,.T.);
#4764=EDGE_CURVE('',#3768,#3770,#1974,.T.);
#4765=EDGE_CURVE('',#3771,#3772,#1975,.T.);
#4766=EDGE_CURVE('',#3772,#3575,#1976,.T.);
#4767=EDGE_CURVE('',#3771,#3578,#1977,.T.);
#4768=EDGE_CURVE('',#3773,#3771,#1978,.T.);
#4769=EDGE_CURVE('',#3773,#3577,#1979,.T.);
#4770=EDGE_CURVE('',#3774,#3773,#1980,.T.);
#4771=EDGE_CURVE('',#3774,#3576,#1981,.T.);
#4772=EDGE_CURVE('',#3772,#3774,#1982,.T.);
#4773=EDGE_CURVE('',#3775,#3776,#1983,.T.);
#4774=EDGE_CURVE('',#3776,#3571,#1984,.T.);
#4775=EDGE_CURVE('',#3775,#3574,#1985,.T.);
#4776=EDGE_CURVE('',#3777,#3775,#1986,.T.);
#4777=EDGE_CURVE('',#3777,#3573,#1987,.T.);
#4778=EDGE_CURVE('',#3778,#3777,#1988,.T.);
#4779=EDGE_CURVE('',#3778,#3572,#1989,.T.);
#4780=EDGE_CURVE('',#3776,#3778,#1990,.T.);
#4781=EDGE_CURVE('',#3779,#3780,#1991,.T.);
#4782=EDGE_CURVE('',#3780,#3587,#1992,.T.);
#4783=EDGE_CURVE('',#3779,#3590,#1993,.T.);
#4784=EDGE_CURVE('',#3781,#3779,#1994,.T.);
#4785=EDGE_CURVE('',#3781,#3589,#1995,.T.);
#4786=EDGE_CURVE('',#3782,#3781,#1996,.T.);
#4787=EDGE_CURVE('',#3782,#3588,#1997,.T.);
#4788=EDGE_CURVE('',#3780,#3782,#1998,.T.);
#4789=EDGE_CURVE('',#3783,#3784,#1999,.T.);
#4790=EDGE_CURVE('',#3784,#3611,#2000,.T.);
#4791=EDGE_CURVE('',#3783,#3614,#2001,.T.);
#4792=EDGE_CURVE('',#3785,#3783,#2002,.T.);
#4793=EDGE_CURVE('',#3785,#3613,#2003,.T.);
#4794=EDGE_CURVE('',#3786,#3785,#2004,.T.);
#4795=EDGE_CURVE('',#3786,#3612,#2005,.T.);
#4796=EDGE_CURVE('',#3784,#3786,#2006,.T.);
#4797=EDGE_CURVE('',#3787,#3788,#2007,.T.);
#4798=EDGE_CURVE('',#3788,#3583,#2008,.T.);
#4799=EDGE_CURVE('',#3787,#3586,#2009,.T.);
#4800=EDGE_CURVE('',#3789,#3787,#2010,.T.);
#4801=EDGE_CURVE('',#3789,#3585,#2011,.T.);
#4802=EDGE_CURVE('',#3790,#3789,#2012,.T.);
#4803=EDGE_CURVE('',#3790,#3584,#2013,.T.);
#4804=EDGE_CURVE('',#3788,#3790,#2014,.T.);
#4805=EDGE_CURVE('',#3791,#3792,#2015,.T.);
#4806=EDGE_CURVE('',#3792,#3607,#2016,.T.);
#4807=EDGE_CURVE('',#3791,#3610,#2017,.T.);
#4808=EDGE_CURVE('',#3793,#3791,#2018,.T.);
#4809=EDGE_CURVE('',#3793,#3609,#2019,.T.);
#4810=EDGE_CURVE('',#3794,#3793,#2020,.T.);
#4811=EDGE_CURVE('',#3794,#3608,#2021,.T.);
#4812=EDGE_CURVE('',#3792,#3794,#2022,.T.);
#4813=EDGE_CURVE('',#3795,#3796,#2023,.T.);
#4814=EDGE_CURVE('',#3796,#3619,#2024,.T.);
#4815=EDGE_CURVE('',#3795,#3622,#2025,.T.);
#4816=EDGE_CURVE('',#3797,#3795,#2026,.T.);
#4817=EDGE_CURVE('',#3797,#3621,#2027,.T.);
#4818=EDGE_CURVE('',#3798,#3797,#2028,.T.);
#4819=EDGE_CURVE('',#3798,#3620,#2029,.T.);
#4820=EDGE_CURVE('',#3796,#3798,#2030,.T.);
#4821=EDGE_CURVE('',#3799,#3800,#2031,.T.);
#4822=EDGE_CURVE('',#3800,#3595,#2032,.T.);
#4823=EDGE_CURVE('',#3799,#3598,#2033,.T.);
#4824=EDGE_CURVE('',#3801,#3799,#2034,.T.);
#4825=EDGE_CURVE('',#3801,#3597,#2035,.T.);
#4826=EDGE_CURVE('',#3802,#3801,#2036,.T.);
#4827=EDGE_CURVE('',#3802,#3596,#2037,.T.);
#4828=EDGE_CURVE('',#3800,#3802,#2038,.T.);
#4829=EDGE_CURVE('',#3803,#3804,#2039,.T.);
#4830=EDGE_CURVE('',#3804,#3651,#2040,.T.);
#4831=EDGE_CURVE('',#3803,#3654,#2041,.T.);
#4832=EDGE_CURVE('',#3805,#3803,#2042,.T.);
#4833=EDGE_CURVE('',#3805,#3653,#2043,.T.);
#4834=EDGE_CURVE('',#3806,#3805,#2044,.T.);
#4835=EDGE_CURVE('',#3806,#3652,#2045,.T.);
#4836=EDGE_CURVE('',#3804,#3806,#2046,.T.);
#4837=EDGE_CURVE('',#3807,#3808,#2047,.T.);
#4838=EDGE_CURVE('',#3808,#3547,#2048,.T.);
#4839=EDGE_CURVE('',#3807,#3550,#2049,.T.);
#4840=EDGE_CURVE('',#3809,#3807,#2050,.T.);
#4841=EDGE_CURVE('',#3809,#3549,#2051,.T.);
#4842=EDGE_CURVE('',#3810,#3809,#2052,.T.);
#4843=EDGE_CURVE('',#3810,#3548,#2053,.T.);
#4844=EDGE_CURVE('',#3808,#3810,#2054,.T.);
#4845=EDGE_CURVE('',#3811,#3812,#2055,.T.);
#4846=EDGE_CURVE('',#3812,#3535,#2056,.T.);
#4847=EDGE_CURVE('',#3811,#3538,#2057,.T.);
#4848=EDGE_CURVE('',#3813,#3811,#2058,.T.);
#4849=EDGE_CURVE('',#3813,#3537,#2059,.T.);
#4850=EDGE_CURVE('',#3814,#3813,#2060,.T.);
#4851=EDGE_CURVE('',#3814,#3536,#2061,.T.);
#4852=EDGE_CURVE('',#3812,#3814,#2062,.T.);
#4853=EDGE_CURVE('',#3815,#3816,#2063,.T.);
#4854=EDGE_CURVE('',#3816,#3663,#2064,.T.);
#4855=EDGE_CURVE('',#3815,#3666,#2065,.T.);
#4856=EDGE_CURVE('',#3817,#3815,#2066,.T.);
#4857=EDGE_CURVE('',#3817,#3665,#2067,.T.);
#4858=EDGE_CURVE('',#3818,#3817,#2068,.T.);
#4859=EDGE_CURVE('',#3818,#3664,#2069,.T.);
#4860=EDGE_CURVE('',#3816,#3818,#2070,.T.);
#4861=EDGE_CURVE('',#3819,#3820,#2071,.T.);
#4862=EDGE_CURVE('',#3820,#3667,#2072,.T.);
#4863=EDGE_CURVE('',#3819,#3670,#2073,.T.);
#4864=EDGE_CURVE('',#3821,#3819,#2074,.T.);
#4865=EDGE_CURVE('',#3821,#3669,#2075,.T.);
#4866=EDGE_CURVE('',#3822,#3821,#2076,.T.);
#4867=EDGE_CURVE('',#3822,#3668,#2077,.T.);
#4868=EDGE_CURVE('',#3820,#3822,#2078,.T.);
#4869=EDGE_CURVE('',#3823,#3824,#2079,.T.);
#4870=EDGE_CURVE('',#3824,#3647,#2080,.T.);
#4871=EDGE_CURVE('',#3823,#3650,#2081,.T.);
#4872=EDGE_CURVE('',#3825,#3823,#2082,.T.);
#4873=EDGE_CURVE('',#3825,#3649,#2083,.T.);
#4874=EDGE_CURVE('',#3826,#3825,#2084,.T.);
#4875=EDGE_CURVE('',#3826,#3648,#2085,.T.);
#4876=EDGE_CURVE('',#3824,#3826,#2086,.T.);
#4877=EDGE_CURVE('',#3827,#3828,#2087,.T.);
#4878=EDGE_CURVE('',#3828,#3623,#2088,.T.);
#4879=EDGE_CURVE('',#3827,#3626,#2089,.T.);
#4880=EDGE_CURVE('',#3829,#3827,#2090,.T.);
#4881=EDGE_CURVE('',#3829,#3625,#2091,.T.);
#4882=EDGE_CURVE('',#3830,#3829,#2092,.T.);
#4883=EDGE_CURVE('',#3830,#3624,#2093,.T.);
#4884=EDGE_CURVE('',#3828,#3830,#2094,.T.);
#4885=EDGE_CURVE('',#3831,#3832,#2095,.T.);
#4886=EDGE_CURVE('',#3832,#3679,#2096,.T.);
#4887=EDGE_CURVE('',#3831,#3682,#2097,.T.);
#4888=EDGE_CURVE('',#3833,#3831,#2098,.T.);
#4889=EDGE_CURVE('',#3833,#3681,#2099,.T.);
#4890=EDGE_CURVE('',#3834,#3833,#2100,.T.);
#4891=EDGE_CURVE('',#3834,#3680,#2101,.T.);
#4892=EDGE_CURVE('',#3832,#3834,#2102,.T.);
#4893=EDGE_CURVE('',#3835,#3836,#2103,.T.);
#4894=EDGE_CURVE('',#3836,#3523,#2104,.T.);
#4895=EDGE_CURVE('',#3835,#3526,#2105,.T.);
#4896=EDGE_CURVE('',#3837,#3835,#2106,.T.);
#4897=EDGE_CURVE('',#3837,#3525,#2107,.T.);
#4898=EDGE_CURVE('',#3838,#3837,#2108,.T.);
#4899=EDGE_CURVE('',#3838,#3524,#2109,.T.);
#4900=EDGE_CURVE('',#3836,#3838,#2110,.T.);
#4901=EDGE_CURVE('',#3839,#3840,#2111,.T.);
#4902=EDGE_CURVE('',#3840,#3567,#2112,.T.);
#4903=EDGE_CURVE('',#3839,#3570,#2113,.T.);
#4904=EDGE_CURVE('',#3841,#3839,#2114,.T.);
#4905=EDGE_CURVE('',#3841,#3569,#2115,.T.);
#4906=EDGE_CURVE('',#3842,#3841,#2116,.T.);
#4907=EDGE_CURVE('',#3842,#3568,#2117,.T.);
#4908=EDGE_CURVE('',#3840,#3842,#2118,.T.);
#4909=EDGE_CURVE('',#3843,#3844,#2119,.T.);
#4910=EDGE_CURVE('',#3844,#3522,#2120,.T.);
#4911=EDGE_CURVE('',#3843,#3521,#2121,.T.);
#4912=EDGE_CURVE('',#3845,#3843,#2122,.T.);
#4913=EDGE_CURVE('',#3845,#3520,#2123,.T.);
#4914=EDGE_CURVE('',#3846,#3845,#2124,.T.);
#4915=EDGE_CURVE('',#3846,#3519,#2125,.T.);
#4916=EDGE_CURVE('',#3844,#3846,#2126,.T.);
#4917=EDGE_CURVE('',#3847,#3848,#2127,.T.);
#4918=EDGE_CURVE('',#3849,#3848,#93,.T.);
#4919=EDGE_CURVE('',#3849,#3850,#36,.T.);
#4920=EDGE_CURVE('',#3850,#3847,#94,.T.);
#4921=EDGE_CURVE('',#3851,#3852,#2128,.T.);
#4922=EDGE_CURVE('',#3848,#3852,#95,.T.);
#4923=EDGE_CURVE('',#3847,#3851,#96,.T.);
#4924=EDGE_CURVE('',#3853,#3854,#2129,.T.);
#4925=EDGE_CURVE('',#3852,#3854,#97,.T.);
#4926=EDGE_CURVE('',#3851,#3853,#98,.T.);
#4927=EDGE_CURVE('',#3855,#3856,#2130,.T.);
#4928=EDGE_CURVE('',#3854,#3856,#99,.T.);
#4929=EDGE_CURVE('',#3853,#3855,#100,.T.);
#4930=EDGE_CURVE('',#3857,#3858,#2131,.T.);
#4931=EDGE_CURVE('',#3857,#3859,#101,.T.);
#4932=EDGE_CURVE('',#3860,#3859,#37,.T.);
#4933=EDGE_CURVE('',#3858,#3860,#102,.T.);
#4934=EDGE_CURVE('',#3861,#3861,#38,.T.);
#4935=EDGE_CURVE('',#3862,#3849,#103,.T.);
#4936=EDGE_CURVE('',#3850,#3862,#104,.T.);
#4937=EDGE_CURVE('',#3856,#3858,#105,.T.);
#4938=EDGE_CURVE('',#3863,#3860,#106,.T.);
#4939=EDGE_CURVE('',#3862,#3863,#107,.T.);
#4940=EDGE_CURVE('',#3855,#3857,#108,.T.);
#4941=EDGE_CURVE('',#3859,#3863,#109,.T.);
#4942=EDGE_CURVE('',#3864,#3864,#39,.T.);
#4943=EDGE_CURVE('',#3864,#3861,#2132,.T.);
#4944=EDGE_CURVE('',#3865,#3866,#2133,.T.);
#4945=EDGE_CURVE('',#3865,#3867,#110,.T.);
#4946=EDGE_CURVE('',#3866,#3867,#40,.T.);
#4947=EDGE_CURVE('',#3868,#3869,#2134,.T.);
#4948=EDGE_CURVE('',#3868,#3865,#111,.T.);
#4949=EDGE_CURVE('',#3870,#3866,#41,.T.);
#4950=EDGE_CURVE('',#3869,#3870,#112,.T.);
#4951=EDGE_CURVE('',#3871,#3872,#2135,.T.);
#4952=EDGE_CURVE('',#3871,#3868,#113,.T.);
#4953=EDGE_CURVE('',#3872,#3869,#114,.T.);
#4954=EDGE_CURVE('',#3873,#3874,#2136,.T.);
#4955=EDGE_CURVE('',#3873,#3871,#115,.T.);
#4956=EDGE_CURVE('',#3874,#3872,#116,.T.);
#4957=EDGE_CURVE('',#3875,#3876,#2137,.T.);
#4958=EDGE_CURVE('',#3875,#3873,#117,.T.);
#4959=EDGE_CURVE('',#3876,#3874,#118,.T.);
#4960=EDGE_CURVE('',#3877,#3878,#2138,.T.);
#4961=EDGE_CURVE('',#3877,#3875,#119,.T.);
#4962=EDGE_CURVE('',#3878,#3876,#120,.T.);
#4963=EDGE_CURVE('',#3879,#3880,#2139,.T.);
#4964=EDGE_CURVE('',#3879,#3877,#121,.T.);
#4965=EDGE_CURVE('',#3880,#3878,#122,.T.);
#4966=EDGE_CURVE('',#3881,#3882,#42,.T.);
#4967=EDGE_CURVE('',#3883,#3881,#123,.T.);
#4968=EDGE_CURVE('',#3884,#3883,#124,.T.);
#4969=EDGE_CURVE('',#3882,#3884,#125,.T.);
#4970=EDGE_CURVE('',#3883,#3885,#126,.T.);
#4971=EDGE_CURVE('',#3886,#3885,#127,.T.);
#4972=EDGE_CURVE('',#3886,#3884,#128,.T.);
#4973=EDGE_CURVE('',#3881,#3880,#129,.T.);
#4974=EDGE_CURVE('',#3885,#3870,#130,.T.);
#4975=EDGE_CURVE('',#3882,#3879,#131,.T.);
#4976=EDGE_CURVE('',#3887,#3887,#43,.T.);
#4977=EDGE_CURVE('',#3867,#3886,#132,.T.);
#4978=EDGE_CURVE('',#3888,#3888,#44,.T.);
#4979=EDGE_CURVE('',#3888,#3887,#2140,.T.);
#4980=EDGE_CURVE('',#3889,#3889,#45,.F.);
#4981=EDGE_CURVE('',#3890,#3890,#46,.T.);
#4982=EDGE_CURVE('',#3889,#3891,#2141,.T.);
#4983=EDGE_CURVE('',#3891,#3891,#47,.T.);
#4984=EDGE_CURVE('',#3892,#3892,#48,.T.);
#4985=EDGE_CURVE('',#3892,#3890,#2142,.T.);
#4986=EDGE_CURVE('',#3893,#3893,#49,.T.);
#4987=EDGE_CURVE('',#3893,#3894,#2143,.T.);
#4988=EDGE_CURVE('',#3894,#3894,#50,.T.);
#4989=EDGE_CURVE('',#3895,#3895,#51,.F.);
#4990=EDGE_CURVE('',#3895,#3896,#2144,.T.);
#4991=EDGE_CURVE('',#3896,#3896,#52,.T.);
#4992=EDGE_CURVE('',#3897,#3898,#53,.T.);
#4993=EDGE_CURVE('',#3898,#3899,#2145,.T.);
#4994=EDGE_CURVE('',#3900,#3899,#54,.F.);
#4995=EDGE_CURVE('',#3900,#3897,#2146,.T.);
#4996=EDGE_CURVE('',#3901,#3900,#2147,.T.);
#4997=EDGE_CURVE('',#3902,#3901,#2148,.T.);
#4998=EDGE_CURVE('',#3897,#3902,#2149,.T.);
#4999=EDGE_CURVE('',#3903,#3904,#55,.F.);
#5000=EDGE_CURVE('',#3903,#3905,#2150,.T.);
#5001=EDGE_CURVE('',#3905,#3906,#56,.T.);
#5002=EDGE_CURVE('',#3906,#3904,#2151,.T.);
#5003=EDGE_CURVE('',#3906,#3907,#57,.T.);
#5004=EDGE_CURVE('',#3907,#3908,#2152,.T.);
#5005=EDGE_CURVE('',#3908,#3904,#58,.T.);
#5006=EDGE_CURVE('',#3909,#3907,#2153,.T.);
#5007=EDGE_CURVE('',#3910,#3909,#2154,.T.);
#5008=EDGE_CURVE('',#3908,#3910,#2155,.T.);
#5009=EDGE_CURVE('',#3911,#3902,#59,.T.);
#5010=EDGE_CURVE('',#3911,#3912,#60,.T.);
#5011=EDGE_CURVE('',#3913,#3912,#61,.T.);
#5012=EDGE_CURVE('',#3909,#3913,#62,.T.);
#5013=EDGE_CURVE('',#3905,#3898,#63,.T.);
#5014=EDGE_CURVE('',#3913,#3914,#2156,.T.);
#5015=EDGE_CURVE('',#3914,#3910,#64,.T.);
#5016=EDGE_CURVE('',#3912,#3915,#2157,.T.);
#5017=EDGE_CURVE('',#3915,#3914,#65,.T.);
#5018=EDGE_CURVE('',#3916,#3901,#66,.F.);
#5019=EDGE_CURVE('',#3916,#3911,#2158,.T.);
#5020=EDGE_CURVE('',#3903,#3899,#67,.T.);
#5021=EDGE_CURVE('',#3916,#3915,#68,.T.);
#5022=EDGE_CURVE('',#3917,#3917,#69,.F.);
#5023=EDGE_CURVE('',#3918,#3918,#70,.T.);
#5024=EDGE_CURVE('',#3917,#3919,#2159,.T.);
#5025=EDGE_CURVE('',#3919,#3919,#71,.T.);
#5026=EDGE_CURVE('',#3920,#3920,#72,.T.);
#5027=EDGE_CURVE('',#3920,#3918,#2160,.T.);
#5028=EDGE_CURVE('',#3921,#3921,#73,.T.);
#5029=EDGE_CURVE('',#3921,#3922,#2161,.T.);
#5030=EDGE_CURVE('',#3922,#3922,#74,.T.);
#5031=EDGE_CURVE('',#3923,#3923,#75,.F.);
#5032=EDGE_CURVE('',#3923,#3924,#2162,.T.);
#5033=EDGE_CURVE('',#3924,#3924,#76,.T.);
#5034=EDGE_CURVE('',#3925,#3926,#77,.T.);
#5035=EDGE_CURVE('',#3927,#3925,#2163,.T.);
#5036=EDGE_CURVE('',#3927,#3928,#78,.F.);
#5037=EDGE_CURVE('',#3926,#3928,#2164,.T.);
#5038=EDGE_CURVE('',#3925,#3929,#2165,.T.);
#5039=EDGE_CURVE('',#3929,#3930,#2166,.T.);
#5040=EDGE_CURVE('',#3930,#3927,#2167,.T.);
#5041=EDGE_CURVE('',#3931,#3932,#79,.F.);
#5042=EDGE_CURVE('',#3933,#3932,#2168,.T.);
#5043=EDGE_CURVE('',#3934,#3933,#80,.T.);
#5044=EDGE_CURVE('',#3931,#3934,#2169,.T.);
#5045=EDGE_CURVE('',#3935,#3932,#81,.T.);
#5046=EDGE_CURVE('',#3936,#3935,#2170,.T.);
#5047=EDGE_CURVE('',#3933,#3936,#82,.T.);
#5048=EDGE_CURVE('',#3935,#3937,#2171,.T.);
#5049=EDGE_CURVE('',#3937,#3938,#2172,.T.);
#5050=EDGE_CURVE('',#3938,#3936,#2173,.T.);
#5051=EDGE_CURVE('',#3934,#3926,#83,.T.);
#5052=EDGE_CURVE('',#3938,#3939,#84,.T.);
#5053=EDGE_CURVE('',#3939,#3940,#85,.T.);
#5054=EDGE_CURVE('',#3941,#3940,#86,.T.);
#5055=EDGE_CURVE('',#3941,#3929,#87,.T.);
#5056=EDGE_CURVE('',#3942,#3937,#88,.T.);
#5057=EDGE_CURVE('',#3939,#3942,#2174,.T.);
#5058=EDGE_CURVE('',#3943,#3942,#89,.T.);
#5059=EDGE_CURVE('',#3940,#3943,#2175,.T.);
#5060=EDGE_CURVE('',#3944,#3930,#90,.F.);
#5061=EDGE_CURVE('',#3944,#3941,#2176,.T.);
#5062=EDGE_CURVE('',#3931,#3928,#91,.T.);
#5063=EDGE_CURVE('',#3944,#3943,#92,.T.);
#5064=ORIENTED_EDGE('',*,*,#3945,.F.);
#5065=ORIENTED_EDGE('',*,*,#3946,.T.);
#5066=ORIENTED_EDGE('',*,*,#3947,.F.);
#5067=ORIENTED_EDGE('',*,*,#3948,.F.);
#5068=ORIENTED_EDGE('',*,*,#3949,.F.);
#5069=ORIENTED_EDGE('',*,*,#3948,.T.);
#5070=ORIENTED_EDGE('',*,*,#3950,.F.);
#5071=ORIENTED_EDGE('',*,*,#3951,.F.);
#5072=ORIENTED_EDGE('',*,*,#3952,.F.);
#5073=ORIENTED_EDGE('',*,*,#3951,.T.);
#5074=ORIENTED_EDGE('',*,*,#3953,.F.);
#5075=ORIENTED_EDGE('',*,*,#3954,.F.);
#5076=ORIENTED_EDGE('',*,*,#3955,.F.);
#5077=ORIENTED_EDGE('',*,*,#3956,.T.);
#5078=ORIENTED_EDGE('',*,*,#3957,.F.);
#5079=ORIENTED_EDGE('',*,*,#3958,.F.);
#5080=ORIENTED_EDGE('',*,*,#3959,.F.);
#5081=ORIENTED_EDGE('',*,*,#3958,.T.);
#5082=ORIENTED_EDGE('',*,*,#3960,.F.);
#5083=ORIENTED_EDGE('',*,*,#3961,.F.);
#5084=ORIENTED_EDGE('',*,*,#3962,.F.);
#5085=ORIENTED_EDGE('',*,*,#3961,.T.);
#5086=ORIENTED_EDGE('',*,*,#3963,.F.);
#5087=ORIENTED_EDGE('',*,*,#3964,.F.);
#5088=ORIENTED_EDGE('',*,*,#3965,.F.);
#5089=ORIENTED_EDGE('',*,*,#3966,.T.);
#5090=ORIENTED_EDGE('',*,*,#3967,.F.);
#5091=ORIENTED_EDGE('',*,*,#3968,.F.);
#5092=ORIENTED_EDGE('',*,*,#3969,.F.);
#5093=ORIENTED_EDGE('',*,*,#3968,.T.);
#5094=ORIENTED_EDGE('',*,*,#3970,.F.);
#5095=ORIENTED_EDGE('',*,*,#3971,.F.);
#5096=ORIENTED_EDGE('',*,*,#3972,.F.);
#5097=ORIENTED_EDGE('',*,*,#3971,.T.);
#5098=ORIENTED_EDGE('',*,*,#3973,.F.);
#5099=ORIENTED_EDGE('',*,*,#3974,.F.);
#5100=ORIENTED_EDGE('',*,*,#3975,.F.);
#5101=ORIENTED_EDGE('',*,*,#3976,.T.);
#5102=ORIENTED_EDGE('',*,*,#3977,.F.);
#5103=ORIENTED_EDGE('',*,*,#3978,.F.);
#5104=ORIENTED_EDGE('',*,*,#3979,.F.);
#5105=ORIENTED_EDGE('',*,*,#3978,.T.);
#5106=ORIENTED_EDGE('',*,*,#3980,.F.);
#5107=ORIENTED_EDGE('',*,*,#3981,.F.);
#5108=ORIENTED_EDGE('',*,*,#3982,.F.);
#5109=ORIENTED_EDGE('',*,*,#3981,.T.);
#5110=ORIENTED_EDGE('',*,*,#3983,.F.);
#5111=ORIENTED_EDGE('',*,*,#3984,.F.);
#5112=ORIENTED_EDGE('',*,*,#3985,.F.);
#5113=ORIENTED_EDGE('',*,*,#3986,.T.);
#5114=ORIENTED_EDGE('',*,*,#3987,.F.);
#5115=ORIENTED_EDGE('',*,*,#3988,.F.);
#5116=ORIENTED_EDGE('',*,*,#3989,.F.);
#5117=ORIENTED_EDGE('',*,*,#3988,.T.);
#5118=ORIENTED_EDGE('',*,*,#3990,.F.);
#5119=ORIENTED_EDGE('',*,*,#3991,.F.);
#5120=ORIENTED_EDGE('',*,*,#3992,.F.);
#5121=ORIENTED_EDGE('',*,*,#3991,.T.);
#5122=ORIENTED_EDGE('',*,*,#3993,.F.);
#5123=ORIENTED_EDGE('',*,*,#3994,.F.);
#5124=ORIENTED_EDGE('',*,*,#3995,.F.);
#5125=ORIENTED_EDGE('',*,*,#3996,.T.);
#5126=ORIENTED_EDGE('',*,*,#3997,.F.);
#5127=ORIENTED_EDGE('',*,*,#3998,.F.);
#5128=ORIENTED_EDGE('',*,*,#3999,.F.);
#5129=ORIENTED_EDGE('',*,*,#3998,.T.);
#5130=ORIENTED_EDGE('',*,*,#4000,.F.);
#5131=ORIENTED_EDGE('',*,*,#4001,.F.);
#5132=ORIENTED_EDGE('',*,*,#4002,.F.);
#5133=ORIENTED_EDGE('',*,*,#4001,.T.);
#5134=ORIENTED_EDGE('',*,*,#4003,.F.);
#5135=ORIENTED_EDGE('',*,*,#4004,.F.);
#5136=ORIENTED_EDGE('',*,*,#4005,.F.);
#5137=ORIENTED_EDGE('',*,*,#4006,.T.);
#5138=ORIENTED_EDGE('',*,*,#4007,.F.);
#5139=ORIENTED_EDGE('',*,*,#4008,.F.);
#5140=ORIENTED_EDGE('',*,*,#4009,.F.);
#5141=ORIENTED_EDGE('',*,*,#4008,.T.);
#5142=ORIENTED_EDGE('',*,*,#4010,.F.);
#5143=ORIENTED_EDGE('',*,*,#4011,.F.);
#5144=ORIENTED_EDGE('',*,*,#4012,.F.);
#5145=ORIENTED_EDGE('',*,*,#4011,.T.);
#5146=ORIENTED_EDGE('',*,*,#4013,.F.);
#5147=ORIENTED_EDGE('',*,*,#4014,.F.);
#5148=ORIENTED_EDGE('',*,*,#4015,.F.);
#5149=ORIENTED_EDGE('',*,*,#4016,.T.);
#5150=ORIENTED_EDGE('',*,*,#4017,.F.);
#5151=ORIENTED_EDGE('',*,*,#4018,.F.);
#5152=ORIENTED_EDGE('',*,*,#4019,.F.);
#5153=ORIENTED_EDGE('',*,*,#4018,.T.);
#5154=ORIENTED_EDGE('',*,*,#4020,.F.);
#5155=ORIENTED_EDGE('',*,*,#4021,.F.);
#5156=ORIENTED_EDGE('',*,*,#4022,.F.);
#5157=ORIENTED_EDGE('',*,*,#4021,.T.);
#5158=ORIENTED_EDGE('',*,*,#4023,.F.);
#5159=ORIENTED_EDGE('',*,*,#4024,.F.);
#5160=ORIENTED_EDGE('',*,*,#4025,.F.);
#5161=ORIENTED_EDGE('',*,*,#4026,.T.);
#5162=ORIENTED_EDGE('',*,*,#4027,.F.);
#5163=ORIENTED_EDGE('',*,*,#4028,.F.);
#5164=ORIENTED_EDGE('',*,*,#4029,.F.);
#5165=ORIENTED_EDGE('',*,*,#4028,.T.);
#5166=ORIENTED_EDGE('',*,*,#4030,.F.);
#5167=ORIENTED_EDGE('',*,*,#4031,.F.);
#5168=ORIENTED_EDGE('',*,*,#4032,.F.);
#5169=ORIENTED_EDGE('',*,*,#4031,.T.);
#5170=ORIENTED_EDGE('',*,*,#4033,.F.);
#5171=ORIENTED_EDGE('',*,*,#4034,.F.);
#5172=ORIENTED_EDGE('',*,*,#4035,.F.);
#5173=ORIENTED_EDGE('',*,*,#4036,.T.);
#5174=ORIENTED_EDGE('',*,*,#4037,.F.);
#5175=ORIENTED_EDGE('',*,*,#4038,.F.);
#5176=ORIENTED_EDGE('',*,*,#4039,.F.);
#5177=ORIENTED_EDGE('',*,*,#4038,.T.);
#5178=ORIENTED_EDGE('',*,*,#4040,.F.);
#5179=ORIENTED_EDGE('',*,*,#4041,.F.);
#5180=ORIENTED_EDGE('',*,*,#4042,.F.);
#5181=ORIENTED_EDGE('',*,*,#4041,.T.);
#5182=ORIENTED_EDGE('',*,*,#4043,.F.);
#5183=ORIENTED_EDGE('',*,*,#4044,.F.);
#5184=ORIENTED_EDGE('',*,*,#4045,.F.);
#5185=ORIENTED_EDGE('',*,*,#4046,.T.);
#5186=ORIENTED_EDGE('',*,*,#4047,.F.);
#5187=ORIENTED_EDGE('',*,*,#4048,.F.);
#5188=ORIENTED_EDGE('',*,*,#4049,.F.);
#5189=ORIENTED_EDGE('',*,*,#4048,.T.);
#5190=ORIENTED_EDGE('',*,*,#4050,.F.);
#5191=ORIENTED_EDGE('',*,*,#4051,.F.);
#5192=ORIENTED_EDGE('',*,*,#4052,.F.);
#5193=ORIENTED_EDGE('',*,*,#4051,.T.);
#5194=ORIENTED_EDGE('',*,*,#4053,.F.);
#5195=ORIENTED_EDGE('',*,*,#4054,.F.);
#5196=ORIENTED_EDGE('',*,*,#4055,.F.);
#5197=ORIENTED_EDGE('',*,*,#4056,.T.);
#5198=ORIENTED_EDGE('',*,*,#4057,.F.);
#5199=ORIENTED_EDGE('',*,*,#4058,.F.);
#5200=ORIENTED_EDGE('',*,*,#4059,.F.);
#5201=ORIENTED_EDGE('',*,*,#4058,.T.);
#5202=ORIENTED_EDGE('',*,*,#4060,.F.);
#5203=ORIENTED_EDGE('',*,*,#4061,.F.);
#5204=ORIENTED_EDGE('',*,*,#4062,.F.);
#5205=ORIENTED_EDGE('',*,*,#4061,.T.);
#5206=ORIENTED_EDGE('',*,*,#4063,.F.);
#5207=ORIENTED_EDGE('',*,*,#4064,.F.);
#5208=ORIENTED_EDGE('',*,*,#4065,.F.);
#5209=ORIENTED_EDGE('',*,*,#4066,.T.);
#5210=ORIENTED_EDGE('',*,*,#4067,.F.);
#5211=ORIENTED_EDGE('',*,*,#4068,.F.);
#5212=ORIENTED_EDGE('',*,*,#4069,.F.);
#5213=ORIENTED_EDGE('',*,*,#4068,.T.);
#5214=ORIENTED_EDGE('',*,*,#4070,.F.);
#5215=ORIENTED_EDGE('',*,*,#4071,.F.);
#5216=ORIENTED_EDGE('',*,*,#4072,.F.);
#5217=ORIENTED_EDGE('',*,*,#4071,.T.);
#5218=ORIENTED_EDGE('',*,*,#4073,.F.);
#5219=ORIENTED_EDGE('',*,*,#4074,.F.);
#5220=ORIENTED_EDGE('',*,*,#4075,.F.);
#5221=ORIENTED_EDGE('',*,*,#4076,.T.);
#5222=ORIENTED_EDGE('',*,*,#4077,.F.);
#5223=ORIENTED_EDGE('',*,*,#4078,.F.);
#5224=ORIENTED_EDGE('',*,*,#4079,.F.);
#5225=ORIENTED_EDGE('',*,*,#4078,.T.);
#5226=ORIENTED_EDGE('',*,*,#4080,.F.);
#5227=ORIENTED_EDGE('',*,*,#4081,.F.);
#5228=ORIENTED_EDGE('',*,*,#4082,.F.);
#5229=ORIENTED_EDGE('',*,*,#4081,.T.);
#5230=ORIENTED_EDGE('',*,*,#4083,.F.);
#5231=ORIENTED_EDGE('',*,*,#4084,.F.);
#5232=ORIENTED_EDGE('',*,*,#4085,.F.);
#5233=ORIENTED_EDGE('',*,*,#4086,.T.);
#5234=ORIENTED_EDGE('',*,*,#4087,.F.);
#5235=ORIENTED_EDGE('',*,*,#4088,.F.);
#5236=ORIENTED_EDGE('',*,*,#4089,.F.);
#5237=ORIENTED_EDGE('',*,*,#4088,.T.);
#5238=ORIENTED_EDGE('',*,*,#4090,.F.);
#5239=ORIENTED_EDGE('',*,*,#4091,.F.);
#5240=ORIENTED_EDGE('',*,*,#4092,.F.);
#5241=ORIENTED_EDGE('',*,*,#4091,.T.);
#5242=ORIENTED_EDGE('',*,*,#4093,.F.);
#5243=ORIENTED_EDGE('',*,*,#4094,.F.);
#5244=ORIENTED_EDGE('',*,*,#4095,.F.);
#5245=ORIENTED_EDGE('',*,*,#4096,.T.);
#5246=ORIENTED_EDGE('',*,*,#4097,.F.);
#5247=ORIENTED_EDGE('',*,*,#4098,.F.);
#5248=ORIENTED_EDGE('',*,*,#4099,.F.);
#5249=ORIENTED_EDGE('',*,*,#4098,.T.);
#5250=ORIENTED_EDGE('',*,*,#4100,.F.);
#5251=ORIENTED_EDGE('',*,*,#4101,.F.);
#5252=ORIENTED_EDGE('',*,*,#4102,.F.);
#5253=ORIENTED_EDGE('',*,*,#4101,.T.);
#5254=ORIENTED_EDGE('',*,*,#4103,.F.);
#5255=ORIENTED_EDGE('',*,*,#4104,.F.);
#5256=ORIENTED_EDGE('',*,*,#4105,.F.);
#5257=ORIENTED_EDGE('',*,*,#4106,.T.);
#5258=ORIENTED_EDGE('',*,*,#4107,.F.);
#5259=ORIENTED_EDGE('',*,*,#4108,.F.);
#5260=ORIENTED_EDGE('',*,*,#4109,.F.);
#5261=ORIENTED_EDGE('',*,*,#4108,.T.);
#5262=ORIENTED_EDGE('',*,*,#4110,.F.);
#5263=ORIENTED_EDGE('',*,*,#4111,.F.);
#5264=ORIENTED_EDGE('',*,*,#4112,.F.);
#5265=ORIENTED_EDGE('',*,*,#4111,.T.);
#5266=ORIENTED_EDGE('',*,*,#4113,.F.);
#5267=ORIENTED_EDGE('',*,*,#4114,.F.);
#5268=ORIENTED_EDGE('',*,*,#4115,.F.);
#5269=ORIENTED_EDGE('',*,*,#4116,.T.);
#5270=ORIENTED_EDGE('',*,*,#4117,.F.);
#5271=ORIENTED_EDGE('',*,*,#4118,.F.);
#5272=ORIENTED_EDGE('',*,*,#4119,.F.);
#5273=ORIENTED_EDGE('',*,*,#4118,.T.);
#5274=ORIENTED_EDGE('',*,*,#4120,.F.);
#5275=ORIENTED_EDGE('',*,*,#4121,.F.);
#5276=ORIENTED_EDGE('',*,*,#4122,.F.);
#5277=ORIENTED_EDGE('',*,*,#4121,.T.);
#5278=ORIENTED_EDGE('',*,*,#4123,.F.);
#5279=ORIENTED_EDGE('',*,*,#4124,.F.);
#5280=ORIENTED_EDGE('',*,*,#4125,.F.);
#5281=ORIENTED_EDGE('',*,*,#4126,.T.);
#5282=ORIENTED_EDGE('',*,*,#4127,.F.);
#5283=ORIENTED_EDGE('',*,*,#4128,.F.);
#5284=ORIENTED_EDGE('',*,*,#4129,.F.);
#5285=ORIENTED_EDGE('',*,*,#4128,.T.);
#5286=ORIENTED_EDGE('',*,*,#4130,.F.);
#5287=ORIENTED_EDGE('',*,*,#4131,.F.);
#5288=ORIENTED_EDGE('',*,*,#4132,.F.);
#5289=ORIENTED_EDGE('',*,*,#4131,.T.);
#5290=ORIENTED_EDGE('',*,*,#4133,.F.);
#5291=ORIENTED_EDGE('',*,*,#4134,.F.);
#5292=ORIENTED_EDGE('',*,*,#4135,.F.);
#5293=ORIENTED_EDGE('',*,*,#4136,.T.);
#5294=ORIENTED_EDGE('',*,*,#4137,.F.);
#5295=ORIENTED_EDGE('',*,*,#4138,.F.);
#5296=ORIENTED_EDGE('',*,*,#4139,.F.);
#5297=ORIENTED_EDGE('',*,*,#4138,.T.);
#5298=ORIENTED_EDGE('',*,*,#4140,.F.);
#5299=ORIENTED_EDGE('',*,*,#4141,.F.);
#5300=ORIENTED_EDGE('',*,*,#4142,.F.);
#5301=ORIENTED_EDGE('',*,*,#4141,.T.);
#5302=ORIENTED_EDGE('',*,*,#4143,.F.);
#5303=ORIENTED_EDGE('',*,*,#4144,.F.);
#5304=ORIENTED_EDGE('',*,*,#4145,.F.);
#5305=ORIENTED_EDGE('',*,*,#4146,.T.);
#5306=ORIENTED_EDGE('',*,*,#4147,.F.);
#5307=ORIENTED_EDGE('',*,*,#4148,.F.);
#5308=ORIENTED_EDGE('',*,*,#4149,.F.);
#5309=ORIENTED_EDGE('',*,*,#4148,.T.);
#5310=ORIENTED_EDGE('',*,*,#4150,.F.);
#5311=ORIENTED_EDGE('',*,*,#4151,.F.);
#5312=ORIENTED_EDGE('',*,*,#4152,.F.);
#5313=ORIENTED_EDGE('',*,*,#4151,.T.);
#5314=ORIENTED_EDGE('',*,*,#4153,.F.);
#5315=ORIENTED_EDGE('',*,*,#4154,.F.);
#5316=ORIENTED_EDGE('',*,*,#4155,.F.);
#5317=ORIENTED_EDGE('',*,*,#4156,.T.);
#5318=ORIENTED_EDGE('',*,*,#4157,.F.);
#5319=ORIENTED_EDGE('',*,*,#4158,.F.);
#5320=ORIENTED_EDGE('',*,*,#4159,.F.);
#5321=ORIENTED_EDGE('',*,*,#4158,.T.);
#5322=ORIENTED_EDGE('',*,*,#4160,.F.);
#5323=ORIENTED_EDGE('',*,*,#4161,.F.);
#5324=ORIENTED_EDGE('',*,*,#4162,.F.);
#5325=ORIENTED_EDGE('',*,*,#4161,.T.);
#5326=ORIENTED_EDGE('',*,*,#4163,.F.);
#5327=ORIENTED_EDGE('',*,*,#4164,.F.);
#5328=ORIENTED_EDGE('',*,*,#4165,.F.);
#5329=ORIENTED_EDGE('',*,*,#4166,.T.);
#5330=ORIENTED_EDGE('',*,*,#4167,.F.);
#5331=ORIENTED_EDGE('',*,*,#4168,.F.);
#5332=ORIENTED_EDGE('',*,*,#4169,.F.);
#5333=ORIENTED_EDGE('',*,*,#4168,.T.);
#5334=ORIENTED_EDGE('',*,*,#4170,.F.);
#5335=ORIENTED_EDGE('',*,*,#4171,.F.);
#5336=ORIENTED_EDGE('',*,*,#4172,.F.);
#5337=ORIENTED_EDGE('',*,*,#4171,.T.);
#5338=ORIENTED_EDGE('',*,*,#4173,.F.);
#5339=ORIENTED_EDGE('',*,*,#4174,.F.);
#5340=ORIENTED_EDGE('',*,*,#4175,.F.);
#5341=ORIENTED_EDGE('',*,*,#4176,.T.);
#5342=ORIENTED_EDGE('',*,*,#4177,.F.);
#5343=ORIENTED_EDGE('',*,*,#4178,.F.);
#5344=ORIENTED_EDGE('',*,*,#4179,.F.);
#5345=ORIENTED_EDGE('',*,*,#4178,.T.);
#5346=ORIENTED_EDGE('',*,*,#4180,.F.);
#5347=ORIENTED_EDGE('',*,*,#4181,.F.);
#5348=ORIENTED_EDGE('',*,*,#4182,.F.);
#5349=ORIENTED_EDGE('',*,*,#4181,.T.);
#5350=ORIENTED_EDGE('',*,*,#4183,.F.);
#5351=ORIENTED_EDGE('',*,*,#4184,.F.);
#5352=ORIENTED_EDGE('',*,*,#4185,.F.);
#5353=ORIENTED_EDGE('',*,*,#4186,.T.);
#5354=ORIENTED_EDGE('',*,*,#4187,.F.);
#5355=ORIENTED_EDGE('',*,*,#4188,.F.);
#5356=ORIENTED_EDGE('',*,*,#4189,.F.);
#5357=ORIENTED_EDGE('',*,*,#4188,.T.);
#5358=ORIENTED_EDGE('',*,*,#4190,.F.);
#5359=ORIENTED_EDGE('',*,*,#4191,.F.);
#5360=ORIENTED_EDGE('',*,*,#4192,.F.);
#5361=ORIENTED_EDGE('',*,*,#4191,.T.);
#5362=ORIENTED_EDGE('',*,*,#4193,.F.);
#5363=ORIENTED_EDGE('',*,*,#4194,.F.);
#5364=ORIENTED_EDGE('',*,*,#4195,.F.);
#5365=ORIENTED_EDGE('',*,*,#4196,.T.);
#5366=ORIENTED_EDGE('',*,*,#4197,.F.);
#5367=ORIENTED_EDGE('',*,*,#4198,.F.);
#5368=ORIENTED_EDGE('',*,*,#4199,.F.);
#5369=ORIENTED_EDGE('',*,*,#4198,.T.);
#5370=ORIENTED_EDGE('',*,*,#4200,.F.);
#5371=ORIENTED_EDGE('',*,*,#4201,.F.);
#5372=ORIENTED_EDGE('',*,*,#4202,.F.);
#5373=ORIENTED_EDGE('',*,*,#4201,.T.);
#5374=ORIENTED_EDGE('',*,*,#4203,.F.);
#5375=ORIENTED_EDGE('',*,*,#4204,.F.);
#5376=ORIENTED_EDGE('',*,*,#4205,.F.);
#5377=ORIENTED_EDGE('',*,*,#4206,.T.);
#5378=ORIENTED_EDGE('',*,*,#4207,.F.);
#5379=ORIENTED_EDGE('',*,*,#4208,.F.);
#5380=ORIENTED_EDGE('',*,*,#4209,.F.);
#5381=ORIENTED_EDGE('',*,*,#4208,.T.);
#5382=ORIENTED_EDGE('',*,*,#4210,.F.);
#5383=ORIENTED_EDGE('',*,*,#4211,.F.);
#5384=ORIENTED_EDGE('',*,*,#4212,.F.);
#5385=ORIENTED_EDGE('',*,*,#4211,.T.);
#5386=ORIENTED_EDGE('',*,*,#4213,.F.);
#5387=ORIENTED_EDGE('',*,*,#4214,.F.);
#5388=ORIENTED_EDGE('',*,*,#4215,.F.);
#5389=ORIENTED_EDGE('',*,*,#4216,.T.);
#5390=ORIENTED_EDGE('',*,*,#4217,.F.);
#5391=ORIENTED_EDGE('',*,*,#4218,.F.);
#5392=ORIENTED_EDGE('',*,*,#4219,.F.);
#5393=ORIENTED_EDGE('',*,*,#4218,.T.);
#5394=ORIENTED_EDGE('',*,*,#4220,.F.);
#5395=ORIENTED_EDGE('',*,*,#4221,.F.);
#5396=ORIENTED_EDGE('',*,*,#4222,.F.);
#5397=ORIENTED_EDGE('',*,*,#4221,.T.);
#5398=ORIENTED_EDGE('',*,*,#4223,.F.);
#5399=ORIENTED_EDGE('',*,*,#4224,.F.);
#5400=ORIENTED_EDGE('',*,*,#4225,.F.);
#5401=ORIENTED_EDGE('',*,*,#4226,.T.);
#5402=ORIENTED_EDGE('',*,*,#4227,.F.);
#5403=ORIENTED_EDGE('',*,*,#4228,.F.);
#5404=ORIENTED_EDGE('',*,*,#4229,.F.);
#5405=ORIENTED_EDGE('',*,*,#4228,.T.);
#5406=ORIENTED_EDGE('',*,*,#4230,.F.);
#5407=ORIENTED_EDGE('',*,*,#4231,.F.);
#5408=ORIENTED_EDGE('',*,*,#4232,.F.);
#5409=ORIENTED_EDGE('',*,*,#4231,.T.);
#5410=ORIENTED_EDGE('',*,*,#4233,.F.);
#5411=ORIENTED_EDGE('',*,*,#4234,.F.);
#5412=ORIENTED_EDGE('',*,*,#4235,.F.);
#5413=ORIENTED_EDGE('',*,*,#4236,.T.);
#5414=ORIENTED_EDGE('',*,*,#4237,.F.);
#5415=ORIENTED_EDGE('',*,*,#4238,.F.);
#5416=ORIENTED_EDGE('',*,*,#4239,.F.);
#5417=ORIENTED_EDGE('',*,*,#4238,.T.);
#5418=ORIENTED_EDGE('',*,*,#4240,.F.);
#5419=ORIENTED_EDGE('',*,*,#4241,.F.);
#5420=ORIENTED_EDGE('',*,*,#4242,.F.);
#5421=ORIENTED_EDGE('',*,*,#4241,.T.);
#5422=ORIENTED_EDGE('',*,*,#4243,.F.);
#5423=ORIENTED_EDGE('',*,*,#4244,.F.);
#5424=ORIENTED_EDGE('',*,*,#4245,.F.);
#5425=ORIENTED_EDGE('',*,*,#4246,.T.);
#5426=ORIENTED_EDGE('',*,*,#4247,.F.);
#5427=ORIENTED_EDGE('',*,*,#4248,.F.);
#5428=ORIENTED_EDGE('',*,*,#4249,.F.);
#5429=ORIENTED_EDGE('',*,*,#4248,.T.);
#5430=ORIENTED_EDGE('',*,*,#4250,.F.);
#5431=ORIENTED_EDGE('',*,*,#4251,.F.);
#5432=ORIENTED_EDGE('',*,*,#4252,.F.);
#5433=ORIENTED_EDGE('',*,*,#4251,.T.);
#5434=ORIENTED_EDGE('',*,*,#4253,.F.);
#5435=ORIENTED_EDGE('',*,*,#4254,.F.);
#5436=ORIENTED_EDGE('',*,*,#4255,.F.);
#5437=ORIENTED_EDGE('',*,*,#4256,.T.);
#5438=ORIENTED_EDGE('',*,*,#4257,.F.);
#5439=ORIENTED_EDGE('',*,*,#4258,.F.);
#5440=ORIENTED_EDGE('',*,*,#4259,.F.);
#5441=ORIENTED_EDGE('',*,*,#4258,.T.);
#5442=ORIENTED_EDGE('',*,*,#4260,.F.);
#5443=ORIENTED_EDGE('',*,*,#4261,.F.);
#5444=ORIENTED_EDGE('',*,*,#4262,.F.);
#5445=ORIENTED_EDGE('',*,*,#4261,.T.);
#5446=ORIENTED_EDGE('',*,*,#4263,.F.);
#5447=ORIENTED_EDGE('',*,*,#4264,.F.);
#5448=ORIENTED_EDGE('',*,*,#4265,.F.);
#5449=ORIENTED_EDGE('',*,*,#4266,.T.);
#5450=ORIENTED_EDGE('',*,*,#4267,.F.);
#5451=ORIENTED_EDGE('',*,*,#4268,.F.);
#5452=ORIENTED_EDGE('',*,*,#4269,.F.);
#5453=ORIENTED_EDGE('',*,*,#4268,.T.);
#5454=ORIENTED_EDGE('',*,*,#4270,.F.);
#5455=ORIENTED_EDGE('',*,*,#4271,.F.);
#5456=ORIENTED_EDGE('',*,*,#4272,.F.);
#5457=ORIENTED_EDGE('',*,*,#4271,.T.);
#5458=ORIENTED_EDGE('',*,*,#4273,.F.);
#5459=ORIENTED_EDGE('',*,*,#4274,.F.);
#5460=ORIENTED_EDGE('',*,*,#4275,.F.);
#5461=ORIENTED_EDGE('',*,*,#4276,.T.);
#5462=ORIENTED_EDGE('',*,*,#4277,.F.);
#5463=ORIENTED_EDGE('',*,*,#4278,.F.);
#5464=ORIENTED_EDGE('',*,*,#4279,.F.);
#5465=ORIENTED_EDGE('',*,*,#4278,.T.);
#5466=ORIENTED_EDGE('',*,*,#4280,.F.);
#5467=ORIENTED_EDGE('',*,*,#4281,.F.);
#5468=ORIENTED_EDGE('',*,*,#4282,.F.);
#5469=ORIENTED_EDGE('',*,*,#4281,.T.);
#5470=ORIENTED_EDGE('',*,*,#4283,.F.);
#5471=ORIENTED_EDGE('',*,*,#4284,.F.);
#5472=ORIENTED_EDGE('',*,*,#4285,.F.);
#5473=ORIENTED_EDGE('',*,*,#4286,.T.);
#5474=ORIENTED_EDGE('',*,*,#4287,.F.);
#5475=ORIENTED_EDGE('',*,*,#4288,.F.);
#5476=ORIENTED_EDGE('',*,*,#4289,.F.);
#5477=ORIENTED_EDGE('',*,*,#4288,.T.);
#5478=ORIENTED_EDGE('',*,*,#4290,.F.);
#5479=ORIENTED_EDGE('',*,*,#4291,.F.);
#5480=ORIENTED_EDGE('',*,*,#4292,.F.);
#5481=ORIENTED_EDGE('',*,*,#4291,.T.);
#5482=ORIENTED_EDGE('',*,*,#4293,.F.);
#5483=ORIENTED_EDGE('',*,*,#4294,.F.);
#5484=ORIENTED_EDGE('',*,*,#4295,.F.);
#5485=ORIENTED_EDGE('',*,*,#4296,.T.);
#5486=ORIENTED_EDGE('',*,*,#4297,.F.);
#5487=ORIENTED_EDGE('',*,*,#4298,.F.);
#5488=ORIENTED_EDGE('',*,*,#4299,.F.);
#5489=ORIENTED_EDGE('',*,*,#4298,.T.);
#5490=ORIENTED_EDGE('',*,*,#4300,.F.);
#5491=ORIENTED_EDGE('',*,*,#4301,.F.);
#5492=ORIENTED_EDGE('',*,*,#4302,.F.);
#5493=ORIENTED_EDGE('',*,*,#4301,.T.);
#5494=ORIENTED_EDGE('',*,*,#4303,.F.);
#5495=ORIENTED_EDGE('',*,*,#4304,.F.);
#5496=ORIENTED_EDGE('',*,*,#4305,.F.);
#5497=ORIENTED_EDGE('',*,*,#4306,.T.);
#5498=ORIENTED_EDGE('',*,*,#4307,.F.);
#5499=ORIENTED_EDGE('',*,*,#4308,.F.);
#5500=ORIENTED_EDGE('',*,*,#4309,.F.);
#5501=ORIENTED_EDGE('',*,*,#4308,.T.);
#5502=ORIENTED_EDGE('',*,*,#4310,.F.);
#5503=ORIENTED_EDGE('',*,*,#4311,.F.);
#5504=ORIENTED_EDGE('',*,*,#4312,.F.);
#5505=ORIENTED_EDGE('',*,*,#4311,.T.);
#5506=ORIENTED_EDGE('',*,*,#4313,.F.);
#5507=ORIENTED_EDGE('',*,*,#4314,.F.);
#5508=ORIENTED_EDGE('',*,*,#4315,.F.);
#5509=ORIENTED_EDGE('',*,*,#4316,.T.);
#5510=ORIENTED_EDGE('',*,*,#4317,.F.);
#5511=ORIENTED_EDGE('',*,*,#4318,.F.);
#5512=ORIENTED_EDGE('',*,*,#4319,.F.);
#5513=ORIENTED_EDGE('',*,*,#4318,.T.);
#5514=ORIENTED_EDGE('',*,*,#4320,.F.);
#5515=ORIENTED_EDGE('',*,*,#4321,.F.);
#5516=ORIENTED_EDGE('',*,*,#4322,.F.);
#5517=ORIENTED_EDGE('',*,*,#4321,.T.);
#5518=ORIENTED_EDGE('',*,*,#4323,.F.);
#5519=ORIENTED_EDGE('',*,*,#4324,.F.);
#5520=ORIENTED_EDGE('',*,*,#4325,.F.);
#5521=ORIENTED_EDGE('',*,*,#4326,.T.);
#5522=ORIENTED_EDGE('',*,*,#4327,.F.);
#5523=ORIENTED_EDGE('',*,*,#4328,.F.);
#5524=ORIENTED_EDGE('',*,*,#4329,.F.);
#5525=ORIENTED_EDGE('',*,*,#4328,.T.);
#5526=ORIENTED_EDGE('',*,*,#4330,.F.);
#5527=ORIENTED_EDGE('',*,*,#4331,.F.);
#5528=ORIENTED_EDGE('',*,*,#4332,.F.);
#5529=ORIENTED_EDGE('',*,*,#4331,.T.);
#5530=ORIENTED_EDGE('',*,*,#4333,.F.);
#5531=ORIENTED_EDGE('',*,*,#4334,.F.);
#5532=ORIENTED_EDGE('',*,*,#4335,.F.);
#5533=ORIENTED_EDGE('',*,*,#4336,.T.);
#5534=ORIENTED_EDGE('',*,*,#4337,.F.);
#5535=ORIENTED_EDGE('',*,*,#4338,.F.);
#5536=ORIENTED_EDGE('',*,*,#4339,.F.);
#5537=ORIENTED_EDGE('',*,*,#4338,.T.);
#5538=ORIENTED_EDGE('',*,*,#4340,.F.);
#5539=ORIENTED_EDGE('',*,*,#4341,.F.);
#5540=ORIENTED_EDGE('',*,*,#4342,.F.);
#5541=ORIENTED_EDGE('',*,*,#4341,.T.);
#5542=ORIENTED_EDGE('',*,*,#4343,.F.);
#5543=ORIENTED_EDGE('',*,*,#4344,.F.);
#5544=ORIENTED_EDGE('',*,*,#4345,.T.);
#5545=ORIENTED_EDGE('',*,*,#4346,.T.);
#5546=ORIENTED_EDGE('',*,*,#4347,.T.);
#5547=ORIENTED_EDGE('',*,*,#4343,.T.);
#5548=ORIENTED_EDGE('',*,*,#4340,.T.);
#5549=ORIENTED_EDGE('',*,*,#4337,.T.);
#5550=ORIENTED_EDGE('',*,*,#4348,.T.);
#5551=ORIENTED_EDGE('',*,*,#4333,.T.);
#5552=ORIENTED_EDGE('',*,*,#4330,.T.);
#5553=ORIENTED_EDGE('',*,*,#4327,.T.);
#5554=ORIENTED_EDGE('',*,*,#4349,.T.);
#5555=ORIENTED_EDGE('',*,*,#4323,.T.);
#5556=ORIENTED_EDGE('',*,*,#4320,.T.);
#5557=ORIENTED_EDGE('',*,*,#4317,.T.);
#5558=ORIENTED_EDGE('',*,*,#4350,.T.);
#5559=ORIENTED_EDGE('',*,*,#4313,.T.);
#5560=ORIENTED_EDGE('',*,*,#4310,.T.);
#5561=ORIENTED_EDGE('',*,*,#4307,.T.);
#5562=ORIENTED_EDGE('',*,*,#4351,.T.);
#5563=ORIENTED_EDGE('',*,*,#4303,.T.);
#5564=ORIENTED_EDGE('',*,*,#4300,.T.);
#5565=ORIENTED_EDGE('',*,*,#4297,.T.);
#5566=ORIENTED_EDGE('',*,*,#4352,.T.);
#5567=ORIENTED_EDGE('',*,*,#4293,.T.);
#5568=ORIENTED_EDGE('',*,*,#4290,.T.);
#5569=ORIENTED_EDGE('',*,*,#4287,.T.);
#5570=ORIENTED_EDGE('',*,*,#4353,.T.);
#5571=ORIENTED_EDGE('',*,*,#4283,.T.);
#5572=ORIENTED_EDGE('',*,*,#4280,.T.);
#5573=ORIENTED_EDGE('',*,*,#4277,.T.);
#5574=ORIENTED_EDGE('',*,*,#4354,.T.);
#5575=ORIENTED_EDGE('',*,*,#4273,.T.);
#5576=ORIENTED_EDGE('',*,*,#4270,.T.);
#5577=ORIENTED_EDGE('',*,*,#4267,.T.);
#5578=ORIENTED_EDGE('',*,*,#4355,.T.);
#5579=ORIENTED_EDGE('',*,*,#4263,.T.);
#5580=ORIENTED_EDGE('',*,*,#4260,.T.);
#5581=ORIENTED_EDGE('',*,*,#4257,.T.);
#5582=ORIENTED_EDGE('',*,*,#4356,.T.);
#5583=ORIENTED_EDGE('',*,*,#4253,.T.);
#5584=ORIENTED_EDGE('',*,*,#4250,.T.);
#5585=ORIENTED_EDGE('',*,*,#4247,.T.);
#5586=ORIENTED_EDGE('',*,*,#4357,.T.);
#5587=ORIENTED_EDGE('',*,*,#4243,.T.);
#5588=ORIENTED_EDGE('',*,*,#4240,.T.);
#5589=ORIENTED_EDGE('',*,*,#4237,.T.);
#5590=ORIENTED_EDGE('',*,*,#4358,.T.);
#5591=ORIENTED_EDGE('',*,*,#4233,.T.);
#5592=ORIENTED_EDGE('',*,*,#4230,.T.);
#5593=ORIENTED_EDGE('',*,*,#4227,.T.);
#5594=ORIENTED_EDGE('',*,*,#4359,.T.);
#5595=ORIENTED_EDGE('',*,*,#4223,.T.);
#5596=ORIENTED_EDGE('',*,*,#4220,.T.);
#5597=ORIENTED_EDGE('',*,*,#4217,.T.);
#5598=ORIENTED_EDGE('',*,*,#4360,.T.);
#5599=ORIENTED_EDGE('',*,*,#4213,.T.);
#5600=ORIENTED_EDGE('',*,*,#4210,.T.);
#5601=ORIENTED_EDGE('',*,*,#4207,.T.);
#5602=ORIENTED_EDGE('',*,*,#4361,.T.);
#5603=ORIENTED_EDGE('',*,*,#4203,.T.);
#5604=ORIENTED_EDGE('',*,*,#4200,.T.);
#5605=ORIENTED_EDGE('',*,*,#4197,.T.);
#5606=ORIENTED_EDGE('',*,*,#4362,.T.);
#5607=ORIENTED_EDGE('',*,*,#4193,.T.);
#5608=ORIENTED_EDGE('',*,*,#4190,.T.);
#5609=ORIENTED_EDGE('',*,*,#4187,.T.);
#5610=ORIENTED_EDGE('',*,*,#4363,.T.);
#5611=ORIENTED_EDGE('',*,*,#4183,.T.);
#5612=ORIENTED_EDGE('',*,*,#4180,.T.);
#5613=ORIENTED_EDGE('',*,*,#4177,.T.);
#5614=ORIENTED_EDGE('',*,*,#4364,.T.);
#5615=ORIENTED_EDGE('',*,*,#4173,.T.);
#5616=ORIENTED_EDGE('',*,*,#4170,.T.);
#5617=ORIENTED_EDGE('',*,*,#4167,.T.);
#5618=ORIENTED_EDGE('',*,*,#4365,.T.);
#5619=ORIENTED_EDGE('',*,*,#4163,.T.);
#5620=ORIENTED_EDGE('',*,*,#4160,.T.);
#5621=ORIENTED_EDGE('',*,*,#4157,.T.);
#5622=ORIENTED_EDGE('',*,*,#4366,.T.);
#5623=ORIENTED_EDGE('',*,*,#4153,.T.);
#5624=ORIENTED_EDGE('',*,*,#4150,.T.);
#5625=ORIENTED_EDGE('',*,*,#4147,.T.);
#5626=ORIENTED_EDGE('',*,*,#4367,.T.);
#5627=ORIENTED_EDGE('',*,*,#4368,.T.);
#5628=ORIENTED_EDGE('',*,*,#4369,.T.);
#5629=ORIENTED_EDGE('',*,*,#4143,.T.);
#5630=ORIENTED_EDGE('',*,*,#4140,.T.);
#5631=ORIENTED_EDGE('',*,*,#4137,.T.);
#5632=ORIENTED_EDGE('',*,*,#4370,.T.);
#5633=ORIENTED_EDGE('',*,*,#4133,.T.);
#5634=ORIENTED_EDGE('',*,*,#4130,.T.);
#5635=ORIENTED_EDGE('',*,*,#4127,.T.);
#5636=ORIENTED_EDGE('',*,*,#4371,.T.);
#5637=ORIENTED_EDGE('',*,*,#4123,.T.);
#5638=ORIENTED_EDGE('',*,*,#4120,.T.);
#5639=ORIENTED_EDGE('',*,*,#4117,.T.);
#5640=ORIENTED_EDGE('',*,*,#4372,.T.);
#5641=ORIENTED_EDGE('',*,*,#4113,.T.);
#5642=ORIENTED_EDGE('',*,*,#4110,.T.);
#5643=ORIENTED_EDGE('',*,*,#4107,.T.);
#5644=ORIENTED_EDGE('',*,*,#4373,.T.);
#5645=ORIENTED_EDGE('',*,*,#4103,.T.);
#5646=ORIENTED_EDGE('',*,*,#4100,.T.);
#5647=ORIENTED_EDGE('',*,*,#4097,.T.);
#5648=ORIENTED_EDGE('',*,*,#4374,.T.);
#5649=ORIENTED_EDGE('',*,*,#4093,.T.);
#5650=ORIENTED_EDGE('',*,*,#4090,.T.);
#5651=ORIENTED_EDGE('',*,*,#4087,.T.);
#5652=ORIENTED_EDGE('',*,*,#4375,.T.);
#5653=ORIENTED_EDGE('',*,*,#4083,.T.);
#5654=ORIENTED_EDGE('',*,*,#4080,.T.);
#5655=ORIENTED_EDGE('',*,*,#4077,.T.);
#5656=ORIENTED_EDGE('',*,*,#4376,.T.);
#5657=ORIENTED_EDGE('',*,*,#4073,.T.);
#5658=ORIENTED_EDGE('',*,*,#4070,.T.);
#5659=ORIENTED_EDGE('',*,*,#4067,.T.);
#5660=ORIENTED_EDGE('',*,*,#4377,.T.);
#5661=ORIENTED_EDGE('',*,*,#4063,.T.);
#5662=ORIENTED_EDGE('',*,*,#4060,.T.);
#5663=ORIENTED_EDGE('',*,*,#4057,.T.);
#5664=ORIENTED_EDGE('',*,*,#4378,.T.);
#5665=ORIENTED_EDGE('',*,*,#4053,.T.);
#5666=ORIENTED_EDGE('',*,*,#4050,.T.);
#5667=ORIENTED_EDGE('',*,*,#4047,.T.);
#5668=ORIENTED_EDGE('',*,*,#4379,.T.);
#5669=ORIENTED_EDGE('',*,*,#4043,.T.);
#5670=ORIENTED_EDGE('',*,*,#4040,.T.);
#5671=ORIENTED_EDGE('',*,*,#4037,.T.);
#5672=ORIENTED_EDGE('',*,*,#4380,.T.);
#5673=ORIENTED_EDGE('',*,*,#4033,.T.);
#5674=ORIENTED_EDGE('',*,*,#4030,.T.);
#5675=ORIENTED_EDGE('',*,*,#4027,.T.);
#5676=ORIENTED_EDGE('',*,*,#4381,.T.);
#5677=ORIENTED_EDGE('',*,*,#4023,.T.);
#5678=ORIENTED_EDGE('',*,*,#4020,.T.);
#5679=ORIENTED_EDGE('',*,*,#4017,.T.);
#5680=ORIENTED_EDGE('',*,*,#4382,.T.);
#5681=ORIENTED_EDGE('',*,*,#4013,.T.);
#5682=ORIENTED_EDGE('',*,*,#4010,.T.);
#5683=ORIENTED_EDGE('',*,*,#4007,.T.);
#5684=ORIENTED_EDGE('',*,*,#4383,.T.);
#5685=ORIENTED_EDGE('',*,*,#4003,.T.);
#5686=ORIENTED_EDGE('',*,*,#4000,.T.);
#5687=ORIENTED_EDGE('',*,*,#3997,.T.);
#5688=ORIENTED_EDGE('',*,*,#4384,.T.);
#5689=ORIENTED_EDGE('',*,*,#3993,.T.);
#5690=ORIENTED_EDGE('',*,*,#3990,.T.);
#5691=ORIENTED_EDGE('',*,*,#3987,.T.);
#5692=ORIENTED_EDGE('',*,*,#4385,.T.);
#5693=ORIENTED_EDGE('',*,*,#3983,.T.);
#5694=ORIENTED_EDGE('',*,*,#3980,.T.);
#5695=ORIENTED_EDGE('',*,*,#3977,.T.);
#5696=ORIENTED_EDGE('',*,*,#4386,.T.);
#5697=ORIENTED_EDGE('',*,*,#3973,.T.);
#5698=ORIENTED_EDGE('',*,*,#3970,.T.);
#5699=ORIENTED_EDGE('',*,*,#3967,.T.);
#5700=ORIENTED_EDGE('',*,*,#4387,.T.);
#5701=ORIENTED_EDGE('',*,*,#3963,.T.);
#5702=ORIENTED_EDGE('',*,*,#3960,.T.);
#5703=ORIENTED_EDGE('',*,*,#3957,.T.);
#5704=ORIENTED_EDGE('',*,*,#4388,.T.);
#5705=ORIENTED_EDGE('',*,*,#3953,.T.);
#5706=ORIENTED_EDGE('',*,*,#3950,.T.);
#5707=ORIENTED_EDGE('',*,*,#3947,.T.);
#5708=ORIENTED_EDGE('',*,*,#4155,.T.);
#5709=ORIENTED_EDGE('',*,*,#4159,.T.);
#5710=ORIENTED_EDGE('',*,*,#4162,.T.);
#5711=ORIENTED_EDGE('',*,*,#4389,.T.);
#5712=ORIENTED_EDGE('',*,*,#4390,.T.);
#5713=ORIENTED_EDGE('',*,*,#4391,.T.);
#5714=ORIENTED_EDGE('',*,*,#4392,.T.);
#5715=ORIENTED_EDGE('',*,*,#4393,.T.);
#5716=ORIENTED_EDGE('',*,*,#4165,.T.);
#5717=ORIENTED_EDGE('',*,*,#4169,.T.);
#5718=ORIENTED_EDGE('',*,*,#4172,.T.);
#5719=ORIENTED_EDGE('',*,*,#4394,.T.);
#5720=ORIENTED_EDGE('',*,*,#4395,.T.);
#5721=ORIENTED_EDGE('',*,*,#4396,.T.);
#5722=ORIENTED_EDGE('',*,*,#4397,.T.);
#5723=ORIENTED_EDGE('',*,*,#4398,.T.);
#5724=ORIENTED_EDGE('',*,*,#4175,.T.);
#5725=ORIENTED_EDGE('',*,*,#4179,.T.);
#5726=ORIENTED_EDGE('',*,*,#4182,.T.);
#5727=ORIENTED_EDGE('',*,*,#4399,.T.);
#5728=ORIENTED_EDGE('',*,*,#4400,.T.);
#5729=ORIENTED_EDGE('',*,*,#4401,.T.);
#5730=ORIENTED_EDGE('',*,*,#4402,.T.);
#5731=ORIENTED_EDGE('',*,*,#4403,.T.);
#5732=ORIENTED_EDGE('',*,*,#4185,.T.);
#5733=ORIENTED_EDGE('',*,*,#4189,.T.);
#5734=ORIENTED_EDGE('',*,*,#4192,.T.);
#5735=ORIENTED_EDGE('',*,*,#4404,.T.);
#5736=ORIENTED_EDGE('',*,*,#4405,.T.);
#5737=ORIENTED_EDGE('',*,*,#4406,.T.);
#5738=ORIENTED_EDGE('',*,*,#4407,.T.);
#5739=ORIENTED_EDGE('',*,*,#4408,.T.);
#5740=ORIENTED_EDGE('',*,*,#4195,.T.);
#5741=ORIENTED_EDGE('',*,*,#4199,.T.);
#5742=ORIENTED_EDGE('',*,*,#4202,.T.);
#5743=ORIENTED_EDGE('',*,*,#4409,.T.);
#5744=ORIENTED_EDGE('',*,*,#4410,.T.);
#5745=ORIENTED_EDGE('',*,*,#4411,.T.);
#5746=ORIENTED_EDGE('',*,*,#4412,.T.);
#5747=ORIENTED_EDGE('',*,*,#4413,.T.);
#5748=ORIENTED_EDGE('',*,*,#4205,.T.);
#5749=ORIENTED_EDGE('',*,*,#4209,.T.);
#5750=ORIENTED_EDGE('',*,*,#4212,.T.);
#5751=ORIENTED_EDGE('',*,*,#4414,.T.);
#5752=ORIENTED_EDGE('',*,*,#4415,.T.);
#5753=ORIENTED_EDGE('',*,*,#4416,.T.);
#5754=ORIENTED_EDGE('',*,*,#4417,.T.);
#5755=ORIENTED_EDGE('',*,*,#4418,.T.);
#5756=ORIENTED_EDGE('',*,*,#4215,.T.);
#5757=ORIENTED_EDGE('',*,*,#4219,.T.);
#5758=ORIENTED_EDGE('',*,*,#4222,.T.);
#5759=ORIENTED_EDGE('',*,*,#4419,.T.);
#5760=ORIENTED_EDGE('',*,*,#4420,.T.);
#5761=ORIENTED_EDGE('',*,*,#4421,.T.);
#5762=ORIENTED_EDGE('',*,*,#4422,.T.);
#5763=ORIENTED_EDGE('',*,*,#4423,.T.);
#5764=ORIENTED_EDGE('',*,*,#4225,.T.);
#5765=ORIENTED_EDGE('',*,*,#4229,.T.);
#5766=ORIENTED_EDGE('',*,*,#4232,.T.);
#5767=ORIENTED_EDGE('',*,*,#4424,.T.);
#5768=ORIENTED_EDGE('',*,*,#4425,.T.);
#5769=ORIENTED_EDGE('',*,*,#4426,.T.);
#5770=ORIENTED_EDGE('',*,*,#4427,.T.);
#5771=ORIENTED_EDGE('',*,*,#4428,.T.);
#5772=ORIENTED_EDGE('',*,*,#4235,.T.);
#5773=ORIENTED_EDGE('',*,*,#4239,.T.);
#5774=ORIENTED_EDGE('',*,*,#4242,.T.);
#5775=ORIENTED_EDGE('',*,*,#4429,.T.);
#5776=ORIENTED_EDGE('',*,*,#4430,.T.);
#5777=ORIENTED_EDGE('',*,*,#4431,.T.);
#5778=ORIENTED_EDGE('',*,*,#4432,.T.);
#5779=ORIENTED_EDGE('',*,*,#4433,.T.);
#5780=ORIENTED_EDGE('',*,*,#4245,.T.);
#5781=ORIENTED_EDGE('',*,*,#4249,.T.);
#5782=ORIENTED_EDGE('',*,*,#4252,.T.);
#5783=ORIENTED_EDGE('',*,*,#4434,.T.);
#5784=ORIENTED_EDGE('',*,*,#4435,.T.);
#5785=ORIENTED_EDGE('',*,*,#4436,.T.);
#5786=ORIENTED_EDGE('',*,*,#4437,.T.);
#5787=ORIENTED_EDGE('',*,*,#4438,.T.);
#5788=ORIENTED_EDGE('',*,*,#4255,.T.);
#5789=ORIENTED_EDGE('',*,*,#4259,.T.);
#5790=ORIENTED_EDGE('',*,*,#4262,.T.);
#5791=ORIENTED_EDGE('',*,*,#4439,.T.);
#5792=ORIENTED_EDGE('',*,*,#4440,.T.);
#5793=ORIENTED_EDGE('',*,*,#4441,.T.);
#5794=ORIENTED_EDGE('',*,*,#4442,.T.);
#5795=ORIENTED_EDGE('',*,*,#4443,.T.);
#5796=ORIENTED_EDGE('',*,*,#4265,.T.);
#5797=ORIENTED_EDGE('',*,*,#4269,.T.);
#5798=ORIENTED_EDGE('',*,*,#4272,.T.);
#5799=ORIENTED_EDGE('',*,*,#4444,.T.);
#5800=ORIENTED_EDGE('',*,*,#4445,.T.);
#5801=ORIENTED_EDGE('',*,*,#4446,.T.);
#5802=ORIENTED_EDGE('',*,*,#4447,.T.);
#5803=ORIENTED_EDGE('',*,*,#4448,.T.);
#5804=ORIENTED_EDGE('',*,*,#4275,.T.);
#5805=ORIENTED_EDGE('',*,*,#4279,.T.);
#5806=ORIENTED_EDGE('',*,*,#4282,.T.);
#5807=ORIENTED_EDGE('',*,*,#4449,.T.);
#5808=ORIENTED_EDGE('',*,*,#4450,.T.);
#5809=ORIENTED_EDGE('',*,*,#4451,.T.);
#5810=ORIENTED_EDGE('',*,*,#4452,.T.);
#5811=ORIENTED_EDGE('',*,*,#4453,.T.);
#5812=ORIENTED_EDGE('',*,*,#4285,.T.);
#5813=ORIENTED_EDGE('',*,*,#4289,.T.);
#5814=ORIENTED_EDGE('',*,*,#4292,.T.);
#5815=ORIENTED_EDGE('',*,*,#4454,.T.);
#5816=ORIENTED_EDGE('',*,*,#4455,.T.);
#5817=ORIENTED_EDGE('',*,*,#4456,.T.);
#5818=ORIENTED_EDGE('',*,*,#4457,.T.);
#5819=ORIENTED_EDGE('',*,*,#4458,.T.);
#5820=ORIENTED_EDGE('',*,*,#4295,.T.);
#5821=ORIENTED_EDGE('',*,*,#4299,.T.);
#5822=ORIENTED_EDGE('',*,*,#4302,.T.);
#5823=ORIENTED_EDGE('',*,*,#4459,.T.);
#5824=ORIENTED_EDGE('',*,*,#4460,.T.);
#5825=ORIENTED_EDGE('',*,*,#4461,.T.);
#5826=ORIENTED_EDGE('',*,*,#4462,.T.);
#5827=ORIENTED_EDGE('',*,*,#4463,.T.);
#5828=ORIENTED_EDGE('',*,*,#4305,.T.);
#5829=ORIENTED_EDGE('',*,*,#4309,.T.);
#5830=ORIENTED_EDGE('',*,*,#4312,.T.);
#5831=ORIENTED_EDGE('',*,*,#4464,.T.);
#5832=ORIENTED_EDGE('',*,*,#4465,.T.);
#5833=ORIENTED_EDGE('',*,*,#4466,.T.);
#5834=ORIENTED_EDGE('',*,*,#4467,.T.);
#5835=ORIENTED_EDGE('',*,*,#4468,.T.);
#5836=ORIENTED_EDGE('',*,*,#4315,.T.);
#5837=ORIENTED_EDGE('',*,*,#4319,.T.);
#5838=ORIENTED_EDGE('',*,*,#4322,.T.);
#5839=ORIENTED_EDGE('',*,*,#4469,.T.);
#5840=ORIENTED_EDGE('',*,*,#4470,.T.);
#5841=ORIENTED_EDGE('',*,*,#4471,.T.);
#5842=ORIENTED_EDGE('',*,*,#4472,.T.);
#5843=ORIENTED_EDGE('',*,*,#4473,.T.);
#5844=ORIENTED_EDGE('',*,*,#4325,.T.);
#5845=ORIENTED_EDGE('',*,*,#4329,.T.);
#5846=ORIENTED_EDGE('',*,*,#4332,.T.);
#5847=ORIENTED_EDGE('',*,*,#4474,.T.);
#5848=ORIENTED_EDGE('',*,*,#4475,.T.);
#5849=ORIENTED_EDGE('',*,*,#4476,.T.);
#5850=ORIENTED_EDGE('',*,*,#4477,.T.);
#5851=ORIENTED_EDGE('',*,*,#4478,.T.);
#5852=ORIENTED_EDGE('',*,*,#4335,.T.);
#5853=ORIENTED_EDGE('',*,*,#4339,.T.);
#5854=ORIENTED_EDGE('',*,*,#4342,.T.);
#5855=ORIENTED_EDGE('',*,*,#4479,.T.);
#5856=ORIENTED_EDGE('',*,*,#4480,.T.);
#5857=ORIENTED_EDGE('',*,*,#4481,.T.);
#5858=ORIENTED_EDGE('',*,*,#4482,.T.);
#5859=ORIENTED_EDGE('',*,*,#4483,.T.);
#5860=ORIENTED_EDGE('',*,*,#3952,.T.);
#5861=ORIENTED_EDGE('',*,*,#4484,.T.);
#5862=ORIENTED_EDGE('',*,*,#3945,.T.);
#5863=ORIENTED_EDGE('',*,*,#3949,.T.);
#5864=ORIENTED_EDGE('',*,*,#4485,.T.);
#5865=ORIENTED_EDGE('',*,*,#4486,.T.);
#5866=ORIENTED_EDGE('',*,*,#4487,.T.);
#5867=ORIENTED_EDGE('',*,*,#4488,.T.);
#5868=ORIENTED_EDGE('',*,*,#3962,.T.);
#5869=ORIENTED_EDGE('',*,*,#4489,.T.);
#5870=ORIENTED_EDGE('',*,*,#3955,.T.);
#5871=ORIENTED_EDGE('',*,*,#3959,.T.);
#5872=ORIENTED_EDGE('',*,*,#4490,.T.);
#5873=ORIENTED_EDGE('',*,*,#4491,.T.);
#5874=ORIENTED_EDGE('',*,*,#4492,.T.);
#5875=ORIENTED_EDGE('',*,*,#4493,.T.);
#5876=ORIENTED_EDGE('',*,*,#3972,.T.);
#5877=ORIENTED_EDGE('',*,*,#4494,.T.);
#5878=ORIENTED_EDGE('',*,*,#3965,.T.);
#5879=ORIENTED_EDGE('',*,*,#3969,.T.);
#5880=ORIENTED_EDGE('',*,*,#4495,.T.);
#5881=ORIENTED_EDGE('',*,*,#4496,.T.);
#5882=ORIENTED_EDGE('',*,*,#4497,.T.);
#5883=ORIENTED_EDGE('',*,*,#4498,.T.);
#5884=ORIENTED_EDGE('',*,*,#3982,.T.);
#5885=ORIENTED_EDGE('',*,*,#4499,.T.);
#5886=ORIENTED_EDGE('',*,*,#3975,.T.);
#5887=ORIENTED_EDGE('',*,*,#3979,.T.);
#5888=ORIENTED_EDGE('',*,*,#4500,.T.);
#5889=ORIENTED_EDGE('',*,*,#4501,.T.);
#5890=ORIENTED_EDGE('',*,*,#4502,.T.);
#5891=ORIENTED_EDGE('',*,*,#4503,.T.);
#5892=ORIENTED_EDGE('',*,*,#3992,.T.);
#5893=ORIENTED_EDGE('',*,*,#4504,.T.);
#5894=ORIENTED_EDGE('',*,*,#3985,.T.);
#5895=ORIENTED_EDGE('',*,*,#3989,.T.);
#5896=ORIENTED_EDGE('',*,*,#4505,.T.);
#5897=ORIENTED_EDGE('',*,*,#4506,.T.);
#5898=ORIENTED_EDGE('',*,*,#4507,.T.);
#5899=ORIENTED_EDGE('',*,*,#4508,.T.);
#5900=ORIENTED_EDGE('',*,*,#4002,.T.);
#5901=ORIENTED_EDGE('',*,*,#4509,.T.);
#5902=ORIENTED_EDGE('',*,*,#3995,.T.);
#5903=ORIENTED_EDGE('',*,*,#3999,.T.);
#5904=ORIENTED_EDGE('',*,*,#4510,.T.);
#5905=ORIENTED_EDGE('',*,*,#4511,.T.);
#5906=ORIENTED_EDGE('',*,*,#4512,.T.);
#5907=ORIENTED_EDGE('',*,*,#4513,.T.);
#5908=ORIENTED_EDGE('',*,*,#4012,.T.);
#5909=ORIENTED_EDGE('',*,*,#4514,.T.);
#5910=ORIENTED_EDGE('',*,*,#4005,.T.);
#5911=ORIENTED_EDGE('',*,*,#4009,.T.);
#5912=ORIENTED_EDGE('',*,*,#4515,.T.);
#5913=ORIENTED_EDGE('',*,*,#4516,.T.);
#5914=ORIENTED_EDGE('',*,*,#4517,.T.);
#5915=ORIENTED_EDGE('',*,*,#4518,.T.);
#5916=ORIENTED_EDGE('',*,*,#4022,.T.);
#5917=ORIENTED_EDGE('',*,*,#4519,.T.);
#5918=ORIENTED_EDGE('',*,*,#4015,.T.);
#5919=ORIENTED_EDGE('',*,*,#4019,.T.);
#5920=ORIENTED_EDGE('',*,*,#4520,.T.);
#5921=ORIENTED_EDGE('',*,*,#4521,.T.);
#5922=ORIENTED_EDGE('',*,*,#4522,.T.);
#5923=ORIENTED_EDGE('',*,*,#4523,.T.);
#5924=ORIENTED_EDGE('',*,*,#4032,.T.);
#5925=ORIENTED_EDGE('',*,*,#4524,.T.);
#5926=ORIENTED_EDGE('',*,*,#4025,.T.);
#5927=ORIENTED_EDGE('',*,*,#4029,.T.);
#5928=ORIENTED_EDGE('',*,*,#4525,.T.);
#5929=ORIENTED_EDGE('',*,*,#4526,.T.);
#5930=ORIENTED_EDGE('',*,*,#4527,.T.);
#5931=ORIENTED_EDGE('',*,*,#4528,.T.);
#5932=ORIENTED_EDGE('',*,*,#4042,.T.);
#5933=ORIENTED_EDGE('',*,*,#4529,.T.);
#5934=ORIENTED_EDGE('',*,*,#4035,.T.);
#5935=ORIENTED_EDGE('',*,*,#4039,.T.);
#5936=ORIENTED_EDGE('',*,*,#4530,.T.);
#5937=ORIENTED_EDGE('',*,*,#4531,.T.);
#5938=ORIENTED_EDGE('',*,*,#4532,.T.);
#5939=ORIENTED_EDGE('',*,*,#4533,.T.);
#5940=ORIENTED_EDGE('',*,*,#4052,.T.);
#5941=ORIENTED_EDGE('',*,*,#4534,.T.);
#5942=ORIENTED_EDGE('',*,*,#4045,.T.);
#5943=ORIENTED_EDGE('',*,*,#4049,.T.);
#5944=ORIENTED_EDGE('',*,*,#4535,.T.);
#5945=ORIENTED_EDGE('',*,*,#4536,.T.);
#5946=ORIENTED_EDGE('',*,*,#4537,.T.);
#5947=ORIENTED_EDGE('',*,*,#4538,.T.);
#5948=ORIENTED_EDGE('',*,*,#4062,.T.);
#5949=ORIENTED_EDGE('',*,*,#4539,.T.);
#5950=ORIENTED_EDGE('',*,*,#4055,.T.);
#5951=ORIENTED_EDGE('',*,*,#4059,.T.);
#5952=ORIENTED_EDGE('',*,*,#4540,.T.);
#5953=ORIENTED_EDGE('',*,*,#4541,.T.);
#5954=ORIENTED_EDGE('',*,*,#4542,.T.);
#5955=ORIENTED_EDGE('',*,*,#4543,.T.);
#5956=ORIENTED_EDGE('',*,*,#4072,.T.);
#5957=ORIENTED_EDGE('',*,*,#4544,.T.);
#5958=ORIENTED_EDGE('',*,*,#4065,.T.);
#5959=ORIENTED_EDGE('',*,*,#4069,.T.);
#5960=ORIENTED_EDGE('',*,*,#4545,.T.);
#5961=ORIENTED_EDGE('',*,*,#4546,.T.);
#5962=ORIENTED_EDGE('',*,*,#4547,.T.);
#5963=ORIENTED_EDGE('',*,*,#4548,.T.);
#5964=ORIENTED_EDGE('',*,*,#4082,.T.);
#5965=ORIENTED_EDGE('',*,*,#4549,.T.);
#5966=ORIENTED_EDGE('',*,*,#4075,.T.);
#5967=ORIENTED_EDGE('',*,*,#4079,.T.);
#5968=ORIENTED_EDGE('',*,*,#4550,.T.);
#5969=ORIENTED_EDGE('',*,*,#4551,.T.);
#5970=ORIENTED_EDGE('',*,*,#4552,.T.);
#5971=ORIENTED_EDGE('',*,*,#4553,.T.);
#5972=ORIENTED_EDGE('',*,*,#4092,.T.);
#5973=ORIENTED_EDGE('',*,*,#4554,.T.);
#5974=ORIENTED_EDGE('',*,*,#4085,.T.);
#5975=ORIENTED_EDGE('',*,*,#4089,.T.);
#5976=ORIENTED_EDGE('',*,*,#4555,.T.);
#5977=ORIENTED_EDGE('',*,*,#4556,.T.);
#5978=ORIENTED_EDGE('',*,*,#4557,.T.);
#5979=ORIENTED_EDGE('',*,*,#4558,.T.);
#5980=ORIENTED_EDGE('',*,*,#4102,.T.);
#5981=ORIENTED_EDGE('',*,*,#4559,.T.);
#5982=ORIENTED_EDGE('',*,*,#4095,.T.);
#5983=ORIENTED_EDGE('',*,*,#4099,.T.);
#5984=ORIENTED_EDGE('',*,*,#4560,.T.);
#5985=ORIENTED_EDGE('',*,*,#4561,.T.);
#5986=ORIENTED_EDGE('',*,*,#4562,.T.);
#5987=ORIENTED_EDGE('',*,*,#4563,.T.);
#5988=ORIENTED_EDGE('',*,*,#4112,.T.);
#5989=ORIENTED_EDGE('',*,*,#4564,.T.);
#5990=ORIENTED_EDGE('',*,*,#4105,.T.);
#5991=ORIENTED_EDGE('',*,*,#4109,.T.);
#5992=ORIENTED_EDGE('',*,*,#4565,.T.);
#5993=ORIENTED_EDGE('',*,*,#4566,.T.);
#5994=ORIENTED_EDGE('',*,*,#4567,.T.);
#5995=ORIENTED_EDGE('',*,*,#4568,.T.);
#5996=ORIENTED_EDGE('',*,*,#4122,.T.);
#5997=ORIENTED_EDGE('',*,*,#4569,.T.);
#5998=ORIENTED_EDGE('',*,*,#4115,.T.);
#5999=ORIENTED_EDGE('',*,*,#4119,.T.);
#6000=ORIENTED_EDGE('',*,*,#4570,.T.);
#6001=ORIENTED_EDGE('',*,*,#4571,.T.);
#6002=ORIENTED_EDGE('',*,*,#4572,.T.);
#6003=ORIENTED_EDGE('',*,*,#4573,.T.);
#6004=ORIENTED_EDGE('',*,*,#4132,.T.);
#6005=ORIENTED_EDGE('',*,*,#4574,.T.);
#6006=ORIENTED_EDGE('',*,*,#4125,.T.);
#6007=ORIENTED_EDGE('',*,*,#4129,.T.);
#6008=ORIENTED_EDGE('',*,*,#4575,.T.);
#6009=ORIENTED_EDGE('',*,*,#4576,.T.);
#6010=ORIENTED_EDGE('',*,*,#4577,.T.);
#6011=ORIENTED_EDGE('',*,*,#4578,.T.);
#6012=ORIENTED_EDGE('',*,*,#4142,.T.);
#6013=ORIENTED_EDGE('',*,*,#4579,.T.);
#6014=ORIENTED_EDGE('',*,*,#4135,.T.);
#6015=ORIENTED_EDGE('',*,*,#4139,.T.);
#6016=ORIENTED_EDGE('',*,*,#4580,.T.);
#6017=ORIENTED_EDGE('',*,*,#4581,.T.);
#6018=ORIENTED_EDGE('',*,*,#4582,.T.);
#6019=ORIENTED_EDGE('',*,*,#4583,.T.);
#6020=ORIENTED_EDGE('',*,*,#4145,.T.);
#6021=ORIENTED_EDGE('',*,*,#4149,.T.);
#6022=ORIENTED_EDGE('',*,*,#4152,.T.);
#6023=ORIENTED_EDGE('',*,*,#4584,.T.);
#6024=ORIENTED_EDGE('',*,*,#4585,.T.);
#6025=ORIENTED_EDGE('',*,*,#4586,.T.);
#6026=ORIENTED_EDGE('',*,*,#4587,.T.);
#6027=ORIENTED_EDGE('',*,*,#4588,.T.);
#6028=ORIENTED_EDGE('',*,*,#4589,.T.);
#6029=ORIENTED_EDGE('',*,*,#4590,.T.);
#6030=ORIENTED_EDGE('',*,*,#4398,.F.);
#6031=ORIENTED_EDGE('',*,*,#4591,.F.);
#6032=ORIENTED_EDGE('',*,*,#4592,.T.);
#6033=ORIENTED_EDGE('',*,*,#4591,.T.);
#6034=ORIENTED_EDGE('',*,*,#4397,.F.);
#6035=ORIENTED_EDGE('',*,*,#4593,.F.);
#6036=ORIENTED_EDGE('',*,*,#4594,.T.);
#6037=ORIENTED_EDGE('',*,*,#4593,.T.);
#6038=ORIENTED_EDGE('',*,*,#4396,.F.);
#6039=ORIENTED_EDGE('',*,*,#4595,.F.);
#6040=ORIENTED_EDGE('',*,*,#4596,.T.);
#6041=ORIENTED_EDGE('',*,*,#4595,.T.);
#6042=ORIENTED_EDGE('',*,*,#4395,.F.);
#6043=ORIENTED_EDGE('',*,*,#4590,.F.);
#6044=ORIENTED_EDGE('',*,*,#4597,.T.);
#6045=ORIENTED_EDGE('',*,*,#4598,.T.);
#6046=ORIENTED_EDGE('',*,*,#4543,.F.);
#6047=ORIENTED_EDGE('',*,*,#4599,.F.);
#6048=ORIENTED_EDGE('',*,*,#4600,.T.);
#6049=ORIENTED_EDGE('',*,*,#4599,.T.);
#6050=ORIENTED_EDGE('',*,*,#4542,.F.);
#6051=ORIENTED_EDGE('',*,*,#4601,.F.);
#6052=ORIENTED_EDGE('',*,*,#4602,.T.);
#6053=ORIENTED_EDGE('',*,*,#4601,.T.);
#6054=ORIENTED_EDGE('',*,*,#4541,.F.);
#6055=ORIENTED_EDGE('',*,*,#4603,.F.);
#6056=ORIENTED_EDGE('',*,*,#4604,.T.);
#6057=ORIENTED_EDGE('',*,*,#4603,.T.);
#6058=ORIENTED_EDGE('',*,*,#4540,.F.);
#6059=ORIENTED_EDGE('',*,*,#4598,.F.);
#6060=ORIENTED_EDGE('',*,*,#4605,.T.);
#6061=ORIENTED_EDGE('',*,*,#4606,.T.);
#6062=ORIENTED_EDGE('',*,*,#4443,.F.);
#6063=ORIENTED_EDGE('',*,*,#4607,.F.);
#6064=ORIENTED_EDGE('',*,*,#4608,.T.);
#6065=ORIENTED_EDGE('',*,*,#4607,.T.);
#6066=ORIENTED_EDGE('',*,*,#4442,.F.);
#6067=ORIENTED_EDGE('',*,*,#4609,.F.);
#6068=ORIENTED_EDGE('',*,*,#4610,.T.);
#6069=ORIENTED_EDGE('',*,*,#4609,.T.);
#6070=ORIENTED_EDGE('',*,*,#4441,.F.);
#6071=ORIENTED_EDGE('',*,*,#4611,.F.);
#6072=ORIENTED_EDGE('',*,*,#4612,.T.);
#6073=ORIENTED_EDGE('',*,*,#4611,.T.);
#6074=ORIENTED_EDGE('',*,*,#4440,.F.);
#6075=ORIENTED_EDGE('',*,*,#4606,.F.);
#6076=ORIENTED_EDGE('',*,*,#4613,.T.);
#6077=ORIENTED_EDGE('',*,*,#4614,.T.);
#6078=ORIENTED_EDGE('',*,*,#4583,.F.);
#6079=ORIENTED_EDGE('',*,*,#4615,.F.);
#6080=ORIENTED_EDGE('',*,*,#4616,.T.);
#6081=ORIENTED_EDGE('',*,*,#4615,.T.);
#6082=ORIENTED_EDGE('',*,*,#4582,.F.);
#6083=ORIENTED_EDGE('',*,*,#4617,.F.);
#6084=ORIENTED_EDGE('',*,*,#4618,.T.);
#6085=ORIENTED_EDGE('',*,*,#4617,.T.);
#6086=ORIENTED_EDGE('',*,*,#4581,.F.);
#6087=ORIENTED_EDGE('',*,*,#4619,.F.);
#6088=ORIENTED_EDGE('',*,*,#4620,.T.);
#6089=ORIENTED_EDGE('',*,*,#4619,.T.);
#6090=ORIENTED_EDGE('',*,*,#4580,.F.);
#6091=ORIENTED_EDGE('',*,*,#4614,.F.);
#6092=ORIENTED_EDGE('',*,*,#4621,.T.);
#6093=ORIENTED_EDGE('',*,*,#4622,.T.);
#6094=ORIENTED_EDGE('',*,*,#4578,.F.);
#6095=ORIENTED_EDGE('',*,*,#4623,.F.);
#6096=ORIENTED_EDGE('',*,*,#4624,.T.);
#6097=ORIENTED_EDGE('',*,*,#4623,.T.);
#6098=ORIENTED_EDGE('',*,*,#4577,.F.);
#6099=ORIENTED_EDGE('',*,*,#4625,.F.);
#6100=ORIENTED_EDGE('',*,*,#4626,.T.);
#6101=ORIENTED_EDGE('',*,*,#4625,.T.);
#6102=ORIENTED_EDGE('',*,*,#4576,.F.);
#6103=ORIENTED_EDGE('',*,*,#4627,.F.);
#6104=ORIENTED_EDGE('',*,*,#4628,.T.);
#6105=ORIENTED_EDGE('',*,*,#4627,.T.);
#6106=ORIENTED_EDGE('',*,*,#4575,.F.);
#6107=ORIENTED_EDGE('',*,*,#4622,.F.);
#6108=ORIENTED_EDGE('',*,*,#4629,.T.);
#6109=ORIENTED_EDGE('',*,*,#4630,.T.);
#6110=ORIENTED_EDGE('',*,*,#4558,.F.);
#6111=ORIENTED_EDGE('',*,*,#4631,.F.);
#6112=ORIENTED_EDGE('',*,*,#4632,.T.);
#6113=ORIENTED_EDGE('',*,*,#4631,.T.);
#6114=ORIENTED_EDGE('',*,*,#4557,.F.);
#6115=ORIENTED_EDGE('',*,*,#4633,.F.);
#6116=ORIENTED_EDGE('',*,*,#4634,.T.);
#6117=ORIENTED_EDGE('',*,*,#4633,.T.);
#6118=ORIENTED_EDGE('',*,*,#4556,.F.);
#6119=ORIENTED_EDGE('',*,*,#4635,.F.);
#6120=ORIENTED_EDGE('',*,*,#4636,.T.);
#6121=ORIENTED_EDGE('',*,*,#4635,.T.);
#6122=ORIENTED_EDGE('',*,*,#4555,.F.);
#6123=ORIENTED_EDGE('',*,*,#4630,.F.);
#6124=ORIENTED_EDGE('',*,*,#4637,.T.);
#6125=ORIENTED_EDGE('',*,*,#4638,.T.);
#6126=ORIENTED_EDGE('',*,*,#4403,.F.);
#6127=ORIENTED_EDGE('',*,*,#4639,.F.);
#6128=ORIENTED_EDGE('',*,*,#4640,.T.);
#6129=ORIENTED_EDGE('',*,*,#4639,.T.);
#6130=ORIENTED_EDGE('',*,*,#4402,.F.);
#6131=ORIENTED_EDGE('',*,*,#4641,.F.);
#6132=ORIENTED_EDGE('',*,*,#4642,.T.);
#6133=ORIENTED_EDGE('',*,*,#4641,.T.);
#6134=ORIENTED_EDGE('',*,*,#4401,.F.);
#6135=ORIENTED_EDGE('',*,*,#4643,.F.);
#6136=ORIENTED_EDGE('',*,*,#4644,.T.);
#6137=ORIENTED_EDGE('',*,*,#4643,.T.);
#6138=ORIENTED_EDGE('',*,*,#4400,.F.);
#6139=ORIENTED_EDGE('',*,*,#4638,.F.);
#6140=ORIENTED_EDGE('',*,*,#4645,.T.);
#6141=ORIENTED_EDGE('',*,*,#4646,.T.);
#6142=ORIENTED_EDGE('',*,*,#4418,.F.);
#6143=ORIENTED_EDGE('',*,*,#4647,.F.);
#6144=ORIENTED_EDGE('',*,*,#4648,.T.);
#6145=ORIENTED_EDGE('',*,*,#4647,.T.);
#6146=ORIENTED_EDGE('',*,*,#4417,.F.);
#6147=ORIENTED_EDGE('',*,*,#4649,.F.);
#6148=ORIENTED_EDGE('',*,*,#4650,.T.);
#6149=ORIENTED_EDGE('',*,*,#4649,.T.);
#6150=ORIENTED_EDGE('',*,*,#4416,.F.);
#6151=ORIENTED_EDGE('',*,*,#4651,.F.);
#6152=ORIENTED_EDGE('',*,*,#4652,.T.);
#6153=ORIENTED_EDGE('',*,*,#4651,.T.);
#6154=ORIENTED_EDGE('',*,*,#4415,.F.);
#6155=ORIENTED_EDGE('',*,*,#4646,.F.);
#6156=ORIENTED_EDGE('',*,*,#4653,.T.);
#6157=ORIENTED_EDGE('',*,*,#4654,.T.);
#6158=ORIENTED_EDGE('',*,*,#4563,.F.);
#6159=ORIENTED_EDGE('',*,*,#4655,.F.);
#6160=ORIENTED_EDGE('',*,*,#4656,.T.);
#6161=ORIENTED_EDGE('',*,*,#4655,.T.);
#6162=ORIENTED_EDGE('',*,*,#4562,.F.);
#6163=ORIENTED_EDGE('',*,*,#4657,.F.);
#6164=ORIENTED_EDGE('',*,*,#4658,.T.);
#6165=ORIENTED_EDGE('',*,*,#4657,.T.);
#6166=ORIENTED_EDGE('',*,*,#4561,.F.);
#6167=ORIENTED_EDGE('',*,*,#4659,.F.);
#6168=ORIENTED_EDGE('',*,*,#4660,.T.);
#6169=ORIENTED_EDGE('',*,*,#4659,.T.);
#6170=ORIENTED_EDGE('',*,*,#4560,.F.);
#6171=ORIENTED_EDGE('',*,*,#4654,.F.);
#6172=ORIENTED_EDGE('',*,*,#4661,.T.);
#6173=ORIENTED_EDGE('',*,*,#4662,.T.);
#6174=ORIENTED_EDGE('',*,*,#4413,.F.);
#6175=ORIENTED_EDGE('',*,*,#4663,.F.);
#6176=ORIENTED_EDGE('',*,*,#4664,.T.);
#6177=ORIENTED_EDGE('',*,*,#4663,.T.);
#6178=ORIENTED_EDGE('',*,*,#4412,.F.);
#6179=ORIENTED_EDGE('',*,*,#4665,.F.);
#6180=ORIENTED_EDGE('',*,*,#4666,.T.);
#6181=ORIENTED_EDGE('',*,*,#4665,.T.);
#6182=ORIENTED_EDGE('',*,*,#4411,.F.);
#6183=ORIENTED_EDGE('',*,*,#4667,.F.);
#6184=ORIENTED_EDGE('',*,*,#4668,.T.);
#6185=ORIENTED_EDGE('',*,*,#4667,.T.);
#6186=ORIENTED_EDGE('',*,*,#4410,.F.);
#6187=ORIENTED_EDGE('',*,*,#4662,.F.);
#6188=ORIENTED_EDGE('',*,*,#4669,.T.);
#6189=ORIENTED_EDGE('',*,*,#4670,.T.);
#6190=ORIENTED_EDGE('',*,*,#4428,.F.);
#6191=ORIENTED_EDGE('',*,*,#4671,.F.);
#6192=ORIENTED_EDGE('',*,*,#4672,.T.);
#6193=ORIENTED_EDGE('',*,*,#4671,.T.);
#6194=ORIENTED_EDGE('',*,*,#4427,.F.);
#6195=ORIENTED_EDGE('',*,*,#4673,.F.);
#6196=ORIENTED_EDGE('',*,*,#4674,.T.);
#6197=ORIENTED_EDGE('',*,*,#4673,.T.);
#6198=ORIENTED_EDGE('',*,*,#4426,.F.);
#6199=ORIENTED_EDGE('',*,*,#4675,.F.);
#6200=ORIENTED_EDGE('',*,*,#4676,.T.);
#6201=ORIENTED_EDGE('',*,*,#4675,.T.);
#6202=ORIENTED_EDGE('',*,*,#4425,.F.);
#6203=ORIENTED_EDGE('',*,*,#4670,.F.);
#6204=ORIENTED_EDGE('',*,*,#4677,.T.);
#6205=ORIENTED_EDGE('',*,*,#4678,.T.);
#6206=ORIENTED_EDGE('',*,*,#4488,.F.);
#6207=ORIENTED_EDGE('',*,*,#4679,.F.);
#6208=ORIENTED_EDGE('',*,*,#4680,.T.);
#6209=ORIENTED_EDGE('',*,*,#4679,.T.);
#6210=ORIENTED_EDGE('',*,*,#4487,.F.);
#6211=ORIENTED_EDGE('',*,*,#4681,.F.);
#6212=ORIENTED_EDGE('',*,*,#4682,.T.);
#6213=ORIENTED_EDGE('',*,*,#4681,.T.);
#6214=ORIENTED_EDGE('',*,*,#4486,.F.);
#6215=ORIENTED_EDGE('',*,*,#4683,.F.);
#6216=ORIENTED_EDGE('',*,*,#4684,.T.);
#6217=ORIENTED_EDGE('',*,*,#4683,.T.);
#6218=ORIENTED_EDGE('',*,*,#4485,.F.);
#6219=ORIENTED_EDGE('',*,*,#4678,.F.);
#6220=ORIENTED_EDGE('',*,*,#4685,.T.);
#6221=ORIENTED_EDGE('',*,*,#4686,.T.);
#6222=ORIENTED_EDGE('',*,*,#4463,.F.);
#6223=ORIENTED_EDGE('',*,*,#4687,.F.);
#6224=ORIENTED_EDGE('',*,*,#4688,.T.);
#6225=ORIENTED_EDGE('',*,*,#4687,.T.);
#6226=ORIENTED_EDGE('',*,*,#4462,.F.);
#6227=ORIENTED_EDGE('',*,*,#4689,.F.);
#6228=ORIENTED_EDGE('',*,*,#4690,.T.);
#6229=ORIENTED_EDGE('',*,*,#4689,.T.);
#6230=ORIENTED_EDGE('',*,*,#4461,.F.);
#6231=ORIENTED_EDGE('',*,*,#4691,.F.);
#6232=ORIENTED_EDGE('',*,*,#4692,.T.);
#6233=ORIENTED_EDGE('',*,*,#4691,.T.);
#6234=ORIENTED_EDGE('',*,*,#4460,.F.);
#6235=ORIENTED_EDGE('',*,*,#4686,.F.);
#6236=ORIENTED_EDGE('',*,*,#4693,.T.);
#6237=ORIENTED_EDGE('',*,*,#4694,.T.);
#6238=ORIENTED_EDGE('',*,*,#4493,.F.);
#6239=ORIENTED_EDGE('',*,*,#4695,.F.);
#6240=ORIENTED_EDGE('',*,*,#4696,.T.);
#6241=ORIENTED_EDGE('',*,*,#4695,.T.);
#6242=ORIENTED_EDGE('',*,*,#4492,.F.);
#6243=ORIENTED_EDGE('',*,*,#4697,.F.);
#6244=ORIENTED_EDGE('',*,*,#4698,.T.);
#6245=ORIENTED_EDGE('',*,*,#4697,.T.);
#6246=ORIENTED_EDGE('',*,*,#4491,.F.);
#6247=ORIENTED_EDGE('',*,*,#4699,.F.);
#6248=ORIENTED_EDGE('',*,*,#4700,.T.);
#6249=ORIENTED_EDGE('',*,*,#4699,.T.);
#6250=ORIENTED_EDGE('',*,*,#4490,.F.);
#6251=ORIENTED_EDGE('',*,*,#4694,.F.);
#6252=ORIENTED_EDGE('',*,*,#4701,.T.);
#6253=ORIENTED_EDGE('',*,*,#4702,.T.);
#6254=ORIENTED_EDGE('',*,*,#4508,.F.);
#6255=ORIENTED_EDGE('',*,*,#4703,.F.);
#6256=ORIENTED_EDGE('',*,*,#4704,.T.);
#6257=ORIENTED_EDGE('',*,*,#4703,.T.);
#6258=ORIENTED_EDGE('',*,*,#4507,.F.);
#6259=ORIENTED_EDGE('',*,*,#4705,.F.);
#6260=ORIENTED_EDGE('',*,*,#4706,.T.);
#6261=ORIENTED_EDGE('',*,*,#4705,.T.);
#6262=ORIENTED_EDGE('',*,*,#4506,.F.);
#6263=ORIENTED_EDGE('',*,*,#4707,.F.);
#6264=ORIENTED_EDGE('',*,*,#4708,.T.);
#6265=ORIENTED_EDGE('',*,*,#4707,.T.);
#6266=ORIENTED_EDGE('',*,*,#4505,.F.);
#6267=ORIENTED_EDGE('',*,*,#4702,.F.);
#6268=ORIENTED_EDGE('',*,*,#4709,.T.);
#6269=ORIENTED_EDGE('',*,*,#4710,.T.);
#6270=ORIENTED_EDGE('',*,*,#4478,.F.);
#6271=ORIENTED_EDGE('',*,*,#4711,.F.);
#6272=ORIENTED_EDGE('',*,*,#4712,.T.);
#6273=ORIENTED_EDGE('',*,*,#4711,.T.);
#6274=ORIENTED_EDGE('',*,*,#4477,.F.);
#6275=ORIENTED_EDGE('',*,*,#4713,.F.);
#6276=ORIENTED_EDGE('',*,*,#4714,.T.);
#6277=ORIENTED_EDGE('',*,*,#4713,.T.);
#6278=ORIENTED_EDGE('',*,*,#4476,.F.);
#6279=ORIENTED_EDGE('',*,*,#4715,.F.);
#6280=ORIENTED_EDGE('',*,*,#4716,.T.);
#6281=ORIENTED_EDGE('',*,*,#4715,.T.);
#6282=ORIENTED_EDGE('',*,*,#4475,.F.);
#6283=ORIENTED_EDGE('',*,*,#4710,.F.);
#6284=ORIENTED_EDGE('',*,*,#4717,.T.);
#6285=ORIENTED_EDGE('',*,*,#4718,.T.);
#6286=ORIENTED_EDGE('',*,*,#4528,.F.);
#6287=ORIENTED_EDGE('',*,*,#4719,.F.);
#6288=ORIENTED_EDGE('',*,*,#4720,.T.);
#6289=ORIENTED_EDGE('',*,*,#4719,.T.);
#6290=ORIENTED_EDGE('',*,*,#4527,.F.);
#6291=ORIENTED_EDGE('',*,*,#4721,.F.);
#6292=ORIENTED_EDGE('',*,*,#4722,.T.);
#6293=ORIENTED_EDGE('',*,*,#4721,.T.);
#6294=ORIENTED_EDGE('',*,*,#4526,.F.);
#6295=ORIENTED_EDGE('',*,*,#4723,.F.);
#6296=ORIENTED_EDGE('',*,*,#4724,.T.);
#6297=ORIENTED_EDGE('',*,*,#4723,.T.);
#6298=ORIENTED_EDGE('',*,*,#4525,.F.);
#6299=ORIENTED_EDGE('',*,*,#4718,.F.);
#6300=ORIENTED_EDGE('',*,*,#4725,.T.);
#6301=ORIENTED_EDGE('',*,*,#4726,.T.);
#6302=ORIENTED_EDGE('',*,*,#4523,.F.);
#6303=ORIENTED_EDGE('',*,*,#4727,.F.);
#6304=ORIENTED_EDGE('',*,*,#4728,.T.);
#6305=ORIENTED_EDGE('',*,*,#4727,.T.);
#6306=ORIENTED_EDGE('',*,*,#4522,.F.);
#6307=ORIENTED_EDGE('',*,*,#4729,.F.);
#6308=ORIENTED_EDGE('',*,*,#4730,.T.);
#6309=ORIENTED_EDGE('',*,*,#4729,.T.);
#6310=ORIENTED_EDGE('',*,*,#4521,.F.);
#6311=ORIENTED_EDGE('',*,*,#4731,.F.);
#6312=ORIENTED_EDGE('',*,*,#4732,.T.);
#6313=ORIENTED_EDGE('',*,*,#4731,.T.);
#6314=ORIENTED_EDGE('',*,*,#4520,.F.);
#6315=ORIENTED_EDGE('',*,*,#4726,.F.);
#6316=ORIENTED_EDGE('',*,*,#4733,.T.);
#6317=ORIENTED_EDGE('',*,*,#4734,.T.);
#6318=ORIENTED_EDGE('',*,*,#4533,.F.);
#6319=ORIENTED_EDGE('',*,*,#4735,.F.);
#6320=ORIENTED_EDGE('',*,*,#4736,.T.);
#6321=ORIENTED_EDGE('',*,*,#4735,.T.);
#6322=ORIENTED_EDGE('',*,*,#4532,.F.);
#6323=ORIENTED_EDGE('',*,*,#4737,.F.);
#6324=ORIENTED_EDGE('',*,*,#4738,.T.);
#6325=ORIENTED_EDGE('',*,*,#4737,.T.);
#6326=ORIENTED_EDGE('',*,*,#4531,.F.);
#6327=ORIENTED_EDGE('',*,*,#4739,.F.);
#6328=ORIENTED_EDGE('',*,*,#4740,.T.);
#6329=ORIENTED_EDGE('',*,*,#4739,.T.);
#6330=ORIENTED_EDGE('',*,*,#4530,.F.);
#6331=ORIENTED_EDGE('',*,*,#4734,.F.);
#6332=ORIENTED_EDGE('',*,*,#4741,.T.);
#6333=ORIENTED_EDGE('',*,*,#4742,.T.);
#6334=ORIENTED_EDGE('',*,*,#4433,.F.);
#6335=ORIENTED_EDGE('',*,*,#4743,.F.);
#6336=ORIENTED_EDGE('',*,*,#4744,.T.);
#6337=ORIENTED_EDGE('',*,*,#4743,.T.);
#6338=ORIENTED_EDGE('',*,*,#4432,.F.);
#6339=ORIENTED_EDGE('',*,*,#4745,.F.);
#6340=ORIENTED_EDGE('',*,*,#4746,.T.);
#6341=ORIENTED_EDGE('',*,*,#4745,.T.);
#6342=ORIENTED_EDGE('',*,*,#4431,.F.);
#6343=ORIENTED_EDGE('',*,*,#4747,.F.);
#6344=ORIENTED_EDGE('',*,*,#4748,.T.);
#6345=ORIENTED_EDGE('',*,*,#4747,.T.);
#6346=ORIENTED_EDGE('',*,*,#4430,.F.);
#6347=ORIENTED_EDGE('',*,*,#4742,.F.);
#6348=ORIENTED_EDGE('',*,*,#4749,.T.);
#6349=ORIENTED_EDGE('',*,*,#4750,.T.);
#6350=ORIENTED_EDGE('',*,*,#4438,.F.);
#6351=ORIENTED_EDGE('',*,*,#4751,.F.);
#6352=ORIENTED_EDGE('',*,*,#4752,.T.);
#6353=ORIENTED_EDGE('',*,*,#4751,.T.);
#6354=ORIENTED_EDGE('',*,*,#4437,.F.);
#6355=ORIENTED_EDGE('',*,*,#4753,.F.);
#6356=ORIENTED_EDGE('',*,*,#4754,.T.);
#6357=ORIENTED_EDGE('',*,*,#4753,.T.);
#6358=ORIENTED_EDGE('',*,*,#4436,.F.);
#6359=ORIENTED_EDGE('',*,*,#4755,.F.);
#6360=ORIENTED_EDGE('',*,*,#4756,.T.);
#6361=ORIENTED_EDGE('',*,*,#4755,.T.);
#6362=ORIENTED_EDGE('',*,*,#4435,.F.);
#6363=ORIENTED_EDGE('',*,*,#4750,.F.);
#6364=ORIENTED_EDGE('',*,*,#4757,.T.);
#6365=ORIENTED_EDGE('',*,*,#4758,.T.);
#6366=ORIENTED_EDGE('',*,*,#4538,.F.);
#6367=ORIENTED_EDGE('',*,*,#4759,.F.);
#6368=ORIENTED_EDGE('',*,*,#4760,.T.);
#6369=ORIENTED_EDGE('',*,*,#4759,.T.);
#6370=ORIENTED_EDGE('',*,*,#4537,.F.);
#6371=ORIENTED_EDGE('',*,*,#4761,.F.);
#6372=ORIENTED_EDGE('',*,*,#4762,.T.);
#6373=ORIENTED_EDGE('',*,*,#4761,.T.);
#6374=ORIENTED_EDGE('',*,*,#4536,.F.);
#6375=ORIENTED_EDGE('',*,*,#4763,.F.);
#6376=ORIENTED_EDGE('',*,*,#4764,.T.);
#6377=ORIENTED_EDGE('',*,*,#4763,.T.);
#6378=ORIENTED_EDGE('',*,*,#4535,.F.);
#6379=ORIENTED_EDGE('',*,*,#4758,.F.);
#6380=ORIENTED_EDGE('',*,*,#4765,.T.);
#6381=ORIENTED_EDGE('',*,*,#4766,.T.);
#6382=ORIENTED_EDGE('',*,*,#4458,.F.);
#6383=ORIENTED_EDGE('',*,*,#4767,.F.);
#6384=ORIENTED_EDGE('',*,*,#4768,.T.);
#6385=ORIENTED_EDGE('',*,*,#4767,.T.);
#6386=ORIENTED_EDGE('',*,*,#4457,.F.);
#6387=ORIENTED_EDGE('',*,*,#4769,.F.);
#6388=ORIENTED_EDGE('',*,*,#4770,.T.);
#6389=ORIENTED_EDGE('',*,*,#4769,.T.);
#6390=ORIENTED_EDGE('',*,*,#4456,.F.);
#6391=ORIENTED_EDGE('',*,*,#4771,.F.);
#6392=ORIENTED_EDGE('',*,*,#4772,.T.);
#6393=ORIENTED_EDGE('',*,*,#4771,.T.);
#6394=ORIENTED_EDGE('',*,*,#4455,.F.);
#6395=ORIENTED_EDGE('',*,*,#4766,.F.);
#6396=ORIENTED_EDGE('',*,*,#4773,.T.);
#6397=ORIENTED_EDGE('',*,*,#4774,.T.);
#6398=ORIENTED_EDGE('',*,*,#4453,.F.);
#6399=ORIENTED_EDGE('',*,*,#4775,.F.);
#6400=ORIENTED_EDGE('',*,*,#4776,.T.);
#6401=ORIENTED_EDGE('',*,*,#4775,.T.);
#6402=ORIENTED_EDGE('',*,*,#4452,.F.);
#6403=ORIENTED_EDGE('',*,*,#4777,.F.);
#6404=ORIENTED_EDGE('',*,*,#4778,.T.);
#6405=ORIENTED_EDGE('',*,*,#4777,.T.);
#6406=ORIENTED_EDGE('',*,*,#4451,.F.);
#6407=ORIENTED_EDGE('',*,*,#4779,.F.);
#6408=ORIENTED_EDGE('',*,*,#4780,.T.);
#6409=ORIENTED_EDGE('',*,*,#4779,.T.);
#6410=ORIENTED_EDGE('',*,*,#4450,.F.);
#6411=ORIENTED_EDGE('',*,*,#4774,.F.);
#6412=ORIENTED_EDGE('',*,*,#4781,.T.);
#6413=ORIENTED_EDGE('',*,*,#4782,.T.);
#6414=ORIENTED_EDGE('',*,*,#4473,.F.);
#6415=ORIENTED_EDGE('',*,*,#4783,.F.);
#6416=ORIENTED_EDGE('',*,*,#4784,.T.);
#6417=ORIENTED_EDGE('',*,*,#4783,.T.);
#6418=ORIENTED_EDGE('',*,*,#4472,.F.);
#6419=ORIENTED_EDGE('',*,*,#4785,.F.);
#6420=ORIENTED_EDGE('',*,*,#4786,.T.);
#6421=ORIENTED_EDGE('',*,*,#4785,.T.);
#6422=ORIENTED_EDGE('',*,*,#4471,.F.);
#6423=ORIENTED_EDGE('',*,*,#4787,.F.);
#6424=ORIENTED_EDGE('',*,*,#4788,.T.);
#6425=ORIENTED_EDGE('',*,*,#4787,.T.);
#6426=ORIENTED_EDGE('',*,*,#4470,.F.);
#6427=ORIENTED_EDGE('',*,*,#4782,.F.);
#6428=ORIENTED_EDGE('',*,*,#4789,.T.);
#6429=ORIENTED_EDGE('',*,*,#4790,.T.);
#6430=ORIENTED_EDGE('',*,*,#4503,.F.);
#6431=ORIENTED_EDGE('',*,*,#4791,.F.);
#6432=ORIENTED_EDGE('',*,*,#4792,.T.);
#6433=ORIENTED_EDGE('',*,*,#4791,.T.);
#6434=ORIENTED_EDGE('',*,*,#4502,.F.);
#6435=ORIENTED_EDGE('',*,*,#4793,.F.);
#6436=ORIENTED_EDGE('',*,*,#4794,.T.);
#6437=ORIENTED_EDGE('',*,*,#4793,.T.);
#6438=ORIENTED_EDGE('',*,*,#4501,.F.);
#6439=ORIENTED_EDGE('',*,*,#4795,.F.);
#6440=ORIENTED_EDGE('',*,*,#4796,.T.);
#6441=ORIENTED_EDGE('',*,*,#4795,.T.);
#6442=ORIENTED_EDGE('',*,*,#4500,.F.);
#6443=ORIENTED_EDGE('',*,*,#4790,.F.);
#6444=ORIENTED_EDGE('',*,*,#4797,.T.);
#6445=ORIENTED_EDGE('',*,*,#4798,.T.);
#6446=ORIENTED_EDGE('',*,*,#4468,.F.);
#6447=ORIENTED_EDGE('',*,*,#4799,.F.);
#6448=ORIENTED_EDGE('',*,*,#4800,.T.);
#6449=ORIENTED_EDGE('',*,*,#4799,.T.);
#6450=ORIENTED_EDGE('',*,*,#4467,.F.);
#6451=ORIENTED_EDGE('',*,*,#4801,.F.);
#6452=ORIENTED_EDGE('',*,*,#4802,.T.);
#6453=ORIENTED_EDGE('',*,*,#4801,.T.);
#6454=ORIENTED_EDGE('',*,*,#4466,.F.);
#6455=ORIENTED_EDGE('',*,*,#4803,.F.);
#6456=ORIENTED_EDGE('',*,*,#4804,.T.);
#6457=ORIENTED_EDGE('',*,*,#4803,.T.);
#6458=ORIENTED_EDGE('',*,*,#4465,.F.);
#6459=ORIENTED_EDGE('',*,*,#4798,.F.);
#6460=ORIENTED_EDGE('',*,*,#4805,.T.);
#6461=ORIENTED_EDGE('',*,*,#4806,.T.);
#6462=ORIENTED_EDGE('',*,*,#4498,.F.);
#6463=ORIENTED_EDGE('',*,*,#4807,.F.);
#6464=ORIENTED_EDGE('',*,*,#4808,.T.);
#6465=ORIENTED_EDGE('',*,*,#4807,.T.);
#6466=ORIENTED_EDGE('',*,*,#4497,.F.);
#6467=ORIENTED_EDGE('',*,*,#4809,.F.);
#6468=ORIENTED_EDGE('',*,*,#4810,.T.);
#6469=ORIENTED_EDGE('',*,*,#4809,.T.);
#6470=ORIENTED_EDGE('',*,*,#4496,.F.);
#6471=ORIENTED_EDGE('',*,*,#4811,.F.);
#6472=ORIENTED_EDGE('',*,*,#4812,.T.);
#6473=ORIENTED_EDGE('',*,*,#4811,.T.);
#6474=ORIENTED_EDGE('',*,*,#4495,.F.);
#6475=ORIENTED_EDGE('',*,*,#4806,.F.);
#6476=ORIENTED_EDGE('',*,*,#4813,.T.);
#6477=ORIENTED_EDGE('',*,*,#4814,.T.);
#6478=ORIENTED_EDGE('',*,*,#4513,.F.);
#6479=ORIENTED_EDGE('',*,*,#4815,.F.);
#6480=ORIENTED_EDGE('',*,*,#4816,.T.);
#6481=ORIENTED_EDGE('',*,*,#4815,.T.);
#6482=ORIENTED_EDGE('',*,*,#4512,.F.);
#6483=ORIENTED_EDGE('',*,*,#4817,.F.);
#6484=ORIENTED_EDGE('',*,*,#4818,.T.);
#6485=ORIENTED_EDGE('',*,*,#4817,.T.);
#6486=ORIENTED_EDGE('',*,*,#4511,.F.);
#6487=ORIENTED_EDGE('',*,*,#4819,.F.);
#6488=ORIENTED_EDGE('',*,*,#4820,.T.);
#6489=ORIENTED_EDGE('',*,*,#4819,.T.);
#6490=ORIENTED_EDGE('',*,*,#4510,.F.);
#6491=ORIENTED_EDGE('',*,*,#4814,.F.);
#6492=ORIENTED_EDGE('',*,*,#4821,.T.);
#6493=ORIENTED_EDGE('',*,*,#4822,.T.);
#6494=ORIENTED_EDGE('',*,*,#4483,.F.);
#6495=ORIENTED_EDGE('',*,*,#4823,.F.);
#6496=ORIENTED_EDGE('',*,*,#4824,.T.);
#6497=ORIENTED_EDGE('',*,*,#4823,.T.);
#6498=ORIENTED_EDGE('',*,*,#4482,.F.);
#6499=ORIENTED_EDGE('',*,*,#4825,.F.);
#6500=ORIENTED_EDGE('',*,*,#4826,.T.);
#6501=ORIENTED_EDGE('',*,*,#4825,.T.);
#6502=ORIENTED_EDGE('',*,*,#4481,.F.);
#6503=ORIENTED_EDGE('',*,*,#4827,.F.);
#6504=ORIENTED_EDGE('',*,*,#4828,.T.);
#6505=ORIENTED_EDGE('',*,*,#4827,.T.);
#6506=ORIENTED_EDGE('',*,*,#4480,.F.);
#6507=ORIENTED_EDGE('',*,*,#4822,.F.);
#6508=ORIENTED_EDGE('',*,*,#4829,.T.);
#6509=ORIENTED_EDGE('',*,*,#4830,.T.);
#6510=ORIENTED_EDGE('',*,*,#4553,.F.);
#6511=ORIENTED_EDGE('',*,*,#4831,.F.);
#6512=ORIENTED_EDGE('',*,*,#4832,.T.);
#6513=ORIENTED_EDGE('',*,*,#4831,.T.);
#6514=ORIENTED_EDGE('',*,*,#4552,.F.);
#6515=ORIENTED_EDGE('',*,*,#4833,.F.);
#6516=ORIENTED_EDGE('',*,*,#4834,.T.);
#6517=ORIENTED_EDGE('',*,*,#4833,.T.);
#6518=ORIENTED_EDGE('',*,*,#4551,.F.);
#6519=ORIENTED_EDGE('',*,*,#4835,.F.);
#6520=ORIENTED_EDGE('',*,*,#4836,.T.);
#6521=ORIENTED_EDGE('',*,*,#4835,.T.);
#6522=ORIENTED_EDGE('',*,*,#4550,.F.);
#6523=ORIENTED_EDGE('',*,*,#4830,.F.);
#6524=ORIENTED_EDGE('',*,*,#4837,.T.);
#6525=ORIENTED_EDGE('',*,*,#4838,.T.);
#6526=ORIENTED_EDGE('',*,*,#4423,.F.);
#6527=ORIENTED_EDGE('',*,*,#4839,.F.);
#6528=ORIENTED_EDGE('',*,*,#4840,.T.);
#6529=ORIENTED_EDGE('',*,*,#4839,.T.);
#6530=ORIENTED_EDGE('',*,*,#4422,.F.);
#6531=ORIENTED_EDGE('',*,*,#4841,.F.);
#6532=ORIENTED_EDGE('',*,*,#4842,.T.);
#6533=ORIENTED_EDGE('',*,*,#4841,.T.);
#6534=ORIENTED_EDGE('',*,*,#4421,.F.);
#6535=ORIENTED_EDGE('',*,*,#4843,.F.);
#6536=ORIENTED_EDGE('',*,*,#4844,.T.);
#6537=ORIENTED_EDGE('',*,*,#4843,.T.);
#6538=ORIENTED_EDGE('',*,*,#4420,.F.);
#6539=ORIENTED_EDGE('',*,*,#4838,.F.);
#6540=ORIENTED_EDGE('',*,*,#4845,.T.);
#6541=ORIENTED_EDGE('',*,*,#4846,.T.);
#6542=ORIENTED_EDGE('',*,*,#4408,.F.);
#6543=ORIENTED_EDGE('',*,*,#4847,.F.);
#6544=ORIENTED_EDGE('',*,*,#4848,.T.);
#6545=ORIENTED_EDGE('',*,*,#4847,.T.);
#6546=ORIENTED_EDGE('',*,*,#4407,.F.);
#6547=ORIENTED_EDGE('',*,*,#4849,.F.);
#6548=ORIENTED_EDGE('',*,*,#4850,.T.);
#6549=ORIENTED_EDGE('',*,*,#4849,.T.);
#6550=ORIENTED_EDGE('',*,*,#4406,.F.);
#6551=ORIENTED_EDGE('',*,*,#4851,.F.);
#6552=ORIENTED_EDGE('',*,*,#4852,.T.);
#6553=ORIENTED_EDGE('',*,*,#4851,.T.);
#6554=ORIENTED_EDGE('',*,*,#4405,.F.);
#6555=ORIENTED_EDGE('',*,*,#4846,.F.);
#6556=ORIENTED_EDGE('',*,*,#4853,.T.);
#6557=ORIENTED_EDGE('',*,*,#4854,.T.);
#6558=ORIENTED_EDGE('',*,*,#4568,.F.);
#6559=ORIENTED_EDGE('',*,*,#4855,.F.);
#6560=ORIENTED_EDGE('',*,*,#4856,.T.);
#6561=ORIENTED_EDGE('',*,*,#4855,.T.);
#6562=ORIENTED_EDGE('',*,*,#4567,.F.);
#6563=ORIENTED_EDGE('',*,*,#4857,.F.);
#6564=ORIENTED_EDGE('',*,*,#4858,.T.);
#6565=ORIENTED_EDGE('',*,*,#4857,.T.);
#6566=ORIENTED_EDGE('',*,*,#4566,.F.);
#6567=ORIENTED_EDGE('',*,*,#4859,.F.);
#6568=ORIENTED_EDGE('',*,*,#4860,.T.);
#6569=ORIENTED_EDGE('',*,*,#4859,.T.);
#6570=ORIENTED_EDGE('',*,*,#4565,.F.);
#6571=ORIENTED_EDGE('',*,*,#4854,.F.);
#6572=ORIENTED_EDGE('',*,*,#4861,.T.);
#6573=ORIENTED_EDGE('',*,*,#4862,.T.);
#6574=ORIENTED_EDGE('',*,*,#4573,.F.);
#6575=ORIENTED_EDGE('',*,*,#4863,.F.);
#6576=ORIENTED_EDGE('',*,*,#4864,.T.);
#6577=ORIENTED_EDGE('',*,*,#4863,.T.);
#6578=ORIENTED_EDGE('',*,*,#4572,.F.);
#6579=ORIENTED_EDGE('',*,*,#4865,.F.);
#6580=ORIENTED_EDGE('',*,*,#4866,.T.);
#6581=ORIENTED_EDGE('',*,*,#4865,.T.);
#6582=ORIENTED_EDGE('',*,*,#4571,.F.);
#6583=ORIENTED_EDGE('',*,*,#4867,.F.);
#6584=ORIENTED_EDGE('',*,*,#4868,.T.);
#6585=ORIENTED_EDGE('',*,*,#4867,.T.);
#6586=ORIENTED_EDGE('',*,*,#4570,.F.);
#6587=ORIENTED_EDGE('',*,*,#4862,.F.);
#6588=ORIENTED_EDGE('',*,*,#4869,.T.);
#6589=ORIENTED_EDGE('',*,*,#4870,.T.);
#6590=ORIENTED_EDGE('',*,*,#4548,.F.);
#6591=ORIENTED_EDGE('',*,*,#4871,.F.);
#6592=ORIENTED_EDGE('',*,*,#4872,.T.);
#6593=ORIENTED_EDGE('',*,*,#4871,.T.);
#6594=ORIENTED_EDGE('',*,*,#4547,.F.);
#6595=ORIENTED_EDGE('',*,*,#4873,.F.);
#6596=ORIENTED_EDGE('',*,*,#4874,.T.);
#6597=ORIENTED_EDGE('',*,*,#4873,.T.);
#6598=ORIENTED_EDGE('',*,*,#4546,.F.);
#6599=ORIENTED_EDGE('',*,*,#4875,.F.);
#6600=ORIENTED_EDGE('',*,*,#4876,.T.);
#6601=ORIENTED_EDGE('',*,*,#4875,.T.);
#6602=ORIENTED_EDGE('',*,*,#4545,.F.);
#6603=ORIENTED_EDGE('',*,*,#4870,.F.);
#6604=ORIENTED_EDGE('',*,*,#4877,.T.);
#6605=ORIENTED_EDGE('',*,*,#4878,.T.);
#6606=ORIENTED_EDGE('',*,*,#4518,.F.);
#6607=ORIENTED_EDGE('',*,*,#4879,.F.);
#6608=ORIENTED_EDGE('',*,*,#4880,.T.);
#6609=ORIENTED_EDGE('',*,*,#4879,.T.);
#6610=ORIENTED_EDGE('',*,*,#4517,.F.);
#6611=ORIENTED_EDGE('',*,*,#4881,.F.);
#6612=ORIENTED_EDGE('',*,*,#4882,.T.);
#6613=ORIENTED_EDGE('',*,*,#4881,.T.);
#6614=ORIENTED_EDGE('',*,*,#4516,.F.);
#6615=ORIENTED_EDGE('',*,*,#4883,.F.);
#6616=ORIENTED_EDGE('',*,*,#4884,.T.);
#6617=ORIENTED_EDGE('',*,*,#4883,.T.);
#6618=ORIENTED_EDGE('',*,*,#4515,.F.);
#6619=ORIENTED_EDGE('',*,*,#4878,.F.);
#6620=ORIENTED_EDGE('',*,*,#4885,.T.);
#6621=ORIENTED_EDGE('',*,*,#4886,.T.);
#6622=ORIENTED_EDGE('',*,*,#4588,.F.);
#6623=ORIENTED_EDGE('',*,*,#4887,.F.);
#6624=ORIENTED_EDGE('',*,*,#4888,.T.);
#6625=ORIENTED_EDGE('',*,*,#4887,.T.);
#6626=ORIENTED_EDGE('',*,*,#4587,.F.);
#6627=ORIENTED_EDGE('',*,*,#4889,.F.);
#6628=ORIENTED_EDGE('',*,*,#4890,.T.);
#6629=ORIENTED_EDGE('',*,*,#4889,.T.);
#6630=ORIENTED_EDGE('',*,*,#4586,.F.);
#6631=ORIENTED_EDGE('',*,*,#4891,.F.);
#6632=ORIENTED_EDGE('',*,*,#4892,.T.);
#6633=ORIENTED_EDGE('',*,*,#4891,.T.);
#6634=ORIENTED_EDGE('',*,*,#4585,.F.);
#6635=ORIENTED_EDGE('',*,*,#4886,.F.);
#6636=ORIENTED_EDGE('',*,*,#4893,.T.);
#6637=ORIENTED_EDGE('',*,*,#4894,.T.);
#6638=ORIENTED_EDGE('',*,*,#4393,.F.);
#6639=ORIENTED_EDGE('',*,*,#4895,.F.);
#6640=ORIENTED_EDGE('',*,*,#4896,.T.);
#6641=ORIENTED_EDGE('',*,*,#4895,.T.);
#6642=ORIENTED_EDGE('',*,*,#4392,.F.);
#6643=ORIENTED_EDGE('',*,*,#4897,.F.);
#6644=ORIENTED_EDGE('',*,*,#4898,.T.);
#6645=ORIENTED_EDGE('',*,*,#4897,.T.);
#6646=ORIENTED_EDGE('',*,*,#4391,.F.);
#6647=ORIENTED_EDGE('',*,*,#4899,.F.);
#6648=ORIENTED_EDGE('',*,*,#4900,.T.);
#6649=ORIENTED_EDGE('',*,*,#4899,.T.);
#6650=ORIENTED_EDGE('',*,*,#4390,.F.);
#6651=ORIENTED_EDGE('',*,*,#4894,.F.);
#6652=ORIENTED_EDGE('',*,*,#4901,.T.);
#6653=ORIENTED_EDGE('',*,*,#4902,.T.);
#6654=ORIENTED_EDGE('',*,*,#4448,.F.);
#6655=ORIENTED_EDGE('',*,*,#4903,.F.);
#6656=ORIENTED_EDGE('',*,*,#4904,.T.);
#6657=ORIENTED_EDGE('',*,*,#4903,.T.);
#6658=ORIENTED_EDGE('',*,*,#4447,.F.);
#6659=ORIENTED_EDGE('',*,*,#4905,.F.);
#6660=ORIENTED_EDGE('',*,*,#4906,.T.);
#6661=ORIENTED_EDGE('',*,*,#4905,.T.);
#6662=ORIENTED_EDGE('',*,*,#4446,.F.);
#6663=ORIENTED_EDGE('',*,*,#4907,.F.);
#6664=ORIENTED_EDGE('',*,*,#4908,.T.);
#6665=ORIENTED_EDGE('',*,*,#4907,.T.);
#6666=ORIENTED_EDGE('',*,*,#4445,.F.);
#6667=ORIENTED_EDGE('',*,*,#4902,.F.);
#6668=ORIENTED_EDGE('',*,*,#4909,.T.);
#6669=ORIENTED_EDGE('',*,*,#4910,.T.);
#6670=ORIENTED_EDGE('',*,*,#4368,.F.);
#6671=ORIENTED_EDGE('',*,*,#4911,.F.);
#6672=ORIENTED_EDGE('',*,*,#4912,.T.);
#6673=ORIENTED_EDGE('',*,*,#4911,.T.);
#6674=ORIENTED_EDGE('',*,*,#4367,.F.);
#6675=ORIENTED_EDGE('',*,*,#4146,.F.);
#6676=ORIENTED_EDGE('',*,*,#4584,.F.);
#6677=ORIENTED_EDGE('',*,*,#4154,.T.);
#6678=ORIENTED_EDGE('',*,*,#4366,.F.);
#6679=ORIENTED_EDGE('',*,*,#4156,.F.);
#6680=ORIENTED_EDGE('',*,*,#4389,.F.);
#6681=ORIENTED_EDGE('',*,*,#4164,.T.);
#6682=ORIENTED_EDGE('',*,*,#4365,.F.);
#6683=ORIENTED_EDGE('',*,*,#4166,.F.);
#6684=ORIENTED_EDGE('',*,*,#4394,.F.);
#6685=ORIENTED_EDGE('',*,*,#4174,.T.);
#6686=ORIENTED_EDGE('',*,*,#4364,.F.);
#6687=ORIENTED_EDGE('',*,*,#4176,.F.);
#6688=ORIENTED_EDGE('',*,*,#4399,.F.);
#6689=ORIENTED_EDGE('',*,*,#4184,.T.);
#6690=ORIENTED_EDGE('',*,*,#4363,.F.);
#6691=ORIENTED_EDGE('',*,*,#4186,.F.);
#6692=ORIENTED_EDGE('',*,*,#4404,.F.);
#6693=ORIENTED_EDGE('',*,*,#4194,.T.);
#6694=ORIENTED_EDGE('',*,*,#4362,.F.);
#6695=ORIENTED_EDGE('',*,*,#4196,.F.);
#6696=ORIENTED_EDGE('',*,*,#4409,.F.);
#6697=ORIENTED_EDGE('',*,*,#4204,.T.);
#6698=ORIENTED_EDGE('',*,*,#4361,.F.);
#6699=ORIENTED_EDGE('',*,*,#4206,.F.);
#6700=ORIENTED_EDGE('',*,*,#4414,.F.);
#6701=ORIENTED_EDGE('',*,*,#4214,.T.);
#6702=ORIENTED_EDGE('',*,*,#4360,.F.);
#6703=ORIENTED_EDGE('',*,*,#4216,.F.);
#6704=ORIENTED_EDGE('',*,*,#4419,.F.);
#6705=ORIENTED_EDGE('',*,*,#4224,.T.);
#6706=ORIENTED_EDGE('',*,*,#4359,.F.);
#6707=ORIENTED_EDGE('',*,*,#4226,.F.);
#6708=ORIENTED_EDGE('',*,*,#4424,.F.);
#6709=ORIENTED_EDGE('',*,*,#4234,.T.);
#6710=ORIENTED_EDGE('',*,*,#4358,.F.);
#6711=ORIENTED_EDGE('',*,*,#4236,.F.);
#6712=ORIENTED_EDGE('',*,*,#4429,.F.);
#6713=ORIENTED_EDGE('',*,*,#4244,.T.);
#6714=ORIENTED_EDGE('',*,*,#4357,.F.);
#6715=ORIENTED_EDGE('',*,*,#4246,.F.);
#6716=ORIENTED_EDGE('',*,*,#4434,.F.);
#6717=ORIENTED_EDGE('',*,*,#4254,.T.);
#6718=ORIENTED_EDGE('',*,*,#4356,.F.);
#6719=ORIENTED_EDGE('',*,*,#4256,.F.);
#6720=ORIENTED_EDGE('',*,*,#4439,.F.);
#6721=ORIENTED_EDGE('',*,*,#4264,.T.);
#6722=ORIENTED_EDGE('',*,*,#4355,.F.);
#6723=ORIENTED_EDGE('',*,*,#4266,.F.);
#6724=ORIENTED_EDGE('',*,*,#4444,.F.);
#6725=ORIENTED_EDGE('',*,*,#4274,.T.);
#6726=ORIENTED_EDGE('',*,*,#4354,.F.);
#6727=ORIENTED_EDGE('',*,*,#4276,.F.);
#6728=ORIENTED_EDGE('',*,*,#4449,.F.);
#6729=ORIENTED_EDGE('',*,*,#4284,.T.);
#6730=ORIENTED_EDGE('',*,*,#4353,.F.);
#6731=ORIENTED_EDGE('',*,*,#4286,.F.);
#6732=ORIENTED_EDGE('',*,*,#4454,.F.);
#6733=ORIENTED_EDGE('',*,*,#4294,.T.);
#6734=ORIENTED_EDGE('',*,*,#4352,.F.);
#6735=ORIENTED_EDGE('',*,*,#4296,.F.);
#6736=ORIENTED_EDGE('',*,*,#4459,.F.);
#6737=ORIENTED_EDGE('',*,*,#4304,.T.);
#6738=ORIENTED_EDGE('',*,*,#4351,.F.);
#6739=ORIENTED_EDGE('',*,*,#4306,.F.);
#6740=ORIENTED_EDGE('',*,*,#4464,.F.);
#6741=ORIENTED_EDGE('',*,*,#4314,.T.);
#6742=ORIENTED_EDGE('',*,*,#4350,.F.);
#6743=ORIENTED_EDGE('',*,*,#4316,.F.);
#6744=ORIENTED_EDGE('',*,*,#4469,.F.);
#6745=ORIENTED_EDGE('',*,*,#4324,.T.);
#6746=ORIENTED_EDGE('',*,*,#4349,.F.);
#6747=ORIENTED_EDGE('',*,*,#4326,.F.);
#6748=ORIENTED_EDGE('',*,*,#4474,.F.);
#6749=ORIENTED_EDGE('',*,*,#4334,.T.);
#6750=ORIENTED_EDGE('',*,*,#4348,.F.);
#6751=ORIENTED_EDGE('',*,*,#4336,.F.);
#6752=ORIENTED_EDGE('',*,*,#4479,.F.);
#6753=ORIENTED_EDGE('',*,*,#4344,.T.);
#6754=ORIENTED_EDGE('',*,*,#4347,.F.);
#6755=ORIENTED_EDGE('',*,*,#4913,.F.);
#6756=ORIENTED_EDGE('',*,*,#4914,.T.);
#6757=ORIENTED_EDGE('',*,*,#4913,.T.);
#6758=ORIENTED_EDGE('',*,*,#4346,.F.);
#6759=ORIENTED_EDGE('',*,*,#4915,.F.);
#6760=ORIENTED_EDGE('',*,*,#4916,.T.);
#6761=ORIENTED_EDGE('',*,*,#4915,.T.);
#6762=ORIENTED_EDGE('',*,*,#4345,.F.);
#6763=ORIENTED_EDGE('',*,*,#3946,.F.);
#6764=ORIENTED_EDGE('',*,*,#4484,.F.);
#6765=ORIENTED_EDGE('',*,*,#3954,.T.);
#6766=ORIENTED_EDGE('',*,*,#4388,.F.);
#6767=ORIENTED_EDGE('',*,*,#3956,.F.);
#6768=ORIENTED_EDGE('',*,*,#4489,.F.);
#6769=ORIENTED_EDGE('',*,*,#3964,.T.);
#6770=ORIENTED_EDGE('',*,*,#4387,.F.);
#6771=ORIENTED_EDGE('',*,*,#3966,.F.);
#6772=ORIENTED_EDGE('',*,*,#4494,.F.);
#6773=ORIENTED_EDGE('',*,*,#3974,.T.);
#6774=ORIENTED_EDGE('',*,*,#4386,.F.);
#6775=ORIENTED_EDGE('',*,*,#3976,.F.);
#6776=ORIENTED_EDGE('',*,*,#4499,.F.);
#6777=ORIENTED_EDGE('',*,*,#3984,.T.);
#6778=ORIENTED_EDGE('',*,*,#4385,.F.);
#6779=ORIENTED_EDGE('',*,*,#3986,.F.);
#6780=ORIENTED_EDGE('',*,*,#4504,.F.);
#6781=ORIENTED_EDGE('',*,*,#3994,.T.);
#6782=ORIENTED_EDGE('',*,*,#4384,.F.);
#6783=ORIENTED_EDGE('',*,*,#3996,.F.);
#6784=ORIENTED_EDGE('',*,*,#4509,.F.);
#6785=ORIENTED_EDGE('',*,*,#4004,.T.);
#6786=ORIENTED_EDGE('',*,*,#4383,.F.);
#6787=ORIENTED_EDGE('',*,*,#4006,.F.);
#6788=ORIENTED_EDGE('',*,*,#4514,.F.);
#6789=ORIENTED_EDGE('',*,*,#4014,.T.);
#6790=ORIENTED_EDGE('',*,*,#4382,.F.);
#6791=ORIENTED_EDGE('',*,*,#4016,.F.);
#6792=ORIENTED_EDGE('',*,*,#4519,.F.);
#6793=ORIENTED_EDGE('',*,*,#4024,.T.);
#6794=ORIENTED_EDGE('',*,*,#4381,.F.);
#6795=ORIENTED_EDGE('',*,*,#4026,.F.);
#6796=ORIENTED_EDGE('',*,*,#4524,.F.);
#6797=ORIENTED_EDGE('',*,*,#4034,.T.);
#6798=ORIENTED_EDGE('',*,*,#4380,.F.);
#6799=ORIENTED_EDGE('',*,*,#4036,.F.);
#6800=ORIENTED_EDGE('',*,*,#4529,.F.);
#6801=ORIENTED_EDGE('',*,*,#4044,.T.);
#6802=ORIENTED_EDGE('',*,*,#4379,.F.);
#6803=ORIENTED_EDGE('',*,*,#4046,.F.);
#6804=ORIENTED_EDGE('',*,*,#4534,.F.);
#6805=ORIENTED_EDGE('',*,*,#4054,.T.);
#6806=ORIENTED_EDGE('',*,*,#4378,.F.);
#6807=ORIENTED_EDGE('',*,*,#4056,.F.);
#6808=ORIENTED_EDGE('',*,*,#4539,.F.);
#6809=ORIENTED_EDGE('',*,*,#4064,.T.);
#6810=ORIENTED_EDGE('',*,*,#4377,.F.);
#6811=ORIENTED_EDGE('',*,*,#4066,.F.);
#6812=ORIENTED_EDGE('',*,*,#4544,.F.);
#6813=ORIENTED_EDGE('',*,*,#4074,.T.);
#6814=ORIENTED_EDGE('',*,*,#4376,.F.);
#6815=ORIENTED_EDGE('',*,*,#4076,.F.);
#6816=ORIENTED_EDGE('',*,*,#4549,.F.);
#6817=ORIENTED_EDGE('',*,*,#4084,.T.);
#6818=ORIENTED_EDGE('',*,*,#4375,.F.);
#6819=ORIENTED_EDGE('',*,*,#4086,.F.);
#6820=ORIENTED_EDGE('',*,*,#4554,.F.);
#6821=ORIENTED_EDGE('',*,*,#4094,.T.);
#6822=ORIENTED_EDGE('',*,*,#4374,.F.);
#6823=ORIENTED_EDGE('',*,*,#4096,.F.);
#6824=ORIENTED_EDGE('',*,*,#4559,.F.);
#6825=ORIENTED_EDGE('',*,*,#4104,.T.);
#6826=ORIENTED_EDGE('',*,*,#4373,.F.);
#6827=ORIENTED_EDGE('',*,*,#4106,.F.);
#6828=ORIENTED_EDGE('',*,*,#4564,.F.);
#6829=ORIENTED_EDGE('',*,*,#4114,.T.);
#6830=ORIENTED_EDGE('',*,*,#4372,.F.);
#6831=ORIENTED_EDGE('',*,*,#4116,.F.);
#6832=ORIENTED_EDGE('',*,*,#4569,.F.);
#6833=ORIENTED_EDGE('',*,*,#4124,.T.);
#6834=ORIENTED_EDGE('',*,*,#4371,.F.);
#6835=ORIENTED_EDGE('',*,*,#4126,.F.);
#6836=ORIENTED_EDGE('',*,*,#4574,.F.);
#6837=ORIENTED_EDGE('',*,*,#4134,.T.);
#6838=ORIENTED_EDGE('',*,*,#4370,.F.);
#6839=ORIENTED_EDGE('',*,*,#4136,.F.);
#6840=ORIENTED_EDGE('',*,*,#4579,.F.);
#6841=ORIENTED_EDGE('',*,*,#4144,.T.);
#6842=ORIENTED_EDGE('',*,*,#4369,.F.);
#6843=ORIENTED_EDGE('',*,*,#4910,.F.);
#6844=ORIENTED_EDGE('',*,*,#4916,.F.);
#6845=ORIENTED_EDGE('',*,*,#4909,.F.);
#6846=ORIENTED_EDGE('',*,*,#4912,.F.);
#6847=ORIENTED_EDGE('',*,*,#4914,.F.);
#6848=ORIENTED_EDGE('',*,*,#4908,.F.);
#6849=ORIENTED_EDGE('',*,*,#4901,.F.);
#6850=ORIENTED_EDGE('',*,*,#4904,.F.);
#6851=ORIENTED_EDGE('',*,*,#4906,.F.);
#6852=ORIENTED_EDGE('',*,*,#4900,.F.);
#6853=ORIENTED_EDGE('',*,*,#4893,.F.);
#6854=ORIENTED_EDGE('',*,*,#4896,.F.);
#6855=ORIENTED_EDGE('',*,*,#4898,.F.);
#6856=ORIENTED_EDGE('',*,*,#4892,.F.);
#6857=ORIENTED_EDGE('',*,*,#4885,.F.);
#6858=ORIENTED_EDGE('',*,*,#4888,.F.);
#6859=ORIENTED_EDGE('',*,*,#4890,.F.);
#6860=ORIENTED_EDGE('',*,*,#4884,.F.);
#6861=ORIENTED_EDGE('',*,*,#4877,.F.);
#6862=ORIENTED_EDGE('',*,*,#4880,.F.);
#6863=ORIENTED_EDGE('',*,*,#4882,.F.);
#6864=ORIENTED_EDGE('',*,*,#4876,.F.);
#6865=ORIENTED_EDGE('',*,*,#4869,.F.);
#6866=ORIENTED_EDGE('',*,*,#4872,.F.);
#6867=ORIENTED_EDGE('',*,*,#4874,.F.);
#6868=ORIENTED_EDGE('',*,*,#4868,.F.);
#6869=ORIENTED_EDGE('',*,*,#4861,.F.);
#6870=ORIENTED_EDGE('',*,*,#4864,.F.);
#6871=ORIENTED_EDGE('',*,*,#4866,.F.);
#6872=ORIENTED_EDGE('',*,*,#4860,.F.);
#6873=ORIENTED_EDGE('',*,*,#4853,.F.);
#6874=ORIENTED_EDGE('',*,*,#4856,.F.);
#6875=ORIENTED_EDGE('',*,*,#4858,.F.);
#6876=ORIENTED_EDGE('',*,*,#4852,.F.);
#6877=ORIENTED_EDGE('',*,*,#4845,.F.);
#6878=ORIENTED_EDGE('',*,*,#4848,.F.);
#6879=ORIENTED_EDGE('',*,*,#4850,.F.);
#6880=ORIENTED_EDGE('',*,*,#4844,.F.);
#6881=ORIENTED_EDGE('',*,*,#4837,.F.);
#6882=ORIENTED_EDGE('',*,*,#4840,.F.);
#6883=ORIENTED_EDGE('',*,*,#4842,.F.);
#6884=ORIENTED_EDGE('',*,*,#4836,.F.);
#6885=ORIENTED_EDGE('',*,*,#4829,.F.);
#6886=ORIENTED_EDGE('',*,*,#4832,.F.);
#6887=ORIENTED_EDGE('',*,*,#4834,.F.);
#6888=ORIENTED_EDGE('',*,*,#4828,.F.);
#6889=ORIENTED_EDGE('',*,*,#4821,.F.);
#6890=ORIENTED_EDGE('',*,*,#4824,.F.);
#6891=ORIENTED_EDGE('',*,*,#4826,.F.);
#6892=ORIENTED_EDGE('',*,*,#4820,.F.);
#6893=ORIENTED_EDGE('',*,*,#4813,.F.);
#6894=ORIENTED_EDGE('',*,*,#4816,.F.);
#6895=ORIENTED_EDGE('',*,*,#4818,.F.);
#6896=ORIENTED_EDGE('',*,*,#4812,.F.);
#6897=ORIENTED_EDGE('',*,*,#4805,.F.);
#6898=ORIENTED_EDGE('',*,*,#4808,.F.);
#6899=ORIENTED_EDGE('',*,*,#4810,.F.);
#6900=ORIENTED_EDGE('',*,*,#4804,.F.);
#6901=ORIENTED_EDGE('',*,*,#4797,.F.);
#6902=ORIENTED_EDGE('',*,*,#4800,.F.);
#6903=ORIENTED_EDGE('',*,*,#4802,.F.);
#6904=ORIENTED_EDGE('',*,*,#4796,.F.);
#6905=ORIENTED_EDGE('',*,*,#4789,.F.);
#6906=ORIENTED_EDGE('',*,*,#4792,.F.);
#6907=ORIENTED_EDGE('',*,*,#4794,.F.);
#6908=ORIENTED_EDGE('',*,*,#4788,.F.);
#6909=ORIENTED_EDGE('',*,*,#4781,.F.);
#6910=ORIENTED_EDGE('',*,*,#4784,.F.);
#6911=ORIENTED_EDGE('',*,*,#4786,.F.);
#6912=ORIENTED_EDGE('',*,*,#4780,.F.);
#6913=ORIENTED_EDGE('',*,*,#4773,.F.);
#6914=ORIENTED_EDGE('',*,*,#4776,.F.);
#6915=ORIENTED_EDGE('',*,*,#4778,.F.);
#6916=ORIENTED_EDGE('',*,*,#4772,.F.);
#6917=ORIENTED_EDGE('',*,*,#4765,.F.);
#6918=ORIENTED_EDGE('',*,*,#4768,.F.);
#6919=ORIENTED_EDGE('',*,*,#4770,.F.);
#6920=ORIENTED_EDGE('',*,*,#4764,.F.);
#6921=ORIENTED_EDGE('',*,*,#4757,.F.);
#6922=ORIENTED_EDGE('',*,*,#4760,.F.);
#6923=ORIENTED_EDGE('',*,*,#4762,.F.);
#6924=ORIENTED_EDGE('',*,*,#4756,.F.);
#6925=ORIENTED_EDGE('',*,*,#4749,.F.);
#6926=ORIENTED_EDGE('',*,*,#4752,.F.);
#6927=ORIENTED_EDGE('',*,*,#4754,.F.);
#6928=ORIENTED_EDGE('',*,*,#4748,.F.);
#6929=ORIENTED_EDGE('',*,*,#4741,.F.);
#6930=ORIENTED_EDGE('',*,*,#4744,.F.);
#6931=ORIENTED_EDGE('',*,*,#4746,.F.);
#6932=ORIENTED_EDGE('',*,*,#4740,.F.);
#6933=ORIENTED_EDGE('',*,*,#4733,.F.);
#6934=ORIENTED_EDGE('',*,*,#4736,.F.);
#6935=ORIENTED_EDGE('',*,*,#4738,.F.);
#6936=ORIENTED_EDGE('',*,*,#4732,.F.);
#6937=ORIENTED_EDGE('',*,*,#4725,.F.);
#6938=ORIENTED_EDGE('',*,*,#4728,.F.);
#6939=ORIENTED_EDGE('',*,*,#4730,.F.);
#6940=ORIENTED_EDGE('',*,*,#4724,.F.);
#6941=ORIENTED_EDGE('',*,*,#4717,.F.);
#6942=ORIENTED_EDGE('',*,*,#4720,.F.);
#6943=ORIENTED_EDGE('',*,*,#4722,.F.);
#6944=ORIENTED_EDGE('',*,*,#4716,.F.);
#6945=ORIENTED_EDGE('',*,*,#4709,.F.);
#6946=ORIENTED_EDGE('',*,*,#4712,.F.);
#6947=ORIENTED_EDGE('',*,*,#4714,.F.);
#6948=ORIENTED_EDGE('',*,*,#4708,.F.);
#6949=ORIENTED_EDGE('',*,*,#4701,.F.);
#6950=ORIENTED_EDGE('',*,*,#4704,.F.);
#6951=ORIENTED_EDGE('',*,*,#4706,.F.);
#6952=ORIENTED_EDGE('',*,*,#4700,.F.);
#6953=ORIENTED_EDGE('',*,*,#4693,.F.);
#6954=ORIENTED_EDGE('',*,*,#4696,.F.);
#6955=ORIENTED_EDGE('',*,*,#4698,.F.);
#6956=ORIENTED_EDGE('',*,*,#4692,.F.);
#6957=ORIENTED_EDGE('',*,*,#4685,.F.);
#6958=ORIENTED_EDGE('',*,*,#4688,.F.);
#6959=ORIENTED_EDGE('',*,*,#4690,.F.);
#6960=ORIENTED_EDGE('',*,*,#4684,.F.);
#6961=ORIENTED_EDGE('',*,*,#4677,.F.);
#6962=ORIENTED_EDGE('',*,*,#4680,.F.);
#6963=ORIENTED_EDGE('',*,*,#4682,.F.);
#6964=ORIENTED_EDGE('',*,*,#4676,.F.);
#6965=ORIENTED_EDGE('',*,*,#4669,.F.);
#6966=ORIENTED_EDGE('',*,*,#4672,.F.);
#6967=ORIENTED_EDGE('',*,*,#4674,.F.);
#6968=ORIENTED_EDGE('',*,*,#4668,.F.);
#6969=ORIENTED_EDGE('',*,*,#4661,.F.);
#6970=ORIENTED_EDGE('',*,*,#4664,.F.);
#6971=ORIENTED_EDGE('',*,*,#4666,.F.);
#6972=ORIENTED_EDGE('',*,*,#4660,.F.);
#6973=ORIENTED_EDGE('',*,*,#4653,.F.);
#6974=ORIENTED_EDGE('',*,*,#4656,.F.);
#6975=ORIENTED_EDGE('',*,*,#4658,.F.);
#6976=ORIENTED_EDGE('',*,*,#4652,.F.);
#6977=ORIENTED_EDGE('',*,*,#4645,.F.);
#6978=ORIENTED_EDGE('',*,*,#4648,.F.);
#6979=ORIENTED_EDGE('',*,*,#4650,.F.);
#6980=ORIENTED_EDGE('',*,*,#4644,.F.);
#6981=ORIENTED_EDGE('',*,*,#4637,.F.);
#6982=ORIENTED_EDGE('',*,*,#4640,.F.);
#6983=ORIENTED_EDGE('',*,*,#4642,.F.);
#6984=ORIENTED_EDGE('',*,*,#4636,.F.);
#6985=ORIENTED_EDGE('',*,*,#4629,.F.);
#6986=ORIENTED_EDGE('',*,*,#4632,.F.);
#6987=ORIENTED_EDGE('',*,*,#4634,.F.);
#6988=ORIENTED_EDGE('',*,*,#4628,.F.);
#6989=ORIENTED_EDGE('',*,*,#4621,.F.);
#6990=ORIENTED_EDGE('',*,*,#4624,.F.);
#6991=ORIENTED_EDGE('',*,*,#4626,.F.);
#6992=ORIENTED_EDGE('',*,*,#4620,.F.);
#6993=ORIENTED_EDGE('',*,*,#4613,.F.);
#6994=ORIENTED_EDGE('',*,*,#4616,.F.);
#6995=ORIENTED_EDGE('',*,*,#4618,.F.);
#6996=ORIENTED_EDGE('',*,*,#4612,.F.);
#6997=ORIENTED_EDGE('',*,*,#4605,.F.);
#6998=ORIENTED_EDGE('',*,*,#4608,.F.);
#6999=ORIENTED_EDGE('',*,*,#4610,.F.);
#7000=ORIENTED_EDGE('',*,*,#4604,.F.);
#7001=ORIENTED_EDGE('',*,*,#4597,.F.);
#7002=ORIENTED_EDGE('',*,*,#4600,.F.);
#7003=ORIENTED_EDGE('',*,*,#4602,.F.);
#7004=ORIENTED_EDGE('',*,*,#4596,.F.);
#7005=ORIENTED_EDGE('',*,*,#4589,.F.);
#7006=ORIENTED_EDGE('',*,*,#4592,.F.);
#7007=ORIENTED_EDGE('',*,*,#4594,.F.);
#7008=ORIENTED_EDGE('',*,*,#4917,.T.);
#7009=ORIENTED_EDGE('',*,*,#4918,.F.);
#7010=ORIENTED_EDGE('',*,*,#4919,.T.);
#7011=ORIENTED_EDGE('',*,*,#4920,.T.);
#7012=ORIENTED_EDGE('',*,*,#4921,.T.);
#7013=ORIENTED_EDGE('',*,*,#4922,.F.);
#7014=ORIENTED_EDGE('',*,*,#4917,.F.);
#7015=ORIENTED_EDGE('',*,*,#4923,.T.);
#7016=ORIENTED_EDGE('',*,*,#4924,.T.);
#7017=ORIENTED_EDGE('',*,*,#4925,.F.);
#7018=ORIENTED_EDGE('',*,*,#4921,.F.);
#7019=ORIENTED_EDGE('',*,*,#4926,.T.);
#7020=ORIENTED_EDGE('',*,*,#4927,.T.);
#7021=ORIENTED_EDGE('',*,*,#4928,.F.);
#7022=ORIENTED_EDGE('',*,*,#4924,.F.);
#7023=ORIENTED_EDGE('',*,*,#4929,.T.);
#7024=ORIENTED_EDGE('',*,*,#4930,.F.);
#7025=ORIENTED_EDGE('',*,*,#4931,.T.);
#7026=ORIENTED_EDGE('',*,*,#4932,.F.);
#7027=ORIENTED_EDGE('',*,*,#4933,.F.);
#7028=ORIENTED_EDGE('',*,*,#4934,.F.);
#7029=ORIENTED_EDGE('',*,*,#4919,.F.);
#7030=ORIENTED_EDGE('',*,*,#4935,.F.);
#7031=ORIENTED_EDGE('',*,*,#4936,.F.);
#7032=ORIENTED_EDGE('',*,*,#4935,.T.);
#7033=ORIENTED_EDGE('',*,*,#4918,.T.);
#7034=ORIENTED_EDGE('',*,*,#4922,.T.);
#7035=ORIENTED_EDGE('',*,*,#4925,.T.);
#7036=ORIENTED_EDGE('',*,*,#4928,.T.);
#7037=ORIENTED_EDGE('',*,*,#4937,.T.);
#7038=ORIENTED_EDGE('',*,*,#4933,.T.);
#7039=ORIENTED_EDGE('',*,*,#4938,.F.);
#7040=ORIENTED_EDGE('',*,*,#4939,.F.);
#7041=ORIENTED_EDGE('',*,*,#4930,.T.);
#7042=ORIENTED_EDGE('',*,*,#4937,.F.);
#7043=ORIENTED_EDGE('',*,*,#4927,.F.);
#7044=ORIENTED_EDGE('',*,*,#4940,.T.);
#7045=ORIENTED_EDGE('',*,*,#4936,.T.);
#7046=ORIENTED_EDGE('',*,*,#4939,.T.);
#7047=ORIENTED_EDGE('',*,*,#4941,.F.);
#7048=ORIENTED_EDGE('',*,*,#4931,.F.);
#7049=ORIENTED_EDGE('',*,*,#4940,.F.);
#7050=ORIENTED_EDGE('',*,*,#4929,.F.);
#7051=ORIENTED_EDGE('',*,*,#4926,.F.);
#7052=ORIENTED_EDGE('',*,*,#4923,.F.);
#7053=ORIENTED_EDGE('',*,*,#4920,.F.);
#7054=ORIENTED_EDGE('',*,*,#4942,.F.);
#7055=ORIENTED_EDGE('',*,*,#4943,.T.);
#7056=ORIENTED_EDGE('',*,*,#4934,.T.);
#7057=ORIENTED_EDGE('',*,*,#4943,.F.);
#7058=ORIENTED_EDGE('',*,*,#4942,.T.);
#7059=ORIENTED_EDGE('',*,*,#4932,.T.);
#7060=ORIENTED_EDGE('',*,*,#4941,.T.);
#7061=ORIENTED_EDGE('',*,*,#4938,.T.);
#7062=ORIENTED_EDGE('',*,*,#4944,.F.);
#7063=ORIENTED_EDGE('',*,*,#4945,.T.);
#7064=ORIENTED_EDGE('',*,*,#4946,.F.);
#7065=ORIENTED_EDGE('',*,*,#4947,.F.);
#7066=ORIENTED_EDGE('',*,*,#4948,.T.);
#7067=ORIENTED_EDGE('',*,*,#4944,.T.);
#7068=ORIENTED_EDGE('',*,*,#4949,.F.);
#7069=ORIENTED_EDGE('',*,*,#4950,.F.);
#7070=ORIENTED_EDGE('',*,*,#4951,.F.);
#7071=ORIENTED_EDGE('',*,*,#4952,.T.);
#7072=ORIENTED_EDGE('',*,*,#4947,.T.);
#7073=ORIENTED_EDGE('',*,*,#4953,.F.);
#7074=ORIENTED_EDGE('',*,*,#4954,.F.);
#7075=ORIENTED_EDGE('',*,*,#4955,.T.);
#7076=ORIENTED_EDGE('',*,*,#4951,.T.);
#7077=ORIENTED_EDGE('',*,*,#4956,.F.);
#7078=ORIENTED_EDGE('',*,*,#4957,.F.);
#7079=ORIENTED_EDGE('',*,*,#4958,.T.);
#7080=ORIENTED_EDGE('',*,*,#4954,.T.);
#7081=ORIENTED_EDGE('',*,*,#4959,.F.);
#7082=ORIENTED_EDGE('',*,*,#4960,.F.);
#7083=ORIENTED_EDGE('',*,*,#4961,.T.);
#7084=ORIENTED_EDGE('',*,*,#4957,.T.);
#7085=ORIENTED_EDGE('',*,*,#4962,.F.);
#7086=ORIENTED_EDGE('',*,*,#4963,.F.);
#7087=ORIENTED_EDGE('',*,*,#4964,.T.);
#7088=ORIENTED_EDGE('',*,*,#4960,.T.);
#7089=ORIENTED_EDGE('',*,*,#4965,.F.);
#7090=ORIENTED_EDGE('',*,*,#4966,.F.);
#7091=ORIENTED_EDGE('',*,*,#4967,.F.);
#7092=ORIENTED_EDGE('',*,*,#4968,.F.);
#7093=ORIENTED_EDGE('',*,*,#4969,.F.);
#7094=ORIENTED_EDGE('',*,*,#4968,.T.);
#7095=ORIENTED_EDGE('',*,*,#4970,.T.);
#7096=ORIENTED_EDGE('',*,*,#4971,.F.);
#7097=ORIENTED_EDGE('',*,*,#4972,.T.);
#7098=ORIENTED_EDGE('',*,*,#4967,.T.);
#7099=ORIENTED_EDGE('',*,*,#4973,.T.);
#7100=ORIENTED_EDGE('',*,*,#4965,.T.);
#7101=ORIENTED_EDGE('',*,*,#4962,.T.);
#7102=ORIENTED_EDGE('',*,*,#4959,.T.);
#7103=ORIENTED_EDGE('',*,*,#4956,.T.);
#7104=ORIENTED_EDGE('',*,*,#4953,.T.);
#7105=ORIENTED_EDGE('',*,*,#4950,.T.);
#7106=ORIENTED_EDGE('',*,*,#4974,.F.);
#7107=ORIENTED_EDGE('',*,*,#4970,.F.);
#7108=ORIENTED_EDGE('',*,*,#4963,.T.);
#7109=ORIENTED_EDGE('',*,*,#4973,.F.);
#7110=ORIENTED_EDGE('',*,*,#4966,.T.);
#7111=ORIENTED_EDGE('',*,*,#4975,.T.);
#7112=ORIENTED_EDGE('',*,*,#4976,.F.);
#7113=ORIENTED_EDGE('',*,*,#4949,.T.);
#7114=ORIENTED_EDGE('',*,*,#4946,.T.);
#7115=ORIENTED_EDGE('',*,*,#4977,.T.);
#7116=ORIENTED_EDGE('',*,*,#4971,.T.);
#7117=ORIENTED_EDGE('',*,*,#4974,.T.);
#7118=ORIENTED_EDGE('',*,*,#4969,.T.);
#7119=ORIENTED_EDGE('',*,*,#4972,.F.);
#7120=ORIENTED_EDGE('',*,*,#4977,.F.);
#7121=ORIENTED_EDGE('',*,*,#4945,.F.);
#7122=ORIENTED_EDGE('',*,*,#4948,.F.);
#7123=ORIENTED_EDGE('',*,*,#4952,.F.);
#7124=ORIENTED_EDGE('',*,*,#4955,.F.);
#7125=ORIENTED_EDGE('',*,*,#4958,.F.);
#7126=ORIENTED_EDGE('',*,*,#4961,.F.);
#7127=ORIENTED_EDGE('',*,*,#4964,.F.);
#7128=ORIENTED_EDGE('',*,*,#4975,.F.);
#7129=ORIENTED_EDGE('',*,*,#4978,.F.);
#7130=ORIENTED_EDGE('',*,*,#4979,.T.);
#7131=ORIENTED_EDGE('',*,*,#4976,.T.);
#7132=ORIENTED_EDGE('',*,*,#4979,.F.);
#7133=ORIENTED_EDGE('',*,*,#4978,.T.);
#7134=ORIENTED_EDGE('',*,*,#4980,.T.);
#7135=ORIENTED_EDGE('',*,*,#4981,.F.);
#7136=ORIENTED_EDGE('',*,*,#4980,.F.);
#7137=ORIENTED_EDGE('',*,*,#4982,.T.);
#7138=ORIENTED_EDGE('',*,*,#4983,.F.);
#7139=ORIENTED_EDGE('',*,*,#4982,.F.);
#7140=ORIENTED_EDGE('',*,*,#4984,.F.);
#7141=ORIENTED_EDGE('',*,*,#4985,.T.);
#7142=ORIENTED_EDGE('',*,*,#4981,.T.);
#7143=ORIENTED_EDGE('',*,*,#4985,.F.);
#7144=ORIENTED_EDGE('',*,*,#4986,.F.);
#7145=ORIENTED_EDGE('',*,*,#4987,.T.);
#7146=ORIENTED_EDGE('',*,*,#4988,.F.);
#7147=ORIENTED_EDGE('',*,*,#4987,.F.);
#7148=ORIENTED_EDGE('',*,*,#4989,.T.);
#7149=ORIENTED_EDGE('',*,*,#4988,.T.);
#7150=ORIENTED_EDGE('',*,*,#4989,.F.);
#7151=ORIENTED_EDGE('',*,*,#4990,.T.);
#7152=ORIENTED_EDGE('',*,*,#4991,.F.);
#7153=ORIENTED_EDGE('',*,*,#4990,.F.);
#7154=ORIENTED_EDGE('',*,*,#4992,.T.);
#7155=ORIENTED_EDGE('',*,*,#4993,.T.);
#7156=ORIENTED_EDGE('',*,*,#4994,.F.);
#7157=ORIENTED_EDGE('',*,*,#4995,.T.);
#7158=ORIENTED_EDGE('',*,*,#4995,.F.);
#7159=ORIENTED_EDGE('',*,*,#4996,.F.);
#7160=ORIENTED_EDGE('',*,*,#4997,.F.);
#7161=ORIENTED_EDGE('',*,*,#4998,.F.);
#7162=ORIENTED_EDGE('',*,*,#4999,.F.);
#7163=ORIENTED_EDGE('',*,*,#5000,.T.);
#7164=ORIENTED_EDGE('',*,*,#5001,.T.);
#7165=ORIENTED_EDGE('',*,*,#5002,.T.);
#7166=ORIENTED_EDGE('',*,*,#5002,.F.);
#7167=ORIENTED_EDGE('',*,*,#5003,.T.);
#7168=ORIENTED_EDGE('',*,*,#5004,.T.);
#7169=ORIENTED_EDGE('',*,*,#5005,.T.);
#7170=ORIENTED_EDGE('',*,*,#5004,.F.);
#7171=ORIENTED_EDGE('',*,*,#5006,.F.);
#7172=ORIENTED_EDGE('',*,*,#5007,.F.);
#7173=ORIENTED_EDGE('',*,*,#5008,.F.);
#7174=ORIENTED_EDGE('',*,*,#4998,.T.);
#7175=ORIENTED_EDGE('',*,*,#5009,.F.);
#7176=ORIENTED_EDGE('',*,*,#5010,.T.);
#7177=ORIENTED_EDGE('',*,*,#5011,.F.);
#7178=ORIENTED_EDGE('',*,*,#5012,.F.);
#7179=ORIENTED_EDGE('',*,*,#5006,.T.);
#7180=ORIENTED_EDGE('',*,*,#5003,.F.);
#7181=ORIENTED_EDGE('',*,*,#5001,.F.);
#7182=ORIENTED_EDGE('',*,*,#5013,.T.);
#7183=ORIENTED_EDGE('',*,*,#4992,.F.);
#7184=ORIENTED_EDGE('',*,*,#4983,.T.);
#7185=ORIENTED_EDGE('',*,*,#4991,.T.);
#7186=ORIENTED_EDGE('',*,*,#5012,.T.);
#7187=ORIENTED_EDGE('',*,*,#5014,.T.);
#7188=ORIENTED_EDGE('',*,*,#5015,.T.);
#7189=ORIENTED_EDGE('',*,*,#5007,.T.);
#7190=ORIENTED_EDGE('',*,*,#5014,.F.);
#7191=ORIENTED_EDGE('',*,*,#5011,.T.);
#7192=ORIENTED_EDGE('',*,*,#5016,.T.);
#7193=ORIENTED_EDGE('',*,*,#5017,.T.);
#7194=ORIENTED_EDGE('',*,*,#5018,.F.);
#7195=ORIENTED_EDGE('',*,*,#5019,.T.);
#7196=ORIENTED_EDGE('',*,*,#5009,.T.);
#7197=ORIENTED_EDGE('',*,*,#4997,.T.);
#7198=ORIENTED_EDGE('',*,*,#4993,.F.);
#7199=ORIENTED_EDGE('',*,*,#5013,.F.);
#7200=ORIENTED_EDGE('',*,*,#5000,.F.);
#7201=ORIENTED_EDGE('',*,*,#5020,.T.);
#7202=ORIENTED_EDGE('',*,*,#5016,.F.);
#7203=ORIENTED_EDGE('',*,*,#5010,.F.);
#7204=ORIENTED_EDGE('',*,*,#5019,.F.);
#7205=ORIENTED_EDGE('',*,*,#5021,.T.);
#7206=ORIENTED_EDGE('',*,*,#5005,.F.);
#7207=ORIENTED_EDGE('',*,*,#5008,.T.);
#7208=ORIENTED_EDGE('',*,*,#5015,.F.);
#7209=ORIENTED_EDGE('',*,*,#5017,.F.);
#7210=ORIENTED_EDGE('',*,*,#5021,.F.);
#7211=ORIENTED_EDGE('',*,*,#5018,.T.);
#7212=ORIENTED_EDGE('',*,*,#4996,.T.);
#7213=ORIENTED_EDGE('',*,*,#4994,.T.);
#7214=ORIENTED_EDGE('',*,*,#5020,.F.);
#7215=ORIENTED_EDGE('',*,*,#4999,.T.);
#7216=ORIENTED_EDGE('',*,*,#4984,.T.);
#7217=ORIENTED_EDGE('',*,*,#4986,.T.);
#7218=ORIENTED_EDGE('',*,*,#5022,.F.);
#7219=ORIENTED_EDGE('',*,*,#5023,.T.);
#7220=ORIENTED_EDGE('',*,*,#5022,.T.);
#7221=ORIENTED_EDGE('',*,*,#5024,.T.);
#7222=ORIENTED_EDGE('',*,*,#5025,.T.);
#7223=ORIENTED_EDGE('',*,*,#5024,.F.);
#7224=ORIENTED_EDGE('',*,*,#5026,.T.);
#7225=ORIENTED_EDGE('',*,*,#5027,.T.);
#7226=ORIENTED_EDGE('',*,*,#5023,.F.);
#7227=ORIENTED_EDGE('',*,*,#5027,.F.);
#7228=ORIENTED_EDGE('',*,*,#5028,.T.);
#7229=ORIENTED_EDGE('',*,*,#5029,.T.);
#7230=ORIENTED_EDGE('',*,*,#5030,.T.);
#7231=ORIENTED_EDGE('',*,*,#5029,.F.);
#7232=ORIENTED_EDGE('',*,*,#5031,.F.);
#7233=ORIENTED_EDGE('',*,*,#5030,.F.);
#7234=ORIENTED_EDGE('',*,*,#5031,.T.);
#7235=ORIENTED_EDGE('',*,*,#5032,.T.);
#7236=ORIENTED_EDGE('',*,*,#5033,.T.);
#7237=ORIENTED_EDGE('',*,*,#5032,.F.);
#7238=ORIENTED_EDGE('',*,*,#5034,.F.);
#7239=ORIENTED_EDGE('',*,*,#5035,.F.);
#7240=ORIENTED_EDGE('',*,*,#5036,.T.);
#7241=ORIENTED_EDGE('',*,*,#5037,.F.);
#7242=ORIENTED_EDGE('',*,*,#5035,.T.);
#7243=ORIENTED_EDGE('',*,*,#5038,.T.);
#7244=ORIENTED_EDGE('',*,*,#5039,.T.);
#7245=ORIENTED_EDGE('',*,*,#5040,.T.);
#7246=ORIENTED_EDGE('',*,*,#5041,.T.);
#7247=ORIENTED_EDGE('',*,*,#5042,.F.);
#7248=ORIENTED_EDGE('',*,*,#5043,.F.);
#7249=ORIENTED_EDGE('',*,*,#5044,.F.);
#7250=ORIENTED_EDGE('',*,*,#5042,.T.);
#7251=ORIENTED_EDGE('',*,*,#5045,.F.);
#7252=ORIENTED_EDGE('',*,*,#5046,.F.);
#7253=ORIENTED_EDGE('',*,*,#5047,.F.);
#7254=ORIENTED_EDGE('',*,*,#5046,.T.);
#7255=ORIENTED_EDGE('',*,*,#5048,.T.);
#7256=ORIENTED_EDGE('',*,*,#5049,.T.);
#7257=ORIENTED_EDGE('',*,*,#5050,.T.);
#7258=ORIENTED_EDGE('',*,*,#5038,.F.);
#7259=ORIENTED_EDGE('',*,*,#5034,.T.);
#7260=ORIENTED_EDGE('',*,*,#5051,.F.);
#7261=ORIENTED_EDGE('',*,*,#5043,.T.);
#7262=ORIENTED_EDGE('',*,*,#5047,.T.);
#7263=ORIENTED_EDGE('',*,*,#5050,.F.);
#7264=ORIENTED_EDGE('',*,*,#5052,.T.);
#7265=ORIENTED_EDGE('',*,*,#5053,.T.);
#7266=ORIENTED_EDGE('',*,*,#5054,.F.);
#7267=ORIENTED_EDGE('',*,*,#5055,.T.);
#7268=ORIENTED_EDGE('',*,*,#5025,.F.);
#7269=ORIENTED_EDGE('',*,*,#5033,.F.);
#7270=ORIENTED_EDGE('',*,*,#5052,.F.);
#7271=ORIENTED_EDGE('',*,*,#5049,.F.);
#7272=ORIENTED_EDGE('',*,*,#5056,.F.);
#7273=ORIENTED_EDGE('',*,*,#5057,.F.);
#7274=ORIENTED_EDGE('',*,*,#5057,.T.);
#7275=ORIENTED_EDGE('',*,*,#5058,.F.);
#7276=ORIENTED_EDGE('',*,*,#5059,.F.);
#7277=ORIENTED_EDGE('',*,*,#5053,.F.);
#7278=ORIENTED_EDGE('',*,*,#5060,.T.);
#7279=ORIENTED_EDGE('',*,*,#5039,.F.);
#7280=ORIENTED_EDGE('',*,*,#5055,.F.);
#7281=ORIENTED_EDGE('',*,*,#5061,.F.);
#7282=ORIENTED_EDGE('',*,*,#5037,.T.);
#7283=ORIENTED_EDGE('',*,*,#5062,.F.);
#7284=ORIENTED_EDGE('',*,*,#5044,.T.);
#7285=ORIENTED_EDGE('',*,*,#5051,.T.);
#7286=ORIENTED_EDGE('',*,*,#5059,.T.);
#7287=ORIENTED_EDGE('',*,*,#5063,.F.);
#7288=ORIENTED_EDGE('',*,*,#5061,.T.);
#7289=ORIENTED_EDGE('',*,*,#5054,.T.);
#7290=ORIENTED_EDGE('',*,*,#5045,.T.);
#7291=ORIENTED_EDGE('',*,*,#5041,.F.);
#7292=ORIENTED_EDGE('',*,*,#5062,.T.);
#7293=ORIENTED_EDGE('',*,*,#5036,.F.);
#7294=ORIENTED_EDGE('',*,*,#5040,.F.);
#7295=ORIENTED_EDGE('',*,*,#5060,.F.);
#7296=ORIENTED_EDGE('',*,*,#5063,.T.);
#7297=ORIENTED_EDGE('',*,*,#5058,.T.);
#7298=ORIENTED_EDGE('',*,*,#5056,.T.);
#7299=ORIENTED_EDGE('',*,*,#5048,.F.);
#7300=ORIENTED_EDGE('',*,*,#5026,.F.);
#7301=ORIENTED_EDGE('',*,*,#5028,.F.);
#7302=PLANE('',#8063);
#7303=PLANE('',#8064);
#7304=PLANE('',#8065);
#7305=PLANE('',#8066);
#7306=PLANE('',#8067);
#7307=PLANE('',#8068);
#7308=PLANE('',#8069);
#7309=PLANE('',#8070);
#7310=PLANE('',#8071);
#7311=PLANE('',#8072);
#7312=PLANE('',#8073);
#7313=PLANE('',#8074);
#7314=PLANE('',#8075);
#7315=PLANE('',#8076);
#7316=PLANE('',#8077);
#7317=PLANE('',#8078);
#7318=PLANE('',#8079);
#7319=PLANE('',#8080);
#7320=PLANE('',#8081);
#7321=PLANE('',#8082);
#7322=PLANE('',#8083);
#7323=PLANE('',#8084);
#7324=PLANE('',#8085);
#7325=PLANE('',#8086);
#7326=PLANE('',#8087);
#7327=PLANE('',#8088);
#7328=PLANE('',#8089);
#7329=PLANE('',#8090);
#7330=PLANE('',#8091);
#7331=PLANE('',#8092);
#7332=PLANE('',#8093);
#7333=PLANE('',#8094);
#7334=PLANE('',#8095);
#7335=PLANE('',#8096);
#7336=PLANE('',#8097);
#7337=PLANE('',#8098);
#7338=PLANE('',#8099);
#7339=PLANE('',#8100);
#7340=PLANE('',#8101);
#7341=PLANE('',#8102);
#7342=PLANE('',#8103);
#7343=PLANE('',#8104);
#7344=PLANE('',#8105);
#7345=PLANE('',#8106);
#7346=PLANE('',#8107);
#7347=PLANE('',#8108);
#7348=PLANE('',#8109);
#7349=PLANE('',#8110);
#7350=PLANE('',#8111);
#7351=PLANE('',#8112);
#7352=PLANE('',#8113);
#7353=PLANE('',#8114);
#7354=PLANE('',#8115);
#7355=PLANE('',#8116);
#7356=PLANE('',#8117);
#7357=PLANE('',#8118);
#7358=PLANE('',#8119);
#7359=PLANE('',#8120);
#7360=PLANE('',#8121);
#7361=PLANE('',#8122);
#7362=PLANE('',#8123);
#7363=PLANE('',#8124);
#7364=PLANE('',#8125);
#7365=PLANE('',#8126);
#7366=PLANE('',#8127);
#7367=PLANE('',#8128);
#7368=PLANE('',#8129);
#7369=PLANE('',#8130);
#7370=PLANE('',#8131);
#7371=PLANE('',#8132);
#7372=PLANE('',#8133);
#7373=PLANE('',#8134);
#7374=PLANE('',#8135);
#7375=PLANE('',#8136);
#7376=PLANE('',#8137);
#7377=PLANE('',#8138);
#7378=PLANE('',#8139);
#7379=PLANE('',#8140);
#7380=PLANE('',#8141);
#7381=PLANE('',#8142);
#7382=PLANE('',#8143);
#7383=PLANE('',#8144);
#7384=PLANE('',#8145);
#7385=PLANE('',#8146);
#7386=PLANE('',#8147);
#7387=PLANE('',#8148);
#7388=PLANE('',#8149);
#7389=PLANE('',#8150);
#7390=PLANE('',#8151);
#7391=PLANE('',#8152);
#7392=PLANE('',#8153);
#7393=PLANE('',#8154);
#7394=PLANE('',#8155);
#7395=PLANE('',#8156);
#7396=PLANE('',#8157);
#7397=PLANE('',#8158);
#7398=PLANE('',#8159);
#7399=PLANE('',#8160);
#7400=PLANE('',#8161);
#7401=PLANE('',#8162);
#7402=PLANE('',#8163);
#7403=PLANE('',#8164);
#7404=PLANE('',#8165);
#7405=PLANE('',#8166);
#7406=PLANE('',#8167);
#7407=PLANE('',#8168);
#7408=PLANE('',#8169);
#7409=PLANE('',#8170);
#7410=PLANE('',#8171);
#7411=PLANE('',#8172);
#7412=PLANE('',#8173);
#7413=PLANE('',#8174);
#7414=PLANE('',#8175);
#7415=PLANE('',#8176);
#7416=PLANE('',#8177);
#7417=PLANE('',#8178);
#7418=PLANE('',#8179);
#7419=PLANE('',#8180);
#7420=PLANE('',#8181);
#7421=PLANE('',#8182);
#7422=PLANE('',#8183);
#7423=PLANE('',#8184);
#7424=PLANE('',#8185);
#7425=PLANE('',#8186);
#7426=PLANE('',#8187);
#7427=PLANE('',#8188);
#7428=PLANE('',#8189);
#7429=PLANE('',#8190);
#7430=PLANE('',#8191);
#7431=PLANE('',#8192);
#7432=PLANE('',#8193);
#7433=PLANE('',#8194);
#7434=PLANE('',#8195);
#7435=PLANE('',#8196);
#7436=PLANE('',#8197);
#7437=PLANE('',#8198);
#7438=PLANE('',#8199);
#7439=PLANE('',#8200);
#7440=PLANE('',#8201);
#7441=PLANE('',#8202);
#7442=PLANE('',#8203);
#7443=PLANE('',#8204);
#7444=PLANE('',#8205);
#7445=PLANE('',#8206);
#7446=PLANE('',#8207);
#7447=PLANE('',#8208);
#7448=PLANE('',#8209);
#7449=PLANE('',#8210);
#7450=PLANE('',#8211);
#7451=PLANE('',#8212);
#7452=PLANE('',#8213);
#7453=PLANE('',#8214);
#7454=PLANE('',#8215);
#7455=PLANE('',#8216);
#7456=PLANE('',#8217);
#7457=PLANE('',#8218);
#7458=PLANE('',#8219);
#7459=PLANE('',#8220);
#7460=PLANE('',#8221);
#7461=PLANE('',#8222);
#7462=PLANE('',#8223);
#7463=PLANE('',#8224);
#7464=PLANE('',#8225);
#7465=PLANE('',#8226);
#7466=PLANE('',#8227);
#7467=PLANE('',#8228);
#7468=PLANE('',#8229);
#7469=PLANE('',#8230);
#7470=PLANE('',#8231);
#7471=PLANE('',#8232);
#7472=PLANE('',#8233);
#7473=PLANE('',#8234);
#7474=PLANE('',#8235);
#7475=PLANE('',#8236);
#7476=PLANE('',#8237);
#7477=PLANE('',#8238);
#7478=PLANE('',#8239);
#7479=PLANE('',#8240);
#7480=PLANE('',#8241);
#7481=PLANE('',#8242);
#7482=PLANE('',#8243);
#7483=PLANE('',#8244);
#7484=PLANE('',#8245);
#7485=PLANE('',#8246);
#7486=PLANE('',#8247);
#7487=PLANE('',#8248);
#7488=PLANE('',#8249);
#7489=PLANE('',#8250);
#7490=PLANE('',#8251);
#7491=PLANE('',#8252);
#7492=PLANE('',#8253);
#7493=PLANE('',#8254);
#7494=PLANE('',#8255);
#7495=PLANE('',#8256);
#7496=PLANE('',#8257);
#7497=PLANE('',#8258);
#7498=PLANE('',#8259);
#7499=PLANE('',#8260);
#7500=PLANE('',#8261);
#7501=PLANE('',#8262);
#7502=PLANE('',#8263);
#7503=PLANE('',#8264);
#7504=PLANE('',#8265);
#7505=PLANE('',#8266);
#7506=PLANE('',#8267);
#7507=PLANE('',#8268);
#7508=PLANE('',#8269);
#7509=PLANE('',#8270);
#7510=PLANE('',#8271);
#7511=PLANE('',#8272);
#7512=PLANE('',#8273);
#7513=PLANE('',#8274);
#7514=PLANE('',#8275);
#7515=PLANE('',#8276);
#7516=PLANE('',#8277);
#7517=PLANE('',#8278);
#7518=PLANE('',#8279);
#7519=PLANE('',#8280);
#7520=PLANE('',#8281);
#7521=PLANE('',#8282);
#7522=PLANE('',#8283);
#7523=PLANE('',#8284);
#7524=PLANE('',#8285);
#7525=PLANE('',#8286);
#7526=PLANE('',#8287);
#7527=PLANE('',#8288);
#7528=PLANE('',#8289);
#7529=PLANE('',#8290);
#7530=PLANE('',#8291);
#7531=PLANE('',#8292);
#7532=PLANE('',#8293);
#7533=PLANE('',#8294);
#7534=PLANE('',#8295);
#7535=PLANE('',#8296);
#7536=PLANE('',#8297);
#7537=PLANE('',#8298);
#7538=PLANE('',#8299);
#7539=PLANE('',#8300);
#7540=PLANE('',#8301);
#7541=PLANE('',#8302);
#7542=PLANE('',#8303);
#7543=PLANE('',#8304);
#7544=PLANE('',#8305);
#7545=PLANE('',#8306);
#7546=PLANE('',#8307);
#7547=PLANE('',#8308);
#7548=PLANE('',#8309);
#7549=PLANE('',#8310);
#7550=PLANE('',#8311);
#7551=PLANE('',#8312);
#7552=PLANE('',#8313);
#7553=PLANE('',#8314);
#7554=PLANE('',#8315);
#7555=PLANE('',#8316);
#7556=PLANE('',#8317);
#7557=PLANE('',#8318);
#7558=PLANE('',#8319);
#7559=PLANE('',#8320);
#7560=PLANE('',#8321);
#7561=PLANE('',#8322);
#7562=PLANE('',#8323);
#7563=PLANE('',#8324);
#7564=PLANE('',#8325);
#7565=PLANE('',#8326);
#7566=PLANE('',#8327);
#7567=PLANE('',#8328);
#7568=PLANE('',#8329);
#7569=PLANE('',#8330);
#7570=PLANE('',#8331);
#7571=PLANE('',#8332);
#7572=PLANE('',#8333);
#7573=PLANE('',#8334);
#7574=PLANE('',#8335);
#7575=PLANE('',#8336);
#7576=PLANE('',#8337);
#7577=PLANE('',#8338);
#7578=PLANE('',#8339);
#7579=PLANE('',#8340);
#7580=PLANE('',#8341);
#7581=PLANE('',#8342);
#7582=PLANE('',#8343);
#7583=PLANE('',#8344);
#7584=PLANE('',#8345);
#7585=PLANE('',#8346);
#7586=PLANE('',#8347);
#7587=PLANE('',#8348);
#7588=PLANE('',#8349);
#7589=PLANE('',#8350);
#7590=PLANE('',#8351);
#7591=PLANE('',#8352);
#7592=PLANE('',#8353);
#7593=PLANE('',#8354);
#7594=PLANE('',#8355);
#7595=PLANE('',#8356);
#7596=PLANE('',#8357);
#7597=PLANE('',#8358);
#7598=PLANE('',#8359);
#7599=PLANE('',#8360);
#7600=PLANE('',#8361);
#7601=PLANE('',#8362);
#7602=PLANE('',#8363);
#7603=PLANE('',#8364);
#7604=PLANE('',#8365);
#7605=PLANE('',#8366);
#7606=PLANE('',#8367);
#7607=PLANE('',#8368);
#7608=PLANE('',#8369);
#7609=PLANE('',#8370);
#7610=PLANE('',#8371);
#7611=PLANE('',#8372);
#7612=PLANE('',#8373);
#7613=PLANE('',#8374);
#7614=PLANE('',#8375);
#7615=PLANE('',#8376);
#7616=PLANE('',#8377);
#7617=PLANE('',#8378);
#7618=PLANE('',#8379);
#7619=PLANE('',#8380);
#7620=PLANE('',#8381);
#7621=PLANE('',#8382);
#7622=PLANE('',#8383);
#7623=PLANE('',#8384);
#7624=PLANE('',#8385);
#7625=PLANE('',#8386);
#7626=PLANE('',#8387);
#7627=PLANE('',#8388);
#7628=PLANE('',#8397);
#7629=PLANE('',#8402);
#7630=PLANE('',#8412);
#7631=PLANE('',#8415);
#7632=PLANE('',#8419);
#7633=PLANE('',#8420);
#7634=PLANE('',#8430);
#7635=PLANE('',#8437);
#7636=PLANE('',#8444);
#7637=PLANE('',#8445);
#7638=PLANE('',#8461);
#7639=PLANE('',#8462);
#7640=PLANE('',#8472);
#7641=PLANE('',#8479);
#7642=PLANE('',#8486);
#7643=PLANE('',#8487);
#7644=PLANE('',#8503);
#7645=ADVANCED_FACE('',(#284),#7302,.T.);
#7646=ADVANCED_FACE('',(#285),#7303,.T.);
#7647=ADVANCED_FACE('',(#286),#7304,.T.);
#7648=ADVANCED_FACE('',(#287),#7305,.T.);
#7649=ADVANCED_FACE('',(#288),#7306,.T.);
#7650=ADVANCED_FACE('',(#289),#7307,.T.);
#7651=ADVANCED_FACE('',(#290),#7308,.T.);
#7652=ADVANCED_FACE('',(#291),#7309,.T.);
#7653=ADVANCED_FACE('',(#292),#7310,.T.);
#7654=ADVANCED_FACE('',(#293),#7311,.T.);
#7655=ADVANCED_FACE('',(#294),#7312,.T.);
#7656=ADVANCED_FACE('',(#295),#7313,.T.);
#7657=ADVANCED_FACE('',(#296),#7314,.T.);
#7658=ADVANCED_FACE('',(#297),#7315,.T.);
#7659=ADVANCED_FACE('',(#298),#7316,.T.);
#7660=ADVANCED_FACE('',(#299),#7317,.T.);
#7661=ADVANCED_FACE('',(#300),#7318,.T.);
#7662=ADVANCED_FACE('',(#301),#7319,.T.);
#7663=ADVANCED_FACE('',(#302),#7320,.T.);
#7664=ADVANCED_FACE('',(#303),#7321,.T.);
#7665=ADVANCED_FACE('',(#304),#7322,.T.);
#7666=ADVANCED_FACE('',(#305),#7323,.T.);
#7667=ADVANCED_FACE('',(#306),#7324,.T.);
#7668=ADVANCED_FACE('',(#307),#7325,.T.);
#7669=ADVANCED_FACE('',(#308),#7326,.T.);
#7670=ADVANCED_FACE('',(#309),#7327,.T.);
#7671=ADVANCED_FACE('',(#310),#7328,.T.);
#7672=ADVANCED_FACE('',(#311),#7329,.T.);
#7673=ADVANCED_FACE('',(#312),#7330,.T.);
#7674=ADVANCED_FACE('',(#313),#7331,.T.);
#7675=ADVANCED_FACE('',(#314),#7332,.T.);
#7676=ADVANCED_FACE('',(#315),#7333,.T.);
#7677=ADVANCED_FACE('',(#316),#7334,.T.);
#7678=ADVANCED_FACE('',(#317),#7335,.T.);
#7679=ADVANCED_FACE('',(#318),#7336,.T.);
#7680=ADVANCED_FACE('',(#319),#7337,.T.);
#7681=ADVANCED_FACE('',(#320),#7338,.T.);
#7682=ADVANCED_FACE('',(#321),#7339,.T.);
#7683=ADVANCED_FACE('',(#322),#7340,.T.);
#7684=ADVANCED_FACE('',(#323),#7341,.T.);
#7685=ADVANCED_FACE('',(#324),#7342,.T.);
#7686=ADVANCED_FACE('',(#325),#7343,.T.);
#7687=ADVANCED_FACE('',(#326),#7344,.T.);
#7688=ADVANCED_FACE('',(#327),#7345,.T.);
#7689=ADVANCED_FACE('',(#328),#7346,.T.);
#7690=ADVANCED_FACE('',(#329),#7347,.T.);
#7691=ADVANCED_FACE('',(#330),#7348,.T.);
#7692=ADVANCED_FACE('',(#331),#7349,.T.);
#7693=ADVANCED_FACE('',(#332),#7350,.T.);
#7694=ADVANCED_FACE('',(#333),#7351,.T.);
#7695=ADVANCED_FACE('',(#334),#7352,.T.);
#7696=ADVANCED_FACE('',(#335),#7353,.T.);
#7697=ADVANCED_FACE('',(#336),#7354,.T.);
#7698=ADVANCED_FACE('',(#337),#7355,.T.);
#7699=ADVANCED_FACE('',(#338),#7356,.T.);
#7700=ADVANCED_FACE('',(#339),#7357,.T.);
#7701=ADVANCED_FACE('',(#340),#7358,.T.);
#7702=ADVANCED_FACE('',(#341),#7359,.T.);
#7703=ADVANCED_FACE('',(#342),#7360,.T.);
#7704=ADVANCED_FACE('',(#343),#7361,.T.);
#7705=ADVANCED_FACE('',(#344),#7362,.T.);
#7706=ADVANCED_FACE('',(#345),#7363,.T.);
#7707=ADVANCED_FACE('',(#346),#7364,.T.);
#7708=ADVANCED_FACE('',(#347),#7365,.T.);
#7709=ADVANCED_FACE('',(#348),#7366,.T.);
#7710=ADVANCED_FACE('',(#349),#7367,.T.);
#7711=ADVANCED_FACE('',(#350),#7368,.T.);
#7712=ADVANCED_FACE('',(#351),#7369,.T.);
#7713=ADVANCED_FACE('',(#352),#7370,.T.);
#7714=ADVANCED_FACE('',(#353),#7371,.T.);
#7715=ADVANCED_FACE('',(#354),#7372,.T.);
#7716=ADVANCED_FACE('',(#355),#7373,.T.);
#7717=ADVANCED_FACE('',(#356),#7374,.T.);
#7718=ADVANCED_FACE('',(#357),#7375,.T.);
#7719=ADVANCED_FACE('',(#358),#7376,.T.);
#7720=ADVANCED_FACE('',(#359),#7377,.T.);
#7721=ADVANCED_FACE('',(#360),#7378,.T.);
#7722=ADVANCED_FACE('',(#361),#7379,.T.);
#7723=ADVANCED_FACE('',(#362),#7380,.T.);
#7724=ADVANCED_FACE('',(#363),#7381,.T.);
#7725=ADVANCED_FACE('',(#364),#7382,.T.);
#7726=ADVANCED_FACE('',(#365),#7383,.T.);
#7727=ADVANCED_FACE('',(#366),#7384,.T.);
#7728=ADVANCED_FACE('',(#367),#7385,.T.);
#7729=ADVANCED_FACE('',(#368),#7386,.T.);
#7730=ADVANCED_FACE('',(#369),#7387,.T.);
#7731=ADVANCED_FACE('',(#370),#7388,.T.);
#7732=ADVANCED_FACE('',(#371),#7389,.T.);
#7733=ADVANCED_FACE('',(#372),#7390,.T.);
#7734=ADVANCED_FACE('',(#373),#7391,.T.);
#7735=ADVANCED_FACE('',(#374),#7392,.T.);
#7736=ADVANCED_FACE('',(#375),#7393,.T.);
#7737=ADVANCED_FACE('',(#376),#7394,.T.);
#7738=ADVANCED_FACE('',(#377),#7395,.T.);
#7739=ADVANCED_FACE('',(#378),#7396,.T.);
#7740=ADVANCED_FACE('',(#379),#7397,.T.);
#7741=ADVANCED_FACE('',(#380),#7398,.T.);
#7742=ADVANCED_FACE('',(#381),#7399,.T.);
#7743=ADVANCED_FACE('',(#382),#7400,.T.);
#7744=ADVANCED_FACE('',(#383),#7401,.T.);
#7745=ADVANCED_FACE('',(#384),#7402,.T.);
#7746=ADVANCED_FACE('',(#385),#7403,.T.);
#7747=ADVANCED_FACE('',(#386),#7404,.T.);
#7748=ADVANCED_FACE('',(#387),#7405,.T.);
#7749=ADVANCED_FACE('',(#388),#7406,.T.);
#7750=ADVANCED_FACE('',(#389),#7407,.T.);
#7751=ADVANCED_FACE('',(#390),#7408,.T.);
#7752=ADVANCED_FACE('',(#391),#7409,.T.);
#7753=ADVANCED_FACE('',(#392),#7410,.T.);
#7754=ADVANCED_FACE('',(#393),#7411,.T.);
#7755=ADVANCED_FACE('',(#394),#7412,.T.);
#7756=ADVANCED_FACE('',(#395),#7413,.T.);
#7757=ADVANCED_FACE('',(#396),#7414,.T.);
#7758=ADVANCED_FACE('',(#397),#7415,.T.);
#7759=ADVANCED_FACE('',(#398),#7416,.T.);
#7760=ADVANCED_FACE('',(#399),#7417,.T.);
#7761=ADVANCED_FACE('',(#400),#7418,.T.);
#7762=ADVANCED_FACE('',(#401),#7419,.T.);
#7763=ADVANCED_FACE('',(#402),#7420,.T.);
#7764=ADVANCED_FACE('',(#403),#7421,.T.);
#7765=ADVANCED_FACE('',(#404),#7422,.T.);
#7766=ADVANCED_FACE('',(#405,#189),#7423,.T.);
#7767=ADVANCED_FACE('',(#406,#190),#7424,.T.);
#7768=ADVANCED_FACE('',(#407,#191),#7425,.T.);
#7769=ADVANCED_FACE('',(#408,#192),#7426,.T.);
#7770=ADVANCED_FACE('',(#409,#193),#7427,.T.);
#7771=ADVANCED_FACE('',(#410,#194),#7428,.T.);
#7772=ADVANCED_FACE('',(#411,#195),#7429,.T.);
#7773=ADVANCED_FACE('',(#412,#196),#7430,.T.);
#7774=ADVANCED_FACE('',(#413,#197),#7431,.T.);
#7775=ADVANCED_FACE('',(#414,#198),#7432,.T.);
#7776=ADVANCED_FACE('',(#415,#199),#7433,.T.);
#7777=ADVANCED_FACE('',(#416,#200),#7434,.T.);
#7778=ADVANCED_FACE('',(#417,#201),#7435,.T.);
#7779=ADVANCED_FACE('',(#418,#202),#7436,.T.);
#7780=ADVANCED_FACE('',(#419,#203),#7437,.T.);
#7781=ADVANCED_FACE('',(#420,#204),#7438,.T.);
#7782=ADVANCED_FACE('',(#421,#205),#7439,.T.);
#7783=ADVANCED_FACE('',(#422,#206),#7440,.T.);
#7784=ADVANCED_FACE('',(#423,#207),#7441,.T.);
#7785=ADVANCED_FACE('',(#424,#208),#7442,.T.);
#7786=ADVANCED_FACE('',(#425,#209),#7443,.T.);
#7787=ADVANCED_FACE('',(#426,#210),#7444,.T.);
#7788=ADVANCED_FACE('',(#427,#211),#7445,.T.);
#7789=ADVANCED_FACE('',(#428,#212),#7446,.T.);
#7790=ADVANCED_FACE('',(#429,#213),#7447,.T.);
#7791=ADVANCED_FACE('',(#430,#214),#7448,.T.);
#7792=ADVANCED_FACE('',(#431,#215),#7449,.T.);
#7793=ADVANCED_FACE('',(#432,#216),#7450,.T.);
#7794=ADVANCED_FACE('',(#433,#217),#7451,.T.);
#7795=ADVANCED_FACE('',(#434,#218),#7452,.T.);
#7796=ADVANCED_FACE('',(#435,#219),#7453,.T.);
#7797=ADVANCED_FACE('',(#436,#220),#7454,.T.);
#7798=ADVANCED_FACE('',(#437,#221),#7455,.T.);
#7799=ADVANCED_FACE('',(#438,#222),#7456,.T.);
#7800=ADVANCED_FACE('',(#439,#223),#7457,.T.);
#7801=ADVANCED_FACE('',(#440,#224),#7458,.T.);
#7802=ADVANCED_FACE('',(#441,#225),#7459,.T.);
#7803=ADVANCED_FACE('',(#442,#226),#7460,.T.);
#7804=ADVANCED_FACE('',(#443,#227),#7461,.T.);
#7805=ADVANCED_FACE('',(#444,#228),#7462,.T.);
#7806=ADVANCED_FACE('',(#445),#7463,.T.);
#7807=ADVANCED_FACE('',(#446),#7464,.T.);
#7808=ADVANCED_FACE('',(#447),#7465,.T.);
#7809=ADVANCED_FACE('',(#448),#7466,.T.);
#7810=ADVANCED_FACE('',(#449),#7467,.T.);
#7811=ADVANCED_FACE('',(#450),#7468,.T.);
#7812=ADVANCED_FACE('',(#451),#7469,.T.);
#7813=ADVANCED_FACE('',(#452),#7470,.T.);
#7814=ADVANCED_FACE('',(#453),#7471,.T.);
#7815=ADVANCED_FACE('',(#454),#7472,.T.);
#7816=ADVANCED_FACE('',(#455),#7473,.T.);
#7817=ADVANCED_FACE('',(#456),#7474,.T.);
#7818=ADVANCED_FACE('',(#457),#7475,.T.);
#7819=ADVANCED_FACE('',(#458),#7476,.T.);
#7820=ADVANCED_FACE('',(#459),#7477,.T.);
#7821=ADVANCED_FACE('',(#460),#7478,.T.);
#7822=ADVANCED_FACE('',(#461),#7479,.T.);
#7823=ADVANCED_FACE('',(#462),#7480,.T.);
#7824=ADVANCED_FACE('',(#463),#7481,.T.);
#7825=ADVANCED_FACE('',(#464),#7482,.T.);
#7826=ADVANCED_FACE('',(#465),#7483,.T.);
#7827=ADVANCED_FACE('',(#466),#7484,.T.);
#7828=ADVANCED_FACE('',(#467),#7485,.T.);
#7829=ADVANCED_FACE('',(#468),#7486,.T.);
#7830=ADVANCED_FACE('',(#469),#7487,.T.);
#7831=ADVANCED_FACE('',(#470),#7488,.T.);
#7832=ADVANCED_FACE('',(#471),#7489,.T.);
#7833=ADVANCED_FACE('',(#472),#7490,.T.);
#7834=ADVANCED_FACE('',(#473),#7491,.T.);
#7835=ADVANCED_FACE('',(#474),#7492,.T.);
#7836=ADVANCED_FACE('',(#475),#7493,.T.);
#7837=ADVANCED_FACE('',(#476),#7494,.T.);
#7838=ADVANCED_FACE('',(#477),#7495,.T.);
#7839=ADVANCED_FACE('',(#478),#7496,.T.);
#7840=ADVANCED_FACE('',(#479),#7497,.T.);
#7841=ADVANCED_FACE('',(#480),#7498,.T.);
#7842=ADVANCED_FACE('',(#481),#7499,.T.);
#7843=ADVANCED_FACE('',(#482),#7500,.T.);
#7844=ADVANCED_FACE('',(#483),#7501,.T.);
#7845=ADVANCED_FACE('',(#484),#7502,.T.);
#7846=ADVANCED_FACE('',(#485),#7503,.T.);
#7847=ADVANCED_FACE('',(#486),#7504,.T.);
#7848=ADVANCED_FACE('',(#487),#7505,.T.);
#7849=ADVANCED_FACE('',(#488),#7506,.T.);
#7850=ADVANCED_FACE('',(#489),#7507,.T.);
#7851=ADVANCED_FACE('',(#490),#7508,.T.);
#7852=ADVANCED_FACE('',(#491),#7509,.T.);
#7853=ADVANCED_FACE('',(#492),#7510,.T.);
#7854=ADVANCED_FACE('',(#493),#7511,.T.);
#7855=ADVANCED_FACE('',(#494),#7512,.T.);
#7856=ADVANCED_FACE('',(#495),#7513,.T.);
#7857=ADVANCED_FACE('',(#496),#7514,.T.);
#7858=ADVANCED_FACE('',(#497),#7515,.T.);
#7859=ADVANCED_FACE('',(#498),#7516,.T.);
#7860=ADVANCED_FACE('',(#499),#7517,.T.);
#7861=ADVANCED_FACE('',(#500),#7518,.T.);
#7862=ADVANCED_FACE('',(#501),#7519,.T.);
#7863=ADVANCED_FACE('',(#502),#7520,.T.);
#7864=ADVANCED_FACE('',(#503),#7521,.T.);
#7865=ADVANCED_FACE('',(#504),#7522,.T.);
#7866=ADVANCED_FACE('',(#505),#7523,.T.);
#7867=ADVANCED_FACE('',(#506),#7524,.T.);
#7868=ADVANCED_FACE('',(#507),#7525,.T.);
#7869=ADVANCED_FACE('',(#508),#7526,.T.);
#7870=ADVANCED_FACE('',(#509),#7527,.T.);
#7871=ADVANCED_FACE('',(#510),#7528,.T.);
#7872=ADVANCED_FACE('',(#511),#7529,.T.);
#7873=ADVANCED_FACE('',(#512),#7530,.T.);
#7874=ADVANCED_FACE('',(#513),#7531,.T.);
#7875=ADVANCED_FACE('',(#514),#7532,.T.);
#7876=ADVANCED_FACE('',(#515),#7533,.T.);
#7877=ADVANCED_FACE('',(#516),#7534,.T.);
#7878=ADVANCED_FACE('',(#517),#7535,.T.);
#7879=ADVANCED_FACE('',(#518),#7536,.T.);
#7880=ADVANCED_FACE('',(#519),#7537,.T.);
#7881=ADVANCED_FACE('',(#520),#7538,.T.);
#7882=ADVANCED_FACE('',(#521),#7539,.T.);
#7883=ADVANCED_FACE('',(#522),#7540,.T.);
#7884=ADVANCED_FACE('',(#523),#7541,.T.);
#7885=ADVANCED_FACE('',(#524),#7542,.T.);
#7886=ADVANCED_FACE('',(#525),#7543,.T.);
#7887=ADVANCED_FACE('',(#526),#7544,.T.);
#7888=ADVANCED_FACE('',(#527),#7545,.T.);
#7889=ADVANCED_FACE('',(#528),#7546,.T.);
#7890=ADVANCED_FACE('',(#529),#7547,.T.);
#7891=ADVANCED_FACE('',(#530),#7548,.T.);
#7892=ADVANCED_FACE('',(#531),#7549,.T.);
#7893=ADVANCED_FACE('',(#532),#7550,.T.);
#7894=ADVANCED_FACE('',(#533),#7551,.T.);
#7895=ADVANCED_FACE('',(#534),#7552,.T.);
#7896=ADVANCED_FACE('',(#535),#7553,.T.);
#7897=ADVANCED_FACE('',(#536),#7554,.T.);
#7898=ADVANCED_FACE('',(#537),#7555,.T.);
#7899=ADVANCED_FACE('',(#538),#7556,.T.);
#7900=ADVANCED_FACE('',(#539),#7557,.T.);
#7901=ADVANCED_FACE('',(#540),#7558,.T.);
#7902=ADVANCED_FACE('',(#541),#7559,.T.);
#7903=ADVANCED_FACE('',(#542),#7560,.T.);
#7904=ADVANCED_FACE('',(#543),#7561,.T.);
#7905=ADVANCED_FACE('',(#544),#7562,.T.);
#7906=ADVANCED_FACE('',(#545),#7563,.T.);
#7907=ADVANCED_FACE('',(#546),#7564,.T.);
#7908=ADVANCED_FACE('',(#547),#7565,.T.);
#7909=ADVANCED_FACE('',(#548),#7566,.T.);
#7910=ADVANCED_FACE('',(#549),#7567,.T.);
#7911=ADVANCED_FACE('',(#550),#7568,.T.);
#7912=ADVANCED_FACE('',(#551),#7569,.T.);
#7913=ADVANCED_FACE('',(#552),#7570,.T.);
#7914=ADVANCED_FACE('',(#553),#7571,.T.);
#7915=ADVANCED_FACE('',(#554),#7572,.T.);
#7916=ADVANCED_FACE('',(#555),#7573,.T.);
#7917=ADVANCED_FACE('',(#556),#7574,.T.);
#7918=ADVANCED_FACE('',(#557),#7575,.T.);
#7919=ADVANCED_FACE('',(#558),#7576,.T.);
#7920=ADVANCED_FACE('',(#559),#7577,.T.);
#7921=ADVANCED_FACE('',(#560),#7578,.T.);
#7922=ADVANCED_FACE('',(#561),#7579,.T.);
#7923=ADVANCED_FACE('',(#562),#7580,.T.);
#7924=ADVANCED_FACE('',(#563),#7581,.T.);
#7925=ADVANCED_FACE('',(#564),#7582,.T.);
#7926=ADVANCED_FACE('',(#565),#7583,.T.);
#7927=ADVANCED_FACE('',(#566),#7584,.T.);
#7928=ADVANCED_FACE('',(#567),#7585,.T.);
#7929=ADVANCED_FACE('',(#568),#7586,.T.);
#7930=ADVANCED_FACE('',(#569),#7587,.T.);
#7931=ADVANCED_FACE('',(#570),#7588,.T.);
#7932=ADVANCED_FACE('',(#571),#7589,.T.);
#7933=ADVANCED_FACE('',(#572),#7590,.T.);
#7934=ADVANCED_FACE('',(#573),#7591,.T.);
#7935=ADVANCED_FACE('',(#574),#7592,.T.);
#7936=ADVANCED_FACE('',(#575),#7593,.T.);
#7937=ADVANCED_FACE('',(#576),#7594,.T.);
#7938=ADVANCED_FACE('',(#577),#7595,.T.);
#7939=ADVANCED_FACE('',(#578),#7596,.T.);
#7940=ADVANCED_FACE('',(#579),#7597,.T.);
#7941=ADVANCED_FACE('',(#580),#7598,.T.);
#7942=ADVANCED_FACE('',(#581),#7599,.T.);
#7943=ADVANCED_FACE('',(#582),#7600,.T.);
#7944=ADVANCED_FACE('',(#583),#7601,.T.);
#7945=ADVANCED_FACE('',(#584),#7602,.T.);
#7946=ADVANCED_FACE('',(#585),#7603,.T.);
#7947=ADVANCED_FACE('',(#586),#7604,.T.);
#7948=ADVANCED_FACE('',(#587),#7605,.T.);
#7949=ADVANCED_FACE('',(#588),#7606,.T.);
#7950=ADVANCED_FACE('',(#589),#7607,.T.);
#7951=ADVANCED_FACE('',(#590),#7608,.T.);
#7952=ADVANCED_FACE('',(#591),#7609,.T.);
#7953=ADVANCED_FACE('',(#592),#7610,.T.);
#7954=ADVANCED_FACE('',(#593),#7611,.T.);
#7955=ADVANCED_FACE('',(#594),#7612,.T.);
#7956=ADVANCED_FACE('',(#595),#7613,.T.);
#7957=ADVANCED_FACE('',(#596),#7614,.T.);
#7958=ADVANCED_FACE('',(#597),#7615,.T.);
#7959=ADVANCED_FACE('',(#598),#7616,.T.);
#7960=ADVANCED_FACE('',(#599),#7617,.T.);
#7961=ADVANCED_FACE('',(#600),#7618,.T.);
#7962=ADVANCED_FACE('',(#601),#7619,.T.);
#7963=ADVANCED_FACE('',(#602),#7620,.T.);
#7964=ADVANCED_FACE('',(#603),#7621,.T.);
#7965=ADVANCED_FACE('',(#604),#7622,.T.);
#7966=ADVANCED_FACE('',(#605),#7623,.T.);
#7967=ADVANCED_FACE('',(#606),#7624,.T.);
#7968=ADVANCED_FACE('',(#607),#7625,.T.);
#7969=ADVANCED_FACE('',(#608),#7626,.T.);
#7970=ADVANCED_FACE('',(#609,#229,#230,#231,#232,#233,#234,#235,#236,#237,
#238,#239,#240,#241,#242,#243,#244,#245,#246,#247,#248,#249,#250,#251,#252,
#253,#254,#255,#256,#257,#258,#259,#260,#261,#262,#263,#264,#265,#266,#267,
#268),#7627,.F.);
#7971=ADVANCED_FACE('',(#610),#133,.F.);
#7972=ADVANCED_FACE('',(#611),#134,.F.);
#7973=ADVANCED_FACE('',(#612),#135,.F.);
#7974=ADVANCED_FACE('',(#613),#136,.F.);
#7975=ADVANCED_FACE('',(#614),#137,.F.);
#7976=ADVANCED_FACE('',(#615,#269),#7628,.F.);
#7977=ADVANCED_FACE('',(#616),#31,.F.);
#7978=ADVANCED_FACE('',(#617),#138,.F.);
#7979=ADVANCED_FACE('',(#618),#32,.F.);
#7980=ADVANCED_FACE('',(#619),#139,.T.);
#7981=ADVANCED_FACE('',(#620,#270),#7629,.T.);
#7982=ADVANCED_FACE('',(#621),#140,.T.);
#7983=ADVANCED_FACE('',(#622),#141,.T.);
#7984=ADVANCED_FACE('',(#623),#142,.T.);
#7985=ADVANCED_FACE('',(#624),#143,.T.);
#7986=ADVANCED_FACE('',(#625),#144,.T.);
#7987=ADVANCED_FACE('',(#626),#145,.T.);
#7988=ADVANCED_FACE('',(#627),#146,.T.);
#7989=ADVANCED_FACE('',(#628),#7630,.F.);
#7990=ADVANCED_FACE('',(#629),#33,.T.);
#7991=ADVANCED_FACE('',(#630),#34,.T.);
#7992=ADVANCED_FACE('',(#631),#147,.T.);
#7993=ADVANCED_FACE('',(#632,#271),#7631,.F.);
#7994=ADVANCED_FACE('',(#633),#35,.T.);
#7995=ADVANCED_FACE('',(#634),#148,.T.);
#7996=ADVANCED_FACE('',(#635),#7632,.T.);
#7997=ADVANCED_FACE('',(#636,#272),#7633,.T.);
#7998=ADVANCED_FACE('',(#637),#149,.F.);
#7999=ADVANCED_FACE('',(#638),#150,.F.);
#8000=ADVANCED_FACE('',(#639),#151,.F.);
#8001=ADVANCED_FACE('',(#640,#273),#7634,.T.);
#8002=ADVANCED_FACE('',(#641),#152,.F.);
#8003=ADVANCED_FACE('',(#642),#153,.F.);
#8004=ADVANCED_FACE('',(#643),#7635,.T.);
#8005=ADVANCED_FACE('',(#644),#154,.F.);
#8006=ADVANCED_FACE('',(#645),#155,.T.);
#8007=ADVANCED_FACE('',(#646),#7636,.T.);
#8008=ADVANCED_FACE('',(#647,#274,#275),#7637,.T.);
#8009=ADVANCED_FACE('',(#648),#156,.T.);
#8010=ADVANCED_FACE('',(#649),#157,.F.);
#8011=ADVANCED_FACE('',(#650),#158,.F.);
#8012=ADVANCED_FACE('',(#651),#159,.T.);
#8013=ADVANCED_FACE('',(#652),#160,.T.);
#8014=ADVANCED_FACE('',(#653,#276,#277),#7638,.F.);
#8015=ADVANCED_FACE('',(#654,#278),#7639,.F.);
#8016=ADVANCED_FACE('',(#655),#161,.F.);
#8017=ADVANCED_FACE('',(#656),#162,.F.);
#8018=ADVANCED_FACE('',(#657),#163,.F.);
#8019=ADVANCED_FACE('',(#658,#279),#7640,.F.);
#8020=ADVANCED_FACE('',(#659),#164,.F.);
#8021=ADVANCED_FACE('',(#660),#165,.F.);
#8022=ADVANCED_FACE('',(#661),#7641,.F.);
#8023=ADVANCED_FACE('',(#662),#166,.F.);
#8024=ADVANCED_FACE('',(#663),#167,.T.);
#8025=ADVANCED_FACE('',(#664),#7642,.F.);
#8026=ADVANCED_FACE('',(#665,#280,#281),#7643,.F.);
#8027=ADVANCED_FACE('',(#666),#168,.T.);
#8028=ADVANCED_FACE('',(#667),#169,.F.);
#8029=ADVANCED_FACE('',(#668),#170,.F.);
#8030=ADVANCED_FACE('',(#669),#171,.T.);
#8031=ADVANCED_FACE('',(#670),#172,.T.);
#8032=ADVANCED_FACE('',(#671,#282,#283),#7644,.T.);
#8033=CLOSED_SHELL('',(#7645,#7646,#7647,#7648,#7649,#7650,#7651,#7652,
#7653,#7654,#7655,#7656,#7657,#7658,#7659,#7660,#7661,#7662,#7663,#7664,
#7665,#7666,#7667,#7668,#7669,#7670,#7671,#7672,#7673,#7674,#7675,#7676,
#7677,#7678,#7679,#7680,#7681,#7682,#7683,#7684,#7685,#7686,#7687,#7688,
#7689,#7690,#7691,#7692,#7693,#7694,#7695,#7696,#7697,#7698,#7699,#7700,
#7701,#7702,#7703,#7704,#7705,#7706,#7707,#7708,#7709,#7710,#7711,#7712,
#7713,#7714,#7715,#7716,#7717,#7718,#7719,#7720,#7721,#7722,#7723,#7724,
#7725,#7726,#7727,#7728,#7729,#7730,#7731,#7732,#7733,#7734,#7735,#7736,
#7737,#7738,#7739,#7740,#7741,#7742,#7743,#7744,#7745,#7746,#7747,#7748,
#7749,#7750,#7751,#7752,#7753,#7754,#7755,#7756,#7757,#7758,#7759,#7760,
#7761,#7762,#7763,#7764,#7765,#7766,#7767,#7768,#7769,#7770,#7771,#7772,
#7773,#7774,#7775,#7776,#7777,#7778,#7779,#7780,#7781,#7782,#7783,#7784,
#7785,#7786,#7787,#7788,#7789,#7790,#7791,#7792,#7793,#7794,#7795,#7796,
#7797,#7798,#7799,#7800,#7801,#7802,#7803,#7804,#7805,#7806,#7807,#7808,
#7809,#7810,#7811,#7812,#7813,#7814,#7815,#7816,#7817,#7818,#7819,#7820,
#7821,#7822,#7823,#7824,#7825,#7826,#7827,#7828,#7829,#7830,#7831,#7832,
#7833,#7834,#7835,#7836,#7837,#7838,#7839,#7840,#7841,#7842,#7843,#7844,
#7845,#7846,#7847,#7848,#7849,#7850,#7851,#7852,#7853,#7854,#7855,#7856,
#7857,#7858,#7859,#7860,#7861,#7862,#7863,#7864,#7865,#7866,#7867,#7868,
#7869,#7870,#7871,#7872,#7873,#7874,#7875,#7876,#7877,#7878,#7879,#7880,
#7881,#7882,#7883,#7884,#7885,#7886,#7887,#7888,#7889,#7890,#7891,#7892,
#7893,#7894,#7895,#7896,#7897,#7898,#7899,#7900,#7901,#7902,#7903,#7904,
#7905,#7906,#7907,#7908,#7909,#7910,#7911,#7912,#7913,#7914,#7915,#7916,
#7917,#7918,#7919,#7920,#7921,#7922,#7923,#7924,#7925,#7926,#7927,#7928,
#7929,#7930,#7931,#7932,#7933,#7934,#7935,#7936,#7937,#7938,#7939,#7940,
#7941,#7942,#7943,#7944,#7945,#7946,#7947,#7948,#7949,#7950,#7951,#7952,
#7953,#7954,#7955,#7956,#7957,#7958,#7959,#7960,#7961,#7962,#7963,#7964,
#7965,#7966,#7967,#7968,#7969,#7970));
#8034=CLOSED_SHELL('',(#7971,#7972,#7973,#7974,#7975,#7976,#7977,#7978,
#7979,#7980,#7981));
#8035=CLOSED_SHELL('',(#7982,#7983,#7984,#7985,#7986,#7987,#7988,#7989,
#7990,#7991,#7992,#7993,#7994,#7995,#7996));
#8036=CLOSED_SHELL('',(#7997,#7998,#7999,#8000,#8001,#8002,#8003,#8004,
#8005,#8006,#8007,#8008,#8009,#8010,#8011,#8012,#8013,#8014));
#8037=CLOSED_SHELL('',(#8015,#8016,#8017,#8018,#8019,#8020,#8021,#8022,
#8023,#8024,#8025,#8026,#8027,#8028,#8029,#8030,#8031,#8032));
#8038=DERIVED_UNIT_ELEMENT(#8042,1.);
#8039=DERIVED_UNIT_ELEMENT(#14847,-3.);
#8040=DERIVED_UNIT_ELEMENT(#8042,1.);
#8041=DERIVED_UNIT_ELEMENT(#14847,-3.);
#8042=(
MASS_UNIT()
NAMED_UNIT(*)
SI_UNIT(.KILO.,.GRAM.)
);
#8043=DERIVED_UNIT((#8038,#8039));
#8044=DERIVED_UNIT((#8040,#8041));
#8045=MEASURE_REPRESENTATION_ITEM('density measure',
POSITIVE_RATIO_MEASURE(7850.),#8043);
#8046=MEASURE_REPRESENTATION_ITEM('density measure',
POSITIVE_RATIO_MEASURE(7850.),#8044);
#8047=PROPERTY_DEFINITION_REPRESENTATION(#8057,#8051);
#8048=PROPERTY_DEFINITION_REPRESENTATION(#8058,#8052);
#8049=PROPERTY_DEFINITION_REPRESENTATION(#8059,#8053);
#8050=PROPERTY_DEFINITION_REPRESENTATION(#8060,#8054);
#8051=REPRESENTATION('material name',(#8055),#14843);
#8052=REPRESENTATION('density',(#8045),#14843);
#8053=REPRESENTATION('material name',(#8056),#14844);
#8054=REPRESENTATION('density',(#8046),#14844);
#8055=DESCRIPTIVE_REPRESENTATION_ITEM('Steel','Steel');
#8056=DESCRIPTIVE_REPRESENTATION_ITEM('Steel','Steel');
#8057=PROPERTY_DEFINITION('material property','material name',#14866);
#8058=PROPERTY_DEFINITION('material property','density of part',#14866);
#8059=PROPERTY_DEFINITION('material property','material name',#14867);
#8060=PROPERTY_DEFINITION('material property','density of part',#14867);
#8061=AXIS2_PLACEMENT_3D('',#10427,#8509,#8510);
#8062=AXIS2_PLACEMENT_3D('',#10428,#8511,#8512);
#8063=AXIS2_PLACEMENT_3D('',#10429,#8513,#8514);
#8064=AXIS2_PLACEMENT_3D('',#10438,#8519,#8520);
#8065=AXIS2_PLACEMENT_3D('',#10444,#8524,#8525);
#8066=AXIS2_PLACEMENT_3D('',#10450,#8529,#8530);
#8067=AXIS2_PLACEMENT_3D('',#10459,#8535,#8536);
#8068=AXIS2_PLACEMENT_3D('',#10465,#8540,#8541);
#8069=AXIS2_PLACEMENT_3D('',#10471,#8545,#8546);
#8070=AXIS2_PLACEMENT_3D('',#10480,#8551,#8552);
#8071=AXIS2_PLACEMENT_3D('',#10486,#8556,#8557);
#8072=AXIS2_PLACEMENT_3D('',#10492,#8561,#8562);
#8073=AXIS2_PLACEMENT_3D('',#10501,#8567,#8568);
#8074=AXIS2_PLACEMENT_3D('',#10507,#8572,#8573);
#8075=AXIS2_PLACEMENT_3D('',#10513,#8577,#8578);
#8076=AXIS2_PLACEMENT_3D('',#10522,#8583,#8584);
#8077=AXIS2_PLACEMENT_3D('',#10528,#8588,#8589);
#8078=AXIS2_PLACEMENT_3D('',#10534,#8593,#8594);
#8079=AXIS2_PLACEMENT_3D('',#10543,#8599,#8600);
#8080=AXIS2_PLACEMENT_3D('',#10549,#8604,#8605);
#8081=AXIS2_PLACEMENT_3D('',#10555,#8609,#8610);
#8082=AXIS2_PLACEMENT_3D('',#10564,#8615,#8616);
#8083=AXIS2_PLACEMENT_3D('',#10570,#8620,#8621);
#8084=AXIS2_PLACEMENT_3D('',#10576,#8625,#8626);
#8085=AXIS2_PLACEMENT_3D('',#10585,#8631,#8632);
#8086=AXIS2_PLACEMENT_3D('',#10591,#8636,#8637);
#8087=AXIS2_PLACEMENT_3D('',#10597,#8641,#8642);
#8088=AXIS2_PLACEMENT_3D('',#10606,#8647,#8648);
#8089=AXIS2_PLACEMENT_3D('',#10612,#8652,#8653);
#8090=AXIS2_PLACEMENT_3D('',#10618,#8657,#8658);
#8091=AXIS2_PLACEMENT_3D('',#10627,#8663,#8664);
#8092=AXIS2_PLACEMENT_3D('',#10633,#8668,#8669);
#8093=AXIS2_PLACEMENT_3D('',#10639,#8673,#8674);
#8094=AXIS2_PLACEMENT_3D('',#10648,#8679,#8680);
#8095=AXIS2_PLACEMENT_3D('',#10654,#8684,#8685);
#8096=AXIS2_PLACEMENT_3D('',#10660,#8689,#8690);
#8097=AXIS2_PLACEMENT_3D('',#10669,#8695,#8696);
#8098=AXIS2_PLACEMENT_3D('',#10675,#8700,#8701);
#8099=AXIS2_PLACEMENT_3D('',#10681,#8705,#8706);
#8100=AXIS2_PLACEMENT_3D('',#10690,#8711,#8712);
#8101=AXIS2_PLACEMENT_3D('',#10696,#8716,#8717);
#8102=AXIS2_PLACEMENT_3D('',#10702,#8721,#8722);
#8103=AXIS2_PLACEMENT_3D('',#10711,#8727,#8728);
#8104=AXIS2_PLACEMENT_3D('',#10717,#8732,#8733);
#8105=AXIS2_PLACEMENT_3D('',#10723,#8737,#8738);
#8106=AXIS2_PLACEMENT_3D('',#10732,#8743,#8744);
#8107=AXIS2_PLACEMENT_3D('',#10738,#8748,#8749);
#8108=AXIS2_PLACEMENT_3D('',#10744,#8753,#8754);
#8109=AXIS2_PLACEMENT_3D('',#10753,#8759,#8760);
#8110=AXIS2_PLACEMENT_3D('',#10759,#8764,#8765);
#8111=AXIS2_PLACEMENT_3D('',#10765,#8769,#8770);
#8112=AXIS2_PLACEMENT_3D('',#10774,#8775,#8776);
#8113=AXIS2_PLACEMENT_3D('',#10780,#8780,#8781);
#8114=AXIS2_PLACEMENT_3D('',#10786,#8785,#8786);
#8115=AXIS2_PLACEMENT_3D('',#10795,#8791,#8792);
#8116=AXIS2_PLACEMENT_3D('',#10801,#8796,#8797);
#8117=AXIS2_PLACEMENT_3D('',#10807,#8801,#8802);
#8118=AXIS2_PLACEMENT_3D('',#10816,#8807,#8808);
#8119=AXIS2_PLACEMENT_3D('',#10822,#8812,#8813);
#8120=AXIS2_PLACEMENT_3D('',#10828,#8817,#8818);
#8121=AXIS2_PLACEMENT_3D('',#10837,#8823,#8824);
#8122=AXIS2_PLACEMENT_3D('',#10843,#8828,#8829);
#8123=AXIS2_PLACEMENT_3D('',#10849,#8833,#8834);
#8124=AXIS2_PLACEMENT_3D('',#10858,#8839,#8840);
#8125=AXIS2_PLACEMENT_3D('',#10864,#8844,#8845);
#8126=AXIS2_PLACEMENT_3D('',#10870,#8849,#8850);
#8127=AXIS2_PLACEMENT_3D('',#10879,#8855,#8856);
#8128=AXIS2_PLACEMENT_3D('',#10885,#8860,#8861);
#8129=AXIS2_PLACEMENT_3D('',#10891,#8865,#8866);
#8130=AXIS2_PLACEMENT_3D('',#10900,#8871,#8872);
#8131=AXIS2_PLACEMENT_3D('',#10906,#8876,#8877);
#8132=AXIS2_PLACEMENT_3D('',#10912,#8881,#8882);
#8133=AXIS2_PLACEMENT_3D('',#10921,#8887,#8888);
#8134=AXIS2_PLACEMENT_3D('',#10927,#8892,#8893);
#8135=AXIS2_PLACEMENT_3D('',#10933,#8897,#8898);
#8136=AXIS2_PLACEMENT_3D('',#10942,#8903,#8904);
#8137=AXIS2_PLACEMENT_3D('',#10948,#8908,#8909);
#8138=AXIS2_PLACEMENT_3D('',#10954,#8913,#8914);
#8139=AXIS2_PLACEMENT_3D('',#10963,#8919,#8920);
#8140=AXIS2_PLACEMENT_3D('',#10969,#8924,#8925);
#8141=AXIS2_PLACEMENT_3D('',#10975,#8929,#8930);
#8142=AXIS2_PLACEMENT_3D('',#10984,#8935,#8936);
#8143=AXIS2_PLACEMENT_3D('',#10990,#8940,#8941);
#8144=AXIS2_PLACEMENT_3D('',#10996,#8945,#8946);
#8145=AXIS2_PLACEMENT_3D('',#11005,#8951,#8952);
#8146=AXIS2_PLACEMENT_3D('',#11011,#8956,#8957);
#8147=AXIS2_PLACEMENT_3D('',#11017,#8961,#8962);
#8148=AXIS2_PLACEMENT_3D('',#11026,#8967,#8968);
#8149=AXIS2_PLACEMENT_3D('',#11032,#8972,#8973);
#8150=AXIS2_PLACEMENT_3D('',#11038,#8977,#8978);
#8151=AXIS2_PLACEMENT_3D('',#11047,#8983,#8984);
#8152=AXIS2_PLACEMENT_3D('',#11053,#8988,#8989);
#8153=AXIS2_PLACEMENT_3D('',#11059,#8993,#8994);
#8154=AXIS2_PLACEMENT_3D('',#11068,#8999,#9000);
#8155=AXIS2_PLACEMENT_3D('',#11074,#9004,#9005);
#8156=AXIS2_PLACEMENT_3D('',#11080,#9009,#9010);
#8157=AXIS2_PLACEMENT_3D('',#11089,#9015,#9016);
#8158=AXIS2_PLACEMENT_3D('',#11095,#9020,#9021);
#8159=AXIS2_PLACEMENT_3D('',#11101,#9025,#9026);
#8160=AXIS2_PLACEMENT_3D('',#11110,#9031,#9032);
#8161=AXIS2_PLACEMENT_3D('',#11116,#9036,#9037);
#8162=AXIS2_PLACEMENT_3D('',#11122,#9041,#9042);
#8163=AXIS2_PLACEMENT_3D('',#11131,#9047,#9048);
#8164=AXIS2_PLACEMENT_3D('',#11137,#9052,#9053);
#8165=AXIS2_PLACEMENT_3D('',#11143,#9057,#9058);
#8166=AXIS2_PLACEMENT_3D('',#11152,#9063,#9064);
#8167=AXIS2_PLACEMENT_3D('',#11158,#9068,#9069);
#8168=AXIS2_PLACEMENT_3D('',#11164,#9073,#9074);
#8169=AXIS2_PLACEMENT_3D('',#11173,#9079,#9080);
#8170=AXIS2_PLACEMENT_3D('',#11179,#9084,#9085);
#8171=AXIS2_PLACEMENT_3D('',#11185,#9089,#9090);
#8172=AXIS2_PLACEMENT_3D('',#11194,#9095,#9096);
#8173=AXIS2_PLACEMENT_3D('',#11200,#9100,#9101);
#8174=AXIS2_PLACEMENT_3D('',#11206,#9105,#9106);
#8175=AXIS2_PLACEMENT_3D('',#11215,#9111,#9112);
#8176=AXIS2_PLACEMENT_3D('',#11221,#9116,#9117);
#8177=AXIS2_PLACEMENT_3D('',#11227,#9121,#9122);
#8178=AXIS2_PLACEMENT_3D('',#11236,#9127,#9128);
#8179=AXIS2_PLACEMENT_3D('',#11242,#9132,#9133);
#8180=AXIS2_PLACEMENT_3D('',#11248,#9137,#9138);
#8181=AXIS2_PLACEMENT_3D('',#11257,#9143,#9144);
#8182=AXIS2_PLACEMENT_3D('',#11263,#9148,#9149);
#8183=AXIS2_PLACEMENT_3D('',#11269,#9153,#9154);
#8184=AXIS2_PLACEMENT_3D('',#11318,#9199,#9200);
#8185=AXIS2_PLACEMENT_3D('',#11328,#9206,#9207);
#8186=AXIS2_PLACEMENT_3D('',#11338,#9213,#9214);
#8187=AXIS2_PLACEMENT_3D('',#11348,#9220,#9221);
#8188=AXIS2_PLACEMENT_3D('',#11358,#9227,#9228);
#8189=AXIS2_PLACEMENT_3D('',#11368,#9234,#9235);
#8190=AXIS2_PLACEMENT_3D('',#11378,#9241,#9242);
#8191=AXIS2_PLACEMENT_3D('',#11388,#9248,#9249);
#8192=AXIS2_PLACEMENT_3D('',#11398,#9255,#9256);
#8193=AXIS2_PLACEMENT_3D('',#11408,#9262,#9263);
#8194=AXIS2_PLACEMENT_3D('',#11418,#9269,#9270);
#8195=AXIS2_PLACEMENT_3D('',#11428,#9276,#9277);
#8196=AXIS2_PLACEMENT_3D('',#11438,#9283,#9284);
#8197=AXIS2_PLACEMENT_3D('',#11448,#9290,#9291);
#8198=AXIS2_PLACEMENT_3D('',#11458,#9297,#9298);
#8199=AXIS2_PLACEMENT_3D('',#11468,#9304,#9305);
#8200=AXIS2_PLACEMENT_3D('',#11478,#9311,#9312);
#8201=AXIS2_PLACEMENT_3D('',#11488,#9318,#9319);
#8202=AXIS2_PLACEMENT_3D('',#11498,#9325,#9326);
#8203=AXIS2_PLACEMENT_3D('',#11508,#9332,#9333);
#8204=AXIS2_PLACEMENT_3D('',#11518,#9339,#9340);
#8205=AXIS2_PLACEMENT_3D('',#11528,#9346,#9347);
#8206=AXIS2_PLACEMENT_3D('',#11538,#9353,#9354);
#8207=AXIS2_PLACEMENT_3D('',#11548,#9360,#9361);
#8208=AXIS2_PLACEMENT_3D('',#11558,#9367,#9368);
#8209=AXIS2_PLACEMENT_3D('',#11568,#9374,#9375);
#8210=AXIS2_PLACEMENT_3D('',#11578,#9381,#9382);
#8211=AXIS2_PLACEMENT_3D('',#11588,#9388,#9389);
#8212=AXIS2_PLACEMENT_3D('',#11598,#9395,#9396);
#8213=AXIS2_PLACEMENT_3D('',#11608,#9402,#9403);
#8214=AXIS2_PLACEMENT_3D('',#11618,#9409,#9410);
#8215=AXIS2_PLACEMENT_3D('',#11628,#9416,#9417);
#8216=AXIS2_PLACEMENT_3D('',#11638,#9423,#9424);
#8217=AXIS2_PLACEMENT_3D('',#11648,#9430,#9431);
#8218=AXIS2_PLACEMENT_3D('',#11658,#9437,#9438);
#8219=AXIS2_PLACEMENT_3D('',#11668,#9444,#9445);
#8220=AXIS2_PLACEMENT_3D('',#11678,#9451,#9452);
#8221=AXIS2_PLACEMENT_3D('',#11688,#9458,#9459);
#8222=AXIS2_PLACEMENT_3D('',#11698,#9465,#9466);
#8223=AXIS2_PLACEMENT_3D('',#11708,#9472,#9473);
#8224=AXIS2_PLACEMENT_3D('',#11718,#9479,#9480);
#8225=AXIS2_PLACEMENT_3D('',#11724,#9484,#9485);
#8226=AXIS2_PLACEMENT_3D('',#11728,#9488,#9489);
#8227=AXIS2_PLACEMENT_3D('',#11732,#9492,#9493);
#8228=AXIS2_PLACEMENT_3D('',#11734,#9495,#9496);
#8229=AXIS2_PLACEMENT_3D('',#11740,#9500,#9501);
#8230=AXIS2_PLACEMENT_3D('',#11744,#9504,#9505);
#8231=AXIS2_PLACEMENT_3D('',#11748,#9508,#9509);
#8232=AXIS2_PLACEMENT_3D('',#11750,#9511,#9512);
#8233=AXIS2_PLACEMENT_3D('',#11756,#9516,#9517);
#8234=AXIS2_PLACEMENT_3D('',#11760,#9520,#9521);
#8235=AXIS2_PLACEMENT_3D('',#11764,#9524,#9525);
#8236=AXIS2_PLACEMENT_3D('',#11766,#9527,#9528);
#8237=AXIS2_PLACEMENT_3D('',#11772,#9532,#9533);
#8238=AXIS2_PLACEMENT_3D('',#11776,#9536,#9537);
#8239=AXIS2_PLACEMENT_3D('',#11780,#9540,#9541);
#8240=AXIS2_PLACEMENT_3D('',#11782,#9543,#9544);
#8241=AXIS2_PLACEMENT_3D('',#11788,#9548,#9549);
#8242=AXIS2_PLACEMENT_3D('',#11792,#9552,#9553);
#8243=AXIS2_PLACEMENT_3D('',#11796,#9556,#9557);
#8244=AXIS2_PLACEMENT_3D('',#11798,#9559,#9560);
#8245=AXIS2_PLACEMENT_3D('',#11804,#9564,#9565);
#8246=AXIS2_PLACEMENT_3D('',#11808,#9568,#9569);
#8247=AXIS2_PLACEMENT_3D('',#11812,#9572,#9573);
#8248=AXIS2_PLACEMENT_3D('',#11814,#9575,#9576);
#8249=AXIS2_PLACEMENT_3D('',#11820,#9580,#9581);
#8250=AXIS2_PLACEMENT_3D('',#11824,#9584,#9585);
#8251=AXIS2_PLACEMENT_3D('',#11828,#9588,#9589);
#8252=AXIS2_PLACEMENT_3D('',#11830,#9591,#9592);
#8253=AXIS2_PLACEMENT_3D('',#11836,#9596,#9597);
#8254=AXIS2_PLACEMENT_3D('',#11840,#9600,#9601);
#8255=AXIS2_PLACEMENT_3D('',#11844,#9604,#9605);
#8256=AXIS2_PLACEMENT_3D('',#11846,#9607,#9608);
#8257=AXIS2_PLACEMENT_3D('',#11852,#9612,#9613);
#8258=AXIS2_PLACEMENT_3D('',#11856,#9616,#9617);
#8259=AXIS2_PLACEMENT_3D('',#11860,#9620,#9621);
#8260=AXIS2_PLACEMENT_3D('',#11862,#9623,#9624);
#8261=AXIS2_PLACEMENT_3D('',#11868,#9628,#9629);
#8262=AXIS2_PLACEMENT_3D('',#11872,#9632,#9633);
#8263=AXIS2_PLACEMENT_3D('',#11876,#9636,#9637);
#8264=AXIS2_PLACEMENT_3D('',#11878,#9639,#9640);
#8265=AXIS2_PLACEMENT_3D('',#11884,#9644,#9645);
#8266=AXIS2_PLACEMENT_3D('',#11888,#9648,#9649);
#8267=AXIS2_PLACEMENT_3D('',#11892,#9652,#9653);
#8268=AXIS2_PLACEMENT_3D('',#11894,#9655,#9656);
#8269=AXIS2_PLACEMENT_3D('',#11900,#9660,#9661);
#8270=AXIS2_PLACEMENT_3D('',#11904,#9664,#9665);
#8271=AXIS2_PLACEMENT_3D('',#11908,#9668,#9669);
#8272=AXIS2_PLACEMENT_3D('',#11910,#9671,#9672);
#8273=AXIS2_PLACEMENT_3D('',#11916,#9676,#9677);
#8274=AXIS2_PLACEMENT_3D('',#11920,#9680,#9681);
#8275=AXIS2_PLACEMENT_3D('',#11924,#9684,#9685);
#8276=AXIS2_PLACEMENT_3D('',#11926,#9687,#9688);
#8277=AXIS2_PLACEMENT_3D('',#11932,#9692,#9693);
#8278=AXIS2_PLACEMENT_3D('',#11936,#9696,#9697);
#8279=AXIS2_PLACEMENT_3D('',#11940,#9700,#9701);
#8280=AXIS2_PLACEMENT_3D('',#11942,#9703,#9704);
#8281=AXIS2_PLACEMENT_3D('',#11948,#9708,#9709);
#8282=AXIS2_PLACEMENT_3D('',#11952,#9712,#9713);
#8283=AXIS2_PLACEMENT_3D('',#11956,#9716,#9717);
#8284=AXIS2_PLACEMENT_3D('',#11958,#9719,#9720);
#8285=AXIS2_PLACEMENT_3D('',#11964,#9724,#9725);
#8286=AXIS2_PLACEMENT_3D('',#11968,#9728,#9729);
#8287=AXIS2_PLACEMENT_3D('',#11972,#9732,#9733);
#8288=AXIS2_PLACEMENT_3D('',#11974,#9735,#9736);
#8289=AXIS2_PLACEMENT_3D('',#11980,#9740,#9741);
#8290=AXIS2_PLACEMENT_3D('',#11984,#9744,#9745);
#8291=AXIS2_PLACEMENT_3D('',#11988,#9748,#9749);
#8292=AXIS2_PLACEMENT_3D('',#11990,#9751,#9752);
#8293=AXIS2_PLACEMENT_3D('',#11996,#9756,#9757);
#8294=AXIS2_PLACEMENT_3D('',#12000,#9760,#9761);
#8295=AXIS2_PLACEMENT_3D('',#12004,#9764,#9765);
#8296=AXIS2_PLACEMENT_3D('',#12006,#9767,#9768);
#8297=AXIS2_PLACEMENT_3D('',#12012,#9772,#9773);
#8298=AXIS2_PLACEMENT_3D('',#12016,#9776,#9777);
#8299=AXIS2_PLACEMENT_3D('',#12020,#9780,#9781);
#8300=AXIS2_PLACEMENT_3D('',#12022,#9783,#9784);
#8301=AXIS2_PLACEMENT_3D('',#12028,#9788,#9789);
#8302=AXIS2_PLACEMENT_3D('',#12032,#9792,#9793);
#8303=AXIS2_PLACEMENT_3D('',#12036,#9796,#9797);
#8304=AXIS2_PLACEMENT_3D('',#12038,#9799,#9800);
#8305=AXIS2_PLACEMENT_3D('',#12044,#9804,#9805);
#8306=AXIS2_PLACEMENT_3D('',#12048,#9808,#9809);
#8307=AXIS2_PLACEMENT_3D('',#12052,#9812,#9813);
#8308=AXIS2_PLACEMENT_3D('',#12054,#9815,#9816);
#8309=AXIS2_PLACEMENT_3D('',#12060,#9820,#9821);
#8310=AXIS2_PLACEMENT_3D('',#12064,#9824,#9825);
#8311=AXIS2_PLACEMENT_3D('',#12068,#9828,#9829);
#8312=AXIS2_PLACEMENT_3D('',#12070,#9831,#9832);
#8313=AXIS2_PLACEMENT_3D('',#12076,#9836,#9837);
#8314=AXIS2_PLACEMENT_3D('',#12080,#9840,#9841);
#8315=AXIS2_PLACEMENT_3D('',#12084,#9844,#9845);
#8316=AXIS2_PLACEMENT_3D('',#12086,#9847,#9848);
#8317=AXIS2_PLACEMENT_3D('',#12092,#9852,#9853);
#8318=AXIS2_PLACEMENT_3D('',#12096,#9856,#9857);
#8319=AXIS2_PLACEMENT_3D('',#12100,#9860,#9861);
#8320=AXIS2_PLACEMENT_3D('',#12102,#9863,#9864);
#8321=AXIS2_PLACEMENT_3D('',#12108,#9868,#9869);
#8322=AXIS2_PLACEMENT_3D('',#12112,#9872,#9873);
#8323=AXIS2_PLACEMENT_3D('',#12116,#9876,#9877);
#8324=AXIS2_PLACEMENT_3D('',#12118,#9879,#9880);
#8325=AXIS2_PLACEMENT_3D('',#12124,#9884,#9885);
#8326=AXIS2_PLACEMENT_3D('',#12128,#9888,#9889);
#8327=AXIS2_PLACEMENT_3D('',#12132,#9892,#9893);
#8328=AXIS2_PLACEMENT_3D('',#12134,#9895,#9896);
#8329=AXIS2_PLACEMENT_3D('',#12140,#9900,#9901);
#8330=AXIS2_PLACEMENT_3D('',#12144,#9904,#9905);
#8331=AXIS2_PLACEMENT_3D('',#12148,#9908,#9909);
#8332=AXIS2_PLACEMENT_3D('',#12150,#9911,#9912);
#8333=AXIS2_PLACEMENT_3D('',#12156,#9916,#9917);
#8334=AXIS2_PLACEMENT_3D('',#12160,#9920,#9921);
#8335=AXIS2_PLACEMENT_3D('',#12164,#9924,#9925);
#8336=AXIS2_PLACEMENT_3D('',#12166,#9927,#9928);
#8337=AXIS2_PLACEMENT_3D('',#12172,#9932,#9933);
#8338=AXIS2_PLACEMENT_3D('',#12176,#9936,#9937);
#8339=AXIS2_PLACEMENT_3D('',#12180,#9940,#9941);
#8340=AXIS2_PLACEMENT_3D('',#12182,#9943,#9944);
#8341=AXIS2_PLACEMENT_3D('',#12188,#9948,#9949);
#8342=AXIS2_PLACEMENT_3D('',#12192,#9952,#9953);
#8343=AXIS2_PLACEMENT_3D('',#12196,#9956,#9957);
#8344=AXIS2_PLACEMENT_3D('',#12198,#9959,#9960);
#8345=AXIS2_PLACEMENT_3D('',#12204,#9964,#9965);
#8346=AXIS2_PLACEMENT_3D('',#12208,#9968,#9969);
#8347=AXIS2_PLACEMENT_3D('',#12212,#9972,#9973);
#8348=AXIS2_PLACEMENT_3D('',#12214,#9975,#9976);
#8349=AXIS2_PLACEMENT_3D('',#12220,#9980,#9981);
#8350=AXIS2_PLACEMENT_3D('',#12224,#9984,#9985);
#8351=AXIS2_PLACEMENT_3D('',#12228,#9988,#9989);
#8352=AXIS2_PLACEMENT_3D('',#12230,#9991,#9992);
#8353=AXIS2_PLACEMENT_3D('',#12236,#9996,#9997);
#8354=AXIS2_PLACEMENT_3D('',#12240,#10000,#10001);
#8355=AXIS2_PLACEMENT_3D('',#12244,#10004,#10005);
#8356=AXIS2_PLACEMENT_3D('',#12246,#10007,#10008);
#8357=AXIS2_PLACEMENT_3D('',#12252,#10012,#10013);
#8358=AXIS2_PLACEMENT_3D('',#12256,#10016,#10017);
#8359=AXIS2_PLACEMENT_3D('',#12260,#10020,#10021);
#8360=AXIS2_PLACEMENT_3D('',#12262,#10023,#10024);
#8361=AXIS2_PLACEMENT_3D('',#12268,#10028,#10029);
#8362=AXIS2_PLACEMENT_3D('',#12272,#10032,#10033);
#8363=AXIS2_PLACEMENT_3D('',#12276,#10036,#10037);
#8364=AXIS2_PLACEMENT_3D('',#12278,#10039,#10040);
#8365=AXIS2_PLACEMENT_3D('',#12284,#10044,#10045);
#8366=AXIS2_PLACEMENT_3D('',#12288,#10048,#10049);
#8367=AXIS2_PLACEMENT_3D('',#12292,#10052,#10053);
#8368=AXIS2_PLACEMENT_3D('',#12294,#10055,#10056);
#8369=AXIS2_PLACEMENT_3D('',#12300,#10060,#10061);
#8370=AXIS2_PLACEMENT_3D('',#12304,#10064,#10065);
#8371=AXIS2_PLACEMENT_3D('',#12308,#10068,#10069);
#8372=AXIS2_PLACEMENT_3D('',#12310,#10071,#10072);
#8373=AXIS2_PLACEMENT_3D('',#12316,#10076,#10077);
#8374=AXIS2_PLACEMENT_3D('',#12320,#10080,#10081);
#8375=AXIS2_PLACEMENT_3D('',#12324,#10084,#10085);
#8376=AXIS2_PLACEMENT_3D('',#12326,#10087,#10088);
#8377=AXIS2_PLACEMENT_3D('',#12332,#10092,#10093);
#8378=AXIS2_PLACEMENT_3D('',#12336,#10096,#10097);
#8379=AXIS2_PLACEMENT_3D('',#12340,#10100,#10101);
#8380=AXIS2_PLACEMENT_3D('',#12342,#10103,#10104);
#8381=AXIS2_PLACEMENT_3D('',#12348,#10108,#10109);
#8382=AXIS2_PLACEMENT_3D('',#12352,#10112,#10113);
#8383=AXIS2_PLACEMENT_3D('',#12356,#10116,#10117);
#8384=AXIS2_PLACEMENT_3D('',#12358,#10119,#10120);
#8385=AXIS2_PLACEMENT_3D('',#12364,#10124,#10125);
#8386=AXIS2_PLACEMENT_3D('',#12368,#10128,#10129);
#8387=AXIS2_PLACEMENT_3D('',#12372,#10132,#10133);
#8388=AXIS2_PLACEMENT_3D('',#12374,#10135,#10136);
#8389=AXIS2_PLACEMENT_3D('',#12375,#10137,#10138);
#8390=AXIS2_PLACEMENT_3D('',#12376,#10139,#10140);
#8391=AXIS2_PLACEMENT_3D('',#12390,#10142,#10143);
#8392=AXIS2_PLACEMENT_3D('',#12401,#10144,#10145);
#8393=AXIS2_PLACEMENT_3D('',#12425,#10147,#10148);
#8394=AXIS2_PLACEMENT_3D('',#12450,#10150,#10151);
#8395=AXIS2_PLACEMENT_3D('',#12475,#10153,#10154);
#8396=AXIS2_PLACEMENT_3D('',#12487,#10156,#10157);
#8397=AXIS2_PLACEMENT_3D('',#12496,#10158,#10159);
#8398=AXIS2_PLACEMENT_3D('',#12498,#10160,#10161);
#8399=AXIS2_PLACEMENT_3D('',#13028,#10162,#10163);
#8400=AXIS2_PLACEMENT_3D('',#13301,#10164,#10165);
#8401=AXIS2_PLACEMENT_3D('',#13303,#10166,#10167);
#8402=AXIS2_PLACEMENT_3D('',#13305,#10169,#10170);
#8403=AXIS2_PLACEMENT_3D('',#13306,#10171,#10172);
#8404=AXIS2_PLACEMENT_3D('',#13315,#10174,#10175);
#8405=AXIS2_PLACEMENT_3D('',#13316,#10176,#10177);
#8406=AXIS2_PLACEMENT_3D('',#13332,#10179,#10180);
#8407=AXIS2_PLACEMENT_3D('',#13342,#10181,#10182);
#8408=AXIS2_PLACEMENT_3D('',#13366,#10184,#10185);
#8409=AXIS2_PLACEMENT_3D('',#13391,#10187,#10188);
#8410=AXIS2_PLACEMENT_3D('',#13415,#10190,#10191);
#8411=AXIS2_PLACEMENT_3D('',#13440,#10193,#10194);
#8412=AXIS2_PLACEMENT_3D('',#13465,#10196,#10197);
#8413=AXIS2_PLACEMENT_3D('',#13468,#10198,#10199);
#8414=AXIS2_PLACEMENT_3D('',#14362,#10200,#10201);
#8415=AXIS2_PLACEMENT_3D('',#14370,#10202,#10203);
#8416=AXIS2_PLACEMENT_3D('',#14372,#10204,#10205);
#8417=AXIS2_PLACEMENT_3D('',#14652,#10206,#10207);
#8418=AXIS2_PLACEMENT_3D('',#14654,#10208,#10209);
#8419=AXIS2_PLACEMENT_3D('',#14656,#10211,#10212);
#8420=AXIS2_PLACEMENT_3D('',#14657,#10213,#10214);
#8421=AXIS2_PLACEMENT_3D('',#14659,#10215,#10216);
#8422=AXIS2_PLACEMENT_3D('',#14661,#10217,#10218);
#8423=AXIS2_PLACEMENT_3D('',#14662,#10219,#10220);
#8424=AXIS2_PLACEMENT_3D('',#14665,#10222,#10223);
#8425=AXIS2_PLACEMENT_3D('',#14666,#10224,#10225);
#8426=AXIS2_PLACEMENT_3D('',#14668,#10226,#10227);
#8427=AXIS2_PLACEMENT_3D('',#14670,#10229,#10230);
#8428=AXIS2_PLACEMENT_3D('',#14672,#10231,#10232);
#8429=AXIS2_PLACEMENT_3D('',#14675,#10234,#10235);
#8430=AXIS2_PLACEMENT_3D('',#14676,#10236,#10237);
#8431=AXIS2_PLACEMENT_3D('',#14678,#10238,#10239);
#8432=AXIS2_PLACEMENT_3D('',#14679,#10240,#10241);
#8433=AXIS2_PLACEMENT_3D('',#14682,#10243,#10244);
#8434=AXIS2_PLACEMENT_3D('',#14683,#10245,#10246);
#8435=AXIS2_PLACEMENT_3D('',#14686,#10247,#10248);
#8436=AXIS2_PLACEMENT_3D('',#14690,#10250,#10251);
#8437=AXIS2_PLACEMENT_3D('',#14692,#10253,#10254);
#8438=AXIS2_PLACEMENT_3D('',#14698,#10258,#10259);
#8439=AXIS2_PLACEMENT_3D('',#14701,#10260,#10261);
#8440=AXIS2_PLACEMENT_3D('',#14705,#10263,#10264);
#8441=AXIS2_PLACEMENT_3D('',#14707,#10266,#10267);
#8442=AXIS2_PLACEMENT_3D('',#14709,#10268,#10269);
#8443=AXIS2_PLACEMENT_3D('',#14712,#10271,#10272);
#8444=AXIS2_PLACEMENT_3D('',#14713,#10273,#10274);
#8445=AXIS2_PLACEMENT_3D('',#14719,#10278,#10279);
#8446=AXIS2_PLACEMENT_3D('',#14721,#10280,#10281);
#8447=AXIS2_PLACEMENT_3D('',#14723,#10282,#10283);
#8448=AXIS2_PLACEMENT_3D('',#14725,#10284,#10285);
#8449=AXIS2_PLACEMENT_3D('',#14726,#10286,#10287);
#8450=AXIS2_PLACEMENT_3D('',#14727,#10288,#10289);
#8451=AXIS2_PLACEMENT_3D('',#14728,#10290,#10291);
#8452=AXIS2_PLACEMENT_3D('',#14731,#10293,#10294);
#8453=AXIS2_PLACEMENT_3D('',#14732,#10295,#10296);
#8454=AXIS2_PLACEMENT_3D('',#14735,#10298,#10299);
#8455=AXIS2_PLACEMENT_3D('',#14736,#10300,#10301);
#8456=AXIS2_PLACEMENT_3D('',#14738,#10302,#10303);
#8457=AXIS2_PLACEMENT_3D('',#14740,#10305,#10306);
#8458=AXIS2_PLACEMENT_3D('',#14741,#10307,#10308);
#8459=AXIS2_PLACEMENT_3D('',#14742,#10309,#10310);
#8460=AXIS2_PLACEMENT_3D('',#14743,#10311,#10312);
#8461=AXIS2_PLACEMENT_3D('',#14744,#10313,#10314);
#8462=AXIS2_PLACEMENT_3D('',#14745,#10315,#10316);
#8463=AXIS2_PLACEMENT_3D('',#14747,#10317,#10318);
#8464=AXIS2_PLACEMENT_3D('',#14749,#10319,#10320);
#8465=AXIS2_PLACEMENT_3D('',#14750,#10321,#10322);
#8466=AXIS2_PLACEMENT_3D('',#14753,#10324,#10325);
#8467=AXIS2_PLACEMENT_3D('',#14754,#10326,#10327);
#8468=AXIS2_PLACEMENT_3D('',#14756,#10328,#10329);
#8469=AXIS2_PLACEMENT_3D('',#14758,#10331,#10332);
#8470=AXIS2_PLACEMENT_3D('',#14760,#10333,#10334);
#8471=AXIS2_PLACEMENT_3D('',#14763,#10336,#10337);
#8472=AXIS2_PLACEMENT_3D('',#14764,#10338,#10339);
#8473=AXIS2_PLACEMENT_3D('',#14766,#10340,#10341);
#8474=AXIS2_PLACEMENT_3D('',#14767,#10342,#10343);
#8475=AXIS2_PLACEMENT_3D('',#14770,#10345,#10346);
#8476=AXIS2_PLACEMENT_3D('',#14771,#10347,#10348);
#8477=AXIS2_PLACEMENT_3D('',#14774,#10349,#10350);
#8478=AXIS2_PLACEMENT_3D('',#14778,#10352,#10353);
#8479=AXIS2_PLACEMENT_3D('',#14780,#10355,#10356);
#8480=AXIS2_PLACEMENT_3D('',#14786,#10360,#10361);
#8481=AXIS2_PLACEMENT_3D('',#14789,#10362,#10363);
#8482=AXIS2_PLACEMENT_3D('',#14793,#10365,#10366);
#8483=AXIS2_PLACEMENT_3D('',#14795,#10368,#10369);
#8484=AXIS2_PLACEMENT_3D('',#14797,#10370,#10371);
#8485=AXIS2_PLACEMENT_3D('',#14800,#10373,#10374);
#8486=AXIS2_PLACEMENT_3D('',#14801,#10375,#10376);
#8487=AXIS2_PLACEMENT_3D('',#14807,#10380,#10381);
#8488=AXIS2_PLACEMENT_3D('',#14808,#10382,#10383);
#8489=AXIS2_PLACEMENT_3D('',#14810,#10384,#10385);
#8490=AXIS2_PLACEMENT_3D('',#14812,#10386,#10387);
#8491=AXIS2_PLACEMENT_3D('',#14814,#10388,#10389);
#8492=AXIS2_PLACEMENT_3D('',#14815,#10390,#10391);
#8493=AXIS2_PLACEMENT_3D('',#14816,#10392,#10393);
#8494=AXIS2_PLACEMENT_3D('',#14818,#10394,#10395);
#8495=AXIS2_PLACEMENT_3D('',#14820,#10397,#10398);
#8496=AXIS2_PLACEMENT_3D('',#14822,#10399,#10400);
#8497=AXIS2_PLACEMENT_3D('',#14824,#10402,#10403);
#8498=AXIS2_PLACEMENT_3D('',#14826,#10404,#10405);
#8499=AXIS2_PLACEMENT_3D('',#14828,#10407,#10408);
#8500=AXIS2_PLACEMENT_3D('',#14829,#10409,#10410);
#8501=AXIS2_PLACEMENT_3D('',#14830,#10411,#10412);
#8502=AXIS2_PLACEMENT_3D('',#14831,#10413,#10414);
#8503=AXIS2_PLACEMENT_3D('',#14832,#10415,#10416);
#8504=AXIS2_PLACEMENT_3D('',#14833,#10417,#10418);
#8505=AXIS2_PLACEMENT_3D('',#14834,#10419,#10420);
#8506=AXIS2_PLACEMENT_3D('',#14835,#10421,#10422);
#8507=AXIS2_PLACEMENT_3D('',#14836,#10423,#10424);
#8508=AXIS2_PLACEMENT_3D('',#14837,#10425,#10426);
#8509=DIRECTION('axis',(0.,0.,1.));
#8510=DIRECTION('refdir',(1.,0.,0.));
#8511=DIRECTION('axis',(0.,0.,1.));
#8512=DIRECTION('refdir',(1.,0.,0.));
#8513=DIRECTION('center_axis',(0.,-1.,0.));
#8514=DIRECTION('ref_axis',(-1.,0.,-1.22464679914735E-16));
#8515=DIRECTION('',(1.,0.,1.22464679914735E-16));
#8516=DIRECTION('',(1.22464679914735E-16,0.,-1.));
#8517=DIRECTION('',(-1.,0.,-1.22464679914735E-16));
#8518=DIRECTION('',(1.22464679914735E-16,0.,-1.));
#8519=DIRECTION('center_axis',(-1.,0.,-1.22464679914735E-16));
#8520=DIRECTION('ref_axis',(0.,1.,0.));
#8521=DIRECTION('',(0.,-1.,0.));
#8522=DIRECTION('',(0.,1.,0.));
#8523=DIRECTION('',(1.22464679914735E-16,0.,-1.));
#8524=DIRECTION('center_axis',(0.,1.,0.));
#8525=DIRECTION('ref_axis',(1.,0.,1.22464679914735E-16));
#8526=DIRECTION('',(-1.,0.,-1.22464679914735E-16));
#8527=DIRECTION('',(1.,0.,1.22464679914735E-16));
#8528=DIRECTION('',(1.22464679914735E-16,0.,-1.));
#8529=DIRECTION('center_axis',(0.,-1.,0.));
#8530=DIRECTION('ref_axis',(-1.,0.,-1.22464679914735E-16));
#8531=DIRECTION('',(1.,0.,1.22464679914735E-16));
#8532=DIRECTION('',(1.22464679914735E-16,0.,-1.));
#8533=DIRECTION('',(-1.,0.,-1.22464679914735E-16));
#8534=DIRECTION('',(1.22464679914735E-16,0.,-1.));
#8535=DIRECTION('center_axis',(-1.,0.,-1.22464679914735E-16));
#8536=DIRECTION('ref_axis',(0.,1.,0.));
#8537=DIRECTION('',(0.,-1.,0.));
#8538=DIRECTION('',(0.,1.,0.));
#8539=DIRECTION('',(1.22464679914735E-16,0.,-1.));
#8540=DIRECTION('center_axis',(0.,1.,0.));
#8541=DIRECTION('ref_axis',(1.,0.,1.22464679914735E-16));
#8542=DIRECTION('',(-1.,0.,-1.22464679914735E-16));
#8543=DIRECTION('',(1.,0.,1.22464679914735E-16));
#8544=DIRECTION('',(1.22464679914735E-16,0.,-1.));
#8545=DIRECTION('center_axis',(0.,-1.,0.));
#8546=DIRECTION('ref_axis',(-1.,0.,-1.22464679914735E-16));
#8547=DIRECTION('',(1.,0.,1.22464679914735E-16));
#8548=DIRECTION('',(1.22464679914735E-16,0.,-1.));
#8549=DIRECTION('',(-1.,0.,-1.22464679914735E-16));
#8550=DIRECTION('',(1.22464679914735E-16,0.,-1.));
#8551=DIRECTION('center_axis',(-1.,0.,-1.22464679914735E-16));
#8552=DIRECTION('ref_axis',(0.,1.,0.));
#8553=DIRECTION('',(0.,-1.,0.));
#8554=DIRECTION('',(0.,1.,0.));
#8555=DIRECTION('',(1.22464679914735E-16,0.,-1.));
#8556=DIRECTION('center_axis',(0.,1.,0.));
#8557=DIRECTION('ref_axis',(1.,0.,1.22464679914735E-16));
#8558=DIRECTION('',(-1.,0.,-1.22464679914735E-16));
#8559=DIRECTION('',(1.,0.,1.22464679914735E-16));
#8560=DIRECTION('',(1.22464679914735E-16,0.,-1.));
#8561=DIRECTION('center_axis',(0.,-1.,0.));
#8562=DIRECTION('ref_axis',(-1.,0.,-1.22464679914735E-16));
#8563=DIRECTION('',(1.,0.,1.22464679914735E-16));
#8564=DIRECTION('',(1.22464679914735E-16,0.,-1.));
#8565=DIRECTION('',(-1.,0.,-1.22464679914735E-16));
#8566=DIRECTION('',(1.22464679914735E-16,0.,-1.));
#8567=DIRECTION('center_axis',(-1.,0.,-1.22464679914735E-16));
#8568=DIRECTION('ref_axis',(0.,1.,0.));
#8569=DIRECTION('',(0.,-1.,0.));
#8570=DIRECTION('',(0.,1.,0.));
#8571=DIRECTION('',(1.22464679914735E-16,0.,-1.));
#8572=DIRECTION('center_axis',(0.,1.,0.));
#8573=DIRECTION('ref_axis',(1.,0.,1.22464679914735E-16));
#8574=DIRECTION('',(-1.,0.,-1.22464679914735E-16));
#8575=DIRECTION('',(1.,0.,1.22464679914735E-16));
#8576=DIRECTION('',(1.22464679914735E-16,0.,-1.));
#8577=DIRECTION('center_axis',(0.,-1.,0.));
#8578=DIRECTION('ref_axis',(-1.,0.,-1.22464679914735E-16));
#8579=DIRECTION('',(1.,0.,1.22464679914735E-16));
#8580=DIRECTION('',(1.22464679914735E-16,0.,-1.));
#8581=DIRECTION('',(-1.,0.,-1.22464679914735E-16));
#8582=DIRECTION('',(1.22464679914735E-16,0.,-1.));
#8583=DIRECTION('center_axis',(-1.,0.,-1.22464679914735E-16));
#8584=DIRECTION('ref_axis',(0.,1.,0.));
#8585=DIRECTION('',(0.,-1.,0.));
#8586=DIRECTION('',(0.,1.,0.));
#8587=DIRECTION('',(1.22464679914735E-16,0.,-1.));
#8588=DIRECTION('center_axis',(0.,1.,0.));
#8589=DIRECTION('ref_axis',(1.,0.,1.22464679914735E-16));
#8590=DIRECTION('',(-1.,0.,-1.22464679914735E-16));
#8591=DIRECTION('',(1.,0.,1.22464679914735E-16));
#8592=DIRECTION('',(1.22464679914735E-16,0.,-1.));
#8593=DIRECTION('center_axis',(0.,-1.,0.));
#8594=DIRECTION('ref_axis',(-1.,0.,-1.22464679914735E-16));
#8595=DIRECTION('',(1.,0.,1.22464679914735E-16));
#8596=DIRECTION('',(1.22464679914735E-16,0.,-1.));
#8597=DIRECTION('',(-1.,0.,-1.22464679914735E-16));
#8598=DIRECTION('',(1.22464679914735E-16,0.,-1.));
#8599=DIRECTION('center_axis',(-1.,0.,-1.22464679914735E-16));
#8600=DIRECTION('ref_axis',(0.,1.,0.));
#8601=DIRECTION('',(0.,-1.,0.));
#8602=DIRECTION('',(0.,1.,0.));
#8603=DIRECTION('',(1.22464679914735E-16,0.,-1.));
#8604=DIRECTION('center_axis',(0.,1.,0.));
#8605=DIRECTION('ref_axis',(1.,0.,1.22464679914735E-16));
#8606=DIRECTION('',(-1.,0.,-1.22464679914735E-16));
#8607=DIRECTION('',(1.,0.,1.22464679914735E-16));
#8608=DIRECTION('',(1.22464679914735E-16,0.,-1.));
#8609=DIRECTION('center_axis',(0.,-1.,0.));
#8610=DIRECTION('ref_axis',(-1.,0.,-1.22464679914735E-16));
#8611=DIRECTION('',(1.,0.,1.22464679914735E-16));
#8612=DIRECTION('',(1.22464679914735E-16,0.,-1.));
#8613=DIRECTION('',(-1.,0.,-1.22464679914735E-16));
#8614=DIRECTION('',(1.22464679914735E-16,0.,-1.));
#8615=DIRECTION('center_axis',(-1.,0.,-1.22464679914735E-16));
#8616=DIRECTION('ref_axis',(0.,1.,0.));
#8617=DIRECTION('',(0.,-1.,0.));
#8618=DIRECTION('',(0.,1.,0.));
#8619=DIRECTION('',(1.22464679914735E-16,0.,-1.));
#8620=DIRECTION('center_axis',(0.,1.,0.));
#8621=DIRECTION('ref_axis',(1.,0.,1.22464679914735E-16));
#8622=DIRECTION('',(-1.,0.,-1.22464679914735E-16));
#8623=DIRECTION('',(1.,0.,1.22464679914735E-16));
#8624=DIRECTION('',(1.22464679914735E-16,0.,-1.));
#8625=DIRECTION('center_axis',(0.,-1.,0.));
#8626=DIRECTION('ref_axis',(-1.,0.,-1.22464679914735E-16));
#8627=DIRECTION('',(1.,0.,1.22464679914735E-16));
#8628=DIRECTION('',(1.22464679914735E-16,0.,-1.));
#8629=DIRECTION('',(-1.,0.,-1.22464679914735E-16));
#8630=DIRECTION('',(1.22464679914735E-16,0.,-1.));
#8631=DIRECTION('center_axis',(-1.,0.,-1.22464679914735E-16));
#8632=DIRECTION('ref_axis',(0.,1.,0.));
#8633=DIRECTION('',(0.,-1.,0.));
#8634=DIRECTION('',(0.,1.,0.));
#8635=DIRECTION('',(1.22464679914735E-16,0.,-1.));
#8636=DIRECTION('center_axis',(0.,1.,0.));
#8637=DIRECTION('ref_axis',(1.,0.,1.22464679914735E-16));
#8638=DIRECTION('',(-1.,0.,-1.22464679914735E-16));
#8639=DIRECTION('',(1.,0.,1.22464679914735E-16));
#8640=DIRECTION('',(1.22464679914735E-16,0.,-1.));
#8641=DIRECTION('center_axis',(0.,-1.,0.));
#8642=DIRECTION('ref_axis',(-1.,0.,-1.22464679914735E-16));
#8643=DIRECTION('',(1.,0.,1.22464679914735E-16));
#8644=DIRECTION('',(1.22464679914735E-16,0.,-1.));
#8645=DIRECTION('',(-1.,0.,-1.22464679914735E-16));
#8646=DIRECTION('',(1.22464679914735E-16,0.,-1.));
#8647=DIRECTION('center_axis',(-1.,0.,-1.22464679914735E-16));
#8648=DIRECTION('ref_axis',(0.,1.,0.));
#8649=DIRECTION('',(0.,-1.,0.));
#8650=DIRECTION('',(0.,1.,0.));
#8651=DIRECTION('',(1.22464679914735E-16,0.,-1.));
#8652=DIRECTION('center_axis',(0.,1.,0.));
#8653=DIRECTION('ref_axis',(1.,0.,1.22464679914735E-16));
#8654=DIRECTION('',(-1.,0.,-1.22464679914735E-16));
#8655=DIRECTION('',(1.,0.,1.22464679914735E-16));
#8656=DIRECTION('',(1.22464679914735E-16,0.,-1.));
#8657=DIRECTION('center_axis',(0.,-1.,0.));
#8658=DIRECTION('ref_axis',(-1.,0.,-1.22464679914735E-16));
#8659=DIRECTION('',(1.,0.,1.22464679914735E-16));
#8660=DIRECTION('',(1.22464679914735E-16,0.,-1.));
#8661=DIRECTION('',(-1.,0.,-1.22464679914735E-16));
#8662=DIRECTION('',(1.22464679914735E-16,0.,-1.));
#8663=DIRECTION('center_axis',(-1.,0.,-1.22464679914735E-16));
#8664=DIRECTION('ref_axis',(0.,1.,0.));
#8665=DIRECTION('',(0.,-1.,0.));
#8666=DIRECTION('',(0.,1.,0.));
#8667=DIRECTION('',(1.22464679914735E-16,0.,-1.));
#8668=DIRECTION('center_axis',(0.,1.,0.));
#8669=DIRECTION('ref_axis',(1.,0.,1.22464679914735E-16));
#8670=DIRECTION('',(-1.,0.,-1.22464679914735E-16));
#8671=DIRECTION('',(1.,0.,1.22464679914735E-16));
#8672=DIRECTION('',(1.22464679914735E-16,0.,-1.));
#8673=DIRECTION('center_axis',(0.,-1.,0.));
#8674=DIRECTION('ref_axis',(-1.,0.,-1.22464679914735E-16));
#8675=DIRECTION('',(1.,0.,1.22464679914735E-16));
#8676=DIRECTION('',(1.22464679914735E-16,0.,-1.));
#8677=DIRECTION('',(-1.,0.,-1.22464679914735E-16));
#8678=DIRECTION('',(1.22464679914735E-16,0.,-1.));
#8679=DIRECTION('center_axis',(-1.,0.,-1.22464679914735E-16));
#8680=DIRECTION('ref_axis',(0.,1.,0.));
#8681=DIRECTION('',(0.,-1.,0.));
#8682=DIRECTION('',(0.,1.,0.));
#8683=DIRECTION('',(1.22464679914735E-16,0.,-1.));
#8684=DIRECTION('center_axis',(0.,1.,0.));
#8685=DIRECTION('ref_axis',(1.,0.,1.22464679914735E-16));
#8686=DIRECTION('',(-1.,0.,-1.22464679914735E-16));
#8687=DIRECTION('',(1.,0.,1.22464679914735E-16));
#8688=DIRECTION('',(1.22464679914735E-16,0.,-1.));
#8689=DIRECTION('center_axis',(0.,-1.,0.));
#8690=DIRECTION('ref_axis',(-1.,0.,-1.22464679914735E-16));
#8691=DIRECTION('',(1.,0.,1.22464679914735E-16));
#8692=DIRECTION('',(1.22464679914735E-16,0.,-1.));
#8693=DIRECTION('',(-1.,0.,-1.22464679914735E-16));
#8694=DIRECTION('',(1.22464679914735E-16,0.,-1.));
#8695=DIRECTION('center_axis',(-1.,0.,-1.22464679914735E-16));
#8696=DIRECTION('ref_axis',(0.,1.,0.));
#8697=DIRECTION('',(0.,-1.,0.));
#8698=DIRECTION('',(0.,1.,0.));
#8699=DIRECTION('',(1.22464679914735E-16,0.,-1.));
#8700=DIRECTION('center_axis',(0.,1.,0.));
#8701=DIRECTION('ref_axis',(1.,0.,1.22464679914735E-16));
#8702=DIRECTION('',(-1.,0.,-1.22464679914735E-16));
#8703=DIRECTION('',(1.,0.,1.22464679914735E-16));
#8704=DIRECTION('',(1.22464679914735E-16,0.,-1.));
#8705=DIRECTION('center_axis',(0.,-1.,0.));
#8706=DIRECTION('ref_axis',(-1.,0.,-1.22464679914735E-16));
#8707=DIRECTION('',(1.,0.,1.22464679914735E-16));
#8708=DIRECTION('',(1.22464679914735E-16,0.,-1.));
#8709=DIRECTION('',(-1.,0.,-1.22464679914735E-16));
#8710=DIRECTION('',(1.22464679914735E-16,0.,-1.));
#8711=DIRECTION('center_axis',(-1.,0.,-1.22464679914735E-16));
#8712=DIRECTION('ref_axis',(0.,1.,0.));
#8713=DIRECTION('',(0.,-1.,0.));
#8714=DIRECTION('',(0.,1.,0.));
#8715=DIRECTION('',(1.22464679914735E-16,0.,-1.));
#8716=DIRECTION('center_axis',(0.,1.,0.));
#8717=DIRECTION('ref_axis',(1.,0.,1.22464679914735E-16));
#8718=DIRECTION('',(-1.,0.,-1.22464679914735E-16));
#8719=DIRECTION('',(1.,0.,1.22464679914735E-16));
#8720=DIRECTION('',(1.22464679914735E-16,0.,-1.));
#8721=DIRECTION('center_axis',(0.,-1.,0.));
#8722=DIRECTION('ref_axis',(-1.,0.,-1.22464679914735E-16));
#8723=DIRECTION('',(1.,0.,1.22464679914735E-16));
#8724=DIRECTION('',(1.22464679914735E-16,0.,-1.));
#8725=DIRECTION('',(-1.,0.,-1.22464679914735E-16));
#8726=DIRECTION('',(1.22464679914735E-16,0.,-1.));
#8727=DIRECTION('center_axis',(-1.,0.,-1.22464679914735E-16));
#8728=DIRECTION('ref_axis',(0.,1.,0.));
#8729=DIRECTION('',(0.,-1.,0.));
#8730=DIRECTION('',(0.,1.,0.));
#8731=DIRECTION('',(1.22464679914735E-16,0.,-1.));
#8732=DIRECTION('center_axis',(0.,1.,0.));
#8733=DIRECTION('ref_axis',(1.,0.,1.22464679914735E-16));
#8734=DIRECTION('',(-1.,0.,-1.22464679914735E-16));
#8735=DIRECTION('',(1.,0.,1.22464679914735E-16));
#8736=DIRECTION('',(1.22464679914735E-16,0.,-1.));
#8737=DIRECTION('center_axis',(0.,-1.,0.));
#8738=DIRECTION('ref_axis',(-1.,0.,-1.22464679914735E-16));
#8739=DIRECTION('',(1.,0.,1.22464679914735E-16));
#8740=DIRECTION('',(1.22464679914735E-16,0.,-1.));
#8741=DIRECTION('',(-1.,0.,-1.22464679914735E-16));
#8742=DIRECTION('',(1.22464679914735E-16,0.,-1.));
#8743=DIRECTION('center_axis',(-1.,0.,-1.22464679914735E-16));
#8744=DIRECTION('ref_axis',(0.,1.,0.));
#8745=DIRECTION('',(0.,-1.,0.));
#8746=DIRECTION('',(0.,1.,0.));
#8747=DIRECTION('',(1.22464679914735E-16,0.,-1.));
#8748=DIRECTION('center_axis',(0.,1.,0.));
#8749=DIRECTION('ref_axis',(1.,0.,1.22464679914735E-16));
#8750=DIRECTION('',(-1.,0.,-1.22464679914735E-16));
#8751=DIRECTION('',(1.,0.,1.22464679914735E-16));
#8752=DIRECTION('',(1.22464679914735E-16,0.,-1.));
#8753=DIRECTION('center_axis',(0.,-1.,0.));
#8754=DIRECTION('ref_axis',(-1.,0.,-1.22464679914735E-16));
#8755=DIRECTION('',(1.,0.,1.22464679914735E-16));
#8756=DIRECTION('',(1.22464679914735E-16,0.,-1.));
#8757=DIRECTION('',(-1.,0.,-1.22464679914735E-16));
#8758=DIRECTION('',(1.22464679914735E-16,0.,-1.));
#8759=DIRECTION('center_axis',(-1.,0.,-1.22464679914735E-16));
#8760=DIRECTION('ref_axis',(0.,1.,0.));
#8761=DIRECTION('',(0.,-1.,0.));
#8762=DIRECTION('',(0.,1.,0.));
#8763=DIRECTION('',(1.22464679914735E-16,0.,-1.));
#8764=DIRECTION('center_axis',(0.,1.,0.));
#8765=DIRECTION('ref_axis',(1.,0.,1.22464679914735E-16));
#8766=DIRECTION('',(-1.,0.,-1.22464679914735E-16));
#8767=DIRECTION('',(1.,0.,1.22464679914735E-16));
#8768=DIRECTION('',(1.22464679914735E-16,0.,-1.));
#8769=DIRECTION('center_axis',(0.,-1.,0.));
#8770=DIRECTION('ref_axis',(-1.,0.,-1.22464679914735E-16));
#8771=DIRECTION('',(1.,0.,1.22464679914735E-16));
#8772=DIRECTION('',(1.22464679914735E-16,0.,-1.));
#8773=DIRECTION('',(-1.,0.,-1.22464679914735E-16));
#8774=DIRECTION('',(1.22464679914735E-16,0.,-1.));
#8775=DIRECTION('center_axis',(-1.,0.,-1.22464679914735E-16));
#8776=DIRECTION('ref_axis',(0.,1.,0.));
#8777=DIRECTION('',(0.,-1.,0.));
#8778=DIRECTION('',(0.,1.,0.));
#8779=DIRECTION('',(1.22464679914735E-16,0.,-1.));
#8780=DIRECTION('center_axis',(0.,1.,0.));
#8781=DIRECTION('ref_axis',(1.,0.,1.22464679914735E-16));
#8782=DIRECTION('',(-1.,0.,-1.22464679914735E-16));
#8783=DIRECTION('',(1.,0.,1.22464679914735E-16));
#8784=DIRECTION('',(1.22464679914735E-16,0.,-1.));
#8785=DIRECTION('center_axis',(0.,-1.,0.));
#8786=DIRECTION('ref_axis',(-1.,0.,-1.22464679914735E-16));
#8787=DIRECTION('',(1.,0.,1.22464679914735E-16));
#8788=DIRECTION('',(1.22464679914735E-16,0.,-1.));
#8789=DIRECTION('',(-1.,0.,-1.22464679914735E-16));
#8790=DIRECTION('',(1.22464679914735E-16,0.,-1.));
#8791=DIRECTION('center_axis',(-1.,0.,-1.22464679914735E-16));
#8792=DIRECTION('ref_axis',(0.,1.,0.));
#8793=DIRECTION('',(0.,-1.,0.));
#8794=DIRECTION('',(0.,1.,0.));
#8795=DIRECTION('',(1.22464679914735E-16,0.,-1.));
#8796=DIRECTION('center_axis',(0.,1.,0.));
#8797=DIRECTION('ref_axis',(1.,0.,1.22464679914735E-16));
#8798=DIRECTION('',(-1.,0.,-1.22464679914735E-16));
#8799=DIRECTION('',(1.,0.,1.22464679914735E-16));
#8800=DIRECTION('',(1.22464679914735E-16,0.,-1.));
#8801=DIRECTION('center_axis',(0.,-1.,0.));
#8802=DIRECTION('ref_axis',(-1.,0.,-1.22464679914735E-16));
#8803=DIRECTION('',(1.,0.,1.22464679914735E-16));
#8804=DIRECTION('',(1.22464679914735E-16,0.,-1.));
#8805=DIRECTION('',(-1.,0.,-1.22464679914735E-16));
#8806=DIRECTION('',(1.22464679914735E-16,0.,-1.));
#8807=DIRECTION('center_axis',(-1.,0.,-1.22464679914735E-16));
#8808=DIRECTION('ref_axis',(0.,1.,0.));
#8809=DIRECTION('',(0.,-1.,0.));
#8810=DIRECTION('',(0.,1.,0.));
#8811=DIRECTION('',(1.22464679914735E-16,0.,-1.));
#8812=DIRECTION('center_axis',(0.,1.,0.));
#8813=DIRECTION('ref_axis',(1.,0.,1.22464679914735E-16));
#8814=DIRECTION('',(-1.,0.,-1.22464679914735E-16));
#8815=DIRECTION('',(1.,0.,1.22464679914735E-16));
#8816=DIRECTION('',(1.22464679914735E-16,0.,-1.));
#8817=DIRECTION('center_axis',(0.,-1.,0.));
#8818=DIRECTION('ref_axis',(-1.,0.,-1.22464679914735E-16));
#8819=DIRECTION('',(1.,0.,1.22464679914735E-16));
#8820=DIRECTION('',(1.22464679914735E-16,0.,-1.));
#8821=DIRECTION('',(-1.,0.,-1.22464679914735E-16));
#8822=DIRECTION('',(1.22464679914735E-16,0.,-1.));
#8823=DIRECTION('center_axis',(-1.,0.,-1.22464679914735E-16));
#8824=DIRECTION('ref_axis',(0.,1.,0.));
#8825=DIRECTION('',(0.,-1.,0.));
#8826=DIRECTION('',(0.,1.,0.));
#8827=DIRECTION('',(1.22464679914735E-16,0.,-1.));
#8828=DIRECTION('center_axis',(0.,1.,0.));
#8829=DIRECTION('ref_axis',(1.,0.,1.22464679914735E-16));
#8830=DIRECTION('',(-1.,0.,-1.22464679914735E-16));
#8831=DIRECTION('',(1.,0.,1.22464679914735E-16));
#8832=DIRECTION('',(1.22464679914735E-16,0.,-1.));
#8833=DIRECTION('center_axis',(0.,1.,0.));
#8834=DIRECTION('ref_axis',(1.,0.,1.22464679914735E-16));
#8835=DIRECTION('',(-1.,0.,-1.22464679914735E-16));
#8836=DIRECTION('',(1.22464679914735E-16,0.,-1.));
#8837=DIRECTION('',(1.,0.,1.22464679914735E-16));
#8838=DIRECTION('',(1.22464679914735E-16,0.,-1.));
#8839=DIRECTION('center_axis',(1.,0.,1.22464679914735E-16));
#8840=DIRECTION('ref_axis',(0.,-1.,0.));
#8841=DIRECTION('',(0.,1.,0.));
#8842=DIRECTION('',(0.,-1.,0.));
#8843=DIRECTION('',(1.22464679914735E-16,0.,-1.));
#8844=DIRECTION('center_axis',(0.,-1.,0.));
#8845=DIRECTION('ref_axis',(-1.,0.,-1.22464679914735E-16));
#8846=DIRECTION('',(1.,0.,1.22464679914735E-16));
#8847=DIRECTION('',(-1.,0.,-1.22464679914735E-16));
#8848=DIRECTION('',(1.22464679914735E-16,0.,-1.));
#8849=DIRECTION('center_axis',(0.,1.,0.));
#8850=DIRECTION('ref_axis',(1.,0.,1.22464679914735E-16));
#8851=DIRECTION('',(-1.,0.,-1.22464679914735E-16));
#8852=DIRECTION('',(1.22464679914735E-16,0.,-1.));
#8853=DIRECTION('',(1.,0.,1.22464679914735E-16));
#8854=DIRECTION('',(1.22464679914735E-16,0.,-1.));
#8855=DIRECTION('center_axis',(1.,0.,1.22464679914735E-16));
#8856=DIRECTION('ref_axis',(0.,-1.,0.));
#8857=DIRECTION('',(0.,1.,0.));
#8858=DIRECTION('',(0.,-1.,0.));
#8859=DIRECTION('',(1.22464679914735E-16,0.,-1.));
#8860=DIRECTION('center_axis',(0.,-1.,0.));
#8861=DIRECTION('ref_axis',(-1.,0.,-1.22464679914735E-16));
#8862=DIRECTION('',(1.,0.,1.22464679914735E-16));
#8863=DIRECTION('',(-1.,0.,-1.22464679914735E-16));
#8864=DIRECTION('',(1.22464679914735E-16,0.,-1.));
#8865=DIRECTION('center_axis',(0.,1.,0.));
#8866=DIRECTION('ref_axis',(1.,0.,1.22464679914735E-16));
#8867=DIRECTION('',(-1.,0.,-1.22464679914735E-16));
#8868=DIRECTION('',(1.22464679914735E-16,0.,-1.));
#8869=DIRECTION('',(1.,0.,1.22464679914735E-16));
#8870=DIRECTION('',(1.22464679914735E-16,0.,-1.));
#8871=DIRECTION('center_axis',(1.,0.,1.22464679914735E-16));
#8872=DIRECTION('ref_axis',(0.,-1.,0.));
#8873=DIRECTION('',(0.,1.,0.));
#8874=DIRECTION('',(0.,-1.,0.));
#8875=DIRECTION('',(1.22464679914735E-16,0.,-1.));
#8876=DIRECTION('center_axis',(0.,-1.,0.));
#8877=DIRECTION('ref_axis',(-1.,0.,-1.22464679914735E-16));
#8878=DIRECTION('',(1.,0.,1.22464679914735E-16));
#8879=DIRECTION('',(-1.,0.,-1.22464679914735E-16));
#8880=DIRECTION('',(1.22464679914735E-16,0.,-1.));
#8881=DIRECTION('center_axis',(0.,1.,0.));
#8882=DIRECTION('ref_axis',(1.,0.,1.22464679914735E-16));
#8883=DIRECTION('',(-1.,0.,-1.22464679914735E-16));
#8884=DIRECTION('',(1.22464679914735E-16,0.,-1.));
#8885=DIRECTION('',(1.,0.,1.22464679914735E-16));
#8886=DIRECTION('',(1.22464679914735E-16,0.,-1.));
#8887=DIRECTION('center_axis',(1.,0.,1.22464679914735E-16));
#8888=DIRECTION('ref_axis',(0.,-1.,0.));
#8889=DIRECTION('',(0.,1.,0.));
#8890=DIRECTION('',(0.,-1.,0.));
#8891=DIRECTION('',(1.22464679914735E-16,0.,-1.));
#8892=DIRECTION('center_axis',(0.,-1.,0.));
#8893=DIRECTION('ref_axis',(-1.,0.,-1.22464679914735E-16));
#8894=DIRECTION('',(1.,0.,1.22464679914735E-16));
#8895=DIRECTION('',(-1.,0.,-1.22464679914735E-16));
#8896=DIRECTION('',(1.22464679914735E-16,0.,-1.));
#8897=DIRECTION('center_axis',(0.,1.,0.));
#8898=DIRECTION('ref_axis',(1.,0.,1.22464679914735E-16));
#8899=DIRECTION('',(-1.,0.,-1.22464679914735E-16));
#8900=DIRECTION('',(1.22464679914735E-16,0.,-1.));
#8901=DIRECTION('',(1.,0.,1.22464679914735E-16));
#8902=DIRECTION('',(1.22464679914735E-16,0.,-1.));
#8903=DIRECTION('center_axis',(1.,0.,1.22464679914735E-16));
#8904=DIRECTION('ref_axis',(0.,-1.,0.));
#8905=DIRECTION('',(0.,1.,0.));
#8906=DIRECTION('',(0.,-1.,0.));
#8907=DIRECTION('',(1.22464679914735E-16,0.,-1.));
#8908=DIRECTION('center_axis',(0.,-1.,0.));
#8909=DIRECTION('ref_axis',(-1.,0.,-1.22464679914735E-16));
#8910=DIRECTION('',(1.,0.,1.22464679914735E-16));
#8911=DIRECTION('',(-1.,0.,-1.22464679914735E-16));
#8912=DIRECTION('',(1.22464679914735E-16,0.,-1.));
#8913=DIRECTION('center_axis',(0.,1.,0.));
#8914=DIRECTION('ref_axis',(1.,0.,1.22464679914735E-16));
#8915=DIRECTION('',(-1.,0.,-1.22464679914735E-16));
#8916=DIRECTION('',(1.22464679914735E-16,0.,-1.));
#8917=DIRECTION('',(1.,0.,1.22464679914735E-16));
#8918=DIRECTION('',(1.22464679914735E-16,0.,-1.));
#8919=DIRECTION('center_axis',(1.,0.,1.22464679914735E-16));
#8920=DIRECTION('ref_axis',(0.,-1.,0.));
#8921=DIRECTION('',(0.,1.,0.));
#8922=DIRECTION('',(0.,-1.,0.));
#8923=DIRECTION('',(1.22464679914735E-16,0.,-1.));
#8924=DIRECTION('center_axis',(0.,-1.,0.));
#8925=DIRECTION('ref_axis',(-1.,0.,-1.22464679914735E-16));
#8926=DIRECTION('',(1.,0.,1.22464679914735E-16));
#8927=DIRECTION('',(-1.,0.,-1.22464679914735E-16));
#8928=DIRECTION('',(1.22464679914735E-16,0.,-1.));
#8929=DIRECTION('center_axis',(0.,1.,0.));
#8930=DIRECTION('ref_axis',(1.,0.,1.22464679914735E-16));
#8931=DIRECTION('',(-1.,0.,-1.22464679914735E-16));
#8932=DIRECTION('',(1.22464679914735E-16,0.,-1.));
#8933=DIRECTION('',(1.,0.,1.22464679914735E-16));
#8934=DIRECTION('',(1.22464679914735E-16,0.,-1.));
#8935=DIRECTION('center_axis',(1.,0.,1.22464679914735E-16));
#8936=DIRECTION('ref_axis',(0.,-1.,0.));
#8937=DIRECTION('',(0.,1.,0.));
#8938=DIRECTION('',(0.,-1.,0.));
#8939=DIRECTION('',(1.22464679914735E-16,0.,-1.));
#8940=DIRECTION('center_axis',(0.,-1.,0.));
#8941=DIRECTION('ref_axis',(-1.,0.,-1.22464679914735E-16));
#8942=DIRECTION('',(1.,0.,1.22464679914735E-16));
#8943=DIRECTION('',(-1.,0.,-1.22464679914735E-16));
#8944=DIRECTION('',(1.22464679914735E-16,0.,-1.));
#8945=DIRECTION('center_axis',(0.,1.,0.));
#8946=DIRECTION('ref_axis',(1.,0.,1.22464679914735E-16));
#8947=DIRECTION('',(-1.,0.,-1.22464679914735E-16));
#8948=DIRECTION('',(1.22464679914735E-16,0.,-1.));
#8949=DIRECTION('',(1.,0.,1.22464679914735E-16));
#8950=DIRECTION('',(1.22464679914735E-16,0.,-1.));
#8951=DIRECTION('center_axis',(1.,0.,1.22464679914735E-16));
#8952=DIRECTION('ref_axis',(0.,-1.,0.));
#8953=DIRECTION('',(0.,1.,0.));
#8954=DIRECTION('',(0.,-1.,0.));
#8955=DIRECTION('',(1.22464679914735E-16,0.,-1.));
#8956=DIRECTION('center_axis',(0.,-1.,0.));
#8957=DIRECTION('ref_axis',(-1.,0.,-1.22464679914735E-16));
#8958=DIRECTION('',(1.,0.,1.22464679914735E-16));
#8959=DIRECTION('',(-1.,0.,-1.22464679914735E-16));
#8960=DIRECTION('',(1.22464679914735E-16,0.,-1.));
#8961=DIRECTION('center_axis',(0.,1.,0.));
#8962=DIRECTION('ref_axis',(1.,0.,1.22464679914735E-16));
#8963=DIRECTION('',(-1.,0.,-1.22464679914735E-16));
#8964=DIRECTION('',(1.22464679914735E-16,0.,-1.));
#8965=DIRECTION('',(1.,0.,1.22464679914735E-16));
#8966=DIRECTION('',(1.22464679914735E-16,0.,-1.));
#8967=DIRECTION('center_axis',(1.,0.,1.22464679914735E-16));
#8968=DIRECTION('ref_axis',(0.,-1.,0.));
#8969=DIRECTION('',(0.,1.,0.));
#8970=DIRECTION('',(0.,-1.,0.));
#8971=DIRECTION('',(1.22464679914735E-16,0.,-1.));
#8972=DIRECTION('center_axis',(0.,-1.,0.));
#8973=DIRECTION('ref_axis',(-1.,0.,-1.22464679914735E-16));
#8974=DIRECTION('',(1.,0.,1.22464679914735E-16));
#8975=DIRECTION('',(-1.,0.,-1.22464679914735E-16));
#8976=DIRECTION('',(1.22464679914735E-16,0.,-1.));
#8977=DIRECTION('center_axis',(0.,1.,0.));
#8978=DIRECTION('ref_axis',(1.,0.,1.22464679914735E-16));
#8979=DIRECTION('',(-1.,0.,-1.22464679914735E-16));
#8980=DIRECTION('',(1.22464679914735E-16,0.,-1.));
#8981=DIRECTION('',(1.,0.,1.22464679914735E-16));
#8982=DIRECTION('',(1.22464679914735E-16,0.,-1.));
#8983=DIRECTION('center_axis',(1.,0.,1.22464679914735E-16));
#8984=DIRECTION('ref_axis',(0.,-1.,0.));
#8985=DIRECTION('',(0.,1.,0.));
#8986=DIRECTION('',(0.,-1.,0.));
#8987=DIRECTION('',(1.22464679914735E-16,0.,-1.));
#8988=DIRECTION('center_axis',(0.,-1.,0.));
#8989=DIRECTION('ref_axis',(-1.,0.,-1.22464679914735E-16));
#8990=DIRECTION('',(1.,0.,1.22464679914735E-16));
#8991=DIRECTION('',(-1.,0.,-1.22464679914735E-16));
#8992=DIRECTION('',(1.22464679914735E-16,0.,-1.));
#8993=DIRECTION('center_axis',(0.,1.,0.));
#8994=DIRECTION('ref_axis',(1.,0.,1.22464679914735E-16));
#8995=DIRECTION('',(-1.,0.,-1.22464679914735E-16));
#8996=DIRECTION('',(1.22464679914735E-16,0.,-1.));
#8997=DIRECTION('',(1.,0.,1.22464679914735E-16));
#8998=DIRECTION('',(1.22464679914735E-16,0.,-1.));
#8999=DIRECTION('center_axis',(1.,0.,1.22464679914735E-16));
#9000=DIRECTION('ref_axis',(0.,-1.,0.));
#9001=DIRECTION('',(0.,1.,0.));
#9002=DIRECTION('',(0.,-1.,0.));
#9003=DIRECTION('',(1.22464679914735E-16,0.,-1.));
#9004=DIRECTION('center_axis',(0.,-1.,0.));
#9005=DIRECTION('ref_axis',(-1.,0.,-1.22464679914735E-16));
#9006=DIRECTION('',(1.,0.,1.22464679914735E-16));
#9007=DIRECTION('',(-1.,0.,-1.22464679914735E-16));
#9008=DIRECTION('',(1.22464679914735E-16,0.,-1.));
#9009=DIRECTION('center_axis',(0.,1.,0.));
#9010=DIRECTION('ref_axis',(1.,0.,1.22464679914735E-16));
#9011=DIRECTION('',(-1.,0.,-1.22464679914735E-16));
#9012=DIRECTION('',(1.22464679914735E-16,0.,-1.));
#9013=DIRECTION('',(1.,0.,1.22464679914735E-16));
#9014=DIRECTION('',(1.22464679914735E-16,0.,-1.));
#9015=DIRECTION('center_axis',(1.,0.,1.22464679914735E-16));
#9016=DIRECTION('ref_axis',(0.,-1.,0.));
#9017=DIRECTION('',(0.,1.,0.));
#9018=DIRECTION('',(0.,-1.,0.));
#9019=DIRECTION('',(1.22464679914735E-16,0.,-1.));
#9020=DIRECTION('center_axis',(0.,-1.,0.));
#9021=DIRECTION('ref_axis',(-1.,0.,-1.22464679914735E-16));
#9022=DIRECTION('',(1.,0.,1.22464679914735E-16));
#9023=DIRECTION('',(-1.,0.,-1.22464679914735E-16));
#9024=DIRECTION('',(1.22464679914735E-16,0.,-1.));
#9025=DIRECTION('center_axis',(0.,1.,0.));
#9026=DIRECTION('ref_axis',(1.,0.,1.22464679914735E-16));
#9027=DIRECTION('',(-1.,0.,-1.22464679914735E-16));
#9028=DIRECTION('',(1.22464679914735E-16,0.,-1.));
#9029=DIRECTION('',(1.,0.,1.22464679914735E-16));
#9030=DIRECTION('',(1.22464679914735E-16,0.,-1.));
#9031=DIRECTION('center_axis',(1.,0.,1.22464679914735E-16));
#9032=DIRECTION('ref_axis',(0.,-1.,0.));
#9033=DIRECTION('',(0.,1.,0.));
#9034=DIRECTION('',(0.,-1.,0.));
#9035=DIRECTION('',(1.22464679914735E-16,0.,-1.));
#9036=DIRECTION('center_axis',(0.,-1.,0.));
#9037=DIRECTION('ref_axis',(-1.,0.,-1.22464679914735E-16));
#9038=DIRECTION('',(1.,0.,1.22464679914735E-16));
#9039=DIRECTION('',(-1.,0.,-1.22464679914735E-16));
#9040=DIRECTION('',(1.22464679914735E-16,0.,-1.));
#9041=DIRECTION('center_axis',(0.,1.,0.));
#9042=DIRECTION('ref_axis',(1.,0.,1.22464679914735E-16));
#9043=DIRECTION('',(-1.,0.,-1.22464679914735E-16));
#9044=DIRECTION('',(1.22464679914735E-16,0.,-1.));
#9045=DIRECTION('',(1.,0.,1.22464679914735E-16));
#9046=DIRECTION('',(1.22464679914735E-16,0.,-1.));
#9047=DIRECTION('center_axis',(1.,0.,1.22464679914735E-16));
#9048=DIRECTION('ref_axis',(0.,-1.,0.));
#9049=DIRECTION('',(0.,1.,0.));
#9050=DIRECTION('',(0.,-1.,0.));
#9051=DIRECTION('',(1.22464679914735E-16,0.,-1.));
#9052=DIRECTION('center_axis',(0.,-1.,0.));
#9053=DIRECTION('ref_axis',(-1.,0.,-1.22464679914735E-16));
#9054=DIRECTION('',(1.,0.,1.22464679914735E-16));
#9055=DIRECTION('',(-1.,0.,-1.22464679914735E-16));
#9056=DIRECTION('',(1.22464679914735E-16,0.,-1.));
#9057=DIRECTION('center_axis',(0.,1.,0.));
#9058=DIRECTION('ref_axis',(1.,0.,1.22464679914735E-16));
#9059=DIRECTION('',(-1.,0.,-1.22464679914735E-16));
#9060=DIRECTION('',(1.22464679914735E-16,0.,-1.));
#9061=DIRECTION('',(1.,0.,1.22464679914735E-16));
#9062=DIRECTION('',(1.22464679914735E-16,0.,-1.));
#9063=DIRECTION('center_axis',(1.,0.,1.22464679914735E-16));
#9064=DIRECTION('ref_axis',(0.,-1.,0.));
#9065=DIRECTION('',(0.,1.,0.));
#9066=DIRECTION('',(0.,-1.,0.));
#9067=DIRECTION('',(1.22464679914735E-16,0.,-1.));
#9068=DIRECTION('center_axis',(0.,-1.,0.));
#9069=DIRECTION('ref_axis',(-1.,0.,-1.22464679914735E-16));
#9070=DIRECTION('',(1.,0.,1.22464679914735E-16));
#9071=DIRECTION('',(-1.,0.,-1.22464679914735E-16));
#9072=DIRECTION('',(1.22464679914735E-16,0.,-1.));
#9073=DIRECTION('center_axis',(0.,1.,0.));
#9074=DIRECTION('ref_axis',(1.,0.,1.22464679914735E-16));
#9075=DIRECTION('',(-1.,0.,-1.22464679914735E-16));
#9076=DIRECTION('',(1.22464679914735E-16,0.,-1.));
#9077=DIRECTION('',(1.,0.,1.22464679914735E-16));
#9078=DIRECTION('',(1.22464679914735E-16,0.,-1.));
#9079=DIRECTION('center_axis',(1.,0.,1.22464679914735E-16));
#9080=DIRECTION('ref_axis',(0.,-1.,0.));
#9081=DIRECTION('',(0.,1.,0.));
#9082=DIRECTION('',(0.,-1.,0.));
#9083=DIRECTION('',(1.22464679914735E-16,0.,-1.));
#9084=DIRECTION('center_axis',(0.,-1.,0.));
#9085=DIRECTION('ref_axis',(-1.,0.,-1.22464679914735E-16));
#9086=DIRECTION('',(1.,0.,1.22464679914735E-16));
#9087=DIRECTION('',(-1.,0.,-1.22464679914735E-16));
#9088=DIRECTION('',(1.22464679914735E-16,0.,-1.));
#9089=DIRECTION('center_axis',(0.,1.,0.));
#9090=DIRECTION('ref_axis',(1.,0.,1.22464679914735E-16));
#9091=DIRECTION('',(-1.,0.,-1.22464679914735E-16));
#9092=DIRECTION('',(1.22464679914735E-16,0.,-1.));
#9093=DIRECTION('',(1.,0.,1.22464679914735E-16));
#9094=DIRECTION('',(1.22464679914735E-16,0.,-1.));
#9095=DIRECTION('center_axis',(1.,0.,1.22464679914735E-16));
#9096=DIRECTION('ref_axis',(0.,-1.,0.));
#9097=DIRECTION('',(0.,1.,0.));
#9098=DIRECTION('',(0.,-1.,0.));
#9099=DIRECTION('',(1.22464679914735E-16,0.,-1.));
#9100=DIRECTION('center_axis',(0.,-1.,0.));
#9101=DIRECTION('ref_axis',(-1.,0.,-1.22464679914735E-16));
#9102=DIRECTION('',(1.,0.,1.22464679914735E-16));
#9103=DIRECTION('',(-1.,0.,-1.22464679914735E-16));
#9104=DIRECTION('',(1.22464679914735E-16,0.,-1.));
#9105=DIRECTION('center_axis',(0.,1.,0.));
#9106=DIRECTION('ref_axis',(1.,0.,1.22464679914735E-16));
#9107=DIRECTION('',(-1.,0.,-1.22464679914735E-16));
#9108=DIRECTION('',(1.22464679914735E-16,0.,-1.));
#9109=DIRECTION('',(1.,0.,1.22464679914735E-16));
#9110=DIRECTION('',(1.22464679914735E-16,0.,-1.));
#9111=DIRECTION('center_axis',(1.,0.,1.22464679914735E-16));
#9112=DIRECTION('ref_axis',(0.,-1.,0.));
#9113=DIRECTION('',(0.,1.,0.));
#9114=DIRECTION('',(0.,-1.,0.));
#9115=DIRECTION('',(1.22464679914735E-16,0.,-1.));
#9116=DIRECTION('center_axis',(0.,-1.,0.));
#9117=DIRECTION('ref_axis',(-1.,0.,-1.22464679914735E-16));
#9118=DIRECTION('',(1.,0.,1.22464679914735E-16));
#9119=DIRECTION('',(-1.,0.,-1.22464679914735E-16));
#9120=DIRECTION('',(1.22464679914735E-16,0.,-1.));
#9121=DIRECTION('center_axis',(0.,1.,0.));
#9122=DIRECTION('ref_axis',(1.,0.,1.22464679914735E-16));
#9123=DIRECTION('',(-1.,0.,-1.22464679914735E-16));
#9124=DIRECTION('',(1.22464679914735E-16,0.,-1.));
#9125=DIRECTION('',(1.,0.,1.22464679914735E-16));
#9126=DIRECTION('',(1.22464679914735E-16,0.,-1.));
#9127=DIRECTION('center_axis',(1.,0.,1.22464679914735E-16));
#9128=DIRECTION('ref_axis',(0.,-1.,0.));
#9129=DIRECTION('',(0.,1.,0.));
#9130=DIRECTION('',(0.,-1.,0.));
#9131=DIRECTION('',(1.22464679914735E-16,0.,-1.));
#9132=DIRECTION('center_axis',(0.,-1.,0.));
#9133=DIRECTION('ref_axis',(-1.,0.,-1.22464679914735E-16));
#9134=DIRECTION('',(1.,0.,1.22464679914735E-16));
#9135=DIRECTION('',(-1.,0.,-1.22464679914735E-16));
#9136=DIRECTION('',(1.22464679914735E-16,0.,-1.));
#9137=DIRECTION('center_axis',(0.,1.,0.));
#9138=DIRECTION('ref_axis',(1.,0.,1.22464679914735E-16));
#9139=DIRECTION('',(-1.,0.,-1.22464679914735E-16));
#9140=DIRECTION('',(1.22464679914735E-16,0.,-1.));
#9141=DIRECTION('',(1.,0.,1.22464679914735E-16));
#9142=DIRECTION('',(1.22464679914735E-16,0.,-1.));
#9143=DIRECTION('center_axis',(1.,0.,1.22464679914735E-16));
#9144=DIRECTION('ref_axis',(0.,-1.,0.));
#9145=DIRECTION('',(0.,1.,0.));
#9146=DIRECTION('',(0.,-1.,0.));
#9147=DIRECTION('',(1.22464679914735E-16,0.,-1.));
#9148=DIRECTION('center_axis',(0.,-1.,0.));
#9149=DIRECTION('ref_axis',(-1.,0.,-1.22464679914735E-16));
#9150=DIRECTION('',(1.,0.,1.22464679914735E-16));
#9151=DIRECTION('',(-1.,0.,-1.22464679914735E-16));
#9152=DIRECTION('',(1.22464679914735E-16,0.,-1.));
#9153=DIRECTION('center_axis',(1.22464679914735E-16,0.,-1.));
#9154=DIRECTION('ref_axis',(-1.,0.,-1.22464679914735E-16));
#9155=DIRECTION('',(0.,1.,0.));
#9156=DIRECTION('',(1.,-1.41972253788383E-16,1.22464679914735E-16));
#9157=DIRECTION('',(4.1651585992315E-17,-1.,5.10084814648993E-33));
#9158=DIRECTION('',(4.1651585992315E-17,-1.,5.10084814648993E-33));
#9159=DIRECTION('',(4.1651585992315E-17,-1.,5.10084814648993E-33));
#9160=DIRECTION('',(4.1651585992315E-17,-1.,5.10084814648993E-33));
#9161=DIRECTION('',(4.1651585992315E-17,-1.,5.10084814648993E-33));
#9162=DIRECTION('',(4.1651585992315E-17,-1.,5.10084814648993E-33));
#9163=DIRECTION('',(4.1651585992315E-17,-1.,5.10084814648993E-33));
#9164=DIRECTION('',(4.1651585992315E-17,-1.,5.10084814648993E-33));
#9165=DIRECTION('',(4.1651585992315E-17,-1.,5.10084814648993E-33));
#9166=DIRECTION('',(4.1651585992315E-17,-1.,5.10084814648993E-33));
#9167=DIRECTION('',(4.1651585992315E-17,-1.,5.10084814648993E-33));
#9168=DIRECTION('',(4.1651585992315E-17,-1.,5.10084814648993E-33));
#9169=DIRECTION('',(4.1651585992315E-17,-1.,5.10084814648993E-33));
#9170=DIRECTION('',(4.1651585992315E-17,-1.,5.10084814648993E-33));
#9171=DIRECTION('',(4.1651585992315E-17,-1.,5.10084814648993E-33));
#9172=DIRECTION('',(4.1651585992315E-17,-1.,5.10084814648993E-33));
#9173=DIRECTION('',(4.1651585992315E-17,-1.,5.10084814648993E-33));
#9174=DIRECTION('',(4.1651585992315E-17,-1.,5.10084814648993E-33));
#9175=DIRECTION('',(4.1651585992315E-17,-1.,5.10084814648993E-33));
#9176=DIRECTION('',(4.1651585992315E-17,-1.,5.10084814648993E-33));
#9177=DIRECTION('',(4.1651585992315E-17,-1.,5.10084814648993E-33));
#9178=DIRECTION('',(-1.,1.41972253788383E-16,-1.22464679914735E-16));
#9179=DIRECTION('',(0.,1.,0.));
#9180=DIRECTION('',(0.,1.,0.));
#9181=DIRECTION('',(0.,1.,0.));
#9182=DIRECTION('',(0.,1.,0.));
#9183=DIRECTION('',(0.,1.,0.));
#9184=DIRECTION('',(0.,1.,0.));
#9185=DIRECTION('',(0.,1.,0.));
#9186=DIRECTION('',(0.,1.,0.));
#9187=DIRECTION('',(0.,1.,0.));
#9188=DIRECTION('',(0.,1.,0.));
#9189=DIRECTION('',(0.,1.,0.));
#9190=DIRECTION('',(0.,1.,0.));
#9191=DIRECTION('',(0.,1.,0.));
#9192=DIRECTION('',(0.,1.,0.));
#9193=DIRECTION('',(0.,1.,0.));
#9194=DIRECTION('',(0.,1.,0.));
#9195=DIRECTION('',(0.,1.,0.));
#9196=DIRECTION('',(0.,1.,0.));
#9197=DIRECTION('',(0.,1.,0.));
#9198=DIRECTION('',(0.,1.,0.));
#9199=DIRECTION('center_axis',(1.22464679914735E-16,0.,-1.));
#9200=DIRECTION('ref_axis',(-1.,0.,-1.22464679914735E-16));
#9201=DIRECTION('',(0.,-1.,0.));
#9202=DIRECTION('',(8.45884209238215E-15,1.,1.03590938929287E-30));
#9203=DIRECTION('',(-1.,1.77635683940024E-15,-1.22464679914735E-16));
#9204=DIRECTION('',(0.,-1.,0.));
#9205=DIRECTION('',(1.,0.,1.22464679914735E-16));
#9206=DIRECTION('center_axis',(1.22464679914735E-16,0.,-1.));
#9207=DIRECTION('ref_axis',(-1.,0.,-1.22464679914735E-16));
#9208=DIRECTION('',(0.,-1.,0.));
#9209=DIRECTION('',(8.45884209238215E-15,1.,1.03590938929287E-30));
#9210=DIRECTION('',(-1.,2.66453525910037E-15,-1.22464679914735E-16));
#9211=DIRECTION('',(0.,-1.,0.));
#9212=DIRECTION('',(1.,0.,1.22464679914735E-16));
#9213=DIRECTION('center_axis',(1.22464679914735E-16,0.,-1.));
#9214=DIRECTION('ref_axis',(-1.,0.,-1.22464679914735E-16));
#9215=DIRECTION('',(0.,-1.,0.));
#9216=DIRECTION('',(8.45884209238215E-15,1.,1.03590938929287E-30));
#9217=DIRECTION('',(-1.,2.66453525910037E-15,-1.22464679914735E-16));
#9218=DIRECTION('',(0.,-1.,0.));
#9219=DIRECTION('',(1.,0.,1.22464679914735E-16));
#9220=DIRECTION('center_axis',(1.22464679914735E-16,0.,-1.));
#9221=DIRECTION('ref_axis',(-1.,0.,-1.22464679914735E-16));
#9222=DIRECTION('',(0.,-1.,0.));
#9223=DIRECTION('',(8.45884209238215E-15,1.,1.03590938929287E-30));
#9224=DIRECTION('',(-1.,2.66453525910037E-15,-1.22464679914735E-16));
#9225=DIRECTION('',(0.,-1.,0.));
#9226=DIRECTION('',(1.,0.,1.22464679914735E-16));
#9227=DIRECTION('center_axis',(1.22464679914735E-16,0.,-1.));
#9228=DIRECTION('ref_axis',(-1.,0.,-1.22464679914735E-16));
#9229=DIRECTION('',(0.,-1.,0.));
#9230=DIRECTION('',(8.45884209238215E-15,1.,1.03590938929287E-30));
#9231=DIRECTION('',(-1.,2.66453525910037E-15,-1.22464679914735E-16));
#9232=DIRECTION('',(0.,-1.,0.));
#9233=DIRECTION('',(1.,0.,1.22464679914735E-16));
#9234=DIRECTION('center_axis',(1.22464679914735E-16,0.,-1.));
#9235=DIRECTION('ref_axis',(-1.,0.,-1.22464679914735E-16));
#9236=DIRECTION('',(0.,-1.,0.));
#9237=DIRECTION('',(8.45884209238215E-15,1.,1.03590938929287E-30));
#9238=DIRECTION('',(-1.,1.77635683940024E-15,-1.22464679914735E-16));
#9239=DIRECTION('',(0.,-1.,0.));
#9240=DIRECTION('',(1.,0.,1.22464679914735E-16));
#9241=DIRECTION('center_axis',(1.22464679914735E-16,0.,-1.));
#9242=DIRECTION('ref_axis',(-1.,0.,-1.22464679914735E-16));
#9243=DIRECTION('',(0.,-1.,0.));
#9244=DIRECTION('',(8.45884209238215E-15,1.,1.03590938929287E-30));
#9245=DIRECTION('',(-1.,1.77635683940024E-15,-1.22464679914735E-16));
#9246=DIRECTION('',(0.,-1.,0.));
#9247=DIRECTION('',(1.,0.,1.22464679914735E-16));
#9248=DIRECTION('center_axis',(1.22464679914735E-16,0.,-1.));
#9249=DIRECTION('ref_axis',(-1.,0.,-1.22464679914735E-16));
#9250=DIRECTION('',(0.,-1.,0.));
#9251=DIRECTION('',(8.45884209238215E-15,1.,1.03590938929287E-30));
#9252=DIRECTION('',(-1.,1.77635683940024E-15,-1.22464679914735E-16));
#9253=DIRECTION('',(0.,-1.,0.));
#9254=DIRECTION('',(1.,0.,1.22464679914735E-16));
#9255=DIRECTION('center_axis',(1.22464679914735E-16,0.,-1.));
#9256=DIRECTION('ref_axis',(-1.,0.,-1.22464679914735E-16));
#9257=DIRECTION('',(0.,-1.,0.));
#9258=DIRECTION('',(8.45884209238215E-15,1.,1.03590938929287E-30));
#9259=DIRECTION('',(-1.,1.88737914186276E-15,-1.22464679914735E-16));
#9260=DIRECTION('',(0.,-1.,0.));
#9261=DIRECTION('',(1.,0.,1.22464679914735E-16));
#9262=DIRECTION('center_axis',(1.22464679914735E-16,0.,-1.));
#9263=DIRECTION('ref_axis',(-1.,0.,-1.22464679914735E-16));
#9264=DIRECTION('',(0.,-1.,0.));
#9265=DIRECTION('',(8.45884209238215E-15,1.,1.03590938929287E-30));
#9266=DIRECTION('',(-1.,1.77635683940024E-15,-1.22464679914735E-16));
#9267=DIRECTION('',(0.,-1.,0.));
#9268=DIRECTION('',(1.,5.55111512312578E-17,1.22464679914735E-16));
#9269=DIRECTION('center_axis',(1.22464679914735E-16,0.,-1.));
#9270=DIRECTION('ref_axis',(-1.,0.,-1.22464679914735E-16));
#9271=DIRECTION('',(0.,-1.,0.));
#9272=DIRECTION('',(8.45884209238215E-15,1.,1.03590938929287E-30));
#9273=DIRECTION('',(-1.,1.77635683940024E-15,-1.22464679914735E-16));
#9274=DIRECTION('',(0.,-1.,0.));
#9275=DIRECTION('',(1.,0.,1.22464679914735E-16));
#9276=DIRECTION('center_axis',(1.22464679914735E-16,0.,-1.));
#9277=DIRECTION('ref_axis',(-1.,0.,-1.22464679914735E-16));
#9278=DIRECTION('',(0.,-1.,0.));
#9279=DIRECTION('',(8.45884209238215E-15,1.,1.03590938929287E-30));
#9280=DIRECTION('',(-1.,1.77635683940024E-15,-1.22464679914735E-16));
#9281=DIRECTION('',(0.,-1.,0.));
#9282=DIRECTION('',(1.,0.,1.22464679914735E-16));
#9283=DIRECTION('center_axis',(1.22464679914735E-16,0.,-1.));
#9284=DIRECTION('ref_axis',(-1.,0.,-1.22464679914735E-16));
#9285=DIRECTION('',(0.,-1.,0.));
#9286=DIRECTION('',(8.45884209238215E-15,1.,1.03590938929287E-30));
#9287=DIRECTION('',(-1.,1.77635683940024E-15,-1.22464679914735E-16));
#9288=DIRECTION('',(0.,-1.,0.));
#9289=DIRECTION('',(1.,0.,1.22464679914735E-16));
#9290=DIRECTION('center_axis',(1.22464679914735E-16,0.,-1.));
#9291=DIRECTION('ref_axis',(-1.,0.,-1.22464679914735E-16));
#9292=DIRECTION('',(0.,-1.,0.));
#9293=DIRECTION('',(8.45884209238215E-15,1.,1.03590938929287E-30));
#9294=DIRECTION('',(-1.,2.66453525910037E-15,-1.22464679914735E-16));
#9295=DIRECTION('',(0.,-1.,0.));
#9296=DIRECTION('',(1.,0.,1.22464679914735E-16));
#9297=DIRECTION('center_axis',(1.22464679914735E-16,0.,-1.));
#9298=DIRECTION('ref_axis',(-1.,0.,-1.22464679914735E-16));
#9299=DIRECTION('',(0.,-1.,0.));
#9300=DIRECTION('',(8.45884209238215E-15,1.,1.03590938929287E-30));
#9301=DIRECTION('',(-1.,2.66453525910037E-15,-1.22464679914735E-16));
#9302=DIRECTION('',(0.,-1.,0.));
#9303=DIRECTION('',(1.,0.,1.22464679914735E-16));
#9304=DIRECTION('center_axis',(1.22464679914735E-16,0.,-1.));
#9305=DIRECTION('ref_axis',(-1.,0.,-1.22464679914735E-16));
#9306=DIRECTION('',(0.,-1.,0.));
#9307=DIRECTION('',(8.45884209238215E-15,1.,1.03590938929287E-30));
#9308=DIRECTION('',(-1.,2.66453525910037E-15,-1.22464679914735E-16));
#9309=DIRECTION('',(0.,-1.,0.));
#9310=DIRECTION('',(1.,0.,1.22464679914735E-16));
#9311=DIRECTION('center_axis',(1.22464679914735E-16,0.,-1.));
#9312=DIRECTION('ref_axis',(-1.,0.,-1.22464679914735E-16));
#9313=DIRECTION('',(0.,-1.,0.));
#9314=DIRECTION('',(8.45884209238215E-15,1.,1.03590938929287E-30));
#9315=DIRECTION('',(-1.,2.66453525910037E-15,-1.22464679914735E-16));
#9316=DIRECTION('',(0.,-1.,0.));
#9317=DIRECTION('',(1.,0.,1.22464679914735E-16));
#9318=DIRECTION('center_axis',(1.22464679914735E-16,0.,-1.));
#9319=DIRECTION('ref_axis',(-1.,0.,-1.22464679914735E-16));
#9320=DIRECTION('',(0.,-1.,0.));
#9321=DIRECTION('',(8.45884209238215E-15,1.,1.03590938929287E-30));
#9322=DIRECTION('',(-1.,1.77635683940024E-15,-1.22464679914735E-16));
#9323=DIRECTION('',(0.,-1.,0.));
#9324=DIRECTION('',(1.,0.,1.22464679914735E-16));
#9325=DIRECTION('center_axis',(1.22464679914735E-16,0.,-1.));
#9326=DIRECTION('ref_axis',(-1.,0.,-1.22464679914735E-16));
#9327=DIRECTION('',(0.,-1.,0.));
#9328=DIRECTION('',(8.45884209238215E-15,1.,1.03590938929287E-30));
#9329=DIRECTION('',(-1.,1.77635683940024E-15,-1.22464679914735E-16));
#9330=DIRECTION('',(0.,-1.,0.));
#9331=DIRECTION('',(1.,0.,1.22464679914735E-16));
#9332=DIRECTION('center_axis',(1.22464679914735E-16,0.,-1.));
#9333=DIRECTION('ref_axis',(-1.,0.,-1.22464679914735E-16));
#9334=DIRECTION('',(0.,1.,0.));
#9335=DIRECTION('',(0.,-1.,0.));
#9336=DIRECTION('',(1.,0.,1.22464679914735E-16));
#9337=DIRECTION('',(8.45884209238215E-15,1.,1.03590938929287E-30));
#9338=DIRECTION('',(-1.,1.77635683940024E-15,-1.22464679914735E-16));
#9339=DIRECTION('center_axis',(1.22464679914735E-16,0.,-1.));
#9340=DIRECTION('ref_axis',(-1.,0.,-1.22464679914735E-16));
#9341=DIRECTION('',(0.,1.,0.));
#9342=DIRECTION('',(8.45884209238215E-15,1.,1.03590938929287E-30));
#9343=DIRECTION('',(-1.,1.77635683940024E-15,-1.22464679914735E-16));
#9344=DIRECTION('',(0.,-1.,0.));
#9345=DIRECTION('',(1.,0.,1.22464679914735E-16));
#9346=DIRECTION('center_axis',(1.22464679914735E-16,0.,-1.));
#9347=DIRECTION('ref_axis',(-1.,0.,-1.22464679914735E-16));
#9348=DIRECTION('',(0.,1.,0.));
#9349=DIRECTION('',(8.45884209238215E-15,1.,1.03590938929287E-30));
#9350=DIRECTION('',(-1.,2.66453525910037E-15,-1.22464679914735E-16));
#9351=DIRECTION('',(0.,-1.,0.));
#9352=DIRECTION('',(1.,0.,1.22464679914735E-16));
#9353=DIRECTION('center_axis',(1.22464679914735E-16,0.,-1.));
#9354=DIRECTION('ref_axis',(-1.,0.,-1.22464679914735E-16));
#9355=DIRECTION('',(0.,1.,0.));
#9356=DIRECTION('',(8.45884209238215E-15,1.,1.03590938929287E-30));
#9357=DIRECTION('',(-1.,2.66453525910037E-15,-1.22464679914735E-16));
#9358=DIRECTION('',(0.,-1.,0.));
#9359=DIRECTION('',(1.,0.,1.22464679914735E-16));
#9360=DIRECTION('center_axis',(1.22464679914735E-16,0.,-1.));
#9361=DIRECTION('ref_axis',(-1.,0.,-1.22464679914735E-16));
#9362=DIRECTION('',(0.,1.,0.));
#9363=DIRECTION('',(8.45884209238215E-15,1.,1.03590938929287E-30));
#9364=DIRECTION('',(-1.,2.66453525910037E-15,-1.22464679914735E-16));
#9365=DIRECTION('',(0.,-1.,0.));
#9366=DIRECTION('',(1.,0.,1.22464679914735E-16));
#9367=DIRECTION('center_axis',(1.22464679914735E-16,0.,-1.));
#9368=DIRECTION('ref_axis',(-1.,0.,-1.22464679914735E-16));
#9369=DIRECTION('',(0.,1.,0.));
#9370=DIRECTION('',(8.45884209238215E-15,1.,1.03590938929287E-30));
#9371=DIRECTION('',(-1.,2.66453525910037E-15,-1.22464679914735E-16));
#9372=DIRECTION('',(0.,-1.,0.));
#9373=DIRECTION('',(1.,0.,1.22464679914735E-16));
#9374=DIRECTION('center_axis',(1.22464679914735E-16,0.,-1.));
#9375=DIRECTION('ref_axis',(-1.,0.,-1.22464679914735E-16));
#9376=DIRECTION('',(0.,1.,0.));
#9377=DIRECTION('',(8.45884209238215E-15,1.,1.03590938929287E-30));
#9378=DIRECTION('',(-1.,1.77635683940024E-15,-1.22464679914735E-16));
#9379=DIRECTION('',(0.,-1.,0.));
#9380=DIRECTION('',(1.,0.,1.22464679914735E-16));
#9381=DIRECTION('center_axis',(1.22464679914735E-16,0.,-1.));
#9382=DIRECTION('ref_axis',(-1.,0.,-1.22464679914735E-16));
#9383=DIRECTION('',(0.,1.,0.));
#9384=DIRECTION('',(8.45884209238215E-15,1.,1.03590938929287E-30));
#9385=DIRECTION('',(-1.,1.77635683940024E-15,-1.22464679914735E-16));
#9386=DIRECTION('',(0.,-1.,0.));
#9387=DIRECTION('',(1.,0.,1.22464679914735E-16));
#9388=DIRECTION('center_axis',(1.22464679914735E-16,0.,-1.));
#9389=DIRECTION('ref_axis',(-1.,0.,-1.22464679914735E-16));
#9390=DIRECTION('',(0.,1.,0.));
#9391=DIRECTION('',(8.45884209238215E-15,1.,1.03590938929287E-30));
#9392=DIRECTION('',(-1.,1.77635683940024E-15,-1.22464679914735E-16));
#9393=DIRECTION('',(0.,-1.,0.));
#9394=DIRECTION('',(1.,0.,1.22464679914735E-16));
#9395=DIRECTION('center_axis',(1.22464679914735E-16,0.,-1.));
#9396=DIRECTION('ref_axis',(-1.,0.,-1.22464679914735E-16));
#9397=DIRECTION('',(0.,1.,0.));
#9398=DIRECTION('',(8.45884209238215E-15,1.,1.03590938929287E-30));
#9399=DIRECTION('',(-1.,1.77635683940024E-15,-1.22464679914735E-16));
#9400=DIRECTION('',(0.,-1.,0.));
#9401=DIRECTION('',(1.,5.55111512312578E-17,1.22464679914735E-16));
#9402=DIRECTION('center_axis',(1.22464679914735E-16,0.,-1.));
#9403=DIRECTION('ref_axis',(-1.,0.,-1.22464679914735E-16));
#9404=DIRECTION('',(0.,1.,0.));
#9405=DIRECTION('',(8.45884209238215E-15,1.,1.03590938929287E-30));
#9406=DIRECTION('',(-1.,1.88737914186276E-15,-1.22464679914735E-16));
#9407=DIRECTION('',(0.,-1.,0.));
#9408=DIRECTION('',(1.,0.,1.22464679914735E-16));
#9409=DIRECTION('center_axis',(1.22464679914735E-16,0.,-1.));
#9410=DIRECTION('ref_axis',(-1.,0.,-1.22464679914735E-16));
#9411=DIRECTION('',(0.,1.,0.));
#9412=DIRECTION('',(8.45884209238215E-15,1.,1.03590938929287E-30));
#9413=DIRECTION('',(-1.,1.77635683940024E-15,-1.22464679914735E-16));
#9414=DIRECTION('',(0.,-1.,0.));
#9415=DIRECTION('',(1.,0.,1.22464679914735E-16));
#9416=DIRECTION('center_axis',(1.22464679914735E-16,0.,-1.));
#9417=DIRECTION('ref_axis',(-1.,0.,-1.22464679914735E-16));
#9418=DIRECTION('',(0.,1.,0.));
#9419=DIRECTION('',(8.45884209238215E-15,1.,1.03590938929287E-30));
#9420=DIRECTION('',(-1.,1.77635683940024E-15,-1.22464679914735E-16));
#9421=DIRECTION('',(0.,-1.,0.));
#9422=DIRECTION('',(1.,0.,1.22464679914735E-16));
#9423=DIRECTION('center_axis',(1.22464679914735E-16,0.,-1.));
#9424=DIRECTION('ref_axis',(-1.,0.,-1.22464679914735E-16));
#9425=DIRECTION('',(0.,1.,0.));
#9426=DIRECTION('',(8.45884209238215E-15,1.,1.03590938929287E-30));
#9427=DIRECTION('',(-1.,1.77635683940024E-15,-1.22464679914735E-16));
#9428=DIRECTION('',(0.,-1.,0.));
#9429=DIRECTION('',(1.,0.,1.22464679914735E-16));
#9430=DIRECTION('center_axis',(1.22464679914735E-16,0.,-1.));
#9431=DIRECTION('ref_axis',(-1.,0.,-1.22464679914735E-16));
#9432=DIRECTION('',(0.,1.,0.));
#9433=DIRECTION('',(8.45884209238215E-15,1.,1.03590938929287E-30));
#9434=DIRECTION('',(-1.,2.66453525910037E-15,-1.22464679914735E-16));
#9435=DIRECTION('',(0.,-1.,0.));
#9436=DIRECTION('',(1.,0.,1.22464679914735E-16));
#9437=DIRECTION('center_axis',(1.22464679914735E-16,0.,-1.));
#9438=DIRECTION('ref_axis',(-1.,0.,-1.22464679914735E-16));
#9439=DIRECTION('',(0.,1.,0.));
#9440=DIRECTION('',(8.45884209238215E-15,1.,1.03590938929287E-30));
#9441=DIRECTION('',(-1.,2.66453525910037E-15,-1.22464679914735E-16));
#9442=DIRECTION('',(0.,-1.,0.));
#9443=DIRECTION('',(1.,0.,1.22464679914735E-16));
#9444=DIRECTION('center_axis',(1.22464679914735E-16,0.,-1.));
#9445=DIRECTION('ref_axis',(-1.,0.,-1.22464679914735E-16));
#9446=DIRECTION('',(0.,1.,0.));
#9447=DIRECTION('',(8.45884209238215E-15,1.,1.03590938929287E-30));
#9448=DIRECTION('',(-1.,2.66453525910037E-15,-1.22464679914735E-16));
#9449=DIRECTION('',(0.,-1.,0.));
#9450=DIRECTION('',(1.,0.,1.22464679914735E-16));
#9451=DIRECTION('center_axis',(1.22464679914735E-16,0.,-1.));
#9452=DIRECTION('ref_axis',(-1.,0.,-1.22464679914735E-16));
#9453=DIRECTION('',(0.,1.,0.));
#9454=DIRECTION('',(8.45884209238215E-15,1.,1.03590938929287E-30));
#9455=DIRECTION('',(-1.,2.66453525910037E-15,-1.22464679914735E-16));
#9456=DIRECTION('',(0.,-1.,0.));
#9457=DIRECTION('',(1.,0.,1.22464679914735E-16));
#9458=DIRECTION('center_axis',(1.22464679914735E-16,0.,-1.));
#9459=DIRECTION('ref_axis',(-1.,0.,-1.22464679914735E-16));
#9460=DIRECTION('',(0.,1.,0.));
#9461=DIRECTION('',(8.45884209238215E-15,1.,1.03590938929287E-30));
#9462=DIRECTION('',(-1.,1.77635683940024E-15,-1.22464679914735E-16));
#9463=DIRECTION('',(0.,-1.,0.));
#9464=DIRECTION('',(1.,0.,1.22464679914735E-16));
#9465=DIRECTION('center_axis',(1.22464679914735E-16,0.,-1.));
#9466=DIRECTION('ref_axis',(-1.,0.,-1.22464679914735E-16));
#9467=DIRECTION('',(0.,1.,0.));
#9468=DIRECTION('',(8.45884209238215E-15,1.,1.03590938929287E-30));
#9469=DIRECTION('',(-1.,1.77635683940024E-15,-1.22464679914735E-16));
#9470=DIRECTION('',(0.,-1.,0.));
#9471=DIRECTION('',(1.,0.,1.22464679914735E-16));
#9472=DIRECTION('center_axis',(1.22464679914735E-16,0.,-1.));
#9473=DIRECTION('ref_axis',(-1.,0.,-1.22464679914735E-16));
#9474=DIRECTION('',(0.,-1.,0.));
#9475=DIRECTION('',(8.45884209238215E-15,1.,1.03590938929287E-30));
#9476=DIRECTION('',(-1.,1.77635683940024E-15,-1.22464679914735E-16));
#9477=DIRECTION('',(0.,-1.,0.));
#9478=DIRECTION('',(1.,0.,1.22464679914735E-16));
#9479=DIRECTION('center_axis',(0.,1.,0.));
#9480=DIRECTION('ref_axis',(1.,0.,1.22464679914735E-16));
#9481=DIRECTION('',(1.,0.,1.22464679914735E-16));
#9482=DIRECTION('',(1.22464679914735E-16,0.,-1.));
#9483=DIRECTION('',(1.22464679914735E-16,0.,-1.));
#9484=DIRECTION('center_axis',(1.,0.,1.22464679914735E-16));
#9485=DIRECTION('ref_axis',(0.,-1.,0.));
#9486=DIRECTION('',(0.,-1.,0.));
#9487=DIRECTION('',(1.22464679914735E-16,0.,-1.));
#9488=DIRECTION('center_axis',(-2.66453525910037E-15,-1.,-3.26311457627253E-31));
#9489=DIRECTION('ref_axis',(-1.,2.66453525910037E-15,-1.22464679914735E-16));
#9490=DIRECTION('',(-1.,2.66453525910037E-15,-1.22464679914735E-16));
#9491=DIRECTION('',(1.22464679914735E-16,0.,-1.));
#9492=DIRECTION('center_axis',(-1.,8.45884209238215E-15,-1.22464679914735E-16));
#9493=DIRECTION('ref_axis',(8.45884209238215E-15,1.,1.03590938929287E-30));
#9494=DIRECTION('',(8.45884209238215E-15,1.,1.03590938929287E-30));
#9495=DIRECTION('center_axis',(0.,1.,0.));
#9496=DIRECTION('ref_axis',(1.,0.,1.22464679914735E-16));
#9497=DIRECTION('',(1.,0.,1.22464679914735E-16));
#9498=DIRECTION('',(1.22464679914735E-16,0.,-1.));
#9499=DIRECTION('',(1.22464679914735E-16,0.,-1.));
#9500=DIRECTION('center_axis',(1.,0.,1.22464679914735E-16));
#9501=DIRECTION('ref_axis',(0.,-1.,0.));
#9502=DIRECTION('',(0.,-1.,0.));
#9503=DIRECTION('',(1.22464679914735E-16,0.,-1.));
#9504=DIRECTION('center_axis',(-1.77635683940024E-15,-1.,-2.17540971751502E-31));
#9505=DIRECTION('ref_axis',(-1.,1.77635683940024E-15,-1.22464679914735E-16));
#9506=DIRECTION('',(-1.,1.77635683940024E-15,-1.22464679914735E-16));
#9507=DIRECTION('',(1.22464679914735E-16,0.,-1.));
#9508=DIRECTION('center_axis',(-1.,8.45884209238215E-15,-1.22464679914735E-16));
#9509=DIRECTION('ref_axis',(8.45884209238215E-15,1.,1.03590938929287E-30));
#9510=DIRECTION('',(8.45884209238215E-15,1.,1.03590938929287E-30));
#9511=DIRECTION('center_axis',(0.,1.,0.));
#9512=DIRECTION('ref_axis',(1.,0.,1.22464679914735E-16));
#9513=DIRECTION('',(1.,0.,1.22464679914735E-16));
#9514=DIRECTION('',(1.22464679914735E-16,0.,-1.));
#9515=DIRECTION('',(1.22464679914735E-16,0.,-1.));
#9516=DIRECTION('center_axis',(1.,0.,1.22464679914735E-16));
#9517=DIRECTION('ref_axis',(0.,-1.,0.));
#9518=DIRECTION('',(0.,-1.,0.));
#9519=DIRECTION('',(1.22464679914735E-16,0.,-1.));
#9520=DIRECTION('center_axis',(-1.77635683940024E-15,-1.,-2.17540971751502E-31));
#9521=DIRECTION('ref_axis',(-1.,1.77635683940024E-15,-1.22464679914735E-16));
#9522=DIRECTION('',(-1.,1.77635683940024E-15,-1.22464679914735E-16));
#9523=DIRECTION('',(1.22464679914735E-16,0.,-1.));
#9524=DIRECTION('center_axis',(-1.,8.45884209238215E-15,-1.22464679914735E-16));
#9525=DIRECTION('ref_axis',(8.45884209238215E-15,1.,1.03590938929287E-30));
#9526=DIRECTION('',(8.45884209238215E-15,1.,1.03590938929287E-30));
#9527=DIRECTION('center_axis',(0.,1.,0.));
#9528=DIRECTION('ref_axis',(1.,0.,1.22464679914735E-16));
#9529=DIRECTION('',(1.,0.,1.22464679914735E-16));
#9530=DIRECTION('',(1.22464679914735E-16,0.,-1.));
#9531=DIRECTION('',(1.22464679914735E-16,0.,-1.));
#9532=DIRECTION('center_axis',(1.,0.,1.22464679914735E-16));
#9533=DIRECTION('ref_axis',(0.,-1.,0.));
#9534=DIRECTION('',(0.,-1.,0.));
#9535=DIRECTION('',(1.22464679914735E-16,0.,-1.));
#9536=DIRECTION('center_axis',(-1.77635683940024E-15,-1.,-2.17540971751502E-31));
#9537=DIRECTION('ref_axis',(-1.,1.77635683940024E-15,-1.22464679914735E-16));
#9538=DIRECTION('',(-1.,1.77635683940024E-15,-1.22464679914735E-16));
#9539=DIRECTION('',(1.22464679914735E-16,0.,-1.));
#9540=DIRECTION('center_axis',(-1.,8.45884209238215E-15,-1.22464679914735E-16));
#9541=DIRECTION('ref_axis',(8.45884209238215E-15,1.,1.03590938929287E-30));
#9542=DIRECTION('',(8.45884209238215E-15,1.,1.03590938929287E-30));
#9543=DIRECTION('center_axis',(0.,1.,0.));
#9544=DIRECTION('ref_axis',(1.,0.,1.22464679914735E-16));
#9545=DIRECTION('',(1.,0.,1.22464679914735E-16));
#9546=DIRECTION('',(1.22464679914735E-16,0.,-1.));
#9547=DIRECTION('',(1.22464679914735E-16,0.,-1.));
#9548=DIRECTION('center_axis',(1.,0.,1.22464679914735E-16));
#9549=DIRECTION('ref_axis',(0.,-1.,0.));
#9550=DIRECTION('',(0.,-1.,0.));
#9551=DIRECTION('',(1.22464679914735E-16,0.,-1.));
#9552=DIRECTION('center_axis',(-1.77635683940024E-15,-1.,-2.17540971751502E-31));
#9553=DIRECTION('ref_axis',(-1.,1.77635683940024E-15,-1.22464679914735E-16));
#9554=DIRECTION('',(-1.,1.77635683940024E-15,-1.22464679914735E-16));
#9555=DIRECTION('',(1.22464679914735E-16,0.,-1.));
#9556=DIRECTION('center_axis',(-1.,8.45884209238215E-15,-1.22464679914735E-16));
#9557=DIRECTION('ref_axis',(8.45884209238215E-15,1.,1.03590938929287E-30));
#9558=DIRECTION('',(8.45884209238215E-15,1.,1.03590938929287E-30));
#9559=DIRECTION('center_axis',(0.,1.,0.));
#9560=DIRECTION('ref_axis',(1.,0.,1.22464679914735E-16));
#9561=DIRECTION('',(1.,0.,1.22464679914735E-16));
#9562=DIRECTION('',(1.22464679914735E-16,0.,-1.));
#9563=DIRECTION('',(1.22464679914735E-16,0.,-1.));
#9564=DIRECTION('center_axis',(1.,0.,1.22464679914735E-16));
#9565=DIRECTION('ref_axis',(0.,-1.,0.));
#9566=DIRECTION('',(0.,-1.,0.));
#9567=DIRECTION('',(1.22464679914735E-16,0.,-1.));
#9568=DIRECTION('center_axis',(-2.66453525910037E-15,-1.,-3.26311457627253E-31));
#9569=DIRECTION('ref_axis',(-1.,2.66453525910037E-15,-1.22464679914735E-16));
#9570=DIRECTION('',(-1.,2.66453525910037E-15,-1.22464679914735E-16));
#9571=DIRECTION('',(1.22464679914735E-16,0.,-1.));
#9572=DIRECTION('center_axis',(-1.,8.45884209238215E-15,-1.22464679914735E-16));
#9573=DIRECTION('ref_axis',(8.45884209238215E-15,1.,1.03590938929287E-30));
#9574=DIRECTION('',(8.45884209238215E-15,1.,1.03590938929287E-30));
#9575=DIRECTION('center_axis',(0.,1.,0.));
#9576=DIRECTION('ref_axis',(1.,0.,1.22464679914735E-16));
#9577=DIRECTION('',(1.,0.,1.22464679914735E-16));
#9578=DIRECTION('',(1.22464679914735E-16,0.,-1.));
#9579=DIRECTION('',(1.22464679914735E-16,0.,-1.));
#9580=DIRECTION('center_axis',(1.,0.,1.22464679914735E-16));
#9581=DIRECTION('ref_axis',(0.,-1.,0.));
#9582=DIRECTION('',(0.,-1.,0.));
#9583=DIRECTION('',(1.22464679914735E-16,0.,-1.));
#9584=DIRECTION('center_axis',(-2.66453525910037E-15,-1.,-3.26311457627253E-31));
#9585=DIRECTION('ref_axis',(-1.,2.66453525910037E-15,-1.22464679914735E-16));
#9586=DIRECTION('',(-1.,2.66453525910037E-15,-1.22464679914735E-16));
#9587=DIRECTION('',(1.22464679914735E-16,0.,-1.));
#9588=DIRECTION('center_axis',(-1.,8.45884209238215E-15,-1.22464679914735E-16));
#9589=DIRECTION('ref_axis',(8.45884209238215E-15,1.,1.03590938929287E-30));
#9590=DIRECTION('',(8.45884209238215E-15,1.,1.03590938929287E-30));
#9591=DIRECTION('center_axis',(0.,1.,0.));
#9592=DIRECTION('ref_axis',(1.,0.,1.22464679914735E-16));
#9593=DIRECTION('',(1.,0.,1.22464679914735E-16));
#9594=DIRECTION('',(1.22464679914735E-16,0.,-1.));
#9595=DIRECTION('',(1.22464679914735E-16,0.,-1.));
#9596=DIRECTION('center_axis',(1.,0.,1.22464679914735E-16));
#9597=DIRECTION('ref_axis',(0.,-1.,0.));
#9598=DIRECTION('',(0.,-1.,0.));
#9599=DIRECTION('',(1.22464679914735E-16,0.,-1.));
#9600=DIRECTION('center_axis',(-1.77635683940024E-15,-1.,-2.17540971751502E-31));
#9601=DIRECTION('ref_axis',(-1.,1.77635683940024E-15,-1.22464679914735E-16));
#9602=DIRECTION('',(-1.,1.77635683940024E-15,-1.22464679914735E-16));
#9603=DIRECTION('',(1.22464679914735E-16,0.,-1.));
#9604=DIRECTION('center_axis',(-1.,8.45884209238215E-15,-1.22464679914735E-16));
#9605=DIRECTION('ref_axis',(8.45884209238215E-15,1.,1.03590938929287E-30));
#9606=DIRECTION('',(8.45884209238215E-15,1.,1.03590938929287E-30));
#9607=DIRECTION('center_axis',(0.,1.,0.));
#9608=DIRECTION('ref_axis',(1.,0.,1.22464679914735E-16));
#9609=DIRECTION('',(1.,0.,1.22464679914735E-16));
#9610=DIRECTION('',(1.22464679914735E-16,0.,-1.));
#9611=DIRECTION('',(1.22464679914735E-16,0.,-1.));
#9612=DIRECTION('center_axis',(1.,0.,1.22464679914735E-16));
#9613=DIRECTION('ref_axis',(0.,-1.,0.));
#9614=DIRECTION('',(0.,-1.,0.));
#9615=DIRECTION('',(1.22464679914735E-16,0.,-1.));
#9616=DIRECTION('center_axis',(-2.66453525910037E-15,-1.,-3.26311457627253E-31));
#9617=DIRECTION('ref_axis',(-1.,2.66453525910037E-15,-1.22464679914735E-16));
#9618=DIRECTION('',(-1.,2.66453525910037E-15,-1.22464679914735E-16));
#9619=DIRECTION('',(1.22464679914735E-16,0.,-1.));
#9620=DIRECTION('center_axis',(-1.,8.45884209238215E-15,-1.22464679914735E-16));
#9621=DIRECTION('ref_axis',(8.45884209238215E-15,1.,1.03590938929287E-30));
#9622=DIRECTION('',(8.45884209238215E-15,1.,1.03590938929287E-30));
#9623=DIRECTION('center_axis',(0.,1.,0.));
#9624=DIRECTION('ref_axis',(1.,0.,1.22464679914735E-16));
#9625=DIRECTION('',(1.,0.,1.22464679914735E-16));
#9626=DIRECTION('',(1.22464679914735E-16,0.,-1.));
#9627=DIRECTION('',(1.22464679914735E-16,0.,-1.));
#9628=DIRECTION('center_axis',(1.,0.,1.22464679914735E-16));
#9629=DIRECTION('ref_axis',(0.,-1.,0.));
#9630=DIRECTION('',(0.,-1.,0.));
#9631=DIRECTION('',(1.22464679914735E-16,0.,-1.));
#9632=DIRECTION('center_axis',(-2.66453525910037E-15,-1.,-3.26311457627253E-31));
#9633=DIRECTION('ref_axis',(-1.,2.66453525910037E-15,-1.22464679914735E-16));
#9634=DIRECTION('',(-1.,2.66453525910037E-15,-1.22464679914735E-16));
#9635=DIRECTION('',(1.22464679914735E-16,0.,-1.));
#9636=DIRECTION('center_axis',(-1.,8.45884209238215E-15,-1.22464679914735E-16));
#9637=DIRECTION('ref_axis',(8.45884209238215E-15,1.,1.03590938929287E-30));
#9638=DIRECTION('',(8.45884209238215E-15,1.,1.03590938929287E-30));
#9639=DIRECTION('center_axis',(0.,1.,0.));
#9640=DIRECTION('ref_axis',(1.,0.,1.22464679914735E-16));
#9641=DIRECTION('',(1.,0.,1.22464679914735E-16));
#9642=DIRECTION('',(1.22464679914735E-16,0.,-1.));
#9643=DIRECTION('',(1.22464679914735E-16,0.,-1.));
#9644=DIRECTION('center_axis',(1.,0.,1.22464679914735E-16));
#9645=DIRECTION('ref_axis',(0.,-1.,0.));
#9646=DIRECTION('',(0.,-1.,0.));
#9647=DIRECTION('',(1.22464679914735E-16,0.,-1.));
#9648=DIRECTION('center_axis',(-1.77635683940024E-15,-1.,-2.17540971751502E-31));
#9649=DIRECTION('ref_axis',(-1.,1.77635683940024E-15,-1.22464679914735E-16));
#9650=DIRECTION('',(-1.,1.77635683940024E-15,-1.22464679914735E-16));
#9651=DIRECTION('',(1.22464679914735E-16,0.,-1.));
#9652=DIRECTION('center_axis',(-1.,8.45884209238215E-15,-1.22464679914735E-16));
#9653=DIRECTION('ref_axis',(8.45884209238215E-15,1.,1.03590938929287E-30));
#9654=DIRECTION('',(8.45884209238215E-15,1.,1.03590938929287E-30));
#9655=DIRECTION('center_axis',(-1.77635683940024E-15,-1.,-2.17540971751502E-31));
#9656=DIRECTION('ref_axis',(-1.,1.77635683940024E-15,-1.22464679914735E-16));
#9657=DIRECTION('',(-1.,1.77635683940024E-15,-1.22464679914735E-16));
#9658=DIRECTION('',(1.22464679914735E-16,0.,-1.));
#9659=DIRECTION('',(1.22464679914735E-16,0.,-1.));
#9660=DIRECTION('center_axis',(-1.,8.45884209238215E-15,-1.22464679914735E-16));
#9661=DIRECTION('ref_axis',(8.45884209238215E-15,1.,1.03590938929287E-30));
#9662=DIRECTION('',(8.45884209238215E-15,1.,1.03590938929287E-30));
#9663=DIRECTION('',(1.22464679914735E-16,0.,-1.));
#9664=DIRECTION('center_axis',(0.,1.,0.));
#9665=DIRECTION('ref_axis',(1.,0.,1.22464679914735E-16));
#9666=DIRECTION('',(1.,0.,1.22464679914735E-16));
#9667=DIRECTION('',(1.22464679914735E-16,0.,-1.));
#9668=DIRECTION('center_axis',(1.,0.,1.22464679914735E-16));
#9669=DIRECTION('ref_axis',(0.,-1.,0.));
#9670=DIRECTION('',(0.,-1.,0.));
#9671=DIRECTION('center_axis',(0.,1.,0.));
#9672=DIRECTION('ref_axis',(1.,0.,1.22464679914735E-16));
#9673=DIRECTION('',(1.,0.,1.22464679914735E-16));
#9674=DIRECTION('',(1.22464679914735E-16,0.,-1.));
#9675=DIRECTION('',(1.22464679914735E-16,0.,-1.));
#9676=DIRECTION('center_axis',(1.,0.,1.22464679914735E-16));
#9677=DIRECTION('ref_axis',(0.,-1.,0.));
#9678=DIRECTION('',(0.,-1.,0.));
#9679=DIRECTION('',(1.22464679914735E-16,0.,-1.));
#9680=DIRECTION('center_axis',(-2.66453525910037E-15,-1.,-3.26311457627253E-31));
#9681=DIRECTION('ref_axis',(-1.,2.66453525910037E-15,-1.22464679914735E-16));
#9682=DIRECTION('',(-1.,2.66453525910037E-15,-1.22464679914735E-16));
#9683=DIRECTION('',(1.22464679914735E-16,0.,-1.));
#9684=DIRECTION('center_axis',(-1.,8.45884209238215E-15,-1.22464679914735E-16));
#9685=DIRECTION('ref_axis',(8.45884209238215E-15,1.,1.03590938929287E-30));
#9686=DIRECTION('',(8.45884209238215E-15,1.,1.03590938929287E-30));
#9687=DIRECTION('center_axis',(0.,1.,0.));
#9688=DIRECTION('ref_axis',(1.,0.,1.22464679914735E-16));
#9689=DIRECTION('',(1.,0.,1.22464679914735E-16));
#9690=DIRECTION('',(1.22464679914735E-16,0.,-1.));
#9691=DIRECTION('',(1.22464679914735E-16,0.,-1.));
#9692=DIRECTION('center_axis',(1.,0.,1.22464679914735E-16));
#9693=DIRECTION('ref_axis',(0.,-1.,0.));
#9694=DIRECTION('',(0.,-1.,0.));
#9695=DIRECTION('',(1.22464679914735E-16,0.,-1.));
#9696=DIRECTION('center_axis',(-1.77635683940024E-15,-1.,-2.17540971751502E-31));
#9697=DIRECTION('ref_axis',(-1.,1.77635683940024E-15,-1.22464679914735E-16));
#9698=DIRECTION('',(-1.,1.77635683940024E-15,-1.22464679914735E-16));
#9699=DIRECTION('',(1.22464679914735E-16,0.,-1.));
#9700=DIRECTION('center_axis',(-1.,8.45884209238215E-15,-1.22464679914735E-16));
#9701=DIRECTION('ref_axis',(8.45884209238215E-15,1.,1.03590938929287E-30));
#9702=DIRECTION('',(8.45884209238215E-15,1.,1.03590938929287E-30));
#9703=DIRECTION('center_axis',(0.,1.,0.));
#9704=DIRECTION('ref_axis',(1.,0.,1.22464679914735E-16));
#9705=DIRECTION('',(1.,0.,1.22464679914735E-16));
#9706=DIRECTION('',(1.22464679914735E-16,0.,-1.));
#9707=DIRECTION('',(1.22464679914735E-16,0.,-1.));
#9708=DIRECTION('center_axis',(1.,0.,1.22464679914735E-16));
#9709=DIRECTION('ref_axis',(0.,-1.,0.));
#9710=DIRECTION('',(0.,-1.,0.));
#9711=DIRECTION('',(1.22464679914735E-16,0.,-1.));
#9712=DIRECTION('center_axis',(-2.66453525910037E-15,-1.,-3.26311457627253E-31));
#9713=DIRECTION('ref_axis',(-1.,2.66453525910037E-15,-1.22464679914735E-16));
#9714=DIRECTION('',(-1.,2.66453525910037E-15,-1.22464679914735E-16));
#9715=DIRECTION('',(1.22464679914735E-16,0.,-1.));
#9716=DIRECTION('center_axis',(-1.,8.45884209238215E-15,-1.22464679914735E-16));
#9717=DIRECTION('ref_axis',(8.45884209238215E-15,1.,1.03590938929287E-30));
#9718=DIRECTION('',(8.45884209238215E-15,1.,1.03590938929287E-30));
#9719=DIRECTION('center_axis',(0.,1.,0.));
#9720=DIRECTION('ref_axis',(1.,0.,1.22464679914735E-16));
#9721=DIRECTION('',(1.,0.,1.22464679914735E-16));
#9722=DIRECTION('',(1.22464679914735E-16,0.,-1.));
#9723=DIRECTION('',(1.22464679914735E-16,0.,-1.));
#9724=DIRECTION('center_axis',(1.,0.,1.22464679914735E-16));
#9725=DIRECTION('ref_axis',(0.,-1.,0.));
#9726=DIRECTION('',(0.,-1.,0.));
#9727=DIRECTION('',(1.22464679914735E-16,0.,-1.));
#9728=DIRECTION('center_axis',(-1.77635683940024E-15,-1.,-2.17540971751502E-31));
#9729=DIRECTION('ref_axis',(-1.,1.77635683940024E-15,-1.22464679914735E-16));
#9730=DIRECTION('',(-1.,1.77635683940024E-15,-1.22464679914735E-16));
#9731=DIRECTION('',(1.22464679914735E-16,0.,-1.));
#9732=DIRECTION('center_axis',(-1.,8.45884209238215E-15,-1.22464679914735E-16));
#9733=DIRECTION('ref_axis',(8.45884209238215E-15,1.,1.03590938929287E-30));
#9734=DIRECTION('',(8.45884209238215E-15,1.,1.03590938929287E-30));
#9735=DIRECTION('center_axis',(0.,1.,0.));
#9736=DIRECTION('ref_axis',(1.,0.,1.22464679914735E-16));
#9737=DIRECTION('',(1.,0.,1.22464679914735E-16));
#9738=DIRECTION('',(1.22464679914735E-16,0.,-1.));
#9739=DIRECTION('',(1.22464679914735E-16,0.,-1.));
#9740=DIRECTION('center_axis',(1.,0.,1.22464679914735E-16));
#9741=DIRECTION('ref_axis',(0.,-1.,0.));
#9742=DIRECTION('',(0.,-1.,0.));
#9743=DIRECTION('',(1.22464679914735E-16,0.,-1.));
#9744=DIRECTION('center_axis',(-1.77635683940024E-15,-1.,-2.17540971751502E-31));
#9745=DIRECTION('ref_axis',(-1.,1.77635683940024E-15,-1.22464679914735E-16));
#9746=DIRECTION('',(-1.,1.77635683940024E-15,-1.22464679914735E-16));
#9747=DIRECTION('',(1.22464679914735E-16,0.,-1.));
#9748=DIRECTION('center_axis',(-1.,8.45884209238215E-15,-1.22464679914735E-16));
#9749=DIRECTION('ref_axis',(8.45884209238215E-15,1.,1.03590938929287E-30));
#9750=DIRECTION('',(8.45884209238215E-15,1.,1.03590938929287E-30));
#9751=DIRECTION('center_axis',(0.,1.,0.));
#9752=DIRECTION('ref_axis',(1.,0.,1.22464679914735E-16));
#9753=DIRECTION('',(1.,0.,1.22464679914735E-16));
#9754=DIRECTION('',(1.22464679914735E-16,0.,-1.));
#9755=DIRECTION('',(1.22464679914735E-16,0.,-1.));
#9756=DIRECTION('center_axis',(1.,0.,1.22464679914735E-16));
#9757=DIRECTION('ref_axis',(0.,-1.,0.));
#9758=DIRECTION('',(0.,-1.,0.));
#9759=DIRECTION('',(1.22464679914735E-16,0.,-1.));
#9760=DIRECTION('center_axis',(-1.77635683940024E-15,-1.,-2.17540971751502E-31));
#9761=DIRECTION('ref_axis',(-1.,1.77635683940024E-15,-1.22464679914735E-16));
#9762=DIRECTION('',(-1.,1.77635683940024E-15,-1.22464679914735E-16));
#9763=DIRECTION('',(1.22464679914735E-16,0.,-1.));
#9764=DIRECTION('center_axis',(-1.,8.45884209238215E-15,-1.22464679914735E-16));
#9765=DIRECTION('ref_axis',(8.45884209238215E-15,1.,1.03590938929287E-30));
#9766=DIRECTION('',(8.45884209238215E-15,1.,1.03590938929287E-30));
#9767=DIRECTION('center_axis',(-5.55111512312578E-17,1.,-6.79815536723446E-33));
#9768=DIRECTION('ref_axis',(1.,5.55111512312578E-17,1.22464679914735E-16));
#9769=DIRECTION('',(1.,5.55111512312578E-17,1.22464679914735E-16));
#9770=DIRECTION('',(1.22464679914735E-16,0.,-1.));
#9771=DIRECTION('',(1.22464679914735E-16,0.,-1.));
#9772=DIRECTION('center_axis',(1.,0.,1.22464679914735E-16));
#9773=DIRECTION('ref_axis',(0.,-1.,0.));
#9774=DIRECTION('',(0.,-1.,0.));
#9775=DIRECTION('',(1.22464679914735E-16,0.,-1.));
#9776=DIRECTION('center_axis',(-1.77635683940024E-15,-1.,-2.17540971751502E-31));
#9777=DIRECTION('ref_axis',(-1.,1.77635683940024E-15,-1.22464679914735E-16));
#9778=DIRECTION('',(-1.,1.77635683940024E-15,-1.22464679914735E-16));
#9779=DIRECTION('',(1.22464679914735E-16,0.,-1.));
#9780=DIRECTION('center_axis',(-1.,8.45884209238215E-15,-1.22464679914735E-16));
#9781=DIRECTION('ref_axis',(8.45884209238215E-15,1.,1.03590938929287E-30));
#9782=DIRECTION('',(8.45884209238215E-15,1.,1.03590938929287E-30));
#9783=DIRECTION('center_axis',(0.,1.,0.));
#9784=DIRECTION('ref_axis',(1.,0.,1.22464679914735E-16));
#9785=DIRECTION('',(1.,0.,1.22464679914735E-16));
#9786=DIRECTION('',(1.22464679914735E-16,0.,-1.));
#9787=DIRECTION('',(1.22464679914735E-16,0.,-1.));
#9788=DIRECTION('center_axis',(1.,0.,1.22464679914735E-16));
#9789=DIRECTION('ref_axis',(0.,-1.,0.));
#9790=DIRECTION('',(0.,-1.,0.));
#9791=DIRECTION('',(1.22464679914735E-16,0.,-1.));
#9792=DIRECTION('center_axis',(-1.88737914186276E-15,-1.,-2.31137282485971E-31));
#9793=DIRECTION('ref_axis',(-1.,1.88737914186276E-15,-1.22464679914735E-16));
#9794=DIRECTION('',(-1.,1.88737914186276E-15,-1.22464679914735E-16));
#9795=DIRECTION('',(1.22464679914735E-16,0.,-1.));
#9796=DIRECTION('center_axis',(-1.,8.45884209238215E-15,-1.22464679914735E-16));
#9797=DIRECTION('ref_axis',(8.45884209238215E-15,1.,1.03590938929287E-30));
#9798=DIRECTION('',(8.45884209238215E-15,1.,1.03590938929287E-30));
#9799=DIRECTION('center_axis',(-5.55111512312578E-17,1.,-6.79815536723446E-33));
#9800=DIRECTION('ref_axis',(1.,5.55111512312578E-17,1.22464679914735E-16));
#9801=DIRECTION('',(1.,5.55111512312578E-17,1.22464679914735E-16));
#9802=DIRECTION('',(1.22464679914735E-16,0.,-1.));
#9803=DIRECTION('',(1.22464679914735E-16,0.,-1.));
#9804=DIRECTION('center_axis',(1.,0.,1.22464679914735E-16));
#9805=DIRECTION('ref_axis',(0.,-1.,0.));
#9806=DIRECTION('',(0.,-1.,0.));
#9807=DIRECTION('',(1.22464679914735E-16,0.,-1.));
#9808=DIRECTION('center_axis',(-1.77635683940024E-15,-1.,-2.17540971751502E-31));
#9809=DIRECTION('ref_axis',(-1.,1.77635683940024E-15,-1.22464679914735E-16));
#9810=DIRECTION('',(-1.,1.77635683940024E-15,-1.22464679914735E-16));
#9811=DIRECTION('',(1.22464679914735E-16,0.,-1.));
#9812=DIRECTION('center_axis',(-1.,8.45884209238215E-15,-1.22464679914735E-16));
#9813=DIRECTION('ref_axis',(8.45884209238215E-15,1.,1.03590938929287E-30));
#9814=DIRECTION('',(8.45884209238215E-15,1.,1.03590938929287E-30));
#9815=DIRECTION('center_axis',(0.,1.,0.));
#9816=DIRECTION('ref_axis',(1.,0.,1.22464679914735E-16));
#9817=DIRECTION('',(1.,0.,1.22464679914735E-16));
#9818=DIRECTION('',(1.22464679914735E-16,0.,-1.));
#9819=DIRECTION('',(1.22464679914735E-16,0.,-1.));
#9820=DIRECTION('center_axis',(1.,0.,1.22464679914735E-16));
#9821=DIRECTION('ref_axis',(0.,-1.,0.));
#9822=DIRECTION('',(0.,-1.,0.));
#9823=DIRECTION('',(1.22464679914735E-16,0.,-1.));
#9824=DIRECTION('center_axis',(-1.88737914186276E-15,-1.,-2.31137282485971E-31));
#9825=DIRECTION('ref_axis',(-1.,1.88737914186276E-15,-1.22464679914735E-16));
#9826=DIRECTION('',(-1.,1.88737914186276E-15,-1.22464679914735E-16));
#9827=DIRECTION('',(1.22464679914735E-16,0.,-1.));
#9828=DIRECTION('center_axis',(-1.,8.45884209238215E-15,-1.22464679914735E-16));
#9829=DIRECTION('ref_axis',(8.45884209238215E-15,1.,1.03590938929287E-30));
#9830=DIRECTION('',(8.45884209238215E-15,1.,1.03590938929287E-30));
#9831=DIRECTION('center_axis',(0.,1.,0.));
#9832=DIRECTION('ref_axis',(1.,0.,1.22464679914735E-16));
#9833=DIRECTION('',(1.,0.,1.22464679914735E-16));
#9834=DIRECTION('',(1.22464679914735E-16,0.,-1.));
#9835=DIRECTION('',(1.22464679914735E-16,0.,-1.));
#9836=DIRECTION('center_axis',(1.,0.,1.22464679914735E-16));
#9837=DIRECTION('ref_axis',(0.,-1.,0.));
#9838=DIRECTION('',(0.,-1.,0.));
#9839=DIRECTION('',(1.22464679914735E-16,0.,-1.));
#9840=DIRECTION('center_axis',(-2.66453525910037E-15,-1.,-3.26311457627253E-31));
#9841=DIRECTION('ref_axis',(-1.,2.66453525910037E-15,-1.22464679914735E-16));
#9842=DIRECTION('',(-1.,2.66453525910037E-15,-1.22464679914735E-16));
#9843=DIRECTION('',(1.22464679914735E-16,0.,-1.));
#9844=DIRECTION('center_axis',(-1.,8.45884209238215E-15,-1.22464679914735E-16));
#9845=DIRECTION('ref_axis',(8.45884209238215E-15,1.,1.03590938929287E-30));
#9846=DIRECTION('',(8.45884209238215E-15,1.,1.03590938929287E-30));
#9847=DIRECTION('center_axis',(0.,1.,0.));
#9848=DIRECTION('ref_axis',(1.,0.,1.22464679914735E-16));
#9849=DIRECTION('',(1.,0.,1.22464679914735E-16));
#9850=DIRECTION('',(1.22464679914735E-16,0.,-1.));
#9851=DIRECTION('',(1.22464679914735E-16,0.,-1.));
#9852=DIRECTION('center_axis',(1.,0.,1.22464679914735E-16));
#9853=DIRECTION('ref_axis',(0.,-1.,0.));
#9854=DIRECTION('',(0.,-1.,0.));
#9855=DIRECTION('',(1.22464679914735E-16,0.,-1.));
#9856=DIRECTION('center_axis',(-1.77635683940024E-15,-1.,-2.17540971751502E-31));
#9857=DIRECTION('ref_axis',(-1.,1.77635683940024E-15,-1.22464679914735E-16));
#9858=DIRECTION('',(-1.,1.77635683940024E-15,-1.22464679914735E-16));
#9859=DIRECTION('',(1.22464679914735E-16,0.,-1.));
#9860=DIRECTION('center_axis',(-1.,8.45884209238215E-15,-1.22464679914735E-16));
#9861=DIRECTION('ref_axis',(8.45884209238215E-15,1.,1.03590938929287E-30));
#9862=DIRECTION('',(8.45884209238215E-15,1.,1.03590938929287E-30));
#9863=DIRECTION('center_axis',(0.,1.,0.));
#9864=DIRECTION('ref_axis',(1.,0.,1.22464679914735E-16));
#9865=DIRECTION('',(1.,0.,1.22464679914735E-16));
#9866=DIRECTION('',(1.22464679914735E-16,0.,-1.));
#9867=DIRECTION('',(1.22464679914735E-16,0.,-1.));
#9868=DIRECTION('center_axis',(1.,0.,1.22464679914735E-16));
#9869=DIRECTION('ref_axis',(0.,-1.,0.));
#9870=DIRECTION('',(0.,-1.,0.));
#9871=DIRECTION('',(1.22464679914735E-16,0.,-1.));
#9872=DIRECTION('center_axis',(-2.66453525910037E-15,-1.,-3.26311457627253E-31));
#9873=DIRECTION('ref_axis',(-1.,2.66453525910037E-15,-1.22464679914735E-16));
#9874=DIRECTION('',(-1.,2.66453525910037E-15,-1.22464679914735E-16));
#9875=DIRECTION('',(1.22464679914735E-16,0.,-1.));
#9876=DIRECTION('center_axis',(-1.,8.45884209238215E-15,-1.22464679914735E-16));
#9877=DIRECTION('ref_axis',(8.45884209238215E-15,1.,1.03590938929287E-30));
#9878=DIRECTION('',(8.45884209238215E-15,1.,1.03590938929287E-30));
#9879=DIRECTION('center_axis',(0.,1.,0.));
#9880=DIRECTION('ref_axis',(1.,0.,1.22464679914735E-16));
#9881=DIRECTION('',(1.,0.,1.22464679914735E-16));
#9882=DIRECTION('',(1.22464679914735E-16,0.,-1.));
#9883=DIRECTION('',(1.22464679914735E-16,0.,-1.));
#9884=DIRECTION('center_axis',(1.,0.,1.22464679914735E-16));
#9885=DIRECTION('ref_axis',(0.,-1.,0.));
#9886=DIRECTION('',(0.,-1.,0.));
#9887=DIRECTION('',(1.22464679914735E-16,0.,-1.));
#9888=DIRECTION('center_axis',(-2.66453525910037E-15,-1.,-3.26311457627253E-31));
#9889=DIRECTION('ref_axis',(-1.,2.66453525910037E-15,-1.22464679914735E-16));
#9890=DIRECTION('',(-1.,2.66453525910037E-15,-1.22464679914735E-16));
#9891=DIRECTION('',(1.22464679914735E-16,0.,-1.));
#9892=DIRECTION('center_axis',(-1.,8.45884209238215E-15,-1.22464679914735E-16));
#9893=DIRECTION('ref_axis',(8.45884209238215E-15,1.,1.03590938929287E-30));
#9894=DIRECTION('',(8.45884209238215E-15,1.,1.03590938929287E-30));
#9895=DIRECTION('center_axis',(0.,1.,0.));
#9896=DIRECTION('ref_axis',(1.,0.,1.22464679914735E-16));
#9897=DIRECTION('',(1.,0.,1.22464679914735E-16));
#9898=DIRECTION('',(1.22464679914735E-16,0.,-1.));
#9899=DIRECTION('',(1.22464679914735E-16,0.,-1.));
#9900=DIRECTION('center_axis',(1.,0.,1.22464679914735E-16));
#9901=DIRECTION('ref_axis',(0.,-1.,0.));
#9902=DIRECTION('',(0.,-1.,0.));
#9903=DIRECTION('',(1.22464679914735E-16,0.,-1.));
#9904=DIRECTION('center_axis',(-2.66453525910037E-15,-1.,-3.26311457627253E-31));
#9905=DIRECTION('ref_axis',(-1.,2.66453525910037E-15,-1.22464679914735E-16));
#9906=DIRECTION('',(-1.,2.66453525910037E-15,-1.22464679914735E-16));
#9907=DIRECTION('',(1.22464679914735E-16,0.,-1.));
#9908=DIRECTION('center_axis',(-1.,8.45884209238215E-15,-1.22464679914735E-16));
#9909=DIRECTION('ref_axis',(8.45884209238215E-15,1.,1.03590938929287E-30));
#9910=DIRECTION('',(8.45884209238215E-15,1.,1.03590938929287E-30));
#9911=DIRECTION('center_axis',(0.,1.,0.));
#9912=DIRECTION('ref_axis',(1.,0.,1.22464679914735E-16));
#9913=DIRECTION('',(1.,0.,1.22464679914735E-16));
#9914=DIRECTION('',(1.22464679914735E-16,0.,-1.));
#9915=DIRECTION('',(1.22464679914735E-16,0.,-1.));
#9916=DIRECTION('center_axis',(1.,0.,1.22464679914735E-16));
#9917=DIRECTION('ref_axis',(0.,-1.,0.));
#9918=DIRECTION('',(0.,-1.,0.));
#9919=DIRECTION('',(1.22464679914735E-16,0.,-1.));
#9920=DIRECTION('center_axis',(-2.66453525910037E-15,-1.,-3.26311457627253E-31));
#9921=DIRECTION('ref_axis',(-1.,2.66453525910037E-15,-1.22464679914735E-16));
#9922=DIRECTION('',(-1.,2.66453525910037E-15,-1.22464679914735E-16));
#9923=DIRECTION('',(1.22464679914735E-16,0.,-1.));
#9924=DIRECTION('center_axis',(-1.,8.45884209238215E-15,-1.22464679914735E-16));
#9925=DIRECTION('ref_axis',(8.45884209238215E-15,1.,1.03590938929287E-30));
#9926=DIRECTION('',(8.45884209238215E-15,1.,1.03590938929287E-30));
#9927=DIRECTION('center_axis',(0.,1.,0.));
#9928=DIRECTION('ref_axis',(1.,0.,1.22464679914735E-16));
#9929=DIRECTION('',(1.,0.,1.22464679914735E-16));
#9930=DIRECTION('',(1.22464679914735E-16,0.,-1.));
#9931=DIRECTION('',(1.22464679914735E-16,0.,-1.));
#9932=DIRECTION('center_axis',(1.,0.,1.22464679914735E-16));
#9933=DIRECTION('ref_axis',(0.,-1.,0.));
#9934=DIRECTION('',(0.,-1.,0.));
#9935=DIRECTION('',(1.22464679914735E-16,0.,-1.));
#9936=DIRECTION('center_axis',(-2.66453525910037E-15,-1.,-3.26311457627253E-31));
#9937=DIRECTION('ref_axis',(-1.,2.66453525910037E-15,-1.22464679914735E-16));
#9938=DIRECTION('',(-1.,2.66453525910037E-15,-1.22464679914735E-16));
#9939=DIRECTION('',(1.22464679914735E-16,0.,-1.));
#9940=DIRECTION('center_axis',(-1.,8.45884209238215E-15,-1.22464679914735E-16));
#9941=DIRECTION('ref_axis',(8.45884209238215E-15,1.,1.03590938929287E-30));
#9942=DIRECTION('',(8.45884209238215E-15,1.,1.03590938929287E-30));
#9943=DIRECTION('center_axis',(0.,1.,0.));
#9944=DIRECTION('ref_axis',(1.,0.,1.22464679914735E-16));
#9945=DIRECTION('',(1.,0.,1.22464679914735E-16));
#9946=DIRECTION('',(1.22464679914735E-16,0.,-1.));
#9947=DIRECTION('',(1.22464679914735E-16,0.,-1.));
#9948=DIRECTION('center_axis',(1.,0.,1.22464679914735E-16));
#9949=DIRECTION('ref_axis',(0.,-1.,0.));
#9950=DIRECTION('',(0.,-1.,0.));
#9951=DIRECTION('',(1.22464679914735E-16,0.,-1.));
#9952=DIRECTION('center_axis',(-1.77635683940024E-15,-1.,-2.17540971751502E-31));
#9953=DIRECTION('ref_axis',(-1.,1.77635683940024E-15,-1.22464679914735E-16));
#9954=DIRECTION('',(-1.,1.77635683940024E-15,-1.22464679914735E-16));
#9955=DIRECTION('',(1.22464679914735E-16,0.,-1.));
#9956=DIRECTION('center_axis',(-1.,8.45884209238215E-15,-1.22464679914735E-16));
#9957=DIRECTION('ref_axis',(8.45884209238215E-15,1.,1.03590938929287E-30));
#9958=DIRECTION('',(8.45884209238215E-15,1.,1.03590938929287E-30));
#9959=DIRECTION('center_axis',(0.,1.,0.));
#9960=DIRECTION('ref_axis',(1.,0.,1.22464679914735E-16));
#9961=DIRECTION('',(1.,0.,1.22464679914735E-16));
#9962=DIRECTION('',(1.22464679914735E-16,0.,-1.));
#9963=DIRECTION('',(1.22464679914735E-16,0.,-1.));
#9964=DIRECTION('center_axis',(1.,0.,1.22464679914735E-16));
#9965=DIRECTION('ref_axis',(0.,-1.,0.));
#9966=DIRECTION('',(0.,-1.,0.));
#9967=DIRECTION('',(1.22464679914735E-16,0.,-1.));
#9968=DIRECTION('center_axis',(-1.77635683940024E-15,-1.,-2.17540971751502E-31));
#9969=DIRECTION('ref_axis',(-1.,1.77635683940024E-15,-1.22464679914735E-16));
#9970=DIRECTION('',(-1.,1.77635683940024E-15,-1.22464679914735E-16));
#9971=DIRECTION('',(1.22464679914735E-16,0.,-1.));
#9972=DIRECTION('center_axis',(-1.,8.45884209238215E-15,-1.22464679914735E-16));
#9973=DIRECTION('ref_axis',(8.45884209238215E-15,1.,1.03590938929287E-30));
#9974=DIRECTION('',(8.45884209238215E-15,1.,1.03590938929287E-30));
#9975=DIRECTION('center_axis',(0.,1.,0.));
#9976=DIRECTION('ref_axis',(1.,0.,1.22464679914735E-16));
#9977=DIRECTION('',(1.,0.,1.22464679914735E-16));
#9978=DIRECTION('',(1.22464679914735E-16,0.,-1.));
#9979=DIRECTION('',(1.22464679914735E-16,0.,-1.));
#9980=DIRECTION('center_axis',(1.,0.,1.22464679914735E-16));
#9981=DIRECTION('ref_axis',(0.,-1.,0.));
#9982=DIRECTION('',(0.,-1.,0.));
#9983=DIRECTION('',(1.22464679914735E-16,0.,-1.));
#9984=DIRECTION('center_axis',(-1.77635683940024E-15,-1.,-2.17540971751502E-31));
#9985=DIRECTION('ref_axis',(-1.,1.77635683940024E-15,-1.22464679914735E-16));
#9986=DIRECTION('',(-1.,1.77635683940024E-15,-1.22464679914735E-16));
#9987=DIRECTION('',(1.22464679914735E-16,0.,-1.));
#9988=DIRECTION('center_axis',(-1.,8.45884209238215E-15,-1.22464679914735E-16));
#9989=DIRECTION('ref_axis',(8.45884209238215E-15,1.,1.03590938929287E-30));
#9990=DIRECTION('',(8.45884209238215E-15,1.,1.03590938929287E-30));
#9991=DIRECTION('center_axis',(0.,1.,0.));
#9992=DIRECTION('ref_axis',(1.,0.,1.22464679914735E-16));
#9993=DIRECTION('',(1.,0.,1.22464679914735E-16));
#9994=DIRECTION('',(1.22464679914735E-16,0.,-1.));
#9995=DIRECTION('',(1.22464679914735E-16,0.,-1.));
#9996=DIRECTION('center_axis',(1.,0.,1.22464679914735E-16));
#9997=DIRECTION('ref_axis',(0.,-1.,0.));
#9998=DIRECTION('',(0.,-1.,0.));
#9999=DIRECTION('',(1.22464679914735E-16,0.,-1.));
#10000=DIRECTION('center_axis',(-2.66453525910037E-15,-1.,-3.26311457627253E-31));
#10001=DIRECTION('ref_axis',(-1.,2.66453525910037E-15,-1.22464679914735E-16));
#10002=DIRECTION('',(-1.,2.66453525910037E-15,-1.22464679914735E-16));
#10003=DIRECTION('',(1.22464679914735E-16,0.,-1.));
#10004=DIRECTION('center_axis',(-1.,8.45884209238215E-15,-1.22464679914735E-16));
#10005=DIRECTION('ref_axis',(8.45884209238215E-15,1.,1.03590938929287E-30));
#10006=DIRECTION('',(8.45884209238215E-15,1.,1.03590938929287E-30));
#10007=DIRECTION('center_axis',(0.,1.,0.));
#10008=DIRECTION('ref_axis',(1.,0.,1.22464679914735E-16));
#10009=DIRECTION('',(1.,0.,1.22464679914735E-16));
#10010=DIRECTION('',(1.22464679914735E-16,0.,-1.));
#10011=DIRECTION('',(1.22464679914735E-16,0.,-1.));
#10012=DIRECTION('center_axis',(1.,0.,1.22464679914735E-16));
#10013=DIRECTION('ref_axis',(0.,-1.,0.));
#10014=DIRECTION('',(0.,-1.,0.));
#10015=DIRECTION('',(1.22464679914735E-16,0.,-1.));
#10016=DIRECTION('center_axis',(-2.66453525910037E-15,-1.,-3.26311457627253E-31));
#10017=DIRECTION('ref_axis',(-1.,2.66453525910037E-15,-1.22464679914735E-16));
#10018=DIRECTION('',(-1.,2.66453525910037E-15,-1.22464679914735E-16));
#10019=DIRECTION('',(1.22464679914735E-16,0.,-1.));
#10020=DIRECTION('center_axis',(-1.,8.45884209238215E-15,-1.22464679914735E-16));
#10021=DIRECTION('ref_axis',(8.45884209238215E-15,1.,1.03590938929287E-30));
#10022=DIRECTION('',(8.45884209238215E-15,1.,1.03590938929287E-30));
#10023=DIRECTION('center_axis',(0.,1.,0.));
#10024=DIRECTION('ref_axis',(1.,0.,1.22464679914735E-16));
#10025=DIRECTION('',(1.,0.,1.22464679914735E-16));
#10026=DIRECTION('',(1.22464679914735E-16,0.,-1.));
#10027=DIRECTION('',(1.22464679914735E-16,0.,-1.));
#10028=DIRECTION('center_axis',(1.,0.,1.22464679914735E-16));
#10029=DIRECTION('ref_axis',(0.,-1.,0.));
#10030=DIRECTION('',(0.,-1.,0.));
#10031=DIRECTION('',(1.22464679914735E-16,0.,-1.));
#10032=DIRECTION('center_axis',(-2.66453525910037E-15,-1.,-3.26311457627253E-31));
#10033=DIRECTION('ref_axis',(-1.,2.66453525910037E-15,-1.22464679914735E-16));
#10034=DIRECTION('',(-1.,2.66453525910037E-15,-1.22464679914735E-16));
#10035=DIRECTION('',(1.22464679914735E-16,0.,-1.));
#10036=DIRECTION('center_axis',(-1.,8.45884209238215E-15,-1.22464679914735E-16));
#10037=DIRECTION('ref_axis',(8.45884209238215E-15,1.,1.03590938929287E-30));
#10038=DIRECTION('',(8.45884209238215E-15,1.,1.03590938929287E-30));
#10039=DIRECTION('center_axis',(0.,1.,0.));
#10040=DIRECTION('ref_axis',(1.,0.,1.22464679914735E-16));
#10041=DIRECTION('',(1.,0.,1.22464679914735E-16));
#10042=DIRECTION('',(1.22464679914735E-16,0.,-1.));
#10043=DIRECTION('',(1.22464679914735E-16,0.,-1.));
#10044=DIRECTION('center_axis',(1.,0.,1.22464679914735E-16));
#10045=DIRECTION('ref_axis',(0.,-1.,0.));
#10046=DIRECTION('',(0.,-1.,0.));
#10047=DIRECTION('',(1.22464679914735E-16,0.,-1.));
#10048=DIRECTION('center_axis',(-1.77635683940024E-15,-1.,-2.17540971751502E-31));
#10049=DIRECTION('ref_axis',(-1.,1.77635683940024E-15,-1.22464679914735E-16));
#10050=DIRECTION('',(-1.,1.77635683940024E-15,-1.22464679914735E-16));
#10051=DIRECTION('',(1.22464679914735E-16,0.,-1.));
#10052=DIRECTION('center_axis',(-1.,8.45884209238215E-15,-1.22464679914735E-16));
#10053=DIRECTION('ref_axis',(8.45884209238215E-15,1.,1.03590938929287E-30));
#10054=DIRECTION('',(8.45884209238215E-15,1.,1.03590938929287E-30));
#10055=DIRECTION('center_axis',(0.,1.,0.));
#10056=DIRECTION('ref_axis',(1.,0.,1.22464679914735E-16));
#10057=DIRECTION('',(1.,0.,1.22464679914735E-16));
#10058=DIRECTION('',(1.22464679914735E-16,0.,-1.));
#10059=DIRECTION('',(1.22464679914735E-16,0.,-1.));
#10060=DIRECTION('center_axis',(1.,0.,1.22464679914735E-16));
#10061=DIRECTION('ref_axis',(0.,-1.,0.));
#10062=DIRECTION('',(0.,-1.,0.));
#10063=DIRECTION('',(1.22464679914735E-16,0.,-1.));
#10064=DIRECTION('center_axis',(-1.77635683940024E-15,-1.,-2.17540971751502E-31));
#10065=DIRECTION('ref_axis',(-1.,1.77635683940024E-15,-1.22464679914735E-16));
#10066=DIRECTION('',(-1.,1.77635683940024E-15,-1.22464679914735E-16));
#10067=DIRECTION('',(1.22464679914735E-16,0.,-1.));
#10068=DIRECTION('center_axis',(-1.,8.45884209238215E-15,-1.22464679914735E-16));
#10069=DIRECTION('ref_axis',(8.45884209238215E-15,1.,1.03590938929287E-30));
#10070=DIRECTION('',(8.45884209238215E-15,1.,1.03590938929287E-30));
#10071=DIRECTION('center_axis',(0.,1.,0.));
#10072=DIRECTION('ref_axis',(1.,0.,1.22464679914735E-16));
#10073=DIRECTION('',(1.,0.,1.22464679914735E-16));
#10074=DIRECTION('',(1.22464679914735E-16,0.,-1.));
#10075=DIRECTION('',(1.22464679914735E-16,0.,-1.));
#10076=DIRECTION('center_axis',(1.,0.,1.22464679914735E-16));
#10077=DIRECTION('ref_axis',(0.,-1.,0.));
#10078=DIRECTION('',(0.,-1.,0.));
#10079=DIRECTION('',(1.22464679914735E-16,0.,-1.));
#10080=DIRECTION('center_axis',(-1.77635683940024E-15,-1.,-2.17540971751502E-31));
#10081=DIRECTION('ref_axis',(-1.,1.77635683940024E-15,-1.22464679914735E-16));
#10082=DIRECTION('',(-1.,1.77635683940024E-15,-1.22464679914735E-16));
#10083=DIRECTION('',(1.22464679914735E-16,0.,-1.));
#10084=DIRECTION('center_axis',(-1.,8.45884209238215E-15,-1.22464679914735E-16));
#10085=DIRECTION('ref_axis',(8.45884209238215E-15,1.,1.03590938929287E-30));
#10086=DIRECTION('',(8.45884209238215E-15,1.,1.03590938929287E-30));
#10087=DIRECTION('center_axis',(0.,1.,0.));
#10088=DIRECTION('ref_axis',(1.,0.,1.22464679914735E-16));
#10089=DIRECTION('',(1.,0.,1.22464679914735E-16));
#10090=DIRECTION('',(1.22464679914735E-16,0.,-1.));
#10091=DIRECTION('',(1.22464679914735E-16,0.,-1.));
#10092=DIRECTION('center_axis',(1.,0.,1.22464679914735E-16));
#10093=DIRECTION('ref_axis',(0.,-1.,0.));
#10094=DIRECTION('',(0.,-1.,0.));
#10095=DIRECTION('',(1.22464679914735E-16,0.,-1.));
#10096=DIRECTION('center_axis',(-1.77635683940024E-15,-1.,-2.17540971751502E-31));
#10097=DIRECTION('ref_axis',(-1.,1.77635683940024E-15,-1.22464679914735E-16));
#10098=DIRECTION('',(-1.,1.77635683940024E-15,-1.22464679914735E-16));
#10099=DIRECTION('',(1.22464679914735E-16,0.,-1.));
#10100=DIRECTION('center_axis',(-1.,8.45884209238215E-15,-1.22464679914735E-16));
#10101=DIRECTION('ref_axis',(8.45884209238215E-15,1.,1.03590938929287E-30));
#10102=DIRECTION('',(8.45884209238215E-15,1.,1.03590938929287E-30));
#10103=DIRECTION('center_axis',(0.,1.,0.));
#10104=DIRECTION('ref_axis',(1.,0.,1.22464679914735E-16));
#10105=DIRECTION('',(1.,0.,1.22464679914735E-16));
#10106=DIRECTION('',(1.22464679914735E-16,0.,-1.));
#10107=DIRECTION('',(1.22464679914735E-16,0.,-1.));
#10108=DIRECTION('center_axis',(1.,0.,1.22464679914735E-16));
#10109=DIRECTION('ref_axis',(0.,-1.,0.));
#10110=DIRECTION('',(0.,-1.,0.));
#10111=DIRECTION('',(1.22464679914735E-16,0.,-1.));
#10112=DIRECTION('center_axis',(-1.77635683940024E-15,-1.,-2.17540971751502E-31));
#10113=DIRECTION('ref_axis',(-1.,1.77635683940024E-15,-1.22464679914735E-16));
#10114=DIRECTION('',(-1.,1.77635683940024E-15,-1.22464679914735E-16));
#10115=DIRECTION('',(1.22464679914735E-16,0.,-1.));
#10116=DIRECTION('center_axis',(-1.,8.45884209238215E-15,-1.22464679914735E-16));
#10117=DIRECTION('ref_axis',(8.45884209238215E-15,1.,1.03590938929287E-30));
#10118=DIRECTION('',(8.45884209238215E-15,1.,1.03590938929287E-30));
#10119=DIRECTION('center_axis',(0.,-1.,0.));
#10120=DIRECTION('ref_axis',(-1.,0.,-1.22464679914735E-16));
#10121=DIRECTION('',(-1.,0.,-1.22464679914735E-16));
#10122=DIRECTION('',(1.22464679914735E-16,0.,-1.));
#10123=DIRECTION('',(1.22464679914735E-16,0.,-1.));
#10124=DIRECTION('center_axis',(1.,0.,1.22464679914735E-16));
#10125=DIRECTION('ref_axis',(0.,-1.,0.));
#10126=DIRECTION('',(0.,-1.,0.));
#10127=DIRECTION('',(1.22464679914735E-16,0.,-1.));
#10128=DIRECTION('center_axis',(0.,1.,0.));
#10129=DIRECTION('ref_axis',(1.,0.,1.22464679914735E-16));
#10130=DIRECTION('',(1.,0.,1.22464679914735E-16));
#10131=DIRECTION('',(1.22464679914735E-16,0.,-1.));
#10132=DIRECTION('center_axis',(-1.,0.,-1.22464679914735E-16));
#10133=DIRECTION('ref_axis',(0.,1.,0.));
#10134=DIRECTION('',(0.,1.,0.));
#10135=DIRECTION('center_axis',(1.22464679914735E-16,0.,-1.));
#10136=DIRECTION('ref_axis',(-1.,0.,-1.22464679914735E-16));
#10137=DIRECTION('axis',(0.,0.,1.));
#10138=DIRECTION('refdir',(1.,0.,0.));
#10139=DIRECTION('center_axis',(0.,0.,-1.));
#10140=DIRECTION('ref_axis',(-0.986935410712116,-0.16111640227645,0.));
#10141=DIRECTION('',(0.,0.,-1.));
#10142=DIRECTION('center_axis',(0.,0.,-1.));
#10143=DIRECTION('ref_axis',(-1.,0.,0.));
#10144=DIRECTION('center_axis',(0.,0.,-1.));
#10145=DIRECTION('ref_axis',(-1.,0.,0.));
#10146=DIRECTION('',(0.,0.,-1.));
#10147=DIRECTION('center_axis',(0.,0.,-1.));
#10148=DIRECTION('ref_axis',(-1.,0.,0.));
#10149=DIRECTION('',(0.,0.,-1.));
#10150=DIRECTION('center_axis',(0.,0.,-1.));
#10151=DIRECTION('ref_axis',(-1.,0.,0.));
#10152=DIRECTION('',(0.,0.,-1.));
#10153=DIRECTION('center_axis',(0.,0.,-1.));
#10154=DIRECTION('ref_axis',(-1.,0.,0.));
#10155=DIRECTION('',(0.,0.,-1.));
#10156=DIRECTION('center_axis',(0.,0.,-1.));
#10157=DIRECTION('ref_axis',(-1.,0.,0.));
#10158=DIRECTION('center_axis',(0.,0.,1.));
#10159=DIRECTION('ref_axis',(1.,0.,0.));
#10160=DIRECTION('center_axis',(0.,0.,1.));
#10161=DIRECTION('ref_axis',(1.,0.,0.));
#10162=DIRECTION('center_axis',(0.,0.,-1.));
#10163=DIRECTION('ref_axis',(-1.,0.,0.));
#10164=DIRECTION('center_axis',(0.,0.,1.));
#10165=DIRECTION('ref_axis',(1.,0.,0.));
#10166=DIRECTION('center_axis',(0.,0.,1.));
#10167=DIRECTION('ref_axis',(1.,0.,0.));
#10168=DIRECTION('',(0.,0.,-1.));
#10169=DIRECTION('center_axis',(0.,0.,1.));
#10170=DIRECTION('ref_axis',(1.,0.,0.));
#10171=DIRECTION('center_axis',(0.,0.,-1.));
#10172=DIRECTION('ref_axis',(-0.935488311136762,-0.353357637141875,0.));
#10173=DIRECTION('',(0.,0.,1.));
#10174=DIRECTION('center_axis',(0.,0.,1.));
#10175=DIRECTION('ref_axis',(1.,0.,0.));
#10176=DIRECTION('center_axis',(0.,0.,-1.));
#10177=DIRECTION('ref_axis',(1.,0.,0.));
#10178=DIRECTION('',(0.,0.,1.));
#10179=DIRECTION('center_axis',(0.,0.,1.));
#10180=DIRECTION('ref_axis',(1.,0.,0.));
#10181=DIRECTION('center_axis',(0.,0.,-1.));
#10182=DIRECTION('ref_axis',(1.,0.,0.));
#10183=DIRECTION('',(0.,0.,1.));
#10184=DIRECTION('center_axis',(0.,0.,-1.));
#10185=DIRECTION('ref_axis',(1.,0.,0.));
#10186=DIRECTION('',(0.,0.,1.));
#10187=DIRECTION('center_axis',(0.,0.,-1.));
#10188=DIRECTION('ref_axis',(1.,0.,0.));
#10189=DIRECTION('',(0.,0.,1.));
#10190=DIRECTION('center_axis',(0.,0.,-1.));
#10191=DIRECTION('ref_axis',(1.,0.,0.));
#10192=DIRECTION('',(0.,0.,1.));
#10193=DIRECTION('center_axis',(0.,0.,-1.));
#10194=DIRECTION('ref_axis',(1.,0.,0.));
#10195=DIRECTION('',(0.,0.,1.));
#10196=DIRECTION('center_axis',(0.,0.,1.));
#10197=DIRECTION('ref_axis',(1.,0.,0.));
#10198=DIRECTION('center_axis',(0.,0.,1.));
#10199=DIRECTION('ref_axis',(1.,0.,0.));
#10200=DIRECTION('center_axis',(0.,0.,-1.));
#10201=DIRECTION('ref_axis',(0.773908245542442,0.63329773999393,0.));
#10202=DIRECTION('center_axis',(0.,0.,1.));
#10203=DIRECTION('ref_axis',(-1.,0.,0.));
#10204=DIRECTION('center_axis',(0.,0.,1.));
#10205=DIRECTION('ref_axis',(-1.,0.,0.));
#10206=DIRECTION('center_axis',(0.,0.,1.));
#10207=DIRECTION('ref_axis',(-1.,0.,0.));
#10208=DIRECTION('center_axis',(0.,0.,1.));
#10209=DIRECTION('ref_axis',(-1.,0.,0.));
#10210=DIRECTION('',(0.,0.,-1.));
#10211=DIRECTION('center_axis',(0.,0.,1.));
#10212=DIRECTION('ref_axis',(-1.,0.,0.));
#10213=DIRECTION('center_axis',(0.,0.,1.));
#10214=DIRECTION('ref_axis',(-1.,0.,0.));
#10215=DIRECTION('center_axis',(0.,0.,-1.));
#10216=DIRECTION('ref_axis',(-1.,0.,0.));
#10217=DIRECTION('center_axis',(0.,0.,1.));
#10218=DIRECTION('ref_axis',(1.,0.,0.));
#10219=DIRECTION('center_axis',(0.,0.,1.));
#10220=DIRECTION('ref_axis',(-1.,0.,0.));
#10221=DIRECTION('',(0.,0.,1.));
#10222=DIRECTION('center_axis',(0.,0.,-1.));
#10223=DIRECTION('ref_axis',(-1.,0.,0.));
#10224=DIRECTION('center_axis',(0.,0.,1.));
#10225=DIRECTION('ref_axis',(1.,0.,0.));
#10226=DIRECTION('center_axis',(0.,0.,1.));
#10227=DIRECTION('ref_axis',(1.,0.,0.));
#10228=DIRECTION('',(0.,0.,1.));
#10229=DIRECTION('center_axis',(0.,0.,1.));
#10230=DIRECTION('ref_axis',(1.,0.,0.));
#10231=DIRECTION('center_axis',(0.,0.,1.));
#10232=DIRECTION('ref_axis',(1.,0.,0.));
#10233=DIRECTION('',(0.,0.,1.));
#10234=DIRECTION('center_axis',(0.,0.,-1.));
#10235=DIRECTION('ref_axis',(1.,0.,0.));
#10236=DIRECTION('center_axis',(0.,0.,1.));
#10237=DIRECTION('ref_axis',(-1.,0.,0.));
#10238=DIRECTION('center_axis',(0.,0.,-1.));
#10239=DIRECTION('ref_axis',(-1.,0.,0.));
#10240=DIRECTION('center_axis',(0.,0.,1.));
#10241=DIRECTION('ref_axis',(-1.,0.,0.));
#10242=DIRECTION('',(0.,0.,1.));
#10243=DIRECTION('center_axis',(0.,0.,-1.));
#10244=DIRECTION('ref_axis',(-1.,0.,0.));
#10245=DIRECTION('center_axis',(0.,0.,1.));
#10246=DIRECTION('ref_axis',(1.,0.,0.));
#10247=DIRECTION('center_axis',(0.,0.,1.));
#10248=DIRECTION('ref_axis',(1.,0.,0.));
#10249=DIRECTION('',(0.,0.,-1.));
#10250=DIRECTION('center_axis',(0.,0.,-1.));
#10251=DIRECTION('ref_axis',(1.,0.,0.));
#10252=DIRECTION('',(0.,0.,1.));
#10253=DIRECTION('center_axis',(1.,0.,0.));
#10254=DIRECTION('ref_axis',(0.,1.,0.));
#10255=DIRECTION('',(0.,-1.,0.));
#10256=DIRECTION('',(0.,0.,-1.));
#10257=DIRECTION('',(0.,1.,0.));
#10258=DIRECTION('center_axis',(0.,0.,-1.));
#10259=DIRECTION('ref_axis',(-0.588069770853811,-0.808810203081011,0.));
#10260=DIRECTION('center_axis',(0.,0.,-1.));
#10261=DIRECTION('ref_axis',(-0.588069770853811,-0.808810203081011,0.));
#10262=DIRECTION('',(0.,0.,1.));
#10263=DIRECTION('center_axis',(0.,0.,1.));
#10264=DIRECTION('ref_axis',(-0.588069770853811,-0.808810203081011,0.));
#10265=DIRECTION('',(0.,0.,-1.));
#10266=DIRECTION('center_axis',(0.,0.,1.));
#10267=DIRECTION('ref_axis',(-0.843391445812886,-0.537299608346823,0.));
#10268=DIRECTION('center_axis',(0.,0.,-1.));
#10269=DIRECTION('ref_axis',(-0.843391445812886,-0.537299608346823,0.));
#10270=DIRECTION('',(0.,0.,-1.));
#10271=DIRECTION('center_axis',(0.,0.,1.));
#10272=DIRECTION('ref_axis',(-0.843391445812886,-0.537299608346823,0.));
#10273=DIRECTION('center_axis',(-1.,0.,0.));
#10274=DIRECTION('ref_axis',(0.,-1.,0.));
#10275=DIRECTION('',(0.,-1.,0.));
#10276=DIRECTION('',(0.,0.,1.));
#10277=DIRECTION('',(0.,1.,0.));
#10278=DIRECTION('center_axis',(0.,0.,1.));
#10279=DIRECTION('ref_axis',(1.,0.,0.));
#10280=DIRECTION('center_axis',(0.,0.,1.));
#10281=DIRECTION('ref_axis',(1.,0.,0.));
#10282=DIRECTION('center_axis',(0.,0.,1.));
#10283=DIRECTION('ref_axis',(1.,0.,0.));
#10284=DIRECTION('center_axis',(0.,0.,1.));
#10285=DIRECTION('ref_axis',(0.745766493311186,-0.666207428249143,0.));
#10286=DIRECTION('center_axis',(0.,0.,-1.));
#10287=DIRECTION('ref_axis',(1.,0.,0.));
#10288=DIRECTION('center_axis',(0.,0.,1.));
#10289=DIRECTION('ref_axis',(1.,0.,0.));
#10290=DIRECTION('center_axis',(0.,0.,-1.));
#10291=DIRECTION('ref_axis',(1.,0.,0.));
#10292=DIRECTION('',(0.,0.,-1.));
#10293=DIRECTION('center_axis',(0.,0.,1.));
#10294=DIRECTION('ref_axis',(1.,0.,0.));
#10295=DIRECTION('center_axis',(0.,0.,1.));
#10296=DIRECTION('ref_axis',(0.745766493311186,-0.666207428249143,0.));
#10297=DIRECTION('',(0.,0.,-1.));
#10298=DIRECTION('center_axis',(0.,0.,-1.));
#10299=DIRECTION('ref_axis',(0.745766493311186,-0.666207428249143,0.));
#10300=DIRECTION('center_axis',(0.,0.,-1.));
#10301=DIRECTION('ref_axis',(1.,0.,0.));
#10302=DIRECTION('center_axis',(0.,0.,-1.));
#10303=DIRECTION('ref_axis',(1.,0.,0.));
#10304=DIRECTION('',(0.,0.,1.));
#10305=DIRECTION('center_axis',(0.,0.,1.));
#10306=DIRECTION('ref_axis',(1.,0.,0.));
#10307=DIRECTION('center_axis',(0.,0.,1.));
#10308=DIRECTION('ref_axis',(1.,0.,0.));
#10309=DIRECTION('center_axis',(0.,0.,1.));
#10310=DIRECTION('ref_axis',(1.,0.,0.));
#10311=DIRECTION('center_axis',(0.,0.,1.));
#10312=DIRECTION('ref_axis',(1.,0.,0.));
#10313=DIRECTION('center_axis',(0.,0.,1.));
#10314=DIRECTION('ref_axis',(1.,0.,0.));
#10315=DIRECTION('center_axis',(0.,0.,-1.));
#10316=DIRECTION('ref_axis',(1.,0.,0.));
#10317=DIRECTION('center_axis',(0.,0.,1.));
#10318=DIRECTION('ref_axis',(1.,0.,0.));
#10319=DIRECTION('center_axis',(0.,0.,-1.));
#10320=DIRECTION('ref_axis',(-1.,0.,0.));
#10321=DIRECTION('center_axis',(0.,0.,-1.));
#10322=DIRECTION('ref_axis',(1.,0.,0.));
#10323=DIRECTION('',(0.,0.,1.));
#10324=DIRECTION('center_axis',(0.,0.,1.));
#10325=DIRECTION('ref_axis',(1.,0.,0.));
#10326=DIRECTION('center_axis',(0.,0.,-1.));
#10327=DIRECTION('ref_axis',(-1.,0.,0.));
#10328=DIRECTION('center_axis',(0.,0.,-1.));
#10329=DIRECTION('ref_axis',(-1.,0.,0.));
#10330=DIRECTION('',(0.,0.,1.));
#10331=DIRECTION('center_axis',(0.,0.,-1.));
#10332=DIRECTION('ref_axis',(-1.,0.,0.));
#10333=DIRECTION('center_axis',(0.,0.,-1.));
#10334=DIRECTION('ref_axis',(-1.,0.,0.));
#10335=DIRECTION('',(0.,0.,1.));
#10336=DIRECTION('center_axis',(0.,0.,1.));
#10337=DIRECTION('ref_axis',(-1.,0.,0.));
#10338=DIRECTION('center_axis',(0.,0.,-1.));
#10339=DIRECTION('ref_axis',(1.,0.,0.));
#10340=DIRECTION('center_axis',(0.,0.,1.));
#10341=DIRECTION('ref_axis',(1.,0.,0.));
#10342=DIRECTION('center_axis',(0.,0.,-1.));
#10343=DIRECTION('ref_axis',(1.,0.,0.));
#10344=DIRECTION('',(0.,0.,1.));
#10345=DIRECTION('center_axis',(0.,0.,1.));
#10346=DIRECTION('ref_axis',(1.,0.,0.));
#10347=DIRECTION('center_axis',(0.,0.,-1.));
#10348=DIRECTION('ref_axis',(-1.,0.,0.));
#10349=DIRECTION('center_axis',(0.,0.,-1.));
#10350=DIRECTION('ref_axis',(-1.,0.,0.));
#10351=DIRECTION('',(0.,0.,1.));
#10352=DIRECTION('center_axis',(0.,0.,1.));
#10353=DIRECTION('ref_axis',(-1.,0.,0.));
#10354=DIRECTION('',(0.,0.,-1.));
#10355=DIRECTION('center_axis',(1.,0.,0.));
#10356=DIRECTION('ref_axis',(0.,1.,0.));
#10357=DIRECTION('',(0.,1.,0.));
#10358=DIRECTION('',(0.,0.,-1.));
#10359=DIRECTION('',(0.,-1.,0.));
#10360=DIRECTION('center_axis',(0.,0.,1.));
#10361=DIRECTION('ref_axis',(0.588069770853811,-0.808810203081011,0.));
#10362=DIRECTION('center_axis',(0.,0.,1.));
#10363=DIRECTION('ref_axis',(0.588069770853811,-0.808810203081011,0.));
#10364=DIRECTION('',(0.,0.,-1.));
#10365=DIRECTION('center_axis',(0.,0.,-1.));
#10366=DIRECTION('ref_axis',(0.588069770853811,-0.808810203081011,0.));
#10367=DIRECTION('',(0.,0.,1.));
#10368=DIRECTION('center_axis',(0.,0.,-1.));
#10369=DIRECTION('ref_axis',(0.843391445812886,-0.537299608346823,0.));
#10370=DIRECTION('center_axis',(0.,0.,-1.));
#10371=DIRECTION('ref_axis',(0.843391445812886,-0.537299608346823,0.));
#10372=DIRECTION('',(0.,0.,-1.));
#10373=DIRECTION('center_axis',(0.,0.,1.));
#10374=DIRECTION('ref_axis',(0.843391445812886,-0.537299608346823,0.));
#10375=DIRECTION('center_axis',(-1.,0.,0.));
#10376=DIRECTION('ref_axis',(0.,-1.,0.));
#10377=DIRECTION('',(0.,1.,0.));
#10378=DIRECTION('',(0.,0.,1.));
#10379=DIRECTION('',(0.,-1.,0.));
#10380=DIRECTION('center_axis',(0.,0.,-1.));
#10381=DIRECTION('ref_axis',(-1.,0.,0.));
#10382=DIRECTION('center_axis',(0.,0.,-1.));
#10383=DIRECTION('ref_axis',(-1.,0.,0.));
#10384=DIRECTION('center_axis',(0.,0.,1.));
#10385=DIRECTION('ref_axis',(-1.,0.,0.));
#10386=DIRECTION('center_axis',(0.,0.,-1.));
#10387=DIRECTION('ref_axis',(-0.745766493311186,-0.666207428249143,0.));
#10388=DIRECTION('center_axis',(0.,0.,-1.));
#10389=DIRECTION('ref_axis',(-1.,0.,0.));
#10390=DIRECTION('center_axis',(0.,0.,-1.));
#10391=DIRECTION('ref_axis',(-1.,0.,0.));
#10392=DIRECTION('center_axis',(0.,0.,1.));
#10393=DIRECTION('ref_axis',(-1.,0.,0.));
#10394=DIRECTION('center_axis',(0.,0.,-1.));
#10395=DIRECTION('ref_axis',(-1.,0.,0.));
#10396=DIRECTION('',(0.,0.,-1.));
#10397=DIRECTION('center_axis',(0.,0.,-1.));
#10398=DIRECTION('ref_axis',(-0.745766493311186,-0.666207428249143,0.));
#10399=DIRECTION('center_axis',(0.,0.,1.));
#10400=DIRECTION('ref_axis',(-0.745766493311186,-0.666207428249143,0.));
#10401=DIRECTION('',(0.,0.,-1.));
#10402=DIRECTION('center_axis',(0.,0.,1.));
#10403=DIRECTION('ref_axis',(-1.,0.,0.));
#10404=DIRECTION('center_axis',(0.,0.,1.));
#10405=DIRECTION('ref_axis',(-1.,0.,0.));
#10406=DIRECTION('',(0.,0.,1.));
#10407=DIRECTION('center_axis',(0.,0.,-1.));
#10408=DIRECTION('ref_axis',(-1.,0.,0.));
#10409=DIRECTION('center_axis',(0.,0.,-1.));
#10410=DIRECTION('ref_axis',(-1.,0.,0.));
#10411=DIRECTION('center_axis',(0.,0.,-1.));
#10412=DIRECTION('ref_axis',(-1.,0.,0.));
#10413=DIRECTION('center_axis',(0.,0.,-1.));
#10414=DIRECTION('ref_axis',(-1.,0.,0.));
#10415=DIRECTION('center_axis',(0.,0.,-1.));
#10416=DIRECTION('ref_axis',(-1.,0.,0.));
#10417=DIRECTION('',(0.,0.,1.));
#10418=DIRECTION('',(1.,0.,0.));
#10419=DIRECTION('',(0.,0.,0.999999999999998));
#10420=DIRECTION('',(1.,0.,0.));
#10421=DIRECTION('',(0.,0.,0.999999999999998));
#10422=DIRECTION('',(1.,0.,0.));
#10423=DIRECTION('',(0.,0.,0.999999999999998));
#10424=DIRECTION('',(1.,0.,0.));
#10425=DIRECTION('',(0.,0.,0.999999999999997));
#10426=DIRECTION('',(1.,0.,0.));
#10427=CARTESIAN_POINT('',(0.,0.,0.));
#10428=CARTESIAN_POINT('',(0.,0.,0.));
#10429=CARTESIAN_POINT('Origin',(-10.0000007428601,24.88,7.));
#10430=CARTESIAN_POINT('',(-15.64,24.88,7.));
#10431=CARTESIAN_POINT('',(-10.0000007428601,24.88,7.));
#10432=CARTESIAN_POINT('',(-5.00000037143007,24.88,7.));
#10433=CARTESIAN_POINT('',(-15.64,24.88,4.));
#10434=CARTESIAN_POINT('',(-15.64,24.88,7.));
#10435=CARTESIAN_POINT('',(-10.0000007428601,24.88,4.));
#10436=CARTESIAN_POINT('',(-15.64,24.88,4.));
#10437=CARTESIAN_POINT('',(-10.0000007428601,24.88,7.));
#10438=CARTESIAN_POINT('Origin',(-10.0000007428601,23.38,7.));
#10439=CARTESIAN_POINT('',(-10.0000007428601,23.38,7.));
#10440=CARTESIAN_POINT('',(-10.0000007428601,11.69,7.));
#10441=CARTESIAN_POINT('',(-10.0000007428601,23.38,4.));
#10442=CARTESIAN_POINT('',(-10.0000007428601,24.88,4.));
#10443=CARTESIAN_POINT('',(-10.0000007428601,23.38,7.));
#10444=CARTESIAN_POINT('Origin',(-15.64,23.38,7.));
#10445=CARTESIAN_POINT('',(-15.64,23.38,7.));
#10446=CARTESIAN_POINT('',(-7.82000000000002,23.38,7.));
#10447=CARTESIAN_POINT('',(-15.64,23.38,4.));
#10448=CARTESIAN_POINT('',(-10.0000007428601,23.38,4.));
#10449=CARTESIAN_POINT('',(-15.64,23.38,7.));
#10450=CARTESIAN_POINT('Origin',(-10.0000007428601,22.34,7.));
#10451=CARTESIAN_POINT('',(-15.64,22.34,7.));
#10452=CARTESIAN_POINT('',(-10.0000007428601,22.34,7.));
#10453=CARTESIAN_POINT('',(-5.00000037143007,22.34,7.));
#10454=CARTESIAN_POINT('',(-15.64,22.34,4.));
#10455=CARTESIAN_POINT('',(-15.64,22.34,7.));
#10456=CARTESIAN_POINT('',(-10.0000007428601,22.34,4.));
#10457=CARTESIAN_POINT('',(-15.64,22.34,4.));
#10458=CARTESIAN_POINT('',(-10.0000007428601,22.34,7.));
#10459=CARTESIAN_POINT('Origin',(-10.0000007428601,20.84,7.));
#10460=CARTESIAN_POINT('',(-10.0000007428601,20.84,7.));
#10461=CARTESIAN_POINT('',(-10.0000007428601,10.42,7.));
#10462=CARTESIAN_POINT('',(-10.0000007428601,20.84,4.));
#10463=CARTESIAN_POINT('',(-10.0000007428601,22.34,4.));
#10464=CARTESIAN_POINT('',(-10.0000007428601,20.84,7.));
#10465=CARTESIAN_POINT('Origin',(-15.64,20.84,7.));
#10466=CARTESIAN_POINT('',(-15.64,20.84,7.));
#10467=CARTESIAN_POINT('',(-7.82000000000002,20.84,7.));
#10468=CARTESIAN_POINT('',(-15.64,20.84,4.));
#10469=CARTESIAN_POINT('',(-10.0000007428601,20.84,4.));
#10470=CARTESIAN_POINT('',(-15.64,20.84,7.));
#10471=CARTESIAN_POINT('Origin',(-10.0000007428601,19.8,7.));
#10472=CARTESIAN_POINT('',(-15.64,19.8,7.));
#10473=CARTESIAN_POINT('',(-10.0000007428601,19.8,7.));
#10474=CARTESIAN_POINT('',(-5.00000037143007,19.8,7.));
#10475=CARTESIAN_POINT('',(-15.64,19.8,4.));
#10476=CARTESIAN_POINT('',(-15.64,19.8,7.));
#10477=CARTESIAN_POINT('',(-10.0000007428601,19.8,4.));
#10478=CARTESIAN_POINT('',(-15.64,19.8,4.));
#10479=CARTESIAN_POINT('',(-10.0000007428601,19.8,7.));
#10480=CARTESIAN_POINT('Origin',(-10.0000007428601,18.3,7.));
#10481=CARTESIAN_POINT('',(-10.0000007428601,18.3,7.));
#10482=CARTESIAN_POINT('',(-10.0000007428601,9.15000000000001,7.));
#10483=CARTESIAN_POINT('',(-10.0000007428601,18.3,4.));
#10484=CARTESIAN_POINT('',(-10.0000007428601,19.8,4.));
#10485=CARTESIAN_POINT('',(-10.0000007428601,18.3,7.));
#10486=CARTESIAN_POINT('Origin',(-15.64,18.3,7.));
#10487=CARTESIAN_POINT('',(-15.64,18.3,7.));
#10488=CARTESIAN_POINT('',(-7.82000000000002,18.3,7.));
#10489=CARTESIAN_POINT('',(-15.64,18.3,4.));
#10490=CARTESIAN_POINT('',(-10.0000007428601,18.3,4.));
#10491=CARTESIAN_POINT('',(-15.64,18.3,7.));
#10492=CARTESIAN_POINT('Origin',(-10.0000007428601,17.26,7.));
#10493=CARTESIAN_POINT('',(-15.64,17.26,7.));
#10494=CARTESIAN_POINT('',(-10.0000007428601,17.26,7.));
#10495=CARTESIAN_POINT('',(-5.00000037143007,17.26,7.));
#10496=CARTESIAN_POINT('',(-15.64,17.26,4.));
#10497=CARTESIAN_POINT('',(-15.64,17.26,7.));
#10498=CARTESIAN_POINT('',(-10.0000007428601,17.26,4.));
#10499=CARTESIAN_POINT('',(-15.64,17.26,4.));
#10500=CARTESIAN_POINT('',(-10.0000007428601,17.26,7.));
#10501=CARTESIAN_POINT('Origin',(-10.0000007428601,15.76,7.));
#10502=CARTESIAN_POINT('',(-10.0000007428601,15.76,7.));
#10503=CARTESIAN_POINT('',(-10.0000007428601,7.88,7.));
#10504=CARTESIAN_POINT('',(-10.0000007428601,15.76,4.));
#10505=CARTESIAN_POINT('',(-10.0000007428601,17.26,4.));
#10506=CARTESIAN_POINT('',(-10.0000007428601,15.76,7.));
#10507=CARTESIAN_POINT('Origin',(-15.64,15.76,7.));
#10508=CARTESIAN_POINT('',(-15.64,15.76,7.));
#10509=CARTESIAN_POINT('',(-7.82000000000002,15.76,7.));
#10510=CARTESIAN_POINT('',(-15.64,15.76,4.));
#10511=CARTESIAN_POINT('',(-10.0000007428601,15.76,4.));
#10512=CARTESIAN_POINT('',(-15.64,15.76,7.));
#10513=CARTESIAN_POINT('Origin',(-10.0000007428601,14.72,7.));
#10514=CARTESIAN_POINT('',(-15.64,14.72,7.));
#10515=CARTESIAN_POINT('',(-10.0000007428601,14.72,7.));
#10516=CARTESIAN_POINT('',(-5.00000037143007,14.72,7.));
#10517=CARTESIAN_POINT('',(-15.64,14.72,4.));
#10518=CARTESIAN_POINT('',(-15.64,14.72,7.));
#10519=CARTESIAN_POINT('',(-10.0000007428601,14.72,4.));
#10520=CARTESIAN_POINT('',(-15.64,14.72,4.));
#10521=CARTESIAN_POINT('',(-10.0000007428601,14.72,7.));
#10522=CARTESIAN_POINT('Origin',(-10.0000007428601,13.22,7.));
#10523=CARTESIAN_POINT('',(-10.0000007428601,13.22,7.));
#10524=CARTESIAN_POINT('',(-10.0000007428601,6.61,7.));
#10525=CARTESIAN_POINT('',(-10.0000007428601,13.22,4.));
#10526=CARTESIAN_POINT('',(-10.0000007428601,14.72,4.));
#10527=CARTESIAN_POINT('',(-10.0000007428601,13.22,7.));
#10528=CARTESIAN_POINT('Origin',(-15.64,13.22,7.));
#10529=CARTESIAN_POINT('',(-15.64,13.22,7.));
#10530=CARTESIAN_POINT('',(-7.82000000000002,13.22,7.));
#10531=CARTESIAN_POINT('',(-15.64,13.22,4.));
#10532=CARTESIAN_POINT('',(-10.0000007428601,13.22,4.));
#10533=CARTESIAN_POINT('',(-15.64,13.22,7.));
#10534=CARTESIAN_POINT('Origin',(-10.0000007428601,12.18,7.));
#10535=CARTESIAN_POINT('',(-15.64,12.18,7.));
#10536=CARTESIAN_POINT('',(-10.0000007428601,12.18,7.));
#10537=CARTESIAN_POINT('',(-5.00000037143007,12.18,7.));
#10538=CARTESIAN_POINT('',(-15.64,12.18,4.));
#10539=CARTESIAN_POINT('',(-15.64,12.18,7.));
#10540=CARTESIAN_POINT('',(-10.0000007428601,12.18,4.));
#10541=CARTESIAN_POINT('',(-15.64,12.18,4.));
#10542=CARTESIAN_POINT('',(-10.0000007428601,12.18,7.));
#10543=CARTESIAN_POINT('Origin',(-10.0000007428601,10.68,7.));
#10544=CARTESIAN_POINT('',(-10.0000007428601,10.68,7.));
#10545=CARTESIAN_POINT('',(-10.0000007428601,5.34000000000001,7.));
#10546=CARTESIAN_POINT('',(-10.0000007428601,10.68,4.));
#10547=CARTESIAN_POINT('',(-10.0000007428601,12.18,4.));
#10548=CARTESIAN_POINT('',(-10.0000007428601,10.68,7.));
#10549=CARTESIAN_POINT('Origin',(-15.64,10.68,7.));
#10550=CARTESIAN_POINT('',(-15.64,10.68,7.));
#10551=CARTESIAN_POINT('',(-7.82000000000002,10.68,7.));
#10552=CARTESIAN_POINT('',(-15.64,10.68,4.));
#10553=CARTESIAN_POINT('',(-10.0000007428601,10.68,4.));
#10554=CARTESIAN_POINT('',(-15.64,10.68,7.));
#10555=CARTESIAN_POINT('Origin',(-10.0000007428601,9.64000000000001,7.));
#10556=CARTESIAN_POINT('',(-15.64,9.64000000000001,7.));
#10557=CARTESIAN_POINT('',(-10.0000007428601,9.64000000000001,7.));
#10558=CARTESIAN_POINT('',(-5.00000037143007,9.64000000000001,7.));
#10559=CARTESIAN_POINT('',(-15.64,9.64000000000001,4.));
#10560=CARTESIAN_POINT('',(-15.64,9.64000000000001,7.));
#10561=CARTESIAN_POINT('',(-10.0000007428601,9.64000000000001,4.));
#10562=CARTESIAN_POINT('',(-15.64,9.64000000000001,4.));
#10563=CARTESIAN_POINT('',(-10.0000007428601,9.64000000000001,7.));
#10564=CARTESIAN_POINT('Origin',(-10.0000007428601,8.14000000000001,7.));
#10565=CARTESIAN_POINT('',(-10.0000007428601,8.14000000000001,7.));
#10566=CARTESIAN_POINT('',(-10.0000007428601,4.07,7.));
#10567=CARTESIAN_POINT('',(-10.0000007428601,8.14000000000001,4.));
#10568=CARTESIAN_POINT('',(-10.0000007428601,9.64000000000001,4.));
#10569=CARTESIAN_POINT('',(-10.0000007428601,8.14000000000001,7.));
#10570=CARTESIAN_POINT('Origin',(-15.64,8.14000000000001,7.));
#10571=CARTESIAN_POINT('',(-15.64,8.14000000000001,7.));
#10572=CARTESIAN_POINT('',(-7.82000000000002,8.14000000000001,7.));
#10573=CARTESIAN_POINT('',(-15.64,8.14000000000001,4.));
#10574=CARTESIAN_POINT('',(-10.0000007428601,8.14000000000001,4.));
#10575=CARTESIAN_POINT('',(-15.64,8.14000000000001,7.));
#10576=CARTESIAN_POINT('Origin',(-10.0000007428601,7.10000000000001,7.));
#10577=CARTESIAN_POINT('',(-15.64,7.10000000000001,7.));
#10578=CARTESIAN_POINT('',(-10.0000007428601,7.10000000000001,7.));
#10579=CARTESIAN_POINT('',(-5.00000037143007,7.10000000000001,7.));
#10580=CARTESIAN_POINT('',(-15.64,7.10000000000001,4.));
#10581=CARTESIAN_POINT('',(-15.64,7.10000000000001,7.));
#10582=CARTESIAN_POINT('',(-10.0000007428601,7.10000000000001,4.));
#10583=CARTESIAN_POINT('',(-15.64,7.10000000000001,4.));
#10584=CARTESIAN_POINT('',(-10.0000007428601,7.10000000000001,7.));
#10585=CARTESIAN_POINT('Origin',(-10.0000007428601,5.60000000000001,7.));
#10586=CARTESIAN_POINT('',(-10.0000007428601,5.60000000000001,7.));
#10587=CARTESIAN_POINT('',(-10.0000007428601,2.8,7.));
#10588=CARTESIAN_POINT('',(-10.0000007428601,5.60000000000001,4.));
#10589=CARTESIAN_POINT('',(-10.0000007428601,7.10000000000001,4.));
#10590=CARTESIAN_POINT('',(-10.0000007428601,5.60000000000001,7.));
#10591=CARTESIAN_POINT('Origin',(-15.64,5.60000000000001,7.));
#10592=CARTESIAN_POINT('',(-15.64,5.60000000000001,7.));
#10593=CARTESIAN_POINT('',(-7.82000000000002,5.60000000000001,7.));
#10594=CARTESIAN_POINT('',(-15.64,5.60000000000001,4.));
#10595=CARTESIAN_POINT('',(-10.0000007428601,5.60000000000001,4.));
#10596=CARTESIAN_POINT('',(-15.64,5.60000000000001,7.));
#10597=CARTESIAN_POINT('Origin',(-10.0000007428601,4.56000000000001,7.));
#10598=CARTESIAN_POINT('',(-15.64,4.56000000000001,7.));
#10599=CARTESIAN_POINT('',(-10.0000007428601,4.56000000000001,7.));
#10600=CARTESIAN_POINT('',(-5.00000037143007,4.56000000000001,7.));
#10601=CARTESIAN_POINT('',(-15.64,4.56000000000001,4.));
#10602=CARTESIAN_POINT('',(-15.64,4.56000000000001,7.));
#10603=CARTESIAN_POINT('',(-10.0000007428601,4.56000000000001,4.));
#10604=CARTESIAN_POINT('',(-15.64,4.56000000000001,4.));
#10605=CARTESIAN_POINT('',(-10.0000007428601,4.56000000000001,7.));
#10606=CARTESIAN_POINT('Origin',(-10.0000007428601,3.06000000000001,7.));
#10607=CARTESIAN_POINT('',(-10.0000007428601,3.06000000000001,7.));
#10608=CARTESIAN_POINT('',(-10.0000007428601,1.53,7.));
#10609=CARTESIAN_POINT('',(-10.0000007428601,3.06000000000001,4.));
#10610=CARTESIAN_POINT('',(-10.0000007428601,4.56000000000001,4.));
#10611=CARTESIAN_POINT('',(-10.0000007428601,3.06000000000001,7.));
#10612=CARTESIAN_POINT('Origin',(-15.64,3.06000000000001,7.));
#10613=CARTESIAN_POINT('',(-15.64,3.06000000000001,7.));
#10614=CARTESIAN_POINT('',(-7.82000000000002,3.06000000000001,7.));
#10615=CARTESIAN_POINT('',(-15.64,3.06000000000001,4.));
#10616=CARTESIAN_POINT('',(-10.0000007428601,3.06000000000001,4.));
#10617=CARTESIAN_POINT('',(-15.64,3.06000000000001,7.));
#10618=CARTESIAN_POINT('Origin',(-10.0000007428601,2.02000000000001,7.));
#10619=CARTESIAN_POINT('',(-15.64,2.02000000000001,7.));
#10620=CARTESIAN_POINT('',(-10.0000007428601,2.02000000000001,7.));
#10621=CARTESIAN_POINT('',(-5.00000037143007,2.02000000000001,7.));
#10622=CARTESIAN_POINT('',(-15.64,2.02000000000001,4.));
#10623=CARTESIAN_POINT('',(-15.64,2.02000000000001,7.));
#10624=CARTESIAN_POINT('',(-10.0000007428601,2.02000000000001,4.));
#10625=CARTESIAN_POINT('',(-15.64,2.02000000000001,4.));
#10626=CARTESIAN_POINT('',(-10.0000007428601,2.02000000000001,7.));
#10627=CARTESIAN_POINT('Origin',(-10.0000007428601,0.520000000000009,7.));
#10628=CARTESIAN_POINT('',(-10.0000007428601,0.520000000000009,7.));
#10629=CARTESIAN_POINT('',(-10.0000007428601,0.260000000000005,7.));
#10630=CARTESIAN_POINT('',(-10.0000007428601,0.520000000000009,4.));
#10631=CARTESIAN_POINT('',(-10.0000007428601,2.02000000000001,4.));
#10632=CARTESIAN_POINT('',(-10.0000007428601,0.520000000000009,7.));
#10633=CARTESIAN_POINT('Origin',(-15.64,0.520000000000009,7.));
#10634=CARTESIAN_POINT('',(-15.64,0.520000000000009,7.));
#10635=CARTESIAN_POINT('',(-7.82000000000002,0.520000000000009,7.));
#10636=CARTESIAN_POINT('',(-15.64,0.520000000000009,4.));
#10637=CARTESIAN_POINT('',(-10.0000007428601,0.520000000000009,4.));
#10638=CARTESIAN_POINT('',(-15.64,0.520000000000009,7.));
#10639=CARTESIAN_POINT('Origin',(-10.0000007428601,-0.519999999999987,7.));
#10640=CARTESIAN_POINT('',(-15.64,-0.519999999999987,7.));
#10641=CARTESIAN_POINT('',(-10.0000007428601,-0.519999999999987,7.));
#10642=CARTESIAN_POINT('',(-5.00000037143007,-0.519999999999987,7.));
#10643=CARTESIAN_POINT('',(-15.64,-0.519999999999987,4.));
#10644=CARTESIAN_POINT('',(-15.64,-0.519999999999987,7.));
#10645=CARTESIAN_POINT('',(-10.0000007428601,-0.519999999999987,4.));
#10646=CARTESIAN_POINT('',(-15.64,-0.519999999999987,4.));
#10647=CARTESIAN_POINT('',(-10.0000007428601,-0.519999999999987,7.));
#10648=CARTESIAN_POINT('Origin',(-10.0000007428601,-2.01999999999999,7.));
#10649=CARTESIAN_POINT('',(-10.0000007428601,-2.01999999999999,7.));
#10650=CARTESIAN_POINT('',(-10.0000007428601,-1.01,7.));
#10651=CARTESIAN_POINT('',(-10.0000007428601,-2.01999999999999,4.));
#10652=CARTESIAN_POINT('',(-10.0000007428601,-0.519999999999987,4.));
#10653=CARTESIAN_POINT('',(-10.0000007428601,-2.01999999999999,7.));
#10654=CARTESIAN_POINT('Origin',(-15.64,-2.01999999999999,7.));
#10655=CARTESIAN_POINT('',(-15.64,-2.01999999999999,7.));
#10656=CARTESIAN_POINT('',(-7.82000000000002,-2.01999999999999,7.));
#10657=CARTESIAN_POINT('',(-15.64,-2.01999999999999,4.));
#10658=CARTESIAN_POINT('',(-10.0000007428601,-2.01999999999999,4.));
#10659=CARTESIAN_POINT('',(-15.64,-2.01999999999999,7.));
#10660=CARTESIAN_POINT('Origin',(-10.0000007428601,-3.05999999999999,7.));
#10661=CARTESIAN_POINT('',(-15.64,-3.05999999999999,7.));
#10662=CARTESIAN_POINT('',(-10.0000007428601,-3.05999999999999,7.));
#10663=CARTESIAN_POINT('',(-5.00000037143007,-3.05999999999999,7.));
#10664=CARTESIAN_POINT('',(-15.64,-3.05999999999999,4.));
#10665=CARTESIAN_POINT('',(-15.64,-3.05999999999999,7.));
#10666=CARTESIAN_POINT('',(-10.0000007428601,-3.05999999999999,4.));
#10667=CARTESIAN_POINT('',(-15.64,-3.05999999999999,4.));
#10668=CARTESIAN_POINT('',(-10.0000007428601,-3.05999999999999,7.));
#10669=CARTESIAN_POINT('Origin',(-10.0000007428601,-4.55999999999999,7.));
#10670=CARTESIAN_POINT('',(-10.0000007428601,-4.55999999999999,7.));
#10671=CARTESIAN_POINT('',(-10.0000007428601,-2.28,7.));
#10672=CARTESIAN_POINT('',(-10.0000007428601,-4.55999999999999,4.));
#10673=CARTESIAN_POINT('',(-10.0000007428601,-3.05999999999999,4.));
#10674=CARTESIAN_POINT('',(-10.0000007428601,-4.55999999999999,7.));
#10675=CARTESIAN_POINT('Origin',(-15.64,-4.55999999999999,7.));
#10676=CARTESIAN_POINT('',(-15.64,-4.55999999999999,7.));
#10677=CARTESIAN_POINT('',(-7.82000000000002,-4.55999999999999,7.));
#10678=CARTESIAN_POINT('',(-15.64,-4.55999999999999,4.));
#10679=CARTESIAN_POINT('',(-10.0000007428601,-4.55999999999999,4.));
#10680=CARTESIAN_POINT('',(-15.64,-4.55999999999999,7.));
#10681=CARTESIAN_POINT('Origin',(-10.0000007428601,-5.59999999999999,7.));
#10682=CARTESIAN_POINT('',(-15.64,-5.59999999999999,7.));
#10683=CARTESIAN_POINT('',(-10.0000007428601,-5.59999999999999,7.));
#10684=CARTESIAN_POINT('',(-5.00000037143007,-5.59999999999999,7.));
#10685=CARTESIAN_POINT('',(-15.64,-5.59999999999999,4.));
#10686=CARTESIAN_POINT('',(-15.64,-5.59999999999999,7.));
#10687=CARTESIAN_POINT('',(-10.0000007428601,-5.59999999999999,4.));
#10688=CARTESIAN_POINT('',(-15.64,-5.59999999999999,4.));
#10689=CARTESIAN_POINT('',(-10.0000007428601,-5.59999999999999,7.));
#10690=CARTESIAN_POINT('Origin',(-10.0000007428601,-7.09999999999999,7.));
#10691=CARTESIAN_POINT('',(-10.0000007428601,-7.09999999999999,7.));
#10692=CARTESIAN_POINT('',(-10.0000007428601,-3.55,7.));
#10693=CARTESIAN_POINT('',(-10.0000007428601,-7.09999999999999,4.));
#10694=CARTESIAN_POINT('',(-10.0000007428601,-5.59999999999999,4.));
#10695=CARTESIAN_POINT('',(-10.0000007428601,-7.09999999999999,7.));
#10696=CARTESIAN_POINT('Origin',(-15.64,-7.09999999999999,7.));
#10697=CARTESIAN_POINT('',(-15.64,-7.09999999999999,7.));
#10698=CARTESIAN_POINT('',(-7.82000000000002,-7.09999999999999,7.));
#10699=CARTESIAN_POINT('',(-15.64,-7.09999999999999,4.));
#10700=CARTESIAN_POINT('',(-10.0000007428601,-7.09999999999999,4.));
#10701=CARTESIAN_POINT('',(-15.64,-7.09999999999999,7.));
#10702=CARTESIAN_POINT('Origin',(-10.0000007428601,-8.13999999999999,7.));
#10703=CARTESIAN_POINT('',(-15.64,-8.13999999999999,7.));
#10704=CARTESIAN_POINT('',(-10.0000007428601,-8.13999999999999,7.));
#10705=CARTESIAN_POINT('',(-5.00000037143007,-8.13999999999999,7.));
#10706=CARTESIAN_POINT('',(-15.64,-8.13999999999999,4.));
#10707=CARTESIAN_POINT('',(-15.64,-8.13999999999999,7.));
#10708=CARTESIAN_POINT('',(-10.0000007428601,-8.13999999999999,4.));
#10709=CARTESIAN_POINT('',(-15.64,-8.13999999999999,4.));
#10710=CARTESIAN_POINT('',(-10.0000007428601,-8.13999999999999,7.));
#10711=CARTESIAN_POINT('Origin',(-10.0000007428601,-9.63999999999999,7.));
#10712=CARTESIAN_POINT('',(-10.0000007428601,-9.63999999999999,7.));
#10713=CARTESIAN_POINT('',(-10.0000007428601,-4.81999999999999,7.));
#10714=CARTESIAN_POINT('',(-10.0000007428601,-9.63999999999999,4.));
#10715=CARTESIAN_POINT('',(-10.0000007428601,-8.13999999999999,4.));
#10716=CARTESIAN_POINT('',(-10.0000007428601,-9.63999999999999,7.));
#10717=CARTESIAN_POINT('Origin',(-15.64,-9.63999999999999,7.));
#10718=CARTESIAN_POINT('',(-15.64,-9.63999999999999,7.));
#10719=CARTESIAN_POINT('',(-7.82000000000002,-9.63999999999999,7.));
#10720=CARTESIAN_POINT('',(-15.64,-9.63999999999999,4.));
#10721=CARTESIAN_POINT('',(-10.0000007428601,-9.63999999999999,4.));
#10722=CARTESIAN_POINT('',(-15.64,-9.63999999999999,7.));
#10723=CARTESIAN_POINT('Origin',(-10.0000007428601,-10.68,7.));
#10724=CARTESIAN_POINT('',(-15.64,-10.68,7.));
#10725=CARTESIAN_POINT('',(-10.0000007428601,-10.68,7.));
#10726=CARTESIAN_POINT('',(-5.00000037143007,-10.68,7.));
#10727=CARTESIAN_POINT('',(-15.64,-10.68,4.));
#10728=CARTESIAN_POINT('',(-15.64,-10.68,7.));
#10729=CARTESIAN_POINT('',(-10.0000007428601,-10.68,4.));
#10730=CARTESIAN_POINT('',(-15.64,-10.68,4.));
#10731=CARTESIAN_POINT('',(-10.0000007428601,-10.68,7.));
#10732=CARTESIAN_POINT('Origin',(-10.0000007428601,-12.18,7.));
#10733=CARTESIAN_POINT('',(-10.0000007428601,-12.18,7.));
#10734=CARTESIAN_POINT('',(-10.0000007428601,-6.09,7.));
#10735=CARTESIAN_POINT('',(-10.0000007428601,-12.18,4.));
#10736=CARTESIAN_POINT('',(-10.0000007428601,-10.68,4.));
#10737=CARTESIAN_POINT('',(-10.0000007428601,-12.18,7.));
#10738=CARTESIAN_POINT('Origin',(-15.64,-12.18,7.));
#10739=CARTESIAN_POINT('',(-15.64,-12.18,7.));
#10740=CARTESIAN_POINT('',(-7.82000000000002,-12.18,7.));
#10741=CARTESIAN_POINT('',(-15.64,-12.18,4.));
#10742=CARTESIAN_POINT('',(-10.0000007428601,-12.18,4.));
#10743=CARTESIAN_POINT('',(-15.64,-12.18,7.));
#10744=CARTESIAN_POINT('Origin',(-10.0000007428601,-13.22,7.));
#10745=CARTESIAN_POINT('',(-15.64,-13.22,7.));
#10746=CARTESIAN_POINT('',(-10.0000007428601,-13.22,7.));
#10747=CARTESIAN_POINT('',(-5.00000037143007,-13.22,7.));
#10748=CARTESIAN_POINT('',(-15.64,-13.22,4.));
#10749=CARTESIAN_POINT('',(-15.64,-13.22,7.));
#10750=CARTESIAN_POINT('',(-10.0000007428601,-13.22,4.));
#10751=CARTESIAN_POINT('',(-15.64,-13.22,4.));
#10752=CARTESIAN_POINT('',(-10.0000007428601,-13.22,7.));
#10753=CARTESIAN_POINT('Origin',(-10.0000007428601,-14.72,7.));
#10754=CARTESIAN_POINT('',(-10.0000007428601,-14.72,7.));
#10755=CARTESIAN_POINT('',(-10.0000007428601,-7.36,7.));
#10756=CARTESIAN_POINT('',(-10.0000007428601,-14.72,4.));
#10757=CARTESIAN_POINT('',(-10.0000007428601,-13.22,4.));
#10758=CARTESIAN_POINT('',(-10.0000007428601,-14.72,7.));
#10759=CARTESIAN_POINT('Origin',(-15.64,-14.72,7.));
#10760=CARTESIAN_POINT('',(-15.64,-14.72,7.));
#10761=CARTESIAN_POINT('',(-7.82000000000002,-14.72,7.));
#10762=CARTESIAN_POINT('',(-15.64,-14.72,4.));
#10763=CARTESIAN_POINT('',(-10.0000007428601,-14.72,4.));
#10764=CARTESIAN_POINT('',(-15.64,-14.72,7.));
#10765=CARTESIAN_POINT('Origin',(-10.0000007428601,-15.76,7.));
#10766=CARTESIAN_POINT('',(-15.64,-15.76,7.));
#10767=CARTESIAN_POINT('',(-10.0000007428601,-15.76,7.));
#10768=CARTESIAN_POINT('',(-5.00000037143007,-15.76,7.));
#10769=CARTESIAN_POINT('',(-15.64,-15.76,4.));
#10770=CARTESIAN_POINT('',(-15.64,-15.76,7.));
#10771=CARTESIAN_POINT('',(-10.0000007428601,-15.76,4.));
#10772=CARTESIAN_POINT('',(-15.64,-15.76,4.));
#10773=CARTESIAN_POINT('',(-10.0000007428601,-15.76,7.));
#10774=CARTESIAN_POINT('Origin',(-10.0000007428601,-17.26,7.));
#10775=CARTESIAN_POINT('',(-10.0000007428601,-17.26,7.));
#10776=CARTESIAN_POINT('',(-10.0000007428601,-8.63,7.));
#10777=CARTESIAN_POINT('',(-10.0000007428601,-17.26,4.));
#10778=CARTESIAN_POINT('',(-10.0000007428601,-15.76,4.));
#10779=CARTESIAN_POINT('',(-10.0000007428601,-17.26,7.));
#10780=CARTESIAN_POINT('Origin',(-15.64,-17.26,7.));
#10781=CARTESIAN_POINT('',(-15.64,-17.26,7.));
#10782=CARTESIAN_POINT('',(-7.82000000000002,-17.26,7.));
#10783=CARTESIAN_POINT('',(-15.64,-17.26,4.));
#10784=CARTESIAN_POINT('',(-10.0000007428601,-17.26,4.));
#10785=CARTESIAN_POINT('',(-15.64,-17.26,7.));
#10786=CARTESIAN_POINT('Origin',(-10.0000007428601,-18.3,7.));
#10787=CARTESIAN_POINT('',(-15.64,-18.3,7.));
#10788=CARTESIAN_POINT('',(-10.0000007428601,-18.3,7.));
#10789=CARTESIAN_POINT('',(-5.00000037143007,-18.3,7.));
#10790=CARTESIAN_POINT('',(-15.64,-18.3,4.));
#10791=CARTESIAN_POINT('',(-15.64,-18.3,7.));
#10792=CARTESIAN_POINT('',(-10.0000007428601,-18.3,4.));
#10793=CARTESIAN_POINT('',(-15.64,-18.3,4.));
#10794=CARTESIAN_POINT('',(-10.0000007428601,-18.3,7.));
#10795=CARTESIAN_POINT('Origin',(-10.0000007428601,-19.8,7.));
#10796=CARTESIAN_POINT('',(-10.0000007428601,-19.8,7.));
#10797=CARTESIAN_POINT('',(-10.0000007428601,-9.89999999999999,7.));
#10798=CARTESIAN_POINT('',(-10.0000007428601,-19.8,4.));
#10799=CARTESIAN_POINT('',(-10.0000007428601,-18.3,4.));
#10800=CARTESIAN_POINT('',(-10.0000007428601,-19.8,7.));
#10801=CARTESIAN_POINT('Origin',(-15.64,-19.8,7.));
#10802=CARTESIAN_POINT('',(-15.64,-19.8,7.));
#10803=CARTESIAN_POINT('',(-7.82000000000002,-19.8,7.));
#10804=CARTESIAN_POINT('',(-15.64,-19.8,4.));
#10805=CARTESIAN_POINT('',(-10.0000007428601,-19.8,4.));
#10806=CARTESIAN_POINT('',(-15.64,-19.8,7.));
#10807=CARTESIAN_POINT('Origin',(-10.0000007428601,-20.84,7.));
#10808=CARTESIAN_POINT('',(-15.64,-20.84,7.));
#10809=CARTESIAN_POINT('',(-10.0000007428601,-20.84,7.));
#10810=CARTESIAN_POINT('',(-5.00000037143007,-20.84,7.));
#10811=CARTESIAN_POINT('',(-15.64,-20.84,4.));
#10812=CARTESIAN_POINT('',(-15.64,-20.84,7.));
#10813=CARTESIAN_POINT('',(-10.0000007428601,-20.84,4.));
#10814=CARTESIAN_POINT('',(-15.64,-20.84,4.));
#10815=CARTESIAN_POINT('',(-10.0000007428601,-20.84,7.));
#10816=CARTESIAN_POINT('Origin',(-10.0000007428601,-22.34,7.));
#10817=CARTESIAN_POINT('',(-10.0000007428601,-22.34,7.));
#10818=CARTESIAN_POINT('',(-10.0000007428601,-11.17,7.));
#10819=CARTESIAN_POINT('',(-10.0000007428601,-22.34,4.));
#10820=CARTESIAN_POINT('',(-10.0000007428601,-20.84,4.));
#10821=CARTESIAN_POINT('',(-10.0000007428601,-22.34,7.));
#10822=CARTESIAN_POINT('Origin',(-15.64,-22.34,7.));
#10823=CARTESIAN_POINT('',(-15.64,-22.34,7.));
#10824=CARTESIAN_POINT('',(-7.82000000000002,-22.34,7.));
#10825=CARTESIAN_POINT('',(-15.64,-22.34,4.));
#10826=CARTESIAN_POINT('',(-10.0000007428601,-22.34,4.));
#10827=CARTESIAN_POINT('',(-15.64,-22.34,7.));
#10828=CARTESIAN_POINT('Origin',(-10.0000007428601,-23.38,7.));
#10829=CARTESIAN_POINT('',(-15.64,-23.38,7.));
#10830=CARTESIAN_POINT('',(-10.0000007428601,-23.38,7.));
#10831=CARTESIAN_POINT('',(-5.00000037143007,-23.38,7.));
#10832=CARTESIAN_POINT('',(-15.64,-23.38,4.));
#10833=CARTESIAN_POINT('',(-15.64,-23.38,7.));
#10834=CARTESIAN_POINT('',(-10.0000007428601,-23.38,4.));
#10835=CARTESIAN_POINT('',(-15.64,-23.38,4.));
#10836=CARTESIAN_POINT('',(-10.0000007428601,-23.38,7.));
#10837=CARTESIAN_POINT('Origin',(-10.0000007428601,-24.88,7.));
#10838=CARTESIAN_POINT('',(-10.0000007428601,-24.88,7.));
#10839=CARTESIAN_POINT('',(-10.0000007428601,-12.44,7.));
#10840=CARTESIAN_POINT('',(-10.0000007428601,-24.88,4.));
#10841=CARTESIAN_POINT('',(-10.0000007428601,-23.38,4.));
#10842=CARTESIAN_POINT('',(-10.0000007428601,-24.88,7.));
#10843=CARTESIAN_POINT('Origin',(-15.64,-24.88,7.));
#10844=CARTESIAN_POINT('',(-15.64,-24.88,7.));
#10845=CARTESIAN_POINT('',(-7.82000000000002,-24.88,7.));
#10846=CARTESIAN_POINT('',(-15.64,-24.88,4.));
#10847=CARTESIAN_POINT('',(-10.0000007428601,-24.88,4.));
#10848=CARTESIAN_POINT('',(-15.64,-24.88,7.));
#10849=CARTESIAN_POINT('Origin',(10.0000007428601,-24.88,7.));
#10850=CARTESIAN_POINT('',(15.64,-24.88,7.));
#10851=CARTESIAN_POINT('',(10.0000007428601,-24.88,7.));
#10852=CARTESIAN_POINT('',(5.00000037143005,-24.88,7.));
#10853=CARTESIAN_POINT('',(15.64,-24.88,4.));
#10854=CARTESIAN_POINT('',(15.64,-24.88,7.));
#10855=CARTESIAN_POINT('',(10.0000007428601,-24.88,4.));
#10856=CARTESIAN_POINT('',(10.0000007428601,-24.88,4.));
#10857=CARTESIAN_POINT('',(10.0000007428601,-24.88,7.));
#10858=CARTESIAN_POINT('Origin',(10.0000007428601,-23.38,7.));
#10859=CARTESIAN_POINT('',(10.0000007428601,-23.38,7.));
#10860=CARTESIAN_POINT('',(10.0000007428601,-11.69,7.));
#10861=CARTESIAN_POINT('',(10.0000007428601,-23.38,4.));
#10862=CARTESIAN_POINT('',(10.0000007428601,-23.38,4.));
#10863=CARTESIAN_POINT('',(10.0000007428601,-23.38,7.));
#10864=CARTESIAN_POINT('Origin',(15.64,-23.38,7.));
#10865=CARTESIAN_POINT('',(15.64,-23.38,7.));
#10866=CARTESIAN_POINT('',(7.82,-23.38,7.));
#10867=CARTESIAN_POINT('',(15.64,-23.38,4.));
#10868=CARTESIAN_POINT('',(15.64,-23.38,4.));
#10869=CARTESIAN_POINT('',(15.64,-23.38,7.));
#10870=CARTESIAN_POINT('Origin',(10.0000007428601,-22.34,7.));
#10871=CARTESIAN_POINT('',(15.64,-22.34,7.));
#10872=CARTESIAN_POINT('',(10.0000007428601,-22.34,7.));
#10873=CARTESIAN_POINT('',(5.00000037143005,-22.34,7.));
#10874=CARTESIAN_POINT('',(15.64,-22.34,4.));
#10875=CARTESIAN_POINT('',(15.64,-22.34,7.));
#10876=CARTESIAN_POINT('',(10.0000007428601,-22.34,4.));
#10877=CARTESIAN_POINT('',(10.0000007428601,-22.34,4.));
#10878=CARTESIAN_POINT('',(10.0000007428601,-22.34,7.));
#10879=CARTESIAN_POINT('Origin',(10.0000007428601,-20.84,7.));
#10880=CARTESIAN_POINT('',(10.0000007428601,-20.84,7.));
#10881=CARTESIAN_POINT('',(10.0000007428601,-10.42,7.));
#10882=CARTESIAN_POINT('',(10.0000007428601,-20.84,4.));
#10883=CARTESIAN_POINT('',(10.0000007428601,-20.84,4.));
#10884=CARTESIAN_POINT('',(10.0000007428601,-20.84,7.));
#10885=CARTESIAN_POINT('Origin',(15.64,-20.84,7.));
#10886=CARTESIAN_POINT('',(15.64,-20.84,7.));
#10887=CARTESIAN_POINT('',(7.82,-20.84,7.));
#10888=CARTESIAN_POINT('',(15.64,-20.84,4.));
#10889=CARTESIAN_POINT('',(15.64,-20.84,4.));
#10890=CARTESIAN_POINT('',(15.64,-20.84,7.));
#10891=CARTESIAN_POINT('Origin',(10.0000007428601,-19.8,7.));
#10892=CARTESIAN_POINT('',(15.64,-19.8,7.));
#10893=CARTESIAN_POINT('',(10.0000007428601,-19.8,7.));
#10894=CARTESIAN_POINT('',(5.00000037143005,-19.8,7.));
#10895=CARTESIAN_POINT('',(15.64,-19.8,4.));
#10896=CARTESIAN_POINT('',(15.64,-19.8,7.));
#10897=CARTESIAN_POINT('',(10.0000007428601,-19.8,4.));
#10898=CARTESIAN_POINT('',(10.0000007428601,-19.8,4.));
#10899=CARTESIAN_POINT('',(10.0000007428601,-19.8,7.));
#10900=CARTESIAN_POINT('Origin',(10.0000007428601,-18.3,7.));
#10901=CARTESIAN_POINT('',(10.0000007428601,-18.3,7.));
#10902=CARTESIAN_POINT('',(10.0000007428601,-9.14999999999999,7.));
#10903=CARTESIAN_POINT('',(10.0000007428601,-18.3,4.));
#10904=CARTESIAN_POINT('',(10.0000007428601,-18.3,4.));
#10905=CARTESIAN_POINT('',(10.0000007428601,-18.3,7.));
#10906=CARTESIAN_POINT('Origin',(15.64,-18.3,7.));
#10907=CARTESIAN_POINT('',(15.64,-18.3,7.));
#10908=CARTESIAN_POINT('',(7.82,-18.3,7.));
#10909=CARTESIAN_POINT('',(15.64,-18.3,4.));
#10910=CARTESIAN_POINT('',(15.64,-18.3,4.));
#10911=CARTESIAN_POINT('',(15.64,-18.3,7.));
#10912=CARTESIAN_POINT('Origin',(10.0000007428601,-17.26,7.));
#10913=CARTESIAN_POINT('',(15.64,-17.26,7.));
#10914=CARTESIAN_POINT('',(10.0000007428601,-17.26,7.));
#10915=CARTESIAN_POINT('',(5.00000037143005,-17.26,7.));
#10916=CARTESIAN_POINT('',(15.64,-17.26,4.));
#10917=CARTESIAN_POINT('',(15.64,-17.26,7.));
#10918=CARTESIAN_POINT('',(10.0000007428601,-17.26,4.));
#10919=CARTESIAN_POINT('',(10.0000007428601,-17.26,4.));
#10920=CARTESIAN_POINT('',(10.0000007428601,-17.26,7.));
#10921=CARTESIAN_POINT('Origin',(10.0000007428601,-15.76,7.));
#10922=CARTESIAN_POINT('',(10.0000007428601,-15.76,7.));
#10923=CARTESIAN_POINT('',(10.0000007428601,-7.87999999999999,7.));
#10924=CARTESIAN_POINT('',(10.0000007428601,-15.76,4.));
#10925=CARTESIAN_POINT('',(10.0000007428601,-15.76,4.));
#10926=CARTESIAN_POINT('',(10.0000007428601,-15.76,7.));
#10927=CARTESIAN_POINT('Origin',(15.64,-15.76,7.));
#10928=CARTESIAN_POINT('',(15.64,-15.76,7.));
#10929=CARTESIAN_POINT('',(7.82,-15.76,7.));
#10930=CARTESIAN_POINT('',(15.64,-15.76,4.));
#10931=CARTESIAN_POINT('',(15.64,-15.76,4.));
#10932=CARTESIAN_POINT('',(15.64,-15.76,7.));
#10933=CARTESIAN_POINT('Origin',(10.0000007428601,-14.72,7.));
#10934=CARTESIAN_POINT('',(15.64,-14.72,7.));
#10935=CARTESIAN_POINT('',(10.0000007428601,-14.72,7.));
#10936=CARTESIAN_POINT('',(5.00000037143005,-14.72,7.));
#10937=CARTESIAN_POINT('',(15.64,-14.72,4.));
#10938=CARTESIAN_POINT('',(15.64,-14.72,7.));
#10939=CARTESIAN_POINT('',(10.0000007428601,-14.72,4.));
#10940=CARTESIAN_POINT('',(10.0000007428601,-14.72,4.));
#10941=CARTESIAN_POINT('',(10.0000007428601,-14.72,7.));
#10942=CARTESIAN_POINT('Origin',(10.0000007428601,-13.22,7.));
#10943=CARTESIAN_POINT('',(10.0000007428601,-13.22,7.));
#10944=CARTESIAN_POINT('',(10.0000007428601,-6.60999999999999,7.));
#10945=CARTESIAN_POINT('',(10.0000007428601,-13.22,4.));
#10946=CARTESIAN_POINT('',(10.0000007428601,-13.22,4.));
#10947=CARTESIAN_POINT('',(10.0000007428601,-13.22,7.));
#10948=CARTESIAN_POINT('Origin',(15.64,-13.22,7.));
#10949=CARTESIAN_POINT('',(15.64,-13.22,7.));
#10950=CARTESIAN_POINT('',(7.82,-13.22,7.));
#10951=CARTESIAN_POINT('',(15.64,-13.22,4.));
#10952=CARTESIAN_POINT('',(15.64,-13.22,4.));
#10953=CARTESIAN_POINT('',(15.64,-13.22,7.));
#10954=CARTESIAN_POINT('Origin',(10.0000007428601,-12.18,7.));
#10955=CARTESIAN_POINT('',(15.64,-12.18,7.));
#10956=CARTESIAN_POINT('',(10.0000007428601,-12.18,7.));
#10957=CARTESIAN_POINT('',(5.00000037143005,-12.18,7.));
#10958=CARTESIAN_POINT('',(15.64,-12.18,4.));
#10959=CARTESIAN_POINT('',(15.64,-12.18,7.));
#10960=CARTESIAN_POINT('',(10.0000007428601,-12.18,4.));
#10961=CARTESIAN_POINT('',(10.0000007428601,-12.18,4.));
#10962=CARTESIAN_POINT('',(10.0000007428601,-12.18,7.));
#10963=CARTESIAN_POINT('Origin',(10.0000007428601,-10.68,7.));
#10964=CARTESIAN_POINT('',(10.0000007428601,-10.68,7.));
#10965=CARTESIAN_POINT('',(10.0000007428601,-5.33999999999999,7.));
#10966=CARTESIAN_POINT('',(10.0000007428601,-10.68,4.));
#10967=CARTESIAN_POINT('',(10.0000007428601,-10.68,4.));
#10968=CARTESIAN_POINT('',(10.0000007428601,-10.68,7.));
#10969=CARTESIAN_POINT('Origin',(15.64,-10.68,7.));
#10970=CARTESIAN_POINT('',(15.64,-10.68,7.));
#10971=CARTESIAN_POINT('',(7.82,-10.68,7.));
#10972=CARTESIAN_POINT('',(15.64,-10.68,4.));
#10973=CARTESIAN_POINT('',(15.64,-10.68,4.));
#10974=CARTESIAN_POINT('',(15.64,-10.68,7.));
#10975=CARTESIAN_POINT('Origin',(10.0000007428601,-9.63999999999999,7.));
#10976=CARTESIAN_POINT('',(15.64,-9.63999999999999,7.));
#10977=CARTESIAN_POINT('',(10.0000007428601,-9.63999999999999,7.));
#10978=CARTESIAN_POINT('',(5.00000037143005,-9.63999999999999,7.));
#10979=CARTESIAN_POINT('',(15.64,-9.63999999999999,4.));
#10980=CARTESIAN_POINT('',(15.64,-9.63999999999999,7.));
#10981=CARTESIAN_POINT('',(10.0000007428601,-9.63999999999999,4.));
#10982=CARTESIAN_POINT('',(10.0000007428601,-9.63999999999999,4.));
#10983=CARTESIAN_POINT('',(10.0000007428601,-9.63999999999999,7.));
#10984=CARTESIAN_POINT('Origin',(10.0000007428601,-8.13999999999999,7.));
#10985=CARTESIAN_POINT('',(10.0000007428601,-8.13999999999999,7.));
#10986=CARTESIAN_POINT('',(10.0000007428601,-4.06999999999999,7.));
#10987=CARTESIAN_POINT('',(10.0000007428601,-8.13999999999999,4.));
#10988=CARTESIAN_POINT('',(10.0000007428601,-8.13999999999999,4.));
#10989=CARTESIAN_POINT('',(10.0000007428601,-8.13999999999999,7.));
#10990=CARTESIAN_POINT('Origin',(15.64,-8.13999999999999,7.));
#10991=CARTESIAN_POINT('',(15.64,-8.13999999999999,7.));
#10992=CARTESIAN_POINT('',(7.82,-8.13999999999999,7.));
#10993=CARTESIAN_POINT('',(15.64,-8.13999999999999,4.));
#10994=CARTESIAN_POINT('',(15.64,-8.13999999999999,4.));
#10995=CARTESIAN_POINT('',(15.64,-8.13999999999999,7.));
#10996=CARTESIAN_POINT('Origin',(10.0000007428601,-7.09999999999999,7.));
#10997=CARTESIAN_POINT('',(15.64,-7.09999999999999,7.));
#10998=CARTESIAN_POINT('',(10.0000007428601,-7.09999999999999,7.));
#10999=CARTESIAN_POINT('',(5.00000037143005,-7.09999999999999,7.));
#11000=CARTESIAN_POINT('',(15.64,-7.09999999999999,4.));
#11001=CARTESIAN_POINT('',(15.64,-7.09999999999999,7.));
#11002=CARTESIAN_POINT('',(10.0000007428601,-7.09999999999999,4.));
#11003=CARTESIAN_POINT('',(10.0000007428601,-7.09999999999999,4.));
#11004=CARTESIAN_POINT('',(10.0000007428601,-7.09999999999999,7.));
#11005=CARTESIAN_POINT('Origin',(10.0000007428601,-5.59999999999999,7.));
#11006=CARTESIAN_POINT('',(10.0000007428601,-5.59999999999999,7.));
#11007=CARTESIAN_POINT('',(10.0000007428601,-2.79999999999999,7.));
#11008=CARTESIAN_POINT('',(10.0000007428601,-5.59999999999999,4.));
#11009=CARTESIAN_POINT('',(10.0000007428601,-5.59999999999999,4.));
#11010=CARTESIAN_POINT('',(10.0000007428601,-5.59999999999999,7.));
#11011=CARTESIAN_POINT('Origin',(15.64,-5.59999999999999,7.));
#11012=CARTESIAN_POINT('',(15.64,-5.59999999999999,7.));
#11013=CARTESIAN_POINT('',(7.82,-5.59999999999999,7.));
#11014=CARTESIAN_POINT('',(15.64,-5.59999999999999,4.));
#11015=CARTESIAN_POINT('',(15.64,-5.59999999999999,4.));
#11016=CARTESIAN_POINT('',(15.64,-5.59999999999999,7.));
#11017=CARTESIAN_POINT('Origin',(10.0000007428601,-4.55999999999999,7.));
#11018=CARTESIAN_POINT('',(15.64,-4.55999999999999,7.));
#11019=CARTESIAN_POINT('',(10.0000007428601,-4.55999999999999,7.));
#11020=CARTESIAN_POINT('',(5.00000037143005,-4.55999999999999,7.));
#11021=CARTESIAN_POINT('',(15.64,-4.55999999999999,4.));
#11022=CARTESIAN_POINT('',(15.64,-4.55999999999999,7.));
#11023=CARTESIAN_POINT('',(10.0000007428601,-4.55999999999999,4.));
#11024=CARTESIAN_POINT('',(10.0000007428601,-4.55999999999999,4.));
#11025=CARTESIAN_POINT('',(10.0000007428601,-4.55999999999999,7.));
#11026=CARTESIAN_POINT('Origin',(10.0000007428601,-3.05999999999999,7.));
#11027=CARTESIAN_POINT('',(10.0000007428601,-3.05999999999999,7.));
#11028=CARTESIAN_POINT('',(10.0000007428601,-1.52999999999999,7.));
#11029=CARTESIAN_POINT('',(10.0000007428601,-3.05999999999999,4.));
#11030=CARTESIAN_POINT('',(10.0000007428601,-3.05999999999999,4.));
#11031=CARTESIAN_POINT('',(10.0000007428601,-3.05999999999999,7.));
#11032=CARTESIAN_POINT('Origin',(15.64,-3.05999999999999,7.));
#11033=CARTESIAN_POINT('',(15.64,-3.05999999999999,7.));
#11034=CARTESIAN_POINT('',(7.82,-3.05999999999999,7.));
#11035=CARTESIAN_POINT('',(15.64,-3.05999999999999,4.));
#11036=CARTESIAN_POINT('',(15.64,-3.05999999999999,4.));
#11037=CARTESIAN_POINT('',(15.64,-3.05999999999999,7.));
#11038=CARTESIAN_POINT('Origin',(10.0000007428601,-2.01999999999999,7.));
#11039=CARTESIAN_POINT('',(15.64,-2.01999999999999,7.));
#11040=CARTESIAN_POINT('',(10.0000007428601,-2.01999999999999,7.));
#11041=CARTESIAN_POINT('',(5.00000037143005,-2.01999999999999,7.));
#11042=CARTESIAN_POINT('',(15.64,-2.01999999999999,4.));
#11043=CARTESIAN_POINT('',(15.64,-2.01999999999999,7.));
#11044=CARTESIAN_POINT('',(10.0000007428601,-2.01999999999999,4.));
#11045=CARTESIAN_POINT('',(10.0000007428601,-2.01999999999999,4.));
#11046=CARTESIAN_POINT('',(10.0000007428601,-2.01999999999999,7.));
#11047=CARTESIAN_POINT('Origin',(10.0000007428601,-0.519999999999987,7.));
#11048=CARTESIAN_POINT('',(10.0000007428601,-0.519999999999987,7.));
#11049=CARTESIAN_POINT('',(10.0000007428601,-0.259999999999994,7.));
#11050=CARTESIAN_POINT('',(10.0000007428601,-0.519999999999987,4.));
#11051=CARTESIAN_POINT('',(10.0000007428601,-0.519999999999987,4.));
#11052=CARTESIAN_POINT('',(10.0000007428601,-0.519999999999987,7.));
#11053=CARTESIAN_POINT('Origin',(15.64,-0.519999999999987,7.));
#11054=CARTESIAN_POINT('',(15.64,-0.519999999999987,7.));
#11055=CARTESIAN_POINT('',(7.82,-0.519999999999987,7.));
#11056=CARTESIAN_POINT('',(15.64,-0.519999999999987,4.));
#11057=CARTESIAN_POINT('',(15.64,-0.519999999999987,4.));
#11058=CARTESIAN_POINT('',(15.64,-0.519999999999987,7.));
#11059=CARTESIAN_POINT('Origin',(10.0000007428601,0.520000000000009,7.));
#11060=CARTESIAN_POINT('',(15.64,0.520000000000009,7.));
#11061=CARTESIAN_POINT('',(10.0000007428601,0.520000000000009,7.));
#11062=CARTESIAN_POINT('',(5.00000037143005,0.520000000000009,7.));
#11063=CARTESIAN_POINT('',(15.64,0.520000000000009,4.));
#11064=CARTESIAN_POINT('',(15.64,0.520000000000009,7.));
#11065=CARTESIAN_POINT('',(10.0000007428601,0.520000000000009,4.));
#11066=CARTESIAN_POINT('',(10.0000007428601,0.520000000000009,4.));
#11067=CARTESIAN_POINT('',(10.0000007428601,0.520000000000009,7.));
#11068=CARTESIAN_POINT('Origin',(10.0000007428601,2.02000000000001,7.));
#11069=CARTESIAN_POINT('',(10.0000007428601,2.02000000000001,7.));
#11070=CARTESIAN_POINT('',(10.0000007428601,1.01000000000001,7.));
#11071=CARTESIAN_POINT('',(10.0000007428601,2.02000000000001,4.));
#11072=CARTESIAN_POINT('',(10.0000007428601,2.02000000000001,4.));
#11073=CARTESIAN_POINT('',(10.0000007428601,2.02000000000001,7.));
#11074=CARTESIAN_POINT('Origin',(15.64,2.02000000000001,7.));
#11075=CARTESIAN_POINT('',(15.64,2.02000000000001,7.));
#11076=CARTESIAN_POINT('',(7.82,2.02000000000001,7.));
#11077=CARTESIAN_POINT('',(15.64,2.02000000000001,4.));
#11078=CARTESIAN_POINT('',(15.64,2.02000000000001,4.));
#11079=CARTESIAN_POINT('',(15.64,2.02000000000001,7.));
#11080=CARTESIAN_POINT('Origin',(10.0000007428601,3.06000000000001,7.));
#11081=CARTESIAN_POINT('',(15.64,3.06000000000001,7.));
#11082=CARTESIAN_POINT('',(10.0000007428601,3.06000000000001,7.));
#11083=CARTESIAN_POINT('',(5.00000037143005,3.06000000000001,7.));
#11084=CARTESIAN_POINT('',(15.64,3.06000000000001,4.));
#11085=CARTESIAN_POINT('',(15.64,3.06000000000001,7.));
#11086=CARTESIAN_POINT('',(10.0000007428601,3.06000000000001,4.));
#11087=CARTESIAN_POINT('',(10.0000007428601,3.06000000000001,4.));
#11088=CARTESIAN_POINT('',(10.0000007428601,3.06000000000001,7.));
#11089=CARTESIAN_POINT('Origin',(10.0000007428601,4.56000000000001,7.));
#11090=CARTESIAN_POINT('',(10.0000007428601,4.56000000000001,7.));
#11091=CARTESIAN_POINT('',(10.0000007428601,2.28000000000001,7.));
#11092=CARTESIAN_POINT('',(10.0000007428601,4.56000000000001,4.));
#11093=CARTESIAN_POINT('',(10.0000007428601,4.56000000000001,4.));
#11094=CARTESIAN_POINT('',(10.0000007428601,4.56000000000001,7.));
#11095=CARTESIAN_POINT('Origin',(15.64,4.56000000000001,7.));
#11096=CARTESIAN_POINT('',(15.64,4.56000000000001,7.));
#11097=CARTESIAN_POINT('',(7.82,4.56000000000001,7.));
#11098=CARTESIAN_POINT('',(15.64,4.56000000000001,4.));
#11099=CARTESIAN_POINT('',(15.64,4.56000000000001,4.));
#11100=CARTESIAN_POINT('',(15.64,4.56000000000001,7.));
#11101=CARTESIAN_POINT('Origin',(10.0000007428601,5.60000000000001,7.));
#11102=CARTESIAN_POINT('',(15.64,5.60000000000001,7.));
#11103=CARTESIAN_POINT('',(10.0000007428601,5.60000000000001,7.));
#11104=CARTESIAN_POINT('',(5.00000037143005,5.60000000000001,7.));
#11105=CARTESIAN_POINT('',(15.64,5.60000000000001,4.));
#11106=CARTESIAN_POINT('',(15.64,5.60000000000001,7.));
#11107=CARTESIAN_POINT('',(10.0000007428601,5.60000000000001,4.));
#11108=CARTESIAN_POINT('',(10.0000007428601,5.60000000000001,4.));
#11109=CARTESIAN_POINT('',(10.0000007428601,5.60000000000001,7.));
#11110=CARTESIAN_POINT('Origin',(10.0000007428601,7.10000000000001,7.));
#11111=CARTESIAN_POINT('',(10.0000007428601,7.10000000000001,7.));
#11112=CARTESIAN_POINT('',(10.0000007428601,3.55000000000001,7.));
#11113=CARTESIAN_POINT('',(10.0000007428601,7.10000000000001,4.));
#11114=CARTESIAN_POINT('',(10.0000007428601,7.10000000000001,4.));
#11115=CARTESIAN_POINT('',(10.0000007428601,7.10000000000001,7.));
#11116=CARTESIAN_POINT('Origin',(15.64,7.10000000000001,7.));
#11117=CARTESIAN_POINT('',(15.64,7.10000000000001,7.));
#11118=CARTESIAN_POINT('',(7.82,7.10000000000001,7.));
#11119=CARTESIAN_POINT('',(15.64,7.10000000000001,4.));
#11120=CARTESIAN_POINT('',(15.64,7.10000000000001,4.));
#11121=CARTESIAN_POINT('',(15.64,7.10000000000001,7.));
#11122=CARTESIAN_POINT('Origin',(10.0000007428601,8.14000000000001,7.));
#11123=CARTESIAN_POINT('',(15.64,8.14000000000001,7.));
#11124=CARTESIAN_POINT('',(10.0000007428601,8.14000000000001,7.));
#11125=CARTESIAN_POINT('',(5.00000037143005,8.14000000000001,7.));
#11126=CARTESIAN_POINT('',(15.64,8.14000000000001,4.));
#11127=CARTESIAN_POINT('',(15.64,8.14000000000001,7.));
#11128=CARTESIAN_POINT('',(10.0000007428601,8.14000000000001,4.));
#11129=CARTESIAN_POINT('',(10.0000007428601,8.14000000000001,4.));
#11130=CARTESIAN_POINT('',(10.0000007428601,8.14000000000001,7.));
#11131=CARTESIAN_POINT('Origin',(10.0000007428601,9.64000000000001,7.));
#11132=CARTESIAN_POINT('',(10.0000007428601,9.64000000000001,7.));
#11133=CARTESIAN_POINT('',(10.0000007428601,4.82000000000001,7.));
#11134=CARTESIAN_POINT('',(10.0000007428601,9.64000000000001,4.));
#11135=CARTESIAN_POINT('',(10.0000007428601,9.64000000000001,4.));
#11136=CARTESIAN_POINT('',(10.0000007428601,9.64000000000001,7.));
#11137=CARTESIAN_POINT('Origin',(15.64,9.64000000000001,7.));
#11138=CARTESIAN_POINT('',(15.64,9.64000000000001,7.));
#11139=CARTESIAN_POINT('',(7.82,9.64000000000001,7.));
#11140=CARTESIAN_POINT('',(15.64,9.64000000000001,4.));
#11141=CARTESIAN_POINT('',(15.64,9.64000000000001,4.));
#11142=CARTESIAN_POINT('',(15.64,9.64000000000001,7.));
#11143=CARTESIAN_POINT('Origin',(10.0000007428601,10.68,7.));
#11144=CARTESIAN_POINT('',(15.64,10.68,7.));
#11145=CARTESIAN_POINT('',(10.0000007428601,10.68,7.));
#11146=CARTESIAN_POINT('',(5.00000037143005,10.68,7.));
#11147=CARTESIAN_POINT('',(15.64,10.68,4.));
#11148=CARTESIAN_POINT('',(15.64,10.68,7.));
#11149=CARTESIAN_POINT('',(10.0000007428601,10.68,4.));
#11150=CARTESIAN_POINT('',(10.0000007428601,10.68,4.));
#11151=CARTESIAN_POINT('',(10.0000007428601,10.68,7.));
#11152=CARTESIAN_POINT('Origin',(10.0000007428601,12.18,7.));
#11153=CARTESIAN_POINT('',(10.0000007428601,12.18,7.));
#11154=CARTESIAN_POINT('',(10.0000007428601,6.09000000000001,7.));
#11155=CARTESIAN_POINT('',(10.0000007428601,12.18,4.));
#11156=CARTESIAN_POINT('',(10.0000007428601,12.18,4.));
#11157=CARTESIAN_POINT('',(10.0000007428601,12.18,7.));
#11158=CARTESIAN_POINT('Origin',(15.64,12.18,7.));
#11159=CARTESIAN_POINT('',(15.64,12.18,7.));
#11160=CARTESIAN_POINT('',(7.82,12.18,7.));
#11161=CARTESIAN_POINT('',(15.64,12.18,4.));
#11162=CARTESIAN_POINT('',(15.64,12.18,4.));
#11163=CARTESIAN_POINT('',(15.64,12.18,7.));
#11164=CARTESIAN_POINT('Origin',(10.0000007428601,13.22,7.));
#11165=CARTESIAN_POINT('',(15.64,13.22,7.));
#11166=CARTESIAN_POINT('',(10.0000007428601,13.22,7.));
#11167=CARTESIAN_POINT('',(5.00000037143005,13.22,7.));
#11168=CARTESIAN_POINT('',(15.64,13.22,4.));
#11169=CARTESIAN_POINT('',(15.64,13.22,7.));
#11170=CARTESIAN_POINT('',(10.0000007428601,13.22,4.));
#11171=CARTESIAN_POINT('',(10.0000007428601,13.22,4.));
#11172=CARTESIAN_POINT('',(10.0000007428601,13.22,7.));
#11173=CARTESIAN_POINT('Origin',(10.0000007428601,14.72,7.));
#11174=CARTESIAN_POINT('',(10.0000007428601,14.72,7.));
#11175=CARTESIAN_POINT('',(10.0000007428601,7.36000000000001,7.));
#11176=CARTESIAN_POINT('',(10.0000007428601,14.72,4.));
#11177=CARTESIAN_POINT('',(10.0000007428601,14.72,4.));
#11178=CARTESIAN_POINT('',(10.0000007428601,14.72,7.));
#11179=CARTESIAN_POINT('Origin',(15.64,14.72,7.));
#11180=CARTESIAN_POINT('',(15.64,14.72,7.));
#11181=CARTESIAN_POINT('',(7.82,14.72,7.));
#11182=CARTESIAN_POINT('',(15.64,14.72,4.));
#11183=CARTESIAN_POINT('',(15.64,14.72,4.));
#11184=CARTESIAN_POINT('',(15.64,14.72,7.));
#11185=CARTESIAN_POINT('Origin',(10.0000007428601,15.76,7.));
#11186=CARTESIAN_POINT('',(15.64,15.76,7.));
#11187=CARTESIAN_POINT('',(10.0000007428601,15.76,7.));
#11188=CARTESIAN_POINT('',(5.00000037143005,15.76,7.));
#11189=CARTESIAN_POINT('',(15.64,15.76,4.));
#11190=CARTESIAN_POINT('',(15.64,15.76,7.));
#11191=CARTESIAN_POINT('',(10.0000007428601,15.76,4.));
#11192=CARTESIAN_POINT('',(10.0000007428601,15.76,4.));
#11193=CARTESIAN_POINT('',(10.0000007428601,15.76,7.));
#11194=CARTESIAN_POINT('Origin',(10.0000007428601,17.26,7.));
#11195=CARTESIAN_POINT('',(10.0000007428601,17.26,7.));
#11196=CARTESIAN_POINT('',(10.0000007428601,8.63000000000001,7.));
#11197=CARTESIAN_POINT('',(10.0000007428601,17.26,4.));
#11198=CARTESIAN_POINT('',(10.0000007428601,17.26,4.));
#11199=CARTESIAN_POINT('',(10.0000007428601,17.26,7.));
#11200=CARTESIAN_POINT('Origin',(15.64,17.26,7.));
#11201=CARTESIAN_POINT('',(15.64,17.26,7.));
#11202=CARTESIAN_POINT('',(7.82,17.26,7.));
#11203=CARTESIAN_POINT('',(15.64,17.26,4.));
#11204=CARTESIAN_POINT('',(15.64,17.26,4.));
#11205=CARTESIAN_POINT('',(15.64,17.26,7.));
#11206=CARTESIAN_POINT('Origin',(10.0000007428601,18.3,7.));
#11207=CARTESIAN_POINT('',(15.64,18.3,7.));
#11208=CARTESIAN_POINT('',(10.0000007428601,18.3,7.));
#11209=CARTESIAN_POINT('',(5.00000037143005,18.3,7.));
#11210=CARTESIAN_POINT('',(15.64,18.3,4.));
#11211=CARTESIAN_POINT('',(15.64,18.3,7.));
#11212=CARTESIAN_POINT('',(10.0000007428601,18.3,4.));
#11213=CARTESIAN_POINT('',(10.0000007428601,18.3,4.));
#11214=CARTESIAN_POINT('',(10.0000007428601,18.3,7.));
#11215=CARTESIAN_POINT('Origin',(10.0000007428601,19.8,7.));
#11216=CARTESIAN_POINT('',(10.0000007428601,19.8,7.));
#11217=CARTESIAN_POINT('',(10.0000007428601,9.90000000000001,7.));
#11218=CARTESIAN_POINT('',(10.0000007428601,19.8,4.));
#11219=CARTESIAN_POINT('',(10.0000007428601,19.8,4.));
#11220=CARTESIAN_POINT('',(10.0000007428601,19.8,7.));
#11221=CARTESIAN_POINT('Origin',(15.64,19.8,7.));
#11222=CARTESIAN_POINT('',(15.64,19.8,7.));
#11223=CARTESIAN_POINT('',(7.82,19.8,7.));
#11224=CARTESIAN_POINT('',(15.64,19.8,4.));
#11225=CARTESIAN_POINT('',(15.64,19.8,4.));
#11226=CARTESIAN_POINT('',(15.64,19.8,7.));
#11227=CARTESIAN_POINT('Origin',(10.0000007428601,20.84,7.));
#11228=CARTESIAN_POINT('',(15.64,20.84,7.));
#11229=CARTESIAN_POINT('',(10.0000007428601,20.84,7.));
#11230=CARTESIAN_POINT('',(5.00000037143005,20.84,7.));
#11231=CARTESIAN_POINT('',(15.64,20.84,4.));
#11232=CARTESIAN_POINT('',(15.64,20.84,7.));
#11233=CARTESIAN_POINT('',(10.0000007428601,20.84,4.));
#11234=CARTESIAN_POINT('',(10.0000007428601,20.84,4.));
#11235=CARTESIAN_POINT('',(10.0000007428601,20.84,7.));
#11236=CARTESIAN_POINT('Origin',(10.0000007428601,22.34,7.));
#11237=CARTESIAN_POINT('',(10.0000007428601,22.34,7.));
#11238=CARTESIAN_POINT('',(10.0000007428601,11.17,7.));
#11239=CARTESIAN_POINT('',(10.0000007428601,22.34,4.));
#11240=CARTESIAN_POINT('',(10.0000007428601,22.34,4.));
#11241=CARTESIAN_POINT('',(10.0000007428601,22.34,7.));
#11242=CARTESIAN_POINT('Origin',(15.64,22.34,7.));
#11243=CARTESIAN_POINT('',(15.64,22.34,7.));
#11244=CARTESIAN_POINT('',(7.82,22.34,7.));
#11245=CARTESIAN_POINT('',(15.64,22.34,4.));
#11246=CARTESIAN_POINT('',(15.64,22.34,4.));
#11247=CARTESIAN_POINT('',(15.64,22.34,7.));
#11248=CARTESIAN_POINT('Origin',(10.0000007428601,23.38,7.));
#11249=CARTESIAN_POINT('',(15.64,23.38,7.));
#11250=CARTESIAN_POINT('',(10.0000007428601,23.38,7.));
#11251=CARTESIAN_POINT('',(5.00000037143005,23.38,7.));
#11252=CARTESIAN_POINT('',(15.64,23.38,4.));
#11253=CARTESIAN_POINT('',(15.64,23.38,7.));
#11254=CARTESIAN_POINT('',(10.0000007428601,23.38,4.));
#11255=CARTESIAN_POINT('',(10.0000007428601,23.38,4.));
#11256=CARTESIAN_POINT('',(10.0000007428601,23.38,7.));
#11257=CARTESIAN_POINT('Origin',(10.0000007428601,24.88,7.));
#11258=CARTESIAN_POINT('',(10.0000007428601,24.88,7.));
#11259=CARTESIAN_POINT('',(10.0000007428601,12.44,7.));
#11260=CARTESIAN_POINT('',(10.0000007428601,24.88,4.));
#11261=CARTESIAN_POINT('',(10.0000007428601,24.88,4.));
#11262=CARTESIAN_POINT('',(10.0000007428601,24.88,7.));
#11263=CARTESIAN_POINT('Origin',(15.64,24.88,7.));
#11264=CARTESIAN_POINT('',(15.64,24.88,7.));
#11265=CARTESIAN_POINT('',(7.82,24.88,7.));
#11266=CARTESIAN_POINT('',(15.64,24.88,4.));
#11267=CARTESIAN_POINT('',(15.64,24.88,4.));
#11268=CARTESIAN_POINT('',(15.64,24.88,7.));
#11269=CARTESIAN_POINT('Origin',(0.,4.44089209850063E-15,4.));
#11270=CARTESIAN_POINT('',(-15.64,26.655,4.));
#11271=CARTESIAN_POINT('',(-15.64,-26.655,4.));
#11272=CARTESIAN_POINT('',(15.64,26.655,4.));
#11273=CARTESIAN_POINT('',(-15.64,26.655,4.));
#11274=CARTESIAN_POINT('',(15.64,26.655,4.));
#11275=CARTESIAN_POINT('',(15.64,26.655,4.));
#11276=CARTESIAN_POINT('',(15.64,26.655,4.));
#11277=CARTESIAN_POINT('',(15.64,26.655,4.));
#11278=CARTESIAN_POINT('',(15.64,26.655,4.));
#11279=CARTESIAN_POINT('',(15.64,26.655,4.));
#11280=CARTESIAN_POINT('',(15.64,26.655,4.));
#11281=CARTESIAN_POINT('',(15.64,26.655,4.));
#11282=CARTESIAN_POINT('',(15.64,26.655,4.));
#11283=CARTESIAN_POINT('',(15.64,26.655,4.));
#11284=CARTESIAN_POINT('',(15.64,26.655,4.));
#11285=CARTESIAN_POINT('',(15.64,26.655,4.));
#11286=CARTESIAN_POINT('',(15.64,26.655,4.));
#11287=CARTESIAN_POINT('',(15.64,26.655,4.));
#11288=CARTESIAN_POINT('',(15.64,26.655,4.));
#11289=CARTESIAN_POINT('',(15.64,26.655,4.));
#11290=CARTESIAN_POINT('',(15.64,26.655,4.));
#11291=CARTESIAN_POINT('',(15.64,26.655,4.));
#11292=CARTESIAN_POINT('',(15.64,26.655,4.));
#11293=CARTESIAN_POINT('',(15.64,26.655,4.));
#11294=CARTESIAN_POINT('',(15.64,-26.655,4.));
#11295=CARTESIAN_POINT('',(15.64,26.655,4.));
#11296=CARTESIAN_POINT('',(-15.64,-26.655,4.));
#11297=CARTESIAN_POINT('',(15.64,-26.655,4.));
#11298=CARTESIAN_POINT('',(-15.64,-26.655,4.));
#11299=CARTESIAN_POINT('',(-15.64,-26.655,4.));
#11300=CARTESIAN_POINT('',(-15.64,-26.655,4.));
#11301=CARTESIAN_POINT('',(-15.64,-26.655,4.));
#11302=CARTESIAN_POINT('',(-15.64,-26.655,4.));
#11303=CARTESIAN_POINT('',(-15.64,-26.655,4.));
#11304=CARTESIAN_POINT('',(-15.64,-26.655,4.));
#11305=CARTESIAN_POINT('',(-15.64,-26.655,4.));
#11306=CARTESIAN_POINT('',(-15.64,-26.655,4.));
#11307=CARTESIAN_POINT('',(-15.64,-26.655,4.));
#11308=CARTESIAN_POINT('',(-15.64,-26.655,4.));
#11309=CARTESIAN_POINT('',(-15.64,-26.655,4.));
#11310=CARTESIAN_POINT('',(-15.64,-26.655,4.));
#11311=CARTESIAN_POINT('',(-15.64,-26.655,4.));
#11312=CARTESIAN_POINT('',(-15.64,-26.655,4.));
#11313=CARTESIAN_POINT('',(-15.64,-26.655,4.));
#11314=CARTESIAN_POINT('',(-15.64,-26.655,4.));
#11315=CARTESIAN_POINT('',(-15.64,-26.655,4.));
#11316=CARTESIAN_POINT('',(-15.64,-26.655,4.));
#11317=CARTESIAN_POINT('',(-15.64,-26.655,4.));
#11318=CARTESIAN_POINT('Origin',(-2.0351408482997E-14,0.,7.));
#11319=CARTESIAN_POINT('',(15.64,26.655,7.));
#11320=CARTESIAN_POINT('',(13.64,-22.115,7.));
#11321=CARTESIAN_POINT('',(13.64,-21.065,7.));
#11322=CARTESIAN_POINT('',(13.64,-21.065,7.));
#11323=CARTESIAN_POINT('',(11.14,-21.065,7.));
#11324=CARTESIAN_POINT('',(11.14,-21.065,7.));
#11325=CARTESIAN_POINT('',(11.14,-22.115,7.));
#11326=CARTESIAN_POINT('',(11.14,-22.115,7.));
#11327=CARTESIAN_POINT('',(13.64,-22.115,7.));
#11328=CARTESIAN_POINT('Origin',(-2.0351408482997E-14,0.,7.));
#11329=CARTESIAN_POINT('',(15.64,26.655,7.));
#11330=CARTESIAN_POINT('',(13.64,-19.575,7.));
#11331=CARTESIAN_POINT('',(13.64,-18.525,7.));
#11332=CARTESIAN_POINT('',(13.64,-18.525,7.));
#11333=CARTESIAN_POINT('',(11.14,-18.525,7.));
#11334=CARTESIAN_POINT('',(11.14,-18.525,7.));
#11335=CARTESIAN_POINT('',(11.14,-19.575,7.));
#11336=CARTESIAN_POINT('',(11.14,-19.575,7.));
#11337=CARTESIAN_POINT('',(13.64,-19.575,7.));
#11338=CARTESIAN_POINT('Origin',(-2.0351408482997E-14,0.,7.));
#11339=CARTESIAN_POINT('',(15.64,26.655,7.));
#11340=CARTESIAN_POINT('',(13.64,-17.035,7.));
#11341=CARTESIAN_POINT('',(13.64,-15.985,7.));
#11342=CARTESIAN_POINT('',(13.64,-15.985,7.));
#11343=CARTESIAN_POINT('',(11.14,-15.985,7.));
#11344=CARTESIAN_POINT('',(11.14,-15.985,7.));
#11345=CARTESIAN_POINT('',(11.14,-17.035,7.));
#11346=CARTESIAN_POINT('',(11.14,-17.035,7.));
#11347=CARTESIAN_POINT('',(13.64,-17.035,7.));
#11348=CARTESIAN_POINT('Origin',(-2.0351408482997E-14,0.,7.));
#11349=CARTESIAN_POINT('',(15.64,26.655,7.));
#11350=CARTESIAN_POINT('',(13.64,-14.495,7.));
#11351=CARTESIAN_POINT('',(13.64,-13.445,7.));
#11352=CARTESIAN_POINT('',(13.64,-13.445,7.));
#11353=CARTESIAN_POINT('',(11.14,-13.445,7.));
#11354=CARTESIAN_POINT('',(11.14,-13.445,7.));
#11355=CARTESIAN_POINT('',(11.14,-14.495,7.));
#11356=CARTESIAN_POINT('',(11.14,-14.495,7.));
#11357=CARTESIAN_POINT('',(13.64,-14.495,7.));
#11358=CARTESIAN_POINT('Origin',(-2.0351408482997E-14,0.,7.));
#11359=CARTESIAN_POINT('',(15.64,26.655,7.));
#11360=CARTESIAN_POINT('',(13.64,-11.955,7.));
#11361=CARTESIAN_POINT('',(13.64,-10.905,7.));
#11362=CARTESIAN_POINT('',(13.64,-10.905,7.));
#11363=CARTESIAN_POINT('',(11.14,-10.905,7.));
#11364=CARTESIAN_POINT('',(11.14,-10.905,7.));
#11365=CARTESIAN_POINT('',(11.14,-11.955,7.));
#11366=CARTESIAN_POINT('',(11.14,-11.955,7.));
#11367=CARTESIAN_POINT('',(13.64,-11.955,7.));
#11368=CARTESIAN_POINT('Origin',(-2.0351408482997E-14,0.,7.));
#11369=CARTESIAN_POINT('',(15.64,26.655,7.));
#11370=CARTESIAN_POINT('',(13.64,-9.41499999999999,7.));
#11371=CARTESIAN_POINT('',(13.64,-8.36499999999999,7.));
#11372=CARTESIAN_POINT('',(13.64,-8.36499999999999,7.));
#11373=CARTESIAN_POINT('',(11.14,-8.36499999999999,7.));
#11374=CARTESIAN_POINT('',(11.14,-8.36499999999999,7.));
#11375=CARTESIAN_POINT('',(11.14,-9.41499999999999,7.));
#11376=CARTESIAN_POINT('',(11.14,-9.41499999999999,7.));
#11377=CARTESIAN_POINT('',(13.64,-9.41499999999999,7.));
#11378=CARTESIAN_POINT('Origin',(-2.0351408482997E-14,0.,7.));
#11379=CARTESIAN_POINT('',(15.64,26.655,7.));
#11380=CARTESIAN_POINT('',(13.64,-6.87499999999999,7.));
#11381=CARTESIAN_POINT('',(13.64,-5.82499999999999,7.));
#11382=CARTESIAN_POINT('',(13.64,-5.82499999999999,7.));
#11383=CARTESIAN_POINT('',(11.14,-5.82499999999999,7.));
#11384=CARTESIAN_POINT('',(11.14,-5.82499999999999,7.));
#11385=CARTESIAN_POINT('',(11.14,-6.87499999999999,7.));
#11386=CARTESIAN_POINT('',(11.14,-6.87499999999999,7.));
#11387=CARTESIAN_POINT('',(13.64,-6.87499999999999,7.));
#11388=CARTESIAN_POINT('Origin',(-2.0351408482997E-14,0.,7.));
#11389=CARTESIAN_POINT('',(15.64,26.655,7.));
#11390=CARTESIAN_POINT('',(13.64,-4.33499999999999,7.));
#11391=CARTESIAN_POINT('',(13.64,-3.28499999999999,7.));
#11392=CARTESIAN_POINT('',(13.64,-3.28499999999999,7.));
#11393=CARTESIAN_POINT('',(11.14,-3.28499999999999,7.));
#11394=CARTESIAN_POINT('',(11.14,-3.28499999999999,7.));
#11395=CARTESIAN_POINT('',(11.14,-4.33499999999999,7.));
#11396=CARTESIAN_POINT('',(11.14,-4.33499999999999,7.));
#11397=CARTESIAN_POINT('',(13.64,-4.33499999999999,7.));
#11398=CARTESIAN_POINT('Origin',(-2.0351408482997E-14,0.,7.));
#11399=CARTESIAN_POINT('',(15.64,26.655,7.));
#11400=CARTESIAN_POINT('',(13.64,-1.79499999999999,7.));
#11401=CARTESIAN_POINT('',(13.64,-0.74499999999999,7.));
#11402=CARTESIAN_POINT('',(13.64,-0.74499999999999,7.));
#11403=CARTESIAN_POINT('',(11.14,-0.744999999999986,7.));
#11404=CARTESIAN_POINT('',(11.14,-0.744999999999986,7.));
#11405=CARTESIAN_POINT('',(11.14,-1.79499999999999,7.));
#11406=CARTESIAN_POINT('',(11.14,-1.79499999999999,7.));
#11407=CARTESIAN_POINT('',(13.64,-1.79499999999999,7.));
#11408=CARTESIAN_POINT('Origin',(-2.0351408482997E-14,0.,7.));
#11409=CARTESIAN_POINT('',(15.64,26.655,7.));
#11410=CARTESIAN_POINT('',(13.64,0.74500000000001,7.));
#11411=CARTESIAN_POINT('',(13.64,1.79500000000001,7.));
#11412=CARTESIAN_POINT('',(13.64,1.79500000000001,7.));
#11413=CARTESIAN_POINT('',(11.14,1.79500000000001,7.));
#11414=CARTESIAN_POINT('',(11.14,1.79500000000001,7.));
#11415=CARTESIAN_POINT('',(11.14,0.74500000000001,7.));
#11416=CARTESIAN_POINT('',(11.14,0.74500000000001,7.));
#11417=CARTESIAN_POINT('',(13.64,0.74500000000001,7.));
#11418=CARTESIAN_POINT('Origin',(-2.0351408482997E-14,0.,7.));
#11419=CARTESIAN_POINT('',(15.64,26.655,7.));
#11420=CARTESIAN_POINT('',(13.64,3.28500000000001,7.));
#11421=CARTESIAN_POINT('',(13.64,4.33500000000001,7.));
#11422=CARTESIAN_POINT('',(13.64,4.33500000000001,7.));
#11423=CARTESIAN_POINT('',(11.14,4.33500000000001,7.));
#11424=CARTESIAN_POINT('',(11.14,4.33500000000001,7.));
#11425=CARTESIAN_POINT('',(11.14,3.28500000000001,7.));
#11426=CARTESIAN_POINT('',(11.14,3.28500000000001,7.));
#11427=CARTESIAN_POINT('',(13.64,3.28500000000001,7.));
#11428=CARTESIAN_POINT('Origin',(-2.0351408482997E-14,0.,7.));
#11429=CARTESIAN_POINT('',(15.64,26.655,7.));
#11430=CARTESIAN_POINT('',(13.64,5.82500000000001,7.));
#11431=CARTESIAN_POINT('',(13.64,6.87500000000001,7.));
#11432=CARTESIAN_POINT('',(13.64,6.87500000000001,7.));
#11433=CARTESIAN_POINT('',(11.14,6.87500000000001,7.));
#11434=CARTESIAN_POINT('',(11.14,6.87500000000001,7.));
#11435=CARTESIAN_POINT('',(11.14,5.82500000000001,7.));
#11436=CARTESIAN_POINT('',(11.14,5.82500000000001,7.));
#11437=CARTESIAN_POINT('',(13.64,5.82500000000001,7.));
#11438=CARTESIAN_POINT('Origin',(-2.0351408482997E-14,0.,7.));
#11439=CARTESIAN_POINT('',(15.64,26.655,7.));
#11440=CARTESIAN_POINT('',(13.64,8.36500000000001,7.));
#11441=CARTESIAN_POINT('',(13.64,9.41500000000001,7.));
#11442=CARTESIAN_POINT('',(13.64,9.41500000000001,7.));
#11443=CARTESIAN_POINT('',(11.14,9.41500000000002,7.));
#11444=CARTESIAN_POINT('',(11.14,9.41500000000002,7.));
#11445=CARTESIAN_POINT('',(11.14,8.36500000000001,7.));
#11446=CARTESIAN_POINT('',(11.14,8.36500000000001,7.));
#11447=CARTESIAN_POINT('',(13.64,8.36500000000001,7.));
#11448=CARTESIAN_POINT('Origin',(-2.0351408482997E-14,0.,7.));
#11449=CARTESIAN_POINT('',(15.64,26.655,7.));
#11450=CARTESIAN_POINT('',(13.64,10.905,7.));
#11451=CARTESIAN_POINT('',(13.64,11.955,7.));
#11452=CARTESIAN_POINT('',(13.64,11.955,7.));
#11453=CARTESIAN_POINT('',(11.14,11.955,7.));
#11454=CARTESIAN_POINT('',(11.14,11.955,7.));
#11455=CARTESIAN_POINT('',(11.14,10.905,7.));
#11456=CARTESIAN_POINT('',(11.14,10.905,7.));
#11457=CARTESIAN_POINT('',(13.64,10.905,7.));
#11458=CARTESIAN_POINT('Origin',(-2.0351408482997E-14,0.,7.));
#11459=CARTESIAN_POINT('',(15.64,26.655,7.));
#11460=CARTESIAN_POINT('',(13.64,13.445,7.));
#11461=CARTESIAN_POINT('',(13.64,14.495,7.));
#11462=CARTESIAN_POINT('',(13.64,14.495,7.));
#11463=CARTESIAN_POINT('',(11.14,14.495,7.));
#11464=CARTESIAN_POINT('',(11.14,14.495,7.));
#11465=CARTESIAN_POINT('',(11.14,13.445,7.));
#11466=CARTESIAN_POINT('',(11.14,13.445,7.));
#11467=CARTESIAN_POINT('',(13.64,13.445,7.));
#11468=CARTESIAN_POINT('Origin',(-2.0351408482997E-14,0.,7.));
#11469=CARTESIAN_POINT('',(15.64,26.655,7.));
#11470=CARTESIAN_POINT('',(13.64,15.985,7.));
#11471=CARTESIAN_POINT('',(13.64,17.035,7.));
#11472=CARTESIAN_POINT('',(13.64,17.035,7.));
#11473=CARTESIAN_POINT('',(11.14,17.035,7.));
#11474=CARTESIAN_POINT('',(11.14,17.035,7.));
#11475=CARTESIAN_POINT('',(11.14,15.985,7.));
#11476=CARTESIAN_POINT('',(11.14,15.985,7.));
#11477=CARTESIAN_POINT('',(13.64,15.985,7.));
#11478=CARTESIAN_POINT('Origin',(-2.0351408482997E-14,0.,7.));
#11479=CARTESIAN_POINT('',(15.64,26.655,7.));
#11480=CARTESIAN_POINT('',(13.64,18.525,7.));
#11481=CARTESIAN_POINT('',(13.64,19.575,7.));
#11482=CARTESIAN_POINT('',(13.64,19.575,7.));
#11483=CARTESIAN_POINT('',(11.14,19.575,7.));
#11484=CARTESIAN_POINT('',(11.14,19.575,7.));
#11485=CARTESIAN_POINT('',(11.14,18.525,7.));
#11486=CARTESIAN_POINT('',(11.14,18.525,7.));
#11487=CARTESIAN_POINT('',(13.64,18.525,7.));
#11488=CARTESIAN_POINT('Origin',(-2.0351408482997E-14,0.,7.));
#11489=CARTESIAN_POINT('',(15.64,26.655,7.));
#11490=CARTESIAN_POINT('',(13.64,21.065,7.));
#11491=CARTESIAN_POINT('',(13.64,22.115,7.));
#11492=CARTESIAN_POINT('',(13.64,22.115,7.));
#11493=CARTESIAN_POINT('',(11.14,22.115,7.));
#11494=CARTESIAN_POINT('',(11.14,22.115,7.));
#11495=CARTESIAN_POINT('',(11.14,21.065,7.));
#11496=CARTESIAN_POINT('',(11.14,21.065,7.));
#11497=CARTESIAN_POINT('',(13.64,21.065,7.));
#11498=CARTESIAN_POINT('Origin',(-2.0351408482997E-14,0.,7.));
#11499=CARTESIAN_POINT('',(15.64,26.655,7.));
#11500=CARTESIAN_POINT('',(13.64,23.605,7.));
#11501=CARTESIAN_POINT('',(13.64,24.655,7.));
#11502=CARTESIAN_POINT('',(13.64,24.655,7.));
#11503=CARTESIAN_POINT('',(11.14,24.655,7.));
#11504=CARTESIAN_POINT('',(11.14,24.655,7.));
#11505=CARTESIAN_POINT('',(11.14,23.605,7.));
#11506=CARTESIAN_POINT('',(11.14,23.605,7.));
#11507=CARTESIAN_POINT('',(13.64,23.605,7.));
#11508=CARTESIAN_POINT('Origin',(-2.0351408482997E-14,0.,7.));
#11509=CARTESIAN_POINT('',(-15.64,-26.655,7.));
#11510=CARTESIAN_POINT('',(-13.64,24.655,7.));
#11511=CARTESIAN_POINT('',(-13.64,23.605,7.));
#11512=CARTESIAN_POINT('',(-13.64,23.605,7.));
#11513=CARTESIAN_POINT('',(-11.14,23.605,7.));
#11514=CARTESIAN_POINT('',(-11.14,23.605,7.));
#11515=CARTESIAN_POINT('',(-11.14,24.655,7.));
#11516=CARTESIAN_POINT('',(-11.14,24.655,7.));
#11517=CARTESIAN_POINT('',(-13.64,24.655,7.));
#11518=CARTESIAN_POINT('Origin',(-2.0351408482997E-14,0.,7.));
#11519=CARTESIAN_POINT('',(-15.64,-26.655,7.));
#11520=CARTESIAN_POINT('',(-11.14,21.065,7.));
#11521=CARTESIAN_POINT('',(-11.14,22.115,7.));
#11522=CARTESIAN_POINT('',(-11.14,22.115,7.));
#11523=CARTESIAN_POINT('',(-13.64,22.115,7.));
#11524=CARTESIAN_POINT('',(-13.64,22.115,7.));
#11525=CARTESIAN_POINT('',(-13.64,21.065,7.));
#11526=CARTESIAN_POINT('',(-13.64,21.065,7.));
#11527=CARTESIAN_POINT('',(-11.14,21.065,7.));
#11528=CARTESIAN_POINT('Origin',(-2.0351408482997E-14,0.,7.));
#11529=CARTESIAN_POINT('',(-15.64,-26.655,7.));
#11530=CARTESIAN_POINT('',(-11.14,18.525,7.));
#11531=CARTESIAN_POINT('',(-11.14,19.575,7.));
#11532=CARTESIAN_POINT('',(-11.14,19.575,7.));
#11533=CARTESIAN_POINT('',(-13.64,19.575,7.));
#11534=CARTESIAN_POINT('',(-13.64,19.575,7.));
#11535=CARTESIAN_POINT('',(-13.64,18.525,7.));
#11536=CARTESIAN_POINT('',(-13.64,18.525,7.));
#11537=CARTESIAN_POINT('',(-11.14,18.525,7.));
#11538=CARTESIAN_POINT('Origin',(-2.0351408482997E-14,0.,7.));
#11539=CARTESIAN_POINT('',(-15.64,-26.655,7.));
#11540=CARTESIAN_POINT('',(-11.14,15.985,7.));
#11541=CARTESIAN_POINT('',(-11.14,17.035,7.));
#11542=CARTESIAN_POINT('',(-11.14,17.035,7.));
#11543=CARTESIAN_POINT('',(-13.64,17.035,7.));
#11544=CARTESIAN_POINT('',(-13.64,17.035,7.));
#11545=CARTESIAN_POINT('',(-13.64,15.985,7.));
#11546=CARTESIAN_POINT('',(-13.64,15.985,7.));
#11547=CARTESIAN_POINT('',(-11.14,15.985,7.));
#11548=CARTESIAN_POINT('Origin',(-2.0351408482997E-14,0.,7.));
#11549=CARTESIAN_POINT('',(-15.64,-26.655,7.));
#11550=CARTESIAN_POINT('',(-11.14,13.445,7.));
#11551=CARTESIAN_POINT('',(-11.14,14.495,7.));
#11552=CARTESIAN_POINT('',(-11.14,14.495,7.));
#11553=CARTESIAN_POINT('',(-13.64,14.495,7.));
#11554=CARTESIAN_POINT('',(-13.64,14.495,7.));
#11555=CARTESIAN_POINT('',(-13.64,13.445,7.));
#11556=CARTESIAN_POINT('',(-13.64,13.445,7.));
#11557=CARTESIAN_POINT('',(-11.14,13.445,7.));
#11558=CARTESIAN_POINT('Origin',(-2.0351408482997E-14,0.,7.));
#11559=CARTESIAN_POINT('',(-15.64,-26.655,7.));
#11560=CARTESIAN_POINT('',(-11.14,10.905,7.));
#11561=CARTESIAN_POINT('',(-11.14,11.955,7.));
#11562=CARTESIAN_POINT('',(-11.14,11.955,7.));
#11563=CARTESIAN_POINT('',(-13.64,11.955,7.));
#11564=CARTESIAN_POINT('',(-13.64,11.955,7.));
#11565=CARTESIAN_POINT('',(-13.64,10.905,7.));
#11566=CARTESIAN_POINT('',(-13.64,10.905,7.));
#11567=CARTESIAN_POINT('',(-11.14,10.905,7.));
#11568=CARTESIAN_POINT('Origin',(-2.0351408482997E-14,0.,7.));
#11569=CARTESIAN_POINT('',(-15.64,-26.655,7.));
#11570=CARTESIAN_POINT('',(-11.14,8.36500000000001,7.));
#11571=CARTESIAN_POINT('',(-11.14,9.41500000000001,7.));
#11572=CARTESIAN_POINT('',(-11.14,9.41500000000001,7.));
#11573=CARTESIAN_POINT('',(-13.64,9.41500000000002,7.));
#11574=CARTESIAN_POINT('',(-13.64,9.41500000000002,7.));
#11575=CARTESIAN_POINT('',(-13.64,8.36500000000001,7.));
#11576=CARTESIAN_POINT('',(-13.64,8.36500000000001,7.));
#11577=CARTESIAN_POINT('',(-11.14,8.36500000000001,7.));
#11578=CARTESIAN_POINT('Origin',(-2.0351408482997E-14,0.,7.));
#11579=CARTESIAN_POINT('',(-15.64,-26.655,7.));
#11580=CARTESIAN_POINT('',(-11.14,5.82500000000001,7.));
#11581=CARTESIAN_POINT('',(-11.14,6.87500000000001,7.));
#11582=CARTESIAN_POINT('',(-11.14,6.87500000000001,7.));
#11583=CARTESIAN_POINT('',(-13.64,6.87500000000001,7.));
#11584=CARTESIAN_POINT('',(-13.64,6.87500000000001,7.));
#11585=CARTESIAN_POINT('',(-13.64,5.82500000000001,7.));
#11586=CARTESIAN_POINT('',(-13.64,5.82500000000001,7.));
#11587=CARTESIAN_POINT('',(-11.14,5.82500000000001,7.));
#11588=CARTESIAN_POINT('Origin',(-2.0351408482997E-14,0.,7.));
#11589=CARTESIAN_POINT('',(-15.64,-26.655,7.));
#11590=CARTESIAN_POINT('',(-11.14,3.28500000000001,7.));
#11591=CARTESIAN_POINT('',(-11.14,4.33500000000001,7.));
#11592=CARTESIAN_POINT('',(-11.14,4.33500000000001,7.));
#11593=CARTESIAN_POINT('',(-13.64,4.33500000000001,7.));
#11594=CARTESIAN_POINT('',(-13.64,4.33500000000001,7.));
#11595=CARTESIAN_POINT('',(-13.64,3.28500000000001,7.));
#11596=CARTESIAN_POINT('',(-13.64,3.28500000000001,7.));
#11597=CARTESIAN_POINT('',(-11.14,3.28500000000001,7.));
#11598=CARTESIAN_POINT('Origin',(-2.0351408482997E-14,0.,7.));
#11599=CARTESIAN_POINT('',(-15.64,-26.655,7.));
#11600=CARTESIAN_POINT('',(-11.14,0.74500000000001,7.));
#11601=CARTESIAN_POINT('',(-11.14,1.79500000000001,7.));
#11602=CARTESIAN_POINT('',(-11.14,1.79500000000001,7.));
#11603=CARTESIAN_POINT('',(-13.64,1.79500000000001,7.));
#11604=CARTESIAN_POINT('',(-13.64,1.79500000000001,7.));
#11605=CARTESIAN_POINT('',(-13.64,0.74500000000001,7.));
#11606=CARTESIAN_POINT('',(-13.64,0.74500000000001,7.));
#11607=CARTESIAN_POINT('',(-11.14,0.74500000000001,7.));
#11608=CARTESIAN_POINT('Origin',(-2.0351408482997E-14,0.,7.));
#11609=CARTESIAN_POINT('',(-15.64,-26.655,7.));
#11610=CARTESIAN_POINT('',(-11.14,-1.79499999999999,7.));
#11611=CARTESIAN_POINT('',(-11.14,-0.74499999999999,7.));
#11612=CARTESIAN_POINT('',(-11.14,-0.74499999999999,7.));
#11613=CARTESIAN_POINT('',(-13.64,-0.744999999999986,7.));
#11614=CARTESIAN_POINT('',(-13.64,-0.744999999999986,7.));
#11615=CARTESIAN_POINT('',(-13.64,-1.79499999999999,7.));
#11616=CARTESIAN_POINT('',(-13.64,-1.79499999999999,7.));
#11617=CARTESIAN_POINT('',(-11.14,-1.79499999999999,7.));
#11618=CARTESIAN_POINT('Origin',(-2.0351408482997E-14,0.,7.));
#11619=CARTESIAN_POINT('',(-15.64,-26.655,7.));
#11620=CARTESIAN_POINT('',(-11.14,-4.33499999999999,7.));
#11621=CARTESIAN_POINT('',(-11.14,-3.28499999999999,7.));
#11622=CARTESIAN_POINT('',(-11.14,-3.28499999999999,7.));
#11623=CARTESIAN_POINT('',(-13.64,-3.28499999999999,7.));
#11624=CARTESIAN_POINT('',(-13.64,-3.28499999999999,7.));
#11625=CARTESIAN_POINT('',(-13.64,-4.33499999999999,7.));
#11626=CARTESIAN_POINT('',(-13.64,-4.33499999999999,7.));
#11627=CARTESIAN_POINT('',(-11.14,-4.33499999999999,7.));
#11628=CARTESIAN_POINT('Origin',(-2.0351408482997E-14,0.,7.));
#11629=CARTESIAN_POINT('',(-15.64,-26.655,7.));
#11630=CARTESIAN_POINT('',(-11.14,-6.87499999999999,7.));
#11631=CARTESIAN_POINT('',(-11.14,-5.82499999999999,7.));
#11632=CARTESIAN_POINT('',(-11.14,-5.82499999999999,7.));
#11633=CARTESIAN_POINT('',(-13.64,-5.82499999999999,7.));
#11634=CARTESIAN_POINT('',(-13.64,-5.82499999999999,7.));
#11635=CARTESIAN_POINT('',(-13.64,-6.87499999999999,7.));
#11636=CARTESIAN_POINT('',(-13.64,-6.87499999999999,7.));
#11637=CARTESIAN_POINT('',(-11.14,-6.87499999999999,7.));
#11638=CARTESIAN_POINT('Origin',(-2.0351408482997E-14,0.,7.));
#11639=CARTESIAN_POINT('',(-15.64,-26.655,7.));
#11640=CARTESIAN_POINT('',(-11.14,-9.41499999999999,7.));
#11641=CARTESIAN_POINT('',(-11.14,-8.36499999999999,7.));
#11642=CARTESIAN_POINT('',(-11.14,-8.36499999999999,7.));
#11643=CARTESIAN_POINT('',(-13.64,-8.36499999999999,7.));
#11644=CARTESIAN_POINT('',(-13.64,-8.36499999999999,7.));
#11645=CARTESIAN_POINT('',(-13.64,-9.41499999999999,7.));
#11646=CARTESIAN_POINT('',(-13.64,-9.41499999999999,7.));
#11647=CARTESIAN_POINT('',(-11.14,-9.41499999999999,7.));
#11648=CARTESIAN_POINT('Origin',(-2.0351408482997E-14,0.,7.));
#11649=CARTESIAN_POINT('',(-15.64,-26.655,7.));
#11650=CARTESIAN_POINT('',(-11.14,-11.955,7.));
#11651=CARTESIAN_POINT('',(-11.14,-10.905,7.));
#11652=CARTESIAN_POINT('',(-11.14,-10.905,7.));
#11653=CARTESIAN_POINT('',(-13.64,-10.905,7.));
#11654=CARTESIAN_POINT('',(-13.64,-10.905,7.));
#11655=CARTESIAN_POINT('',(-13.64,-11.955,7.));
#11656=CARTESIAN_POINT('',(-13.64,-11.955,7.));
#11657=CARTESIAN_POINT('',(-11.14,-11.955,7.));
#11658=CARTESIAN_POINT('Origin',(-2.0351408482997E-14,0.,7.));
#11659=CARTESIAN_POINT('',(-15.64,-26.655,7.));
#11660=CARTESIAN_POINT('',(-11.14,-14.495,7.));
#11661=CARTESIAN_POINT('',(-11.14,-13.445,7.));
#11662=CARTESIAN_POINT('',(-11.14,-13.445,7.));
#11663=CARTESIAN_POINT('',(-13.64,-13.445,7.));
#11664=CARTESIAN_POINT('',(-13.64,-13.445,7.));
#11665=CARTESIAN_POINT('',(-13.64,-14.495,7.));
#11666=CARTESIAN_POINT('',(-13.64,-14.495,7.));
#11667=CARTESIAN_POINT('',(-11.14,-14.495,7.));
#11668=CARTESIAN_POINT('Origin',(-2.0351408482997E-14,0.,7.));
#11669=CARTESIAN_POINT('',(-15.64,-26.655,7.));
#11670=CARTESIAN_POINT('',(-11.14,-17.035,7.));
#11671=CARTESIAN_POINT('',(-11.14,-15.985,7.));
#11672=CARTESIAN_POINT('',(-11.14,-15.985,7.));
#11673=CARTESIAN_POINT('',(-13.64,-15.985,7.));
#11674=CARTESIAN_POINT('',(-13.64,-15.985,7.));
#11675=CARTESIAN_POINT('',(-13.64,-17.035,7.));
#11676=CARTESIAN_POINT('',(-13.64,-17.035,7.));
#11677=CARTESIAN_POINT('',(-11.14,-17.035,7.));
#11678=CARTESIAN_POINT('Origin',(-2.0351408482997E-14,0.,7.));
#11679=CARTESIAN_POINT('',(-15.64,-26.655,7.));
#11680=CARTESIAN_POINT('',(-11.14,-19.575,7.));
#11681=CARTESIAN_POINT('',(-11.14,-18.525,7.));
#11682=CARTESIAN_POINT('',(-11.14,-18.525,7.));
#11683=CARTESIAN_POINT('',(-13.64,-18.525,7.));
#11684=CARTESIAN_POINT('',(-13.64,-18.525,7.));
#11685=CARTESIAN_POINT('',(-13.64,-19.575,7.));
#11686=CARTESIAN_POINT('',(-13.64,-19.575,7.));
#11687=CARTESIAN_POINT('',(-11.14,-19.575,7.));
#11688=CARTESIAN_POINT('Origin',(-2.0351408482997E-14,0.,7.));
#11689=CARTESIAN_POINT('',(-15.64,-26.655,7.));
#11690=CARTESIAN_POINT('',(-11.14,-22.115,7.));
#11691=CARTESIAN_POINT('',(-11.14,-21.065,7.));
#11692=CARTESIAN_POINT('',(-11.14,-21.065,7.));
#11693=CARTESIAN_POINT('',(-13.64,-21.065,7.));
#11694=CARTESIAN_POINT('',(-13.64,-21.065,7.));
#11695=CARTESIAN_POINT('',(-13.64,-22.115,7.));
#11696=CARTESIAN_POINT('',(-13.64,-22.115,7.));
#11697=CARTESIAN_POINT('',(-11.14,-22.115,7.));
#11698=CARTESIAN_POINT('Origin',(-2.0351408482997E-14,0.,7.));
#11699=CARTESIAN_POINT('',(-15.64,-26.655,7.));
#11700=CARTESIAN_POINT('',(-11.14,-24.655,7.));
#11701=CARTESIAN_POINT('',(-11.14,-23.605,7.));
#11702=CARTESIAN_POINT('',(-11.14,-23.605,7.));
#11703=CARTESIAN_POINT('',(-13.64,-23.605,7.));
#11704=CARTESIAN_POINT('',(-13.64,-23.605,7.));
#11705=CARTESIAN_POINT('',(-13.64,-24.655,7.));
#11706=CARTESIAN_POINT('',(-13.64,-24.655,7.));
#11707=CARTESIAN_POINT('',(-11.14,-24.655,7.));
#11708=CARTESIAN_POINT('Origin',(-2.0351408482997E-14,0.,7.));
#11709=CARTESIAN_POINT('',(15.64,26.655,7.));
#11710=CARTESIAN_POINT('',(13.64,-24.655,7.));
#11711=CARTESIAN_POINT('',(13.64,-23.605,7.));
#11712=CARTESIAN_POINT('',(13.64,-23.605,7.));
#11713=CARTESIAN_POINT('',(11.14,-23.605,7.));
#11714=CARTESIAN_POINT('',(11.14,-23.605,7.));
#11715=CARTESIAN_POINT('',(11.14,-24.655,7.));
#11716=CARTESIAN_POINT('',(11.14,-24.655,7.));
#11717=CARTESIAN_POINT('',(13.64,-24.655,7.));
#11718=CARTESIAN_POINT('Origin',(11.14,-19.575,8.));
#11719=CARTESIAN_POINT('',(11.14,-19.575,8.));
#11720=CARTESIAN_POINT('',(13.64,-19.575,8.));
#11721=CARTESIAN_POINT('',(13.64,-19.575,8.));
#11722=CARTESIAN_POINT('',(13.64,-19.575,8.));
#11723=CARTESIAN_POINT('',(11.14,-19.575,8.));
#11724=CARTESIAN_POINT('Origin',(11.14,-18.525,8.));
#11725=CARTESIAN_POINT('',(11.14,-18.525,8.));
#11726=CARTESIAN_POINT('',(11.14,-19.575,8.));
#11727=CARTESIAN_POINT('',(11.14,-18.525,8.));
#11728=CARTESIAN_POINT('Origin',(13.64,-18.525,8.));
#11729=CARTESIAN_POINT('',(13.64,-18.525,8.));
#11730=CARTESIAN_POINT('',(11.14,-18.525,8.));
#11731=CARTESIAN_POINT('',(13.64,-18.525,8.));
#11732=CARTESIAN_POINT('Origin',(13.64,-19.575,8.));
#11733=CARTESIAN_POINT('',(13.64,-18.525,8.));
#11734=CARTESIAN_POINT('Origin',(-13.64,-4.33499999999999,8.));
#11735=CARTESIAN_POINT('',(-13.64,-4.33499999999999,8.));
#11736=CARTESIAN_POINT('',(-11.14,-4.33499999999999,8.));
#11737=CARTESIAN_POINT('',(-11.14,-4.33499999999999,8.));
#11738=CARTESIAN_POINT('',(-11.14,-4.33499999999999,8.));
#11739=CARTESIAN_POINT('',(-13.64,-4.33499999999999,8.));
#11740=CARTESIAN_POINT('Origin',(-13.64,-3.28499999999999,8.));
#11741=CARTESIAN_POINT('',(-13.64,-3.28499999999999,8.));
#11742=CARTESIAN_POINT('',(-13.64,-4.33499999999999,8.));
#11743=CARTESIAN_POINT('',(-13.64,-3.28499999999999,8.));
#11744=CARTESIAN_POINT('Origin',(-11.14,-3.28499999999999,8.));
#11745=CARTESIAN_POINT('',(-11.14,-3.28499999999999,8.));
#11746=CARTESIAN_POINT('',(-13.64,-3.28499999999999,8.));
#11747=CARTESIAN_POINT('',(-11.14,-3.28499999999999,8.));
#11748=CARTESIAN_POINT('Origin',(-11.14,-4.33499999999999,8.));
#11749=CARTESIAN_POINT('',(-11.14,-3.28499999999999,8.));
#11750=CARTESIAN_POINT('Origin',(11.14,3.28500000000001,8.));
#11751=CARTESIAN_POINT('',(11.14,3.28500000000001,8.));
#11752=CARTESIAN_POINT('',(13.64,3.28500000000001,8.));
#11753=CARTESIAN_POINT('',(13.64,3.28500000000001,8.));
#11754=CARTESIAN_POINT('',(13.64,3.28500000000001,8.));
#11755=CARTESIAN_POINT('',(11.14,3.28500000000001,8.));
#11756=CARTESIAN_POINT('Origin',(11.14,4.33500000000001,8.));
#11757=CARTESIAN_POINT('',(11.14,4.33500000000001,8.));
#11758=CARTESIAN_POINT('',(11.14,3.28500000000001,8.));
#11759=CARTESIAN_POINT('',(11.14,4.33500000000001,8.));
#11760=CARTESIAN_POINT('Origin',(13.64,4.33500000000001,8.));
#11761=CARTESIAN_POINT('',(13.64,4.33500000000001,8.));
#11762=CARTESIAN_POINT('',(11.14,4.33500000000001,8.));
#11763=CARTESIAN_POINT('',(13.64,4.33500000000001,8.));
#11764=CARTESIAN_POINT('Origin',(13.64,3.28500000000001,8.));
#11765=CARTESIAN_POINT('',(13.64,4.33500000000001,8.));
#11766=CARTESIAN_POINT('Origin',(-13.64,-24.655,8.));
#11767=CARTESIAN_POINT('',(-13.64,-24.655,8.));
#11768=CARTESIAN_POINT('',(-11.14,-24.655,8.));
#11769=CARTESIAN_POINT('',(-11.14,-24.655,8.));
#11770=CARTESIAN_POINT('',(-11.14,-24.655,8.));
#11771=CARTESIAN_POINT('',(-13.64,-24.655,8.));
#11772=CARTESIAN_POINT('Origin',(-13.64,-23.605,8.));
#11773=CARTESIAN_POINT('',(-13.64,-23.605,8.));
#11774=CARTESIAN_POINT('',(-13.64,-24.655,8.));
#11775=CARTESIAN_POINT('',(-13.64,-23.605,8.));
#11776=CARTESIAN_POINT('Origin',(-11.14,-23.605,8.));
#11777=CARTESIAN_POINT('',(-11.14,-23.605,8.));
#11778=CARTESIAN_POINT('',(-13.64,-23.605,8.));
#11779=CARTESIAN_POINT('',(-11.14,-23.605,8.));
#11780=CARTESIAN_POINT('Origin',(-11.14,-24.655,8.));
#11781=CARTESIAN_POINT('',(-11.14,-23.605,8.));
#11782=CARTESIAN_POINT('Origin',(-13.64,-22.115,8.));
#11783=CARTESIAN_POINT('',(-13.64,-22.115,8.));
#11784=CARTESIAN_POINT('',(-11.14,-22.115,8.));
#11785=CARTESIAN_POINT('',(-11.14,-22.115,8.));
#11786=CARTESIAN_POINT('',(-11.14,-22.115,8.));
#11787=CARTESIAN_POINT('',(-13.64,-22.115,8.));
#11788=CARTESIAN_POINT('Origin',(-13.64,-21.065,8.));
#11789=CARTESIAN_POINT('',(-13.64,-21.065,8.));
#11790=CARTESIAN_POINT('',(-13.64,-22.115,8.));
#11791=CARTESIAN_POINT('',(-13.64,-21.065,8.));
#11792=CARTESIAN_POINT('Origin',(-11.14,-21.065,8.));
#11793=CARTESIAN_POINT('',(-11.14,-21.065,8.));
#11794=CARTESIAN_POINT('',(-13.64,-21.065,8.));
#11795=CARTESIAN_POINT('',(-11.14,-21.065,8.));
#11796=CARTESIAN_POINT('Origin',(-11.14,-22.115,8.));
#11797=CARTESIAN_POINT('',(-11.14,-21.065,8.));
#11798=CARTESIAN_POINT('Origin',(-13.64,-11.955,8.));
#11799=CARTESIAN_POINT('',(-13.64,-11.955,8.));
#11800=CARTESIAN_POINT('',(-11.14,-11.955,8.));
#11801=CARTESIAN_POINT('',(-11.14,-11.955,8.));
#11802=CARTESIAN_POINT('',(-11.14,-11.955,8.));
#11803=CARTESIAN_POINT('',(-13.64,-11.955,8.));
#11804=CARTESIAN_POINT('Origin',(-13.64,-10.905,8.));
#11805=CARTESIAN_POINT('',(-13.64,-10.905,8.));
#11806=CARTESIAN_POINT('',(-13.64,-11.955,8.));
#11807=CARTESIAN_POINT('',(-13.64,-10.905,8.));
#11808=CARTESIAN_POINT('Origin',(-11.14,-10.905,8.));
#11809=CARTESIAN_POINT('',(-11.14,-10.905,8.));
#11810=CARTESIAN_POINT('',(-13.64,-10.905,8.));
#11811=CARTESIAN_POINT('',(-11.14,-10.905,8.));
#11812=CARTESIAN_POINT('Origin',(-11.14,-11.955,8.));
#11813=CARTESIAN_POINT('',(-11.14,-10.905,8.));
#11814=CARTESIAN_POINT('Origin',(11.14,-17.035,8.));
#11815=CARTESIAN_POINT('',(11.14,-17.035,8.));
#11816=CARTESIAN_POINT('',(13.64,-17.035,8.));
#11817=CARTESIAN_POINT('',(13.64,-17.035,8.));
#11818=CARTESIAN_POINT('',(13.64,-17.035,8.));
#11819=CARTESIAN_POINT('',(11.14,-17.035,8.));
#11820=CARTESIAN_POINT('Origin',(11.14,-15.985,8.));
#11821=CARTESIAN_POINT('',(11.14,-15.985,8.));
#11822=CARTESIAN_POINT('',(11.14,-17.035,8.));
#11823=CARTESIAN_POINT('',(11.14,-15.985,8.));
#11824=CARTESIAN_POINT('Origin',(13.64,-15.985,8.));
#11825=CARTESIAN_POINT('',(13.64,-15.985,8.));
#11826=CARTESIAN_POINT('',(11.14,-15.985,8.));
#11827=CARTESIAN_POINT('',(13.64,-15.985,8.));
#11828=CARTESIAN_POINT('Origin',(13.64,-17.035,8.));
#11829=CARTESIAN_POINT('',(13.64,-15.985,8.));
#11830=CARTESIAN_POINT('Origin',(11.14,-9.41499999999999,8.));
#11831=CARTESIAN_POINT('',(11.14,-9.41499999999999,8.));
#11832=CARTESIAN_POINT('',(13.64,-9.41499999999999,8.));
#11833=CARTESIAN_POINT('',(13.64,-9.41499999999999,8.));
#11834=CARTESIAN_POINT('',(13.64,-9.41499999999999,8.));
#11835=CARTESIAN_POINT('',(11.14,-9.41499999999999,8.));
#11836=CARTESIAN_POINT('Origin',(11.14,-8.36499999999999,8.));
#11837=CARTESIAN_POINT('',(11.14,-8.36499999999999,8.));
#11838=CARTESIAN_POINT('',(11.14,-9.41499999999999,8.));
#11839=CARTESIAN_POINT('',(11.14,-8.36499999999999,8.));
#11840=CARTESIAN_POINT('Origin',(13.64,-8.36499999999999,8.));
#11841=CARTESIAN_POINT('',(13.64,-8.36499999999999,8.));
#11842=CARTESIAN_POINT('',(11.14,-8.36499999999999,8.));
#11843=CARTESIAN_POINT('',(13.64,-8.36499999999999,8.));
#11844=CARTESIAN_POINT('Origin',(13.64,-9.41499999999999,8.));
#11845=CARTESIAN_POINT('',(13.64,-8.36499999999999,8.));
#11846=CARTESIAN_POINT('Origin',(-13.64,-14.495,8.));
#11847=CARTESIAN_POINT('',(-13.64,-14.495,8.));
#11848=CARTESIAN_POINT('',(-11.14,-14.495,8.));
#11849=CARTESIAN_POINT('',(-11.14,-14.495,8.));
#11850=CARTESIAN_POINT('',(-11.14,-14.495,8.));
#11851=CARTESIAN_POINT('',(-13.64,-14.495,8.));
#11852=CARTESIAN_POINT('Origin',(-13.64,-13.445,8.));
#11853=CARTESIAN_POINT('',(-13.64,-13.445,8.));
#11854=CARTESIAN_POINT('',(-13.64,-14.495,8.));
#11855=CARTESIAN_POINT('',(-13.64,-13.445,8.));
#11856=CARTESIAN_POINT('Origin',(-11.14,-13.445,8.));
#11857=CARTESIAN_POINT('',(-11.14,-13.445,8.));
#11858=CARTESIAN_POINT('',(-13.64,-13.445,8.));
#11859=CARTESIAN_POINT('',(-11.14,-13.445,8.));
#11860=CARTESIAN_POINT('Origin',(-11.14,-14.495,8.));
#11861=CARTESIAN_POINT('',(-11.14,-13.445,8.));
#11862=CARTESIAN_POINT('Origin',(11.14,-11.955,8.));
#11863=CARTESIAN_POINT('',(11.14,-11.955,8.));
#11864=CARTESIAN_POINT('',(13.64,-11.955,8.));
#11865=CARTESIAN_POINT('',(13.64,-11.955,8.));
#11866=CARTESIAN_POINT('',(13.64,-11.955,8.));
#11867=CARTESIAN_POINT('',(11.14,-11.955,8.));
#11868=CARTESIAN_POINT('Origin',(11.14,-10.905,8.));
#11869=CARTESIAN_POINT('',(11.14,-10.905,8.));
#11870=CARTESIAN_POINT('',(11.14,-11.955,8.));
#11871=CARTESIAN_POINT('',(11.14,-10.905,8.));
#11872=CARTESIAN_POINT('Origin',(13.64,-10.905,8.));
#11873=CARTESIAN_POINT('',(13.64,-10.905,8.));
#11874=CARTESIAN_POINT('',(11.14,-10.905,8.));
#11875=CARTESIAN_POINT('',(13.64,-10.905,8.));
#11876=CARTESIAN_POINT('Origin',(13.64,-11.955,8.));
#11877=CARTESIAN_POINT('',(13.64,-10.905,8.));
#11878=CARTESIAN_POINT('Origin',(11.14,-4.33499999999999,8.));
#11879=CARTESIAN_POINT('',(11.14,-4.33499999999999,8.));
#11880=CARTESIAN_POINT('',(13.64,-4.33499999999999,8.));
#11881=CARTESIAN_POINT('',(13.64,-4.33499999999999,8.));
#11882=CARTESIAN_POINT('',(13.64,-4.33499999999999,8.));
#11883=CARTESIAN_POINT('',(11.14,-4.33499999999999,8.));
#11884=CARTESIAN_POINT('Origin',(11.14,-3.28499999999999,8.));
#11885=CARTESIAN_POINT('',(11.14,-3.28499999999999,8.));
#11886=CARTESIAN_POINT('',(11.14,-4.33499999999999,8.));
#11887=CARTESIAN_POINT('',(11.14,-3.28499999999999,8.));
#11888=CARTESIAN_POINT('Origin',(13.64,-3.28499999999999,8.));
#11889=CARTESIAN_POINT('',(13.64,-3.28499999999999,8.));
#11890=CARTESIAN_POINT('',(11.14,-3.28499999999999,8.));
#11891=CARTESIAN_POINT('',(13.64,-3.28499999999999,8.));
#11892=CARTESIAN_POINT('Origin',(13.64,-4.33499999999999,8.));
#11893=CARTESIAN_POINT('',(13.64,-3.28499999999999,8.));
#11894=CARTESIAN_POINT('Origin',(-11.14,24.655,8.));
#11895=CARTESIAN_POINT('',(-11.14,24.655,8.));
#11896=CARTESIAN_POINT('',(-13.64,24.655,8.));
#11897=CARTESIAN_POINT('',(-13.64,24.655,8.));
#11898=CARTESIAN_POINT('',(-13.64,24.655,8.));
#11899=CARTESIAN_POINT('',(-11.14,24.655,8.));
#11900=CARTESIAN_POINT('Origin',(-11.14,23.605,8.));
#11901=CARTESIAN_POINT('',(-11.14,23.605,8.));
#11902=CARTESIAN_POINT('',(-11.14,24.655,8.));
#11903=CARTESIAN_POINT('',(-11.14,23.605,8.));
#11904=CARTESIAN_POINT('Origin',(-13.64,23.605,8.));
#11905=CARTESIAN_POINT('',(-13.64,23.605,8.));
#11906=CARTESIAN_POINT('',(-11.14,23.605,8.));
#11907=CARTESIAN_POINT('',(-13.64,23.605,8.));
#11908=CARTESIAN_POINT('Origin',(-13.64,24.655,8.));
#11909=CARTESIAN_POINT('',(-13.64,23.605,8.));
#11910=CARTESIAN_POINT('Origin',(11.14,13.445,8.));
#11911=CARTESIAN_POINT('',(11.14,13.445,8.));
#11912=CARTESIAN_POINT('',(13.64,13.445,8.));
#11913=CARTESIAN_POINT('',(13.64,13.445,8.));
#11914=CARTESIAN_POINT('',(13.64,13.445,8.));
#11915=CARTESIAN_POINT('',(11.14,13.445,8.));
#11916=CARTESIAN_POINT('Origin',(11.14,14.495,8.));
#11917=CARTESIAN_POINT('',(11.14,14.495,8.));
#11918=CARTESIAN_POINT('',(11.14,13.445,8.));
#11919=CARTESIAN_POINT('',(11.14,14.495,8.));
#11920=CARTESIAN_POINT('Origin',(13.64,14.495,8.));
#11921=CARTESIAN_POINT('',(13.64,14.495,8.));
#11922=CARTESIAN_POINT('',(11.14,14.495,8.));
#11923=CARTESIAN_POINT('',(13.64,14.495,8.));
#11924=CARTESIAN_POINT('Origin',(13.64,13.445,8.));
#11925=CARTESIAN_POINT('',(13.64,14.495,8.));
#11926=CARTESIAN_POINT('Origin',(-13.64,21.065,8.));
#11927=CARTESIAN_POINT('',(-13.64,21.065,8.));
#11928=CARTESIAN_POINT('',(-11.14,21.065,8.));
#11929=CARTESIAN_POINT('',(-11.14,21.065,8.));
#11930=CARTESIAN_POINT('',(-11.14,21.065,8.));
#11931=CARTESIAN_POINT('',(-13.64,21.065,8.));
#11932=CARTESIAN_POINT('Origin',(-13.64,22.115,8.));
#11933=CARTESIAN_POINT('',(-13.64,22.115,8.));
#11934=CARTESIAN_POINT('',(-13.64,21.065,8.));
#11935=CARTESIAN_POINT('',(-13.64,22.115,8.));
#11936=CARTESIAN_POINT('Origin',(-11.14,22.115,8.));
#11937=CARTESIAN_POINT('',(-11.14,22.115,8.));
#11938=CARTESIAN_POINT('',(-13.64,22.115,8.));
#11939=CARTESIAN_POINT('',(-11.14,22.115,8.));
#11940=CARTESIAN_POINT('Origin',(-11.14,21.065,8.));
#11941=CARTESIAN_POINT('',(-11.14,22.115,8.));
#11942=CARTESIAN_POINT('Origin',(-13.64,13.445,8.));
#11943=CARTESIAN_POINT('',(-13.64,13.445,8.));
#11944=CARTESIAN_POINT('',(-11.14,13.445,8.));
#11945=CARTESIAN_POINT('',(-11.14,13.445,8.));
#11946=CARTESIAN_POINT('',(-11.14,13.445,8.));
#11947=CARTESIAN_POINT('',(-13.64,13.445,8.));
#11948=CARTESIAN_POINT('Origin',(-13.64,14.495,8.));
#11949=CARTESIAN_POINT('',(-13.64,14.495,8.));
#11950=CARTESIAN_POINT('',(-13.64,13.445,8.));
#11951=CARTESIAN_POINT('',(-13.64,14.495,8.));
#11952=CARTESIAN_POINT('Origin',(-11.14,14.495,8.));
#11953=CARTESIAN_POINT('',(-11.14,14.495,8.));
#11954=CARTESIAN_POINT('',(-13.64,14.495,8.));
#11955=CARTESIAN_POINT('',(-11.14,14.495,8.));
#11956=CARTESIAN_POINT('Origin',(-11.14,13.445,8.));
#11957=CARTESIAN_POINT('',(-11.14,14.495,8.));
#11958=CARTESIAN_POINT('Origin',(11.14,21.065,8.));
#11959=CARTESIAN_POINT('',(11.14,21.065,8.));
#11960=CARTESIAN_POINT('',(13.64,21.065,8.));
#11961=CARTESIAN_POINT('',(13.64,21.065,8.));
#11962=CARTESIAN_POINT('',(13.64,21.065,8.));
#11963=CARTESIAN_POINT('',(11.14,21.065,8.));
#11964=CARTESIAN_POINT('Origin',(11.14,22.115,8.));
#11965=CARTESIAN_POINT('',(11.14,22.115,8.));
#11966=CARTESIAN_POINT('',(11.14,21.065,8.));
#11967=CARTESIAN_POINT('',(11.14,22.115,8.));
#11968=CARTESIAN_POINT('Origin',(13.64,22.115,8.));
#11969=CARTESIAN_POINT('',(13.64,22.115,8.));
#11970=CARTESIAN_POINT('',(11.14,22.115,8.));
#11971=CARTESIAN_POINT('',(13.64,22.115,8.));
#11972=CARTESIAN_POINT('Origin',(13.64,21.065,8.));
#11973=CARTESIAN_POINT('',(13.64,22.115,8.));
#11974=CARTESIAN_POINT('Origin',(-13.64,3.28500000000001,8.));
#11975=CARTESIAN_POINT('',(-13.64,3.28500000000001,8.));
#11976=CARTESIAN_POINT('',(-11.14,3.28500000000001,8.));
#11977=CARTESIAN_POINT('',(-11.14,3.28500000000001,8.));
#11978=CARTESIAN_POINT('',(-11.14,3.28500000000001,8.));
#11979=CARTESIAN_POINT('',(-13.64,3.28500000000001,8.));
#11980=CARTESIAN_POINT('Origin',(-13.64,4.33500000000001,8.));
#11981=CARTESIAN_POINT('',(-13.64,4.33500000000001,8.));
#11982=CARTESIAN_POINT('',(-13.64,3.28500000000001,8.));
#11983=CARTESIAN_POINT('',(-13.64,4.33500000000001,8.));
#11984=CARTESIAN_POINT('Origin',(-11.14,4.33500000000001,8.));
#11985=CARTESIAN_POINT('',(-11.14,4.33500000000001,8.));
#11986=CARTESIAN_POINT('',(-13.64,4.33500000000001,8.));
#11987=CARTESIAN_POINT('',(-11.14,4.33500000000001,8.));
#11988=CARTESIAN_POINT('Origin',(-11.14,3.28500000000001,8.));
#11989=CARTESIAN_POINT('',(-11.14,4.33500000000001,8.));
#11990=CARTESIAN_POINT('Origin',(-13.64,5.82500000000001,8.));
#11991=CARTESIAN_POINT('',(-13.64,5.82500000000001,8.));
#11992=CARTESIAN_POINT('',(-11.14,5.82500000000001,8.));
#11993=CARTESIAN_POINT('',(-11.14,5.82500000000001,8.));
#11994=CARTESIAN_POINT('',(-11.14,5.82500000000001,8.));
#11995=CARTESIAN_POINT('',(-13.64,5.82500000000001,8.));
#11996=CARTESIAN_POINT('Origin',(-13.64,6.87500000000001,8.));
#11997=CARTESIAN_POINT('',(-13.64,6.87500000000001,8.));
#11998=CARTESIAN_POINT('',(-13.64,5.82500000000001,8.));
#11999=CARTESIAN_POINT('',(-13.64,6.87500000000001,8.));
#12000=CARTESIAN_POINT('Origin',(-11.14,6.87500000000001,8.));
#12001=CARTESIAN_POINT('',(-11.14,6.87500000000001,8.));
#12002=CARTESIAN_POINT('',(-13.64,6.87500000000001,8.));
#12003=CARTESIAN_POINT('',(-11.14,6.87500000000001,8.));
#12004=CARTESIAN_POINT('Origin',(-11.14,5.82500000000001,8.));
#12005=CARTESIAN_POINT('',(-11.14,6.87500000000001,8.));
#12006=CARTESIAN_POINT('Origin',(-13.64,0.74500000000001,8.));
#12007=CARTESIAN_POINT('',(-13.64,0.74500000000001,8.));
#12008=CARTESIAN_POINT('',(-11.14,0.74500000000001,8.));
#12009=CARTESIAN_POINT('',(-11.14,0.74500000000001,8.));
#12010=CARTESIAN_POINT('',(-11.14,0.74500000000001,8.));
#12011=CARTESIAN_POINT('',(-13.64,0.74500000000001,8.));
#12012=CARTESIAN_POINT('Origin',(-13.64,1.79500000000001,8.));
#12013=CARTESIAN_POINT('',(-13.64,1.79500000000001,8.));
#12014=CARTESIAN_POINT('',(-13.64,0.74500000000001,8.));
#12015=CARTESIAN_POINT('',(-13.64,1.79500000000001,8.));
#12016=CARTESIAN_POINT('Origin',(-11.14,1.79500000000001,8.));
#12017=CARTESIAN_POINT('',(-11.14,1.79500000000001,8.));
#12018=CARTESIAN_POINT('',(-13.64,1.79500000000001,8.));
#12019=CARTESIAN_POINT('',(-11.14,1.79500000000001,8.));
#12020=CARTESIAN_POINT('Origin',(-11.14,0.74500000000001,8.));
#12021=CARTESIAN_POINT('',(-11.14,1.79500000000001,8.));
#12022=CARTESIAN_POINT('Origin',(11.14,-1.79499999999999,8.));
#12023=CARTESIAN_POINT('',(11.14,-1.79499999999999,8.));
#12024=CARTESIAN_POINT('',(13.64,-1.79499999999999,8.));
#12025=CARTESIAN_POINT('',(13.64,-1.79499999999999,8.));
#12026=CARTESIAN_POINT('',(13.64,-1.79499999999999,8.));
#12027=CARTESIAN_POINT('',(11.14,-1.79499999999999,8.));
#12028=CARTESIAN_POINT('Origin',(11.14,-0.744999999999986,8.));
#12029=CARTESIAN_POINT('',(11.14,-0.744999999999986,8.));
#12030=CARTESIAN_POINT('',(11.14,-1.79499999999999,8.));
#12031=CARTESIAN_POINT('',(11.14,-0.744999999999986,8.));
#12032=CARTESIAN_POINT('Origin',(13.64,-0.74499999999999,8.));
#12033=CARTESIAN_POINT('',(13.64,-0.74499999999999,8.));
#12034=CARTESIAN_POINT('',(11.14,-0.744999999999986,8.));
#12035=CARTESIAN_POINT('',(13.64,-0.74499999999999,8.));
#12036=CARTESIAN_POINT('Origin',(13.64,-1.79499999999999,8.));
#12037=CARTESIAN_POINT('',(13.64,-0.74499999999999,8.));
#12038=CARTESIAN_POINT('Origin',(11.14,0.74500000000001,8.));
#12039=CARTESIAN_POINT('',(11.14,0.74500000000001,8.));
#12040=CARTESIAN_POINT('',(13.64,0.74500000000001,8.));
#12041=CARTESIAN_POINT('',(13.64,0.74500000000001,8.));
#12042=CARTESIAN_POINT('',(13.64,0.74500000000001,8.));
#12043=CARTESIAN_POINT('',(11.14,0.74500000000001,8.));
#12044=CARTESIAN_POINT('Origin',(11.14,1.79500000000001,8.));
#12045=CARTESIAN_POINT('',(11.14,1.79500000000001,8.));
#12046=CARTESIAN_POINT('',(11.14,0.74500000000001,8.));
#12047=CARTESIAN_POINT('',(11.14,1.79500000000001,8.));
#12048=CARTESIAN_POINT('Origin',(13.64,1.79500000000001,8.));
#12049=CARTESIAN_POINT('',(13.64,1.79500000000001,8.));
#12050=CARTESIAN_POINT('',(11.14,1.79500000000001,8.));
#12051=CARTESIAN_POINT('',(13.64,1.79500000000001,8.));
#12052=CARTESIAN_POINT('Origin',(13.64,0.74500000000001,8.));
#12053=CARTESIAN_POINT('',(13.64,1.79500000000001,8.));
#12054=CARTESIAN_POINT('Origin',(-13.64,-1.79499999999999,8.));
#12055=CARTESIAN_POINT('',(-13.64,-1.79499999999999,8.));
#12056=CARTESIAN_POINT('',(-11.14,-1.79499999999999,8.));
#12057=CARTESIAN_POINT('',(-11.14,-1.79499999999999,8.));
#12058=CARTESIAN_POINT('',(-11.14,-1.79499999999999,8.));
#12059=CARTESIAN_POINT('',(-13.64,-1.79499999999999,8.));
#12060=CARTESIAN_POINT('Origin',(-13.64,-0.744999999999986,8.));
#12061=CARTESIAN_POINT('',(-13.64,-0.744999999999986,8.));
#12062=CARTESIAN_POINT('',(-13.64,-1.79499999999999,8.));
#12063=CARTESIAN_POINT('',(-13.64,-0.744999999999986,8.));
#12064=CARTESIAN_POINT('Origin',(-11.14,-0.74499999999999,8.));
#12065=CARTESIAN_POINT('',(-11.14,-0.74499999999999,8.));
#12066=CARTESIAN_POINT('',(-13.64,-0.744999999999986,8.));
#12067=CARTESIAN_POINT('',(-11.14,-0.74499999999999,8.));
#12068=CARTESIAN_POINT('Origin',(-11.14,-1.79499999999999,8.));
#12069=CARTESIAN_POINT('',(-11.14,-0.74499999999999,8.));
#12070=CARTESIAN_POINT('Origin',(11.14,10.905,8.));
#12071=CARTESIAN_POINT('',(11.14,10.905,8.));
#12072=CARTESIAN_POINT('',(13.64,10.905,8.));
#12073=CARTESIAN_POINT('',(13.64,10.905,8.));
#12074=CARTESIAN_POINT('',(13.64,10.905,8.));
#12075=CARTESIAN_POINT('',(11.14,10.905,8.));
#12076=CARTESIAN_POINT('Origin',(11.14,11.955,8.));
#12077=CARTESIAN_POINT('',(11.14,11.955,8.));
#12078=CARTESIAN_POINT('',(11.14,10.905,8.));
#12079=CARTESIAN_POINT('',(11.14,11.955,8.));
#12080=CARTESIAN_POINT('Origin',(13.64,11.955,8.));
#12081=CARTESIAN_POINT('',(13.64,11.955,8.));
#12082=CARTESIAN_POINT('',(11.14,11.955,8.));
#12083=CARTESIAN_POINT('',(13.64,11.955,8.));
#12084=CARTESIAN_POINT('Origin',(13.64,10.905,8.));
#12085=CARTESIAN_POINT('',(13.64,11.955,8.));
#12086=CARTESIAN_POINT('Origin',(11.14,8.36500000000001,8.));
#12087=CARTESIAN_POINT('',(11.14,8.36500000000001,8.));
#12088=CARTESIAN_POINT('',(13.64,8.36500000000001,8.));
#12089=CARTESIAN_POINT('',(13.64,8.36500000000001,8.));
#12090=CARTESIAN_POINT('',(13.64,8.36500000000001,8.));
#12091=CARTESIAN_POINT('',(11.14,8.36500000000001,8.));
#12092=CARTESIAN_POINT('Origin',(11.14,9.41500000000002,8.));
#12093=CARTESIAN_POINT('',(11.14,9.41500000000002,8.));
#12094=CARTESIAN_POINT('',(11.14,8.36500000000001,8.));
#12095=CARTESIAN_POINT('',(11.14,9.41500000000002,8.));
#12096=CARTESIAN_POINT('Origin',(13.64,9.41500000000001,8.));
#12097=CARTESIAN_POINT('',(13.64,9.41500000000001,8.));
#12098=CARTESIAN_POINT('',(11.14,9.41500000000002,8.));
#12099=CARTESIAN_POINT('',(13.64,9.41500000000001,8.));
#12100=CARTESIAN_POINT('Origin',(13.64,8.36500000000001,8.));
#12101=CARTESIAN_POINT('',(13.64,9.41500000000001,8.));
#12102=CARTESIAN_POINT('Origin',(11.14,18.525,8.));
#12103=CARTESIAN_POINT('',(11.14,18.525,8.));
#12104=CARTESIAN_POINT('',(13.64,18.525,8.));
#12105=CARTESIAN_POINT('',(13.64,18.525,8.));
#12106=CARTESIAN_POINT('',(13.64,18.525,8.));
#12107=CARTESIAN_POINT('',(11.14,18.525,8.));
#12108=CARTESIAN_POINT('Origin',(11.14,19.575,8.));
#12109=CARTESIAN_POINT('',(11.14,19.575,8.));
#12110=CARTESIAN_POINT('',(11.14,18.525,8.));
#12111=CARTESIAN_POINT('',(11.14,19.575,8.));
#12112=CARTESIAN_POINT('Origin',(13.64,19.575,8.));
#12113=CARTESIAN_POINT('',(13.64,19.575,8.));
#12114=CARTESIAN_POINT('',(11.14,19.575,8.));
#12115=CARTESIAN_POINT('',(13.64,19.575,8.));
#12116=CARTESIAN_POINT('Origin',(13.64,18.525,8.));
#12117=CARTESIAN_POINT('',(13.64,19.575,8.));
#12118=CARTESIAN_POINT('Origin',(-13.64,15.985,8.));
#12119=CARTESIAN_POINT('',(-13.64,15.985,8.));
#12120=CARTESIAN_POINT('',(-11.14,15.985,8.));
#12121=CARTESIAN_POINT('',(-11.14,15.985,8.));
#12122=CARTESIAN_POINT('',(-11.14,15.985,8.));
#12123=CARTESIAN_POINT('',(-13.64,15.985,8.));
#12124=CARTESIAN_POINT('Origin',(-13.64,17.035,8.));
#12125=CARTESIAN_POINT('',(-13.64,17.035,8.));
#12126=CARTESIAN_POINT('',(-13.64,15.985,8.));
#12127=CARTESIAN_POINT('',(-13.64,17.035,8.));
#12128=CARTESIAN_POINT('Origin',(-11.14,17.035,8.));
#12129=CARTESIAN_POINT('',(-11.14,17.035,8.));
#12130=CARTESIAN_POINT('',(-13.64,17.035,8.));
#12131=CARTESIAN_POINT('',(-11.14,17.035,8.));
#12132=CARTESIAN_POINT('Origin',(-11.14,15.985,8.));
#12133=CARTESIAN_POINT('',(-11.14,17.035,8.));
#12134=CARTESIAN_POINT('Origin',(11.14,15.985,8.));
#12135=CARTESIAN_POINT('',(11.14,15.985,8.));
#12136=CARTESIAN_POINT('',(13.64,15.985,8.));
#12137=CARTESIAN_POINT('',(13.64,15.985,8.));
#12138=CARTESIAN_POINT('',(13.64,15.985,8.));
#12139=CARTESIAN_POINT('',(11.14,15.985,8.));
#12140=CARTESIAN_POINT('Origin',(11.14,17.035,8.));
#12141=CARTESIAN_POINT('',(11.14,17.035,8.));
#12142=CARTESIAN_POINT('',(11.14,15.985,8.));
#12143=CARTESIAN_POINT('',(11.14,17.035,8.));
#12144=CARTESIAN_POINT('Origin',(13.64,17.035,8.));
#12145=CARTESIAN_POINT('',(13.64,17.035,8.));
#12146=CARTESIAN_POINT('',(11.14,17.035,8.));
#12147=CARTESIAN_POINT('',(13.64,17.035,8.));
#12148=CARTESIAN_POINT('Origin',(13.64,15.985,8.));
#12149=CARTESIAN_POINT('',(13.64,17.035,8.));
#12150=CARTESIAN_POINT('Origin',(-13.64,18.525,8.));
#12151=CARTESIAN_POINT('',(-13.64,18.525,8.));
#12152=CARTESIAN_POINT('',(-11.14,18.525,8.));
#12153=CARTESIAN_POINT('',(-11.14,18.525,8.));
#12154=CARTESIAN_POINT('',(-11.14,18.525,8.));
#12155=CARTESIAN_POINT('',(-13.64,18.525,8.));
#12156=CARTESIAN_POINT('Origin',(-13.64,19.575,8.));
#12157=CARTESIAN_POINT('',(-13.64,19.575,8.));
#12158=CARTESIAN_POINT('',(-13.64,18.525,8.));
#12159=CARTESIAN_POINT('',(-13.64,19.575,8.));
#12160=CARTESIAN_POINT('Origin',(-11.14,19.575,8.));
#12161=CARTESIAN_POINT('',(-11.14,19.575,8.));
#12162=CARTESIAN_POINT('',(-13.64,19.575,8.));
#12163=CARTESIAN_POINT('',(-11.14,19.575,8.));
#12164=CARTESIAN_POINT('Origin',(-11.14,18.525,8.));
#12165=CARTESIAN_POINT('',(-11.14,19.575,8.));
#12166=CARTESIAN_POINT('Origin',(-13.64,10.905,8.));
#12167=CARTESIAN_POINT('',(-13.64,10.905,8.));
#12168=CARTESIAN_POINT('',(-11.14,10.905,8.));
#12169=CARTESIAN_POINT('',(-11.14,10.905,8.));
#12170=CARTESIAN_POINT('',(-11.14,10.905,8.));
#12171=CARTESIAN_POINT('',(-13.64,10.905,8.));
#12172=CARTESIAN_POINT('Origin',(-13.64,11.955,8.));
#12173=CARTESIAN_POINT('',(-13.64,11.955,8.));
#12174=CARTESIAN_POINT('',(-13.64,10.905,8.));
#12175=CARTESIAN_POINT('',(-13.64,11.955,8.));
#12176=CARTESIAN_POINT('Origin',(-11.14,11.955,8.));
#12177=CARTESIAN_POINT('',(-11.14,11.955,8.));
#12178=CARTESIAN_POINT('',(-13.64,11.955,8.));
#12179=CARTESIAN_POINT('',(-11.14,11.955,8.));
#12180=CARTESIAN_POINT('Origin',(-11.14,10.905,8.));
#12181=CARTESIAN_POINT('',(-11.14,11.955,8.));
#12182=CARTESIAN_POINT('Origin',(11.14,23.605,8.));
#12183=CARTESIAN_POINT('',(11.14,23.605,8.));
#12184=CARTESIAN_POINT('',(13.64,23.605,8.));
#12185=CARTESIAN_POINT('',(13.64,23.605,8.));
#12186=CARTESIAN_POINT('',(13.64,23.605,8.));
#12187=CARTESIAN_POINT('',(11.14,23.605,8.));
#12188=CARTESIAN_POINT('Origin',(11.14,24.655,8.));
#12189=CARTESIAN_POINT('',(11.14,24.655,8.));
#12190=CARTESIAN_POINT('',(11.14,23.605,8.));
#12191=CARTESIAN_POINT('',(11.14,24.655,8.));
#12192=CARTESIAN_POINT('Origin',(13.64,24.655,8.));
#12193=CARTESIAN_POINT('',(13.64,24.655,8.));
#12194=CARTESIAN_POINT('',(11.14,24.655,8.));
#12195=CARTESIAN_POINT('',(13.64,24.655,8.));
#12196=CARTESIAN_POINT('Origin',(13.64,23.605,8.));
#12197=CARTESIAN_POINT('',(13.64,24.655,8.));
#12198=CARTESIAN_POINT('Origin',(-13.64,-9.41499999999999,8.));
#12199=CARTESIAN_POINT('',(-13.64,-9.41499999999999,8.));
#12200=CARTESIAN_POINT('',(-11.14,-9.41499999999999,8.));
#12201=CARTESIAN_POINT('',(-11.14,-9.41499999999999,8.));
#12202=CARTESIAN_POINT('',(-11.14,-9.41499999999999,8.));
#12203=CARTESIAN_POINT('',(-13.64,-9.41499999999999,8.));
#12204=CARTESIAN_POINT('Origin',(-13.64,-8.36499999999999,8.));
#12205=CARTESIAN_POINT('',(-13.64,-8.36499999999999,8.));
#12206=CARTESIAN_POINT('',(-13.64,-9.41499999999999,8.));
#12207=CARTESIAN_POINT('',(-13.64,-8.36499999999999,8.));
#12208=CARTESIAN_POINT('Origin',(-11.14,-8.36499999999999,8.));
#12209=CARTESIAN_POINT('',(-11.14,-8.36499999999999,8.));
#12210=CARTESIAN_POINT('',(-13.64,-8.36499999999999,8.));
#12211=CARTESIAN_POINT('',(-11.14,-8.36499999999999,8.));
#12212=CARTESIAN_POINT('Origin',(-11.14,-9.41499999999999,8.));
#12213=CARTESIAN_POINT('',(-11.14,-8.36499999999999,8.));
#12214=CARTESIAN_POINT('Origin',(11.14,-6.87499999999999,8.));
#12215=CARTESIAN_POINT('',(11.14,-6.87499999999999,8.));
#12216=CARTESIAN_POINT('',(13.64,-6.87499999999999,8.));
#12217=CARTESIAN_POINT('',(13.64,-6.87499999999999,8.));
#12218=CARTESIAN_POINT('',(13.64,-6.87499999999999,8.));
#12219=CARTESIAN_POINT('',(11.14,-6.87499999999999,8.));
#12220=CARTESIAN_POINT('Origin',(11.14,-5.82499999999999,8.));
#12221=CARTESIAN_POINT('',(11.14,-5.82499999999999,8.));
#12222=CARTESIAN_POINT('',(11.14,-6.87499999999999,8.));
#12223=CARTESIAN_POINT('',(11.14,-5.82499999999999,8.));
#12224=CARTESIAN_POINT('Origin',(13.64,-5.82499999999999,8.));
#12225=CARTESIAN_POINT('',(13.64,-5.82499999999999,8.));
#12226=CARTESIAN_POINT('',(11.14,-5.82499999999999,8.));
#12227=CARTESIAN_POINT('',(13.64,-5.82499999999999,8.));
#12228=CARTESIAN_POINT('Origin',(13.64,-6.87499999999999,8.));
#12229=CARTESIAN_POINT('',(13.64,-5.82499999999999,8.));
#12230=CARTESIAN_POINT('Origin',(11.14,-14.495,8.));
#12231=CARTESIAN_POINT('',(11.14,-14.495,8.));
#12232=CARTESIAN_POINT('',(13.64,-14.495,8.));
#12233=CARTESIAN_POINT('',(13.64,-14.495,8.));
#12234=CARTESIAN_POINT('',(13.64,-14.495,8.));
#12235=CARTESIAN_POINT('',(11.14,-14.495,8.));
#12236=CARTESIAN_POINT('Origin',(11.14,-13.445,8.));
#12237=CARTESIAN_POINT('',(11.14,-13.445,8.));
#12238=CARTESIAN_POINT('',(11.14,-14.495,8.));
#12239=CARTESIAN_POINT('',(11.14,-13.445,8.));
#12240=CARTESIAN_POINT('Origin',(13.64,-13.445,8.));
#12241=CARTESIAN_POINT('',(13.64,-13.445,8.));
#12242=CARTESIAN_POINT('',(11.14,-13.445,8.));
#12243=CARTESIAN_POINT('',(13.64,-13.445,8.));
#12244=CARTESIAN_POINT('Origin',(13.64,-14.495,8.));
#12245=CARTESIAN_POINT('',(13.64,-13.445,8.));
#12246=CARTESIAN_POINT('Origin',(-13.64,-17.035,8.));
#12247=CARTESIAN_POINT('',(-13.64,-17.035,8.));
#12248=CARTESIAN_POINT('',(-11.14,-17.035,8.));
#12249=CARTESIAN_POINT('',(-11.14,-17.035,8.));
#12250=CARTESIAN_POINT('',(-11.14,-17.035,8.));
#12251=CARTESIAN_POINT('',(-13.64,-17.035,8.));
#12252=CARTESIAN_POINT('Origin',(-13.64,-15.985,8.));
#12253=CARTESIAN_POINT('',(-13.64,-15.985,8.));
#12254=CARTESIAN_POINT('',(-13.64,-17.035,8.));
#12255=CARTESIAN_POINT('',(-13.64,-15.985,8.));
#12256=CARTESIAN_POINT('Origin',(-11.14,-15.985,8.));
#12257=CARTESIAN_POINT('',(-11.14,-15.985,8.));
#12258=CARTESIAN_POINT('',(-13.64,-15.985,8.));
#12259=CARTESIAN_POINT('',(-11.14,-15.985,8.));
#12260=CARTESIAN_POINT('Origin',(-11.14,-17.035,8.));
#12261=CARTESIAN_POINT('',(-11.14,-15.985,8.));
#12262=CARTESIAN_POINT('Origin',(-13.64,-19.575,8.));
#12263=CARTESIAN_POINT('',(-13.64,-19.575,8.));
#12264=CARTESIAN_POINT('',(-11.14,-19.575,8.));
#12265=CARTESIAN_POINT('',(-11.14,-19.575,8.));
#12266=CARTESIAN_POINT('',(-11.14,-19.575,8.));
#12267=CARTESIAN_POINT('',(-13.64,-19.575,8.));
#12268=CARTESIAN_POINT('Origin',(-13.64,-18.525,8.));
#12269=CARTESIAN_POINT('',(-13.64,-18.525,8.));
#12270=CARTESIAN_POINT('',(-13.64,-19.575,8.));
#12271=CARTESIAN_POINT('',(-13.64,-18.525,8.));
#12272=CARTESIAN_POINT('Origin',(-11.14,-18.525,8.));
#12273=CARTESIAN_POINT('',(-11.14,-18.525,8.));
#12274=CARTESIAN_POINT('',(-13.64,-18.525,8.));
#12275=CARTESIAN_POINT('',(-11.14,-18.525,8.));
#12276=CARTESIAN_POINT('Origin',(-11.14,-19.575,8.));
#12277=CARTESIAN_POINT('',(-11.14,-18.525,8.));
#12278=CARTESIAN_POINT('Origin',(-13.64,-6.87499999999999,8.));
#12279=CARTESIAN_POINT('',(-13.64,-6.87499999999999,8.));
#12280=CARTESIAN_POINT('',(-11.14,-6.87499999999999,8.));
#12281=CARTESIAN_POINT('',(-11.14,-6.87499999999999,8.));
#12282=CARTESIAN_POINT('',(-11.14,-6.87499999999999,8.));
#12283=CARTESIAN_POINT('',(-13.64,-6.87499999999999,8.));
#12284=CARTESIAN_POINT('Origin',(-13.64,-5.82499999999999,8.));
#12285=CARTESIAN_POINT('',(-13.64,-5.82499999999999,8.));
#12286=CARTESIAN_POINT('',(-13.64,-6.87499999999999,8.));
#12287=CARTESIAN_POINT('',(-13.64,-5.82499999999999,8.));
#12288=CARTESIAN_POINT('Origin',(-11.14,-5.82499999999999,8.));
#12289=CARTESIAN_POINT('',(-11.14,-5.82499999999999,8.));
#12290=CARTESIAN_POINT('',(-13.64,-5.82499999999999,8.));
#12291=CARTESIAN_POINT('',(-11.14,-5.82499999999999,8.));
#12292=CARTESIAN_POINT('Origin',(-11.14,-6.87499999999999,8.));
#12293=CARTESIAN_POINT('',(-11.14,-5.82499999999999,8.));
#12294=CARTESIAN_POINT('Origin',(-13.64,8.36500000000001,8.));
#12295=CARTESIAN_POINT('',(-13.64,8.36500000000001,8.));
#12296=CARTESIAN_POINT('',(-11.14,8.36500000000001,8.));
#12297=CARTESIAN_POINT('',(-11.14,8.36500000000001,8.));
#12298=CARTESIAN_POINT('',(-11.14,8.36500000000001,8.));
#12299=CARTESIAN_POINT('',(-13.64,8.36500000000001,8.));
#12300=CARTESIAN_POINT('Origin',(-13.64,9.41500000000002,8.));
#12301=CARTESIAN_POINT('',(-13.64,9.41500000000002,8.));
#12302=CARTESIAN_POINT('',(-13.64,8.36500000000001,8.));
#12303=CARTESIAN_POINT('',(-13.64,9.41500000000002,8.));
#12304=CARTESIAN_POINT('Origin',(-11.14,9.41500000000001,8.));
#12305=CARTESIAN_POINT('',(-11.14,9.41500000000001,8.));
#12306=CARTESIAN_POINT('',(-13.64,9.41500000000002,8.));
#12307=CARTESIAN_POINT('',(-11.14,9.41500000000001,8.));
#12308=CARTESIAN_POINT('Origin',(-11.14,8.36500000000001,8.));
#12309=CARTESIAN_POINT('',(-11.14,9.41500000000001,8.));
#12310=CARTESIAN_POINT('Origin',(11.14,-24.655,8.));
#12311=CARTESIAN_POINT('',(11.14,-24.655,8.));
#12312=CARTESIAN_POINT('',(13.64,-24.655,8.));
#12313=CARTESIAN_POINT('',(13.64,-24.655,8.));
#12314=CARTESIAN_POINT('',(13.64,-24.655,8.));
#12315=CARTESIAN_POINT('',(11.14,-24.655,8.));
#12316=CARTESIAN_POINT('Origin',(11.14,-23.605,8.));
#12317=CARTESIAN_POINT('',(11.14,-23.605,8.));
#12318=CARTESIAN_POINT('',(11.14,-24.655,8.));
#12319=CARTESIAN_POINT('',(11.14,-23.605,8.));
#12320=CARTESIAN_POINT('Origin',(13.64,-23.605,8.));
#12321=CARTESIAN_POINT('',(13.64,-23.605,8.));
#12322=CARTESIAN_POINT('',(11.14,-23.605,8.));
#12323=CARTESIAN_POINT('',(13.64,-23.605,8.));
#12324=CARTESIAN_POINT('Origin',(13.64,-24.655,8.));
#12325=CARTESIAN_POINT('',(13.64,-23.605,8.));
#12326=CARTESIAN_POINT('Origin',(11.14,-22.115,8.));
#12327=CARTESIAN_POINT('',(11.14,-22.115,8.));
#12328=CARTESIAN_POINT('',(13.64,-22.115,8.));
#12329=CARTESIAN_POINT('',(13.64,-22.115,8.));
#12330=CARTESIAN_POINT('',(13.64,-22.115,8.));
#12331=CARTESIAN_POINT('',(11.14,-22.115,8.));
#12332=CARTESIAN_POINT('Origin',(11.14,-21.065,8.));
#12333=CARTESIAN_POINT('',(11.14,-21.065,8.));
#12334=CARTESIAN_POINT('',(11.14,-22.115,8.));
#12335=CARTESIAN_POINT('',(11.14,-21.065,8.));
#12336=CARTESIAN_POINT('Origin',(13.64,-21.065,8.));
#12337=CARTESIAN_POINT('',(13.64,-21.065,8.));
#12338=CARTESIAN_POINT('',(11.14,-21.065,8.));
#12339=CARTESIAN_POINT('',(13.64,-21.065,8.));
#12340=CARTESIAN_POINT('Origin',(13.64,-22.115,8.));
#12341=CARTESIAN_POINT('',(13.64,-21.065,8.));
#12342=CARTESIAN_POINT('Origin',(11.14,5.82500000000001,8.));
#12343=CARTESIAN_POINT('',(11.14,5.82500000000001,8.));
#12344=CARTESIAN_POINT('',(13.64,5.82500000000001,8.));
#12345=CARTESIAN_POINT('',(13.64,5.82500000000001,8.));
#12346=CARTESIAN_POINT('',(13.64,5.82500000000001,8.));
#12347=CARTESIAN_POINT('',(11.14,5.82500000000001,8.));
#12348=CARTESIAN_POINT('Origin',(11.14,6.87500000000001,8.));
#12349=CARTESIAN_POINT('',(11.14,6.87500000000001,8.));
#12350=CARTESIAN_POINT('',(11.14,5.82500000000001,8.));
#12351=CARTESIAN_POINT('',(11.14,6.87500000000001,8.));
#12352=CARTESIAN_POINT('Origin',(13.64,6.87500000000001,8.));
#12353=CARTESIAN_POINT('',(13.64,6.87500000000001,8.));
#12354=CARTESIAN_POINT('',(11.14,6.87500000000001,8.));
#12355=CARTESIAN_POINT('',(13.64,6.87500000000001,8.));
#12356=CARTESIAN_POINT('Origin',(13.64,5.82500000000001,8.));
#12357=CARTESIAN_POINT('',(13.64,6.87500000000001,8.));
#12358=CARTESIAN_POINT('Origin',(15.64,-26.655,8.));
#12359=CARTESIAN_POINT('',(15.64,-26.655,8.));
#12360=CARTESIAN_POINT('',(-15.64,-26.655,8.));
#12361=CARTESIAN_POINT('',(15.64,-26.655,8.));
#12362=CARTESIAN_POINT('',(-15.64,-26.655,8.));
#12363=CARTESIAN_POINT('',(15.64,-26.655,8.));
#12364=CARTESIAN_POINT('Origin',(15.64,26.655,8.));
#12365=CARTESIAN_POINT('',(15.64,26.655,8.));
#12366=CARTESIAN_POINT('',(15.64,26.655,8.));
#12367=CARTESIAN_POINT('',(15.64,26.655,8.));
#12368=CARTESIAN_POINT('Origin',(-15.64,26.655,8.));
#12369=CARTESIAN_POINT('',(-15.64,26.655,8.));
#12370=CARTESIAN_POINT('',(-15.64,26.655,8.));
#12371=CARTESIAN_POINT('',(-15.64,26.655,8.));
#12372=CARTESIAN_POINT('Origin',(-15.64,-26.655,8.));
#12373=CARTESIAN_POINT('',(-15.64,-26.655,8.));
#12374=CARTESIAN_POINT('Origin',(-2.04738731629118E-14,0.,8.));
#12375=CARTESIAN_POINT('',(0.,0.,0.));
#12376=CARTESIAN_POINT('Origin',(64.8904622962932,-31.0359460939257,12.));
#12377=CARTESIAN_POINT('',(66.7895875876273,-31.0369806128034,5.42264973081041));
#12378=CARTESIAN_POINT('',(66.7889993561746,-31.0357552607465,5.07735026918966));
#12379=CARTESIAN_POINT('',(66.7920622962932,-31.0359460939257,12.));
#12380=CARTESIAN_POINT('',(64.5134280354234,-29.172098534137,4.));
#12381=CARTESIAN_POINT('Ctrl Pts',(64.5134280354234,-29.172098534137,4.));
#12382=CARTESIAN_POINT('Ctrl Pts',(63.8933756412392,-29.2975277812414,4.0794199098999));
#12383=CARTESIAN_POINT('Ctrl Pts',(62.7991390860922,-30.214809806634,4.23825972969971));
#12384=CARTESIAN_POINT('Ctrl Pts',(63.0662441844775,-32.3517643661875,4.47651945939943));
#12385=CARTESIAN_POINT('Ctrl Pts',(65.0078988538583,-33.2805526737331,4.71477918909913));
#12386=CARTESIAN_POINT('Ctrl Pts',(66.5482075157181,-32.3340318041936,4.91505612569589));
#12387=CARTESIAN_POINT('Ctrl Pts',(66.7886222375716,-31.3671169663743,5.03591315239272));
#12388=CARTESIAN_POINT('Ctrl Pts',(66.7889993561746,-31.0357552607465,5.07735026918966));
#12389=CARTESIAN_POINT('',(66.6910814668673,-30.4321515457853,4.));
#12390=CARTESIAN_POINT('Origin',(64.8904622962932,-31.0359460939257,4.));
#12391=CARTESIAN_POINT('Ctrl Pts',(66.6910814668673,-30.4321515457853,4.));
#12392=CARTESIAN_POINT('Ctrl Pts',(66.5731076220462,-30.0854608566923,4.04580963996984));
#12393=CARTESIAN_POINT('Ctrl Pts',(65.9889498418189,-29.2234744512466,4.17103918983958));
#12394=CARTESIAN_POINT('Ctrl Pts',(64.1689087478072,-28.9069662242151,4.37568864960923));
#12395=CARTESIAN_POINT('Ctrl Pts',(62.7099123716315,-30.4887328890642,4.61394837930894));
#12396=CARTESIAN_POINT('Ctrl Pts',(63.2489414747262,-32.5717960664298,4.85220810900865));
#12397=CARTESIAN_POINT('Ctrl Pts',(65.2914698531061,-33.2479138136312,5.09046783870837));
#12398=CARTESIAN_POINT('Ctrl Pts',(66.6284678571731,-32.1703750239143,5.28061504597562));
#12399=CARTESIAN_POINT('Ctrl Pts',(66.7908230479825,-31.2871433678662,5.39134234334297));
#12400=CARTESIAN_POINT('Ctrl Pts',(66.7895875876273,-31.0369806128034,5.42264973081041));
#12401=CARTESIAN_POINT('Origin',(64.8904622962932,-31.0359460939257,12.));
#12402=CARTESIAN_POINT('',(66.7907382368748,-31.0343582011619,6.92264973081041));
#12403=CARTESIAN_POINT('',(66.793105568193,-31.0343200244678,6.57735026918966));
#12404=CARTESIAN_POINT('',(66.7920622962932,-31.0359460939257,12.));
#12405=CARTESIAN_POINT('Ctrl Pts',(66.7889993561746,-31.0357552607465,5.07735026918966));
#12406=CARTESIAN_POINT('Ctrl Pts',(66.7893450370274,-30.7320168715921,5.11533306229262));
#12407=CARTESIAN_POINT('Ctrl Pts',(66.5773185842981,-29.7935817892626,5.23273576529549));
#12408=CARTESIAN_POINT('Ctrl Pts',(65.1047059625056,-28.7981960772021,5.42955837819828));
#12409=CARTESIAN_POINT('Ctrl Pts',(63.1259876527569,-29.6430220885185,5.66781810789799));
#12410=CARTESIAN_POINT('Ctrl Pts',(62.763554047333,-31.7639321346184,5.90607783759771));
#12411=CARTESIAN_POINT('Ctrl Pts',(64.3495504517262,-33.2179233723568,6.14433756729741));
#12412=CARTESIAN_POINT('Ctrl Pts',(66.3043419493229,-32.7062603864737,6.36809504449474));
#12413=CARTESIAN_POINT('Ctrl Pts',(66.7884233004642,-31.5506115020438,6.51243261179215));
#12414=CARTESIAN_POINT('Ctrl Pts',(66.793105568193,-31.0343200244678,6.57735026918966));
#12415=CARTESIAN_POINT('Ctrl Pts',(66.7895875876273,-31.0369806128034,5.42264973081041));
#12416=CARTESIAN_POINT('Ctrl Pts',(66.7876889586179,-30.652535849495,5.47076225324287));
#12417=CARTESIAN_POINT('Ctrl Pts',(66.4875507484965,-29.6307601901157,5.59829468557524));
#12418=CARTESIAN_POINT('Ctrl Pts',(64.8189378321252,-28.7890546777281,5.8052470278075));
#12419=CARTESIAN_POINT('Ctrl Pts',(62.9634080699022,-29.8783163818536,6.04350675750721));
#12420=CARTESIAN_POINT('Ctrl Pts',(62.873192174887,-32.0280426902595,6.28176648720693));
#12421=CARTESIAN_POINT('Ctrl Pts',(64.630924428835,-33.2689436297419,6.52002621690664));
#12422=CARTESIAN_POINT('Ctrl Pts',(66.4201125250921,-32.5474621883034,6.73365396477447));
#12423=CARTESIAN_POINT('Ctrl Pts',(66.7872887952863,-31.4714742754978,6.86786180274239));
#12424=CARTESIAN_POINT('Ctrl Pts',(66.7907382368748,-31.0343582011619,6.92264973081041));
#12425=CARTESIAN_POINT('Origin',(64.8904622962932,-31.0359460939257,12.));
#12426=CARTESIAN_POINT('',(66.7952493095025,-31.0357754887844,8.42264973081041));
#12427=CARTESIAN_POINT('',(66.7943064946656,-31.0371394656113,8.07735026918966));
#12428=CARTESIAN_POINT('',(66.7920622962932,-31.0359460939257,12.));
#12429=CARTESIAN_POINT('Ctrl Pts',(66.793105568193,-31.0343200244678,6.57735026918966));
#12430=CARTESIAN_POINT('Ctrl Pts',(66.7941515614036,-30.9189833091148,6.59185252169205));
#12431=CARTESIAN_POINT('Ctrl Pts',(66.7320704230877,-30.1731419618228,6.68577468409435));
#12432=CARTESIAN_POINT('Ctrl Pts',(65.7462500624556,-28.9571816799147,6.85911675639656));
#12433=CARTESIAN_POINT('Ctrl Pts',(63.6072788460905,-29.1901189285142,7.09737648609626));
#12434=CARTESIAN_POINT('Ctrl Pts',(62.6437863569532,-31.1139553769234,7.33563621579598));
#12435=CARTESIAN_POINT('Ctrl Pts',(63.738396329054,-32.9663297683827,7.57389594549569));
#12436=CARTESIAN_POINT('Ctrl Pts',(65.8883737150001,-33.0503468445983,7.8121556751954));
#12437=CARTESIAN_POINT('Ctrl Pts',(66.7588266991631,-31.8097721507966,7.97997378309339));
#12438=CARTESIAN_POINT('Ctrl Pts',(66.7948295363132,-31.1084267887179,8.06837198109148));
#12439=CARTESIAN_POINT('Ctrl Pts',(66.7943064946656,-31.0371394656113,8.07735026918966));
#12440=CARTESIAN_POINT('Ctrl Pts',(66.7907382368748,-31.0343582011619,6.92264973081041));
#12441=CARTESIAN_POINT('Ctrl Pts',(66.7922890635904,-30.8378361646268,6.94728171264229));
#12442=CARTESIAN_POINT('Ctrl Pts',(66.6737998283196,-30.0095003232521,7.05133360437408));
#12443=CARTESIAN_POINT('Ctrl Pts',(65.4754265130234,-28.8653575430076,7.23480540600579));
#12444=CARTESIAN_POINT('Ctrl Pts',(63.383332103524,-29.3679543682799,7.47306513570549));
#12445=CARTESIAN_POINT('Ctrl Pts',(62.6718674945313,-31.3985405639739,7.7113248654052));
#12446=CARTESIAN_POINT('Ctrl Pts',(63.9927805686831,-33.0969665525078,7.94958459510493));
#12447=CARTESIAN_POINT('Ctrl Pts',(66.1256711292775,-32.9082794462839,8.18669288357332));
#12448=CARTESIAN_POINT('Ctrl Pts',(66.7944537625567,-31.6564097799344,8.34438126214182));
#12449=CARTESIAN_POINT('Ctrl Pts',(66.7952493095025,-31.0357754887844,8.42264973081041));
#12450=CARTESIAN_POINT('Origin',(64.8904622962932,-31.0359460939257,12.));
#12451=CARTESIAN_POINT('',(66.7912410349866,-31.0376359803814,9.92264973081041));
#12452=CARTESIAN_POINT('',(66.7894415860124,-31.0368542490837,9.57735026918967));
#12453=CARTESIAN_POINT('',(66.7920622962932,-31.0359460939257,12.));
#12454=CARTESIAN_POINT('Ctrl Pts',(66.7943064946656,-31.0371394656113,8.07735026918966));
#12455=CARTESIAN_POINT('Ctrl Pts',(66.7902028279615,-30.4778352197888,8.14779189099139));
#12456=CARTESIAN_POINT('Ctrl Pts',(66.2341040705052,-29.2808429513327,8.29765342269302));
#12457=CARTESIAN_POINT('Ctrl Pts',(64.1995041992191,-28.8967372414476,8.52693486429454));
#12458=CARTESIAN_POINT('Ctrl Pts',(62.7181954064407,-30.4572457024042,8.76519459399426));
#12459=CARTESIAN_POINT('Ctrl Pts',(63.2268250641405,-32.5478813714017,9.00345432369397));
#12460=CARTESIAN_POINT('Ctrl Pts',(65.2594549290481,-33.2534858707088,9.24171405339369));
#12461=CARTESIAN_POINT('Ctrl Pts',(66.6200557463285,-32.1889955904917,9.43301270189225));
#12462=CARTESIAN_POINT('Ctrl Pts',(66.7905602305048,-31.2962659821653,9.54489144049091));
#12463=CARTESIAN_POINT('Ctrl Pts',(66.7894415860124,-31.0368542490837,9.57735026918967));
#12464=CARTESIAN_POINT('Ctrl Pts',(66.7952493095025,-31.0357754887844,8.42264973081041));
#12465=CARTESIAN_POINT('Ctrl Pts',(66.795261013137,-31.0266450697977,8.42380117204172));
#12466=CARTESIAN_POINT('Ctrl Pts',(66.7910648764303,-30.3877609954434,8.50437252317294));
#12467=CARTESIAN_POINT('Ctrl Pts',(66.081358311254,-29.1292722585833,8.66436378420407));
#12468=CARTESIAN_POINT('Ctrl Pts',(63.9335207855569,-29.0017630036814,8.90262351390377));
#12469=CARTESIAN_POINT('Ctrl Pts',(62.6623055760038,-30.7376978265299,9.1408832436035));
#12470=CARTESIAN_POINT('Ctrl Pts',(63.4322246002201,-32.7468485936242,9.37914297330318));
#12471=CARTESIAN_POINT('Ctrl Pts',(65.5379905432556,-33.188698739852,9.61740270300293));
#12472=CARTESIAN_POINT('Ctrl Pts',(66.6881289420432,-32.025153310918,9.79857162217198));
#12473=CARTESIAN_POINT('Ctrl Pts',(66.7927658212533,-31.2156661563158,9.90032063144115));
#12474=CARTESIAN_POINT('Ctrl Pts',(66.7912410349866,-31.0376359803814,9.92264973081041));
#12475=CARTESIAN_POINT('Origin',(64.8904622962932,-31.0359460939257,12.));
#12476=CARTESIAN_POINT('',(66.7896190794281,-31.0350703795345,11.4226497308104));
#12477=CARTESIAN_POINT('',(66.7909745302898,-31.0343184623988,11.0773502691897));
#12478=CARTESIAN_POINT('',(66.7920622962932,-31.0359460939257,12.));
#12479=CARTESIAN_POINT('',(63.4648400911697,-29.7775010660207,12.));
#12480=CARTESIAN_POINT('Ctrl Pts',(66.7896190794281,-31.0350703795345,11.4226497308104));
#12481=CARTESIAN_POINT('Ctrl Pts',(66.7906912597038,-30.7663838413606,11.4562600007405));
#12482=CARTESIAN_POINT('Ctrl Pts',(66.6119597867319,-29.8641270420768,11.5692901805705));
#12483=CARTESIAN_POINT('Ctrl Pts',(65.2249993596916,-28.8142391578317,11.7617402703003));
#12484=CARTESIAN_POINT('Ctrl Pts',(63.8834912026319,-29.3032345645321,11.9205800901001));
#12485=CARTESIAN_POINT('Ctrl Pts',(63.4648400911697,-29.7775010660207,12.));
#12486=CARTESIAN_POINT('',(63.4648400911696,-32.2943911218306,12.));
#12487=CARTESIAN_POINT('Origin',(64.8904622962932,-31.0359460939257,12.));
#12488=CARTESIAN_POINT('Ctrl Pts',(66.7909745302898,-31.0343184623988,11.0773502691897));
#12489=CARTESIAN_POINT('Ctrl Pts',(66.7925200150811,-30.8470457889747,11.1008308097902));
#12490=CARTESIAN_POINT('Ctrl Pts',(66.681039809976,-30.0281385049988,11.2037312602907));
#12491=CARTESIAN_POINT('Ctrl Pts',(65.5068367286044,-28.873927896928,11.3860516206911));
#12492=CARTESIAN_POINT('Ctrl Pts',(63.4074884129584,-29.3465725060515,11.6243113503908));
#12493=CARTESIAN_POINT('Ctrl Pts',(62.7715721380701,-31.0810283766243,11.8289608101605));
#12494=CARTESIAN_POINT('Ctrl Pts',(63.2259952975251,-32.0179170488823,11.9541903600302));
#12495=CARTESIAN_POINT('Ctrl Pts',(63.4672513067979,-32.2934307381046,12.));
#12496=CARTESIAN_POINT('Origin',(64.8904622962932,-31.0359460939257,4.));
#12497=CARTESIAN_POINT('',(59.8904622962932,-31.0359460939257,4.));
#12498=CARTESIAN_POINT('Origin',(64.8904622962932,-31.0359460939257,4.));
#12499=CARTESIAN_POINT('',(63.4396622962927,-33.5488054055463,4.));
#12500=CARTESIAN_POINT('Ctrl Pts',(63.4403691423019,-33.5449086874957,4.));
#12501=CARTESIAN_POINT('Ctrl Pts',(63.360931217053,-33.483184527176,4.));
#12502=CARTESIAN_POINT('Ctrl Pts',(63.2848136594198,-33.4176475472039,4.));
#12503=CARTESIAN_POINT('Ctrl Pts',(63.2124065404021,-33.3484825323841,4.));
#12504=CARTESIAN_POINT('Ctrl Pts',(63.1454515919241,-33.2845255614872,4.));
#12505=CARTESIAN_POINT('Ctrl Pts',(63.0816693699995,-33.217465473399,4.));
#12506=CARTESIAN_POINT('Ctrl Pts',(63.0214144996844,-33.1474291441589,4.));
#12507=CARTESIAN_POINT('Ctrl Pts',(62.9839346046066,-33.1038649599222,4.));
#12508=CARTESIAN_POINT('Ctrl Pts',(62.9478203983387,-33.0591489021546,4.));
#12509=CARTESIAN_POINT('Ctrl Pts',(62.9131672602412,-33.0133093658603,4.));
#12510=CARTESIAN_POINT('Ctrl Pts',(62.9022624727319,-32.9988843980146,4.));
#12511=CARTESIAN_POINT('Ctrl Pts',(62.8915019238032,-32.9843473102279,4.));
#12512=CARTESIAN_POINT('Ctrl Pts',(62.8808983649044,-32.9697127089202,4.));
#12513=CARTESIAN_POINT('Ctrl Pts',(62.8282976943524,-32.8971153999043,4.));
#12514=CARTESIAN_POINT('Ctrl Pts',(62.77949717567,-32.8220426945953,4.));
#12515=CARTESIAN_POINT('Ctrl Pts',(62.7348190923195,-32.7446191857153,4.));
#12516=CARTESIAN_POINT('Ctrl Pts',(62.7138593208452,-32.7082975951016,4.));
#12517=CARTESIAN_POINT('Ctrl Pts',(62.6938075221907,-32.6714584416962,4.));
#12518=CARTESIAN_POINT('Ctrl Pts',(62.6747008884312,-32.6341138134715,4.));
#12519=CARTESIAN_POINT('Ctrl Pts',(62.6505623919658,-32.5869342219351,4.));
#12520=CARTESIAN_POINT('Ctrl Pts',(62.6279323370593,-32.5389477540249,4.));
#12521=CARTESIAN_POINT('Ctrl Pts',(62.6068188636014,-32.4902311527456,4.));
#12522=CARTESIAN_POINT('Ctrl Pts',(62.5911964382355,-32.4541844326696,4.));
#12523=CARTESIAN_POINT('Ctrl Pts',(62.5764044448941,-32.4177379718795,4.));
#12524=CARTESIAN_POINT('Ctrl Pts',(62.5624480924943,-32.3809233042101,4.));
#12525=CARTESIAN_POINT('Ctrl Pts',(62.5547723915536,-32.3606760095611,4.));
#12526=CARTESIAN_POINT('Ctrl Pts',(62.5473475496889,-32.3403114487576,4.));
#12527=CARTESIAN_POINT('Ctrl Pts',(62.5401854500101,-32.3198669709233,4.));
#12528=CARTESIAN_POINT('Ctrl Pts',(62.5097090713911,-32.2328710234941,4.));
#12529=CARTESIAN_POINT('Ctrl Pts',(62.4839500477718,-32.1443432629169,4.));
#12530=CARTESIAN_POINT('Ctrl Pts',(62.462888244247,-32.0546952718993,4.));
#12531=CARTESIAN_POINT('Ctrl Pts',(62.4425116927453,-31.9679640048524,4.));
#12532=CARTESIAN_POINT('Ctrl Pts',(62.4265322108372,-31.8801831263124,4.));
#12533=CARTESIAN_POINT('Ctrl Pts',(62.414983247746,-31.7917321898002,4.));
#12534=CARTESIAN_POINT('Ctrl Pts',(62.4036498560124,-31.7049322663102,4.));
#12535=CARTESIAN_POINT('Ctrl Pts',(62.396583491689,-31.6174861723303,4.));
#12536=CARTESIAN_POINT('Ctrl Pts',(62.3938600790928,-31.5297737015761,4.));
#12537=CARTESIAN_POINT('Ctrl Pts',(62.3928435288219,-31.4970338456961,4.));
#12538=CARTESIAN_POINT('Ctrl Pts',(62.3924324844925,-31.4642571575484,4.));
#12539=CARTESIAN_POINT('Ctrl Pts',(62.392632364007,-31.4314645377698,4.));
#12540=CARTESIAN_POINT('Ctrl Pts',(62.3927665277583,-31.4094533732246,4.));
#12541=CARTESIAN_POINT('Ctrl Pts',(62.3931759536274,-31.3874350448626,4.));
#12542=CARTESIAN_POINT('Ctrl Pts',(62.3938624727182,-31.3654160658422,4.));
#12543=CARTESIAN_POINT('Ctrl Pts',(62.3942843792084,-31.3518841039788,4.));
#12544=CARTESIAN_POINT('Ctrl Pts',(62.3948106245664,-31.3383621478563,4.));
#12545=CARTESIAN_POINT('Ctrl Pts',(62.3954411640468,-31.3248520696549,4.));
#12546=CARTESIAN_POINT('Ctrl Pts',(62.3994153434229,-31.2397004243991,4.));
#12547=CARTESIAN_POINT('Ctrl Pts',(62.4075290468919,-31.1550116578602,4.));
#12548=CARTESIAN_POINT('Ctrl Pts',(62.419803214529,-31.0711268463435,4.));
#12549=CARTESIAN_POINT('Ctrl Pts',(62.4317469726487,-30.9895001382603,4.));
#12550=CARTESIAN_POINT('Ctrl Pts',(62.4476306720419,-30.9086339631963,4.));
#12551=CARTESIAN_POINT('Ctrl Pts',(62.4675143747363,-30.8288689396982,4.));
#12552=CARTESIAN_POINT('Ctrl Pts',(62.4869996082035,-30.7507024065697,4.));
#12553=CARTESIAN_POINT('Ctrl Pts',(62.5103265019423,-30.6735927440867,4.));
#12554=CARTESIAN_POINT('Ctrl Pts',(62.5375853430175,-30.5978957067673,4.));
#12555=CARTESIAN_POINT('Ctrl Pts',(62.5507675853417,-30.5612889894675,4.));
#12556=CARTESIAN_POINT('Ctrl Pts',(62.5648698451731,-30.5250132206991,4.));
#12557=CARTESIAN_POINT('Ctrl Pts',(62.5799048616828,-30.4891122777184,4.));
#12558=CARTESIAN_POINT('Ctrl Pts',(62.5852102175894,-30.4764440322414,4.));
#12559=CARTESIAN_POINT('Ctrl Pts',(62.5906325043767,-30.4638207279575,4.));
#12560=CARTESIAN_POINT('Ctrl Pts',(62.5961698738568,-30.4512499264126,4.));
#12561=CARTESIAN_POINT('Ctrl Pts',(62.6277198051734,-30.3796260395181,4.));
#12562=CARTESIAN_POINT('Ctrl Pts',(62.6629026824187,-30.3099276224706,4.));
#12563=CARTESIAN_POINT('Ctrl Pts',(62.7017620285968,-30.242452935877,4.));
#12564=CARTESIAN_POINT('Ctrl Pts',(62.7117297487279,-30.2251451616079,4.));
#12565=CARTESIAN_POINT('Ctrl Pts',(62.721939554282,-30.2079838884201,4.));
#12566=CARTESIAN_POINT('Ctrl Pts',(62.7323925576402,-30.190974562714,4.));
#12567=CARTESIAN_POINT('Ctrl Pts',(62.7742060638463,-30.1229348308203,4.));
#12568=CARTESIAN_POINT('Ctrl Pts',(62.8199093769009,-30.0573227224379,4.));
#12569=CARTESIAN_POINT('Ctrl Pts',(62.8692152994326,-29.9943554931931,4.));
#12570=CARTESIAN_POINT('Ctrl Pts',(62.9179237999079,-29.9321512151244,4.));
#12571=CARTESIAN_POINT('Ctrl Pts',(62.9701492236658,-29.8725278512392,4.));
#12572=CARTESIAN_POINT('Ctrl Pts',(63.0256261746161,-29.815743653906,4.));
#12573=CARTESIAN_POINT('Ctrl Pts',(63.0480982544944,-29.7927420469964,4.));
#12574=CARTESIAN_POINT('Ctrl Pts',(63.0711038942613,-29.7702068805639,4.));
#12575=CARTESIAN_POINT('Ctrl Pts',(63.0946253870507,-29.7481577771403,4.));
#12576=CARTESIAN_POINT('Ctrl Pts',(63.1036624359263,-29.739686425977,4.));
#12577=CARTESIAN_POINT('Ctrl Pts',(63.1127686435306,-29.7312933920146,4.));
#12578=CARTESIAN_POINT('Ctrl Pts',(63.1219422175229,-29.7229798848065,4.));
#12579=CARTESIAN_POINT('Ctrl Pts',(63.1784762185007,-29.6717462189495,4.));
#12580=CARTESIAN_POINT('Ctrl Pts',(63.2375749657396,-29.6235217977704,4.));
#12581=CARTESIAN_POINT('Ctrl Pts',(63.2989703833375,-29.5784862697679,4.));
#12582=CARTESIAN_POINT('Ctrl Pts',(63.3595814704995,-29.5340260735521,4.));
#12583=CARTESIAN_POINT('Ctrl Pts',(63.4224319602567,-29.4926736618505,4.));
#12584=CARTESIAN_POINT('Ctrl Pts',(63.4872702364934,-29.4546515741915,4.));
#12585=CARTESIAN_POINT('Ctrl Pts',(63.550675477763,-29.4174698386254,4.));
#12586=CARTESIAN_POINT('Ctrl Pts',(63.6159824795813,-29.3834728471413,4.));
#12587=CARTESIAN_POINT('Ctrl Pts',(63.6829480820585,-29.3529174779514,4.));
#12588=CARTESIAN_POINT('Ctrl Pts',(63.7126420607425,-29.3393685745168,4.));
#12589=CARTESIAN_POINT('Ctrl Pts',(63.7426619754758,-29.3264970221372,4.));
#12590=CARTESIAN_POINT('Ctrl Pts',(63.772985454069,-29.3143283693043,4.));
#12591=CARTESIAN_POINT('Ctrl Pts',(63.7845614474827,-29.309682983894,4.));
#12592=CARTESIAN_POINT('Ctrl Pts',(63.7961775309256,-29.3051417745586,4.));
#12593=CARTESIAN_POINT('Ctrl Pts',(63.8078238436849,-29.3007090703984,4.));
#12594=CARTESIAN_POINT('Ctrl Pts',(63.8737538095467,-29.2756154600859,4.));
#12595=CARTESIAN_POINT('Ctrl Pts',(63.9407359259365,-29.2539615878352,4.));
#12596=CARTESIAN_POINT('Ctrl Pts',(64.0085491216907,-29.235928943468,4.));
#12597=CARTESIAN_POINT('Ctrl Pts',(64.0752547454339,-29.2181908207196,4.));
#12598=CARTESIAN_POINT('Ctrl Pts',(64.1427653196175,-29.2039566724878,4.));
#12599=CARTESIAN_POINT('Ctrl Pts',(64.2108578338581,-29.1934473886889,4.));
#12600=CARTESIAN_POINT('Ctrl Pts',(64.2772171814767,-29.1832055989032,4.));
#12601=CARTESIAN_POINT('Ctrl Pts',(64.3441298334634,-29.1765016740653,4.));
#12602=CARTESIAN_POINT('Ctrl Pts',(64.4113671211314,-29.1735840330265,4.));
#12603=CARTESIAN_POINT('Ctrl Pts',(64.4453158776904,-29.1721108878597,4.));
#12604=CARTESIAN_POINT('Ctrl Pts',(64.4793469817156,-29.1716036810927,4.));
#12605=CARTESIAN_POINT('Ctrl Pts',(64.5134280354234,-29.172098534137,4.));
#12606=CARTESIAN_POINT('Ctrl Pts',(66.6910814668673,-30.4321515457853,4.));
#12607=CARTESIAN_POINT('Ctrl Pts',(66.7280930287124,-30.4937714608954,4.));
#12608=CARTESIAN_POINT('Ctrl Pts',(66.7616506290548,-30.5573317866728,4.));
#12609=CARTESIAN_POINT('Ctrl Pts',(66.7916307445132,-30.6224518221292,4.));
#12610=CARTESIAN_POINT('Ctrl Pts',(66.8141158311069,-30.6712918487215,4.));
#12611=CARTESIAN_POINT('Ctrl Pts',(66.8345885466582,-30.7210105909321,4.));
#12612=CARTESIAN_POINT('Ctrl Pts',(66.8529896314527,-30.7714671813192,4.));
#12613=CARTESIAN_POINT('Ctrl Pts',(66.8616970361001,-30.7953432709375,4.));
#12614=CARTESIAN_POINT('Ctrl Pts',(66.8699404487389,-30.8193848031553,4.));
#12615=CARTESIAN_POINT('Ctrl Pts',(66.8777128620116,-30.8435779687102,4.));
#12616=CARTESIAN_POINT('Ctrl Pts',(66.883647491539,-30.8620506707685,4.));
#12617=CARTESIAN_POINT('Ctrl Pts',(66.8893075146824,-30.8806117911263,4.));
#12618=CARTESIAN_POINT('Ctrl Pts',(66.8946895884868,-30.8992554293082,4.));
#12619=CARTESIAN_POINT('Ctrl Pts',(66.8983605121247,-30.9119716005432,4.));
#12620=CARTESIAN_POINT('Ctrl Pts',(66.9019015917442,-30.9247245503134,4.));
#12621=CARTESIAN_POINT('Ctrl Pts',(66.9053095162141,-30.9375030652493,4.));
#12622=CARTESIAN_POINT('Ctrl Pts',(66.924340688871,-31.008863251251,4.));
#12623=CARTESIAN_POINT('Ctrl Pts',(66.9392444966795,-31.081095536348,4.));
#12624=CARTESIAN_POINT('Ctrl Pts',(66.9498890003088,-31.153845461301,4.));
#12625=CARTESIAN_POINT('Ctrl Pts',(66.9540876779013,-31.1825413489057,4.));
#12626=CARTESIAN_POINT('Ctrl Pts',(66.957623362464,-31.2113182696682,4.));
#12627=CARTESIAN_POINT('Ctrl Pts',(66.9604866019922,-31.2401562275743,4.));
#12628=CARTESIAN_POINT('Ctrl Pts',(66.9652261160743,-31.2878916357543,4.));
#12629=CARTESIAN_POINT('Ctrl Pts',(66.9681237056514,-31.3357940431097,4.));
#12630=CARTESIAN_POINT('Ctrl Pts',(66.9692406828009,-31.3837881250087,4.));
#12631=CARTESIAN_POINT('Ctrl Pts',(66.9696686783272,-31.4021781631155,4.));
#12632=CARTESIAN_POINT('Ctrl Pts',(66.9698351426281,-31.4205817145434,4.));
#12633=CARTESIAN_POINT('Ctrl Pts',(66.9697431552812,-31.438994722877,4.));
#12634=CARTESIAN_POINT('Ctrl Pts',(66.9696795588845,-31.4517247452405,4.));
#12635=CARTESIAN_POINT('Ctrl Pts',(66.9694923823383,-31.464456487711,4.));
#12636=CARTESIAN_POINT('Ctrl Pts',(66.969183125625,-31.4771799458983,4.));
#12637=CARTESIAN_POINT('Ctrl Pts',(66.9674067363399,-31.5502642600416,4.));
#12638=CARTESIAN_POINT('Ctrl Pts',(66.9616057333317,-31.6231542007672,4.));
#12639=CARTESIAN_POINT('Ctrl Pts',(66.9520348507811,-31.6955764744895,4.));
#12640=CARTESIAN_POINT('Ctrl Pts',(66.9419474592231,-31.7719071397854,4.));
#12641=CARTESIAN_POINT('Ctrl Pts',(66.9276727518122,-31.8477188770337,4.));
#12642=CARTESIAN_POINT('Ctrl Pts',(66.9094566896202,-31.9227210472612,4.));
#12643=CARTESIAN_POINT('Ctrl Pts',(66.8935176352022,-31.9883479462102,4.));
#12644=CARTESIAN_POINT('Ctrl Pts',(66.874560140511,-32.0533558660383,4.));
#12645=CARTESIAN_POINT('Ctrl Pts',(66.8527156574742,-32.1175608452097,4.));
#12646=CARTESIAN_POINT('Ctrl Pts',(66.8424505851281,-32.1477317929526,4.));
#12647=CARTESIAN_POINT('Ctrl Pts',(66.8315475629997,-32.177725529183,4.));
#12648=CARTESIAN_POINT('Ctrl Pts',(66.8200179090864,-32.2075232360993,4.));
#12649=CARTESIAN_POINT('Ctrl Pts',(66.8128324552279,-32.2260936155525,4.));
#12650=CARTESIAN_POINT('Ctrl Pts',(66.8054035902733,-32.2445878594772,4.));
#12651=CARTESIAN_POINT('Ctrl Pts',(66.7977337675999,-32.2630014052934,4.));
#12652=CARTESIAN_POINT('Ctrl Pts',(66.792521990931,-32.2755137269681,4.));
#12653=CARTESIAN_POINT('Ctrl Pts',(66.7872023116715,-32.2879806444554,4.));
#12654=CARTESIAN_POINT('Ctrl Pts',(66.7817778133197,-32.3003966300772,4.));
#12655=CARTESIAN_POINT('Ctrl Pts',(66.7496047844967,-32.3740365940656,4.));
#12656=CARTESIAN_POINT('Ctrl Pts',(66.7137294179254,-32.4459295355061,4.));
#12657=CARTESIAN_POINT('Ctrl Pts',(66.6744118489919,-32.5157839968793,4.));
#12658=CARTESIAN_POINT('Ctrl Pts',(66.6339289375158,-32.5877088908312,4.));
#12659=CARTESIAN_POINT('Ctrl Pts',(66.5897968256085,-32.6574736323217,4.));
#12660=CARTESIAN_POINT('Ctrl Pts',(66.5422450812522,-32.7247708242524,4.));
#12661=CARTESIAN_POINT('Ctrl Pts',(66.4946601008492,-32.7921150532087,4.));
#12662=CARTESIAN_POINT('Ctrl Pts',(66.4436504673565,-32.8569893716679,4.));
#12663=CARTESIAN_POINT('Ctrl Pts',(66.3893941958587,-32.9190807358804,4.));
#12664=CARTESIAN_POINT('Ctrl Pts',(66.3707413317108,-32.9404272410759,4.));
#12665=CARTESIAN_POINT('Ctrl Pts',(66.3517043033814,-32.9614447022272,4.));
#12666=CARTESIAN_POINT('Ctrl Pts',(66.3322890087663,-32.9821198989075,4.));
#12667=CARTESIAN_POINT('Ctrl Pts',(66.3215770089096,-32.9935270244891,4.));
#12668=CARTESIAN_POINT('Ctrl Pts',(66.3107498508043,-33.0048299569186,4.));
#12669=CARTESIAN_POINT('Ctrl Pts',(66.2998084398188,-33.0160264271061,4.));
#12670=CARTESIAN_POINT('Ctrl Pts',(66.2907853806936,-33.0252598260368,4.));
#12671=CARTESIAN_POINT('Ctrl Pts',(66.2816910592738,-33.0344142190084,4.));
#12672=CARTESIAN_POINT('Ctrl Pts',(66.2725273553644,-33.0434876021406,4.));
#12673=CARTESIAN_POINT('Ctrl Pts',(66.211269655139,-33.1041415243356,4.));
#12674=CARTESIAN_POINT('Ctrl Pts',(66.14690222461,-33.1611893827227,4.));
#12675=CARTESIAN_POINT('Ctrl Pts',(66.0796807974767,-33.2143146626546,4.));
#12676=CARTESIAN_POINT('Ctrl Pts',(66.0629844186912,-33.2275098570242,4.));
#12677=CARTESIAN_POINT('Ctrl Pts',(66.0461117194259,-33.2404630394225,4.));
#12678=CARTESIAN_POINT('Ctrl Pts',(66.0290661289176,-33.2531692870626,4.));
#12679=CARTESIAN_POINT('Ctrl Pts',(65.9627155650672,-33.302628805343,4.));
#12680=CARTESIAN_POINT('Ctrl Pts',(65.8937489184243,-33.3483491143926,4.));
#12681=CARTESIAN_POINT('Ctrl Pts',(65.8225089192268,-33.390381088539,4.));
#12682=CARTESIAN_POINT('Ctrl Pts',(65.7498900625256,-33.4332265958633,4.));
#12683=CARTESIAN_POINT('Ctrl Pts',(65.6749084715654,-33.4722400600864,4.));
#12684=CARTESIAN_POINT('Ctrl Pts',(65.5978846617341,-33.5074417882899,4.));
#12685=CARTESIAN_POINT('Ctrl Pts',(65.5709643721404,-33.5197450062106,4.));
#12686=CARTESIAN_POINT('Ctrl Pts',(65.5437942807934,-33.5315822760202,4.));
#12687=CARTESIAN_POINT('Ctrl Pts',(65.5163870774246,-33.5429533672417,4.));
#12688=CARTESIAN_POINT('Ctrl Pts',(65.5039588452759,-33.5481097693592,4.));
#12689=CARTESIAN_POINT('Ctrl Pts',(65.4914832367397,-33.5531696566662,4.));
#12690=CARTESIAN_POINT('Ctrl Pts',(65.4789729265785,-33.5581286871379,4.));
#12691=CARTESIAN_POINT('Ctrl Pts',(65.3973727193979,-33.5904746408907,4.));
#12692=CARTESIAN_POINT('Ctrl Pts',(65.3141703048785,-33.6185864677977,4.));
#12693=CARTESIAN_POINT('Ctrl Pts',(65.2297592254663,-33.6425369801555,4.));
#12694=CARTESIAN_POINT('Ctrl Pts',(65.1436197887175,-33.6669778907411,4.));
#12695=CARTESIAN_POINT('Ctrl Pts',(65.0562210562132,-33.6870857722062,4.));
#12696=CARTESIAN_POINT('Ctrl Pts',(64.9679384298178,-33.7029020969878,4.));
#12697=CARTESIAN_POINT('Ctrl Pts',(64.8785382181423,-33.7189186434039,4.));
#12698=CARTESIAN_POINT('Ctrl Pts',(64.7882307867186,-33.730534709987,4.));
#12699=CARTESIAN_POINT('Ctrl Pts',(64.6973735299002,-33.7377504245696,4.));
#12700=CARTESIAN_POINT('Ctrl Pts',(64.6440837113276,-33.7419826029828,4.));
#12701=CARTESIAN_POINT('Ctrl Pts',(64.5906041978656,-33.7447001850019,4.));
#12702=CARTESIAN_POINT('Ctrl Pts',(64.5370037787095,-33.7458955804854,4.));
#12703=CARTESIAN_POINT('Ctrl Pts',(64.5164361725544,-33.7463542788294,4.));
#12704=CARTESIAN_POINT('Ctrl Pts',(64.495844611652,-33.7465886732841,4.));
#12705=CARTESIAN_POINT('Ctrl Pts',(64.4752672450451,-33.7465984320986,4.));
#12706=CARTESIAN_POINT('Ctrl Pts',(64.380320880155,-33.7466434604046,4.));
#12707=CARTESIAN_POINT('Ctrl Pts',(64.285569072012,-33.7419146329899,4.));
#12708=CARTESIAN_POINT('Ctrl Pts',(64.191419636528,-33.7324671938826,4.));
#12709=CARTESIAN_POINT('Ctrl Pts',(64.0965083293647,-33.7229433046483,4.));
#12710=CARTESIAN_POINT('Ctrl Pts',(64.0022082434278,-33.7086244838043,4.));
#12711=CARTESIAN_POINT('Ctrl Pts',(63.9089103918469,-33.6895211535388,4.));
#12712=CARTESIAN_POINT('Ctrl Pts',(63.8166649932029,-33.6706333197257,4.));
#12713=CARTESIAN_POINT('Ctrl Pts',(63.7253983403589,-33.6470684992392,4.));
#12714=CARTESIAN_POINT('Ctrl Pts',(63.6354769143239,-33.6187879907816,4.));
#12715=CARTESIAN_POINT('Ctrl Pts',(63.5694313208361,-33.5980164900661,4.));
#12716=CARTESIAN_POINT('Ctrl Pts',(63.5041111198852,-33.5747000666457,4.));
#12717=CARTESIAN_POINT('Ctrl Pts',(63.4396622962927,-33.5488054055463,4.));
#12718=CARTESIAN_POINT('Ctrl Pts',(64.5134280354234,-29.172098534137,4.));
#12719=CARTESIAN_POINT('Ctrl Pts',(63.8933756412392,-29.2975277812414,4.0794199098999));
#12720=CARTESIAN_POINT('Ctrl Pts',(62.7991390860922,-30.214809806634,4.23825972969971));
#12721=CARTESIAN_POINT('Ctrl Pts',(63.0662441844775,-32.3517643661875,4.47651945939943));
#12722=CARTESIAN_POINT('Ctrl Pts',(65.0078988538583,-33.2805526737331,4.71477918909913));
#12723=CARTESIAN_POINT('Ctrl Pts',(66.8403291459582,-32.1545228354313,4.95303891879886));
#12724=CARTESIAN_POINT('Ctrl Pts',(66.8873481093913,-30.0031406067194,5.19129864849856));
#12725=CARTESIAN_POINT('Ctrl Pts',(65.1047059625056,-28.7981960772021,5.42955837819828));
#12726=CARTESIAN_POINT('Ctrl Pts',(63.1259876527569,-29.6430220885185,5.66781810789799));
#12727=CARTESIAN_POINT('Ctrl Pts',(62.763554047333,-31.7639321346184,5.90607783759771));
#12728=CARTESIAN_POINT('Ctrl Pts',(64.3495504517262,-33.2179233723568,6.14433756729741));
#12729=CARTESIAN_POINT('Ctrl Pts',(66.4310366200118,-32.6730982954886,6.38259729699714));
#12730=CARTESIAN_POINT('Ctrl Pts',(67.1012661271487,-30.6285264622011,6.62085702669684));
#12731=CARTESIAN_POINT('Ctrl Pts',(65.7462500624556,-28.9571816799147,6.85911675639656));
#12732=CARTESIAN_POINT('Ctrl Pts',(63.6072788460905,-29.1901189285142,7.09737648609626));
#12733=CARTESIAN_POINT('Ctrl Pts',(62.6437863569532,-31.1139553769234,7.33563621579598));
#12734=CARTESIAN_POINT('Ctrl Pts',(63.738396329054,-32.9663297683827,7.57389594549569));
#12735=CARTESIAN_POINT('Ctrl Pts',(65.8883737150001,-33.0503468445983,7.8121556751954));
#12736=CARTESIAN_POINT('Ctrl Pts',(67.1241991889058,-31.2890411373669,8.05041540489512));
#12737=CARTESIAN_POINT('Ctrl Pts',(66.3137756901589,-29.2958839058007,8.28867513459484));
#12738=CARTESIAN_POINT('Ctrl Pts',(64.1995041992191,-28.8967372414476,8.52693486429454));
#12739=CARTESIAN_POINT('Ctrl Pts',(62.7181954064407,-30.4572457024042,8.76519459399426));
#12740=CARTESIAN_POINT('Ctrl Pts',(63.2268250641405,-32.5478813714017,9.00345432369397));
#12741=CARTESIAN_POINT('Ctrl Pts',(65.2594549290481,-33.2534858707088,9.24171405339369));
#12742=CARTESIAN_POINT('Ctrl Pts',(66.9540637801758,-31.9276784568922,9.4799737830934));
#12743=CARTESIAN_POINT('Ctrl Pts',(66.7582781737404,-29.7849872466298,9.71823351279312));
#12744=CARTESIAN_POINT('Ctrl Pts',(64.8514526718218,-28.7882533693659,9.95649324249282));
#12745=CARTESIAN_POINT('Ctrl Pts',(62.9803595210807,-29.8505584079305,10.1947529721925));
#12746=CARTESIAN_POINT('Ctrl Pts',(62.8590515219946,-31.998744480529,10.4330127018923));
#12747=CARTESIAN_POINT('Ctrl Pts',(64.5986355577987,-33.2649681955743,10.671272431592));
#12748=CARTESIAN_POINT('Ctrl Pts',(66.6055787253521,-32.489212651476,10.9095321612917));
#12749=CARTESIAN_POINT('Ctrl Pts',(67.0413077452577,-30.3822723675706,11.1477918909914));
#12750=CARTESIAN_POINT('Ctrl Pts',(65.5068367286044,-28.873927896928,11.3860516206911));
#12751=CARTESIAN_POINT('Ctrl Pts',(63.4074884129584,-29.3465725060515,11.6243113503908));
#12752=CARTESIAN_POINT('Ctrl Pts',(62.6671334668126,-31.3658839049866,11.8625710800905));
#12753=CARTESIAN_POINT('Ctrl Pts',(63.9624585371288,-33.0848381037863,12.1008308097902));
#12754=CARTESIAN_POINT('Ctrl Pts',(66.1099476592089,-32.9229418600755,12.33909053949));
#12755=CARTESIAN_POINT('Ctrl Pts',(66.7920622962932,-31.6685577185129,12.4979303592898));
#12756=CARTESIAN_POINT('Ctrl Pts',(66.7920622962932,-31.0359460939257,12.5773502691897));
#12757=CARTESIAN_POINT('Ctrl Pts',(64.4473373291988,-28.8453828631601,3.80754991027012));
#12758=CARTESIAN_POINT('Ctrl Pts',(63.7185953413068,-28.9927987262905,3.88696982017003));
#12759=CARTESIAN_POINT('Ctrl Pts',(62.4325489847387,-30.0708720196316,4.04580963996983));
#12760=CARTESIAN_POINT('Ctrl Pts',(62.7464751983929,-32.5824154446235,4.28406936966955));
#12761=CARTESIAN_POINT('Ctrl Pts',(65.0284844234777,-33.6740119676273,4.52232909936926));
#12762=CARTESIAN_POINT('Ctrl Pts',(67.1821232228172,-32.3505992520463,4.76058882906898));
#12763=CARTESIAN_POINT('Ctrl Pts',(67.2373841865716,-29.8220991175863,4.99884855876869));
#12764=CARTESIAN_POINT('Ctrl Pts',(65.1422609453642,-28.4059386769912,5.2371082884684));
#12765=CARTESIAN_POINT('Ctrl Pts',(62.8166911579568,-29.398855070322,5.47536801816811));
#12766=CARTESIAN_POINT('Ctrl Pts',(62.3907262095542,-31.8915415233249,5.71362774786783));
#12767=CARTESIAN_POINT('Ctrl Pts',(64.2547334827585,-33.6004043144461,5.95188747756754));
#12768=CARTESIAN_POINT('Ctrl Pts',(66.70108540765,-32.9600763142733,6.19014720726725));
#12769=CARTESIAN_POINT('Ctrl Pts',(67.48880010395,-30.5571094744497,6.42840693696697));
#12770=CARTESIAN_POINT('Ctrl Pts',(65.8962619412527,-28.5927930222911,6.66666666666668));
#12771=CARTESIAN_POINT('Ctrl Pts',(63.3823483576944,-28.8665620701824,6.90492639636639));
#12772=CARTESIAN_POINT('Ctrl Pts',(62.2499643229924,-31.1276297008257,7.1431861260661));
#12773=CARTESIAN_POINT('Ctrl Pts',(63.5364495531391,-33.3047086203069,7.38144585576582));
#12774=CARTESIAN_POINT('Ctrl Pts',(66.063298588564,-33.4034531324037,7.61970558546553));
#12775=CARTESIAN_POINT('Ctrl Pts',(67.5157531246463,-31.3334064163322,7.85796531516525));
#12776=CARTESIAN_POINT('Ctrl Pts',(66.563269694132,-28.9908666943078,8.09622504486495));
#12777=CARTESIAN_POINT('Ctrl Pts',(64.0783854751491,-28.5217532187864,8.33448477456468));
#12778=CARTESIAN_POINT('Ctrl Pts',(62.337416607911,-30.3558047418936,8.57274450426437));
#12779=CARTESIAN_POINT('Ctrl Pts',(62.9352044583082,-32.812909992471,8.8110042339641));
#12780=CARTESIAN_POINT('Ctrl Pts',(65.3241360103751,-33.6422005980933,9.0492639636638));
#12781=CARTESIAN_POINT('Ctrl Pts',(67.3157945128716,-32.0839910993979,9.28752369336353));
#12782=CARTESIAN_POINT('Ctrl Pts',(67.0856894550205,-29.565705440555,9.52578342306323));
#12783=CARTESIAN_POINT('Ctrl Pts',(64.8446146364004,-28.3942531021243,9.76404315276295));
#12784=CARTESIAN_POINT('Ctrl Pts',(62.6455357279218,-29.6427706351786,10.0023028824627));
#12785=CARTESIAN_POINT('Ctrl Pts',(62.5029635304263,-32.1675143561782,10.2405626121624));
#12786=CARTESIAN_POINT('Ctrl Pts',(64.5474809619331,-33.655695670972,10.4788223418621));
#12787=CARTESIAN_POINT('Ctrl Pts',(66.9062231702159,-32.7439571749563,10.7170820715618));
#12788=CARTESIAN_POINT('Ctrl Pts',(67.4183315583562,-30.2676892574958,10.9553418012615));
#12789=CARTESIAN_POINT('Ctrl Pts',(65.61488160876,-28.4949456018436,11.1936015309612));
#12790=CARTESIAN_POINT('Ctrl Pts',(63.1475364631381,-29.050440549125,11.4318612606609));
#12791=CARTESIAN_POINT('Ctrl Pts',(62.2774039706899,-31.4237190282268,11.6701209903607));
#12792=CARTESIAN_POINT('Ctrl Pts',(63.7997878459277,-33.4439903983209,11.9083807200604));
#12793=CARTESIAN_POINT('Ctrl Pts',(66.3237124472673,-33.2537152029008,12.1466404497601));
#12794=CARTESIAN_POINT('Ctrl Pts',(67.1253956296265,-31.7794488320641,12.3054802695599));
#12795=CARTESIAN_POINT('Ctrl Pts',(67.1253956296265,-31.0359460939257,12.3849001794598));
#12796=CARTESIAN_POINT('Ctrl Pts',(64.3812466229743,-28.5186671921833,3.61509982054025));
#12797=CARTESIAN_POINT('Ctrl Pts',(63.5438150413745,-28.6880696713395,3.69451973044015));
#12798=CARTESIAN_POINT('Ctrl Pts',(62.0659588833853,-29.9269342326291,3.85335955023996));
#12799=CARTESIAN_POINT('Ctrl Pts',(62.4267062123083,-32.8130665230595,4.09161927993967));
#12800=CARTESIAN_POINT('Ctrl Pts',(65.0490699930972,-34.0674712615214,4.32987900963939));
#12801=CARTESIAN_POINT('Ctrl Pts',(67.5239172996761,-32.5466756686614,4.5681387393391));
#12802=CARTESIAN_POINT('Ctrl Pts',(67.587420263752,-29.6410576284533,4.80639846903881));
#12803=CARTESIAN_POINT('Ctrl Pts',(65.1798159282229,-28.0136812767802,5.04465819873852));
#12804=CARTESIAN_POINT('Ctrl Pts',(62.5073946631566,-29.1546880521256,5.28291792843824));
#12805=CARTESIAN_POINT('Ctrl Pts',(62.0178983717754,-32.0191509120314,5.52117765813795));
#12806=CARTESIAN_POINT('Ctrl Pts',(64.1599165137908,-33.9828852565355,5.75943738783767));
#12807=CARTESIAN_POINT('Ctrl Pts',(66.9711341952881,-33.247054333058,5.99769711753738));
#12808=CARTESIAN_POINT('Ctrl Pts',(67.8763340807512,-30.4856924866982,6.23595684723709));
#12809=CARTESIAN_POINT('Ctrl Pts',(66.04627382005,-28.2284043646676,6.4742165769368));
#12810=CARTESIAN_POINT('Ctrl Pts',(63.1574178692982,-28.5430052118506,6.71247630663652));
#12811=CARTESIAN_POINT('Ctrl Pts',(61.8561422890315,-31.141304024728,6.95073603633622));
#12812=CARTESIAN_POINT('Ctrl Pts',(63.3345027772242,-33.643087472231,7.18899576603595));
#12813=CARTESIAN_POINT('Ctrl Pts',(66.2382234621279,-33.7565594202093,7.42725549573565));
#12814=CARTESIAN_POINT('Ctrl Pts',(67.9073070603868,-31.3777716952974,7.66551522543538));
#12815=CARTESIAN_POINT('Ctrl Pts',(66.812763698105,-28.6858494828149,7.90377495513508));
#12816=CARTESIAN_POINT('Ctrl Pts',(63.9572667510793,-28.146769196125,8.1420346848348));
#12817=CARTESIAN_POINT('Ctrl Pts',(61.9566378093812,-30.2543637813829,8.3802944145345));
#12818=CARTESIAN_POINT('Ctrl Pts',(62.6435838524758,-33.0779386135403,8.61855414423422));
#12819=CARTESIAN_POINT('Ctrl Pts',(65.3888170917022,-34.0309153254778,8.85681387393394));
#12820=CARTESIAN_POINT('Ctrl Pts',(67.6775252455673,-32.2403037419036,9.09507360363365));
#12821=CARTESIAN_POINT('Ctrl Pts',(67.4131007363008,-29.3464236344801,9.33333333333336));
#12822=CARTESIAN_POINT('Ctrl Pts',(64.8377766009791,-28.0002528348827,9.57159306303307));
#12823=CARTESIAN_POINT('Ctrl Pts',(62.3107119347631,-29.4349828624267,9.80985279273279));
#12824=CARTESIAN_POINT('Ctrl Pts',(62.146875538858,-32.3362842318273,10.0481125224325));
#12825=CARTESIAN_POINT('Ctrl Pts',(64.4963263660675,-34.0464231463697,10.2863722521322));
#12826=CARTESIAN_POINT('Ctrl Pts',(67.2068676150796,-32.9987016984365,10.5246319818319));
#12827=CARTESIAN_POINT('Ctrl Pts',(67.7953553714548,-30.1531061474209,10.7628917115316));
#12828=CARTESIAN_POINT('Ctrl Pts',(65.7229264889154,-28.1159633067592,11.0011514412314));
#12829=CARTESIAN_POINT('Ctrl Pts',(62.8875845133178,-28.7543085921986,11.2394111709311));
#12830=CARTESIAN_POINT('Ctrl Pts',(61.8876744745671,-31.4815541514671,11.4776709006308));
#12831=CARTESIAN_POINT('Ctrl Pts',(63.6371171547266,-33.8031426928555,11.7159306303305));
#12832=CARTESIAN_POINT('Ctrl Pts',(66.5374772353257,-33.5844885457261,11.9541903600302));
#12833=CARTESIAN_POINT('Ctrl Pts',(67.4587289629598,-31.8903399456154,12.11303017983));
#12834=CARTESIAN_POINT('Ctrl Pts',(67.4587289629599,-31.0359460939257,12.1924500897299));
#12835=CARTESIAN_POINT('Ctrl Pts',(64.3151559167498,-28.1919515212064,3.42264973081037));
#12836=CARTESIAN_POINT('Ctrl Pts',(63.3690347414421,-28.3833406163885,3.50206964071028));
#12837=CARTESIAN_POINT('Ctrl Pts',(61.6993687820318,-29.7829964456266,3.66090946051008));
#12838=CARTESIAN_POINT('Ctrl Pts',(62.1069372262237,-33.0437176014955,3.8991691902098));
#12839=CARTESIAN_POINT('Ctrl Pts',(65.0696555627166,-34.4609305554156,4.13742891990951));
#12840=CARTESIAN_POINT('Ctrl Pts',(67.8657113765351,-32.7427520852764,4.37568864960923));
#12841=CARTESIAN_POINT('Ctrl Pts',(67.9374563409322,-29.4600161393202,4.61394837930894));
#12842=CARTESIAN_POINT('Ctrl Pts',(65.2173709110816,-27.6214238765692,4.85220810900865));
#12843=CARTESIAN_POINT('Ctrl Pts',(62.1980981683564,-28.9105210339291,5.09046783870836));
#12844=CARTESIAN_POINT('Ctrl Pts',(61.6450705339967,-32.1467603007379,5.32872756840808));
#12845=CARTESIAN_POINT('Ctrl Pts',(64.0650995448231,-34.3653661986248,5.56698729810779));
#12846=CARTESIAN_POINT('Ctrl Pts',(67.2411829829264,-33.5340323518427,5.80524702780751));
#12847=CARTESIAN_POINT('Ctrl Pts',(68.2638680575524,-30.4142754989468,6.04350675750721));
#12848=CARTESIAN_POINT('Ctrl Pts',(66.1962856988472,-27.864015707044,6.28176648720693));
#12849=CARTESIAN_POINT('Ctrl Pts',(62.932487380902,-28.2194483535188,6.52002621690664));
#12850=CARTESIAN_POINT('Ctrl Pts',(61.4623202550707,-31.1549783486303,6.75828594660635));
#12851=CARTESIAN_POINT('Ctrl Pts',(63.1325560013093,-33.9814663241552,6.99654567630607));
#12852=CARTESIAN_POINT('Ctrl Pts',(66.4131483356918,-34.1096657080147,7.23480540600578));
#12853=CARTESIAN_POINT('Ctrl Pts',(68.2988609961273,-31.4221369742627,7.47306513570549));
#12854=CARTESIAN_POINT('Ctrl Pts',(67.0622577020782,-28.380832271322,7.71132486540521));
#12855=CARTESIAN_POINT('Ctrl Pts',(63.8361480270093,-27.7717851734638,7.94958459510492));
#12856=CARTESIAN_POINT('Ctrl Pts',(61.5758590108515,-30.1529228208722,8.18784432480463));
#12857=CARTESIAN_POINT('Ctrl Pts',(62.3519632466434,-33.3429672346096,8.42610405450435));
#12858=CARTESIAN_POINT('Ctrl Pts',(65.4534981730294,-34.4196300528623,8.66436378420406));
#12859=CARTESIAN_POINT('Ctrl Pts',(68.0392559782631,-32.3966163844093,8.90262351390378));
#12860=CARTESIAN_POINT('Ctrl Pts',(67.7405120175809,-29.1271418284053,9.14088324360348));
#12861=CARTESIAN_POINT('Ctrl Pts',(64.8309385655578,-27.6062525676411,9.3791429733032));
#12862=CARTESIAN_POINT('Ctrl Pts',(61.9758881416042,-29.2271950896748,9.61740270300291));
#12863=CARTESIAN_POINT('Ctrl Pts',(61.7907875472897,-32.5050541074765,9.85566243270263));
#12864=CARTESIAN_POINT('Ctrl Pts',(64.4451717702018,-34.4371506217673,10.0939221624023));
#12865=CARTESIAN_POINT('Ctrl Pts',(67.5075120599435,-33.2534462219168,10.332181892102));
#12866=CARTESIAN_POINT('Ctrl Pts',(68.1723791845533,-30.0385230373461,10.5704416218018));
#12867=CARTESIAN_POINT('Ctrl Pts',(65.830971369071,-27.7369810116747,10.8087013515015));
#12868=CARTESIAN_POINT('Ctrl Pts',(62.6276325634975,-28.4581766352721,11.0469610812012));
#12869=CARTESIAN_POINT('Ctrl Pts',(61.4979449784444,-31.5393892747073,11.2852208109009));
#12870=CARTESIAN_POINT('Ctrl Pts',(63.4744464635254,-34.16229498739,11.5234805406006));
#12871=CARTESIAN_POINT('Ctrl Pts',(66.7512420233841,-33.9152618885514,11.7617402703003));
#12872=CARTESIAN_POINT('Ctrl Pts',(67.7920622962932,-32.0012310591666,11.9205800901001));
#12873=CARTESIAN_POINT('Ctrl Pts',(67.7920622962932,-31.0359460939257,12.));
#12874=CARTESIAN_POINT('Ctrl Pts',(66.7894415860124,-31.0368542490837,9.57735026918967));
#12875=CARTESIAN_POINT('Ctrl Pts',(66.7878231432975,-30.6615401681341,9.62431135039082));
#12876=CARTESIAN_POINT('Ctrl Pts',(66.4985056876253,-29.6491992382193,9.75069234149187));
#12877=CARTESIAN_POINT('Ctrl Pts',(64.8514526718218,-28.7882533693659,9.95649324249282));
#12878=CARTESIAN_POINT('Ctrl Pts',(62.9803595210807,-29.8505584079305,10.1947529721925));
#12879=CARTESIAN_POINT('Ctrl Pts',(62.8590515219946,-31.998744480529,10.4330127018923));
#12880=CARTESIAN_POINT('Ctrl Pts',(64.5986355577987,-33.2649681955743,10.671272431592));
#12881=CARTESIAN_POINT('Ctrl Pts',(66.4077941035523,-32.5656635043846,10.8860516206911));
#12882=CARTESIAN_POINT('Ctrl Pts',(66.7872926114636,-31.4804715308714,11.0214108998903));
#12883=CARTESIAN_POINT('Ctrl Pts',(66.7909745302898,-31.0343184623988,11.0773502691897));
#12884=CARTESIAN_POINT('',(67.7920622962932,-31.0359460939257,12.));
#12885=CARTESIAN_POINT('Ctrl Pts',(67.7920622962932,-31.0359460939257,12.));
#12886=CARTESIAN_POINT('Ctrl Pts',(67.7788066436662,-31.1289640171817,12.));
#12887=CARTESIAN_POINT('Ctrl Pts',(67.7606695717575,-31.2210046313499,12.));
#12888=CARTESIAN_POINT('Ctrl Pts',(67.737896872495,-31.311793541528,12.));
#12889=CARTESIAN_POINT('Ctrl Pts',(67.7147434756363,-31.4041001953635,12.));
#12890=CARTESIAN_POINT('Ctrl Pts',(67.6867975335914,-31.4951137633877,12.));
#12891=CARTESIAN_POINT('Ctrl Pts',(67.6542715140132,-31.5845187841301,12.));
#12892=CARTESIAN_POINT('Ctrl Pts',(67.6235399629421,-31.6689913078692,12.));
#12893=CARTESIAN_POINT('Ctrl Pts',(67.5887188624367,-31.7520281676358,12.));
#12894=CARTESIAN_POINT('Ctrl Pts',(67.5499587054417,-31.8333319356934,12.));
#12895=CARTESIAN_POINT('Ctrl Pts',(67.5152617279758,-31.9061127298622,12.));
#12896=CARTESIAN_POINT('Ctrl Pts',(67.4774076176982,-31.9775045910197,12.));
#12897=CARTESIAN_POINT('Ctrl Pts',(67.4364910434871,-32.0472680738472,12.));
#12898=CARTESIAN_POINT('Ctrl Pts',(67.4294983059699,-32.0591908150126,12.));
#12899=CARTESIAN_POINT('Ctrl Pts',(67.4224166145158,-32.0710649312966,12.));
#12900=CARTESIAN_POINT('Ctrl Pts',(67.4152530269378,-32.082878688219,12.));
#12901=CARTESIAN_POINT('Ctrl Pts',(67.3678088961856,-32.1611206894507,12.));
#12902=CARTESIAN_POINT('Ctrl Pts',(67.3167014048495,-32.2368453549155,12.));
#12903=CARTESIAN_POINT('Ctrl Pts',(67.26212750687,-32.3097675474707,12.));
#12904=CARTESIAN_POINT('Ctrl Pts',(67.208148508629,-32.3818948289992,12.));
#12905=CARTESIAN_POINT('Ctrl Pts',(67.1507774929344,-32.4512809319882,12.));
#12906=CARTESIAN_POINT('Ctrl Pts',(67.090178282757,-32.5176070422777,12.));
#12907=CARTESIAN_POINT('Ctrl Pts',(67.0306717876526,-32.5827371709657,12.));
#12908=CARTESIAN_POINT('Ctrl Pts',(66.9680517699402,-32.6449170412459,12.));
#12909=CARTESIAN_POINT('Ctrl Pts',(66.9024582463153,-32.7037966364598,12.));
#12910=CARTESIAN_POINT('Ctrl Pts',(66.8758769066269,-32.7276572012626,12.));
#12911=CARTESIAN_POINT('Ctrl Pts',(66.8488071340063,-32.7509751992183,12.));
#12912=CARTESIAN_POINT('Ctrl Pts',(66.8212579139231,-32.7737248199593,12.));
#12913=CARTESIAN_POINT('Ctrl Pts',(66.8023911512507,-32.7893046328946,12.));
#12914=CARTESIAN_POINT('Ctrl Pts',(66.7832995229758,-32.80461784401,12.));
#12915=CARTESIAN_POINT('Ctrl Pts',(66.763985900921,-32.8196557426376,12.));
#12916=CARTESIAN_POINT('Ctrl Pts',(66.7543778720083,-32.8271367094075,12.));
#12917=CARTESIAN_POINT('Ctrl Pts',(66.7447163542301,-32.8345483512317,12.));
#12918=CARTESIAN_POINT('Ctrl Pts',(66.7350090997383,-32.8418842393302,12.));
#12919=CARTESIAN_POINT('Ctrl Pts',(66.6671772671526,-32.8931455649482,12.));
#12920=CARTESIAN_POINT('Ctrl Pts',(66.5970134134782,-32.9407903075671,12.));
#12921=CARTESIAN_POINT('Ctrl Pts',(66.5246650525431,-32.9845431852327,12.));
#12922=CARTESIAN_POINT('Ctrl Pts',(66.4538892015713,-33.027345083012,12.));
#12923=CARTESIAN_POINT('Ctrl Pts',(66.3810221266807,-33.0664226779366,12.));
#12924=CARTESIAN_POINT('Ctrl Pts',(66.3061919971397,-33.1014693991489,12.));
#12925=CARTESIAN_POINT('Ctrl Pts',(66.2847325724462,-33.1115199293193,12.));
#12926=CARTESIAN_POINT('Ctrl Pts',(66.2631116753671,-33.121238636439,12.));
#12927=CARTESIAN_POINT('Ctrl Pts',(66.2413322851516,-33.1306174900649,12.));
#12928=CARTESIAN_POINT('Ctrl Pts',(66.1626469356511,-33.1645017433966,12.));
#12929=CARTESIAN_POINT('Ctrl Pts',(66.0818913607362,-33.1939536791223,12.));
#12930=CARTESIAN_POINT('Ctrl Pts',(65.999463243943,-33.2189217228125,12.));
#12931=CARTESIAN_POINT('Ctrl Pts',(65.9723973066634,-33.2271201814308,12.));
#12932=CARTESIAN_POINT('Ctrl Pts',(65.9451511988256,-33.2348348061302,12.));
#12933=CARTESIAN_POINT('Ctrl Pts',(65.9177395761043,-33.242062667935,12.));
#12934=CARTESIAN_POINT('Ctrl Pts',(65.9038370356309,-33.2457284721195,12.));
#12935=CARTESIAN_POINT('Ctrl Pts',(65.8898906609324,-33.2492692801224,12.));
#12936=CARTESIAN_POINT('Ctrl Pts',(65.8759197176544,-33.2526806923719,12.));
#12937=CARTESIAN_POINT('Ctrl Pts',(65.7956480368133,-33.2722813585442,12.));
#12938=CARTESIAN_POINT('Ctrl Pts',(65.7144348676226,-33.2876501565599,12.));
#12939=CARTESIAN_POINT('Ctrl Pts',(65.6326375117074,-33.2988115219785,12.));
#12940=CARTESIAN_POINT('Ctrl Pts',(65.5515105862366,-33.3098814062106,12.));
#12941=CARTESIAN_POINT('Ctrl Pts',(65.469807962062,-33.3168121592753,12.));
#12942=CARTESIAN_POINT('Ctrl Pts',(65.3878925959984,-33.3195790428659,12.));
#12943=CARTESIAN_POINT('Ctrl Pts',(65.3077052868129,-33.3222875572829,12.));
#12944=CARTESIAN_POINT('Ctrl Pts',(65.2273132865558,-33.3210055729701,12.));
#12945=CARTESIAN_POINT('Ctrl Pts',(65.1470846010356,-33.3156694722149,12.));
#12946=CARTESIAN_POINT('Ctrl Pts',(65.1157140112342,-33.3135829787513,12.));
#12947=CARTESIAN_POINT('Ctrl Pts',(65.0843687584262,-33.3108762347587,12.));
#12948=CARTESIAN_POINT('Ctrl Pts',(65.053072429733,-33.3075439338331,12.));
#12949=CARTESIAN_POINT('Ctrl Pts',(65.0375250683006,-33.3058885164389,12.));
#12950=CARTESIAN_POINT('Ctrl Pts',(65.0219897962331,-33.3040787056997,12.));
#12951=CARTESIAN_POINT('Ctrl Pts',(65.0064696012806,-33.3021137789882,12.));
#12952=CARTESIAN_POINT('Ctrl Pts',(64.9927914038314,-33.3003820574722,12.));
#12953=CARTESIAN_POINT('Ctrl Pts',(64.9791324055704,-33.298530762535,12.));
#12954=CARTESIAN_POINT('Ctrl Pts',(64.9655011347486,-33.2965608208748,12.));
#12955=CARTESIAN_POINT('Ctrl Pts',(64.8884650900996,-33.2854278520064,12.));
#12956=CARTESIAN_POINT('Ctrl Pts',(64.8122439196329,-33.2705004021202,12.));
#12957=CARTESIAN_POINT('Ctrl Pts',(64.7371598289906,-33.2517648455306,12.));
#12958=CARTESIAN_POINT('Ctrl Pts',(64.6641496821201,-33.2335467952539,12.));
#12959=CARTESIAN_POINT('Ctrl Pts',(64.5922140200591,-33.2117275769303,12.));
#12960=CARTESIAN_POINT('Ctrl Pts',(64.5216815175021,-33.1862582454456,12.));
#12961=CARTESIAN_POINT('Ctrl Pts',(64.452529195343,-33.1612872979794,12.));
#12962=CARTESIAN_POINT('Ctrl Pts',(64.3847251297265,-33.1328072513247,12.));
#12963=CARTESIAN_POINT('Ctrl Pts',(64.3186192716532,-33.1007434353254,12.));
#12964=CARTESIAN_POINT('Ctrl Pts',(64.2904248969348,-33.0870681080618,12.));
#12965=CARTESIAN_POINT('Ctrl Pts',(64.2625399853555,-33.0727405540375,12.));
#12966=CARTESIAN_POINT('Ctrl Pts',(64.2349943181668,-33.0577536567768,12.));
#12967=CARTESIAN_POINT('Ctrl Pts',(64.2169289506176,-33.0479247495449,12.));
#12968=CARTESIAN_POINT('Ctrl Pts',(64.1990042228854,-33.0378089377418,12.));
#12969=CARTESIAN_POINT('Ctrl Pts',(64.1812581056156,-33.0274216852234,12.));
#12970=CARTESIAN_POINT('Ctrl Pts',(64.1301026056423,-32.9974790736733,12.));
#12971=CARTESIAN_POINT('Ctrl Pts',(64.0803909433333,-32.9652626777387,12.));
#12972=CARTESIAN_POINT('Ctrl Pts',(64.0323013331141,-32.9307447632125,12.));
#12973=CARTESIAN_POINT('Ctrl Pts',(63.9744750641535,-32.8892380385738,12.));
#12974=CARTESIAN_POINT('Ctrl Pts',(63.9189930266034,-32.8444026581211,12.));
#12975=CARTESIAN_POINT('Ctrl Pts',(63.8660550323063,-32.7965054868298,12.));
#12976=CARTESIAN_POINT('Ctrl Pts',(63.8428059686974,-32.7754702285654,12.));
#12977=CARTESIAN_POINT('Ctrl Pts',(63.8200481690318,-32.7538443223445,12.));
#12978=CARTESIAN_POINT('Ctrl Pts',(63.7978013723987,-32.7316502265341,12.));
#12979=CARTESIAN_POINT('Ctrl Pts',(63.7835036200767,-32.7173863444057,12.));
#12980=CARTESIAN_POINT('Ctrl Pts',(63.7694138155371,-32.7028841944863,12.));
#12981=CARTESIAN_POINT('Ctrl Pts',(63.7555573825488,-32.6881714888394,12.));
#12982=CARTESIAN_POINT('Ctrl Pts',(63.7068526086921,-32.6364569529299,12.));
#12983=CARTESIAN_POINT('Ctrl Pts',(63.6609806475573,-32.5820977790925,12.));
#12984=CARTESIAN_POINT('Ctrl Pts',(63.6181338060983,-32.525376758256,12.));
#12985=CARTESIAN_POINT('Ctrl Pts',(63.5761974659178,-32.4698610669194,12.));
#12986=CARTESIAN_POINT('Ctrl Pts',(63.5371590418647,-32.4120817647616,12.));
#12987=CARTESIAN_POINT('Ctrl Pts',(63.501248226982,-32.3523069371753,12.));
#12988=CARTESIAN_POINT('Ctrl Pts',(63.4895824607053,-32.3328888546248,12.));
#12989=CARTESIAN_POINT('Ctrl Pts',(63.4782471458975,-32.3132602743557,12.));
#12990=CARTESIAN_POINT('Ctrl Pts',(63.467251306798,-32.2934307381046,12.));
#12991=CARTESIAN_POINT('Ctrl Pts',(63.4403691423019,-33.5449086874957,4.));
#12992=CARTESIAN_POINT('Ctrl Pts',(63.9254109797524,-33.8223729270555,4.04580963996984));
#12993=CARTESIAN_POINT('Ctrl Pts',(65.4640830673579,-34.2185545473416,4.17103918983958));
#12994=CARTESIAN_POINT('Ctrl Pts',(67.8657113765351,-32.7427520852764,4.37568864960923));
#12995=CARTESIAN_POINT('Ctrl Pts',(67.9374563409322,-29.4600161393202,4.61394837930894));
#12996=CARTESIAN_POINT('Ctrl Pts',(65.2173709110816,-27.6214238765692,4.85220810900865));
#12997=CARTESIAN_POINT('Ctrl Pts',(62.1980981683564,-28.9105210339291,5.09046783870836));
#12998=CARTESIAN_POINT('Ctrl Pts',(61.6450705339967,-32.1467603007379,5.32872756840808));
#12999=CARTESIAN_POINT('Ctrl Pts',(64.0650995448231,-34.3653661986248,5.56698729810779));
#13000=CARTESIAN_POINT('Ctrl Pts',(67.2411829829264,-33.5340323518427,5.80524702780751));
#13001=CARTESIAN_POINT('Ctrl Pts',(68.2638680575524,-30.4142754989468,6.04350675750721));
#13002=CARTESIAN_POINT('Ctrl Pts',(66.1962856988472,-27.864015707044,6.28176648720693));
#13003=CARTESIAN_POINT('Ctrl Pts',(62.932487380902,-28.2194483535188,6.52002621690664));
#13004=CARTESIAN_POINT('Ctrl Pts',(61.4623202550707,-31.1549783486303,6.75828594660635));
#13005=CARTESIAN_POINT('Ctrl Pts',(63.1325560013093,-33.9814663241552,6.99654567630607));
#13006=CARTESIAN_POINT('Ctrl Pts',(66.4131483356918,-34.1096657080147,7.23480540600578));
#13007=CARTESIAN_POINT('Ctrl Pts',(68.2988609961273,-31.4221369742627,7.47306513570549));
#13008=CARTESIAN_POINT('Ctrl Pts',(67.0622577020782,-28.380832271322,7.71132486540521));
#13009=CARTESIAN_POINT('Ctrl Pts',(63.8361480270093,-27.7717851734638,7.94958459510492));
#13010=CARTESIAN_POINT('Ctrl Pts',(61.5758590108515,-30.1529228208722,8.18784432480463));
#13011=CARTESIAN_POINT('Ctrl Pts',(62.3519632466434,-33.3429672346096,8.42610405450435));
#13012=CARTESIAN_POINT('Ctrl Pts',(65.4534981730294,-34.4196300528623,8.66436378420406));
#13013=CARTESIAN_POINT('Ctrl Pts',(68.0392559782631,-32.3966163844093,8.90262351390378));
#13014=CARTESIAN_POINT('Ctrl Pts',(67.7405120175809,-29.1271418284053,9.14088324360348));
#13015=CARTESIAN_POINT('Ctrl Pts',(64.8309385655578,-27.6062525676411,9.3791429733032));
#13016=CARTESIAN_POINT('Ctrl Pts',(61.9758881416042,-29.2271950896748,9.61740270300291));
#13017=CARTESIAN_POINT('Ctrl Pts',(61.7907875472897,-32.5050541074765,9.85566243270263));
#13018=CARTESIAN_POINT('Ctrl Pts',(64.4451717702018,-34.4371506217673,10.0939221624023));
#13019=CARTESIAN_POINT('Ctrl Pts',(67.5075120599435,-33.2534462219168,10.332181892102));
#13020=CARTESIAN_POINT('Ctrl Pts',(68.1723791845533,-30.0385230373461,10.5704416218018));
#13021=CARTESIAN_POINT('Ctrl Pts',(65.830971369071,-27.7369810116747,10.8087013515015));
#13022=CARTESIAN_POINT('Ctrl Pts',(62.6276325634975,-28.4581766352721,11.0469610812012));
#13023=CARTESIAN_POINT('Ctrl Pts',(61.4979449784444,-31.5393892747073,11.2852208109009));
#13024=CARTESIAN_POINT('Ctrl Pts',(63.4744464635254,-34.16229498739,11.5234805406006));
#13025=CARTESIAN_POINT('Ctrl Pts',(66.7512420233841,-33.9152618885514,11.7617402703003));
#13026=CARTESIAN_POINT('Ctrl Pts',(67.7920622962932,-32.0012310591666,11.9205800901001));
#13027=CARTESIAN_POINT('Ctrl Pts',(67.7920622962932,-31.0359460939257,12.));
#13028=CARTESIAN_POINT('Origin',(64.8904622962932,-31.0359460939257,12.));
#13029=CARTESIAN_POINT('Ctrl Pts',(66.7912410349866,-31.0376359803814,9.92264973081041));
#13030=CARTESIAN_POINT('Ctrl Pts',(66.7873424772162,-30.5824502662187,9.97974054134106));
#13031=CARTESIAN_POINT('Ctrl Pts',(66.3952509856903,-29.4880150754667,10.1162512617716));
#13032=CARTESIAN_POINT('Ctrl Pts',(64.5663920434783,-28.8114041804341,10.332181892102));
#13033=CARTESIAN_POINT('Ctrl Pts',(62.845392047551,-30.1026115218731,10.5704416218018));
#13034=CARTESIAN_POINT('Ctrl Pts',(62.9975835828884,-32.2488972231374,10.8087013515015));
#13035=CARTESIAN_POINT('Ctrl Pts',(64.8842447077954,-33.2838687239463,11.0469610812012));
#13036=CARTESIAN_POINT('Ctrl Pts',(66.5088208355233,-32.4043919210198,11.2516105409708));
#13037=CARTESIAN_POINT('Ctrl Pts',(66.7881577346513,-31.4012808742464,11.3768400908406));
#13038=CARTESIAN_POINT('Ctrl Pts',(66.7896190794281,-31.0350703795345,11.4226497308104));
#13039=CARTESIAN_POINT('Ctrl Pts',(63.4396622962927,-33.5488054055463,4.));
#13040=CARTESIAN_POINT('Ctrl Pts',(64.2756235980824,-34.0314478881669,4.0794199098999));
#13041=CARTESIAN_POINT('Ctrl Pts',(66.4536334384291,-34.0870859990113,4.23825972969971));
#13042=CARTESIAN_POINT('Ctrl Pts',(68.3059677354067,-31.3728150046344,4.47651945939942));
#13043=CARTESIAN_POINT('Ctrl Pts',(67.0227156650994,-28.3496613685488,4.71477918909914));
#13044=CARTESIAN_POINT('Ctrl Pts',(63.7894632553346,-27.7873933015654,4.95303891879885));
#13045=CARTESIAN_POINT('Ctrl Pts',(61.5632201520997,-30.2009682672396,5.19129864849857));
#13046=CARTESIAN_POINT('Ctrl Pts',(62.3857100792871,-33.3794580208388,5.42955837819827));
#13047=CARTESIAN_POINT('Ctrl Pts',(65.5023488796169,-34.4111278016968,5.66781810789799));
#13048=CARTESIAN_POINT('Ctrl Pts',(68.0586371444464,-32.3509154792603,5.9060778375977));
#13049=CARTESIAN_POINT('Ctrl Pts',(67.7125845921845,-29.0861029834565,6.14433756729742));
#13050=CARTESIAN_POINT('Ctrl Pts',(64.7813250512206,-27.6074752623949,6.38259729699713));
#13051=CARTESIAN_POINT('Ctrl Pts',(61.9500223808031,-29.2695502312057,6.62085702669685));
#13052=CARTESIAN_POINT('Ctrl Pts',(61.8123643870209,-32.5497594531613,6.85911675639655));
#13053=CARTESIAN_POINT('Ctrl Pts',(64.4944404850729,-34.4432166292245,7.09737648609627));
#13054=CARTESIAN_POINT('Ctrl Pts',(67.5393006792487,-33.2153914908457,7.33563621579598));
#13055=CARTESIAN_POINT('Ctrl Pts',(68.1576508034283,-29.9910519782357,7.57389594549569));
#13056=CARTESIAN_POINT('Ctrl Pts',(65.7830433707905,-27.7239037404634,7.81215567519541));
#13057=CARTESIAN_POINT('Ctrl Pts',(62.5907731043817,-28.4908026404477,8.05041540489512));
#13058=CARTESIAN_POINT('Ctrl Pts',(61.5051685032808,-31.5892191872639,8.28867513459483));
#13059=CARTESIAN_POINT('Ctrl Pts',(63.5207140312357,-34.1808014592085,8.52693486429455));
#13060=CARTESIAN_POINT('Ctrl Pts',(66.7910385856585,-33.8914907519517,8.76519459399426));
#13061=CARTESIAN_POINT('Ctrl Pts',(68.3203108612893,-30.9863146990833,9.00345432369398));
#13062=CARTESIAN_POINT('Ctrl Pts',(66.7076183107075,-28.1266040658286,9.24171405339368));
#13063=CARTESIAN_POINT('Ctrl Pts',(63.4302911311943,-27.9320411430145,9.4799737830934));
#13064=CARTESIAN_POINT('Ctrl Pts',(61.4905782304582,-30.5808571305919,9.71823351279311));
#13065=CARTESIAN_POINT('Ctrl Pts',(62.665376842504,-33.6465659367556,9.95649324249282));
#13066=CARTESIAN_POINT('Ctrl Pts',(65.8785081321083,-34.3207731224383,10.1947529721925));
#13067=CARTESIAN_POINT('Ctrl Pts',(68.1865061332553,-31.9858710558229,10.4330127018922));
#13068=CARTESIAN_POINT('Ctrl Pts',(67.4751515475509,-28.7807614391199,10.671272431592));
#13069=CARTESIAN_POINT('Ctrl Pts',(64.3959722639164,-27.6415777639998,10.9095321612917));
#13070=CARTESIAN_POINT('Ctrl Pts',(61.7699449247375,-29.611796117975,11.1477918909914));
#13071=CARTESIAN_POINT('Ctrl Pts',(62.0021698715902,-32.8867554105647,11.3860516206911));
#13072=CARTESIAN_POINT('Ctrl Pts',(64.8809750461957,-34.4659904267338,11.6243113503908));
#13073=CARTESIAN_POINT('Ctrl Pts',(67.7669893769191,-32.9036243341491,11.8625710800905));
#13074=CARTESIAN_POINT('Ctrl Pts',(68.0210058769617,-29.6292282980791,12.1008308097902));
#13075=CARTESIAN_POINT('Ctrl Pts',(65.4009233518028,-27.645903579322,12.33909053949));
#13076=CARTESIAN_POINT('Ctrl Pts',(63.3539523439543,-28.3920484426382,12.4979303592898));
#13077=CARTESIAN_POINT('Ctrl Pts',(62.7151439378653,-29.1157188679217,12.5773502691897));
#13078=CARTESIAN_POINT('Ctrl Pts',(63.6063289629595,-33.2601302709516,3.80754991027012));
#13079=CARTESIAN_POINT('Ctrl Pts',(64.3462557433598,-33.6873271967965,3.88696982017003));
#13080=CARTESIAN_POINT('Ctrl Pts',(66.2740576707911,-33.7365736489188,4.04580963996984));
#13081=CARTESIAN_POINT('Ctrl Pts',(67.9135973835188,-31.3341157914751,4.28406936966955));
#13082=CARTESIAN_POINT('Ctrl Pts',(66.7777642166105,-28.6582594667678,4.52232909936926));
#13083=CARTESIAN_POINT('Ctrl Pts',(63.9159450861588,-28.160584275782,4.76058882906898));
#13084=CARTESIAN_POINT('Ctrl Pts',(61.9454508919437,-30.2968898078478,4.99884855876869));
#13085=CARTESIAN_POINT('Ctrl Pts',(62.6734538777668,-33.1102373693691,5.2371082884684));
#13086=CARTESIAN_POINT('Ctrl Pts',(65.4320558707799,-34.0233898056749,5.47536801816812));
#13087=CARTESIAN_POINT('Ctrl Pts',(67.6946799199089,-32.1998529177615,5.71362774786783));
#13088=CARTESIAN_POINT('Ctrl Pts',(67.3883815897156,-29.3100992970385,5.95188747756754));
#13089=CARTESIAN_POINT('Ctrl Pts',(64.7938626448555,-28.001335067506,6.19014720726726));
#13090=CARTESIAN_POINT('Ctrl Pts',(62.2878176105028,-29.4724722814217,6.42840693696696));
#13091=CARTESIAN_POINT('Ctrl Pts',(62.1659736496429,-32.3758538655274,6.66666666666668));
#13092=CARTESIAN_POINT('Ctrl Pts',(64.5399351329936,-34.0517922960636,6.90492639636639));
#13093=CARTESIAN_POINT('Ctrl Pts',(67.2350043849104,-32.9650186624154,7.14318612606611));
#13094=CARTESIAN_POINT('Ctrl Pts',(67.7823189741922,-30.1110885230948,7.38144585576582));
#13095=CARTESIAN_POINT('Ctrl Pts',(65.6805044182014,-28.1043883413115,7.61970558546553));
#13096=CARTESIAN_POINT('Ctrl Pts',(62.8549594374292,-28.7831865497251,7.85796531516524));
#13097=CARTESIAN_POINT('Ctrl Pts',(61.8940681670309,-31.5256596461673,8.09622504486495));
#13098=CARTESIAN_POINT('Ctrl Pts',(63.6780695437182,-33.8195231569749,8.33448477456467));
#13099=CARTESIAN_POINT('Ctrl Pts',(66.5727020024671,-33.5634482170254,8.57274450426439));
#13100=CARTESIAN_POINT('Ctrl Pts',(67.9262927833327,-30.992016311394,8.81100423396409));
#13101=CARTESIAN_POINT('Ctrl Pts',(66.4988649775564,-28.4608267967468,9.04926396366382));
#13102=CARTESIAN_POINT('Ctrl Pts',(63.5980343493151,-28.2886150965701,9.28752369336352));
#13103=CARTESIAN_POINT('Ctrl Pts',(61.8811540123067,-30.6331373625712,9.52578342306323));
#13104=CARTESIAN_POINT('Ctrl Pts',(62.9209927617427,-33.3466601557118,9.76404315276295));
#13105=CARTESIAN_POINT('Ctrl Pts',(65.7650022691574,-33.9434149949096,10.0023028824627));
#13106=CARTESIAN_POINT('Ctrl Pts',(67.8078594283382,-31.8767444863558,10.2405626121624));
#13107=CARTESIAN_POINT('Ctrl Pts',(67.1782246507516,-29.039835128901,10.4788223418621));
#13108=CARTESIAN_POINT('Ctrl Pts',(64.4527788571037,-28.0315199028112,10.7170820715618));
#13109=CARTESIAN_POINT('Ctrl Pts',(62.1284272990087,-29.7754012526077,10.9553418012615));
#13110=CARTESIAN_POINT('Ctrl Pts',(62.3339744420229,-32.6741360147556,11.1936015309612));
#13111=CARTESIAN_POINT('Ctrl Pts',(64.8820649333956,-34.0719498591379,11.4318612606609));
#13112=CARTESIAN_POINT('Ctrl Pts',(67.4365363991797,-32.6890670507855,11.6701209903607));
#13113=CARTESIAN_POINT('Ctrl Pts',(67.6613717003386,-29.7908308387286,11.9083807200604));
#13114=CARTESIAN_POINT('Ctrl Pts',(65.3422820210991,-28.0353487721585,12.1466404497601));
#13115=CARTESIAN_POINT('Ctrl Pts',(63.5304652968468,-28.6957771499361,12.3054802695599));
#13116=CARTESIAN_POINT('Ctrl Pts',(62.9650426556334,-29.3363129339547,12.3849001794598));
#13117=CARTESIAN_POINT('Ctrl Pts',(63.7729956296262,-32.9714551363568,3.61509982054025));
#13118=CARTESIAN_POINT('Ctrl Pts',(64.4168878886372,-33.3432065054261,3.69451973044015));
#13119=CARTESIAN_POINT('Ctrl Pts',(66.0944819031529,-33.3860612988262,3.85335955023997));
#13120=CARTESIAN_POINT('Ctrl Pts',(67.5212270316309,-31.2954165783158,4.09161927993967));
#13121=CARTESIAN_POINT('Ctrl Pts',(66.5328127681216,-28.9668575649868,4.32987900963939));
#13122=CARTESIAN_POINT('Ctrl Pts',(64.042426916983,-28.5337752499985,4.5681387393391));
#13123=CARTESIAN_POINT('Ctrl Pts',(62.3276816317876,-30.392811348456,4.80639846903881));
#13124=CARTESIAN_POINT('Ctrl Pts',(62.9611976762465,-32.8410167178995,5.04465819873853));
#13125=CARTESIAN_POINT('Ctrl Pts',(65.361762861943,-33.6356518096531,5.28291792843824));
#13126=CARTESIAN_POINT('Ctrl Pts',(67.3307226953716,-32.0487903562627,5.52117765813795));
#13127=CARTESIAN_POINT('Ctrl Pts',(67.0641785872467,-29.5340956106206,5.75943738783767));
#13128=CARTESIAN_POINT('Ctrl Pts',(64.8064002384904,-28.395194872617,5.99769711753738));
#13129=CARTESIAN_POINT('Ctrl Pts',(62.6256128402025,-29.6753943316376,6.23595684723709));
#13130=CARTESIAN_POINT('Ctrl Pts',(62.519582912265,-32.2019482778935,6.4742165769368));
#13131=CARTESIAN_POINT('Ctrl Pts',(64.5854297809143,-33.6603679629027,6.71247630663652));
#13132=CARTESIAN_POINT('Ctrl Pts',(66.9307080905722,-32.7146458339851,6.95073603633623));
#13133=CARTESIAN_POINT('Ctrl Pts',(67.4069871449559,-30.231125067954,7.18899576603595));
#13134=CARTESIAN_POINT('Ctrl Pts',(65.5779654656124,-28.4848729421596,7.42725549573565));
#13135=CARTESIAN_POINT('Ctrl Pts',(63.1191457704766,-29.0755704590025,7.66551522543537));
#13136=CARTESIAN_POINT('Ctrl Pts',(62.2829678307812,-31.4621001050706,7.90377495513508));
#13137=CARTESIAN_POINT('Ctrl Pts',(63.8354250562006,-33.4582448547413,8.1420346848348));
#13138=CARTESIAN_POINT('Ctrl Pts',(66.3543654192756,-33.2354056820992,8.3802944145345));
#13139=CARTESIAN_POINT('Ctrl Pts',(67.5322747053762,-30.9977179237048,8.61855414423423));
#13140=CARTESIAN_POINT('Ctrl Pts',(66.2901116444053,-28.7950495276651,8.85681387393393));
#13141=CARTESIAN_POINT('Ctrl Pts',(63.765777567436,-28.6451890501258,9.09507360363365));
#13142=CARTESIAN_POINT('Ctrl Pts',(62.2717297941553,-30.6854175945505,9.33333333333336));
#13143=CARTESIAN_POINT('Ctrl Pts',(63.1766086809813,-33.046754374668,9.57159306303307));
#13144=CARTESIAN_POINT('Ctrl Pts',(65.6514964062066,-33.5660568673808,9.8098527927328));
#13145=CARTESIAN_POINT('Ctrl Pts',(67.4292127234211,-31.7676179168887,10.0481125224325));
#13146=CARTESIAN_POINT('Ctrl Pts',(66.8812977539525,-29.298908818682,10.2863722521322));
#13147=CARTESIAN_POINT('Ctrl Pts',(64.509585450291,-28.4214620416226,10.5246319818319));
#13148=CARTESIAN_POINT('Ctrl Pts',(62.4869096732799,-29.9390063872405,10.7628917115316));
#13149=CARTESIAN_POINT('Ctrl Pts',(62.6657790124557,-32.4615166189465,11.0011514412313));
#13150=CARTESIAN_POINT('Ctrl Pts',(64.8831548205955,-33.6779092915421,11.2394111709311));
#13151=CARTESIAN_POINT('Ctrl Pts',(67.1060834214403,-32.4745097674219,11.4776709006308));
#13152=CARTESIAN_POINT('Ctrl Pts',(67.3017375237155,-29.9524333793782,11.7159306303305));
#13153=CARTESIAN_POINT('Ctrl Pts',(65.2836406903954,-28.4247939649951,11.9541903600302));
#13154=CARTESIAN_POINT('Ctrl Pts',(63.7069782497394,-28.9995058572341,12.11303017983));
#13155=CARTESIAN_POINT('Ctrl Pts',(63.2149413734015,-29.5569069999877,12.1924500897299));
#13156=CARTESIAN_POINT('Ctrl Pts',(63.9396622962929,-32.682780001762,3.42264973081037));
#13157=CARTESIAN_POINT('Ctrl Pts',(64.4875200339146,-32.9990858140557,3.50206964071028));
#13158=CARTESIAN_POINT('Ctrl Pts',(65.9149061355149,-33.0355489487336,3.66090946051009));
#13159=CARTESIAN_POINT('Ctrl Pts',(67.1288566797431,-31.2567173651566,3.8991691902098));
#13160=CARTESIAN_POINT('Ctrl Pts',(66.2878613196327,-29.2754556632058,4.13742891990951));
#13161=CARTESIAN_POINT('Ctrl Pts',(64.1689087478072,-28.9069662242151,4.37568864960923));
#13162=CARTESIAN_POINT('Ctrl Pts',(62.7099123716315,-30.4887328890642,4.61394837930894));
#13163=CARTESIAN_POINT('Ctrl Pts',(63.2489414747262,-32.5717960664298,4.85220810900865));
#13164=CARTESIAN_POINT('Ctrl Pts',(65.2914698531061,-33.2479138136312,5.09046783870837));
#13165=CARTESIAN_POINT('Ctrl Pts',(66.9667654708342,-31.897727794764,5.32872756840808));
#13166=CARTESIAN_POINT('Ctrl Pts',(66.7399755847778,-29.7580919242027,5.56698729810779));
#13167=CARTESIAN_POINT('Ctrl Pts',(64.8189378321252,-28.7890546777281,5.8052470278075));
#13168=CARTESIAN_POINT('Ctrl Pts',(62.9634080699022,-29.8783163818536,6.04350675750721));
#13169=CARTESIAN_POINT('Ctrl Pts',(62.873192174887,-32.0280426902595,6.28176648720693));
#13170=CARTESIAN_POINT('Ctrl Pts',(64.630924428835,-33.2689436297419,6.52002621690664));
#13171=CARTESIAN_POINT('Ctrl Pts',(66.626411796234,-32.4642730055548,6.75828594660636));
#13172=CARTESIAN_POINT('Ctrl Pts',(67.0316553157197,-30.3511616128132,6.99654567630606));
#13173=CARTESIAN_POINT('Ctrl Pts',(65.4754265130234,-28.8653575430076,7.23480540600579));
#13174=CARTESIAN_POINT('Ctrl Pts',(63.383332103524,-29.3679543682799,7.47306513570549));
#13175=CARTESIAN_POINT('Ctrl Pts',(62.6718674945313,-31.3985405639739,7.7113248654052));
#13176=CARTESIAN_POINT('Ctrl Pts',(63.9927805686831,-33.0969665525078,7.94958459510493));
#13177=CARTESIAN_POINT('Ctrl Pts',(66.136028836084,-32.9073631471729,8.18784432480463));
#13178=CARTESIAN_POINT('Ctrl Pts',(67.1382566274196,-31.0034195360154,8.42610405450434));
#13179=CARTESIAN_POINT('Ctrl Pts',(66.081358311254,-29.1292722585833,8.66436378420407));
#13180=CARTESIAN_POINT('Ctrl Pts',(63.9335207855569,-29.0017630036814,8.90262351390377));
#13181=CARTESIAN_POINT('Ctrl Pts',(62.6623055760038,-30.7376978265299,9.1408832436035));
#13182=CARTESIAN_POINT('Ctrl Pts',(63.4322246002201,-32.7468485936242,9.37914297330318));
#13183=CARTESIAN_POINT('Ctrl Pts',(65.5379905432556,-33.188698739852,9.61740270300293));
#13184=CARTESIAN_POINT('Ctrl Pts',(67.050566018504,-31.6584913474215,9.85566243270262));
#13185=CARTESIAN_POINT('Ctrl Pts',(66.5843708571533,-29.557982508463,10.0939221624023));
#13186=CARTESIAN_POINT('Ctrl Pts',(64.5663920434783,-28.8114041804341,10.332181892102));
#13187=CARTESIAN_POINT('Ctrl Pts',(62.845392047551,-30.1026115218731,10.5704416218018));
#13188=CARTESIAN_POINT('Ctrl Pts',(62.9975835828884,-32.2488972231374,10.8087013515015));
#13189=CARTESIAN_POINT('Ctrl Pts',(64.8842447077954,-33.2838687239463,11.0469610812012));
#13190=CARTESIAN_POINT('Ctrl Pts',(66.7756304437008,-32.2599524840583,11.2852208109009));
#13191=CARTESIAN_POINT('Ctrl Pts',(66.9421033470925,-30.1140359200278,11.5234805406006));
#13192=CARTESIAN_POINT('Ctrl Pts',(65.2249993596916,-28.8142391578317,11.7617402703003));
#13193=CARTESIAN_POINT('Ctrl Pts',(63.8834912026319,-29.3032345645321,11.9205800901001));
#13194=CARTESIAN_POINT('Ctrl Pts',(63.4648400911697,-29.7775010660207,12.));
#13195=CARTESIAN_POINT('Ctrl Pts',(63.4648400911697,-29.7775010660207,12.));
#13196=CARTESIAN_POINT('Ctrl Pts',(63.4976723527426,-29.7186778442273,12.));
#13197=CARTESIAN_POINT('Ctrl Pts',(63.5337936685812,-29.6619811619548,12.));
#13198=CARTESIAN_POINT('Ctrl Pts',(63.5728504835152,-29.6074864918325,12.));
#13199=CARTESIAN_POINT('Ctrl Pts',(63.6127398475671,-29.5518301937174,12.));
#13200=CARTESIAN_POINT('Ctrl Pts',(63.6556913072463,-29.4984701485966,12.));
#13201=CARTESIAN_POINT('Ctrl Pts',(63.7013825734344,-29.4474847203607,12.));
#13202=CARTESIAN_POINT('Ctrl Pts',(63.7494546880108,-29.3938425792611,12.));
#13203=CARTESIAN_POINT('Ctrl Pts',(63.8005595727123,-29.3428281155974,12.));
#13204=CARTESIAN_POINT('Ctrl Pts',(63.8543810012155,-29.2945420252192,12.));
#13205=CARTESIAN_POINT('Ctrl Pts',(63.8793995001305,-29.2720965879031,12.));
#13206=CARTESIAN_POINT('Ctrl Pts',(63.9050057953063,-29.2502409057861,12.));
#13207=CARTESIAN_POINT('Ctrl Pts',(63.9311720711682,-29.2289865668295,12.));
#13208=CARTESIAN_POINT('Ctrl Pts',(63.945272555575,-29.2175330272958,12.));
#13209=CARTESIAN_POINT('Ctrl Pts',(63.9595408059938,-29.2062503756572,12.));
#13210=CARTESIAN_POINT('Ctrl Pts',(63.9739444634825,-29.1951618112069,12.));
#13211=CARTESIAN_POINT('Ctrl Pts',(64.0323778489826,-29.150177239637,12.));
#13212=CARTESIAN_POINT('Ctrl Pts',(64.0931010148915,-29.1083296978218,12.));
#13213=CARTESIAN_POINT('Ctrl Pts',(64.155750655279,-29.0696978594658,12.));
#13214=CARTESIAN_POINT('Ctrl Pts',(64.2197654827036,-29.0302242016736,12.));
#13215=CARTESIAN_POINT('Ctrl Pts',(64.2857920797307,-28.9941071393053,12.));
#13216=CARTESIAN_POINT('Ctrl Pts',(64.3534955828088,-28.9614455911265,12.));
#13217=CARTESIAN_POINT('Ctrl Pts',(64.4224483691783,-28.9281813632554,12.));
#13218=CARTESIAN_POINT('Ctrl Pts',(64.4931411254045,-28.8985004738701,12.));
#13219=CARTESIAN_POINT('Ctrl Pts',(64.5652662820499,-28.8725354876135,12.));
#13220=CARTESIAN_POINT('Ctrl Pts',(64.5971056086201,-28.8610733610094,12.));
#13221=CARTESIAN_POINT('Ctrl Pts',(64.6292246135701,-28.8503358106537,12.));
#13222=CARTESIAN_POINT('Ctrl Pts',(64.6615991148362,-28.8403366239014,12.));
#13223=CARTESIAN_POINT('Ctrl Pts',(64.6737036232592,-28.8365980260688,12.));
#13224=CARTESIAN_POINT('Ctrl Pts',(64.6858432875164,-28.832962922488,12.));
#13225=CARTESIAN_POINT('Ctrl Pts',(64.6980037258721,-28.8294356333521,12.));
#13226=CARTESIAN_POINT('Ctrl Pts',(64.7743787807162,-28.8072820815376,12.));
#13227=CARTESIAN_POINT('Ctrl Pts',(64.8517007424583,-28.789338178109,12.));
#13228=CARTESIAN_POINT('Ctrl Pts',(64.9296002920906,-28.7756965988124,12.));
#13229=CARTESIAN_POINT('Ctrl Pts',(65.0084844221963,-28.7618826021826,12.));
#13230=CARTESIAN_POINT('Ctrl Pts',(65.0879615949097,-28.7524795411348,12.));
#13231=CARTESIAN_POINT('Ctrl Pts',(65.1676900238595,-28.7476159132466,12.));
#13232=CARTESIAN_POINT('Ctrl Pts',(65.191017824491,-28.7461928607268,12.));
#13233=CARTESIAN_POINT('Ctrl Pts',(65.2143673619741,-28.7451586795165,12.));
#13234=CARTESIAN_POINT('Ctrl Pts',(65.2377305863763,-28.7445172615521,12.));
#13235=CARTESIAN_POINT('Ctrl Pts',(65.2903273947133,-28.7430732597673,12.));
#13236=CARTESIAN_POINT('Ctrl Pts',(65.3429933346683,-28.7436191218276,12.));
#13237=CARTESIAN_POINT('Ctrl Pts',(65.3956534200137,-28.7460906350091,12.));
#13238=CARTESIAN_POINT('Ctrl Pts',(65.4293991063771,-28.7476744324548,12.));
#13239=CARTESIAN_POINT('Ctrl Pts',(65.4631424738894,-28.7500492150517,12.));
#13240=CARTESIAN_POINT('Ctrl Pts',(65.4968644425938,-28.7532003486096,12.));
#13241=CARTESIAN_POINT('Ctrl Pts',(65.5113521183006,-28.7545541426747,12.));
#13242=CARTESIAN_POINT('Ctrl Pts',(65.5258384110666,-28.7560515470531,12.));
#13243=CARTESIAN_POINT('Ctrl Pts',(65.540313586943,-28.7576905565846,12.));
#13244=CARTESIAN_POINT('Ctrl Pts',(65.6196128303569,-28.7666695297524,12.));
#13245=CARTESIAN_POINT('Ctrl Pts',(65.6983523717742,-28.7798675892887,12.));
#13246=CARTESIAN_POINT('Ctrl Pts',(65.7762626346062,-28.797006384453,12.));
#13247=CARTESIAN_POINT('Ctrl Pts',(65.8574646901325,-28.8148693122113,12.));
#13248=CARTESIAN_POINT('Ctrl Pts',(65.9377665400474,-28.8370127672013,12.));
#13249=CARTESIAN_POINT('Ctrl Pts',(66.0168853930102,-28.8631745821411,12.));
#13250=CARTESIAN_POINT('Ctrl Pts',(66.0970567928694,-28.8896844372266,12.));
#13251=CARTESIAN_POINT('Ctrl Pts',(66.1760143874592,-28.9203203380718,12.));
#13252=CARTESIAN_POINT('Ctrl Pts',(66.2534747547426,-28.9548638649574,12.));
#13253=CARTESIAN_POINT('Ctrl Pts',(66.2873092246078,-28.9699523800321,12.));
#13254=CARTESIAN_POINT('Ctrl Pts',(66.3208580940978,-28.9857871255609,12.));
#13255=CARTESIAN_POINT('Ctrl Pts',(66.3540977019002,-29.002353026893,12.));
#13256=CARTESIAN_POINT('Ctrl Pts',(66.3738149887465,-29.0121796960395,12.));
#13257=CARTESIAN_POINT('Ctrl Pts',(66.3934234523796,-29.0222636726669,12.));
#13258=CARTESIAN_POINT('Ctrl Pts',(66.4129181016333,-29.0326021151434,12.));
#13259=CARTESIAN_POINT('Ctrl Pts',(66.4248737695626,-29.0389424695425,12.));
#13260=CARTESIAN_POINT('Ctrl Pts',(66.4367860294599,-29.0453782968074,12.));
#13261=CARTESIAN_POINT('Ctrl Pts',(66.4486419082932,-29.0519022101127,12.));
#13262=CARTESIAN_POINT('Ctrl Pts',(66.5254109428343,-29.0941457698625,12.));
#13263=CARTESIAN_POINT('Ctrl Pts',(66.5999449601157,-29.140146502157,12.));
#13264=CARTESIAN_POINT('Ctrl Pts',(66.6719523181094,-29.1896246097939,12.));
#13265=CARTESIAN_POINT('Ctrl Pts',(66.7458397818626,-29.2403945864526,12.));
#13266=CARTESIAN_POINT('Ctrl Pts',(66.8170678832602,-29.2948259467696,12.));
#13267=CARTESIAN_POINT('Ctrl Pts',(66.8853250420842,-29.3526710619714,12.));
#13268=CARTESIAN_POINT('Ctrl Pts',(66.9534943230189,-29.4104417043014,12.));
#13269=CARTESIAN_POINT('Ctrl Pts',(67.0187013414682,-29.4716176557148,12.));
#13270=CARTESIAN_POINT('Ctrl Pts',(67.0806240358246,-29.5360027474167,12.));
#13271=CARTESIAN_POINT('Ctrl Pts',(67.1087270602832,-29.5652233074339,12.));
#13272=CARTESIAN_POINT('Ctrl Pts',(67.136153354461,-29.5951055156017,12.));
#13273=CARTESIAN_POINT('Ctrl Pts',(67.1628711235458,-29.6256341744093,12.));
#13274=CARTESIAN_POINT('Ctrl Pts',(67.173131455592,-29.6373579891971,12.));
#13275=CARTESIAN_POINT('Ctrl Pts',(67.1832872830647,-29.6491771597838,12.));
#13276=CARTESIAN_POINT('Ctrl Pts',(67.1933367495504,-29.6610908974851,12.));
#13277=CARTESIAN_POINT('Ctrl Pts',(67.2027611180081,-29.6722635755537,12.));
#13278=CARTESIAN_POINT('Ctrl Pts',(67.2120886588364,-29.6835155956686,12.));
#13279=CARTESIAN_POINT('Ctrl Pts',(67.2213131958213,-29.6948400453401,12.));
#13280=CARTESIAN_POINT('Ctrl Pts',(67.2790936937498,-29.7657739406516,12.));
#13281=CARTESIAN_POINT('Ctrl Pts',(67.3328929468924,-29.8396155515565,12.));
#13282=CARTESIAN_POINT('Ctrl Pts',(67.3823968991212,-29.9161242763348,12.));
#13283=CARTESIAN_POINT('Ctrl Pts',(67.4307678055106,-29.9908818703772,12.));
#13284=CARTESIAN_POINT('Ctrl Pts',(67.4750392676113,-30.0681861011021,12.));
#13285=CARTESIAN_POINT('Ctrl Pts',(67.5152801803431,-30.1476819082828,12.));
#13286=CARTESIAN_POINT('Ctrl Pts',(67.5348855056211,-30.186412171893,12.));
#13287=CARTESIAN_POINT('Ctrl Pts',(67.5535336262126,-30.225663253619,12.));
#13288=CARTESIAN_POINT('Ctrl Pts',(67.5712295089879,-30.2653972635572,12.));
#13289=CARTESIAN_POINT('Ctrl Pts',(67.5802250689645,-30.2855957285929,12.));
#13290=CARTESIAN_POINT('Ctrl Pts',(67.5889758397254,-30.3059225114494,12.));
#13291=CARTESIAN_POINT('Ctrl Pts',(67.5974722592158,-30.3263477351524,12.));
#13292=CARTESIAN_POINT('Ctrl Pts',(67.6328628625326,-30.4114260426153,12.));
#13293=CARTESIAN_POINT('Ctrl Pts',(67.663880393046,-30.4982888135668,12.));
#13294=CARTESIAN_POINT('Ctrl Pts',(67.6906118146595,-30.5865468976982,12.));
#13295=CARTESIAN_POINT('Ctrl Pts',(67.7180855358542,-30.6772558031827,12.));
#13296=CARTESIAN_POINT('Ctrl Pts',(67.7410322213045,-30.7694391914484,12.));
#13297=CARTESIAN_POINT('Ctrl Pts',(67.7595067499633,-30.8627133331576,12.));
#13298=CARTESIAN_POINT('Ctrl Pts',(67.7707805791198,-30.9196326060536,12.));
#13299=CARTESIAN_POINT('Ctrl Pts',(67.7803882326229,-30.9769587808669,12.));
#13300=CARTESIAN_POINT('Ctrl Pts',(67.78833425777,-31.0346098650251,12.));
#13301=CARTESIAN_POINT('Origin',(64.8904622962932,-31.0359460939257,-2.99999999999996));
#13302=CARTESIAN_POINT('',(59.8904622962932,-31.0359460939257,12.));
#13303=CARTESIAN_POINT('Origin',(64.8904622962932,-31.0359460939257,12.));
#13304=CARTESIAN_POINT('',(59.8904622962932,-31.0359460939257,-2.99999999999996));
#13305=CARTESIAN_POINT('Origin',(64.8904622962932,-31.0359460939257,12.));
#13306=CARTESIAN_POINT('Origin',(64.8904622962932,-31.0359460939257,16.));
#13307=CARTESIAN_POINT('',(63.3909325760136,-31.0346229879892,15.8273502691897));
#13308=CARTESIAN_POINT('',(63.3904622962932,-31.0359460939257,16.));
#13309=CARTESIAN_POINT('',(63.3904622962932,-31.0359460939257,16.));
#13310=CARTESIAN_POINT('',(63.7638590705715,-32.0304461003337,16.));
#13311=CARTESIAN_POINT('Ctrl Pts',(63.3909325760136,-31.0346229879892,15.8273502691897));
#13312=CARTESIAN_POINT('Ctrl Pts',(63.3939547543247,-31.3965717370734,15.8849001794598));
#13313=CARTESIAN_POINT('Ctrl Pts',(63.5255980033482,-31.7606037406082,15.9424500897299));
#13314=CARTESIAN_POINT('Ctrl Pts',(63.7638591113282,-32.030446064175,16.));
#13315=CARTESIAN_POINT('Origin',(64.8904622962932,-31.0359460939257,16.));
#13316=CARTESIAN_POINT('Origin',(64.8904622962932,-31.0359460939257,16.));
#13317=CARTESIAN_POINT('',(63.3880074544381,-31.0362082486547,14.3273502691897));
#13318=CARTESIAN_POINT('',(63.3926276894286,-31.035360733468,14.6726497308104));
#13319=CARTESIAN_POINT('',(63.3904622962932,-31.0359460939257,16.));
#13320=CARTESIAN_POINT('Ctrl Pts',(63.3880074544381,-31.0362082486547,14.3273502691897));
#13321=CARTESIAN_POINT('Ctrl Pts',(63.3879730058936,-31.0504058947885,14.3296199248188));
#13322=CARTESIAN_POINT('Ctrl Pts',(63.3945847676598,-31.561081757467,14.4112625255534));
#13323=CARTESIAN_POINT('Ctrl Pts',(63.9715819318617,-32.5521531731169,14.5722780713936));
#13324=CARTESIAN_POINT('Ctrl Pts',(65.6657589310227,-32.630336723338,14.8103969067101));
#13325=CARTESIAN_POINT('Ctrl Pts',(66.6504042127562,-31.249592267864,15.0485157420266));
#13326=CARTESIAN_POINT('Ctrl Pts',(66.0247341876425,-29.6732293131702,15.286634577343));
#13327=CARTESIAN_POINT('Ctrl Pts',(64.3607909196493,-29.3440920674219,15.5247534126595));
#13328=CARTESIAN_POINT('Ctrl Pts',(63.4686962553934,-30.2664383680305,15.7049919766084));
#13329=CARTESIAN_POINT('Ctrl Pts',(63.3898039088773,-30.8994490782926,15.8058575954518));
#13330=CARTESIAN_POINT('Ctrl Pts',(63.3909325760136,-31.0346229879892,15.8273502691897));
#13331=CARTESIAN_POINT('',(63.7659180663367,-30.0432727967772,16.));
#13332=CARTESIAN_POINT('Origin',(64.8904622962932,-31.0359460939257,16.));
#13333=CARTESIAN_POINT('Ctrl Pts',(63.3926276894286,-31.035360733468,14.6726497308104));
#13334=CARTESIAN_POINT('Ctrl Pts',(63.393632371481,-31.3227933792181,14.7182350950128));
#13335=CARTESIAN_POINT('Ctrl Pts',(63.6117924694904,-32.1121305829163,14.8431934043207));
#13336=CARTESIAN_POINT('Ctrl Pts',(64.8897532698478,-32.8087746559091,15.0475246587341));
#13337=CARTESIAN_POINT('Ctrl Pts',(66.3788852555934,-31.9986117028369,15.2856434940506));
#13338=CARTESIAN_POINT('Ctrl Pts',(66.5076475474925,-30.3069942817343,15.5237623293671));
#13339=CARTESIAN_POINT('Ctrl Pts',(65.153181968865,-29.2835754744796,15.7618811646836));
#13340=CARTESIAN_POINT('Ctrl Pts',(64.0959587239566,-29.6693881378027,15.9206270548945));
#13341=CARTESIAN_POINT('Ctrl Pts',(63.7659180663367,-30.0432727967772,16.));
#13342=CARTESIAN_POINT('Origin',(64.8904622962932,-31.0359460939257,16.));
#13343=CARTESIAN_POINT('',(63.3917385975197,-31.0371259019814,12.8273502691897));
#13344=CARTESIAN_POINT('',(63.3888688153121,-31.0349249580126,13.1726497308104));
#13345=CARTESIAN_POINT('',(63.3904622962932,-31.0359460939257,16.));
#13346=CARTESIAN_POINT('Ctrl Pts',(63.3917385975197,-31.0371259019814,12.8273502691897));
#13347=CARTESIAN_POINT('Ctrl Pts',(63.3905320242059,-31.2010155710053,12.8533822541858));
#13348=CARTESIAN_POINT('Ctrl Pts',(63.4908569531288,-31.863177486741,12.9587871842875));
#13349=CARTESIAN_POINT('Ctrl Pts',(64.4583029371966,-32.7553708412381,13.1435650594946));
#13350=CARTESIAN_POINT('Ctrl Pts',(66.1004855725941,-32.3317186564845,13.3816838948111));
#13351=CARTESIAN_POINT('Ctrl Pts',(66.6354068894015,-30.7223400350122,13.6198027301276));
#13352=CARTESIAN_POINT('Ctrl Pts',(65.573577708737,-29.3999324788511,13.8579215654441));
#13353=CARTESIAN_POINT('Ctrl Pts',(63.9027225103386,-29.572935992078,14.0937707451315));
#13354=CARTESIAN_POINT('Ctrl Pts',(63.3891777183592,-30.5538948942924,14.2502469797133));
#13355=CARTESIAN_POINT('Ctrl Pts',(63.3880074544381,-31.0362082486547,14.3273502691897));
#13356=CARTESIAN_POINT('Ctrl Pts',(63.3888688153121,-31.0349249580126,13.1726497308104));
#13357=CARTESIAN_POINT('Ctrl Pts',(63.3922587176536,-31.4693820835687,13.2419974243798));
#13358=CARTESIAN_POINT('Ctrl Pts',(63.8191814515922,-32.4069116701953,13.3907180630548));
#13359=CARTESIAN_POINT('Ctrl Pts',(65.4111447020439,-32.7306649404716,13.6188116468352));
#13360=CARTESIAN_POINT('Ctrl Pts',(66.5966052560686,-31.5178590822847,13.8569304821517));
#13361=CARTESIAN_POINT('Ctrl Pts',(66.2208412197234,-29.8640601502161,14.0950493174681));
#13362=CARTESIAN_POINT('Ctrl Pts',(64.6276380363705,-29.2826379441202,14.3331681527846));
#13363=CARTESIAN_POINT('Ctrl Pts',(63.5339727453848,-30.109757306616,14.5257016238987));
#13364=CARTESIAN_POINT('Ctrl Pts',(63.3918830255058,-30.8223174915767,14.6388621499073));
#13365=CARTESIAN_POINT('Ctrl Pts',(63.3926276894286,-31.035360733468,14.6726497308104));
#13366=CARTESIAN_POINT('Origin',(64.8904622962932,-31.0359460939257,16.));
#13367=CARTESIAN_POINT('',(63.3922292782507,-31.0349963978226,11.3273502691897));
#13368=CARTESIAN_POINT('',(63.3895109317194,-31.0371924172874,11.6726497308104));
#13369=CARTESIAN_POINT('',(63.3904622962932,-31.0359460939257,16.));
#13370=CARTESIAN_POINT('Ctrl Pts',(63.3922292782507,-31.0349963978226,11.3273502691897));
#13371=CARTESIAN_POINT('Ctrl Pts',(63.3940481598421,-31.3487449212696,11.3771445835529));
#13372=CARTESIAN_POINT('Ctrl Pts',(63.6434936405228,-32.1652607413406,11.5063118430215));
#13373=CARTESIAN_POINT('Ctrl Pts',(64.9832620226344,-32.8064180430277,11.7148520475957));
#13374=CARTESIAN_POINT('Ctrl Pts',(66.4281400112497,-31.918402868902,11.9529708829122));
#13375=CARTESIAN_POINT('Ctrl Pts',(66.4659297956729,-30.2228748592367,12.1910897182287));
#13376=CARTESIAN_POINT('Ctrl Pts',(65.0620509860001,-29.2713668025311,12.4292085535452));
#13377=CARTESIAN_POINT('Ctrl Pts',(63.6717983715005,-29.8620739698876,12.6412954038655));
#13378=CARTESIAN_POINT('Ctrl Pts',(63.3942109321884,-30.7013070122952,12.7740093090803));
#13379=CARTESIAN_POINT('Ctrl Pts',(63.3917385975197,-31.0371259019814,12.8273502691897));
#13380=CARTESIAN_POINT('Ctrl Pts',(63.3895109317194,-31.0371924172874,11.6726497308104));
#13381=CARTESIAN_POINT('Ctrl Pts',(63.3887419386744,-31.1233497878067,11.6863868086414));
#13382=CARTESIAN_POINT('Ctrl Pts',(63.4346977482791,-31.7065052270102,11.7794968315778));
#13383=CARTESIAN_POINT('Ctrl Pts',(64.1988513517285,-32.6683849903148,11.9519797996197));
#13384=CARTESIAN_POINT('Ctrl Pts',(65.8866673604607,-32.5024923468331,12.1900986349362));
#13385=CARTESIAN_POINT('Ctrl Pts',(66.6628823347217,-30.9946020783196,12.4282174702527));
#13386=CARTESIAN_POINT('Ctrl Pts',(65.8172029164725,-29.5245445286353,12.6663363055692));
#13387=CARTESIAN_POINT('Ctrl Pts',(64.1234870879645,-29.4375307573207,12.9044551408857));
#13388=CARTESIAN_POINT('Ctrl Pts',(63.4204766468431,-30.4125506264829,13.0732262826328));
#13389=CARTESIAN_POINT('Ctrl Pts',(63.3883787539718,-30.9721176497785,13.1626244792743));
#13390=CARTESIAN_POINT('Ctrl Pts',(63.3888688153121,-31.0349249580126,13.1726497308104));
#13391=CARTESIAN_POINT('Origin',(64.8904622962932,-31.0359460939257,16.));
#13392=CARTESIAN_POINT('',(63.3882930304429,-31.0352983689697,9.82735026918966));
#13393=CARTESIAN_POINT('',(63.3928361231429,-31.0361714035119,10.1726497308104));
#13394=CARTESIAN_POINT('',(63.3904622962932,-31.0359460939257,16.));
#13395=CARTESIAN_POINT('Ctrl Pts',(63.3882930304429,-31.0352983689697,9.82735026918967));
#13396=CARTESIAN_POINT('Ctrl Pts',(63.3907897641341,-31.4956594798322,9.90090691291988));
#13397=CARTESIAN_POINT('Ctrl Pts',(63.8635082069046,-32.4572162512999,10.0538365017556));
#13398=CARTESIAN_POINT('Ctrl Pts',(65.5000077211158,-32.7007695228088,10.2861390356968));
#13399=CARTESIAN_POINT('Ctrl Pts',(66.6197023970372,-31.4269849522947,10.5242578710133));
#13400=CARTESIAN_POINT('Ctrl Pts',(66.1570152084016,-29.7953710528273,10.7623767063298));
#13401=CARTESIAN_POINT('Ctrl Pts',(64.5353389645262,-29.2989745560027,11.0004955416463));
#13402=CARTESIAN_POINT('Ctrl Pts',(63.5097891846922,-30.1634590358274,11.1888200625996));
#13403=CARTESIAN_POINT('Ctrl Pts',(63.3911488330704,-30.8486246837089,11.2977716384474));
#13404=CARTESIAN_POINT('Ctrl Pts',(63.3922292782507,-31.0349963978226,11.3273502691897));
#13405=CARTESIAN_POINT('Ctrl Pts',(63.3928361231429,-31.0361714035119,10.1726497308104));
#13406=CARTESIAN_POINT('Ctrl Pts',(63.3925187950585,-31.2726906265383,10.2101491380084));
#13407=CARTESIAN_POINT('Ctrl Pts',(63.5567896238791,-32.0094204411492,10.3270214903119));
#13408=CARTESIAN_POINT('Ctrl Pts',(64.7097015181353,-32.7996093101855,10.5232667877208));
#13409=CARTESIAN_POINT('Ctrl Pts',(66.2740236168162,-32.1445219719124,10.7613856230373));
#13410=CARTESIAN_POINT('Ctrl Pts',(66.5722853580671,-30.4750061789672,10.9995044583538));
#13411=CARTESIAN_POINT('Ctrl Pts',(65.331555319733,-29.3187916595675,11.2376232936703));
#13412=CARTESIAN_POINT('Ctrl Pts',(63.782056012855,-29.709952141353,11.4620050511558));
#13413=CARTESIAN_POINT('Ctrl Pts',(63.3931851866123,-30.625531814813,11.6070138635359));
#13414=CARTESIAN_POINT('Ctrl Pts',(63.3895109317194,-31.0371924172874,11.6726497308104));
#13415=CARTESIAN_POINT('Origin',(64.8904622962932,-31.0359460939257,16.));
#13416=CARTESIAN_POINT('',(63.3903057304958,-31.037310843798,8.32735026918966));
#13417=CARTESIAN_POINT('',(63.3903372912558,-31.0345797367382,8.67264973081041));
#13418=CARTESIAN_POINT('',(63.3904622962932,-31.0359460939257,16.));
#13419=CARTESIAN_POINT('Ctrl Pts',(63.3903057304958,-31.037310843798,8.32735026918966));
#13420=CARTESIAN_POINT('Ctrl Pts',(63.3892674352206,-31.1500195026555,8.3452962971814));
#13421=CARTESIAN_POINT('Ctrl Pts',(63.452321453324,-31.7600736901291,8.44261527027865));
#13422=CARTESIAN_POINT('Ctrl Pts',(64.2861202432793,-32.702666795899,8.61930718848138));
#13423=CARTESIAN_POINT('Ctrl Pts',(65.9628053933728,-32.4477749345968,8.85742602379787));
#13424=CARTESIAN_POINT('Ctrl Pts',(66.6582182733851,-30.9009584332818,9.09554485911436));
#13425=CARTESIAN_POINT('Ctrl Pts',(65.7360041781598,-29.4776643160258,9.33366369443084));
#13426=CARTESIAN_POINT('Ctrl Pts',(64.0400572035925,-29.4803132311137,9.57178252974733));
#13427=CARTESIAN_POINT('Ctrl Pts',(63.4057973055478,-30.4659269126148,9.73634472133361));
#13428=CARTESIAN_POINT('Ctrl Pts',(63.3880956076832,-30.9988965046859,9.82153396781438));
#13429=CARTESIAN_POINT('Ctrl Pts',(63.3882930304429,-31.0352983689697,9.82735026918967));
#13430=CARTESIAN_POINT('Ctrl Pts',(63.3903372912558,-31.0345797367382,8.67264973081041));
#13431=CARTESIAN_POINT('Ctrl Pts',(63.3938784744405,-31.419351188151,8.73391146737541));
#13432=CARTESIAN_POINT('Ctrl Pts',(63.7406225009449,-32.308315840247,8.87454614904591));
#13433=CARTESIAN_POINT('Ctrl Pts',(65.2365499268132,-32.7747403520972,9.09455377582189));
#13434=CARTESIAN_POINT('Ctrl Pts',(66.538927662721,-31.6884369961437,9.33267261113838));
#13435=CARTESIAN_POINT('Ctrl Pts',(66.3328383747949,-30.0050563339358,9.57079144645487));
#13436=CARTESIAN_POINT('Ctrl Pts',(64.8068688949876,-29.2650156852163,9.80891028177136));
#13437=CARTESIAN_POINT('Ctrl Pts',(63.5856596666414,-30.0068451824643,10.0095297098899));
#13438=CARTESIAN_POINT('Ctrl Pts',(63.3931904660664,-30.772063317777,10.1307761929029));
#13439=CARTESIAN_POINT('Ctrl Pts',(63.3928361231429,-31.0361714035119,10.1726497308104));
#13440=CARTESIAN_POINT('Origin',(64.8904622962932,-31.0359460939257,16.));
#13441=CARTESIAN_POINT('',(63.3928616118586,-31.0358422296692,6.82735026918966));
#13442=CARTESIAN_POINT('',(63.3882756248857,-31.0365723747903,7.17264973081041));
#13443=CARTESIAN_POINT('',(63.3904622962932,-31.0359460939257,16.));
#13444=CARTESIAN_POINT('Ctrl Pts',(63.3928616118586,-31.0358422296692,6.82735026918966));
#13445=CARTESIAN_POINT('Ctrl Pts',(63.3931780677771,-31.2988606512864,6.86905862654843));
#13446=CARTESIAN_POINT('Ctrl Pts',(63.5844951473117,-32.0627756572908,6.99013992901269));
#13447=CARTESIAN_POINT('Ctrl Pts',(64.8032155851301,-32.8068096571199,7.19059417658246));
#13448=CARTESIAN_POINT('Ctrl Pts',(66.3306845727975,-32.0697739476919,7.42871301189894));
#13449=CARTESIAN_POINT('Ctrl Pts',(66.5402838960471,-30.3869044620052,7.66683184721543));
#13450=CARTESIAN_POINT('Ctrl Pts',(65.2401558535006,-29.2978610996935,7.90495068253192));
#13451=CARTESIAN_POINT('Ctrl Pts',(63.7421431273369,-29.7615450431423,8.12512348985666));
#13452=CARTESIAN_POINT('Ctrl Pts',(63.3938596800292,-30.6515237800073,8.26592335207591));
#13453=CARTESIAN_POINT('Ctrl Pts',(63.3903057304958,-31.037310843798,8.32735026918966));
#13454=CARTESIAN_POINT('Ctrl Pts',(63.3882756248857,-31.0365723747903,7.17264973081041));
#13455=CARTESIAN_POINT('Ctrl Pts',(63.3880880911868,-31.0719386431664,7.17830085163694));
#13456=CARTESIAN_POINT('Ctrl Pts',(63.4052534418232,-31.6038585949635,7.26332491756896));
#13457=CARTESIAN_POINT('Ctrl Pts',(64.0368286742284,-32.5898233040848,7.42772192860648));
#13458=CARTESIAN_POINT('Ctrl Pts',(65.7327684428051,-32.5959731075023,7.66584076392297));
#13459=CARTESIAN_POINT('Ctrl Pts',(66.6579337973825,-31.1746062155667,7.90395959923946));
#13460=CARTESIAN_POINT('Ctrl Pts',(65.9657338892584,-29.6263440527719,8.14207843455594));
#13461=CARTESIAN_POINT('Ctrl Pts',(64.2895808428023,-29.3679768001556,8.38019726987244));
#13462=CARTESIAN_POINT('Ctrl Pts',(63.4530467905406,-30.3097125528741,8.55705436862392));
#13463=CARTESIAN_POINT('Ctrl Pts',(63.3892903880706,-30.9208272317048,8.65453852226991));
#13464=CARTESIAN_POINT('Ctrl Pts',(63.3903372912558,-31.0345797367382,8.67264973081041));
#13465=CARTESIAN_POINT('Origin',(64.8904622962932,-31.0359460939257,6.00000000000001));
#13466=CARTESIAN_POINT('',(64.5925016538743,-32.5088630539598,6.00000000000001));
#13467=CARTESIAN_POINT('',(66.3124147042604,-31.5134933161732,6.00000000000001));
#13468=CARTESIAN_POINT('Origin',(64.8904622962932,-31.0359460939257,6.00000000000001));
#13469=CARTESIAN_POINT('',(63.0075201058947,-29.6693723109809,6.00000000000001));
#13470=CARTESIAN_POINT('Ctrl Pts',(63.0075201058947,-29.6693723109809,6.00000000000001));
#13471=CARTESIAN_POINT('Ctrl Pts',(62.9725243033501,-29.7414655332619,6.00000000000001));
#13472=CARTESIAN_POINT('Ctrl Pts',(62.9416712735094,-29.8153888509564,6.00000000000001));
#13473=CARTESIAN_POINT('Ctrl Pts',(62.9149616384385,-29.8907884321918,6.00000000000001));
#13474=CARTESIAN_POINT('Ctrl Pts',(62.8882749936982,-29.9661231132029,6.00000000000001));
#13475=CARTESIAN_POINT('Ctrl Pts',(62.8657248997111,-30.0429326327127,6.00000000000001));
#13476=CARTESIAN_POINT('Ctrl Pts',(62.847362002949,-30.1208529391757,6.00000000000001));
#13477=CARTESIAN_POINT('Ctrl Pts',(62.8409235568454,-30.1481735574878,6.00000000000001));
#13478=CARTESIAN_POINT('Ctrl Pts',(62.8350002982414,-30.1756305533641,6.00000000000001));
#13479=CARTESIAN_POINT('Ctrl Pts',(62.8295957645834,-30.2032075247473,6.00000000000001));
#13480=CARTESIAN_POINT('Ctrl Pts',(62.8268234264743,-30.2173535535327,6.00000000000001));
#13481=CARTESIAN_POINT('Ctrl Pts',(62.8241874131244,-30.2315321725195,6.00000000000001));
#13482=CARTESIAN_POINT('Ctrl Pts',(62.8216888291711,-30.2457379283472,6.00000000000001));
#13483=CARTESIAN_POINT('Ctrl Pts',(62.8083024946329,-30.3218462374658,6.00000000000001));
#13484=CARTESIAN_POINT('Ctrl Pts',(62.7988913699681,-30.3985356875237,6.00000000000001));
#13485=CARTESIAN_POINT('Ctrl Pts',(62.79347930366,-30.4754699411524,6.00000000000001));
#13486=CARTESIAN_POINT('Ctrl Pts',(62.7881603499812,-30.5510805689712,6.00000000000001));
#13487=CARTESIAN_POINT('Ctrl Pts',(62.7867044823103,-30.6269285333109,6.00000000000001));
#13488=CARTESIAN_POINT('Ctrl Pts',(62.7891769780058,-30.7026694160738,6.00000000000001));
#13489=CARTESIAN_POINT('Ctrl Pts',(62.7901084628778,-30.731203939556,6.00000000000001));
#13490=CARTESIAN_POINT('Ctrl Pts',(62.7915979125019,-30.7597229392516,6.00000000000001));
#13491=CARTESIAN_POINT('Ctrl Pts',(62.7936502248074,-30.7882066690023,6.00000000000001));
#13492=CARTESIAN_POINT('Ctrl Pts',(62.7950322265782,-30.8073872609857,6.00000000000001));
#13493=CARTESIAN_POINT('Ctrl Pts',(62.7966702094646,-30.8265579100236,6.00000000000001));
#13494=CARTESIAN_POINT('Ctrl Pts',(62.7985621680784,-30.8456792262335,6.00000000000001));
#13495=CARTESIAN_POINT('Ctrl Pts',(62.8057341143511,-30.9181633976724,6.00000000000001));
#13496=CARTESIAN_POINT('Ctrl Pts',(62.8165551092334,-30.9900140004897,6.00000000000001));
#13497=CARTESIAN_POINT('Ctrl Pts',(62.8310508957772,-31.0609339114064,6.00000000000001));
#13498=CARTESIAN_POINT('Ctrl Pts',(62.8451745415322,-31.1300331421203,6.00000000000001));
#13499=CARTESIAN_POINT('Ctrl Pts',(62.8627872509775,-31.1982495059845,6.00000000000001));
#13500=CARTESIAN_POINT('Ctrl Pts',(62.8839495301441,-31.2652757011695,6.00000000000001));
#13501=CARTESIAN_POINT('Ctrl Pts',(62.9047230497582,-31.3310705982776,6.00000000000001));
#13502=CARTESIAN_POINT('Ctrl Pts',(62.9289173836024,-31.3957191814361,6.00000000000001));
#13503=CARTESIAN_POINT('Ctrl Pts',(62.9566184279444,-31.4588904192353,6.00000000000001));
#13504=CARTESIAN_POINT('Ctrl Pts',(62.9684584164779,-31.4858910883059,6.00000000000001));
#13505=CARTESIAN_POINT('Ctrl Pts',(62.9809393603316,-31.5126213099221,6.00000000000001));
#13506=CARTESIAN_POINT('Ctrl Pts',(62.9940692847809,-31.5390525807276,6.00000000000001));
#13507=CARTESIAN_POINT('Ctrl Pts',(63.0008032406256,-31.5526084097204,6.00000000000001));
#13508=CARTESIAN_POINT('Ctrl Pts',(63.007709548191,-31.5660883972436,6.00000000000001));
#13509=CARTESIAN_POINT('Ctrl Pts',(63.0147773502595,-31.579466608373,6.00000000000001));
#13510=CARTESIAN_POINT('Ctrl Pts',(63.0417798989174,-31.6305780845396,6.00000000000001));
#13511=CARTESIAN_POINT('Ctrl Pts',(63.0711697429927,-31.6802721046812,6.00000000000002));
#13512=CARTESIAN_POINT('Ctrl Pts',(63.1029759173369,-31.7283743181459,6.00000000000002));
#13513=CARTESIAN_POINT('Ctrl Pts',(63.1403622349468,-31.7849156868395,6.00000000000002));
#13514=CARTESIAN_POINT('Ctrl Pts',(63.1810878244413,-31.8392590446978,6.00000000000001));
#13515=CARTESIAN_POINT('Ctrl Pts',(63.2248861110414,-31.891194428538,6.00000000000001));
#13516=CARTESIAN_POINT('Ctrl Pts',(63.2664178983575,-31.9404422298394,6.00000000000001));
#13517=CARTESIAN_POINT('Ctrl Pts',(63.3107136632286,-31.9875247008649,6.00000000000001));
#13518=CARTESIAN_POINT('Ctrl Pts',(63.3575500862341,-32.0322190283732,6.00000000000001));
#13519=CARTESIAN_POINT('Ctrl Pts',(63.3804296184541,-32.054052149706,6.00000000000001));
#13520=CARTESIAN_POINT('Ctrl Pts',(63.4039153961701,-32.0753147156052,6.00000000000001));
#13521=CARTESIAN_POINT('Ctrl Pts',(63.4279806608354,-32.0959768016578,6.00000000000001));
#13522=CARTESIAN_POINT('Ctrl Pts',(63.4394501249083,-32.1058243166113,6.00000000000001));
#13523=CARTESIAN_POINT('Ctrl Pts',(63.4510542476864,-32.1155377143609,6.00000000000001));
#13524=CARTESIAN_POINT('Ctrl Pts',(63.4627691465522,-32.1250969696408,6.00000000000001));
#13525=CARTESIAN_POINT('Ctrl Pts',(63.5121948118654,-32.1654278813733,6.00000000000001));
#13526=CARTESIAN_POINT('Ctrl Pts',(63.56366003755,-32.2030798922791,6.00000000000001));
#13527=CARTESIAN_POINT('Ctrl Pts',(63.6169266490476,-32.2378785249422,6.00000000000001));
#13528=CARTESIAN_POINT('Ctrl Pts',(63.6691772883662,-32.2720134314613,6.00000000000001));
#13529=CARTESIAN_POINT('Ctrl Pts',(63.7231623145825,-32.303402765591,6.00000000000001));
#13530=CARTESIAN_POINT('Ctrl Pts',(63.7786528765466,-32.3318326384499,6.00000000000001));
#13531=CARTESIAN_POINT('Ctrl Pts',(63.8327536561764,-32.3595504742765,6.00000000000001));
#13532=CARTESIAN_POINT('Ctrl Pts',(63.8882863511164,-32.3844550831514,6.00000000000001));
#13533=CARTESIAN_POINT('Ctrl Pts',(63.9450211339445,-32.4063022386497,6.00000000000001));
#13534=CARTESIAN_POINT('Ctrl Pts',(63.9608070648419,-32.4123810084944,6.00000000000001));
#13535=CARTESIAN_POINT('Ctrl Pts',(63.976685910006,-32.4182228049141,6.00000000000001));
#13536=CARTESIAN_POINT('Ctrl Pts',(63.9926523337531,-32.4238217405572,6.00000000000001));
#13537=CARTESIAN_POINT('Ctrl Pts',(64.0061232037726,-32.4285455619646,6.00000000000001));
#13538=CARTESIAN_POINT('Ctrl Pts',(64.0196596602787,-32.4330974083453,6.00000000000001));
#13539=CARTESIAN_POINT('Ctrl Pts',(64.0332340128665,-32.4374661713274,6.00000000000001));
#13540=CARTESIAN_POINT('Ctrl Pts',(64.0881805024249,-32.4551501225897,6.00000000000001));
#13541=CARTESIAN_POINT('Ctrl Pts',(64.143828171832,-32.4698673895102,6.00000000000001));
#13542=CARTESIAN_POINT('Ctrl Pts',(64.1999792879962,-32.4814486454283,6.00000000000001));
#13543=CARTESIAN_POINT('Ctrl Pts',(64.2551807747474,-32.4928340387882,6.00000000000001));
#13544=CARTESIAN_POINT('Ctrl Pts',(64.3108696164731,-32.5011883663553,6.00000000000001));
#13545=CARTESIAN_POINT('Ctrl Pts',(64.3668355898036,-32.5063061581938,6.00000000000001));
#13546=CARTESIAN_POINT('Ctrl Pts',(64.4215214033031,-32.5113068861961,6.00000000000001));
#13547=CARTESIAN_POINT('Ctrl Pts',(64.4764724176648,-32.5132170806635,6.00000000000001));
#13548=CARTESIAN_POINT('Ctrl Pts',(64.5314608611233,-32.5118065664286,6.00000000000001));
#13549=CARTESIAN_POINT('Ctrl Pts',(64.5496666821254,-32.5113395670363,6.00000000000001));
#13550=CARTESIAN_POINT('Ctrl Pts',(64.5678763057012,-32.5105082676165,6.00000000000001));
#13551=CARTESIAN_POINT('Ctrl Pts',(64.5860805100688,-32.5093034729522,6.00000000000001));
#13552=CARTESIAN_POINT('Ctrl Pts',(64.5882209768671,-32.509161812107,6.00000000000001));
#13553=CARTESIAN_POINT('Ctrl Pts',(64.5903613681509,-32.509014987139,6.00000000000001));
#13554=CARTESIAN_POINT('Ctrl Pts',(64.5925016648287,-32.5088630004943,6.00000000000001));
#13555=CARTESIAN_POINT('',(64.6484457793171,-28.7219834317106,6.00000000000001));
#13556=CARTESIAN_POINT('Ctrl Pts',(64.648445779317,-28.7219834317106,6.00000000000002));
#13557=CARTESIAN_POINT('Ctrl Pts',(64.5649642772198,-28.7307180644502,6.00000000000002));
#13558=CARTESIAN_POINT('Ctrl Pts',(64.4821356103594,-28.7441532759449,6.00000000000002));
#13559=CARTESIAN_POINT('Ctrl Pts',(64.4002754456862,-28.7620610867138,6.00000000000002));
#13560=CARTESIAN_POINT('Ctrl Pts',(64.3375309033647,-28.7757871449884,6.00000000000001));
#13561=CARTESIAN_POINT('Ctrl Pts',(64.2753551932157,-28.792142060387,6.00000000000001));
#13562=CARTESIAN_POINT('Ctrl Pts',(64.2138940946369,-28.8110435133395,6.00000000000001));
#13563=CARTESIAN_POINT('Ctrl Pts',(64.1936505761527,-28.8172691084081,6.00000000000001));
#13564=CARTESIAN_POINT('Ctrl Pts',(64.1734846251236,-28.823771099111,6.00000000000001));
#13565=CARTESIAN_POINT('Ctrl Pts',(64.1534015971362,-28.8305469265311,6.00000000000001));
#13566=CARTESIAN_POINT('Ctrl Pts',(64.1373175627684,-28.8359735305851,6.00000000000001));
#13567=CARTESIAN_POINT('Ctrl Pts',(64.1212876225198,-28.8415755703233,6.00000000000001));
#13568=CARTESIAN_POINT('Ctrl Pts',(64.10532657863,-28.8473471133136,6.00000000000001));
#13569=CARTESIAN_POINT('Ctrl Pts',(64.0255453375418,-28.8761961576455,6.00000000000001));
#13570=CARTESIAN_POINT('Ctrl Pts',(63.9474032808435,-28.9093030252385,6.00000000000001));
#13571=CARTESIAN_POINT('Ctrl Pts',(63.8712296562684,-28.9464654750067,6.00000000000001));
#13572=CARTESIAN_POINT('Ctrl Pts',(63.8325338253745,-28.9653438187884,6.00000000000001));
#13573=CARTESIAN_POINT('Ctrl Pts',(63.7943462118477,-28.985269545488,6.00000000000001));
#13574=CARTESIAN_POINT('Ctrl Pts',(63.7567121133506,-29.0062207942693,6.00000000000001));
#13575=CARTESIAN_POINT('Ctrl Pts',(63.7283342813985,-29.0220189943284,6.00000000000001));
#13576=CARTESIAN_POINT('Ctrl Pts',(63.7002711988184,-29.0384003550153,6.00000000000001));
#13577=CARTESIAN_POINT('Ctrl Pts',(63.6725430362287,-29.0553565732658,6.00000000000001));
#13578=CARTESIAN_POINT('Ctrl Pts',(63.6586167928795,-29.0638726954891,6.00000000000001));
#13579=CARTESIAN_POINT('Ctrl Pts',(63.6447813326567,-29.0725300588094,6.00000000000001));
#13580=CARTESIAN_POINT('Ctrl Pts',(63.6310459737918,-29.081322668006,6.00000000000001));
#13581=CARTESIAN_POINT('Ctrl Pts',(63.5593611993804,-29.1272112547516,6.00000000000001));
#13582=CARTESIAN_POINT('Ctrl Pts',(63.4903410206757,-29.1768165333841,6.00000000000001));
#13583=CARTESIAN_POINT('Ctrl Pts',(63.4243086346369,-29.2299328887375,6.00000000000001));
#13584=CARTESIAN_POINT('Ctrl Pts',(63.3592112036956,-29.2822971675695,6.00000000000001));
#13585=CARTESIAN_POINT('Ctrl Pts',(63.2970167750628,-29.3380743703765,6.00000000000001));
#13586=CARTESIAN_POINT('Ctrl Pts',(63.2380626652952,-29.3971088468423,6.00000000000001));
#13587=CARTESIAN_POINT('Ctrl Pts',(63.1915023166046,-29.4437326669602,6.00000000000001));
#13588=CARTESIAN_POINT('Ctrl Pts',(63.1469634794223,-29.4923890602095,6.00000000000001));
#13589=CARTESIAN_POINT('Ctrl Pts',(63.1046296098006,-29.5430166213643,6.00000000000001));
#13590=CARTESIAN_POINT('Ctrl Pts',(63.0706822097333,-29.5836147072071,6.00000000000001));
#13591=CARTESIAN_POINT('Ctrl Pts',(63.0381530471975,-29.6254806856606,6.00000000000001));
#13592=CARTESIAN_POINT('Ctrl Pts',(63.0070764227646,-29.668527177068,6.00000000000001));
#13593=CARTESIAN_POINT('Ctrl Pts',(66.3124147042604,-31.5134933161732,6.00000000000001));
#13594=CARTESIAN_POINT('Ctrl Pts',(66.3434456211063,-31.4674459815354,6.00000000000001));
#13595=CARTESIAN_POINT('Ctrl Pts',(66.3715633942554,-31.4196601618272,6.00000000000001));
#13596=CARTESIAN_POINT('Ctrl Pts',(66.3968470847212,-31.3704504902353,6.00000000000001));
#13597=CARTESIAN_POINT('Ctrl Pts',(66.4226212160191,-31.3202862731701,6.00000000000001));
#13598=CARTESIAN_POINT('Ctrl Pts',(66.4454509399334,-31.268642059739,6.00000000000001));
#13599=CARTESIAN_POINT('Ctrl Pts',(66.4654024223571,-31.2157999474712,6.00000000000001));
#13600=CARTESIAN_POINT('Ctrl Pts',(66.4711804292087,-31.2004967193575,6.00000000000001));
#13601=CARTESIAN_POINT('Ctrl Pts',(66.4767168914845,-31.1850927226299,6.00000000000001));
#13602=CARTESIAN_POINT('Ctrl Pts',(66.4820130253231,-31.1695941079862,6.00000000000001));
#13603=CARTESIAN_POINT('Ctrl Pts',(66.4865908212537,-31.1561976385601,6.00000000000001));
#13604=CARTESIAN_POINT('Ctrl Pts',(66.4909891269867,-31.1427298174908,6.00000000000001));
#13605=CARTESIAN_POINT('Ctrl Pts',(66.4952040991841,-31.1292102057727,6.00000000000001));
#13606=CARTESIAN_POINT('Ctrl Pts',(66.5129897279789,-31.0721624284198,6.00000000000001));
#13607=CARTESIAN_POINT('Ctrl Pts',(66.5275353425366,-31.0141330813521,6.00000000000001));
#13608=CARTESIAN_POINT('Ctrl Pts',(66.5389287345644,-30.9554452594137,6.00000000000001));
#13609=CARTESIAN_POINT('Ctrl Pts',(66.5480157119614,-30.908637872278,6.00000000000001));
#13610=CARTESIAN_POINT('Ctrl Pts',(66.5550972194761,-30.8614104281997,6.00000000000001));
#13611=CARTESIAN_POINT('Ctrl Pts',(66.5602049035043,-30.8139068605618,6.00000000000001));
#13612=CARTESIAN_POINT('Ctrl Pts',(66.5625357507215,-30.7922290203076,6.00000000000001));
#13613=CARTESIAN_POINT('Ctrl Pts',(66.5644553793304,-30.7704934607515,6.00000000000001));
#13614=CARTESIAN_POINT('Ctrl Pts',(66.565965855237,-30.7487128728528,6.00000000000001));
#13615=CARTESIAN_POINT('Ctrl Pts',(66.5668500767387,-30.7359626766692,6.00000000000001));
#13616=CARTESIAN_POINT('Ctrl Pts',(66.5675938924699,-30.7231983472857,6.00000000000001));
#13617=CARTESIAN_POINT('Ctrl Pts',(66.5681973788914,-30.7104350769387,6.00000000000001));
#13618=CARTESIAN_POINT('Ctrl Pts',(66.5711804130817,-30.6473462145086,6.00000000000001));
#13619=CARTESIAN_POINT('Ctrl Pts',(66.5707431899637,-30.584205750014,6.00000000000001));
#13620=CARTESIAN_POINT('Ctrl Pts',(66.5669862431123,-30.5213421282947,6.00000000000001));
#13621=CARTESIAN_POINT('Ctrl Pts',(66.563102650596,-30.4563593908443,6.00000000000001));
#13622=CARTESIAN_POINT('Ctrl Pts',(66.5556724065871,-30.3916717115017,6.00000000000001));
#13623=CARTESIAN_POINT('Ctrl Pts',(66.5447684876266,-30.3276011693331,6.00000000000001));
#13624=CARTESIAN_POINT('Ctrl Pts',(66.5338073793604,-30.263194587449,6.00000000000001));
#13625=CARTESIAN_POINT('Ctrl Pts',(66.519336512977,-30.1994105253367,6.00000000000001));
#13626=CARTESIAN_POINT('Ctrl Pts',(66.5013839872632,-30.1365502602955,6.00000000000001));
#13627=CARTESIAN_POINT('Ctrl Pts',(66.4967890332097,-30.1204611576112,6.00000000000001));
#13628=CARTESIAN_POINT('Ctrl Pts',(66.4919657409446,-30.1044324906361,6.00000000000001));
#13629=CARTESIAN_POINT('Ctrl Pts',(66.486914047283,-30.0884691803495,6.00000000000001));
#13630=CARTESIAN_POINT('Ctrl Pts',(66.4821663897388,-30.0734666216852,6.00000000000001));
#13631=CARTESIAN_POINT('Ctrl Pts',(66.4772153741653,-30.058517538141,6.00000000000001));
#13632=CARTESIAN_POINT('Ctrl Pts',(66.4720707923649,-30.0436536821006,6.00000000000001));
#13633=CARTESIAN_POINT('Ctrl Pts',(66.4495771494563,-29.9786644792871,6.00000000000001));
#13634=CARTESIAN_POINT('Ctrl Pts',(66.4233592508002,-29.9152132456827,6.00000000000001));
#13635=CARTESIAN_POINT('Ctrl Pts',(66.3935157714371,-29.8536426231073,6.00000000000001));
#13636=CARTESIAN_POINT('Ctrl Pts',(66.3915607413751,-29.8496091651915,6.00000000000001));
#13637=CARTESIAN_POINT('Ctrl Pts',(66.3895901364448,-29.84558376825,6.00000000000001));
#13638=CARTESIAN_POINT('Ctrl Pts',(66.3876039776824,-29.8415665248664,6.00000000000001));
#13639=CARTESIAN_POINT('Ctrl Pts',(66.3580302191488,-29.7817500650506,6.00000000000001));
#13640=CARTESIAN_POINT('Ctrl Pts',(66.3250124438178,-29.723741635903,6.00000000000001));
#13641=CARTESIAN_POINT('Ctrl Pts',(66.2888651138535,-29.6676400799544,6.00000000000001));
#13642=CARTESIAN_POINT('Ctrl Pts',(66.2519976709244,-29.6104208907582,6.00000000000001));
#13643=CARTESIAN_POINT('Ctrl Pts',(66.2118745734453,-29.5551845935317,6.00000000000001));
#13644=CARTESIAN_POINT('Ctrl Pts',(66.1687753054381,-29.50203845742,6.00000000000001));
#13645=CARTESIAN_POINT('Ctrl Pts',(66.1509671369006,-29.4800790276486,6.00000000000001));
#13646=CARTESIAN_POINT('Ctrl Pts',(66.1326502450741,-29.458476531997,6.00000000000001));
#13647=CARTESIAN_POINT('Ctrl Pts',(66.1138418572272,-29.4372391040573,6.00000000000001));
#13648=CARTESIAN_POINT('Ctrl Pts',(66.1047582738423,-29.4269824063998,6.00000000000001));
#13649=CARTESIAN_POINT('Ctrl Pts',(66.0955653817128,-29.4168169922735,6.00000000000001));
#13650=CARTESIAN_POINT('Ctrl Pts',(66.0862711775799,-29.4067495083825,6.00000000000001));
#13651=CARTESIAN_POINT('Ctrl Pts',(66.0374725163769,-29.3538907882023,6.00000000000001));
#13652=CARTESIAN_POINT('Ctrl Pts',(65.98584024106,-29.3036805526073,6.00000000000001));
#13653=CARTESIAN_POINT('Ctrl Pts',(65.9317401925205,-29.256221765691,6.00000000000001));
#13654=CARTESIAN_POINT('Ctrl Pts',(65.8764180247699,-29.2076908855551,6.00000000000001));
#13655=CARTESIAN_POINT('Ctrl Pts',(65.8185150305997,-29.162036399481,6.00000000000001));
#13656=CARTESIAN_POINT('Ctrl Pts',(65.7583668583467,-29.119375231548,6.00000000000001));
#13657=CARTESIAN_POINT('Ctrl Pts',(65.6972865380381,-29.0760529209195,6.00000000000001));
#13658=CARTESIAN_POINT('Ctrl Pts',(65.633890404369,-29.0358165680381,6.00000000000001));
#13659=CARTESIAN_POINT('Ctrl Pts',(65.5684795624231,-28.9988080083904,6.00000000000001));
#13660=CARTESIAN_POINT('Ctrl Pts',(65.5416140833815,-28.9836078878294,6.00000000000001));
#13661=CARTESIAN_POINT('Ctrl Pts',(65.514408204771,-28.9689525621687,6.00000000000001));
#13662=CARTESIAN_POINT('Ctrl Pts',(65.4868807144157,-28.9548533114674,6.00000000000001));
#13663=CARTESIAN_POINT('Ctrl Pts',(65.4754369896361,-28.948991972764,6.00000000000001));
#13664=CARTESIAN_POINT('Ctrl Pts',(65.4639373543327,-28.9432266852328,6.00000000000001));
#13665=CARTESIAN_POINT('Ctrl Pts',(65.4523969263511,-28.9375648172051,6.00000000000001));
#13666=CARTESIAN_POINT('Ctrl Pts',(65.3817721848664,-28.902915498617,6.00000000000001));
#13667=CARTESIAN_POINT('Ctrl Pts',(65.3095017845476,-28.8720745662467,6.00000000000001));
#13668=CARTESIAN_POINT('Ctrl Pts',(65.2359655283554,-28.8451573356398,6.00000000000001));
#13669=CARTESIAN_POINT('Ctrl Pts',(65.1614527399082,-28.8178826549088,6.00000000000001));
#13670=CARTESIAN_POINT('Ctrl Pts',(65.0856395892412,-28.7946357094828,6.00000000000001));
#13671=CARTESIAN_POINT('Ctrl Pts',(65.0088728628809,-28.7755604929263,6.00000000000001));
#13672=CARTESIAN_POINT('Ctrl Pts',(64.9325070085706,-28.7565848862077,6.00000000000001));
#13673=CARTESIAN_POINT('Ctrl Pts',(64.8551966505944,-28.7417367670874,6.00000000000001));
#13674=CARTESIAN_POINT('Ctrl Pts',(64.7772473189582,-28.7311938046147,6.00000000000001));
#13675=CARTESIAN_POINT('Ctrl Pts',(64.7375682437652,-28.7258270491604,6.00000000000001));
#13676=CARTESIAN_POINT('Ctrl Pts',(64.6977231030171,-28.7215764878589,6.00000000000001));
#13677=CARTESIAN_POINT('Ctrl Pts',(64.6577497173111,-28.7184701618709,6.00000000000001));
#13678=CARTESIAN_POINT('Ctrl Pts',(64.6545047466879,-28.7182179956758,6.00000000000001));
#13679=CARTESIAN_POINT('Ctrl Pts',(64.6512589302484,-28.7179733717928,6.00000000000001));
#13680=CARTESIAN_POINT('Ctrl Pts',(64.6480122850016,-28.7177362783167,6.00000000000001));
#13681=CARTESIAN_POINT('Ctrl Pts',(64.6484457793171,-28.7219834317106,6.00000000000001));
#13682=CARTESIAN_POINT('Ctrl Pts',(64.0600582542391,-28.7835226699087,6.06070416644935));
#13683=CARTESIAN_POINT('Ctrl Pts',(62.9356914728698,-29.3758138671002,6.18211249934802));
#13684=CARTESIAN_POINT('Ctrl Pts',(62.3299975988821,-31.1876043319403,6.36422499869604));
#13685=CARTESIAN_POINT('Ctrl Pts',(63.1444022140155,-32.9144096187731,6.54633749804407));
#13686=CARTESIAN_POINT('Ctrl Pts',(64.9263514007017,-33.6002405852629,6.72844999739207));
#13687=CARTESIAN_POINT('Ctrl Pts',(66.6878812751259,-32.8654338681494,6.91056249674009));
#13688=CARTESIAN_POINT('Ctrl Pts',(67.454747562522,-31.1150436702997,7.0926749960881));
#13689=CARTESIAN_POINT('Ctrl Pts',(66.9063684914692,-29.6230435652471,7.24443541221145));
#13690=CARTESIAN_POINT('Ctrl Pts',(65.9439875289907,-28.8985949989382,7.36584374511013));
#13691=CARTESIAN_POINT('Ctrl Pts',(64.9731134086736,-28.6310391638981,7.46701735585902));
#13692=CARTESIAN_POINT('Ctrl Pts',(63.877940124129,-28.8314920286862,7.57830832768281));
#13693=CARTESIAN_POINT('Ctrl Pts',(62.5987718690067,-29.8596146829728,7.74018610488106));
#13694=CARTESIAN_POINT('Ctrl Pts',(62.3822109419746,-31.6279812513913,7.90206388207928));
#13695=CARTESIAN_POINT('Ctrl Pts',(63.3762622997064,-32.9283274702133,8.06394165927752));
#13696=CARTESIAN_POINT('Ctrl Pts',(64.8573440991361,-33.6110630920198,8.22581943647576));
#13697=CARTESIAN_POINT('Ctrl Pts',(66.9700412333358,-32.8664404582639,8.42816665797355));
#13698=CARTESIAN_POINT('Ctrl Pts',(67.5386546703923,-30.2238563546015,8.6709833237709));
#13699=CARTESIAN_POINT('Ctrl Pts',(65.5932573595426,-28.3596740403382,8.91379998956825));
#13700=CARTESIAN_POINT('Ctrl Pts',(62.9833087032709,-29.0284125612236,9.15661665536562));
#13701=CARTESIAN_POINT('Ctrl Pts',(62.1797715658657,-31.6054805939311,9.39943332116295));
#13702=CARTESIAN_POINT('Ctrl Pts',(63.9483538092653,-33.6376211190019,9.64224998696033));
#13703=CARTESIAN_POINT('Ctrl Pts',(66.6100648345986,-33.2065275216387,9.88506665275765));
#13704=CARTESIAN_POINT('Ctrl Pts',(67.6390536017707,-30.7146478246955,10.127883318555));
#13705=CARTESIAN_POINT('Ctrl Pts',(66.0641078074506,-28.5261673519771,10.3706999843524));
#13706=CARTESIAN_POINT('Ctrl Pts',(63.3747122781038,-28.7204994181521,10.6135166501497));
#13707=CARTESIAN_POINT('Ctrl Pts',(62.1222682568683,-31.1083235648373,10.8563333159471));
#13708=CARTESIAN_POINT('Ctrl Pts',(63.4978301693254,-33.4262878139992,11.0991499817444));
#13709=CARTESIAN_POINT('Ctrl Pts',(66.1915448768257,-33.4827750800578,11.3419666475418));
#13710=CARTESIAN_POINT('Ctrl Pts',(67.6534394166542,-31.2092709937924,11.5847833133391));
#13711=CARTESIAN_POINT('Ctrl Pts',(66.6877472077563,-29.1914104261656,11.7871305348369));
#13712=CARTESIAN_POINT('Ctrl Pts',(65.1528888458597,-28.6243584842221,11.9490083120352));
#13713=CARTESIAN_POINT('Ctrl Pts',(63.9476826431627,-28.7957391507079,12.0704166449339));
#13714=CARTESIAN_POINT('Ctrl Pts',(62.9755655420217,-29.5414393776505,12.1918249778325));
#13715=CARTESIAN_POINT('Ctrl Pts',(62.4901176791135,-30.6616593653737,12.3132333107312));
#13716=CARTESIAN_POINT('Ctrl Pts',(62.6119954950104,-31.8781743200882,12.4346416436299));
#13717=CARTESIAN_POINT('Ctrl Pts',(63.3101843153406,-32.8811694476847,12.5560499765286));
#13718=CARTESIAN_POINT('Ctrl Pts',(64.4086511820091,-33.4168735315407,12.6774583094272));
#13719=CARTESIAN_POINT('Ctrl Pts',(65.6290770169885,-33.350133190119,12.7988666423259));
#13720=CARTESIAN_POINT('Ctrl Pts',(66.6621959297923,-32.6979777975753,12.9202749752246));
#13721=CARTESIAN_POINT('Ctrl Pts',(67.2479496320793,-31.6242830184515,13.0416833081233));
#13722=CARTESIAN_POINT('Ctrl Pts',(67.2348914902078,-30.4034330134385,13.1630916410219));
#13723=CARTESIAN_POINT('Ctrl Pts',(66.5314430597391,-29.161531728268,13.3047346960704));
#13724=CARTESIAN_POINT('Ctrl Pts',(64.9834017780175,-28.4716211453584,13.4666124732686));
#13725=CARTESIAN_POINT('Ctrl Pts',(63.1847696846811,-29.1206158367435,13.6487249726166));
#13726=CARTESIAN_POINT('Ctrl Pts',(62.3345387854154,-30.8286874150779,13.8308374719647));
#13727=CARTESIAN_POINT('Ctrl Pts',(62.8992846962202,-32.6528888924122,14.0129499713127));
#13728=CARTESIAN_POINT('Ctrl Pts',(64.568678308491,-33.5797685567916,14.1950624706607));
#13729=CARTESIAN_POINT('Ctrl Pts',(66.4157591639018,-33.0986045432274,14.3771749700087));
#13730=CARTESIAN_POINT('Ctrl Pts',(67.4177188841371,-31.4720976377931,14.5592874693567));
#13731=CARTESIAN_POINT('Ctrl Pts',(67.0190193679463,-29.6054459614958,14.7413999687047));
#13732=CARTESIAN_POINT('Ctrl Pts',(65.4405877688504,-28.5308466070815,14.9235124680528));
#13733=CARTESIAN_POINT('Ctrl Pts',(63.5572556692982,-28.8450773981993,15.1056249674008));
#13734=CARTESIAN_POINT('Ctrl Pts',(62.41285091697,-30.3732893859877,15.2877374667488));
#13735=CARTESIAN_POINT('Ctrl Pts',(62.6415798156962,-32.2690445260096,15.4698499660968));
#13736=CARTESIAN_POINT('Ctrl Pts',(64.1168105901166,-33.4809492096983,15.6519624654448));
#13737=CARTESIAN_POINT('Ctrl Pts',(66.0206307427218,-33.3385502909449,15.8340749647928));
#13738=CARTESIAN_POINT('Ctrl Pts',(67.2984733115319,-31.9183499722659,16.0161874641409));
#13739=CARTESIAN_POINT('Ctrl Pts',(67.2595549313286,-30.6481546026049,16.1375957970395));
#13740=CARTESIAN_POINT('Ctrl Pts',(67.0230614280291,-30.1058836551971,16.1982999634889));
#13741=CARTESIAN_POINT('Ctrl Pts',(64.6421706627014,-28.7226655712702,5.93390001217041));
#13742=CARTESIAN_POINT('Ctrl Pts',(64.0539565900363,-28.7858004274078,5.99460417861975));
#13743=CARTESIAN_POINT('Ctrl Pts',(62.9312091105914,-29.3811354961975,6.11601251151842));
#13744=CARTESIAN_POINT('Ctrl Pts',(62.3304373176909,-31.19454920705,6.29812501086644));
#13745=CARTESIAN_POINT('Ctrl Pts',(63.1495177698585,-32.9191259461099,6.48023751021445));
#13746=CARTESIAN_POINT('Ctrl Pts',(64.9333079442352,-33.600114906228,6.66235000956247));
#13747=CARTESIAN_POINT('Ctrl Pts',(66.6928248368716,-32.8605372653331,6.84446250891048));
#13748=CARTESIAN_POINT('Ctrl Pts',(67.4549338428495,-31.1080858822531,7.0265750082585));
#13749=CARTESIAN_POINT('Ctrl Pts',(66.902513024903,-29.6175900043285,7.17833542438184));
#13750=CARTESIAN_POINT('Ctrl Pts',(65.9381772563934,-28.8957603793474,7.29974375728052));
#13751=CARTESIAN_POINT('Ctrl Pts',(64.9665879753677,-28.6308414831566,7.40091736802942));
#13752=CARTESIAN_POINT('Ctrl Pts',(63.871970611685,-28.8342633436803,7.5122083398532));
#13753=CARTESIAN_POINT('Ctrl Pts',(62.595605779856,-29.8658450345837,7.67408611705145));
#13754=CARTESIAN_POINT('Ctrl Pts',(62.3838448284055,-31.6347796094237,7.83596389424967));
#13755=CARTESIAN_POINT('Ctrl Pts',(63.3814130548158,-32.9324146066763,7.99784167144792));
#13756=CARTESIAN_POINT('Ctrl Pts',(64.8643307660608,-33.6111245105427,8.15971944864615));
#13757=CARTESIAN_POINT('Ctrl Pts',(66.9749844107025,-32.8607783433967,8.36206667014394));
#13758=CARTESIAN_POINT('Ctrl Pts',(67.5364222300678,-30.2166807656718,8.6048833359413));
#13759=CARTESIAN_POINT('Ctrl Pts',(65.5859888648599,-28.357796903003,8.84770000173864));
#13760=CARTESIAN_POINT('Ctrl Pts',(62.9778833143239,-29.033608840187,9.09051666753602));
#13761=CARTESIAN_POINT('Ctrl Pts',(62.181346643021,-31.6128284191118,9.33333333333334));
#13762=CARTESIAN_POINT('Ctrl Pts',(63.9554225641564,-33.6401483380874,9.57614999913072));
#13763=CARTESIAN_POINT('Ctrl Pts',(66.6159346437526,-33.2018382691585,9.81896666492805));
#13764=CARTESIAN_POINT('Ctrl Pts',(67.6381515719122,-30.7071944344066,10.0617833307254));
#13765=CARTESIAN_POINT('Ctrl Pts',(66.0572858111461,-28.5230109575435,10.3045999965228));
#13766=CARTESIAN_POINT('Ctrl Pts',(63.3684471983457,-28.7246372174669,10.5474166623201));
#13767=CARTESIAN_POINT('Ctrl Pts',(62.1224951801738,-31.1158328856868,10.7902333281175));
#13768=CARTESIAN_POINT('Ctrl Pts',(63.5043305503583,-33.4300396385508,11.0330499939148));
#13769=CARTESIAN_POINT('Ctrl Pts',(66.1981687673363,-33.4792182236787,11.2758666597122));
#13770=CARTESIAN_POINT('Ctrl Pts',(67.6538791423246,-31.2017731137203,11.5186833255095));
#13771=CARTESIAN_POINT('Ctrl Pts',(66.6827231327451,-29.1865547511015,11.7210305470073));
#13772=CARTESIAN_POINT('Ctrl Pts',(65.1463433029887,-28.6236731458608,11.8829083242056));
#13773=CARTESIAN_POINT('Ctrl Pts',(63.9416153630271,-28.7983216487471,12.0043166571042));
#13774=CARTESIAN_POINT('Ctrl Pts',(62.9715320820829,-29.5466509996288,12.1257249900029));
#13775=CARTESIAN_POINT('Ctrl Pts',(62.4891287395706,-30.6681756409893,12.2471333229016));
#13776=CARTESIAN_POINT('Ctrl Pts',(62.6143056191004,-31.884346509515,12.3685416558003));
#13777=CARTESIAN_POINT('Ctrl Pts',(63.315207860124,-32.8854363746072,12.4899499886989));
#13778=CARTESIAN_POINT('Ctrl Pts',(64.4151159659011,-33.4181543994925,12.6113583215976));
#13779=CARTESIAN_POINT('Ctrl Pts',(65.6353472596705,-33.3481037754464,12.7327666544963));
#13780=CARTESIAN_POINT('Ctrl Pts',(66.6666854662284,-32.6931527280322,12.854174987395));
#13781=CARTESIAN_POINT('Ctrl Pts',(67.2495197637174,-31.6178806515101,12.9755833202937));
#13782=CARTESIAN_POINT('Ctrl Pts',(67.2331495957543,-30.397079552398,13.0969916531923));
#13783=CARTESIAN_POINT('Ctrl Pts',(66.5263396494349,-29.1571004367789,13.2386347082408));
#13784=CARTESIAN_POINT('Ctrl Pts',(64.9764437294874,-28.4713973123322,13.400512485439));
#13785=CARTESIAN_POINT('Ctrl Pts',(63.1795922192546,-29.1252645333767,13.582624984787));
#13786=CARTESIAN_POINT('Ctrl Pts',(62.3340047112559,-30.8356239326498,13.7647374841351));
#13787=CARTESIAN_POINT('Ctrl Pts',(62.9036934517177,-32.6582731118068,13.9468499834831));
#13788=CARTESIAN_POINT('Ctrl Pts',(64.575583260325,-33.5806134721131,14.1289624828311));
#13789=CARTESIAN_POINT('Ctrl Pts',(66.4213383229273,-33.0944436342525,14.3110749821791));
#13790=CARTESIAN_POINT('Ctrl Pts',(67.4188742619316,-31.4652363665297,14.4931874815271));
#13791=CARTESIAN_POINT('Ctrl Pts',(67.0151149152688,-29.5996869726527,14.6752999808751));
#13792=CARTESIAN_POINT('Ctrl Pts',(65.433785351519,-28.529381772995,14.8574124802231));
#13793=CARTESIAN_POINT('Ctrl Pts',(63.5513265546099,-28.8487185812298,15.0395249795712));
#13794=CARTESIAN_POINT('Ctrl Pts',(62.4110804817651,-30.3800184704197,15.2216374789192));
#13795=CARTESIAN_POINT('Ctrl Pts',(62.644950045366,-32.2751321375668,15.4037499782672));
#13796=CARTESIAN_POINT('Ctrl Pts',(64.1234524336871,-33.4830211347354,15.5858624776152));
#13797=CARTESIAN_POINT('Ctrl Pts',(66.0268652379061,-33.3354587175514,15.7679749769632));
#13798=CARTESIAN_POINT('Ctrl Pts',(67.3008406900073,-31.9118072876843,15.9500874763112));
#13799=CARTESIAN_POINT('Ctrl Pts',(67.2584766950851,-30.6417315276505,16.0714958092099));
#13800=CARTESIAN_POINT('Ctrl Pts',(67.0205146199089,-30.1001081750165,16.1321999756593));
#13801=CARTESIAN_POINT('Ctrl Pts',(64.6358955460858,-28.7233477108298,5.8678000243408));
#13802=CARTESIAN_POINT('Ctrl Pts',(64.0478549258337,-28.7880781849068,5.92850419079014));
#13803=CARTESIAN_POINT('Ctrl Pts',(62.9267267483129,-29.3864571252949,6.04991252368882));
#13804=CARTESIAN_POINT('Ctrl Pts',(62.3308770364997,-31.2014940821595,6.23202502303683));
#13805=CARTESIAN_POINT('Ctrl Pts',(63.1546333257015,-32.9238422734468,6.41413752238485));
#13806=CARTESIAN_POINT('Ctrl Pts',(64.9402644877686,-33.5999892271931,6.59625002173286));
#13807=CARTESIAN_POINT('Ctrl Pts',(66.6977683986175,-32.8556406625167,6.77836252108088));
#13808=CARTESIAN_POINT('Ctrl Pts',(67.455120123177,-31.1011280942067,6.9604750204289));
#13809=CARTESIAN_POINT('Ctrl Pts',(66.8986575583368,-29.6121364434097,7.11223543655223));
#13810=CARTESIAN_POINT('Ctrl Pts',(65.932366983796,-28.8929257597566,7.23364376945092));
#13811=CARTESIAN_POINT('Ctrl Pts',(64.9600625420618,-28.6306438024151,7.33481738019981));
#13812=CARTESIAN_POINT('Ctrl Pts',(63.8660010992411,-28.8370346586745,7.4461083520236));
#13813=CARTESIAN_POINT('Ctrl Pts',(62.5924396907052,-29.8720753861946,7.60798612922183));
#13814=CARTESIAN_POINT('Ctrl Pts',(62.3854787148367,-31.641577967456,7.76986390642008));
#13815=CARTESIAN_POINT('Ctrl Pts',(63.386563809925,-32.9365017431393,7.93174168361831));
#13816=CARTESIAN_POINT('Ctrl Pts',(64.8713174329858,-33.6111859290655,8.09361946081654));
#13817=CARTESIAN_POINT('Ctrl Pts',(66.9799275880691,-32.8551162285296,8.29596668231434));
#13818=CARTESIAN_POINT('Ctrl Pts',(67.5341897897433,-30.2095051767421,8.53878334811169));
#13819=CARTESIAN_POINT('Ctrl Pts',(65.578720370177,-28.3559197656678,8.78160001390904));
#13820=CARTESIAN_POINT('Ctrl Pts',(62.9724579253768,-29.0388051191504,9.02441667970639));
#13821=CARTESIAN_POINT('Ctrl Pts',(62.1829217201765,-31.6201762442924,9.26723334550376));
#13822=CARTESIAN_POINT('Ctrl Pts',(63.9624913190473,-33.6426755571728,9.5100500113011));
#13823=CARTESIAN_POINT('Ctrl Pts',(66.6218044529068,-33.1971490166784,9.75286667709845));
#13824=CARTESIAN_POINT('Ctrl Pts',(67.6372495420536,-30.6997410441178,9.99568334289582));
#13825=CARTESIAN_POINT('Ctrl Pts',(66.0504638148416,-28.5198545631098,10.2385000086932));
#13826=CARTESIAN_POINT('Ctrl Pts',(63.3621821185877,-28.7287750167819,10.4813166744905));
#13827=CARTESIAN_POINT('Ctrl Pts',(62.1227221034795,-31.1233422065361,10.7241333402879));
#13828=CARTESIAN_POINT('Ctrl Pts',(63.5108309313911,-33.4337914631025,10.9669500060852));
#13829=CARTESIAN_POINT('Ctrl Pts',(66.204792657847,-33.4756613672995,11.2097666718826));
#13830=CARTESIAN_POINT('Ctrl Pts',(67.654318867995,-31.1942752336484,11.4525833376799));
#13831=CARTESIAN_POINT('Ctrl Pts',(66.6776990577338,-29.1816990760374,11.6549305591777));
#13832=CARTESIAN_POINT('Ctrl Pts',(65.1397977601176,-28.6229878074996,11.816808336376));
#13833=CARTESIAN_POINT('Ctrl Pts',(63.9355480828915,-28.8009041467863,11.9382166692746));
#13834=CARTESIAN_POINT('Ctrl Pts',(62.9674986221441,-29.5518626216072,12.0596250021733));
#13835=CARTESIAN_POINT('Ctrl Pts',(62.4881398000278,-30.6746919166048,12.181033335072));
#13836=CARTESIAN_POINT('Ctrl Pts',(62.6166157431903,-31.8905186989417,12.3024416679707));
#13837=CARTESIAN_POINT('Ctrl Pts',(63.3202314049074,-32.8897033015298,12.4238500008693));
#13838=CARTESIAN_POINT('Ctrl Pts',(64.4215807497931,-33.4194352674443,12.545258333768));
#13839=CARTESIAN_POINT('Ctrl Pts',(65.6416175023526,-33.3460743607739,12.6666666666667));
#13840=CARTESIAN_POINT('Ctrl Pts',(66.6711750026646,-32.6883276584891,12.7880749995654));
#13841=CARTESIAN_POINT('Ctrl Pts',(67.2510898953554,-31.6114782845687,12.909483332464));
#13842=CARTESIAN_POINT('Ctrl Pts',(67.2314077013007,-30.3907260913576,13.0308916653627));
#13843=CARTESIAN_POINT('Ctrl Pts',(66.5212362391307,-29.1526691452897,13.1725347204112));
#13844=CARTESIAN_POINT('Ctrl Pts',(64.9694856809574,-28.471173479306,13.3344124976094));
#13845=CARTESIAN_POINT('Ctrl Pts',(63.1744147538279,-29.1299132300099,13.5165249969574));
#13846=CARTESIAN_POINT('Ctrl Pts',(62.3334706370963,-30.8425604502219,13.6986374963055));
#13847=CARTESIAN_POINT('Ctrl Pts',(62.9081022072151,-32.6636573312014,13.8807499956535));
#13848=CARTESIAN_POINT('Ctrl Pts',(64.5824882121592,-33.5814583874346,14.0628624950015));
#13849=CARTESIAN_POINT('Ctrl Pts',(66.4269174819528,-33.0902827252776,14.2449749943495));
#13850=CARTESIAN_POINT('Ctrl Pts',(67.4200296397261,-31.4583750952663,14.4270874936975));
#13851=CARTESIAN_POINT('Ctrl Pts',(67.0112104625913,-29.5939279838096,14.6091999930455));
#13852=CARTESIAN_POINT('Ctrl Pts',(65.4269829341876,-28.5279169389086,14.7913124923935));
#13853=CARTESIAN_POINT('Ctrl Pts',(63.5453974399217,-28.8523597642603,14.9734249917416));
#13854=CARTESIAN_POINT('Ctrl Pts',(62.4093100465603,-30.3867475548518,15.1555374910896));
#13855=CARTESIAN_POINT('Ctrl Pts',(62.6483202750358,-32.2812197491239,15.3376499904376));
#13856=CARTESIAN_POINT('Ctrl Pts',(64.1300942772576,-33.4850930597725,15.5197624897856));
#13857=CARTESIAN_POINT('Ctrl Pts',(66.0330997330904,-33.332367144158,15.7018749891336));
#13858=CARTESIAN_POINT('Ctrl Pts',(67.3032080684827,-31.9052646031028,15.8839874884816));
#13859=CARTESIAN_POINT('Ctrl Pts',(67.2573984588416,-30.6353084526961,16.0053958213803));
#13860=CARTESIAN_POINT('Ctrl Pts',(67.0179678117886,-30.0943326948358,16.0660999878297));
#13861=CARTESIAN_POINT('Ctrl Pts',(64.6296204294701,-28.7240298503894,5.8017000365112));
#13862=CARTESIAN_POINT('Ctrl Pts',(64.041753261631,-28.7903559424059,5.86240420296054));
#13863=CARTESIAN_POINT('Ctrl Pts',(62.9222443860344,-29.3917787543922,5.98381253585922));
#13864=CARTESIAN_POINT('Ctrl Pts',(62.3313167553085,-31.2084389572692,6.16592503520722));
#13865=CARTESIAN_POINT('Ctrl Pts',(63.1597488815446,-32.9285586007836,6.34803753455525));
#13866=CARTESIAN_POINT('Ctrl Pts',(64.947221031302,-33.5998635481582,6.53015003390325));
#13867=CARTESIAN_POINT('Ctrl Pts',(66.7027119603633,-32.8507440597003,6.71226253325128));
#13868=CARTESIAN_POINT('Ctrl Pts',(67.4553064035044,-31.0941703061601,6.89437503259929));
#13869=CARTESIAN_POINT('Ctrl Pts',(66.8948020917707,-29.6066828824911,7.04613544872263));
#13870=CARTESIAN_POINT('Ctrl Pts',(65.9265567111987,-28.8900911401657,7.16754378162132));
#13871=CARTESIAN_POINT('Ctrl Pts',(64.953537108756,-28.6304461216736,7.26871739237021));
#13872=CARTESIAN_POINT('Ctrl Pts',(63.860031586797,-28.8398059736686,7.380008364194));
#13873=CARTESIAN_POINT('Ctrl Pts',(62.5892736015546,-29.8783057378055,7.54188614139223));
#13874=CARTESIAN_POINT('Ctrl Pts',(62.3871126012676,-31.6483763254884,7.70376391859047));
#13875=CARTESIAN_POINT('Ctrl Pts',(63.3917145650343,-32.9405888796023,7.8656416957887));
#13876=CARTESIAN_POINT('Ctrl Pts',(64.8783040999106,-33.6112473475884,8.02751947298694));
#13877=CARTESIAN_POINT('Ctrl Pts',(66.9848707654358,-32.8494541136623,8.22986669448473));
#13878=CARTESIAN_POINT('Ctrl Pts',(67.5319573494189,-30.2023295878125,8.47268336028209));
#13879=CARTESIAN_POINT('Ctrl Pts',(65.5714518754941,-28.3540426283325,8.71550002607943));
#13880=CARTESIAN_POINT('Ctrl Pts',(62.9670325364298,-29.0440013981139,8.95831669187681));
#13881=CARTESIAN_POINT('Ctrl Pts',(62.1844967973318,-31.627524069473,9.20113335767413));
#13882=CARTESIAN_POINT('Ctrl Pts',(63.9695600739384,-33.6452027762583,9.44395002347151));
#13883=CARTESIAN_POINT('Ctrl Pts',(66.6276742620609,-33.1924597641982,9.68676668926885));
#13884=CARTESIAN_POINT('Ctrl Pts',(67.6363475121949,-30.6922876538289,9.92958335506621));
#13885=CARTESIAN_POINT('Ctrl Pts',(66.0436418185372,-28.5166981686762,10.1724000208636));
#13886=CARTESIAN_POINT('Ctrl Pts',(63.3559170388295,-28.7329128160967,10.4152166866609));
#13887=CARTESIAN_POINT('Ctrl Pts',(62.1229490267852,-31.1308515273854,10.6580333524583));
#13888=CARTESIAN_POINT('Ctrl Pts',(63.5173313124238,-33.4375432876542,10.9008500182556));
#13889=CARTESIAN_POINT('Ctrl Pts',(66.2114165483578,-33.4721045109203,11.143666684053));
#13890=CARTESIAN_POINT('Ctrl Pts',(67.6547585936652,-31.1867773535764,11.3864833498503));
#13891=CARTESIAN_POINT('Ctrl Pts',(66.6726749827225,-29.1768434009733,11.5888305713481));
#13892=CARTESIAN_POINT('Ctrl Pts',(65.1332522172466,-28.6223024691384,11.7507083485464));
#13893=CARTESIAN_POINT('Ctrl Pts',(63.9294808027558,-28.8034866448255,11.872116681445));
#13894=CARTESIAN_POINT('Ctrl Pts',(62.9634651622054,-29.5570742435855,11.9935250143437));
#13895=CARTESIAN_POINT('Ctrl Pts',(62.4871508604848,-30.6812081922203,12.1149333472424));
#13896=CARTESIAN_POINT('Ctrl Pts',(62.6189258672804,-31.8966908883685,12.2363416801411));
#13897=CARTESIAN_POINT('Ctrl Pts',(63.3252549496908,-32.8939702284523,12.3577500130397));
#13898=CARTESIAN_POINT('Ctrl Pts',(64.428045533685,-33.4207161353961,12.4791583459384));
#13899=CARTESIAN_POINT('Ctrl Pts',(65.6478877450347,-33.3440449461012,12.6005666788371));
#13900=CARTESIAN_POINT('Ctrl Pts',(66.6756645391006,-32.683502588946,12.7219750117358));
#13901=CARTESIAN_POINT('Ctrl Pts',(67.2526600269936,-31.6050759176272,12.8433833446344));
#13902=CARTESIAN_POINT('Ctrl Pts',(67.2296658068471,-30.3843726303172,12.9647916775331));
#13903=CARTESIAN_POINT('Ctrl Pts',(66.5161328288265,-29.1482378538006,13.1064347325816));
#13904=CARTESIAN_POINT('Ctrl Pts',(64.9625276324273,-28.4709496462799,13.2683125097798));
#13905=CARTESIAN_POINT('Ctrl Pts',(63.1692372884013,-29.134561926643,13.4504250091278));
#13906=CARTESIAN_POINT('Ctrl Pts',(62.3329365629368,-30.8494969677939,13.6325375084759));
#13907=CARTESIAN_POINT('Ctrl Pts',(62.9125109627126,-32.6690415505959,13.8146500078238));
#13908=CARTESIAN_POINT('Ctrl Pts',(64.5893931639932,-33.5823033027562,13.9967625071719));
#13909=CARTESIAN_POINT('Ctrl Pts',(66.4324966409784,-33.0861218163026,14.1788750065199));
#13910=CARTESIAN_POINT('Ctrl Pts',(67.4211850175206,-31.4515138240029,14.3609875058679));
#13911=CARTESIAN_POINT('Ctrl Pts',(67.0073060099139,-29.5881689949665,14.5431000052159));
#13912=CARTESIAN_POINT('Ctrl Pts',(65.420180516856,-28.5264521048221,14.7252125045639));
#13913=CARTESIAN_POINT('Ctrl Pts',(63.5394683252336,-28.8560009472907,14.907325003912));
#13914=CARTESIAN_POINT('Ctrl Pts',(62.4075396113553,-30.3934766392838,15.08943750326));
#13915=CARTESIAN_POINT('Ctrl Pts',(62.6516905047056,-32.287307360681,15.271550002608));
#13916=CARTESIAN_POINT('Ctrl Pts',(64.136736120828,-33.4871649848096,15.453662501956));
#13917=CARTESIAN_POINT('Ctrl Pts',(66.0393342282748,-33.3292755707645,15.635775001304));
#13918=CARTESIAN_POINT('Ctrl Pts',(67.305575446958,-31.8987219185212,15.817887500652));
#13919=CARTESIAN_POINT('Ctrl Pts',(67.2563202225981,-30.6288853777417,15.9392958335507));
#13920=CARTESIAN_POINT('Ctrl Pts',(67.0154210036683,-30.0885572146552,16.));
#13921=CARTESIAN_POINT('',(67.0154210036683,-30.0885572146552,16.));
#13922=CARTESIAN_POINT('Ctrl Pts',(63.0068298814897,-29.6688687941998,6.00004329980045));
#13923=CARTESIAN_POINT('Ctrl Pts',(62.6920366419295,-30.1051441578366,6.05533721160271));
#13924=CARTESIAN_POINT('Ctrl Pts',(62.3559280740088,-31.2595408054574,6.1713352898543));
#13925=CARTESIAN_POINT('Ctrl Pts',(63.1597488815446,-32.9285586007836,6.34803753455525));
#13926=CARTESIAN_POINT('Ctrl Pts',(64.947221031302,-33.5998635481582,6.53015003390325));
#13927=CARTESIAN_POINT('Ctrl Pts',(66.7027119603633,-32.8507440597003,6.71226253325128));
#13928=CARTESIAN_POINT('Ctrl Pts',(67.4553064035044,-31.0941703061601,6.89437503259929));
#13929=CARTESIAN_POINT('Ctrl Pts',(66.8948020917707,-29.6066828824911,7.04613544872263));
#13930=CARTESIAN_POINT('Ctrl Pts',(65.9265567111987,-28.8900911401657,7.16754378162132));
#13931=CARTESIAN_POINT('Ctrl Pts',(64.953537108756,-28.6304461216736,7.26871739237021));
#13932=CARTESIAN_POINT('Ctrl Pts',(63.860031586797,-28.8398059736686,7.380008364194));
#13933=CARTESIAN_POINT('Ctrl Pts',(62.5892736015546,-29.8783057378055,7.54188614139223));
#13934=CARTESIAN_POINT('Ctrl Pts',(62.3871126012676,-31.6483763254884,7.70376391859047));
#13935=CARTESIAN_POINT('Ctrl Pts',(63.3917145650343,-32.9405888796023,7.8656416957887));
#13936=CARTESIAN_POINT('Ctrl Pts',(64.8783040999106,-33.6112473475884,8.02751947298694));
#13937=CARTESIAN_POINT('Ctrl Pts',(66.9848707654358,-32.8494541136623,8.22986669448473));
#13938=CARTESIAN_POINT('Ctrl Pts',(67.5319573494189,-30.2023295878125,8.47268336028209));
#13939=CARTESIAN_POINT('Ctrl Pts',(65.5714518754941,-28.3540426283325,8.71550002607943));
#13940=CARTESIAN_POINT('Ctrl Pts',(62.9670325364298,-29.0440013981139,8.95831669187681));
#13941=CARTESIAN_POINT('Ctrl Pts',(62.1844967973318,-31.627524069473,9.20113335767413));
#13942=CARTESIAN_POINT('Ctrl Pts',(63.9695600739384,-33.6452027762583,9.44395002347151));
#13943=CARTESIAN_POINT('Ctrl Pts',(66.6276742620609,-33.1924597641982,9.68676668926885));
#13944=CARTESIAN_POINT('Ctrl Pts',(67.6363475121949,-30.6922876538289,9.92958335506621));
#13945=CARTESIAN_POINT('Ctrl Pts',(66.0436418185372,-28.5166981686762,10.1724000208636));
#13946=CARTESIAN_POINT('Ctrl Pts',(63.3559170388295,-28.7329128160967,10.4152166866609));
#13947=CARTESIAN_POINT('Ctrl Pts',(62.1229490267852,-31.1308515273854,10.6580333524583));
#13948=CARTESIAN_POINT('Ctrl Pts',(63.5173313124238,-33.4375432876542,10.9008500182556));
#13949=CARTESIAN_POINT('Ctrl Pts',(66.2114165483578,-33.4721045109203,11.143666684053));
#13950=CARTESIAN_POINT('Ctrl Pts',(67.6547585936652,-31.1867773535764,11.3864833498503));
#13951=CARTESIAN_POINT('Ctrl Pts',(66.6726749827225,-29.1768434009733,11.5888305713481));
#13952=CARTESIAN_POINT('Ctrl Pts',(65.1332522172466,-28.6223024691384,11.7507083485464));
#13953=CARTESIAN_POINT('Ctrl Pts',(63.9294808027558,-28.8034866448255,11.872116681445));
#13954=CARTESIAN_POINT('Ctrl Pts',(62.9634651622054,-29.5570742435855,11.9935250143437));
#13955=CARTESIAN_POINT('Ctrl Pts',(62.4871508604848,-30.6812081922203,12.1149333472424));
#13956=CARTESIAN_POINT('Ctrl Pts',(62.6189258672804,-31.8966908883685,12.2363416801411));
#13957=CARTESIAN_POINT('Ctrl Pts',(63.3252549496908,-32.8939702284523,12.3577500130397));
#13958=CARTESIAN_POINT('Ctrl Pts',(64.428045533685,-33.4207161353961,12.4791583459384));
#13959=CARTESIAN_POINT('Ctrl Pts',(65.6478877450347,-33.3440449461012,12.6005666788371));
#13960=CARTESIAN_POINT('Ctrl Pts',(66.6756645391006,-32.683502588946,12.7219750117358));
#13961=CARTESIAN_POINT('Ctrl Pts',(67.2526600269936,-31.6050759176272,12.8433833446344));
#13962=CARTESIAN_POINT('Ctrl Pts',(67.2296658068471,-30.3843726303172,12.9647916775331));
#13963=CARTESIAN_POINT('Ctrl Pts',(66.5161328288265,-29.1482378538006,13.1064347325816));
#13964=CARTESIAN_POINT('Ctrl Pts',(64.9625276324273,-28.4709496462799,13.2683125097798));
#13965=CARTESIAN_POINT('Ctrl Pts',(63.1692372884013,-29.134561926643,13.4504250091278));
#13966=CARTESIAN_POINT('Ctrl Pts',(62.3329365629368,-30.8494969677939,13.6325375084759));
#13967=CARTESIAN_POINT('Ctrl Pts',(62.9125109627126,-32.6690415505959,13.8146500078238));
#13968=CARTESIAN_POINT('Ctrl Pts',(64.5893931639932,-33.5823033027562,13.9967625071719));
#13969=CARTESIAN_POINT('Ctrl Pts',(66.4324966409784,-33.0861218163026,14.1788750065199));
#13970=CARTESIAN_POINT('Ctrl Pts',(67.4211850175206,-31.4515138240029,14.3609875058679));
#13971=CARTESIAN_POINT('Ctrl Pts',(67.0073060099139,-29.5881689949665,14.5431000052159));
#13972=CARTESIAN_POINT('Ctrl Pts',(65.420180516856,-28.5264521048221,14.7252125045639));
#13973=CARTESIAN_POINT('Ctrl Pts',(63.5394683252336,-28.8560009472907,14.907325003912));
#13974=CARTESIAN_POINT('Ctrl Pts',(62.4075396113553,-30.3934766392838,15.08943750326));
#13975=CARTESIAN_POINT('Ctrl Pts',(62.6516905047056,-32.287307360681,15.271550002608));
#13976=CARTESIAN_POINT('Ctrl Pts',(64.136736120828,-33.4871649848096,15.453662501956));
#13977=CARTESIAN_POINT('Ctrl Pts',(66.0393342282748,-33.3292755707645,15.635775001304));
#13978=CARTESIAN_POINT('Ctrl Pts',(67.305575446958,-31.8987219185212,15.817887500652));
#13979=CARTESIAN_POINT('Ctrl Pts',(67.2563202225981,-30.6288853777417,15.9392958335507));
#13980=CARTESIAN_POINT('Ctrl Pts',(67.0154210036683,-30.0885572146552,16.));
#13981=CARTESIAN_POINT('',(67.0154210036683,-31.9833349731962,16.));
#13982=CARTESIAN_POINT('Ctrl Pts',(67.0163770035144,-31.9832888984795,16.));
#13983=CARTESIAN_POINT('Ctrl Pts',(67.0381183873585,-31.9348513263758,16.));
#13984=CARTESIAN_POINT('Ctrl Pts',(67.0581110981786,-31.885746244205,16.));
#13985=CARTESIAN_POINT('Ctrl Pts',(67.0762965972959,-31.8360471034503,16.));
#13986=CARTESIAN_POINT('Ctrl Pts',(67.1050088064465,-31.7575795225089,16.));
#13987=CARTESIAN_POINT('Ctrl Pts',(67.1292188196536,-31.6776320795498,16.));
#13988=CARTESIAN_POINT('Ctrl Pts',(67.1489996855018,-31.5965871618226,16.));
#13989=CARTESIAN_POINT('Ctrl Pts',(67.1690472064853,-31.5144497214697,16.));
#13990=CARTESIAN_POINT('Ctrl Pts',(67.184545446509,-31.4311840567575,16.));
#13991=CARTESIAN_POINT('Ctrl Pts',(67.1955185413081,-31.3471730512659,16.));
#13992=CARTESIAN_POINT('Ctrl Pts',(67.2024430654839,-31.2941582683619,16.));
#13993=CARTESIAN_POINT('Ctrl Pts',(67.2075645517777,-31.2408464214995,16.));
#13994=CARTESIAN_POINT('Ctrl Pts',(67.210878418469,-31.1873333540489,16.));
#13995=CARTESIAN_POINT('Ctrl Pts',(67.2121620744379,-31.1666045876726,16.));
#13996=CARTESIAN_POINT('Ctrl Pts',(67.213174415145,-31.145845636656,16.));
#13997=CARTESIAN_POINT('Ctrl Pts',(67.2139148427004,-31.1250621210244,16.));
#13998=CARTESIAN_POINT('Ctrl Pts',(67.2144851452977,-31.1090539472904,16.));
#13999=CARTESIAN_POINT('Ctrl Pts',(67.2148940545582,-31.0930298834412,16.));
#14000=CARTESIAN_POINT('Ctrl Pts',(67.2151412282239,-31.0770105274196,16.));
#14001=CARTESIAN_POINT('Ctrl Pts',(67.2164489938748,-30.9922540728801,16.));
#14002=CARTESIAN_POINT('Ctrl Pts',(67.2132385439484,-30.9075155290564,16.));
#14003=CARTESIAN_POINT('Ctrl Pts',(67.2055405727592,-30.8231768588446,16.));
#14004=CARTESIAN_POINT('Ctrl Pts',(67.1997670943673,-30.7599228561858,16.));
#14005=CARTESIAN_POINT('Ctrl Pts',(67.1914683161314,-30.696893493914,16.));
#14006=CARTESIAN_POINT('Ctrl Pts',(67.1806382072744,-30.634251559895,16.));
#14007=CARTESIAN_POINT('Ctrl Pts',(67.1775483430622,-30.6163796185633,16.));
#14008=CARTESIAN_POINT('Ctrl Pts',(67.1742519376754,-30.5985372411932,16.));
#14009=CARTESIAN_POINT('Ctrl Pts',(67.1707498659458,-30.5807346187204,16.));
#14010=CARTESIAN_POINT('Ctrl Pts',(67.1540885305289,-30.4960374773648,16.));
#14011=CARTESIAN_POINT('Ctrl Pts',(67.1328100890438,-30.4124047217392,16.));
#14012=CARTESIAN_POINT('Ctrl Pts',(67.106926945263,-30.3302385985674,16.));
#14013=CARTESIAN_POINT('Ctrl Pts',(67.0810438014822,-30.2480724753956,16.));
#14014=CARTESIAN_POINT('Ctrl Pts',(67.0505559035449,-30.1673718820115,16.));
#14015=CARTESIAN_POINT('Ctrl Pts',(67.0154210036683,-30.0885572146552,16.));
#14016=CARTESIAN_POINT('Ctrl Pts',(67.0162011863726,-31.9836804318924,15.9999558884958));
#14017=CARTESIAN_POINT('Ctrl Pts',(66.7957681050593,-32.4744459829069,15.9446622472614));
#14018=CARTESIAN_POINT('Ctrl Pts',(65.964068634259,-33.3427809337797,15.8286644395778));
#14019=CARTESIAN_POINT('Ctrl Pts',(64.1168105901166,-33.4809492096983,15.6519624654448));
#14020=CARTESIAN_POINT('Ctrl Pts',(62.6415798156962,-32.2690445260096,15.4698499660968));
#14021=CARTESIAN_POINT('Ctrl Pts',(62.41285091697,-30.3732893859877,15.2877374667488));
#14022=CARTESIAN_POINT('Ctrl Pts',(63.5572556692982,-28.8450773981993,15.1056249674008));
#14023=CARTESIAN_POINT('Ctrl Pts',(65.4405877688504,-28.5308466070815,14.9235124680528));
#14024=CARTESIAN_POINT('Ctrl Pts',(67.0190193679463,-29.6054459614958,14.7413999687047));
#14025=CARTESIAN_POINT('Ctrl Pts',(67.4177188841371,-31.4720976377931,14.5592874693567));
#14026=CARTESIAN_POINT('Ctrl Pts',(66.4157591639018,-33.0986045432274,14.3771749700087));
#14027=CARTESIAN_POINT('Ctrl Pts',(64.568678308491,-33.5797685567916,14.1950624706607));
#14028=CARTESIAN_POINT('Ctrl Pts',(62.8992846962202,-32.6528888924122,14.0129499713127));
#14029=CARTESIAN_POINT('Ctrl Pts',(62.3345387854154,-30.8286874150779,13.8308374719647));
#14030=CARTESIAN_POINT('Ctrl Pts',(63.1847696846811,-29.1206158367435,13.6487249726166));
#14031=CARTESIAN_POINT('Ctrl Pts',(64.9834017780175,-28.4716211453584,13.4666124732686));
#14032=CARTESIAN_POINT('Ctrl Pts',(66.5314430597391,-29.161531728268,13.3047346960704));
#14033=CARTESIAN_POINT('Ctrl Pts',(67.2348914902078,-30.4034330134385,13.1630916410219));
#14034=CARTESIAN_POINT('Ctrl Pts',(67.2479496320793,-31.6242830184515,13.0416833081233));
#14035=CARTESIAN_POINT('Ctrl Pts',(66.6621959297923,-32.6979777975753,12.9202749752246));
#14036=CARTESIAN_POINT('Ctrl Pts',(65.6290770169885,-33.350133190119,12.7988666423259));
#14037=CARTESIAN_POINT('Ctrl Pts',(64.4086511820091,-33.4168735315407,12.6774583094272));
#14038=CARTESIAN_POINT('Ctrl Pts',(63.3101843153406,-32.8811694476847,12.5560499765286));
#14039=CARTESIAN_POINT('Ctrl Pts',(62.6119954950104,-31.8781743200882,12.4346416436299));
#14040=CARTESIAN_POINT('Ctrl Pts',(62.4901176791135,-30.6616593653737,12.3132333107312));
#14041=CARTESIAN_POINT('Ctrl Pts',(62.9755655420217,-29.5414393776505,12.1918249778325));
#14042=CARTESIAN_POINT('Ctrl Pts',(63.9476826431627,-28.7957391507079,12.0704166449339));
#14043=CARTESIAN_POINT('Ctrl Pts',(65.1528888458597,-28.6243584842221,11.9490083120352));
#14044=CARTESIAN_POINT('Ctrl Pts',(66.6877472077563,-29.1914104261656,11.7871305348369));
#14045=CARTESIAN_POINT('Ctrl Pts',(67.6534394166542,-31.2092709937924,11.5847833133391));
#14046=CARTESIAN_POINT('Ctrl Pts',(66.1915448768257,-33.4827750800578,11.3419666475418));
#14047=CARTESIAN_POINT('Ctrl Pts',(63.4978301693254,-33.4262878139992,11.0991499817444));
#14048=CARTESIAN_POINT('Ctrl Pts',(62.1222682568683,-31.1083235648373,10.8563333159471));
#14049=CARTESIAN_POINT('Ctrl Pts',(63.3747122781038,-28.7204994181521,10.6135166501497));
#14050=CARTESIAN_POINT('Ctrl Pts',(66.0641078074506,-28.5261673519771,10.3706999843524));
#14051=CARTESIAN_POINT('Ctrl Pts',(67.6390536017707,-30.7146478246955,10.127883318555));
#14052=CARTESIAN_POINT('Ctrl Pts',(66.6100648345986,-33.2065275216387,9.88506665275765));
#14053=CARTESIAN_POINT('Ctrl Pts',(63.9483538092653,-33.6376211190019,9.64224998696033));
#14054=CARTESIAN_POINT('Ctrl Pts',(62.1797715658657,-31.6054805939311,9.39943332116295));
#14055=CARTESIAN_POINT('Ctrl Pts',(62.9833087032709,-29.0284125612236,9.15661665536562));
#14056=CARTESIAN_POINT('Ctrl Pts',(65.5932573595426,-28.3596740403382,8.91379998956825));
#14057=CARTESIAN_POINT('Ctrl Pts',(67.5386546703923,-30.2238563546015,8.6709833237709));
#14058=CARTESIAN_POINT('Ctrl Pts',(66.9700412333358,-32.8664404582639,8.42816665797355));
#14059=CARTESIAN_POINT('Ctrl Pts',(64.8573440991361,-33.6110630920198,8.22581943647576));
#14060=CARTESIAN_POINT('Ctrl Pts',(63.3762622997064,-32.9283274702133,8.06394165927752));
#14061=CARTESIAN_POINT('Ctrl Pts',(62.3822109419746,-31.6279812513913,7.90206388207928));
#14062=CARTESIAN_POINT('Ctrl Pts',(62.5987718690067,-29.8596146829728,7.74018610488106));
#14063=CARTESIAN_POINT('Ctrl Pts',(63.877940124129,-28.8314920286862,7.57830832768281));
#14064=CARTESIAN_POINT('Ctrl Pts',(64.9731134086736,-28.6310391638981,7.46701735585902));
#14065=CARTESIAN_POINT('Ctrl Pts',(65.9439875289907,-28.8985949989382,7.36584374511013));
#14066=CARTESIAN_POINT('Ctrl Pts',(66.9063684914692,-29.6230435652471,7.24443541221145));
#14067=CARTESIAN_POINT('Ctrl Pts',(67.454747562522,-31.1150436702997,7.0926749960881));
#14068=CARTESIAN_POINT('Ctrl Pts',(66.6878812751259,-32.8654338681494,6.91056249674009));
#14069=CARTESIAN_POINT('Ctrl Pts',(64.9263514007017,-33.6002405852629,6.72844999739207));
#14070=CARTESIAN_POINT('Ctrl Pts',(63.1444022140155,-32.9144096187731,6.54633749804407));
#14071=CARTESIAN_POINT('Ctrl Pts',(62.3299975988821,-31.1876043319403,6.36422499869604));
#14072=CARTESIAN_POINT('Ctrl Pts',(62.9356914728698,-29.3758138671002,6.18211249934802));
#14073=CARTESIAN_POINT('Ctrl Pts',(64.0600582542391,-28.7835226699087,6.06070416644935));
#14074=CARTESIAN_POINT('Ctrl Pts',(64.6484457793171,-28.7219834317106,6.00000000000001));
#14075=CARTESIAN_POINT('Ctrl Pts',(63.0075201058947,-29.6693723109809,6.00000000000001));
#14076=CARTESIAN_POINT('Ctrl Pts',(62.5531662804168,-30.2954065566532,6.07937294510551));
#14077=CARTESIAN_POINT('Ctrl Pts',(62.3266704481673,-32.0262412309447,6.23811883531651));
#14078=CARTESIAN_POINT('Ctrl Pts',(64.3339067201722,-33.7304592565776,6.47623767063298));
#14079=CARTESIAN_POINT('Ctrl Pts',(66.8510347533554,-32.963486133131,6.71435650594948));
#14080=CARTESIAN_POINT('Ctrl Pts',(67.5738272561963,-30.4353490943037,6.95247534126597));
#14081=CARTESIAN_POINT('Ctrl Pts',(65.8412774166348,-28.455505495158,7.19059417658245));
#14082=CARTESIAN_POINT('Ctrl Pts',(63.2385967832663,-28.8375855634923,7.42871301189894));
#14083=CARTESIAN_POINT('Ctrl Pts',(62.1475262153927,-31.2310204500669,7.66683184721543));
#14084=CARTESIAN_POINT('Ctrl Pts',(63.5664284896766,-33.446097128752,7.90495068253192));
#14085=CARTESIAN_POINT('Ctrl Pts',(66.1969265506008,-33.4556358200807,8.1430695178484));
#14086=CARTESIAN_POINT('Ctrl Pts',(67.6319101015158,-31.2510157490293,8.3811883531649));
#14087=CARTESIAN_POINT('Ctrl Pts',(66.5582690737921,-28.8495739687871,8.61930718848138));
#14088=CARTESIAN_POINT('Ctrl Pts',(63.9584613328511,-28.4488318141386,8.85742602379787));
#14089=CARTESIAN_POINT('Ctrl Pts',(62.211503431716,-30.4154854244071,9.09554485911435));
#14090=CARTESIAN_POINT('Ctrl Pts',(62.9159896995,-32.9499081497731,9.33366369443085));
#14091=CARTESIAN_POINT('Ctrl Pts',(65.4272636956476,-33.7329138808803,9.57178252974733));
#14092=CARTESIAN_POINT('Ctrl Pts',(67.4473248867191,-32.0479962179084,9.80990136506381));
#14093=CARTESIAN_POINT('Ctrl Pts',(67.1276687985067,-29.4369780380283,10.0480202003803));
#14094=CARTESIAN_POINT('Ctrl Pts',(64.760804224636,-28.2891333282509,10.2861390356968));
#14095=CARTESIAN_POINT('Ctrl Pts',(62.5125863268028,-29.6548242468434,10.5242578710133));
#14096=CARTESIAN_POINT('Ctrl Pts',(62.4402998083848,-32.2843432496234,10.7623767063298));
#14097=CARTESIAN_POINT('Ctrl Pts',(64.6100921527034,-33.7714870349748,11.0004955416463));
#14098=CARTESIAN_POINT('Ctrl Pts',(67.0364437976647,-32.7554096924938,11.2386143769627));
#14099=CARTESIAN_POINT('Ctrl Pts',(67.4990645502086,-30.1658967054196,11.4767332122792));
#14100=CARTESIAN_POINT('Ctrl Pts',(65.5746224087831,-28.372542892008,11.7148520475957));
#14101=CARTESIAN_POINT('Ctrl Pts',(63.0241234390596,-29.01639887914,11.9529708829122));
#14102=CARTESIAN_POINT('Ctrl Pts',(62.1814617996722,-31.5082890779187,12.1910897182287));
#14103=CARTESIAN_POINT('Ctrl Pts',(63.8177347842082,-33.567950727046,12.4292085535452));
#14104=CARTESIAN_POINT('Ctrl Pts',(66.4356324362532,-33.3106418974012,12.6673273888617));
#14105=CARTESIAN_POINT('Ctrl Pts',(67.6395855615271,-30.9718191980904,12.9054462241782));
#14106=CARTESIAN_POINT('Ctrl Pts',(66.3278891728429,-28.6916771756308,13.1435650594947));
#14107=CARTESIAN_POINT('Ctrl Pts',(63.7008405681707,-28.5567139175261,13.3816838948111));
#14108=CARTESIAN_POINT('Ctrl Pts',(62.1623852116212,-30.6904297952906,13.6198027301276));
#14109=CARTESIAN_POINT('Ctrl Pts',(63.1203171418086,-33.1403197890447,13.8579215654441));
#14110=CARTESIAN_POINT('Ctrl Pts',(65.6980700215571,-33.6645504360434,14.0960404007606));
#14111=CARTESIAN_POINT('Ctrl Pts',(67.536786081197,-31.7834202701322,14.3341592360771));
#14112=CARTESIAN_POINT('Ctrl Pts',(66.9539549056532,-29.2182850191225,14.5722780713936));
#14113=CARTESIAN_POINT('Ctrl Pts',(64.482807072387,-28.316466443928,14.8103969067101));
#14114=CARTESIAN_POINT('Ctrl Pts',(62.3848359780867,-29.9031241977718,15.0485157420266));
#14115=CARTESIAN_POINT('Ctrl Pts',(62.5794047724517,-32.5264950526434,15.286634577343));
#14116=CARTESIAN_POINT('Ctrl Pts',(64.8893625563589,-33.7857030021927,15.5247534126595));
#14117=CARTESIAN_POINT('Ctrl Pts',(67.1990901030225,-32.5290946505426,15.762872247976));
#14118=CARTESIAN_POINT('Ctrl Pts',(67.3988076669578,-29.9053007938948,16.0009910832925));
#14119=CARTESIAN_POINT('Ctrl Pts',(65.2979552993298,-28.3179206062975,16.239109918609));
#14120=CARTESIAN_POINT('Ctrl Pts',(63.6581425257727,-28.9163377680126,16.39785580882));
#14121=CARTESIAN_POINT('Ctrl Pts',(63.1462308848164,-29.4962539234474,16.4772287539255));
#14122=CARTESIAN_POINT('Ctrl Pts',(63.2305094659945,-29.8312102128251,5.84092374869153));
#14123=CARTESIAN_POINT('Ctrl Pts',(62.8299629582977,-30.3831057108742,5.92029669379703));
#14124=CARTESIAN_POINT('Ctrl Pts',(62.6302901272833,-31.9089645136669,6.07904258400802));
#14125=CARTESIAN_POINT('Ctrl Pts',(64.3998173850944,-33.4113587717172,6.31716141932451));
#14126=CARTESIAN_POINT('Ctrl Pts',(66.618851949306,-32.7352152270453,6.555280254641));
#14127=CARTESIAN_POINT('Ctrl Pts',(67.2560470086802,-30.5064754099742,6.79339908995748));
#14128=CARTESIAN_POINT('Ctrl Pts',(65.728676160824,-28.7610968196442,7.03151792527398));
#14129=CARTESIAN_POINT('Ctrl Pts',(63.4342206508493,-29.0979286640132,7.26963676059045));
#14130=CARTESIAN_POINT('Ctrl Pts',(62.4723612340107,-31.2079185693668,7.50775559590696));
#14131=CARTESIAN_POINT('Ctrl Pts',(63.7232285511938,-33.1606725205296,7.74587443122343));
#14132=CARTESIAN_POINT('Ctrl Pts',(66.0422071813355,-33.1690815825545,7.98399326653993));
#14133=CARTESIAN_POINT('Ctrl Pts',(67.3072513334714,-31.2255459045418,8.22211210185641));
#14134=CARTESIAN_POINT('Ctrl Pts',(66.3607573456142,-29.1084973301154,8.4602309371729));
#14135=CARTESIAN_POINT('Ctrl Pts',(64.0688345028348,-28.7552134761443,8.69834977248939));
#14136=CARTESIAN_POINT('Ctrl Pts',(62.528761882874,-30.4889641155579,8.93646860780587));
#14137=CARTESIAN_POINT('Ctrl Pts',(63.1498186418535,-32.7232452302925,9.17458744312236));
#14138=CARTESIAN_POINT('Ctrl Pts',(65.3636924393694,-33.4135227046193,9.41270627843886));
#14139=CARTESIAN_POINT('Ctrl Pts',(67.1445258120531,-31.9281431439868,9.65082511375533));
#14140=CARTESIAN_POINT('Ctrl Pts',(66.8627253239361,-29.6263374699975,9.88894394907184));
#14141=CARTESIAN_POINT('Ctrl Pts',(64.7761591147532,-28.6144274472393,10.1270627843883));
#14142=CARTESIAN_POINT('Ctrl Pts',(62.7941887273105,-29.818385018104,10.3651816197048));
#14143=CARTESIAN_POINT('Ctrl Pts',(62.7304628139753,-32.1365005360664,10.6033004550213));
#14144=CARTESIAN_POINT('Ctrl Pts',(64.643295274514,-33.4475277933784,10.8414192903378));
#14145=CARTESIAN_POINT('Ctrl Pts',(66.7823037373819,-32.5517804523,11.0795381256543));
#14146=CARTESIAN_POINT('Ctrl Pts',(67.1901381528281,-30.2689331966022,11.3176569609708));
#14147=CARTESIAN_POINT('Ctrl Pts',(65.4936000457664,-28.6879591478612,11.5557757962872));
#14148=CARTESIAN_POINT('Ctrl Pts',(63.2451465324005,-29.2555658293591,11.7938946316037));
#14149=CARTESIAN_POINT('Ctrl Pts',(62.5022779619166,-31.4523513755902,12.0320134669202));
#14150=CARTESIAN_POINT('Ctrl Pts',(63.9447736400484,-33.2680954814689,12.2701323022367));
#14151=CARTESIAN_POINT('Ctrl Pts',(66.2526440776557,-33.0412587138785,12.5082511375532));
#14152=CARTESIAN_POINT('Ctrl Pts',(67.3140178192586,-30.9794134915002,12.7463699728697));
#14153=CARTESIAN_POINT('Ctrl Pts',(66.1576604207195,-28.9692996266323,12.9844888081862));
#14154=CARTESIAN_POINT('Ctrl Pts',(63.8417227414352,-28.850319530791,13.2226076435027));
#14155=CARTESIAN_POINT('Ctrl Pts',(62.485460538371,-30.7313479173283,13.4607264788191));
#14156=CARTESIAN_POINT('Ctrl Pts',(63.3299483972423,-32.8911071758915,13.6988453141356));
#14157=CARTESIAN_POINT('Ctrl Pts',(65.6024282483861,-33.3532552708528,13.9369641494521));
#14158=CARTESIAN_POINT('Ctrl Pts',(67.2233924728209,-31.694899874183,14.1750829847686));
#14159=CARTESIAN_POINT('Ctrl Pts',(66.70958367701,-29.4335433961537,14.4132018200851));
#14160=CARTESIAN_POINT('Ctrl Pts',(64.5310840603815,-28.6385236106587,14.6513206554016));
#14161=CARTESIAN_POINT('Ctrl Pts',(62.6815673446656,-30.0372797926799,14.8894394907181));
#14162=CARTESIAN_POINT('Ctrl Pts',(62.8530941300024,-32.3499752634555,15.1275583260346));
#14163=CARTESIAN_POINT('Ctrl Pts',(64.8894927941886,-33.4600602200982,15.365677161351));
#14164=CARTESIAN_POINT('Ctrl Pts',(66.9256884872127,-32.3522670013073,15.6037959966675));
#14165=CARTESIAN_POINT('Ctrl Pts',(67.1017542938027,-30.0391986231747,15.841914831984));
#14166=CARTESIAN_POINT('Ctrl Pts',(65.2496975225082,-28.6398055623582,16.0800336673005));
#14167=CARTESIAN_POINT('Ctrl Pts',(63.8040812585007,-29.1673545579426,16.2387795575115));
#14168=CARTESIAN_POINT('Ctrl Pts',(63.3527932786565,-29.6785935478907,16.318152502617));
#14169=CARTESIAN_POINT('Ctrl Pts',(63.4534988260944,-29.9930481146694,5.68184749738306));
#14170=CARTESIAN_POINT('Ctrl Pts',(63.1067596361787,-30.4708048650952,5.76122044248855));
#14171=CARTESIAN_POINT('Ctrl Pts',(62.9339098063993,-31.7916877963891,5.91996633269954));
#14172=CARTESIAN_POINT('Ctrl Pts',(64.4657280500166,-33.0922582868567,6.15808516801603));
#14173=CARTESIAN_POINT('Ctrl Pts',(66.3866691452566,-32.5069443209597,6.39620400333252));
#14174=CARTESIAN_POINT('Ctrl Pts',(66.9382667611643,-30.5776017256447,6.634322838649));
#14175=CARTESIAN_POINT('Ctrl Pts',(65.616074905013,-29.0666881441304,6.8724416739655));
#14176=CARTESIAN_POINT('Ctrl Pts',(63.6298445184322,-29.3582717645342,7.11056050928197));
#14177=CARTESIAN_POINT('Ctrl Pts',(62.7971962526288,-31.1848166886666,7.34867934459848));
#14178=CARTESIAN_POINT('Ctrl Pts',(63.8800286127111,-32.8752479123073,7.58679817991495));
#14179=CARTESIAN_POINT('Ctrl Pts',(65.8874878120703,-32.8825273450284,7.82491701523145));
#14180=CARTESIAN_POINT('Ctrl Pts',(66.9825925654269,-31.2000760600543,8.06303585054793));
#14181=CARTESIAN_POINT('Ctrl Pts',(66.1632456174363,-29.3674206914436,8.30115468586442));
#14182=CARTESIAN_POINT('Ctrl Pts',(64.1792076728186,-29.0615951381499,8.53927352118091));
#14183=CARTESIAN_POINT('Ctrl Pts',(62.846020334032,-30.5624428067087,8.7773923564974));
#14184=CARTESIAN_POINT('Ctrl Pts',(63.383647584207,-32.496582310812,9.01551119181388));
#14185=CARTESIAN_POINT('Ctrl Pts',(65.3001211830913,-33.0941315283583,9.25363002713038));
#14186=CARTESIAN_POINT('Ctrl Pts',(66.841726737387,-31.8082900700652,9.49174886244685));
#14187=CARTESIAN_POINT('Ctrl Pts',(66.5977818493655,-29.8156969019667,9.72986769776335));
#14188=CARTESIAN_POINT('Ctrl Pts',(64.7915140048704,-28.9397215662278,9.96798653307983));
#14189=CARTESIAN_POINT('Ctrl Pts',(63.0757911278182,-29.9819457893647,10.2061053683963));
#14190=CARTESIAN_POINT('Ctrl Pts',(63.0206258195659,-31.9886578225094,10.4442242037128));
#14191=CARTESIAN_POINT('Ctrl Pts',(64.6764983963247,-33.1235685517819,10.6823430390293));
#14192=CARTESIAN_POINT('Ctrl Pts',(66.5281636770991,-32.3481512121062,10.9204618743458));
#14193=CARTESIAN_POINT('Ctrl Pts',(66.8812117554476,-30.3719696877847,11.1585807096623));
#14194=CARTESIAN_POINT('Ctrl Pts',(65.4125776827497,-29.0033754037143,11.3966995449788));
#14195=CARTESIAN_POINT('Ctrl Pts',(63.4661696257414,-29.4947327795782,11.6348183802953));
#14196=CARTESIAN_POINT('Ctrl Pts',(62.823094124161,-31.3964136732617,11.8729372156117));
#14197=CARTESIAN_POINT('Ctrl Pts',(64.0718124958885,-32.9682402358919,12.1110560509282));
#14198=CARTESIAN_POINT('Ctrl Pts',(66.0696557190582,-32.7718755303558,12.3491748862447));
#14199=CARTESIAN_POINT('Ctrl Pts',(66.9884500769901,-30.9870077849099,12.5872937215612));
#14200=CARTESIAN_POINT('Ctrl Pts',(65.987431668596,-29.2469220776338,12.8254125568777));
#14201=CARTESIAN_POINT('Ctrl Pts',(63.9826049146998,-29.1439251440558,13.0635313921942));
#14202=CARTESIAN_POINT('Ctrl Pts',(62.8085358651209,-30.7722660393661,13.3016502275107));
#14203=CARTESIAN_POINT('Ctrl Pts',(63.539579652676,-32.6418945627384,13.5397690628272));
#14204=CARTESIAN_POINT('Ctrl Pts',(65.506786475215,-33.0419601056622,13.7778878981436));
#14205=CARTESIAN_POINT('Ctrl Pts',(66.9099988644448,-31.6063794782339,14.0160067334601));
#14206=CARTESIAN_POINT('Ctrl Pts',(66.4652124483667,-29.6488017731849,14.2541255687766));
#14207=CARTESIAN_POINT('Ctrl Pts',(64.579361048376,-28.9605807773895,14.4922444040931));
#14208=CARTESIAN_POINT('Ctrl Pts',(62.9782987112446,-30.171435387588,14.7303632394096));
#14209=CARTESIAN_POINT('Ctrl Pts',(63.1267834875531,-32.1734554742678,14.9684820747261));
#14210=CARTESIAN_POINT('Ctrl Pts',(64.8896230320183,-33.1344174380036,15.2066009100426));
#14211=CARTESIAN_POINT('Ctrl Pts',(66.652286871403,-32.1754393520721,15.4447197453591));
#14212=CARTESIAN_POINT('Ctrl Pts',(66.8047009206476,-30.1730964524545,15.6828385806755));
#14213=CARTESIAN_POINT('Ctrl Pts',(65.2014397456866,-28.9616905184189,15.920957415992));
#14214=CARTESIAN_POINT('Ctrl Pts',(63.9500199912286,-29.4183713478727,16.079703306203));
#14215=CARTESIAN_POINT('Ctrl Pts',(63.5593556724966,-29.860933172334,16.1590762513085));
#14216=CARTESIAN_POINT('Ctrl Pts',(63.6764881861942,-30.1548860165136,5.52277124607457));
#14217=CARTESIAN_POINT('Ctrl Pts',(63.3835563140596,-30.5585040193162,5.60214419118007));
#14218=CARTESIAN_POINT('Ctrl Pts',(63.2375294855153,-31.6744110791112,5.76089008139106));
#14219=CARTESIAN_POINT('Ctrl Pts',(64.5316387149388,-32.7731578019963,5.99900891670755));
#14220=CARTESIAN_POINT('Ctrl Pts',(66.1544863412072,-32.278673414874,6.23712775202404));
#14221=CARTESIAN_POINT('Ctrl Pts',(66.6204865136483,-30.6487280413152,6.47524658734053));
#14222=CARTESIAN_POINT('Ctrl Pts',(65.5034736492021,-29.3722794686166,6.71336542265701));
#14223=CARTESIAN_POINT('Ctrl Pts',(63.8254683860151,-29.6186148650552,6.9514842579735));
#14224=CARTESIAN_POINT('Ctrl Pts',(63.1220312712468,-31.1617148079666,7.18960309328999));
#14225=CARTESIAN_POINT('Ctrl Pts',(64.0368286742284,-32.5898233040848,7.42772192860648));
#14226=CARTESIAN_POINT('Ctrl Pts',(65.7327684428051,-32.5959731075023,7.66584076392297));
#14227=CARTESIAN_POINT('Ctrl Pts',(66.6579337973825,-31.1746062155667,7.90395959923946));
#14228=CARTESIAN_POINT('Ctrl Pts',(65.9657338892584,-29.6263440527719,8.14207843455594));
#14229=CARTESIAN_POINT('Ctrl Pts',(64.2895808428023,-29.3679768001556,8.38019726987244));
#14230=CARTESIAN_POINT('Ctrl Pts',(63.16327878519,-30.6359214978594,8.61831610518891));
#14231=CARTESIAN_POINT('Ctrl Pts',(63.6174765265604,-32.2699193913315,8.85643494050541));
#14232=CARTESIAN_POINT('Ctrl Pts',(65.2365499268132,-32.7747403520972,9.09455377582189));
#14233=CARTESIAN_POINT('Ctrl Pts',(66.538927662721,-31.6884369961437,9.33267261113838));
#14234=CARTESIAN_POINT('Ctrl Pts',(66.3328383747949,-30.0050563339358,9.57079144645487));
#14235=CARTESIAN_POINT('Ctrl Pts',(64.8068688949876,-29.2650156852163,9.80891028177136));
#14236=CARTESIAN_POINT('Ctrl Pts',(63.3573935283259,-30.1455065606253,10.0470291170878));
#14237=CARTESIAN_POINT('Ctrl Pts',(63.3107888251565,-31.8408151089524,10.2851479524043));
#14238=CARTESIAN_POINT('Ctrl Pts',(64.7097015181353,-32.7996093101855,10.5232667877208));
#14239=CARTESIAN_POINT('Ctrl Pts',(66.2740236168162,-32.1445219719124,10.7613856230373));
#14240=CARTESIAN_POINT('Ctrl Pts',(66.5722853580671,-30.4750061789672,10.9995044583538));
#14241=CARTESIAN_POINT('Ctrl Pts',(65.331555319733,-29.3187916595675,11.2376232936703));
#14242=CARTESIAN_POINT('Ctrl Pts',(63.6871927190823,-29.7338997297973,11.4757421289868));
#14243=CARTESIAN_POINT('Ctrl Pts',(63.1439102864054,-31.3404759709333,11.7138609643033));
#14244=CARTESIAN_POINT('Ctrl Pts',(64.1988513517285,-32.6683849903148,11.9519797996197));
#14245=CARTESIAN_POINT('Ctrl Pts',(65.8866673604607,-32.5024923468331,12.1900986349362));
#14246=CARTESIAN_POINT('Ctrl Pts',(66.6628823347217,-30.9946020783196,12.4282174702527));
#14247=CARTESIAN_POINT('Ctrl Pts',(65.8172029164725,-29.5245445286353,12.6663363055692));
#14248=CARTESIAN_POINT('Ctrl Pts',(64.1234870879645,-29.4375307573207,12.9044551408857));
#14249=CARTESIAN_POINT('Ctrl Pts',(63.1316111918706,-30.8131841614038,13.1425739762022));
#14250=CARTESIAN_POINT('Ctrl Pts',(63.7492109081097,-32.3926819495852,13.3806928115187));
#14251=CARTESIAN_POINT('Ctrl Pts',(65.4111447020439,-32.7306649404716,13.6188116468352));
#14252=CARTESIAN_POINT('Ctrl Pts',(66.5966052560686,-31.5178590822847,13.8569304821517));
#14253=CARTESIAN_POINT('Ctrl Pts',(66.2208412197234,-29.8640601502161,14.0950493174681));
#14254=CARTESIAN_POINT('Ctrl Pts',(64.6276380363705,-29.2826379441202,14.3331681527846));
#14255=CARTESIAN_POINT('Ctrl Pts',(63.2750300778236,-30.3055909824961,14.5712869881011));
#14256=CARTESIAN_POINT('Ctrl Pts',(63.4004728451039,-31.99693568508,14.8094058234176));
#14257=CARTESIAN_POINT('Ctrl Pts',(64.8897532698478,-32.8087746559091,15.0475246587341));
#14258=CARTESIAN_POINT('Ctrl Pts',(66.3788852555934,-31.9986117028369,15.2856434940506));
#14259=CARTESIAN_POINT('Ctrl Pts',(66.5076475474925,-30.3069942817343,15.5237623293671));
#14260=CARTESIAN_POINT('Ctrl Pts',(65.153181968865,-29.2835754744796,15.7618811646836));
#14261=CARTESIAN_POINT('Ctrl Pts',(64.0959587239566,-29.6693881378027,15.9206270548945));
#14262=CARTESIAN_POINT('Ctrl Pts',(63.7659180663367,-30.0432727967772,16.));
#14263=CARTESIAN_POINT('Ctrl Pts',(64.5925016648287,-32.5088630004943,6.00000000000001));
#14264=CARTESIAN_POINT('Ctrl Pts',(65.0770875933952,-32.6069543200007,6.07904258400802));
#14265=CARTESIAN_POINT('Ctrl Pts',(66.155132860111,-32.2764120627145,6.23745811312153));
#14266=CARTESIAN_POINT('Ctrl Pts',(66.6204865136483,-30.6487280413152,6.47524658734053));
#14267=CARTESIAN_POINT('Ctrl Pts',(65.5034736492021,-29.3722794686166,6.71336542265701));
#14268=CARTESIAN_POINT('Ctrl Pts',(63.8652914032797,-29.6127687458799,6.94583313714698));
#14269=CARTESIAN_POINT('Ctrl Pts',(63.3907220999865,-30.5752009225317,7.09892790653144));
#14270=CARTESIAN_POINT('Ctrl Pts',(63.3882756248857,-31.0365723747903,7.17264973081041));
#14271=CARTESIAN_POINT('Ctrl Pts',(67.0193158125527,-30.0868090959542,16.));
#14272=CARTESIAN_POINT('Ctrl Pts',(67.017487210026,-30.0841160380067,16.));
#14273=CARTESIAN_POINT('Ctrl Pts',(67.0156524511068,-30.0814273897387,16.));
#14274=CARTESIAN_POINT('Ctrl Pts',(67.0138115331814,-30.0787431728325,16.));
#14275=CARTESIAN_POINT('Ctrl Pts',(66.9690394189335,-30.0134615737297,16.));
#14276=CARTESIAN_POINT('Ctrl Pts',(66.9206266452534,-29.9507973439664,16.));
#14277=CARTESIAN_POINT('Ctrl Pts',(66.8688886347827,-29.8909203389914,16.));
#14278=CARTESIAN_POINT('Ctrl Pts',(66.8167723363244,-29.8306055369015,16.));
#14279=CARTESIAN_POINT('Ctrl Pts',(66.761280856981,-29.7731184694524,16.));
#14280=CARTESIAN_POINT('Ctrl Pts',(66.7027185223475,-29.7186818856614,16.));
#14281=CARTESIAN_POINT('Ctrl Pts',(66.6514764795431,-29.6710498748443,16.));
#14282=CARTESIAN_POINT('Ctrl Pts',(66.5978825698408,-29.6257540116819,16.));
#14283=CARTESIAN_POINT('Ctrl Pts',(66.5421397654684,-29.5829773752525,16.));
#14284=CARTESIAN_POINT('Ctrl Pts',(66.5263536215954,-29.570863199357,16.));
#14285=CARTESIAN_POINT('Ctrl Pts',(66.5103951633972,-29.5589512677671,16.));
#14286=CARTESIAN_POINT('Ctrl Pts',(66.4942690940879,-29.5472462245534,16.));
#14287=CARTESIAN_POINT('Ctrl Pts',(66.4819387694334,-29.5382963074874,16.));
#14288=CARTESIAN_POINT('Ctrl Pts',(66.4695085645753,-29.5294661683611,16.));
#14289=CARTESIAN_POINT('Ctrl Pts',(66.4569991442298,-29.5207704647537,16.));
#14290=CARTESIAN_POINT('Ctrl Pts',(66.3947579106778,-29.477504565601,16.));
#14291=CARTESIAN_POINT('Ctrl Pts',(66.3304593092043,-29.4374905827833,16.));
#14292=CARTESIAN_POINT('Ctrl Pts',(66.2643823892254,-29.4008990338853,16.));
#14293=CARTESIAN_POINT('Ctrl Pts',(66.1993116022133,-29.3648646532642,16.));
#14294=CARTESIAN_POINT('Ctrl Pts',(66.1325152237414,-29.3321492219658,16.));
#14295=CARTESIAN_POINT('Ctrl Pts',(66.0642602887607,-29.3029655655283,16.));
#14296=CARTESIAN_POINT('Ctrl Pts',(65.994108656992,-29.2729709413938,16.));
#14297=CARTESIAN_POINT('Ctrl Pts',(65.9224151525804,-29.2467067214021,16.));
#14298=CARTESIAN_POINT('Ctrl Pts',(65.8494865821233,-29.2244610253036,16.));
#14299=CARTESIAN_POINT('Ctrl Pts',(65.82984934771,-29.2184710004582,16.));
#14300=CARTESIAN_POINT('Ctrl Pts',(65.8101227118422,-29.2127726663629,16.));
#14301=CARTESIAN_POINT('Ctrl Pts',(65.7903130318051,-29.2073723790284,16.));
#14302=CARTESIAN_POINT('Ctrl Pts',(65.7763073865565,-29.2035543209626,16.));
#14303=CARTESIAN_POINT('Ctrl Pts',(65.7622602341646,-29.199885252047,16.));
#14304=CARTESIAN_POINT('Ctrl Pts',(65.7481738800815,-29.1963675125574,16.));
#14305=CARTESIAN_POINT('Ctrl Pts',(65.7362497169992,-29.1933897300094,16.));
#14306=CARTESIAN_POINT('Ctrl Pts',(65.7243072651468,-29.1905228404938,16.));
#14307=CARTESIAN_POINT('Ctrl Pts',(65.712348878422,-29.1877679333226,16.));
#14308=CARTESIAN_POINT('Ctrl Pts',(65.6447827717229,-29.172202426356,16.));
#14309=CARTESIAN_POINT('Ctrl Pts',(65.5766953062341,-29.1602049069241,16.));
#14310=CARTESIAN_POINT('Ctrl Pts',(65.5083189028463,-29.1519513338323,16.));
#14311=CARTESIAN_POINT('Ctrl Pts',(65.4416545680175,-29.1439044209667,16.));
#14312=CARTESIAN_POINT('Ctrl Pts',(65.3747148886595,-29.1394165202887,16.));
#14313=CARTESIAN_POINT('Ctrl Pts',(65.3077339936573,-29.1386960341991,16.));
#14314=CARTESIAN_POINT('Ctrl Pts',(65.2639005188474,-29.1382245354403,16.));
#14315=CARTESIAN_POINT('Ctrl Pts',(65.220049800056,-29.1393673991144,16.));
#14316=CARTESIAN_POINT('Ctrl Pts',(65.1762540302039,-29.1421932706256,16.));
#14317=CARTESIAN_POINT('Ctrl Pts',(65.1400149300537,-29.1445315567443,16.));
#14318=CARTESIAN_POINT('Ctrl Pts',(65.103813511878,-29.1480224656074,16.));
#14319=CARTESIAN_POINT('Ctrl Pts',(65.067700614307,-29.1526535624904,16.));
#14320=CARTESIAN_POINT('Ctrl Pts',(65.0492113535926,-29.1550246144807,16.));
#14321=CARTESIAN_POINT('Ctrl Pts',(65.0307453530566,-29.1576945736885,16.));
#14322=CARTESIAN_POINT('Ctrl Pts',(65.0123098143315,-29.1606619434038,16.));
#14323=CARTESIAN_POINT('Ctrl Pts',(65.0002016018992,-29.1626108716892,16.));
#14324=CARTESIAN_POINT('Ctrl Pts',(64.9881141946128,-29.1646869008678,16.));
#14325=CARTESIAN_POINT('Ctrl Pts',(64.976054929976,-29.1668880641657,16.));
#14326=CARTESIAN_POINT('Ctrl Pts',(64.9113274619772,-29.1787026922725,16.));
#14327=CARTESIAN_POINT('Ctrl Pts',(64.8473558018142,-29.1941275161179,16.));
#14328=CARTESIAN_POINT('Ctrl Pts',(64.784408192391,-29.213024965339,16.));
#14329=CARTESIAN_POINT('Ctrl Pts',(64.7223370737816,-29.2316592839852,16.));
#14330=CARTESIAN_POINT('Ctrl Pts',(64.6612609954784,-29.2536711421034,16.0000000000001));
#14331=CARTESIAN_POINT('Ctrl Pts',(64.6014765252568,-29.2789589396313,16.0000000000001));
#14332=CARTESIAN_POINT('Ctrl Pts',(64.5486159092675,-29.3013180664978,16.0000000000001));
#14333=CARTESIAN_POINT('Ctrl Pts',(64.4967653141284,-29.3262390964487,16.));
#14334=CARTESIAN_POINT('Ctrl Pts',(64.4461620764674,-29.3536632041399,16.));
#14335=CARTESIAN_POINT('Ctrl Pts',(64.4224867133001,-29.3664939189151,16.));
#14336=CARTESIAN_POINT('Ctrl Pts',(64.3990848608569,-29.3798726505785,16.));
#14337=CARTESIAN_POINT('Ctrl Pts',(64.3759834526993,-29.3937937041113,16.));
#14338=CARTESIAN_POINT('Ctrl Pts',(64.3663672442836,-29.3995884916509,16.));
#14339=CARTESIAN_POINT('Ctrl Pts',(64.3568044299826,-29.4054765271757,16.));
#14340=CARTESIAN_POINT('Ctrl Pts',(64.3473047412759,-29.4114522467692,16.));
#14341=CARTESIAN_POINT('Ctrl Pts',(64.2953922986902,-29.4441074431531,16.));
#14342=CARTESIAN_POINT('Ctrl Pts',(64.2452931993244,-29.4794203619902,16.));
#14343=CARTESIAN_POINT('Ctrl Pts',(64.1972837281986,-29.5172947637118,16.));
#14344=CARTESIAN_POINT('Ctrl Pts',(64.1523055219508,-29.5527778176218,16.));
#14345=CARTESIAN_POINT('Ctrl Pts',(64.1091614891857,-29.5905098817453,16.));
#14346=CARTESIAN_POINT('Ctrl Pts',(64.0681214103016,-29.6304178456885,16.));
#14347=CARTESIAN_POINT('Ctrl Pts',(64.0529876320184,-29.6451341497131,16.));
#14348=CARTESIAN_POINT('Ctrl Pts',(64.0381403818715,-29.660146341599,16.));
#14349=CARTESIAN_POINT('Ctrl Pts',(64.0235947382043,-29.6754506783771,16.));
#14350=CARTESIAN_POINT('Ctrl Pts',(64.0129164424017,-29.6866859484634,16.));
#14351=CARTESIAN_POINT('Ctrl Pts',(64.0023997301877,-29.6980799964767,16.));
#14352=CARTESIAN_POINT('Ctrl Pts',(63.9920644845384,-29.7096153840908,16.));
#14353=CARTESIAN_POINT('Ctrl Pts',(63.9541445233739,-29.7519386597231,16.));
#14354=CARTESIAN_POINT('Ctrl Pts',(63.9186174454346,-29.7962114968497,16.));
#14355=CARTESIAN_POINT('Ctrl Pts',(63.8857459141769,-29.8423504411105,16.));
#14356=CARTESIAN_POINT('Ctrl Pts',(63.8536237939585,-29.8874375014813,16.));
#14357=CARTESIAN_POINT('Ctrl Pts',(63.8240375113951,-29.9343073056843,16.));
#14358=CARTESIAN_POINT('Ctrl Pts',(63.7972815416045,-29.9828763966069,16.));
#14359=CARTESIAN_POINT('Ctrl Pts',(63.7863461772865,-30.0027269461474,16.));
#14360=CARTESIAN_POINT('Ctrl Pts',(63.7758841749317,-30.0228612190543,16.));
#14361=CARTESIAN_POINT('Ctrl Pts',(63.7659180663367,-30.0432727967772,16.));
#14362=CARTESIAN_POINT('Origin',(64.8904622962932,-31.0359460939257,16.));
#14363=CARTESIAN_POINT('Ctrl Pts',(66.3124147042604,-31.5134933161732,6.00000000000001));
#14364=CARTESIAN_POINT('Ctrl Pts',(66.4711879882077,-31.0407273929054,6.07937294510551));
#14365=CARTESIAN_POINT('Ctrl Pts',(66.2766991877321,-29.9322385207965,6.2381188353165));
#14366=CARTESIAN_POINT('Ctrl Pts',(64.7131606905238,-29.2709467096585,6.47623767063298));
#14367=CARTESIAN_POINT('Ctrl Pts',(63.5578841842904,-30.0605846727267,6.67264814859071));
#14368=CARTESIAN_POINT('Ctrl Pts',(63.3925758374368,-30.7983243544195,6.78968568144294));
#14369=CARTESIAN_POINT('Ctrl Pts',(63.3928616118586,-31.0358422296692,6.82735026918966));
#14370=CARTESIAN_POINT('Origin',(64.8904622962932,-31.0359460939257,16.));
#14371=CARTESIAN_POINT('',(68.8904622962932,-31.0359460939257,16.));
#14372=CARTESIAN_POINT('Origin',(64.8904622962932,-31.0359460939257,16.));
#14373=CARTESIAN_POINT('Ctrl Pts',(63.7638591113282,-32.030446064175,16.));
#14374=CARTESIAN_POINT('Ctrl Pts',(63.7647976349848,-32.0323756086739,16.));
#14375=CARTESIAN_POINT('Ctrl Pts',(63.7657406760833,-32.0343026542639,16.));
#14376=CARTESIAN_POINT('Ctrl Pts',(63.7666882271962,-32.0362271831884,16.));
#14377=CARTESIAN_POINT('Ctrl Pts',(63.791025699469,-32.0856579407469,16.));
#14378=CARTESIAN_POINT('Ctrl Pts',(63.8183342589188,-32.1334269379544,16.));
#14379=CARTESIAN_POINT('Ctrl Pts',(63.8482842920187,-32.1794469540909,16.));
#14380=CARTESIAN_POINT('Ctrl Pts',(63.8788269825655,-32.2263776238211,16.));
#14381=CARTESIAN_POINT('Ctrl Pts',(63.9121166771263,-32.2714901431983,16.));
#14382=CARTESIAN_POINT('Ctrl Pts',(63.9478565760309,-32.3147044814025,16.));
#14383=CARTESIAN_POINT('Ctrl Pts',(63.9852729526133,-32.3599459062964,16.));
#14384=CARTESIAN_POINT('Ctrl Pts',(64.0253746863249,-32.4031077876049,16.));
#14385=CARTESIAN_POINT('Ctrl Pts',(64.0678800610767,-32.4440992218861,16.));
#14386=CARTESIAN_POINT('Ctrl Pts',(64.0799007901988,-32.455691801194,16.));
#14387=CARTESIAN_POINT('Ctrl Pts',(64.0921141090246,-32.4671107491847,16.));
#14388=CARTESIAN_POINT('Ctrl Pts',(64.1045144493614,-32.4783538632708,16.));
#14389=CARTESIAN_POINT('Ctrl Pts',(64.1163765510234,-32.489108968265,16.));
#14390=CARTESIAN_POINT('Ctrl Pts',(64.1284143259703,-32.4997068425739,16.));
#14391=CARTESIAN_POINT('Ctrl Pts',(64.1405972710378,-32.5101239248121,16.));
#14392=CARTESIAN_POINT('Ctrl Pts',(64.1869687497665,-32.5497740672652,16.));
#14393=CARTESIAN_POINT('Ctrl Pts',(64.2354931339481,-32.5868569456133,16.));
#14394=CARTESIAN_POINT('Ctrl Pts',(64.2858272703494,-32.6212949477142,16.));
#14395=CARTESIAN_POINT('Ctrl Pts',(64.3373939697437,-32.6565762543789,16.));
#14396=CARTESIAN_POINT('Ctrl Pts',(64.3908604263738,-32.6890824224328,16.));
#14397=CARTESIAN_POINT('Ctrl Pts',(64.4459126752758,-32.7187248206327,16.));
#14398=CARTESIAN_POINT('Ctrl Pts',(64.5028220717955,-32.7493671835987,16.));
#14399=CARTESIAN_POINT('Ctrl Pts',(64.561426485972,-32.7769503589541,16.));
#14400=CARTESIAN_POINT('Ctrl Pts',(64.6214317942411,-32.8013561420984,16.));
#14401=CARTESIAN_POINT('Ctrl Pts',(64.6364184697756,-32.8074516287096,16.));
#14402=CARTESIAN_POINT('Ctrl Pts',(64.6514927598054,-32.8133487751552,16.));
#14403=CARTESIAN_POINT('Ctrl Pts',(64.6666505150967,-32.8190454285492,16.));
#14404=CARTESIAN_POINT('Ctrl Pts',(64.6801143861925,-32.8241054790316,16.));
#14405=CARTESIAN_POINT('Ctrl Pts',(64.693646580346,-32.8290080618531,16.));
#14406=CARTESIAN_POINT('Ctrl Pts',(64.7072211205298,-32.8337439068699,16.));
#14407=CARTESIAN_POINT('Ctrl Pts',(64.7703798774066,-32.8557785452427,16.));
#14408=CARTESIAN_POINT('Ctrl Pts',(64.8345527289197,-32.8742445774349,16.));
#14409=CARTESIAN_POINT('Ctrl Pts',(64.8993853668447,-32.8890606493816,16.));
#14410=CARTESIAN_POINT('Ctrl Pts',(64.9656924371312,-32.9042136703813,16.));
#14411=CARTESIAN_POINT('Ctrl Pts',(65.0326903012971,-32.9155498059266,16.));
#14412=CARTESIAN_POINT('Ctrl Pts',(65.1000481374593,-32.9229577134775,16.));
#14413=CARTESIAN_POINT('Ctrl Pts',(65.1281577595111,-32.926049164945,16.));
#14414=CARTESIAN_POINT('Ctrl Pts',(65.1563305824639,-32.9284561266792,16.));
#14415=CARTESIAN_POINT('Ctrl Pts',(65.1845445079287,-32.9301686653362,16.));
#14416=CARTESIAN_POINT('Ctrl Pts',(65.2289502659103,-32.9328640214728,16.));
#14417=CARTESIAN_POINT('Ctrl Pts',(65.2734576596484,-32.9338397387491,16.));
#14418=CARTESIAN_POINT('Ctrl Pts',(65.3180034209286,-32.9331488300114,16.));
#14419=CARTESIAN_POINT('Ctrl Pts',(65.3368648099808,-32.9328562881819,16.));
#14420=CARTESIAN_POINT('Ctrl Pts',(65.3557331321007,-32.932264832657,16.));
#14421=CARTESIAN_POINT('Ctrl Pts',(65.3746037945323,-32.9313779602402,16.));
#14422=CARTESIAN_POINT('Ctrl Pts',(65.3852716705849,-32.9308765976064,16.));
#14423=CARTESIAN_POINT('Ctrl Pts',(65.3959386143943,-32.9302808426366,16.));
#14424=CARTESIAN_POINT('Ctrl Pts',(65.4065942529544,-32.9295921568759,16.));
#14425=CARTESIAN_POINT('Ctrl Pts',(65.4751446820767,-32.925161666468,16.));
#14426=CARTESIAN_POINT('Ctrl Pts',(65.5433329394547,-32.9168838747541,16.));
#14427=CARTESIAN_POINT('Ctrl Pts',(65.6109075682932,-32.905013074823,16.));
#14428=CARTESIAN_POINT('Ctrl Pts',(65.6811055089625,-32.8926814390659,16.));
#14429=CARTESIAN_POINT('Ctrl Pts',(65.7506418808054,-32.8764727496733,16.));
#14430=CARTESIAN_POINT('Ctrl Pts',(65.8192626433819,-32.8566222239085,16.));
#14431=CARTESIAN_POINT('Ctrl Pts',(65.8793058106364,-32.8392530138643,16.));
#14432=CARTESIAN_POINT('Ctrl Pts',(65.9386487621479,-32.8190947342124,16.));
#14433=CARTESIAN_POINT('Ctrl Pts',(65.9971313774959,-32.7962731567369,16.));
#14434=CARTESIAN_POINT('Ctrl Pts',(66.0236425121882,-32.7859277590363,16.));
#14435=CARTESIAN_POINT('Ctrl Pts',(66.0499769335741,-32.7750346635131,16.));
#14436=CARTESIAN_POINT('Ctrl Pts',(66.0761199502042,-32.7636036106217,16.));
#14437=CARTESIAN_POINT('Ctrl Pts',(66.0903322374033,-32.7573892777855,16.));
#14438=CARTESIAN_POINT('Ctrl Pts',(66.1044879575879,-32.7510159357215,16.));
#14439=CARTESIAN_POINT('Ctrl Pts',(66.1185847469615,-32.7444849990674,16.));
#14440=CARTESIAN_POINT('Ctrl Pts',(66.1296852856109,-32.7393422028728,16.));
#14441=CARTESIAN_POINT('Ctrl Pts',(66.1407468269063,-32.7341027534583,16.));
#14442=CARTESIAN_POINT('Ctrl Pts',(66.1517585666201,-32.7287723206545,16.));
#14443=CARTESIAN_POINT('Ctrl Pts',(66.2196757613276,-32.69589576781,16.));
#14444=CARTESIAN_POINT('Ctrl Pts',(66.2858018511968,-32.65951403515,16.));
#14445=CARTESIAN_POINT('Ctrl Pts',(66.3498732258185,-32.6198876464836,16.));
#14446=CARTESIAN_POINT('Ctrl Pts',(66.4158090571815,-32.5791081424374,16.));
#14447=CARTESIAN_POINT('Ctrl Pts',(66.4795697971313,-32.5348924791843,16.));
#14448=CARTESIAN_POINT('Ctrl Pts',(66.5408789934885,-32.4874702623294,16.));
#14449=CARTESIAN_POINT('Ctrl Pts',(66.6022748082923,-32.4399810467369,16.));
#14450=CARTESIAN_POINT('Ctrl Pts',(66.6612132263759,-32.3892759789148,16.));
#14451=CARTESIAN_POINT('Ctrl Pts',(66.7174118837774,-32.3355334509208,16.));
#14452=CARTESIAN_POINT('Ctrl Pts',(66.7447177219167,-32.309420998445,16.));
#14453=CARTESIAN_POINT('Ctrl Pts',(66.7713765853099,-32.2825907002713,16.));
#14454=CARTESIAN_POINT('Ctrl Pts',(66.7973544960934,-32.2550588545087,16.));
#14455=CARTESIAN_POINT('Ctrl Pts',(66.8069663552105,-32.2448720375276,16.));
#14456=CARTESIAN_POINT('Ctrl Pts',(66.8164784049849,-32.2345960883355,16.));
#14457=CARTESIAN_POINT('Ctrl Pts',(66.8258872320022,-32.224234452571,16.));
#14458=CARTESIAN_POINT('Ctrl Pts',(66.8807224388071,-32.1638462193793,16.));
#14459=CARTESIAN_POINT('Ctrl Pts',(66.932074406564,-32.100528009731,16.));
#14460=CARTESIAN_POINT('Ctrl Pts',(66.9796501426554,-32.0345231084782,16.));
#14461=CARTESIAN_POINT('Ctrl Pts',(66.9918226818871,-32.0176353561071,16.));
#14462=CARTESIAN_POINT('Ctrl Pts',(67.003747978892,-32.0005714634179,16.));
#14463=CARTESIAN_POINT('Ctrl Pts',(67.0154210036682,-31.9833349731962,16.));
#14464=CARTESIAN_POINT('Ctrl Pts',(66.3124147042604,-31.5134933161732,6.00000000000001));
#14465=CARTESIAN_POINT('Ctrl Pts',(66.4711879882077,-31.0407273929054,6.07937294510551));
#14466=CARTESIAN_POINT('Ctrl Pts',(66.2766991877321,-29.9322385207965,6.2381188353165));
#14467=CARTESIAN_POINT('Ctrl Pts',(64.7131606905238,-29.2709467096585,6.47623767063298));
#14468=CARTESIAN_POINT('Ctrl Pts',(63.312557733934,-30.2282666756939,6.71435650594948));
#14469=CARTESIAN_POINT('Ctrl Pts',(63.3555022303471,-31.9229745095832,6.95247534126596));
#14470=CARTESIAN_POINT('Ctrl Pts',(64.8032155851301,-32.8068096571199,7.19059417658246));
#14471=CARTESIAN_POINT('Ctrl Pts',(66.3306845727975,-32.0697739476919,7.42871301189894));
#14472=CARTESIAN_POINT('Ctrl Pts',(66.5402838960471,-30.3869044620052,7.66683184721543));
#14473=CARTESIAN_POINT('Ctrl Pts',(65.2401558535006,-29.2978610996935,7.90495068253192));
#14474=CARTESIAN_POINT('Ctrl Pts',(63.6200418622335,-29.7993393790077,8.1430695178484));
#14475=CARTESIAN_POINT('Ctrl Pts',(63.1624514373035,-31.4323813476095,8.38118835316489));
#14476=CARTESIAN_POINT('Ctrl Pts',(64.2861202432793,-32.702666795899,8.61930718848138));
#14477=CARTESIAN_POINT('Ctrl Pts',(65.9628053933728,-32.4477749345968,8.85742602379787));
#14478=CARTESIAN_POINT('Ctrl Pts',(66.6582182733851,-30.9009584332818,9.09554485911436));
#14479=CARTESIAN_POINT('Ctrl Pts',(65.7360041781598,-29.4776643160258,9.33366369443084));
#14480=CARTESIAN_POINT('Ctrl Pts',(64.0400572035925,-29.4803132311137,9.57178252974733));
#14481=CARTESIAN_POINT('Ctrl Pts',(63.1222933675951,-30.9064803211891,9.80990136506382));
#14482=CARTESIAN_POINT('Ctrl Pts',(63.822534162353,-32.4511182582905,10.0480202003803));
#14483=CARTESIAN_POINT('Ctrl Pts',(65.5000077211158,-32.7007695228088,10.2861390356968));
#14484=CARTESIAN_POINT('Ctrl Pts',(66.6197023970372,-31.4269849522947,10.5242578710133));
#14485=CARTESIAN_POINT('Ctrl Pts',(66.1570152084016,-29.7953710528273,10.7623767063298));
#14486=CARTESIAN_POINT('Ctrl Pts',(64.5353389645262,-29.2989745560027,11.0004955416463));
#14487=CARTESIAN_POINT('Ctrl Pts',(63.2386266835285,-30.3920347504109,11.2386143769627));
#14488=CARTESIAN_POINT('Ctrl Pts',(63.453465466648,-32.0743211783289,11.4767332122792));
#14489=CARTESIAN_POINT('Ctrl Pts',(64.9832620226344,-32.8064180430277,11.7148520475957));
#14490=CARTESIAN_POINT('Ctrl Pts',(66.4281400112497,-31.918402868902,11.9529708829122));
#14491=CARTESIAN_POINT('Ctrl Pts',(66.4659297956729,-30.2228748592367,12.1910897182287));
#14492=CARTESIAN_POINT('Ctrl Pts',(65.0620509860001,-29.2713668025311,12.4292085535452));
#14493=CARTESIAN_POINT('Ctrl Pts',(63.5011558486525,-29.9345786069952,12.6673273888617));
#14494=CARTESIAN_POINT('Ctrl Pts',(63.2115783999674,-31.6056225707172,12.9054462241782));
#14495=CARTESIAN_POINT('Ctrl Pts',(64.4583029371966,-32.7553708412381,13.1435650594946));
#14496=CARTESIAN_POINT('Ctrl Pts',(66.1004855725941,-32.3317186564845,13.3816838948111));
#14497=CARTESIAN_POINT('Ctrl Pts',(66.6354068894015,-30.7223400350122,13.6198027301276));
#14498=CARTESIAN_POINT('Ctrl Pts',(65.573577708737,-29.3999324788511,13.8579215654441));
#14499=CARTESIAN_POINT('Ctrl Pts',(63.8866433112862,-29.5746008628152,14.0960404007606));
#14500=CARTESIAN_POINT('Ctrl Pts',(63.1182861087547,-31.0865010835706,14.3341592360771));
#14501=CARTESIAN_POINT('Ctrl Pts',(63.9715819318617,-32.5521531731169,14.5722780713936));
#14502=CARTESIAN_POINT('Ctrl Pts',(65.6657589310227,-32.630336723338,14.8103969067101));
#14503=CARTESIAN_POINT('Ctrl Pts',(66.6504042127562,-31.249592267864,15.0485157420266));
#14504=CARTESIAN_POINT('Ctrl Pts',(66.0247341876425,-29.6732293131702,15.286634577343));
#14505=CARTESIAN_POINT('Ctrl Pts',(64.3607909196493,-29.3440920674219,15.5247534126595));
#14506=CARTESIAN_POINT('Ctrl Pts',(63.1822166024187,-30.5626327728488,15.762872247976));
#14507=CARTESIAN_POINT('Ctrl Pts',(63.5654048087233,-32.2153024185819,16.0009910832925));
#14508=CARTESIAN_POINT('Ctrl Pts',(65.1640010173904,-32.7866601465994,16.239109918609));
#14509=CARTESIAN_POINT('Ctrl Pts',(66.0573922528571,-32.1022439183501,16.39785580882));
#14510=CARTESIAN_POINT('Ctrl Pts',(66.2604697606417,-31.6467484741022,16.4772287539255));
#14511=CARTESIAN_POINT('Ctrl Pts',(66.5736066480648,-31.6012117844837,5.84092374869153));
#14512=CARTESIAN_POINT('Ctrl Pts',(66.7615442714275,-31.041605647879,5.92029669379703));
#14513=CARTESIAN_POINT('Ctrl Pts',(66.5313307114171,-29.7295035172886,6.07904258400802));
#14514=CARTESIAN_POINT('Ctrl Pts',(64.6805929682914,-28.946742033463,6.31716141932451));
#14515=CARTESIAN_POINT('Ctrl Pts',(63.0227196511181,-30.0799077320071,6.555280254641));
#14516=CARTESIAN_POINT('Ctrl Pts',(63.0735524259512,-32.0859087082225,6.79339908995748));
#14517=CARTESIAN_POINT('Ctrl Pts',(64.7871896352098,-33.1320914975609,7.03151792527397));
#14518=CARTESIAN_POINT('Ctrl Pts',(66.5952324253155,-32.2596730646887,7.26963676059046));
#14519=CARTESIAN_POINT('Ctrl Pts',(66.8433320910189,-30.2676849687919,7.50775559590695));
#14520=CARTESIAN_POINT('Ctrl Pts',(65.3043894659838,-28.9786002048863,7.74587443122344));
#14521=CARTESIAN_POINT('Ctrl Pts',(63.3866841346741,-29.5721927390911,7.98399326653992));
#14522=CARTESIAN_POINT('Ctrl Pts',(62.8450410143907,-31.5052007288505,8.22211210185641));
#14523=CARTESIAN_POINT('Ctrl Pts',(64.1751114115736,-33.0088191097798,8.4602309371729));
#14524=CARTESIAN_POINT('Ctrl Pts',(66.1597791995159,-32.7071073265586,8.69834977248938));
#14525=CARTESIAN_POINT('Ctrl Pts',(66.9829292955272,-30.8761631663828,8.93646860780588));
#14526=CARTESIAN_POINT('Ctrl Pts',(65.8913179048749,-29.1914306528707,9.17458744312236));
#14527=CARTESIAN_POINT('Ctrl Pts',(63.8838501758896,-29.1945661350736,9.41270627843885));
#14528=CARTESIAN_POINT('Ctrl Pts',(62.7975064922583,-30.8826993446616,9.65082511375534));
#14529=CARTESIAN_POINT('Ctrl Pts',(63.6263713206261,-32.7110647701128,9.88894394907183));
#14530=CARTESIAN_POINT('Ctrl Pts',(65.6119723364254,-33.0065733352605,10.1270627843883));
#14531=CARTESIAN_POINT('Ctrl Pts',(66.9373386137539,-31.4988130943255,10.3651816197048));
#14532=CARTESIAN_POINT('Ctrl Pts',(66.3896625285167,-29.5674954891979,10.6033004550213));
#14533=CARTESIAN_POINT('Ctrl Pts',(64.4701079815517,-28.9799181868999,10.8414192903378));
#14534=CARTESIAN_POINT('Ctrl Pts',(62.9352085437047,-30.2737576164449,11.0795381256543));
#14535=CARTESIAN_POINT('Ctrl Pts',(63.189510081733,-32.2650555553543,11.3176569609707));
#14536=CARTESIAN_POINT('Ctrl Pts',(65.0003079805524,-33.1316279496647,11.5557757962873));
#14537=CARTESIAN_POINT('Ctrl Pts',(66.710589008181,-32.0804973237431,11.7938946316037));
#14538=CARTESIAN_POINT('Ctrl Pts',(66.75532022552,-30.0735255174093,12.0320134669202));
#14539=CARTESIAN_POINT('Ctrl Pts',(65.0935693287718,-28.9472392912768,12.2701323022367));
#14540=CARTESIAN_POINT('Ctrl Pts',(63.2459604922073,-29.732273443234,12.5082511375532));
#14541=CARTESIAN_POINT('Ctrl Pts',(62.9031918844649,-31.7102638410433,12.7463699728697));
#14542=CARTESIAN_POINT('Ctrl Pts',(64.3789215581833,-33.0712041205094,12.9844888081862));
#14543=CARTESIAN_POINT('Ctrl Pts',(66.3227492220768,-32.5697332007456,13.2226076435027));
#14544=CARTESIAN_POINT('Ctrl Pts',(66.9559277925986,-30.66473517028,13.4607264788191));
#14545=CARTESIAN_POINT('Ctrl Pts',(65.6990560590808,-29.0994206095244,13.6988453141356));
#14546=CARTESIAN_POINT('Ctrl Pts',(63.7022563863422,-29.3061730312334,13.9369641494521));
#14547=CARTESIAN_POINT('Ctrl Pts',(62.7927631583426,-31.0957872987354,14.1750829847686));
#14548=CARTESIAN_POINT('Ctrl Pts',(63.802796994219,-32.8306583270202,14.4132018200851));
#14549=CARTESIAN_POINT('Ctrl Pts',(65.8081696290991,-32.9232030565194,14.6513206554016));
#14550=CARTESIAN_POINT('Ctrl Pts',(66.973679905788,-31.2888359578389,14.8894394907181));
#14551=CARTESIAN_POINT('Ctrl Pts',(66.2330834111778,-29.4229180912009,15.1275583260346));
#14552=CARTESIAN_POINT('Ctrl Pts',(64.2634980034672,-29.0333231279412,15.365677161351));
#14553=CARTESIAN_POINT('Ctrl Pts',(62.868436752419,-30.4756920105084,15.6037959966675));
#14554=CARTESIAN_POINT('Ctrl Pts',(63.3220110503304,-32.4319329957722,15.841914831984));
#14555=CARTESIAN_POINT('Ctrl Pts',(65.2142460958253,-33.1082408154752,16.0800336673005));
#14556=CARTESIAN_POINT('Ctrl Pts',(66.2717402872434,-32.2981072959677,16.2387795575115));
#14557=CARTESIAN_POINT('Ctrl Pts',(66.5121201749839,-31.7589439738002,16.318152502617));
#14558=CARTESIAN_POINT('Ctrl Pts',(66.8347985918692,-31.6889302527941,5.68184749738305));
#14559=CARTESIAN_POINT('Ctrl Pts',(67.0519005546473,-31.0424839028525,5.76122044248855));
#14560=CARTESIAN_POINT('Ctrl Pts',(66.7859622351022,-29.5267685137807,5.91996633269955));
#14561=CARTESIAN_POINT('Ctrl Pts',(64.6480252460589,-28.6225373572676,6.15808516801603));
#14562=CARTESIAN_POINT('Ctrl Pts',(62.7328815683023,-29.9315487883204,6.39620400333252));
#14563=CARTESIAN_POINT('Ctrl Pts',(62.7916026215553,-32.2488429068618,6.63432283864901));
#14564=CARTESIAN_POINT('Ctrl Pts',(64.7711636852894,-33.457373338002,6.87244167396549));
#14565=CARTESIAN_POINT('Ctrl Pts',(66.8597802778335,-32.4495721816855,7.11056050928198));
#14566=CARTESIAN_POINT('Ctrl Pts',(67.1463802859908,-30.1484654755786,7.34867934459847));
#14567=CARTESIAN_POINT('Ctrl Pts',(65.368623078467,-28.6593393100791,7.58679817991496));
#14568=CARTESIAN_POINT('Ctrl Pts',(63.1533264071146,-29.3450460991746,7.82491701523144));
#14569=CARTESIAN_POINT('Ctrl Pts',(62.5276305914779,-31.5780201100915,8.06303585054794));
#14570=CARTESIAN_POINT('Ctrl Pts',(64.064102579868,-33.3149714236606,8.30115468586442));
#14571=CARTESIAN_POINT('Ctrl Pts',(66.3567530056589,-32.9664397185205,8.53927352118091));
#14572=CARTESIAN_POINT('Ctrl Pts',(67.3076403176694,-30.8513678994838,8.7773923564974));
#14573=CARTESIAN_POINT('Ctrl Pts',(66.04663163159,-28.9051969897156,9.01551119181388));
#14574=CARTESIAN_POINT('Ctrl Pts',(63.7276431481865,-28.9088190390334,9.25363002713038));
#14575=CARTESIAN_POINT('Ctrl Pts',(62.4727196169216,-30.858918368134,9.49174886244686));
#14576=CARTESIAN_POINT('Ctrl Pts',(63.4302084788992,-32.9710112819351,9.72986769776335));
#14577=CARTESIAN_POINT('Ctrl Pts',(65.7239369517349,-33.3123771477121,9.96798653307984));
#14578=CARTESIAN_POINT('Ctrl Pts',(67.2549748304706,-31.5706412363563,10.2061053683963));
#14579=CARTESIAN_POINT('Ctrl Pts',(66.6223098486318,-29.3396199255685,10.4442242037128));
#14580=CARTESIAN_POINT('Ctrl Pts',(64.4048769985773,-28.660861817797,10.6823430390293));
#14581=CARTESIAN_POINT('Ctrl Pts',(62.6317904038809,-30.1554804824789,10.9204618743458));
#14582=CARTESIAN_POINT('Ctrl Pts',(62.9255546968179,-32.4557899323797,11.1585807096623));
#14583=CARTESIAN_POINT('Ctrl Pts',(65.0173539384704,-33.4568378563017,11.3966995449788));
#14584=CARTESIAN_POINT('Ctrl Pts',(66.9930380051122,-32.2425917785842,11.6348183802953));
#14585=CARTESIAN_POINT('Ctrl Pts',(67.0447106553671,-29.9241761755818,11.8729372156117));
#14586=CARTESIAN_POINT('Ctrl Pts',(65.1250876715436,-28.6231117800225,12.1110560509282));
#14587=CARTESIAN_POINT('Ctrl Pts',(62.9907651357621,-29.5299682794729,12.3491748862447));
#14588=CARTESIAN_POINT('Ctrl Pts',(62.5948053689625,-31.8149051113693,12.5872937215612));
#14589=CARTESIAN_POINT('Ctrl Pts',(64.29954017917,-33.3870373997807,12.8254125568777));
#14590=CARTESIAN_POINT('Ctrl Pts',(66.5450128715596,-32.8077477450066,13.0635313921942));
#14591=CARTESIAN_POINT('Ctrl Pts',(67.2764486957958,-30.6071303055479,13.3016502275107));
#14592=CARTESIAN_POINT('Ctrl Pts',(65.8245344094245,-28.7989087401977,13.5397690628272));
#14593=CARTESIAN_POINT('Ctrl Pts',(63.5178694613983,-29.0377451996516,13.7778878981436));
#14594=CARTESIAN_POINT('Ctrl Pts',(62.4672402079304,-31.1050735139001,14.0160067334601));
#14595=CARTESIAN_POINT('Ctrl Pts',(63.6340120565764,-33.1091634809234,14.2541255687766));
#14596=CARTESIAN_POINT('Ctrl Pts',(65.9505803271754,-33.2160693897008,14.4922444040931));
#14597=CARTESIAN_POINT('Ctrl Pts',(67.2969555988199,-31.3280796478139,14.7303632394096));
#14598=CARTESIAN_POINT('Ctrl Pts',(66.4414326347132,-29.1726068692316,14.9684820747261));
#14599=CARTESIAN_POINT('Ctrl Pts',(64.1662050872852,-28.7225541884606,15.2066009100426));
#14600=CARTESIAN_POINT('Ctrl Pts',(62.5546569024193,-30.3887512481678,15.4447197453591));
#14601=CARTESIAN_POINT('Ctrl Pts',(63.0786172919374,-32.6485635729625,15.6828385806755));
#14602=CARTESIAN_POINT('Ctrl Pts',(65.2644911742604,-33.4298214843509,15.920957415992));
#14603=CARTESIAN_POINT('Ctrl Pts',(66.4860883216297,-32.4939706735853,16.079703306203));
#14604=CARTESIAN_POINT('Ctrl Pts',(66.7637705893261,-31.8711394734982,16.1590762513085));
#14605=CARTESIAN_POINT('Ctrl Pts',(67.0959905356737,-31.7766487211046,5.52277124607457));
#14606=CARTESIAN_POINT('Ctrl Pts',(67.3422568378671,-31.043362157826,5.60214419118007));
#14607=CARTESIAN_POINT('Ctrl Pts',(67.0405937587873,-29.3240335102728,5.76089008139106));
#14608=CARTESIAN_POINT('Ctrl Pts',(64.6154575238264,-28.2983326810721,5.99900891670755));
#14609=CARTESIAN_POINT('Ctrl Pts',(62.4430434854866,-29.7831898446336,6.23712775202404));
#14610=CARTESIAN_POINT('Ctrl Pts',(62.5096528171594,-32.4117771055011,6.47524658734053));
#14611=CARTESIAN_POINT('Ctrl Pts',(64.755137735369,-33.782655178443,6.71336542265701));
#14612=CARTESIAN_POINT('Ctrl Pts',(67.1243281303516,-32.6394712986823,6.9514842579735));
#14613=CARTESIAN_POINT('Ctrl Pts',(67.4494284809626,-30.0292459823652,7.18960309328999));
#14614=CARTESIAN_POINT('Ctrl Pts',(65.4328566909501,-28.3400784152719,7.42772192860648));
#14615=CARTESIAN_POINT('Ctrl Pts',(62.9199686795552,-29.117899459258,7.66584076392296));
#14616=CARTESIAN_POINT('Ctrl Pts',(62.2102201685651,-31.6508394913325,7.90395959923945));
#14617=CARTESIAN_POINT('Ctrl Pts',(63.9530937481624,-33.6211237375415,8.14207843455594));
#14618=CARTESIAN_POINT('Ctrl Pts',(66.5537268118019,-33.2257721104823,8.38019726987243));
#14619=CARTESIAN_POINT('Ctrl Pts',(67.6323513398116,-30.8265726325849,8.61831610518892));
#14620=CARTESIAN_POINT('Ctrl Pts',(66.201945358305,-28.6189633265605,8.85643494050541));
#14621=CARTESIAN_POINT('Ctrl Pts',(63.5714361204835,-28.6230719429933,9.09455377582189));
#14622=CARTESIAN_POINT('Ctrl Pts',(62.1479327415848,-30.8351373916064,9.33267261113839));
#14623=CARTESIAN_POINT('Ctrl Pts',(63.2340456371722,-33.2309577937575,9.57079144645487));
#14624=CARTESIAN_POINT('Ctrl Pts',(65.8359015670445,-33.6181809601637,9.80891028177136));
#14625=CARTESIAN_POINT('Ctrl Pts',(67.5726110471873,-31.6424693783871,10.0470291170878));
#14626=CARTESIAN_POINT('Ctrl Pts',(66.8549571687469,-29.111744361939,10.2851479524043));
#14627=CARTESIAN_POINT('Ctrl Pts',(64.3396460156029,-28.3418054486942,10.5232667877208));
#14628=CARTESIAN_POINT('Ctrl Pts',(62.328372264057,-30.037203348513,10.7613856230373));
#14629=CARTESIAN_POINT('Ctrl Pts',(62.661599311903,-32.6465243094051,10.9995044583538));
#14630=CARTESIAN_POINT('Ctrl Pts',(65.0343998963883,-33.7820477629387,11.2376232936703));
#14631=CARTESIAN_POINT('Ctrl Pts',(67.2754870020435,-32.4046862334254,11.4757421289868));
#14632=CARTESIAN_POINT('Ctrl Pts',(67.3341010852141,-29.7748268337543,11.7138609643033));
#14633=CARTESIAN_POINT('Ctrl Pts',(65.1566060143154,-28.2989842687683,11.9519797996197));
#14634=CARTESIAN_POINT('Ctrl Pts',(62.7355697793169,-29.3276631157117,12.1900986349362));
#14635=CARTESIAN_POINT('Ctrl Pts',(62.2864188534601,-31.9195463816953,12.4282174702527));
#14636=CARTESIAN_POINT('Ctrl Pts',(64.2201588001567,-33.7028706790521,12.6663363055692));
#14637=CARTESIAN_POINT('Ctrl Pts',(66.7672765210424,-33.0457622892676,12.9044551408857));
#14638=CARTESIAN_POINT('Ctrl Pts',(67.5969695989929,-30.5495254408159,13.1425739762022));
#14639=CARTESIAN_POINT('Ctrl Pts',(65.9500127597682,-28.4983968708709,13.3806928115187));
#14640=CARTESIAN_POINT('Ctrl Pts',(63.3334825364543,-28.7693173680699,13.6188116468352));
#14641=CARTESIAN_POINT('Ctrl Pts',(62.1417172575183,-31.1143597290648,13.8569304821516));
#14642=CARTESIAN_POINT('Ctrl Pts',(63.4652271189337,-33.3876686348267,14.0950493174681));
#14643=CARTESIAN_POINT('Ctrl Pts',(66.0929910252518,-33.5089357228822,14.3331681527846));
#14644=CARTESIAN_POINT('Ctrl Pts',(67.6202312918517,-31.3673233377888,14.5712869881011));
#14645=CARTESIAN_POINT('Ctrl Pts',(66.6497818582486,-28.9222956472622,14.8094058234176));
#14646=CARTESIAN_POINT('Ctrl Pts',(64.0689121711032,-28.4117852489799,15.0475246587341));
#14647=CARTESIAN_POINT('Ctrl Pts',(62.2408770524197,-30.3018104858273,15.2856434940506));
#14648=CARTESIAN_POINT('Ctrl Pts',(62.8352235335445,-32.8651941501528,15.5237623293671));
#14649=CARTESIAN_POINT('Ctrl Pts',(65.3147362526953,-33.7514021532267,15.7618811646836));
#14650=CARTESIAN_POINT('Ctrl Pts',(66.7004363560159,-32.6898340512028,15.9206270548945));
#14651=CARTESIAN_POINT('Ctrl Pts',(67.0154210036683,-31.9833349731962,16.));
#14652=CARTESIAN_POINT('Origin',(64.8904622962932,-31.0359460939257,16.));
#14653=CARTESIAN_POINT('',(68.8904622962932,-31.0359460939257,18.));
#14654=CARTESIAN_POINT('Origin',(64.8904622962932,-31.0359460939257,18.));
#14655=CARTESIAN_POINT('',(68.8904622962932,-31.0359460939257,16.));
#14656=CARTESIAN_POINT('Origin',(64.8904622962932,-31.0359460939257,18.));
#14657=CARTESIAN_POINT('Origin',(19.8904622962932,31.0359460939255,16.));
#14658=CARTESIAN_POINT('',(24.0904622962932,31.0359460939255,16.));
#14659=CARTESIAN_POINT('Origin',(19.8904622962932,31.0359460939255,16.));
#14660=CARTESIAN_POINT('',(17.4639622962932,31.0359460939256,16.));
#14661=CARTESIAN_POINT('Origin',(19.8904622962932,31.0359460939256,16.));
#14662=CARTESIAN_POINT('Origin',(19.8904622962932,31.0359460939255,16.));
#14663=CARTESIAN_POINT('',(24.0904622962932,31.0359460939255,18.));
#14664=CARTESIAN_POINT('',(24.0904622962932,31.0359460939255,16.));
#14665=CARTESIAN_POINT('Origin',(19.8904622962932,31.0359460939255,18.));
#14666=CARTESIAN_POINT('Origin',(19.8904622962932,31.0359460939256,14.));
#14667=CARTESIAN_POINT('',(17.4639622962932,31.0359460939256,14.));
#14668=CARTESIAN_POINT('Origin',(19.8904622962932,31.0359460939256,14.));
#14669=CARTESIAN_POINT('',(17.4639622962932,31.0359460939256,14.));
#14670=CARTESIAN_POINT('Origin',(19.8904622962932,-31.0359460939257,14.));
#14671=CARTESIAN_POINT('',(17.4639622962932,-31.0359460939257,14.));
#14672=CARTESIAN_POINT('Origin',(19.8904622962932,-31.0359460939257,14.));
#14673=CARTESIAN_POINT('',(17.4639622962932,-31.0359460939257,16.));
#14674=CARTESIAN_POINT('',(17.4639622962932,-31.0359460939257,14.));
#14675=CARTESIAN_POINT('Origin',(19.8904622962932,-31.0359460939257,16.));
#14676=CARTESIAN_POINT('Origin',(19.8904622962932,-31.0359460939257,16.));
#14677=CARTESIAN_POINT('',(24.0904622962932,-31.0359460939257,16.));
#14678=CARTESIAN_POINT('Origin',(19.8904622962932,-31.0359460939257,16.));
#14679=CARTESIAN_POINT('Origin',(19.8904622962932,-31.0359460939257,16.));
#14680=CARTESIAN_POINT('',(24.0904622962932,-31.0359460939257,18.));
#14681=CARTESIAN_POINT('',(24.0904622962932,-31.0359460939257,16.));
#14682=CARTESIAN_POINT('Origin',(19.8904622962932,-31.0359460939257,18.));
#14683=CARTESIAN_POINT('Origin',(22.64,-19.3551908779349,14.));
#14684=CARTESIAN_POINT('',(15.64,-19.3551908779349,18.));
#14685=CARTESIAN_POINT('',(21.036103006171,-26.1689647539295,18.));
#14686=CARTESIAN_POINT('Origin',(22.64,-19.3551908779349,18.));
#14687=CARTESIAN_POINT('',(21.036103006171,-26.1689647539295,14.));
#14688=CARTESIAN_POINT('',(21.036103006171,-26.1689647539295,14.));
#14689=CARTESIAN_POINT('',(15.64,-19.3551908779349,14.));
#14690=CARTESIAN_POINT('Origin',(22.64,-19.3551908779349,14.));
#14691=CARTESIAN_POINT('',(15.64,-19.3551908779349,14.));
#14692=CARTESIAN_POINT('Origin',(15.64,-27.655,14.));
#14693=CARTESIAN_POINT('',(15.64,19.3551908779349,14.));
#14694=CARTESIAN_POINT('',(15.64,27.655,14.));
#14695=CARTESIAN_POINT('',(15.64,19.3551908779349,18.));
#14696=CARTESIAN_POINT('',(15.64,19.3551908779349,14.));
#14697=CARTESIAN_POINT('',(15.64,27.655,18.));
#14698=CARTESIAN_POINT('Origin',(8.40702320804664,-34.5188510174817,14.));
#14699=CARTESIAN_POINT('',(15.1056960095238,-32.4871564787407,14.));
#14700=CARTESIAN_POINT('',(12.5235116040233,-28.8571795959146,14.));
#14701=CARTESIAN_POINT('Origin',(8.40702320804664,-34.5188510174817,14.));
#14702=CARTESIAN_POINT('',(15.1056960095238,-32.4871564787407,18.));
#14703=CARTESIAN_POINT('',(15.1056960095238,-32.4871564787407,14.));
#14704=CARTESIAN_POINT('',(12.5235116040233,-28.8571795959146,18.));
#14705=CARTESIAN_POINT('Origin',(8.40702320804664,-34.5188510174817,18.));
#14706=CARTESIAN_POINT('',(12.5235116040233,-28.8571795959146,14.));
#14707=CARTESIAN_POINT('Origin',(16.64,-23.1955081743476,14.));
#14708=CARTESIAN_POINT('',(9.63999999999999,-23.1955081743476,18.));
#14709=CARTESIAN_POINT('Origin',(16.64,-23.1955081743476,18.));
#14710=CARTESIAN_POINT('',(9.63999999999999,-23.1955081743476,14.));
#14711=CARTESIAN_POINT('',(9.63999999999999,-23.1955081743476,14.));
#14712=CARTESIAN_POINT('Origin',(16.64,-23.1955081743476,14.));
#14713=CARTESIAN_POINT('Origin',(9.63999999999999,27.655,14.));
#14714=CARTESIAN_POINT('',(9.63999999999999,23.4532492253272,18.));
#14715=CARTESIAN_POINT('',(9.63999999999999,-27.655,18.));
#14716=CARTESIAN_POINT('',(9.63999999999999,23.4532492253272,14.));
#14717=CARTESIAN_POINT('',(9.63999999999999,23.4532492253272,14.));
#14718=CARTESIAN_POINT('',(9.63999999999999,-27.655,14.));
#14719=CARTESIAN_POINT('Origin',(17.2652311481466,0.,18.));
#14720=CARTESIAN_POINT('',(21.036103006171,26.1689647539295,18.));
#14721=CARTESIAN_POINT('Origin',(22.64,19.3551908779349,18.));
#14722=CARTESIAN_POINT('',(15.1502315940082,32.6266103856963,18.));
#14723=CARTESIAN_POINT('Origin',(19.8904622962932,31.0359460939256,18.));
#14724=CARTESIAN_POINT('',(12.5769543054046,29.1533948097513,18.));
#14725=CARTESIAN_POINT('Origin',(8.51390861080914,34.8535403941754,18.));
#14726=CARTESIAN_POINT('Origin',(16.64,23.4532492253272,18.));
#14727=CARTESIAN_POINT('Origin',(19.8904622962932,-31.0359460939256,18.));
#14728=CARTESIAN_POINT('Origin',(16.64,23.4532492253272,14.));
#14729=CARTESIAN_POINT('',(12.5769543054046,29.1533948097513,14.));
#14730=CARTESIAN_POINT('',(12.5769543054046,29.1533948097513,14.));
#14731=CARTESIAN_POINT('Origin',(16.64,23.4532492253272,14.));
#14732=CARTESIAN_POINT('Origin',(8.51390861080914,34.8535403941754,14.));
#14733=CARTESIAN_POINT('',(15.1502315940082,32.6266103856963,14.));
#14734=CARTESIAN_POINT('',(15.1502315940082,32.6266103856963,14.));
#14735=CARTESIAN_POINT('Origin',(8.51390861080914,34.8535403941754,14.));
#14736=CARTESIAN_POINT('Origin',(22.64,19.3551908779349,14.));
#14737=CARTESIAN_POINT('',(21.036103006171,26.1689647539295,14.));
#14738=CARTESIAN_POINT('Origin',(22.64,19.3551908779349,14.));
#14739=CARTESIAN_POINT('',(21.036103006171,26.1689647539295,14.));
#14740=CARTESIAN_POINT('Origin',(19.8904622962932,-31.0359460939256,14.));
#14741=CARTESIAN_POINT('Origin',(19.8904622962932,-31.0359460939256,14.));
#14742=CARTESIAN_POINT('Origin',(19.8904622962932,31.0359460939256,14.));
#14743=CARTESIAN_POINT('Origin',(19.8904622962932,31.0359460939256,14.));
#14744=CARTESIAN_POINT('Origin',(17.2652311481466,0.,14.));
#14745=CARTESIAN_POINT('Origin',(-19.8904622962932,31.0359460939255,16.));
#14746=CARTESIAN_POINT('',(-24.0904622962932,31.0359460939255,16.));
#14747=CARTESIAN_POINT('Origin',(-19.8904622962932,31.0359460939255,16.));
#14748=CARTESIAN_POINT('',(-17.4639622962932,31.0359460939256,16.));
#14749=CARTESIAN_POINT('Origin',(-19.8904622962932,31.0359460939256,16.));
#14750=CARTESIAN_POINT('Origin',(-19.8904622962932,31.0359460939255,16.));
#14751=CARTESIAN_POINT('',(-24.0904622962932,31.0359460939255,18.));
#14752=CARTESIAN_POINT('',(-24.0904622962932,31.0359460939255,16.));
#14753=CARTESIAN_POINT('Origin',(-19.8904622962932,31.0359460939255,18.));
#14754=CARTESIAN_POINT('Origin',(-19.8904622962932,31.0359460939256,14.));
#14755=CARTESIAN_POINT('',(-17.4639622962932,31.0359460939256,14.));
#14756=CARTESIAN_POINT('Origin',(-19.8904622962932,31.0359460939256,14.));
#14757=CARTESIAN_POINT('',(-17.4639622962932,31.0359460939256,14.));
#14758=CARTESIAN_POINT('Origin',(-19.8904622962932,-31.0359460939257,14.));
#14759=CARTESIAN_POINT('',(-17.4639622962932,-31.0359460939257,14.));
#14760=CARTESIAN_POINT('Origin',(-19.8904622962932,-31.0359460939257,14.));
#14761=CARTESIAN_POINT('',(-17.4639622962932,-31.0359460939257,16.));
#14762=CARTESIAN_POINT('',(-17.4639622962932,-31.0359460939257,14.));
#14763=CARTESIAN_POINT('Origin',(-19.8904622962932,-31.0359460939257,16.));
#14764=CARTESIAN_POINT('Origin',(-19.8904622962932,-31.0359460939257,16.));
#14765=CARTESIAN_POINT('',(-24.0904622962932,-31.0359460939257,16.));
#14766=CARTESIAN_POINT('Origin',(-19.8904622962932,-31.0359460939257,16.));
#14767=CARTESIAN_POINT('Origin',(-19.8904622962932,-31.0359460939257,16.));
#14768=CARTESIAN_POINT('',(-24.0904622962932,-31.0359460939257,18.));
#14769=CARTESIAN_POINT('',(-24.0904622962932,-31.0359460939257,16.));
#14770=CARTESIAN_POINT('Origin',(-19.8904622962932,-31.0359460939257,18.));
#14771=CARTESIAN_POINT('Origin',(-22.64,-19.3551908779349,14.));
#14772=CARTESIAN_POINT('',(-15.64,-19.3551908779349,18.));
#14773=CARTESIAN_POINT('',(-21.036103006171,-26.1689647539295,18.));
#14774=CARTESIAN_POINT('Origin',(-22.64,-19.3551908779349,18.));
#14775=CARTESIAN_POINT('',(-15.64,-19.3551908779349,14.));
#14776=CARTESIAN_POINT('',(-15.64,-19.3551908779349,14.));
#14777=CARTESIAN_POINT('',(-21.036103006171,-26.1689647539295,14.));
#14778=CARTESIAN_POINT('Origin',(-22.64,-19.3551908779349,14.));
#14779=CARTESIAN_POINT('',(-21.036103006171,-26.1689647539295,14.));
#14780=CARTESIAN_POINT('Origin',(-15.64,-27.655,14.));
#14781=CARTESIAN_POINT('',(-15.64,19.3551908779349,18.));
#14782=CARTESIAN_POINT('',(-15.64,27.655,18.));
#14783=CARTESIAN_POINT('',(-15.64,19.3551908779349,14.));
#14784=CARTESIAN_POINT('',(-15.64,19.3551908779349,14.));
#14785=CARTESIAN_POINT('',(-15.64,27.655,14.));
#14786=CARTESIAN_POINT('Origin',(-8.40702320804664,-34.5188510174817,14.));
#14787=CARTESIAN_POINT('',(-15.1056960095238,-32.4871564787407,14.));
#14788=CARTESIAN_POINT('',(-12.5235116040233,-28.8571795959146,14.));
#14789=CARTESIAN_POINT('Origin',(-8.40702320804664,-34.5188510174817,14.));
#14790=CARTESIAN_POINT('',(-12.5235116040233,-28.8571795959146,18.));
#14791=CARTESIAN_POINT('',(-12.5235116040233,-28.8571795959146,14.));
#14792=CARTESIAN_POINT('',(-15.1056960095238,-32.4871564787407,18.));
#14793=CARTESIAN_POINT('Origin',(-8.40702320804664,-34.5188510174817,18.));
#14794=CARTESIAN_POINT('',(-15.1056960095238,-32.4871564787407,14.));
#14795=CARTESIAN_POINT('Origin',(-16.64,-23.1955081743476,14.));
#14796=CARTESIAN_POINT('',(-9.63999999999999,-23.1955081743476,14.));
#14797=CARTESIAN_POINT('Origin',(-16.64,-23.1955081743476,14.));
#14798=CARTESIAN_POINT('',(-9.63999999999999,-23.1955081743476,18.));
#14799=CARTESIAN_POINT('',(-9.63999999999999,-23.1955081743476,14.));
#14800=CARTESIAN_POINT('Origin',(-16.64,-23.1955081743476,18.));
#14801=CARTESIAN_POINT('Origin',(-9.63999999999999,27.655,14.));
#14802=CARTESIAN_POINT('',(-9.63999999999999,23.4532492253272,14.));
#14803=CARTESIAN_POINT('',(-9.63999999999999,-27.655,14.));
#14804=CARTESIAN_POINT('',(-9.63999999999999,23.4532492253272,18.));
#14805=CARTESIAN_POINT('',(-9.63999999999999,23.4532492253272,14.));
#14806=CARTESIAN_POINT('',(-9.63999999999999,-27.655,18.));
#14807=CARTESIAN_POINT('Origin',(-17.2652311481466,0.,18.));
#14808=CARTESIAN_POINT('Origin',(-19.8904622962932,-31.0359460939256,18.));
#14809=CARTESIAN_POINT('',(-12.5769543054046,29.1533948097513,18.));
#14810=CARTESIAN_POINT('Origin',(-16.64,23.4532492253272,18.));
#14811=CARTESIAN_POINT('',(-15.1502315940082,32.6266103856963,18.));
#14812=CARTESIAN_POINT('Origin',(-8.51390861080914,34.8535403941754,18.));
#14813=CARTESIAN_POINT('',(-21.036103006171,26.1689647539295,18.));
#14814=CARTESIAN_POINT('Origin',(-19.8904622962932,31.0359460939256,18.));
#14815=CARTESIAN_POINT('Origin',(-22.64,19.3551908779349,18.));
#14816=CARTESIAN_POINT('Origin',(-16.64,23.4532492253272,14.));
#14817=CARTESIAN_POINT('',(-12.5769543054046,29.1533948097513,14.));
#14818=CARTESIAN_POINT('Origin',(-16.64,23.4532492253272,14.));
#14819=CARTESIAN_POINT('',(-12.5769543054046,29.1533948097513,14.));
#14820=CARTESIAN_POINT('Origin',(-8.51390861080914,34.8535403941754,14.));
#14821=CARTESIAN_POINT('',(-15.1502315940082,32.6266103856963,14.));
#14822=CARTESIAN_POINT('Origin',(-8.51390861080914,34.8535403941754,14.));
#14823=CARTESIAN_POINT('',(-15.1502315940082,32.6266103856963,14.));
#14824=CARTESIAN_POINT('Origin',(-22.64,19.3551908779349,14.));
#14825=CARTESIAN_POINT('',(-21.036103006171,26.1689647539295,14.));
#14826=CARTESIAN_POINT('Origin',(-22.64,19.3551908779349,14.));
#14827=CARTESIAN_POINT('',(-21.036103006171,26.1689647539295,14.));
#14828=CARTESIAN_POINT('Origin',(-19.8904622962932,-31.0359460939256,14.));
#14829=CARTESIAN_POINT('Origin',(-19.8904622962932,-31.0359460939256,14.));
#14830=CARTESIAN_POINT('Origin',(-19.8904622962932,31.0359460939256,14.));
#14831=CARTESIAN_POINT('Origin',(-19.8904622962932,31.0359460939256,14.));
#14832=CARTESIAN_POINT('Origin',(-17.2652311481466,0.,14.));
#14833=CARTESIAN_POINT('',(0.,0.,0.));
#14834=CARTESIAN_POINT('',(-45.,0.,0.));
#14835=CARTESIAN_POINT('',(-45.,62.0718921878512,5.55111512312578E-15));
#14836=CARTESIAN_POINT('',(-84.7809245925864,-9.32587340685131E-14,1.4432899320127E-14));
#14837=CARTESIAN_POINT('',(-84.7809245925864,62.0718921878511,1.77635683940025E-14));
#14838=UNCERTAINTY_MEASURE_WITH_UNIT(LENGTH_MEASURE(0.01),#14846,
'DISTANCE_ACCURACY_VALUE',
'Maximum model space distance between geometric entities at asserted c
onnectivities');
#14839=UNCERTAINTY_MEASURE_WITH_UNIT(LENGTH_MEASURE(0.01),#14846,
'DISTANCE_ACCURACY_VALUE',
'Maximum model space distance between geometric entities at asserted c
onnectivities');
#14840=UNCERTAINTY_MEASURE_WITH_UNIT(LENGTH_MEASURE(0.01),#14846,
'DISTANCE_ACCURACY_VALUE',
'Maximum model space distance between geometric entities at asserted c
onnectivities');
#14841=UNCERTAINTY_MEASURE_WITH_UNIT(LENGTH_MEASURE(0.01),#14846,
'DISTANCE_ACCURACY_VALUE',
'Maximum model space distance between geometric entities at asserted c
onnectivities');
#14842=(
GEOMETRIC_REPRESENTATION_CONTEXT(3)
GLOBAL_UNCERTAINTY_ASSIGNED_CONTEXT((#14838))
GLOBAL_UNIT_ASSIGNED_CONTEXT((#14846,#14848,#14849))
REPRESENTATION_CONTEXT('','3D')
);
#14843=(
GEOMETRIC_REPRESENTATION_CONTEXT(3)
GLOBAL_UNCERTAINTY_ASSIGNED_CONTEXT((#14839))
GLOBAL_UNIT_ASSIGNED_CONTEXT((#14846,#14848,#14849))
REPRESENTATION_CONTEXT('','3D')
);
#14844=(
GEOMETRIC_REPRESENTATION_CONTEXT(3)
GLOBAL_UNCERTAINTY_ASSIGNED_CONTEXT((#14840))
GLOBAL_UNIT_ASSIGNED_CONTEXT((#14846,#14848,#14849))
REPRESENTATION_CONTEXT('','3D')
);
#14845=(
GEOMETRIC_REPRESENTATION_CONTEXT(3)
GLOBAL_UNCERTAINTY_ASSIGNED_CONTEXT((#14841))
GLOBAL_UNIT_ASSIGNED_CONTEXT((#14846,#14848,#14849))
REPRESENTATION_CONTEXT('','3D')
);
#14846=(
LENGTH_UNIT()
NAMED_UNIT(*)
SI_UNIT(.MILLI.,.METRE.)
);
#14847=(
LENGTH_UNIT()
NAMED_UNIT(*)
SI_UNIT($,.METRE.)
);
#14848=(
NAMED_UNIT(*)
PLANE_ANGLE_UNIT()
SI_UNIT($,.RADIAN.)
);
#14849=(
NAMED_UNIT(*)
SI_UNIT($,.STERADIAN.)
SOLID_ANGLE_UNIT()
);
#14850=SHAPE_DEFINITION_REPRESENTATION(#14853,#14861);
#14851=SHAPE_DEFINITION_REPRESENTATION(#14854,#14862);
#14852=SHAPE_DEFINITION_REPRESENTATION(#14855,#14863);
#14853=PRODUCT_DEFINITION_SHAPE('',$,#14865);
#14854=PRODUCT_DEFINITION_SHAPE('',$,#14866);
#14855=PRODUCT_DEFINITION_SHAPE('',$,#14867);
#14856=PRODUCT_DEFINITION_SHAPE($,$,#26);
#14857=PRODUCT_DEFINITION_SHAPE($,$,#27);
#14858=PRODUCT_DEFINITION_SHAPE($,$,#28);
#14859=PRODUCT_DEFINITION_SHAPE($,$,#29);
#14860=PRODUCT_DEFINITION_SHAPE($,$,#30);
#14861=SHAPE_REPRESENTATION('',(#8061,#8504,#8505,#8506,#8507,#8508),#14842);
#14862=SHAPE_REPRESENTATION('',(#8062),#14843);
#14863=SHAPE_REPRESENTATION('',(#8389),#14844);
#14864=PRODUCT_DEFINITION_CONTEXT('part definition',#14875,'design');
#14865=PRODUCT_DEFINITION('ESPsocketMount','ESPsocketMount v7',#14868,#14864);
#14866=PRODUCT_DEFINITION('ESPsocket v2','ESPsocket v2',#14869,#14864);
#14867=PRODUCT_DEFINITION('ESPClampScrew v2','ESPClampScrew v2',#14870,
#14864);
#14868=PRODUCT_DEFINITION_FORMATION('',$,#14877);
#14869=PRODUCT_DEFINITION_FORMATION('',$,#14878);
#14870=PRODUCT_DEFINITION_FORMATION('',$,#14879);
#14871=PRODUCT_RELATED_PRODUCT_CATEGORY('ESPsocketMount v7',
'ESPsocketMount v7',(#14877));
#14872=PRODUCT_RELATED_PRODUCT_CATEGORY('ESPsocket v2','ESPsocket v2',(#14878));
#14873=PRODUCT_RELATED_PRODUCT_CATEGORY('ESPClampScrew v2',
'ESPClampScrew v2',(#14879));
#14874=APPLICATION_PROTOCOL_DEFINITION('international standard',
'automotive_design',2009,#14875);
#14875=APPLICATION_CONTEXT(
'Core Data for Automotive Mechanical Design Process');
#14876=PRODUCT_CONTEXT('part definition',#14875,'mechanical');
#14877=PRODUCT('ESPsocketMount','ESPsocketMount v7',$,(#14876));
#14878=PRODUCT('ESPsocket v2','ESPsocket v2',$,(#14876));
#14879=PRODUCT('ESPClampScrew v2','ESPClampScrew v2',$,(#14876));
#14880=PRESENTATION_STYLE_ASSIGNMENT((#14881));
#14881=SURFACE_STYLE_USAGE(.BOTH.,#14882);
#14882=SURFACE_SIDE_STYLE('',(#14883));
#14883=SURFACE_STYLE_FILL_AREA(#14884);
#14884=FILL_AREA_STYLE('Steel - Satin',(#14885));
#14885=FILL_AREA_STYLE_COLOUR('Steel - Satin',#14886);
#14886=COLOUR_RGB('Steel - Satin',0.627450980392157,0.627450980392157,0.627450980392157);
ENDSEC;
END-ISO-10303-21;
