ISO-10303-21;
HEADER;
/* Generated by software containing ST-Developer
 * from STEP Tools, Inc. (www.steptools.com) 
 */

FILE_DESCRIPTION(
/* description */ (''),
/* implementation_level */ '2;1');

FILE_NAME(
/* name */ 'LCDSocket.step',
/* time_stamp */ '2026-08-12T17:01:51-06:00',
/* author */ (''),
/* organization */ (''),
/* preprocessor_version */ 'ST-DEVELOPER v20.1',
/* originating_system */ 'Autodesk Translation Framework v15.8.0.0',
/* authorisation */ '');

FILE_SCHEMA (('AUTOMOTIVE_DESIGN { 1 0 10303 214 3 1 1 }'));
ENDSEC;

DATA;
#10=MECHANICAL_DESIGN_GEOMETRIC_PRESENTATION_REPRESENTATION('',(#17),#4157);
#11=ITEM_DEFINED_TRANSFORMATION($,$,#2665,#2791);
#12=(
REPRESENTATION_RELATIONSHIP($,$,#4168,#4167)
REPRESENTATION_RELATIONSHIP_WITH_TRANSFORMATION(#11)
SHAPE_REPRESENTATION_RELATIONSHIP()
);
#13=CONTEXT_DEPENDENT_SHAPE_REPRESENTATION(#12,#4166);
#14=NEXT_ASSEMBLY_USAGE_OCCURRENCE('ESPsocket v2:1','ESPsocket v2:1',
'ESPsocket v2:1',#4170,#4171,'ESPsocket v2:1');
#15=SHAPE_REPRESENTATION_RELATIONSHIP('SRR','None',#4168,#16);
#16=ADVANCED_BREP_SHAPE_REPRESENTATION('',(#18),#4156);
#17=STYLED_ITEM('',(#4181),#18);
#18=MANIFOLD_SOLID_BREP('Body5',#2651);
#19=FACE_BOUND('',#181,.T.);
#20=FACE_BOUND('',#182,.T.);
#21=FACE_BOUND('',#183,.T.);
#22=FACE_BOUND('',#184,.T.);
#23=FACE_BOUND('',#185,.T.);
#24=FACE_BOUND('',#186,.T.);
#25=FACE_BOUND('',#187,.T.);
#26=FACE_BOUND('',#188,.T.);
#27=FACE_BOUND('',#189,.T.);
#28=FACE_BOUND('',#190,.T.);
#29=FACE_BOUND('',#191,.T.);
#30=FACE_BOUND('',#192,.T.);
#31=FACE_BOUND('',#193,.T.);
#32=FACE_BOUND('',#194,.T.);
#33=FACE_BOUND('',#242,.T.);
#34=FACE_BOUND('',#244,.T.);
#35=FACE_BOUND('',#246,.T.);
#36=FACE_BOUND('',#248,.T.);
#37=FACE_BOUND('',#250,.T.);
#38=FACE_BOUND('',#252,.T.);
#39=FACE_BOUND('',#254,.T.);
#40=FACE_BOUND('',#256,.T.);
#41=FACE_BOUND('',#258,.T.);
#42=FACE_BOUND('',#260,.T.);
#43=FACE_BOUND('',#262,.T.);
#44=FACE_BOUND('',#264,.T.);
#45=FACE_BOUND('',#266,.T.);
#46=FACE_BOUND('',#268,.T.);
#47=FACE_BOUND('',#270,.T.);
#48=FACE_OUTER_BOUND('',#173,.T.);
#49=FACE_OUTER_BOUND('',#174,.T.);
#50=FACE_OUTER_BOUND('',#175,.T.);
#51=FACE_OUTER_BOUND('',#176,.T.);
#52=FACE_OUTER_BOUND('',#177,.T.);
#53=FACE_OUTER_BOUND('',#178,.T.);
#54=FACE_OUTER_BOUND('',#179,.T.);
#55=FACE_OUTER_BOUND('',#180,.T.);
#56=FACE_OUTER_BOUND('',#195,.T.);
#57=FACE_OUTER_BOUND('',#196,.T.);
#58=FACE_OUTER_BOUND('',#197,.T.);
#59=FACE_OUTER_BOUND('',#198,.T.);
#60=FACE_OUTER_BOUND('',#199,.T.);
#61=FACE_OUTER_BOUND('',#200,.T.);
#62=FACE_OUTER_BOUND('',#201,.T.);
#63=FACE_OUTER_BOUND('',#202,.T.);
#64=FACE_OUTER_BOUND('',#203,.T.);
#65=FACE_OUTER_BOUND('',#204,.T.);
#66=FACE_OUTER_BOUND('',#205,.T.);
#67=FACE_OUTER_BOUND('',#206,.T.);
#68=FACE_OUTER_BOUND('',#207,.T.);
#69=FACE_OUTER_BOUND('',#208,.T.);
#70=FACE_OUTER_BOUND('',#209,.T.);
#71=FACE_OUTER_BOUND('',#210,.T.);
#72=FACE_OUTER_BOUND('',#211,.T.);
#73=FACE_OUTER_BOUND('',#212,.T.);
#74=FACE_OUTER_BOUND('',#213,.T.);
#75=FACE_OUTER_BOUND('',#214,.T.);
#76=FACE_OUTER_BOUND('',#215,.T.);
#77=FACE_OUTER_BOUND('',#216,.T.);
#78=FACE_OUTER_BOUND('',#217,.T.);
#79=FACE_OUTER_BOUND('',#218,.T.);
#80=FACE_OUTER_BOUND('',#219,.T.);
#81=FACE_OUTER_BOUND('',#220,.T.);
#82=FACE_OUTER_BOUND('',#221,.T.);
#83=FACE_OUTER_BOUND('',#222,.T.);
#84=FACE_OUTER_BOUND('',#223,.T.);
#85=FACE_OUTER_BOUND('',#224,.T.);
#86=FACE_OUTER_BOUND('',#225,.T.);
#87=FACE_OUTER_BOUND('',#226,.T.);
#88=FACE_OUTER_BOUND('',#227,.T.);
#89=FACE_OUTER_BOUND('',#228,.T.);
#90=FACE_OUTER_BOUND('',#229,.T.);
#91=FACE_OUTER_BOUND('',#230,.T.);
#92=FACE_OUTER_BOUND('',#231,.T.);
#93=FACE_OUTER_BOUND('',#232,.T.);
#94=FACE_OUTER_BOUND('',#233,.T.);
#95=FACE_OUTER_BOUND('',#234,.T.);
#96=FACE_OUTER_BOUND('',#235,.T.);
#97=FACE_OUTER_BOUND('',#236,.T.);
#98=FACE_OUTER_BOUND('',#237,.T.);
#99=FACE_OUTER_BOUND('',#238,.T.);
#100=FACE_OUTER_BOUND('',#239,.T.);
#101=FACE_OUTER_BOUND('',#240,.T.);
#102=FACE_OUTER_BOUND('',#241,.T.);
#103=FACE_OUTER_BOUND('',#243,.T.);
#104=FACE_OUTER_BOUND('',#245,.T.);
#105=FACE_OUTER_BOUND('',#247,.T.);
#106=FACE_OUTER_BOUND('',#249,.T.);
#107=FACE_OUTER_BOUND('',#251,.T.);
#108=FACE_OUTER_BOUND('',#253,.T.);
#109=FACE_OUTER_BOUND('',#255,.T.);
#110=FACE_OUTER_BOUND('',#257,.T.);
#111=FACE_OUTER_BOUND('',#259,.T.);
#112=FACE_OUTER_BOUND('',#261,.T.);
#113=FACE_OUTER_BOUND('',#263,.T.);
#114=FACE_OUTER_BOUND('',#265,.T.);
#115=FACE_OUTER_BOUND('',#267,.T.);
#116=FACE_OUTER_BOUND('',#269,.T.);
#117=FACE_OUTER_BOUND('',#271,.T.);
#118=FACE_OUTER_BOUND('',#272,.T.);
#119=FACE_OUTER_BOUND('',#273,.T.);
#120=FACE_OUTER_BOUND('',#274,.T.);
#121=FACE_OUTER_BOUND('',#275,.T.);
#122=FACE_OUTER_BOUND('',#276,.T.);
#123=FACE_OUTER_BOUND('',#277,.T.);
#124=FACE_OUTER_BOUND('',#278,.T.);
#125=FACE_OUTER_BOUND('',#279,.T.);
#126=FACE_OUTER_BOUND('',#280,.T.);
#127=FACE_OUTER_BOUND('',#281,.T.);
#128=FACE_OUTER_BOUND('',#282,.T.);
#129=FACE_OUTER_BOUND('',#283,.T.);
#130=FACE_OUTER_BOUND('',#284,.T.);
#131=FACE_OUTER_BOUND('',#285,.T.);
#132=FACE_OUTER_BOUND('',#286,.T.);
#133=FACE_OUTER_BOUND('',#287,.T.);
#134=FACE_OUTER_BOUND('',#288,.T.);
#135=FACE_OUTER_BOUND('',#289,.T.);
#136=FACE_OUTER_BOUND('',#290,.T.);
#137=FACE_OUTER_BOUND('',#291,.T.);
#138=FACE_OUTER_BOUND('',#292,.T.);
#139=FACE_OUTER_BOUND('',#293,.T.);
#140=FACE_OUTER_BOUND('',#294,.T.);
#141=FACE_OUTER_BOUND('',#295,.T.);
#142=FACE_OUTER_BOUND('',#296,.T.);
#143=FACE_OUTER_BOUND('',#297,.T.);
#144=FACE_OUTER_BOUND('',#298,.T.);
#145=FACE_OUTER_BOUND('',#299,.T.);
#146=FACE_OUTER_BOUND('',#300,.T.);
#147=FACE_OUTER_BOUND('',#301,.T.);
#148=FACE_OUTER_BOUND('',#302,.T.);
#149=FACE_OUTER_BOUND('',#303,.T.);
#150=FACE_OUTER_BOUND('',#304,.T.);
#151=FACE_OUTER_BOUND('',#305,.T.);
#152=FACE_OUTER_BOUND('',#306,.T.);
#153=FACE_OUTER_BOUND('',#307,.T.);
#154=FACE_OUTER_BOUND('',#308,.T.);
#155=FACE_OUTER_BOUND('',#309,.T.);
#156=FACE_OUTER_BOUND('',#310,.T.);
#157=FACE_OUTER_BOUND('',#311,.T.);
#158=FACE_OUTER_BOUND('',#312,.T.);
#159=FACE_OUTER_BOUND('',#313,.T.);
#160=FACE_OUTER_BOUND('',#314,.T.);
#161=FACE_OUTER_BOUND('',#315,.T.);
#162=FACE_OUTER_BOUND('',#316,.T.);
#163=FACE_OUTER_BOUND('',#317,.T.);
#164=FACE_OUTER_BOUND('',#318,.T.);
#165=FACE_OUTER_BOUND('',#319,.T.);
#166=FACE_OUTER_BOUND('',#320,.T.);
#167=FACE_OUTER_BOUND('',#321,.T.);
#168=FACE_OUTER_BOUND('',#322,.T.);
#169=FACE_OUTER_BOUND('',#323,.T.);
#170=FACE_OUTER_BOUND('',#324,.T.);
#171=FACE_OUTER_BOUND('',#325,.T.);
#172=FACE_OUTER_BOUND('',#326,.T.);
#173=EDGE_LOOP('',(#1669,#1670,#1671,#1672));
#174=EDGE_LOOP('',(#1673,#1674,#1675,#1676));
#175=EDGE_LOOP('',(#1677,#1678,#1679,#1680));
#176=EDGE_LOOP('',(#1681,#1682,#1683,#1684));
#177=EDGE_LOOP('',(#1685,#1686,#1687,#1688));
#178=EDGE_LOOP('',(#1689,#1690,#1691,#1692,#1693,#1694));
#179=EDGE_LOOP('',(#1695,#1696,#1697,#1698,#1699,#1700,#1701,#1702,#1703,
#1704,#1705,#1706,#1707,#1708,#1709,#1710,#1711,#1712,#1713,#1714,#1715,
#1716,#1717,#1718,#1719,#1720,#1721,#1722,#1723,#1724,#1725,#1726,#1727,
#1728,#1729,#1730,#1731,#1732,#1733,#1734,#1735,#1736,#1737,#1738,#1739,
#1740,#1741,#1742,#1743,#1744,#1745,#1746,#1747,#1748,#1749,#1750,#1751,
#1752,#1753,#1754));
#180=EDGE_LOOP('',(#1755,#1756,#1757,#1758));
#181=EDGE_LOOP('',(#1759,#1760,#1761,#1762));
#182=EDGE_LOOP('',(#1763,#1764,#1765,#1766));
#183=EDGE_LOOP('',(#1767,#1768,#1769,#1770));
#184=EDGE_LOOP('',(#1771,#1772,#1773,#1774));
#185=EDGE_LOOP('',(#1775,#1776,#1777,#1778));
#186=EDGE_LOOP('',(#1779,#1780,#1781,#1782));
#187=EDGE_LOOP('',(#1783,#1784,#1785,#1786));
#188=EDGE_LOOP('',(#1787,#1788,#1789,#1790));
#189=EDGE_LOOP('',(#1791,#1792,#1793,#1794));
#190=EDGE_LOOP('',(#1795,#1796,#1797,#1798));
#191=EDGE_LOOP('',(#1799,#1800,#1801,#1802));
#192=EDGE_LOOP('',(#1803,#1804,#1805,#1806));
#193=EDGE_LOOP('',(#1807,#1808,#1809,#1810));
#194=EDGE_LOOP('',(#1811,#1812,#1813,#1814));
#195=EDGE_LOOP('',(#1815,#1816,#1817,#1818));
#196=EDGE_LOOP('',(#1819,#1820,#1821,#1822));
#197=EDGE_LOOP('',(#1823,#1824,#1825,#1826));
#198=EDGE_LOOP('',(#1827,#1828,#1829,#1830,#1831,#1832));
#199=EDGE_LOOP('',(#1833,#1834,#1835,#1836));
#200=EDGE_LOOP('',(#1837,#1838,#1839,#1840));
#201=EDGE_LOOP('',(#1841,#1842,#1843,#1844));
#202=EDGE_LOOP('',(#1845,#1846,#1847,#1848));
#203=EDGE_LOOP('',(#1849,#1850,#1851,#1852));
#204=EDGE_LOOP('',(#1853,#1854,#1855,#1856));
#205=EDGE_LOOP('',(#1857,#1858,#1859,#1860));
#206=EDGE_LOOP('',(#1861,#1862,#1863,#1864));
#207=EDGE_LOOP('',(#1865,#1866,#1867,#1868));
#208=EDGE_LOOP('',(#1869,#1870,#1871,#1872));
#209=EDGE_LOOP('',(#1873,#1874,#1875,#1876));
#210=EDGE_LOOP('',(#1877,#1878,#1879,#1880));
#211=EDGE_LOOP('',(#1881,#1882,#1883,#1884));
#212=EDGE_LOOP('',(#1885,#1886,#1887,#1888));
#213=EDGE_LOOP('',(#1889,#1890,#1891,#1892));
#214=EDGE_LOOP('',(#1893,#1894,#1895,#1896));
#215=EDGE_LOOP('',(#1897,#1898,#1899,#1900));
#216=EDGE_LOOP('',(#1901,#1902,#1903,#1904));
#217=EDGE_LOOP('',(#1905,#1906,#1907,#1908));
#218=EDGE_LOOP('',(#1909,#1910,#1911,#1912));
#219=EDGE_LOOP('',(#1913,#1914,#1915,#1916));
#220=EDGE_LOOP('',(#1917,#1918,#1919,#1920));
#221=EDGE_LOOP('',(#1921,#1922,#1923,#1924));
#222=EDGE_LOOP('',(#1925,#1926,#1927,#1928));
#223=EDGE_LOOP('',(#1929,#1930,#1931,#1932));
#224=EDGE_LOOP('',(#1933,#1934,#1935,#1936));
#225=EDGE_LOOP('',(#1937,#1938,#1939,#1940));
#226=EDGE_LOOP('',(#1941,#1942,#1943,#1944));
#227=EDGE_LOOP('',(#1945,#1946,#1947,#1948));
#228=EDGE_LOOP('',(#1949,#1950,#1951,#1952));
#229=EDGE_LOOP('',(#1953,#1954,#1955,#1956));
#230=EDGE_LOOP('',(#1957,#1958,#1959,#1960));
#231=EDGE_LOOP('',(#1961,#1962,#1963,#1964));
#232=EDGE_LOOP('',(#1965,#1966,#1967,#1968));
#233=EDGE_LOOP('',(#1969,#1970,#1971,#1972));
#234=EDGE_LOOP('',(#1973,#1974,#1975,#1976));
#235=EDGE_LOOP('',(#1977,#1978,#1979,#1980));
#236=EDGE_LOOP('',(#1981,#1982,#1983,#1984));
#237=EDGE_LOOP('',(#1985,#1986,#1987,#1988));
#238=EDGE_LOOP('',(#1989,#1990,#1991,#1992));
#239=EDGE_LOOP('',(#1993,#1994,#1995,#1996));
#240=EDGE_LOOP('',(#1997,#1998,#1999,#2000));
#241=EDGE_LOOP('',(#2001,#2002,#2003,#2004,#2005,#2006,#2007,#2008,#2009,
#2010,#2011,#2012,#2013,#2014,#2015,#2016,#2017,#2018,#2019,#2020,#2021,
#2022,#2023,#2024,#2025,#2026,#2027,#2028,#2029,#2030,#2031,#2032,#2033,
#2034,#2035,#2036,#2037,#2038,#2039,#2040,#2041,#2042,#2043,#2044,#2045,
#2046,#2047,#2048,#2049,#2050,#2051,#2052,#2053,#2054,#2055,#2056,#2057,
#2058,#2059,#2060));
#242=EDGE_LOOP('',(#2061,#2062,#2063,#2064));
#243=EDGE_LOOP('',(#2065,#2066,#2067,#2068));
#244=EDGE_LOOP('',(#2069,#2070,#2071,#2072));
#245=EDGE_LOOP('',(#2073,#2074,#2075,#2076));
#246=EDGE_LOOP('',(#2077,#2078,#2079,#2080));
#247=EDGE_LOOP('',(#2081,#2082,#2083,#2084));
#248=EDGE_LOOP('',(#2085,#2086,#2087,#2088));
#249=EDGE_LOOP('',(#2089,#2090,#2091,#2092));
#250=EDGE_LOOP('',(#2093,#2094,#2095,#2096));
#251=EDGE_LOOP('',(#2097,#2098,#2099,#2100));
#252=EDGE_LOOP('',(#2101,#2102,#2103,#2104));
#253=EDGE_LOOP('',(#2105,#2106,#2107,#2108));
#254=EDGE_LOOP('',(#2109,#2110,#2111,#2112));
#255=EDGE_LOOP('',(#2113,#2114,#2115,#2116));
#256=EDGE_LOOP('',(#2117,#2118,#2119,#2120));
#257=EDGE_LOOP('',(#2121,#2122,#2123,#2124));
#258=EDGE_LOOP('',(#2125,#2126,#2127,#2128));
#259=EDGE_LOOP('',(#2129,#2130,#2131,#2132));
#260=EDGE_LOOP('',(#2133,#2134,#2135,#2136));
#261=EDGE_LOOP('',(#2137,#2138,#2139,#2140));
#262=EDGE_LOOP('',(#2141,#2142,#2143,#2144));
#263=EDGE_LOOP('',(#2145,#2146,#2147,#2148));
#264=EDGE_LOOP('',(#2149,#2150,#2151,#2152));
#265=EDGE_LOOP('',(#2153,#2154,#2155,#2156));
#266=EDGE_LOOP('',(#2157,#2158,#2159,#2160));
#267=EDGE_LOOP('',(#2161,#2162,#2163,#2164));
#268=EDGE_LOOP('',(#2165,#2166,#2167,#2168));
#269=EDGE_LOOP('',(#2169,#2170,#2171,#2172));
#270=EDGE_LOOP('',(#2173,#2174,#2175,#2176));
#271=EDGE_LOOP('',(#2177,#2178,#2179,#2180));
#272=EDGE_LOOP('',(#2181,#2182,#2183,#2184));
#273=EDGE_LOOP('',(#2185,#2186,#2187,#2188));
#274=EDGE_LOOP('',(#2189,#2190,#2191,#2192));
#275=EDGE_LOOP('',(#2193,#2194,#2195,#2196));
#276=EDGE_LOOP('',(#2197,#2198,#2199,#2200));
#277=EDGE_LOOP('',(#2201,#2202,#2203,#2204));
#278=EDGE_LOOP('',(#2205,#2206,#2207,#2208));
#279=EDGE_LOOP('',(#2209,#2210,#2211,#2212));
#280=EDGE_LOOP('',(#2213,#2214,#2215,#2216));
#281=EDGE_LOOP('',(#2217,#2218,#2219,#2220));
#282=EDGE_LOOP('',(#2221,#2222,#2223,#2224));
#283=EDGE_LOOP('',(#2225,#2226,#2227,#2228));
#284=EDGE_LOOP('',(#2229,#2230,#2231,#2232));
#285=EDGE_LOOP('',(#2233,#2234,#2235,#2236));
#286=EDGE_LOOP('',(#2237,#2238,#2239,#2240));
#287=EDGE_LOOP('',(#2241,#2242,#2243,#2244));
#288=EDGE_LOOP('',(#2245,#2246,#2247,#2248));
#289=EDGE_LOOP('',(#2249,#2250,#2251,#2252));
#290=EDGE_LOOP('',(#2253,#2254,#2255,#2256));
#291=EDGE_LOOP('',(#2257,#2258,#2259,#2260));
#292=EDGE_LOOP('',(#2261,#2262,#2263,#2264));
#293=EDGE_LOOP('',(#2265,#2266,#2267,#2268));
#294=EDGE_LOOP('',(#2269,#2270,#2271,#2272));
#295=EDGE_LOOP('',(#2273,#2274,#2275,#2276));
#296=EDGE_LOOP('',(#2277,#2278,#2279,#2280));
#297=EDGE_LOOP('',(#2281,#2282,#2283,#2284));
#298=EDGE_LOOP('',(#2285,#2286,#2287,#2288));
#299=EDGE_LOOP('',(#2289,#2290,#2291,#2292));
#300=EDGE_LOOP('',(#2293,#2294,#2295,#2296));
#301=EDGE_LOOP('',(#2297,#2298,#2299,#2300));
#302=EDGE_LOOP('',(#2301,#2302,#2303,#2304));
#303=EDGE_LOOP('',(#2305,#2306,#2307,#2308));
#304=EDGE_LOOP('',(#2309,#2310,#2311,#2312));
#305=EDGE_LOOP('',(#2313,#2314,#2315,#2316));
#306=EDGE_LOOP('',(#2317,#2318,#2319,#2320));
#307=EDGE_LOOP('',(#2321,#2322,#2323,#2324));
#308=EDGE_LOOP('',(#2325,#2326,#2327,#2328));
#309=EDGE_LOOP('',(#2329,#2330,#2331,#2332));
#310=EDGE_LOOP('',(#2333,#2334,#2335,#2336));
#311=EDGE_LOOP('',(#2337,#2338,#2339,#2340));
#312=EDGE_LOOP('',(#2341,#2342,#2343,#2344));
#313=EDGE_LOOP('',(#2345,#2346,#2347,#2348));
#314=EDGE_LOOP('',(#2349,#2350,#2351,#2352));
#315=EDGE_LOOP('',(#2353,#2354,#2355,#2356));
#316=EDGE_LOOP('',(#2357,#2358,#2359,#2360));
#317=EDGE_LOOP('',(#2361,#2362,#2363,#2364));
#318=EDGE_LOOP('',(#2365,#2366,#2367,#2368));
#319=EDGE_LOOP('',(#2369,#2370,#2371,#2372));
#320=EDGE_LOOP('',(#2373,#2374,#2375,#2376));
#321=EDGE_LOOP('',(#2377,#2378,#2379,#2380));
#322=EDGE_LOOP('',(#2381,#2382,#2383,#2384));
#323=EDGE_LOOP('',(#2385,#2386,#2387,#2388));
#324=EDGE_LOOP('',(#2389,#2390,#2391,#2392));
#325=EDGE_LOOP('',(#2393,#2394,#2395,#2396));
#326=EDGE_LOOP('',(#2397,#2398,#2399,#2400));
#327=LINE('',#3419,#693);
#328=LINE('',#3421,#694);
#329=LINE('',#3423,#695);
#330=LINE('',#3424,#696);
#331=LINE('',#3427,#697);
#332=LINE('',#3429,#698);
#333=LINE('',#3430,#699);
#334=LINE('',#3433,#700);
#335=LINE('',#3435,#701);
#336=LINE('',#3436,#702);
#337=LINE('',#3438,#703);
#338=LINE('',#3439,#704);
#339=LINE('',#3444,#705);
#340=LINE('',#3446,#706);
#341=LINE('',#3448,#707);
#342=LINE('',#3450,#708);
#343=LINE('',#3452,#709);
#344=LINE('',#3453,#710);
#345=LINE('',#3456,#711);
#346=LINE('',#3458,#712);
#347=LINE('',#3460,#713);
#348=LINE('',#3462,#714);
#349=LINE('',#3464,#715);
#350=LINE('',#3466,#716);
#351=LINE('',#3468,#717);
#352=LINE('',#3470,#718);
#353=LINE('',#3472,#719);
#354=LINE('',#3474,#720);
#355=LINE('',#3476,#721);
#356=LINE('',#3478,#722);
#357=LINE('',#3480,#723);
#358=LINE('',#3482,#724);
#359=LINE('',#3484,#725);
#360=LINE('',#3486,#726);
#361=LINE('',#3488,#727);
#362=LINE('',#3490,#728);
#363=LINE('',#3492,#729);
#364=LINE('',#3494,#730);
#365=LINE('',#3496,#731);
#366=LINE('',#3498,#732);
#367=LINE('',#3500,#733);
#368=LINE('',#3502,#734);
#369=LINE('',#3504,#735);
#370=LINE('',#3506,#736);
#371=LINE('',#3508,#737);
#372=LINE('',#3510,#738);
#373=LINE('',#3512,#739);
#374=LINE('',#3514,#740);
#375=LINE('',#3516,#741);
#376=LINE('',#3518,#742);
#377=LINE('',#3520,#743);
#378=LINE('',#3522,#744);
#379=LINE('',#3524,#745);
#380=LINE('',#3526,#746);
#381=LINE('',#3528,#747);
#382=LINE('',#3530,#748);
#383=LINE('',#3532,#749);
#384=LINE('',#3534,#750);
#385=LINE('',#3536,#751);
#386=LINE('',#3538,#752);
#387=LINE('',#3540,#753);
#388=LINE('',#3542,#754);
#389=LINE('',#3544,#755);
#390=LINE('',#3546,#756);
#391=LINE('',#3548,#757);
#392=LINE('',#3550,#758);
#393=LINE('',#3552,#759);
#394=LINE('',#3554,#760);
#395=LINE('',#3556,#761);
#396=LINE('',#3558,#762);
#397=LINE('',#3560,#763);
#398=LINE('',#3562,#764);
#399=LINE('',#3564,#765);
#400=LINE('',#3566,#766);
#401=LINE('',#3568,#767);
#402=LINE('',#3570,#768);
#403=LINE('',#3571,#769);
#404=LINE('',#3574,#770);
#405=LINE('',#3575,#771);
#406=LINE('',#3578,#772);
#407=LINE('',#3580,#773);
#408=LINE('',#3582,#774);
#409=LINE('',#3583,#775);
#410=LINE('',#3586,#776);
#411=LINE('',#3588,#777);
#412=LINE('',#3590,#778);
#413=LINE('',#3591,#779);
#414=LINE('',#3594,#780);
#415=LINE('',#3596,#781);
#416=LINE('',#3598,#782);
#417=LINE('',#3599,#783);
#418=LINE('',#3602,#784);
#419=LINE('',#3604,#785);
#420=LINE('',#3606,#786);
#421=LINE('',#3607,#787);
#422=LINE('',#3610,#788);
#423=LINE('',#3612,#789);
#424=LINE('',#3614,#790);
#425=LINE('',#3615,#791);
#426=LINE('',#3618,#792);
#427=LINE('',#3620,#793);
#428=LINE('',#3622,#794);
#429=LINE('',#3623,#795);
#430=LINE('',#3626,#796);
#431=LINE('',#3628,#797);
#432=LINE('',#3630,#798);
#433=LINE('',#3631,#799);
#434=LINE('',#3634,#800);
#435=LINE('',#3636,#801);
#436=LINE('',#3638,#802);
#437=LINE('',#3639,#803);
#438=LINE('',#3642,#804);
#439=LINE('',#3644,#805);
#440=LINE('',#3646,#806);
#441=LINE('',#3647,#807);
#442=LINE('',#3650,#808);
#443=LINE('',#3652,#809);
#444=LINE('',#3654,#810);
#445=LINE('',#3655,#811);
#446=LINE('',#3658,#812);
#447=LINE('',#3660,#813);
#448=LINE('',#3662,#814);
#449=LINE('',#3663,#815);
#450=LINE('',#3666,#816);
#451=LINE('',#3668,#817);
#452=LINE('',#3670,#818);
#453=LINE('',#3671,#819);
#454=LINE('',#3674,#820);
#455=LINE('',#3676,#821);
#456=LINE('',#3678,#822);
#457=LINE('',#3679,#823);
#458=LINE('',#3682,#824);
#459=LINE('',#3684,#825);
#460=LINE('',#3686,#826);
#461=LINE('',#3687,#827);
#462=LINE('',#3690,#828);
#463=LINE('',#3691,#829);
#464=LINE('',#3694,#830);
#465=LINE('',#3695,#831);
#466=LINE('',#3698,#832);
#467=LINE('',#3699,#833);
#468=LINE('',#3701,#834);
#469=LINE('',#3704,#835);
#470=LINE('',#3706,#836);
#471=LINE('',#3707,#837);
#472=LINE('',#3710,#838);
#473=LINE('',#3712,#839);
#474=LINE('',#3713,#840);
#475=LINE('',#3715,#841);
#476=LINE('',#3716,#842);
#477=LINE('',#3719,#843);
#478=LINE('',#3721,#844);
#479=LINE('',#3722,#845);
#480=LINE('',#3725,#846);
#481=LINE('',#3727,#847);
#482=LINE('',#3728,#848);
#483=LINE('',#3730,#849);
#484=LINE('',#3731,#850);
#485=LINE('',#3734,#851);
#486=LINE('',#3736,#852);
#487=LINE('',#3737,#853);
#488=LINE('',#3740,#854);
#489=LINE('',#3742,#855);
#490=LINE('',#3743,#856);
#491=LINE('',#3745,#857);
#492=LINE('',#3746,#858);
#493=LINE('',#3749,#859);
#494=LINE('',#3751,#860);
#495=LINE('',#3752,#861);
#496=LINE('',#3755,#862);
#497=LINE('',#3757,#863);
#498=LINE('',#3758,#864);
#499=LINE('',#3760,#865);
#500=LINE('',#3761,#866);
#501=LINE('',#3764,#867);
#502=LINE('',#3766,#868);
#503=LINE('',#3767,#869);
#504=LINE('',#3770,#870);
#505=LINE('',#3772,#871);
#506=LINE('',#3773,#872);
#507=LINE('',#3775,#873);
#508=LINE('',#3776,#874);
#509=LINE('',#3779,#875);
#510=LINE('',#3781,#876);
#511=LINE('',#3782,#877);
#512=LINE('',#3785,#878);
#513=LINE('',#3787,#879);
#514=LINE('',#3788,#880);
#515=LINE('',#3790,#881);
#516=LINE('',#3791,#882);
#517=LINE('',#3794,#883);
#518=LINE('',#3796,#884);
#519=LINE('',#3797,#885);
#520=LINE('',#3800,#886);
#521=LINE('',#3802,#887);
#522=LINE('',#3803,#888);
#523=LINE('',#3805,#889);
#524=LINE('',#3806,#890);
#525=LINE('',#3809,#891);
#526=LINE('',#3811,#892);
#527=LINE('',#3812,#893);
#528=LINE('',#3815,#894);
#529=LINE('',#3817,#895);
#530=LINE('',#3818,#896);
#531=LINE('',#3820,#897);
#532=LINE('',#3821,#898);
#533=LINE('',#3824,#899);
#534=LINE('',#3826,#900);
#535=LINE('',#3827,#901);
#536=LINE('',#3830,#902);
#537=LINE('',#3832,#903);
#538=LINE('',#3833,#904);
#539=LINE('',#3835,#905);
#540=LINE('',#3836,#906);
#541=LINE('',#3839,#907);
#542=LINE('',#3841,#908);
#543=LINE('',#3842,#909);
#544=LINE('',#3845,#910);
#545=LINE('',#3847,#911);
#546=LINE('',#3848,#912);
#547=LINE('',#3850,#913);
#548=LINE('',#3851,#914);
#549=LINE('',#3854,#915);
#550=LINE('',#3856,#916);
#551=LINE('',#3857,#917);
#552=LINE('',#3860,#918);
#553=LINE('',#3862,#919);
#554=LINE('',#3863,#920);
#555=LINE('',#3865,#921);
#556=LINE('',#3866,#922);
#557=LINE('',#3869,#923);
#558=LINE('',#3871,#924);
#559=LINE('',#3872,#925);
#560=LINE('',#3875,#926);
#561=LINE('',#3877,#927);
#562=LINE('',#3878,#928);
#563=LINE('',#3880,#929);
#564=LINE('',#3881,#930);
#565=LINE('',#3884,#931);
#566=LINE('',#3886,#932);
#567=LINE('',#3887,#933);
#568=LINE('',#3890,#934);
#569=LINE('',#3892,#935);
#570=LINE('',#3893,#936);
#571=LINE('',#3895,#937);
#572=LINE('',#3896,#938);
#573=LINE('',#3899,#939);
#574=LINE('',#3901,#940);
#575=LINE('',#3902,#941);
#576=LINE('',#3905,#942);
#577=LINE('',#3907,#943);
#578=LINE('',#3908,#944);
#579=LINE('',#3910,#945);
#580=LINE('',#3911,#946);
#581=LINE('',#3916,#947);
#582=LINE('',#3918,#948);
#583=LINE('',#3920,#949);
#584=LINE('',#3921,#950);
#585=LINE('',#3925,#951);
#586=LINE('',#3927,#952);
#587=LINE('',#3929,#953);
#588=LINE('',#3930,#954);
#589=LINE('',#3934,#955);
#590=LINE('',#3936,#956);
#591=LINE('',#3938,#957);
#592=LINE('',#3939,#958);
#593=LINE('',#3943,#959);
#594=LINE('',#3945,#960);
#595=LINE('',#3947,#961);
#596=LINE('',#3948,#962);
#597=LINE('',#3952,#963);
#598=LINE('',#3954,#964);
#599=LINE('',#3956,#965);
#600=LINE('',#3957,#966);
#601=LINE('',#3961,#967);
#602=LINE('',#3963,#968);
#603=LINE('',#3965,#969);
#604=LINE('',#3966,#970);
#605=LINE('',#3970,#971);
#606=LINE('',#3972,#972);
#607=LINE('',#3974,#973);
#608=LINE('',#3975,#974);
#609=LINE('',#3979,#975);
#610=LINE('',#3981,#976);
#611=LINE('',#3983,#977);
#612=LINE('',#3984,#978);
#613=LINE('',#3988,#979);
#614=LINE('',#3990,#980);
#615=LINE('',#3992,#981);
#616=LINE('',#3993,#982);
#617=LINE('',#3997,#983);
#618=LINE('',#3999,#984);
#619=LINE('',#4001,#985);
#620=LINE('',#4002,#986);
#621=LINE('',#4006,#987);
#622=LINE('',#4008,#988);
#623=LINE('',#4010,#989);
#624=LINE('',#4011,#990);
#625=LINE('',#4015,#991);
#626=LINE('',#4017,#992);
#627=LINE('',#4019,#993);
#628=LINE('',#4020,#994);
#629=LINE('',#4024,#995);
#630=LINE('',#4026,#996);
#631=LINE('',#4028,#997);
#632=LINE('',#4029,#998);
#633=LINE('',#4033,#999);
#634=LINE('',#4035,#1000);
#635=LINE('',#4037,#1001);
#636=LINE('',#4038,#1002);
#637=LINE('',#4040,#1003);
#638=LINE('',#4041,#1004);
#639=LINE('',#4043,#1005);
#640=LINE('',#4045,#1006);
#641=LINE('',#4048,#1007);
#642=LINE('',#4049,#1008);
#643=LINE('',#4051,#1009);
#644=LINE('',#4053,#1010);
#645=LINE('',#4056,#1011);
#646=LINE('',#4057,#1012);
#647=LINE('',#4059,#1013);
#648=LINE('',#4061,#1014);
#649=LINE('',#4064,#1015);
#650=LINE('',#4065,#1016);
#651=LINE('',#4067,#1017);
#652=LINE('',#4069,#1018);
#653=LINE('',#4072,#1019);
#654=LINE('',#4073,#1020);
#655=LINE('',#4075,#1021);
#656=LINE('',#4077,#1022);
#657=LINE('',#4080,#1023);
#658=LINE('',#4081,#1024);
#659=LINE('',#4083,#1025);
#660=LINE('',#4085,#1026);
#661=LINE('',#4088,#1027);
#662=LINE('',#4089,#1028);
#663=LINE('',#4091,#1029);
#664=LINE('',#4093,#1030);
#665=LINE('',#4096,#1031);
#666=LINE('',#4097,#1032);
#667=LINE('',#4099,#1033);
#668=LINE('',#4101,#1034);
#669=LINE('',#4104,#1035);
#670=LINE('',#4105,#1036);
#671=LINE('',#4107,#1037);
#672=LINE('',#4109,#1038);
#673=LINE('',#4112,#1039);
#674=LINE('',#4113,#1040);
#675=LINE('',#4115,#1041);
#676=LINE('',#4117,#1042);
#677=LINE('',#4120,#1043);
#678=LINE('',#4121,#1044);
#679=LINE('',#4123,#1045);
#680=LINE('',#4125,#1046);
#681=LINE('',#4128,#1047);
#682=LINE('',#4129,#1048);
#683=LINE('',#4131,#1049);
#684=LINE('',#4133,#1050);
#685=LINE('',#4136,#1051);
#686=LINE('',#4137,#1052);
#687=LINE('',#4139,#1053);
#688=LINE('',#4141,#1054);
#689=LINE('',#4144,#1055);
#690=LINE('',#4145,#1056);
#691=LINE('',#4147,#1057);
#692=LINE('',#4149,#1058);
#693=VECTOR('',#2798,10.);
#694=VECTOR('',#2799,10.);
#695=VECTOR('',#2800,10.);
#696=VECTOR('',#2801,10.);
#697=VECTOR('',#2804,10.);
#698=VECTOR('',#2805,10.);
#699=VECTOR('',#2806,10.);
#700=VECTOR('',#2809,10.);
#701=VECTOR('',#2810,10.);
#702=VECTOR('',#2811,10.);
#703=VECTOR('',#2814,10.);
#704=VECTOR('',#2815,10.);
#705=VECTOR('',#2820,10.);
#706=VECTOR('',#2821,10.);
#707=VECTOR('',#2822,10.);
#708=VECTOR('',#2823,10.);
#709=VECTOR('',#2824,10.);
#710=VECTOR('',#2825,10.);
#711=VECTOR('',#2828,10.);
#712=VECTOR('',#2829,10.);
#713=VECTOR('',#2830,10.);
#714=VECTOR('',#2831,10.);
#715=VECTOR('',#2832,10.);
#716=VECTOR('',#2833,10.);
#717=VECTOR('',#2834,10.);
#718=VECTOR('',#2835,10.);
#719=VECTOR('',#2836,10.);
#720=VECTOR('',#2837,10.);
#721=VECTOR('',#2838,10.);
#722=VECTOR('',#2839,10.);
#723=VECTOR('',#2840,10.);
#724=VECTOR('',#2841,10.);
#725=VECTOR('',#2842,10.);
#726=VECTOR('',#2843,10.);
#727=VECTOR('',#2844,10.);
#728=VECTOR('',#2845,10.);
#729=VECTOR('',#2846,10.);
#730=VECTOR('',#2847,10.);
#731=VECTOR('',#2848,10.);
#732=VECTOR('',#2849,10.);
#733=VECTOR('',#2850,10.);
#734=VECTOR('',#2851,10.);
#735=VECTOR('',#2852,10.);
#736=VECTOR('',#2853,10.);
#737=VECTOR('',#2854,10.);
#738=VECTOR('',#2855,10.);
#739=VECTOR('',#2856,10.);
#740=VECTOR('',#2857,10.);
#741=VECTOR('',#2858,10.);
#742=VECTOR('',#2859,10.);
#743=VECTOR('',#2860,10.);
#744=VECTOR('',#2861,10.);
#745=VECTOR('',#2862,10.);
#746=VECTOR('',#2863,10.);
#747=VECTOR('',#2864,10.);
#748=VECTOR('',#2865,10.);
#749=VECTOR('',#2866,10.);
#750=VECTOR('',#2867,10.);
#751=VECTOR('',#2868,10.);
#752=VECTOR('',#2869,10.);
#753=VECTOR('',#2870,10.);
#754=VECTOR('',#2871,10.);
#755=VECTOR('',#2872,10.);
#756=VECTOR('',#2873,10.);
#757=VECTOR('',#2874,10.);
#758=VECTOR('',#2875,10.);
#759=VECTOR('',#2876,10.);
#760=VECTOR('',#2877,10.);
#761=VECTOR('',#2878,10.);
#762=VECTOR('',#2879,10.);
#763=VECTOR('',#2880,10.);
#764=VECTOR('',#2881,10.);
#765=VECTOR('',#2882,10.);
#766=VECTOR('',#2883,10.);
#767=VECTOR('',#2884,10.);
#768=VECTOR('',#2885,10.);
#769=VECTOR('',#2886,10.);
#770=VECTOR('',#2889,10.);
#771=VECTOR('',#2890,10.);
#772=VECTOR('',#2891,10.);
#773=VECTOR('',#2892,10.);
#774=VECTOR('',#2893,10.);
#775=VECTOR('',#2894,10.);
#776=VECTOR('',#2895,10.);
#777=VECTOR('',#2896,10.);
#778=VECTOR('',#2897,10.);
#779=VECTOR('',#2898,10.);
#780=VECTOR('',#2899,10.);
#781=VECTOR('',#2900,10.);
#782=VECTOR('',#2901,10.);
#783=VECTOR('',#2902,10.);
#784=VECTOR('',#2903,10.);
#785=VECTOR('',#2904,10.);
#786=VECTOR('',#2905,10.);
#787=VECTOR('',#2906,10.);
#788=VECTOR('',#2907,10.);
#789=VECTOR('',#2908,10.);
#790=VECTOR('',#2909,10.);
#791=VECTOR('',#2910,10.);
#792=VECTOR('',#2911,10.);
#793=VECTOR('',#2912,10.);
#794=VECTOR('',#2913,10.);
#795=VECTOR('',#2914,10.);
#796=VECTOR('',#2915,10.);
#797=VECTOR('',#2916,10.);
#798=VECTOR('',#2917,10.);
#799=VECTOR('',#2918,10.);
#800=VECTOR('',#2919,10.);
#801=VECTOR('',#2920,10.);
#802=VECTOR('',#2921,10.);
#803=VECTOR('',#2922,10.);
#804=VECTOR('',#2923,10.);
#805=VECTOR('',#2924,10.);
#806=VECTOR('',#2925,10.);
#807=VECTOR('',#2926,10.);
#808=VECTOR('',#2927,10.);
#809=VECTOR('',#2928,10.);
#810=VECTOR('',#2929,10.);
#811=VECTOR('',#2930,10.);
#812=VECTOR('',#2931,10.);
#813=VECTOR('',#2932,10.);
#814=VECTOR('',#2933,10.);
#815=VECTOR('',#2934,10.);
#816=VECTOR('',#2935,10.);
#817=VECTOR('',#2936,10.);
#818=VECTOR('',#2937,10.);
#819=VECTOR('',#2938,10.);
#820=VECTOR('',#2939,10.);
#821=VECTOR('',#2940,10.);
#822=VECTOR('',#2941,10.);
#823=VECTOR('',#2942,10.);
#824=VECTOR('',#2943,10.);
#825=VECTOR('',#2944,10.);
#826=VECTOR('',#2945,10.);
#827=VECTOR('',#2946,10.);
#828=VECTOR('',#2949,10.);
#829=VECTOR('',#2950,10.);
#830=VECTOR('',#2953,10.);
#831=VECTOR('',#2954,10.);
#832=VECTOR('',#2957,10.);
#833=VECTOR('',#2958,10.);
#834=VECTOR('',#2961,10.);
#835=VECTOR('',#2964,10.);
#836=VECTOR('',#2965,10.);
#837=VECTOR('',#2966,10.);
#838=VECTOR('',#2969,10.);
#839=VECTOR('',#2970,10.);
#840=VECTOR('',#2971,10.);
#841=VECTOR('',#2974,10.);
#842=VECTOR('',#2975,10.);
#843=VECTOR('',#2978,10.);
#844=VECTOR('',#2979,10.);
#845=VECTOR('',#2980,10.);
#846=VECTOR('',#2983,10.);
#847=VECTOR('',#2984,10.);
#848=VECTOR('',#2985,10.);
#849=VECTOR('',#2988,10.);
#850=VECTOR('',#2989,10.);
#851=VECTOR('',#2992,10.);
#852=VECTOR('',#2993,10.);
#853=VECTOR('',#2994,10.);
#854=VECTOR('',#2997,10.);
#855=VECTOR('',#2998,10.);
#856=VECTOR('',#2999,10.);
#857=VECTOR('',#3002,10.);
#858=VECTOR('',#3003,10.);
#859=VECTOR('',#3006,10.);
#860=VECTOR('',#3007,10.);
#861=VECTOR('',#3008,10.);
#862=VECTOR('',#3011,10.);
#863=VECTOR('',#3012,10.);
#864=VECTOR('',#3013,10.);
#865=VECTOR('',#3016,10.);
#866=VECTOR('',#3017,10.);
#867=VECTOR('',#3020,10.);
#868=VECTOR('',#3021,10.);
#869=VECTOR('',#3022,10.);
#870=VECTOR('',#3025,10.);
#871=VECTOR('',#3026,10.);
#872=VECTOR('',#3027,10.);
#873=VECTOR('',#3030,10.);
#874=VECTOR('',#3031,10.);
#875=VECTOR('',#3034,10.);
#876=VECTOR('',#3035,10.);
#877=VECTOR('',#3036,10.);
#878=VECTOR('',#3039,10.);
#879=VECTOR('',#3040,10.);
#880=VECTOR('',#3041,10.);
#881=VECTOR('',#3044,10.);
#882=VECTOR('',#3045,10.);
#883=VECTOR('',#3048,10.);
#884=VECTOR('',#3049,10.);
#885=VECTOR('',#3050,10.);
#886=VECTOR('',#3053,10.);
#887=VECTOR('',#3054,10.);
#888=VECTOR('',#3055,10.);
#889=VECTOR('',#3058,10.);
#890=VECTOR('',#3059,10.);
#891=VECTOR('',#3062,10.);
#892=VECTOR('',#3063,10.);
#893=VECTOR('',#3064,10.);
#894=VECTOR('',#3067,10.);
#895=VECTOR('',#3068,10.);
#896=VECTOR('',#3069,10.);
#897=VECTOR('',#3072,10.);
#898=VECTOR('',#3073,10.);
#899=VECTOR('',#3076,10.);
#900=VECTOR('',#3077,10.);
#901=VECTOR('',#3078,10.);
#902=VECTOR('',#3081,10.);
#903=VECTOR('',#3082,10.);
#904=VECTOR('',#3083,10.);
#905=VECTOR('',#3086,10.);
#906=VECTOR('',#3087,10.);
#907=VECTOR('',#3090,10.);
#908=VECTOR('',#3091,10.);
#909=VECTOR('',#3092,10.);
#910=VECTOR('',#3095,10.);
#911=VECTOR('',#3096,10.);
#912=VECTOR('',#3097,10.);
#913=VECTOR('',#3100,10.);
#914=VECTOR('',#3101,10.);
#915=VECTOR('',#3104,10.);
#916=VECTOR('',#3105,10.);
#917=VECTOR('',#3106,10.);
#918=VECTOR('',#3109,10.);
#919=VECTOR('',#3110,10.);
#920=VECTOR('',#3111,10.);
#921=VECTOR('',#3114,10.);
#922=VECTOR('',#3115,10.);
#923=VECTOR('',#3118,10.);
#924=VECTOR('',#3119,10.);
#925=VECTOR('',#3120,10.);
#926=VECTOR('',#3123,10.);
#927=VECTOR('',#3124,10.);
#928=VECTOR('',#3125,10.);
#929=VECTOR('',#3128,10.);
#930=VECTOR('',#3129,10.);
#931=VECTOR('',#3132,10.);
#932=VECTOR('',#3133,10.);
#933=VECTOR('',#3134,10.);
#934=VECTOR('',#3137,10.);
#935=VECTOR('',#3138,10.);
#936=VECTOR('',#3139,10.);
#937=VECTOR('',#3142,10.);
#938=VECTOR('',#3143,10.);
#939=VECTOR('',#3146,10.);
#940=VECTOR('',#3147,10.);
#941=VECTOR('',#3148,10.);
#942=VECTOR('',#3151,10.);
#943=VECTOR('',#3152,10.);
#944=VECTOR('',#3153,10.);
#945=VECTOR('',#3156,10.);
#946=VECTOR('',#3157,10.);
#947=VECTOR('',#3162,10.);
#948=VECTOR('',#3163,10.);
#949=VECTOR('',#3164,10.);
#950=VECTOR('',#3165,10.);
#951=VECTOR('',#3168,10.);
#952=VECTOR('',#3169,10.);
#953=VECTOR('',#3170,10.);
#954=VECTOR('',#3171,10.);
#955=VECTOR('',#3174,10.);
#956=VECTOR('',#3175,10.);
#957=VECTOR('',#3176,10.);
#958=VECTOR('',#3177,10.);
#959=VECTOR('',#3180,10.);
#960=VECTOR('',#3181,10.);
#961=VECTOR('',#3182,10.);
#962=VECTOR('',#3183,10.);
#963=VECTOR('',#3186,10.);
#964=VECTOR('',#3187,10.);
#965=VECTOR('',#3188,10.);
#966=VECTOR('',#3189,10.);
#967=VECTOR('',#3192,10.);
#968=VECTOR('',#3193,10.);
#969=VECTOR('',#3194,10.);
#970=VECTOR('',#3195,10.);
#971=VECTOR('',#3198,10.);
#972=VECTOR('',#3199,10.);
#973=VECTOR('',#3200,10.);
#974=VECTOR('',#3201,10.);
#975=VECTOR('',#3204,10.);
#976=VECTOR('',#3205,10.);
#977=VECTOR('',#3206,10.);
#978=VECTOR('',#3207,10.);
#979=VECTOR('',#3210,10.);
#980=VECTOR('',#3211,10.);
#981=VECTOR('',#3212,10.);
#982=VECTOR('',#3213,10.);
#983=VECTOR('',#3216,10.);
#984=VECTOR('',#3217,10.);
#985=VECTOR('',#3218,10.);
#986=VECTOR('',#3219,10.);
#987=VECTOR('',#3222,10.);
#988=VECTOR('',#3223,10.);
#989=VECTOR('',#3224,10.);
#990=VECTOR('',#3225,10.);
#991=VECTOR('',#3228,10.);
#992=VECTOR('',#3229,10.);
#993=VECTOR('',#3230,10.);
#994=VECTOR('',#3231,10.);
#995=VECTOR('',#3234,10.);
#996=VECTOR('',#3235,10.);
#997=VECTOR('',#3236,10.);
#998=VECTOR('',#3237,10.);
#999=VECTOR('',#3240,10.);
#1000=VECTOR('',#3241,10.);
#1001=VECTOR('',#3242,10.);
#1002=VECTOR('',#3243,10.);
#1003=VECTOR('',#3246,10.);
#1004=VECTOR('',#3247,10.);
#1005=VECTOR('',#3250,10.);
#1006=VECTOR('',#3253,10.);
#1007=VECTOR('',#3258,10.);
#1008=VECTOR('',#3259,10.);
#1009=VECTOR('',#3262,10.);
#1010=VECTOR('',#3265,10.);
#1011=VECTOR('',#3270,10.);
#1012=VECTOR('',#3271,10.);
#1013=VECTOR('',#3274,10.);
#1014=VECTOR('',#3277,10.);
#1015=VECTOR('',#3282,10.);
#1016=VECTOR('',#3283,10.);
#1017=VECTOR('',#3286,10.);
#1018=VECTOR('',#3289,10.);
#1019=VECTOR('',#3294,10.);
#1020=VECTOR('',#3295,10.);
#1021=VECTOR('',#3298,10.);
#1022=VECTOR('',#3301,10.);
#1023=VECTOR('',#3306,10.);
#1024=VECTOR('',#3307,10.);
#1025=VECTOR('',#3310,10.);
#1026=VECTOR('',#3313,10.);
#1027=VECTOR('',#3318,10.);
#1028=VECTOR('',#3319,10.);
#1029=VECTOR('',#3322,10.);
#1030=VECTOR('',#3325,10.);
#1031=VECTOR('',#3330,10.);
#1032=VECTOR('',#3331,10.);
#1033=VECTOR('',#3334,10.);
#1034=VECTOR('',#3337,10.);
#1035=VECTOR('',#3342,10.);
#1036=VECTOR('',#3343,10.);
#1037=VECTOR('',#3346,10.);
#1038=VECTOR('',#3349,10.);
#1039=VECTOR('',#3354,10.);
#1040=VECTOR('',#3355,10.);
#1041=VECTOR('',#3358,10.);
#1042=VECTOR('',#3361,10.);
#1043=VECTOR('',#3366,10.);
#1044=VECTOR('',#3367,10.);
#1045=VECTOR('',#3370,10.);
#1046=VECTOR('',#3373,10.);
#1047=VECTOR('',#3378,10.);
#1048=VECTOR('',#3379,10.);
#1049=VECTOR('',#3382,10.);
#1050=VECTOR('',#3385,10.);
#1051=VECTOR('',#3390,10.);
#1052=VECTOR('',#3391,10.);
#1053=VECTOR('',#3394,10.);
#1054=VECTOR('',#3397,10.);
#1055=VECTOR('',#3402,10.);
#1056=VECTOR('',#3403,10.);
#1057=VECTOR('',#3406,10.);
#1058=VECTOR('',#3409,10.);
#1059=VERTEX_POINT('',#3417);
#1060=VERTEX_POINT('',#3418);
#1061=VERTEX_POINT('',#3420);
#1062=VERTEX_POINT('',#3422);
#1063=VERTEX_POINT('',#3426);
#1064=VERTEX_POINT('',#3428);
#1065=VERTEX_POINT('',#3432);
#1066=VERTEX_POINT('',#3434);
#1067=VERTEX_POINT('',#3442);
#1068=VERTEX_POINT('',#3443);
#1069=VERTEX_POINT('',#3445);
#1070=VERTEX_POINT('',#3447);
#1071=VERTEX_POINT('',#3449);
#1072=VERTEX_POINT('',#3451);
#1073=VERTEX_POINT('',#3455);
#1074=VERTEX_POINT('',#3457);
#1075=VERTEX_POINT('',#3459);
#1076=VERTEX_POINT('',#3461);
#1077=VERTEX_POINT('',#3463);
#1078=VERTEX_POINT('',#3465);
#1079=VERTEX_POINT('',#3467);
#1080=VERTEX_POINT('',#3469);
#1081=VERTEX_POINT('',#3471);
#1082=VERTEX_POINT('',#3473);
#1083=VERTEX_POINT('',#3475);
#1084=VERTEX_POINT('',#3477);
#1085=VERTEX_POINT('',#3479);
#1086=VERTEX_POINT('',#3481);
#1087=VERTEX_POINT('',#3483);
#1088=VERTEX_POINT('',#3485);
#1089=VERTEX_POINT('',#3487);
#1090=VERTEX_POINT('',#3489);
#1091=VERTEX_POINT('',#3491);
#1092=VERTEX_POINT('',#3493);
#1093=VERTEX_POINT('',#3495);
#1094=VERTEX_POINT('',#3497);
#1095=VERTEX_POINT('',#3499);
#1096=VERTEX_POINT('',#3501);
#1097=VERTEX_POINT('',#3503);
#1098=VERTEX_POINT('',#3505);
#1099=VERTEX_POINT('',#3507);
#1100=VERTEX_POINT('',#3509);
#1101=VERTEX_POINT('',#3511);
#1102=VERTEX_POINT('',#3513);
#1103=VERTEX_POINT('',#3515);
#1104=VERTEX_POINT('',#3517);
#1105=VERTEX_POINT('',#3519);
#1106=VERTEX_POINT('',#3521);
#1107=VERTEX_POINT('',#3523);
#1108=VERTEX_POINT('',#3525);
#1109=VERTEX_POINT('',#3527);
#1110=VERTEX_POINT('',#3529);
#1111=VERTEX_POINT('',#3531);
#1112=VERTEX_POINT('',#3533);
#1113=VERTEX_POINT('',#3535);
#1114=VERTEX_POINT('',#3537);
#1115=VERTEX_POINT('',#3539);
#1116=VERTEX_POINT('',#3541);
#1117=VERTEX_POINT('',#3543);
#1118=VERTEX_POINT('',#3545);
#1119=VERTEX_POINT('',#3547);
#1120=VERTEX_POINT('',#3549);
#1121=VERTEX_POINT('',#3551);
#1122=VERTEX_POINT('',#3553);
#1123=VERTEX_POINT('',#3555);
#1124=VERTEX_POINT('',#3557);
#1125=VERTEX_POINT('',#3559);
#1126=VERTEX_POINT('',#3561);
#1127=VERTEX_POINT('',#3563);
#1128=VERTEX_POINT('',#3565);
#1129=VERTEX_POINT('',#3567);
#1130=VERTEX_POINT('',#3569);
#1131=VERTEX_POINT('',#3573);
#1132=VERTEX_POINT('',#3576);
#1133=VERTEX_POINT('',#3577);
#1134=VERTEX_POINT('',#3579);
#1135=VERTEX_POINT('',#3581);
#1136=VERTEX_POINT('',#3584);
#1137=VERTEX_POINT('',#3585);
#1138=VERTEX_POINT('',#3587);
#1139=VERTEX_POINT('',#3589);
#1140=VERTEX_POINT('',#3592);
#1141=VERTEX_POINT('',#3593);
#1142=VERTEX_POINT('',#3595);
#1143=VERTEX_POINT('',#3597);
#1144=VERTEX_POINT('',#3600);
#1145=VERTEX_POINT('',#3601);
#1146=VERTEX_POINT('',#3603);
#1147=VERTEX_POINT('',#3605);
#1148=VERTEX_POINT('',#3608);
#1149=VERTEX_POINT('',#3609);
#1150=VERTEX_POINT('',#3611);
#1151=VERTEX_POINT('',#3613);
#1152=VERTEX_POINT('',#3616);
#1153=VERTEX_POINT('',#3617);
#1154=VERTEX_POINT('',#3619);
#1155=VERTEX_POINT('',#3621);
#1156=VERTEX_POINT('',#3624);
#1157=VERTEX_POINT('',#3625);
#1158=VERTEX_POINT('',#3627);
#1159=VERTEX_POINT('',#3629);
#1160=VERTEX_POINT('',#3632);
#1161=VERTEX_POINT('',#3633);
#1162=VERTEX_POINT('',#3635);
#1163=VERTEX_POINT('',#3637);
#1164=VERTEX_POINT('',#3640);
#1165=VERTEX_POINT('',#3641);
#1166=VERTEX_POINT('',#3643);
#1167=VERTEX_POINT('',#3645);
#1168=VERTEX_POINT('',#3648);
#1169=VERTEX_POINT('',#3649);
#1170=VERTEX_POINT('',#3651);
#1171=VERTEX_POINT('',#3653);
#1172=VERTEX_POINT('',#3656);
#1173=VERTEX_POINT('',#3657);
#1174=VERTEX_POINT('',#3659);
#1175=VERTEX_POINT('',#3661);
#1176=VERTEX_POINT('',#3664);
#1177=VERTEX_POINT('',#3665);
#1178=VERTEX_POINT('',#3667);
#1179=VERTEX_POINT('',#3669);
#1180=VERTEX_POINT('',#3672);
#1181=VERTEX_POINT('',#3673);
#1182=VERTEX_POINT('',#3675);
#1183=VERTEX_POINT('',#3677);
#1184=VERTEX_POINT('',#3680);
#1185=VERTEX_POINT('',#3681);
#1186=VERTEX_POINT('',#3683);
#1187=VERTEX_POINT('',#3685);
#1188=VERTEX_POINT('',#3689);
#1189=VERTEX_POINT('',#3693);
#1190=VERTEX_POINT('',#3697);
#1191=VERTEX_POINT('',#3703);
#1192=VERTEX_POINT('',#3705);
#1193=VERTEX_POINT('',#3709);
#1194=VERTEX_POINT('',#3711);
#1195=VERTEX_POINT('',#3718);
#1196=VERTEX_POINT('',#3720);
#1197=VERTEX_POINT('',#3724);
#1198=VERTEX_POINT('',#3726);
#1199=VERTEX_POINT('',#3733);
#1200=VERTEX_POINT('',#3735);
#1201=VERTEX_POINT('',#3739);
#1202=VERTEX_POINT('',#3741);
#1203=VERTEX_POINT('',#3748);
#1204=VERTEX_POINT('',#3750);
#1205=VERTEX_POINT('',#3754);
#1206=VERTEX_POINT('',#3756);
#1207=VERTEX_POINT('',#3763);
#1208=VERTEX_POINT('',#3765);
#1209=VERTEX_POINT('',#3769);
#1210=VERTEX_POINT('',#3771);
#1211=VERTEX_POINT('',#3778);
#1212=VERTEX_POINT('',#3780);
#1213=VERTEX_POINT('',#3784);
#1214=VERTEX_POINT('',#3786);
#1215=VERTEX_POINT('',#3793);
#1216=VERTEX_POINT('',#3795);
#1217=VERTEX_POINT('',#3799);
#1218=VERTEX_POINT('',#3801);
#1219=VERTEX_POINT('',#3808);
#1220=VERTEX_POINT('',#3810);
#1221=VERTEX_POINT('',#3814);
#1222=VERTEX_POINT('',#3816);
#1223=VERTEX_POINT('',#3823);
#1224=VERTEX_POINT('',#3825);
#1225=VERTEX_POINT('',#3829);
#1226=VERTEX_POINT('',#3831);
#1227=VERTEX_POINT('',#3838);
#1228=VERTEX_POINT('',#3840);
#1229=VERTEX_POINT('',#3844);
#1230=VERTEX_POINT('',#3846);
#1231=VERTEX_POINT('',#3853);
#1232=VERTEX_POINT('',#3855);
#1233=VERTEX_POINT('',#3859);
#1234=VERTEX_POINT('',#3861);
#1235=VERTEX_POINT('',#3868);
#1236=VERTEX_POINT('',#3870);
#1237=VERTEX_POINT('',#3874);
#1238=VERTEX_POINT('',#3876);
#1239=VERTEX_POINT('',#3883);
#1240=VERTEX_POINT('',#3885);
#1241=VERTEX_POINT('',#3889);
#1242=VERTEX_POINT('',#3891);
#1243=VERTEX_POINT('',#3898);
#1244=VERTEX_POINT('',#3900);
#1245=VERTEX_POINT('',#3904);
#1246=VERTEX_POINT('',#3906);
#1247=VERTEX_POINT('',#3914);
#1248=VERTEX_POINT('',#3915);
#1249=VERTEX_POINT('',#3917);
#1250=VERTEX_POINT('',#3919);
#1251=VERTEX_POINT('',#3923);
#1252=VERTEX_POINT('',#3924);
#1253=VERTEX_POINT('',#3926);
#1254=VERTEX_POINT('',#3928);
#1255=VERTEX_POINT('',#3932);
#1256=VERTEX_POINT('',#3933);
#1257=VERTEX_POINT('',#3935);
#1258=VERTEX_POINT('',#3937);
#1259=VERTEX_POINT('',#3941);
#1260=VERTEX_POINT('',#3942);
#1261=VERTEX_POINT('',#3944);
#1262=VERTEX_POINT('',#3946);
#1263=VERTEX_POINT('',#3950);
#1264=VERTEX_POINT('',#3951);
#1265=VERTEX_POINT('',#3953);
#1266=VERTEX_POINT('',#3955);
#1267=VERTEX_POINT('',#3959);
#1268=VERTEX_POINT('',#3960);
#1269=VERTEX_POINT('',#3962);
#1270=VERTEX_POINT('',#3964);
#1271=VERTEX_POINT('',#3968);
#1272=VERTEX_POINT('',#3969);
#1273=VERTEX_POINT('',#3971);
#1274=VERTEX_POINT('',#3973);
#1275=VERTEX_POINT('',#3977);
#1276=VERTEX_POINT('',#3978);
#1277=VERTEX_POINT('',#3980);
#1278=VERTEX_POINT('',#3982);
#1279=VERTEX_POINT('',#3986);
#1280=VERTEX_POINT('',#3987);
#1281=VERTEX_POINT('',#3989);
#1282=VERTEX_POINT('',#3991);
#1283=VERTEX_POINT('',#3995);
#1284=VERTEX_POINT('',#3996);
#1285=VERTEX_POINT('',#3998);
#1286=VERTEX_POINT('',#4000);
#1287=VERTEX_POINT('',#4004);
#1288=VERTEX_POINT('',#4005);
#1289=VERTEX_POINT('',#4007);
#1290=VERTEX_POINT('',#4009);
#1291=VERTEX_POINT('',#4013);
#1292=VERTEX_POINT('',#4014);
#1293=VERTEX_POINT('',#4016);
#1294=VERTEX_POINT('',#4018);
#1295=VERTEX_POINT('',#4022);
#1296=VERTEX_POINT('',#4023);
#1297=VERTEX_POINT('',#4025);
#1298=VERTEX_POINT('',#4027);
#1299=VERTEX_POINT('',#4031);
#1300=VERTEX_POINT('',#4032);
#1301=VERTEX_POINT('',#4034);
#1302=VERTEX_POINT('',#4036);
#1303=EDGE_CURVE('',#1059,#1060,#327,.T.);
#1304=EDGE_CURVE('',#1059,#1061,#328,.T.);
#1305=EDGE_CURVE('',#1061,#1062,#329,.T.);
#1306=EDGE_CURVE('',#1060,#1062,#330,.T.);
#1307=EDGE_CURVE('',#1063,#1059,#331,.T.);
#1308=EDGE_CURVE('',#1063,#1064,#332,.F.);
#1309=EDGE_CURVE('',#1064,#1061,#333,.T.);
#1310=EDGE_CURVE('',#1065,#1063,#334,.T.);
#1311=EDGE_CURVE('',#1065,#1066,#335,.F.);
#1312=EDGE_CURVE('',#1066,#1064,#336,.T.);
#1313=EDGE_CURVE('',#1060,#1065,#337,.T.);
#1314=EDGE_CURVE('',#1062,#1066,#338,.T.);
#1315=EDGE_CURVE('',#1067,#1068,#339,.T.);
#1316=EDGE_CURVE('',#1068,#1069,#340,.T.);
#1317=EDGE_CURVE('',#1069,#1070,#341,.T.);
#1318=EDGE_CURVE('',#1070,#1071,#342,.T.);
#1319=EDGE_CURVE('',#1071,#1072,#343,.T.);
#1320=EDGE_CURVE('',#1072,#1067,#344,.T.);
#1321=EDGE_CURVE('',#1069,#1073,#345,.T.);
#1322=EDGE_CURVE('',#1073,#1074,#346,.T.);
#1323=EDGE_CURVE('',#1075,#1074,#347,.T.);
#1324=EDGE_CURVE('',#1076,#1075,#348,.T.);
#1325=EDGE_CURVE('',#1077,#1076,#349,.T.);
#1326=EDGE_CURVE('',#1077,#1078,#350,.T.);
#1327=EDGE_CURVE('',#1079,#1078,#351,.T.);
#1328=EDGE_CURVE('',#1080,#1079,#352,.T.);
#1329=EDGE_CURVE('',#1081,#1080,#353,.T.);
#1330=EDGE_CURVE('',#1081,#1082,#354,.T.);
#1331=EDGE_CURVE('',#1083,#1082,#355,.T.);
#1332=EDGE_CURVE('',#1084,#1083,#356,.T.);
#1333=EDGE_CURVE('',#1085,#1084,#357,.T.);
#1334=EDGE_CURVE('',#1085,#1086,#358,.T.);
#1335=EDGE_CURVE('',#1087,#1086,#359,.T.);
#1336=EDGE_CURVE('',#1088,#1087,#360,.T.);
#1337=EDGE_CURVE('',#1089,#1088,#361,.T.);
#1338=EDGE_CURVE('',#1089,#1090,#362,.T.);
#1339=EDGE_CURVE('',#1091,#1090,#363,.T.);
#1340=EDGE_CURVE('',#1092,#1091,#364,.T.);
#1341=EDGE_CURVE('',#1093,#1092,#365,.T.);
#1342=EDGE_CURVE('',#1093,#1094,#366,.T.);
#1343=EDGE_CURVE('',#1095,#1094,#367,.T.);
#1344=EDGE_CURVE('',#1096,#1095,#368,.T.);
#1345=EDGE_CURVE('',#1097,#1096,#369,.T.);
#1346=EDGE_CURVE('',#1097,#1098,#370,.T.);
#1347=EDGE_CURVE('',#1099,#1098,#371,.T.);
#1348=EDGE_CURVE('',#1100,#1099,#372,.T.);
#1349=EDGE_CURVE('',#1101,#1100,#373,.T.);
#1350=EDGE_CURVE('',#1101,#1102,#374,.T.);
#1351=EDGE_CURVE('',#1103,#1102,#375,.T.);
#1352=EDGE_CURVE('',#1104,#1103,#376,.T.);
#1353=EDGE_CURVE('',#1105,#1104,#377,.T.);
#1354=EDGE_CURVE('',#1105,#1106,#378,.T.);
#1355=EDGE_CURVE('',#1107,#1106,#379,.T.);
#1356=EDGE_CURVE('',#1108,#1107,#380,.T.);
#1357=EDGE_CURVE('',#1109,#1108,#381,.T.);
#1358=EDGE_CURVE('',#1109,#1110,#382,.T.);
#1359=EDGE_CURVE('',#1111,#1110,#383,.T.);
#1360=EDGE_CURVE('',#1112,#1111,#384,.T.);
#1361=EDGE_CURVE('',#1113,#1112,#385,.T.);
#1362=EDGE_CURVE('',#1113,#1114,#386,.T.);
#1363=EDGE_CURVE('',#1115,#1114,#387,.T.);
#1364=EDGE_CURVE('',#1116,#1115,#388,.T.);
#1365=EDGE_CURVE('',#1117,#1116,#389,.T.);
#1366=EDGE_CURVE('',#1117,#1118,#390,.T.);
#1367=EDGE_CURVE('',#1119,#1118,#391,.T.);
#1368=EDGE_CURVE('',#1120,#1119,#392,.T.);
#1369=EDGE_CURVE('',#1121,#1120,#393,.T.);
#1370=EDGE_CURVE('',#1121,#1122,#394,.T.);
#1371=EDGE_CURVE('',#1123,#1122,#395,.T.);
#1372=EDGE_CURVE('',#1124,#1123,#396,.T.);
#1373=EDGE_CURVE('',#1125,#1124,#397,.T.);
#1374=EDGE_CURVE('',#1125,#1126,#398,.T.);
#1375=EDGE_CURVE('',#1127,#1126,#399,.T.);
#1376=EDGE_CURVE('',#1128,#1127,#400,.T.);
#1377=EDGE_CURVE('',#1129,#1128,#401,.T.);
#1378=EDGE_CURVE('',#1129,#1130,#402,.T.);
#1379=EDGE_CURVE('',#1070,#1130,#403,.T.);
#1380=EDGE_CURVE('',#1131,#1068,#404,.T.);
#1381=EDGE_CURVE('',#1073,#1131,#405,.T.);
#1382=EDGE_CURVE('',#1132,#1133,#406,.T.);
#1383=EDGE_CURVE('',#1134,#1132,#407,.T.);
#1384=EDGE_CURVE('',#1135,#1134,#408,.T.);
#1385=EDGE_CURVE('',#1133,#1135,#409,.T.);
#1386=EDGE_CURVE('',#1136,#1137,#410,.T.);
#1387=EDGE_CURVE('',#1138,#1136,#411,.T.);
#1388=EDGE_CURVE('',#1139,#1138,#412,.T.);
#1389=EDGE_CURVE('',#1137,#1139,#413,.T.);
#1390=EDGE_CURVE('',#1140,#1141,#414,.T.);
#1391=EDGE_CURVE('',#1142,#1140,#415,.T.);
#1392=EDGE_CURVE('',#1143,#1142,#416,.T.);
#1393=EDGE_CURVE('',#1141,#1143,#417,.T.);
#1394=EDGE_CURVE('',#1144,#1145,#418,.T.);
#1395=EDGE_CURVE('',#1146,#1144,#419,.T.);
#1396=EDGE_CURVE('',#1147,#1146,#420,.T.);
#1397=EDGE_CURVE('',#1145,#1147,#421,.T.);
#1398=EDGE_CURVE('',#1148,#1149,#422,.T.);
#1399=EDGE_CURVE('',#1150,#1148,#423,.T.);
#1400=EDGE_CURVE('',#1151,#1150,#424,.T.);
#1401=EDGE_CURVE('',#1149,#1151,#425,.T.);
#1402=EDGE_CURVE('',#1152,#1153,#426,.T.);
#1403=EDGE_CURVE('',#1154,#1152,#427,.T.);
#1404=EDGE_CURVE('',#1155,#1154,#428,.T.);
#1405=EDGE_CURVE('',#1153,#1155,#429,.T.);
#1406=EDGE_CURVE('',#1156,#1157,#430,.T.);
#1407=EDGE_CURVE('',#1158,#1156,#431,.T.);
#1408=EDGE_CURVE('',#1159,#1158,#432,.T.);
#1409=EDGE_CURVE('',#1157,#1159,#433,.T.);
#1410=EDGE_CURVE('',#1160,#1161,#434,.T.);
#1411=EDGE_CURVE('',#1162,#1160,#435,.T.);
#1412=EDGE_CURVE('',#1163,#1162,#436,.T.);
#1413=EDGE_CURVE('',#1161,#1163,#437,.T.);
#1414=EDGE_CURVE('',#1164,#1165,#438,.T.);
#1415=EDGE_CURVE('',#1166,#1164,#439,.T.);
#1416=EDGE_CURVE('',#1167,#1166,#440,.T.);
#1417=EDGE_CURVE('',#1165,#1167,#441,.T.);
#1418=EDGE_CURVE('',#1168,#1169,#442,.T.);
#1419=EDGE_CURVE('',#1170,#1168,#443,.T.);
#1420=EDGE_CURVE('',#1171,#1170,#444,.T.);
#1421=EDGE_CURVE('',#1169,#1171,#445,.T.);
#1422=EDGE_CURVE('',#1172,#1173,#446,.T.);
#1423=EDGE_CURVE('',#1174,#1172,#447,.T.);
#1424=EDGE_CURVE('',#1175,#1174,#448,.T.);
#1425=EDGE_CURVE('',#1173,#1175,#449,.T.);
#1426=EDGE_CURVE('',#1176,#1177,#450,.T.);
#1427=EDGE_CURVE('',#1178,#1176,#451,.T.);
#1428=EDGE_CURVE('',#1179,#1178,#452,.T.);
#1429=EDGE_CURVE('',#1177,#1179,#453,.T.);
#1430=EDGE_CURVE('',#1180,#1181,#454,.T.);
#1431=EDGE_CURVE('',#1182,#1180,#455,.T.);
#1432=EDGE_CURVE('',#1183,#1182,#456,.T.);
#1433=EDGE_CURVE('',#1181,#1183,#457,.T.);
#1434=EDGE_CURVE('',#1184,#1185,#458,.T.);
#1435=EDGE_CURVE('',#1186,#1184,#459,.T.);
#1436=EDGE_CURVE('',#1187,#1186,#460,.T.);
#1437=EDGE_CURVE('',#1185,#1187,#461,.T.);
#1438=EDGE_CURVE('',#1067,#1188,#462,.T.);
#1439=EDGE_CURVE('',#1188,#1131,#463,.T.);
#1440=EDGE_CURVE('',#1189,#1072,#464,.T.);
#1441=EDGE_CURVE('',#1188,#1189,#465,.T.);
#1442=EDGE_CURVE('',#1071,#1190,#466,.T.);
#1443=EDGE_CURVE('',#1190,#1189,#467,.T.);
#1444=EDGE_CURVE('',#1074,#1190,#468,.T.);
#1445=EDGE_CURVE('',#1076,#1191,#469,.T.);
#1446=EDGE_CURVE('',#1192,#1075,#470,.T.);
#1447=EDGE_CURVE('',#1191,#1192,#471,.T.);
#1448=EDGE_CURVE('',#1191,#1193,#472,.T.);
#1449=EDGE_CURVE('',#1194,#1192,#473,.T.);
#1450=EDGE_CURVE('',#1193,#1194,#474,.T.);
#1451=EDGE_CURVE('',#1193,#1077,#475,.T.);
#1452=EDGE_CURVE('',#1078,#1194,#476,.T.);
#1453=EDGE_CURVE('',#1080,#1195,#477,.T.);
#1454=EDGE_CURVE('',#1196,#1079,#478,.T.);
#1455=EDGE_CURVE('',#1195,#1196,#479,.T.);
#1456=EDGE_CURVE('',#1195,#1197,#480,.T.);
#1457=EDGE_CURVE('',#1198,#1196,#481,.T.);
#1458=EDGE_CURVE('',#1197,#1198,#482,.T.);
#1459=EDGE_CURVE('',#1197,#1081,#483,.T.);
#1460=EDGE_CURVE('',#1082,#1198,#484,.T.);
#1461=EDGE_CURVE('',#1084,#1199,#485,.T.);
#1462=EDGE_CURVE('',#1200,#1083,#486,.T.);
#1463=EDGE_CURVE('',#1199,#1200,#487,.T.);
#1464=EDGE_CURVE('',#1199,#1201,#488,.T.);
#1465=EDGE_CURVE('',#1202,#1200,#489,.T.);
#1466=EDGE_CURVE('',#1201,#1202,#490,.T.);
#1467=EDGE_CURVE('',#1201,#1085,#491,.T.);
#1468=EDGE_CURVE('',#1086,#1202,#492,.T.);
#1469=EDGE_CURVE('',#1088,#1203,#493,.T.);
#1470=EDGE_CURVE('',#1204,#1087,#494,.T.);
#1471=EDGE_CURVE('',#1203,#1204,#495,.T.);
#1472=EDGE_CURVE('',#1203,#1205,#496,.T.);
#1473=EDGE_CURVE('',#1206,#1204,#497,.T.);
#1474=EDGE_CURVE('',#1205,#1206,#498,.T.);
#1475=EDGE_CURVE('',#1205,#1089,#499,.T.);
#1476=EDGE_CURVE('',#1090,#1206,#500,.T.);
#1477=EDGE_CURVE('',#1092,#1207,#501,.T.);
#1478=EDGE_CURVE('',#1208,#1091,#502,.T.);
#1479=EDGE_CURVE('',#1207,#1208,#503,.T.);
#1480=EDGE_CURVE('',#1207,#1209,#504,.T.);
#1481=EDGE_CURVE('',#1210,#1208,#505,.T.);
#1482=EDGE_CURVE('',#1209,#1210,#506,.T.);
#1483=EDGE_CURVE('',#1209,#1093,#507,.T.);
#1484=EDGE_CURVE('',#1094,#1210,#508,.T.);
#1485=EDGE_CURVE('',#1096,#1211,#509,.T.);
#1486=EDGE_CURVE('',#1212,#1095,#510,.T.);
#1487=EDGE_CURVE('',#1211,#1212,#511,.T.);
#1488=EDGE_CURVE('',#1211,#1213,#512,.T.);
#1489=EDGE_CURVE('',#1214,#1212,#513,.T.);
#1490=EDGE_CURVE('',#1213,#1214,#514,.T.);
#1491=EDGE_CURVE('',#1213,#1097,#515,.T.);
#1492=EDGE_CURVE('',#1098,#1214,#516,.T.);
#1493=EDGE_CURVE('',#1100,#1215,#517,.T.);
#1494=EDGE_CURVE('',#1216,#1099,#518,.T.);
#1495=EDGE_CURVE('',#1215,#1216,#519,.T.);
#1496=EDGE_CURVE('',#1215,#1217,#520,.T.);
#1497=EDGE_CURVE('',#1218,#1216,#521,.T.);
#1498=EDGE_CURVE('',#1217,#1218,#522,.T.);
#1499=EDGE_CURVE('',#1217,#1101,#523,.T.);
#1500=EDGE_CURVE('',#1102,#1218,#524,.T.);
#1501=EDGE_CURVE('',#1104,#1219,#525,.T.);
#1502=EDGE_CURVE('',#1220,#1103,#526,.T.);
#1503=EDGE_CURVE('',#1219,#1220,#527,.T.);
#1504=EDGE_CURVE('',#1219,#1221,#528,.T.);
#1505=EDGE_CURVE('',#1222,#1220,#529,.T.);
#1506=EDGE_CURVE('',#1221,#1222,#530,.T.);
#1507=EDGE_CURVE('',#1221,#1105,#531,.T.);
#1508=EDGE_CURVE('',#1106,#1222,#532,.T.);
#1509=EDGE_CURVE('',#1108,#1223,#533,.T.);
#1510=EDGE_CURVE('',#1224,#1107,#534,.T.);
#1511=EDGE_CURVE('',#1223,#1224,#535,.T.);
#1512=EDGE_CURVE('',#1223,#1225,#536,.T.);
#1513=EDGE_CURVE('',#1226,#1224,#537,.T.);
#1514=EDGE_CURVE('',#1225,#1226,#538,.T.);
#1515=EDGE_CURVE('',#1225,#1109,#539,.T.);
#1516=EDGE_CURVE('',#1110,#1226,#540,.T.);
#1517=EDGE_CURVE('',#1112,#1227,#541,.T.);
#1518=EDGE_CURVE('',#1228,#1111,#542,.T.);
#1519=EDGE_CURVE('',#1227,#1228,#543,.T.);
#1520=EDGE_CURVE('',#1227,#1229,#544,.T.);
#1521=EDGE_CURVE('',#1230,#1228,#545,.T.);
#1522=EDGE_CURVE('',#1229,#1230,#546,.T.);
#1523=EDGE_CURVE('',#1229,#1113,#547,.T.);
#1524=EDGE_CURVE('',#1114,#1230,#548,.T.);
#1525=EDGE_CURVE('',#1116,#1231,#549,.T.);
#1526=EDGE_CURVE('',#1232,#1115,#550,.T.);
#1527=EDGE_CURVE('',#1231,#1232,#551,.T.);
#1528=EDGE_CURVE('',#1231,#1233,#552,.T.);
#1529=EDGE_CURVE('',#1234,#1232,#553,.T.);
#1530=EDGE_CURVE('',#1233,#1234,#554,.T.);
#1531=EDGE_CURVE('',#1233,#1117,#555,.T.);
#1532=EDGE_CURVE('',#1118,#1234,#556,.T.);
#1533=EDGE_CURVE('',#1120,#1235,#557,.T.);
#1534=EDGE_CURVE('',#1236,#1119,#558,.T.);
#1535=EDGE_CURVE('',#1235,#1236,#559,.T.);
#1536=EDGE_CURVE('',#1235,#1237,#560,.T.);
#1537=EDGE_CURVE('',#1238,#1236,#561,.T.);
#1538=EDGE_CURVE('',#1237,#1238,#562,.T.);
#1539=EDGE_CURVE('',#1237,#1121,#563,.T.);
#1540=EDGE_CURVE('',#1122,#1238,#564,.T.);
#1541=EDGE_CURVE('',#1124,#1239,#565,.T.);
#1542=EDGE_CURVE('',#1240,#1123,#566,.T.);
#1543=EDGE_CURVE('',#1239,#1240,#567,.T.);
#1544=EDGE_CURVE('',#1239,#1241,#568,.T.);
#1545=EDGE_CURVE('',#1242,#1240,#569,.T.);
#1546=EDGE_CURVE('',#1241,#1242,#570,.T.);
#1547=EDGE_CURVE('',#1241,#1125,#571,.T.);
#1548=EDGE_CURVE('',#1126,#1242,#572,.T.);
#1549=EDGE_CURVE('',#1128,#1243,#573,.T.);
#1550=EDGE_CURVE('',#1244,#1127,#574,.T.);
#1551=EDGE_CURVE('',#1243,#1244,#575,.T.);
#1552=EDGE_CURVE('',#1243,#1245,#576,.T.);
#1553=EDGE_CURVE('',#1246,#1244,#577,.T.);
#1554=EDGE_CURVE('',#1245,#1246,#578,.T.);
#1555=EDGE_CURVE('',#1245,#1129,#579,.T.);
#1556=EDGE_CURVE('',#1130,#1246,#580,.T.);
#1557=EDGE_CURVE('',#1247,#1248,#581,.T.);
#1558=EDGE_CURVE('',#1248,#1249,#582,.T.);
#1559=EDGE_CURVE('',#1249,#1250,#583,.T.);
#1560=EDGE_CURVE('',#1250,#1247,#584,.T.);
#1561=EDGE_CURVE('',#1251,#1252,#585,.T.);
#1562=EDGE_CURVE('',#1252,#1253,#586,.T.);
#1563=EDGE_CURVE('',#1253,#1254,#587,.T.);
#1564=EDGE_CURVE('',#1254,#1251,#588,.T.);
#1565=EDGE_CURVE('',#1255,#1256,#589,.T.);
#1566=EDGE_CURVE('',#1256,#1257,#590,.T.);
#1567=EDGE_CURVE('',#1257,#1258,#591,.T.);
#1568=EDGE_CURVE('',#1258,#1255,#592,.T.);
#1569=EDGE_CURVE('',#1259,#1260,#593,.T.);
#1570=EDGE_CURVE('',#1260,#1261,#594,.T.);
#1571=EDGE_CURVE('',#1261,#1262,#595,.T.);
#1572=EDGE_CURVE('',#1262,#1259,#596,.T.);
#1573=EDGE_CURVE('',#1263,#1264,#597,.T.);
#1574=EDGE_CURVE('',#1264,#1265,#598,.T.);
#1575=EDGE_CURVE('',#1265,#1266,#599,.T.);
#1576=EDGE_CURVE('',#1266,#1263,#600,.T.);
#1577=EDGE_CURVE('',#1267,#1268,#601,.T.);
#1578=EDGE_CURVE('',#1268,#1269,#602,.T.);
#1579=EDGE_CURVE('',#1269,#1270,#603,.T.);
#1580=EDGE_CURVE('',#1270,#1267,#604,.T.);
#1581=EDGE_CURVE('',#1271,#1272,#605,.T.);
#1582=EDGE_CURVE('',#1272,#1273,#606,.T.);
#1583=EDGE_CURVE('',#1273,#1274,#607,.T.);
#1584=EDGE_CURVE('',#1274,#1271,#608,.T.);
#1585=EDGE_CURVE('',#1275,#1276,#609,.T.);
#1586=EDGE_CURVE('',#1276,#1277,#610,.T.);
#1587=EDGE_CURVE('',#1277,#1278,#611,.T.);
#1588=EDGE_CURVE('',#1278,#1275,#612,.T.);
#1589=EDGE_CURVE('',#1279,#1280,#613,.T.);
#1590=EDGE_CURVE('',#1280,#1281,#614,.T.);
#1591=EDGE_CURVE('',#1281,#1282,#615,.T.);
#1592=EDGE_CURVE('',#1282,#1279,#616,.T.);
#1593=EDGE_CURVE('',#1283,#1284,#617,.T.);
#1594=EDGE_CURVE('',#1284,#1285,#618,.T.);
#1595=EDGE_CURVE('',#1285,#1286,#619,.T.);
#1596=EDGE_CURVE('',#1286,#1283,#620,.T.);
#1597=EDGE_CURVE('',#1287,#1288,#621,.T.);
#1598=EDGE_CURVE('',#1288,#1289,#622,.T.);
#1599=EDGE_CURVE('',#1289,#1290,#623,.T.);
#1600=EDGE_CURVE('',#1290,#1287,#624,.T.);
#1601=EDGE_CURVE('',#1291,#1292,#625,.T.);
#1602=EDGE_CURVE('',#1292,#1293,#626,.T.);
#1603=EDGE_CURVE('',#1293,#1294,#627,.T.);
#1604=EDGE_CURVE('',#1294,#1291,#628,.T.);
#1605=EDGE_CURVE('',#1295,#1296,#629,.T.);
#1606=EDGE_CURVE('',#1296,#1297,#630,.T.);
#1607=EDGE_CURVE('',#1297,#1298,#631,.T.);
#1608=EDGE_CURVE('',#1298,#1295,#632,.T.);
#1609=EDGE_CURVE('',#1299,#1300,#633,.T.);
#1610=EDGE_CURVE('',#1300,#1301,#634,.T.);
#1611=EDGE_CURVE('',#1301,#1302,#635,.T.);
#1612=EDGE_CURVE('',#1302,#1299,#636,.T.);
#1613=EDGE_CURVE('',#1132,#1299,#637,.T.);
#1614=EDGE_CURVE('',#1134,#1302,#638,.T.);
#1615=EDGE_CURVE('',#1135,#1301,#639,.T.);
#1616=EDGE_CURVE('',#1133,#1300,#640,.T.);
#1617=EDGE_CURVE('',#1136,#1287,#641,.T.);
#1618=EDGE_CURVE('',#1138,#1290,#642,.T.);
#1619=EDGE_CURVE('',#1139,#1289,#643,.T.);
#1620=EDGE_CURVE('',#1137,#1288,#644,.T.);
#1621=EDGE_CURVE('',#1140,#1291,#645,.T.);
#1622=EDGE_CURVE('',#1142,#1294,#646,.T.);
#1623=EDGE_CURVE('',#1143,#1293,#647,.T.);
#1624=EDGE_CURVE('',#1141,#1292,#648,.T.);
#1625=EDGE_CURVE('',#1144,#1295,#649,.T.);
#1626=EDGE_CURVE('',#1146,#1298,#650,.T.);
#1627=EDGE_CURVE('',#1147,#1297,#651,.T.);
#1628=EDGE_CURVE('',#1145,#1296,#652,.T.);
#1629=EDGE_CURVE('',#1148,#1263,#653,.T.);
#1630=EDGE_CURVE('',#1150,#1266,#654,.T.);
#1631=EDGE_CURVE('',#1151,#1265,#655,.T.);
#1632=EDGE_CURVE('',#1149,#1264,#656,.T.);
#1633=EDGE_CURVE('',#1152,#1259,#657,.T.);
#1634=EDGE_CURVE('',#1154,#1262,#658,.T.);
#1635=EDGE_CURVE('',#1155,#1261,#659,.T.);
#1636=EDGE_CURVE('',#1153,#1260,#660,.T.);
#1637=EDGE_CURVE('',#1156,#1279,#661,.T.);
#1638=EDGE_CURVE('',#1158,#1282,#662,.T.);
#1639=EDGE_CURVE('',#1159,#1281,#663,.T.);
#1640=EDGE_CURVE('',#1157,#1280,#664,.T.);
#1641=EDGE_CURVE('',#1160,#1275,#665,.T.);
#1642=EDGE_CURVE('',#1162,#1278,#666,.T.);
#1643=EDGE_CURVE('',#1163,#1277,#667,.T.);
#1644=EDGE_CURVE('',#1161,#1276,#668,.T.);
#1645=EDGE_CURVE('',#1164,#1247,#669,.T.);
#1646=EDGE_CURVE('',#1166,#1250,#670,.T.);
#1647=EDGE_CURVE('',#1167,#1249,#671,.T.);
#1648=EDGE_CURVE('',#1165,#1248,#672,.T.);
#1649=EDGE_CURVE('',#1168,#1251,#673,.T.);
#1650=EDGE_CURVE('',#1170,#1254,#674,.T.);
#1651=EDGE_CURVE('',#1171,#1253,#675,.T.);
#1652=EDGE_CURVE('',#1169,#1252,#676,.T.);
#1653=EDGE_CURVE('',#1172,#1255,#677,.T.);
#1654=EDGE_CURVE('',#1174,#1258,#678,.T.);
#1655=EDGE_CURVE('',#1175,#1257,#679,.T.);
#1656=EDGE_CURVE('',#1173,#1256,#680,.T.);
#1657=EDGE_CURVE('',#1176,#1267,#681,.T.);
#1658=EDGE_CURVE('',#1178,#1270,#682,.T.);
#1659=EDGE_CURVE('',#1179,#1269,#683,.T.);
#1660=EDGE_CURVE('',#1177,#1268,#684,.T.);
#1661=EDGE_CURVE('',#1180,#1271,#685,.T.);
#1662=EDGE_CURVE('',#1182,#1274,#686,.T.);
#1663=EDGE_CURVE('',#1183,#1273,#687,.T.);
#1664=EDGE_CURVE('',#1181,#1272,#688,.T.);
#1665=EDGE_CURVE('',#1184,#1283,#689,.T.);
#1666=EDGE_CURVE('',#1186,#1286,#690,.T.);
#1667=EDGE_CURVE('',#1187,#1285,#691,.T.);
#1668=EDGE_CURVE('',#1185,#1284,#692,.T.);
#1669=ORIENTED_EDGE('',*,*,#1303,.F.);
#1670=ORIENTED_EDGE('',*,*,#1304,.T.);
#1671=ORIENTED_EDGE('',*,*,#1305,.T.);
#1672=ORIENTED_EDGE('',*,*,#1306,.F.);
#1673=ORIENTED_EDGE('',*,*,#1307,.F.);
#1674=ORIENTED_EDGE('',*,*,#1308,.T.);
#1675=ORIENTED_EDGE('',*,*,#1309,.T.);
#1676=ORIENTED_EDGE('',*,*,#1304,.F.);
#1677=ORIENTED_EDGE('',*,*,#1310,.F.);
#1678=ORIENTED_EDGE('',*,*,#1311,.T.);
#1679=ORIENTED_EDGE('',*,*,#1312,.T.);
#1680=ORIENTED_EDGE('',*,*,#1308,.F.);
#1681=ORIENTED_EDGE('',*,*,#1313,.F.);
#1682=ORIENTED_EDGE('',*,*,#1306,.T.);
#1683=ORIENTED_EDGE('',*,*,#1314,.T.);
#1684=ORIENTED_EDGE('',*,*,#1311,.F.);
#1685=ORIENTED_EDGE('',*,*,#1314,.F.);
#1686=ORIENTED_EDGE('',*,*,#1305,.F.);
#1687=ORIENTED_EDGE('',*,*,#1309,.F.);
#1688=ORIENTED_EDGE('',*,*,#1312,.F.);
#1689=ORIENTED_EDGE('',*,*,#1315,.T.);
#1690=ORIENTED_EDGE('',*,*,#1316,.T.);
#1691=ORIENTED_EDGE('',*,*,#1317,.T.);
#1692=ORIENTED_EDGE('',*,*,#1318,.T.);
#1693=ORIENTED_EDGE('',*,*,#1319,.T.);
#1694=ORIENTED_EDGE('',*,*,#1320,.T.);
#1695=ORIENTED_EDGE('',*,*,#1321,.T.);
#1696=ORIENTED_EDGE('',*,*,#1322,.T.);
#1697=ORIENTED_EDGE('',*,*,#1323,.F.);
#1698=ORIENTED_EDGE('',*,*,#1324,.F.);
#1699=ORIENTED_EDGE('',*,*,#1325,.F.);
#1700=ORIENTED_EDGE('',*,*,#1326,.T.);
#1701=ORIENTED_EDGE('',*,*,#1327,.F.);
#1702=ORIENTED_EDGE('',*,*,#1328,.F.);
#1703=ORIENTED_EDGE('',*,*,#1329,.F.);
#1704=ORIENTED_EDGE('',*,*,#1330,.T.);
#1705=ORIENTED_EDGE('',*,*,#1331,.F.);
#1706=ORIENTED_EDGE('',*,*,#1332,.F.);
#1707=ORIENTED_EDGE('',*,*,#1333,.F.);
#1708=ORIENTED_EDGE('',*,*,#1334,.T.);
#1709=ORIENTED_EDGE('',*,*,#1335,.F.);
#1710=ORIENTED_EDGE('',*,*,#1336,.F.);
#1711=ORIENTED_EDGE('',*,*,#1337,.F.);
#1712=ORIENTED_EDGE('',*,*,#1338,.T.);
#1713=ORIENTED_EDGE('',*,*,#1339,.F.);
#1714=ORIENTED_EDGE('',*,*,#1340,.F.);
#1715=ORIENTED_EDGE('',*,*,#1341,.F.);
#1716=ORIENTED_EDGE('',*,*,#1342,.T.);
#1717=ORIENTED_EDGE('',*,*,#1343,.F.);
#1718=ORIENTED_EDGE('',*,*,#1344,.F.);
#1719=ORIENTED_EDGE('',*,*,#1345,.F.);
#1720=ORIENTED_EDGE('',*,*,#1346,.T.);
#1721=ORIENTED_EDGE('',*,*,#1347,.F.);
#1722=ORIENTED_EDGE('',*,*,#1348,.F.);
#1723=ORIENTED_EDGE('',*,*,#1349,.F.);
#1724=ORIENTED_EDGE('',*,*,#1350,.T.);
#1725=ORIENTED_EDGE('',*,*,#1351,.F.);
#1726=ORIENTED_EDGE('',*,*,#1352,.F.);
#1727=ORIENTED_EDGE('',*,*,#1353,.F.);
#1728=ORIENTED_EDGE('',*,*,#1354,.T.);
#1729=ORIENTED_EDGE('',*,*,#1355,.F.);
#1730=ORIENTED_EDGE('',*,*,#1356,.F.);
#1731=ORIENTED_EDGE('',*,*,#1357,.F.);
#1732=ORIENTED_EDGE('',*,*,#1358,.T.);
#1733=ORIENTED_EDGE('',*,*,#1359,.F.);
#1734=ORIENTED_EDGE('',*,*,#1360,.F.);
#1735=ORIENTED_EDGE('',*,*,#1361,.F.);
#1736=ORIENTED_EDGE('',*,*,#1362,.T.);
#1737=ORIENTED_EDGE('',*,*,#1363,.F.);
#1738=ORIENTED_EDGE('',*,*,#1364,.F.);
#1739=ORIENTED_EDGE('',*,*,#1365,.F.);
#1740=ORIENTED_EDGE('',*,*,#1366,.T.);
#1741=ORIENTED_EDGE('',*,*,#1367,.F.);
#1742=ORIENTED_EDGE('',*,*,#1368,.F.);
#1743=ORIENTED_EDGE('',*,*,#1369,.F.);
#1744=ORIENTED_EDGE('',*,*,#1370,.T.);
#1745=ORIENTED_EDGE('',*,*,#1371,.F.);
#1746=ORIENTED_EDGE('',*,*,#1372,.F.);
#1747=ORIENTED_EDGE('',*,*,#1373,.F.);
#1748=ORIENTED_EDGE('',*,*,#1374,.T.);
#1749=ORIENTED_EDGE('',*,*,#1375,.F.);
#1750=ORIENTED_EDGE('',*,*,#1376,.F.);
#1751=ORIENTED_EDGE('',*,*,#1377,.F.);
#1752=ORIENTED_EDGE('',*,*,#1378,.T.);
#1753=ORIENTED_EDGE('',*,*,#1379,.F.);
#1754=ORIENTED_EDGE('',*,*,#1317,.F.);
#1755=ORIENTED_EDGE('',*,*,#1380,.F.);
#1756=ORIENTED_EDGE('',*,*,#1381,.F.);
#1757=ORIENTED_EDGE('',*,*,#1321,.F.);
#1758=ORIENTED_EDGE('',*,*,#1316,.F.);
#1759=ORIENTED_EDGE('',*,*,#1382,.F.);
#1760=ORIENTED_EDGE('',*,*,#1383,.F.);
#1761=ORIENTED_EDGE('',*,*,#1384,.F.);
#1762=ORIENTED_EDGE('',*,*,#1385,.F.);
#1763=ORIENTED_EDGE('',*,*,#1386,.F.);
#1764=ORIENTED_EDGE('',*,*,#1387,.F.);
#1765=ORIENTED_EDGE('',*,*,#1388,.F.);
#1766=ORIENTED_EDGE('',*,*,#1389,.F.);
#1767=ORIENTED_EDGE('',*,*,#1390,.F.);
#1768=ORIENTED_EDGE('',*,*,#1391,.F.);
#1769=ORIENTED_EDGE('',*,*,#1392,.F.);
#1770=ORIENTED_EDGE('',*,*,#1393,.F.);
#1771=ORIENTED_EDGE('',*,*,#1394,.F.);
#1772=ORIENTED_EDGE('',*,*,#1395,.F.);
#1773=ORIENTED_EDGE('',*,*,#1396,.F.);
#1774=ORIENTED_EDGE('',*,*,#1397,.F.);
#1775=ORIENTED_EDGE('',*,*,#1398,.F.);
#1776=ORIENTED_EDGE('',*,*,#1399,.F.);
#1777=ORIENTED_EDGE('',*,*,#1400,.F.);
#1778=ORIENTED_EDGE('',*,*,#1401,.F.);
#1779=ORIENTED_EDGE('',*,*,#1402,.F.);
#1780=ORIENTED_EDGE('',*,*,#1403,.F.);
#1781=ORIENTED_EDGE('',*,*,#1404,.F.);
#1782=ORIENTED_EDGE('',*,*,#1405,.F.);
#1783=ORIENTED_EDGE('',*,*,#1406,.F.);
#1784=ORIENTED_EDGE('',*,*,#1407,.F.);
#1785=ORIENTED_EDGE('',*,*,#1408,.F.);
#1786=ORIENTED_EDGE('',*,*,#1409,.F.);
#1787=ORIENTED_EDGE('',*,*,#1410,.F.);
#1788=ORIENTED_EDGE('',*,*,#1411,.F.);
#1789=ORIENTED_EDGE('',*,*,#1412,.F.);
#1790=ORIENTED_EDGE('',*,*,#1413,.F.);
#1791=ORIENTED_EDGE('',*,*,#1414,.F.);
#1792=ORIENTED_EDGE('',*,*,#1415,.F.);
#1793=ORIENTED_EDGE('',*,*,#1416,.F.);
#1794=ORIENTED_EDGE('',*,*,#1417,.F.);
#1795=ORIENTED_EDGE('',*,*,#1418,.F.);
#1796=ORIENTED_EDGE('',*,*,#1419,.F.);
#1797=ORIENTED_EDGE('',*,*,#1420,.F.);
#1798=ORIENTED_EDGE('',*,*,#1421,.F.);
#1799=ORIENTED_EDGE('',*,*,#1422,.F.);
#1800=ORIENTED_EDGE('',*,*,#1423,.F.);
#1801=ORIENTED_EDGE('',*,*,#1424,.F.);
#1802=ORIENTED_EDGE('',*,*,#1425,.F.);
#1803=ORIENTED_EDGE('',*,*,#1426,.F.);
#1804=ORIENTED_EDGE('',*,*,#1427,.F.);
#1805=ORIENTED_EDGE('',*,*,#1428,.F.);
#1806=ORIENTED_EDGE('',*,*,#1429,.F.);
#1807=ORIENTED_EDGE('',*,*,#1430,.F.);
#1808=ORIENTED_EDGE('',*,*,#1431,.F.);
#1809=ORIENTED_EDGE('',*,*,#1432,.F.);
#1810=ORIENTED_EDGE('',*,*,#1433,.F.);
#1811=ORIENTED_EDGE('',*,*,#1434,.F.);
#1812=ORIENTED_EDGE('',*,*,#1435,.F.);
#1813=ORIENTED_EDGE('',*,*,#1436,.F.);
#1814=ORIENTED_EDGE('',*,*,#1437,.F.);
#1815=ORIENTED_EDGE('',*,*,#1438,.T.);
#1816=ORIENTED_EDGE('',*,*,#1439,.T.);
#1817=ORIENTED_EDGE('',*,*,#1380,.T.);
#1818=ORIENTED_EDGE('',*,*,#1315,.F.);
#1819=ORIENTED_EDGE('',*,*,#1440,.F.);
#1820=ORIENTED_EDGE('',*,*,#1441,.F.);
#1821=ORIENTED_EDGE('',*,*,#1438,.F.);
#1822=ORIENTED_EDGE('',*,*,#1320,.F.);
#1823=ORIENTED_EDGE('',*,*,#1442,.T.);
#1824=ORIENTED_EDGE('',*,*,#1443,.T.);
#1825=ORIENTED_EDGE('',*,*,#1440,.T.);
#1826=ORIENTED_EDGE('',*,*,#1319,.F.);
#1827=ORIENTED_EDGE('',*,*,#1439,.F.);
#1828=ORIENTED_EDGE('',*,*,#1441,.T.);
#1829=ORIENTED_EDGE('',*,*,#1443,.F.);
#1830=ORIENTED_EDGE('',*,*,#1444,.F.);
#1831=ORIENTED_EDGE('',*,*,#1322,.F.);
#1832=ORIENTED_EDGE('',*,*,#1381,.T.);
#1833=ORIENTED_EDGE('',*,*,#1445,.F.);
#1834=ORIENTED_EDGE('',*,*,#1324,.T.);
#1835=ORIENTED_EDGE('',*,*,#1446,.F.);
#1836=ORIENTED_EDGE('',*,*,#1447,.F.);
#1837=ORIENTED_EDGE('',*,*,#1448,.F.);
#1838=ORIENTED_EDGE('',*,*,#1447,.T.);
#1839=ORIENTED_EDGE('',*,*,#1449,.F.);
#1840=ORIENTED_EDGE('',*,*,#1450,.F.);
#1841=ORIENTED_EDGE('',*,*,#1451,.F.);
#1842=ORIENTED_EDGE('',*,*,#1450,.T.);
#1843=ORIENTED_EDGE('',*,*,#1452,.F.);
#1844=ORIENTED_EDGE('',*,*,#1326,.F.);
#1845=ORIENTED_EDGE('',*,*,#1453,.F.);
#1846=ORIENTED_EDGE('',*,*,#1328,.T.);
#1847=ORIENTED_EDGE('',*,*,#1454,.F.);
#1848=ORIENTED_EDGE('',*,*,#1455,.F.);
#1849=ORIENTED_EDGE('',*,*,#1456,.F.);
#1850=ORIENTED_EDGE('',*,*,#1455,.T.);
#1851=ORIENTED_EDGE('',*,*,#1457,.F.);
#1852=ORIENTED_EDGE('',*,*,#1458,.F.);
#1853=ORIENTED_EDGE('',*,*,#1459,.F.);
#1854=ORIENTED_EDGE('',*,*,#1458,.T.);
#1855=ORIENTED_EDGE('',*,*,#1460,.F.);
#1856=ORIENTED_EDGE('',*,*,#1330,.F.);
#1857=ORIENTED_EDGE('',*,*,#1461,.F.);
#1858=ORIENTED_EDGE('',*,*,#1332,.T.);
#1859=ORIENTED_EDGE('',*,*,#1462,.F.);
#1860=ORIENTED_EDGE('',*,*,#1463,.F.);
#1861=ORIENTED_EDGE('',*,*,#1464,.F.);
#1862=ORIENTED_EDGE('',*,*,#1463,.T.);
#1863=ORIENTED_EDGE('',*,*,#1465,.F.);
#1864=ORIENTED_EDGE('',*,*,#1466,.F.);
#1865=ORIENTED_EDGE('',*,*,#1467,.F.);
#1866=ORIENTED_EDGE('',*,*,#1466,.T.);
#1867=ORIENTED_EDGE('',*,*,#1468,.F.);
#1868=ORIENTED_EDGE('',*,*,#1334,.F.);
#1869=ORIENTED_EDGE('',*,*,#1469,.F.);
#1870=ORIENTED_EDGE('',*,*,#1336,.T.);
#1871=ORIENTED_EDGE('',*,*,#1470,.F.);
#1872=ORIENTED_EDGE('',*,*,#1471,.F.);
#1873=ORIENTED_EDGE('',*,*,#1472,.F.);
#1874=ORIENTED_EDGE('',*,*,#1471,.T.);
#1875=ORIENTED_EDGE('',*,*,#1473,.F.);
#1876=ORIENTED_EDGE('',*,*,#1474,.F.);
#1877=ORIENTED_EDGE('',*,*,#1475,.F.);
#1878=ORIENTED_EDGE('',*,*,#1474,.T.);
#1879=ORIENTED_EDGE('',*,*,#1476,.F.);
#1880=ORIENTED_EDGE('',*,*,#1338,.F.);
#1881=ORIENTED_EDGE('',*,*,#1477,.F.);
#1882=ORIENTED_EDGE('',*,*,#1340,.T.);
#1883=ORIENTED_EDGE('',*,*,#1478,.F.);
#1884=ORIENTED_EDGE('',*,*,#1479,.F.);
#1885=ORIENTED_EDGE('',*,*,#1480,.F.);
#1886=ORIENTED_EDGE('',*,*,#1479,.T.);
#1887=ORIENTED_EDGE('',*,*,#1481,.F.);
#1888=ORIENTED_EDGE('',*,*,#1482,.F.);
#1889=ORIENTED_EDGE('',*,*,#1483,.F.);
#1890=ORIENTED_EDGE('',*,*,#1482,.T.);
#1891=ORIENTED_EDGE('',*,*,#1484,.F.);
#1892=ORIENTED_EDGE('',*,*,#1342,.F.);
#1893=ORIENTED_EDGE('',*,*,#1485,.F.);
#1894=ORIENTED_EDGE('',*,*,#1344,.T.);
#1895=ORIENTED_EDGE('',*,*,#1486,.F.);
#1896=ORIENTED_EDGE('',*,*,#1487,.F.);
#1897=ORIENTED_EDGE('',*,*,#1488,.F.);
#1898=ORIENTED_EDGE('',*,*,#1487,.T.);
#1899=ORIENTED_EDGE('',*,*,#1489,.F.);
#1900=ORIENTED_EDGE('',*,*,#1490,.F.);
#1901=ORIENTED_EDGE('',*,*,#1491,.F.);
#1902=ORIENTED_EDGE('',*,*,#1490,.T.);
#1903=ORIENTED_EDGE('',*,*,#1492,.F.);
#1904=ORIENTED_EDGE('',*,*,#1346,.F.);
#1905=ORIENTED_EDGE('',*,*,#1493,.F.);
#1906=ORIENTED_EDGE('',*,*,#1348,.T.);
#1907=ORIENTED_EDGE('',*,*,#1494,.F.);
#1908=ORIENTED_EDGE('',*,*,#1495,.F.);
#1909=ORIENTED_EDGE('',*,*,#1496,.F.);
#1910=ORIENTED_EDGE('',*,*,#1495,.T.);
#1911=ORIENTED_EDGE('',*,*,#1497,.F.);
#1912=ORIENTED_EDGE('',*,*,#1498,.F.);
#1913=ORIENTED_EDGE('',*,*,#1499,.F.);
#1914=ORIENTED_EDGE('',*,*,#1498,.T.);
#1915=ORIENTED_EDGE('',*,*,#1500,.F.);
#1916=ORIENTED_EDGE('',*,*,#1350,.F.);
#1917=ORIENTED_EDGE('',*,*,#1501,.F.);
#1918=ORIENTED_EDGE('',*,*,#1352,.T.);
#1919=ORIENTED_EDGE('',*,*,#1502,.F.);
#1920=ORIENTED_EDGE('',*,*,#1503,.F.);
#1921=ORIENTED_EDGE('',*,*,#1504,.F.);
#1922=ORIENTED_EDGE('',*,*,#1503,.T.);
#1923=ORIENTED_EDGE('',*,*,#1505,.F.);
#1924=ORIENTED_EDGE('',*,*,#1506,.F.);
#1925=ORIENTED_EDGE('',*,*,#1507,.F.);
#1926=ORIENTED_EDGE('',*,*,#1506,.T.);
#1927=ORIENTED_EDGE('',*,*,#1508,.F.);
#1928=ORIENTED_EDGE('',*,*,#1354,.F.);
#1929=ORIENTED_EDGE('',*,*,#1509,.F.);
#1930=ORIENTED_EDGE('',*,*,#1356,.T.);
#1931=ORIENTED_EDGE('',*,*,#1510,.F.);
#1932=ORIENTED_EDGE('',*,*,#1511,.F.);
#1933=ORIENTED_EDGE('',*,*,#1512,.F.);
#1934=ORIENTED_EDGE('',*,*,#1511,.T.);
#1935=ORIENTED_EDGE('',*,*,#1513,.F.);
#1936=ORIENTED_EDGE('',*,*,#1514,.F.);
#1937=ORIENTED_EDGE('',*,*,#1515,.F.);
#1938=ORIENTED_EDGE('',*,*,#1514,.T.);
#1939=ORIENTED_EDGE('',*,*,#1516,.F.);
#1940=ORIENTED_EDGE('',*,*,#1358,.F.);
#1941=ORIENTED_EDGE('',*,*,#1517,.F.);
#1942=ORIENTED_EDGE('',*,*,#1360,.T.);
#1943=ORIENTED_EDGE('',*,*,#1518,.F.);
#1944=ORIENTED_EDGE('',*,*,#1519,.F.);
#1945=ORIENTED_EDGE('',*,*,#1520,.F.);
#1946=ORIENTED_EDGE('',*,*,#1519,.T.);
#1947=ORIENTED_EDGE('',*,*,#1521,.F.);
#1948=ORIENTED_EDGE('',*,*,#1522,.F.);
#1949=ORIENTED_EDGE('',*,*,#1523,.F.);
#1950=ORIENTED_EDGE('',*,*,#1522,.T.);
#1951=ORIENTED_EDGE('',*,*,#1524,.F.);
#1952=ORIENTED_EDGE('',*,*,#1362,.F.);
#1953=ORIENTED_EDGE('',*,*,#1525,.F.);
#1954=ORIENTED_EDGE('',*,*,#1364,.T.);
#1955=ORIENTED_EDGE('',*,*,#1526,.F.);
#1956=ORIENTED_EDGE('',*,*,#1527,.F.);
#1957=ORIENTED_EDGE('',*,*,#1528,.F.);
#1958=ORIENTED_EDGE('',*,*,#1527,.T.);
#1959=ORIENTED_EDGE('',*,*,#1529,.F.);
#1960=ORIENTED_EDGE('',*,*,#1530,.F.);
#1961=ORIENTED_EDGE('',*,*,#1531,.F.);
#1962=ORIENTED_EDGE('',*,*,#1530,.T.);
#1963=ORIENTED_EDGE('',*,*,#1532,.F.);
#1964=ORIENTED_EDGE('',*,*,#1366,.F.);
#1965=ORIENTED_EDGE('',*,*,#1533,.F.);
#1966=ORIENTED_EDGE('',*,*,#1368,.T.);
#1967=ORIENTED_EDGE('',*,*,#1534,.F.);
#1968=ORIENTED_EDGE('',*,*,#1535,.F.);
#1969=ORIENTED_EDGE('',*,*,#1536,.F.);
#1970=ORIENTED_EDGE('',*,*,#1535,.T.);
#1971=ORIENTED_EDGE('',*,*,#1537,.F.);
#1972=ORIENTED_EDGE('',*,*,#1538,.F.);
#1973=ORIENTED_EDGE('',*,*,#1539,.F.);
#1974=ORIENTED_EDGE('',*,*,#1538,.T.);
#1975=ORIENTED_EDGE('',*,*,#1540,.F.);
#1976=ORIENTED_EDGE('',*,*,#1370,.F.);
#1977=ORIENTED_EDGE('',*,*,#1541,.F.);
#1978=ORIENTED_EDGE('',*,*,#1372,.T.);
#1979=ORIENTED_EDGE('',*,*,#1542,.F.);
#1980=ORIENTED_EDGE('',*,*,#1543,.F.);
#1981=ORIENTED_EDGE('',*,*,#1544,.F.);
#1982=ORIENTED_EDGE('',*,*,#1543,.T.);
#1983=ORIENTED_EDGE('',*,*,#1545,.F.);
#1984=ORIENTED_EDGE('',*,*,#1546,.F.);
#1985=ORIENTED_EDGE('',*,*,#1547,.F.);
#1986=ORIENTED_EDGE('',*,*,#1546,.T.);
#1987=ORIENTED_EDGE('',*,*,#1548,.F.);
#1988=ORIENTED_EDGE('',*,*,#1374,.F.);
#1989=ORIENTED_EDGE('',*,*,#1549,.F.);
#1990=ORIENTED_EDGE('',*,*,#1376,.T.);
#1991=ORIENTED_EDGE('',*,*,#1550,.F.);
#1992=ORIENTED_EDGE('',*,*,#1551,.F.);
#1993=ORIENTED_EDGE('',*,*,#1552,.F.);
#1994=ORIENTED_EDGE('',*,*,#1551,.T.);
#1995=ORIENTED_EDGE('',*,*,#1553,.F.);
#1996=ORIENTED_EDGE('',*,*,#1554,.F.);
#1997=ORIENTED_EDGE('',*,*,#1555,.F.);
#1998=ORIENTED_EDGE('',*,*,#1554,.T.);
#1999=ORIENTED_EDGE('',*,*,#1556,.F.);
#2000=ORIENTED_EDGE('',*,*,#1378,.F.);
#2001=ORIENTED_EDGE('',*,*,#1379,.T.);
#2002=ORIENTED_EDGE('',*,*,#1556,.T.);
#2003=ORIENTED_EDGE('',*,*,#1553,.T.);
#2004=ORIENTED_EDGE('',*,*,#1550,.T.);
#2005=ORIENTED_EDGE('',*,*,#1375,.T.);
#2006=ORIENTED_EDGE('',*,*,#1548,.T.);
#2007=ORIENTED_EDGE('',*,*,#1545,.T.);
#2008=ORIENTED_EDGE('',*,*,#1542,.T.);
#2009=ORIENTED_EDGE('',*,*,#1371,.T.);
#2010=ORIENTED_EDGE('',*,*,#1540,.T.);
#2011=ORIENTED_EDGE('',*,*,#1537,.T.);
#2012=ORIENTED_EDGE('',*,*,#1534,.T.);
#2013=ORIENTED_EDGE('',*,*,#1367,.T.);
#2014=ORIENTED_EDGE('',*,*,#1532,.T.);
#2015=ORIENTED_EDGE('',*,*,#1529,.T.);
#2016=ORIENTED_EDGE('',*,*,#1526,.T.);
#2017=ORIENTED_EDGE('',*,*,#1363,.T.);
#2018=ORIENTED_EDGE('',*,*,#1524,.T.);
#2019=ORIENTED_EDGE('',*,*,#1521,.T.);
#2020=ORIENTED_EDGE('',*,*,#1518,.T.);
#2021=ORIENTED_EDGE('',*,*,#1359,.T.);
#2022=ORIENTED_EDGE('',*,*,#1516,.T.);
#2023=ORIENTED_EDGE('',*,*,#1513,.T.);
#2024=ORIENTED_EDGE('',*,*,#1510,.T.);
#2025=ORIENTED_EDGE('',*,*,#1355,.T.);
#2026=ORIENTED_EDGE('',*,*,#1508,.T.);
#2027=ORIENTED_EDGE('',*,*,#1505,.T.);
#2028=ORIENTED_EDGE('',*,*,#1502,.T.);
#2029=ORIENTED_EDGE('',*,*,#1351,.T.);
#2030=ORIENTED_EDGE('',*,*,#1500,.T.);
#2031=ORIENTED_EDGE('',*,*,#1497,.T.);
#2032=ORIENTED_EDGE('',*,*,#1494,.T.);
#2033=ORIENTED_EDGE('',*,*,#1347,.T.);
#2034=ORIENTED_EDGE('',*,*,#1492,.T.);
#2035=ORIENTED_EDGE('',*,*,#1489,.T.);
#2036=ORIENTED_EDGE('',*,*,#1486,.T.);
#2037=ORIENTED_EDGE('',*,*,#1343,.T.);
#2038=ORIENTED_EDGE('',*,*,#1484,.T.);
#2039=ORIENTED_EDGE('',*,*,#1481,.T.);
#2040=ORIENTED_EDGE('',*,*,#1478,.T.);
#2041=ORIENTED_EDGE('',*,*,#1339,.T.);
#2042=ORIENTED_EDGE('',*,*,#1476,.T.);
#2043=ORIENTED_EDGE('',*,*,#1473,.T.);
#2044=ORIENTED_EDGE('',*,*,#1470,.T.);
#2045=ORIENTED_EDGE('',*,*,#1335,.T.);
#2046=ORIENTED_EDGE('',*,*,#1468,.T.);
#2047=ORIENTED_EDGE('',*,*,#1465,.T.);
#2048=ORIENTED_EDGE('',*,*,#1462,.T.);
#2049=ORIENTED_EDGE('',*,*,#1331,.T.);
#2050=ORIENTED_EDGE('',*,*,#1460,.T.);
#2051=ORIENTED_EDGE('',*,*,#1457,.T.);
#2052=ORIENTED_EDGE('',*,*,#1454,.T.);
#2053=ORIENTED_EDGE('',*,*,#1327,.T.);
#2054=ORIENTED_EDGE('',*,*,#1452,.T.);
#2055=ORIENTED_EDGE('',*,*,#1449,.T.);
#2056=ORIENTED_EDGE('',*,*,#1446,.T.);
#2057=ORIENTED_EDGE('',*,*,#1323,.T.);
#2058=ORIENTED_EDGE('',*,*,#1444,.T.);
#2059=ORIENTED_EDGE('',*,*,#1442,.F.);
#2060=ORIENTED_EDGE('',*,*,#1318,.F.);
#2061=ORIENTED_EDGE('',*,*,#1303,.T.);
#2062=ORIENTED_EDGE('',*,*,#1313,.T.);
#2063=ORIENTED_EDGE('',*,*,#1310,.T.);
#2064=ORIENTED_EDGE('',*,*,#1307,.T.);
#2065=ORIENTED_EDGE('',*,*,#1451,.T.);
#2066=ORIENTED_EDGE('',*,*,#1325,.T.);
#2067=ORIENTED_EDGE('',*,*,#1445,.T.);
#2068=ORIENTED_EDGE('',*,*,#1448,.T.);
#2069=ORIENTED_EDGE('',*,*,#1557,.T.);
#2070=ORIENTED_EDGE('',*,*,#1558,.T.);
#2071=ORIENTED_EDGE('',*,*,#1559,.T.);
#2072=ORIENTED_EDGE('',*,*,#1560,.T.);
#2073=ORIENTED_EDGE('',*,*,#1459,.T.);
#2074=ORIENTED_EDGE('',*,*,#1329,.T.);
#2075=ORIENTED_EDGE('',*,*,#1453,.T.);
#2076=ORIENTED_EDGE('',*,*,#1456,.T.);
#2077=ORIENTED_EDGE('',*,*,#1561,.T.);
#2078=ORIENTED_EDGE('',*,*,#1562,.T.);
#2079=ORIENTED_EDGE('',*,*,#1563,.T.);
#2080=ORIENTED_EDGE('',*,*,#1564,.T.);
#2081=ORIENTED_EDGE('',*,*,#1467,.T.);
#2082=ORIENTED_EDGE('',*,*,#1333,.T.);
#2083=ORIENTED_EDGE('',*,*,#1461,.T.);
#2084=ORIENTED_EDGE('',*,*,#1464,.T.);
#2085=ORIENTED_EDGE('',*,*,#1565,.T.);
#2086=ORIENTED_EDGE('',*,*,#1566,.T.);
#2087=ORIENTED_EDGE('',*,*,#1567,.T.);
#2088=ORIENTED_EDGE('',*,*,#1568,.T.);
#2089=ORIENTED_EDGE('',*,*,#1475,.T.);
#2090=ORIENTED_EDGE('',*,*,#1337,.T.);
#2091=ORIENTED_EDGE('',*,*,#1469,.T.);
#2092=ORIENTED_EDGE('',*,*,#1472,.T.);
#2093=ORIENTED_EDGE('',*,*,#1569,.T.);
#2094=ORIENTED_EDGE('',*,*,#1570,.T.);
#2095=ORIENTED_EDGE('',*,*,#1571,.T.);
#2096=ORIENTED_EDGE('',*,*,#1572,.T.);
#2097=ORIENTED_EDGE('',*,*,#1483,.T.);
#2098=ORIENTED_EDGE('',*,*,#1341,.T.);
#2099=ORIENTED_EDGE('',*,*,#1477,.T.);
#2100=ORIENTED_EDGE('',*,*,#1480,.T.);
#2101=ORIENTED_EDGE('',*,*,#1573,.T.);
#2102=ORIENTED_EDGE('',*,*,#1574,.T.);
#2103=ORIENTED_EDGE('',*,*,#1575,.T.);
#2104=ORIENTED_EDGE('',*,*,#1576,.T.);
#2105=ORIENTED_EDGE('',*,*,#1491,.T.);
#2106=ORIENTED_EDGE('',*,*,#1345,.T.);
#2107=ORIENTED_EDGE('',*,*,#1485,.T.);
#2108=ORIENTED_EDGE('',*,*,#1488,.T.);
#2109=ORIENTED_EDGE('',*,*,#1577,.T.);
#2110=ORIENTED_EDGE('',*,*,#1578,.T.);
#2111=ORIENTED_EDGE('',*,*,#1579,.T.);
#2112=ORIENTED_EDGE('',*,*,#1580,.T.);
#2113=ORIENTED_EDGE('',*,*,#1499,.T.);
#2114=ORIENTED_EDGE('',*,*,#1349,.T.);
#2115=ORIENTED_EDGE('',*,*,#1493,.T.);
#2116=ORIENTED_EDGE('',*,*,#1496,.T.);
#2117=ORIENTED_EDGE('',*,*,#1581,.T.);
#2118=ORIENTED_EDGE('',*,*,#1582,.T.);
#2119=ORIENTED_EDGE('',*,*,#1583,.T.);
#2120=ORIENTED_EDGE('',*,*,#1584,.T.);
#2121=ORIENTED_EDGE('',*,*,#1507,.T.);
#2122=ORIENTED_EDGE('',*,*,#1353,.T.);
#2123=ORIENTED_EDGE('',*,*,#1501,.T.);
#2124=ORIENTED_EDGE('',*,*,#1504,.T.);
#2125=ORIENTED_EDGE('',*,*,#1585,.T.);
#2126=ORIENTED_EDGE('',*,*,#1586,.T.);
#2127=ORIENTED_EDGE('',*,*,#1587,.T.);
#2128=ORIENTED_EDGE('',*,*,#1588,.T.);
#2129=ORIENTED_EDGE('',*,*,#1515,.T.);
#2130=ORIENTED_EDGE('',*,*,#1357,.T.);
#2131=ORIENTED_EDGE('',*,*,#1509,.T.);
#2132=ORIENTED_EDGE('',*,*,#1512,.T.);
#2133=ORIENTED_EDGE('',*,*,#1589,.T.);
#2134=ORIENTED_EDGE('',*,*,#1590,.T.);
#2135=ORIENTED_EDGE('',*,*,#1591,.T.);
#2136=ORIENTED_EDGE('',*,*,#1592,.T.);
#2137=ORIENTED_EDGE('',*,*,#1523,.T.);
#2138=ORIENTED_EDGE('',*,*,#1361,.T.);
#2139=ORIENTED_EDGE('',*,*,#1517,.T.);
#2140=ORIENTED_EDGE('',*,*,#1520,.T.);
#2141=ORIENTED_EDGE('',*,*,#1593,.T.);
#2142=ORIENTED_EDGE('',*,*,#1594,.T.);
#2143=ORIENTED_EDGE('',*,*,#1595,.T.);
#2144=ORIENTED_EDGE('',*,*,#1596,.T.);
#2145=ORIENTED_EDGE('',*,*,#1531,.T.);
#2146=ORIENTED_EDGE('',*,*,#1365,.T.);
#2147=ORIENTED_EDGE('',*,*,#1525,.T.);
#2148=ORIENTED_EDGE('',*,*,#1528,.T.);
#2149=ORIENTED_EDGE('',*,*,#1597,.T.);
#2150=ORIENTED_EDGE('',*,*,#1598,.T.);
#2151=ORIENTED_EDGE('',*,*,#1599,.T.);
#2152=ORIENTED_EDGE('',*,*,#1600,.T.);
#2153=ORIENTED_EDGE('',*,*,#1539,.T.);
#2154=ORIENTED_EDGE('',*,*,#1369,.T.);
#2155=ORIENTED_EDGE('',*,*,#1533,.T.);
#2156=ORIENTED_EDGE('',*,*,#1536,.T.);
#2157=ORIENTED_EDGE('',*,*,#1601,.T.);
#2158=ORIENTED_EDGE('',*,*,#1602,.T.);
#2159=ORIENTED_EDGE('',*,*,#1603,.T.);
#2160=ORIENTED_EDGE('',*,*,#1604,.T.);
#2161=ORIENTED_EDGE('',*,*,#1547,.T.);
#2162=ORIENTED_EDGE('',*,*,#1373,.T.);
#2163=ORIENTED_EDGE('',*,*,#1541,.T.);
#2164=ORIENTED_EDGE('',*,*,#1544,.T.);
#2165=ORIENTED_EDGE('',*,*,#1605,.T.);
#2166=ORIENTED_EDGE('',*,*,#1606,.T.);
#2167=ORIENTED_EDGE('',*,*,#1607,.T.);
#2168=ORIENTED_EDGE('',*,*,#1608,.T.);
#2169=ORIENTED_EDGE('',*,*,#1555,.T.);
#2170=ORIENTED_EDGE('',*,*,#1377,.T.);
#2171=ORIENTED_EDGE('',*,*,#1549,.T.);
#2172=ORIENTED_EDGE('',*,*,#1552,.T.);
#2173=ORIENTED_EDGE('',*,*,#1609,.T.);
#2174=ORIENTED_EDGE('',*,*,#1610,.T.);
#2175=ORIENTED_EDGE('',*,*,#1611,.T.);
#2176=ORIENTED_EDGE('',*,*,#1612,.T.);
#2177=ORIENTED_EDGE('',*,*,#1383,.T.);
#2178=ORIENTED_EDGE('',*,*,#1613,.T.);
#2179=ORIENTED_EDGE('',*,*,#1612,.F.);
#2180=ORIENTED_EDGE('',*,*,#1614,.F.);
#2181=ORIENTED_EDGE('',*,*,#1384,.T.);
#2182=ORIENTED_EDGE('',*,*,#1614,.T.);
#2183=ORIENTED_EDGE('',*,*,#1611,.F.);
#2184=ORIENTED_EDGE('',*,*,#1615,.F.);
#2185=ORIENTED_EDGE('',*,*,#1385,.T.);
#2186=ORIENTED_EDGE('',*,*,#1615,.T.);
#2187=ORIENTED_EDGE('',*,*,#1610,.F.);
#2188=ORIENTED_EDGE('',*,*,#1616,.F.);
#2189=ORIENTED_EDGE('',*,*,#1382,.T.);
#2190=ORIENTED_EDGE('',*,*,#1616,.T.);
#2191=ORIENTED_EDGE('',*,*,#1609,.F.);
#2192=ORIENTED_EDGE('',*,*,#1613,.F.);
#2193=ORIENTED_EDGE('',*,*,#1387,.T.);
#2194=ORIENTED_EDGE('',*,*,#1617,.T.);
#2195=ORIENTED_EDGE('',*,*,#1600,.F.);
#2196=ORIENTED_EDGE('',*,*,#1618,.F.);
#2197=ORIENTED_EDGE('',*,*,#1388,.T.);
#2198=ORIENTED_EDGE('',*,*,#1618,.T.);
#2199=ORIENTED_EDGE('',*,*,#1599,.F.);
#2200=ORIENTED_EDGE('',*,*,#1619,.F.);
#2201=ORIENTED_EDGE('',*,*,#1389,.T.);
#2202=ORIENTED_EDGE('',*,*,#1619,.T.);
#2203=ORIENTED_EDGE('',*,*,#1598,.F.);
#2204=ORIENTED_EDGE('',*,*,#1620,.F.);
#2205=ORIENTED_EDGE('',*,*,#1386,.T.);
#2206=ORIENTED_EDGE('',*,*,#1620,.T.);
#2207=ORIENTED_EDGE('',*,*,#1597,.F.);
#2208=ORIENTED_EDGE('',*,*,#1617,.F.);
#2209=ORIENTED_EDGE('',*,*,#1391,.T.);
#2210=ORIENTED_EDGE('',*,*,#1621,.T.);
#2211=ORIENTED_EDGE('',*,*,#1604,.F.);
#2212=ORIENTED_EDGE('',*,*,#1622,.F.);
#2213=ORIENTED_EDGE('',*,*,#1392,.T.);
#2214=ORIENTED_EDGE('',*,*,#1622,.T.);
#2215=ORIENTED_EDGE('',*,*,#1603,.F.);
#2216=ORIENTED_EDGE('',*,*,#1623,.F.);
#2217=ORIENTED_EDGE('',*,*,#1393,.T.);
#2218=ORIENTED_EDGE('',*,*,#1623,.T.);
#2219=ORIENTED_EDGE('',*,*,#1602,.F.);
#2220=ORIENTED_EDGE('',*,*,#1624,.F.);
#2221=ORIENTED_EDGE('',*,*,#1390,.T.);
#2222=ORIENTED_EDGE('',*,*,#1624,.T.);
#2223=ORIENTED_EDGE('',*,*,#1601,.F.);
#2224=ORIENTED_EDGE('',*,*,#1621,.F.);
#2225=ORIENTED_EDGE('',*,*,#1395,.T.);
#2226=ORIENTED_EDGE('',*,*,#1625,.T.);
#2227=ORIENTED_EDGE('',*,*,#1608,.F.);
#2228=ORIENTED_EDGE('',*,*,#1626,.F.);
#2229=ORIENTED_EDGE('',*,*,#1396,.T.);
#2230=ORIENTED_EDGE('',*,*,#1626,.T.);
#2231=ORIENTED_EDGE('',*,*,#1607,.F.);
#2232=ORIENTED_EDGE('',*,*,#1627,.F.);
#2233=ORIENTED_EDGE('',*,*,#1397,.T.);
#2234=ORIENTED_EDGE('',*,*,#1627,.T.);
#2235=ORIENTED_EDGE('',*,*,#1606,.F.);
#2236=ORIENTED_EDGE('',*,*,#1628,.F.);
#2237=ORIENTED_EDGE('',*,*,#1394,.T.);
#2238=ORIENTED_EDGE('',*,*,#1628,.T.);
#2239=ORIENTED_EDGE('',*,*,#1605,.F.);
#2240=ORIENTED_EDGE('',*,*,#1625,.F.);
#2241=ORIENTED_EDGE('',*,*,#1399,.T.);
#2242=ORIENTED_EDGE('',*,*,#1629,.T.);
#2243=ORIENTED_EDGE('',*,*,#1576,.F.);
#2244=ORIENTED_EDGE('',*,*,#1630,.F.);
#2245=ORIENTED_EDGE('',*,*,#1400,.T.);
#2246=ORIENTED_EDGE('',*,*,#1630,.T.);
#2247=ORIENTED_EDGE('',*,*,#1575,.F.);
#2248=ORIENTED_EDGE('',*,*,#1631,.F.);
#2249=ORIENTED_EDGE('',*,*,#1401,.T.);
#2250=ORIENTED_EDGE('',*,*,#1631,.T.);
#2251=ORIENTED_EDGE('',*,*,#1574,.F.);
#2252=ORIENTED_EDGE('',*,*,#1632,.F.);
#2253=ORIENTED_EDGE('',*,*,#1398,.T.);
#2254=ORIENTED_EDGE('',*,*,#1632,.T.);
#2255=ORIENTED_EDGE('',*,*,#1573,.F.);
#2256=ORIENTED_EDGE('',*,*,#1629,.F.);
#2257=ORIENTED_EDGE('',*,*,#1403,.T.);
#2258=ORIENTED_EDGE('',*,*,#1633,.T.);
#2259=ORIENTED_EDGE('',*,*,#1572,.F.);
#2260=ORIENTED_EDGE('',*,*,#1634,.F.);
#2261=ORIENTED_EDGE('',*,*,#1404,.T.);
#2262=ORIENTED_EDGE('',*,*,#1634,.T.);
#2263=ORIENTED_EDGE('',*,*,#1571,.F.);
#2264=ORIENTED_EDGE('',*,*,#1635,.F.);
#2265=ORIENTED_EDGE('',*,*,#1405,.T.);
#2266=ORIENTED_EDGE('',*,*,#1635,.T.);
#2267=ORIENTED_EDGE('',*,*,#1570,.F.);
#2268=ORIENTED_EDGE('',*,*,#1636,.F.);
#2269=ORIENTED_EDGE('',*,*,#1402,.T.);
#2270=ORIENTED_EDGE('',*,*,#1636,.T.);
#2271=ORIENTED_EDGE('',*,*,#1569,.F.);
#2272=ORIENTED_EDGE('',*,*,#1633,.F.);
#2273=ORIENTED_EDGE('',*,*,#1407,.T.);
#2274=ORIENTED_EDGE('',*,*,#1637,.T.);
#2275=ORIENTED_EDGE('',*,*,#1592,.F.);
#2276=ORIENTED_EDGE('',*,*,#1638,.F.);
#2277=ORIENTED_EDGE('',*,*,#1408,.T.);
#2278=ORIENTED_EDGE('',*,*,#1638,.T.);
#2279=ORIENTED_EDGE('',*,*,#1591,.F.);
#2280=ORIENTED_EDGE('',*,*,#1639,.F.);
#2281=ORIENTED_EDGE('',*,*,#1409,.T.);
#2282=ORIENTED_EDGE('',*,*,#1639,.T.);
#2283=ORIENTED_EDGE('',*,*,#1590,.F.);
#2284=ORIENTED_EDGE('',*,*,#1640,.F.);
#2285=ORIENTED_EDGE('',*,*,#1406,.T.);
#2286=ORIENTED_EDGE('',*,*,#1640,.T.);
#2287=ORIENTED_EDGE('',*,*,#1589,.F.);
#2288=ORIENTED_EDGE('',*,*,#1637,.F.);
#2289=ORIENTED_EDGE('',*,*,#1411,.T.);
#2290=ORIENTED_EDGE('',*,*,#1641,.T.);
#2291=ORIENTED_EDGE('',*,*,#1588,.F.);
#2292=ORIENTED_EDGE('',*,*,#1642,.F.);
#2293=ORIENTED_EDGE('',*,*,#1412,.T.);
#2294=ORIENTED_EDGE('',*,*,#1642,.T.);
#2295=ORIENTED_EDGE('',*,*,#1587,.F.);
#2296=ORIENTED_EDGE('',*,*,#1643,.F.);
#2297=ORIENTED_EDGE('',*,*,#1413,.T.);
#2298=ORIENTED_EDGE('',*,*,#1643,.T.);
#2299=ORIENTED_EDGE('',*,*,#1586,.F.);
#2300=ORIENTED_EDGE('',*,*,#1644,.F.);
#2301=ORIENTED_EDGE('',*,*,#1410,.T.);
#2302=ORIENTED_EDGE('',*,*,#1644,.T.);
#2303=ORIENTED_EDGE('',*,*,#1585,.F.);
#2304=ORIENTED_EDGE('',*,*,#1641,.F.);
#2305=ORIENTED_EDGE('',*,*,#1415,.T.);
#2306=ORIENTED_EDGE('',*,*,#1645,.T.);
#2307=ORIENTED_EDGE('',*,*,#1560,.F.);
#2308=ORIENTED_EDGE('',*,*,#1646,.F.);
#2309=ORIENTED_EDGE('',*,*,#1416,.T.);
#2310=ORIENTED_EDGE('',*,*,#1646,.T.);
#2311=ORIENTED_EDGE('',*,*,#1559,.F.);
#2312=ORIENTED_EDGE('',*,*,#1647,.F.);
#2313=ORIENTED_EDGE('',*,*,#1417,.T.);
#2314=ORIENTED_EDGE('',*,*,#1647,.T.);
#2315=ORIENTED_EDGE('',*,*,#1558,.F.);
#2316=ORIENTED_EDGE('',*,*,#1648,.F.);
#2317=ORIENTED_EDGE('',*,*,#1414,.T.);
#2318=ORIENTED_EDGE('',*,*,#1648,.T.);
#2319=ORIENTED_EDGE('',*,*,#1557,.F.);
#2320=ORIENTED_EDGE('',*,*,#1645,.F.);
#2321=ORIENTED_EDGE('',*,*,#1419,.T.);
#2322=ORIENTED_EDGE('',*,*,#1649,.T.);
#2323=ORIENTED_EDGE('',*,*,#1564,.F.);
#2324=ORIENTED_EDGE('',*,*,#1650,.F.);
#2325=ORIENTED_EDGE('',*,*,#1420,.T.);
#2326=ORIENTED_EDGE('',*,*,#1650,.T.);
#2327=ORIENTED_EDGE('',*,*,#1563,.F.);
#2328=ORIENTED_EDGE('',*,*,#1651,.F.);
#2329=ORIENTED_EDGE('',*,*,#1421,.T.);
#2330=ORIENTED_EDGE('',*,*,#1651,.T.);
#2331=ORIENTED_EDGE('',*,*,#1562,.F.);
#2332=ORIENTED_EDGE('',*,*,#1652,.F.);
#2333=ORIENTED_EDGE('',*,*,#1418,.T.);
#2334=ORIENTED_EDGE('',*,*,#1652,.T.);
#2335=ORIENTED_EDGE('',*,*,#1561,.F.);
#2336=ORIENTED_EDGE('',*,*,#1649,.F.);
#2337=ORIENTED_EDGE('',*,*,#1423,.T.);
#2338=ORIENTED_EDGE('',*,*,#1653,.T.);
#2339=ORIENTED_EDGE('',*,*,#1568,.F.);
#2340=ORIENTED_EDGE('',*,*,#1654,.F.);
#2341=ORIENTED_EDGE('',*,*,#1424,.T.);
#2342=ORIENTED_EDGE('',*,*,#1654,.T.);
#2343=ORIENTED_EDGE('',*,*,#1567,.F.);
#2344=ORIENTED_EDGE('',*,*,#1655,.F.);
#2345=ORIENTED_EDGE('',*,*,#1425,.T.);
#2346=ORIENTED_EDGE('',*,*,#1655,.T.);
#2347=ORIENTED_EDGE('',*,*,#1566,.F.);
#2348=ORIENTED_EDGE('',*,*,#1656,.F.);
#2349=ORIENTED_EDGE('',*,*,#1422,.T.);
#2350=ORIENTED_EDGE('',*,*,#1656,.T.);
#2351=ORIENTED_EDGE('',*,*,#1565,.F.);
#2352=ORIENTED_EDGE('',*,*,#1653,.F.);
#2353=ORIENTED_EDGE('',*,*,#1427,.T.);
#2354=ORIENTED_EDGE('',*,*,#1657,.T.);
#2355=ORIENTED_EDGE('',*,*,#1580,.F.);
#2356=ORIENTED_EDGE('',*,*,#1658,.F.);
#2357=ORIENTED_EDGE('',*,*,#1428,.T.);
#2358=ORIENTED_EDGE('',*,*,#1658,.T.);
#2359=ORIENTED_EDGE('',*,*,#1579,.F.);
#2360=ORIENTED_EDGE('',*,*,#1659,.F.);
#2361=ORIENTED_EDGE('',*,*,#1429,.T.);
#2362=ORIENTED_EDGE('',*,*,#1659,.T.);
#2363=ORIENTED_EDGE('',*,*,#1578,.F.);
#2364=ORIENTED_EDGE('',*,*,#1660,.F.);
#2365=ORIENTED_EDGE('',*,*,#1426,.T.);
#2366=ORIENTED_EDGE('',*,*,#1660,.T.);
#2367=ORIENTED_EDGE('',*,*,#1577,.F.);
#2368=ORIENTED_EDGE('',*,*,#1657,.F.);
#2369=ORIENTED_EDGE('',*,*,#1431,.T.);
#2370=ORIENTED_EDGE('',*,*,#1661,.T.);
#2371=ORIENTED_EDGE('',*,*,#1584,.F.);
#2372=ORIENTED_EDGE('',*,*,#1662,.F.);
#2373=ORIENTED_EDGE('',*,*,#1432,.T.);
#2374=ORIENTED_EDGE('',*,*,#1662,.T.);
#2375=ORIENTED_EDGE('',*,*,#1583,.F.);
#2376=ORIENTED_EDGE('',*,*,#1663,.F.);
#2377=ORIENTED_EDGE('',*,*,#1433,.T.);
#2378=ORIENTED_EDGE('',*,*,#1663,.T.);
#2379=ORIENTED_EDGE('',*,*,#1582,.F.);
#2380=ORIENTED_EDGE('',*,*,#1664,.F.);
#2381=ORIENTED_EDGE('',*,*,#1430,.T.);
#2382=ORIENTED_EDGE('',*,*,#1664,.T.);
#2383=ORIENTED_EDGE('',*,*,#1581,.F.);
#2384=ORIENTED_EDGE('',*,*,#1661,.F.);
#2385=ORIENTED_EDGE('',*,*,#1435,.T.);
#2386=ORIENTED_EDGE('',*,*,#1665,.T.);
#2387=ORIENTED_EDGE('',*,*,#1596,.F.);
#2388=ORIENTED_EDGE('',*,*,#1666,.F.);
#2389=ORIENTED_EDGE('',*,*,#1436,.T.);
#2390=ORIENTED_EDGE('',*,*,#1666,.T.);
#2391=ORIENTED_EDGE('',*,*,#1595,.F.);
#2392=ORIENTED_EDGE('',*,*,#1667,.F.);
#2393=ORIENTED_EDGE('',*,*,#1437,.T.);
#2394=ORIENTED_EDGE('',*,*,#1667,.T.);
#2395=ORIENTED_EDGE('',*,*,#1594,.F.);
#2396=ORIENTED_EDGE('',*,*,#1668,.F.);
#2397=ORIENTED_EDGE('',*,*,#1434,.T.);
#2398=ORIENTED_EDGE('',*,*,#1668,.T.);
#2399=ORIENTED_EDGE('',*,*,#1593,.F.);
#2400=ORIENTED_EDGE('',*,*,#1665,.F.);
#2401=PLANE('',#2666);
#2402=PLANE('',#2667);
#2403=PLANE('',#2668);
#2404=PLANE('',#2669);
#2405=PLANE('',#2670);
#2406=PLANE('',#2671);
#2407=PLANE('',#2672);
#2408=PLANE('',#2673);
#2409=PLANE('',#2674);
#2410=PLANE('',#2675);
#2411=PLANE('',#2676);
#2412=PLANE('',#2677);
#2413=PLANE('',#2678);
#2414=PLANE('',#2679);
#2415=PLANE('',#2680);
#2416=PLANE('',#2681);
#2417=PLANE('',#2682);
#2418=PLANE('',#2683);
#2419=PLANE('',#2684);
#2420=PLANE('',#2685);
#2421=PLANE('',#2686);
#2422=PLANE('',#2687);
#2423=PLANE('',#2688);
#2424=PLANE('',#2689);
#2425=PLANE('',#2690);
#2426=PLANE('',#2691);
#2427=PLANE('',#2692);
#2428=PLANE('',#2693);
#2429=PLANE('',#2694);
#2430=PLANE('',#2695);
#2431=PLANE('',#2696);
#2432=PLANE('',#2697);
#2433=PLANE('',#2698);
#2434=PLANE('',#2699);
#2435=PLANE('',#2700);
#2436=PLANE('',#2701);
#2437=PLANE('',#2702);
#2438=PLANE('',#2703);
#2439=PLANE('',#2704);
#2440=PLANE('',#2705);
#2441=PLANE('',#2706);
#2442=PLANE('',#2707);
#2443=PLANE('',#2708);
#2444=PLANE('',#2709);
#2445=PLANE('',#2710);
#2446=PLANE('',#2711);
#2447=PLANE('',#2712);
#2448=PLANE('',#2713);
#2449=PLANE('',#2714);
#2450=PLANE('',#2715);
#2451=PLANE('',#2716);
#2452=PLANE('',#2717);
#2453=PLANE('',#2718);
#2454=PLANE('',#2719);
#2455=PLANE('',#2720);
#2456=PLANE('',#2721);
#2457=PLANE('',#2722);
#2458=PLANE('',#2723);
#2459=PLANE('',#2724);
#2460=PLANE('',#2725);
#2461=PLANE('',#2726);
#2462=PLANE('',#2727);
#2463=PLANE('',#2728);
#2464=PLANE('',#2729);
#2465=PLANE('',#2730);
#2466=PLANE('',#2731);
#2467=PLANE('',#2732);
#2468=PLANE('',#2733);
#2469=PLANE('',#2734);
#2470=PLANE('',#2735);
#2471=PLANE('',#2736);
#2472=PLANE('',#2737);
#2473=PLANE('',#2738);
#2474=PLANE('',#2739);
#2475=PLANE('',#2740);
#2476=PLANE('',#2741);
#2477=PLANE('',#2742);
#2478=PLANE('',#2743);
#2479=PLANE('',#2744);
#2480=PLANE('',#2745);
#2481=PLANE('',#2746);
#2482=PLANE('',#2747);
#2483=PLANE('',#2748);
#2484=PLANE('',#2749);
#2485=PLANE('',#2750);
#2486=PLANE('',#2751);
#2487=PLANE('',#2752);
#2488=PLANE('',#2753);
#2489=PLANE('',#2754);
#2490=PLANE('',#2755);
#2491=PLANE('',#2756);
#2492=PLANE('',#2757);
#2493=PLANE('',#2758);
#2494=PLANE('',#2759);
#2495=PLANE('',#2760);
#2496=PLANE('',#2761);
#2497=PLANE('',#2762);
#2498=PLANE('',#2763);
#2499=PLANE('',#2764);
#2500=PLANE('',#2765);
#2501=PLANE('',#2766);
#2502=PLANE('',#2767);
#2503=PLANE('',#2768);
#2504=PLANE('',#2769);
#2505=PLANE('',#2770);
#2506=PLANE('',#2771);
#2507=PLANE('',#2772);
#2508=PLANE('',#2773);
#2509=PLANE('',#2774);
#2510=PLANE('',#2775);
#2511=PLANE('',#2776);
#2512=PLANE('',#2777);
#2513=PLANE('',#2778);
#2514=PLANE('',#2779);
#2515=PLANE('',#2780);
#2516=PLANE('',#2781);
#2517=PLANE('',#2782);
#2518=PLANE('',#2783);
#2519=PLANE('',#2784);
#2520=PLANE('',#2785);
#2521=PLANE('',#2786);
#2522=PLANE('',#2787);
#2523=PLANE('',#2788);
#2524=PLANE('',#2789);
#2525=PLANE('',#2790);
#2526=ADVANCED_FACE('',(#48),#2401,.F.);
#2527=ADVANCED_FACE('',(#49),#2402,.F.);
#2528=ADVANCED_FACE('',(#50),#2403,.F.);
#2529=ADVANCED_FACE('',(#51),#2404,.F.);
#2530=ADVANCED_FACE('',(#52),#2405,.F.);
#2531=ADVANCED_FACE('',(#53),#2406,.T.);
#2532=ADVANCED_FACE('',(#54),#2407,.T.);
#2533=ADVANCED_FACE('',(#55,#19,#20,#21,#22,#23,#24,#25,#26,#27,#28,#29,
#30,#31,#32),#2408,.F.);
#2534=ADVANCED_FACE('',(#56),#2409,.T.);
#2535=ADVANCED_FACE('',(#57),#2410,.T.);
#2536=ADVANCED_FACE('',(#58),#2411,.T.);
#2537=ADVANCED_FACE('',(#59),#2412,.T.);
#2538=ADVANCED_FACE('',(#60),#2413,.T.);
#2539=ADVANCED_FACE('',(#61),#2414,.T.);
#2540=ADVANCED_FACE('',(#62),#2415,.T.);
#2541=ADVANCED_FACE('',(#63),#2416,.T.);
#2542=ADVANCED_FACE('',(#64),#2417,.T.);
#2543=ADVANCED_FACE('',(#65),#2418,.T.);
#2544=ADVANCED_FACE('',(#66),#2419,.T.);
#2545=ADVANCED_FACE('',(#67),#2420,.T.);
#2546=ADVANCED_FACE('',(#68),#2421,.T.);
#2547=ADVANCED_FACE('',(#69),#2422,.T.);
#2548=ADVANCED_FACE('',(#70),#2423,.T.);
#2549=ADVANCED_FACE('',(#71),#2424,.T.);
#2550=ADVANCED_FACE('',(#72),#2425,.T.);
#2551=ADVANCED_FACE('',(#73),#2426,.T.);
#2552=ADVANCED_FACE('',(#74),#2427,.T.);
#2553=ADVANCED_FACE('',(#75),#2428,.T.);
#2554=ADVANCED_FACE('',(#76),#2429,.T.);
#2555=ADVANCED_FACE('',(#77),#2430,.T.);
#2556=ADVANCED_FACE('',(#78),#2431,.T.);
#2557=ADVANCED_FACE('',(#79),#2432,.T.);
#2558=ADVANCED_FACE('',(#80),#2433,.T.);
#2559=ADVANCED_FACE('',(#81),#2434,.T.);
#2560=ADVANCED_FACE('',(#82),#2435,.T.);
#2561=ADVANCED_FACE('',(#83),#2436,.T.);
#2562=ADVANCED_FACE('',(#84),#2437,.T.);
#2563=ADVANCED_FACE('',(#85),#2438,.T.);
#2564=ADVANCED_FACE('',(#86),#2439,.T.);
#2565=ADVANCED_FACE('',(#87),#2440,.T.);
#2566=ADVANCED_FACE('',(#88),#2441,.T.);
#2567=ADVANCED_FACE('',(#89),#2442,.T.);
#2568=ADVANCED_FACE('',(#90),#2443,.T.);
#2569=ADVANCED_FACE('',(#91),#2444,.T.);
#2570=ADVANCED_FACE('',(#92),#2445,.T.);
#2571=ADVANCED_FACE('',(#93),#2446,.T.);
#2572=ADVANCED_FACE('',(#94),#2447,.T.);
#2573=ADVANCED_FACE('',(#95),#2448,.T.);
#2574=ADVANCED_FACE('',(#96),#2449,.T.);
#2575=ADVANCED_FACE('',(#97),#2450,.T.);
#2576=ADVANCED_FACE('',(#98),#2451,.T.);
#2577=ADVANCED_FACE('',(#99),#2452,.T.);
#2578=ADVANCED_FACE('',(#100),#2453,.T.);
#2579=ADVANCED_FACE('',(#101),#2454,.T.);
#2580=ADVANCED_FACE('',(#102,#33),#2455,.T.);
#2581=ADVANCED_FACE('',(#103,#34),#2456,.T.);
#2582=ADVANCED_FACE('',(#104,#35),#2457,.T.);
#2583=ADVANCED_FACE('',(#105,#36),#2458,.T.);
#2584=ADVANCED_FACE('',(#106,#37),#2459,.T.);
#2585=ADVANCED_FACE('',(#107,#38),#2460,.T.);
#2586=ADVANCED_FACE('',(#108,#39),#2461,.T.);
#2587=ADVANCED_FACE('',(#109,#40),#2462,.T.);
#2588=ADVANCED_FACE('',(#110,#41),#2463,.T.);
#2589=ADVANCED_FACE('',(#111,#42),#2464,.T.);
#2590=ADVANCED_FACE('',(#112,#43),#2465,.T.);
#2591=ADVANCED_FACE('',(#113,#44),#2466,.T.);
#2592=ADVANCED_FACE('',(#114,#45),#2467,.T.);
#2593=ADVANCED_FACE('',(#115,#46),#2468,.T.);
#2594=ADVANCED_FACE('',(#116,#47),#2469,.T.);
#2595=ADVANCED_FACE('',(#117),#2470,.T.);
#2596=ADVANCED_FACE('',(#118),#2471,.T.);
#2597=ADVANCED_FACE('',(#119),#2472,.T.);
#2598=ADVANCED_FACE('',(#120),#2473,.T.);
#2599=ADVANCED_FACE('',(#121),#2474,.T.);
#2600=ADVANCED_FACE('',(#122),#2475,.T.);
#2601=ADVANCED_FACE('',(#123),#2476,.T.);
#2602=ADVANCED_FACE('',(#124),#2477,.T.);
#2603=ADVANCED_FACE('',(#125),#2478,.T.);
#2604=ADVANCED_FACE('',(#126),#2479,.T.);
#2605=ADVANCED_FACE('',(#127),#2480,.T.);
#2606=ADVANCED_FACE('',(#128),#2481,.T.);
#2607=ADVANCED_FACE('',(#129),#2482,.T.);
#2608=ADVANCED_FACE('',(#130),#2483,.T.);
#2609=ADVANCED_FACE('',(#131),#2484,.T.);
#2610=ADVANCED_FACE('',(#132),#2485,.T.);
#2611=ADVANCED_FACE('',(#133),#2486,.T.);
#2612=ADVANCED_FACE('',(#134),#2487,.T.);
#2613=ADVANCED_FACE('',(#135),#2488,.T.);
#2614=ADVANCED_FACE('',(#136),#2489,.T.);
#2615=ADVANCED_FACE('',(#137),#2490,.T.);
#2616=ADVANCED_FACE('',(#138),#2491,.T.);
#2617=ADVANCED_FACE('',(#139),#2492,.T.);
#2618=ADVANCED_FACE('',(#140),#2493,.T.);
#2619=ADVANCED_FACE('',(#141),#2494,.T.);
#2620=ADVANCED_FACE('',(#142),#2495,.T.);
#2621=ADVANCED_FACE('',(#143),#2496,.T.);
#2622=ADVANCED_FACE('',(#144),#2497,.T.);
#2623=ADVANCED_FACE('',(#145),#2498,.T.);
#2624=ADVANCED_FACE('',(#146),#2499,.T.);
#2625=ADVANCED_FACE('',(#147),#2500,.T.);
#2626=ADVANCED_FACE('',(#148),#2501,.T.);
#2627=ADVANCED_FACE('',(#149),#2502,.T.);
#2628=ADVANCED_FACE('',(#150),#2503,.T.);
#2629=ADVANCED_FACE('',(#151),#2504,.T.);
#2630=ADVANCED_FACE('',(#152),#2505,.T.);
#2631=ADVANCED_FACE('',(#153),#2506,.T.);
#2632=ADVANCED_FACE('',(#154),#2507,.T.);
#2633=ADVANCED_FACE('',(#155),#2508,.T.);
#2634=ADVANCED_FACE('',(#156),#2509,.T.);
#2635=ADVANCED_FACE('',(#157),#2510,.T.);
#2636=ADVANCED_FACE('',(#158),#2511,.T.);
#2637=ADVANCED_FACE('',(#159),#2512,.T.);
#2638=ADVANCED_FACE('',(#160),#2513,.T.);
#2639=ADVANCED_FACE('',(#161),#2514,.T.);
#2640=ADVANCED_FACE('',(#162),#2515,.T.);
#2641=ADVANCED_FACE('',(#163),#2516,.T.);
#2642=ADVANCED_FACE('',(#164),#2517,.T.);
#2643=ADVANCED_FACE('',(#165),#2518,.T.);
#2644=ADVANCED_FACE('',(#166),#2519,.T.);
#2645=ADVANCED_FACE('',(#167),#2520,.T.);
#2646=ADVANCED_FACE('',(#168),#2521,.T.);
#2647=ADVANCED_FACE('',(#169),#2522,.T.);
#2648=ADVANCED_FACE('',(#170),#2523,.T.);
#2649=ADVANCED_FACE('',(#171),#2524,.T.);
#2650=ADVANCED_FACE('',(#172),#2525,.T.);
#2651=CLOSED_SHELL('',(#2526,#2527,#2528,#2529,#2530,#2531,#2532,#2533,
#2534,#2535,#2536,#2537,#2538,#2539,#2540,#2541,#2542,#2543,#2544,#2545,
#2546,#2547,#2548,#2549,#2550,#2551,#2552,#2553,#2554,#2555,#2556,#2557,
#2558,#2559,#2560,#2561,#2562,#2563,#2564,#2565,#2566,#2567,#2568,#2569,
#2570,#2571,#2572,#2573,#2574,#2575,#2576,#2577,#2578,#2579,#2580,#2581,
#2582,#2583,#2584,#2585,#2586,#2587,#2588,#2589,#2590,#2591,#2592,#2593,
#2594,#2595,#2596,#2597,#2598,#2599,#2600,#2601,#2602,#2603,#2604,#2605,
#2606,#2607,#2608,#2609,#2610,#2611,#2612,#2613,#2614,#2615,#2616,#2617,
#2618,#2619,#2620,#2621,#2622,#2623,#2624,#2625,#2626,#2627,#2628,#2629,
#2630,#2631,#2632,#2633,#2634,#2635,#2636,#2637,#2638,#2639,#2640,#2641,
#2642,#2643,#2644,#2645,#2646,#2647,#2648,#2649,#2650));
#2652=DERIVED_UNIT_ELEMENT(#2654,1.);
#2653=DERIVED_UNIT_ELEMENT(#4159,-3.);
#2654=(
MASS_UNIT()
NAMED_UNIT(*)
SI_UNIT(.KILO.,.GRAM.)
);
#2655=DERIVED_UNIT((#2652,#2653));
#2656=MEASURE_REPRESENTATION_ITEM('density measure',
POSITIVE_RATIO_MEASURE(7850.),#2655);
#2657=PROPERTY_DEFINITION_REPRESENTATION(#2662,#2659);
#2658=PROPERTY_DEFINITION_REPRESENTATION(#2663,#2660);
#2659=REPRESENTATION('material name',(#2661),#4156);
#2660=REPRESENTATION('density',(#2656),#4156);
#2661=DESCRIPTIVE_REPRESENTATION_ITEM('Steel','Steel');
#2662=PROPERTY_DEFINITION('material property','material name',#4171);
#2663=PROPERTY_DEFINITION('material property','density of part',#4171);
#2664=AXIS2_PLACEMENT_3D('',#3414,#2792,#2793);
#2665=AXIS2_PLACEMENT_3D('',#3415,#2794,#2795);
#2666=AXIS2_PLACEMENT_3D('',#3416,#2796,#2797);
#2667=AXIS2_PLACEMENT_3D('',#3425,#2802,#2803);
#2668=AXIS2_PLACEMENT_3D('',#3431,#2807,#2808);
#2669=AXIS2_PLACEMENT_3D('',#3437,#2812,#2813);
#2670=AXIS2_PLACEMENT_3D('',#3440,#2816,#2817);
#2671=AXIS2_PLACEMENT_3D('',#3441,#2818,#2819);
#2672=AXIS2_PLACEMENT_3D('',#3454,#2826,#2827);
#2673=AXIS2_PLACEMENT_3D('',#3572,#2887,#2888);
#2674=AXIS2_PLACEMENT_3D('',#3688,#2947,#2948);
#2675=AXIS2_PLACEMENT_3D('',#3692,#2951,#2952);
#2676=AXIS2_PLACEMENT_3D('',#3696,#2955,#2956);
#2677=AXIS2_PLACEMENT_3D('',#3700,#2959,#2960);
#2678=AXIS2_PLACEMENT_3D('',#3702,#2962,#2963);
#2679=AXIS2_PLACEMENT_3D('',#3708,#2967,#2968);
#2680=AXIS2_PLACEMENT_3D('',#3714,#2972,#2973);
#2681=AXIS2_PLACEMENT_3D('',#3717,#2976,#2977);
#2682=AXIS2_PLACEMENT_3D('',#3723,#2981,#2982);
#2683=AXIS2_PLACEMENT_3D('',#3729,#2986,#2987);
#2684=AXIS2_PLACEMENT_3D('',#3732,#2990,#2991);
#2685=AXIS2_PLACEMENT_3D('',#3738,#2995,#2996);
#2686=AXIS2_PLACEMENT_3D('',#3744,#3000,#3001);
#2687=AXIS2_PLACEMENT_3D('',#3747,#3004,#3005);
#2688=AXIS2_PLACEMENT_3D('',#3753,#3009,#3010);
#2689=AXIS2_PLACEMENT_3D('',#3759,#3014,#3015);
#2690=AXIS2_PLACEMENT_3D('',#3762,#3018,#3019);
#2691=AXIS2_PLACEMENT_3D('',#3768,#3023,#3024);
#2692=AXIS2_PLACEMENT_3D('',#3774,#3028,#3029);
#2693=AXIS2_PLACEMENT_3D('',#3777,#3032,#3033);
#2694=AXIS2_PLACEMENT_3D('',#3783,#3037,#3038);
#2695=AXIS2_PLACEMENT_3D('',#3789,#3042,#3043);
#2696=AXIS2_PLACEMENT_3D('',#3792,#3046,#3047);
#2697=AXIS2_PLACEMENT_3D('',#3798,#3051,#3052);
#2698=AXIS2_PLACEMENT_3D('',#3804,#3056,#3057);
#2699=AXIS2_PLACEMENT_3D('',#3807,#3060,#3061);
#2700=AXIS2_PLACEMENT_3D('',#3813,#3065,#3066);
#2701=AXIS2_PLACEMENT_3D('',#3819,#3070,#3071);
#2702=AXIS2_PLACEMENT_3D('',#3822,#3074,#3075);
#2703=AXIS2_PLACEMENT_3D('',#3828,#3079,#3080);
#2704=AXIS2_PLACEMENT_3D('',#3834,#3084,#3085);
#2705=AXIS2_PLACEMENT_3D('',#3837,#3088,#3089);
#2706=AXIS2_PLACEMENT_3D('',#3843,#3093,#3094);
#2707=AXIS2_PLACEMENT_3D('',#3849,#3098,#3099);
#2708=AXIS2_PLACEMENT_3D('',#3852,#3102,#3103);
#2709=AXIS2_PLACEMENT_3D('',#3858,#3107,#3108);
#2710=AXIS2_PLACEMENT_3D('',#3864,#3112,#3113);
#2711=AXIS2_PLACEMENT_3D('',#3867,#3116,#3117);
#2712=AXIS2_PLACEMENT_3D('',#3873,#3121,#3122);
#2713=AXIS2_PLACEMENT_3D('',#3879,#3126,#3127);
#2714=AXIS2_PLACEMENT_3D('',#3882,#3130,#3131);
#2715=AXIS2_PLACEMENT_3D('',#3888,#3135,#3136);
#2716=AXIS2_PLACEMENT_3D('',#3894,#3140,#3141);
#2717=AXIS2_PLACEMENT_3D('',#3897,#3144,#3145);
#2718=AXIS2_PLACEMENT_3D('',#3903,#3149,#3150);
#2719=AXIS2_PLACEMENT_3D('',#3909,#3154,#3155);
#2720=AXIS2_PLACEMENT_3D('',#3912,#3158,#3159);
#2721=AXIS2_PLACEMENT_3D('',#3913,#3160,#3161);
#2722=AXIS2_PLACEMENT_3D('',#3922,#3166,#3167);
#2723=AXIS2_PLACEMENT_3D('',#3931,#3172,#3173);
#2724=AXIS2_PLACEMENT_3D('',#3940,#3178,#3179);
#2725=AXIS2_PLACEMENT_3D('',#3949,#3184,#3185);
#2726=AXIS2_PLACEMENT_3D('',#3958,#3190,#3191);
#2727=AXIS2_PLACEMENT_3D('',#3967,#3196,#3197);
#2728=AXIS2_PLACEMENT_3D('',#3976,#3202,#3203);
#2729=AXIS2_PLACEMENT_3D('',#3985,#3208,#3209);
#2730=AXIS2_PLACEMENT_3D('',#3994,#3214,#3215);
#2731=AXIS2_PLACEMENT_3D('',#4003,#3220,#3221);
#2732=AXIS2_PLACEMENT_3D('',#4012,#3226,#3227);
#2733=AXIS2_PLACEMENT_3D('',#4021,#3232,#3233);
#2734=AXIS2_PLACEMENT_3D('',#4030,#3238,#3239);
#2735=AXIS2_PLACEMENT_3D('',#4039,#3244,#3245);
#2736=AXIS2_PLACEMENT_3D('',#4042,#3248,#3249);
#2737=AXIS2_PLACEMENT_3D('',#4044,#3251,#3252);
#2738=AXIS2_PLACEMENT_3D('',#4046,#3254,#3255);
#2739=AXIS2_PLACEMENT_3D('',#4047,#3256,#3257);
#2740=AXIS2_PLACEMENT_3D('',#4050,#3260,#3261);
#2741=AXIS2_PLACEMENT_3D('',#4052,#3263,#3264);
#2742=AXIS2_PLACEMENT_3D('',#4054,#3266,#3267);
#2743=AXIS2_PLACEMENT_3D('',#4055,#3268,#3269);
#2744=AXIS2_PLACEMENT_3D('',#4058,#3272,#3273);
#2745=AXIS2_PLACEMENT_3D('',#4060,#3275,#3276);
#2746=AXIS2_PLACEMENT_3D('',#4062,#3278,#3279);
#2747=AXIS2_PLACEMENT_3D('',#4063,#3280,#3281);
#2748=AXIS2_PLACEMENT_3D('',#4066,#3284,#3285);
#2749=AXIS2_PLACEMENT_3D('',#4068,#3287,#3288);
#2750=AXIS2_PLACEMENT_3D('',#4070,#3290,#3291);
#2751=AXIS2_PLACEMENT_3D('',#4071,#3292,#3293);
#2752=AXIS2_PLACEMENT_3D('',#4074,#3296,#3297);
#2753=AXIS2_PLACEMENT_3D('',#4076,#3299,#3300);
#2754=AXIS2_PLACEMENT_3D('',#4078,#3302,#3303);
#2755=AXIS2_PLACEMENT_3D('',#4079,#3304,#3305);
#2756=AXIS2_PLACEMENT_3D('',#4082,#3308,#3309);
#2757=AXIS2_PLACEMENT_3D('',#4084,#3311,#3312);
#2758=AXIS2_PLACEMENT_3D('',#4086,#3314,#3315);
#2759=AXIS2_PLACEMENT_3D('',#4087,#3316,#3317);
#2760=AXIS2_PLACEMENT_3D('',#4090,#3320,#3321);
#2761=AXIS2_PLACEMENT_3D('',#4092,#3323,#3324);
#2762=AXIS2_PLACEMENT_3D('',#4094,#3326,#3327);
#2763=AXIS2_PLACEMENT_3D('',#4095,#3328,#3329);
#2764=AXIS2_PLACEMENT_3D('',#4098,#3332,#3333);
#2765=AXIS2_PLACEMENT_3D('',#4100,#3335,#3336);
#2766=AXIS2_PLACEMENT_3D('',#4102,#3338,#3339);
#2767=AXIS2_PLACEMENT_3D('',#4103,#3340,#3341);
#2768=AXIS2_PLACEMENT_3D('',#4106,#3344,#3345);
#2769=AXIS2_PLACEMENT_3D('',#4108,#3347,#3348);
#2770=AXIS2_PLACEMENT_3D('',#4110,#3350,#3351);
#2771=AXIS2_PLACEMENT_3D('',#4111,#3352,#3353);
#2772=AXIS2_PLACEMENT_3D('',#4114,#3356,#3357);
#2773=AXIS2_PLACEMENT_3D('',#4116,#3359,#3360);
#2774=AXIS2_PLACEMENT_3D('',#4118,#3362,#3363);
#2775=AXIS2_PLACEMENT_3D('',#4119,#3364,#3365);
#2776=AXIS2_PLACEMENT_3D('',#4122,#3368,#3369);
#2777=AXIS2_PLACEMENT_3D('',#4124,#3371,#3372);
#2778=AXIS2_PLACEMENT_3D('',#4126,#3374,#3375);
#2779=AXIS2_PLACEMENT_3D('',#4127,#3376,#3377);
#2780=AXIS2_PLACEMENT_3D('',#4130,#3380,#3381);
#2781=AXIS2_PLACEMENT_3D('',#4132,#3383,#3384);
#2782=AXIS2_PLACEMENT_3D('',#4134,#3386,#3387);
#2783=AXIS2_PLACEMENT_3D('',#4135,#3388,#3389);
#2784=AXIS2_PLACEMENT_3D('',#4138,#3392,#3393);
#2785=AXIS2_PLACEMENT_3D('',#4140,#3395,#3396);
#2786=AXIS2_PLACEMENT_3D('',#4142,#3398,#3399);
#2787=AXIS2_PLACEMENT_3D('',#4143,#3400,#3401);
#2788=AXIS2_PLACEMENT_3D('',#4146,#3404,#3405);
#2789=AXIS2_PLACEMENT_3D('',#4148,#3407,#3408);
#2790=AXIS2_PLACEMENT_3D('',#4150,#3410,#3411);
#2791=AXIS2_PLACEMENT_3D('',#4151,#3412,#3413);
#2792=DIRECTION('axis',(0.,0.,1.));
#2793=DIRECTION('refdir',(1.,0.,0.));
#2794=DIRECTION('axis',(0.,0.,1.));
#2795=DIRECTION('refdir',(1.,0.,0.));
#2796=DIRECTION('center_axis',(-4.33334237487128E-34,1.,0.));
#2797=DIRECTION('ref_axis',(1.,4.33334237487128E-34,-1.38777878078145E-17));
#2798=DIRECTION('',(1.,4.33334237487128E-34,0.));
#2799=DIRECTION('',(0.,0.,-1.));
#2800=DIRECTION('',(1.,4.33334237487128E-34,0.));
#2801=DIRECTION('',(0.,0.,-1.));
#2802=DIRECTION('center_axis',(-1.,-2.88889491658085E-34,0.));
#2803=DIRECTION('ref_axis',(-2.88889491658085E-34,1.,1.04083408558608E-17));
#2804=DIRECTION('',(-2.88889491658085E-34,1.,0.));
#2805=DIRECTION('',(0.,0.,1.));
#2806=DIRECTION('',(-2.88889491658085E-34,1.,0.));
#2807=DIRECTION('center_axis',(4.33334237487128E-34,-1.,0.));
#2808=DIRECTION('ref_axis',(-1.,-4.33334237487128E-34,1.38777878078145E-17));
#2809=DIRECTION('',(-1.,-4.33334237487128E-34,0.));
#2810=DIRECTION('',(0.,0.,1.));
#2811=DIRECTION('',(-1.,-4.33334237487128E-34,0.));
#2812=DIRECTION('center_axis',(1.,2.88889491658085E-34,0.));
#2813=DIRECTION('ref_axis',(2.88889491658085E-34,-1.,-1.04083408558608E-17));
#2814=DIRECTION('',(2.88889491658085E-34,-1.,0.));
#2815=DIRECTION('',(2.88889491658085E-34,-1.,0.));
#2816=DIRECTION('center_axis',(0.,0.,-1.));
#2817=DIRECTION('ref_axis',(-1.,0.,0.));
#2818=DIRECTION('center_axis',(0.,-1.,0.));
#2819=DIRECTION('ref_axis',(0.,0.,-1.));
#2820=DIRECTION('',(0.707106781186546,0.,-0.707106781186549));
#2821=DIRECTION('',(1.,0.,0.));
#2822=DIRECTION('',(0.,0.,1.));
#2823=DIRECTION('',(-1.,0.,0.));
#2824=DIRECTION('',(0.,0.,-1.));
#2825=DIRECTION('',(1.,0.,0.));
#2826=DIRECTION('center_axis',(1.,0.,0.));
#2827=DIRECTION('ref_axis',(0.,1.,0.));
#2828=DIRECTION('',(0.,1.,0.));
#2829=DIRECTION('',(0.,0.,1.));
#2830=DIRECTION('',(0.,1.,0.));
#2831=DIRECTION('',(0.,0.,1.));
#2832=DIRECTION('',(0.,1.,0.));
#2833=DIRECTION('',(0.,0.,1.));
#2834=DIRECTION('',(0.,1.,0.));
#2835=DIRECTION('',(0.,0.,1.));
#2836=DIRECTION('',(0.,1.,0.));
#2837=DIRECTION('',(0.,0.,1.));
#2838=DIRECTION('',(0.,1.,0.));
#2839=DIRECTION('',(0.,0.,1.));
#2840=DIRECTION('',(0.,1.,0.));
#2841=DIRECTION('',(0.,0.,1.));
#2842=DIRECTION('',(0.,1.,0.));
#2843=DIRECTION('',(0.,0.,1.));
#2844=DIRECTION('',(0.,1.,0.));
#2845=DIRECTION('',(0.,0.,1.));
#2846=DIRECTION('',(0.,1.,0.));
#2847=DIRECTION('',(0.,0.,1.));
#2848=DIRECTION('',(0.,1.,0.));
#2849=DIRECTION('',(0.,0.,1.));
#2850=DIRECTION('',(0.,1.,0.));
#2851=DIRECTION('',(0.,0.,1.));
#2852=DIRECTION('',(0.,1.,0.));
#2853=DIRECTION('',(0.,0.,1.));
#2854=DIRECTION('',(0.,1.,0.));
#2855=DIRECTION('',(0.,0.,1.));
#2856=DIRECTION('',(0.,1.,0.));
#2857=DIRECTION('',(0.,0.,1.));
#2858=DIRECTION('',(0.,1.,0.));
#2859=DIRECTION('',(0.,0.,1.));
#2860=DIRECTION('',(0.,1.,0.));
#2861=DIRECTION('',(0.,0.,1.));
#2862=DIRECTION('',(0.,1.,0.));
#2863=DIRECTION('',(0.,0.,1.));
#2864=DIRECTION('',(0.,1.,0.));
#2865=DIRECTION('',(0.,0.,1.));
#2866=DIRECTION('',(0.,1.,0.));
#2867=DIRECTION('',(0.,0.,1.));
#2868=DIRECTION('',(0.,1.,0.));
#2869=DIRECTION('',(0.,0.,1.));
#2870=DIRECTION('',(0.,1.,0.));
#2871=DIRECTION('',(0.,0.,1.));
#2872=DIRECTION('',(0.,1.,0.));
#2873=DIRECTION('',(0.,0.,1.));
#2874=DIRECTION('',(0.,1.,0.));
#2875=DIRECTION('',(0.,0.,1.));
#2876=DIRECTION('',(0.,1.,0.));
#2877=DIRECTION('',(0.,0.,1.));
#2878=DIRECTION('',(0.,1.,0.));
#2879=DIRECTION('',(0.,0.,1.));
#2880=DIRECTION('',(0.,1.,0.));
#2881=DIRECTION('',(0.,0.,1.));
#2882=DIRECTION('',(0.,1.,0.));
#2883=DIRECTION('',(0.,0.,1.));
#2884=DIRECTION('',(0.,1.,0.));
#2885=DIRECTION('',(0.,0.,1.));
#2886=DIRECTION('',(0.,1.,0.));
#2887=DIRECTION('center_axis',(0.,0.,1.));
#2888=DIRECTION('ref_axis',(1.,0.,0.));
#2889=DIRECTION('',(0.,-1.,0.));
#2890=DIRECTION('',(-1.,0.,0.));
#2891=DIRECTION('',(-8.45884209238215E-15,1.,0.));
#2892=DIRECTION('',(-1.,0.,0.));
#2893=DIRECTION('',(0.,-1.,0.));
#2894=DIRECTION('',(1.,1.77635683940024E-15,0.));
#2895=DIRECTION('',(-8.45884209238215E-15,1.,0.));
#2896=DIRECTION('',(-1.,0.,0.));
#2897=DIRECTION('',(0.,-1.,0.));
#2898=DIRECTION('',(1.,1.88737914186276E-15,0.));
#2899=DIRECTION('',(-8.45884209238215E-15,1.,0.));
#2900=DIRECTION('',(-1.,0.,0.));
#2901=DIRECTION('',(0.,-1.,0.));
#2902=DIRECTION('',(1.,1.77635683940024E-15,0.));
#2903=DIRECTION('',(-8.45884209238215E-15,1.,0.));
#2904=DIRECTION('',(-1.,0.,0.));
#2905=DIRECTION('',(0.,-1.,0.));
#2906=DIRECTION('',(1.,1.77635683940024E-15,0.));
#2907=DIRECTION('',(-8.45884209238215E-15,1.,0.));
#2908=DIRECTION('',(-1.,0.,0.));
#2909=DIRECTION('',(0.,-1.,0.));
#2910=DIRECTION('',(1.,2.66453525910037E-15,0.));
#2911=DIRECTION('',(-8.45884209238215E-15,1.,0.));
#2912=DIRECTION('',(-1.,0.,0.));
#2913=DIRECTION('',(0.,-1.,0.));
#2914=DIRECTION('',(1.,2.66453525910037E-15,0.));
#2915=DIRECTION('',(-8.45884209238215E-15,1.,0.));
#2916=DIRECTION('',(-1.,0.,0.));
#2917=DIRECTION('',(0.,-1.,0.));
#2918=DIRECTION('',(1.,1.77635683940024E-15,0.));
#2919=DIRECTION('',(-8.45884209238215E-15,1.,0.));
#2920=DIRECTION('',(-1.,0.,0.));
#2921=DIRECTION('',(0.,-1.,0.));
#2922=DIRECTION('',(1.,1.77635683940024E-15,0.));
#2923=DIRECTION('',(0.,-1.,0.));
#2924=DIRECTION('',(1.,1.77635683940024E-15,0.));
#2925=DIRECTION('',(-8.45884209238215E-15,1.,0.));
#2926=DIRECTION('',(-1.,0.,0.));
#2927=DIRECTION('',(-8.45884209238215E-15,1.,0.));
#2928=DIRECTION('',(-1.,0.,0.));
#2929=DIRECTION('',(0.,-1.,0.));
#2930=DIRECTION('',(1.,1.77635683940024E-15,0.));
#2931=DIRECTION('',(-8.45884209238215E-15,1.,0.));
#2932=DIRECTION('',(-1.,0.,0.));
#2933=DIRECTION('',(0.,-1.,0.));
#2934=DIRECTION('',(1.,2.66453525910037E-15,0.));
#2935=DIRECTION('',(-8.45884209238215E-15,1.,0.));
#2936=DIRECTION('',(-1.,0.,0.));
#2937=DIRECTION('',(0.,-1.,0.));
#2938=DIRECTION('',(1.,2.66453525910037E-15,0.));
#2939=DIRECTION('',(-8.45884209238215E-15,1.,0.));
#2940=DIRECTION('',(-1.,0.,0.));
#2941=DIRECTION('',(0.,-1.,0.));
#2942=DIRECTION('',(1.,1.77635683940024E-15,0.));
#2943=DIRECTION('',(-8.45884209238215E-15,1.,0.));
#2944=DIRECTION('',(-1.,5.55111512312578E-17,0.));
#2945=DIRECTION('',(0.,-1.,0.));
#2946=DIRECTION('',(1.,1.77635683940024E-15,0.));
#2947=DIRECTION('center_axis',(-0.707106781186549,0.,-0.707106781186546));
#2948=DIRECTION('ref_axis',(-0.707106781186546,0.,0.707106781186549));
#2949=DIRECTION('',(0.,1.,0.));
#2950=DIRECTION('',(0.707106781186546,0.,-0.707106781186549));
#2951=DIRECTION('center_axis',(0.,0.,-1.));
#2952=DIRECTION('ref_axis',(0.,-1.,0.));
#2953=DIRECTION('',(0.,-1.,0.));
#2954=DIRECTION('',(-1.,0.,0.));
#2955=DIRECTION('center_axis',(-1.,0.,0.));
#2956=DIRECTION('ref_axis',(0.,0.,1.));
#2957=DIRECTION('',(0.,1.,0.));
#2958=DIRECTION('',(0.,0.,-1.));
#2959=DIRECTION('center_axis',(0.,1.,0.));
#2960=DIRECTION('ref_axis',(-1.,0.,0.));
#2961=DIRECTION('',(-1.,-1.41972253788383E-16,0.));
#2962=DIRECTION('center_axis',(0.,-1.,0.));
#2963=DIRECTION('ref_axis',(1.,0.,0.));
#2964=DIRECTION('',(-1.,0.,0.));
#2965=DIRECTION('',(1.,0.,0.));
#2966=DIRECTION('',(0.,0.,1.));
#2967=DIRECTION('center_axis',(1.,0.,0.));
#2968=DIRECTION('ref_axis',(0.,1.,0.));
#2969=DIRECTION('',(0.,-1.,0.));
#2970=DIRECTION('',(0.,1.,0.));
#2971=DIRECTION('',(0.,0.,1.));
#2972=DIRECTION('center_axis',(0.,1.,0.));
#2973=DIRECTION('ref_axis',(-1.,0.,0.));
#2974=DIRECTION('',(1.,0.,0.));
#2975=DIRECTION('',(-1.,0.,0.));
#2976=DIRECTION('center_axis',(0.,-1.,0.));
#2977=DIRECTION('ref_axis',(1.,0.,0.));
#2978=DIRECTION('',(-1.,0.,0.));
#2979=DIRECTION('',(1.,0.,0.));
#2980=DIRECTION('',(0.,0.,1.));
#2981=DIRECTION('center_axis',(1.,0.,0.));
#2982=DIRECTION('ref_axis',(0.,1.,0.));
#2983=DIRECTION('',(0.,-1.,0.));
#2984=DIRECTION('',(0.,1.,0.));
#2985=DIRECTION('',(0.,0.,1.));
#2986=DIRECTION('center_axis',(0.,1.,0.));
#2987=DIRECTION('ref_axis',(-1.,0.,0.));
#2988=DIRECTION('',(1.,0.,0.));
#2989=DIRECTION('',(-1.,0.,0.));
#2990=DIRECTION('center_axis',(0.,-1.,0.));
#2991=DIRECTION('ref_axis',(1.,0.,0.));
#2992=DIRECTION('',(-1.,0.,0.));
#2993=DIRECTION('',(1.,0.,0.));
#2994=DIRECTION('',(0.,0.,1.));
#2995=DIRECTION('center_axis',(1.,0.,0.));
#2996=DIRECTION('ref_axis',(0.,1.,0.));
#2997=DIRECTION('',(0.,-1.,0.));
#2998=DIRECTION('',(0.,1.,0.));
#2999=DIRECTION('',(0.,0.,1.));
#3000=DIRECTION('center_axis',(0.,1.,0.));
#3001=DIRECTION('ref_axis',(-1.,0.,0.));
#3002=DIRECTION('',(1.,0.,0.));
#3003=DIRECTION('',(-1.,0.,0.));
#3004=DIRECTION('center_axis',(0.,-1.,0.));
#3005=DIRECTION('ref_axis',(1.,0.,0.));
#3006=DIRECTION('',(-1.,0.,0.));
#3007=DIRECTION('',(1.,0.,0.));
#3008=DIRECTION('',(0.,0.,1.));
#3009=DIRECTION('center_axis',(1.,0.,0.));
#3010=DIRECTION('ref_axis',(0.,1.,0.));
#3011=DIRECTION('',(0.,-1.,0.));
#3012=DIRECTION('',(0.,1.,0.));
#3013=DIRECTION('',(0.,0.,1.));
#3014=DIRECTION('center_axis',(0.,1.,0.));
#3015=DIRECTION('ref_axis',(-1.,0.,0.));
#3016=DIRECTION('',(1.,0.,0.));
#3017=DIRECTION('',(-1.,0.,0.));
#3018=DIRECTION('center_axis',(0.,-1.,0.));
#3019=DIRECTION('ref_axis',(1.,0.,0.));
#3020=DIRECTION('',(-1.,0.,0.));
#3021=DIRECTION('',(1.,0.,0.));
#3022=DIRECTION('',(0.,0.,1.));
#3023=DIRECTION('center_axis',(1.,0.,0.));
#3024=DIRECTION('ref_axis',(0.,1.,0.));
#3025=DIRECTION('',(0.,-1.,0.));
#3026=DIRECTION('',(0.,1.,0.));
#3027=DIRECTION('',(0.,0.,1.));
#3028=DIRECTION('center_axis',(0.,1.,0.));
#3029=DIRECTION('ref_axis',(-1.,0.,0.));
#3030=DIRECTION('',(1.,0.,0.));
#3031=DIRECTION('',(-1.,0.,0.));
#3032=DIRECTION('center_axis',(0.,-1.,0.));
#3033=DIRECTION('ref_axis',(1.,0.,0.));
#3034=DIRECTION('',(-1.,0.,0.));
#3035=DIRECTION('',(1.,0.,0.));
#3036=DIRECTION('',(0.,0.,1.));
#3037=DIRECTION('center_axis',(1.,0.,0.));
#3038=DIRECTION('ref_axis',(0.,1.,0.));
#3039=DIRECTION('',(0.,-1.,0.));
#3040=DIRECTION('',(0.,1.,0.));
#3041=DIRECTION('',(0.,0.,1.));
#3042=DIRECTION('center_axis',(0.,1.,0.));
#3043=DIRECTION('ref_axis',(-1.,0.,0.));
#3044=DIRECTION('',(1.,0.,0.));
#3045=DIRECTION('',(-1.,0.,0.));
#3046=DIRECTION('center_axis',(0.,-1.,0.));
#3047=DIRECTION('ref_axis',(1.,0.,0.));
#3048=DIRECTION('',(-1.,0.,0.));
#3049=DIRECTION('',(1.,0.,0.));
#3050=DIRECTION('',(0.,0.,1.));
#3051=DIRECTION('center_axis',(1.,0.,0.));
#3052=DIRECTION('ref_axis',(0.,1.,0.));
#3053=DIRECTION('',(0.,-1.,0.));
#3054=DIRECTION('',(0.,1.,0.));
#3055=DIRECTION('',(0.,0.,1.));
#3056=DIRECTION('center_axis',(0.,1.,0.));
#3057=DIRECTION('ref_axis',(-1.,0.,0.));
#3058=DIRECTION('',(1.,0.,0.));
#3059=DIRECTION('',(-1.,0.,0.));
#3060=DIRECTION('center_axis',(0.,-1.,0.));
#3061=DIRECTION('ref_axis',(1.,0.,0.));
#3062=DIRECTION('',(-1.,0.,0.));
#3063=DIRECTION('',(1.,0.,0.));
#3064=DIRECTION('',(0.,0.,1.));
#3065=DIRECTION('center_axis',(1.,0.,0.));
#3066=DIRECTION('ref_axis',(0.,1.,0.));
#3067=DIRECTION('',(0.,-1.,0.));
#3068=DIRECTION('',(0.,1.,0.));
#3069=DIRECTION('',(0.,0.,1.));
#3070=DIRECTION('center_axis',(0.,1.,0.));
#3071=DIRECTION('ref_axis',(-1.,0.,0.));
#3072=DIRECTION('',(1.,0.,0.));
#3073=DIRECTION('',(-1.,0.,0.));
#3074=DIRECTION('center_axis',(0.,-1.,0.));
#3075=DIRECTION('ref_axis',(1.,0.,0.));
#3076=DIRECTION('',(-1.,0.,0.));
#3077=DIRECTION('',(1.,0.,0.));
#3078=DIRECTION('',(0.,0.,1.));
#3079=DIRECTION('center_axis',(1.,0.,0.));
#3080=DIRECTION('ref_axis',(0.,1.,0.));
#3081=DIRECTION('',(0.,-1.,0.));
#3082=DIRECTION('',(0.,1.,0.));
#3083=DIRECTION('',(0.,0.,1.));
#3084=DIRECTION('center_axis',(0.,1.,0.));
#3085=DIRECTION('ref_axis',(-1.,0.,0.));
#3086=DIRECTION('',(1.,0.,0.));
#3087=DIRECTION('',(-1.,0.,0.));
#3088=DIRECTION('center_axis',(0.,-1.,0.));
#3089=DIRECTION('ref_axis',(1.,0.,0.));
#3090=DIRECTION('',(-1.,0.,0.));
#3091=DIRECTION('',(1.,0.,0.));
#3092=DIRECTION('',(0.,0.,1.));
#3093=DIRECTION('center_axis',(1.,0.,0.));
#3094=DIRECTION('ref_axis',(0.,1.,0.));
#3095=DIRECTION('',(0.,-1.,0.));
#3096=DIRECTION('',(0.,1.,0.));
#3097=DIRECTION('',(0.,0.,1.));
#3098=DIRECTION('center_axis',(0.,1.,0.));
#3099=DIRECTION('ref_axis',(-1.,0.,0.));
#3100=DIRECTION('',(1.,0.,0.));
#3101=DIRECTION('',(-1.,0.,0.));
#3102=DIRECTION('center_axis',(0.,-1.,0.));
#3103=DIRECTION('ref_axis',(1.,0.,0.));
#3104=DIRECTION('',(-1.,0.,0.));
#3105=DIRECTION('',(1.,0.,0.));
#3106=DIRECTION('',(0.,0.,1.));
#3107=DIRECTION('center_axis',(1.,0.,0.));
#3108=DIRECTION('ref_axis',(0.,1.,0.));
#3109=DIRECTION('',(0.,-1.,0.));
#3110=DIRECTION('',(0.,1.,0.));
#3111=DIRECTION('',(0.,0.,1.));
#3112=DIRECTION('center_axis',(0.,1.,0.));
#3113=DIRECTION('ref_axis',(-1.,0.,0.));
#3114=DIRECTION('',(1.,0.,0.));
#3115=DIRECTION('',(-1.,0.,0.));
#3116=DIRECTION('center_axis',(0.,-1.,0.));
#3117=DIRECTION('ref_axis',(1.,0.,0.));
#3118=DIRECTION('',(-1.,0.,0.));
#3119=DIRECTION('',(1.,0.,0.));
#3120=DIRECTION('',(0.,0.,1.));
#3121=DIRECTION('center_axis',(1.,0.,0.));
#3122=DIRECTION('ref_axis',(0.,1.,0.));
#3123=DIRECTION('',(0.,-1.,0.));
#3124=DIRECTION('',(0.,1.,0.));
#3125=DIRECTION('',(0.,0.,1.));
#3126=DIRECTION('center_axis',(0.,1.,0.));
#3127=DIRECTION('ref_axis',(-1.,0.,0.));
#3128=DIRECTION('',(1.,0.,0.));
#3129=DIRECTION('',(-1.,0.,0.));
#3130=DIRECTION('center_axis',(0.,-1.,0.));
#3131=DIRECTION('ref_axis',(1.,0.,0.));
#3132=DIRECTION('',(-1.,0.,0.));
#3133=DIRECTION('',(1.,0.,0.));
#3134=DIRECTION('',(0.,0.,1.));
#3135=DIRECTION('center_axis',(1.,0.,0.));
#3136=DIRECTION('ref_axis',(0.,1.,0.));
#3137=DIRECTION('',(0.,-1.,0.));
#3138=DIRECTION('',(0.,1.,0.));
#3139=DIRECTION('',(0.,0.,1.));
#3140=DIRECTION('center_axis',(0.,1.,0.));
#3141=DIRECTION('ref_axis',(-1.,0.,0.));
#3142=DIRECTION('',(1.,0.,0.));
#3143=DIRECTION('',(-1.,0.,0.));
#3144=DIRECTION('center_axis',(0.,-1.,0.));
#3145=DIRECTION('ref_axis',(1.,0.,0.));
#3146=DIRECTION('',(-1.,0.,0.));
#3147=DIRECTION('',(1.,0.,0.));
#3148=DIRECTION('',(0.,0.,1.));
#3149=DIRECTION('center_axis',(1.,0.,0.));
#3150=DIRECTION('ref_axis',(0.,1.,0.));
#3151=DIRECTION('',(0.,-1.,0.));
#3152=DIRECTION('',(0.,1.,0.));
#3153=DIRECTION('',(0.,0.,1.));
#3154=DIRECTION('center_axis',(0.,1.,0.));
#3155=DIRECTION('ref_axis',(-1.,0.,0.));
#3156=DIRECTION('',(1.,0.,0.));
#3157=DIRECTION('',(-1.,0.,0.));
#3158=DIRECTION('center_axis',(0.,0.,1.));
#3159=DIRECTION('ref_axis',(1.,0.,0.));
#3160=DIRECTION('center_axis',(0.,0.,1.));
#3161=DIRECTION('ref_axis',(1.,0.,0.));
#3162=DIRECTION('',(0.,-1.,0.));
#3163=DIRECTION('',(-1.,0.,0.));
#3164=DIRECTION('',(-8.45884209238215E-15,1.,0.));
#3165=DIRECTION('',(1.,1.77635683940024E-15,0.));
#3166=DIRECTION('center_axis',(0.,0.,1.));
#3167=DIRECTION('ref_axis',(1.,0.,0.));
#3168=DIRECTION('',(-8.45884209238215E-15,1.,0.));
#3169=DIRECTION('',(1.,1.77635683940024E-15,0.));
#3170=DIRECTION('',(0.,-1.,0.));
#3171=DIRECTION('',(-1.,0.,0.));
#3172=DIRECTION('center_axis',(0.,0.,1.));
#3173=DIRECTION('ref_axis',(1.,0.,0.));
#3174=DIRECTION('',(-8.45884209238215E-15,1.,0.));
#3175=DIRECTION('',(1.,2.66453525910037E-15,0.));
#3176=DIRECTION('',(0.,-1.,0.));
#3177=DIRECTION('',(-1.,0.,0.));
#3178=DIRECTION('center_axis',(0.,0.,1.));
#3179=DIRECTION('ref_axis',(1.,0.,0.));
#3180=DIRECTION('',(-8.45884209238215E-15,1.,0.));
#3181=DIRECTION('',(1.,2.66453525910037E-15,0.));
#3182=DIRECTION('',(0.,-1.,0.));
#3183=DIRECTION('',(-1.,0.,0.));
#3184=DIRECTION('center_axis',(0.,0.,1.));
#3185=DIRECTION('ref_axis',(1.,0.,0.));
#3186=DIRECTION('',(-8.45884209238215E-15,1.,0.));
#3187=DIRECTION('',(1.,2.66453525910037E-15,0.));
#3188=DIRECTION('',(0.,-1.,0.));
#3189=DIRECTION('',(-1.,0.,0.));
#3190=DIRECTION('center_axis',(0.,0.,1.));
#3191=DIRECTION('ref_axis',(1.,0.,0.));
#3192=DIRECTION('',(-8.45884209238215E-15,1.,0.));
#3193=DIRECTION('',(1.,2.66453525910037E-15,0.));
#3194=DIRECTION('',(0.,-1.,0.));
#3195=DIRECTION('',(-1.,0.,0.));
#3196=DIRECTION('center_axis',(0.,0.,1.));
#3197=DIRECTION('ref_axis',(1.,0.,0.));
#3198=DIRECTION('',(-8.45884209238215E-15,1.,0.));
#3199=DIRECTION('',(1.,1.77635683940024E-15,0.));
#3200=DIRECTION('',(0.,-1.,0.));
#3201=DIRECTION('',(-1.,0.,0.));
#3202=DIRECTION('center_axis',(0.,0.,1.));
#3203=DIRECTION('ref_axis',(1.,0.,0.));
#3204=DIRECTION('',(-8.45884209238215E-15,1.,0.));
#3205=DIRECTION('',(1.,1.77635683940024E-15,0.));
#3206=DIRECTION('',(0.,-1.,0.));
#3207=DIRECTION('',(-1.,0.,0.));
#3208=DIRECTION('center_axis',(0.,0.,1.));
#3209=DIRECTION('ref_axis',(1.,0.,0.));
#3210=DIRECTION('',(-8.45884209238215E-15,1.,0.));
#3211=DIRECTION('',(1.,1.77635683940024E-15,0.));
#3212=DIRECTION('',(0.,-1.,0.));
#3213=DIRECTION('',(-1.,0.,0.));
#3214=DIRECTION('center_axis',(0.,0.,1.));
#3215=DIRECTION('ref_axis',(1.,0.,0.));
#3216=DIRECTION('',(-8.45884209238215E-15,1.,0.));
#3217=DIRECTION('',(1.,1.77635683940024E-15,0.));
#3218=DIRECTION('',(0.,-1.,0.));
#3219=DIRECTION('',(-1.,5.55111512312578E-17,0.));
#3220=DIRECTION('center_axis',(0.,0.,1.));
#3221=DIRECTION('ref_axis',(1.,0.,0.));
#3222=DIRECTION('',(-8.45884209238215E-15,1.,0.));
#3223=DIRECTION('',(1.,1.88737914186276E-15,0.));
#3224=DIRECTION('',(0.,-1.,0.));
#3225=DIRECTION('',(-1.,0.,0.));
#3226=DIRECTION('center_axis',(0.,0.,1.));
#3227=DIRECTION('ref_axis',(1.,0.,0.));
#3228=DIRECTION('',(-8.45884209238215E-15,1.,0.));
#3229=DIRECTION('',(1.,1.77635683940024E-15,0.));
#3230=DIRECTION('',(0.,-1.,0.));
#3231=DIRECTION('',(-1.,0.,0.));
#3232=DIRECTION('center_axis',(0.,0.,1.));
#3233=DIRECTION('ref_axis',(1.,0.,0.));
#3234=DIRECTION('',(-8.45884209238215E-15,1.,0.));
#3235=DIRECTION('',(1.,1.77635683940024E-15,0.));
#3236=DIRECTION('',(0.,-1.,0.));
#3237=DIRECTION('',(-1.,0.,0.));
#3238=DIRECTION('center_axis',(0.,0.,1.));
#3239=DIRECTION('ref_axis',(1.,0.,0.));
#3240=DIRECTION('',(-8.45884209238215E-15,1.,0.));
#3241=DIRECTION('',(1.,1.77635683940024E-15,0.));
#3242=DIRECTION('',(0.,-1.,0.));
#3243=DIRECTION('',(-1.,0.,0.));
#3244=DIRECTION('center_axis',(0.,1.,0.));
#3245=DIRECTION('ref_axis',(-1.,0.,0.));
#3246=DIRECTION('',(0.,0.,1.));
#3247=DIRECTION('',(0.,0.,1.));
#3248=DIRECTION('center_axis',(-1.,0.,0.));
#3249=DIRECTION('ref_axis',(0.,-1.,0.));
#3250=DIRECTION('',(0.,0.,1.));
#3251=DIRECTION('center_axis',(1.77635683940024E-15,-1.,0.));
#3252=DIRECTION('ref_axis',(1.,1.77635683940024E-15,0.));
#3253=DIRECTION('',(0.,0.,1.));
#3254=DIRECTION('center_axis',(1.,8.45884209238215E-15,0.));
#3255=DIRECTION('ref_axis',(-8.45884209238215E-15,1.,0.));
#3256=DIRECTION('center_axis',(0.,1.,0.));
#3257=DIRECTION('ref_axis',(-1.,0.,0.));
#3258=DIRECTION('',(0.,0.,1.));
#3259=DIRECTION('',(0.,0.,1.));
#3260=DIRECTION('center_axis',(-1.,0.,0.));
#3261=DIRECTION('ref_axis',(0.,-1.,0.));
#3262=DIRECTION('',(0.,0.,1.));
#3263=DIRECTION('center_axis',(1.88737914186276E-15,-1.,0.));
#3264=DIRECTION('ref_axis',(1.,1.88737914186276E-15,0.));
#3265=DIRECTION('',(0.,0.,1.));
#3266=DIRECTION('center_axis',(1.,8.45884209238215E-15,0.));
#3267=DIRECTION('ref_axis',(-8.45884209238215E-15,1.,0.));
#3268=DIRECTION('center_axis',(0.,1.,0.));
#3269=DIRECTION('ref_axis',(-1.,0.,0.));
#3270=DIRECTION('',(0.,0.,1.));
#3271=DIRECTION('',(0.,0.,1.));
#3272=DIRECTION('center_axis',(-1.,0.,0.));
#3273=DIRECTION('ref_axis',(0.,-1.,0.));
#3274=DIRECTION('',(0.,0.,1.));
#3275=DIRECTION('center_axis',(1.77635683940024E-15,-1.,0.));
#3276=DIRECTION('ref_axis',(1.,1.77635683940024E-15,0.));
#3277=DIRECTION('',(0.,0.,1.));
#3278=DIRECTION('center_axis',(1.,8.45884209238215E-15,0.));
#3279=DIRECTION('ref_axis',(-8.45884209238215E-15,1.,0.));
#3280=DIRECTION('center_axis',(0.,1.,0.));
#3281=DIRECTION('ref_axis',(-1.,0.,0.));
#3282=DIRECTION('',(0.,0.,1.));
#3283=DIRECTION('',(0.,0.,1.));
#3284=DIRECTION('center_axis',(-1.,0.,0.));
#3285=DIRECTION('ref_axis',(0.,-1.,0.));
#3286=DIRECTION('',(0.,0.,1.));
#3287=DIRECTION('center_axis',(1.77635683940024E-15,-1.,0.));
#3288=DIRECTION('ref_axis',(1.,1.77635683940024E-15,0.));
#3289=DIRECTION('',(0.,0.,1.));
#3290=DIRECTION('center_axis',(1.,8.45884209238215E-15,0.));
#3291=DIRECTION('ref_axis',(-8.45884209238215E-15,1.,0.));
#3292=DIRECTION('center_axis',(0.,1.,0.));
#3293=DIRECTION('ref_axis',(-1.,0.,0.));
#3294=DIRECTION('',(0.,0.,1.));
#3295=DIRECTION('',(0.,0.,1.));
#3296=DIRECTION('center_axis',(-1.,0.,0.));
#3297=DIRECTION('ref_axis',(0.,-1.,0.));
#3298=DIRECTION('',(0.,0.,1.));
#3299=DIRECTION('center_axis',(2.66453525910037E-15,-1.,0.));
#3300=DIRECTION('ref_axis',(1.,2.66453525910037E-15,0.));
#3301=DIRECTION('',(0.,0.,1.));
#3302=DIRECTION('center_axis',(1.,8.45884209238215E-15,0.));
#3303=DIRECTION('ref_axis',(-8.45884209238215E-15,1.,0.));
#3304=DIRECTION('center_axis',(0.,1.,0.));
#3305=DIRECTION('ref_axis',(-1.,0.,0.));
#3306=DIRECTION('',(0.,0.,1.));
#3307=DIRECTION('',(0.,0.,1.));
#3308=DIRECTION('center_axis',(-1.,0.,0.));
#3309=DIRECTION('ref_axis',(0.,-1.,0.));
#3310=DIRECTION('',(0.,0.,1.));
#3311=DIRECTION('center_axis',(2.66453525910037E-15,-1.,0.));
#3312=DIRECTION('ref_axis',(1.,2.66453525910037E-15,0.));
#3313=DIRECTION('',(0.,0.,1.));
#3314=DIRECTION('center_axis',(1.,8.45884209238215E-15,0.));
#3315=DIRECTION('ref_axis',(-8.45884209238215E-15,1.,0.));
#3316=DIRECTION('center_axis',(0.,1.,0.));
#3317=DIRECTION('ref_axis',(-1.,0.,0.));
#3318=DIRECTION('',(0.,0.,1.));
#3319=DIRECTION('',(0.,0.,1.));
#3320=DIRECTION('center_axis',(-1.,0.,0.));
#3321=DIRECTION('ref_axis',(0.,-1.,0.));
#3322=DIRECTION('',(0.,0.,1.));
#3323=DIRECTION('center_axis',(1.77635683940024E-15,-1.,0.));
#3324=DIRECTION('ref_axis',(1.,1.77635683940024E-15,0.));
#3325=DIRECTION('',(0.,0.,1.));
#3326=DIRECTION('center_axis',(1.,8.45884209238215E-15,0.));
#3327=DIRECTION('ref_axis',(-8.45884209238215E-15,1.,0.));
#3328=DIRECTION('center_axis',(0.,1.,0.));
#3329=DIRECTION('ref_axis',(-1.,0.,0.));
#3330=DIRECTION('',(0.,0.,1.));
#3331=DIRECTION('',(0.,0.,1.));
#3332=DIRECTION('center_axis',(-1.,0.,0.));
#3333=DIRECTION('ref_axis',(0.,-1.,0.));
#3334=DIRECTION('',(0.,0.,1.));
#3335=DIRECTION('center_axis',(1.77635683940024E-15,-1.,0.));
#3336=DIRECTION('ref_axis',(1.,1.77635683940024E-15,0.));
#3337=DIRECTION('',(0.,0.,1.));
#3338=DIRECTION('center_axis',(1.,8.45884209238215E-15,0.));
#3339=DIRECTION('ref_axis',(-8.45884209238215E-15,1.,0.));
#3340=DIRECTION('center_axis',(1.77635683940024E-15,-1.,0.));
#3341=DIRECTION('ref_axis',(1.,1.77635683940024E-15,0.));
#3342=DIRECTION('',(0.,0.,1.));
#3343=DIRECTION('',(0.,0.,1.));
#3344=DIRECTION('center_axis',(1.,8.45884209238215E-15,0.));
#3345=DIRECTION('ref_axis',(-8.45884209238215E-15,1.,0.));
#3346=DIRECTION('',(0.,0.,1.));
#3347=DIRECTION('center_axis',(0.,1.,0.));
#3348=DIRECTION('ref_axis',(-1.,0.,0.));
#3349=DIRECTION('',(0.,0.,1.));
#3350=DIRECTION('center_axis',(-1.,0.,0.));
#3351=DIRECTION('ref_axis',(0.,-1.,0.));
#3352=DIRECTION('center_axis',(0.,1.,0.));
#3353=DIRECTION('ref_axis',(-1.,0.,0.));
#3354=DIRECTION('',(0.,0.,1.));
#3355=DIRECTION('',(0.,0.,1.));
#3356=DIRECTION('center_axis',(-1.,0.,0.));
#3357=DIRECTION('ref_axis',(0.,-1.,0.));
#3358=DIRECTION('',(0.,0.,1.));
#3359=DIRECTION('center_axis',(1.77635683940024E-15,-1.,0.));
#3360=DIRECTION('ref_axis',(1.,1.77635683940024E-15,0.));
#3361=DIRECTION('',(0.,0.,1.));
#3362=DIRECTION('center_axis',(1.,8.45884209238215E-15,0.));
#3363=DIRECTION('ref_axis',(-8.45884209238215E-15,1.,0.));
#3364=DIRECTION('center_axis',(0.,1.,0.));
#3365=DIRECTION('ref_axis',(-1.,0.,0.));
#3366=DIRECTION('',(0.,0.,1.));
#3367=DIRECTION('',(0.,0.,1.));
#3368=DIRECTION('center_axis',(-1.,0.,0.));
#3369=DIRECTION('ref_axis',(0.,-1.,0.));
#3370=DIRECTION('',(0.,0.,1.));
#3371=DIRECTION('center_axis',(2.66453525910037E-15,-1.,0.));
#3372=DIRECTION('ref_axis',(1.,2.66453525910037E-15,0.));
#3373=DIRECTION('',(0.,0.,1.));
#3374=DIRECTION('center_axis',(1.,8.45884209238215E-15,0.));
#3375=DIRECTION('ref_axis',(-8.45884209238215E-15,1.,0.));
#3376=DIRECTION('center_axis',(0.,1.,0.));
#3377=DIRECTION('ref_axis',(-1.,0.,0.));
#3378=DIRECTION('',(0.,0.,1.));
#3379=DIRECTION('',(0.,0.,1.));
#3380=DIRECTION('center_axis',(-1.,0.,0.));
#3381=DIRECTION('ref_axis',(0.,-1.,0.));
#3382=DIRECTION('',(0.,0.,1.));
#3383=DIRECTION('center_axis',(2.66453525910037E-15,-1.,0.));
#3384=DIRECTION('ref_axis',(1.,2.66453525910037E-15,0.));
#3385=DIRECTION('',(0.,0.,1.));
#3386=DIRECTION('center_axis',(1.,8.45884209238215E-15,0.));
#3387=DIRECTION('ref_axis',(-8.45884209238215E-15,1.,0.));
#3388=DIRECTION('center_axis',(0.,1.,0.));
#3389=DIRECTION('ref_axis',(-1.,0.,0.));
#3390=DIRECTION('',(0.,0.,1.));
#3391=DIRECTION('',(0.,0.,1.));
#3392=DIRECTION('center_axis',(-1.,0.,0.));
#3393=DIRECTION('ref_axis',(0.,-1.,0.));
#3394=DIRECTION('',(0.,0.,1.));
#3395=DIRECTION('center_axis',(1.77635683940024E-15,-1.,0.));
#3396=DIRECTION('ref_axis',(1.,1.77635683940024E-15,0.));
#3397=DIRECTION('',(0.,0.,1.));
#3398=DIRECTION('center_axis',(1.,8.45884209238215E-15,0.));
#3399=DIRECTION('ref_axis',(-8.45884209238215E-15,1.,0.));
#3400=DIRECTION('center_axis',(5.55111512312578E-17,1.,0.));
#3401=DIRECTION('ref_axis',(-1.,5.55111512312578E-17,0.));
#3402=DIRECTION('',(0.,0.,1.));
#3403=DIRECTION('',(0.,0.,1.));
#3404=DIRECTION('center_axis',(-1.,0.,0.));
#3405=DIRECTION('ref_axis',(0.,-1.,0.));
#3406=DIRECTION('',(0.,0.,1.));
#3407=DIRECTION('center_axis',(1.77635683940024E-15,-1.,0.));
#3408=DIRECTION('ref_axis',(1.,1.77635683940024E-15,0.));
#3409=DIRECTION('',(0.,0.,1.));
#3410=DIRECTION('center_axis',(1.,8.45884209238215E-15,0.));
#3411=DIRECTION('ref_axis',(-8.45884209238215E-15,1.,0.));
#3412=DIRECTION('',(1.38777878078145E-17,-6.93889390390723E-18,1.));
#3413=DIRECTION('',(1.,-3.85185988877447E-34,0.));
#3414=CARTESIAN_POINT('',(0.,0.,0.));
#3415=CARTESIAN_POINT('',(0.,0.,0.));
#3416=CARTESIAN_POINT('Origin',(-60.010000372529,11.7700000596046,4.));
#3417=CARTESIAN_POINT('',(-60.160000372529,11.7700000596046,4.));
#3418=CARTESIAN_POINT('',(-9.85999962747096,11.7700000596046,4.));
#3419=CARTESIAN_POINT('',(-30.0050001862645,11.7700000596046,4.));
#3420=CARTESIAN_POINT('',(-60.160000372529,11.7700000596046,1.85));
#3421=CARTESIAN_POINT('',(-60.160000372529,11.7700000596046,4.));
#3422=CARTESIAN_POINT('',(-9.85999962747096,11.7700000596046,1.85));
#3423=CARTESIAN_POINT('',(-47.5100001862645,11.7700000596046,1.85));
#3424=CARTESIAN_POINT('',(-9.85999962747096,11.7700000596046,4.));
#3425=CARTESIAN_POINT('Origin',(-60.160000372529,3.61999994039536,4.));
#3426=CARTESIAN_POINT('',(-60.160000372529,3.46999994039536,4.));
#3427=CARTESIAN_POINT('',(-60.160000372529,1.80999997019768,4.));
#3428=CARTESIAN_POINT('',(-60.160000372529,3.46999994039536,1.85));
#3429=CARTESIAN_POINT('',(-60.160000372529,3.46999994039536,4.));
#3430=CARTESIAN_POINT('',(-60.160000372529,5.61999997019768,1.85));
#3431=CARTESIAN_POINT('Origin',(-10.009999627471,3.46999994039536,4.));
#3432=CARTESIAN_POINT('',(-9.85999962747096,3.46999994039536,4.));
#3433=CARTESIAN_POINT('',(-5.00499981373548,3.46999994039536,4.));
#3434=CARTESIAN_POINT('',(-9.85999962747096,3.46999994039536,1.85));
#3435=CARTESIAN_POINT('',(-9.85999962747096,3.46999994039536,4.));
#3436=CARTESIAN_POINT('',(-22.5099998137355,3.46999994039536,1.85));
#3437=CARTESIAN_POINT('Origin',(-9.85999962747096,11.6200000596046,4.));
#3438=CARTESIAN_POINT('',(-9.85999962747096,5.81000002980233,4.));
#3439=CARTESIAN_POINT('',(-9.85999962747096,9.62000002980233,1.85));
#3440=CARTESIAN_POINT('Origin',(-35.01,7.62,1.85));
#3441=CARTESIAN_POINT('Origin',(-15.64,-11.415,0.));
#3442=CARTESIAN_POINT('',(-58.66,-11.415,1.));
#3443=CARTESIAN_POINT('',(-57.66,-11.415,0.));
#3444=CARTESIAN_POINT('',(-47.405,-11.415,-10.255));
#3445=CARTESIAN_POINT('',(15.64,-11.415,0.));
#3446=CARTESIAN_POINT('',(-7.81999999999998,-11.415,0.));
#3447=CARTESIAN_POINT('',(15.64,-11.415,4.));
#3448=CARTESIAN_POINT('',(15.64,-11.415,0.));
#3449=CARTESIAN_POINT('',(-85.66,-11.415,4.));
#3450=CARTESIAN_POINT('',(-7.81999999999999,-11.415,4.));
#3451=CARTESIAN_POINT('',(-85.66,-11.415,1.));
#3452=CARTESIAN_POINT('',(-85.66,-11.415,1.25));
#3453=CARTESIAN_POINT('',(-37.15,-11.415,1.));
#3454=CARTESIAN_POINT('Origin',(15.64,-26.655,0.));
#3455=CARTESIAN_POINT('',(15.64,26.655,0.));
#3456=CARTESIAN_POINT('',(15.64,-26.655,0.));
#3457=CARTESIAN_POINT('',(15.64,26.655,4.));
#3458=CARTESIAN_POINT('',(15.64,26.655,0.));
#3459=CARTESIAN_POINT('',(15.64,24.88,4.));
#3460=CARTESIAN_POINT('',(15.64,-26.655,4.));
#3461=CARTESIAN_POINT('',(15.64,24.88,1.));
#3462=CARTESIAN_POINT('',(15.64,24.88,1.));
#3463=CARTESIAN_POINT('',(15.64,23.38,1.));
#3464=CARTESIAN_POINT('',(15.64,-26.655,1.));
#3465=CARTESIAN_POINT('',(15.64,23.38,4.));
#3466=CARTESIAN_POINT('',(15.64,23.38,1.));
#3467=CARTESIAN_POINT('',(15.64,22.34,4.));
#3468=CARTESIAN_POINT('',(15.64,-26.655,4.));
#3469=CARTESIAN_POINT('',(15.64,22.34,1.));
#3470=CARTESIAN_POINT('',(15.64,22.34,1.));
#3471=CARTESIAN_POINT('',(15.64,20.84,1.));
#3472=CARTESIAN_POINT('',(15.64,-26.655,1.));
#3473=CARTESIAN_POINT('',(15.64,20.84,4.));
#3474=CARTESIAN_POINT('',(15.64,20.84,1.));
#3475=CARTESIAN_POINT('',(15.64,19.8,4.));
#3476=CARTESIAN_POINT('',(15.64,-26.655,4.));
#3477=CARTESIAN_POINT('',(15.64,19.8,1.));
#3478=CARTESIAN_POINT('',(15.64,19.8,1.));
#3479=CARTESIAN_POINT('',(15.64,18.3,1.));
#3480=CARTESIAN_POINT('',(15.64,-26.655,1.));
#3481=CARTESIAN_POINT('',(15.64,18.3,4.));
#3482=CARTESIAN_POINT('',(15.64,18.3,1.));
#3483=CARTESIAN_POINT('',(15.64,17.26,4.));
#3484=CARTESIAN_POINT('',(15.64,-26.655,4.));
#3485=CARTESIAN_POINT('',(15.64,17.26,1.));
#3486=CARTESIAN_POINT('',(15.64,17.26,1.));
#3487=CARTESIAN_POINT('',(15.64,15.76,1.));
#3488=CARTESIAN_POINT('',(15.64,-26.655,1.));
#3489=CARTESIAN_POINT('',(15.64,15.76,4.));
#3490=CARTESIAN_POINT('',(15.64,15.76,1.));
#3491=CARTESIAN_POINT('',(15.64,14.72,4.));
#3492=CARTESIAN_POINT('',(15.64,-26.655,4.));
#3493=CARTESIAN_POINT('',(15.64,14.72,1.));
#3494=CARTESIAN_POINT('',(15.64,14.72,1.));
#3495=CARTESIAN_POINT('',(15.64,13.22,1.));
#3496=CARTESIAN_POINT('',(15.64,-26.655,1.));
#3497=CARTESIAN_POINT('',(15.64,13.22,4.));
#3498=CARTESIAN_POINT('',(15.64,13.22,1.));
#3499=CARTESIAN_POINT('',(15.64,12.18,4.));
#3500=CARTESIAN_POINT('',(15.64,-26.655,4.));
#3501=CARTESIAN_POINT('',(15.64,12.18,1.));
#3502=CARTESIAN_POINT('',(15.64,12.18,1.));
#3503=CARTESIAN_POINT('',(15.64,10.68,1.));
#3504=CARTESIAN_POINT('',(15.64,-26.655,1.));
#3505=CARTESIAN_POINT('',(15.64,10.68,4.));
#3506=CARTESIAN_POINT('',(15.64,10.68,1.));
#3507=CARTESIAN_POINT('',(15.64,9.64000000000001,4.));
#3508=CARTESIAN_POINT('',(15.64,-26.655,4.));
#3509=CARTESIAN_POINT('',(15.64,9.64000000000001,1.));
#3510=CARTESIAN_POINT('',(15.64,9.64000000000001,1.));
#3511=CARTESIAN_POINT('',(15.64,8.14000000000001,1.));
#3512=CARTESIAN_POINT('',(15.64,-26.655,1.));
#3513=CARTESIAN_POINT('',(15.64,8.14000000000001,4.));
#3514=CARTESIAN_POINT('',(15.64,8.14000000000001,1.));
#3515=CARTESIAN_POINT('',(15.64,7.10000000000001,4.));
#3516=CARTESIAN_POINT('',(15.64,-26.655,4.));
#3517=CARTESIAN_POINT('',(15.64,7.10000000000001,1.));
#3518=CARTESIAN_POINT('',(15.64,7.10000000000001,1.));
#3519=CARTESIAN_POINT('',(15.64,5.60000000000001,1.));
#3520=CARTESIAN_POINT('',(15.64,-26.655,1.));
#3521=CARTESIAN_POINT('',(15.64,5.60000000000001,4.));
#3522=CARTESIAN_POINT('',(15.64,5.60000000000001,1.));
#3523=CARTESIAN_POINT('',(15.64,4.56000000000001,4.));
#3524=CARTESIAN_POINT('',(15.64,-26.655,4.));
#3525=CARTESIAN_POINT('',(15.64,4.56000000000001,1.));
#3526=CARTESIAN_POINT('',(15.64,4.56000000000001,1.));
#3527=CARTESIAN_POINT('',(15.64,3.06000000000001,1.));
#3528=CARTESIAN_POINT('',(15.64,-26.655,1.));
#3529=CARTESIAN_POINT('',(15.64,3.06000000000001,4.));
#3530=CARTESIAN_POINT('',(15.64,3.06000000000001,1.));
#3531=CARTESIAN_POINT('',(15.64,2.02000000000001,4.));
#3532=CARTESIAN_POINT('',(15.64,-26.655,4.));
#3533=CARTESIAN_POINT('',(15.64,2.02000000000001,1.));
#3534=CARTESIAN_POINT('',(15.64,2.02000000000001,1.));
#3535=CARTESIAN_POINT('',(15.64,0.520000000000009,1.));
#3536=CARTESIAN_POINT('',(15.64,-26.655,1.));
#3537=CARTESIAN_POINT('',(15.64,0.520000000000009,4.));
#3538=CARTESIAN_POINT('',(15.64,0.520000000000009,1.));
#3539=CARTESIAN_POINT('',(15.64,-0.519999999999987,4.));
#3540=CARTESIAN_POINT('',(15.64,-26.655,4.));
#3541=CARTESIAN_POINT('',(15.64,-0.519999999999987,1.));
#3542=CARTESIAN_POINT('',(15.64,-0.519999999999987,1.));
#3543=CARTESIAN_POINT('',(15.64,-2.01999999999999,1.));
#3544=CARTESIAN_POINT('',(15.64,-26.655,1.));
#3545=CARTESIAN_POINT('',(15.64,-2.01999999999999,4.));
#3546=CARTESIAN_POINT('',(15.64,-2.01999999999999,1.));
#3547=CARTESIAN_POINT('',(15.64,-3.05999999999999,4.));
#3548=CARTESIAN_POINT('',(15.64,-26.655,4.));
#3549=CARTESIAN_POINT('',(15.64,-3.05999999999999,1.));
#3550=CARTESIAN_POINT('',(15.64,-3.05999999999999,1.));
#3551=CARTESIAN_POINT('',(15.64,-4.55999999999999,1.));
#3552=CARTESIAN_POINT('',(15.64,-26.655,1.));
#3553=CARTESIAN_POINT('',(15.64,-4.55999999999999,4.));
#3554=CARTESIAN_POINT('',(15.64,-4.55999999999999,1.));
#3555=CARTESIAN_POINT('',(15.64,-5.59999999999999,4.));
#3556=CARTESIAN_POINT('',(15.64,-26.655,4.));
#3557=CARTESIAN_POINT('',(15.64,-5.59999999999999,1.));
#3558=CARTESIAN_POINT('',(15.64,-5.59999999999999,1.));
#3559=CARTESIAN_POINT('',(15.64,-7.09999999999999,1.));
#3560=CARTESIAN_POINT('',(15.64,-26.655,1.));
#3561=CARTESIAN_POINT('',(15.64,-7.09999999999999,4.));
#3562=CARTESIAN_POINT('',(15.64,-7.09999999999999,1.));
#3563=CARTESIAN_POINT('',(15.64,-8.13999999999999,4.));
#3564=CARTESIAN_POINT('',(15.64,-26.655,4.));
#3565=CARTESIAN_POINT('',(15.64,-8.13999999999999,1.));
#3566=CARTESIAN_POINT('',(15.64,-8.13999999999999,1.));
#3567=CARTESIAN_POINT('',(15.64,-9.63999999999999,1.));
#3568=CARTESIAN_POINT('',(15.64,-26.655,1.));
#3569=CARTESIAN_POINT('',(15.64,-9.63999999999999,4.));
#3570=CARTESIAN_POINT('',(15.64,-9.63999999999999,1.));
#3571=CARTESIAN_POINT('',(15.64,-26.655,4.));
#3572=CARTESIAN_POINT('Origin',(1.99840144432528E-14,0.,0.));
#3573=CARTESIAN_POINT('',(-57.66,26.655,0.));
#3574=CARTESIAN_POINT('',(-57.66,-9.74000000000001,0.));
#3575=CARTESIAN_POINT('',(15.64,26.655,0.));
#3576=CARTESIAN_POINT('',(11.14,-9.41499999999999,0.));
#3577=CARTESIAN_POINT('',(11.14,-8.36499999999999,0.));
#3578=CARTESIAN_POINT('',(11.14,-8.36499999999999,0.));
#3579=CARTESIAN_POINT('',(13.64,-9.41499999999999,0.));
#3580=CARTESIAN_POINT('',(11.14,-9.41499999999999,0.));
#3581=CARTESIAN_POINT('',(13.64,-8.36499999999999,0.));
#3582=CARTESIAN_POINT('',(13.64,-9.41499999999999,0.));
#3583=CARTESIAN_POINT('',(13.64,-8.36499999999999,0.));
#3584=CARTESIAN_POINT('',(11.14,-1.79499999999999,0.));
#3585=CARTESIAN_POINT('',(11.14,-0.74499999999999,0.));
#3586=CARTESIAN_POINT('',(11.14,-0.74499999999999,0.));
#3587=CARTESIAN_POINT('',(13.64,-1.79499999999999,0.));
#3588=CARTESIAN_POINT('',(11.14,-1.79499999999999,0.));
#3589=CARTESIAN_POINT('',(13.64,-0.744999999999986,0.));
#3590=CARTESIAN_POINT('',(13.64,-1.79499999999999,0.));
#3591=CARTESIAN_POINT('',(13.64,-0.744999999999986,0.));
#3592=CARTESIAN_POINT('',(11.14,-4.33499999999999,0.));
#3593=CARTESIAN_POINT('',(11.14,-3.28499999999999,0.));
#3594=CARTESIAN_POINT('',(11.14,-3.28499999999999,0.));
#3595=CARTESIAN_POINT('',(13.64,-4.33499999999999,0.));
#3596=CARTESIAN_POINT('',(11.14,-4.33499999999999,0.));
#3597=CARTESIAN_POINT('',(13.64,-3.28499999999999,0.));
#3598=CARTESIAN_POINT('',(13.64,-4.33499999999999,0.));
#3599=CARTESIAN_POINT('',(13.64,-3.28499999999999,0.));
#3600=CARTESIAN_POINT('',(11.14,-6.87499999999999,0.));
#3601=CARTESIAN_POINT('',(11.14,-5.82499999999999,0.));
#3602=CARTESIAN_POINT('',(11.14,-5.82499999999999,0.));
#3603=CARTESIAN_POINT('',(13.64,-6.87499999999999,0.));
#3604=CARTESIAN_POINT('',(11.14,-6.87499999999999,0.));
#3605=CARTESIAN_POINT('',(13.64,-5.82499999999999,0.));
#3606=CARTESIAN_POINT('',(13.64,-6.87499999999999,0.));
#3607=CARTESIAN_POINT('',(13.64,-5.82499999999999,0.));
#3608=CARTESIAN_POINT('',(11.14,13.445,0.));
#3609=CARTESIAN_POINT('',(11.14,14.495,0.));
#3610=CARTESIAN_POINT('',(11.14,14.495,0.));
#3611=CARTESIAN_POINT('',(13.64,13.445,0.));
#3612=CARTESIAN_POINT('',(11.14,13.445,0.));
#3613=CARTESIAN_POINT('',(13.64,14.495,0.));
#3614=CARTESIAN_POINT('',(13.64,13.445,0.));
#3615=CARTESIAN_POINT('',(13.64,14.495,0.));
#3616=CARTESIAN_POINT('',(11.14,15.985,0.));
#3617=CARTESIAN_POINT('',(11.14,17.035,0.));
#3618=CARTESIAN_POINT('',(11.14,17.035,0.));
#3619=CARTESIAN_POINT('',(13.64,15.985,0.));
#3620=CARTESIAN_POINT('',(11.14,15.985,0.));
#3621=CARTESIAN_POINT('',(13.64,17.035,0.));
#3622=CARTESIAN_POINT('',(13.64,15.985,0.));
#3623=CARTESIAN_POINT('',(13.64,17.035,0.));
#3624=CARTESIAN_POINT('',(11.14,3.28500000000001,0.));
#3625=CARTESIAN_POINT('',(11.14,4.33500000000001,0.));
#3626=CARTESIAN_POINT('',(11.14,4.33500000000001,0.));
#3627=CARTESIAN_POINT('',(13.64,3.28500000000001,0.));
#3628=CARTESIAN_POINT('',(11.14,3.28500000000001,0.));
#3629=CARTESIAN_POINT('',(13.64,4.33500000000001,0.));
#3630=CARTESIAN_POINT('',(13.64,3.28500000000001,0.));
#3631=CARTESIAN_POINT('',(13.64,4.33500000000001,0.));
#3632=CARTESIAN_POINT('',(11.14,5.82500000000001,0.));
#3633=CARTESIAN_POINT('',(11.14,6.87500000000001,0.));
#3634=CARTESIAN_POINT('',(11.14,6.87500000000001,0.));
#3635=CARTESIAN_POINT('',(13.64,5.82500000000001,0.));
#3636=CARTESIAN_POINT('',(11.14,5.82500000000001,0.));
#3637=CARTESIAN_POINT('',(13.64,6.87500000000001,0.));
#3638=CARTESIAN_POINT('',(13.64,5.82500000000001,0.));
#3639=CARTESIAN_POINT('',(13.64,6.87500000000001,0.));
#3640=CARTESIAN_POINT('',(13.64,24.655,0.));
#3641=CARTESIAN_POINT('',(13.64,23.605,0.));
#3642=CARTESIAN_POINT('',(13.64,23.605,0.));
#3643=CARTESIAN_POINT('',(11.14,24.655,0.));
#3644=CARTESIAN_POINT('',(13.64,24.655,0.));
#3645=CARTESIAN_POINT('',(11.14,23.605,0.));
#3646=CARTESIAN_POINT('',(11.14,24.655,0.));
#3647=CARTESIAN_POINT('',(11.14,23.605,0.));
#3648=CARTESIAN_POINT('',(11.14,21.065,0.));
#3649=CARTESIAN_POINT('',(11.14,22.115,0.));
#3650=CARTESIAN_POINT('',(11.14,22.115,0.));
#3651=CARTESIAN_POINT('',(13.64,21.065,0.));
#3652=CARTESIAN_POINT('',(11.14,21.065,0.));
#3653=CARTESIAN_POINT('',(13.64,22.115,0.));
#3654=CARTESIAN_POINT('',(13.64,21.065,0.));
#3655=CARTESIAN_POINT('',(13.64,22.115,0.));
#3656=CARTESIAN_POINT('',(11.14,18.525,0.));
#3657=CARTESIAN_POINT('',(11.14,19.575,0.));
#3658=CARTESIAN_POINT('',(11.14,19.575,0.));
#3659=CARTESIAN_POINT('',(13.64,18.525,0.));
#3660=CARTESIAN_POINT('',(11.14,18.525,0.));
#3661=CARTESIAN_POINT('',(13.64,19.575,0.));
#3662=CARTESIAN_POINT('',(13.64,18.525,0.));
#3663=CARTESIAN_POINT('',(13.64,19.575,0.));
#3664=CARTESIAN_POINT('',(11.14,10.905,0.));
#3665=CARTESIAN_POINT('',(11.14,11.955,0.));
#3666=CARTESIAN_POINT('',(11.14,11.955,0.));
#3667=CARTESIAN_POINT('',(13.64,10.905,0.));
#3668=CARTESIAN_POINT('',(11.14,10.905,0.));
#3669=CARTESIAN_POINT('',(13.64,11.955,0.));
#3670=CARTESIAN_POINT('',(13.64,10.905,0.));
#3671=CARTESIAN_POINT('',(13.64,11.955,0.));
#3672=CARTESIAN_POINT('',(11.14,8.36500000000001,0.));
#3673=CARTESIAN_POINT('',(11.14,9.41500000000001,0.));
#3674=CARTESIAN_POINT('',(11.14,9.41500000000001,0.));
#3675=CARTESIAN_POINT('',(13.64,8.36500000000001,0.));
#3676=CARTESIAN_POINT('',(11.14,8.36500000000001,0.));
#3677=CARTESIAN_POINT('',(13.64,9.41500000000002,0.));
#3678=CARTESIAN_POINT('',(13.64,8.36500000000001,0.));
#3679=CARTESIAN_POINT('',(13.64,9.41500000000002,0.));
#3680=CARTESIAN_POINT('',(11.14,0.74500000000001,0.));
#3681=CARTESIAN_POINT('',(11.14,1.79500000000001,0.));
#3682=CARTESIAN_POINT('',(11.14,1.79500000000001,0.));
#3683=CARTESIAN_POINT('',(13.64,0.74500000000001,0.));
#3684=CARTESIAN_POINT('',(11.14,0.74500000000001,0.));
#3685=CARTESIAN_POINT('',(13.64,1.79500000000001,0.));
#3686=CARTESIAN_POINT('',(13.64,0.74500000000001,0.));
#3687=CARTESIAN_POINT('',(13.64,1.79500000000001,0.));
#3688=CARTESIAN_POINT('Origin',(-58.16,2.22044604925031E-15,0.5));
#3689=CARTESIAN_POINT('',(-58.66,26.655,1.));
#3690=CARTESIAN_POINT('',(-58.66,13.3275,1.));
#3691=CARTESIAN_POINT('',(-39.5850000000001,26.655,-18.075));
#3692=CARTESIAN_POINT('Origin',(-58.66,26.655,1.));
#3693=CARTESIAN_POINT('',(-85.66,26.655,1.));
#3694=CARTESIAN_POINT('',(-85.66,26.655,1.));
#3695=CARTESIAN_POINT('',(-58.66,26.655,1.));
#3696=CARTESIAN_POINT('Origin',(-85.66,4.44089209850063E-15,2.5));
#3697=CARTESIAN_POINT('',(-85.66,26.655,4.));
#3698=CARTESIAN_POINT('',(-85.66,-26.655,4.));
#3699=CARTESIAN_POINT('',(-85.66,26.655,0.));
#3700=CARTESIAN_POINT('Origin',(15.64,26.655,0.));
#3701=CARTESIAN_POINT('',(15.64,26.655,4.));
#3702=CARTESIAN_POINT('Origin',(10.0000007428601,24.88,1.));
#3703=CARTESIAN_POINT('',(10.0000007428601,24.88,1.));
#3704=CARTESIAN_POINT('',(5.00000037143007,24.88,1.));
#3705=CARTESIAN_POINT('',(10.0000007428601,24.88,4.));
#3706=CARTESIAN_POINT('',(15.64,24.88,4.));
#3707=CARTESIAN_POINT('',(10.0000007428601,24.88,1.));
#3708=CARTESIAN_POINT('Origin',(10.0000007428601,23.38,1.));
#3709=CARTESIAN_POINT('',(10.0000007428601,23.38,1.));
#3710=CARTESIAN_POINT('',(10.0000007428601,11.69,1.));
#3711=CARTESIAN_POINT('',(10.0000007428601,23.38,4.));
#3712=CARTESIAN_POINT('',(10.0000007428601,24.88,4.));
#3713=CARTESIAN_POINT('',(10.0000007428601,23.38,1.));
#3714=CARTESIAN_POINT('Origin',(15.64,23.38,1.));
#3715=CARTESIAN_POINT('',(7.82000000000002,23.38,1.));
#3716=CARTESIAN_POINT('',(10.0000007428601,23.38,4.));
#3717=CARTESIAN_POINT('Origin',(10.0000007428601,22.34,1.));
#3718=CARTESIAN_POINT('',(10.0000007428601,22.34,1.));
#3719=CARTESIAN_POINT('',(5.00000037143007,22.34,1.));
#3720=CARTESIAN_POINT('',(10.0000007428601,22.34,4.));
#3721=CARTESIAN_POINT('',(15.64,22.34,4.));
#3722=CARTESIAN_POINT('',(10.0000007428601,22.34,1.));
#3723=CARTESIAN_POINT('Origin',(10.0000007428601,20.84,1.));
#3724=CARTESIAN_POINT('',(10.0000007428601,20.84,1.));
#3725=CARTESIAN_POINT('',(10.0000007428601,10.42,1.));
#3726=CARTESIAN_POINT('',(10.0000007428601,20.84,4.));
#3727=CARTESIAN_POINT('',(10.0000007428601,22.34,4.));
#3728=CARTESIAN_POINT('',(10.0000007428601,20.84,1.));
#3729=CARTESIAN_POINT('Origin',(15.64,20.84,1.));
#3730=CARTESIAN_POINT('',(7.82000000000002,20.84,1.));
#3731=CARTESIAN_POINT('',(10.0000007428601,20.84,4.));
#3732=CARTESIAN_POINT('Origin',(10.0000007428601,19.8,1.));
#3733=CARTESIAN_POINT('',(10.0000007428601,19.8,1.));
#3734=CARTESIAN_POINT('',(5.00000037143007,19.8,1.));
#3735=CARTESIAN_POINT('',(10.0000007428601,19.8,4.));
#3736=CARTESIAN_POINT('',(15.64,19.8,4.));
#3737=CARTESIAN_POINT('',(10.0000007428601,19.8,1.));
#3738=CARTESIAN_POINT('Origin',(10.0000007428601,18.3,1.));
#3739=CARTESIAN_POINT('',(10.0000007428601,18.3,1.));
#3740=CARTESIAN_POINT('',(10.0000007428601,9.15000000000001,1.));
#3741=CARTESIAN_POINT('',(10.0000007428601,18.3,4.));
#3742=CARTESIAN_POINT('',(10.0000007428601,19.8,4.));
#3743=CARTESIAN_POINT('',(10.0000007428601,18.3,1.));
#3744=CARTESIAN_POINT('Origin',(15.64,18.3,1.));
#3745=CARTESIAN_POINT('',(7.82000000000002,18.3,1.));
#3746=CARTESIAN_POINT('',(10.0000007428601,18.3,4.));
#3747=CARTESIAN_POINT('Origin',(10.0000007428601,17.26,1.));
#3748=CARTESIAN_POINT('',(10.0000007428601,17.26,1.));
#3749=CARTESIAN_POINT('',(5.00000037143007,17.26,1.));
#3750=CARTESIAN_POINT('',(10.0000007428601,17.26,4.));
#3751=CARTESIAN_POINT('',(15.64,17.26,4.));
#3752=CARTESIAN_POINT('',(10.0000007428601,17.26,1.));
#3753=CARTESIAN_POINT('Origin',(10.0000007428601,15.76,1.));
#3754=CARTESIAN_POINT('',(10.0000007428601,15.76,1.));
#3755=CARTESIAN_POINT('',(10.0000007428601,7.88,1.));
#3756=CARTESIAN_POINT('',(10.0000007428601,15.76,4.));
#3757=CARTESIAN_POINT('',(10.0000007428601,17.26,4.));
#3758=CARTESIAN_POINT('',(10.0000007428601,15.76,1.));
#3759=CARTESIAN_POINT('Origin',(15.64,15.76,1.));
#3760=CARTESIAN_POINT('',(7.82000000000002,15.76,1.));
#3761=CARTESIAN_POINT('',(10.0000007428601,15.76,4.));
#3762=CARTESIAN_POINT('Origin',(10.0000007428601,14.72,1.));
#3763=CARTESIAN_POINT('',(10.0000007428601,14.72,1.));
#3764=CARTESIAN_POINT('',(5.00000037143007,14.72,1.));
#3765=CARTESIAN_POINT('',(10.0000007428601,14.72,4.));
#3766=CARTESIAN_POINT('',(15.64,14.72,4.));
#3767=CARTESIAN_POINT('',(10.0000007428601,14.72,1.));
#3768=CARTESIAN_POINT('Origin',(10.0000007428601,13.22,1.));
#3769=CARTESIAN_POINT('',(10.0000007428601,13.22,1.));
#3770=CARTESIAN_POINT('',(10.0000007428601,6.61,1.));
#3771=CARTESIAN_POINT('',(10.0000007428601,13.22,4.));
#3772=CARTESIAN_POINT('',(10.0000007428601,14.72,4.));
#3773=CARTESIAN_POINT('',(10.0000007428601,13.22,1.));
#3774=CARTESIAN_POINT('Origin',(15.64,13.22,1.));
#3775=CARTESIAN_POINT('',(7.82000000000002,13.22,1.));
#3776=CARTESIAN_POINT('',(10.0000007428601,13.22,4.));
#3777=CARTESIAN_POINT('Origin',(10.0000007428601,12.18,1.));
#3778=CARTESIAN_POINT('',(10.0000007428601,12.18,1.));
#3779=CARTESIAN_POINT('',(5.00000037143007,12.18,1.));
#3780=CARTESIAN_POINT('',(10.0000007428601,12.18,4.));
#3781=CARTESIAN_POINT('',(15.64,12.18,4.));
#3782=CARTESIAN_POINT('',(10.0000007428601,12.18,1.));
#3783=CARTESIAN_POINT('Origin',(10.0000007428601,10.68,1.));
#3784=CARTESIAN_POINT('',(10.0000007428601,10.68,1.));
#3785=CARTESIAN_POINT('',(10.0000007428601,5.34000000000001,1.));
#3786=CARTESIAN_POINT('',(10.0000007428601,10.68,4.));
#3787=CARTESIAN_POINT('',(10.0000007428601,12.18,4.));
#3788=CARTESIAN_POINT('',(10.0000007428601,10.68,1.));
#3789=CARTESIAN_POINT('Origin',(15.64,10.68,1.));
#3790=CARTESIAN_POINT('',(7.82000000000002,10.68,1.));
#3791=CARTESIAN_POINT('',(10.0000007428601,10.68,4.));
#3792=CARTESIAN_POINT('Origin',(10.0000007428601,9.64000000000001,1.));
#3793=CARTESIAN_POINT('',(10.0000007428601,9.64000000000001,1.));
#3794=CARTESIAN_POINT('',(5.00000037143007,9.64000000000001,1.));
#3795=CARTESIAN_POINT('',(10.0000007428601,9.64000000000001,4.));
#3796=CARTESIAN_POINT('',(15.64,9.64000000000001,4.));
#3797=CARTESIAN_POINT('',(10.0000007428601,9.64000000000001,1.));
#3798=CARTESIAN_POINT('Origin',(10.0000007428601,8.14000000000001,1.));
#3799=CARTESIAN_POINT('',(10.0000007428601,8.14000000000001,1.));
#3800=CARTESIAN_POINT('',(10.0000007428601,4.07,1.));
#3801=CARTESIAN_POINT('',(10.0000007428601,8.14000000000001,4.));
#3802=CARTESIAN_POINT('',(10.0000007428601,9.64000000000001,4.));
#3803=CARTESIAN_POINT('',(10.0000007428601,8.14000000000001,1.));
#3804=CARTESIAN_POINT('Origin',(15.64,8.14000000000001,1.));
#3805=CARTESIAN_POINT('',(7.82000000000002,8.14000000000001,1.));
#3806=CARTESIAN_POINT('',(10.0000007428601,8.14000000000001,4.));
#3807=CARTESIAN_POINT('Origin',(10.0000007428601,7.10000000000001,1.));
#3808=CARTESIAN_POINT('',(10.0000007428601,7.10000000000001,1.));
#3809=CARTESIAN_POINT('',(5.00000037143007,7.10000000000001,1.));
#3810=CARTESIAN_POINT('',(10.0000007428601,7.10000000000001,4.));
#3811=CARTESIAN_POINT('',(15.64,7.10000000000001,4.));
#3812=CARTESIAN_POINT('',(10.0000007428601,7.10000000000001,1.));
#3813=CARTESIAN_POINT('Origin',(10.0000007428601,5.60000000000001,1.));
#3814=CARTESIAN_POINT('',(10.0000007428601,5.60000000000001,1.));
#3815=CARTESIAN_POINT('',(10.0000007428601,2.8,1.));
#3816=CARTESIAN_POINT('',(10.0000007428601,5.60000000000001,4.));
#3817=CARTESIAN_POINT('',(10.0000007428601,7.10000000000001,4.));
#3818=CARTESIAN_POINT('',(10.0000007428601,5.60000000000001,1.));
#3819=CARTESIAN_POINT('Origin',(15.64,5.60000000000001,1.));
#3820=CARTESIAN_POINT('',(7.82000000000002,5.60000000000001,1.));
#3821=CARTESIAN_POINT('',(10.0000007428601,5.60000000000001,4.));
#3822=CARTESIAN_POINT('Origin',(10.0000007428601,4.56000000000001,1.));
#3823=CARTESIAN_POINT('',(10.0000007428601,4.56000000000001,1.));
#3824=CARTESIAN_POINT('',(5.00000037143007,4.56000000000001,1.));
#3825=CARTESIAN_POINT('',(10.0000007428601,4.56000000000001,4.));
#3826=CARTESIAN_POINT('',(15.64,4.56000000000001,4.));
#3827=CARTESIAN_POINT('',(10.0000007428601,4.56000000000001,1.));
#3828=CARTESIAN_POINT('Origin',(10.0000007428601,3.06000000000001,1.));
#3829=CARTESIAN_POINT('',(10.0000007428601,3.06000000000001,1.));
#3830=CARTESIAN_POINT('',(10.0000007428601,1.53,1.));
#3831=CARTESIAN_POINT('',(10.0000007428601,3.06000000000001,4.));
#3832=CARTESIAN_POINT('',(10.0000007428601,4.56000000000001,4.));
#3833=CARTESIAN_POINT('',(10.0000007428601,3.06000000000001,1.));
#3834=CARTESIAN_POINT('Origin',(15.64,3.06000000000001,1.));
#3835=CARTESIAN_POINT('',(7.82000000000002,3.06000000000001,1.));
#3836=CARTESIAN_POINT('',(10.0000007428601,3.06000000000001,4.));
#3837=CARTESIAN_POINT('Origin',(10.0000007428601,2.02000000000001,1.));
#3838=CARTESIAN_POINT('',(10.0000007428601,2.02000000000001,1.));
#3839=CARTESIAN_POINT('',(5.00000037143007,2.02000000000001,1.));
#3840=CARTESIAN_POINT('',(10.0000007428601,2.02000000000001,4.));
#3841=CARTESIAN_POINT('',(15.64,2.02000000000001,4.));
#3842=CARTESIAN_POINT('',(10.0000007428601,2.02000000000001,1.));
#3843=CARTESIAN_POINT('Origin',(10.0000007428601,0.520000000000009,1.));
#3844=CARTESIAN_POINT('',(10.0000007428601,0.520000000000009,1.));
#3845=CARTESIAN_POINT('',(10.0000007428601,0.260000000000005,1.));
#3846=CARTESIAN_POINT('',(10.0000007428601,0.520000000000009,4.));
#3847=CARTESIAN_POINT('',(10.0000007428601,2.02000000000001,4.));
#3848=CARTESIAN_POINT('',(10.0000007428601,0.520000000000009,1.));
#3849=CARTESIAN_POINT('Origin',(15.64,0.520000000000009,1.));
#3850=CARTESIAN_POINT('',(7.82000000000002,0.520000000000009,1.));
#3851=CARTESIAN_POINT('',(10.0000007428601,0.520000000000009,4.));
#3852=CARTESIAN_POINT('Origin',(10.0000007428601,-0.519999999999987,1.));
#3853=CARTESIAN_POINT('',(10.0000007428601,-0.519999999999987,1.));
#3854=CARTESIAN_POINT('',(5.00000037143007,-0.519999999999987,1.));
#3855=CARTESIAN_POINT('',(10.0000007428601,-0.519999999999987,4.));
#3856=CARTESIAN_POINT('',(15.64,-0.519999999999987,4.));
#3857=CARTESIAN_POINT('',(10.0000007428601,-0.519999999999987,1.));
#3858=CARTESIAN_POINT('Origin',(10.0000007428601,-2.01999999999999,1.));
#3859=CARTESIAN_POINT('',(10.0000007428601,-2.01999999999999,1.));
#3860=CARTESIAN_POINT('',(10.0000007428601,-1.01,1.));
#3861=CARTESIAN_POINT('',(10.0000007428601,-2.01999999999999,4.));
#3862=CARTESIAN_POINT('',(10.0000007428601,-0.519999999999987,4.));
#3863=CARTESIAN_POINT('',(10.0000007428601,-2.01999999999999,1.));
#3864=CARTESIAN_POINT('Origin',(15.64,-2.01999999999999,1.));
#3865=CARTESIAN_POINT('',(7.82000000000002,-2.01999999999999,1.));
#3866=CARTESIAN_POINT('',(10.0000007428601,-2.01999999999999,4.));
#3867=CARTESIAN_POINT('Origin',(10.0000007428601,-3.05999999999999,1.));
#3868=CARTESIAN_POINT('',(10.0000007428601,-3.05999999999999,1.));
#3869=CARTESIAN_POINT('',(5.00000037143007,-3.05999999999999,1.));
#3870=CARTESIAN_POINT('',(10.0000007428601,-3.05999999999999,4.));
#3871=CARTESIAN_POINT('',(15.64,-3.05999999999999,4.));
#3872=CARTESIAN_POINT('',(10.0000007428601,-3.05999999999999,1.));
#3873=CARTESIAN_POINT('Origin',(10.0000007428601,-4.55999999999999,1.));
#3874=CARTESIAN_POINT('',(10.0000007428601,-4.55999999999999,1.));
#3875=CARTESIAN_POINT('',(10.0000007428601,-2.28,1.));
#3876=CARTESIAN_POINT('',(10.0000007428601,-4.55999999999999,4.));
#3877=CARTESIAN_POINT('',(10.0000007428601,-3.05999999999999,4.));
#3878=CARTESIAN_POINT('',(10.0000007428601,-4.55999999999999,1.));
#3879=CARTESIAN_POINT('Origin',(15.64,-4.55999999999999,1.));
#3880=CARTESIAN_POINT('',(7.82000000000002,-4.55999999999999,1.));
#3881=CARTESIAN_POINT('',(10.0000007428601,-4.55999999999999,4.));
#3882=CARTESIAN_POINT('Origin',(10.0000007428601,-5.59999999999999,1.));
#3883=CARTESIAN_POINT('',(10.0000007428601,-5.59999999999999,1.));
#3884=CARTESIAN_POINT('',(5.00000037143007,-5.59999999999999,1.));
#3885=CARTESIAN_POINT('',(10.0000007428601,-5.59999999999999,4.));
#3886=CARTESIAN_POINT('',(15.64,-5.59999999999999,4.));
#3887=CARTESIAN_POINT('',(10.0000007428601,-5.59999999999999,1.));
#3888=CARTESIAN_POINT('Origin',(10.0000007428601,-7.09999999999999,1.));
#3889=CARTESIAN_POINT('',(10.0000007428601,-7.09999999999999,1.));
#3890=CARTESIAN_POINT('',(10.0000007428601,-3.55,1.));
#3891=CARTESIAN_POINT('',(10.0000007428601,-7.09999999999999,4.));
#3892=CARTESIAN_POINT('',(10.0000007428601,-5.59999999999999,4.));
#3893=CARTESIAN_POINT('',(10.0000007428601,-7.09999999999999,1.));
#3894=CARTESIAN_POINT('Origin',(15.64,-7.09999999999999,1.));
#3895=CARTESIAN_POINT('',(7.82000000000002,-7.09999999999999,1.));
#3896=CARTESIAN_POINT('',(10.0000007428601,-7.09999999999999,4.));
#3897=CARTESIAN_POINT('Origin',(10.0000007428601,-8.13999999999999,1.));
#3898=CARTESIAN_POINT('',(10.0000007428601,-8.13999999999999,1.));
#3899=CARTESIAN_POINT('',(5.00000037143007,-8.13999999999999,1.));
#3900=CARTESIAN_POINT('',(10.0000007428601,-8.13999999999999,4.));
#3901=CARTESIAN_POINT('',(15.64,-8.13999999999999,4.));
#3902=CARTESIAN_POINT('',(10.0000007428601,-8.13999999999999,1.));
#3903=CARTESIAN_POINT('Origin',(10.0000007428601,-9.63999999999999,1.));
#3904=CARTESIAN_POINT('',(10.0000007428601,-9.63999999999999,1.));
#3905=CARTESIAN_POINT('',(10.0000007428601,-4.81999999999999,1.));
#3906=CARTESIAN_POINT('',(10.0000007428601,-9.63999999999999,4.));
#3907=CARTESIAN_POINT('',(10.0000007428601,-8.13999999999999,4.));
#3908=CARTESIAN_POINT('',(10.0000007428601,-9.63999999999999,1.));
#3909=CARTESIAN_POINT('Origin',(15.64,-9.63999999999999,1.));
#3910=CARTESIAN_POINT('',(7.82000000000002,-9.63999999999999,1.));
#3911=CARTESIAN_POINT('',(10.0000007428601,-9.63999999999999,4.));
#3912=CARTESIAN_POINT('Origin',(0.,4.44089209850063E-15,4.));
#3913=CARTESIAN_POINT('Origin',(1.99840144432528E-14,0.,1.));
#3914=CARTESIAN_POINT('',(13.64,24.655,1.));
#3915=CARTESIAN_POINT('',(13.64,23.605,1.));
#3916=CARTESIAN_POINT('',(13.64,23.605,1.));
#3917=CARTESIAN_POINT('',(11.14,23.605,1.));
#3918=CARTESIAN_POINT('',(11.14,23.605,1.));
#3919=CARTESIAN_POINT('',(11.14,24.655,1.));
#3920=CARTESIAN_POINT('',(11.14,24.655,1.));
#3921=CARTESIAN_POINT('',(13.64,24.655,1.));
#3922=CARTESIAN_POINT('Origin',(1.99840144432528E-14,0.,1.));
#3923=CARTESIAN_POINT('',(11.14,21.065,1.));
#3924=CARTESIAN_POINT('',(11.14,22.115,1.));
#3925=CARTESIAN_POINT('',(11.14,22.115,1.));
#3926=CARTESIAN_POINT('',(13.64,22.115,1.));
#3927=CARTESIAN_POINT('',(13.64,22.115,1.));
#3928=CARTESIAN_POINT('',(13.64,21.065,1.));
#3929=CARTESIAN_POINT('',(13.64,21.065,1.));
#3930=CARTESIAN_POINT('',(11.14,21.065,1.));
#3931=CARTESIAN_POINT('Origin',(1.99840144432528E-14,0.,1.));
#3932=CARTESIAN_POINT('',(11.14,18.525,1.));
#3933=CARTESIAN_POINT('',(11.14,19.575,1.));
#3934=CARTESIAN_POINT('',(11.14,19.575,1.));
#3935=CARTESIAN_POINT('',(13.64,19.575,1.));
#3936=CARTESIAN_POINT('',(13.64,19.575,1.));
#3937=CARTESIAN_POINT('',(13.64,18.525,1.));
#3938=CARTESIAN_POINT('',(13.64,18.525,1.));
#3939=CARTESIAN_POINT('',(11.14,18.525,1.));
#3940=CARTESIAN_POINT('Origin',(1.99840144432528E-14,0.,1.));
#3941=CARTESIAN_POINT('',(11.14,15.985,1.));
#3942=CARTESIAN_POINT('',(11.14,17.035,1.));
#3943=CARTESIAN_POINT('',(11.14,17.035,1.));
#3944=CARTESIAN_POINT('',(13.64,17.035,1.));
#3945=CARTESIAN_POINT('',(13.64,17.035,1.));
#3946=CARTESIAN_POINT('',(13.64,15.985,1.));
#3947=CARTESIAN_POINT('',(13.64,15.985,1.));
#3948=CARTESIAN_POINT('',(11.14,15.985,1.));
#3949=CARTESIAN_POINT('Origin',(1.99840144432528E-14,0.,1.));
#3950=CARTESIAN_POINT('',(11.14,13.445,1.));
#3951=CARTESIAN_POINT('',(11.14,14.495,1.));
#3952=CARTESIAN_POINT('',(11.14,14.495,1.));
#3953=CARTESIAN_POINT('',(13.64,14.495,1.));
#3954=CARTESIAN_POINT('',(13.64,14.495,1.));
#3955=CARTESIAN_POINT('',(13.64,13.445,1.));
#3956=CARTESIAN_POINT('',(13.64,13.445,1.));
#3957=CARTESIAN_POINT('',(11.14,13.445,1.));
#3958=CARTESIAN_POINT('Origin',(1.99840144432528E-14,0.,1.));
#3959=CARTESIAN_POINT('',(11.14,10.905,1.));
#3960=CARTESIAN_POINT('',(11.14,11.955,1.));
#3961=CARTESIAN_POINT('',(11.14,11.955,1.));
#3962=CARTESIAN_POINT('',(13.64,11.955,1.));
#3963=CARTESIAN_POINT('',(13.64,11.955,1.));
#3964=CARTESIAN_POINT('',(13.64,10.905,1.));
#3965=CARTESIAN_POINT('',(13.64,10.905,1.));
#3966=CARTESIAN_POINT('',(11.14,10.905,1.));
#3967=CARTESIAN_POINT('Origin',(1.99840144432528E-14,0.,1.));
#3968=CARTESIAN_POINT('',(11.14,8.36500000000001,1.));
#3969=CARTESIAN_POINT('',(11.14,9.41500000000001,1.));
#3970=CARTESIAN_POINT('',(11.14,9.41500000000001,1.));
#3971=CARTESIAN_POINT('',(13.64,9.41500000000002,1.));
#3972=CARTESIAN_POINT('',(13.64,9.41500000000002,1.));
#3973=CARTESIAN_POINT('',(13.64,8.36500000000001,1.));
#3974=CARTESIAN_POINT('',(13.64,8.36500000000001,1.));
#3975=CARTESIAN_POINT('',(11.14,8.36500000000001,1.));
#3976=CARTESIAN_POINT('Origin',(1.99840144432528E-14,0.,1.));
#3977=CARTESIAN_POINT('',(11.14,5.82500000000001,1.));
#3978=CARTESIAN_POINT('',(11.14,6.87500000000001,1.));
#3979=CARTESIAN_POINT('',(11.14,6.87500000000001,1.));
#3980=CARTESIAN_POINT('',(13.64,6.87500000000001,1.));
#3981=CARTESIAN_POINT('',(13.64,6.87500000000001,1.));
#3982=CARTESIAN_POINT('',(13.64,5.82500000000001,1.));
#3983=CARTESIAN_POINT('',(13.64,5.82500000000001,1.));
#3984=CARTESIAN_POINT('',(11.14,5.82500000000001,1.));
#3985=CARTESIAN_POINT('Origin',(1.99840144432528E-14,0.,1.));
#3986=CARTESIAN_POINT('',(11.14,3.28500000000001,1.));
#3987=CARTESIAN_POINT('',(11.14,4.33500000000001,1.));
#3988=CARTESIAN_POINT('',(11.14,4.33500000000001,1.));
#3989=CARTESIAN_POINT('',(13.64,4.33500000000001,1.));
#3990=CARTESIAN_POINT('',(13.64,4.33500000000001,1.));
#3991=CARTESIAN_POINT('',(13.64,3.28500000000001,1.));
#3992=CARTESIAN_POINT('',(13.64,3.28500000000001,1.));
#3993=CARTESIAN_POINT('',(11.14,3.28500000000001,1.));
#3994=CARTESIAN_POINT('Origin',(1.99840144432528E-14,0.,1.));
#3995=CARTESIAN_POINT('',(11.14,0.74500000000001,1.));
#3996=CARTESIAN_POINT('',(11.14,1.79500000000001,1.));
#3997=CARTESIAN_POINT('',(11.14,1.79500000000001,1.));
#3998=CARTESIAN_POINT('',(13.64,1.79500000000001,1.));
#3999=CARTESIAN_POINT('',(13.64,1.79500000000001,1.));
#4000=CARTESIAN_POINT('',(13.64,0.74500000000001,1.));
#4001=CARTESIAN_POINT('',(13.64,0.74500000000001,1.));
#4002=CARTESIAN_POINT('',(11.14,0.74500000000001,1.));
#4003=CARTESIAN_POINT('Origin',(1.99840144432528E-14,0.,1.));
#4004=CARTESIAN_POINT('',(11.14,-1.79499999999999,1.));
#4005=CARTESIAN_POINT('',(11.14,-0.74499999999999,1.));
#4006=CARTESIAN_POINT('',(11.14,-0.74499999999999,1.));
#4007=CARTESIAN_POINT('',(13.64,-0.744999999999986,1.));
#4008=CARTESIAN_POINT('',(13.64,-0.744999999999986,1.));
#4009=CARTESIAN_POINT('',(13.64,-1.79499999999999,1.));
#4010=CARTESIAN_POINT('',(13.64,-1.79499999999999,1.));
#4011=CARTESIAN_POINT('',(11.14,-1.79499999999999,1.));
#4012=CARTESIAN_POINT('Origin',(1.99840144432528E-14,0.,1.));
#4013=CARTESIAN_POINT('',(11.14,-4.33499999999999,1.));
#4014=CARTESIAN_POINT('',(11.14,-3.28499999999999,1.));
#4015=CARTESIAN_POINT('',(11.14,-3.28499999999999,1.));
#4016=CARTESIAN_POINT('',(13.64,-3.28499999999999,1.));
#4017=CARTESIAN_POINT('',(13.64,-3.28499999999999,1.));
#4018=CARTESIAN_POINT('',(13.64,-4.33499999999999,1.));
#4019=CARTESIAN_POINT('',(13.64,-4.33499999999999,1.));
#4020=CARTESIAN_POINT('',(11.14,-4.33499999999999,1.));
#4021=CARTESIAN_POINT('Origin',(1.99840144432528E-14,0.,1.));
#4022=CARTESIAN_POINT('',(11.14,-6.87499999999999,1.));
#4023=CARTESIAN_POINT('',(11.14,-5.82499999999999,1.));
#4024=CARTESIAN_POINT('',(11.14,-5.82499999999999,1.));
#4025=CARTESIAN_POINT('',(13.64,-5.82499999999999,1.));
#4026=CARTESIAN_POINT('',(13.64,-5.82499999999999,1.));
#4027=CARTESIAN_POINT('',(13.64,-6.87499999999999,1.));
#4028=CARTESIAN_POINT('',(13.64,-6.87499999999999,1.));
#4029=CARTESIAN_POINT('',(11.14,-6.87499999999999,1.));
#4030=CARTESIAN_POINT('Origin',(1.99840144432528E-14,0.,1.));
#4031=CARTESIAN_POINT('',(11.14,-9.41499999999999,1.));
#4032=CARTESIAN_POINT('',(11.14,-8.36499999999999,1.));
#4033=CARTESIAN_POINT('',(11.14,-8.36499999999999,1.));
#4034=CARTESIAN_POINT('',(13.64,-8.36499999999999,1.));
#4035=CARTESIAN_POINT('',(13.64,-8.36499999999999,1.));
#4036=CARTESIAN_POINT('',(13.64,-9.41499999999999,1.));
#4037=CARTESIAN_POINT('',(13.64,-9.41499999999999,1.));
#4038=CARTESIAN_POINT('',(11.14,-9.41499999999999,1.));
#4039=CARTESIAN_POINT('Origin',(13.64,-9.41499999999999,0.));
#4040=CARTESIAN_POINT('',(11.14,-9.41499999999999,0.));
#4041=CARTESIAN_POINT('',(13.64,-9.41499999999999,0.));
#4042=CARTESIAN_POINT('Origin',(13.64,-8.36499999999999,0.));
#4043=CARTESIAN_POINT('',(13.64,-8.36499999999999,0.));
#4044=CARTESIAN_POINT('Origin',(11.14,-8.36499999999999,0.));
#4045=CARTESIAN_POINT('',(11.14,-8.36499999999999,0.));
#4046=CARTESIAN_POINT('Origin',(11.14,-9.41499999999999,0.));
#4047=CARTESIAN_POINT('Origin',(13.64,-1.79499999999999,0.));
#4048=CARTESIAN_POINT('',(11.14,-1.79499999999999,0.));
#4049=CARTESIAN_POINT('',(13.64,-1.79499999999999,0.));
#4050=CARTESIAN_POINT('Origin',(13.64,-0.744999999999986,0.));
#4051=CARTESIAN_POINT('',(13.64,-0.744999999999986,0.));
#4052=CARTESIAN_POINT('Origin',(11.14,-0.74499999999999,0.));
#4053=CARTESIAN_POINT('',(11.14,-0.74499999999999,0.));
#4054=CARTESIAN_POINT('Origin',(11.14,-1.79499999999999,0.));
#4055=CARTESIAN_POINT('Origin',(13.64,-4.33499999999999,0.));
#4056=CARTESIAN_POINT('',(11.14,-4.33499999999999,0.));
#4057=CARTESIAN_POINT('',(13.64,-4.33499999999999,0.));
#4058=CARTESIAN_POINT('Origin',(13.64,-3.28499999999999,0.));
#4059=CARTESIAN_POINT('',(13.64,-3.28499999999999,0.));
#4060=CARTESIAN_POINT('Origin',(11.14,-3.28499999999999,0.));
#4061=CARTESIAN_POINT('',(11.14,-3.28499999999999,0.));
#4062=CARTESIAN_POINT('Origin',(11.14,-4.33499999999999,0.));
#4063=CARTESIAN_POINT('Origin',(13.64,-6.87499999999999,0.));
#4064=CARTESIAN_POINT('',(11.14,-6.87499999999999,0.));
#4065=CARTESIAN_POINT('',(13.64,-6.87499999999999,0.));
#4066=CARTESIAN_POINT('Origin',(13.64,-5.82499999999999,0.));
#4067=CARTESIAN_POINT('',(13.64,-5.82499999999999,0.));
#4068=CARTESIAN_POINT('Origin',(11.14,-5.82499999999999,0.));
#4069=CARTESIAN_POINT('',(11.14,-5.82499999999999,0.));
#4070=CARTESIAN_POINT('Origin',(11.14,-6.87499999999999,0.));
#4071=CARTESIAN_POINT('Origin',(13.64,13.445,0.));
#4072=CARTESIAN_POINT('',(11.14,13.445,0.));
#4073=CARTESIAN_POINT('',(13.64,13.445,0.));
#4074=CARTESIAN_POINT('Origin',(13.64,14.495,0.));
#4075=CARTESIAN_POINT('',(13.64,14.495,0.));
#4076=CARTESIAN_POINT('Origin',(11.14,14.495,0.));
#4077=CARTESIAN_POINT('',(11.14,14.495,0.));
#4078=CARTESIAN_POINT('Origin',(11.14,13.445,0.));
#4079=CARTESIAN_POINT('Origin',(13.64,15.985,0.));
#4080=CARTESIAN_POINT('',(11.14,15.985,0.));
#4081=CARTESIAN_POINT('',(13.64,15.985,0.));
#4082=CARTESIAN_POINT('Origin',(13.64,17.035,0.));
#4083=CARTESIAN_POINT('',(13.64,17.035,0.));
#4084=CARTESIAN_POINT('Origin',(11.14,17.035,0.));
#4085=CARTESIAN_POINT('',(11.14,17.035,0.));
#4086=CARTESIAN_POINT('Origin',(11.14,15.985,0.));
#4087=CARTESIAN_POINT('Origin',(13.64,3.28500000000001,0.));
#4088=CARTESIAN_POINT('',(11.14,3.28500000000001,0.));
#4089=CARTESIAN_POINT('',(13.64,3.28500000000001,0.));
#4090=CARTESIAN_POINT('Origin',(13.64,4.33500000000001,0.));
#4091=CARTESIAN_POINT('',(13.64,4.33500000000001,0.));
#4092=CARTESIAN_POINT('Origin',(11.14,4.33500000000001,0.));
#4093=CARTESIAN_POINT('',(11.14,4.33500000000001,0.));
#4094=CARTESIAN_POINT('Origin',(11.14,3.28500000000001,0.));
#4095=CARTESIAN_POINT('Origin',(13.64,5.82500000000001,0.));
#4096=CARTESIAN_POINT('',(11.14,5.82500000000001,0.));
#4097=CARTESIAN_POINT('',(13.64,5.82500000000001,0.));
#4098=CARTESIAN_POINT('Origin',(13.64,6.87500000000001,0.));
#4099=CARTESIAN_POINT('',(13.64,6.87500000000001,0.));
#4100=CARTESIAN_POINT('Origin',(11.14,6.87500000000001,0.));
#4101=CARTESIAN_POINT('',(11.14,6.87500000000001,0.));
#4102=CARTESIAN_POINT('Origin',(11.14,5.82500000000001,0.));
#4103=CARTESIAN_POINT('Origin',(11.14,24.655,0.));
#4104=CARTESIAN_POINT('',(13.64,24.655,0.));
#4105=CARTESIAN_POINT('',(11.14,24.655,0.));
#4106=CARTESIAN_POINT('Origin',(11.14,23.605,0.));
#4107=CARTESIAN_POINT('',(11.14,23.605,0.));
#4108=CARTESIAN_POINT('Origin',(13.64,23.605,0.));
#4109=CARTESIAN_POINT('',(13.64,23.605,0.));
#4110=CARTESIAN_POINT('Origin',(13.64,24.655,0.));
#4111=CARTESIAN_POINT('Origin',(13.64,21.065,0.));
#4112=CARTESIAN_POINT('',(11.14,21.065,0.));
#4113=CARTESIAN_POINT('',(13.64,21.065,0.));
#4114=CARTESIAN_POINT('Origin',(13.64,22.115,0.));
#4115=CARTESIAN_POINT('',(13.64,22.115,0.));
#4116=CARTESIAN_POINT('Origin',(11.14,22.115,0.));
#4117=CARTESIAN_POINT('',(11.14,22.115,0.));
#4118=CARTESIAN_POINT('Origin',(11.14,21.065,0.));
#4119=CARTESIAN_POINT('Origin',(13.64,18.525,0.));
#4120=CARTESIAN_POINT('',(11.14,18.525,0.));
#4121=CARTESIAN_POINT('',(13.64,18.525,0.));
#4122=CARTESIAN_POINT('Origin',(13.64,19.575,0.));
#4123=CARTESIAN_POINT('',(13.64,19.575,0.));
#4124=CARTESIAN_POINT('Origin',(11.14,19.575,0.));
#4125=CARTESIAN_POINT('',(11.14,19.575,0.));
#4126=CARTESIAN_POINT('Origin',(11.14,18.525,0.));
#4127=CARTESIAN_POINT('Origin',(13.64,10.905,0.));
#4128=CARTESIAN_POINT('',(11.14,10.905,0.));
#4129=CARTESIAN_POINT('',(13.64,10.905,0.));
#4130=CARTESIAN_POINT('Origin',(13.64,11.955,0.));
#4131=CARTESIAN_POINT('',(13.64,11.955,0.));
#4132=CARTESIAN_POINT('Origin',(11.14,11.955,0.));
#4133=CARTESIAN_POINT('',(11.14,11.955,0.));
#4134=CARTESIAN_POINT('Origin',(11.14,10.905,0.));
#4135=CARTESIAN_POINT('Origin',(13.64,8.36500000000001,0.));
#4136=CARTESIAN_POINT('',(11.14,8.36500000000001,0.));
#4137=CARTESIAN_POINT('',(13.64,8.36500000000001,0.));
#4138=CARTESIAN_POINT('Origin',(13.64,9.41500000000002,0.));
#4139=CARTESIAN_POINT('',(13.64,9.41500000000002,0.));
#4140=CARTESIAN_POINT('Origin',(11.14,9.41500000000001,0.));
#4141=CARTESIAN_POINT('',(11.14,9.41500000000001,0.));
#4142=CARTESIAN_POINT('Origin',(11.14,8.36500000000001,0.));
#4143=CARTESIAN_POINT('Origin',(13.64,0.74500000000001,0.));
#4144=CARTESIAN_POINT('',(11.14,0.74500000000001,0.));
#4145=CARTESIAN_POINT('',(13.64,0.74500000000001,0.));
#4146=CARTESIAN_POINT('Origin',(13.64,1.79500000000001,0.));
#4147=CARTESIAN_POINT('',(13.64,1.79500000000001,0.));
#4148=CARTESIAN_POINT('Origin',(11.14,1.79500000000001,0.));
#4149=CARTESIAN_POINT('',(11.14,1.79500000000001,0.));
#4150=CARTESIAN_POINT('Origin',(11.14,0.74500000000001,0.));
#4151=CARTESIAN_POINT('',(35.01,-7.62,-2.77555756156289E-16));
#4152=UNCERTAINTY_MEASURE_WITH_UNIT(LENGTH_MEASURE(0.01),#4158,
'DISTANCE_ACCURACY_VALUE',
'Maximum model space distance between geometric entities at asserted c
onnectivities');
#4153=UNCERTAINTY_MEASURE_WITH_UNIT(LENGTH_MEASURE(0.01),#4158,
'DISTANCE_ACCURACY_VALUE',
'Maximum model space distance between geometric entities at asserted c
onnectivities');
#4154=UNCERTAINTY_MEASURE_WITH_UNIT(LENGTH_MEASURE(0.01),#4158,
'DISTANCE_ACCURACY_VALUE',
'Maximum model space distance between geometric entities at asserted c
onnectivities');
#4155=(
GEOMETRIC_REPRESENTATION_CONTEXT(3)
GLOBAL_UNCERTAINTY_ASSIGNED_CONTEXT((#4152))
GLOBAL_UNIT_ASSIGNED_CONTEXT((#4158,#4160,#4161))
REPRESENTATION_CONTEXT('','3D')
);
#4156=(
GEOMETRIC_REPRESENTATION_CONTEXT(3)
GLOBAL_UNCERTAINTY_ASSIGNED_CONTEXT((#4153))
GLOBAL_UNIT_ASSIGNED_CONTEXT((#4158,#4160,#4161))
REPRESENTATION_CONTEXT('','3D')
);
#4157=(
GEOMETRIC_REPRESENTATION_CONTEXT(3)
GLOBAL_UNCERTAINTY_ASSIGNED_CONTEXT((#4154))
GLOBAL_UNIT_ASSIGNED_CONTEXT((#4158,#4160,#4161))
REPRESENTATION_CONTEXT('','3D')
);
#4158=(
LENGTH_UNIT()
NAMED_UNIT(*)
SI_UNIT(.MILLI.,.METRE.)
);
#4159=(
LENGTH_UNIT()
NAMED_UNIT(*)
SI_UNIT($,.METRE.)
);
#4160=(
NAMED_UNIT(*)
PLANE_ANGLE_UNIT()
SI_UNIT($,.RADIAN.)
);
#4161=(
NAMED_UNIT(*)
SI_UNIT($,.STERADIAN.)
SOLID_ANGLE_UNIT()
);
#4162=SHAPE_DEFINITION_REPRESENTATION(#4164,#4167);
#4163=SHAPE_DEFINITION_REPRESENTATION(#4165,#4168);
#4164=PRODUCT_DEFINITION_SHAPE('',$,#4170);
#4165=PRODUCT_DEFINITION_SHAPE('',$,#4171);
#4166=PRODUCT_DEFINITION_SHAPE($,$,#14);
#4167=SHAPE_REPRESENTATION('',(#2664,#2791),#4155);
#4168=SHAPE_REPRESENTATION('',(#2665),#4156);
#4169=PRODUCT_DEFINITION_CONTEXT('part definition',#4177,'design');
#4170=PRODUCT_DEFINITION('LCDSocket','LCDSocket v6',#4172,#4169);
#4171=PRODUCT_DEFINITION('ESPsocket v2','ESPsocket v2',#4173,#4169);
#4172=PRODUCT_DEFINITION_FORMATION('',$,#4179);
#4173=PRODUCT_DEFINITION_FORMATION('',$,#4180);
#4174=PRODUCT_RELATED_PRODUCT_CATEGORY('LCDSocket v6','LCDSocket v6',(#4179));
#4175=PRODUCT_RELATED_PRODUCT_CATEGORY('ESPsocket v2','ESPsocket v2',(#4180));
#4176=APPLICATION_PROTOCOL_DEFINITION('international standard',
'automotive_design',2009,#4177);
#4177=APPLICATION_CONTEXT(
'Core Data for Automotive Mechanical Design Process');
#4178=PRODUCT_CONTEXT('part definition',#4177,'mechanical');
#4179=PRODUCT('LCDSocket','LCDSocket v6',$,(#4178));
#4180=PRODUCT('ESPsocket v2','ESPsocket v2',$,(#4178));
#4181=PRESENTATION_STYLE_ASSIGNMENT((#4182));
#4182=SURFACE_STYLE_USAGE(.BOTH.,#4183);
#4183=SURFACE_SIDE_STYLE('',(#4184));
#4184=SURFACE_STYLE_FILL_AREA(#4185);
#4185=FILL_AREA_STYLE('Steel - Satin',(#4186));
#4186=FILL_AREA_STYLE_COLOUR('Steel - Satin',#4187);
#4187=COLOUR_RGB('Steel - Satin',0.627450980392157,0.627450980392157,0.627450980392157);
ENDSEC;
END-ISO-10303-21;
