# WaveFront *.obj file (generated by Autodesk ATF)

mtllib Front Plate.mtl

g Body3

v 144.499999 -47.500000 42.500000
v 145.017637 -47.431852 42.500000
v 145.499999 -47.232051 42.500000
v 145.914212 -46.914214 42.500000
v 146.232049 -46.500000 42.500000
v 146.431850 -46.017638 42.500000
v 146.499999 -45.500000 42.500000
v 146.499999 -45.500000 32.500000
v 146.431850 -46.017638 32.500000
v 146.232049 -46.500000 32.500000
v 145.914212 -46.914214 32.500000
v 145.499999 -47.232051 32.500000
v 145.017637 -47.431852 32.500000
v 144.499999 -47.500000 32.500000
v 148.999999 -46.500000 42.000000
v 148.999999 -45.500000 42.000000
v 148.982961 -45.500000 42.129410
v 148.933011 -45.500000 42.250000
v 148.853552 -45.500000 42.353553
v 148.749999 -45.500000 42.433013
v 148.629408 -45.500000 42.482963
v 148.499999 -45.500000 42.500000
v 148.499999 -46.292893 42.500000
v 148.629408 -46.346496 42.482963
v 148.749999 -46.396447 42.433013
v 148.853552 -46.439340 42.353553
v 148.933011 -46.472253 42.250000
v 148.982961 -46.492943 42.129410
v 147.292892 -47.500000 42.500000
v 147.430841 -47.500000 42.490393
v 147.563490 -47.500000 42.461940
v 147.685739 -47.500000 42.415735
v 147.792892 -47.500000 42.353553
v 147.880830 -47.500000 42.277785
v 147.946173 -47.500000 42.191342
v 147.986412 -47.500000 42.097545
v 147.996594 -47.500000 42.049009
v 147.999999 -47.500000 42.000000
v 148.999999 -45.500000 38.366025
v 148.982961 -45.500000 38.236616
v 148.933011 -45.500000 38.116025
v 148.853552 -45.500000 38.012472
v 148.749999 -45.500000 37.933013
v 148.646445 -45.500000 37.853553
v 148.566986 -45.500000 37.750000
v 148.517036 -45.500000 37.629410
v 148.499999 -45.500000 37.500000
v 148.517036 -45.500000 37.370590
v 148.566986 -45.500000 37.250000
v 148.646445 -45.500000 37.146447
v 148.749999 -45.500000 37.066987
v 148.853552 -45.500000 36.987528
v 148.933011 -45.500000 36.883975
v 148.982961 -45.500000 36.763384
v 148.999999 -45.500000 36.633975
v 148.999999 -45.500000 33.000000
v 148.982961 -45.500000 32.870590
v 148.933011 -45.500000 32.750000
v 148.853552 -45.500000 32.646447
v 148.749999 -45.500000 32.566987
v 148.629408 -45.500000 32.517037
v 148.499999 -45.500000 32.500000
v 148.999999 -46.500000 38.366025
v 147.999999 -47.500000 33.000000
v 148.999999 -46.500000 33.000000
v 148.999999 -46.500000 36.633975
v 148.995721 -46.504278 36.699238
v 148.982961 -46.517037 36.763384
v 148.961938 -46.538060 36.825316
v 148.933011 -46.566987 36.883975
v 148.896675 -46.603323 36.938355
v 148.853552 -46.646447 36.987528
v 148.749999 -46.750000 37.066987
v 148.646445 -46.853553 37.146447
v 148.603322 -46.896677 37.195619
v 148.566986 -46.933013 37.250000
v 148.538059 -46.961940 37.308658
v 148.517036 -46.982963 37.370590
v 148.504276 -46.995722 37.434737
v 148.499999 -47.000000 37.500000
v 148.504276 -46.995722 37.565263
v 148.517036 -46.982963 37.629410
v 148.538059 -46.961940 37.691342
v 148.566986 -46.933013 37.750000
v 148.603322 -46.896677 37.804381
v 148.646445 -46.853553 37.853553
v 148.749999 -46.750000 37.933013
v 148.853552 -46.646447 38.012472
v 148.896675 -46.603323 38.061645
v 148.933011 -46.566987 38.116025
v 148.961938 -46.538060 38.174684
v 148.982961 -46.517037 38.236616
v 148.995721 -46.504278 38.300762
v 147.996594 -47.500000 32.950991
v 147.986412 -47.500000 32.902455
v 147.946173 -47.500000 32.808658
v 147.880830 -47.500000 32.722215
v 147.792892 -47.500000 32.646447
v 147.685739 -47.500000 32.584265
v 147.563490 -47.500000 32.538060
v 147.430841 -47.500000 32.509607
v 147.292892 -47.500000 32.500000
v 148.499999 -46.292893 32.500000
v 148.629408 -46.346496 32.517037
v 148.749999 -46.396447 32.566987
v 148.853552 -46.439340 32.646447
v 148.933011 -46.472253 32.750000
v 148.982961 -46.492943 32.870590
v 144.499999 -47.500000 72.500000
v 145.017637 -47.431852 72.500000
v 145.499999 -47.232051 72.500000
v 145.914212 -46.914214 72.500000
v 146.232049 -46.500000 72.500000
v 146.431850 -46.017638 72.500000
v 146.499999 -45.500000 72.500000
v 146.499999 -45.500000 62.500000
v 146.431850 -46.017638 62.500000
v 146.232049 -46.500000 62.500000
v 145.914212 -46.914214 62.500000
v 145.499999 -47.232051 62.500000
v 145.017637 -47.431852 62.500000
v 144.499999 -47.500000 62.500000
v 148.999999 -46.500000 72.000000
v 148.999999 -45.500000 72.000000
v 148.982961 -45.500000 72.129410
v 148.933011 -45.500000 72.250000
v 148.853552 -45.500000 72.353553
v 148.749999 -45.500000 72.433013
v 148.629408 -45.500000 72.482963
v 148.499999 -45.500000 72.500000
v 148.499999 -46.292893 72.500000
v 148.629408 -46.346496 72.482963
v 148.749999 -46.396447 72.433013
v 148.853552 -46.439340 72.353553
v 148.933011 -46.472253 72.250000
v 148.982961 -46.492943 72.129410
v 147.292892 -47.500000 72.500000
v 147.430841 -47.500000 72.490393
v 147.563490 -47.500000 72.461940
v 147.685739 -47.500000 72.415735
v 147.792892 -47.500000 72.353553
v 147.880830 -47.500000 72.277785
v 147.946173 -47.500000 72.191342
v 147.986412 -47.500000 72.097545
v 147.996594 -47.500000 72.049009
v 147.999999 -47.500000 72.000000
v 148.999999 -45.500000 68.366025
v 148.982961 -45.500000 68.236616
v 148.933011 -45.500000 68.116025
v 148.853552 -45.500000 68.012472
v 148.749999 -45.500000 67.933013
v 148.646445 -45.500000 67.853553
v 148.566986 -45.500000 67.750000
v 148.517036 -45.500000 67.629410
v 148.499999 -45.500000 67.500000
v 148.517036 -45.500000 67.370590
v 148.566986 -45.500000 67.250000
v 148.646445 -45.500000 67.146447
v 148.749999 -45.500000 67.066987
v 148.853552 -45.500000 66.987528
v 148.933011 -45.500000 66.883975
v 148.982961 -45.500000 66.763384
v 148.999999 -45.500000 66.633975
v 148.999999 -45.500000 63.000000
v 148.982961 -45.500000 62.870590
v 148.933011 -45.500000 62.750000
v 148.853552 -45.500000 62.646447
v 148.749999 -45.500000 62.566987
v 148.629408 -45.500000 62.517037
v 148.499999 -45.500000 62.500000
v 148.999999 -46.500000 68.366025
v 147.999999 -47.500000 63.000000
v 148.999999 -46.500000 63.000000
v 148.999999 -46.500000 66.633975
v 148.995721 -46.504278 66.699238
v 148.982961 -46.517037 66.763384
v 148.961938 -46.538060 66.825316
v 148.933011 -46.566987 66.883975
v 148.896675 -46.603323 66.938355
v 148.853552 -46.646447 66.987528
v 148.749999 -46.750000 67.066987
v 148.646445 -46.853553 67.146447
v 148.603322 -46.896677 67.195619
v 148.566986 -46.933013 67.250000
v 148.538059 -46.961940 67.308658
v 148.517036 -46.982963 67.370590
v 148.504276 -46.995722 67.434737
v 148.499999 -47.000000 67.500000
v 148.504276 -46.995722 67.565263
v 148.517036 -46.982963 67.629410
v 148.538059 -46.961940 67.691342
v 148.566986 -46.933013 67.750000
v 148.603322 -46.896677 67.804381
v 148.646445 -46.853553 67.853553
v 148.749999 -46.750000 67.933013
v 148.853552 -46.646447 68.012472
v 148.896675 -46.603323 68.061645
v 148.933011 -46.566987 68.116025
v 148.961938 -46.538060 68.174684
v 148.982961 -46.517037 68.236616
v 148.995721 -46.504278 68.300762
v 147.996594 -47.500000 62.950991
v 147.986412 -47.500000 62.902455
v 147.946173 -47.500000 62.808658
v 147.880830 -47.500000 62.722215
v 147.792892 -47.500000 62.646447
v 147.685739 -47.500000 62.584265
v 147.563490 -47.500000 62.538060
v 147.430841 -47.500000 62.509607
v 147.292892 -47.500000 62.500000
v 148.499999 -46.292893 62.500000
v 148.629408 -46.346496 62.517037
v 148.749999 -46.396447 62.566987
v 148.853552 -46.439340 62.646447
v 148.933011 -46.472253 62.750000
v 148.982961 -46.492943 62.870590
v -64.499999 -47.500000 32.500000
v -65.017637 -47.431852 32.500000
v -65.499999 -47.232051 32.500000
v -65.914212 -46.914214 32.500000
v -66.232049 -46.500000 32.500000
v -66.431850 -46.017638 32.500000
v -66.499999 -45.500000 32.500000
v -66.499999 -45.500000 42.500000
v -66.431850 -46.017638 42.500000
v -66.232049 -46.500000 42.500000
v -65.914212 -46.914214 42.500000
v -65.499999 -47.232051 42.500000
v -65.017637 -47.431852 42.500000
v -64.499999 -47.500000 42.500000
v -68.499999 -46.292893 42.500000
v -68.499999 -45.500000 42.500000
v -68.629408 -45.500000 42.482963
v -68.749999 -45.500000 42.433013
v -68.853552 -45.500000 42.353553
v -68.933011 -45.500000 42.250000
v -68.982961 -45.500000 42.129410
v -68.999999 -45.500000 42.000000
v -68.999999 -46.500000 42.000000
v -68.982961 -46.492943 42.129410
v -68.933011 -46.472253 42.250000
v -68.853552 -46.439340 42.353553
v -68.749999 -46.396447 42.433013
v -68.629408 -46.346496 42.482963
v -67.999999 -47.500000 42.000000
v -67.996594 -47.500000 42.049009
v -67.986412 -47.500000 42.097545
v -67.946173 -47.500000 42.191342
v -67.880830 -47.500000 42.277785
v -67.792892 -47.500000 42.353553
v -67.685739 -47.500000 42.415735
v -67.563490 -47.500000 42.461940
v -67.430841 -47.500000 42.490393
v -67.292892 -47.500000 42.500000
v -68.749999 -46.750000 37.933013
v -68.853552 -46.646447 38.012472
v -68.896675 -46.603323 38.061645
v -68.933011 -46.566987 38.116025
v -68.961938 -46.538060 38.174684
v -68.982961 -46.517037 38.236616
v -68.995721 -46.504278 38.300762
v -68.999999 -46.500000 38.366025
v -68.999999 -45.500000 38.366025
v -68.982961 -45.500000 38.236616
v -68.933011 -45.500000 38.116025
v -68.853552 -45.500000 38.012472
v -68.749999 -45.500000 37.933013
v -68.646445 -46.853553 37.853553
v -68.603322 -46.896677 37.804381
v -68.566986 -46.933013 37.750000
v -68.538059 -46.961940 37.691342
v -68.517036 -46.982963 37.629410
v -68.504276 -46.995722 37.565263
v -68.499999 -47.000000 37.500000
v -68.504276 -46.995722 37.434737
v -68.517036 -46.982963 37.370590
v -68.538059 -46.961940 37.308658
v -68.566986 -46.933013 37.250000
v -68.603322 -46.896677 37.195619
v -68.646445 -46.853553 37.146447
v -68.749999 -46.750000 37.066987
v -68.853552 -46.646447 36.987528
v -68.896675 -46.603323 36.938355
v -68.933011 -46.566987 36.883975
v -68.961938 -46.538060 36.825316
v -68.982961 -46.517037 36.763384
v -68.995721 -46.504278 36.699238
v -68.999999 -46.500000 36.633975
v -68.999999 -46.500000 33.000000
v -67.999999 -47.500000 33.000000
v -68.749999 -45.500000 37.066987
v -68.853552 -45.500000 36.987528
v -68.933011 -45.500000 36.883975
v -68.982961 -45.500000 36.763384
v -68.999999 -45.500000 36.633975
v -68.999999 -45.500000 33.000000
v -68.499999 -45.500000 32.500000
v -68.629408 -45.500000 32.517037
v -68.749999 -45.500000 32.566987
v -68.853552 -45.500000 32.646447
v -68.933011 -45.500000 32.750000
v -68.982961 -45.500000 32.870590
v -68.646445 -45.500000 37.146447
v -68.566986 -45.500000 37.250000
v -68.517036 -45.500000 37.370590
v -68.499999 -45.500000 37.500000
v -68.517036 -45.500000 37.629410
v -68.566986 -45.500000 37.750000
v -68.646445 -45.500000 37.853553
v -68.499999 -46.292893 32.500000
v -68.629408 -46.346496 32.517037
v -68.749999 -46.396447 32.566987
v -68.853552 -46.439340 32.646447
v -68.933011 -46.472253 32.750000
v -68.982961 -46.492943 32.870590
v -67.292892 -47.500000 32.500000
v -67.430841 -47.500000 32.509607
v -67.563490 -47.500000 32.538060
v -67.685739 -47.500000 32.584265
v -67.792892 -47.500000 32.646447
v -67.880830 -47.500000 32.722215
v -67.946173 -47.500000 32.808658
v -67.986412 -47.500000 32.902455
v -67.996594 -47.500000 32.950991
v -64.499999 -47.500000 62.500000
v -65.017637 -47.431852 62.500000
v -65.499999 -47.232051 62.500000
v -65.914212 -46.914214 62.500000
v -66.232049 -46.500000 62.500000
v -66.431850 -46.017638 62.500000
v -66.499999 -45.500000 62.500000
v -66.499999 -45.500000 72.500000
v -66.431850 -46.017638 72.500000
v -66.232049 -46.500000 72.500000
v -65.914212 -46.914214 72.500000
v -65.499999 -47.232051 72.500000
v -65.017637 -47.431852 72.500000
v -64.499999 -47.500000 72.500000
v -68.499999 -46.292893 72.500000
v -68.499999 -45.500000 72.500000
v -68.629408 -45.500000 72.482963
v -68.749999 -45.500000 72.433013
v -68.853552 -45.500000 72.353553
v -68.933011 -45.500000 72.250000
v -68.982961 -45.500000 72.129410
v -68.999999 -45.500000 72.000000
v -68.999999 -46.500000 72.000000
v -68.982961 -46.492943 72.129410
v -68.933011 -46.472253 72.250000
v -68.853552 -46.439340 72.353553
v -68.749999 -46.396447 72.433013
v -68.629408 -46.346496 72.482963
v -67.999999 -47.500000 72.000000
v -67.996594 -47.500000 72.049009
v -67.986412 -47.500000 72.097545
v -67.946173 -47.500000 72.191342
v -67.880830 -47.500000 72.277785
v -67.792892 -47.500000 72.353553
v -67.685739 -47.500000 72.415735
v -67.563490 -47.500000 72.461940
v -67.430841 -47.500000 72.490393
v -67.292892 -47.500000 72.500000
v -68.749999 -46.750000 67.933013
v -68.853552 -46.646447 68.012472
v -68.896675 -46.603323 68.061645
v -68.933011 -46.566987 68.116025
v -68.961938 -46.538060 68.174684
v -68.982961 -46.517037 68.236616
v -68.995721 -46.504278 68.300762
v -68.999999 -46.500000 68.366025
v -68.999999 -45.500000 68.366025
v -68.982961 -45.500000 68.236616
v -68.933011 -45.500000 68.116025
v -68.853552 -45.500000 68.012472
v -68.749999 -45.500000 67.933013
v -68.646445 -46.853553 67.853553
v -68.603322 -46.896677 67.804381
v -68.566986 -46.933013 67.750000
v -68.538059 -46.961940 67.691342
v -68.517036 -46.982963 67.629410
v -68.504276 -46.995722 67.565263
v -68.499999 -47.000000 67.500000
v -68.504276 -46.995722 67.434737
v -68.517036 -46.982963 67.370590
v -68.538059 -46.961940 67.308658
v -68.566986 -46.933013 67.250000
v -68.603322 -46.896677 67.195619
v -68.646445 -46.853553 67.146447
v -68.749999 -46.750000 67.066987
v -68.853552 -46.646447 66.987528
v -68.896675 -46.603323 66.938355
v -68.933011 -46.566987 66.883975
v -68.961938 -46.538060 66.825316
v -68.982961 -46.517037 66.763384
v -68.995721 -46.504278 66.699238
v -68.999999 -46.500000 66.633975
v -68.999999 -46.500000 63.000000
v -67.999999 -47.500000 63.000000
v -68.749999 -45.500000 67.066987
v -68.853552 -45.500000 66.987528
v -68.933011 -45.500000 66.883975
v -68.982961 -45.500000 66.763384
v -68.999999 -45.500000 66.633975
v -68.999999 -45.500000 63.000000
v -68.499999 -45.500000 62.500000
v -68.629408 -45.500000 62.517037
v -68.749999 -45.500000 62.566987
v -68.853552 -45.500000 62.646447
v -68.933011 -45.500000 62.750000
v -68.982961 -45.500000 62.870590
v -68.646445 -45.500000 67.146447
v -68.566986 -45.500000 67.250000
v -68.517036 -45.500000 67.370590
v -68.499999 -45.500000 67.500000
v -68.517036 -45.500000 67.629410
v -68.566986 -45.500000 67.750000
v -68.646445 -45.500000 67.853553
v -68.499999 -46.292893 62.500000
v -68.629408 -46.346496 62.517037
v -68.749999 -46.396447 62.566987
v -68.853552 -46.439340 62.646447
v -68.933011 -46.472253 62.750000
v -68.982961 -46.492943 62.870590
v -67.292892 -47.500000 62.500000
v -67.430841 -47.500000 62.509607
v -67.563490 -47.500000 62.538060
v -67.685739 -47.500000 62.584265
v -67.792892 -47.500000 62.646447
v -67.880830 -47.500000 62.722215
v -67.946173 -47.500000 62.808658
v -67.986412 -47.500000 62.902455
v -67.996594 -47.500000 62.950991
v -70.000000 -47.500000 10.000000
v -69.855890 -47.500000 8.536823
v -69.429096 -47.500000 7.129874
v -68.736022 -47.500000 5.833223
v -67.803301 -47.500000 4.696699
v -66.666777 -47.500000 3.763978
v -65.370126 -47.500000 3.070904
v -63.963177 -47.500000 2.644110
v -62.500000 -47.500000 2.500000
v -62.500000 -50.000000 2.500000
v -63.963177 -50.000000 2.644110
v -65.370126 -50.000000 3.070904
v -66.666777 -50.000000 3.763978
v -67.803301 -50.000000 4.696699
v -68.736022 -50.000000 5.833223
v -69.429096 -50.000000 7.129874
v -69.855890 -50.000000 8.536823
v -70.000000 -50.000000 10.000000
v -70.000000 -50.000000 95.000000
v -70.000000 -47.500000 95.000000
v 129.474937 -50.000000 8.975063
v 101.000002 -50.000000 8.975063
v 101.000000 -50.000000 8.700000
v 79.000000 -50.000000 8.700000
v 79.000000 -50.000000 8.975063
v 50.525063 -50.000000 8.975063
v 50.525063 -50.000000 96.024937
v 129.474937 -50.000000 96.024937
v -42.500000 -50.000000 80.000000
v 42.500000 -50.000000 80.000000
v 42.500000 -50.000000 25.000000
v -42.500000 -50.000000 25.000000
v 142.500000 -50.000000 2.500000
v 143.963177 -50.000000 2.644110
v 145.370126 -50.000000 3.070904
v 146.666777 -50.000000 3.763978
v 147.803301 -50.000000 4.696699
v 148.736022 -50.000000 5.833223
v 149.429096 -50.000000 7.129874
v 149.855890 -50.000000 8.536823
v 150.000000 -50.000000 10.000000
v 150.000000 -50.000000 95.000000
v 149.855890 -50.000000 96.463177
v 149.429096 -50.000000 97.870126
v 148.736022 -50.000000 99.166777
v 147.803301 -50.000000 100.303301
v 146.666777 -50.000000 101.236022
v 145.370126 -50.000000 101.929096
v 143.963177 -50.000000 102.355890
v 142.500000 -50.000000 102.500000
v -62.500000 -50.000000 102.500000
v -63.963177 -50.000000 102.355890
v -65.370126 -50.000000 101.929096
v -66.666777 -50.000000 101.236022
v -67.803301 -50.000000 100.303301
v -68.736022 -50.000000 99.166777
v -69.429096 -50.000000 97.870126
v -69.855890 -50.000000 96.463177
v 142.500000 -47.500000 2.500000
v 143.963177 -47.500000 2.644110
v 145.370126 -47.500000 3.070904
v 146.666777 -47.500000 3.763978
v 147.803301 -47.500000 4.696699
v 148.736022 -47.500000 5.833223
v 149.429096 -47.500000 7.129874
v 149.855890 -47.500000 8.536823
v 150.000000 -47.500000 10.000000
v 150.000000 -47.500000 95.000000
v 149.855890 -47.500000 96.463177
v 149.429096 -47.500000 97.870126
v 148.736022 -47.500000 99.166777
v 147.803301 -47.500000 100.303301
v 146.666777 -47.500000 101.236022
v 145.370126 -47.500000 101.929096
v 143.963177 -47.500000 102.355890
v 142.500000 -47.500000 102.500000
v -62.500000 -47.500000 102.500000
v -63.963177 -47.500000 102.355890
v -65.370126 -47.500000 101.929096
v -66.666777 -47.500000 101.236022
v -67.803301 -47.500000 100.303301
v -68.736022 -47.500000 99.166777
v -69.429096 -47.500000 97.870126
v -69.855890 -47.500000 96.463177
v 101.000002 -49.500000 13.950000
v 101.000000 -49.777364 12.304059
v 101.000000 -49.944279 10.643279
v 126.974937 -49.874686 11.475063
v 124.500000 -49.500000 13.950000
v 53.025063 -49.874686 93.524937
v 55.500000 -49.500000 91.050000
v 124.500000 -49.500000 91.050000
v 126.974937 -49.874686 93.524937
v 90.000000 -49.874686 93.524937
v 53.025063 -49.874686 11.475063
v 55.500000 -49.500000 13.950000
v 53.025063 -49.874686 52.500000
v 79.000000 -49.944279 10.643279
v 79.000000 -49.777364 12.304059
v 79.000000 -49.500000 13.950000
v 126.974937 -49.874686 52.500000
v 79.000000 -47.500000 8.700000
v 79.000000 -47.500000 12.200000
v 79.000000 -49.500000 12.200000
v 101.000000 -47.500000 8.700000
v 101.000002 -49.500000 12.200000
v 101.000000 -47.500000 12.200000
v -42.500000 -47.500000 80.000000
v 42.500000 -47.500000 80.000000
v -42.500000 -47.500000 25.000000
v 42.500000 -47.500000 25.000000
vt 1.500000 0.157080 0.000000
vt 0.500000 0.157080 0.000000
vt 1.500000 0.104720 0.000000
vt 0.500000 0.104720 0.000000
vt 1.500000 0.052360 0.000000
vt 0.500000 0.052360 0.000000
vt 1.500000 -0.000000 0.000000
vt 0.500000 -0.000000 0.000000
vt 1.500000 -0.052360 0.000000
vt 0.500000 -0.052360 0.000000
vt 1.500000 -0.104720 0.000000
vt 0.500000 -0.104720 0.000000
vt 1.500000 -0.157080 0.000000
vt 0.500000 -0.157080 0.000000
vt -0.000000 -0.039270 0.000000
vt 0.100000 -0.039270 0.000000
vt 0.000706 -0.026180 0.000000
vt 0.100000 -0.026180 0.000000
vt 0.002775 -0.013090 0.000000
vt 0.100000 -0.013090 0.000000
vt 0.006066 0.000000 0.000000
vt 0.100000 0.000000 0.000000
vt 0.010355 0.013090 0.000000
vt 0.100000 0.013090 0.000000
vt 0.015350 0.026180 0.000000
vt 0.100000 0.026180 0.000000
vt 0.020711 0.039270 0.000000
vt 0.100000 0.039270 0.000000
vt -0.076517 0.039270 0.000000
vt -0.066762 0.029452 0.000000
vt 0.094194 0.039270 0.000000
vt 0.099554 0.026180 0.000000
vt -0.057382 0.019635 0.000000
vt 0.104550 0.013090 0.000000
vt -0.048738 0.009817 0.000000
vt 0.108839 -0.000000 0.000000
vt -0.041161 -0.000000 0.000000
vt -0.034943 -0.009817 0.000000
vt 0.112130 -0.013090 0.000000
vt -0.030323 -0.019635 0.000000
vt 0.114199 -0.026180 0.000000
vt -0.027477 -0.029452 0.000000
vt -0.026757 -0.034361 0.000000
vt -0.026517 -0.039270 0.000000
vt 0.114905 -0.039270 0.000000
vt -0.037059 0.001704 0.000000
vt -0.035355 0.464645 0.000000
vt -0.050000 0.000000 0.000000
vt -0.043301 0.475000 0.000000
vt -0.048296 0.487059 0.000000
vt -0.025000 0.456699 0.000000
vt -0.025000 0.006699 0.000000
vt -0.000000 0.050000 0.000000
vt -0.014645 0.014645 0.000000
vt -0.006699 0.025000 0.000000
vt -0.001704 0.037059 0.000000
vt -0.000000 0.413397 0.000000
vt -0.014645 0.448753 0.000000
vt -0.006699 0.438397 0.000000
vt -0.001704 0.426338 0.000000
vt -0.250000 0.000000 0.000000
vt -0.050000 0.500000 0.000000
vt -0.250000 1.000000 0.000000
vt -0.048296 0.512941 0.000000
vt -0.050000 1.000000 0.000000
vt -0.043301 0.525000 0.000000
vt -0.035355 0.535355 0.000000
vt -0.037059 0.998296 0.000000
vt -0.025000 0.543301 0.000000
vt -0.025000 0.993301 0.000000
vt -0.000000 0.950000 0.000000
vt -0.014645 0.985355 0.000000
vt -0.006699 0.975000 0.000000
vt -0.001704 0.962941 0.000000
vt -0.000000 0.586603 0.000000
vt -0.014645 0.551247 0.000000
vt -0.006699 0.561603 0.000000
vt -0.001704 0.573662 0.000000
vt -0.100000 0.050000 0.000000
vt -0.000000 0.050000 0.000000
vt -0.100000 0.413397 0.000000
vt -0.000000 0.413397 0.000000
vt -0.000000 0.050000 0.000000
vt -0.080184 0.475000 0.000000
vt -0.141421 0.050000 0.000000
vt -0.085323 0.469562 0.000000
vt -0.091421 0.464645 0.000000
vt -0.000000 0.950000 0.000000
vt -0.070711 0.500000 0.000000
vt -0.071316 0.493474 0.000000
vt -0.073120 0.487059 0.000000
vt -0.141421 0.950000 0.000000
vt -0.080184 0.525000 0.000000
vt -0.076093 0.519134 0.000000
vt -0.073120 0.512941 0.000000
vt -0.141421 0.586603 0.000000
vt -0.131948 0.561603 0.000000
vt -0.126809 0.556164 0.000000
vt -0.120711 0.551247 0.000000
vt -0.140816 0.580076 0.000000
vt -0.139012 0.573662 0.000000
vt -0.136039 0.567468 0.000000
vt -0.106066 0.543301 0.000000
vt -0.091421 0.535355 0.000000
vt -0.085323 0.530438 0.000000
vt -0.071316 0.506526 0.000000
vt -0.076093 0.480866 0.000000
vt -0.106066 0.456699 0.000000
vt -0.120711 0.448753 0.000000
vt -0.126809 0.443836 0.000000
vt -0.131948 0.438397 0.000000
vt -0.141421 0.413397 0.000000
vt -0.136039 0.432532 0.000000
vt -0.139012 0.426338 0.000000
vt -0.140816 0.419924 0.000000
vt -0.125000 0.026180 0.000000
vt -0.114645 0.013090 0.000000
vt -0.000000 0.026180 0.000000
vt -0.000000 0.013090 0.000000
vt -0.110332 0.006545 0.000000
vt -0.000000 0.000000 0.000000
vt -0.106699 0.000000 0.000000
vt -0.103806 -0.006545 0.000000
vt -0.000000 -0.013090 0.000000
vt -0.101704 -0.013090 0.000000
vt -0.100428 -0.019635 0.000000
vt -0.100000 -0.026180 0.000000
vt -0.000000 -0.026180 0.000000
vt -0.100000 0.586603 0.000000
vt -0.000000 0.586603 0.000000
vt -0.100000 0.950000 0.000000
vt -0.000000 0.950000 0.000000
vt 0.125000 0.026180 0.000000
vt -0.000000 0.026180 0.000000
vt 0.114645 0.013090 0.000000
vt -0.000000 0.013090 0.000000
vt 0.110332 0.006545 0.000000
vt -0.000000 0.000000 0.000000
vt 0.106699 0.000000 0.000000
vt 0.103806 -0.006545 0.000000
vt -0.000000 -0.013090 0.000000
vt 0.101704 -0.013090 0.000000
vt 0.100428 -0.019635 0.000000
vt -0.000000 -0.026180 0.000000
vt 0.100000 -0.026180 0.000000
vt 0.026517 -0.039270 0.000000
vt 0.026757 -0.034361 0.000000
vt -0.114905 -0.039270 0.000000
vt -0.114199 -0.026180 0.000000
vt 0.027477 -0.029452 0.000000
vt 0.030323 -0.019635 0.000000
vt -0.112130 -0.013090 0.000000
vt 0.034943 -0.009817 0.000000
vt -0.108839 -0.000000 0.000000
vt 0.041161 -0.000000 0.000000
vt 0.048738 0.009817 0.000000
vt -0.104550 0.013090 0.000000
vt 0.057382 0.019635 0.000000
vt -0.099554 0.026180 0.000000
vt 0.066762 0.029452 0.000000
vt -0.094194 0.039270 0.000000
vt 0.076517 0.039270 0.000000
vt -0.100000 0.039270 0.000000
vt -0.100000 0.026180 0.000000
vt -0.020711 0.039270 0.000000
vt -0.015350 0.026180 0.000000
vt -0.100000 0.013090 0.000000
vt -0.010355 0.013090 0.000000
vt -0.100000 0.000000 0.000000
vt -0.006066 0.000000 0.000000
vt -0.100000 -0.013090 0.000000
vt -0.002775 -0.013090 0.000000
vt -0.100000 -0.026180 0.000000
vt -0.000706 -0.026180 0.000000
vt -0.100000 -0.039270 0.000000
vt -0.000000 -0.039270 0.000000
vt 0.000000 0.104720 0.000000
vt 0.000000 0.117810 0.000000
vt -0.125000 0.104720 0.000000
vt -0.135355 0.117810 0.000000
vt -0.139668 0.124355 0.000000
vt 0.000000 0.130900 0.000000
vt -0.143301 0.130900 0.000000
vt -0.146194 0.137445 0.000000
vt 0.000000 0.143990 0.000000
vt -0.148296 0.143990 0.000000
vt -0.149572 0.150535 0.000000
vt 0.000000 0.157080 0.000000
vt -0.150000 0.157080 0.000000
vt -0.149572 0.163625 0.000000
vt 0.000000 0.170170 0.000000
vt -0.148296 0.170170 0.000000
vt -0.146194 0.176715 0.000000
vt 0.000000 0.183260 0.000000
vt -0.143301 0.183260 0.000000
vt -0.139668 0.189805 0.000000
vt 0.000000 0.196350 0.000000
vt -0.135355 0.196350 0.000000
vt -0.125000 0.209440 0.000000
vt 0.000000 0.209440 0.000000
vt 0.075000 0.100000 0.000000
vt -0.131815 0.048236 0.000000
vt 0.075000 0.020711 0.000000
vt -0.151795 0.000000 0.000000
vt -0.045711 -0.100000 0.000000
vt -0.183579 -0.041421 0.000000
vt -0.225000 -0.073205 0.000000
vt -0.125000 0.100000 0.000000
vt -0.273236 -0.093185 0.000000
vt -0.325000 -0.100000 0.000000
vt 0.045711 -0.100000 0.000000
vt 0.151795 0.000000 0.000000
vt -0.075000 0.020711 0.000000
vt 0.131815 0.048236 0.000000
vt -0.075000 0.100000 0.000000
vt 0.125000 0.100000 0.000000
vt 0.325000 -0.100000 0.000000
vt 0.273236 -0.093185 0.000000
vt 0.225000 -0.073205 0.000000
vt 0.183579 -0.041421 0.000000
vt 0.000000 0.157080 0.000000
vt -1.000000 0.157080 0.000000
vt 0.000000 0.104720 0.000000
vt -1.000000 0.104720 0.000000
vt 0.000000 0.052360 0.000000
vt -1.000000 0.052360 0.000000
vt 0.000000 -0.000000 0.000000
vt -1.000000 -0.000000 0.000000
vt 0.000000 -0.052360 0.000000
vt -1.000000 -0.052360 0.000000
vt 0.000000 -0.104720 0.000000
vt -1.000000 -0.104720 0.000000
vt 0.000000 -0.157080 0.000000
vt -1.000000 -0.157080 0.000000
vt -0.000000 -0.039270 0.000000
vt 0.100000 -0.039270 0.000000
vt 0.000706 -0.026180 0.000000
vt 0.100000 -0.026180 0.000000
vt 0.002775 -0.013090 0.000000
vt 0.100000 -0.013090 0.000000
vt 0.006066 0.000000 0.000000
vt 0.100000 0.000000 0.000000
vt 0.010355 0.013090 0.000000
vt 0.100000 0.013090 0.000000
vt 0.015350 0.026180 0.000000
vt 0.100000 0.026180 0.000000
vt 0.020711 0.039270 0.000000
vt 0.100000 0.039270 0.000000
vt -0.076517 0.039270 0.000000
vt -0.066762 0.029452 0.000000
vt 0.094194 0.039270 0.000000
vt 0.099554 0.026180 0.000000
vt -0.057382 0.019635 0.000000
vt 0.104550 0.013090 0.000000
vt -0.048738 0.009817 0.000000
vt 0.108839 -0.000000 0.000000
vt -0.041161 -0.000000 0.000000
vt -0.034943 -0.009817 0.000000
vt 0.112130 -0.013090 0.000000
vt -0.030323 -0.019635 0.000000
vt 0.114199 -0.026180 0.000000
vt -0.027477 -0.029452 0.000000
vt -0.026757 -0.034361 0.000000
vt -0.026517 -0.039270 0.000000
vt 0.114905 -0.039270 0.000000
vt -0.037059 0.001704 0.000000
vt -0.035355 0.464645 0.000000
vt -0.050000 0.000000 0.000000
vt -0.043301 0.475000 0.000000
vt -0.048296 0.487059 0.000000
vt -0.025000 0.456699 0.000000
vt -0.025000 0.006699 0.000000
vt -0.000000 0.050000 0.000000
vt -0.014645 0.014645 0.000000
vt -0.006699 0.025000 0.000000
vt -0.001704 0.037059 0.000000
vt -0.000000 0.413397 0.000000
vt -0.014645 0.448753 0.000000
vt -0.006699 0.438397 0.000000
vt -0.001704 0.426338 0.000000
vt -0.250000 0.000000 0.000000
vt -0.050000 0.500000 0.000000
vt -0.250000 1.000000 0.000000
vt -0.048296 0.512941 0.000000
vt -0.050000 1.000000 0.000000
vt -0.043301 0.525000 0.000000
vt -0.035355 0.535355 0.000000
vt -0.037059 0.998296 0.000000
vt -0.025000 0.543301 0.000000
vt -0.025000 0.993301 0.000000
vt -0.000000 0.950000 0.000000
vt -0.014645 0.985355 0.000000
vt -0.006699 0.975000 0.000000
vt -0.001704 0.962941 0.000000
vt -0.000000 0.586603 0.000000
vt -0.014645 0.551247 0.000000
vt -0.006699 0.561603 0.000000
vt -0.001704 0.573662 0.000000
vt -0.100000 0.050000 0.000000
vt -0.000000 0.050000 0.000000
vt -0.100000 0.413397 0.000000
vt -0.000000 0.413397 0.000000
vt -0.000000 0.050000 0.000000
vt -0.080184 0.475000 0.000000
vt -0.141421 0.050000 0.000000
vt -0.085323 0.469562 0.000000
vt -0.091421 0.464645 0.000000
vt -0.000000 0.950000 0.000000
vt -0.070711 0.500000 0.000000
vt -0.071316 0.493474 0.000000
vt -0.073120 0.487059 0.000000
vt -0.141421 0.950000 0.000000
vt -0.080184 0.525000 0.000000
vt -0.076093 0.519134 0.000000
vt -0.073120 0.512941 0.000000
vt -0.141421 0.586603 0.000000
vt -0.131948 0.561603 0.000000
vt -0.126809 0.556164 0.000000
vt -0.120711 0.551247 0.000000
vt -0.140816 0.580076 0.000000
vt -0.139012 0.573662 0.000000
vt -0.136039 0.567468 0.000000
vt -0.106066 0.543301 0.000000
vt -0.091421 0.535355 0.000000
vt -0.085323 0.530438 0.000000
vt -0.071316 0.506526 0.000000
vt -0.076093 0.480866 0.000000
vt -0.106066 0.456699 0.000000
vt -0.120711 0.448753 0.000000
vt -0.126809 0.443836 0.000000
vt -0.131948 0.438397 0.000000
vt -0.141421 0.413397 0.000000
vt -0.136039 0.432532 0.000000
vt -0.139012 0.426338 0.000000
vt -0.140816 0.419924 0.000000
vt 0.125000 0.026180 0.000000
vt -0.000000 0.026180 0.000000
vt 0.114645 0.013090 0.000000
vt -0.000000 0.013090 0.000000
vt 0.110332 0.006545 0.000000
vt -0.000000 0.000000 0.000000
vt 0.106699 0.000000 0.000000
vt 0.103806 -0.006545 0.000000
vt -0.000000 -0.013090 0.000000
vt 0.101704 -0.013090 0.000000
vt 0.100428 -0.019635 0.000000
vt -0.000000 -0.026180 0.000000
vt 0.100000 -0.026180 0.000000
vt -0.125000 0.026180 0.000000
vt -0.114645 0.013090 0.000000
vt -0.000000 0.026180 0.000000
vt -0.000000 0.013090 0.000000
vt -0.110332 0.006545 0.000000
vt -0.000000 0.000000 0.000000
vt -0.106699 0.000000 0.000000
vt -0.103806 -0.006545 0.000000
vt -0.000000 -0.013090 0.000000
vt -0.101704 -0.013090 0.000000
vt -0.100428 -0.019635 0.000000
vt -0.100000 -0.026180 0.000000
vt -0.000000 -0.026180 0.000000
vt -0.100000 0.586603 0.000000
vt -0.000000 0.586603 0.000000
vt -0.100000 0.950000 0.000000
vt -0.000000 0.950000 0.000000
vt 0.026517 -0.039270 0.000000
vt 0.026757 -0.034361 0.000000
vt -0.114905 -0.039270 0.000000
vt -0.114199 -0.026180 0.000000
vt 0.027477 -0.029452 0.000000
vt 0.030323 -0.019635 0.000000
vt -0.112130 -0.013090 0.000000
vt 0.034943 -0.009817 0.000000
vt -0.108839 -0.000000 0.000000
vt 0.041161 -0.000000 0.000000
vt 0.048738 0.009817 0.000000
vt -0.104550 0.013090 0.000000
vt 0.057382 0.019635 0.000000
vt -0.099554 0.026180 0.000000
vt 0.066762 0.029452 0.000000
vt -0.094194 0.039270 0.000000
vt 0.076517 0.039270 0.000000
vt -0.100000 0.039270 0.000000
vt -0.100000 0.026180 0.000000
vt -0.020711 0.039270 0.000000
vt -0.015350 0.026180 0.000000
vt -0.100000 0.013090 0.000000
vt -0.010355 0.013090 0.000000
vt -0.100000 0.000000 0.000000
vt -0.006066 0.000000 0.000000
vt -0.100000 -0.013090 0.000000
vt -0.002775 -0.013090 0.000000
vt -0.100000 -0.026180 0.000000
vt -0.000706 -0.026180 0.000000
vt -0.100000 -0.039270 0.000000
vt -0.000000 -0.039270 0.000000
vt 0.000000 -0.104720 0.000000
vt -0.125000 -0.104720 0.000000
vt 0.000000 -0.117810 0.000000
vt -0.135355 -0.117810 0.000000
vt -0.139668 -0.124355 0.000000
vt 0.000000 -0.130900 0.000000
vt -0.143301 -0.130900 0.000000
vt -0.146194 -0.137445 0.000000
vt 0.000000 -0.143990 0.000000
vt -0.148296 -0.143990 0.000000
vt -0.149572 -0.150535 0.000000
vt 0.000000 -0.157080 0.000000
vt -0.150000 -0.157080 0.000000
vt -0.149572 -0.163625 0.000000
vt 0.000000 -0.170170 0.000000
vt -0.148296 -0.170170 0.000000
vt -0.146194 -0.176715 0.000000
vt 0.000000 -0.183260 0.000000
vt -0.143301 -0.183260 0.000000
vt -0.139668 -0.189805 0.000000
vt 0.000000 -0.196350 0.000000
vt -0.135355 -0.196350 0.000000
vt -0.125000 -0.209440 0.000000
vt 0.000000 -0.209440 0.000000
vt 0.075000 0.100000 0.000000
vt -0.131815 0.048236 0.000000
vt 0.075000 0.020711 0.000000
vt -0.151795 0.000000 0.000000
vt -0.045711 -0.100000 0.000000
vt -0.183579 -0.041421 0.000000
vt -0.225000 -0.073205 0.000000
vt -0.125000 0.100000 0.000000
vt -0.273236 -0.093185 0.000000
vt -0.325000 -0.100000 0.000000
vt 0.045711 -0.100000 0.000000
vt 0.151795 0.000000 0.000000
vt -0.075000 0.020711 0.000000
vt 0.131815 0.048236 0.000000
vt -0.075000 0.100000 0.000000
vt 0.125000 0.100000 0.000000
vt 0.325000 -0.100000 0.000000
vt 0.273236 -0.093185 0.000000
vt 0.225000 -0.073205 0.000000
vt 0.183579 -0.041421 0.000000
vt -0.500000 0.157080 0.000000
vt -1.500000 0.157080 0.000000
vt -0.500000 0.104720 0.000000
vt -1.500000 0.104720 0.000000
vt -0.500000 0.052360 0.000000
vt -1.500000 0.052360 0.000000
vt -0.500000 0.000000 0.000000
vt -1.500000 0.000000 0.000000
vt -0.500000 -0.052360 0.000000
vt -1.500000 -0.052360 0.000000
vt -0.500000 -0.104720 0.000000
vt -1.500000 -0.104720 0.000000
vt -0.500000 -0.157080 0.000000
vt -1.500000 -0.157080 0.000000
vt 0.100000 -0.039270 0.000000
vt 0.100000 -0.026180 0.000000
vt 0.020711 -0.039270 0.000000
vt 0.015350 -0.026180 0.000000
vt 0.100000 -0.013090 0.000000
vt 0.010355 -0.013090 0.000000
vt 0.100000 0.000000 0.000000
vt 0.006066 0.000000 0.000000
vt 0.100000 0.013090 0.000000
vt 0.002775 0.013090 0.000000
vt 0.100000 0.026180 0.000000
vt 0.000706 0.026180 0.000000
vt 0.100000 0.039270 0.000000
vt -0.000000 0.039270 0.000000
vt -0.026517 0.039270 0.000000
vt -0.026757 0.034361 0.000000
vt 0.114905 0.039270 0.000000
vt 0.114199 0.026180 0.000000
vt -0.027477 0.029452 0.000000
vt -0.030323 0.019635 0.000000
vt 0.112130 0.013090 0.000000
vt -0.034943 0.009817 0.000000
vt 0.108839 0.000000 0.000000
vt -0.041161 0.000000 0.000000
vt -0.048738 -0.009817 0.000000
vt 0.104550 -0.013090 0.000000
vt -0.057382 -0.019635 0.000000
vt 0.099554 -0.026180 0.000000
vt -0.066762 -0.029452 0.000000
vt 0.094194 -0.039270 0.000000
vt -0.076517 -0.039270 0.000000
vt 0.125000 0.100000 0.000000
vt -0.075000 0.100000 0.000000
vt 0.131815 0.048236 0.000000
vt -0.075000 0.020711 0.000000
vt 0.151795 0.000000 0.000000
vt 0.045711 -0.100000 0.000000
vt 0.183579 -0.041421 0.000000
vt 0.225000 -0.073205 0.000000
vt 0.273236 -0.093185 0.000000
vt 0.325000 -0.100000 0.000000
vt -0.125000 0.026180 0.000000
vt -0.114645 0.013090 0.000000
vt 0.000000 0.026180 0.000000
vt -0.000000 0.013090 0.000000
vt -0.110332 0.006545 0.000000
vt 0.000000 -0.000000 0.000000
vt -0.106699 -0.000000 0.000000
vt -0.103806 -0.006545 0.000000
vt 0.000000 -0.013090 0.000000
vt -0.101704 -0.013090 0.000000
vt -0.100428 -0.019635 0.000000
vt -0.100000 -0.026180 0.000000
vt -0.000000 -0.026180 0.000000
vt 0.000000 0.050000 0.000000
vt 0.100000 0.050000 0.000000
vt 0.000000 0.413397 0.000000
vt 0.100000 0.413397 0.000000
vt 0.141421 0.050000 0.000000
vt 0.080184 0.475000 0.000000
vt 0.000000 0.050000 0.000000
vt 0.076093 0.480866 0.000000
vt 0.073120 0.487059 0.000000
vt 0.141421 0.413397 0.000000
vt 0.131948 0.438397 0.000000
vt 0.126809 0.443836 0.000000
vt 0.120711 0.448753 0.000000
vt 0.140816 0.419924 0.000000
vt 0.139012 0.426338 0.000000
vt 0.136039 0.432532 0.000000
vt 0.106066 0.456699 0.000000
vt 0.091421 0.464645 0.000000
vt 0.085323 0.469562 0.000000
vt 0.071316 0.493474 0.000000
vt 0.070711 0.500000 0.000000
vt 0.000000 0.950000 0.000000
vt 0.071316 0.506526 0.000000
vt 0.073120 0.512941 0.000000
vt 0.076093 0.519134 0.000000
vt 0.080184 0.525000 0.000000
vt 0.141421 0.950000 0.000000
vt 0.085323 0.530438 0.000000
vt 0.091421 0.535355 0.000000
vt 0.106066 0.543301 0.000000
vt 0.120711 0.551247 0.000000
vt 0.126809 0.556164 0.000000
vt 0.131948 0.561603 0.000000
vt 0.141421 0.586603 0.000000
vt 0.136039 0.567468 0.000000
vt 0.139012 0.573662 0.000000
vt 0.140816 0.580076 0.000000
vt 0.125000 0.026180 0.000000
vt -0.000000 0.026180 0.000000
vt 0.114645 0.013090 0.000000
vt -0.000000 0.013090 0.000000
vt 0.110332 0.006545 0.000000
vt -0.000000 -0.000000 0.000000
vt 0.106699 -0.000000 0.000000
vt 0.103806 -0.006545 0.000000
vt -0.000000 -0.013090 0.000000
vt 0.101704 -0.013090 0.000000
vt 0.100428 -0.019635 0.000000
vt -0.000000 -0.026180 0.000000
vt 0.100000 -0.026180 0.000000
vt 0.000000 0.586603 0.000000
vt 0.100000 0.586603 0.000000
vt 0.000000 0.950000 0.000000
vt 0.100000 0.950000 0.000000
vt 0.001704 0.037059 0.000000
vt 0.006699 0.025000 0.000000
vt 0.000000 0.050000 0.000000
vt 0.014645 0.014645 0.000000
vt 0.025000 0.006699 0.000000
vt 0.025000 0.456699 0.000000
vt 0.037059 0.001704 0.000000
vt 0.035355 0.464645 0.000000
vt 0.050000 0.000000 0.000000
vt 0.043301 0.475000 0.000000
vt 0.048296 0.487059 0.000000
vt 0.250000 0.000000 0.000000
vt 0.050000 0.500000 0.000000
vt 0.250000 1.000000 0.000000
vt 0.048296 0.512941 0.000000
vt 0.050000 1.000000 0.000000
vt 0.043301 0.525000 0.000000
vt 0.035355 0.535355 0.000000
vt 0.037059 0.998296 0.000000
vt 0.025000 0.543301 0.000000
vt 0.025000 0.993301 0.000000
vt 0.000000 0.950000 0.000000
vt 0.014645 0.985355 0.000000
vt 0.006699 0.975000 0.000000
vt 0.001704 0.962941 0.000000
vt 0.000000 0.586603 0.000000
vt 0.014645 0.551247 0.000000
vt 0.006699 0.561603 0.000000
vt 0.001704 0.573662 0.000000
vt 0.000000 0.413397 0.000000
vt 0.014645 0.448753 0.000000
vt 0.006699 0.438397 0.000000
vt 0.001704 0.426338 0.000000
vt -0.000000 0.039270 0.000000
vt -0.100000 0.039270 0.000000
vt -0.000706 0.026180 0.000000
vt -0.100000 0.026180 0.000000
vt -0.002775 0.013090 0.000000
vt -0.100000 0.013090 0.000000
vt -0.006066 -0.000000 0.000000
vt -0.100000 -0.000000 0.000000
vt -0.010355 -0.013090 0.000000
vt -0.100000 -0.013090 0.000000
vt -0.015350 -0.026180 0.000000
vt -0.100000 -0.026180 0.000000
vt -0.020711 -0.039270 0.000000
vt -0.100000 -0.039270 0.000000
vt 0.076517 -0.039270 0.000000
vt 0.066762 -0.029452 0.000000
vt -0.094194 -0.039270 0.000000
vt -0.099554 -0.026180 0.000000
vt 0.057382 -0.019635 0.000000
vt -0.104550 -0.013090 0.000000
vt 0.048738 -0.009817 0.000000
vt -0.108839 -0.000000 0.000000
vt 0.041161 -0.000000 0.000000
vt 0.034943 0.009817 0.000000
vt -0.112130 0.013090 0.000000
vt 0.030323 0.019635 0.000000
vt -0.114199 0.026180 0.000000
vt 0.027477 0.029452 0.000000
vt 0.026757 0.034361 0.000000
vt 0.026517 0.039270 0.000000
vt -0.114905 0.039270 0.000000
vt 0.000000 -0.104720 0.000000
vt 0.000000 -0.117810 0.000000
vt 0.125000 -0.104720 0.000000
vt 0.135355 -0.117810 0.000000
vt 0.139668 -0.124355 0.000000
vt 0.000000 -0.130900 0.000000
vt 0.143301 -0.130900 0.000000
vt 0.146194 -0.137445 0.000000
vt 0.000000 -0.143990 0.000000
vt 0.148296 -0.143990 0.000000
vt 0.149572 -0.150535 0.000000
vt 0.000000 -0.157080 0.000000
vt 0.150000 -0.157080 0.000000
vt 0.149572 -0.163625 0.000000
vt 0.000000 -0.170170 0.000000
vt 0.148296 -0.170170 0.000000
vt 0.146194 -0.176715 0.000000
vt 0.000000 -0.183260 0.000000
vt 0.143301 -0.183260 0.000000
vt 0.139668 -0.189805 0.000000
vt 0.000000 -0.196350 0.000000
vt 0.135355 -0.196350 0.000000
vt 0.125000 -0.209440 0.000000
vt 0.000000 -0.209440 0.000000
vt 0.075000 0.100000 0.000000
vt -0.131815 0.048236 0.000000
vt 0.075000 0.020711 0.000000
vt -0.151795 0.000000 0.000000
vt -0.045711 -0.100000 0.000000
vt -0.183579 -0.041421 0.000000
vt -0.225000 -0.073205 0.000000
vt -0.125000 0.100000 0.000000
vt -0.273236 -0.093185 0.000000
vt -0.325000 -0.100000 0.000000
vt 1.000000 0.157080 0.000000
vt -0.000000 0.157080 0.000000
vt 1.000000 0.104720 0.000000
vt -0.000000 0.104720 0.000000
vt 1.000000 0.052360 0.000000
vt -0.000000 0.052360 0.000000
vt 1.000000 0.000000 0.000000
vt -0.000000 -0.000000 0.000000
vt 1.000000 -0.052360 0.000000
vt -0.000000 -0.052360 0.000000
vt 1.000000 -0.104720 0.000000
vt -0.000000 -0.104720 0.000000
vt 1.000000 -0.157080 0.000000
vt -0.000000 -0.157080 0.000000
vt 0.100000 -0.039270 0.000000
vt 0.100000 -0.026180 0.000000
vt 0.020711 -0.039270 0.000000
vt 0.015350 -0.026180 0.000000
vt 0.100000 -0.013090 0.000000
vt 0.010355 -0.013090 0.000000
vt 0.100000 0.000000 0.000000
vt 0.006066 0.000000 0.000000
vt 0.100000 0.013090 0.000000
vt 0.002775 0.013090 0.000000
vt 0.100000 0.026180 0.000000
vt 0.000706 0.026180 0.000000
vt 0.100000 0.039270 0.000000
vt -0.000000 0.039270 0.000000
vt -0.026517 0.039270 0.000000
vt -0.026757 0.034361 0.000000
vt 0.114905 0.039270 0.000000
vt 0.114199 0.026180 0.000000
vt -0.027477 0.029452 0.000000
vt -0.030323 0.019635 0.000000
vt 0.112130 0.013090 0.000000
vt -0.034943 0.009817 0.000000
vt 0.108839 0.000000 0.000000
vt -0.041161 0.000000 0.000000
vt -0.048738 -0.009817 0.000000
vt 0.104550 -0.013090 0.000000
vt -0.057382 -0.019635 0.000000
vt 0.099554 -0.026180 0.000000
vt -0.066762 -0.029452 0.000000
vt 0.094194 -0.039270 0.000000
vt -0.076517 -0.039270 0.000000
vt 0.125000 0.100000 0.000000
vt -0.075000 0.100000 0.000000
vt 0.131815 0.048236 0.000000
vt -0.075000 0.020711 0.000000
vt 0.151795 0.000000 0.000000
vt 0.045711 -0.100000 0.000000
vt 0.183579 -0.041421 0.000000
vt 0.225000 -0.073205 0.000000
vt 0.273236 -0.093185 0.000000
vt 0.325000 -0.100000 0.000000
vt -0.125000 0.026180 0.000000
vt -0.114645 0.013090 0.000000
vt -0.000000 0.026180 0.000000
vt 0.000000 0.013090 0.000000
vt -0.110332 0.006545 0.000000
vt 0.000000 0.000000 0.000000
vt -0.106699 -0.000000 0.000000
vt -0.103806 -0.006545 0.000000
vt -0.000000 -0.013090 0.000000
vt -0.101704 -0.013090 0.000000
vt -0.100428 -0.019635 0.000000
vt -0.100000 -0.026180 0.000000
vt -0.000000 -0.026180 0.000000
vt 0.000000 0.050000 0.000000
vt 0.100000 0.050000 0.000000
vt 0.000000 0.413397 0.000000
vt 0.100000 0.413397 0.000000
vt 0.141421 0.050000 0.000000
vt 0.080184 0.475000 0.000000
vt 0.000000 0.050000 0.000000
vt 0.076093 0.480866 0.000000
vt 0.073120 0.487059 0.000000
vt 0.141421 0.413397 0.000000
vt 0.131948 0.438397 0.000000
vt 0.126809 0.443836 0.000000
vt 0.120711 0.448753 0.000000
vt 0.140816 0.419924 0.000000
vt 0.139012 0.426338 0.000000
vt 0.136039 0.432532 0.000000
vt 0.106066 0.456699 0.000000
vt 0.091421 0.464645 0.000000
vt 0.085323 0.469562 0.000000
vt 0.071316 0.493474 0.000000
vt 0.070711 0.500000 0.000000
vt 0.000000 0.950000 0.000000
vt 0.071316 0.506526 0.000000
vt 0.073120 0.512941 0.000000
vt 0.076093 0.519134 0.000000
vt 0.080184 0.525000 0.000000
vt 0.141421 0.950000 0.000000
vt 0.085323 0.530438 0.000000
vt 0.091421 0.535355 0.000000
vt 0.106066 0.543301 0.000000
vt 0.120711 0.551247 0.000000
vt 0.126809 0.556164 0.000000
vt 0.131948 0.561603 0.000000
vt 0.141421 0.586603 0.000000
vt 0.136039 0.567468 0.000000
vt 0.139012 0.573662 0.000000
vt 0.140816 0.580076 0.000000
vt 0.125000 0.026180 0.000000
vt -0.000000 0.026180 0.000000
vt 0.114645 0.013090 0.000000
vt -0.000000 0.013090 0.000000
vt 0.110332 0.006545 0.000000
vt -0.000000 0.000000 0.000000
vt 0.106699 -0.000000 0.000000
vt 0.103806 -0.006545 0.000000
vt -0.000000 -0.013090 0.000000
vt 0.101704 -0.013090 0.000000
vt 0.100428 -0.019635 0.000000
vt -0.000000 -0.026180 0.000000
vt 0.100000 -0.026180 0.000000
vt 0.000000 0.586603 0.000000
vt 0.100000 0.586603 0.000000
vt 0.000000 0.950000 0.000000
vt 0.100000 0.950000 0.000000
vt 0.001704 0.037059 0.000000
vt 0.006699 0.025000 0.000000
vt 0.000000 0.050000 0.000000
vt 0.014645 0.014645 0.000000
vt 0.025000 0.006699 0.000000
vt 0.025000 0.456699 0.000000
vt 0.037059 0.001704 0.000000
vt 0.035355 0.464645 0.000000
vt 0.050000 0.000000 0.000000
vt 0.043301 0.475000 0.000000
vt 0.048296 0.487059 0.000000
vt 0.250000 0.000000 0.000000
vt 0.050000 0.500000 0.000000
vt 0.250000 1.000000 0.000000
vt 0.048296 0.512941 0.000000
vt 0.050000 1.000000 0.000000
vt 0.043301 0.525000 0.000000
vt 0.035355 0.535355 0.000000
vt 0.037059 0.998296 0.000000
vt 0.025000 0.543301 0.000000
vt 0.025000 0.993301 0.000000
vt 0.000000 0.950000 0.000000
vt 0.014645 0.985355 0.000000
vt 0.006699 0.975000 0.000000
vt 0.001704 0.962941 0.000000
vt 0.000000 0.586603 0.000000
vt 0.014645 0.551247 0.000000
vt 0.006699 0.561603 0.000000
vt 0.001704 0.573662 0.000000
vt 0.000000 0.413397 0.000000
vt 0.014645 0.448753 0.000000
vt 0.006699 0.438397 0.000000
vt 0.001704 0.426338 0.000000
vt -0.000000 0.039270 0.000000
vt -0.100000 0.039270 0.000000
vt -0.000706 0.026180 0.000000
vt -0.100000 0.026180 0.000000
vt -0.002775 0.013090 0.000000
vt -0.100000 0.013090 0.000000
vt -0.006066 0.000000 0.000000
vt -0.100000 0.000000 0.000000
vt -0.010355 -0.013090 0.000000
vt -0.100000 -0.013090 0.000000
vt -0.015350 -0.026180 0.000000
vt -0.100000 -0.026180 0.000000
vt -0.020711 -0.039270 0.000000
vt -0.100000 -0.039270 0.000000
vt 0.076517 -0.039270 0.000000
vt 0.066762 -0.029452 0.000000
vt -0.094194 -0.039270 0.000000
vt -0.099554 -0.026180 0.000000
vt 0.057382 -0.019635 0.000000
vt -0.104550 -0.013090 0.000000
vt 0.048738 -0.009817 0.000000
vt -0.108839 0.000000 0.000000
vt 0.041161 0.000000 0.000000
vt 0.034943 0.009817 0.000000
vt -0.112130 0.013090 0.000000
vt 0.030323 0.019635 0.000000
vt -0.114199 0.026180 0.000000
vt 0.027477 0.029452 0.000000
vt 0.026757 0.034361 0.000000
vt 0.026517 0.039270 0.000000
vt -0.114905 0.039270 0.000000
vt 0.000000 -0.104720 0.000000
vt 0.000000 -0.117810 0.000000
vt 0.125000 -0.104720 0.000000
vt 0.135355 -0.117810 0.000000
vt 0.139668 -0.124355 0.000000
vt 0.000000 -0.130900 0.000000
vt 0.143301 -0.130900 0.000000
vt 0.146194 -0.137445 0.000000
vt 0.000000 -0.143990 0.000000
vt 0.148296 -0.143990 0.000000
vt 0.149572 -0.150535 0.000000
vt 0.000000 -0.157080 0.000000
vt 0.150000 -0.157080 0.000000
vt 0.149572 -0.163625 0.000000
vt 0.000000 -0.170170 0.000000
vt 0.148296 -0.170170 0.000000
vt 0.146194 -0.176715 0.000000
vt 0.000000 -0.183260 0.000000
vt 0.143301 -0.183260 0.000000
vt 0.139668 -0.189805 0.000000
vt 0.000000 -0.196350 0.000000
vt 0.135355 -0.196350 0.000000
vt 0.125000 -0.209440 0.000000
vt 0.000000 -0.209440 0.000000
vt 0.075000 0.100000 0.000000
vt -0.131815 0.048236 0.000000
vt 0.075000 0.020711 0.000000
vt -0.151795 0.000000 0.000000
vt -0.045711 -0.100000 0.000000
vt -0.183579 -0.041421 0.000000
vt -0.225000 -0.073205 0.000000
vt -0.125000 0.100000 0.000000
vt -0.273236 -0.093185 0.000000
vt -0.325000 -0.100000 0.000000
vt -0.000000 0.589049 0.000000
vt -0.250000 0.589049 0.000000
vt -0.000000 0.441786 0.000000
vt -0.250000 0.441786 0.000000
vt -0.000000 0.294524 0.000000
vt -0.250000 0.294524 0.000000
vt -0.000000 0.147262 0.000000
vt -0.250000 0.147262 0.000000
vt -0.000000 -0.000000 0.000000
vt -0.250000 -0.000000 0.000000
vt -0.000000 -0.147262 0.000000
vt -0.250000 -0.147262 0.000000
vt -0.000000 -0.294524 0.000000
vt -0.250000 -0.294524 0.000000
vt -0.000000 -0.441786 0.000000
vt -0.250000 -0.441786 0.000000
vt -0.000000 -0.589049 0.000000
vt -0.250000 -0.589049 0.000000
vt 0.750000 -0.000000 0.000000
vt 9.250000 0.000000 0.000000
vt 0.750000 0.250000 0.000000
vt 9.250000 0.250000 0.000000
vt 6.100000 -4.352494 0.000000
vt 6.100000 -4.380000 0.000000
vt 8.947494 -4.352494 0.000000
vt 10.250000 -5.000000 0.000000
vt 10.780330 -4.780330 0.000000
vt 10.666678 -4.873602 0.000000
vt 10.537013 -4.942910 0.000000
vt 10.396318 -4.985589 0.000000
vt 3.900000 -4.380000 0.000000
vt 1.052506 -4.352494 0.000000
vt -10.250000 -5.000000 0.000000
vt -8.250000 -2.750000 0.000000
vt -11.000000 -4.250000 0.000000
vt -8.250000 2.750000 0.000000
vt -11.000000 4.250000 0.000000
vt -10.250000 5.000000 0.000000
vt -10.985589 4.396318 0.000000
vt -10.942910 4.537013 0.000000
vt -10.873602 4.666678 0.000000
vt -10.780330 4.780330 0.000000
vt -10.666678 4.873602 0.000000
vt -10.537013 4.942910 0.000000
vt -10.396318 4.985589 0.000000
vt 3.900000 -4.352494 0.000000
vt 1.052506 4.352494 0.000000
vt 0.250000 2.750000 0.000000
vt 0.250000 -2.750000 0.000000
vt 8.947494 4.352494 0.000000
vt 10.250000 5.000000 0.000000
vt 11.000000 4.250000 0.000000
vt 10.985589 4.396318 0.000000
vt 10.942910 4.537013 0.000000
vt -10.985589 -4.396318 0.000000
vt -10.942910 -4.537013 0.000000
vt -10.873602 -4.666678 0.000000
vt -10.780330 -4.780330 0.000000
vt -10.666678 -4.873602 0.000000
vt -10.537013 -4.942910 0.000000
vt -10.396318 -4.985589 0.000000
vt 10.873602 -4.666678 0.000000
vt 10.942910 -4.537013 0.000000
vt 10.985589 -4.396318 0.000000
vt 11.000000 -4.250000 0.000000
vt 10.873602 4.666678 0.000000
vt 10.780330 4.780330 0.000000
vt 10.666678 4.873602 0.000000
vt 10.537013 4.942910 0.000000
vt 10.396318 4.985589 0.000000
vt 0.000000 0.589049 0.000000
vt -0.250000 0.589049 0.000000
vt -0.000000 0.441786 0.000000
vt -0.250000 0.441786 0.000000
vt -0.000000 0.294524 0.000000
vt -0.250000 0.294524 0.000000
vt -0.000000 0.147262 0.000000
vt -0.250000 0.147262 0.000000
vt -0.000000 -0.000000 0.000000
vt -0.250000 -0.000000 0.000000
vt -0.000000 -0.147262 0.000000
vt -0.250000 -0.147262 0.000000
vt -0.000000 -0.294524 0.000000
vt -0.250000 -0.294524 0.000000
vt -0.000000 -0.441786 0.000000
vt -0.250000 -0.441786 0.000000
vt 0.000000 -0.589049 0.000000
vt -0.250000 -0.589049 0.000000
vt 9.250000 0.250000 0.000000
vt 0.750000 0.250000 0.000000
vt 9.250000 -0.000000 0.000000
vt 0.750000 0.000000 0.000000
vt -0.000000 0.589049 0.000000
vt -0.250000 0.589049 0.000000
vt 0.000000 0.441786 0.000000
vt -0.250000 0.441786 0.000000
vt 0.000000 0.294524 0.000000
vt -0.250000 0.294524 0.000000
vt 0.000000 0.147262 0.000000
vt -0.250000 0.147262 0.000000
vt 0.000000 0.000000 0.000000
vt -0.250000 -0.000000 0.000000
vt 0.000000 -0.147262 0.000000
vt -0.250000 -0.147262 0.000000
vt 0.000000 -0.294524 0.000000
vt -0.250000 -0.294524 0.000000
vt 0.000000 -0.441786 0.000000
vt -0.250000 -0.441786 0.000000
vt 0.000000 -0.589049 0.000000
vt -0.250000 -0.589049 0.000000
vt -0.000000 0.589049 0.000000
vt -0.250000 0.589049 0.000000
vt 0.000000 0.441786 0.000000
vt -0.250000 0.441786 0.000000
vt 0.000000 0.294524 0.000000
vt -0.250000 0.294524 0.000000
vt 0.000000 0.147262 0.000000
vt -0.250000 0.147262 0.000000
vt 0.000000 0.000000 0.000000
vt -0.250000 0.000000 0.000000
vt 0.000000 -0.147262 0.000000
vt -0.250000 -0.147262 0.000000
vt 0.000000 -0.294524 0.000000
vt -0.250000 -0.294524 0.000000
vt 0.000000 -0.441786 0.000000
vt -0.250000 -0.441786 0.000000
vt -0.000000 -0.589049 0.000000
vt -0.250000 -0.589049 0.000000
vt -4.550000 -0.000000 0.000000
vt -4.550000 0.166946 0.000000
vt -6.900000 -0.000000 0.000000
vt -7.147494 0.250419 0.000000
vt -4.550000 0.333891 0.000000
vt -7.397494 0.500837 0.000000
vt -4.550000 0.500837 0.000000
vt 0.247494 0.250419 0.000000
vt 0.497494 0.500837 0.000000
vt -3.450000 0.250419 0.000000
vt -7.397494 0.500837 0.000000
vt -7.147494 0.250419 0.000000
vt -6.900000 -0.000000 0.000000
vt -0.000000 -0.000000 0.000000
vt 0.247494 0.250419 0.000000
vt 0.497494 0.500837 0.000000
vt -3.855000 0.250419 0.000000
vt -8.207494 0.500837 0.000000
vt -7.957494 0.250419 0.000000
vt -7.710000 -0.000000 0.000000
vt -0.000000 -0.000000 0.000000
vt -2.350000 0.500837 0.000000
vt -2.350000 0.333891 0.000000
vt 0.497494 0.500837 0.000000
vt 0.247494 0.250419 0.000000
vt -2.350000 0.166946 0.000000
vt -0.000000 -0.000000 0.000000
vt -2.350000 -0.000000 0.000000
vt 0.247494 0.250419 0.000000
vt 0.497494 0.500837 0.000000
vt -3.855000 0.250419 0.000000
vt -8.207494 0.500837 0.000000
vt -7.957494 0.250419 0.000000
vt -7.710000 0.000000 0.000000
vt 0.000000 0.000000 0.000000
vt -0.525000 0.050000 0.000000
vt -0.360406 0.022264 0.000000
vt -0.350000 0.050000 0.000000
vt -0.194328 0.005572 0.000000
vt -0.000000 0.250000 0.000000
vt -0.027506 -0.000000 0.000000
vt -0.000000 0.000000 0.000000
vt -0.350000 0.250000 0.000000
vt 0.000000 0.250000 0.000000
vt -2.200000 0.250000 0.000000
vt 0.000000 0.000000 0.000000
vt -2.200000 0.000000 0.000000
vt -0.350000 0.000000 0.000000
vt -0.322494 -0.000000 0.000000
vt -0.350000 0.250000 0.000000
vt -0.155672 0.005572 0.000000
vt -0.000000 0.050000 0.000000
vt 0.010406 0.022264 0.000000
vt 0.175000 0.050000 0.000000
vt 0.000000 0.250000 0.000000
vt -2.200000 0.050000 0.000000
vt -0.000000 0.050000 0.000000
vt -2.200000 0.250000 0.000000
vt -0.000000 0.250000 0.000000
vt 3.450000 -3.855000 0.000000
vt 3.450000 3.855000 0.000000
vt 1.100000 -3.855000 0.000000
vt -1.100000 -3.855000 0.000000
vt 1.100000 -4.030000 0.000000
vt -1.100000 -4.030000 0.000000
vt -3.450000 3.855000 0.000000
vt -3.450000 -3.855000 0.000000
vt -8.500000 0.000000 0.000000
vt -0.000000 0.000000 0.000000
vt -8.500000 0.250000 0.000000
vt -0.000000 0.250000 0.000000
vt -5.500000 0.000000 0.000000
vt -0.000000 0.000000 0.000000
vt -5.500000 0.250000 0.000000
vt -0.000000 0.250000 0.000000
vt -8.500000 -0.000000 0.000000
vt -0.000000 0.000000 0.000000
vt -8.500000 0.250000 0.000000
vt -0.000000 0.250000 0.000000
vt -5.500000 -0.000000 0.000000
vt -0.000000 0.000000 0.000000
vt -5.500000 0.250000 0.000000
vt 0.000000 0.250000 0.000000
vt 21.250000 0.250000 0.000000
vt 0.750000 0.250000 0.000000
vt 21.250000 0.000000 0.000000
vt 0.750000 0.000000 0.000000
vt 21.250000 0.250000 0.000000
vt 0.750000 0.250000 0.000000
vt 21.250000 0.000000 0.000000
vt 0.750000 0.000000 0.000000
vt -10.729289 -2.000000 0.000000
vt -11.000000 -4.250000 0.000000
vt -10.450000 -2.000000 0.000000
vt -6.100000 -4.030000 0.000000
vt -3.900000 -4.030000 0.000000
vt -10.743084 -1.999039 0.000000
vt -10.756349 -1.996194 0.000000
vt -10.768574 -1.991573 0.000000
vt -10.779289 -1.985355 0.000000
vt -10.788083 -1.977779 0.000000
vt -10.794617 -1.969134 0.000000
vt -10.798641 -1.959755 0.000000
vt -10.799659 -1.954901 0.000000
vt -10.800000 -1.950000 0.000000
vt -10.800000 -1.050000 0.000000
vt -10.800000 1.050000 0.000000
vt -11.000000 4.250000 0.000000
vt -10.800000 1.950000 0.000000
vt -10.799659 1.954901 0.000000
vt -10.799659 1.045099 0.000000
vt -10.799659 -1.045099 0.000000
vt -10.798641 1.040245 0.000000
vt -10.798641 -1.040245 0.000000
vt -10.794617 1.030866 0.000000
vt -10.794617 -1.030866 0.000000
vt -10.788083 1.022221 0.000000
vt -10.788083 -1.022221 0.000000
vt -10.779289 1.014645 0.000000
vt -10.779289 -1.014645 0.000000
vt -10.768574 1.008427 0.000000
vt -10.768574 -1.008427 0.000000
vt -10.756349 1.003806 0.000000
vt -10.756349 -1.003806 0.000000
vt -10.743084 1.000961 0.000000
vt -10.743084 -1.000961 0.000000
vt -10.729289 1.000000 0.000000
vt -10.729289 -1.000000 0.000000
vt -10.450000 -1.000000 0.000000
vt -0.250000 -2.750000 0.000000
vt -10.450000 1.000000 0.000000
vt -10.798641 1.959755 0.000000
vt -10.794617 1.969134 0.000000
vt -10.788083 1.977779 0.000000
vt -10.779289 1.985355 0.000000
vt -10.768574 1.991573 0.000000
vt -10.756349 1.996194 0.000000
vt -10.743084 1.999039 0.000000
vt -10.729289 2.000000 0.000000
vt -10.450000 2.000000 0.000000
vt -0.250000 2.750000 0.000000
vt 10.729289 -1.000000 0.000000
vt 10.450000 1.000000 0.000000
vt 10.450000 -1.000000 0.000000
vt 8.250000 -2.750000 0.000000
vt 10.450000 -2.000000 0.000000
vt 11.000000 -4.250000 0.000000
vt 10.729289 -2.000000 0.000000
vt 10.743084 -1.999039 0.000000
vt 10.756349 -1.996194 0.000000
vt 10.768574 -1.991573 0.000000
vt 10.779289 -1.985355 0.000000
vt 10.788083 -1.977779 0.000000
vt 10.794617 -1.969134 0.000000
vt 10.798641 -1.959755 0.000000
vt 10.799659 -1.954901 0.000000
vt 10.800000 -1.950000 0.000000
vt 10.800000 -1.050000 0.000000
vt 10.800000 1.050000 0.000000
vt 10.799659 1.045099 0.000000
vt 10.729289 1.000000 0.000000
vt 10.743084 -1.000961 0.000000
vt 10.743084 1.000961 0.000000
vt 10.756349 -1.003806 0.000000
vt 10.756349 1.003806 0.000000
vt 10.768574 -1.008427 0.000000
vt 10.768574 1.008427 0.000000
vt 10.779289 -1.014645 0.000000
vt 10.779289 1.014645 0.000000
vt 10.788083 -1.022221 0.000000
vt 10.788083 1.022221 0.000000
vt 10.794617 -1.030866 0.000000
vt 10.794617 1.030866 0.000000
vt 10.798641 -1.040245 0.000000
vt 10.798641 1.040245 0.000000
vt 10.799659 -1.045099 0.000000
vt 10.729289 2.000000 0.000000
vt 11.000000 4.250000 0.000000
vt 10.450000 2.000000 0.000000
vt 8.250000 2.750000 0.000000
vt 10.743084 1.999039 0.000000
vt 10.756349 1.996194 0.000000
vt 10.768574 1.991573 0.000000
vt 10.779289 1.985355 0.000000
vt 10.788083 1.977779 0.000000
vt 10.794617 1.969134 0.000000
vt 10.798641 1.959755 0.000000
vt 10.799659 1.954901 0.000000
vt 10.800000 1.950000 0.000000
vt 10.396318 -4.985589 0.000000
vt 10.537013 -4.942910 0.000000
vt 10.250000 -5.000000 0.000000
vt 10.666678 -4.873602 0.000000
vt 10.780330 -4.780330 0.000000
vt 10.873602 -4.666678 0.000000
vt 10.942910 -4.537013 0.000000
vt 10.985589 -4.396318 0.000000
vt 10.250000 5.000000 0.000000
vt 10.985589 4.396318 0.000000
vt 10.942910 4.537013 0.000000
vt 10.873602 4.666678 0.000000
vt 10.780330 4.780330 0.000000
vt 10.666678 4.873602 0.000000
vt 10.537013 4.942910 0.000000
vt 10.396318 4.985589 0.000000
vt -10.250000 5.000000 0.000000
vt -10.985589 4.396318 0.000000
vt -10.942910 4.537013 0.000000
vt -10.873602 4.666678 0.000000
vt -10.780330 4.780330 0.000000
vt -10.666678 4.873602 0.000000
vt -10.537013 4.942910 0.000000
vt -10.396318 4.985589 0.000000
vt -10.985589 -4.396318 0.000000
vt -10.250000 -5.000000 0.000000
vt -6.100000 -4.380000 0.000000
vt -10.942910 -4.537013 0.000000
vt -10.873602 -4.666678 0.000000
vt -10.780330 -4.780330 0.000000
vt -10.666678 -4.873602 0.000000
vt -10.537013 -4.942910 0.000000
vt -10.396318 -4.985589 0.000000
vt -3.900000 -4.380000 0.000000
vn -0.000000 0.100000 -0.000000
vn -0.000000 0.100000 -0.000000
vn -0.025882 0.096593 -0.000000
vn -0.025882 0.096593 -0.000000
vn -0.050000 0.086603 -0.000000
vn -0.050000 0.086603 -0.000000
vn -0.070711 0.070711 -0.000000
vn -0.070711 0.070711 -0.000000
vn -0.086603 0.050000 -0.000000
vn -0.086603 0.050000 -0.000000
vn -0.096593 0.025882 -0.000000
vn -0.096593 0.025882 -0.000000
vn -0.100000 0.000000 -0.000000
vn -0.100000 0.000000 -0.000000
vn 0.100000 0.000000 0.000000
vn 0.100000 0.000000 0.000000
vn 0.096593 0.000000 0.025882
vn 0.096593 0.000000 0.025882
vn 0.086603 0.000000 0.050000
vn 0.086603 0.000000 0.050000
vn 0.070711 0.000000 0.070711
vn 0.070711 0.000000 0.070711
vn 0.050000 0.000000 0.086603
vn 0.050000 0.000000 0.086603
vn 0.025882 0.000000 0.096593
vn 0.025882 0.000000 0.096593
vn 0.000000 0.000000 0.100000
vn 0.000000 0.000000 0.100000
vn 0.000000 -0.000000 0.100000
vn 0.013795 -0.013795 0.098079
vn 0.018301 -0.018301 0.096593
vn 0.027060 -0.027060 0.092388
vn 0.035355 -0.035355 0.086603
vn 0.039285 -0.039285 0.083147
vn 0.050000 -0.050000 0.070711
vn 0.050000 -0.050000 0.070711
vn 0.058794 -0.058794 0.055557
vn 0.061237 -0.061237 0.050000
vn 0.065328 -0.065328 0.038268
vn 0.068301 -0.068301 0.025882
vn 0.069352 -0.069352 0.019509
vn 0.070370 -0.070370 0.009802
vn 0.070711 -0.070711 0.000000
vn 0.070711 -0.070711 -0.000000
vn 0.000000 0.100000 0.000000
vn 0.000000 0.100000 0.000000
vn 0.000000 0.100000 0.000000
vn 0.000000 0.100000 0.000000
vn 0.000000 0.100000 0.000000
vn 0.000000 0.100000 0.000000
vn 0.000000 0.100000 0.000000
vn 0.000000 0.100000 0.000000
vn 0.000000 0.100000 0.000000
vn 0.000000 0.100000 0.000000
vn 0.000000 0.100000 0.000000
vn 0.000000 0.100000 0.000000
vn 0.000000 0.100000 0.000000
vn 0.000000 0.100000 0.000000
vn 0.000000 0.100000 0.000000
vn 0.000000 0.100000 0.000000
vn 0.000000 0.100000 0.000000
vn 0.000000 0.100000 0.000000
vn 0.000000 0.100000 0.000000
vn 0.000000 0.100000 0.000000
vn 0.000000 0.100000 0.000000
vn 0.000000 0.100000 0.000000
vn 0.000000 0.100000 0.000000
vn 0.000000 0.100000 0.000000
vn 0.000000 0.100000 0.000000
vn 0.000000 0.100000 0.000000
vn 0.000000 0.100000 0.000000
vn 0.000000 0.100000 0.000000
vn 0.000000 0.100000 0.000000
vn 0.000000 0.100000 0.000000
vn 0.000000 0.100000 0.000000
vn 0.000000 0.100000 0.000000
vn 0.000000 0.100000 0.000000
vn 0.100000 0.000000 0.000000
vn 0.100000 0.000000 0.000000
vn 0.070711 -0.070711 0.000000
vn 0.070711 -0.070711 0.000000
vn 0.070711 -0.070711 0.000000
vn 0.070711 -0.070711 0.000000
vn 0.070711 -0.070711 0.000000
vn 0.070711 -0.070711 0.000000
vn 0.070711 -0.070711 0.000000
vn 0.070711 -0.070711 0.000000
vn 0.070711 -0.070711 0.000000
vn 0.070711 -0.070711 0.000000
vn 0.070711 -0.070711 0.000000
vn 0.070711 -0.070711 0.000000
vn 0.070711 -0.070711 0.000000
vn 0.070711 -0.070711 0.000000
vn 0.070711 -0.070711 0.000000
vn 0.070711 -0.070711 0.000000
vn 0.070711 -0.070711 0.000000
vn 0.070711 -0.070711 0.000000
vn 0.070711 -0.070711 0.000000
vn 0.070711 -0.070711 0.000000
vn 0.070711 -0.070711 0.000000
vn 0.070711 -0.070711 0.000000
vn 0.070711 -0.070711 0.000000
vn 0.070711 -0.070711 0.000000
vn 0.070711 -0.070711 0.000000
vn 0.070711 -0.070711 0.000000
vn 0.070711 -0.070711 0.000000
vn 0.070711 -0.070711 0.000000
vn 0.070711 -0.070711 0.000000
vn 0.070711 -0.070711 0.000000
vn 0.070711 -0.070711 0.000000
vn 0.050000 0.000000 0.086603
vn 0.070711 0.000000 0.070711
vn 0.050000 0.000000 0.086603
vn 0.070711 0.000000 0.070711
vn 0.079335 0.000000 0.060876
vn 0.086603 0.000000 0.050000
vn 0.086603 0.000000 0.050000
vn 0.092388 0.000000 0.038268
vn 0.096593 0.000000 0.025882
vn 0.096593 0.000000 0.025882
vn 0.099144 0.000000 0.013053
vn 0.100000 0.000000 -0.000000
vn 0.100000 0.000000 -0.000000
vn 0.100000 0.000000 0.000000
vn 0.100000 0.000000 0.000000
vn 0.050000 0.000000 -0.086603
vn 0.050000 0.000000 -0.086603
vn 0.070711 0.000000 -0.070711
vn 0.070711 0.000000 -0.070711
vn 0.079335 0.000000 -0.060876
vn 0.086603 0.000000 -0.050000
vn 0.086603 0.000000 -0.050000
vn 0.092388 0.000000 -0.038268
vn 0.096593 0.000000 -0.025882
vn 0.096593 0.000000 -0.025882
vn 0.099144 0.000000 -0.013053
vn 0.070370 -0.070370 -0.009802
vn 0.068301 -0.068301 -0.025882
vn 0.069352 -0.069352 -0.019509
vn 0.065328 -0.065328 -0.038268
vn 0.061237 -0.061237 -0.050000
vn 0.058794 -0.058794 -0.055557
vn 0.050000 -0.050000 -0.070711
vn 0.050000 -0.050000 -0.070711
vn 0.039285 -0.039285 -0.083147
vn 0.035355 -0.035355 -0.086603
vn 0.027060 -0.027060 -0.092388
vn 0.018301 -0.018301 -0.096593
vn 0.013795 -0.013795 -0.098079
vn -0.000000 0.000000 -0.100000
vn 0.000000 -0.000000 -0.100000
vn 0.000000 0.000000 -0.100000
vn 0.025882 0.000000 -0.096593
vn 0.025882 0.000000 -0.096593
vn 0.050000 0.000000 -0.086603
vn 0.050000 0.000000 -0.086603
vn 0.070711 0.000000 -0.070711
vn 0.070711 0.000000 -0.070711
vn 0.086603 0.000000 -0.050000
vn 0.086603 0.000000 -0.050000
vn 0.096593 0.000000 -0.025882
vn 0.096593 0.000000 -0.025882
vn 0.070711 0.000000 0.070711
vn 0.070711 0.000000 0.070711
vn 0.079335 0.000000 0.060876
vn 0.086603 0.000000 0.050000
vn 0.086603 0.000000 0.050000
vn 0.092388 0.000000 0.038268
vn 0.096593 0.000000 0.025882
vn 0.096593 0.000000 0.025882
vn 0.099144 0.000000 0.013053
vn 0.100000 0.000000 0.000000
vn 0.100000 0.000000 0.000000
vn 0.099144 0.000000 -0.013053
vn 0.096593 0.000000 -0.025882
vn 0.096593 0.000000 -0.025882
vn 0.092388 0.000000 -0.038268
vn 0.086603 0.000000 -0.050000
vn 0.086603 0.000000 -0.050000
vn 0.079335 0.000000 -0.060876
vn 0.070711 0.000000 -0.070711
vn 0.070711 0.000000 -0.070711
vn 0.000000 0.000000 0.100000
vn 0.000000 0.000000 0.100000
vn 0.000000 0.000000 0.100000
vn 0.000000 0.000000 0.100000
vn 0.000000 0.000000 0.100000
vn 0.000000 0.000000 0.100000
vn 0.000000 0.000000 0.100000
vn 0.000000 0.000000 -0.100000
vn 0.000000 0.000000 -0.100000
vn 0.000000 0.000000 -0.100000
vn 0.000000 0.000000 -0.100000
vn 0.000000 0.000000 -0.100000
vn 0.000000 0.000000 -0.100000
vn 0.000000 0.000000 -0.100000
vn 0.000000 0.100000 -0.000000
vn 0.000000 0.100000 -0.000000
vn -0.025882 0.096593 -0.000000
vn -0.025882 0.096593 -0.000000
vn -0.050000 0.086603 -0.000000
vn -0.050000 0.086603 -0.000000
vn -0.070711 0.070711 -0.000000
vn -0.070711 0.070711 -0.000000
vn -0.086603 0.050000 -0.000000
vn -0.086603 0.050000 -0.000000
vn -0.096593 0.025882 -0.000000
vn -0.096593 0.025882 -0.000000
vn -0.100000 0.000000 -0.000000
vn -0.100000 0.000000 -0.000000
vn 0.100000 0.000000 0.000000
vn 0.100000 0.000000 0.000000
vn 0.096593 0.000000 0.025882
vn 0.096593 0.000000 0.025882
vn 0.086603 0.000000 0.050000
vn 0.086603 0.000000 0.050000
vn 0.070711 0.000000 0.070711
vn 0.070711 0.000000 0.070711
vn 0.050000 0.000000 0.086603
vn 0.050000 0.000000 0.086603
vn 0.025882 0.000000 0.096593
vn 0.025882 0.000000 0.096593
vn 0.000000 0.000000 0.100000
vn 0.000000 0.000000 0.100000
vn 0.000000 -0.000000 0.100000
vn 0.013795 -0.013795 0.098079
vn 0.018301 -0.018301 0.096593
vn 0.027060 -0.027060 0.092388
vn 0.035355 -0.035355 0.086603
vn 0.039285 -0.039285 0.083147
vn 0.050000 -0.050000 0.070711
vn 0.050000 -0.050000 0.070711
vn 0.058794 -0.058794 0.055557
vn 0.061237 -0.061237 0.050000
vn 0.065328 -0.065328 0.038268
vn 0.068301 -0.068301 0.025882
vn 0.069352 -0.069352 0.019509
vn 0.070370 -0.070370 0.009802
vn 0.070711 -0.070711 0.000000
vn 0.070711 -0.070711 -0.000000
vn 0.000000 0.100000 0.000000
vn 0.000000 0.100000 0.000000
vn 0.000000 0.100000 0.000000
vn 0.000000 0.100000 0.000000
vn 0.000000 0.100000 0.000000
vn 0.000000 0.100000 0.000000
vn 0.000000 0.100000 0.000000
vn 0.000000 0.100000 0.000000
vn 0.000000 0.100000 0.000000
vn 0.000000 0.100000 0.000000
vn 0.000000 0.100000 0.000000
vn 0.000000 0.100000 0.000000
vn 0.000000 0.100000 0.000000
vn 0.000000 0.100000 0.000000
vn 0.000000 0.100000 0.000000
vn 0.000000 0.100000 0.000000
vn 0.000000 0.100000 0.000000
vn 0.000000 0.100000 0.000000
vn 0.000000 0.100000 0.000000
vn 0.000000 0.100000 0.000000
vn 0.000000 0.100000 0.000000
vn 0.000000 0.100000 0.000000
vn 0.000000 0.100000 0.000000
vn 0.000000 0.100000 0.000000
vn 0.000000 0.100000 0.000000
vn 0.000000 0.100000 0.000000
vn 0.000000 0.100000 0.000000
vn 0.000000 0.100000 0.000000
vn 0.000000 0.100000 0.000000
vn 0.000000 0.100000 0.000000
vn 0.000000 0.100000 0.000000
vn 0.000000 0.100000 0.000000
vn 0.000000 0.100000 0.000000
vn 0.100000 0.000000 0.000000
vn 0.100000 0.000000 0.000000
vn 0.070711 -0.070711 0.000000
vn 0.070711 -0.070711 0.000000
vn 0.070711 -0.070711 0.000000
vn 0.070711 -0.070711 0.000000
vn 0.070711 -0.070711 0.000000
vn 0.070711 -0.070711 0.000000
vn 0.070711 -0.070711 0.000000
vn 0.070711 -0.070711 0.000000
vn 0.070711 -0.070711 0.000000
vn 0.070711 -0.070711 0.000000
vn 0.070711 -0.070711 0.000000
vn 0.070711 -0.070711 0.000000
vn 0.070711 -0.070711 0.000000
vn 0.070711 -0.070711 0.000000
vn 0.070711 -0.070711 0.000000
vn 0.070711 -0.070711 0.000000
vn 0.070711 -0.070711 0.000000
vn 0.070711 -0.070711 0.000000
vn 0.070711 -0.070711 0.000000
vn 0.070711 -0.070711 0.000000
vn 0.070711 -0.070711 0.000000
vn 0.070711 -0.070711 0.000000
vn 0.070711 -0.070711 0.000000
vn 0.070711 -0.070711 0.000000
vn 0.070711 -0.070711 0.000000
vn 0.070711 -0.070711 0.000000
vn 0.070711 -0.070711 0.000000
vn 0.070711 -0.070711 0.000000
vn 0.070711 -0.070711 0.000000
vn 0.070711 -0.070711 0.000000
vn 0.070711 -0.070711 0.000000
vn 0.050000 0.000000 -0.086603
vn 0.050000 0.000000 -0.086603
vn 0.070711 0.000000 -0.070711
vn 0.070711 0.000000 -0.070711
vn 0.079335 0.000000 -0.060876
vn 0.086603 0.000000 -0.050000
vn 0.086603 0.000000 -0.050000
vn 0.092388 0.000000 -0.038268
vn 0.096593 0.000000 -0.025882
vn 0.096593 0.000000 -0.025882
vn 0.099144 0.000000 -0.013053
vn 0.050000 0.000000 0.086603
vn 0.070711 0.000000 0.070711
vn 0.050000 0.000000 0.086603
vn 0.070711 0.000000 0.070711
vn 0.079335 0.000000 0.060876
vn 0.086603 0.000000 0.050000
vn 0.086603 0.000000 0.050000
vn 0.092388 0.000000 0.038268
vn 0.096593 0.000000 0.025882
vn 0.096593 0.000000 0.025882
vn 0.099144 0.000000 0.013053
vn 0.100000 0.000000 -0.000000
vn 0.100000 0.000000 -0.000000
vn 0.100000 0.000000 0.000000
vn 0.100000 0.000000 0.000000
vn 0.070370 -0.070370 -0.009802
vn 0.068301 -0.068301 -0.025882
vn 0.069352 -0.069352 -0.019509
vn 0.065328 -0.065328 -0.038268
vn 0.061237 -0.061237 -0.050000
vn 0.058794 -0.058794 -0.055557
vn 0.050000 -0.050000 -0.070711
vn 0.050000 -0.050000 -0.070711
vn 0.039285 -0.039285 -0.083147
vn 0.035355 -0.035355 -0.086603
vn 0.027060 -0.027060 -0.092388
vn 0.018301 -0.018301 -0.096593
vn 0.013795 -0.013795 -0.098079
vn -0.000000 0.000000 -0.100000
vn 0.000000 -0.000000 -0.100000
vn 0.000000 0.000000 -0.100000
vn 0.025882 0.000000 -0.096593
vn 0.025882 0.000000 -0.096593
vn 0.050000 0.000000 -0.086603
vn 0.050000 0.000000 -0.086603
vn 0.070711 0.000000 -0.070711
vn 0.070711 0.000000 -0.070711
vn 0.086603 0.000000 -0.050000
vn 0.086603 0.000000 -0.050000
vn 0.096593 0.000000 -0.025882
vn 0.096593 0.000000 -0.025882
vn 0.070711 0.000000 -0.070711
vn 0.070711 0.000000 -0.070711
vn 0.079335 0.000000 -0.060876
vn 0.086603 0.000000 -0.050000
vn 0.086603 0.000000 -0.050000
vn 0.092388 0.000000 -0.038268
vn 0.096593 0.000000 -0.025882
vn 0.096593 0.000000 -0.025882
vn 0.099144 0.000000 -0.013053
vn 0.100000 0.000000 -0.000000
vn 0.100000 0.000000 -0.000000
vn 0.099144 0.000000 0.013053
vn 0.096593 0.000000 0.025882
vn 0.096593 0.000000 0.025882
vn 0.092388 0.000000 0.038268
vn 0.086603 0.000000 0.050000
vn 0.086603 0.000000 0.050000
vn 0.079335 0.000000 0.060876
vn 0.070711 0.000000 0.070711
vn 0.070711 0.000000 0.070711
vn 0.000000 0.000000 0.100000
vn 0.000000 0.000000 0.100000
vn 0.000000 0.000000 0.100000
vn 0.000000 0.000000 0.100000
vn 0.000000 0.000000 0.100000
vn 0.000000 0.000000 0.100000
vn 0.000000 0.000000 0.100000
vn 0.000000 0.000000 -0.100000
vn 0.000000 0.000000 -0.100000
vn 0.000000 0.000000 -0.100000
vn 0.000000 0.000000 -0.100000
vn 0.000000 0.000000 -0.100000
vn 0.000000 0.000000 -0.100000
vn 0.000000 0.000000 -0.100000
vn 0.000000 0.100000 -0.000000
vn 0.000000 0.100000 -0.000000
vn 0.025882 0.096593 -0.000000
vn 0.025882 0.096593 -0.000000
vn 0.050000 0.086603 -0.000000
vn 0.050000 0.086603 -0.000000
vn 0.070711 0.070711 -0.000000
vn 0.070711 0.070711 -0.000000
vn 0.086603 0.050000 -0.000000
vn 0.086603 0.050000 -0.000000
vn 0.096593 0.025882 -0.000000
vn 0.096593 0.025882 -0.000000
vn 0.100000 0.000000 -0.000000
vn 0.100000 0.000000 -0.000000
vn -0.000000 0.000000 0.100000
vn -0.025882 0.000000 0.096593
vn -0.000000 0.000000 0.100000
vn -0.025882 0.000000 0.096593
vn -0.050000 0.000000 0.086603
vn -0.050000 0.000000 0.086603
vn -0.070711 0.000000 0.070711
vn -0.070711 0.000000 0.070711
vn -0.086603 0.000000 0.050000
vn -0.086603 0.000000 0.050000
vn -0.096593 0.000000 0.025882
vn -0.096593 0.000000 0.025882
vn -0.100000 0.000000 0.000000
vn -0.100000 0.000000 0.000000
vn -0.070711 -0.070711 0.000000
vn -0.070370 -0.070370 0.009802
vn -0.070711 -0.070711 0.000000
vn -0.068301 -0.068301 0.025882
vn -0.069352 -0.069352 0.019509
vn -0.065328 -0.065328 0.038268
vn -0.061237 -0.061237 0.050000
vn -0.058794 -0.058794 0.055557
vn -0.050000 -0.050000 0.070711
vn -0.050000 -0.050000 0.070711
vn -0.039285 -0.039285 0.083147
vn -0.035355 -0.035355 0.086603
vn -0.027060 -0.027060 0.092388
vn -0.018301 -0.018301 0.096593
vn -0.013795 -0.013795 0.098079
vn 0.000000 0.000000 0.100000
vn 0.000000 0.000000 0.100000
vn 0.000000 0.000000 0.100000
vn 0.000000 0.000000 0.100000
vn 0.000000 0.000000 0.100000
vn 0.000000 0.000000 0.100000
vn 0.000000 0.000000 0.100000
vn 0.000000 0.000000 0.100000
vn -0.050000 0.000000 -0.086603
vn -0.070711 0.000000 -0.070711
vn -0.050000 0.000000 -0.086603
vn -0.070711 0.000000 -0.070711
vn -0.079335 0.000000 -0.060876
vn -0.086603 0.000000 -0.050000
vn -0.086603 0.000000 -0.050000
vn -0.092388 0.000000 -0.038268
vn -0.096593 0.000000 -0.025882
vn -0.096593 0.000000 -0.025882
vn -0.099144 0.000000 -0.013053
vn -0.100000 0.000000 -0.000000
vn -0.100000 0.000000 -0.000000
vn -0.070711 -0.070711 0.000000
vn -0.070711 -0.070711 0.000000
vn -0.070711 -0.070711 0.000000
vn -0.070711 -0.070711 0.000000
vn -0.070711 -0.070711 0.000000
vn -0.070711 -0.070711 0.000000
vn -0.070711 -0.070711 0.000000
vn -0.070711 -0.070711 0.000000
vn -0.070711 -0.070711 0.000000
vn -0.070711 -0.070711 0.000000
vn -0.070711 -0.070711 0.000000
vn -0.070711 -0.070711 0.000000
vn -0.070711 -0.070711 0.000000
vn -0.070711 -0.070711 0.000000
vn -0.070711 -0.070711 0.000000
vn -0.070711 -0.070711 0.000000
vn -0.070711 -0.070711 0.000000
vn -0.070711 -0.070711 0.000000
vn -0.070711 -0.070711 0.000000
vn -0.070711 -0.070711 0.000000
vn -0.070711 -0.070711 0.000000
vn -0.070711 -0.070711 0.000000
vn -0.070711 -0.070711 0.000000
vn -0.070711 -0.070711 0.000000
vn -0.070711 -0.070711 0.000000
vn -0.070711 -0.070711 0.000000
vn -0.070711 -0.070711 0.000000
vn -0.070711 -0.070711 0.000000
vn -0.070711 -0.070711 0.000000
vn -0.070711 -0.070711 0.000000
vn -0.070711 -0.070711 0.000000
vn -0.050000 0.000000 0.086603
vn -0.050000 0.000000 0.086603
vn -0.070711 0.000000 0.070711
vn -0.070711 0.000000 0.070711
vn -0.079335 0.000000 0.060876
vn -0.086603 0.000000 0.050000
vn -0.086603 0.000000 0.050000
vn -0.092388 0.000000 0.038268
vn -0.096593 0.000000 0.025882
vn -0.096593 0.000000 0.025882
vn -0.099144 0.000000 0.013053
vn -0.100000 0.000000 0.000000
vn -0.100000 0.000000 0.000000
vn -0.100000 0.000000 0.000000
vn -0.100000 0.000000 0.000000
vn 0.000000 0.100000 0.000000
vn 0.000000 0.100000 0.000000
vn 0.000000 0.100000 0.000000
vn 0.000000 0.100000 0.000000
vn 0.000000 0.100000 0.000000
vn 0.000000 0.100000 0.000000
vn 0.000000 0.100000 0.000000
vn 0.000000 0.100000 0.000000
vn 0.000000 0.100000 0.000000
vn 0.000000 0.100000 0.000000
vn 0.000000 0.100000 0.000000
vn 0.000000 0.100000 0.000000
vn 0.000000 0.100000 0.000000
vn 0.000000 0.100000 0.000000
vn 0.000000 0.100000 0.000000
vn 0.000000 0.100000 0.000000
vn 0.000000 0.100000 0.000000
vn 0.000000 0.100000 0.000000
vn 0.000000 0.100000 0.000000
vn 0.000000 0.100000 0.000000
vn 0.000000 0.100000 0.000000
vn 0.000000 0.100000 0.000000
vn 0.000000 0.100000 0.000000
vn 0.000000 0.100000 0.000000
vn 0.000000 0.100000 0.000000
vn 0.000000 0.100000 0.000000
vn 0.000000 0.100000 0.000000
vn 0.000000 0.100000 0.000000
vn 0.000000 0.100000 0.000000
vn 0.000000 0.100000 0.000000
vn 0.000000 0.100000 0.000000
vn 0.000000 0.100000 0.000000
vn 0.000000 0.100000 0.000000
vn -0.096593 0.000000 -0.025882
vn -0.096593 0.000000 -0.025882
vn -0.086603 0.000000 -0.050000
vn -0.086603 0.000000 -0.050000
vn -0.070711 0.000000 -0.070711
vn -0.070711 0.000000 -0.070711
vn -0.050000 0.000000 -0.086603
vn -0.050000 0.000000 -0.086603
vn -0.025882 0.000000 -0.096593
vn -0.025882 0.000000 -0.096593
vn -0.000000 0.000000 -0.100000
vn -0.000000 0.000000 -0.100000
vn 0.000000 0.000000 -0.100000
vn -0.013795 -0.013795 -0.098079
vn -0.018301 -0.018301 -0.096593
vn -0.027060 -0.027060 -0.092388
vn -0.035355 -0.035355 -0.086603
vn -0.039285 -0.039285 -0.083147
vn -0.050000 -0.050000 -0.070711
vn -0.050000 -0.050000 -0.070711
vn -0.058794 -0.058794 -0.055557
vn -0.061237 -0.061237 -0.050000
vn -0.065328 -0.065328 -0.038268
vn -0.068301 -0.068301 -0.025882
vn -0.069352 -0.069352 -0.019509
vn -0.070370 -0.070370 -0.009802
vn -0.070711 0.000000 -0.070711
vn -0.070711 0.000000 -0.070711
vn -0.079335 0.000000 -0.060876
vn -0.086603 0.000000 -0.050000
vn -0.086603 0.000000 -0.050000
vn -0.092388 0.000000 -0.038268
vn -0.096593 0.000000 -0.025882
vn -0.096593 0.000000 -0.025882
vn -0.099144 0.000000 -0.013053
vn -0.100000 0.000000 -0.000000
vn -0.100000 0.000000 -0.000000
vn -0.099144 0.000000 0.013053
vn -0.096593 0.000000 0.025882
vn -0.096593 0.000000 0.025882
vn -0.092388 0.000000 0.038268
vn -0.086603 0.000000 0.050000
vn -0.086603 0.000000 0.050000
vn -0.079335 0.000000 0.060876
vn -0.070711 0.000000 0.070711
vn -0.070711 0.000000 0.070711
vn 0.000000 0.000000 -0.100000
vn 0.000000 0.000000 -0.100000
vn 0.000000 0.000000 -0.100000
vn 0.000000 0.000000 -0.100000
vn 0.000000 0.000000 -0.100000
vn 0.000000 0.000000 -0.100000
vn 0.000000 0.000000 -0.100000
vn -0.000000 0.100000 -0.000000
vn 0.000000 0.100000 -0.000000
vn 0.025882 0.096593 -0.000000
vn 0.025882 0.096593 -0.000000
vn 0.050000 0.086603 -0.000000
vn 0.050000 0.086603 -0.000000
vn 0.070711 0.070711 -0.000000
vn 0.070711 0.070711 -0.000000
vn 0.086603 0.050000 -0.000000
vn 0.086603 0.050000 -0.000000
vn 0.096593 0.025882 -0.000000
vn 0.096593 0.025882 -0.000000
vn 0.100000 0.000000 -0.000000
vn 0.100000 0.000000 -0.000000
vn -0.000000 0.000000 0.100000
vn -0.025882 0.000000 0.096593
vn -0.000000 0.000000 0.100000
vn -0.025882 0.000000 0.096593
vn -0.050000 0.000000 0.086603
vn -0.050000 0.000000 0.086603
vn -0.070711 0.000000 0.070711
vn -0.070711 0.000000 0.070711
vn -0.086603 0.000000 0.050000
vn -0.086603 0.000000 0.050000
vn -0.096593 0.000000 0.025882
vn -0.096593 0.000000 0.025882
vn -0.100000 0.000000 0.000000
vn -0.100000 0.000000 0.000000
vn -0.070711 -0.070711 0.000000
vn -0.070370 -0.070370 0.009802
vn -0.070711 -0.070711 0.000000
vn -0.068301 -0.068301 0.025882
vn -0.069352 -0.069352 0.019509
vn -0.065328 -0.065328 0.038268
vn -0.061237 -0.061237 0.050000
vn -0.058794 -0.058794 0.055557
vn -0.050000 -0.050000 0.070711
vn -0.050000 -0.050000 0.070711
vn -0.039285 -0.039285 0.083147
vn -0.035355 -0.035355 0.086603
vn -0.027060 -0.027060 0.092388
vn -0.018301 -0.018301 0.096593
vn -0.013795 -0.013795 0.098079
vn 0.000000 0.000000 0.100000
vn 0.000000 0.000000 0.100000
vn 0.000000 0.000000 0.100000
vn 0.000000 0.000000 0.100000
vn 0.000000 0.000000 0.100000
vn 0.000000 0.000000 0.100000
vn 0.000000 0.000000 0.100000
vn 0.000000 0.000000 0.100000
vn -0.050000 0.000000 -0.086603
vn -0.070711 0.000000 -0.070711
vn -0.050000 0.000000 -0.086603
vn -0.070711 0.000000 -0.070711
vn -0.079335 0.000000 -0.060876
vn -0.086603 0.000000 -0.050000
vn -0.086603 0.000000 -0.050000
vn -0.092388 0.000000 -0.038268
vn -0.096593 0.000000 -0.025882
vn -0.096593 0.000000 -0.025882
vn -0.099144 0.000000 -0.013053
vn -0.100000 0.000000 -0.000000
vn -0.100000 0.000000 -0.000000
vn -0.070711 -0.070711 0.000000
vn -0.070711 -0.070711 0.000000
vn -0.070711 -0.070711 0.000000
vn -0.070711 -0.070711 0.000000
vn -0.070711 -0.070711 0.000000
vn -0.070711 -0.070711 0.000000
vn -0.070711 -0.070711 0.000000
vn -0.070711 -0.070711 0.000000
vn -0.070711 -0.070711 0.000000
vn -0.070711 -0.070711 0.000000
vn -0.070711 -0.070711 0.000000
vn -0.070711 -0.070711 0.000000
vn -0.070711 -0.070711 0.000000
vn -0.070711 -0.070711 0.000000
vn -0.070711 -0.070711 0.000000
vn -0.070711 -0.070711 0.000000
vn -0.070711 -0.070711 0.000000
vn -0.070711 -0.070711 0.000000
vn -0.070711 -0.070711 0.000000
vn -0.070711 -0.070711 0.000000
vn -0.070711 -0.070711 0.000000
vn -0.070711 -0.070711 0.000000
vn -0.070711 -0.070711 0.000000
vn -0.070711 -0.070711 0.000000
vn -0.070711 -0.070711 0.000000
vn -0.070711 -0.070711 0.000000
vn -0.070711 -0.070711 0.000000
vn -0.070711 -0.070711 0.000000
vn -0.070711 -0.070711 0.000000
vn -0.070711 -0.070711 0.000000
vn -0.070711 -0.070711 0.000000
vn -0.050000 0.000000 0.086603
vn -0.050000 0.000000 0.086603
vn -0.070711 0.000000 0.070711
vn -0.070711 0.000000 0.070711
vn -0.079335 0.000000 0.060876
vn -0.086603 0.000000 0.050000
vn -0.086603 0.000000 0.050000
vn -0.092388 0.000000 0.038268
vn -0.096593 0.000000 0.025882
vn -0.096593 0.000000 0.025882
vn -0.099144 0.000000 0.013053
vn -0.100000 0.000000 0.000000
vn -0.100000 0.000000 0.000000
vn -0.100000 0.000000 0.000000
vn -0.100000 0.000000 0.000000
vn 0.000000 0.100000 0.000000
vn 0.000000 0.100000 0.000000
vn 0.000000 0.100000 0.000000
vn 0.000000 0.100000 0.000000
vn 0.000000 0.100000 0.000000
vn 0.000000 0.100000 0.000000
vn 0.000000 0.100000 0.000000
vn 0.000000 0.100000 0.000000
vn 0.000000 0.100000 0.000000
vn 0.000000 0.100000 0.000000
vn 0.000000 0.100000 0.000000
vn 0.000000 0.100000 0.000000
vn 0.000000 0.100000 0.000000
vn 0.000000 0.100000 0.000000
vn 0.000000 0.100000 0.000000
vn 0.000000 0.100000 0.000000
vn 0.000000 0.100000 0.000000
vn 0.000000 0.100000 0.000000
vn 0.000000 0.100000 0.000000
vn 0.000000 0.100000 0.000000
vn 0.000000 0.100000 0.000000
vn 0.000000 0.100000 0.000000
vn 0.000000 0.100000 0.000000
vn 0.000000 0.100000 0.000000
vn 0.000000 0.100000 0.000000
vn 0.000000 0.100000 0.000000
vn 0.000000 0.100000 0.000000
vn 0.000000 0.100000 0.000000
vn 0.000000 0.100000 0.000000
vn 0.000000 0.100000 0.000000
vn 0.000000 0.100000 0.000000
vn 0.000000 0.100000 0.000000
vn 0.000000 0.100000 0.000000
vn -0.096593 0.000000 -0.025882
vn -0.096593 0.000000 -0.025882
vn -0.086603 0.000000 -0.050000
vn -0.086603 0.000000 -0.050000
vn -0.070711 0.000000 -0.070711
vn -0.070711 0.000000 -0.070711
vn -0.050000 0.000000 -0.086603
vn -0.050000 0.000000 -0.086603
vn -0.025882 0.000000 -0.096593
vn -0.025882 0.000000 -0.096593
vn -0.000000 0.000000 -0.100000
vn -0.000000 0.000000 -0.100000
vn 0.000000 0.000000 -0.100000
vn -0.013795 -0.013795 -0.098079
vn -0.018301 -0.018301 -0.096593
vn -0.027060 -0.027060 -0.092388
vn -0.035355 -0.035355 -0.086603
vn -0.039285 -0.039285 -0.083147
vn -0.050000 -0.050000 -0.070711
vn -0.050000 -0.050000 -0.070711
vn -0.058794 -0.058794 -0.055557
vn -0.061237 -0.061237 -0.050000
vn -0.065328 -0.065328 -0.038268
vn -0.068301 -0.068301 -0.025882
vn -0.069352 -0.069352 -0.019509
vn -0.070370 -0.070370 -0.009802
vn -0.070711 0.000000 -0.070711
vn -0.070711 0.000000 -0.070711
vn -0.079335 0.000000 -0.060876
vn -0.086603 0.000000 -0.050000
vn -0.086603 0.000000 -0.050000
vn -0.092388 0.000000 -0.038268
vn -0.096593 0.000000 -0.025882
vn -0.096593 0.000000 -0.025882
vn -0.099144 0.000000 -0.013053
vn -0.100000 0.000000 -0.000000
vn -0.100000 0.000000 -0.000000
vn -0.099144 0.000000 0.013053
vn -0.096593 0.000000 0.025882
vn -0.096593 0.000000 0.025882
vn -0.092388 0.000000 0.038268
vn -0.086603 0.000000 0.050000
vn -0.086603 0.000000 0.050000
vn -0.079335 0.000000 0.060876
vn -0.070711 0.000000 0.070711
vn -0.070711 0.000000 0.070711
vn 0.000000 0.000000 -0.100000
vn 0.000000 0.000000 -0.100000
vn 0.000000 0.000000 -0.100000
vn 0.000000 0.000000 -0.100000
vn 0.000000 0.000000 -0.100000
vn 0.000000 0.000000 -0.100000
vn 0.000000 0.000000 -0.100000
vn -0.100000 -0.000000 -0.000000
vn -0.100000 -0.000000 -0.000000
vn -0.098079 -0.000000 -0.019509
vn -0.098079 -0.000000 -0.019509
vn -0.092388 -0.000000 -0.038268
vn -0.092388 -0.000000 -0.038268
vn -0.083147 -0.000000 -0.055557
vn -0.083147 -0.000000 -0.055557
vn -0.070711 -0.000000 -0.070711
vn -0.070711 -0.000000 -0.070711
vn -0.055557 -0.000000 -0.083147
vn -0.055557 -0.000000 -0.083147
vn -0.038268 -0.000000 -0.092388
vn -0.038268 -0.000000 -0.092388
vn -0.019509 -0.000000 -0.098079
vn -0.019509 -0.000000 -0.098079
vn -0.000000 -0.000000 -0.100000
vn -0.000000 -0.000000 -0.100000
vn -0.100000 0.000000 0.000000
vn -0.100000 0.000000 0.000000
vn 0.000000 -0.100000 0.000000
vn 0.000000 -0.100000 0.000000
vn 0.000000 -0.100000 0.000000
vn 0.000000 -0.100000 0.000000
vn 0.000000 -0.100000 0.000000
vn 0.000000 -0.100000 0.000000
vn 0.000000 -0.100000 0.000000
vn 0.000000 -0.100000 0.000000
vn 0.000000 -0.100000 0.000000
vn 0.000000 -0.100000 0.000000
vn 0.000000 -0.100000 0.000000
vn 0.000000 -0.100000 0.000000
vn 0.000000 -0.100000 0.000000
vn 0.000000 -0.100000 0.000000
vn 0.000000 -0.100000 0.000000
vn 0.000000 -0.100000 0.000000
vn 0.000000 -0.100000 0.000000
vn 0.000000 -0.100000 0.000000
vn 0.000000 -0.100000 0.000000
vn 0.000000 -0.100000 0.000000
vn 0.000000 -0.100000 0.000000
vn 0.000000 -0.100000 0.000000
vn 0.000000 -0.100000 0.000000
vn 0.000000 -0.100000 0.000000
vn 0.000000 -0.100000 0.000000
vn 0.000000 -0.100000 0.000000
vn 0.000000 -0.100000 0.000000
vn 0.000000 -0.100000 0.000000
vn 0.000000 -0.100000 0.000000
vn 0.000000 -0.100000 0.000000
vn 0.000000 -0.100000 0.000000
vn 0.000000 -0.100000 0.000000
vn 0.000000 -0.100000 0.000000
vn 0.000000 -0.100000 0.000000
vn 0.000000 -0.100000 0.000000
vn 0.000000 -0.100000 0.000000
vn 0.000000 -0.100000 0.000000
vn 0.000000 -0.100000 0.000000
vn 0.000000 -0.100000 0.000000
vn 0.000000 -0.100000 0.000000
vn 0.000000 -0.100000 0.000000
vn 0.000000 -0.100000 0.000000
vn 0.000000 -0.100000 0.000000
vn 0.000000 -0.100000 0.000000
vn 0.000000 -0.100000 0.000000
vn 0.000000 -0.100000 0.000000
vn 0.000000 -0.100000 0.000000
vn 0.000000 -0.100000 0.000000
vn 0.000000 -0.000000 -0.100000
vn 0.000000 -0.000000 -0.100000
vn 0.019509 -0.000000 -0.098079
vn 0.019509 -0.000000 -0.098079
vn 0.038268 -0.000000 -0.092388
vn 0.038268 -0.000000 -0.092388
vn 0.055557 -0.000000 -0.083147
vn 0.055557 -0.000000 -0.083147
vn 0.070711 -0.000000 -0.070711
vn 0.070711 -0.000000 -0.070711
vn 0.083147 -0.000000 -0.055557
vn 0.083147 -0.000000 -0.055557
vn 0.092388 -0.000000 -0.038268
vn 0.092388 -0.000000 -0.038268
vn 0.098079 -0.000000 -0.019509
vn 0.098079 -0.000000 -0.019509
vn 0.100000 -0.000000 -0.000000
vn 0.100000 -0.000000 -0.000000
vn 0.100000 0.000000 0.000000
vn 0.100000 0.000000 0.000000
vn 0.098079 0.000000 0.019509
vn 0.098079 0.000000 0.019509
vn 0.092388 0.000000 0.038268
vn 0.092388 0.000000 0.038268
vn 0.083147 0.000000 0.055557
vn 0.083147 0.000000 0.055557
vn 0.070711 0.000000 0.070711
vn 0.070711 0.000000 0.070711
vn 0.055557 0.000000 0.083147
vn 0.055557 0.000000 0.083147
vn 0.038268 0.000000 0.092388
vn 0.038268 0.000000 0.092388
vn 0.019509 0.000000 0.098079
vn 0.019509 0.000000 0.098079
vn 0.000000 0.000000 0.100000
vn 0.000000 0.000000 0.100000
vn -0.000000 0.000000 0.100000
vn -0.000000 0.000000 0.100000
vn -0.019509 0.000000 0.098079
vn -0.019509 0.000000 0.098079
vn -0.038268 0.000000 0.092388
vn -0.038268 0.000000 0.092388
vn -0.055557 0.000000 0.083147
vn -0.055557 0.000000 0.083147
vn -0.070711 0.000000 0.070711
vn -0.070711 0.000000 0.070711
vn -0.083147 0.000000 0.055557
vn -0.083147 0.000000 0.055557
vn -0.092388 0.000000 0.038268
vn -0.092388 0.000000 0.038268
vn -0.098079 0.000000 0.019509
vn -0.098079 0.000000 0.019509
vn -0.000000 -0.098000 0.019900
vn -0.000000 -0.099109 0.013316
vn -0.000000 -0.098000 0.019900
vn -0.000000 -0.099499 0.010000
vn -0.000000 -0.099777 0.006673
vn 0.000000 -0.099499 -0.010000
vn 0.000000 -0.099499 -0.010000
vn 0.000000 -0.099499 -0.010000
vn 0.000000 -0.098000 -0.019900
vn 0.000000 -0.098000 -0.019900
vn 0.010000 -0.099499 0.000000
vn 0.010000 -0.099499 0.000000
vn 0.010000 -0.099499 0.000000
vn 0.019900 -0.098000 0.000000
vn 0.019900 -0.098000 0.000000
vn -0.000000 -0.099777 0.006673
vn -0.000000 -0.099499 0.010000
vn -0.000000 -0.099109 0.013316
vn -0.000000 -0.098000 0.019900
vn -0.000000 -0.098000 0.019900
vn -0.010000 -0.099499 0.000000
vn -0.010000 -0.099499 0.000000
vn -0.010000 -0.099499 0.000000
vn -0.019900 -0.098000 0.000000
vn -0.019900 -0.098000 0.000000
vn 0.100000 -0.000000 0.000000
vn 0.100000 -0.000000 0.000000
vn 0.100000 -0.000000 0.000000
vn 0.100000 -0.000000 0.000000
vn 0.100000 -0.000000 0.000000
vn 0.100000 -0.000000 0.000000
vn 0.100000 -0.000000 0.000000
vn 0.100000 -0.000000 0.000000
vn -0.000000 0.000000 0.100000
vn -0.000000 0.000000 0.100000
vn -0.000000 0.000000 0.100000
vn -0.000000 0.000000 0.100000
vn -0.100000 0.000000 0.000000
vn -0.100000 0.000000 0.000000
vn -0.100000 0.000000 0.000000
vn -0.100000 0.000000 0.000000
vn -0.100000 0.000000 0.000000
vn -0.100000 0.000000 0.000000
vn -0.100000 0.000000 0.000000
vn -0.100000 0.000000 0.000000
vn 0.000000 -0.000000 -0.100000
vn 0.000000 -0.000000 -0.100000
vn 0.000000 -0.000000 -0.100000
vn 0.000000 -0.000000 -0.100000
vn 0.000000 -0.100000 0.000000
vn 0.000000 -0.100000 0.000000
vn 0.000000 -0.100000 0.000000
vn 0.000000 -0.100000 0.000000
vn 0.000000 -0.100000 0.000000
vn 0.000000 -0.100000 0.000000
vn 0.000000 -0.100000 0.000000
vn 0.000000 -0.100000 0.000000
vn 0.000000 -0.000000 -0.100000
vn 0.000000 -0.000000 -0.100000
vn 0.000000 -0.000000 -0.100000
vn 0.000000 -0.000000 -0.100000
vn 0.100000 -0.000000 0.000000
vn 0.100000 -0.000000 0.000000
vn 0.100000 -0.000000 0.000000
vn 0.100000 -0.000000 0.000000
vn 0.000000 0.000000 0.100000
vn 0.000000 0.000000 0.100000
vn 0.000000 0.000000 0.100000
vn 0.000000 0.000000 0.100000
vn -0.100000 -0.000000 -0.000000
vn -0.100000 -0.000000 -0.000000
vn -0.100000 -0.000000 -0.000000
vn -0.100000 -0.000000 -0.000000
vn 0.000000 0.100000 -0.000000
vn 0.000000 0.100000 -0.000000
vn 0.000000 0.100000 -0.000000
vn 0.000000 0.100000 -0.000000
vn 0.000000 0.100000 -0.000000
vn 0.000000 0.100000 -0.000000
vn 0.000000 0.100000 -0.000000
vn 0.000000 0.100000 -0.000000
vn 0.000000 0.100000 -0.000000
vn 0.000000 0.100000 -0.000000
vn 0.000000 0.100000 -0.000000
vn 0.000000 0.100000 -0.000000
vn 0.000000 0.100000 -0.000000
vn 0.000000 0.100000 -0.000000
vn 0.000000 0.100000 -0.000000
vn 0.000000 0.100000 -0.000000
vn 0.000000 0.100000 -0.000000
vn 0.000000 0.100000 -0.000000
vn 0.000000 0.100000 -0.000000
vn 0.000000 0.100000 -0.000000
vn 0.000000 0.100000 -0.000000
vn 0.000000 0.100000 -0.000000
vn 0.000000 0.100000 -0.000000
vn 0.000000 0.100000 -0.000000
vn 0.000000 0.100000 -0.000000
vn 0.000000 0.100000 -0.000000
vn 0.000000 0.100000 -0.000000
vn 0.000000 0.100000 -0.000000
vn 0.000000 0.100000 -0.000000
vn 0.000000 0.100000 -0.000000
vn 0.000000 0.100000 -0.000000
vn 0.000000 0.100000 -0.000000
vn 0.000000 0.100000 -0.000000
vn 0.000000 0.100000 -0.000000
vn 0.000000 0.100000 -0.000000
vn 0.000000 0.100000 -0.000000
vn 0.000000 0.100000 -0.000000
vn 0.000000 0.100000 -0.000000
vn 0.000000 0.100000 -0.000000
vn 0.000000 0.100000 -0.000000
vn 0.000000 0.100000 -0.000000
vn 0.000000 0.100000 -0.000000
vn 0.000000 0.100000 -0.000000
vn 0.000000 0.100000 -0.000000
vn 0.000000 0.100000 -0.000000
vn 0.000000 0.100000 -0.000000
vn 0.000000 0.100000 -0.000000
vn 0.000000 0.100000 -0.000000
vn 0.000000 0.100000 -0.000000
vn 0.000000 0.100000 -0.000000
vn 0.000000 0.100000 -0.000000
vn 0.000000 0.100000 -0.000000
vn 0.000000 0.100000 -0.000000
vn 0.000000 0.100000 -0.000000
vn 0.000000 0.100000 -0.000000
vn 0.000000 0.100000 -0.000000
vn 0.000000 0.100000 -0.000000
vn 0.000000 0.100000 -0.000000
vn 0.000000 0.100000 -0.000000
vn 0.000000 0.100000 -0.000000
vn 0.000000 0.100000 -0.000000
vn 0.000000 0.100000 -0.000000
vn 0.000000 0.100000 -0.000000
vn 0.000000 0.100000 -0.000000
vn 0.000000 0.100000 -0.000000
vn 0.000000 0.100000 -0.000000
vn 0.000000 0.100000 -0.000000
vn 0.000000 0.100000 -0.000000
vn 0.000000 0.100000 -0.000000
vn 0.000000 0.100000 -0.000000
vn 0.000000 0.100000 -0.000000
vn 0.000000 0.100000 -0.000000
vn 0.000000 0.100000 -0.000000
vn 0.000000 0.100000 -0.000000
vn 0.000000 0.100000 -0.000000
vn 0.000000 0.100000 -0.000000
vn 0.000000 0.100000 -0.000000
vn 0.000000 0.100000 -0.000000
vn 0.000000 0.100000 -0.000000
vn 0.000000 0.100000 -0.000000
vn 0.000000 0.100000 -0.000000
vn 0.000000 0.100000 -0.000000
vn 0.000000 0.100000 -0.000000
vn 0.000000 0.100000 -0.000000
vn 0.000000 0.100000 -0.000000
vn 0.000000 0.100000 -0.000000
vn 0.000000 0.100000 -0.000000
vn 0.000000 0.100000 -0.000000
vn 0.000000 0.100000 -0.000000
vn 0.000000 0.100000 -0.000000
vn 0.000000 0.100000 -0.000000
vn 0.000000 0.100000 -0.000000
vn 0.000000 0.100000 -0.000000
vn 0.000000 0.100000 -0.000000
vn 0.000000 0.100000 -0.000000
vn 0.000000 0.100000 -0.000000
vn 0.000000 0.100000 -0.000000
vn 0.000000 0.100000 -0.000000
vn 0.000000 0.100000 -0.000000
vn 0.000000 0.100000 -0.000000
vn 0.000000 0.100000 -0.000000
vn 0.000000 0.100000 -0.000000
vn 0.000000 0.100000 -0.000000
vn 0.000000 0.100000 -0.000000
vn 0.000000 0.100000 -0.000000
vn 0.000000 0.100000 -0.000000
vn 0.000000 0.100000 -0.000000
vn 0.000000 0.100000 -0.000000
vn 0.000000 0.100000 -0.000000
vn 0.000000 0.100000 -0.000000
vn 0.000000 0.100000 -0.000000
vn 0.000000 0.100000 -0.000000
vn 0.000000 0.100000 -0.000000
vn 0.000000 0.100000 -0.000000
vn 0.000000 0.100000 -0.000000
vn 0.000000 0.100000 -0.000000
vn 0.000000 0.100000 -0.000000
vn 0.000000 0.100000 -0.000000
vn 0.000000 0.100000 -0.000000
vn 0.000000 0.100000 -0.000000
vn 0.000000 0.100000 -0.000000
vn 0.000000 0.100000 -0.000000
vn 0.000000 0.100000 -0.000000
vn 0.000000 0.100000 -0.000000
usemtl Steel_-_Satin
f 14/1/1 1/2/2 13/3/3
f 13/3/3 1/2/2 2/4/4
f 13/3/3 2/4/4 12/5/5
f 12/5/5 2/4/4 3/6/6
f 12/5/5 3/6/6 11/7/7
f 11/7/7 3/6/6 4/8/8
f 11/7/7 4/8/8 10/9/9
f 10/9/9 4/8/8 5/10/10
f 10/9/9 5/10/10 9/11/11
f 9/11/11 5/10/10 6/12/12
f 9/11/11 6/12/12 8/13/13
f 8/13/13 6/12/12 7/14/14
f 15/15/15 16/16/16 28/17/17
f 28/17/17 16/16/16 17/18/18
f 28/17/17 17/18/18 27/19/19
f 27/19/19 17/18/18 18/20/20
f 27/19/19 18/20/20 26/21/21
f 26/21/21 18/20/20 19/22/22
f 26/21/21 19/22/22 25/23/23
f 25/23/23 19/22/22 20/24/24
f 25/23/23 20/24/24 24/25/25
f 24/25/25 20/24/24 21/26/26
f 24/25/25 21/26/26 23/27/27
f 23/27/27 21/26/26 22/28/28
f 29/29/29 30/30/30 23/31/27
f 23/31/27 30/30/30 24/32/31
f 24/32/31 30/30/30 31/33/32
f 24/32/31 31/33/32 25/34/33
f 25/34/33 31/33/32 32/35/34
f 25/34/33 32/35/34 26/36/35
f 26/36/35 32/35/34 33/37/36
f 26/36/35 33/37/36 34/38/37
f 26/36/35 34/38/37 27/39/38
f 27/39/38 34/38/37 35/40/39
f 27/39/38 35/40/39 28/41/40
f 28/41/40 35/40/39 36/42/41
f 28/41/40 36/42/41 37/43/42
f 38/44/43 15/45/44 37/43/42
f 37/43/42 15/45/44 28/41/40
f 21/46/45 44/47/46 22/48/47
f 22/48/47 44/47/46 45/49/48
f 22/48/47 45/49/48 46/50/49
f 44/47/46 21/46/45 43/51/50
f 43/51/50 21/46/45 20/52/51
f 43/51/50 20/52/51 16/53/52
f 16/53/52 20/52/51 19/54/53
f 16/53/52 19/54/53 18/55/54
f 18/55/54 17/56/55 16/53/52
f 16/53/52 39/57/56 43/51/50
f 43/51/50 39/57/56 42/58/57
f 42/58/57 39/57/56 41/59/58
f 41/59/58 39/57/56 40/60/59
f 22/48/47 46/50/49 7/61/60
f 7/61/60 46/50/49 47/62/61
f 7/61/60 47/62/61 8/63/62
f 8/63/62 47/62/61 48/64/63
f 8/63/62 48/64/63 62/65/64
f 62/65/64 48/64/63 49/66/65
f 62/65/64 49/66/65 50/67/66
f 62/65/64 50/67/66 61/68/67
f 61/68/67 50/67/66 51/69/68
f 61/68/67 51/69/68 60/70/69
f 60/70/69 51/69/68 56/71/70
f 60/70/69 56/71/70 59/72/71
f 59/72/71 56/71/70 58/73/72
f 58/73/72 56/71/70 57/74/73
f 56/71/70 51/69/68 55/75/74
f 55/75/74 51/69/68 52/76/75
f 55/75/74 52/76/75 53/77/76
f 53/77/76 54/78/77 55/75/74
f 16/79/16 15/80/15 39/81/78
f 39/81/78 15/80/15 63/82/79
f 38/83/43 84/84/80 15/85/44
f 15/85/44 84/84/80 85/86/81
f 15/85/44 85/86/81 86/87/82
f 64/88/83 80/89/84 38/83/43
f 38/83/43 80/89/84 81/90/85
f 38/83/43 81/90/85 82/91/86
f 65/92/87 76/93/88 64/88/83
f 64/88/83 76/93/88 77/94/89
f 64/88/83 77/94/89 78/95/90
f 66/96/91 70/97/92 65/92/87
f 65/92/87 70/97/92 71/98/93
f 65/92/87 71/98/93 72/99/94
f 67/100/95 68/101/96 66/96/91
f 66/96/91 68/101/96 69/102/97
f 66/96/91 69/102/97 70/97/92
f 72/99/94 73/103/98 65/92/87
f 65/92/87 73/103/98 74/104/99
f 65/92/87 74/104/99 75/105/100
f 75/105/100 76/93/88 65/92/87
f 78/95/90 79/106/101 64/88/83
f 64/88/83 79/106/101 80/89/84
f 82/91/86 83/107/102 38/83/43
f 38/83/43 83/107/102 84/84/80
f 86/87/82 87/108/103 15/85/44
f 15/85/44 87/108/103 88/109/104
f 15/85/44 88/109/104 89/110/105
f 89/110/105 90/111/106 15/85/44
f 15/85/44 90/111/106 63/112/107
f 63/112/107 90/111/106 91/113/108
f 63/112/107 91/113/108 92/114/109
f 92/114/109 93/115/110 63/112/107
f 73/116/111 72/117/112 51/118/113
f 51/118/113 72/117/112 52/119/114
f 52/119/114 72/117/112 71/120/115
f 52/119/114 71/120/115 53/121/116
f 53/121/116 71/120/115 70/122/117
f 53/121/116 70/122/117 69/123/118
f 53/121/116 69/123/118 54/124/119
f 54/124/119 69/123/118 68/125/120
f 54/124/119 68/125/120 67/126/121
f 66/127/122 55/128/123 67/126/121
f 67/126/121 55/128/123 54/124/119
f 55/129/123 66/130/122 56/131/124
f 56/131/124 66/130/122 65/132/125
f 87/133/126 43/134/127 88/135/128
f 88/135/128 43/134/127 42/136/129
f 88/135/128 42/136/129 89/137/130
f 89/137/130 42/136/129 41/138/131
f 89/137/130 41/138/131 90/139/132
f 90/139/132 41/138/131 91/140/133
f 91/140/133 41/138/131 40/141/134
f 91/140/133 40/141/134 92/142/135
f 92/142/135 40/141/134 93/143/136
f 93/143/136 40/141/134 39/144/78
f 93/143/136 39/144/78 63/145/79
f 64/146/83 94/147/137 65/148/87
f 65/148/87 94/147/137 108/149/138
f 108/149/138 94/147/137 95/150/139
f 108/149/138 95/150/139 96/151/140
f 108/149/138 96/151/140 107/152/141
f 107/152/141 96/151/140 97/153/142
f 107/152/141 97/153/142 106/154/143
f 106/154/143 97/153/142 98/155/144
f 106/154/143 98/155/144 99/156/145
f 106/154/143 99/156/145 105/157/146
f 105/157/146 99/156/145 100/158/147
f 105/157/146 100/158/147 104/159/148
f 104/159/148 100/158/147 101/160/149
f 104/159/148 101/160/149 103/161/150
f 103/161/150 101/160/149 102/162/151
f 62/163/152 61/164/153 103/165/150
f 103/165/150 61/164/153 104/166/154
f 104/166/154 61/164/153 60/167/155
f 104/166/154 60/167/155 105/168/156
f 105/168/156 60/167/155 59/169/157
f 105/168/156 59/169/157 106/170/158
f 106/170/158 59/169/157 58/171/159
f 106/170/158 58/171/159 107/172/160
f 107/172/160 58/171/159 57/173/161
f 107/172/160 57/173/161 108/174/162
f 108/174/162 57/173/161 56/175/124
f 108/174/162 56/175/124 65/176/125
f 51/177/113 50/178/163 73/179/111
f 73/179/111 50/178/163 74/180/164
f 74/180/164 50/178/163 75/181/165
f 75/181/165 50/178/163 49/182/166
f 75/181/165 49/182/166 76/183/167
f 76/183/167 49/182/166 77/184/168
f 77/184/168 49/182/166 48/185/169
f 77/184/168 48/185/169 78/186/170
f 78/186/170 48/185/169 79/187/171
f 79/187/171 48/185/169 47/188/172
f 79/187/171 47/188/172 80/189/173
f 80/189/173 47/188/172 81/190/174
f 81/190/174 47/188/172 46/191/175
f 81/190/174 46/191/175 82/192/176
f 82/192/176 46/191/175 83/193/177
f 83/193/177 46/191/175 45/194/178
f 83/193/177 45/194/178 84/195/179
f 84/195/179 45/194/178 85/196/180
f 85/196/180 45/194/178 44/197/181
f 85/196/180 44/197/181 86/198/182
f 86/198/182 44/197/181 87/199/126
f 87/199/126 44/197/181 43/200/127
f 22/201/28 6/202/183 23/203/27
f 23/203/27 6/202/183 5/204/184
f 23/203/27 5/204/184 29/205/29
f 29/205/29 5/204/184 4/206/185
f 29/205/29 4/206/185 3/207/186
f 22/201/28 7/208/187 6/202/183
f 3/207/186 2/209/188 29/205/29
f 29/205/29 2/209/188 1/210/189
f 102/211/151 10/212/190 103/213/150
f 103/213/150 10/212/190 9/214/191
f 103/213/150 9/214/191 62/215/152
f 62/215/152 9/214/191 8/216/192
f 14/217/193 13/218/194 102/211/151
f 102/211/151 13/218/194 12/219/195
f 102/211/151 12/219/195 11/220/196
f 11/220/196 10/212/190 102/211/151
f 122/221/197 109/222/198 121/223/199
f 121/223/199 109/222/198 110/224/200
f 121/223/199 110/224/200 120/225/201
f 120/225/201 110/224/200 111/226/202
f 120/225/201 111/226/202 119/227/203
f 119/227/203 111/226/202 112/228/204
f 119/227/203 112/228/204 118/229/205
f 118/229/205 112/228/204 113/230/206
f 118/229/205 113/230/206 117/231/207
f 117/231/207 113/230/206 114/232/208
f 117/231/207 114/232/208 116/233/209
f 116/233/209 114/232/208 115/234/210
f 123/235/211 124/236/212 136/237/213
f 136/237/213 124/236/212 125/238/214
f 136/237/213 125/238/214 135/239/215
f 135/239/215 125/238/214 126/240/216
f 135/239/215 126/240/216 134/241/217
f 134/241/217 126/240/216 127/242/218
f 134/241/217 127/242/218 133/243/219
f 133/243/219 127/242/218 128/244/220
f 133/243/219 128/244/220 132/245/221
f 132/245/221 128/244/220 129/246/222
f 132/245/221 129/246/222 131/247/223
f 131/247/223 129/246/222 130/248/224
f 137/249/225 138/250/226 131/251/223
f 131/251/223 138/250/226 132/252/227
f 132/252/227 138/250/226 139/253/228
f 132/252/227 139/253/228 133/254/229
f 133/254/229 139/253/228 140/255/230
f 133/254/229 140/255/230 134/256/231
f 134/256/231 140/255/230 141/257/232
f 134/256/231 141/257/232 142/258/233
f 134/256/231 142/258/233 135/259/234
f 135/259/234 142/258/233 143/260/235
f 135/259/234 143/260/235 136/261/236
f 136/261/236 143/260/235 144/262/237
f 136/261/236 144/262/237 145/263/238
f 146/264/239 123/265/240 145/263/238
f 145/263/238 123/265/240 136/261/236
f 129/266/241 152/267/242 130/268/243
f 130/268/243 152/267/242 153/269/244
f 130/268/243 153/269/244 154/270/245
f 152/267/242 129/266/241 151/271/246
f 151/271/246 129/266/241 128/272/247
f 151/271/246 128/272/247 124/273/248
f 124/273/248 128/272/247 127/274/249
f 124/273/248 127/274/249 126/275/250
f 126/275/250 125/276/251 124/273/248
f 124/273/248 147/277/252 151/271/246
f 151/271/246 147/277/252 150/278/253
f 150/278/253 147/277/252 149/279/254
f 149/279/254 147/277/252 148/280/255
f 130/268/243 154/270/245 115/281/256
f 115/281/256 154/270/245 155/282/257
f 115/281/256 155/282/257 116/283/258
f 116/283/258 155/282/257 156/284/259
f 116/283/258 156/284/259 170/285/260
f 170/285/260 156/284/259 157/286/261
f 170/285/260 157/286/261 158/287/262
f 170/285/260 158/287/262 169/288/263
f 169/288/263 158/287/262 159/289/264
f 169/288/263 159/289/264 168/290/265
f 168/290/265 159/289/264 164/291/266
f 168/290/265 164/291/266 167/292/267
f 167/292/267 164/291/266 166/293/268
f 166/293/268 164/291/266 165/294/269
f 164/291/266 159/289/264 163/295/270
f 163/295/270 159/289/264 160/296/271
f 163/295/270 160/296/271 161/297/272
f 161/297/272 162/298/273 163/295/270
f 124/299/212 123/300/211 147/301/274
f 147/301/274 123/300/211 171/302/275
f 146/303/239 192/304/276 123/305/240
f 123/305/240 192/304/276 193/306/277
f 123/305/240 193/306/277 194/307/278
f 172/308/279 188/309/280 146/303/239
f 146/303/239 188/309/280 189/310/281
f 146/303/239 189/310/281 190/311/282
f 173/312/283 184/313/284 172/308/279
f 172/308/279 184/313/284 185/314/285
f 172/308/279 185/314/285 186/315/286
f 174/316/287 178/317/288 173/312/283
f 173/312/283 178/317/288 179/318/289
f 173/312/283 179/318/289 180/319/290
f 175/320/291 176/321/292 174/316/287
f 174/316/287 176/321/292 177/322/293
f 174/316/287 177/322/293 178/317/288
f 180/319/290 181/323/294 173/312/283
f 173/312/283 181/323/294 182/324/295
f 173/312/283 182/324/295 183/325/296
f 183/325/296 184/313/284 173/312/283
f 186/315/286 187/326/297 172/308/279
f 172/308/279 187/326/297 188/309/280
f 190/311/282 191/327/298 146/303/239
f 146/303/239 191/327/298 192/304/276
f 194/307/278 195/328/299 123/305/240
f 123/305/240 195/328/299 196/329/300
f 123/305/240 196/329/300 197/330/301
f 197/330/301 198/331/302 123/305/240
f 123/305/240 198/331/302 171/332/303
f 171/332/303 198/331/302 199/333/304
f 171/332/303 199/333/304 200/334/305
f 200/334/305 201/335/306 171/332/303
f 195/336/307 151/337/308 196/338/309
f 196/338/309 151/337/308 150/339/310
f 196/338/309 150/339/310 197/340/311
f 197/340/311 150/339/310 149/341/312
f 197/340/311 149/341/312 198/342/313
f 198/342/313 149/341/312 199/343/314
f 199/343/314 149/341/312 148/344/315
f 199/343/314 148/344/315 200/345/316
f 200/345/316 148/344/315 201/346/317
f 201/346/317 148/344/315 147/347/274
f 201/346/317 147/347/274 171/348/275
f 181/349/318 180/350/319 159/351/320
f 159/351/320 180/350/319 160/352/321
f 160/352/321 180/350/319 179/353/322
f 160/352/321 179/353/322 161/354/323
f 161/354/323 179/353/322 178/355/324
f 161/354/323 178/355/324 177/356/325
f 161/354/323 177/356/325 162/357/326
f 162/357/326 177/356/325 176/358/327
f 162/357/326 176/358/327 175/359/328
f 174/360/329 163/361/330 175/359/328
f 175/359/328 163/361/330 162/357/326
f 163/362/330 174/363/329 164/364/331
f 164/364/331 174/363/329 173/365/332
f 172/366/279 202/367/333 173/368/283
f 173/368/283 202/367/333 216/369/334
f 216/369/334 202/367/333 203/370/335
f 216/369/334 203/370/335 204/371/336
f 216/369/334 204/371/336 215/372/337
f 215/372/337 204/371/336 205/373/338
f 215/372/337 205/373/338 214/374/339
f 214/374/339 205/373/338 206/375/340
f 214/374/339 206/375/340 207/376/341
f 214/374/339 207/376/341 213/377/342
f 213/377/342 207/376/341 208/378/343
f 213/377/342 208/378/343 212/379/344
f 212/379/344 208/378/343 209/380/345
f 212/379/344 209/380/345 211/381/346
f 211/381/346 209/380/345 210/382/347
f 170/383/348 169/384/349 211/385/346
f 211/385/346 169/384/349 212/386/350
f 212/386/350 169/384/349 168/387/351
f 212/386/350 168/387/351 213/388/352
f 213/388/352 168/387/351 167/389/353
f 213/388/352 167/389/353 214/390/354
f 214/390/354 167/389/353 166/391/355
f 214/390/354 166/391/355 215/392/356
f 215/392/356 166/391/355 165/393/357
f 215/392/356 165/393/357 216/394/358
f 216/394/358 165/393/357 164/395/331
f 216/394/358 164/395/331 173/396/332
f 151/397/308 195/398/307 152/399/359
f 152/399/359 195/398/307 194/400/360
f 152/399/359 194/400/360 193/401/361
f 152/399/359 193/401/361 153/402/362
f 153/402/362 193/401/361 192/403/363
f 153/402/362 192/403/363 191/404/364
f 153/402/362 191/404/364 154/405/365
f 154/405/365 191/404/364 190/406/366
f 154/405/365 190/406/366 189/407/367
f 154/405/365 189/407/367 155/408/368
f 155/408/368 189/407/367 188/409/369
f 155/408/368 188/409/369 187/410/370
f 155/408/368 187/410/370 156/411/371
f 156/411/371 187/410/370 186/412/372
f 156/411/371 186/412/372 185/413/373
f 156/411/371 185/413/373 157/414/374
f 157/414/374 185/413/373 184/415/375
f 157/414/374 184/415/375 183/416/376
f 157/414/374 183/416/376 158/417/377
f 158/417/377 183/416/376 182/418/378
f 158/417/377 182/418/378 181/419/318
f 181/419/318 159/420/320 158/417/377
f 130/421/224 114/422/379 131/423/223
f 131/423/223 114/422/379 113/424/380
f 131/423/223 113/424/380 137/425/225
f 137/425/225 113/424/380 112/426/381
f 137/425/225 112/426/381 111/427/382
f 130/421/224 115/428/383 114/422/379
f 111/427/382 110/429/384 137/425/225
f 137/425/225 110/429/384 109/430/385
f 210/431/347 118/432/386 211/433/346
f 211/433/346 118/432/386 117/434/387
f 211/433/346 117/434/387 170/435/348
f 170/435/348 117/434/387 116/436/388
f 122/437/389 121/438/390 210/431/347
f 210/431/347 121/438/390 120/439/391
f 210/431/347 120/439/391 119/440/392
f 119/440/392 118/432/386 210/431/347
f 230/441/393 217/442/394 229/443/395
f 229/443/395 217/442/394 218/444/396
f 229/443/395 218/444/396 228/445/397
f 228/445/397 218/444/396 219/446/398
f 228/445/397 219/446/398 227/447/399
f 227/447/399 219/446/398 220/448/400
f 227/447/399 220/448/400 226/449/401
f 226/449/401 220/448/400 221/450/402
f 226/449/401 221/450/402 225/451/403
f 225/451/403 221/450/402 222/452/404
f 225/451/403 222/452/404 224/453/405
f 224/453/405 222/452/404 223/454/406
f 232/455/407 233/456/408 231/457/409
f 231/457/409 233/456/408 244/458/410
f 244/458/410 233/456/408 234/459/411
f 244/458/410 234/459/411 243/460/412
f 243/460/412 234/459/411 235/461/413
f 243/460/412 235/461/413 242/462/414
f 242/462/414 235/461/413 236/463/415
f 242/462/414 236/463/415 241/464/416
f 241/464/416 236/463/415 237/465/417
f 241/464/416 237/465/417 240/466/418
f 240/466/418 237/465/417 238/467/419
f 240/466/418 238/467/419 239/468/420
f 245/469/421 246/470/422 239/471/423
f 239/471/423 246/470/422 240/472/424
f 240/472/424 246/470/422 247/473/425
f 240/472/424 247/473/425 248/474/426
f 240/472/424 248/474/426 241/475/427
f 241/475/427 248/474/426 249/476/428
f 241/475/427 249/476/428 242/477/429
f 242/477/429 249/476/428 250/478/430
f 242/477/429 250/478/430 251/479/431
f 242/477/429 251/479/431 243/480/432
f 243/480/432 251/479/431 252/481/433
f 243/480/432 252/481/433 244/482/434
f 244/482/434 252/481/433 253/483/435
f 244/482/434 253/483/435 231/484/409
f 231/484/409 253/483/435 254/485/436
f 224/486/437 232/487/407 225/488/438
f 225/488/438 232/487/407 231/489/409
f 225/488/438 231/489/409 226/490/439
f 226/490/439 231/489/409 254/491/436
f 226/490/439 254/491/436 227/492/440
f 227/492/440 254/491/436 228/493/441
f 228/493/441 254/491/436 229/494/442
f 229/494/442 254/491/436 230/495/443
f 255/496/444 256/497/445 267/498/446
f 267/498/446 256/497/445 266/499/447
f 266/499/447 256/497/445 257/500/448
f 266/499/447 257/500/448 265/501/449
f 265/501/449 257/500/448 258/502/450
f 265/501/449 258/502/450 259/503/451
f 265/501/449 259/503/451 264/504/452
f 264/504/452 259/503/451 260/505/453
f 264/504/452 260/505/453 261/506/454
f 262/507/455 263/508/456 261/506/454
f 261/506/454 263/508/456 264/504/452
f 239/509/420 238/510/419 262/511/455
f 262/511/455 238/510/419 263/512/456
f 239/513/423 270/514/457 245/515/421
f 245/515/421 270/514/457 271/516/458
f 245/515/421 271/516/458 272/517/459
f 262/518/460 258/519/461 239/513/423
f 239/513/423 258/519/461 257/520/462
f 239/513/423 257/520/462 256/521/463
f 261/522/464 260/523/465 262/518/460
f 262/518/460 260/523/465 259/524/466
f 262/518/460 259/524/466 258/519/461
f 256/521/463 255/525/467 239/513/423
f 239/513/423 255/525/467 268/526/468
f 239/513/423 268/526/468 269/527/469
f 269/527/469 270/514/457 239/513/423
f 272/517/459 273/528/470 245/515/421
f 245/515/421 273/528/470 274/529/471
f 245/515/421 274/529/471 290/530/472
f 290/530/472 274/529/471 275/531/473
f 290/530/472 275/531/473 276/532/474
f 276/532/474 277/533/475 290/530/472
f 290/530/472 277/533/475 278/534/476
f 290/530/472 278/534/476 289/535/477
f 289/535/477 278/534/476 279/536/478
f 289/535/477 279/536/478 280/537/479
f 280/537/479 281/538/480 289/535/477
f 289/535/477 281/538/480 282/539/481
f 289/535/477 282/539/481 283/540/482
f 283/540/482 284/541/483 289/535/477
f 289/535/477 284/541/483 288/542/484
f 288/542/484 284/541/483 285/543/485
f 288/542/484 285/543/485 286/544/486
f 286/544/486 287/545/487 288/542/484
f 281/546/488 291/547/489 282/548/490
f 282/548/490 291/547/489 292/549/491
f 282/548/490 292/549/491 283/550/492
f 283/550/492 292/549/491 293/551/493
f 283/550/492 293/551/493 284/552/494
f 284/552/494 293/551/493 285/553/495
f 285/553/495 293/551/493 294/554/496
f 285/553/495 294/554/496 286/555/497
f 286/555/497 294/554/496 287/556/498
f 287/556/498 294/554/496 295/557/499
f 287/556/498 295/557/499 288/558/500
f 288/559/500 295/560/499 289/561/501
f 289/561/501 295/560/499 296/562/502
f 237/563/503 236/564/504 238/565/505
f 238/565/505 236/564/504 235/566/506
f 238/565/505 235/566/506 234/567/507
f 238/565/505 234/567/507 267/568/508
f 267/568/508 234/567/507 233/569/509
f 267/568/508 233/569/509 309/570/510
f 309/570/510 233/569/509 232/571/511
f 309/570/510 232/571/511 308/572/512
f 308/572/512 232/571/511 307/573/513
f 307/573/513 232/571/511 224/574/514
f 307/573/513 224/574/514 306/575/515
f 306/575/515 224/574/514 223/576/516
f 306/575/515 223/576/516 305/577/517
f 305/577/517 223/576/516 297/578/518
f 305/577/517 297/578/518 304/579/519
f 304/579/519 297/578/518 303/580/520
f 303/580/520 297/578/518 298/581/521
f 303/580/520 298/581/521 291/582/522
f 291/582/522 298/581/521 299/583/523
f 291/582/522 299/583/523 296/584/524
f 296/584/524 299/583/523 300/585/525
f 296/584/524 300/585/525 301/586/526
f 301/586/526 302/587/527 296/584/524
f 296/584/524 295/588/528 291/582/522
f 291/582/522 295/588/528 292/589/529
f 292/589/529 295/588/528 293/590/530
f 293/590/530 295/588/528 294/591/531
f 238/565/505 267/568/508 263/592/532
f 263/592/532 267/568/508 266/593/533
f 263/592/532 266/593/533 265/594/534
f 265/594/534 264/595/535 263/592/532
f 289/596/501 296/597/502 315/598/536
f 315/598/536 296/597/502 302/599/537
f 315/598/536 302/599/537 314/600/538
f 314/600/538 302/599/537 301/601/539
f 314/600/538 301/601/539 313/602/540
f 313/602/540 301/601/539 300/603/541
f 313/602/540 300/603/541 312/604/542
f 312/604/542 300/603/541 299/605/543
f 312/604/542 299/605/543 311/606/544
f 311/606/544 299/605/543 298/607/545
f 311/606/544 298/607/545 310/608/546
f 310/608/546 298/607/545 297/609/547
f 316/610/548 317/611/549 310/612/546
f 310/612/546 317/611/549 311/613/550
f 311/613/550 317/611/549 318/614/551
f 311/613/550 318/614/551 312/615/552
f 312/615/552 318/614/551 319/616/553
f 312/615/552 319/616/553 313/617/554
f 313/617/554 319/616/553 320/618/555
f 313/617/554 320/618/555 321/619/556
f 313/617/554 321/619/556 314/620/557
f 314/620/557 321/619/556 322/621/558
f 314/620/557 322/621/558 315/622/559
f 315/622/559 322/621/558 323/623/560
f 315/622/559 323/623/560 324/624/561
f 290/625/472 289/626/477 324/624/561
f 324/624/561 289/626/477 315/622/559
f 267/627/446 309/628/562 255/629/444
f 255/629/444 309/628/562 268/630/563
f 268/630/563 309/628/562 269/631/564
f 269/631/564 309/628/562 308/632/565
f 269/631/564 308/632/565 270/633/566
f 270/633/566 308/632/565 271/634/567
f 271/634/567 308/632/565 307/635/568
f 271/634/567 307/635/568 272/636/569
f 272/636/569 307/635/568 273/637/570
f 273/637/570 307/635/568 306/638/571
f 273/637/570 306/638/571 274/639/572
f 274/639/572 306/638/571 275/640/573
f 275/640/573 306/638/571 305/641/574
f 275/640/573 305/641/574 276/642/575
f 276/642/575 305/641/574 277/643/576
f 277/643/576 305/641/574 304/644/577
f 277/643/576 304/644/577 278/645/578
f 278/645/578 304/644/577 279/646/579
f 279/646/579 304/644/577 303/647/580
f 279/646/579 303/647/580 280/648/581
f 280/648/581 303/647/580 281/649/488
f 281/649/488 303/647/580 291/650/489
f 297/651/547 222/652/582 310/653/546
f 310/653/546 222/652/582 221/654/583
f 310/653/546 221/654/583 316/655/548
f 316/655/548 221/654/583 220/656/584
f 316/655/548 220/656/584 219/657/585
f 297/651/547 223/658/586 222/652/582
f 219/657/585 218/659/587 316/655/548
f 316/655/548 218/659/587 217/660/588
f 338/661/589 325/662/590 337/663/591
f 337/663/591 325/662/590 326/664/592
f 337/663/591 326/664/592 336/665/593
f 336/665/593 326/664/592 327/666/594
f 336/665/593 327/666/594 335/667/595
f 335/667/595 327/666/594 328/668/596
f 335/667/595 328/668/596 334/669/597
f 334/669/597 328/668/596 329/670/598
f 334/669/597 329/670/598 333/671/599
f 333/671/599 329/670/598 330/672/600
f 333/671/599 330/672/600 332/673/601
f 332/673/601 330/672/600 331/674/602
f 340/675/603 341/676/604 339/677/605
f 339/677/605 341/676/604 352/678/606
f 352/678/606 341/676/604 342/679/607
f 352/678/606 342/679/607 351/680/608
f 351/680/608 342/679/607 343/681/609
f 351/680/608 343/681/609 350/682/610
f 350/682/610 343/681/609 344/683/611
f 350/682/610 344/683/611 349/684/612
f 349/684/612 344/683/611 345/685/613
f 349/684/612 345/685/613 348/686/614
f 348/686/614 345/685/613 346/687/615
f 348/686/614 346/687/615 347/688/616
f 353/689/617 354/690/618 347/691/619
f 347/691/619 354/690/618 348/692/620
f 348/692/620 354/690/618 355/693/621
f 348/692/620 355/693/621 356/694/622
f 348/692/620 356/694/622 349/695/623
f 349/695/623 356/694/622 357/696/624
f 349/695/623 357/696/624 350/697/625
f 350/697/625 357/696/624 358/698/626
f 350/697/625 358/698/626 359/699/627
f 350/697/625 359/699/627 351/700/628
f 351/700/628 359/699/627 360/701/629
f 351/700/628 360/701/629 352/702/630
f 352/702/630 360/701/629 361/703/631
f 352/702/630 361/703/631 339/704/605
f 339/704/605 361/703/631 362/705/632
f 332/706/633 340/707/603 333/708/634
f 333/708/634 340/707/603 339/709/605
f 333/708/634 339/709/605 334/710/635
f 334/710/635 339/709/605 362/711/632
f 334/710/635 362/711/632 335/712/636
f 335/712/636 362/711/632 336/713/637
f 336/713/637 362/711/632 337/714/638
f 337/714/638 362/711/632 338/715/639
f 363/716/640 364/717/641 375/718/642
f 375/718/642 364/717/641 374/719/643
f 374/719/643 364/717/641 365/720/644
f 374/719/643 365/720/644 373/721/645
f 373/721/645 365/720/644 366/722/646
f 373/721/645 366/722/646 367/723/647
f 373/721/645 367/723/647 372/724/648
f 372/724/648 367/723/647 368/725/649
f 372/724/648 368/725/649 369/726/650
f 370/727/651 371/728/652 369/726/650
f 369/726/650 371/728/652 372/724/648
f 347/729/616 346/730/615 370/731/651
f 370/731/651 346/730/615 371/732/652
f 347/733/619 378/734/653 353/735/617
f 353/735/617 378/734/653 379/736/654
f 353/735/617 379/736/654 380/737/655
f 370/738/656 366/739/657 347/733/619
f 347/733/619 366/739/657 365/740/658
f 347/733/619 365/740/658 364/741/659
f 369/742/660 368/743/661 370/738/656
f 370/738/656 368/743/661 367/744/662
f 370/738/656 367/744/662 366/739/657
f 364/741/659 363/745/663 347/733/619
f 347/733/619 363/745/663 376/746/664
f 347/733/619 376/746/664 377/747/665
f 377/747/665 378/734/653 347/733/619
f 380/737/655 381/748/666 353/735/617
f 353/735/617 381/748/666 382/749/667
f 353/735/617 382/749/667 398/750/668
f 398/750/668 382/749/667 383/751/669
f 398/750/668 383/751/669 384/752/670
f 384/752/670 385/753/671 398/750/668
f 398/750/668 385/753/671 386/754/672
f 398/750/668 386/754/672 397/755/673
f 397/755/673 386/754/672 387/756/674
f 397/755/673 387/756/674 388/757/675
f 388/757/675 389/758/676 397/755/673
f 397/755/673 389/758/676 390/759/677
f 397/755/673 390/759/677 391/760/678
f 391/760/678 392/761/679 397/755/673
f 397/755/673 392/761/679 396/762/680
f 396/762/680 392/761/679 393/763/681
f 396/762/680 393/763/681 394/764/682
f 394/764/682 395/765/683 396/762/680
f 389/766/684 399/767/685 390/768/686
f 390/768/686 399/767/685 400/769/687
f 390/768/686 400/769/687 391/770/688
f 391/770/688 400/769/687 401/771/689
f 391/770/688 401/771/689 392/772/690
f 392/772/690 401/771/689 393/773/691
f 393/773/691 401/771/689 402/774/692
f 393/773/691 402/774/692 394/775/693
f 394/775/693 402/774/692 395/776/694
f 395/776/694 402/774/692 403/777/695
f 395/776/694 403/777/695 396/778/696
f 396/779/696 403/780/695 397/781/697
f 397/781/697 403/780/695 404/782/698
f 345/783/699 344/784/700 346/785/701
f 346/785/701 344/784/700 343/786/702
f 346/785/701 343/786/702 342/787/703
f 346/785/701 342/787/703 375/788/704
f 375/788/704 342/787/703 341/789/705
f 375/788/704 341/789/705 417/790/706
f 417/790/706 341/789/705 340/791/707
f 417/790/706 340/791/707 416/792/708
f 416/792/708 340/791/707 415/793/709
f 415/793/709 340/791/707 332/794/710
f 415/793/709 332/794/710 414/795/711
f 414/795/711 332/794/710 331/796/712
f 414/795/711 331/796/712 413/797/713
f 413/797/713 331/796/712 405/798/714
f 413/797/713 405/798/714 412/799/715
f 412/799/715 405/798/714 411/800/716
f 411/800/716 405/798/714 406/801/717
f 411/800/716 406/801/717 399/802/718
f 399/802/718 406/801/717 407/803/719
f 399/802/718 407/803/719 404/804/720
f 404/804/720 407/803/719 408/805/721
f 404/804/720 408/805/721 409/806/722
f 409/806/722 410/807/723 404/804/720
f 404/804/720 403/808/724 399/802/718
f 399/802/718 403/808/724 400/809/725
f 400/809/725 403/808/724 401/810/726
f 401/810/726 403/808/724 402/811/727
f 346/785/701 375/788/704 371/812/728
f 371/812/728 375/788/704 374/813/729
f 371/812/728 374/813/729 373/814/730
f 373/814/730 372/815/731 371/812/728
f 397/816/697 404/817/698 423/818/732
f 423/818/732 404/817/698 410/819/733
f 423/818/732 410/819/733 422/820/734
f 422/820/734 410/819/733 409/821/735
f 422/820/734 409/821/735 421/822/736
f 421/822/736 409/821/735 408/823/737
f 421/822/736 408/823/737 420/824/738
f 420/824/738 408/823/737 407/825/739
f 420/824/738 407/825/739 419/826/740
f 419/826/740 407/825/739 406/827/741
f 419/826/740 406/827/741 418/828/742
f 418/828/742 406/827/741 405/829/743
f 424/830/744 425/831/745 418/832/742
f 418/832/742 425/831/745 419/833/746
f 419/833/746 425/831/745 426/834/747
f 419/833/746 426/834/747 420/835/748
f 420/835/748 426/834/747 427/836/749
f 420/835/748 427/836/749 421/837/750
f 421/837/750 427/836/749 428/838/751
f 421/837/750 428/838/751 429/839/752
f 421/837/750 429/839/752 422/840/753
f 422/840/753 429/839/752 430/841/754
f 422/840/753 430/841/754 423/842/755
f 423/842/755 430/841/754 431/843/756
f 423/842/755 431/843/756 432/844/757
f 398/845/668 397/846/673 432/844/757
f 432/844/757 397/846/673 423/842/755
f 375/847/642 417/848/758 363/849/640
f 363/849/640 417/848/758 376/850/759
f 376/850/759 417/848/758 377/851/760
f 377/851/760 417/848/758 416/852/761
f 377/851/760 416/852/761 378/853/762
f 378/853/762 416/852/761 379/854/763
f 379/854/763 416/852/761 415/855/764
f 379/854/763 415/855/764 380/856/765
f 380/856/765 415/855/764 381/857/766
f 381/857/766 415/855/764 414/858/767
f 381/857/766 414/858/767 382/859/768
f 382/859/768 414/858/767 383/860/769
f 383/860/769 414/858/767 413/861/770
f 383/860/769 413/861/770 384/862/771
f 384/862/771 413/861/770 385/863/772
f 385/863/772 413/861/770 412/864/773
f 385/863/772 412/864/773 386/865/774
f 386/865/774 412/864/773 387/866/775
f 387/866/775 412/864/773 411/867/776
f 387/866/775 411/867/776 388/868/777
f 388/868/777 411/867/776 389/869/684
f 389/869/684 411/867/776 399/870/685
f 405/871/743 330/872/778 418/873/742
f 418/873/742 330/872/778 329/874/779
f 418/873/742 329/874/779 424/875/744
f 424/875/744 329/874/779 328/876/780
f 424/875/744 328/876/780 327/877/781
f 405/871/743 331/878/782 330/872/778
f 327/877/781 326/879/783 424/875/744
f 424/875/744 326/879/783 325/880/784
f 450/881/785 433/882/786 449/883/787
f 449/883/787 433/882/786 434/884/788
f 449/883/787 434/884/788 448/885/789
f 448/885/789 434/884/788 435/886/790
f 448/885/789 435/886/790 447/887/791
f 447/887/791 435/886/790 436/888/792
f 447/887/791 436/888/792 446/889/793
f 446/889/793 436/888/792 437/890/794
f 446/889/793 437/890/794 445/891/795
f 445/891/795 437/890/794 438/892/796
f 445/891/795 438/892/796 444/893/797
f 444/893/797 438/892/796 439/894/798
f 444/893/797 439/894/798 443/895/799
f 443/895/799 439/894/798 440/896/800
f 443/895/799 440/896/800 442/897/801
f 442/897/801 440/896/800 441/898/802
f 450/899/785 451/900/803 433/901/786
f 433/901/786 451/900/803 452/902/804
f 454/903/805 455/904/806 453/905/807
f 453/905/807 455/904/806 465/906/808
f 453/905/807 465/906/808 469/907/809
f 469/907/809 465/906/808 468/908/810
f 468/908/810 465/906/808 467/909/811
f 467/909/811 465/906/808 466/910/812
f 455/904/806 456/911/813 465/906/808
f 465/906/808 456/911/813 458/912/814
f 465/906/808 458/912/814 442/913/815
f 442/913/815 458/912/814 464/914/816
f 442/913/815 464/914/816 450/915/817
f 450/915/817 464/914/816 461/916/818
f 450/915/817 461/916/818 451/917/819
f 451/917/819 461/916/818 483/918/820
f 451/917/819 483/918/820 490/919/821
f 490/919/821 483/918/820 489/920/822
f 489/920/822 483/918/820 488/921/823
f 488/921/823 483/918/820 487/922/824
f 487/922/824 483/918/820 486/923/825
f 486/923/825 483/918/820 485/924/826
f 485/924/826 483/918/820 484/925/827
f 456/911/813 457/926/828 458/912/814
f 459/927/829 462/928/830 458/912/814
f 458/912/814 462/928/830 463/929/831
f 458/912/814 463/929/831 464/914/816
f 460/930/832 482/931/833 459/927/829
f 459/927/829 482/931/833 483/918/820
f 459/927/829 483/918/820 461/916/818
f 453/905/807 474/932/834 460/930/832
f 460/930/832 474/932/834 475/933/835
f 460/930/832 475/933/835 476/934/836
f 461/916/818 462/928/830 459/927/829
f 450/915/817 449/935/837 442/913/815
f 442/913/815 449/935/837 448/936/838
f 442/913/815 448/936/838 447/937/839
f 447/937/839 446/938/840 442/913/815
f 442/913/815 446/938/840 445/939/841
f 442/913/815 445/939/841 444/940/842
f 444/940/842 443/941/843 442/913/815
f 469/907/809 470/942/844 453/905/807
f 453/905/807 470/942/844 471/943/845
f 453/905/807 471/943/845 472/944/846
f 472/944/846 473/945/847 453/905/807
f 453/905/807 473/945/847 474/932/834
f 476/934/836 477/946/848 460/930/832
f 460/930/832 477/946/848 478/947/849
f 460/930/832 478/947/849 482/931/833
f 482/931/833 478/947/849 479/948/850
f 482/931/833 479/948/850 480/949/851
f 480/949/851 481/950/852 482/931/833
f 465/951/853 491/952/854 466/953/855
f 466/953/855 491/952/854 492/954/856
f 466/953/855 492/954/856 467/955/857
f 467/955/857 492/954/856 493/956/858
f 467/955/857 493/956/858 468/957/859
f 468/957/859 493/956/858 494/958/860
f 468/957/859 494/958/860 469/959/861
f 469/959/861 494/958/860 495/960/862
f 469/959/861 495/960/862 470/961/863
f 470/961/863 495/960/862 496/962/864
f 470/961/863 496/962/864 471/963/865
f 471/963/865 496/962/864 497/964/866
f 471/963/865 497/964/866 472/965/867
f 472/965/867 497/964/866 498/966/868
f 472/965/867 498/966/868 473/967/869
f 473/967/869 498/966/868 499/968/870
f 499/969/870 500/970/871 473/971/869
f 473/971/869 500/970/871 474/972/872
f 474/973/872 500/974/871 475/975/873
f 475/975/873 500/974/871 501/976/874
f 475/975/873 501/976/874 476/977/875
f 476/977/875 501/976/874 502/978/876
f 476/977/875 502/978/876 477/979/877
f 477/979/877 502/978/876 503/980/878
f 477/979/877 503/980/878 478/981/879
f 478/981/879 503/980/878 504/982/880
f 478/981/879 504/982/880 479/983/881
f 479/983/881 504/982/880 505/984/882
f 479/983/881 505/984/882 480/985/883
f 480/985/883 505/984/882 506/986/884
f 480/985/883 506/986/884 481/987/885
f 481/987/885 506/986/884 507/988/886
f 481/987/885 507/988/886 482/989/887
f 482/989/887 507/988/886 508/990/888
f 483/991/889 509/992/890 484/993/891
f 484/993/891 509/992/890 510/994/892
f 484/993/891 510/994/892 485/995/893
f 485/995/893 510/994/892 511/996/894
f 485/995/893 511/996/894 486/997/895
f 486/997/895 511/996/894 512/998/896
f 486/997/895 512/998/896 487/999/897
f 487/999/897 512/998/896 513/1000/898
f 487/999/897 513/1000/898 488/1001/899
f 488/1001/899 513/1000/898 514/1002/900
f 488/1001/899 514/1002/900 489/1003/901
f 489/1003/901 514/1002/900 515/1004/902
f 489/1003/901 515/1004/902 490/1005/903
f 490/1005/903 515/1004/902 516/1006/904
f 490/1005/903 516/1006/904 451/1007/803
f 451/1007/803 516/1006/904 452/1008/804
f 517/1009/905 518/1010/906 521/1011/907
f 521/1011/907 518/1010/906 520/1012/908
f 520/1012/908 518/1010/906 519/1013/909
f 520/1012/908 519/1013/909 453/1014/807
f 453/1014/807 519/1013/909 454/1015/805
f 525/1016/910 460/1017/832 526/1018/911
f 526/1018/911 460/1017/832 459/1019/829
f 526/1018/911 459/1019/829 522/1020/912
f 522/1020/912 523/1021/913 526/1018/911
f 526/1018/911 523/1021/913 524/1022/914
f 526/1018/911 524/1022/914 525/1016/910
f 522/1023/915 459/1024/829 529/1025/916
f 529/1025/916 459/1024/829 458/1026/814
f 529/1025/916 458/1026/814 527/1027/917
f 527/1027/917 528/1028/918 529/1025/916
f 529/1025/916 528/1028/918 523/1029/919
f 529/1025/916 523/1029/919 522/1023/915
f 457/1030/828 530/1031/920 458/1032/814
f 458/1032/814 530/1031/920 527/1033/921
f 527/1033/921 530/1031/920 531/1034/922
f 527/1033/921 531/1034/922 528/1035/923
f 528/1035/923 531/1034/922 532/1036/924
f 520/1037/925 453/1038/807 533/1039/926
f 533/1039/926 453/1038/807 460/1040/832
f 533/1039/926 460/1040/832 525/1041/927
f 525/1041/927 524/1042/928 533/1039/926
f 533/1039/926 524/1042/928 521/1043/929
f 533/1039/926 521/1043/929 520/1037/925
f 532/1044/930 531/1045/931 536/1046/932
f 536/1046/932 531/1045/931 530/1047/933
f 536/1046/932 530/1047/933 534/1048/934
f 534/1048/934 530/1047/933 457/1049/935
f 534/1048/934 457/1049/935 456/1050/936
f 534/1048/934 535/1051/937 536/1046/932
f 537/1052/938 534/1053/939 455/1054/940
f 455/1054/940 534/1053/939 456/1055/941
f 455/1056/942 454/1057/943 537/1058/944
f 537/1058/944 454/1057/943 519/1059/945
f 537/1058/944 519/1059/945 538/1060/946
f 538/1060/946 519/1059/945 518/1061/947
f 538/1060/946 518/1061/947 517/1062/948
f 538/1060/946 539/1063/949 537/1058/944
f 538/1064/950 536/1065/951 539/1066/952
f 539/1066/952 536/1065/951 535/1067/953
f 521/1068/954 524/1069/955 517/1070/956
f 517/1070/956 524/1069/955 532/1071/957
f 517/1070/956 532/1071/957 538/1072/958
f 538/1072/958 532/1071/957 536/1073/959
f 524/1069/955 523/1074/960 532/1071/957
f 532/1071/957 523/1074/960 528/1075/961
f 462/1076/962 461/1077/963 541/1078/964
f 541/1078/964 461/1077/963 540/1079/965
f 461/1080/966 464/1081/967 540/1082/968
f 540/1082/968 464/1081/967 542/1083/969
f 464/1084/970 463/1085/971 542/1086/972
f 542/1086/972 463/1085/971 543/1087/973
f 463/1088/974 462/1089/975 543/1090/976
f 543/1090/976 462/1089/975 541/1091/977
f 508/1092/888 509/1093/890 482/1094/887
f 482/1094/887 509/1093/890 483/1095/889
f 441/1096/802 491/1097/854 442/1098/801
f 442/1098/801 491/1097/854 465/1099/853
f 102/1100/978 499/1101/979 14/1102/1
f 14/1102/1 499/1101/979 539/1103/980
f 14/1102/1 539/1103/980 535/1104/981
f 102/1100/978 101/1105/982 499/1101/979
f 499/1101/979 101/1105/982 100/1106/983
f 499/1101/979 100/1106/983 99/1107/984
f 99/1107/984 98/1108/985 499/1101/979
f 499/1101/979 98/1108/985 97/1109/986
f 499/1101/979 97/1109/986 96/1110/987
f 96/1110/987 95/1111/988 499/1101/979
f 499/1101/979 95/1111/988 94/1112/989
f 499/1101/979 94/1112/989 64/1113/990
f 64/1113/990 38/1114/991 499/1101/979
f 499/1101/979 38/1114/991 172/1115/992
f 499/1101/979 172/1115/992 500/1116/993
f 500/1116/993 172/1115/992 146/1117/994
f 500/1116/993 146/1117/994 145/1118/995
f 172/1115/992 38/1114/991 202/1119/996
f 202/1119/996 38/1114/991 37/1120/997
f 202/1119/996 37/1120/997 203/1121/998
f 203/1121/998 37/1120/997 36/1122/999
f 203/1121/998 36/1122/999 204/1123/1000
f 204/1123/1000 36/1122/999 35/1124/1001
f 204/1123/1000 35/1124/1001 205/1125/1002
f 205/1125/1002 35/1124/1001 34/1126/1003
f 205/1125/1002 34/1126/1003 206/1127/1004
f 206/1127/1004 34/1126/1003 33/1128/1005
f 206/1127/1004 33/1128/1005 207/1129/1006
f 207/1129/1006 33/1128/1005 32/1130/1007
f 207/1129/1006 32/1130/1007 208/1131/1008
f 208/1131/1008 32/1130/1007 31/1132/1009
f 208/1131/1008 31/1132/1009 209/1133/1010
f 209/1133/1010 31/1132/1009 30/1134/1011
f 209/1133/1010 30/1134/1011 210/1135/1012
f 210/1135/1012 30/1134/1011 29/1136/1013
f 210/1135/1012 29/1136/1013 1/1137/2
f 14/1102/1 543/1138/1014 1/1137/2
f 1/1137/2 543/1138/1014 122/1139/197
f 1/1137/2 122/1139/197 210/1135/1012
f 145/1118/995 144/1140/1015 500/1116/993
f 500/1116/993 144/1140/1015 143/1141/1016
f 500/1116/993 143/1141/1016 142/1142/1017
f 142/1142/1017 141/1143/1018 500/1116/993
f 500/1116/993 141/1143/1018 140/1144/1019
f 500/1116/993 140/1144/1019 139/1145/1020
f 139/1145/1020 138/1146/1021 500/1116/993
f 500/1116/993 138/1146/1021 137/1147/1022
f 500/1116/993 137/1147/1022 109/1148/198
f 500/1116/993 109/1148/198 541/1149/1023
f 541/1149/1023 109/1148/198 122/1139/197
f 541/1149/1023 122/1139/197 543/1138/1014
f 254/1150/1024 325/1151/590 230/1152/393
f 230/1152/393 325/1151/590 542/1153/1025
f 230/1152/393 542/1153/1025 217/1154/394
f 217/1154/394 542/1153/1025 433/1155/1026
f 217/1154/394 433/1155/1026 316/1156/1027
f 316/1156/1027 433/1155/1026 317/1157/1028
f 317/1157/1028 433/1155/1026 318/1158/1029
f 318/1158/1029 433/1155/1026 319/1159/1030
f 319/1159/1030 433/1155/1026 320/1160/1031
f 320/1160/1031 433/1155/1026 321/1161/1032
f 321/1161/1032 433/1155/1026 322/1162/1033
f 322/1162/1033 433/1155/1026 323/1163/1034
f 323/1163/1034 433/1155/1026 324/1164/1035
f 324/1164/1035 433/1155/1026 290/1165/1036
f 290/1165/1036 433/1155/1026 245/1166/1037
f 245/1166/1037 433/1155/1026 398/1167/1038
f 245/1166/1037 398/1167/1038 432/1168/1039
f 325/1151/590 254/1150/1024 424/1169/1040
f 424/1169/1040 254/1150/1024 253/1170/1041
f 424/1169/1040 253/1170/1041 425/1171/1042
f 425/1171/1042 253/1170/1041 252/1172/1043
f 425/1171/1042 252/1172/1043 426/1173/1044
f 426/1173/1044 252/1172/1043 251/1174/1045
f 426/1173/1044 251/1174/1045 427/1175/1046
f 427/1175/1046 251/1174/1045 250/1176/1047
f 427/1175/1046 250/1176/1047 428/1177/1048
f 428/1177/1048 250/1176/1047 249/1178/1049
f 428/1177/1048 249/1178/1049 429/1179/1050
f 429/1179/1050 249/1178/1049 248/1180/1051
f 429/1179/1050 248/1180/1051 430/1181/1052
f 430/1181/1052 248/1180/1051 247/1182/1053
f 430/1181/1052 247/1182/1053 431/1183/1054
f 431/1183/1054 247/1182/1053 246/1184/1055
f 431/1183/1054 246/1184/1055 432/1168/1039
f 432/1168/1039 246/1184/1055 245/1166/1037
f 362/1185/1056 452/1186/1057 338/1187/589
f 338/1187/589 452/1186/1057 540/1188/1058
f 338/1187/589 540/1188/1058 325/1151/590
f 325/1151/590 540/1188/1058 542/1153/1025
f 362/1185/1056 361/1189/1059 452/1186/1057
f 452/1186/1057 361/1189/1059 360/1190/1060
f 452/1186/1057 360/1190/1060 359/1191/1061
f 359/1191/1061 358/1192/1062 452/1186/1057
f 452/1186/1057 358/1192/1062 357/1193/1063
f 452/1186/1057 357/1193/1063 356/1194/1064
f 356/1194/1064 355/1195/1065 452/1186/1057
f 452/1186/1057 355/1195/1065 354/1196/1066
f 452/1186/1057 354/1196/1066 353/1197/1067
f 353/1197/1067 398/1167/1038 452/1186/1057
f 452/1186/1057 398/1167/1038 433/1155/1026
f 440/1198/1068 439/1199/1069 441/1200/1070
f 441/1200/1070 439/1199/1069 438/1201/1071
f 441/1200/1070 438/1201/1071 437/1202/1072
f 437/1202/1072 436/1203/1073 441/1200/1070
f 441/1200/1070 436/1203/1073 435/1204/1074
f 441/1200/1070 435/1204/1074 434/1205/1075
f 434/1205/1075 433/1155/1026 441/1200/1070
f 441/1200/1070 433/1155/1026 542/1153/1025
f 441/1200/1070 542/1153/1025 543/1138/1014
f 540/1188/1058 452/1186/1057 509/1206/1076
f 509/1206/1076 452/1186/1057 516/1207/1077
f 509/1206/1076 516/1207/1077 515/1208/1078
f 515/1208/1078 514/1209/1079 509/1206/1076
f 509/1206/1076 514/1209/1079 513/1210/1080
f 509/1206/1076 513/1210/1080 512/1211/1081
f 512/1211/1081 511/1212/1082 509/1206/1076
f 509/1206/1076 511/1212/1082 510/1213/1083
f 540/1188/1058 509/1206/1076 541/1149/1023
f 541/1149/1023 509/1206/1076 508/1214/1084
f 541/1149/1023 508/1214/1084 500/1116/993
f 500/1116/993 508/1214/1084 501/1215/1085
f 501/1215/1085 508/1214/1084 502/1216/1086
f 502/1216/1086 508/1214/1084 503/1217/1087
f 503/1217/1087 508/1214/1084 504/1218/1088
f 504/1218/1088 508/1214/1084 505/1219/1089
f 505/1219/1089 508/1214/1084 506/1220/1090
f 506/1220/1090 508/1214/1084 507/1221/1091
f 498/1222/1092 491/1223/1093 499/1101/979
f 499/1101/979 491/1223/1093 537/1224/1094
f 499/1101/979 537/1224/1094 539/1103/980
f 498/1222/1092 497/1225/1095 491/1223/1093
f 491/1223/1093 497/1225/1095 496/1226/1096
f 491/1223/1093 496/1226/1096 495/1227/1097
f 495/1227/1097 494/1228/1098 491/1223/1093
f 491/1223/1093 494/1228/1098 493/1229/1099
f 491/1223/1093 493/1229/1099 492/1230/1100
f 537/1224/1094 491/1223/1093 534/1231/1101
f 534/1231/1101 491/1223/1093 441/1200/1070
f 534/1231/1101 441/1200/1070 543/1138/1014
f 14/1102/1 535/1104/981 543/1138/1014
f 543/1138/1014 535/1104/981 534/1231/1101
# 543 vertices
# 1231 texture params
# 1101 normals
# 1090 facets

# 1 groups
