# WaveFront *.obj file (generated by Autodesk ATF)

mtllib Enclosure.mtl

g Body4

v 148.000000 -47.500000 42.000000
v 148.003403 -47.500000 42.049009
v 148.013585 -47.500000 42.097545
v 148.053824 -47.500000 42.191342
v 148.119167 -47.500000 42.277785
v 148.207105 -47.500000 42.353553
v 148.314258 -47.500000 42.415735
v 148.436507 -47.500000 42.461940
v 148.569156 -47.500000 42.490393
v 148.707105 -47.500000 42.500000
v 148.999999 -47.207107 42.500000
v 148.999999 -47.069157 42.490393
v 148.999999 -46.936509 42.461940
v 148.999999 -46.814259 42.415735
v 148.999999 -46.707107 42.353553
v 148.999999 -46.619169 42.277785
v 148.999999 -46.553825 42.191342
v 148.999999 -46.513587 42.097545
v 148.999999 -46.503405 42.049009
v 148.999999 -46.500000 42.000000
v 148.999999 -46.500000 38.366025
v 148.995721 -46.504278 38.300762
v 148.982961 -46.517037 38.236616
v 148.961938 -46.538060 38.174684
v 148.933011 -46.566987 38.116025
v 148.896675 -46.603323 38.061645
v 148.853552 -46.646447 38.012472
v 148.749999 -46.750000 37.933013
v 148.646445 -46.853553 37.853553
v 148.603322 -46.896677 37.804381
v 148.566986 -46.933013 37.750000
v 148.538059 -46.961940 37.691342
v 148.517036 -46.982963 37.629410
v 148.504276 -46.995722 37.565263
v 148.499999 -47.000000 37.500000
v 148.504276 -46.995722 37.434737
v 148.517036 -46.982963 37.370590
v 148.538059 -46.961940 37.308658
v 148.566986 -46.933013 37.250000
v 148.603322 -46.896677 37.195619
v 148.646445 -46.853553 37.146447
v 148.749999 -46.750000 37.066987
v 148.853552 -46.646447 36.987528
v 148.896675 -46.603323 36.938355
v 148.933011 -46.566987 36.883975
v 148.961938 -46.538060 36.825316
v 148.982961 -46.517037 36.763384
v 148.995721 -46.504278 36.699238
v 148.999999 -46.500000 36.633975
v 148.999999 -46.500000 33.000000
v 148.000000 -47.500000 33.000000
v 148.999999 -47.500000 42.500000
v 148.000000 -47.500000 12.000000
v 147.855890 -47.500000 10.536823
v 147.429096 -47.500000 9.129874
v 146.736022 -47.500000 7.833223
v 145.803301 -47.500000 6.696699
v 144.666777 -47.500000 5.763978
v 143.370126 -47.500000 5.070904
v 141.963177 -47.500000 4.644110
v 140.500000 -47.500000 4.500000
v -60.500000 -47.500000 4.500000
v -61.963177 -47.500000 4.644110
v -63.370126 -47.500000 5.070904
v -64.666777 -47.500000 5.763978
v -65.803301 -47.500000 6.696699
v -66.736022 -47.500000 7.833223
v -67.429096 -47.500000 9.129874
v -67.855890 -47.500000 10.536823
v -68.000000 -47.500000 12.000000
v -68.000000 -47.500000 33.000000
v -68.000000 -47.500000 42.000000
v -68.003403 -47.500000 42.049009
v -68.013585 -47.500000 42.097545
v -68.053824 -47.500000 42.191342
v -68.119167 -47.500000 42.277785
v -68.207105 -47.500000 42.353553
v -68.314258 -47.500000 42.415735
v -68.436507 -47.500000 42.461940
v -68.569156 -47.500000 42.490393
v -68.707105 -47.500000 42.500000
v -68.999999 -47.500000 42.500000
v -68.999999 -47.500000 52.000000
v -68.982961 -47.500000 52.129410
v -68.933011 -47.500000 52.250000
v -68.853552 -47.500000 52.353553
v -68.749999 -47.500000 52.433013
v -68.629408 -47.500000 52.482963
v -68.499999 -47.500000 52.500000
v -68.000000 -47.500000 52.500000
v -68.000000 -47.500000 63.000000
v -68.000000 -47.500000 72.000000
v -68.003403 -47.500000 72.049009
v -68.013585 -47.500000 72.097545
v -68.053824 -47.500000 72.191342
v -68.119167 -47.500000 72.277785
v -68.207105 -47.500000 72.353553
v -68.314258 -47.500000 72.415735
v -68.436507 -47.500000 72.461940
v -68.569156 -47.500000 72.490393
v -68.707105 -47.500000 72.500000
v -68.999999 -47.500000 72.500000
v -68.999999 -47.500000 82.000000
v -68.982961 -47.500000 82.129410
v -68.933011 -47.500000 82.250000
v -68.853552 -47.500000 82.353553
v -68.749999 -47.500000 82.433013
v -68.629408 -47.500000 82.482963
v -68.499999 -47.500000 82.500000
v -68.000000 -47.500000 82.500000
v -68.000000 -47.500000 93.000000
v -67.855890 -47.500000 94.463177
v -67.429096 -47.500000 95.870126
v -66.736022 -47.500000 97.166777
v -65.803301 -47.500000 98.303301
v -64.666777 -47.500000 99.236022
v -63.370126 -47.500000 99.929096
v -61.963177 -47.500000 100.355890
v -60.500000 -47.500000 100.500000
v 140.500000 -47.500000 100.500000
v 141.963177 -47.500000 100.355890
v 143.370126 -47.500000 99.929096
v 144.666777 -47.500000 99.236022
v 145.803301 -47.500000 98.303301
v 146.736022 -47.500000 97.166777
v 147.429096 -47.500000 95.870126
v 147.855890 -47.500000 94.463177
v 148.000000 -47.500000 93.000000
v 148.000000 -47.500000 82.500000
v 148.499999 -47.500000 82.500000
v 148.629408 -47.500000 82.482963
v 148.749999 -47.500000 82.433013
v 148.853552 -47.500000 82.353553
v 148.933011 -47.500000 82.250000
v 148.982961 -47.500000 82.129410
v 148.999999 -47.500000 82.000000
v 148.999999 -47.500000 72.500000
v 148.707105 -47.500000 72.500000
v 148.569156 -47.500000 72.490393
v 148.436507 -47.500000 72.461940
v 148.314258 -47.500000 72.415735
v 148.207105 -47.500000 72.353553
v 148.119167 -47.500000 72.277785
v 148.053824 -47.500000 72.191342
v 148.013585 -47.500000 72.097545
v 148.003403 -47.500000 72.049009
v 148.000000 -47.500000 72.000000
v 148.000000 -47.500000 63.000000
v 148.000000 -47.500000 52.500000
v 148.499999 -47.500000 52.500000
v 148.629408 -47.500000 52.482963
v 148.749999 -47.500000 52.433013
v 148.853552 -47.500000 52.353553
v 148.933011 -47.500000 52.250000
v 148.982961 -47.500000 52.129410
v 148.999999 -47.500000 52.000000
v -70.000000 -47.500000 10.000000
v -69.855890 -47.500000 8.536823
v -69.429096 -47.500000 7.129874
v -68.736022 -47.500000 5.833223
v -67.803301 -47.500000 4.696699
v -66.666777 -47.500000 3.763978
v -65.370126 -47.500000 3.070904
v -63.963177 -47.500000 2.644110
v -62.500000 -47.500000 2.500000
v 142.500000 -47.500000 2.500000
v 143.963177 -47.500000 2.644110
v 145.370126 -47.500000 3.070904
v 146.666777 -47.500000 3.763978
v 147.803301 -47.500000 4.696699
v 148.736022 -47.500000 5.833223
v 149.429096 -47.500000 7.129874
v 149.855890 -47.500000 8.536823
v 150.000000 -47.500000 10.000000
v 150.000000 -47.500000 95.000000
v 149.855890 -47.500000 96.463177
v 149.429096 -47.500000 97.870126
v 148.736022 -47.500000 99.166777
v 147.803301 -47.500000 100.303301
v 146.666777 -47.500000 101.236022
v 145.370126 -47.500000 101.929096
v 143.963177 -47.500000 102.355890
v 142.500000 -47.500000 102.500000
v -62.500000 -47.500000 102.500000
v -63.963177 -47.500000 102.355890
v -65.370126 -47.500000 101.929096
v -66.666777 -47.500000 101.236022
v -67.803301 -47.500000 100.303301
v -68.736022 -47.500000 99.166777
v -69.429096 -47.500000 97.870126
v -69.855890 -47.500000 96.463177
v -70.000000 -47.500000 95.000000
v 148.999999 -45.500000 33.000000
v 148.982961 -45.500000 32.870590
v 148.933011 -45.500000 32.750000
v 148.853552 -45.500000 32.646447
v 148.749999 -45.500000 32.566987
v 148.629408 -45.500000 32.517037
v 148.499999 -45.500000 32.500000
v 148.499999 -46.292893 32.500000
v 148.629408 -46.346496 32.517037
v 148.749999 -46.396447 32.566987
v 148.853552 -46.439340 32.646447
v 148.933011 -46.472253 32.750000
v 148.982961 -46.492943 32.870590
v 148.000000 -46.792892 32.500000
v 148.000000 -46.930841 32.509607
v 148.000000 -47.063490 32.538060
v 148.000000 -47.185739 32.584265
v 148.000000 -47.292892 32.646447
v 148.000000 -47.380830 32.722215
v 148.000000 -47.446173 32.808658
v 148.000000 -47.486412 32.902455
v 148.000000 -47.496594 32.950991
v 148.000000 -45.500000 52.500000
v 148.000000 -45.500000 32.500000
v 148.999999 -45.500000 36.633975
v 148.982961 -45.500000 36.763384
v 148.933011 -45.500000 36.883975
v 148.853552 -45.500000 36.987528
v 148.749999 -45.500000 37.066987
v 148.646445 -45.500000 37.146447
v 148.566986 -45.500000 37.250000
v 148.517036 -45.500000 37.370590
v 148.499999 -45.500000 37.500000
v 148.517036 -45.500000 37.629410
v 148.566986 -45.500000 37.750000
v 148.646445 -45.500000 37.853553
v 148.749999 -45.500000 37.933013
v 148.853552 -45.500000 38.012472
v 148.933011 -45.500000 38.116025
v 148.982961 -45.500000 38.236616
v 148.999999 -45.500000 38.366025
v 148.999999 -45.500000 52.000000
v 148.982961 -45.500000 52.129410
v 148.933011 -45.500000 52.250000
v 148.853552 -45.500000 52.353553
v 148.749999 -45.500000 52.433013
v 148.629408 -45.500000 52.482963
v 148.499999 -45.500000 52.500000
v 148.000000 -47.496594 62.950991
v 148.000000 -47.486412 62.902455
v 148.000000 -47.446173 62.808658
v 148.000000 -47.380830 62.722215
v 148.000000 -47.292892 62.646447
v 148.000000 -47.185739 62.584265
v 148.000000 -47.063490 62.538060
v 148.000000 -46.930841 62.509607
v 148.000000 -46.792892 62.500000
v 148.000000 -45.500000 62.500000
v 148.000000 -45.500000 82.500000
v 148.000000 2.500000 93.000000
v 148.000000 2.500000 12.000000
v 148.999999 -47.207107 72.500000
v 148.999999 -47.069157 72.490393
v 148.999999 -46.936509 72.461940
v 148.999999 -46.814259 72.415735
v 148.999999 -46.707107 72.353553
v 148.999999 -46.619169 72.277785
v 148.999999 -46.553825 72.191342
v 148.999999 -46.513587 72.097545
v 148.999999 -46.503405 72.049009
v 148.999999 -46.500000 72.000000
v 148.999999 -46.500000 68.366025
v 148.995721 -46.504278 68.300762
v 148.982961 -46.517037 68.236616
v 148.961938 -46.538060 68.174684
v 148.933011 -46.566987 68.116025
v 148.896675 -46.603323 68.061645
v 148.853552 -46.646447 68.012472
v 148.749999 -46.750000 67.933013
v 148.646445 -46.853553 67.853553
v 148.603322 -46.896677 67.804381
v 148.566986 -46.933013 67.750000
v 148.538059 -46.961940 67.691342
v 148.517036 -46.982963 67.629410
v 148.504276 -46.995722 67.565263
v 148.499999 -47.000000 67.500000
v 148.504276 -46.995722 67.434737
v 148.517036 -46.982963 67.370590
v 148.538059 -46.961940 67.308658
v 148.566986 -46.933013 67.250000
v 148.603322 -46.896677 67.195619
v 148.646445 -46.853553 67.146447
v 148.749999 -46.750000 67.066987
v 148.853552 -46.646447 66.987528
v 148.896675 -46.603323 66.938355
v 148.933011 -46.566987 66.883975
v 148.961938 -46.538060 66.825316
v 148.982961 -46.517037 66.763384
v 148.995721 -46.504278 66.699238
v 148.999999 -46.500000 66.633975
v 148.999999 -46.500000 63.000000
v 148.999999 -45.500000 63.000000
v 148.982961 -45.500000 62.870590
v 148.933011 -45.500000 62.750000
v 148.853552 -45.500000 62.646447
v 148.749999 -45.500000 62.566987
v 148.629408 -45.500000 62.517037
v 148.499999 -45.500000 62.500000
v 148.499999 -46.292893 62.500000
v 148.629408 -46.346496 62.517037
v 148.749999 -46.396447 62.566987
v 148.853552 -46.439340 62.646447
v 148.933011 -46.472253 62.750000
v 148.982961 -46.492943 62.870590
v 148.999999 -45.500000 66.633975
v 148.982961 -45.500000 66.763384
v 148.933011 -45.500000 66.883975
v 148.853552 -45.500000 66.987528
v 148.749999 -45.500000 67.066987
v 148.646445 -45.500000 67.146447
v 148.566986 -45.500000 67.250000
v 148.517036 -45.500000 67.370590
v 148.499999 -45.500000 67.500000
v 148.517036 -45.500000 67.629410
v 148.566986 -45.500000 67.750000
v 148.646445 -45.500000 67.853553
v 148.749999 -45.500000 67.933013
v 148.853552 -45.500000 68.012472
v 148.933011 -45.500000 68.116025
v 148.982961 -45.500000 68.236616
v 148.999999 -45.500000 68.366025
v 148.999999 -45.500000 82.000000
v 148.982961 -45.500000 82.129410
v 148.933011 -45.500000 82.250000
v 148.853552 -45.500000 82.353553
v 148.749999 -45.500000 82.433013
v 148.629408 -45.500000 82.482963
v 148.499999 -45.500000 82.500000
v -68.999999 -46.500000 42.000000
v -68.999999 -46.503405 42.049009
v -68.999999 -46.513587 42.097545
v -68.999999 -46.553825 42.191342
v -68.999999 -46.619169 42.277785
v -68.999999 -46.707107 42.353553
v -68.999999 -46.814259 42.415735
v -68.999999 -46.936509 42.461940
v -68.999999 -47.069157 42.490393
v -68.999999 -47.207107 42.500000
v -68.000000 -45.500000 52.500000
v -68.000000 -45.500000 32.500000
v -68.000000 -46.792892 32.500000
v -68.000000 -46.930841 32.509607
v -68.000000 -47.063490 32.538060
v -68.000000 -47.185739 32.584265
v -68.000000 -47.292892 32.646447
v -68.000000 -47.380830 32.722215
v -68.000000 -47.446173 32.808658
v -68.000000 -47.486412 32.902455
v -68.000000 -47.496594 32.950991
v -68.000000 2.500000 12.000000
v -68.000000 2.500000 93.000000
v -68.000000 -45.500000 82.500000
v -68.000000 -45.500000 62.500000
v -68.000000 -46.792892 62.500000
v -68.000000 -46.930841 62.509607
v -68.000000 -47.063490 62.538060
v -68.000000 -47.185739 62.584265
v -68.000000 -47.292892 62.646447
v -68.000000 -47.380830 62.722215
v -68.000000 -47.446173 62.808658
v -68.000000 -47.486412 62.902455
v -68.000000 -47.496594 62.950991
v -68.999999 -46.500000 33.000000
v -68.499999 -46.292893 32.500000
v -68.629408 -46.346496 32.517037
v -68.749999 -46.396447 32.566987
v -68.853552 -46.439340 32.646447
v -68.933011 -46.472253 32.750000
v -68.982961 -46.492943 32.870590
v -68.499999 -45.500000 32.500000
v -68.629408 -45.500000 32.517037
v -68.749999 -45.500000 32.566987
v -68.853552 -45.500000 32.646447
v -68.933011 -45.500000 32.750000
v -68.982961 -45.500000 32.870590
v -68.999999 -45.500000 33.000000
v -68.999999 -46.500000 36.633975
v -68.995721 -46.504278 36.699238
v -68.982961 -46.517037 36.763384
v -68.961938 -46.538060 36.825316
v -68.933011 -46.566987 36.883975
v -68.896675 -46.603323 36.938355
v -68.853552 -46.646447 36.987528
v -68.749999 -46.750000 37.066987
v -68.646445 -46.853553 37.146447
v -68.603322 -46.896677 37.195619
v -68.566986 -46.933013 37.250000
v -68.538059 -46.961940 37.308658
v -68.517036 -46.982963 37.370590
v -68.504276 -46.995722 37.434737
v -68.499999 -47.000000 37.500000
v -68.504276 -46.995722 37.565263
v -68.517036 -46.982963 37.629410
v -68.538059 -46.961940 37.691342
v -68.566986 -46.933013 37.750000
v -68.603322 -46.896677 37.804381
v -68.646445 -46.853553 37.853553
v -68.749999 -46.750000 37.933013
v -68.853552 -46.646447 38.012472
v -68.896675 -46.603323 38.061645
v -68.933011 -46.566987 38.116025
v -68.961938 -46.538060 38.174684
v -68.982961 -46.517037 38.236616
v -68.995721 -46.504278 38.300762
v -68.999999 -46.500000 38.366025
v -68.999999 -45.500000 36.633975
v -68.982961 -45.500000 36.763384
v -68.933011 -45.500000 36.883975
v -68.853552 -45.500000 36.987528
v -68.749999 -45.500000 37.066987
v -68.999999 -45.500000 52.000000
v -68.999999 -45.500000 38.366025
v -68.982961 -45.500000 38.236616
v -68.933011 -45.500000 38.116025
v -68.853552 -45.500000 38.012472
v -68.749999 -45.500000 37.933013
v -68.646445 -45.500000 37.853553
v -68.566986 -45.500000 37.750000
v -68.517036 -45.500000 37.629410
v -68.499999 -45.500000 37.500000
v -68.517036 -45.500000 37.370590
v -68.566986 -45.500000 37.250000
v -68.646445 -45.500000 37.146447
v -68.499999 -45.500000 52.500000
v -68.629408 -45.500000 52.482963
v -68.749999 -45.500000 52.433013
v -68.853552 -45.500000 52.353553
v -68.933011 -45.500000 52.250000
v -68.982961 -45.500000 52.129410
v -68.999999 -46.500000 72.000000
v -68.999999 -46.503405 72.049009
v -68.999999 -46.513587 72.097545
v -68.999999 -46.553825 72.191342
v -68.999999 -46.619169 72.277785
v -68.999999 -46.707107 72.353553
v -68.999999 -46.814259 72.415735
v -68.999999 -46.936509 72.461940
v -68.999999 -47.069157 72.490393
v -68.999999 -47.207107 72.500000
v -68.999999 -46.500000 63.000000
v -68.499999 -46.292893 62.500000
v -68.629408 -46.346496 62.517037
v -68.749999 -46.396447 62.566987
v -68.853552 -46.439340 62.646447
v -68.933011 -46.472253 62.750000
v -68.982961 -46.492943 62.870590
v -68.499999 -45.500000 62.500000
v -68.629408 -45.500000 62.517037
v -68.749999 -45.500000 62.566987
v -68.853552 -45.500000 62.646447
v -68.933011 -45.500000 62.750000
v -68.982961 -45.500000 62.870590
v -68.999999 -45.500000 63.000000
v -68.999999 -46.500000 66.633975
v -68.995721 -46.504278 66.699238
v -68.982961 -46.517037 66.763384
v -68.961938 -46.538060 66.825316
v -68.933011 -46.566987 66.883975
v -68.896675 -46.603323 66.938355
v -68.853552 -46.646447 66.987528
v -68.749999 -46.750000 67.066987
v -68.646445 -46.853553 67.146447
v -68.603322 -46.896677 67.195619
v -68.566986 -46.933013 67.250000
v -68.538059 -46.961940 67.308658
v -68.517036 -46.982963 67.370590
v -68.504276 -46.995722 67.434737
v -68.499999 -47.000000 67.500000
v -68.504276 -46.995722 67.565263
v -68.517036 -46.982963 67.629410
v -68.538059 -46.961940 67.691342
v -68.566986 -46.933013 67.750000
v -68.603322 -46.896677 67.804381
v -68.646445 -46.853553 67.853553
v -68.749999 -46.750000 67.933013
v -68.853552 -46.646447 68.012472
v -68.896675 -46.603323 68.061645
v -68.933011 -46.566987 68.116025
v -68.961938 -46.538060 68.174684
v -68.982961 -46.517037 68.236616
v -68.995721 -46.504278 68.300762
v -68.999999 -46.500000 68.366025
v -68.999999 -45.500000 66.633975
v -68.982961 -45.500000 66.763384
v -68.933011 -45.500000 66.883975
v -68.853552 -45.500000 66.987528
v -68.749999 -45.500000 67.066987
v -68.999999 -45.500000 82.000000
v -68.999999 -45.500000 68.366025
v -68.982961 -45.500000 68.236616
v -68.933011 -45.500000 68.116025
v -68.853552 -45.500000 68.012472
v -68.749999 -45.500000 67.933013
v -68.646445 -45.500000 67.853553
v -68.566986 -45.500000 67.750000
v -68.517036 -45.500000 67.629410
v -68.499999 -45.500000 67.500000
v -68.517036 -45.500000 67.370590
v -68.566986 -45.500000 67.250000
v -68.646445 -45.500000 67.146447
v -68.499999 -45.500000 82.500000
v -68.629408 -45.500000 82.482963
v -68.749999 -45.500000 82.433013
v -68.853552 -45.500000 82.353553
v -68.933011 -45.500000 82.250000
v -68.982961 -45.500000 82.129410
v -70.000000 4.500000 10.000000
v -69.855890 4.500000 8.536823
v -69.429096 4.500000 7.129874
v -68.736022 4.500000 5.833223
v -67.803301 4.500000 4.696699
v -66.666777 4.500000 3.763978
v -65.370126 4.500000 3.070904
v -63.963177 4.500000 2.644110
v -62.500000 4.500000 2.500000
v -69.855890 -21.500000 8.536823
v -69.429096 -21.500000 7.129874
v -68.736022 -21.500000 5.833223
v -67.803301 -21.500000 4.696699
v -66.666777 -21.500000 3.763978
v -65.370126 -21.500000 3.070904
v -63.963177 -21.500000 2.644110
v -70.000000 4.500000 95.000000
v -62.500000 4.500000 102.500000
v -63.963177 4.500000 102.355890
v -65.370126 4.500000 101.929096
v -66.666777 4.500000 101.236022
v -67.803301 4.500000 100.303301
v -68.736022 4.500000 99.166777
v -69.429096 4.500000 97.870126
v -69.855890 4.500000 96.463177
v -63.963177 -21.500000 102.355890
v -65.370126 -21.500000 101.929096
v -66.666777 -21.500000 101.236022
v -67.803301 -21.500000 100.303301
v -68.736022 -21.500000 99.166777
v -69.429096 -21.500000 97.870126
v -69.855890 -21.500000 96.463177
v 142.500000 4.500000 102.500000
v 142.500000 4.500000 2.500000
v 143.963177 4.500000 2.644110
v 145.370126 4.500000 3.070904
v 146.666777 4.500000 3.763978
v 147.803301 4.500000 4.696699
v 148.736022 4.500000 5.833223
v 149.429096 4.500000 7.129874
v 149.855890 4.500000 8.536823
v 150.000000 4.500000 10.000000
v 143.963177 -21.500000 2.644110
v 145.370126 -21.500000 3.070904
v 146.666777 -21.500000 3.763978
v 147.803301 -21.500000 4.696699
v 148.736022 -21.500000 5.833223
v 149.429096 -21.500000 7.129874
v 149.855890 -21.500000 8.536823
v 150.000000 4.500000 95.000000
v 149.855890 4.500000 96.463177
v 149.429096 4.500000 97.870126
v 148.736022 4.500000 99.166777
v 147.803301 4.500000 100.303301
v 146.666777 4.500000 101.236022
v 145.370126 4.500000 101.929096
v 143.963177 4.500000 102.355890
v 149.855890 -21.500000 96.463177
v 149.429096 -21.500000 97.870126
v 148.736022 -21.500000 99.166777
v 147.803301 -21.500000 100.303301
v 146.666777 -21.500000 101.236022
v 145.370126 -21.500000 101.929096
v 143.963177 -21.500000 102.355890
v 147.855890 2.500000 10.536823
v 147.429096 2.500000 9.129874
v 146.736022 2.500000 7.833223
v 145.803301 2.500000 6.696699
v 144.666777 2.500000 5.763978
v 143.370126 2.500000 5.070904
v 141.963177 2.500000 4.644110
v 140.500000 2.500000 4.500000
v 147.855890 -22.500000 10.536823
v 147.429096 -22.500000 9.129874
v 146.736022 -22.500000 7.833223
v 145.803301 -22.500000 6.696699
v 144.666777 -22.500000 5.763978
v 143.370126 -22.500000 5.070904
v 141.963177 -22.500000 4.644110
v -60.500000 2.500000 4.500000
v 140.500000 2.500000 100.500000
v 141.963177 2.500000 100.355890
v 143.370126 2.500000 99.929096
v 144.666777 2.500000 99.236022
v 145.803301 2.500000 98.303301
v 146.736022 2.500000 97.166777
v 147.429096 2.500000 95.870126
v 147.855890 2.500000 94.463177
v 141.963177 -22.500000 100.355890
v 143.370126 -22.500000 99.929096
v 144.666777 -22.500000 99.236022
v 145.803301 -22.500000 98.303301
v 146.736022 -22.500000 97.166777
v 147.429096 -22.500000 95.870126
v 147.855890 -22.500000 94.463177
v 55.150000 2.500000 100.500000
v 55.150000 2.500000 42.400000
v 24.850000 2.500000 42.400000
v 24.850000 2.500000 100.500000
v -60.500000 2.500000 100.500000
v -61.963177 2.500000 100.355890
v -63.370126 2.500000 99.929096
v -64.666777 2.500000 99.236022
v -65.803301 2.500000 98.303301
v -66.736022 2.500000 97.166777
v -67.429096 2.500000 95.870126
v -67.855890 2.500000 94.463177
v -67.855890 2.500000 10.536823
v -67.429096 2.500000 9.129874
v -66.736022 2.500000 7.833223
v -65.803301 2.500000 6.696699
v -64.666777 2.500000 5.763978
v -63.370126 2.500000 5.070904
v -61.963177 2.500000 4.644110
v 24.850000 -7.500000 100.500000
v 25.950000 -7.500000 100.500000
v 25.950000 2.500000 100.500000
v 54.050000 2.500000 100.500000
v 54.050000 -7.500000 100.500000
v 55.150000 -7.500000 100.500000
v -61.963177 -22.500000 4.644110
v -63.370126 -22.500000 5.070904
v -64.666777 -22.500000 5.763978
v -65.803301 -22.500000 6.696699
v -66.736022 -22.500000 7.833223
v -67.429096 -22.500000 9.129874
v -67.855890 -22.500000 10.536823
v -67.855890 -22.500000 94.463177
v -67.429096 -22.500000 95.870126
v -66.736022 -22.500000 97.166777
v -65.803301 -22.500000 98.303301
v -64.666777 -22.500000 99.236022
v -63.370126 -22.500000 99.929096
v -61.963177 -22.500000 100.355890
v 55.150000 -7.500000 42.400000
v 24.850000 -7.500000 42.400000
v 25.950000 2.500000 43.500000
v 25.950000 -7.500000 43.500000
v 54.050000 2.500000 43.500000
v 54.050000 -7.500000 43.500000
vt -0.035355 -0.039270 0.000000
vt 0.106066 -0.039270 0.000000
vt -0.035115 -0.034361 0.000000
vt 0.105825 -0.034361 0.000000
vt -0.034395 -0.029452 0.000000
vt 0.105105 -0.029452 0.000000
vt 0.102260 -0.019635 0.000000
vt -0.031549 -0.019635 0.000000
vt 0.097639 -0.009817 0.000000
vt -0.026929 -0.009817 0.000000
vt -0.020711 0.000000 0.000000
vt 0.091421 -0.000000 0.000000
vt -0.013134 0.009817 0.000000
vt 0.083845 0.009817 0.000000
vt 0.075200 0.019635 0.000000
vt -0.004490 0.019635 0.000000
vt 0.065821 0.029452 0.000000
vt 0.004890 0.029452 0.000000
vt 0.014645 0.039270 0.000000
vt 0.056066 0.039270 0.000000
vt 0.141421 0.050000 0.000000
vt 0.080184 0.475000 0.000000
vt 0.000000 0.050000 0.000000
vt 0.076093 0.480866 0.000000
vt 0.073120 0.487059 0.000000
vt 0.141421 0.413397 0.000000
vt 0.131948 0.438397 0.000000
vt 0.126809 0.443836 0.000000
vt 0.120711 0.448753 0.000000
vt 0.140816 0.419924 0.000000
vt 0.139012 0.426338 0.000000
vt 0.136039 0.432532 0.000000
vt 0.106066 0.456699 0.000000
vt 0.091421 0.464645 0.000000
vt 0.085323 0.469562 0.000000
vt 0.071316 0.493474 0.000000
vt 0.070711 0.500000 0.000000
vt 0.000000 0.950000 0.000000
vt 0.071316 0.506526 0.000000
vt 0.073120 0.512941 0.000000
vt 0.076093 0.519134 0.000000
vt 0.080184 0.525000 0.000000
vt 0.141421 0.950000 0.000000
vt 0.085323 0.530438 0.000000
vt 0.091421 0.535355 0.000000
vt 0.106066 0.543301 0.000000
vt 0.120711 0.551247 0.000000
vt 0.126809 0.556164 0.000000
vt 0.131948 0.561603 0.000000
vt 0.141421 0.586603 0.000000
vt 0.136039 0.567468 0.000000
vt 0.139012 0.573662 0.000000
vt 0.140816 0.580076 0.000000
vt 0.000000 0.170711 0.000000
vt 0.029289 0.200000 0.000000
vt 0.000000 0.200000 0.000000
vt 10.856916 -1.000961 0.000000
vt 10.843651 -1.003806 0.000000
vt 10.870711 -1.000000 0.000000
vt 10.831426 -1.008427 0.000000
vt 10.820711 -1.014645 0.000000
vt 10.900000 -1.000000 0.000000
vt 10.811917 -1.022221 0.000000
vt 10.805382 -1.030866 0.000000
vt 10.801359 -1.040245 0.000000
vt 10.800340 -1.045099 0.000000
vt 10.800000 -1.050000 0.000000
vt 10.800000 -1.950000 0.000000
vt 11.000000 -4.250000 0.000000
vt 10.900000 -0.050000 0.000000
vt 11.000000 4.250000 0.000000
vt 10.900000 2.000000 0.000000
vt 10.900000 2.950000 0.000000
vt 10.898296 2.962941 0.000000
vt 10.893301 2.975000 0.000000
vt 10.885355 2.985355 0.000000
vt 10.800000 4.050000 0.000000
vt 10.875000 2.993301 0.000000
vt 10.862941 2.998296 0.000000
vt 10.850000 3.000000 0.000000
vt 10.800000 3.000000 0.000000
vt 10.800000 -4.050000 0.000000
vt 10.785589 -4.196318 0.000000
vt 10.742910 -4.337013 0.000000
vt 10.985589 -4.396318 0.000000
vt 10.673602 -4.466678 0.000000
vt 10.942910 -4.537013 0.000000
vt 10.580330 -4.580330 0.000000
vt 10.873602 -4.666678 0.000000
vt 10.466678 -4.673602 0.000000
vt 10.780330 -4.780330 0.000000
vt 10.337013 -4.742910 0.000000
vt 10.666678 -4.873602 0.000000
vt 10.537013 -4.942910 0.000000
vt 10.196318 -4.785589 0.000000
vt 10.396318 -4.985589 0.000000
vt 10.250000 -5.000000 0.000000
vt 10.050000 -4.800000 0.000000
vt -10.050000 -4.800000 0.000000
vt -10.250000 -5.000000 0.000000
vt -10.196318 -4.785589 0.000000
vt -10.396318 -4.985589 0.000000
vt -10.537013 -4.942910 0.000000
vt -10.337013 -4.742910 0.000000
vt -10.666678 -4.873602 0.000000
vt -10.780330 -4.780330 0.000000
vt -10.466678 -4.673602 0.000000
vt -10.873602 -4.666678 0.000000
vt -10.580330 -4.580330 0.000000
vt -10.942910 -4.537013 0.000000
vt -10.673602 -4.466678 0.000000
vt -10.985589 -4.396318 0.000000
vt -10.742910 -4.337013 0.000000
vt -11.000000 -4.250000 0.000000
vt -10.785589 -4.196318 0.000000
vt -10.800000 -4.050000 0.000000
vt -10.800000 -1.950000 0.000000
vt -10.900000 -1.000000 0.000000
vt -10.900000 -0.050000 0.000000
vt -10.800000 -1.050000 0.000000
vt -10.800340 -1.045099 0.000000
vt -10.801359 -1.040245 0.000000
vt -10.805382 -1.030866 0.000000
vt -10.811917 -1.022221 0.000000
vt -10.820711 -1.014645 0.000000
vt -10.870711 -1.000000 0.000000
vt -10.831426 -1.008427 0.000000
vt -10.843651 -1.003806 0.000000
vt -10.856916 -1.000961 0.000000
vt -10.898296 -0.037059 0.000000
vt -10.900000 2.000000 0.000000
vt -11.000000 4.250000 0.000000
vt -10.800000 1.050000 0.000000
vt -10.893301 -0.025000 0.000000
vt -10.885355 -0.014645 0.000000
vt -10.875000 -0.006699 0.000000
vt -10.862941 -0.001704 0.000000
vt -10.850000 0.000000 0.000000
vt -10.800000 0.000000 0.000000
vt -10.800000 1.950000 0.000000
vt -10.800340 1.954901 0.000000
vt -10.801359 1.959755 0.000000
vt -10.805382 1.969134 0.000000
vt -10.811917 1.977779 0.000000
vt -10.820711 1.985355 0.000000
vt -10.870711 2.000000 0.000000
vt -10.831426 1.991573 0.000000
vt -10.843651 1.996194 0.000000
vt -10.856916 1.999039 0.000000
vt -10.900000 2.950000 0.000000
vt -10.898296 2.962941 0.000000
vt -10.893301 2.975000 0.000000
vt -10.885355 2.985355 0.000000
vt -10.800000 4.050000 0.000000
vt -10.785589 4.196318 0.000000
vt -10.875000 2.993301 0.000000
vt -10.862941 2.998296 0.000000
vt -10.850000 3.000000 0.000000
vt -10.800000 3.000000 0.000000
vt -10.742910 4.337013 0.000000
vt -10.985589 4.396318 0.000000
vt -10.673602 4.466678 0.000000
vt -10.942910 4.537013 0.000000
vt -10.580330 4.580330 0.000000
vt -10.873602 4.666678 0.000000
vt -10.466678 4.673602 0.000000
vt -10.780330 4.780330 0.000000
vt -10.337013 4.742910 0.000000
vt -10.666678 4.873602 0.000000
vt -10.537013 4.942910 0.000000
vt -10.196318 4.785589 0.000000
vt -10.396318 4.985589 0.000000
vt -10.250000 5.000000 0.000000
vt -10.050000 4.800000 0.000000
vt 10.050000 4.800000 0.000000
vt 10.250000 5.000000 0.000000
vt 10.196318 4.785589 0.000000
vt 10.396318 4.985589 0.000000
vt 10.537013 4.942910 0.000000
vt 10.337013 4.742910 0.000000
vt 10.666678 4.873602 0.000000
vt 10.780330 4.780330 0.000000
vt 10.466678 4.673602 0.000000
vt 10.873602 4.666678 0.000000
vt 10.580330 4.580330 0.000000
vt 10.942910 4.537013 0.000000
vt 10.673602 4.466678 0.000000
vt 10.985589 4.396318 0.000000
vt 10.742910 4.337013 0.000000
vt 10.785589 4.196318 0.000000
vt 10.870711 2.000000 0.000000
vt 10.820711 1.985355 0.000000
vt 10.811917 1.977779 0.000000
vt 10.805382 1.969134 0.000000
vt 10.856916 1.999039 0.000000
vt 10.843651 1.996194 0.000000
vt 10.831426 1.991573 0.000000
vt 10.801359 1.959755 0.000000
vt 10.800340 1.954901 0.000000
vt 10.800000 1.950000 0.000000
vt 10.800000 1.050000 0.000000
vt 10.898296 -0.037059 0.000000
vt 10.800000 0.000000 0.000000
vt 10.850000 0.000000 0.000000
vt 10.862941 -0.001704 0.000000
vt 10.875000 -0.006699 0.000000
vt 10.885355 -0.014645 0.000000
vt 10.893301 -0.025000 0.000000
vt -0.000000 -0.039270 0.000000
vt 0.100000 -0.039270 0.000000
vt 0.000706 -0.026180 0.000000
vt 0.100000 -0.026180 0.000000
vt 0.002775 -0.013090 0.000000
vt 0.100000 -0.013090 0.000000
vt 0.006066 0.000000 0.000000
vt 0.100000 0.000000 0.000000
vt 0.010355 0.013090 0.000000
vt 0.100000 0.013090 0.000000
vt 0.015350 0.026180 0.000000
vt 0.100000 0.026180 0.000000
vt 0.020711 0.039270 0.000000
vt 0.100000 0.039270 0.000000
vt 0.023484 0.039270 0.000000
vt 0.013729 0.029452 0.000000
vt 0.094194 0.039270 0.000000
vt 0.099554 0.026180 0.000000
vt 0.004350 0.019635 0.000000
vt 0.104550 0.013090 0.000000
vt -0.004295 0.009817 0.000000
vt 0.108839 -0.000000 0.000000
vt -0.011872 -0.000000 0.000000
vt -0.018090 -0.009817 0.000000
vt 0.112130 -0.013090 0.000000
vt -0.022710 -0.019635 0.000000
vt 0.114199 -0.026180 0.000000
vt -0.025556 -0.029452 0.000000
vt -0.026276 -0.034361 0.000000
vt -0.026516 -0.039270 0.000000
vt 0.114905 -0.039270 0.000000
vt 0.050000 -1.000000 0.000000
vt 0.100000 -1.000000 0.000000
vt 0.050000 0.500000 0.000000
vt 0.100000 1.000000 0.000000
vt 0.050000 1.000000 0.000000
vt 0.037059 0.998296 0.000000
vt 0.043301 0.525000 0.000000
vt 0.048296 0.512941 0.000000
vt 0.035355 0.535355 0.000000
vt 0.025000 0.993301 0.000000
vt 0.025000 0.543301 0.000000
vt 0.014645 0.985355 0.000000
vt 0.014645 0.551247 0.000000
vt 0.006699 0.561603 0.000000
vt 0.006699 0.975000 0.000000
vt 0.001704 0.573662 0.000000
vt 0.001704 0.962941 0.000000
vt 0.000000 0.586603 0.000000
vt 0.000000 0.950000 0.000000
vt 0.048296 0.487059 0.000000
vt 0.043301 0.475000 0.000000
vt 0.037059 -0.998296 0.000000
vt 0.035355 0.464645 0.000000
vt 0.025000 -0.993301 0.000000
vt 0.025000 0.456699 0.000000
vt 0.014645 -0.985355 0.000000
vt 0.014645 0.448753 0.000000
vt 0.006699 -0.975000 0.000000
vt 0.006699 0.438397 0.000000
vt 0.000000 -0.950000 0.000000
vt 0.000000 0.413397 0.000000
vt 0.001704 0.426338 0.000000
vt 0.001704 -0.962941 0.000000
vt 0.100000 0.950000 0.000000
vt 0.000000 0.950000 0.000000
vt 0.100000 0.586603 0.000000
vt 0.000000 0.586603 0.000000
vt -0.125000 -0.026180 0.000000
vt 0.000000 -0.026180 0.000000
vt -0.114645 -0.013090 0.000000
vt -0.000000 -0.013090 0.000000
vt -0.110332 -0.006545 0.000000
vt 0.000000 -0.000000 0.000000
vt -0.106699 -0.000000 0.000000
vt -0.103806 0.006545 0.000000
vt -0.000000 0.013090 0.000000
vt -0.101704 0.013090 0.000000
vt -0.100428 0.019635 0.000000
vt -0.000000 0.026180 0.000000
vt -0.100000 0.026180 0.000000
vt -0.000000 0.104720 0.000000
vt 0.125000 0.104720 0.000000
vt -0.000000 0.117810 0.000000
vt 0.135355 0.117810 0.000000
vt 0.139668 0.124355 0.000000
vt -0.000000 0.130900 0.000000
vt 0.143301 0.130900 0.000000
vt 0.146194 0.137445 0.000000
vt -0.000000 0.143990 0.000000
vt 0.148296 0.143990 0.000000
vt 0.149572 0.150535 0.000000
vt -0.000000 0.157080 0.000000
vt 0.150000 0.157080 0.000000
vt 0.149572 0.163625 0.000000
vt -0.000000 0.170170 0.000000
vt 0.148296 0.170170 0.000000
vt 0.146194 0.176715 0.000000
vt -0.000000 0.183260 0.000000
vt 0.143301 0.183260 0.000000
vt 0.139668 0.189805 0.000000
vt -0.000000 0.196350 0.000000
vt 0.135355 0.196350 0.000000
vt 0.125000 0.209440 0.000000
vt -0.000000 0.209440 0.000000
vt 0.125000 -0.026180 0.000000
vt 0.114645 -0.013090 0.000000
vt 0.000000 -0.026180 0.000000
vt -0.000000 -0.013090 0.000000
vt 0.110332 -0.006545 0.000000
vt 0.000000 -0.000000 0.000000
vt 0.106699 -0.000000 0.000000
vt 0.103806 0.006545 0.000000
vt -0.000000 0.013090 0.000000
vt 0.101704 0.013090 0.000000
vt 0.100428 0.019635 0.000000
vt 0.100000 0.026180 0.000000
vt -0.000000 0.026180 0.000000
vt 0.100000 0.039270 0.000000
vt -0.100000 0.039270 0.000000
vt 0.100000 0.026180 0.000000
vt -0.100000 0.026180 0.000000
vt 0.100000 0.013090 0.000000
vt -0.100000 0.013090 0.000000
vt 0.100000 0.000000 0.000000
vt -0.100000 0.000000 0.000000
vt 0.100000 -0.013090 0.000000
vt -0.100000 -0.013090 0.000000
vt 0.100000 -0.026180 0.000000
vt -0.100000 -0.026180 0.000000
vt 0.100000 -0.039270 0.000000
vt -0.100000 -0.039270 0.000000
vt -0.075000 -0.100000 0.000000
vt -0.025000 -0.100000 0.000000
vt -0.075000 0.100000 0.000000
vt -0.025000 0.100000 0.000000
vt 4.800000 0.000000 0.000000
vt 5.800000 0.070711 0.000000
vt 4.800000 0.200000 0.000000
vt 5.800000 0.200000 0.000000
vt 8.850000 5.000000 0.000000
vt 7.800000 0.200000 0.000000
vt 8.850000 0.000000 0.000000
vt 7.800000 0.000000 0.000000
vt 5.850000 0.000000 0.000000
vt 5.845099 0.000341 0.000000
vt 5.840245 0.001359 0.000000
vt 5.830866 0.005383 0.000000
vt 5.822221 0.011917 0.000000
vt 5.814645 0.020711 0.000000
vt 5.808427 0.031426 0.000000
vt 5.803806 0.043651 0.000000
vt 5.800961 0.056916 0.000000
vt 0.750000 5.000000 0.000000
vt 2.800000 0.200000 0.000000
vt 0.750000 0.000000 0.000000
vt 2.800000 0.070711 0.000000
vt 2.800961 0.056916 0.000000
vt 2.803806 0.043651 0.000000
vt 2.808427 0.031426 0.000000
vt 2.814645 0.020711 0.000000
vt 2.822221 0.011917 0.000000
vt 2.830866 0.005383 0.000000
vt 2.840245 0.001359 0.000000
vt 2.845099 0.000341 0.000000
vt 2.850000 0.000000 0.000000
vt 0.100000 0.413397 0.000000
vt -0.000340 0.045099 0.000000
vt 0.100000 -0.950000 0.000000
vt -0.001359 0.040245 0.000000
vt -0.005383 0.030866 0.000000
vt 0.000000 0.413397 0.000000
vt 0.000000 0.050000 0.000000
vt -0.011917 0.022221 0.000000
vt -0.100000 -0.950000 0.000000
vt -0.020711 0.014645 0.000000
vt -0.031426 0.008427 0.000000
vt -0.043651 0.003806 0.000000
vt -0.056916 0.000961 0.000000
vt -0.070711 -0.000000 0.000000
vt -0.100000 -0.000000 0.000000
vt 0.075000 0.100000 0.000000
vt 0.025000 0.100000 0.000000
vt 0.075000 0.020711 0.000000
vt 0.025000 -0.029289 0.000000
vt -0.035355 -0.039270 0.000000
vt 0.106066 -0.039270 0.000000
vt -0.035115 -0.034361 0.000000
vt 0.105825 -0.034361 0.000000
vt -0.034395 -0.029452 0.000000
vt 0.105105 -0.029452 0.000000
vt 0.102260 -0.019635 0.000000
vt -0.031549 -0.019635 0.000000
vt 0.097639 -0.009817 0.000000
vt -0.026929 -0.009817 0.000000
vt -0.020711 0.000000 0.000000
vt 0.091421 -0.000000 0.000000
vt -0.013134 0.009817 0.000000
vt 0.083845 0.009817 0.000000
vt 0.075200 0.019635 0.000000
vt -0.004490 0.019635 0.000000
vt 0.065821 0.029452 0.000000
vt 0.004890 0.029452 0.000000
vt 0.014645 0.039270 0.000000
vt 0.056066 0.039270 0.000000
vt 0.141421 0.050000 0.000000
vt 0.080184 0.475000 0.000000
vt 0.000000 0.050000 0.000000
vt 0.076093 0.480866 0.000000
vt 0.073120 0.487059 0.000000
vt 0.141421 0.413397 0.000000
vt 0.131948 0.438397 0.000000
vt 0.126809 0.443836 0.000000
vt 0.120711 0.448753 0.000000
vt 0.140816 0.419924 0.000000
vt 0.139012 0.426338 0.000000
vt 0.136039 0.432532 0.000000
vt 0.106066 0.456699 0.000000
vt 0.091421 0.464645 0.000000
vt 0.085323 0.469562 0.000000
vt 0.071316 0.493474 0.000000
vt 0.070711 0.500000 0.000000
vt 0.000000 0.950000 0.000000
vt 0.071316 0.506526 0.000000
vt 0.073120 0.512941 0.000000
vt 0.076093 0.519134 0.000000
vt 0.080184 0.525000 0.000000
vt 0.141421 0.950000 0.000000
vt 0.085323 0.530438 0.000000
vt 0.091421 0.535355 0.000000
vt 0.106066 0.543301 0.000000
vt 0.120711 0.551247 0.000000
vt 0.126809 0.556164 0.000000
vt 0.131948 0.561603 0.000000
vt 0.141421 0.586603 0.000000
vt 0.136039 0.567468 0.000000
vt 0.139012 0.573662 0.000000
vt 0.140816 0.580076 0.000000
vt 0.000000 0.170711 0.000000
vt 0.029289 0.200000 0.000000
vt 0.000000 0.200000 0.000000
vt -0.000000 -0.039270 0.000000
vt 0.100000 -0.039270 0.000000
vt 0.000706 -0.026180 0.000000
vt 0.100000 -0.026180 0.000000
vt 0.002775 -0.013090 0.000000
vt 0.100000 -0.013090 0.000000
vt 0.006066 0.000000 0.000000
vt 0.100000 0.000000 0.000000
vt 0.010355 0.013090 0.000000
vt 0.100000 0.013090 0.000000
vt 0.015350 0.026180 0.000000
vt 0.100000 0.026180 0.000000
vt 0.020711 0.039270 0.000000
vt 0.100000 0.039270 0.000000
vt 0.023484 0.039270 0.000000
vt 0.013729 0.029452 0.000000
vt 0.094194 0.039270 0.000000
vt 0.099554 0.026180 0.000000
vt 0.004350 0.019635 0.000000
vt 0.104550 0.013090 0.000000
vt -0.004295 0.009817 0.000000
vt 0.108839 -0.000000 0.000000
vt -0.011872 -0.000000 0.000000
vt -0.018090 -0.009817 0.000000
vt 0.112130 -0.013090 0.000000
vt -0.022710 -0.019635 0.000000
vt 0.114199 -0.026180 0.000000
vt -0.025556 -0.029452 0.000000
vt -0.026276 -0.034361 0.000000
vt -0.026516 -0.039270 0.000000
vt 0.114905 -0.039270 0.000000
vt 0.050000 -1.000000 0.000000
vt 0.100000 -1.000000 0.000000
vt 0.050000 0.500000 0.000000
vt 0.100000 1.000000 0.000000
vt 0.050000 1.000000 0.000000
vt 0.037059 0.998296 0.000000
vt 0.043301 0.525000 0.000000
vt 0.048296 0.512941 0.000000
vt 0.035355 0.535355 0.000000
vt 0.025000 0.993301 0.000000
vt 0.025000 0.543301 0.000000
vt 0.014645 0.985355 0.000000
vt 0.014645 0.551247 0.000000
vt 0.006699 0.561603 0.000000
vt 0.006699 0.975000 0.000000
vt 0.001704 0.573662 0.000000
vt 0.001704 0.962941 0.000000
vt 0.000000 0.586603 0.000000
vt 0.000000 0.950000 0.000000
vt 0.048296 0.487059 0.000000
vt 0.043301 0.475000 0.000000
vt 0.037059 -0.998296 0.000000
vt 0.035355 0.464645 0.000000
vt 0.025000 -0.993301 0.000000
vt 0.025000 0.456699 0.000000
vt 0.014645 -0.985355 0.000000
vt 0.014645 0.448753 0.000000
vt 0.006699 -0.975000 0.000000
vt 0.006699 0.438397 0.000000
vt 0.000000 -0.950000 0.000000
vt 0.000000 0.413397 0.000000
vt 0.001704 0.426338 0.000000
vt 0.001704 -0.962941 0.000000
vt 0.100000 0.950000 0.000000
vt 0.000000 0.950000 0.000000
vt 0.100000 0.586603 0.000000
vt 0.000000 0.586603 0.000000
vt -0.125000 -0.026180 0.000000
vt 0.000000 -0.026180 0.000000
vt -0.114645 -0.013090 0.000000
vt -0.000000 -0.013090 0.000000
vt -0.110332 -0.006545 0.000000
vt 0.000000 -0.000000 0.000000
vt -0.106699 -0.000000 0.000000
vt -0.103806 0.006545 0.000000
vt -0.000000 0.013090 0.000000
vt -0.101704 0.013090 0.000000
vt -0.100428 0.019635 0.000000
vt -0.000000 0.026180 0.000000
vt -0.100000 0.026180 0.000000
vt -0.000000 0.104720 0.000000
vt 0.125000 0.104720 0.000000
vt -0.000000 0.117810 0.000000
vt 0.135355 0.117810 0.000000
vt 0.139668 0.124355 0.000000
vt -0.000000 0.130900 0.000000
vt 0.143301 0.130900 0.000000
vt 0.146194 0.137445 0.000000
vt -0.000000 0.143990 0.000000
vt 0.148296 0.143990 0.000000
vt 0.149572 0.150535 0.000000
vt -0.000000 0.157080 0.000000
vt 0.150000 0.157080 0.000000
vt 0.149572 0.163625 0.000000
vt -0.000000 0.170170 0.000000
vt 0.148296 0.170170 0.000000
vt 0.146194 0.176715 0.000000
vt -0.000000 0.183260 0.000000
vt 0.143301 0.183260 0.000000
vt 0.139668 0.189805 0.000000
vt -0.000000 0.196350 0.000000
vt 0.135355 0.196350 0.000000
vt 0.125000 0.209440 0.000000
vt -0.000000 0.209440 0.000000
vt 0.125000 -0.026180 0.000000
vt 0.114645 -0.013090 0.000000
vt 0.000000 -0.026180 0.000000
vt -0.000000 -0.013090 0.000000
vt 0.110332 -0.006545 0.000000
vt 0.000000 -0.000000 0.000000
vt 0.106699 -0.000000 0.000000
vt 0.103806 0.006545 0.000000
vt -0.000000 0.013090 0.000000
vt 0.101704 0.013090 0.000000
vt 0.100428 0.019635 0.000000
vt 0.100000 0.026180 0.000000
vt -0.000000 0.026180 0.000000
vt 0.100000 0.039270 0.000000
vt -0.100000 0.039270 0.000000
vt 0.100000 0.026180 0.000000
vt -0.100000 0.026180 0.000000
vt 0.100000 0.013090 0.000000
vt -0.100000 0.013090 0.000000
vt 0.100000 0.000000 0.000000
vt -0.100000 0.000000 0.000000
vt 0.100000 -0.013090 0.000000
vt -0.100000 -0.013090 0.000000
vt 0.100000 -0.026180 0.000000
vt -0.100000 -0.026180 0.000000
vt 0.100000 -0.039270 0.000000
vt -0.100000 -0.039270 0.000000
vt -0.075000 -0.100000 0.000000
vt -0.025000 -0.100000 0.000000
vt -0.075000 0.100000 0.000000
vt -0.025000 0.100000 0.000000
vt 0.100000 0.413397 0.000000
vt -0.000340 0.045099 0.000000
vt 0.100000 -0.950000 0.000000
vt -0.001359 0.040245 0.000000
vt -0.005383 0.030866 0.000000
vt 0.000000 0.413397 0.000000
vt 0.000000 0.050000 0.000000
vt -0.011917 0.022221 0.000000
vt -0.100000 -0.950000 0.000000
vt -0.020711 0.014645 0.000000
vt -0.031426 0.008427 0.000000
vt -0.043651 0.003806 0.000000
vt -0.056916 0.000961 0.000000
vt -0.070711 -0.000000 0.000000
vt -0.100000 -0.000000 0.000000
vt 0.075000 0.100000 0.000000
vt 0.025000 0.100000 0.000000
vt 0.075000 0.020711 0.000000
vt 0.025000 -0.029289 0.000000
vt -0.014645 0.039270 0.000000
vt -0.056066 0.039270 0.000000
vt -0.004890 0.029452 0.000000
vt -0.065821 0.029452 0.000000
vt -0.075200 0.019635 0.000000
vt 0.004490 0.019635 0.000000
vt -0.083845 0.009817 0.000000
vt 0.013134 0.009817 0.000000
vt 0.020711 -0.000000 0.000000
vt -0.091421 -0.000000 0.000000
vt 0.026929 -0.009817 0.000000
vt -0.097639 -0.009817 0.000000
vt -0.102260 -0.019635 0.000000
vt 0.031549 -0.019635 0.000000
vt -0.105105 -0.029452 0.000000
vt 0.034395 -0.029452 0.000000
vt 0.035115 -0.034361 0.000000
vt -0.105825 -0.034361 0.000000
vt -0.106066 -0.039270 0.000000
vt 0.035355 -0.039270 0.000000
vt -0.029289 0.200000 0.000000
vt -0.000000 0.170711 0.000000
vt -0.000000 0.200000 0.000000
vt 4.800000 0.200000 0.000000
vt 3.800000 0.070711 0.000000
vt 4.800000 0.000000 0.000000
vt 3.799039 0.056916 0.000000
vt 3.796194 0.043651 0.000000
vt 6.800000 0.200000 0.000000
vt 8.850000 5.000000 0.000000
vt 0.750000 5.000000 0.000000
vt 3.800000 0.200000 0.000000
vt 1.800000 0.200000 0.000000
vt 0.750000 0.000000 0.000000
vt 1.800000 0.000000 0.000000
vt 8.850000 0.000000 0.000000
vt 6.800000 0.070711 0.000000
vt 6.799039 0.056916 0.000000
vt 6.796194 0.043651 0.000000
vt 6.791573 0.031426 0.000000
vt 6.785355 0.020711 0.000000
vt 6.777779 0.011917 0.000000
vt 6.769134 0.005383 0.000000
vt 6.759755 0.001359 0.000000
vt 6.754901 0.000341 0.000000
vt 6.750000 0.000000 0.000000
vt 3.791573 0.031426 0.000000
vt 3.785355 0.020711 0.000000
vt 3.777779 0.011917 0.000000
vt 3.769134 0.005383 0.000000
vt 3.759755 0.001359 0.000000
vt 3.754901 0.000341 0.000000
vt 3.750000 0.000000 0.000000
vt -0.026516 0.039270 0.000000
vt -0.026276 0.034361 0.000000
vt 0.114905 0.039270 0.000000
vt 0.114199 0.026180 0.000000
vt -0.025556 0.029452 0.000000
vt -0.022710 0.019635 0.000000
vt 0.112130 0.013090 0.000000
vt -0.018090 0.009817 0.000000
vt 0.108839 0.000000 0.000000
vt -0.011872 -0.000000 0.000000
vt -0.004295 -0.009817 0.000000
vt 0.104550 -0.013090 0.000000
vt 0.004350 -0.019635 0.000000
vt 0.099554 -0.026180 0.000000
vt 0.013729 -0.029452 0.000000
vt 0.094194 -0.039270 0.000000
vt 0.023484 -0.039270 0.000000
vt 0.100000 -0.039270 0.000000
vt 0.100000 -0.026180 0.000000
vt 0.020711 -0.039270 0.000000
vt 0.015350 -0.026180 0.000000
vt 0.100000 -0.013090 0.000000
vt 0.010355 -0.013090 0.000000
vt 0.100000 0.000000 0.000000
vt 0.006066 0.000000 0.000000
vt 0.100000 0.013090 0.000000
vt 0.002775 0.013090 0.000000
vt 0.100000 0.026180 0.000000
vt 0.000706 0.026180 0.000000
vt 0.100000 0.039270 0.000000
vt 0.000000 0.039270 0.000000
vt -0.000000 0.050000 0.000000
vt -0.080184 0.475000 0.000000
vt -0.141421 0.050000 0.000000
vt -0.085323 0.469562 0.000000
vt -0.091421 0.464645 0.000000
vt -0.000000 0.950000 0.000000
vt -0.070711 0.500000 0.000000
vt -0.071316 0.493474 0.000000
vt -0.073120 0.487059 0.000000
vt -0.141421 0.950000 0.000000
vt -0.080184 0.525000 0.000000
vt -0.076093 0.519134 0.000000
vt -0.073120 0.512941 0.000000
vt -0.141421 0.586603 0.000000
vt -0.131948 0.561603 0.000000
vt -0.126809 0.556164 0.000000
vt -0.120711 0.551247 0.000000
vt -0.140816 0.580076 0.000000
vt -0.139012 0.573662 0.000000
vt -0.136039 0.567468 0.000000
vt -0.106066 0.543301 0.000000
vt -0.091421 0.535355 0.000000
vt -0.085323 0.530438 0.000000
vt -0.071316 0.506526 0.000000
vt -0.076093 0.480866 0.000000
vt -0.106066 0.456699 0.000000
vt -0.120711 0.448753 0.000000
vt -0.126809 0.443836 0.000000
vt -0.131948 0.438397 0.000000
vt -0.141421 0.413397 0.000000
vt -0.136039 0.432532 0.000000
vt -0.139012 0.426338 0.000000
vt -0.140816 0.419924 0.000000
vt -0.000000 0.950000 0.000000
vt -0.100000 0.950000 0.000000
vt -0.000000 0.586603 0.000000
vt -0.100000 0.586603 0.000000
vt 0.125000 -0.026180 0.000000
vt 0.114645 -0.013090 0.000000
vt 0.000000 -0.026180 0.000000
vt -0.000000 -0.013090 0.000000
vt 0.110332 -0.006545 0.000000
vt 0.000000 -0.000000 0.000000
vt 0.106699 -0.000000 0.000000
vt 0.103806 0.006545 0.000000
vt -0.000000 0.013090 0.000000
vt 0.101704 0.013090 0.000000
vt 0.100428 0.019635 0.000000
vt 0.100000 0.026180 0.000000
vt 0.000000 0.026180 0.000000
vt -0.000000 0.413397 0.000000
vt -0.006699 0.438397 0.000000
vt -0.000000 -0.950000 0.000000
vt -0.006699 -0.975000 0.000000
vt -0.001704 -0.962941 0.000000
vt -0.001704 0.426338 0.000000
vt -0.014645 0.448753 0.000000
vt -0.014645 -0.985355 0.000000
vt -0.025000 0.456699 0.000000
vt -0.025000 -0.993301 0.000000
vt -0.035355 0.464645 0.000000
vt -0.037059 -0.998296 0.000000
vt -0.043301 0.475000 0.000000
vt -0.050000 -1.000000 0.000000
vt -0.048296 0.487059 0.000000
vt -0.050000 0.500000 0.000000
vt -0.048296 0.512941 0.000000
vt -0.050000 1.000000 0.000000
vt -0.100000 1.000000 0.000000
vt -0.100000 -1.000000 0.000000
vt -0.043301 0.525000 0.000000
vt -0.037059 0.998296 0.000000
vt -0.035355 0.535355 0.000000
vt -0.025000 0.993301 0.000000
vt -0.025000 0.543301 0.000000
vt -0.014645 0.985355 0.000000
vt -0.014645 0.551247 0.000000
vt -0.006699 0.561603 0.000000
vt -0.006699 0.975000 0.000000
vt -0.001704 0.573662 0.000000
vt -0.001704 0.962941 0.000000
vt -0.000000 0.586603 0.000000
vt -0.000000 0.950000 0.000000
vt -0.125000 -0.026180 0.000000
vt 0.000000 -0.026180 0.000000
vt -0.114645 -0.013090 0.000000
vt -0.000000 -0.013090 0.000000
vt -0.110332 -0.006545 0.000000
vt 0.000000 -0.000000 0.000000
vt -0.106699 -0.000000 0.000000
vt -0.103806 0.006545 0.000000
vt -0.000000 0.013090 0.000000
vt -0.101704 0.013090 0.000000
vt -0.100428 0.019635 0.000000
vt 0.000000 0.026180 0.000000
vt -0.100000 0.026180 0.000000
vt -0.000000 0.413397 0.000000
vt -0.100000 0.413397 0.000000
vt -0.000000 0.050000 0.000000
vt 0.000340 0.045099 0.000000
vt -0.100000 -0.950000 0.000000
vt 0.001359 0.040245 0.000000
vt 0.005383 0.030866 0.000000
vt 0.011917 0.022221 0.000000
vt 0.100000 -0.950000 0.000000
vt 0.020711 0.014645 0.000000
vt 0.031426 0.008427 0.000000
vt 0.043651 0.003806 0.000000
vt 0.056916 0.000961 0.000000
vt 0.070711 0.000000 0.000000
vt 0.100000 0.000000 0.000000
vt 0.100000 0.039270 0.000000
vt -0.100000 0.039270 0.000000
vt 0.100000 0.026180 0.000000
vt -0.100000 0.026180 0.000000
vt 0.100000 0.013090 0.000000
vt -0.100000 0.013090 0.000000
vt 0.100000 0.000000 0.000000
vt -0.100000 0.000000 0.000000
vt 0.100000 -0.013090 0.000000
vt -0.100000 -0.013090 0.000000
vt 0.100000 -0.026180 0.000000
vt -0.100000 -0.026180 0.000000
vt 0.100000 -0.039270 0.000000
vt -0.100000 -0.039270 0.000000
vt 0.075000 0.100000 0.000000
vt 0.025000 0.100000 0.000000
vt 0.075000 -0.100000 0.000000
vt 0.025000 -0.100000 0.000000
vt -0.000000 0.104720 0.000000
vt -0.000000 0.117810 0.000000
vt -0.125000 0.104720 0.000000
vt -0.135355 0.117810 0.000000
vt -0.139668 0.124355 0.000000
vt -0.000000 0.130900 0.000000
vt -0.143301 0.130900 0.000000
vt -0.146194 0.137445 0.000000
vt -0.000000 0.143990 0.000000
vt -0.148296 0.143990 0.000000
vt -0.149572 0.150535 0.000000
vt -0.000000 0.157080 0.000000
vt -0.150000 0.157080 0.000000
vt -0.149572 0.163625 0.000000
vt -0.000000 0.170170 0.000000
vt -0.148296 0.170170 0.000000
vt -0.146194 0.176715 0.000000
vt -0.000000 0.183260 0.000000
vt -0.143301 0.183260 0.000000
vt -0.139668 0.189805 0.000000
vt -0.000000 0.196350 0.000000
vt -0.135355 0.196350 0.000000
vt -0.125000 0.209440 0.000000
vt -0.000000 0.209440 0.000000
vt -0.025000 -0.029289 0.000000
vt -0.025000 0.100000 0.000000
vt -0.075000 0.020711 0.000000
vt -0.075000 0.100000 0.000000
vt -0.014645 0.039270 0.000000
vt -0.056066 0.039270 0.000000
vt -0.004890 0.029452 0.000000
vt -0.065821 0.029452 0.000000
vt -0.075200 0.019635 0.000000
vt 0.004490 0.019635 0.000000
vt -0.083845 0.009817 0.000000
vt 0.013134 0.009817 0.000000
vt 0.020711 -0.000000 0.000000
vt -0.091421 -0.000000 0.000000
vt 0.026929 -0.009817 0.000000
vt -0.097639 -0.009817 0.000000
vt -0.102260 -0.019635 0.000000
vt 0.031549 -0.019635 0.000000
vt -0.105105 -0.029452 0.000000
vt 0.034395 -0.029452 0.000000
vt 0.035115 -0.034361 0.000000
vt -0.105825 -0.034361 0.000000
vt -0.106066 -0.039270 0.000000
vt 0.035355 -0.039270 0.000000
vt -0.029289 0.200000 0.000000
vt -0.000000 0.170711 0.000000
vt -0.000000 0.200000 0.000000
vt -0.026516 0.039270 0.000000
vt -0.026276 0.034361 0.000000
vt 0.114905 0.039270 0.000000
vt 0.114199 0.026180 0.000000
vt -0.025556 0.029452 0.000000
vt -0.022710 0.019635 0.000000
vt 0.112130 0.013090 0.000000
vt -0.018090 0.009817 0.000000
vt 0.108839 0.000000 0.000000
vt -0.011872 0.000000 0.000000
vt -0.004295 -0.009817 0.000000
vt 0.104550 -0.013090 0.000000
vt 0.004350 -0.019635 0.000000
vt 0.099554 -0.026180 0.000000
vt 0.013729 -0.029452 0.000000
vt 0.094194 -0.039270 0.000000
vt 0.023484 -0.039270 0.000000
vt 0.100000 -0.039270 0.000000
vt 0.100000 -0.026180 0.000000
vt 0.020711 -0.039270 0.000000
vt 0.015350 -0.026180 0.000000
vt 0.100000 -0.013090 0.000000
vt 0.010355 -0.013090 0.000000
vt 0.100000 0.000000 0.000000
vt 0.006066 0.000000 0.000000
vt 0.100000 0.013090 0.000000
vt 0.002775 0.013090 0.000000
vt 0.100000 0.026180 0.000000
vt 0.000706 0.026180 0.000000
vt 0.100000 0.039270 0.000000
vt 0.000000 0.039270 0.000000
vt -0.000000 0.050000 0.000000
vt -0.080184 0.475000 0.000000
vt -0.141421 0.050000 0.000000
vt -0.085323 0.469562 0.000000
vt -0.091421 0.464645 0.000000
vt -0.000000 0.950000 0.000000
vt -0.070711 0.500000 0.000000
vt -0.071316 0.493474 0.000000
vt -0.073120 0.487059 0.000000
vt -0.141421 0.950000 0.000000
vt -0.080184 0.525000 0.000000
vt -0.076093 0.519134 0.000000
vt -0.073120 0.512941 0.000000
vt -0.141421 0.586603 0.000000
vt -0.131948 0.561603 0.000000
vt -0.126809 0.556164 0.000000
vt -0.120711 0.551247 0.000000
vt -0.140816 0.580076 0.000000
vt -0.139012 0.573662 0.000000
vt -0.136039 0.567468 0.000000
vt -0.106066 0.543301 0.000000
vt -0.091421 0.535355 0.000000
vt -0.085323 0.530438 0.000000
vt -0.071316 0.506526 0.000000
vt -0.076093 0.480866 0.000000
vt -0.106066 0.456699 0.000000
vt -0.120711 0.448753 0.000000
vt -0.126809 0.443836 0.000000
vt -0.131948 0.438397 0.000000
vt -0.141421 0.413397 0.000000
vt -0.136039 0.432532 0.000000
vt -0.139012 0.426338 0.000000
vt -0.140816 0.419924 0.000000
vt -0.000000 0.950000 0.000000
vt -0.100000 0.950000 0.000000
vt -0.000000 0.586603 0.000000
vt -0.100000 0.586603 0.000000
vt 0.125000 -0.026180 0.000000
vt 0.114645 -0.013090 0.000000
vt -0.000000 -0.026180 0.000000
vt 0.000000 -0.013090 0.000000
vt 0.110332 -0.006545 0.000000
vt 0.000000 -0.000000 0.000000
vt 0.106699 0.000000 0.000000
vt 0.103806 0.006545 0.000000
vt -0.000000 0.013090 0.000000
vt 0.101704 0.013090 0.000000
vt 0.100428 0.019635 0.000000
vt 0.100000 0.026180 0.000000
vt 0.000000 0.026180 0.000000
vt -0.000000 0.413397 0.000000
vt -0.006699 0.438397 0.000000
vt -0.000000 -0.950000 0.000000
vt -0.006699 -0.975000 0.000000
vt -0.001704 -0.962941 0.000000
vt -0.001704 0.426338 0.000000
vt -0.014645 0.448753 0.000000
vt -0.014645 -0.985355 0.000000
vt -0.025000 0.456699 0.000000
vt -0.025000 -0.993301 0.000000
vt -0.035355 0.464645 0.000000
vt -0.037059 -0.998296 0.000000
vt -0.043301 0.475000 0.000000
vt -0.050000 -1.000000 0.000000
vt -0.048296 0.487059 0.000000
vt -0.050000 0.500000 0.000000
vt -0.048296 0.512941 0.000000
vt -0.050000 1.000000 0.000000
vt -0.100000 1.000000 0.000000
vt -0.100000 -1.000000 0.000000
vt -0.043301 0.525000 0.000000
vt -0.037059 0.998296 0.000000
vt -0.035355 0.535355 0.000000
vt -0.025000 0.993301 0.000000
vt -0.025000 0.543301 0.000000
vt -0.014645 0.985355 0.000000
vt -0.014645 0.551247 0.000000
vt -0.006699 0.561603 0.000000
vt -0.006699 0.975000 0.000000
vt -0.001704 0.573662 0.000000
vt -0.001704 0.962941 0.000000
vt -0.000000 0.586603 0.000000
vt -0.000000 0.950000 0.000000
vt -0.125000 -0.026180 0.000000
vt -0.000000 -0.026180 0.000000
vt -0.114645 -0.013090 0.000000
vt 0.000000 -0.013090 0.000000
vt -0.110332 -0.006545 0.000000
vt 0.000000 -0.000000 0.000000
vt -0.106699 0.000000 0.000000
vt -0.103806 0.006545 0.000000
vt -0.000000 0.013090 0.000000
vt -0.101704 0.013090 0.000000
vt -0.100428 0.019635 0.000000
vt 0.000000 0.026180 0.000000
vt -0.100000 0.026180 0.000000
vt -0.000000 0.413397 0.000000
vt -0.100000 0.413397 0.000000
vt -0.000000 0.050000 0.000000
vt 0.000340 0.045099 0.000000
vt -0.100000 -0.950000 0.000000
vt 0.001359 0.040245 0.000000
vt 0.005383 0.030866 0.000000
vt 0.011917 0.022221 0.000000
vt 0.100000 -0.950000 0.000000
vt 0.020711 0.014645 0.000000
vt 0.031426 0.008427 0.000000
vt 0.043651 0.003806 0.000000
vt 0.056916 0.000961 0.000000
vt 0.070711 0.000000 0.000000
vt 0.100000 0.000000 0.000000
vt 0.100000 0.039270 0.000000
vt -0.100000 0.039270 0.000000
vt 0.100000 0.026180 0.000000
vt -0.100000 0.026180 0.000000
vt 0.100000 0.013090 0.000000
vt -0.100000 0.013090 0.000000
vt 0.100000 0.000000 0.000000
vt -0.100000 0.000000 0.000000
vt 0.100000 -0.013090 0.000000
vt -0.100000 -0.013090 0.000000
vt 0.100000 -0.026180 0.000000
vt -0.100000 -0.026180 0.000000
vt 0.100000 -0.039270 0.000000
vt -0.100000 -0.039270 0.000000
vt 0.075000 0.100000 0.000000
vt 0.025000 0.100000 0.000000
vt 0.075000 -0.100000 0.000000
vt 0.025000 -0.100000 0.000000
vt -0.000000 0.104720 0.000000
vt -0.000000 0.117810 0.000000
vt -0.125000 0.104720 0.000000
vt -0.135355 0.117810 0.000000
vt -0.139668 0.124355 0.000000
vt -0.000000 0.130900 0.000000
vt -0.143301 0.130900 0.000000
vt -0.146194 0.137445 0.000000
vt -0.000000 0.143990 0.000000
vt -0.148296 0.143990 0.000000
vt -0.149572 0.150535 0.000000
vt -0.000000 0.157080 0.000000
vt -0.150000 0.157080 0.000000
vt -0.149572 0.163625 0.000000
vt -0.000000 0.170170 0.000000
vt -0.148296 0.170170 0.000000
vt -0.146194 0.176715 0.000000
vt -0.000000 0.183260 0.000000
vt -0.143301 0.183260 0.000000
vt -0.139668 0.189805 0.000000
vt -0.000000 0.196350 0.000000
vt -0.135355 0.196350 0.000000
vt -0.125000 0.209440 0.000000
vt -0.000000 0.209440 0.000000
vt -0.025000 -0.029289 0.000000
vt -0.025000 0.100000 0.000000
vt -0.075000 0.020711 0.000000
vt -0.075000 0.100000 0.000000
vt -0.000000 0.589049 0.000000
vt -5.200000 0.589049 0.000000
vt -2.600000 0.441786 0.000000
vt -5.200000 0.441786 0.000000
vt -2.600000 0.294524 0.000000
vt -5.200000 0.294524 0.000000
vt -2.600000 0.147262 0.000000
vt -5.200000 0.147262 0.000000
vt -2.600000 -0.000000 0.000000
vt -5.200000 -0.000000 0.000000
vt -2.600000 -0.147262 0.000000
vt -5.200000 -0.147262 0.000000
vt -2.600000 -0.294524 0.000000
vt -5.200000 -0.294524 0.000000
vt -2.600000 -0.441786 0.000000
vt -5.200000 -0.441786 0.000000
vt -5.200000 -0.589049 0.000000
vt -0.000000 -0.589049 0.000000
vt -0.000000 -0.441786 0.000000
vt -0.000000 -0.294524 0.000000
vt -0.000000 -0.147262 0.000000
vt -0.000000 -0.000000 0.000000
vt -0.000000 0.147262 0.000000
vt -0.000000 0.294524 0.000000
vt -0.000000 0.441786 0.000000
vt 0.750000 0.000000 0.000000
vt 9.250000 0.000000 0.000000
vt 0.750000 5.200000 0.000000
vt 9.250000 5.200000 0.000000
vt -0.000000 0.589049 0.000000
vt -5.200000 0.589049 0.000000
vt -2.600000 0.441786 0.000000
vt -5.200000 0.441786 0.000000
vt -2.600000 0.294524 0.000000
vt -5.200000 0.294524 0.000000
vt -2.600000 0.147262 0.000000
vt -5.200000 0.147262 0.000000
vt -2.600000 0.000000 0.000000
vt -5.200000 0.000000 0.000000
vt -2.600000 -0.147262 0.000000
vt -5.200000 -0.147262 0.000000
vt -2.600000 -0.294524 0.000000
vt -5.200000 -0.294524 0.000000
vt -2.600000 -0.441786 0.000000
vt -5.200000 -0.441786 0.000000
vt -5.200000 -0.589049 0.000000
vt -0.000000 -0.589049 0.000000
vt -0.000000 -0.441786 0.000000
vt -0.000000 -0.294524 0.000000
vt -0.000000 -0.147262 0.000000
vt -0.000000 0.000000 0.000000
vt -0.000000 0.147262 0.000000
vt -0.000000 0.294524 0.000000
vt -0.000000 0.441786 0.000000
vt 0.750000 0.000000 0.000000
vt 21.250000 0.000000 0.000000
vt 0.750000 5.200000 0.000000
vt 21.250000 5.200000 0.000000
vt -0.000000 0.589049 0.000000
vt -5.200000 0.589049 0.000000
vt -2.600000 0.441786 0.000000
vt -5.200000 0.441786 0.000000
vt -2.600000 0.294524 0.000000
vt -5.200000 0.294524 0.000000
vt -2.600000 0.147262 0.000000
vt -5.200000 0.147262 0.000000
vt -2.600000 -0.000000 0.000000
vt -5.200000 -0.000000 0.000000
vt -2.600000 -0.147262 0.000000
vt -5.200000 -0.147262 0.000000
vt -2.600000 -0.294524 0.000000
vt -5.200000 -0.294524 0.000000
vt -2.600000 -0.441786 0.000000
vt -5.200000 -0.441786 0.000000
vt -5.200000 -0.589049 0.000000
vt -0.000000 -0.589049 0.000000
vt -0.000000 -0.441786 0.000000
vt -0.000000 -0.294524 0.000000
vt -0.000000 -0.147262 0.000000
vt -0.000000 -0.000000 0.000000
vt -0.000000 0.147262 0.000000
vt -0.000000 0.294524 0.000000
vt -0.000000 0.441786 0.000000
vt 21.250000 5.200000 0.000000
vt 0.750000 5.200000 0.000000
vt 21.250000 0.000000 0.000000
vt 0.750000 0.000000 0.000000
vt -0.000000 0.589049 0.000000
vt -5.200000 0.589049 0.000000
vt -2.600000 0.441786 0.000000
vt -5.200000 0.441786 0.000000
vt -2.600000 0.294524 0.000000
vt -5.200000 0.294524 0.000000
vt -2.600000 0.147262 0.000000
vt -5.200000 0.147262 0.000000
vt -2.600000 0.000000 0.000000
vt -5.200000 0.000000 0.000000
vt -2.600000 -0.147262 0.000000
vt -5.200000 -0.147262 0.000000
vt -2.600000 -0.294524 0.000000
vt -5.200000 -0.294524 0.000000
vt -2.600000 -0.441786 0.000000
vt -5.200000 -0.441786 0.000000
vt -5.200000 -0.589049 0.000000
vt -0.000000 -0.589049 0.000000
vt -0.000000 -0.441786 0.000000
vt -0.000000 -0.294524 0.000000
vt -0.000000 -0.147262 0.000000
vt -0.000000 0.000000 0.000000
vt -0.000000 0.147262 0.000000
vt -0.000000 0.294524 0.000000
vt -0.000000 0.441786 0.000000
vt 0.000000 -0.589049 0.000000
vt 5.000000 -0.589049 0.000000
vt 2.500000 -0.441786 0.000000
vt 5.000000 -0.441786 0.000000
vt 2.500000 -0.294524 0.000000
vt 5.000000 -0.294524 0.000000
vt 2.500000 -0.147262 0.000000
vt 5.000000 -0.147262 0.000000
vt 2.500000 -0.000000 0.000000
vt 5.000000 -0.000000 0.000000
vt 2.500000 0.147262 0.000000
vt 5.000000 0.147262 0.000000
vt 2.500000 0.294524 0.000000
vt 5.000000 0.294524 0.000000
vt 2.500000 0.441786 0.000000
vt 5.000000 0.441786 0.000000
vt 5.000000 0.589049 0.000000
vt 0.000000 0.589049 0.000000
vt 0.000000 0.441786 0.000000
vt 0.000000 0.294524 0.000000
vt -0.000000 0.147262 0.000000
vt -0.000000 -0.000000 0.000000
vt -0.000000 -0.147262 0.000000
vt 0.000000 -0.294524 0.000000
vt 0.000000 -0.441786 0.000000
vt 20.850000 5.000000 0.000000
vt 0.750000 5.000000 0.000000
vt 20.850000 0.000000 0.000000
vt 0.750000 0.000000 0.000000
vt 0.000000 -0.589049 0.000000
vt 5.000000 -0.589049 0.000000
vt 2.500000 -0.441786 0.000000
vt 5.000000 -0.441786 0.000000
vt 2.500000 -0.294524 0.000000
vt 5.000000 -0.294524 0.000000
vt 2.500000 -0.147262 0.000000
vt 5.000000 -0.147262 0.000000
vt 2.500000 0.000000 0.000000
vt 5.000000 0.000000 0.000000
vt 2.500000 0.147262 0.000000
vt 5.000000 0.147262 0.000000
vt 2.500000 0.294524 0.000000
vt 5.000000 0.294524 0.000000
vt 2.500000 0.441786 0.000000
vt 5.000000 0.441786 0.000000
vt 5.000000 0.589049 0.000000
vt 0.000000 0.589049 0.000000
vt 0.000000 0.441786 0.000000
vt -0.000000 0.294524 0.000000
vt -0.000000 0.147262 0.000000
vt -0.000000 0.000000 0.000000
vt -0.000000 -0.147262 0.000000
vt 0.000000 -0.294524 0.000000
vt 0.000000 -0.441786 0.000000
vt 4.785589 10.196318 0.000000
vt 4.742910 10.337013 0.000000
vt 4.800000 10.050000 0.000000
vt 4.673602 10.466678 0.000000
vt 4.580330 10.580330 0.000000
vt 4.466678 10.673602 0.000000
vt 4.337013 10.742910 0.000000
vt 4.196318 10.785589 0.000000
vt 4.050000 10.800000 0.000000
vt 1.010000 1.515000 0.000000
vt 4.800000 -10.050000 0.000000
vt 1.010000 -1.515000 0.000000
vt 4.050000 -10.800000 0.000000
vt -4.050000 -10.800000 0.000000
vt -4.800000 -1.515000 0.000000
vt -4.800000 -10.050000 0.000000
vt -4.050000 10.800000 0.000000
vt -4.800000 1.515000 0.000000
vt -4.800000 10.050000 0.000000
vt -4.196318 10.785589 0.000000
vt -4.337013 10.742910 0.000000
vt -4.466678 10.673602 0.000000
vt -4.580330 10.580330 0.000000
vt -4.673602 10.466678 0.000000
vt -4.742910 10.337013 0.000000
vt -4.785589 10.196318 0.000000
vt -4.785589 -10.196318 0.000000
vt -4.742910 -10.337013 0.000000
vt -4.673602 -10.466678 0.000000
vt -4.580330 -10.580330 0.000000
vt -4.466678 -10.673602 0.000000
vt -4.337013 -10.742910 0.000000
vt -4.196318 -10.785589 0.000000
vt 4.196318 -10.785589 0.000000
vt 4.337013 -10.742910 0.000000
vt 4.466678 -10.673602 0.000000
vt 4.580330 -10.580330 0.000000
vt 4.673602 -10.466678 0.000000
vt 4.742910 -10.337013 0.000000
vt 4.785589 -10.196318 0.000000
vt 9.285000 5.000000 0.000000
vt 0.750000 5.000000 0.000000
vt 9.285000 4.000000 0.000000
vt 0.750000 0.000000 0.000000
vt 9.395000 4.000000 0.000000
vt 20.850000 0.000000 0.000000
vt 12.205000 4.000000 0.000000
vt 12.315000 4.000000 0.000000
vt 20.850000 5.000000 0.000000
vt 12.315000 5.000000 0.000000
vt 12.205000 5.000000 0.000000
vt 9.395000 5.000000 0.000000
vt 0.000000 -0.589049 0.000000
vt 5.000000 -0.589049 0.000000
vt 2.500000 -0.441786 0.000000
vt 5.000000 -0.441786 0.000000
vt 2.500000 -0.294524 0.000000
vt 5.000000 -0.294524 0.000000
vt 2.500000 -0.147262 0.000000
vt 5.000000 -0.147262 0.000000
vt 2.500000 -0.000000 0.000000
vt 5.000000 -0.000000 0.000000
vt 2.500000 0.147262 0.000000
vt 5.000000 0.147262 0.000000
vt 2.500000 0.294524 0.000000
vt 5.000000 0.294524 0.000000
vt 2.500000 0.441786 0.000000
vt 5.000000 0.441786 0.000000
vt 5.000000 0.589049 0.000000
vt -0.000000 0.589049 0.000000
vt 0.000000 0.441786 0.000000
vt -0.000000 0.294524 0.000000
vt 0.000000 0.147262 0.000000
vt -0.000000 -0.000000 0.000000
vt -0.000000 -0.147262 0.000000
vt -0.000000 -0.294524 0.000000
vt -0.000000 -0.441786 0.000000
vt 0.000000 -0.589049 0.000000
vt 5.000000 -0.589049 0.000000
vt 2.500000 -0.441786 0.000000
vt 5.000000 -0.441786 0.000000
vt 2.500000 -0.294524 0.000000
vt 5.000000 -0.294524 0.000000
vt 2.500000 -0.147262 0.000000
vt 5.000000 -0.147262 0.000000
vt 2.500000 0.000000 0.000000
vt 5.000000 0.000000 0.000000
vt 2.500000 0.147262 0.000000
vt 5.000000 0.147262 0.000000
vt 2.500000 0.294524 0.000000
vt 5.000000 0.294524 0.000000
vt 2.500000 0.441786 0.000000
vt 5.000000 0.441786 0.000000
vt 5.000000 0.589049 0.000000
vt 0.000000 0.589049 0.000000
vt 0.000000 0.441786 0.000000
vt -0.000000 0.294524 0.000000
vt -0.000000 0.147262 0.000000
vt -0.000000 0.000000 0.000000
vt -0.000000 -0.147262 0.000000
vt 0.000000 -0.294524 0.000000
vt 0.000000 -0.441786 0.000000
vt 0.000000 0.000000 0.000000
vt 5.810000 0.000000 0.000000
vt 0.000000 1.000000 0.000000
vt 5.810000 1.000000 0.000000
vt 0.000000 0.000000 0.000000
vt 3.030000 0.000000 0.000000
vt 0.000000 1.000000 0.000000
vt 3.030000 1.000000 0.000000
vt 0.000000 0.000000 0.000000
vt 5.810000 0.000000 0.000000
vt 0.000000 1.000000 0.000000
vt 5.810000 1.000000 0.000000
vt 0.000000 0.000000 0.000000
vt 5.700000 0.000000 0.000000
vt 0.000000 1.000000 0.000000
vt 5.700000 1.000000 0.000000
vt 0.000000 0.000000 0.000000
vt 2.810000 0.000000 0.000000
vt 0.000000 1.000000 0.000000
vt 2.810000 1.000000 0.000000
vt 0.000000 0.000000 0.000000
vt 5.700000 0.000000 0.000000
vt 0.000000 1.000000 0.000000
vt 5.700000 1.000000 0.000000
vt -2.905000 1.405000 0.000000
vt 2.795000 1.405000 0.000000
vt -2.905000 1.515000 0.000000
vt 2.905000 1.515000 0.000000
vt 2.905000 -1.515000 0.000000
vt 2.795000 -1.405000 0.000000
vt -2.905000 -1.515000 0.000000
vt -2.905000 -1.405000 0.000000
vt -4.800000 -1.405000 0.000000
vt 0.900000 -1.405000 0.000000
vt -4.800000 1.405000 0.000000
vt 0.900000 1.405000 0.000000
vt 9.250000 5.200000 0.000000
vt 0.750000 5.200000 0.000000
vt 9.250000 0.000000 0.000000
vt 0.750000 0.000000 0.000000
vt -4.985589 -10.396318 0.000000
vt -4.942910 -10.537013 0.000000
vt -5.000000 -10.250000 0.000000
vt -4.873602 -10.666678 0.000000
vt -4.780330 -10.780330 0.000000
vt -4.666678 -10.873602 0.000000
vt -4.537013 -10.942910 0.000000
vt -4.396318 -10.985589 0.000000
vt -4.250000 -11.000000 0.000000
vt -4.250000 11.000000 0.000000
vt -5.000000 10.250000 0.000000
vt -4.396318 10.985589 0.000000
vt -4.537013 10.942910 0.000000
vt 4.250000 -11.000000 0.000000
vt 4.250000 11.000000 0.000000
vt 5.000000 -10.250000 0.000000
vt 5.000000 10.250000 0.000000
vt 4.396318 -10.985589 0.000000
vt 4.537013 -10.942910 0.000000
vt 4.666678 -10.873602 0.000000
vt 4.780330 -10.780330 0.000000
vt 4.873602 -10.666678 0.000000
vt 4.942910 -10.537013 0.000000
vt 4.985589 -10.396318 0.000000
vt 4.985589 10.396318 0.000000
vt 4.942910 10.537013 0.000000
vt 4.873602 10.666678 0.000000
vt 4.780330 10.780330 0.000000
vt 4.666678 10.873602 0.000000
vt 4.537013 10.942910 0.000000
vt 4.396318 10.985589 0.000000
vt -4.666678 10.873602 0.000000
vt -4.780330 10.780330 0.000000
vt -4.873602 10.666678 0.000000
vt -4.942910 10.537013 0.000000
vt -4.985589 10.396318 0.000000
vn -0.070711 0.070711 -0.000000
vn -0.070711 0.070711 0.000000
vn -0.070370 0.070370 0.009802
vn -0.070370 0.070370 0.009802
vn -0.069352 0.069352 0.019509
vn -0.069352 0.069352 0.019509
vn -0.065328 0.065328 0.038268
vn -0.065328 0.065328 0.038268
vn -0.058794 0.058794 0.055557
vn -0.058794 0.058794 0.055557
vn -0.050000 0.050000 0.070711
vn -0.050000 0.050000 0.070711
vn -0.039285 0.039285 0.083147
vn -0.039285 0.039285 0.083147
vn -0.027060 0.027060 0.092388
vn -0.027060 0.027060 0.092388
vn -0.013795 0.013795 0.098079
vn -0.013795 0.013795 0.098079
vn -0.000000 0.000000 0.100000
vn -0.000000 0.000000 0.100000
vn -0.070711 0.070711 0.000000
vn -0.070711 0.070711 0.000000
vn -0.070711 0.070711 0.000000
vn -0.070711 0.070711 0.000000
vn -0.070711 0.070711 0.000000
vn -0.070711 0.070711 0.000000
vn -0.070711 0.070711 0.000000
vn -0.070711 0.070711 0.000000
vn -0.070711 0.070711 0.000000
vn -0.070711 0.070711 0.000000
vn -0.070711 0.070711 0.000000
vn -0.070711 0.070711 0.000000
vn -0.070711 0.070711 0.000000
vn -0.070711 0.070711 0.000000
vn -0.070711 0.070711 0.000000
vn -0.070711 0.070711 0.000000
vn -0.070711 0.070711 0.000000
vn -0.070711 0.070711 0.000000
vn -0.070711 0.070711 0.000000
vn -0.070711 0.070711 0.000000
vn -0.070711 0.070711 0.000000
vn -0.070711 0.070711 0.000000
vn -0.070711 0.070711 0.000000
vn -0.070711 0.070711 0.000000
vn -0.070711 0.070711 0.000000
vn -0.070711 0.070711 0.000000
vn -0.070711 0.070711 0.000000
vn -0.070711 0.070711 0.000000
vn -0.070711 0.070711 0.000000
vn -0.070711 0.070711 0.000000
vn -0.070711 0.070711 0.000000
vn 0.000000 0.000000 0.100000
vn 0.000000 -0.100000 0.000000
vn 0.000000 -0.100000 0.000000
vn 0.000000 -0.100000 0.000000
vn 0.000000 -0.100000 0.000000
vn 0.000000 -0.100000 0.000000
vn 0.000000 -0.100000 0.000000
vn 0.000000 -0.100000 0.000000
vn 0.000000 -0.100000 0.000000
vn 0.000000 -0.100000 0.000000
vn 0.000000 -0.100000 0.000000
vn 0.000000 -0.100000 0.000000
vn 0.000000 -0.100000 0.000000
vn 0.000000 -0.100000 0.000000
vn 0.000000 -0.100000 0.000000
vn 0.000000 -0.100000 0.000000
vn 0.000000 -0.100000 0.000000
vn 0.000000 -0.100000 0.000000
vn 0.000000 -0.100000 0.000000
vn 0.000000 -0.100000 0.000000
vn 0.000000 -0.100000 0.000000
vn 0.000000 -0.100000 0.000000
vn 0.000000 -0.100000 0.000000
vn 0.000000 -0.100000 0.000000
vn 0.000000 -0.100000 0.000000
vn 0.000000 -0.100000 0.000000
vn 0.000000 -0.100000 0.000000
vn 0.000000 -0.100000 0.000000
vn 0.000000 -0.100000 0.000000
vn 0.000000 -0.100000 0.000000
vn 0.000000 -0.100000 0.000000
vn 0.000000 -0.100000 0.000000
vn 0.000000 -0.100000 0.000000
vn 0.000000 -0.100000 0.000000
vn 0.000000 -0.100000 0.000000
vn 0.000000 -0.100000 0.000000
vn 0.000000 -0.100000 0.000000
vn 0.000000 -0.100000 0.000000
vn 0.000000 -0.100000 0.000000
vn 0.000000 -0.100000 0.000000
vn 0.000000 -0.100000 0.000000
vn 0.000000 -0.100000 0.000000
vn 0.000000 -0.100000 0.000000
vn 0.000000 -0.100000 0.000000
vn 0.000000 -0.100000 0.000000
vn 0.000000 -0.100000 0.000000
vn 0.000000 -0.100000 0.000000
vn 0.000000 -0.100000 0.000000
vn 0.000000 -0.100000 0.000000
vn 0.000000 -0.100000 0.000000
vn 0.000000 -0.100000 0.000000
vn 0.000000 -0.100000 0.000000
vn 0.000000 -0.100000 0.000000
vn 0.000000 -0.100000 0.000000
vn 0.000000 -0.100000 0.000000
vn 0.000000 -0.100000 0.000000
vn 0.000000 -0.100000 0.000000
vn 0.000000 -0.100000 0.000000
vn 0.000000 -0.100000 0.000000
vn 0.000000 -0.100000 0.000000
vn 0.000000 -0.100000 0.000000
vn 0.000000 -0.100000 0.000000
vn 0.000000 -0.100000 0.000000
vn 0.000000 -0.100000 0.000000
vn 0.000000 -0.100000 0.000000
vn 0.000000 -0.100000 0.000000
vn 0.000000 -0.100000 0.000000
vn 0.000000 -0.100000 0.000000
vn 0.000000 -0.100000 0.000000
vn 0.000000 -0.100000 0.000000
vn 0.000000 -0.100000 0.000000
vn 0.000000 -0.100000 0.000000
vn 0.000000 -0.100000 0.000000
vn 0.000000 -0.100000 0.000000
vn 0.000000 -0.100000 0.000000
vn 0.000000 -0.100000 0.000000
vn 0.000000 -0.100000 0.000000
vn 0.000000 -0.100000 0.000000
vn 0.000000 -0.100000 0.000000
vn 0.000000 -0.100000 0.000000
vn 0.000000 -0.100000 0.000000
vn 0.000000 -0.100000 0.000000
vn 0.000000 -0.100000 0.000000
vn 0.000000 -0.100000 0.000000
vn 0.000000 -0.100000 0.000000
vn 0.000000 -0.100000 0.000000
vn 0.000000 -0.100000 0.000000
vn 0.000000 -0.100000 0.000000
vn 0.000000 -0.100000 0.000000
vn 0.000000 -0.100000 0.000000
vn 0.000000 -0.100000 0.000000
vn 0.000000 -0.100000 0.000000
vn 0.000000 -0.100000 0.000000
vn 0.000000 -0.100000 0.000000
vn 0.000000 -0.100000 0.000000
vn 0.000000 -0.100000 0.000000
vn 0.000000 -0.100000 0.000000
vn 0.000000 -0.100000 0.000000
vn 0.000000 -0.100000 0.000000
vn 0.000000 -0.100000 0.000000
vn 0.000000 -0.100000 0.000000
vn 0.000000 -0.100000 0.000000
vn 0.000000 -0.100000 0.000000
vn 0.000000 -0.100000 0.000000
vn 0.000000 -0.100000 0.000000
vn 0.000000 -0.100000 0.000000
vn 0.000000 -0.100000 0.000000
vn 0.000000 -0.100000 0.000000
vn 0.000000 -0.100000 0.000000
vn 0.000000 -0.100000 0.000000
vn 0.000000 -0.100000 0.000000
vn 0.000000 -0.100000 0.000000
vn 0.000000 -0.100000 0.000000
vn 0.000000 -0.100000 0.000000
vn 0.000000 -0.100000 0.000000
vn 0.000000 -0.100000 0.000000
vn 0.000000 -0.100000 0.000000
vn 0.000000 -0.100000 0.000000
vn 0.000000 -0.100000 0.000000
vn 0.000000 -0.100000 0.000000
vn 0.000000 -0.100000 0.000000
vn 0.000000 -0.100000 0.000000
vn 0.000000 -0.100000 0.000000
vn 0.000000 -0.100000 0.000000
vn 0.000000 -0.100000 0.000000
vn 0.000000 -0.100000 0.000000
vn 0.000000 -0.100000 0.000000
vn 0.000000 -0.100000 0.000000
vn 0.000000 -0.100000 0.000000
vn 0.000000 -0.100000 0.000000
vn 0.000000 -0.100000 0.000000
vn 0.000000 -0.100000 0.000000
vn 0.000000 -0.100000 0.000000
vn 0.000000 -0.100000 0.000000
vn 0.000000 -0.100000 0.000000
vn 0.000000 -0.100000 0.000000
vn 0.000000 -0.100000 0.000000
vn 0.000000 -0.100000 0.000000
vn 0.000000 -0.100000 0.000000
vn 0.000000 -0.100000 0.000000
vn 0.000000 -0.100000 0.000000
vn 0.000000 -0.100000 0.000000
vn 0.000000 -0.100000 0.000000
vn 0.000000 -0.100000 0.000000
vn 0.000000 -0.100000 0.000000
vn 0.000000 -0.100000 0.000000
vn 0.000000 -0.100000 0.000000
vn 0.000000 -0.100000 0.000000
vn 0.000000 -0.100000 0.000000
vn 0.000000 -0.100000 0.000000
vn 0.000000 -0.100000 0.000000
vn 0.000000 -0.100000 0.000000
vn 0.000000 -0.100000 0.000000
vn -0.100000 0.000000 0.000000
vn -0.100000 0.000000 0.000000
vn -0.096593 0.000000 0.025882
vn -0.096593 0.000000 0.025882
vn -0.086603 0.000000 0.050000
vn -0.086603 0.000000 0.050000
vn -0.070711 0.000000 0.070711
vn -0.070711 0.000000 0.070711
vn -0.050000 0.000000 0.086603
vn -0.050000 0.000000 0.086603
vn -0.025882 0.000000 0.096593
vn -0.025882 0.000000 0.096593
vn -0.000000 0.000000 0.100000
vn -0.000000 0.000000 0.100000
vn 0.000000 -0.000000 0.100000
vn -0.013795 0.013795 0.098079
vn -0.018301 0.018301 0.096593
vn -0.027060 0.027060 0.092388
vn -0.035355 0.035355 0.086603
vn -0.039285 0.039285 0.083147
vn -0.050000 0.050000 0.070711
vn -0.050000 0.050000 0.070711
vn -0.058794 0.058794 0.055557
vn -0.061237 0.061237 0.050000
vn -0.065328 0.065328 0.038268
vn -0.068301 0.068301 0.025882
vn -0.069352 0.069352 0.019509
vn -0.070370 0.070370 0.009802
vn 0.000000 -0.100000 0.000000
vn 0.000000 -0.100000 0.000000
vn 0.000000 -0.100000 0.000000
vn 0.000000 -0.100000 0.000000
vn 0.000000 -0.100000 0.000000
vn 0.000000 -0.100000 0.000000
vn 0.000000 -0.100000 0.000000
vn 0.000000 -0.100000 0.000000
vn 0.000000 -0.100000 0.000000
vn 0.000000 -0.100000 0.000000
vn 0.000000 -0.100000 0.000000
vn 0.000000 -0.100000 0.000000
vn 0.000000 -0.100000 0.000000
vn 0.000000 -0.100000 0.000000
vn 0.000000 -0.100000 0.000000
vn 0.000000 -0.100000 0.000000
vn 0.000000 -0.100000 0.000000
vn 0.000000 -0.100000 0.000000
vn 0.000000 -0.100000 0.000000
vn 0.000000 -0.100000 0.000000
vn 0.000000 -0.100000 0.000000
vn 0.000000 -0.100000 0.000000
vn 0.000000 -0.100000 0.000000
vn 0.000000 -0.100000 0.000000
vn 0.000000 -0.100000 0.000000
vn 0.000000 -0.100000 0.000000
vn 0.000000 -0.100000 0.000000
vn 0.000000 -0.100000 0.000000
vn 0.000000 -0.100000 0.000000
vn 0.000000 -0.100000 0.000000
vn 0.000000 -0.100000 0.000000
vn 0.000000 -0.100000 0.000000
vn 0.000000 -0.100000 0.000000
vn -0.100000 0.000000 0.000000
vn -0.100000 0.000000 0.000000
vn -0.050000 0.000000 -0.086603
vn -0.050000 0.000000 -0.086603
vn -0.070711 0.000000 -0.070711
vn -0.070711 0.000000 -0.070711
vn -0.079335 0.000000 -0.060876
vn -0.086603 0.000000 -0.050000
vn -0.086603 0.000000 -0.050000
vn -0.092388 0.000000 -0.038268
vn -0.096593 0.000000 -0.025882
vn -0.096593 0.000000 -0.025882
vn -0.099144 0.000000 -0.013053
vn -0.070711 0.000000 -0.070711
vn -0.070711 0.000000 -0.070711
vn -0.079335 0.000000 -0.060876
vn -0.086603 0.000000 -0.050000
vn -0.086603 0.000000 -0.050000
vn -0.092388 0.000000 -0.038268
vn -0.096593 0.000000 -0.025882
vn -0.096593 0.000000 -0.025882
vn -0.099144 0.000000 -0.013053
vn -0.100000 0.000000 -0.000000
vn -0.100000 0.000000 -0.000000
vn -0.099144 0.000000 0.013053
vn -0.096593 0.000000 0.025882
vn -0.096593 0.000000 0.025882
vn -0.092388 0.000000 0.038268
vn -0.086603 0.000000 0.050000
vn -0.086603 0.000000 0.050000
vn -0.079335 0.000000 0.060876
vn -0.070711 0.000000 0.070711
vn -0.070711 0.000000 0.070711
vn -0.050000 0.000000 0.086603
vn -0.050000 0.000000 0.086603
vn -0.070711 0.000000 0.070711
vn -0.070711 0.000000 0.070711
vn -0.079335 0.000000 0.060876
vn -0.086603 0.000000 0.050000
vn -0.086603 0.000000 0.050000
vn -0.092388 0.000000 0.038268
vn -0.096593 0.000000 0.025882
vn -0.096593 0.000000 0.025882
vn -0.099144 0.000000 0.013053
vn -0.100000 0.000000 -0.000000
vn -0.100000 0.000000 -0.000000
vn 0.000000 0.000000 -0.100000
vn 0.000000 0.000000 -0.100000
vn -0.025882 0.000000 -0.096593
vn -0.025882 0.000000 -0.096593
vn -0.050000 0.000000 -0.086603
vn -0.050000 0.000000 -0.086603
vn -0.070711 0.000000 -0.070711
vn -0.070711 0.000000 -0.070711
vn -0.086603 0.000000 -0.050000
vn -0.086603 0.000000 -0.050000
vn -0.096593 0.000000 -0.025882
vn -0.096593 0.000000 -0.025882
vn -0.100000 0.000000 0.000000
vn -0.100000 0.000000 0.000000
vn 0.000000 0.000000 -0.100000
vn 0.000000 0.000000 -0.100000
vn -0.100000 0.000000 0.000000
vn -0.100000 0.000000 0.000000
vn -0.100000 0.000000 0.000000
vn -0.100000 0.000000 0.000000
vn -0.100000 0.000000 0.000000
vn -0.100000 0.000000 0.000000
vn -0.100000 0.000000 0.000000
vn -0.100000 0.000000 0.000000
vn -0.100000 0.000000 0.000000
vn -0.100000 0.000000 0.000000
vn -0.100000 0.000000 0.000000
vn -0.100000 0.000000 0.000000
vn -0.100000 0.000000 0.000000
vn -0.100000 0.000000 0.000000
vn -0.100000 0.000000 0.000000
vn -0.100000 0.000000 0.000000
vn -0.100000 0.000000 0.000000
vn -0.100000 0.000000 0.000000
vn -0.100000 0.000000 0.000000
vn -0.100000 0.000000 0.000000
vn -0.100000 0.000000 0.000000
vn -0.100000 0.000000 0.000000
vn -0.100000 0.000000 0.000000
vn -0.100000 0.000000 0.000000
vn -0.100000 0.000000 0.000000
vn -0.100000 0.000000 0.000000
vn -0.100000 0.000000 0.000000
vn -0.100000 0.000000 0.000000
vn -0.100000 0.000000 0.000000
vn -0.100000 0.000000 0.000000
vn -0.100000 0.000000 0.000000
vn -0.100000 0.000000 0.000000
vn -0.100000 0.000000 0.000000
vn -0.100000 0.000000 0.000000
vn -0.100000 0.000000 0.000000
vn -0.100000 0.000000 0.000000
vn -0.100000 0.000000 0.000000
vn -0.100000 0.000000 0.000000
vn -0.100000 0.000000 0.000000
vn -0.100000 0.000000 0.000000
vn -0.100000 0.000000 0.000000
vn 0.000000 0.000000 0.100000
vn -0.070711 0.070711 -0.000000
vn -0.070711 0.070711 0.000000
vn -0.070370 0.070370 0.009802
vn -0.070370 0.070370 0.009802
vn -0.069352 0.069352 0.019509
vn -0.069352 0.069352 0.019509
vn -0.065328 0.065328 0.038268
vn -0.065328 0.065328 0.038268
vn -0.058794 0.058794 0.055557
vn -0.058794 0.058794 0.055557
vn -0.050000 0.050000 0.070711
vn -0.050000 0.050000 0.070711
vn -0.039285 0.039285 0.083147
vn -0.039285 0.039285 0.083147
vn -0.027060 0.027060 0.092388
vn -0.027060 0.027060 0.092388
vn -0.013795 0.013795 0.098079
vn -0.013795 0.013795 0.098079
vn -0.000000 0.000000 0.100000
vn -0.000000 0.000000 0.100000
vn -0.070711 0.070711 0.000000
vn -0.070711 0.070711 0.000000
vn -0.070711 0.070711 0.000000
vn -0.070711 0.070711 0.000000
vn -0.070711 0.070711 0.000000
vn -0.070711 0.070711 0.000000
vn -0.070711 0.070711 0.000000
vn -0.070711 0.070711 0.000000
vn -0.070711 0.070711 0.000000
vn -0.070711 0.070711 0.000000
vn -0.070711 0.070711 0.000000
vn -0.070711 0.070711 0.000000
vn -0.070711 0.070711 0.000000
vn -0.070711 0.070711 0.000000
vn -0.070711 0.070711 0.000000
vn -0.070711 0.070711 0.000000
vn -0.070711 0.070711 0.000000
vn -0.070711 0.070711 0.000000
vn -0.070711 0.070711 0.000000
vn -0.070711 0.070711 0.000000
vn -0.070711 0.070711 0.000000
vn -0.070711 0.070711 0.000000
vn -0.070711 0.070711 0.000000
vn -0.070711 0.070711 0.000000
vn -0.070711 0.070711 0.000000
vn -0.070711 0.070711 0.000000
vn -0.070711 0.070711 0.000000
vn -0.070711 0.070711 0.000000
vn -0.070711 0.070711 0.000000
vn -0.070711 0.070711 0.000000
vn -0.070711 0.070711 0.000000
vn 0.000000 0.000000 0.100000
vn -0.100000 0.000000 0.000000
vn -0.100000 0.000000 0.000000
vn -0.096593 0.000000 0.025882
vn -0.096593 0.000000 0.025882
vn -0.086603 0.000000 0.050000
vn -0.086603 0.000000 0.050000
vn -0.070711 0.000000 0.070711
vn -0.070711 0.000000 0.070711
vn -0.050000 0.000000 0.086603
vn -0.050000 0.000000 0.086603
vn -0.025882 0.000000 0.096593
vn -0.025882 0.000000 0.096593
vn -0.000000 0.000000 0.100000
vn -0.000000 0.000000 0.100000
vn 0.000000 -0.000000 0.100000
vn -0.013795 0.013795 0.098079
vn -0.018301 0.018301 0.096593
vn -0.027060 0.027060 0.092388
vn -0.035355 0.035355 0.086603
vn -0.039285 0.039285 0.083147
vn -0.050000 0.050000 0.070711
vn -0.050000 0.050000 0.070711
vn -0.058794 0.058794 0.055557
vn -0.061237 0.061237 0.050000
vn -0.065328 0.065328 0.038268
vn -0.068301 0.068301 0.025882
vn -0.069352 0.069352 0.019509
vn -0.070370 0.070370 0.009802
vn 0.000000 -0.100000 0.000000
vn 0.000000 -0.100000 0.000000
vn 0.000000 -0.100000 0.000000
vn 0.000000 -0.100000 0.000000
vn 0.000000 -0.100000 0.000000
vn 0.000000 -0.100000 0.000000
vn 0.000000 -0.100000 0.000000
vn 0.000000 -0.100000 0.000000
vn 0.000000 -0.100000 0.000000
vn 0.000000 -0.100000 0.000000
vn 0.000000 -0.100000 0.000000
vn 0.000000 -0.100000 0.000000
vn 0.000000 -0.100000 0.000000
vn 0.000000 -0.100000 0.000000
vn 0.000000 -0.100000 0.000000
vn 0.000000 -0.100000 0.000000
vn 0.000000 -0.100000 0.000000
vn 0.000000 -0.100000 0.000000
vn 0.000000 -0.100000 0.000000
vn 0.000000 -0.100000 0.000000
vn 0.000000 -0.100000 0.000000
vn 0.000000 -0.100000 0.000000
vn 0.000000 -0.100000 0.000000
vn 0.000000 -0.100000 0.000000
vn 0.000000 -0.100000 0.000000
vn 0.000000 -0.100000 0.000000
vn 0.000000 -0.100000 0.000000
vn 0.000000 -0.100000 0.000000
vn 0.000000 -0.100000 0.000000
vn 0.000000 -0.100000 0.000000
vn 0.000000 -0.100000 0.000000
vn 0.000000 -0.100000 0.000000
vn 0.000000 -0.100000 0.000000
vn -0.100000 0.000000 0.000000
vn -0.100000 0.000000 0.000000
vn -0.050000 0.000000 -0.086603
vn -0.050000 0.000000 -0.086603
vn -0.070711 0.000000 -0.070711
vn -0.070711 0.000000 -0.070711
vn -0.079335 0.000000 -0.060876
vn -0.086603 0.000000 -0.050000
vn -0.086603 0.000000 -0.050000
vn -0.092388 0.000000 -0.038268
vn -0.096593 0.000000 -0.025882
vn -0.096593 0.000000 -0.025882
vn -0.099144 0.000000 -0.013053
vn -0.070711 0.000000 -0.070711
vn -0.070711 0.000000 -0.070711
vn -0.079335 0.000000 -0.060876
vn -0.086603 0.000000 -0.050000
vn -0.086603 0.000000 -0.050000
vn -0.092388 0.000000 -0.038268
vn -0.096593 0.000000 -0.025882
vn -0.096593 0.000000 -0.025882
vn -0.099144 0.000000 -0.013053
vn -0.100000 0.000000 -0.000000
vn -0.100000 0.000000 -0.000000
vn -0.099144 0.000000 0.013053
vn -0.096593 0.000000 0.025882
vn -0.096593 0.000000 0.025882
vn -0.092388 0.000000 0.038268
vn -0.086603 0.000000 0.050000
vn -0.086603 0.000000 0.050000
vn -0.079335 0.000000 0.060876
vn -0.070711 0.000000 0.070711
vn -0.070711 0.000000 0.070711
vn -0.050000 0.000000 0.086603
vn -0.050000 0.000000 0.086603
vn -0.070711 0.000000 0.070711
vn -0.070711 0.000000 0.070711
vn -0.079335 0.000000 0.060876
vn -0.086603 0.000000 0.050000
vn -0.086603 0.000000 0.050000
vn -0.092388 0.000000 0.038268
vn -0.096593 0.000000 0.025882
vn -0.096593 0.000000 0.025882
vn -0.099144 0.000000 0.013053
vn -0.100000 0.000000 -0.000000
vn -0.100000 0.000000 -0.000000
vn -0.000000 0.000000 -0.100000
vn -0.000000 0.000000 -0.100000
vn -0.025882 0.000000 -0.096593
vn -0.025882 0.000000 -0.096593
vn -0.050000 0.000000 -0.086603
vn -0.050000 0.000000 -0.086603
vn -0.070711 0.000000 -0.070711
vn -0.070711 0.000000 -0.070711
vn -0.086603 0.000000 -0.050000
vn -0.086603 0.000000 -0.050000
vn -0.096593 0.000000 -0.025882
vn -0.096593 0.000000 -0.025882
vn -0.100000 0.000000 -0.000000
vn -0.100000 0.000000 -0.000000
vn 0.000000 0.000000 -0.100000
vn 0.000000 0.000000 -0.100000
vn -0.100000 0.000000 0.000000
vn -0.100000 0.000000 0.000000
vn -0.100000 0.000000 0.000000
vn -0.100000 0.000000 0.000000
vn -0.100000 0.000000 0.000000
vn -0.100000 0.000000 0.000000
vn -0.100000 0.000000 0.000000
vn -0.100000 0.000000 0.000000
vn -0.100000 0.000000 0.000000
vn -0.100000 0.000000 0.000000
vn -0.100000 0.000000 0.000000
vn 0.000000 0.000000 0.100000
vn 0.000000 0.000000 0.100000
vn 0.000000 0.000000 0.100000
vn 0.013795 0.013795 0.098079
vn 0.013795 0.013795 0.098079
vn 0.027060 0.027060 0.092388
vn 0.027060 0.027060 0.092388
vn 0.039285 0.039285 0.083147
vn 0.039285 0.039285 0.083147
vn 0.050000 0.050000 0.070711
vn 0.050000 0.050000 0.070711
vn 0.058794 0.058794 0.055557
vn 0.058794 0.058794 0.055557
vn 0.065328 0.065328 0.038268
vn 0.065328 0.065328 0.038268
vn 0.069352 0.069352 0.019509
vn 0.069352 0.069352 0.019509
vn 0.070370 0.070370 0.009802
vn 0.070370 0.070370 0.009802
vn 0.070711 0.070711 0.000000
vn 0.070711 0.070711 0.000000
vn 0.000000 0.000000 0.100000
vn 0.100000 0.000000 -0.000000
vn 0.100000 0.000000 -0.000000
vn 0.100000 0.000000 -0.000000
vn 0.100000 0.000000 -0.000000
vn 0.100000 0.000000 -0.000000
vn 0.100000 0.000000 -0.000000
vn 0.100000 0.000000 -0.000000
vn 0.100000 0.000000 -0.000000
vn 0.100000 0.000000 -0.000000
vn 0.100000 0.000000 -0.000000
vn 0.100000 0.000000 -0.000000
vn 0.100000 0.000000 -0.000000
vn 0.100000 0.000000 -0.000000
vn 0.100000 0.000000 -0.000000
vn 0.100000 0.000000 -0.000000
vn 0.100000 0.000000 -0.000000
vn 0.100000 0.000000 -0.000000
vn 0.100000 0.000000 -0.000000
vn 0.100000 0.000000 -0.000000
vn 0.100000 0.000000 -0.000000
vn 0.100000 0.000000 -0.000000
vn 0.100000 0.000000 -0.000000
vn 0.100000 0.000000 -0.000000
vn 0.100000 0.000000 -0.000000
vn 0.100000 0.000000 -0.000000
vn 0.100000 0.000000 -0.000000
vn 0.100000 0.000000 -0.000000
vn 0.100000 0.000000 -0.000000
vn 0.100000 0.000000 -0.000000
vn 0.100000 0.000000 -0.000000
vn 0.070711 0.070711 0.000000
vn 0.070370 0.070370 0.009802
vn 0.070711 0.070711 0.000000
vn 0.068301 0.068301 0.025882
vn 0.069352 0.069352 0.019509
vn 0.065328 0.065328 0.038268
vn 0.061237 0.061237 0.050000
vn 0.058794 0.058794 0.055557
vn 0.050000 0.050000 0.070711
vn 0.050000 0.050000 0.070711
vn 0.039285 0.039285 0.083147
vn 0.035355 0.035355 0.086603
vn 0.027060 0.027060 0.092388
vn 0.018301 0.018301 0.096593
vn 0.013795 0.013795 0.098079
vn -0.000000 -0.000000 0.100000
vn -0.000000 -0.000000 0.100000
vn 0.000000 -0.000000 0.100000
vn 0.025882 -0.000000 0.096593
vn 0.025882 -0.000000 0.096593
vn 0.050000 -0.000000 0.086603
vn 0.050000 -0.000000 0.086603
vn 0.070711 -0.000000 0.070711
vn 0.070711 -0.000000 0.070711
vn 0.086603 -0.000000 0.050000
vn 0.086603 -0.000000 0.050000
vn 0.096593 -0.000000 0.025882
vn 0.096593 -0.000000 0.025882
vn 0.100000 -0.000000 0.000000
vn 0.100000 -0.000000 0.000000
vn 0.070711 0.070711 0.000000
vn 0.070711 0.070711 0.000000
vn 0.070711 0.070711 0.000000
vn 0.070711 0.070711 0.000000
vn 0.070711 0.070711 0.000000
vn 0.070711 0.070711 0.000000
vn 0.070711 0.070711 0.000000
vn 0.070711 0.070711 0.000000
vn 0.070711 0.070711 0.000000
vn 0.070711 0.070711 0.000000
vn 0.070711 0.070711 0.000000
vn 0.070711 0.070711 0.000000
vn 0.070711 0.070711 0.000000
vn 0.070711 0.070711 0.000000
vn 0.070711 0.070711 0.000000
vn 0.070711 0.070711 0.000000
vn 0.070711 0.070711 0.000000
vn 0.070711 0.070711 0.000000
vn 0.070711 0.070711 0.000000
vn 0.070711 0.070711 0.000000
vn 0.070711 0.070711 0.000000
vn 0.070711 0.070711 0.000000
vn 0.070711 0.070711 0.000000
vn 0.070711 0.070711 0.000000
vn 0.070711 0.070711 0.000000
vn 0.070711 0.070711 0.000000
vn 0.070711 0.070711 0.000000
vn 0.070711 0.070711 0.000000
vn 0.070711 0.070711 0.000000
vn 0.100000 0.000000 0.000000
vn 0.100000 0.000000 0.000000
vn 0.050000 0.000000 -0.086603
vn 0.070711 0.000000 -0.070711
vn 0.050000 0.000000 -0.086603
vn 0.070711 0.000000 -0.070711
vn 0.079335 0.000000 -0.060876
vn 0.086603 0.000000 -0.050000
vn 0.086603 0.000000 -0.050000
vn 0.092388 0.000000 -0.038268
vn 0.096593 0.000000 -0.025882
vn 0.096593 0.000000 -0.025882
vn 0.099144 0.000000 -0.013053
vn 0.000000 -0.100000 0.000000
vn 0.000000 -0.100000 0.000000
vn 0.000000 -0.100000 0.000000
vn 0.000000 -0.100000 0.000000
vn 0.000000 -0.100000 0.000000
vn 0.000000 -0.100000 0.000000
vn 0.000000 -0.100000 0.000000
vn 0.000000 -0.100000 0.000000
vn 0.000000 -0.100000 0.000000
vn 0.000000 -0.100000 0.000000
vn 0.000000 -0.100000 0.000000
vn 0.000000 -0.100000 0.000000
vn 0.000000 -0.100000 0.000000
vn 0.000000 -0.100000 0.000000
vn 0.000000 -0.100000 0.000000
vn 0.000000 -0.100000 0.000000
vn 0.000000 -0.100000 0.000000
vn 0.000000 -0.100000 0.000000
vn 0.000000 -0.100000 0.000000
vn 0.000000 -0.100000 0.000000
vn 0.000000 -0.100000 0.000000
vn 0.000000 -0.100000 0.000000
vn 0.000000 -0.100000 0.000000
vn 0.000000 -0.100000 0.000000
vn 0.000000 -0.100000 0.000000
vn 0.000000 -0.100000 0.000000
vn 0.000000 -0.100000 0.000000
vn 0.000000 -0.100000 0.000000
vn 0.000000 -0.100000 0.000000
vn 0.000000 -0.100000 0.000000
vn 0.000000 -0.100000 0.000000
vn 0.000000 -0.100000 0.000000
vn 0.000000 -0.100000 0.000000
vn 0.050000 -0.000000 0.086603
vn 0.050000 -0.000000 0.086603
vn 0.070711 -0.000000 0.070711
vn 0.070711 -0.000000 0.070711
vn 0.079335 -0.000000 0.060876
vn 0.086603 -0.000000 0.050000
vn 0.086603 -0.000000 0.050000
vn 0.092388 -0.000000 0.038268
vn 0.096593 -0.000000 0.025882
vn 0.096593 -0.000000 0.025882
vn 0.099144 -0.000000 0.013053
vn 0.100000 -0.000000 0.000000
vn 0.100000 -0.000000 0.000000
vn 0.100000 0.000000 0.000000
vn 0.100000 0.000000 0.000000
vn 0.100000 0.000000 0.000000
vn 0.100000 0.000000 0.000000
vn 0.100000 0.000000 0.000000
vn 0.100000 0.000000 0.000000
vn 0.100000 0.000000 0.000000
vn 0.100000 0.000000 0.000000
vn 0.100000 0.000000 0.000000
vn 0.100000 0.000000 0.000000
vn 0.100000 0.000000 0.000000
vn 0.100000 0.000000 0.000000
vn 0.100000 0.000000 0.000000
vn 0.096593 0.000000 -0.025882
vn 0.096593 0.000000 -0.025882
vn 0.086603 0.000000 -0.050000
vn 0.086603 0.000000 -0.050000
vn 0.070711 0.000000 -0.070711
vn 0.070711 0.000000 -0.070711
vn 0.050000 0.000000 -0.086603
vn 0.050000 0.000000 -0.086603
vn 0.025882 0.000000 -0.096593
vn 0.025882 0.000000 -0.096593
vn 0.000000 0.000000 -0.100000
vn 0.000000 0.000000 -0.100000
vn 0.000000 0.000000 -0.100000
vn 0.000000 0.000000 -0.100000
vn 0.070711 0.000000 -0.070711
vn 0.070711 0.000000 -0.070711
vn 0.079335 0.000000 -0.060876
vn 0.086603 0.000000 -0.050000
vn 0.086603 0.000000 -0.050000
vn 0.092388 0.000000 -0.038268
vn 0.096593 0.000000 -0.025882
vn 0.096593 0.000000 -0.025882
vn 0.099144 0.000000 -0.013053
vn 0.100000 0.000000 -0.000000
vn 0.100000 0.000000 -0.000000
vn 0.099144 0.000000 0.013053
vn 0.096593 0.000000 0.025882
vn 0.096593 0.000000 0.025882
vn 0.092388 0.000000 0.038268
vn 0.086603 0.000000 0.050000
vn 0.086603 0.000000 0.050000
vn 0.079335 0.000000 0.060876
vn 0.070711 0.000000 0.070711
vn 0.070711 0.000000 0.070711
vn 0.000000 0.000000 0.100000
vn 0.000000 0.000000 0.100000
vn 0.000000 0.000000 0.100000
vn 0.013795 0.013795 0.098079
vn 0.013795 0.013795 0.098079
vn 0.027060 0.027060 0.092388
vn 0.027060 0.027060 0.092388
vn 0.039285 0.039285 0.083147
vn 0.039285 0.039285 0.083147
vn 0.050000 0.050000 0.070711
vn 0.050000 0.050000 0.070711
vn 0.058794 0.058794 0.055557
vn 0.058794 0.058794 0.055557
vn 0.065328 0.065328 0.038268
vn 0.065328 0.065328 0.038268
vn 0.069352 0.069352 0.019509
vn 0.069352 0.069352 0.019509
vn 0.070370 0.070370 0.009802
vn 0.070370 0.070370 0.009802
vn 0.070711 0.070711 0.000000
vn 0.070711 0.070711 0.000000
vn 0.000000 0.000000 0.100000
vn 0.070711 0.070711 0.000000
vn 0.070370 0.070370 0.009802
vn 0.070711 0.070711 0.000000
vn 0.068301 0.068301 0.025882
vn 0.069352 0.069352 0.019509
vn 0.065328 0.065328 0.038268
vn 0.061237 0.061237 0.050000
vn 0.058794 0.058794 0.055557
vn 0.050000 0.050000 0.070711
vn 0.050000 0.050000 0.070711
vn 0.039285 0.039285 0.083147
vn 0.035355 0.035355 0.086603
vn 0.027060 0.027060 0.092388
vn 0.018301 0.018301 0.096593
vn 0.013795 0.013795 0.098079
vn 0.000000 0.000000 0.100000
vn 0.000000 0.000000 0.100000
vn 0.000000 -0.000000 0.100000
vn 0.025882 -0.000000 0.096593
vn 0.025882 -0.000000 0.096593
vn 0.050000 -0.000000 0.086603
vn 0.050000 -0.000000 0.086603
vn 0.070711 -0.000000 0.070711
vn 0.070711 -0.000000 0.070711
vn 0.086603 -0.000000 0.050000
vn 0.086603 -0.000000 0.050000
vn 0.096593 -0.000000 0.025882
vn 0.096593 -0.000000 0.025882
vn 0.100000 -0.000000 0.000000
vn 0.100000 -0.000000 0.000000
vn 0.070711 0.070711 0.000000
vn 0.070711 0.070711 0.000000
vn 0.070711 0.070711 0.000000
vn 0.070711 0.070711 0.000000
vn 0.070711 0.070711 0.000000
vn 0.070711 0.070711 0.000000
vn 0.070711 0.070711 0.000000
vn 0.070711 0.070711 0.000000
vn 0.070711 0.070711 0.000000
vn 0.070711 0.070711 0.000000
vn 0.070711 0.070711 0.000000
vn 0.070711 0.070711 0.000000
vn 0.070711 0.070711 0.000000
vn 0.070711 0.070711 0.000000
vn 0.070711 0.070711 0.000000
vn 0.070711 0.070711 0.000000
vn 0.070711 0.070711 0.000000
vn 0.070711 0.070711 0.000000
vn 0.070711 0.070711 0.000000
vn 0.070711 0.070711 0.000000
vn 0.070711 0.070711 0.000000
vn 0.070711 0.070711 0.000000
vn 0.070711 0.070711 0.000000
vn 0.070711 0.070711 0.000000
vn 0.070711 0.070711 0.000000
vn 0.070711 0.070711 0.000000
vn 0.070711 0.070711 0.000000
vn 0.070711 0.070711 0.000000
vn 0.070711 0.070711 0.000000
vn 0.100000 0.000000 0.000000
vn 0.100000 0.000000 0.000000
vn 0.050000 0.000000 -0.086603
vn 0.070711 0.000000 -0.070711
vn 0.050000 0.000000 -0.086603
vn 0.070711 0.000000 -0.070711
vn 0.079335 0.000000 -0.060876
vn 0.086603 0.000000 -0.050000
vn 0.086603 0.000000 -0.050000
vn 0.092388 0.000000 -0.038268
vn 0.096593 0.000000 -0.025882
vn 0.096593 0.000000 -0.025882
vn 0.099144 0.000000 -0.013053
vn 0.000000 -0.100000 0.000000
vn 0.000000 -0.100000 0.000000
vn 0.000000 -0.100000 0.000000
vn 0.000000 -0.100000 0.000000
vn 0.000000 -0.100000 0.000000
vn 0.000000 -0.100000 0.000000
vn 0.000000 -0.100000 0.000000
vn 0.000000 -0.100000 0.000000
vn 0.000000 -0.100000 0.000000
vn 0.000000 -0.100000 0.000000
vn 0.000000 -0.100000 0.000000
vn 0.000000 -0.100000 0.000000
vn 0.000000 -0.100000 0.000000
vn 0.000000 -0.100000 0.000000
vn 0.000000 -0.100000 0.000000
vn 0.000000 -0.100000 0.000000
vn 0.000000 -0.100000 0.000000
vn 0.000000 -0.100000 0.000000
vn 0.000000 -0.100000 0.000000
vn 0.000000 -0.100000 0.000000
vn 0.000000 -0.100000 0.000000
vn 0.000000 -0.100000 0.000000
vn 0.000000 -0.100000 0.000000
vn 0.000000 -0.100000 0.000000
vn 0.000000 -0.100000 0.000000
vn 0.000000 -0.100000 0.000000
vn 0.000000 -0.100000 0.000000
vn 0.000000 -0.100000 0.000000
vn 0.000000 -0.100000 0.000000
vn 0.000000 -0.100000 0.000000
vn 0.000000 -0.100000 0.000000
vn 0.000000 -0.100000 0.000000
vn 0.000000 -0.100000 0.000000
vn 0.050000 -0.000000 0.086603
vn 0.050000 -0.000000 0.086603
vn 0.070711 -0.000000 0.070711
vn 0.070711 -0.000000 0.070711
vn 0.079335 -0.000000 0.060876
vn 0.086603 -0.000000 0.050000
vn 0.086603 -0.000000 0.050000
vn 0.092388 -0.000000 0.038268
vn 0.096593 -0.000000 0.025882
vn 0.096593 -0.000000 0.025882
vn 0.099144 -0.000000 0.013053
vn 0.100000 -0.000000 0.000000
vn 0.100000 -0.000000 0.000000
vn 0.100000 0.000000 0.000000
vn 0.100000 0.000000 0.000000
vn 0.100000 0.000000 0.000000
vn 0.100000 0.000000 0.000000
vn 0.100000 0.000000 0.000000
vn 0.100000 0.000000 0.000000
vn 0.100000 0.000000 0.000000
vn 0.100000 0.000000 0.000000
vn 0.100000 0.000000 0.000000
vn 0.100000 0.000000 0.000000
vn 0.100000 0.000000 0.000000
vn 0.100000 0.000000 0.000000
vn 0.100000 0.000000 0.000000
vn 0.096593 0.000000 -0.025882
vn 0.096593 0.000000 -0.025882
vn 0.086603 0.000000 -0.050000
vn 0.086603 0.000000 -0.050000
vn 0.070711 0.000000 -0.070711
vn 0.070711 0.000000 -0.070711
vn 0.050000 0.000000 -0.086603
vn 0.050000 0.000000 -0.086603
vn 0.025882 0.000000 -0.096593
vn 0.025882 0.000000 -0.096593
vn 0.000000 0.000000 -0.100000
vn 0.000000 0.000000 -0.100000
vn 0.000000 0.000000 -0.100000
vn 0.000000 0.000000 -0.100000
vn 0.070711 0.000000 -0.070711
vn 0.070711 0.000000 -0.070711
vn 0.079335 0.000000 -0.060876
vn 0.086603 0.000000 -0.050000
vn 0.086603 0.000000 -0.050000
vn 0.092388 0.000000 -0.038268
vn 0.096593 0.000000 -0.025882
vn 0.096593 0.000000 -0.025882
vn 0.099144 0.000000 -0.013053
vn 0.100000 0.000000 -0.000000
vn 0.100000 0.000000 -0.000000
vn 0.099144 0.000000 0.013053
vn 0.096593 0.000000 0.025882
vn 0.096593 0.000000 0.025882
vn 0.092388 0.000000 0.038268
vn 0.086603 0.000000 0.050000
vn 0.086603 0.000000 0.050000
vn 0.079335 0.000000 0.060876
vn 0.070711 0.000000 0.070711
vn 0.070711 0.000000 0.070711
vn 0.000000 0.000000 0.100000
vn -0.100000 0.000000 -0.000000
vn -0.100000 0.000000 -0.000000
vn -0.098079 0.000000 -0.019509
vn -0.098079 0.000000 -0.019509
vn -0.092388 0.000000 -0.038268
vn -0.092388 0.000000 -0.038268
vn -0.083147 0.000000 -0.055557
vn -0.083147 0.000000 -0.055557
vn -0.070711 0.000000 -0.070711
vn -0.070711 0.000000 -0.070711
vn -0.055557 0.000000 -0.083147
vn -0.055557 0.000000 -0.083147
vn -0.038268 0.000000 -0.092388
vn -0.038268 0.000000 -0.092388
vn -0.019509 0.000000 -0.098079
vn -0.019509 0.000000 -0.098079
vn -0.000000 0.000000 -0.100000
vn -0.000000 0.000000 -0.100000
vn -0.019509 0.000000 -0.098079
vn -0.038268 0.000000 -0.092388
vn -0.055557 0.000000 -0.083147
vn -0.070711 0.000000 -0.070711
vn -0.083147 0.000000 -0.055557
vn -0.092388 0.000000 -0.038268
vn -0.098079 0.000000 -0.019509
vn -0.100000 0.000000 0.000000
vn -0.100000 0.000000 0.000000
vn -0.000000 0.000000 0.100000
vn -0.000000 0.000000 0.100000
vn -0.019509 0.000000 0.098079
vn -0.019509 0.000000 0.098079
vn -0.038268 0.000000 0.092388
vn -0.038268 0.000000 0.092388
vn -0.055557 0.000000 0.083147
vn -0.055557 0.000000 0.083147
vn -0.070711 0.000000 0.070711
vn -0.070711 0.000000 0.070711
vn -0.083147 0.000000 0.055557
vn -0.083147 0.000000 0.055557
vn -0.092388 0.000000 0.038268
vn -0.092388 0.000000 0.038268
vn -0.098079 0.000000 0.019509
vn -0.098079 0.000000 0.019509
vn -0.098079 0.000000 0.019509
vn -0.092388 0.000000 0.038268
vn -0.083147 0.000000 0.055557
vn -0.070711 0.000000 0.070711
vn -0.055557 0.000000 0.083147
vn -0.038268 0.000000 0.092388
vn -0.019509 0.000000 0.098079
vn 0.000000 -0.000000 0.100000
vn 0.000000 -0.000000 0.100000
vn 0.000000 0.000000 -0.100000
vn 0.000000 0.000000 -0.100000
vn 0.019509 0.000000 -0.098079
vn 0.019509 0.000000 -0.098079
vn 0.038268 0.000000 -0.092388
vn 0.038268 0.000000 -0.092388
vn 0.055557 0.000000 -0.083147
vn 0.055557 0.000000 -0.083147
vn 0.070711 0.000000 -0.070711
vn 0.070711 0.000000 -0.070711
vn 0.083147 0.000000 -0.055557
vn 0.083147 0.000000 -0.055557
vn 0.092388 0.000000 -0.038268
vn 0.092388 0.000000 -0.038268
vn 0.098079 0.000000 -0.019509
vn 0.098079 0.000000 -0.019509
vn 0.100000 0.000000 0.000000
vn 0.100000 0.000000 0.000000
vn 0.098079 0.000000 -0.019509
vn 0.092388 0.000000 -0.038268
vn 0.083147 0.000000 -0.055557
vn 0.070711 0.000000 -0.070711
vn 0.055557 0.000000 -0.083147
vn 0.038268 0.000000 -0.092388
vn 0.019509 0.000000 -0.098079
vn 0.100000 -0.000000 0.000000
vn 0.100000 -0.000000 0.000000
vn 0.098079 -0.000000 0.019509
vn 0.098079 -0.000000 0.019509
vn 0.092388 -0.000000 0.038268
vn 0.092388 -0.000000 0.038268
vn 0.083147 -0.000000 0.055557
vn 0.083147 -0.000000 0.055557
vn 0.070711 -0.000000 0.070711
vn 0.070711 -0.000000 0.070711
vn 0.055557 -0.000000 0.083147
vn 0.055557 -0.000000 0.083147
vn 0.038268 -0.000000 0.092388
vn 0.038268 -0.000000 0.092388
vn 0.019509 -0.000000 0.098079
vn 0.019509 -0.000000 0.098079
vn 0.019509 -0.000000 0.098079
vn 0.038268 -0.000000 0.092388
vn 0.055557 -0.000000 0.083147
vn 0.070711 -0.000000 0.070711
vn 0.083147 -0.000000 0.055557
vn 0.092388 -0.000000 0.038268
vn 0.098079 -0.000000 0.019509
vn -0.098079 0.000000 0.019509
vn -0.098079 0.000000 0.019509
vn -0.092388 0.000000 0.038268
vn -0.092388 0.000000 0.038268
vn -0.083147 0.000000 0.055557
vn -0.083147 0.000000 0.055557
vn -0.070711 0.000000 0.070711
vn -0.070711 0.000000 0.070711
vn -0.055557 0.000000 0.083147
vn -0.055557 0.000000 0.083147
vn -0.038268 0.000000 0.092388
vn -0.038268 0.000000 0.092388
vn -0.019509 0.000000 0.098079
vn -0.019509 0.000000 0.098079
vn -0.000000 0.000000 0.100000
vn -0.000000 0.000000 0.100000
vn -0.019509 0.000000 0.098079
vn -0.038268 0.000000 0.092388
vn -0.055557 0.000000 0.083147
vn -0.070711 0.000000 0.070711
vn -0.083147 0.000000 0.055557
vn -0.092388 0.000000 0.038268
vn -0.098079 0.000000 0.019509
vn 0.000000 -0.000000 0.100000
vn 0.000000 -0.000000 0.100000
vn -0.000000 0.000000 -0.100000
vn -0.000000 0.000000 -0.100000
vn -0.019509 0.000000 -0.098079
vn -0.019509 0.000000 -0.098079
vn -0.038268 0.000000 -0.092388
vn -0.038268 0.000000 -0.092388
vn -0.055557 0.000000 -0.083147
vn -0.055557 0.000000 -0.083147
vn -0.070711 0.000000 -0.070711
vn -0.070711 0.000000 -0.070711
vn -0.083147 0.000000 -0.055557
vn -0.083147 0.000000 -0.055557
vn -0.092388 0.000000 -0.038268
vn -0.092388 0.000000 -0.038268
vn -0.098079 0.000000 -0.019509
vn -0.098079 0.000000 -0.019509
vn -0.098079 0.000000 -0.019509
vn -0.092388 0.000000 -0.038268
vn -0.083147 0.000000 -0.055557
vn -0.070711 0.000000 -0.070711
vn -0.055557 0.000000 -0.083147
vn -0.038268 0.000000 -0.092388
vn -0.019509 0.000000 -0.098079
vn 0.000000 -0.100000 0.000000
vn 0.000000 -0.100000 0.000000
vn 0.000000 -0.100000 0.000000
vn 0.000000 -0.100000 0.000000
vn 0.000000 -0.100000 0.000000
vn 0.000000 -0.100000 0.000000
vn 0.000000 -0.100000 0.000000
vn 0.000000 -0.100000 0.000000
vn 0.000000 -0.100000 0.000000
vn 0.000000 -0.100000 0.000000
vn 0.000000 -0.100000 0.000000
vn 0.000000 -0.100000 0.000000
vn 0.000000 -0.100000 0.000000
vn 0.000000 -0.100000 0.000000
vn 0.000000 -0.100000 0.000000
vn 0.000000 -0.100000 0.000000
vn 0.000000 -0.100000 0.000000
vn 0.000000 -0.100000 0.000000
vn 0.000000 -0.100000 0.000000
vn 0.000000 -0.100000 0.000000
vn 0.000000 -0.100000 0.000000
vn 0.000000 -0.100000 0.000000
vn 0.000000 -0.100000 0.000000
vn 0.000000 -0.100000 0.000000
vn 0.000000 -0.100000 0.000000
vn 0.000000 -0.100000 0.000000
vn 0.000000 -0.100000 0.000000
vn 0.000000 -0.100000 0.000000
vn 0.000000 -0.100000 0.000000
vn 0.000000 -0.100000 0.000000
vn 0.000000 -0.100000 0.000000
vn 0.000000 -0.100000 0.000000
vn 0.000000 -0.100000 0.000000
vn 0.000000 -0.100000 0.000000
vn 0.000000 -0.100000 0.000000
vn 0.000000 -0.100000 0.000000
vn 0.000000 -0.100000 0.000000
vn 0.000000 -0.100000 0.000000
vn 0.000000 -0.100000 0.000000
vn 0.000000 -0.100000 0.000000
vn -0.000000 0.000000 -0.100000
vn -0.000000 0.000000 -0.100000
vn -0.000000 0.000000 -0.100000
vn -0.000000 0.000000 -0.100000
vn -0.000000 0.000000 -0.100000
vn -0.000000 0.000000 -0.100000
vn -0.000000 0.000000 -0.100000
vn -0.000000 0.000000 -0.100000
vn -0.000000 0.000000 -0.100000
vn -0.000000 0.000000 -0.100000
vn 0.019509 -0.000000 0.098079
vn 0.019509 -0.000000 0.098079
vn 0.038268 -0.000000 0.092388
vn 0.038268 -0.000000 0.092388
vn 0.055557 -0.000000 0.083147
vn 0.055557 -0.000000 0.083147
vn 0.070711 -0.000000 0.070711
vn 0.070711 -0.000000 0.070711
vn 0.083147 -0.000000 0.055557
vn 0.083147 -0.000000 0.055557
vn 0.092388 -0.000000 0.038268
vn 0.092388 -0.000000 0.038268
vn 0.098079 -0.000000 0.019509
vn 0.098079 -0.000000 0.019509
vn 0.098079 -0.000000 0.019509
vn 0.092388 -0.000000 0.038268
vn 0.083147 -0.000000 0.055557
vn 0.070711 -0.000000 0.070711
vn 0.055557 -0.000000 0.083147
vn 0.038268 -0.000000 0.092388
vn 0.019509 -0.000000 0.098079
vn 0.098079 0.000000 -0.019509
vn 0.098079 0.000000 -0.019509
vn 0.092388 0.000000 -0.038268
vn 0.092388 0.000000 -0.038268
vn 0.083147 0.000000 -0.055557
vn 0.083147 0.000000 -0.055557
vn 0.070711 0.000000 -0.070711
vn 0.070711 0.000000 -0.070711
vn 0.055557 0.000000 -0.083147
vn 0.055557 0.000000 -0.083147
vn 0.038268 0.000000 -0.092388
vn 0.038268 0.000000 -0.092388
vn 0.019509 0.000000 -0.098079
vn 0.019509 0.000000 -0.098079
vn 0.019509 0.000000 -0.098079
vn 0.038268 0.000000 -0.092388
vn 0.055557 0.000000 -0.083147
vn 0.070711 0.000000 -0.070711
vn 0.083147 0.000000 -0.055557
vn 0.092388 0.000000 -0.038268
vn 0.098079 0.000000 -0.019509
vn 0.100000 0.000000 0.000000
vn 0.100000 0.000000 0.000000
vn 0.100000 0.000000 0.000000
vn 0.100000 0.000000 0.000000
vn 0.000000 0.000000 -0.100000
vn 0.000000 0.000000 -0.100000
vn 0.000000 0.000000 -0.100000
vn 0.000000 0.000000 -0.100000
vn -0.100000 0.000000 0.000000
vn -0.100000 0.000000 0.000000
vn -0.100000 0.000000 0.000000
vn -0.100000 0.000000 0.000000
vn 0.100000 0.000000 0.000000
vn 0.100000 0.000000 0.000000
vn 0.100000 0.000000 0.000000
vn 0.100000 0.000000 0.000000
vn 0.000000 0.000000 0.100000
vn 0.000000 0.000000 0.100000
vn 0.000000 0.000000 0.100000
vn 0.000000 0.000000 0.100000
vn -0.100000 0.000000 0.000000
vn -0.100000 0.000000 0.000000
vn -0.100000 0.000000 0.000000
vn -0.100000 0.000000 0.000000
vn 0.000000 -0.100000 0.000000
vn 0.000000 -0.100000 0.000000
vn 0.000000 -0.100000 0.000000
vn 0.000000 -0.100000 0.000000
vn 0.000000 -0.100000 0.000000
vn 0.000000 -0.100000 0.000000
vn 0.000000 -0.100000 0.000000
vn 0.000000 -0.100000 0.000000
vn 0.000000 -0.100000 0.000000
vn 0.000000 -0.100000 0.000000
vn 0.000000 -0.100000 0.000000
vn 0.000000 -0.100000 0.000000
vn 0.000000 0.100000 0.000000
vn 0.000000 0.100000 0.000000
vn 0.000000 0.100000 0.000000
vn 0.000000 0.100000 0.000000
vn 0.000000 0.100000 0.000000
vn 0.000000 0.100000 0.000000
vn 0.000000 0.100000 0.000000
vn 0.000000 0.100000 0.000000
vn 0.000000 0.100000 0.000000
vn 0.000000 0.100000 0.000000
vn 0.000000 0.100000 0.000000
vn 0.000000 0.100000 0.000000
vn 0.000000 0.100000 0.000000
vn 0.000000 0.100000 0.000000
vn 0.000000 0.100000 0.000000
vn 0.000000 0.100000 0.000000
vn 0.000000 0.100000 0.000000
vn 0.000000 0.100000 0.000000
vn 0.000000 0.100000 0.000000
vn 0.000000 0.100000 0.000000
vn 0.000000 0.100000 0.000000
vn 0.000000 0.100000 0.000000
vn 0.000000 0.100000 0.000000
vn 0.000000 0.100000 0.000000
vn 0.000000 0.100000 0.000000
vn 0.000000 0.100000 0.000000
vn 0.000000 0.100000 0.000000
vn 0.000000 0.100000 0.000000
vn 0.000000 0.100000 0.000000
vn 0.000000 0.100000 0.000000
vn 0.000000 0.100000 0.000000
vn 0.000000 0.100000 0.000000
vn 0.000000 0.100000 0.000000
vn 0.000000 0.100000 0.000000
vn 0.000000 0.100000 0.000000
vn 0.000000 0.100000 0.000000
usemtl Steel_-_Satin
f 20/1/1 1/2/2 19/3/3
f 19/3/3 1/2/2 2/4/4
f 19/3/3 2/4/4 18/5/5
f 18/5/5 2/4/4 3/6/6
f 18/5/5 3/6/6 4/7/7
f 18/5/5 4/7/7 17/8/8
f 17/8/8 4/7/7 5/9/9
f 17/8/8 5/9/9 16/10/10
f 16/10/10 5/9/9 15/11/11
f 15/11/11 5/9/9 6/12/12
f 15/11/11 6/12/12 14/13/13
f 14/13/13 6/12/12 7/14/14
f 14/13/13 7/14/14 8/15/15
f 14/13/13 8/15/15 13/16/16
f 13/16/16 8/15/15 9/17/17
f 13/16/16 9/17/17 12/18/18
f 12/18/18 9/17/17 11/19/19
f 11/19/19 9/17/17 10/20/20
f 20/21/1 31/22/21 1/23/2
f 1/23/2 31/22/21 32/24/22
f 1/23/2 32/24/22 33/25/23
f 21/26/24 25/27/25 20/21/1
f 20/21/1 25/27/25 26/28/26
f 20/21/1 26/28/26 27/29/27
f 22/30/28 23/31/29 21/26/24
f 21/26/24 23/31/29 24/32/30
f 21/26/24 24/32/30 25/27/25
f 27/29/27 28/33/31 20/21/1
f 20/21/1 28/33/31 29/34/32
f 20/21/1 29/34/32 30/35/33
f 30/35/33 31/22/21 20/21/1
f 33/25/23 34/36/34 1/23/2
f 1/23/2 34/36/34 35/37/35
f 1/23/2 35/37/35 51/38/36
f 51/38/36 35/37/35 36/39/37
f 51/38/36 36/39/37 37/40/38
f 37/40/38 38/41/39 51/38/36
f 51/38/36 38/41/39 39/42/40
f 51/38/36 39/42/40 50/43/41
f 50/43/41 39/42/40 40/44/42
f 50/43/41 40/44/42 41/45/43
f 41/45/43 42/46/44 50/43/41
f 50/43/41 42/46/44 43/47/45
f 50/43/41 43/47/45 44/48/46
f 44/48/46 45/49/47 50/43/41
f 50/43/41 45/49/47 49/50/48
f 49/50/48 45/49/47 46/51/49
f 49/50/48 46/51/49 47/52/50
f 47/52/50 48/53/51 49/50/48
f 11/54/19 10/55/20 52/56/52
f 9/57/53 8/58/54 10/59/55
f 10/59/55 8/58/54 7/60/56
f 10/59/55 7/60/56 6/61/57
f 10/59/55 6/61/57 52/62/58
f 52/62/58 6/61/57 5/63/59
f 52/62/58 5/63/59 4/64/60
f 4/64/60 3/65/61 52/62/58
f 52/62/58 3/65/61 2/66/62
f 52/62/58 2/66/62 1/67/63
f 1/67/63 51/68/64 52/62/58
f 52/62/58 51/68/64 174/69/65
f 52/62/58 174/69/65 156/70/66
f 156/70/66 174/69/65 175/71/67
f 156/70/66 175/71/67 137/72/68
f 137/72/68 175/71/67 136/73/69
f 136/73/69 175/71/67 135/74/70
f 135/74/70 175/71/67 134/75/71
f 134/75/71 175/71/67 133/76/72
f 133/76/72 175/71/67 128/77/73
f 133/76/72 128/77/73 132/78/74
f 132/78/74 128/77/73 131/79/75
f 131/79/75 128/77/73 130/80/76
f 130/80/76 128/77/73 129/81/77
f 51/68/64 53/82/78 174/69/65
f 174/69/65 53/82/78 54/83/79
f 174/69/65 54/83/79 55/84/80
f 174/69/65 55/84/80 173/85/81
f 173/85/81 55/84/80 56/86/82
f 173/85/81 56/86/82 172/87/83
f 172/87/83 56/86/82 57/88/84
f 172/87/83 57/88/84 171/89/85
f 171/89/85 57/88/84 58/90/86
f 171/89/85 58/90/86 170/91/87
f 170/91/87 58/90/86 59/92/88
f 170/91/87 59/92/88 169/93/89
f 169/93/89 59/92/88 168/94/90
f 168/94/90 59/92/88 60/95/91
f 168/94/90 60/95/91 167/96/92
f 167/96/92 60/95/91 166/97/93
f 166/97/93 60/95/91 61/98/94
f 166/97/93 61/98/94 62/99/95
f 166/97/93 62/99/95 165/100/96
f 165/100/96 62/99/95 63/101/97
f 165/100/96 63/101/97 164/102/98
f 164/102/98 63/101/97 163/103/99
f 163/103/99 63/101/97 64/104/100
f 163/103/99 64/104/100 162/105/101
f 162/105/101 64/104/100 161/106/102
f 161/106/102 64/104/100 65/107/103
f 161/106/102 65/107/103 160/108/104
f 160/108/104 65/107/103 66/109/105
f 160/108/104 66/109/105 159/110/106
f 159/110/106 66/109/105 67/111/107
f 159/110/106 67/111/107 158/112/108
f 158/112/108 67/111/107 68/113/109
f 158/112/108 68/113/109 157/114/110
f 157/114/110 68/113/109 69/115/111
f 157/114/110 69/115/111 70/116/112
f 70/116/112 71/117/113 157/114/110
f 157/114/110 71/117/113 82/118/114
f 157/114/110 82/118/114 83/119/115
f 71/117/113 72/120/116 82/118/114
f 82/118/114 72/120/116 73/121/117
f 82/118/114 73/121/117 74/122/118
f 74/122/118 75/123/119 82/118/114
f 82/118/114 75/123/119 76/124/120
f 82/118/114 76/124/120 77/125/121
f 82/118/114 77/125/121 81/126/122
f 81/126/122 77/125/121 78/127/123
f 81/126/122 78/127/123 79/128/124
f 79/128/124 80/129/125 81/126/122
f 84/130/126 102/131/127 83/119/115
f 83/119/115 102/131/127 192/132/128
f 83/119/115 192/132/128 157/114/110
f 102/131/127 84/130/126 91/133/129
f 91/133/129 84/130/126 85/134/130
f 91/133/129 85/134/130 86/135/131
f 86/135/131 87/136/132 91/133/129
f 91/133/129 87/136/132 88/137/133
f 91/133/129 88/137/133 89/138/134
f 89/138/134 90/139/135 91/133/129
f 91/133/129 92/140/136 102/131/127
f 102/131/127 92/140/136 93/141/137
f 102/131/127 93/141/137 94/142/138
f 94/142/138 95/143/139 102/131/127
f 102/131/127 95/143/139 96/144/140
f 102/131/127 96/144/140 97/145/141
f 102/131/127 97/145/141 101/146/142
f 101/146/142 97/145/141 98/147/143
f 101/146/142 98/147/143 99/148/144
f 99/148/144 100/149/145 101/146/142
f 102/131/127 103/150/146 192/132/128
f 192/132/128 103/150/146 104/151/147
f 192/132/128 104/151/147 105/152/148
f 105/152/148 106/153/149 192/132/128
f 192/132/128 106/153/149 111/154/150
f 192/132/128 111/154/150 112/155/151
f 106/153/149 107/156/152 111/154/150
f 111/154/150 107/156/152 108/157/153
f 111/154/150 108/157/153 109/158/154
f 109/158/154 110/159/155 111/154/150
f 112/155/151 113/160/156 192/132/128
f 192/132/128 113/160/156 191/161/157
f 191/161/157 113/160/156 114/162/158
f 191/161/157 114/162/158 190/163/159
f 190/163/159 114/162/158 115/164/160
f 190/163/159 115/164/160 189/165/161
f 189/165/161 115/164/160 116/166/162
f 189/165/161 116/166/162 188/167/163
f 188/167/163 116/166/162 117/168/164
f 188/167/163 117/168/164 187/169/165
f 187/169/165 117/168/164 186/170/166
f 186/170/166 117/168/164 118/171/167
f 186/170/166 118/171/167 185/172/168
f 185/172/168 118/171/167 184/173/169
f 184/173/169 118/171/167 119/174/170
f 184/173/169 119/174/170 120/175/171
f 184/173/169 120/175/171 183/176/172
f 183/176/172 120/175/171 121/177/173
f 183/176/172 121/177/173 182/178/174
f 182/178/174 121/177/173 181/179/175
f 181/179/175 121/177/173 122/180/176
f 181/179/175 122/180/176 180/181/177
f 180/181/177 122/180/176 179/182/178
f 179/182/178 122/180/176 123/183/179
f 179/182/178 123/183/179 178/184/180
f 178/184/180 123/183/179 124/185/181
f 178/184/180 124/185/181 177/186/182
f 177/186/182 124/185/181 125/187/183
f 177/186/182 125/187/183 176/188/184
f 176/188/184 125/187/183 126/189/185
f 176/188/184 126/189/185 175/71/67
f 175/71/67 126/189/185 127/190/186
f 175/71/67 127/190/186 128/77/73
f 138/191/187 142/192/188 137/72/68
f 137/72/68 142/192/188 143/193/189
f 137/72/68 143/193/189 144/194/190
f 139/195/191 140/196/192 138/191/187
f 138/191/187 140/196/192 141/197/193
f 138/191/187 141/197/193 142/192/188
f 144/194/190 145/198/194 137/72/68
f 137/72/68 145/198/194 146/199/195
f 137/72/68 146/199/195 147/200/196
f 147/200/196 148/201/197 137/72/68
f 137/72/68 148/201/197 155/202/198
f 137/72/68 155/202/198 156/70/66
f 149/203/199 150/204/200 148/201/197
f 148/201/197 150/204/200 151/205/201
f 148/201/197 151/205/201 152/206/202
f 152/206/202 153/207/203 148/201/197
f 148/201/197 153/207/203 154/208/204
f 148/201/197 154/208/204 155/202/198
f 50/209/205 193/210/206 205/211/207
f 205/211/207 193/210/206 194/212/208
f 205/211/207 194/212/208 204/213/209
f 204/213/209 194/212/208 195/214/210
f 204/213/209 195/214/210 203/215/211
f 203/215/211 195/214/210 196/216/212
f 203/215/211 196/216/212 202/217/213
f 202/217/213 196/216/212 197/218/214
f 202/217/213 197/218/214 201/219/215
f 201/219/215 197/218/214 198/220/216
f 201/219/215 198/220/216 200/221/217
f 200/221/217 198/220/216 199/222/218
f 206/223/219 207/224/220 200/225/217
f 200/225/217 207/224/220 201/226/221
f 201/226/221 207/224/220 208/227/222
f 201/226/221 208/227/222 202/228/223
f 202/228/223 208/227/222 209/229/224
f 202/228/223 209/229/224 203/230/225
f 203/230/225 209/229/224 210/231/226
f 203/230/225 210/231/226 211/232/227
f 203/230/225 211/232/227 204/233/228
f 204/233/228 211/232/227 212/234/229
f 204/233/228 212/234/229 205/235/230
f 205/235/230 212/234/229 213/236/231
f 205/235/230 213/236/231 214/237/232
f 51/238/36 50/239/41 214/237/232
f 214/237/232 50/239/41 205/235/230
f 240/240/233 215/241/234 225/242/235
f 225/242/235 215/241/234 216/243/236
f 225/242/235 216/243/236 199/244/237
f 198/245/238 223/246/239 199/244/237
f 199/244/237 223/246/239 224/247/240
f 199/244/237 224/247/240 225/242/235
f 223/246/239 198/245/238 222/248/241
f 222/248/241 198/245/238 197/249/242
f 222/248/241 197/249/242 221/250/243
f 221/250/243 197/249/242 196/251/244
f 221/250/243 196/251/244 220/252/245
f 220/252/245 196/251/244 219/253/246
f 219/253/246 196/251/244 195/254/247
f 219/253/246 195/254/247 218/255/248
f 218/255/248 195/254/247 194/256/249
f 218/255/248 194/256/249 217/257/250
f 217/257/250 194/256/249 193/258/251
f 225/242/235 226/259/252 240/240/233
f 240/240/233 226/259/252 227/260/253
f 240/240/233 227/260/253 239/261/254
f 239/261/254 227/260/253 228/262/255
f 239/261/254 228/262/255 238/263/256
f 238/263/256 228/262/255 229/264/257
f 238/263/256 229/264/257 237/265/258
f 237/265/258 229/264/257 230/266/259
f 237/265/258 230/266/259 236/267/260
f 236/267/260 230/266/259 231/268/261
f 236/267/260 231/268/261 234/269/262
f 234/269/262 231/268/261 233/270/263
f 233/270/263 231/268/261 232/271/264
f 234/269/262 235/272/265 236/267/260
f 193/273/206 50/274/205 217/275/266
f 217/275/266 50/274/205 49/276/267
f 42/277/268 221/278/269 43/279/270
f 43/279/270 221/278/269 220/280/271
f 43/279/270 220/280/271 44/281/272
f 44/281/272 220/280/271 219/282/273
f 44/281/272 219/282/273 45/283/274
f 45/283/274 219/282/273 46/284/275
f 46/284/275 219/282/273 218/285/276
f 46/284/275 218/285/276 47/286/277
f 47/286/277 218/285/276 48/287/278
f 48/287/278 218/285/276 217/288/266
f 48/287/278 217/288/266 49/289/267
f 221/290/269 42/291/268 222/292/279
f 222/292/279 42/291/268 41/293/280
f 222/292/279 41/293/280 40/294/281
f 222/292/279 40/294/281 223/295/282
f 223/295/282 40/294/281 39/296/283
f 223/295/282 39/296/283 38/297/284
f 223/295/282 38/297/284 224/298/285
f 224/298/285 38/297/284 37/299/286
f 224/298/285 37/299/286 36/300/287
f 224/298/285 36/300/287 225/301/288
f 225/301/288 36/300/287 35/302/289
f 225/301/288 35/302/289 34/303/290
f 225/301/288 34/303/290 226/304/291
f 226/304/291 34/303/290 33/305/292
f 226/304/291 33/305/292 32/306/293
f 226/304/291 32/306/293 227/307/294
f 227/307/294 32/306/293 31/308/295
f 227/307/294 31/308/295 30/309/296
f 227/307/294 30/309/296 228/310/297
f 228/310/297 30/309/296 29/311/298
f 228/310/297 29/311/298 28/312/299
f 28/312/299 229/313/300 228/310/297
f 28/314/299 27/315/301 229/316/300
f 229/316/300 27/315/301 230/317/302
f 230/317/302 27/315/301 26/318/303
f 230/317/302 26/318/303 231/319/304
f 231/319/304 26/318/303 25/320/305
f 231/319/304 25/320/305 24/321/306
f 231/319/304 24/321/306 232/322/307
f 232/322/307 24/321/306 23/323/308
f 232/322/307 23/323/308 22/324/309
f 21/325/310 233/326/311 22/324/309
f 22/324/309 233/326/311 232/322/307
f 150/327/312 240/328/313 151/329/314
f 151/329/314 240/328/313 239/330/315
f 151/329/314 239/330/315 152/331/316
f 152/331/316 239/330/315 238/332/317
f 152/331/316 238/332/317 153/333/318
f 153/333/318 238/332/317 237/334/319
f 153/333/318 237/334/319 154/335/320
f 154/335/320 237/334/319 236/336/321
f 154/335/320 236/336/321 155/337/322
f 155/337/322 236/336/321 235/338/323
f 155/337/322 235/338/323 156/339/324
f 156/339/324 235/338/323 234/340/325
f 150/341/312 149/342/326 240/343/313
f 240/343/313 149/342/326 215/344/327
f 149/345/328 249/346/329 215/347/330
f 215/347/330 249/346/329 250/348/331
f 215/347/330 250/348/331 252/349/332
f 252/349/332 250/348/331 251/350/333
f 252/349/332 251/350/333 128/351/334
f 128/351/334 251/350/333 129/352/335
f 148/353/336 241/354/337 149/345/328
f 149/345/328 241/354/337 242/355/338
f 149/345/328 242/355/338 243/356/339
f 243/356/339 244/357/340 149/345/328
f 149/345/328 244/357/340 245/358/341
f 149/345/328 245/358/341 246/359/342
f 246/359/342 247/360/343 149/345/328
f 149/345/328 247/360/343 248/361/344
f 149/345/328 248/361/344 249/346/329
f 252/349/332 253/362/345 215/347/330
f 215/347/330 253/362/345 216/363/346
f 216/363/346 253/362/345 53/364/347
f 216/363/346 53/364/347 206/365/348
f 206/365/348 53/364/347 207/366/349
f 207/366/349 53/364/347 208/367/350
f 208/367/350 53/364/347 209/368/351
f 209/368/351 53/364/347 210/369/352
f 210/369/352 53/364/347 211/370/353
f 211/370/353 53/364/347 212/371/354
f 212/371/354 53/364/347 213/372/355
f 213/372/355 53/364/347 214/373/356
f 214/373/356 53/364/347 51/374/357
f 233/375/311 19/376/358 234/377/325
f 234/377/325 19/376/358 18/378/359
f 234/377/325 18/378/359 17/379/360
f 21/380/310 20/381/361 233/375/311
f 233/375/311 20/381/361 19/376/358
f 17/379/360 16/382/362 234/377/325
f 234/377/325 16/382/362 156/383/324
f 156/383/324 16/382/362 15/384/363
f 156/383/324 15/384/363 14/385/364
f 14/385/364 13/386/365 156/383/324
f 156/383/324 13/386/365 12/387/366
f 156/383/324 12/387/366 11/388/367
f 11/388/367 52/389/368 156/383/324
f 199/390/218 216/391/369 200/392/217
f 200/392/217 216/391/369 206/393/219
f 263/394/370 147/395/371 262/396/372
f 262/396/372 147/395/371 146/397/373
f 262/396/372 146/397/373 261/398/374
f 261/398/374 146/397/373 145/399/375
f 261/398/374 145/399/375 144/400/376
f 261/398/374 144/400/376 260/401/377
f 260/401/377 144/400/376 143/402/378
f 260/401/377 143/402/378 259/403/379
f 259/403/379 143/402/378 258/404/380
f 258/404/380 143/402/378 142/405/381
f 258/404/380 142/405/381 257/406/382
f 257/406/382 142/405/381 141/407/383
f 257/406/382 141/407/383 140/408/384
f 257/406/382 140/408/384 256/409/385
f 256/409/385 140/408/384 139/410/386
f 256/409/385 139/410/386 255/411/387
f 255/411/387 139/410/386 254/412/388
f 254/412/388 139/410/386 138/413/389
f 263/414/370 274/415/390 147/416/371
f 147/416/371 274/415/390 275/417/391
f 147/416/371 275/417/391 276/418/392
f 264/419/393 268/420/394 263/414/370
f 263/414/370 268/420/394 269/421/395
f 263/414/370 269/421/395 270/422/396
f 265/423/397 266/424/398 264/419/393
f 264/419/393 266/424/398 267/425/399
f 264/419/393 267/425/399 268/420/394
f 270/422/396 271/426/400 263/414/370
f 263/414/370 271/426/400 272/427/401
f 263/414/370 272/427/401 273/428/402
f 273/428/402 274/415/390 263/414/370
f 276/418/392 277/429/403 147/416/371
f 147/416/371 277/429/403 278/430/404
f 147/416/371 278/430/404 148/431/405
f 148/431/405 278/430/404 279/432/406
f 148/431/405 279/432/406 280/433/407
f 280/433/407 281/434/408 148/431/405
f 148/431/405 281/434/408 282/435/409
f 148/431/405 282/435/409 293/436/410
f 293/436/410 282/435/409 283/437/411
f 293/436/410 283/437/411 284/438/412
f 284/438/412 285/439/413 293/436/410
f 293/436/410 285/439/413 286/440/414
f 293/436/410 286/440/414 287/441/415
f 287/441/415 288/442/416 293/436/410
f 293/436/410 288/442/416 292/443/417
f 292/443/417 288/442/416 289/444/418
f 292/443/417 289/444/418 290/445/419
f 290/445/419 291/446/420 292/443/417
f 254/447/388 138/448/389 137/449/421
f 293/450/422 294/451/423 306/452/424
f 306/452/424 294/451/423 295/453/425
f 306/452/424 295/453/425 305/454/426
f 305/454/426 295/453/425 296/455/427
f 305/454/426 296/455/427 304/456/428
f 304/456/428 296/455/427 297/457/429
f 304/456/428 297/457/429 303/458/430
f 303/458/430 297/457/429 298/459/431
f 303/458/430 298/459/431 302/460/432
f 302/460/432 298/459/431 299/461/433
f 302/460/432 299/461/433 301/462/434
f 301/462/434 299/461/433 300/463/435
f 249/464/436 248/465/437 301/466/434
f 301/466/434 248/465/437 302/467/438
f 302/467/438 248/465/437 247/468/439
f 302/467/438 247/468/439 303/469/440
f 303/469/440 247/468/439 246/470/441
f 303/469/440 246/470/441 304/471/442
f 304/471/442 246/470/441 245/472/443
f 304/471/442 245/472/443 244/473/444
f 304/471/442 244/473/444 305/474/445
f 305/474/445 244/473/444 243/475/446
f 305/474/445 243/475/446 306/476/447
f 306/476/447 243/475/446 242/477/448
f 306/476/447 242/477/448 241/478/449
f 148/479/405 293/480/410 241/478/449
f 241/478/449 293/480/410 306/476/447
f 330/481/450 251/482/451 315/483/452
f 315/483/452 251/482/451 250/484/453
f 315/483/452 250/484/453 300/485/454
f 299/486/455 313/487/456 300/485/454
f 300/485/454 313/487/456 314/488/457
f 300/485/454 314/488/457 315/483/452
f 313/487/456 299/486/455 312/489/458
f 312/489/458 299/486/455 298/490/459
f 312/489/458 298/490/459 311/491/460
f 311/491/460 298/490/459 297/492/461
f 311/491/460 297/492/461 310/493/462
f 310/493/462 297/492/461 309/494/463
f 309/494/463 297/492/461 296/495/464
f 309/494/463 296/495/464 308/496/465
f 308/496/465 296/495/464 295/497/466
f 308/496/465 295/497/466 307/498/467
f 307/498/467 295/497/466 294/499/468
f 315/483/452 316/500/469 330/481/450
f 330/481/450 316/500/469 317/501/470
f 330/481/450 317/501/470 329/502/471
f 329/502/471 317/501/470 318/503/472
f 329/502/471 318/503/472 328/504/473
f 328/504/473 318/503/472 319/505/474
f 328/504/473 319/505/474 327/506/475
f 327/506/475 319/505/474 320/507/476
f 327/506/475 320/507/476 326/508/477
f 326/508/477 320/507/476 321/509/478
f 326/508/477 321/509/478 324/510/479
f 324/510/479 321/509/478 323/511/480
f 323/511/480 321/509/478 322/512/481
f 324/510/479 325/513/482 326/508/477
f 294/514/423 293/515/422 307/516/483
f 307/516/483 293/515/422 292/517/484
f 285/518/485 311/519/486 286/520/487
f 286/520/487 311/519/486 310/521/488
f 286/520/487 310/521/488 287/522/489
f 287/522/489 310/521/488 309/523/490
f 287/522/489 309/523/490 288/524/491
f 288/524/491 309/523/490 289/525/492
f 289/525/492 309/523/490 308/526/493
f 289/525/492 308/526/493 290/527/494
f 290/527/494 308/526/493 291/528/495
f 291/528/495 308/526/493 307/529/483
f 291/528/495 307/529/483 292/530/484
f 311/531/486 285/532/485 312/533/496
f 312/533/496 285/532/485 284/534/497
f 312/533/496 284/534/497 283/535/498
f 312/533/496 283/535/498 313/536/499
f 313/536/499 283/535/498 282/537/500
f 313/536/499 282/537/500 281/538/501
f 313/536/499 281/538/501 314/539/502
f 314/539/502 281/538/501 280/540/503
f 314/539/502 280/540/503 279/541/504
f 314/539/502 279/541/504 315/542/505
f 315/542/505 279/541/504 278/543/506
f 315/542/505 278/543/506 277/544/507
f 315/542/505 277/544/507 316/545/508
f 316/545/508 277/544/507 276/546/509
f 316/545/508 276/546/509 275/547/510
f 316/545/508 275/547/510 317/548/511
f 317/548/511 275/547/510 274/549/512
f 317/548/511 274/549/512 273/550/513
f 317/548/511 273/550/513 318/551/514
f 318/551/514 273/550/513 272/552/515
f 318/551/514 272/552/515 271/553/516
f 271/553/516 319/554/517 318/551/514
f 271/555/516 270/556/518 319/557/517
f 319/557/517 270/556/518 320/558/519
f 320/558/519 270/556/518 269/559/520
f 320/558/519 269/559/520 321/560/521
f 321/560/521 269/559/520 268/561/522
f 321/560/521 268/561/522 267/562/523
f 321/560/521 267/562/523 322/563/524
f 322/563/524 267/562/523 266/564/525
f 322/563/524 266/564/525 265/565/526
f 264/566/527 323/567/528 265/565/526
f 265/565/526 323/567/528 322/563/524
f 130/568/529 330/569/530 131/570/531
f 131/570/531 330/569/530 329/571/532
f 131/570/531 329/571/532 132/572/533
f 132/572/533 329/571/532 328/573/534
f 132/572/533 328/573/534 133/574/535
f 133/574/535 328/573/534 327/575/536
f 133/574/535 327/575/536 134/576/537
f 134/576/537 327/575/536 326/577/538
f 134/576/537 326/577/538 135/578/539
f 135/578/539 326/577/538 325/579/540
f 135/578/539 325/579/540 136/580/541
f 136/580/541 325/579/540 324/581/542
f 130/582/529 129/583/543 330/584/530
f 330/584/530 129/583/543 251/585/544
f 323/586/528 262/587/545 324/588/542
f 324/588/542 262/587/545 261/589/546
f 324/588/542 261/589/546 260/590/547
f 264/591/527 263/592/548 323/586/528
f 323/586/528 263/592/548 262/587/545
f 260/590/547 259/593/549 324/588/542
f 324/588/542 259/593/549 136/594/541
f 136/594/541 259/593/549 258/595/550
f 136/594/541 258/595/550 257/596/551
f 257/596/551 256/597/552 136/594/541
f 136/594/541 256/597/552 255/598/553
f 136/594/541 255/598/553 254/599/554
f 254/599/554 137/600/555 136/594/541
f 300/601/435 250/602/556 301/603/434
f 301/603/434 250/602/556 249/604/436
f 340/605/557 81/606/558 339/607/559
f 339/607/559 81/606/558 80/608/560
f 339/607/559 80/608/560 79/609/561
f 339/607/559 79/609/561 338/610/562
f 338/610/562 79/609/561 78/611/563
f 338/610/562 78/611/563 337/612/564
f 337/612/564 78/611/563 336/613/565
f 336/613/565 78/611/563 77/614/566
f 336/613/565 77/614/566 335/615/567
f 335/615/567 77/614/566 76/616/568
f 335/615/567 76/616/568 75/617/569
f 335/615/567 75/617/569 334/618/570
f 334/618/570 75/617/569 74/619/571
f 334/618/570 74/619/571 333/620/572
f 333/620/572 74/619/571 332/621/573
f 332/621/573 74/619/571 73/622/574
f 332/621/573 73/622/574 72/623/575
f 72/623/575 331/624/576 332/621/573
f 81/625/558 340/626/557 82/627/577
f 341/628/578 356/629/579 90/630/580
f 90/630/580 356/629/579 357/631/581
f 90/630/580 357/631/581 358/632/582
f 342/633/583 352/634/584 341/628/578
f 341/628/578 352/634/584 353/635/585
f 341/628/578 353/635/585 355/636/586
f 355/636/586 353/635/585 354/637/587
f 354/637/587 353/635/585 111/638/588
f 354/637/587 111/638/588 110/639/589
f 352/634/584 342/633/583 70/640/590
f 70/640/590 342/633/583 343/641/591
f 70/640/590 343/641/591 344/642/592
f 344/642/592 345/643/593 70/640/590
f 70/640/590 345/643/593 346/644/594
f 70/640/590 346/644/594 347/645/595
f 347/645/595 348/646/596 70/640/590
f 70/640/590 348/646/596 349/647/597
f 70/640/590 349/647/597 350/648/598
f 350/648/598 351/649/599 70/640/590
f 70/640/590 351/649/599 71/650/600
f 355/636/586 356/629/579 341/628/578
f 358/632/582 359/651/601 90/630/580
f 90/630/580 359/651/601 360/652/602
f 90/630/580 360/652/602 361/653/603
f 361/653/603 362/654/604 90/630/580
f 90/630/580 362/654/604 363/655/605
f 90/630/580 363/655/605 364/656/606
f 364/656/606 91/657/607 90/630/580
f 71/658/608 351/659/609 365/660/610
f 365/660/610 351/659/609 371/661/611
f 371/661/611 351/659/609 350/662/612
f 371/661/611 350/662/612 349/663/613
f 371/661/611 349/663/613 370/664/614
f 370/664/614 349/663/613 348/665/615
f 370/664/614 348/665/615 369/666/616
f 369/666/616 348/665/615 347/667/617
f 369/666/616 347/667/617 346/668/618
f 369/666/616 346/668/618 368/669/619
f 368/669/619 346/668/618 345/670/620
f 368/669/619 345/670/620 367/671/621
f 367/671/621 345/670/620 344/672/622
f 367/671/621 344/672/622 366/673/623
f 366/673/623 344/672/622 343/674/624
f 372/675/625 373/676/626 366/677/623
f 366/677/623 373/676/626 367/678/627
f 367/678/627 373/676/626 374/679/628
f 367/678/627 374/679/628 368/680/629
f 368/680/629 374/679/628 375/681/630
f 368/680/629 375/681/630 369/682/631
f 369/682/631 375/681/630 376/683/632
f 369/682/631 376/683/632 370/684/633
f 370/684/633 376/683/632 377/685/634
f 370/684/633 377/685/634 371/686/635
f 371/686/635 377/685/634 378/687/636
f 371/686/635 378/687/636 365/688/637
f 72/689/575 397/690/638 331/691/576
f 331/691/576 397/690/638 398/692/639
f 331/691/576 398/692/639 399/693/640
f 71/694/608 393/695/641 72/689/575
f 72/689/575 393/695/641 394/696/642
f 72/689/575 394/696/642 395/697/643
f 365/698/610 389/699/644 71/694/608
f 71/694/608 389/699/644 390/700/645
f 71/694/608 390/700/645 391/701/646
f 379/702/647 383/703/648 365/698/610
f 365/698/610 383/703/648 384/704/649
f 365/698/610 384/704/649 385/705/650
f 380/706/651 381/707/652 379/702/647
f 379/702/647 381/707/652 382/708/653
f 379/702/647 382/708/653 383/703/648
f 385/705/650 386/709/654 365/698/610
f 365/698/610 386/709/654 387/710/655
f 365/698/610 387/710/655 388/711/656
f 388/711/656 389/699/644 365/698/610
f 391/701/646 392/712/657 71/694/608
f 71/694/608 392/712/657 393/695/641
f 395/697/643 396/713/658 72/689/575
f 72/689/575 396/713/658 397/690/638
f 399/693/640 400/714/659 331/691/576
f 331/691/576 400/714/659 401/715/660
f 331/691/576 401/715/660 402/716/661
f 402/716/661 403/717/662 331/691/576
f 331/691/576 403/717/662 407/718/663
f 407/718/663 403/717/662 404/719/664
f 407/718/663 404/719/664 405/720/665
f 405/720/665 406/721/666 407/718/663
f 365/722/637 378/723/636 379/724/667
f 379/724/667 378/723/636 408/725/668
f 386/726/669 385/727/670 412/728/671
f 412/728/671 385/727/670 411/729/672
f 411/729/672 385/727/670 384/730/673
f 411/729/672 384/730/673 410/731/674
f 410/731/674 384/730/673 383/732/675
f 410/731/674 383/732/675 382/733/676
f 410/731/674 382/733/676 409/734/677
f 409/734/677 382/733/676 381/735/678
f 409/734/677 381/735/678 380/736/679
f 379/737/667 408/738/668 380/736/679
f 380/736/679 408/738/668 409/734/677
f 414/739/680 416/740/681 413/741/682
f 413/741/682 416/740/681 430/742/683
f 413/741/682 430/742/683 431/743/684
f 414/739/680 415/744/685 416/740/681
f 416/740/681 417/745/686 430/742/683
f 430/742/683 417/745/686 429/746/687
f 429/746/687 417/745/686 418/747/688
f 429/746/687 418/747/688 428/748/689
f 428/748/689 418/747/688 419/749/690
f 428/748/689 419/749/690 427/750/691
f 427/750/691 419/749/690 420/751/692
f 427/750/691 420/751/692 426/752/693
f 426/752/693 420/751/692 421/753/694
f 426/752/693 421/753/694 422/754/695
f 423/755/696 372/756/697 422/754/695
f 422/754/695 372/756/697 342/757/698
f 422/754/695 342/757/698 341/758/699
f 423/755/696 424/759/700 372/756/697
f 372/756/697 424/759/700 373/760/701
f 373/760/701 424/759/700 425/761/702
f 373/760/701 425/761/702 374/762/703
f 374/762/703 425/761/702 412/763/704
f 374/762/703 412/763/704 375/764/705
f 375/764/705 412/763/704 411/765/706
f 375/764/705 411/765/706 410/766/707
f 375/764/705 410/766/707 376/767/708
f 376/767/708 410/766/707 409/768/709
f 376/767/708 409/768/709 377/769/710
f 377/769/710 409/768/709 408/770/711
f 377/769/710 408/770/711 378/771/712
f 341/758/699 426/752/693 422/754/695
f 400/772/713 418/773/714 401/774/715
f 401/774/715 418/773/714 417/775/716
f 401/774/715 417/775/716 402/776/717
f 402/776/717 417/775/716 416/777/718
f 402/776/717 416/777/718 403/778/719
f 403/778/719 416/777/718 404/779/720
f 404/779/720 416/777/718 415/780/721
f 404/779/720 415/780/721 405/781/722
f 405/781/722 415/780/721 406/782/723
f 406/782/723 415/780/721 414/783/724
f 406/782/723 414/783/724 407/784/725
f 407/785/725 414/786/724 331/787/726
f 331/787/726 414/786/724 332/788/727
f 332/788/727 414/786/724 413/789/728
f 332/788/727 413/789/728 333/790/729
f 333/790/729 413/789/728 334/791/730
f 334/791/730 413/789/728 335/792/731
f 335/792/731 413/789/728 83/793/732
f 335/792/731 83/793/732 336/794/733
f 336/794/733 83/793/732 337/795/734
f 337/795/734 83/793/732 338/796/735
f 338/796/735 83/793/732 339/797/736
f 339/797/736 83/793/732 340/798/737
f 340/798/737 83/793/732 82/799/738
f 83/800/732 413/801/728 84/802/739
f 84/802/739 413/801/728 431/803/740
f 84/802/739 431/803/740 85/804/741
f 85/804/741 431/803/740 430/805/742
f 85/804/741 430/805/742 86/806/743
f 86/806/743 430/805/742 429/807/744
f 86/806/743 429/807/744 87/808/745
f 87/808/745 429/807/744 428/809/746
f 87/808/745 428/809/746 88/810/747
f 88/810/747 428/809/746 427/811/748
f 88/810/747 427/811/748 89/812/749
f 89/812/749 427/811/748 426/813/750
f 426/814/750 341/815/751 89/816/749
f 89/816/749 341/815/751 90/817/752
f 412/818/671 425/819/753 386/820/669
f 386/820/669 425/819/753 387/821/754
f 387/821/754 425/819/753 388/822/755
f 388/822/755 425/819/753 424/823/756
f 388/822/755 424/823/756 389/824/757
f 389/824/757 424/823/756 390/825/758
f 390/825/758 424/823/756 423/826/759
f 390/825/758 423/826/759 391/827/760
f 391/827/760 423/826/759 392/828/761
f 392/828/761 423/826/759 422/829/762
f 392/828/761 422/829/762 393/830/763
f 393/830/763 422/829/762 394/831/764
f 394/831/764 422/829/762 421/832/765
f 394/831/764 421/832/765 395/833/766
f 395/833/766 421/832/765 396/834/767
f 396/834/767 421/832/765 420/835/768
f 396/834/767 420/835/768 397/836/769
f 397/836/769 420/835/768 398/837/770
f 398/837/770 420/835/768 419/838/771
f 398/837/770 419/838/771 399/839/772
f 399/839/772 419/838/771 400/840/713
f 400/840/713 419/838/771 418/841/714
f 343/842/624 342/843/773 366/844/623
f 366/844/623 342/843/773 372/845/625
f 441/846/774 101/847/775 440/848/776
f 440/848/776 101/847/775 100/849/777
f 440/848/776 100/849/777 99/850/778
f 440/848/776 99/850/778 439/851/779
f 439/851/779 99/850/778 98/852/780
f 439/851/779 98/852/780 438/853/781
f 438/853/781 98/852/780 437/854/782
f 437/854/782 98/852/780 97/855/783
f 437/854/782 97/855/783 436/856/784
f 436/856/784 97/855/783 96/857/785
f 436/856/784 96/857/785 95/858/786
f 436/856/784 95/858/786 435/859/787
f 435/859/787 95/858/786 94/860/788
f 435/859/787 94/860/788 434/861/789
f 434/861/789 94/860/788 433/862/790
f 433/862/790 94/860/788 93/863/791
f 433/862/790 93/863/791 92/864/792
f 92/864/792 432/865/793 433/862/790
f 101/866/775 441/867/774 102/868/794
f 91/869/795 364/870/796 442/871/797
f 442/871/797 364/870/796 448/872/798
f 448/872/798 364/870/796 363/873/799
f 448/872/798 363/873/799 362/874/800
f 448/872/798 362/874/800 447/875/801
f 447/875/801 362/874/800 361/876/802
f 447/875/801 361/876/802 446/877/803
f 446/877/803 361/876/802 360/878/804
f 446/877/803 360/878/804 359/879/805
f 446/877/803 359/879/805 445/880/806
f 445/880/806 359/879/805 358/881/807
f 445/880/806 358/881/807 444/882/808
f 444/882/808 358/881/807 357/883/809
f 444/882/808 357/883/809 443/884/810
f 443/884/810 357/883/809 356/885/811
f 449/886/812 450/887/813 443/888/810
f 443/888/810 450/887/813 444/889/814
f 444/889/814 450/887/813 451/890/815
f 444/889/814 451/890/815 445/891/816
f 445/891/816 451/890/815 452/892/817
f 445/891/816 452/892/817 446/893/818
f 446/893/818 452/892/817 453/894/819
f 446/893/818 453/894/819 447/895/820
f 447/895/820 453/894/819 454/896/821
f 447/895/820 454/896/821 448/897/822
f 448/897/822 454/896/821 455/898/823
f 448/897/822 455/898/823 442/899/824
f 92/900/792 474/901/825 432/902/793
f 432/902/793 474/901/825 475/903/826
f 432/902/793 475/903/826 476/904/827
f 91/905/795 470/906/828 92/900/792
f 92/900/792 470/906/828 471/907/829
f 92/900/792 471/907/829 472/908/830
f 442/909/797 466/910/831 91/905/795
f 91/905/795 466/910/831 467/911/832
f 91/905/795 467/911/832 468/912/833
f 456/913/834 460/914/835 442/909/797
f 442/909/797 460/914/835 461/915/836
f 442/909/797 461/915/836 462/916/837
f 457/917/838 458/918/839 456/913/834
f 456/913/834 458/918/839 459/919/840
f 456/913/834 459/919/840 460/914/835
f 462/916/837 463/920/841 442/909/797
f 442/909/797 463/920/841 464/921/842
f 442/909/797 464/921/842 465/922/843
f 465/922/843 466/910/831 442/909/797
f 468/912/833 469/923/844 91/905/795
f 91/905/795 469/923/844 470/906/828
f 472/908/830 473/924/845 92/900/792
f 92/900/792 473/924/845 474/901/825
f 476/904/827 477/925/846 432/902/793
f 432/902/793 477/925/846 478/926/847
f 432/902/793 478/926/847 479/927/848
f 479/927/848 480/928/849 432/902/793
f 432/902/793 480/928/849 484/929/850
f 484/929/850 480/928/849 481/930/851
f 484/929/850 481/930/851 482/931/852
f 482/931/852 483/932/853 484/929/850
f 442/933/824 455/934/823 456/935/854
f 456/935/854 455/934/823 485/936/855
f 463/937/856 462/938/857 489/939/858
f 489/939/858 462/938/857 488/940/859
f 488/940/859 462/938/857 461/941/860
f 488/940/859 461/941/860 487/942/861
f 487/942/861 461/941/860 460/943/862
f 487/942/861 460/943/862 459/944/863
f 487/942/861 459/944/863 486/945/864
f 486/945/864 459/944/863 458/946/865
f 486/945/864 458/946/865 457/947/866
f 456/948/854 485/949/855 457/947/866
f 457/947/866 485/949/855 486/945/864
f 491/950/867 493/951/868 490/952/869
f 490/952/869 493/951/868 507/953/870
f 490/952/869 507/953/870 508/954/871
f 491/950/867 492/955/872 493/951/868
f 493/951/868 494/956/873 507/953/870
f 507/953/870 494/956/873 506/957/874
f 506/957/874 494/956/873 495/958/875
f 506/957/874 495/958/875 505/959/876
f 505/959/876 495/958/875 496/960/877
f 505/959/876 496/960/877 504/961/878
f 504/961/878 496/960/877 497/962/879
f 504/961/878 497/962/879 503/963/880
f 503/963/880 497/962/879 498/964/881
f 503/963/880 498/964/881 499/965/882
f 500/966/883 449/967/884 499/965/882
f 499/965/882 449/967/884 355/968/885
f 499/965/882 355/968/885 354/969/886
f 500/966/883 501/970/887 449/967/884
f 449/967/884 501/970/887 450/971/888
f 450/971/888 501/970/887 502/972/889
f 450/971/888 502/972/889 451/973/890
f 451/973/890 502/972/889 489/974/891
f 451/973/890 489/974/891 452/975/892
f 452/975/892 489/974/891 488/976/893
f 452/975/892 488/976/893 487/977/894
f 452/975/892 487/977/894 453/978/895
f 453/978/895 487/977/894 486/979/896
f 453/978/895 486/979/896 454/980/897
f 454/980/897 486/979/896 485/981/898
f 454/980/897 485/981/898 455/982/899
f 354/969/886 503/963/880 499/965/882
f 477/983/900 495/984/901 478/985/902
f 478/985/902 495/984/901 494/986/903
f 478/985/902 494/986/903 479/987/904
f 479/987/904 494/986/903 493/988/905
f 479/987/904 493/988/905 480/989/906
f 480/989/906 493/988/905 481/990/907
f 481/990/907 493/988/905 492/991/908
f 481/990/907 492/991/908 482/992/909
f 482/992/909 492/991/908 483/993/910
f 483/993/910 492/991/908 491/994/911
f 483/993/910 491/994/911 484/995/912
f 484/996/912 491/997/911 432/998/913
f 432/998/913 491/997/911 433/999/914
f 433/999/914 491/997/911 490/1000/915
f 433/999/914 490/1000/915 434/1001/916
f 434/1001/916 490/1000/915 435/1002/917
f 435/1002/917 490/1000/915 436/1003/918
f 436/1003/918 490/1000/915 103/1004/919
f 436/1003/918 103/1004/919 437/1005/920
f 437/1005/920 103/1004/919 438/1006/921
f 438/1006/921 103/1004/919 439/1007/922
f 439/1007/922 103/1004/919 440/1008/923
f 440/1008/923 103/1004/919 441/1009/924
f 441/1009/924 103/1004/919 102/1010/925
f 103/1011/919 490/1012/915 104/1013/926
f 104/1013/926 490/1012/915 508/1014/927
f 104/1013/926 508/1014/927 105/1015/928
f 105/1015/928 508/1014/927 507/1016/929
f 105/1015/928 507/1016/929 106/1017/930
f 106/1017/930 507/1016/929 506/1018/931
f 106/1017/930 506/1018/931 107/1019/932
f 107/1019/932 506/1018/931 505/1020/933
f 107/1019/932 505/1020/933 108/1021/934
f 108/1021/934 505/1020/933 504/1022/935
f 108/1021/934 504/1022/935 109/1023/936
f 109/1023/936 504/1022/935 503/1024/937
f 503/1025/937 354/1026/938 109/1027/936
f 109/1027/936 354/1026/938 110/1028/939
f 489/1029/858 502/1030/940 463/1031/856
f 463/1031/856 502/1030/940 464/1032/941
f 464/1032/941 502/1030/940 465/1033/942
f 465/1033/942 502/1030/940 501/1034/943
f 465/1033/942 501/1034/943 466/1035/944
f 466/1035/944 501/1034/943 467/1036/945
f 467/1036/945 501/1034/943 500/1037/946
f 467/1036/945 500/1037/946 468/1038/947
f 468/1038/947 500/1037/946 469/1039/948
f 469/1039/948 500/1037/946 499/1040/949
f 469/1039/948 499/1040/949 470/1041/950
f 470/1041/950 499/1040/949 471/1042/951
f 471/1042/951 499/1040/949 498/1043/952
f 471/1042/951 498/1043/952 472/1044/953
f 472/1044/953 498/1043/952 473/1045/954
f 473/1045/954 498/1043/952 497/1046/955
f 473/1045/954 497/1046/955 474/1047/956
f 474/1047/956 497/1046/955 475/1048/957
f 475/1048/957 497/1046/955 496/1049/958
f 475/1048/957 496/1049/958 476/1050/959
f 476/1050/959 496/1049/958 477/1051/900
f 477/1051/900 496/1049/958 495/1052/901
f 356/1053/811 355/1054/960 443/1055/810
f 443/1055/810 355/1054/960 449/1056/812
f 157/1057/961 509/1058/962 518/1059/963
f 518/1059/963 509/1058/962 510/1060/964
f 518/1059/963 510/1060/964 519/1061/965
f 519/1061/965 510/1060/964 511/1062/966
f 519/1061/965 511/1062/966 520/1063/967
f 520/1063/967 511/1062/966 512/1064/968
f 520/1063/967 512/1064/968 521/1065/969
f 521/1065/969 512/1064/968 513/1066/970
f 521/1065/969 513/1066/970 522/1067/971
f 522/1067/971 513/1066/970 514/1068/972
f 522/1067/971 514/1068/972 523/1069/973
f 523/1069/973 514/1068/972 515/1070/974
f 523/1069/973 515/1070/974 524/1071/975
f 524/1071/975 515/1070/974 516/1072/976
f 524/1071/975 516/1072/976 517/1073/977
f 517/1073/977 165/1074/978 524/1071/975
f 524/1071/975 165/1074/978 164/1075/979
f 524/1071/975 164/1075/979 523/1069/973
f 523/1069/973 164/1075/979 163/1076/980
f 523/1069/973 163/1076/980 522/1067/971
f 522/1067/971 163/1076/980 162/1077/981
f 522/1067/971 162/1077/981 521/1065/969
f 521/1065/969 162/1077/981 161/1078/982
f 521/1065/969 161/1078/982 520/1063/967
f 520/1063/967 161/1078/982 160/1079/983
f 520/1063/967 160/1079/983 519/1061/965
f 519/1061/965 160/1079/983 159/1080/984
f 519/1061/965 159/1080/984 518/1059/963
f 518/1059/963 159/1080/984 158/1081/985
f 518/1059/963 158/1081/985 157/1057/961
f 157/1082/961 192/1083/986 509/1084/962
f 509/1084/962 192/1083/986 525/1085/987
f 184/1086/988 526/1087/989 534/1088/990
f 534/1088/990 526/1087/989 527/1089/991
f 534/1088/990 527/1089/991 535/1090/992
f 535/1090/992 527/1089/991 528/1091/993
f 535/1090/992 528/1091/993 536/1092/994
f 536/1092/994 528/1091/993 529/1093/995
f 536/1092/994 529/1093/995 537/1094/996
f 537/1094/996 529/1093/995 530/1095/997
f 537/1094/996 530/1095/997 538/1096/998
f 538/1096/998 530/1095/997 531/1097/999
f 538/1096/998 531/1097/999 539/1098/1000
f 539/1098/1000 531/1097/999 532/1099/1001
f 539/1098/1000 532/1099/1001 540/1100/1002
f 540/1100/1002 532/1099/1001 533/1101/1003
f 540/1100/1002 533/1101/1003 525/1102/987
f 525/1102/987 192/1103/986 540/1100/1002
f 540/1100/1002 192/1103/986 191/1104/1004
f 540/1100/1002 191/1104/1004 539/1098/1000
f 539/1098/1000 191/1104/1004 190/1105/1005
f 539/1098/1000 190/1105/1005 538/1096/998
f 538/1096/998 190/1105/1005 189/1106/1006
f 538/1096/998 189/1106/1006 537/1094/996
f 537/1094/996 189/1106/1006 188/1107/1007
f 537/1094/996 188/1107/1007 536/1092/994
f 536/1092/994 188/1107/1007 187/1108/1008
f 536/1092/994 187/1108/1008 535/1090/992
f 535/1090/992 187/1108/1008 186/1109/1009
f 535/1090/992 186/1109/1009 534/1088/990
f 534/1088/990 186/1109/1009 185/1110/1010
f 534/1088/990 185/1110/1010 184/1086/988
f 184/1111/988 183/1112/1011 526/1113/989
f 526/1113/989 183/1112/1011 541/1114/1012
f 166/1115/1013 542/1116/1014 551/1117/1015
f 551/1117/1015 542/1116/1014 543/1118/1016
f 551/1117/1015 543/1118/1016 552/1119/1017
f 552/1119/1017 543/1118/1016 544/1120/1018
f 552/1119/1017 544/1120/1018 553/1121/1019
f 553/1121/1019 544/1120/1018 545/1122/1020
f 553/1121/1019 545/1122/1020 554/1123/1021
f 554/1123/1021 545/1122/1020 546/1124/1022
f 554/1123/1021 546/1124/1022 555/1125/1023
f 555/1125/1023 546/1124/1022 547/1126/1024
f 555/1125/1023 547/1126/1024 556/1127/1025
f 556/1127/1025 547/1126/1024 548/1128/1026
f 556/1127/1025 548/1128/1026 557/1129/1027
f 557/1129/1027 548/1128/1026 549/1130/1028
f 557/1129/1027 549/1130/1028 550/1131/1029
f 550/1131/1029 174/1132/1030 557/1129/1027
f 557/1129/1027 174/1132/1030 173/1133/1031
f 557/1129/1027 173/1133/1031 556/1127/1025
f 556/1127/1025 173/1133/1031 172/1134/1032
f 556/1127/1025 172/1134/1032 555/1125/1023
f 555/1125/1023 172/1134/1032 171/1135/1033
f 555/1125/1023 171/1135/1033 554/1123/1021
f 554/1123/1021 171/1135/1033 170/1136/1034
f 554/1123/1021 170/1136/1034 553/1121/1019
f 553/1121/1019 170/1136/1034 169/1137/1035
f 553/1121/1019 169/1137/1035 552/1119/1017
f 552/1119/1017 169/1137/1035 168/1138/1036
f 552/1119/1017 168/1138/1036 551/1117/1015
f 551/1117/1015 168/1138/1036 167/1139/1037
f 551/1117/1015 167/1139/1037 166/1115/1013
f 517/1140/977 542/1141/1014 165/1142/978
f 165/1142/978 542/1141/1014 166/1143/1013
f 175/1144/1038 558/1145/1039 566/1146/1040
f 566/1146/1040 558/1145/1039 559/1147/1041
f 566/1146/1040 559/1147/1041 567/1148/1042
f 567/1148/1042 559/1147/1041 560/1149/1043
f 567/1148/1042 560/1149/1043 568/1150/1044
f 568/1150/1044 560/1149/1043 561/1151/1045
f 568/1150/1044 561/1151/1045 569/1152/1046
f 569/1152/1046 561/1151/1045 562/1153/1047
f 569/1152/1046 562/1153/1047 570/1154/1048
f 570/1154/1048 562/1153/1047 563/1155/1049
f 570/1154/1048 563/1155/1049 571/1156/1050
f 571/1156/1050 563/1155/1049 564/1157/1051
f 571/1156/1050 564/1157/1051 572/1158/1052
f 572/1158/1052 564/1157/1051 565/1159/1053
f 572/1158/1052 565/1159/1053 541/1160/1012
f 541/1160/1012 183/1161/1011 572/1158/1052
f 572/1158/1052 183/1161/1011 182/1162/1054
f 572/1158/1052 182/1162/1054 571/1156/1050
f 571/1156/1050 182/1162/1054 181/1163/1055
f 571/1156/1050 181/1163/1055 570/1154/1048
f 570/1154/1048 181/1163/1055 180/1164/1056
f 570/1154/1048 180/1164/1056 569/1152/1046
f 569/1152/1046 180/1164/1056 179/1165/1057
f 569/1152/1046 179/1165/1057 568/1150/1044
f 568/1150/1044 179/1165/1057 178/1166/1058
f 568/1150/1044 178/1166/1058 567/1148/1042
f 567/1148/1042 178/1166/1058 177/1167/1059
f 567/1148/1042 177/1167/1059 566/1146/1040
f 566/1146/1040 177/1167/1059 176/1168/1060
f 566/1146/1040 176/1168/1060 175/1144/1038
f 53/1169/347 253/1170/345 581/1171/1061
f 581/1171/1061 253/1170/345 573/1172/1062
f 581/1171/1061 573/1172/1062 582/1173/1063
f 582/1173/1063 573/1172/1062 574/1174/1064
f 582/1173/1063 574/1174/1064 583/1175/1065
f 583/1175/1065 574/1174/1064 575/1176/1066
f 583/1175/1065 575/1176/1066 584/1177/1067
f 584/1177/1067 575/1176/1066 576/1178/1068
f 584/1177/1067 576/1178/1068 585/1179/1069
f 585/1179/1069 576/1178/1068 577/1180/1070
f 585/1179/1069 577/1180/1070 586/1181/1071
f 586/1181/1071 577/1180/1070 578/1182/1072
f 586/1181/1071 578/1182/1072 587/1183/1073
f 587/1183/1073 578/1182/1072 579/1184/1074
f 587/1183/1073 579/1184/1074 580/1185/1075
f 580/1185/1075 61/1186/1076 587/1183/1073
f 587/1183/1073 61/1186/1076 60/1187/1077
f 587/1183/1073 60/1187/1077 586/1181/1071
f 586/1181/1071 60/1187/1077 59/1188/1078
f 586/1181/1071 59/1188/1078 585/1179/1069
f 585/1179/1069 59/1188/1078 58/1189/1079
f 585/1179/1069 58/1189/1079 584/1177/1067
f 584/1177/1067 58/1189/1079 57/1190/1080
f 584/1177/1067 57/1190/1080 583/1175/1065
f 583/1175/1065 57/1190/1080 56/1191/1081
f 583/1175/1065 56/1191/1081 582/1173/1063
f 582/1173/1063 56/1191/1081 55/1192/1082
f 582/1173/1063 55/1192/1082 581/1171/1061
f 581/1171/1061 55/1192/1082 54/1193/1083
f 581/1171/1061 54/1193/1083 53/1169/347
f 580/1194/1075 588/1195/1084 61/1196/1076
f 61/1196/1076 588/1195/1084 62/1197/1085
f 120/1198/1086 589/1199/1087 597/1200/1088
f 597/1200/1088 589/1199/1087 590/1201/1089
f 597/1200/1088 590/1201/1089 598/1202/1090
f 598/1202/1090 590/1201/1089 591/1203/1091
f 598/1202/1090 591/1203/1091 599/1204/1092
f 599/1204/1092 591/1203/1091 592/1205/1093
f 599/1204/1092 592/1205/1093 600/1206/1094
f 600/1206/1094 592/1205/1093 593/1207/1095
f 600/1206/1094 593/1207/1095 601/1208/1096
f 601/1208/1096 593/1207/1095 594/1209/1097
f 601/1208/1096 594/1209/1097 602/1210/1098
f 602/1210/1098 594/1209/1097 595/1211/1099
f 602/1210/1098 595/1211/1099 603/1212/1100
f 603/1212/1100 595/1211/1099 596/1213/1101
f 603/1212/1100 596/1213/1101 252/1214/332
f 252/1214/332 128/1215/334 603/1212/1100
f 603/1212/1100 128/1215/334 127/1216/1102
f 603/1212/1100 127/1216/1102 602/1210/1098
f 602/1210/1098 127/1216/1102 126/1217/1103
f 602/1210/1098 126/1217/1103 601/1208/1096
f 601/1208/1096 126/1217/1103 125/1218/1104
f 601/1208/1096 125/1218/1104 600/1206/1094
f 600/1206/1094 125/1218/1104 124/1219/1105
f 600/1206/1094 124/1219/1105 599/1204/1092
f 599/1204/1092 124/1219/1105 123/1220/1106
f 599/1204/1092 123/1220/1106 598/1202/1090
f 598/1202/1090 123/1220/1106 122/1221/1107
f 598/1202/1090 122/1221/1107 597/1200/1088
f 597/1200/1088 122/1221/1107 121/1222/1108
f 597/1200/1088 121/1222/1108 120/1198/1086
f 579/1223/1109 578/1224/1110 580/1225/1111
f 580/1225/1111 578/1224/1110 577/1226/1112
f 580/1225/1111 577/1226/1112 576/1227/1113
f 576/1227/1113 575/1228/1114 580/1225/1111
f 580/1225/1111 575/1228/1114 574/1229/1115
f 580/1225/1111 574/1229/1115 573/1230/1116
f 573/1230/1116 253/1231/1117 580/1225/1111
f 580/1225/1111 253/1231/1117 605/1232/1118
f 580/1225/1111 605/1232/1118 588/1233/1119
f 588/1233/1119 605/1232/1118 606/1234/1120
f 588/1233/1119 606/1234/1120 352/1235/1121
f 352/1235/1121 606/1234/1120 353/1236/1122
f 353/1236/1122 606/1234/1120 607/1237/1123
f 353/1236/1122 607/1237/1123 608/1238/1124
f 253/1231/1117 252/1239/1125 605/1232/1118
f 605/1232/1118 252/1239/1125 604/1240/1126
f 604/1240/1126 252/1239/1125 589/1241/1127
f 589/1241/1127 252/1239/1125 596/1242/1128
f 589/1241/1127 596/1242/1128 595/1243/1129
f 595/1243/1129 594/1244/1130 589/1241/1127
f 589/1241/1127 594/1244/1130 593/1245/1131
f 589/1241/1127 593/1245/1131 592/1246/1132
f 592/1246/1132 591/1247/1133 589/1241/1127
f 589/1241/1127 591/1247/1133 590/1248/1134
f 609/1249/1135 610/1250/1136 608/1238/1124
f 608/1238/1124 610/1250/1136 611/1251/1137
f 608/1238/1124 611/1251/1137 612/1252/1138
f 612/1252/1138 613/1253/1139 608/1238/1124
f 608/1238/1124 613/1253/1139 614/1254/1140
f 608/1238/1124 614/1254/1140 615/1255/1141
f 615/1255/1141 353/1236/1122 608/1238/1124
f 352/1235/1121 616/1256/1142 588/1233/1119
f 588/1233/1119 616/1256/1142 617/1257/1143
f 588/1233/1119 617/1257/1143 618/1258/1144
f 618/1258/1144 619/1259/1145 588/1233/1119
f 588/1233/1119 619/1259/1145 620/1260/1146
f 588/1233/1119 620/1260/1146 621/1261/1147
f 621/1261/1147 622/1262/1148 588/1233/1119
f 604/1263/1149 589/1264/1087 628/1265/1150
f 628/1265/1150 589/1264/1087 120/1266/1086
f 628/1265/1150 120/1266/1086 627/1267/1151
f 627/1267/1151 120/1266/1086 119/1268/1152
f 627/1267/1151 119/1268/1152 624/1269/1153
f 624/1269/1153 119/1268/1152 623/1270/1154
f 623/1270/1154 119/1268/1152 608/1271/1155
f 623/1270/1154 608/1271/1155 607/1272/1156
f 625/1273/1157 626/1274/1158 624/1269/1153
f 624/1269/1153 626/1274/1158 627/1267/1151
f 62/1275/1085 588/1276/1084 629/1277/1159
f 629/1277/1159 588/1276/1084 622/1278/1160
f 629/1277/1159 622/1278/1160 630/1279/1161
f 630/1279/1161 622/1278/1160 621/1280/1162
f 630/1279/1161 621/1280/1162 631/1281/1163
f 631/1281/1163 621/1280/1162 620/1282/1164
f 631/1281/1163 620/1282/1164 632/1283/1165
f 632/1283/1165 620/1282/1164 619/1284/1166
f 632/1283/1165 619/1284/1166 633/1285/1167
f 633/1285/1167 619/1284/1166 618/1286/1168
f 633/1285/1167 618/1286/1168 634/1287/1169
f 634/1287/1169 618/1286/1168 617/1288/1170
f 634/1287/1169 617/1288/1170 635/1289/1171
f 635/1289/1171 617/1288/1170 616/1290/1172
f 635/1289/1171 616/1290/1172 352/1291/584
f 352/1291/584 70/1292/590 635/1289/1171
f 635/1289/1171 70/1292/590 69/1293/1173
f 635/1289/1171 69/1293/1173 634/1287/1169
f 634/1287/1169 69/1293/1173 68/1294/1174
f 634/1287/1169 68/1294/1174 633/1285/1167
f 633/1285/1167 68/1294/1174 67/1295/1175
f 633/1285/1167 67/1295/1175 632/1283/1165
f 632/1283/1165 67/1295/1175 66/1296/1176
f 632/1283/1165 66/1296/1176 631/1281/1163
f 631/1281/1163 66/1296/1176 65/1297/1177
f 631/1281/1163 65/1297/1177 630/1279/1161
f 630/1279/1161 65/1297/1177 64/1298/1178
f 630/1279/1161 64/1298/1178 629/1277/1159
f 629/1277/1159 64/1298/1178 63/1299/1179
f 629/1277/1159 63/1299/1179 62/1275/1085
f 111/1300/588 353/1301/585 636/1302/1180
f 636/1302/1180 353/1301/585 615/1303/1181
f 636/1302/1180 615/1303/1181 637/1304/1182
f 637/1304/1182 615/1303/1181 614/1305/1183
f 637/1304/1182 614/1305/1183 638/1306/1184
f 638/1306/1184 614/1305/1183 613/1307/1185
f 638/1306/1184 613/1307/1185 639/1308/1186
f 639/1308/1186 613/1307/1185 612/1309/1187
f 639/1308/1186 612/1309/1187 640/1310/1188
f 640/1310/1188 612/1309/1187 611/1311/1189
f 640/1310/1188 611/1311/1189 641/1312/1190
f 641/1312/1190 611/1311/1189 610/1313/1191
f 641/1312/1190 610/1313/1191 642/1314/1192
f 642/1314/1192 610/1313/1191 609/1315/1193
f 642/1314/1192 609/1315/1193 608/1316/1155
f 608/1316/1155 119/1317/1152 642/1314/1192
f 642/1314/1192 119/1317/1152 118/1318/1194
f 642/1314/1192 118/1318/1194 641/1312/1190
f 641/1312/1190 118/1318/1194 117/1319/1195
f 641/1312/1190 117/1319/1195 640/1310/1188
f 640/1310/1188 117/1319/1195 116/1320/1196
f 640/1310/1188 116/1320/1196 639/1308/1186
f 639/1308/1186 116/1320/1196 115/1321/1197
f 639/1308/1186 115/1321/1197 638/1306/1184
f 638/1306/1184 115/1321/1197 114/1322/1198
f 638/1306/1184 114/1322/1198 637/1304/1182
f 637/1304/1182 114/1322/1198 113/1323/1199
f 637/1304/1182 113/1323/1199 636/1302/1180
f 636/1302/1180 113/1323/1199 112/1324/1200
f 636/1302/1180 112/1324/1200 111/1300/588
f 605/1325/1201 604/1326/1202 643/1327/1203
f 643/1327/1203 604/1326/1202 628/1328/1204
f 606/1329/1205 605/1330/1206 644/1331/1207
f 644/1331/1207 605/1330/1206 643/1332/1208
f 607/1333/1209 606/1334/1210 623/1335/1211
f 623/1335/1211 606/1334/1210 644/1336/1212
f 645/1337/1213 625/1338/1214 646/1339/1215
f 646/1339/1215 625/1338/1214 624/1340/1216
f 647/1341/1217 645/1342/1218 648/1343/1219
f 648/1343/1219 645/1342/1218 646/1344/1220
f 626/1345/1221 647/1346/1222 627/1347/1223
f 627/1347/1223 647/1346/1222 648/1348/1224
f 627/1349/1225 648/1350/1226 628/1351/1227
f 628/1351/1227 648/1350/1226 643/1352/1228
f 643/1352/1228 648/1350/1226 644/1353/1229
f 644/1353/1229 648/1350/1226 646/1354/1230
f 644/1353/1229 646/1354/1230 623/1355/1231
f 623/1355/1231 646/1354/1230 624/1356/1232
f 625/1357/1233 645/1358/1234 626/1359/1235
f 626/1359/1235 645/1358/1234 647/1360/1236
f 550/1361/1029 558/1362/1039 174/1363/1030
f 174/1363/1030 558/1362/1039 175/1364/1038
f 516/1365/1237 515/1366/1238 517/1367/1239
f 517/1367/1239 515/1366/1238 514/1368/1240
f 517/1367/1239 514/1368/1240 513/1369/1241
f 513/1369/1241 512/1370/1242 517/1367/1239
f 517/1367/1239 512/1370/1242 511/1371/1243
f 517/1367/1239 511/1371/1243 510/1372/1244
f 510/1372/1244 509/1373/1245 517/1367/1239
f 517/1367/1239 509/1373/1245 550/1374/1246
f 517/1367/1239 550/1374/1246 542/1375/1247
f 542/1375/1247 550/1374/1246 549/1376/1248
f 542/1375/1247 549/1376/1248 548/1377/1249
f 509/1373/1245 525/1378/1250 550/1374/1246
f 550/1374/1246 525/1378/1250 558/1379/1251
f 558/1379/1251 525/1378/1250 526/1380/1252
f 558/1379/1251 526/1380/1252 541/1381/1253
f 525/1378/1250 533/1382/1254 526/1380/1252
f 526/1380/1252 533/1382/1254 532/1383/1255
f 526/1380/1252 532/1383/1255 531/1384/1256
f 531/1384/1256 530/1385/1257 526/1380/1252
f 526/1380/1252 530/1385/1257 529/1386/1258
f 526/1380/1252 529/1386/1258 528/1387/1259
f 528/1387/1259 527/1388/1260 526/1380/1252
f 565/1389/1261 564/1390/1262 541/1381/1253
f 541/1381/1253 564/1390/1262 563/1391/1263
f 541/1381/1253 563/1391/1263 562/1392/1264
f 562/1392/1264 561/1393/1265 541/1381/1253
f 541/1381/1253 561/1393/1265 560/1394/1266
f 541/1381/1253 560/1394/1266 559/1395/1267
f 559/1395/1267 558/1379/1251 541/1381/1253
f 548/1377/1249 547/1396/1268 542/1375/1247
f 542/1375/1247 547/1396/1268 546/1397/1269
f 542/1375/1247 546/1397/1269 545/1398/1270
f 545/1398/1270 544/1399/1271 542/1375/1247
f 542/1375/1247 544/1399/1271 543/1400/1272
# 648 vertices
# 1400 texture params
# 1272 normals
# 1292 facets

# 1 groups
