  0
SECTION
  2
HEADER
  9
$ANGBASE
  50
0.0
  9
$ANGDIR
  70
1
  9
$MEASUREMENT
  70
1
  0
ENDSEC
  0
SECTION
  2
TABLES
  0
TABLE
  2
LTYPE
  70
4
  0
LTYPE
  5
40F
  2
CONTINUOUS
  70
0
  3
Solid line
  72
65
  73
0
  40
0.0
  0
LTYPE
  5
410
  2
DASHDOT
 70
0
  3
Dash Dot ____ _ ____ _
 72
65
 73
4
 40
2.0
 49
1.25
 49
-0.25
 49
0.25
 49
-0.25
  0
LTYPE
  5
411
  2
DASHED
 70
0
  3
Dashed __ __ __ __ __
 72
65
 73
2
 40
0.75
 49
0.5
 49
-0.25
  0
LTYPE
  5
43B
  2
DOTTED
 70
0
  3
Dotted .  .  .  .
 72
65
 73
2
 40
0.2
 49
0.0
 49
-0.2
  0
ENDTAB
  0
TABLE
  2
STYLE
  70
4
  0
STYLE
  2
KICAD
  70
0
  40
0
  41
1
  42
1
  50
0
  71
0
  3
isocp.shx
  0
STYLE
  2
KICADB
  70
0
  40
0
  41
1
  42
1
  50
0
  71
0
  3
isocp.shx
  0
STYLE
  2
KICADI
  70
0
  40
0
  41
1
  42
1
  50
15
  71
0
  3
isocp.shx
  0
STYLE
  2
KICADBI
  70
0
  40
0
  41
1
  42
1
  50
15
  71
0
  3
isocp.shx
  0
ENDTAB
  0
TABLE
  2
LAYER
  70
1
  0
LAYER
  2
BLACK
  70
0
  62
7
  6
CONTINUOUS
  0
ENDTAB
  0
ENDSEC
  0
SECTION
  2
ENTITIES
0
LINE
8
BLACK
6
CONTINUOUS
10
198.7222280000000012
20
-133.5054480000000012
11
198.867116999999979
21
-133.5654629999999941
0
LINE
8
BLACK
6
CONTINUOUS
10
198.867116999999979
20
-133.5654629999999941
11
198.9975149999999928
21
-133.6525919999999985
0
LINE
8
BLACK
6
CONTINUOUS
10
198.9975149999999928
20
-133.6525919999999985
11
199.1084079999999972
21
-133.7634850000000029
0
LINE
8
BLACK
6
CONTINUOUS
10
199.1084079999999972
20
-133.7634850000000029
11
199.1955370000000016
21
-133.8938829999999882
0
LINE
8
BLACK
6
CONTINUOUS
10
199.1955370000000016
20
-133.8938829999999882
11
199.211088999999987
21
-133.9314289999999801
0
LINE
8
BLACK
6
CONTINUOUS
10
199.211088999999987
20
-133.9314289999999801
11
212.5778629999999794
21
-147.2982030000000009
0
LINE
8
BLACK
6
CONTINUOUS
10
212.5778629999999794
20
-147.2982030000000009
11
212.617116999999979
21
-147.3144629999999893
0
LINE
8
BLACK
6
CONTINUOUS
10
212.617116999999979
20
-147.3144629999999893
11
212.7475149999999928
21
-147.4015919999999937
0
LINE
8
BLACK
6
CONTINUOUS
10
212.7475149999999928
20
-147.4015919999999937
11
212.8584079999999972
21
-147.5124849999999981
0
LINE
8
BLACK
6
CONTINUOUS
10
212.8584079999999972
20
-147.5124849999999981
11
212.9455370000000016
21
-147.6428829999999834
0
LINE
8
BLACK
6
CONTINUOUS
10
212.9455370000000016
20
-147.6428829999999834
11
213.0055519999999945
21
-147.7877719999999897
0
LINE
8
BLACK
6
CONTINUOUS
10
213.0055519999999945
20
-147.7877719999999897
11
213.0361479999999972
21
-147.9415860000000009
0
LINE
8
BLACK
6
CONTINUOUS
10
213.0361479999999972
20
-147.9415860000000009
11
213.0361479999999972
21
-148.0984139999999911
0
LINE
8
BLACK
6
CONTINUOUS
10
213.0361479999999972
20
-148.0984139999999911
11
213.0055519999999945
21
-148.2522280000000023
0
LINE
8
BLACK
6
CONTINUOUS
10
213.0055519999999945
20
-148.2522280000000023
11
212.9455370000000016
21
-148.3971169999999802
0
LINE
8
BLACK
6
CONTINUOUS
10
212.9455370000000016
20
-148.3971169999999802
11
212.8584079999999972
21
-148.527514999999994
0
LINE
8
BLACK
6
CONTINUOUS
10
212.8584079999999972
20
-148.527514999999994
11
212.7475149999999928
21
-148.6384079999999983
0
LINE
8
BLACK
6
CONTINUOUS
10
212.7475149999999928
20
-148.6384079999999983
11
212.617116999999979
21
-148.7255370000000028
0
LINE
8
BLACK
6
CONTINUOUS
10
212.617116999999979
20
-148.7255370000000028
11
212.4722280000000012
21
-148.7855519999999956
0
LINE
8
BLACK
6
CONTINUOUS
10
212.4722280000000012
20
-148.7855519999999956
11
212.31841399999999
21
-148.8161479999999983
0
LINE
8
BLACK
6
CONTINUOUS
10
212.31841399999999
20
-148.8161479999999983
11
212.1615859999999998
21
-148.8161479999999983
0
LINE
8
BLACK
6
CONTINUOUS
10
212.1615859999999998
20
-148.8161479999999983
11
212.0077719999999886
21
-148.7855519999999956
0
LINE
8
BLACK
6
CONTINUOUS
10
212.0077719999999886
20
-148.7855519999999956
11
211.8628829999999823
21
-148.7255370000000028
0
LINE
8
BLACK
6
CONTINUOUS
10
211.8628829999999823
20
-148.7255370000000028
11
211.7324849999999969
21
-148.6384079999999983
0
LINE
8
BLACK
6
CONTINUOUS
10
211.7324849999999969
20
-148.6384079999999983
11
211.6215919999999926
21
-148.527514999999994
0
LINE
8
BLACK
6
CONTINUOUS
10
211.6215919999999926
20
-148.527514999999994
11
211.5344629999999881
21
-148.3971169999999802
0
LINE
8
BLACK
6
CONTINUOUS
10
211.5344629999999881
20
-148.3971169999999802
11
211.5196169999999825
21
-148.3612770000000012
0
LINE
8
BLACK
6
CONTINUOUS
10
211.5196169999999825
20
-148.3612770000000012
11
198.1504290000000026
21
-134.9920889999999929
0
LINE
8
BLACK
6
CONTINUOUS
10
198.1504290000000026
20
-134.9920889999999929
11
198.1128829999999823
21
-134.9765370000000075
0
LINE
8
BLACK
6
CONTINUOUS
10
198.1128829999999823
20
-134.9765370000000075
11
197.9824849999999969
21
-134.8894080000000031
0
LINE
8
BLACK
6
CONTINUOUS
10
197.9824849999999969
20
-134.8894080000000031
11
197.8715919999999926
21
-134.7785149999999987
0
LINE
8
BLACK
6
CONTINUOUS
10
197.8715919999999926
20
-134.7785149999999987
11
197.7844629999999881
21
-134.648116999999985
0
LINE
8
BLACK
6
CONTINUOUS
10
197.7844629999999881
20
-134.648116999999985
11
197.7244479999999953
21
-134.5032280000000071
0
LINE
8
BLACK
6
CONTINUOUS
10
197.7244479999999953
20
-134.5032280000000071
11
197.6938519999999926
21
-134.3494139999999959
0
LINE
8
BLACK
6
CONTINUOUS
10
197.6938519999999926
20
-134.3494139999999959
11
197.6938519999999926
21
-134.1925860000000057
0
LINE
8
BLACK
6
CONTINUOUS
10
197.6938519999999926
20
-134.1925860000000057
11
197.7244479999999953
21
-134.0387719999999945
0
LINE
8
BLACK
6
CONTINUOUS
10
197.7244479999999953
20
-134.0387719999999945
11
197.7844629999999881
21
-133.8938829999999882
0
LINE
8
BLACK
6
CONTINUOUS
10
197.7844629999999881
20
-133.8938829999999882
11
197.8715919999999926
21
-133.7634850000000029
0
LINE
8
BLACK
6
CONTINUOUS
10
197.8715919999999926
20
-133.7634850000000029
11
197.9824849999999969
21
-133.6525919999999985
0
LINE
8
BLACK
6
CONTINUOUS
10
197.9824849999999969
20
-133.6525919999999985
11
198.1128829999999823
21
-133.5654629999999941
0
LINE
8
BLACK
6
CONTINUOUS
10
198.1128829999999823
20
-133.5654629999999941
11
198.2577719999999886
21
-133.5054480000000012
0
LINE
8
BLACK
6
CONTINUOUS
10
198.2577719999999886
20
-133.5054480000000012
11
198.4115859999999998
21
-133.4748519999999985
0
LINE
8
BLACK
6
CONTINUOUS
10
198.4115859999999998
20
-133.4748519999999985
11
198.56841399999999
21
-133.4748519999999985
0
LINE
8
BLACK
6
CONTINUOUS
10
198.56841399999999
20
-133.4748519999999985
11
198.7222280000000012
21
-133.5054480000000012
0
LINE
8
BLACK
6
CONTINUOUS
10
125.5822280000000006
20
-128.9034479999999974
11
125.7271169999999927
21
-128.9634629999999902
0
LINE
8
BLACK
6
CONTINUOUS
10
125.7271169999999927
20
-128.9634629999999902
11
125.8575149999999923
21
-129.0505919999999946
0
LINE
8
BLACK
6
CONTINUOUS
10
125.8575149999999923
20
-129.0505919999999946
11
125.9684079999999966
21
-129.161484999999999
0
LINE
8
BLACK
6
CONTINUOUS
10
125.9684079999999966
20
-129.161484999999999
11
126.0555370000000011
21
-129.2918829999999843
0
LINE
8
BLACK
6
CONTINUOUS
10
126.0555370000000011
20
-129.2918829999999843
11
126.1155519999999939
21
-129.4367719999999906
0
LINE
8
BLACK
6
CONTINUOUS
10
126.1155519999999939
20
-129.4367719999999906
11
126.1461479999999966
21
-129.5905860000000018
0
LINE
8
BLACK
6
CONTINUOUS
10
126.1461479999999966
20
-129.5905860000000018
11
126.1461479999999966
21
-129.747413999999992
0
LINE
8
BLACK
6
CONTINUOUS
10
126.1461479999999966
20
-129.747413999999992
11
126.1155519999999939
21
-129.9012280000000032
0
LINE
8
BLACK
6
CONTINUOUS
10
126.1155519999999939
20
-129.9012280000000032
11
126.0999999999999943
21
-129.9387729999999976
0
LINE
8
BLACK
6
CONTINUOUS
10
126.0999999999999943
20
-129.9387729999999976
11
126.0999999999999943
21
-143.7293400000000076
0
LINE
8
BLACK
6
CONTINUOUS
10
126.0999999999999943
20
-143.7293400000000076
11
127.4395699999999891
21
-145.0689099999999883
0
LINE
8
BLACK
6
CONTINUOUS
10
127.4395699999999891
20
-145.0689099999999883
11
127.4771169999999927
21
-145.0844629999999995
0
LINE
8
BLACK
6
CONTINUOUS
10
127.4771169999999927
20
-145.0844629999999995
11
127.6075149999999923
21
-145.171592000000004
0
LINE
8
BLACK
6
CONTINUOUS
10
127.6075149999999923
20
-145.171592000000004
11
127.7184079999999966
21
-145.2824849999999799
0
LINE
8
BLACK
6
CONTINUOUS
10
127.7184079999999966
20
-145.2824849999999799
11
127.8055370000000011
21
-145.4128829999999937
0
LINE
8
BLACK
6
CONTINUOUS
10
127.8055370000000011
20
-145.4128829999999937
11
127.8655519999999939
21
-145.5577719999999999
0
LINE
8
BLACK
6
CONTINUOUS
10
127.8655519999999939
20
-145.5577719999999999
11
127.8961479999999966
21
-145.7115859999999827
0
LINE
8
BLACK
6
CONTINUOUS
10
127.8961479999999966
20
-145.7115859999999827
11
127.8961479999999966
21
-145.8684140000000014
0
LINE
8
BLACK
6
CONTINUOUS
10
127.8961479999999966
20
-145.8684140000000014
11
127.8655519999999939
21
-146.0222279999999841
0
LINE
8
BLACK
6
CONTINUOUS
10
127.8655519999999939
20
-146.0222279999999841
11
127.8055370000000011
21
-146.1671169999999904
0
LINE
8
BLACK
6
CONTINUOUS
10
127.8055370000000011
20
-146.1671169999999904
11
127.7184079999999966
21
-146.2975150000000042
0
LINE
8
BLACK
6
CONTINUOUS
10
127.7184079999999966
20
-146.2975150000000042
11
127.6075149999999923
21
-146.4084079999999801
0
LINE
8
BLACK
6
CONTINUOUS
10
127.6075149999999923
20
-146.4084079999999801
11
127.4771169999999927
21
-146.4955369999999846
0
LINE
8
BLACK
6
CONTINUOUS
10
127.4771169999999927
20
-146.4955369999999846
11
127.3322280000000006
21
-146.5555520000000058
0
LINE
8
BLACK
6
CONTINUOUS
10
127.3322280000000006
20
-146.5555520000000058
11
127.1784139999999894
21
-146.5861479999999801
0
LINE
8
BLACK
6
CONTINUOUS
10
127.1784139999999894
20
-146.5861479999999801
11
127.0215859999999992
21
-146.5861479999999801
0
LINE
8
BLACK
6
CONTINUOUS
10
127.0215859999999992
20
-146.5861479999999801
11
126.867771999999988
21
-146.5555520000000058
0
LINE
8
BLACK
6
CONTINUOUS
10
126.867771999999988
20
-146.5555520000000058
11
126.7228829999999959
21
-146.4955369999999846
0
LINE
8
BLACK
6
CONTINUOUS
10
126.7228829999999959
20
-146.4955369999999846
11
126.5924849999999964
21
-146.4084079999999801
0
LINE
8
BLACK
6
CONTINUOUS
10
126.5924849999999964
20
-146.4084079999999801
11
126.481591999999992
21
-146.2975150000000042
0
LINE
8
BLACK
6
CONTINUOUS
10
126.481591999999992
20
-146.2975150000000042
11
126.3944629999999876
21
-146.1671169999999904
0
LINE
8
BLACK
6
CONTINUOUS
10
126.3944629999999876
20
-146.1671169999999904
11
126.3789099999999905
21
-146.1295700000000011
0
LINE
8
BLACK
6
CONTINUOUS
10
126.3789099999999905
20
-146.1295700000000011
11
124.8196699999999879
21
-144.5703299999999842
0
LINE
8
BLACK
6
CONTINUOUS
10
124.8196699999999879
20
-144.5703299999999842
11
124.7702419999999961
21
-144.5157949999999971
0
LINE
8
BLACK
6
CONTINUOUS
10
124.7702419999999961
20
-144.5157949999999971
11
124.6885589999999979
21
-144.3935479999999814
0
LINE
8
BLACK
6
CONTINUOUS
10
124.6885589999999979
20
-144.3935479999999814
11
124.6652529999999928
21
-144.3372829999999851
0
LINE
8
BLACK
6
CONTINUOUS
10
124.6652529999999928
20
-144.3372829999999851
11
124.6322939999999875
21
-144.2577129999999954
0
LINE
8
BLACK
6
CONTINUOUS
10
124.6322939999999875
20
-144.2577129999999954
11
124.6036110000000008
21
-144.1135129999999833
0
LINE
8
BLACK
6
CONTINUOUS
10
124.6036110000000008
20
-144.1135129999999833
11
124.5999999999999943
21
-144.039999999999992
0
LINE
8
BLACK
6
CONTINUOUS
10
124.5999999999999943
20
-144.039999999999992
11
124.5999999999999943
21
-129.9387729999999976
0
LINE
8
BLACK
6
CONTINUOUS
10
124.5999999999999943
20
-129.9387729999999976
11
124.5844479999999947
21
-129.9012280000000032
0
LINE
8
BLACK
6
CONTINUOUS
10
124.5844479999999947
20
-129.9012280000000032
11
124.553851999999992
21
-129.747413999999992
0
LINE
8
BLACK
6
CONTINUOUS
10
124.553851999999992
20
-129.747413999999992
11
124.553851999999992
21
-129.5905860000000018
0
LINE
8
BLACK
6
CONTINUOUS
10
124.553851999999992
20
-129.5905860000000018
11
124.5844479999999947
21
-129.4367719999999906
0
LINE
8
BLACK
6
CONTINUOUS
10
124.5844479999999947
20
-129.4367719999999906
11
124.6444629999999876
21
-129.2918829999999843
0
LINE
8
BLACK
6
CONTINUOUS
10
124.6444629999999876
20
-129.2918829999999843
11
124.731591999999992
21
-129.161484999999999
0
LINE
8
BLACK
6
CONTINUOUS
10
124.731591999999992
20
-129.161484999999999
11
124.8424849999999964
21
-129.0505919999999946
0
LINE
8
BLACK
6
CONTINUOUS
10
124.8424849999999964
20
-129.0505919999999946
11
124.9728829999999959
21
-128.9634629999999902
0
LINE
8
BLACK
6
CONTINUOUS
10
124.9728829999999959
20
-128.9634629999999902
11
125.117771999999988
21
-128.9034479999999974
0
LINE
8
BLACK
6
CONTINUOUS
10
125.117771999999988
20
-128.9034479999999974
11
125.2715859999999992
21
-128.8728519999999946
0
LINE
8
BLACK
6
CONTINUOUS
10
125.2715859999999992
20
-128.8728519999999946
11
125.4284139999999894
21
-128.8728519999999946
0
LINE
8
BLACK
6
CONTINUOUS
10
125.4284139999999894
20
-128.8728519999999946
11
125.5822280000000006
21
-128.9034479999999974
0
LINE
8
BLACK
6
CONTINUOUS
10
222.0822279999999864
20
-145.0104479999999967
11
222.2271169999999927
21
-145.0704629999999895
0
LINE
8
BLACK
6
CONTINUOUS
10
222.2271169999999927
20
-145.0704629999999895
11
222.357514999999978
21
-145.157591999999994
0
LINE
8
BLACK
6
CONTINUOUS
10
222.357514999999978
20
-145.157591999999994
11
222.4684079999999824
21
-145.2684849999999983
0
LINE
8
BLACK
6
CONTINUOUS
10
222.4684079999999824
20
-145.2684849999999983
11
222.5555369999999868
21
-145.3988829999999837
0
LINE
8
BLACK
6
CONTINUOUS
10
222.5555369999999868
20
-145.3988829999999837
11
222.6155519999999797
21
-145.5437719999999899
0
LINE
8
BLACK
6
CONTINUOUS
10
222.6155519999999797
20
-145.5437719999999899
11
222.6461479999999824
21
-145.6975860000000011
0
LINE
8
BLACK
6
CONTINUOUS
10
222.6461479999999824
20
-145.6975860000000011
11
222.6461479999999824
21
-145.8544139999999913
0
LINE
8
BLACK
6
CONTINUOUS
10
222.6461479999999824
20
-145.8544139999999913
11
222.6155519999999797
21
-146.0082280000000026
0
LINE
8
BLACK
6
CONTINUOUS
10
222.6155519999999797
20
-146.0082280000000026
11
222.5555369999999868
21
-146.1531169999999804
0
LINE
8
BLACK
6
CONTINUOUS
10
222.5555369999999868
20
-146.1531169999999804
11
222.4684079999999824
21
-146.2835149999999942
0
LINE
8
BLACK
6
CONTINUOUS
10
222.4684079999999824
20
-146.2835149999999942
11
222.357514999999978
21
-146.3944079999999985
0
LINE
8
BLACK
6
CONTINUOUS
10
222.357514999999978
20
-146.3944079999999985
11
222.2271169999999927
21
-146.481537000000003
0
LINE
8
BLACK
6
CONTINUOUS
10
222.2271169999999927
20
-146.481537000000003
11
222.0822279999999864
21
-146.5415519999999958
0
LINE
8
BLACK
6
CONTINUOUS
10
222.0822279999999864
20
-146.5415519999999958
11
221.9284140000000036
21
-146.5721479999999985
0
LINE
8
BLACK
6
CONTINUOUS
10
221.9284140000000036
20
-146.5721479999999985
11
221.771585999999985
21
-146.5721479999999985
0
LINE
8
BLACK
6
CONTINUOUS
10
221.771585999999985
20
-146.5721479999999985
11
221.6177720000000022
21
-146.5415519999999958
0
LINE
8
BLACK
6
CONTINUOUS
10
221.6177720000000022
20
-146.5415519999999958
11
221.4728829999999959
21
-146.481537000000003
0
LINE
8
BLACK
6
CONTINUOUS
10
221.4728829999999959
20
-146.481537000000003
11
221.3424849999999822
21
-146.3944079999999985
0
LINE
8
BLACK
6
CONTINUOUS
10
221.3424849999999822
20
-146.3944079999999985
11
221.2315919999999778
21
-146.2835149999999942
0
LINE
8
BLACK
6
CONTINUOUS
10
221.2315919999999778
20
-146.2835149999999942
11
221.1444630000000018
21
-146.1531169999999804
0
LINE
8
BLACK
6
CONTINUOUS
10
221.1444630000000018
20
-146.1531169999999804
11
221.0844479999999805
21
-146.0082280000000026
0
LINE
8
BLACK
6
CONTINUOUS
10
221.0844479999999805
20
-146.0082280000000026
11
221.0538519999999778
21
-145.8544139999999913
0
LINE
8
BLACK
6
CONTINUOUS
10
221.0538519999999778
20
-145.8544139999999913
11
221.0538519999999778
21
-145.6975860000000011
0
LINE
8
BLACK
6
CONTINUOUS
10
221.0538519999999778
20
-145.6975860000000011
11
221.0844479999999805
21
-145.5437719999999899
0
LINE
8
BLACK
6
CONTINUOUS
10
221.0844479999999805
20
-145.5437719999999899
11
221.1444630000000018
21
-145.3988829999999837
0
LINE
8
BLACK
6
CONTINUOUS
10
221.1444630000000018
20
-145.3988829999999837
11
221.2315919999999778
21
-145.2684849999999983
0
LINE
8
BLACK
6
CONTINUOUS
10
221.2315919999999778
20
-145.2684849999999983
11
221.3424849999999822
21
-145.157591999999994
0
LINE
8
BLACK
6
CONTINUOUS
10
221.3424849999999822
20
-145.157591999999994
11
221.4728829999999959
21
-145.0704629999999895
0
LINE
8
BLACK
6
CONTINUOUS
10
221.4728829999999959
20
-145.0704629999999895
11
221.6177720000000022
21
-145.0104479999999967
0
LINE
8
BLACK
6
CONTINUOUS
10
221.6177720000000022
20
-145.0104479999999967
11
221.771585999999985
21
-144.979851999999994
0
LINE
8
BLACK
6
CONTINUOUS
10
221.771585999999985
20
-144.979851999999994
11
221.9284140000000036
21
-144.979851999999994
0
LINE
8
BLACK
6
CONTINUOUS
10
221.9284140000000036
20
-144.979851999999994
11
222.0822279999999864
21
-145.0104479999999967
0
LINE
8
BLACK
6
CONTINUOUS
10
221.6222279999999785
20
-142.7094479999999805
11
221.7671169999999847
21
-142.7694630000000018
0
LINE
8
BLACK
6
CONTINUOUS
10
221.7671169999999847
20
-142.7694630000000018
11
221.8975149999999985
21
-142.8565920000000062
0
LINE
8
BLACK
6
CONTINUOUS
10
221.8975149999999985
20
-142.8565920000000062
11
222.0084080000000029
21
-142.9674849999999822
0
LINE
8
BLACK
6
CONTINUOUS
10
222.0084080000000029
20
-142.9674849999999822
11
222.0955369999999789
21
-143.0978829999999959
0
LINE
8
BLACK
6
CONTINUOUS
10
222.0955369999999789
20
-143.0978829999999959
11
222.1555520000000001
21
-143.2427720000000022
0
LINE
8
BLACK
6
CONTINUOUS
10
222.1555520000000001
20
-143.2427720000000022
11
222.1861480000000029
21
-143.396585999999985
0
LINE
8
BLACK
6
CONTINUOUS
10
222.1861480000000029
20
-143.396585999999985
11
222.1861480000000029
21
-143.5534140000000036
0
LINE
8
BLACK
6
CONTINUOUS
10
222.1861480000000029
20
-143.5534140000000036
11
222.1555520000000001
21
-143.7072279999999864
0
LINE
8
BLACK
6
CONTINUOUS
10
222.1555520000000001
20
-143.7072279999999864
11
222.0955369999999789
21
-143.8521169999999927
0
LINE
8
BLACK
6
CONTINUOUS
10
222.0955369999999789
20
-143.8521169999999927
11
222.0084080000000029
21
-143.9825150000000065
0
LINE
8
BLACK
6
CONTINUOUS
10
222.0084080000000029
20
-143.9825150000000065
11
221.8975149999999985
21
-144.0934079999999824
0
LINE
8
BLACK
6
CONTINUOUS
10
221.8975149999999985
20
-144.0934079999999824
11
221.7671169999999847
21
-144.1805369999999868
0
LINE
8
BLACK
6
CONTINUOUS
10
221.7671169999999847
20
-144.1805369999999868
11
221.6222279999999785
21
-144.2405519999999797
0
LINE
8
BLACK
6
CONTINUOUS
10
221.6222279999999785
20
-144.2405519999999797
11
221.4684139999999957
21
-144.2711479999999824
0
LINE
8
BLACK
6
CONTINUOUS
10
221.4684139999999957
20
-144.2711479999999824
11
221.311585999999977
21
-144.2711479999999824
0
LINE
8
BLACK
6
CONTINUOUS
10
221.311585999999977
20
-144.2711479999999824
11
221.1577719999999943
21
-144.2405519999999797
0
LINE
8
BLACK
6
CONTINUOUS
10
221.1577719999999943
20
-144.2405519999999797
11
221.012882999999988
21
-144.1805369999999868
0
LINE
8
BLACK
6
CONTINUOUS
10
221.012882999999988
20
-144.1805369999999868
11
220.8824850000000026
21
-144.0934079999999824
0
LINE
8
BLACK
6
CONTINUOUS
10
220.8824850000000026
20
-144.0934079999999824
11
220.7715919999999983
21
-143.9825150000000065
0
LINE
8
BLACK
6
CONTINUOUS
10
220.7715919999999983
20
-143.9825150000000065
11
220.6844629999999938
21
-143.8521169999999927
0
LINE
8
BLACK
6
CONTINUOUS
10
220.6844629999999938
20
-143.8521169999999927
11
220.624448000000001
21
-143.7072279999999864
0
LINE
8
BLACK
6
CONTINUOUS
10
220.624448000000001
20
-143.7072279999999864
11
220.5938519999999983
21
-143.5534140000000036
0
LINE
8
BLACK
6
CONTINUOUS
10
220.5938519999999983
20
-143.5534140000000036
11
220.5938519999999983
21
-143.396585999999985
0
LINE
8
BLACK
6
CONTINUOUS
10
220.5938519999999983
20
-143.396585999999985
11
220.624448000000001
21
-143.2427720000000022
0
LINE
8
BLACK
6
CONTINUOUS
10
220.624448000000001
20
-143.2427720000000022
11
220.6844629999999938
21
-143.0978829999999959
0
LINE
8
BLACK
6
CONTINUOUS
10
220.6844629999999938
20
-143.0978829999999959
11
220.7715919999999983
21
-142.9674849999999822
0
LINE
8
BLACK
6
CONTINUOUS
10
220.7715919999999983
20
-142.9674849999999822
11
220.8824850000000026
21
-142.8565920000000062
0
LINE
8
BLACK
6
CONTINUOUS
10
220.8824850000000026
20
-142.8565920000000062
11
221.012882999999988
21
-142.7694630000000018
0
LINE
8
BLACK
6
CONTINUOUS
10
221.012882999999988
20
-142.7694630000000018
11
221.1577719999999943
21
-142.7094479999999805
0
LINE
8
BLACK
6
CONTINUOUS
10
221.1577719999999943
20
-142.7094479999999805
11
221.311585999999977
21
-142.6788520000000062
0
LINE
8
BLACK
6
CONTINUOUS
10
221.311585999999977
20
-142.6788520000000062
11
221.4684139999999957
21
-142.6788520000000062
0
LINE
8
BLACK
6
CONTINUOUS
10
221.4684139999999957
20
-142.6788520000000062
11
221.6222279999999785
21
-142.7094479999999805
0
LINE
8
BLACK
6
CONTINUOUS
10
221.6762279999999805
20
-140.4084479999999928
11
221.8211169999999868
21
-140.4684629999999856
0
LINE
8
BLACK
6
CONTINUOUS
10
221.8211169999999868
20
-140.4684629999999856
11
221.9515150000000006
21
-140.5555919999999901
0
LINE
8
BLACK
6
CONTINUOUS
10
221.9515150000000006
20
-140.5555919999999901
11
222.0624079999999765
21
-140.6664849999999944
0
LINE
8
BLACK
6
CONTINUOUS
10
222.0624079999999765
20
-140.6664849999999944
11
222.1495369999999809
21
-140.7968829999999798
0
LINE
8
BLACK
6
CONTINUOUS
10
222.1495369999999809
20
-140.7968829999999798
11
222.2095520000000022
21
-140.9417719999999861
0
LINE
8
BLACK
6
CONTINUOUS
10
222.2095520000000022
20
-140.9417719999999861
11
222.2401479999999765
21
-141.0955859999999973
0
LINE
8
BLACK
6
CONTINUOUS
10
222.2401479999999765
20
-141.0955859999999973
11
222.2401479999999765
21
-141.2524139999999875
0
LINE
8
BLACK
6
CONTINUOUS
10
222.2401479999999765
20
-141.2524139999999875
11
222.2095520000000022
21
-141.4062279999999987
0
LINE
8
BLACK
6
CONTINUOUS
10
222.2095520000000022
20
-141.4062279999999987
11
222.1495369999999809
21
-141.551117000000005
0
LINE
8
BLACK
6
CONTINUOUS
10
222.1495369999999809
20
-141.551117000000005
11
222.0624079999999765
21
-141.6815149999999903
0
LINE
8
BLACK
6
CONTINUOUS
10
222.0624079999999765
20
-141.6815149999999903
11
221.9515150000000006
21
-141.7924079999999947
0
LINE
8
BLACK
6
CONTINUOUS
10
221.9515150000000006
20
-141.7924079999999947
11
221.8211169999999868
21
-141.8795369999999991
0
LINE
8
BLACK
6
CONTINUOUS
10
221.8211169999999868
20
-141.8795369999999991
11
221.6762279999999805
21
-141.9395519999999919
0
LINE
8
BLACK
6
CONTINUOUS
10
221.6762279999999805
20
-141.9395519999999919
11
221.5224139999999977
21
-141.9701479999999947
0
LINE
8
BLACK
6
CONTINUOUS
10
221.5224139999999977
20
-141.9701479999999947
11
221.3655859999999791
21
-141.9701479999999947
0
LINE
8
BLACK
6
CONTINUOUS
10
221.3655859999999791
20
-141.9701479999999947
11
221.2117719999999963
21
-141.9395519999999919
0
LINE
8
BLACK
6
CONTINUOUS
10
221.2117719999999963
20
-141.9395519999999919
11
221.06688299999999
21
-141.8795369999999991
0
LINE
8
BLACK
6
CONTINUOUS
10
221.06688299999999
20
-141.8795369999999991
11
220.9364849999999763
21
-141.7924079999999947
0
LINE
8
BLACK
6
CONTINUOUS
10
220.9364849999999763
20
-141.7924079999999947
11
220.8255920000000003
21
-141.6815149999999903
0
LINE
8
BLACK
6
CONTINUOUS
10
220.8255920000000003
20
-141.6815149999999903
11
220.7384629999999959
21
-141.551117000000005
0
LINE
8
BLACK
6
CONTINUOUS
10
220.7384629999999959
20
-141.551117000000005
11
220.678448000000003
21
-141.4062279999999987
0
LINE
8
BLACK
6
CONTINUOUS
10
220.678448000000003
20
-141.4062279999999987
11
220.6478520000000003
21
-141.2524139999999875
0
LINE
8
BLACK
6
CONTINUOUS
10
220.6478520000000003
20
-141.2524139999999875
11
220.6478520000000003
21
-141.0955859999999973
0
LINE
8
BLACK
6
CONTINUOUS
10
220.6478520000000003
20
-141.0955859999999973
11
220.678448000000003
21
-140.9417719999999861
0
LINE
8
BLACK
6
CONTINUOUS
10
220.678448000000003
20
-140.9417719999999861
11
220.7384629999999959
21
-140.7968829999999798
0
LINE
8
BLACK
6
CONTINUOUS
10
220.7384629999999959
20
-140.7968829999999798
11
220.8255920000000003
21
-140.6664849999999944
0
LINE
8
BLACK
6
CONTINUOUS
10
220.8255920000000003
20
-140.6664849999999944
11
220.9364849999999763
21
-140.5555919999999901
0
LINE
8
BLACK
6
CONTINUOUS
10
220.9364849999999763
20
-140.5555919999999901
11
221.06688299999999
21
-140.4684629999999856
0
LINE
8
BLACK
6
CONTINUOUS
10
221.06688299999999
20
-140.4684629999999856
11
221.2117719999999963
21
-140.4084479999999928
0
LINE
8
BLACK
6
CONTINUOUS
10
221.2117719999999963
20
-140.4084479999999928
11
221.3655859999999791
21
-140.3778519999999901
0
LINE
8
BLACK
6
CONTINUOUS
10
221.3655859999999791
20
-140.3778519999999901
11
221.5224139999999977
21
-140.3778519999999901
0
LINE
8
BLACK
6
CONTINUOUS
10
221.5224139999999977
20
-140.3778519999999901
11
221.6762279999999805
21
-140.4084479999999928
0
LINE
8
BLACK
6
CONTINUOUS
10
221.5522279999999853
20
-138.1074480000000051
11
221.6971169999999915
21
-138.1674629999999979
0
LINE
8
BLACK
6
CONTINUOUS
10
221.6971169999999915
20
-138.1674629999999979
11
221.8275149999999769
21
-138.2545920000000024
0
LINE
8
BLACK
6
CONTINUOUS
10
221.8275149999999769
20
-138.2545920000000024
11
221.9384079999999813
21
-138.3654850000000067
0
LINE
8
BLACK
6
CONTINUOUS
10
221.9384079999999813
20
-138.3654850000000067
11
222.0255369999999857
21
-138.4958829999999921
0
LINE
8
BLACK
6
CONTINUOUS
10
222.0255369999999857
20
-138.4958829999999921
11
222.0855519999999785
21
-138.6407719999999983
0
LINE
8
BLACK
6
CONTINUOUS
10
222.0855519999999785
20
-138.6407719999999983
11
222.1161479999999813
21
-138.7945859999999811
0
LINE
8
BLACK
6
CONTINUOUS
10
222.1161479999999813
20
-138.7945859999999811
11
222.1161479999999813
21
-138.9514139999999998
0
LINE
8
BLACK
6
CONTINUOUS
10
222.1161479999999813
20
-138.9514139999999998
11
222.0855519999999785
21
-139.1052279999999826
0
LINE
8
BLACK
6
CONTINUOUS
10
222.0855519999999785
20
-139.1052279999999826
11
222.0255369999999857
21
-139.2501169999999888
0
LINE
8
BLACK
6
CONTINUOUS
10
222.0255369999999857
20
-139.2501169999999888
11
221.9384079999999813
21
-139.3805150000000026
0
LINE
8
BLACK
6
CONTINUOUS
10
221.9384079999999813
20
-139.3805150000000026
11
221.8275149999999769
21
-139.491408000000007
0
LINE
8
BLACK
6
CONTINUOUS
10
221.8275149999999769
20
-139.491408000000007
11
221.6971169999999915
21
-139.578536999999983
0
LINE
8
BLACK
6
CONTINUOUS
10
221.6971169999999915
20
-139.578536999999983
11
221.5522279999999853
21
-139.6385520000000042
0
LINE
8
BLACK
6
CONTINUOUS
10
221.5522279999999853
20
-139.6385520000000042
11
221.3984140000000025
21
-139.669148000000007
0
LINE
8
BLACK
6
CONTINUOUS
10
221.3984140000000025
20
-139.669148000000007
11
221.2415859999999839
21
-139.669148000000007
0
LINE
8
BLACK
6
CONTINUOUS
10
221.2415859999999839
20
-139.669148000000007
11
221.0877720000000011
21
-139.6385520000000042
0
LINE
8
BLACK
6
CONTINUOUS
10
221.0877720000000011
20
-139.6385520000000042
11
220.9428829999999948
21
-139.578536999999983
0
LINE
8
BLACK
6
CONTINUOUS
10
220.9428829999999948
20
-139.578536999999983
11
220.812484999999981
21
-139.491408000000007
0
LINE
8
BLACK
6
CONTINUOUS
10
220.812484999999981
20
-139.491408000000007
11
220.7015919999999767
21
-139.3805150000000026
0
LINE
8
BLACK
6
CONTINUOUS
10
220.7015919999999767
20
-139.3805150000000026
11
220.6144630000000006
21
-139.2501169999999888
0
LINE
8
BLACK
6
CONTINUOUS
10
220.6144630000000006
20
-139.2501169999999888
11
220.5544479999999794
21
-139.1052279999999826
0
LINE
8
BLACK
6
CONTINUOUS
10
220.5544479999999794
20
-139.1052279999999826
11
220.5238519999999767
21
-138.9514139999999998
0
LINE
8
BLACK
6
CONTINUOUS
10
220.5238519999999767
20
-138.9514139999999998
11
220.5238519999999767
21
-138.7945859999999811
0
LINE
8
BLACK
6
CONTINUOUS
10
220.5238519999999767
20
-138.7945859999999811
11
220.5544479999999794
21
-138.6407719999999983
0
LINE
8
BLACK
6
CONTINUOUS
10
220.5544479999999794
20
-138.6407719999999983
11
220.6144630000000006
21
-138.4958829999999921
0
LINE
8
BLACK
6
CONTINUOUS
10
220.6144630000000006
20
-138.4958829999999921
11
220.7015919999999767
21
-138.3654850000000067
0
LINE
8
BLACK
6
CONTINUOUS
10
220.7015919999999767
20
-138.3654850000000067
11
220.812484999999981
21
-138.2545920000000024
0
LINE
8
BLACK
6
CONTINUOUS
10
220.812484999999981
20
-138.2545920000000024
11
220.9428829999999948
21
-138.1674629999999979
0
LINE
8
BLACK
6
CONTINUOUS
10
220.9428829999999948
20
-138.1674629999999979
11
221.0877720000000011
21
-138.1074480000000051
0
LINE
8
BLACK
6
CONTINUOUS
10
221.0877720000000011
20
-138.1074480000000051
11
221.2415859999999839
21
-138.0768520000000024
0
LINE
8
BLACK
6
CONTINUOUS
10
221.2415859999999839
20
-138.0768520000000024
11
221.3984140000000025
21
-138.0768520000000024
0
LINE
8
BLACK
6
CONTINUOUS
10
221.3984140000000025
20
-138.0768520000000024
11
221.5522279999999853
21
-138.1074480000000051
0
LINE
8
BLACK
6
CONTINUOUS
10
221.5602279999999951
20
-135.806447999999989
11
221.7051170000000013
21
-135.8664629999999818
0
LINE
8
BLACK
6
CONTINUOUS
10
221.7051170000000013
20
-135.8664629999999818
11
221.8355149999999867
21
-135.9535919999999862
0
LINE
8
BLACK
6
CONTINUOUS
10
221.8355149999999867
20
-135.9535919999999862
11
221.946407999999991
21
-136.0644849999999906
0
LINE
8
BLACK
6
CONTINUOUS
10
221.946407999999991
20
-136.0644849999999906
11
222.0335369999999955
21
-136.1948830000000044
0
LINE
8
BLACK
6
CONTINUOUS
10
222.0335369999999955
20
-136.1948830000000044
11
222.0935519999999883
21
-136.3397719999999822
0
LINE
8
BLACK
6
CONTINUOUS
10
222.0935519999999883
20
-136.3397719999999822
11
222.124147999999991
21
-136.4935859999999934
0
LINE
8
BLACK
6
CONTINUOUS
10
222.124147999999991
20
-136.4935859999999934
11
222.124147999999991
21
-136.6504139999999836
0
LINE
8
BLACK
6
CONTINUOUS
10
222.124147999999991
20
-136.6504139999999836
11
222.0935519999999883
21
-136.8042279999999948
0
LINE
8
BLACK
6
CONTINUOUS
10
222.0935519999999883
20
-136.8042279999999948
11
222.0335369999999955
21
-136.9491170000000011
0
LINE
8
BLACK
6
CONTINUOUS
10
222.0335369999999955
20
-136.9491170000000011
11
221.946407999999991
21
-137.0795149999999865
0
LINE
8
BLACK
6
CONTINUOUS
10
221.946407999999991
20
-137.0795149999999865
11
221.8355149999999867
21
-137.1904079999999908
0
LINE
8
BLACK
6
CONTINUOUS
10
221.8355149999999867
20
-137.1904079999999908
11
221.7051170000000013
21
-137.2775369999999953
0
LINE
8
BLACK
6
CONTINUOUS
10
221.7051170000000013
20
-137.2775369999999953
11
221.5602279999999951
21
-137.3375519999999881
0
LINE
8
BLACK
6
CONTINUOUS
10
221.5602279999999951
20
-137.3375519999999881
11
221.4064139999999838
21
-137.3681479999999908
0
LINE
8
BLACK
6
CONTINUOUS
10
221.4064139999999838
20
-137.3681479999999908
11
221.2495859999999936
21
-137.3681479999999908
0
LINE
8
BLACK
6
CONTINUOUS
10
221.2495859999999936
20
-137.3681479999999908
11
221.0957719999999824
21
-137.3375519999999881
0
LINE
8
BLACK
6
CONTINUOUS
10
221.0957719999999824
20
-137.3375519999999881
11
220.9508829999999762
21
-137.2775369999999953
0
LINE
8
BLACK
6
CONTINUOUS
10
220.9508829999999762
20
-137.2775369999999953
11
220.8204849999999908
21
-137.1904079999999908
0
LINE
8
BLACK
6
CONTINUOUS
10
220.8204849999999908
20
-137.1904079999999908
11
220.7095919999999865
21
-137.0795149999999865
0
LINE
8
BLACK
6
CONTINUOUS
10
220.7095919999999865
20
-137.0795149999999865
11
220.622462999999982
21
-136.9491170000000011
0
LINE
8
BLACK
6
CONTINUOUS
10
220.622462999999982
20
-136.9491170000000011
11
220.5624479999999892
21
-136.8042279999999948
0
LINE
8
BLACK
6
CONTINUOUS
10
220.5624479999999892
20
-136.8042279999999948
11
220.5318519999999864
21
-136.6504139999999836
0
LINE
8
BLACK
6
CONTINUOUS
10
220.5318519999999864
20
-136.6504139999999836
11
220.5318519999999864
21
-136.4935859999999934
0
LINE
8
BLACK
6
CONTINUOUS
10
220.5318519999999864
20
-136.4935859999999934
11
220.5624479999999892
21
-136.3397719999999822
0
LINE
8
BLACK
6
CONTINUOUS
10
220.5624479999999892
20
-136.3397719999999822
11
220.622462999999982
21
-136.1948830000000044
0
LINE
8
BLACK
6
CONTINUOUS
10
220.622462999999982
20
-136.1948830000000044
11
220.7095919999999865
21
-136.0644849999999906
0
LINE
8
BLACK
6
CONTINUOUS
10
220.7095919999999865
20
-136.0644849999999906
11
220.8204849999999908
21
-135.9535919999999862
0
LINE
8
BLACK
6
CONTINUOUS
10
220.8204849999999908
20
-135.9535919999999862
11
220.9508829999999762
21
-135.8664629999999818
0
LINE
8
BLACK
6
CONTINUOUS
10
220.9508829999999762
20
-135.8664629999999818
11
221.0957719999999824
21
-135.806447999999989
0
LINE
8
BLACK
6
CONTINUOUS
10
221.0957719999999824
20
-135.806447999999989
11
221.2495859999999936
21
-135.7758519999999862
0
LINE
8
BLACK
6
CONTINUOUS
10
221.2495859999999936
20
-135.7758519999999862
11
221.4064139999999838
21
-135.7758519999999862
0
LINE
8
BLACK
6
CONTINUOUS
10
221.4064139999999838
20
-135.7758519999999862
11
221.5602279999999951
21
-135.806447999999989
0
LINE
8
BLACK
6
CONTINUOUS
10
59.2422279999999972
20
-116.7844479999999976
11
59.3871169999999964
21
-116.8444629999999904
0
LINE
8
BLACK
6
CONTINUOUS
10
59.3871169999999964
20
-116.8444629999999904
11
59.517514999999996
21
-116.9315919999999949
0
LINE
8
BLACK
6
CONTINUOUS
10
59.517514999999996
20
-116.9315919999999949
11
59.6284080000000003
21
-117.0424849999999992
0
LINE
8
BLACK
6
CONTINUOUS
10
59.6284080000000003
20
-117.0424849999999992
11
59.7155369999999976
21
-117.1728829999999988
0
LINE
8
BLACK
6
CONTINUOUS
10
59.7155369999999976
20
-117.1728829999999988
11
59.7755519999999976
21
-117.3177719999999908
0
LINE
8
BLACK
6
CONTINUOUS
10
59.7755519999999976
20
-117.3177719999999908
11
59.8061480000000003
21
-117.4715859999999878
0
LINE
8
BLACK
6
CONTINUOUS
10
59.8061480000000003
20
-117.4715859999999878
11
59.8061480000000003
21
-117.6284139999999923
0
LINE
8
BLACK
6
CONTINUOUS
10
59.8061480000000003
20
-117.6284139999999923
11
59.7755519999999976
21
-117.7822279999999893
0
LINE
8
BLACK
6
CONTINUOUS
10
59.7755519999999976
20
-117.7822279999999893
11
59.7155369999999976
21
-117.9271169999999955
0
LINE
8
BLACK
6
CONTINUOUS
10
59.7155369999999976
20
-117.9271169999999955
11
59.6284080000000003
21
-118.0575149999999951
0
LINE
8
BLACK
6
CONTINUOUS
10
59.6284080000000003
20
-118.0575149999999951
11
59.517514999999996
21
-118.1684079999999994
0
LINE
8
BLACK
6
CONTINUOUS
10
59.517514999999996
20
-118.1684079999999994
11
59.3871169999999964
21
-118.2555369999999897
0
LINE
8
BLACK
6
CONTINUOUS
10
59.3871169999999964
20
-118.2555369999999897
11
59.2422279999999972
21
-118.3155519999999967
0
LINE
8
BLACK
6
CONTINUOUS
10
59.2422279999999972
20
-118.3155519999999967
11
59.0884140000000002
21
-118.3461479999999995
0
LINE
8
BLACK
6
CONTINUOUS
10
59.0884140000000002
20
-118.3461479999999995
11
58.9315859999999958
21
-118.3461479999999995
0
LINE
8
BLACK
6
CONTINUOUS
10
58.9315859999999958
20
-118.3461479999999995
11
58.7777719999999988
21
-118.3155519999999967
0
LINE
8
BLACK
6
CONTINUOUS
10
58.7777719999999988
20
-118.3155519999999967
11
58.7402259999999998
21
-118.2999999999999972
0
LINE
8
BLACK
6
CONTINUOUS
10
58.7402259999999998
20
-118.2999999999999972
11
54.6470839999999995
21
-118.2999999999999972
0
LINE
8
BLACK
6
CONTINUOUS
10
54.6470839999999995
20
-118.2999999999999972
11
50.8356479999999991
21
-122.1114350000000002
0
LINE
8
BLACK
6
CONTINUOUS
10
50.8356479999999991
20
-122.1114350000000002
11
50.7811129999999977
21
-122.160862999999992
0
LINE
8
BLACK
6
CONTINUOUS
10
50.7811129999999977
20
-122.160862999999992
11
50.6588659999999962
21
-122.2425459999999902
0
LINE
8
BLACK
6
CONTINUOUS
10
50.6588659999999962
20
-122.2425459999999902
11
50.6459959999999967
21
-122.2478759999999909
0
LINE
8
BLACK
6
CONTINUOUS
10
50.6459959999999967
20
-122.2478759999999909
11
47.5815429999999964
21
-125.3123299999999887
0
LINE
8
BLACK
6
CONTINUOUS
10
47.5815429999999964
20
-125.3123299999999887
11
47.527007999999995
21
-125.3617579999999947
0
LINE
8
BLACK
6
CONTINUOUS
10
47.527007999999995
20
-125.3617579999999947
11
47.4047610000000006
21
-125.4434409999999929
0
LINE
8
BLACK
6
CONTINUOUS
10
47.4047610000000006
20
-125.4434409999999929
11
47.3484959999999973
21
-125.4667460000000005
0
LINE
8
BLACK
6
CONTINUOUS
10
47.3484959999999973
20
-125.4667460000000005
11
47.2689260000000004
21
-125.4997059999999891
0
LINE
8
BLACK
6
CONTINUOUS
10
47.2689260000000004
20
-125.4997059999999891
11
47.1247259999999955
21
-125.52838899999999
0
LINE
8
BLACK
6
CONTINUOUS
10
47.1247259999999955
20
-125.52838899999999
11
47.0512129999999971
21
-125.5319999999999965
0
LINE
8
BLACK
6
CONTINUOUS
10
47.0512129999999971
20
-125.5319999999999965
11
43.238788999999997
21
-125.5319999999999965
0
LINE
8
BLACK
6
CONTINUOUS
10
43.238788999999997
20
-125.5319999999999965
11
43.1652759999999986
21
-125.52838899999999
0
LINE
8
BLACK
6
CONTINUOUS
10
43.1652759999999986
20
-125.52838899999999
11
43.0210749999999962
21
-125.4997049999999916
0
LINE
8
BLACK
6
CONTINUOUS
10
43.0210749999999962
20
-125.4997049999999916
11
42.8852410000000006
21
-125.4434409999999929
0
LINE
8
BLACK
6
CONTINUOUS
10
42.8852410000000006
20
-125.4434409999999929
11
42.8241170000000011
21
-125.402598999999995
0
LINE
8
BLACK
6
CONTINUOUS
10
42.8241170000000011
20
-125.402598999999995
11
42.7629930000000016
21
-125.3617579999999947
0
LINE
8
BLACK
6
CONTINUOUS
10
42.7629930000000016
20
-125.3617579999999947
11
42.7084589999999977
21
-125.3123299999999887
0
LINE
8
BLACK
6
CONTINUOUS
10
42.7084589999999977
20
-125.3123299999999887
11
39.9766690000000011
21
-122.5805399999999992
0
LINE
8
BLACK
6
CONTINUOUS
10
39.9766690000000011
20
-122.5805399999999992
11
39.9272409999999951
21
-122.5260049999999978
0
LINE
8
BLACK
6
CONTINUOUS
10
39.9272409999999951
20
-122.5260049999999978
11
39.8480500000000006
21
-122.4074869999999891
0
LINE
8
BLACK
6
CONTINUOUS
10
39.8480500000000006
20
-122.4074869999999891
11
39.8455579999999969
21
-122.4037579999999963
0
LINE
8
BLACK
6
CONTINUOUS
10
39.8455579999999969
20
-122.4037579999999963
11
39.8154639999999986
21
-122.3311049999999938
0
LINE
8
BLACK
6
CONTINUOUS
10
39.8154639999999986
20
-122.3311049999999938
11
39.7892930000000007
21
-122.2679229999999961
0
LINE
8
BLACK
6
CONTINUOUS
10
39.7892930000000007
20
-122.2679229999999961
11
39.7606099999999998
21
-122.1237229999999983
0
LINE
8
BLACK
6
CONTINUOUS
10
39.7606099999999998
20
-122.1237229999999983
11
39.7569990000000004
21
-122.0502099999999928
0
LINE
8
BLACK
6
CONTINUOUS
10
39.7569990000000004
20
-122.0502099999999928
11
39.7569990000000004
21
-119.9707699999999875
0
LINE
8
BLACK
6
CONTINUOUS
10
39.7569990000000004
20
-119.9707699999999875
11
39.7414470000000009
21
-119.9332249999999931
0
LINE
8
BLACK
6
CONTINUOUS
10
39.7414470000000009
20
-119.9332249999999931
11
39.7108509999999981
21
-119.7794109999999961
0
LINE
8
BLACK
6
CONTINUOUS
10
39.7108509999999981
20
-119.7794109999999961
11
39.7108509999999981
21
-119.6225829999999917
0
LINE
8
BLACK
6
CONTINUOUS
10
39.7108509999999981
20
-119.6225829999999917
11
39.7414470000000009
21
-119.4687689999999947
0
LINE
8
BLACK
6
CONTINUOUS
10
39.7414470000000009
20
-119.4687689999999947
11
39.8014620000000008
21
-119.3238799999999884
0
LINE
8
BLACK
6
CONTINUOUS
10
39.8014620000000008
20
-119.3238799999999884
11
39.8885909999999981
21
-119.1934819999999888
0
LINE
8
BLACK
6
CONTINUOUS
10
39.8885909999999981
20
-119.1934819999999888
11
39.9994839999999954
21
-119.0825889999999987
0
LINE
8
BLACK
6
CONTINUOUS
10
39.9994839999999954
20
-119.0825889999999987
11
40.1298819999999949
21
-118.9954599999999942
0
LINE
8
BLACK
6
CONTINUOUS
10
40.1298819999999949
20
-118.9954599999999942
11
40.2747710000000012
21
-118.9354450000000014
0
LINE
8
BLACK
6
CONTINUOUS
10
40.2747710000000012
20
-118.9354450000000014
11
40.4285849999999982
21
-118.9048489999999987
0
LINE
8
BLACK
6
CONTINUOUS
10
40.4285849999999982
20
-118.9048489999999987
11
40.5854129999999955
21
-118.9048489999999987
0
LINE
8
BLACK
6
CONTINUOUS
10
40.5854129999999955
20
-118.9048489999999987
11
40.7392269999999996
21
-118.9354450000000014
0
LINE
8
BLACK
6
CONTINUOUS
10
40.7392269999999996
20
-118.9354450000000014
11
40.8841159999999988
21
-118.9954599999999942
0
LINE
8
BLACK
6
CONTINUOUS
10
40.8841159999999988
20
-118.9954599999999942
11
41.0145139999999984
21
-119.0825889999999987
0
LINE
8
BLACK
6
CONTINUOUS
10
41.0145139999999984
20
-119.0825889999999987
11
41.1254069999999956
21
-119.1934819999999888
0
LINE
8
BLACK
6
CONTINUOUS
10
41.1254069999999956
20
-119.1934819999999888
11
41.2125360000000001
21
-119.3238799999999884
0
LINE
8
BLACK
6
CONTINUOUS
10
41.2125360000000001
20
-119.3238799999999884
11
41.272551
21
-119.4687689999999947
0
LINE
8
BLACK
6
CONTINUOUS
10
41.272551
20
-119.4687689999999947
11
41.3031469999999956
21
-119.6225829999999917
0
LINE
8
BLACK
6
CONTINUOUS
10
41.3031469999999956
20
-119.6225829999999917
11
41.3031469999999956
21
-119.7794109999999961
0
LINE
8
BLACK
6
CONTINUOUS
10
41.3031469999999956
20
-119.7794109999999961
11
41.272551
21
-119.9332249999999931
0
LINE
8
BLACK
6
CONTINUOUS
10
41.272551
20
-119.9332249999999931
11
41.2569990000000004
21
-119.9707699999999875
0
LINE
8
BLACK
6
CONTINUOUS
10
41.2569990000000004
20
-119.9707699999999875
11
41.2569990000000004
21
-121.7395499999999942
0
LINE
8
BLACK
6
CONTINUOUS
10
41.2569990000000004
20
-121.7395499999999942
11
43.5494489999999956
21
-124.0319999999999965
0
LINE
8
BLACK
6
CONTINUOUS
10
43.5494489999999956
20
-124.0319999999999965
11
46.7405529999999985
21
-124.0319999999999965
0
LINE
8
BLACK
6
CONTINUOUS
10
46.7405529999999985
20
-124.0319999999999965
11
49.7217780000000005
21
-121.0507750000000016
0
LINE
8
BLACK
6
CONTINUOUS
10
49.7217780000000005
20
-121.0507750000000016
11
49.7763129999999947
21
-121.0013469999999955
0
LINE
8
BLACK
6
CONTINUOUS
10
49.7763129999999947
20
-121.0013469999999955
11
49.8328849999999974
21
-120.9635469999999913
0
LINE
8
BLACK
6
CONTINUOUS
10
49.8328849999999974
20
-120.9635469999999913
11
49.8985599999999963
21
-120.9196639999999974
0
LINE
8
BLACK
6
CONTINUOUS
10
49.8985599999999963
20
-120.9196639999999974
11
49.9114289999999983
21
-120.9143329999999992
0
LINE
8
BLACK
6
CONTINUOUS
10
49.9114289999999983
20
-120.9143329999999992
11
53.8060939999999945
21
-117.0196699999999908
0
LINE
8
BLACK
6
CONTINUOUS
10
53.8060939999999945
20
-117.0196699999999908
11
53.8606289999999959
21
-116.9702419999999989
0
LINE
8
BLACK
6
CONTINUOUS
10
53.8606289999999959
20
-116.9702419999999989
11
53.9184729999999988
21
-116.9315919999999949
0
LINE
8
BLACK
6
CONTINUOUS
10
53.9184729999999988
20
-116.9315919999999949
11
53.9828759999999974
21
-116.8885590000000008
0
LINE
8
BLACK
6
CONTINUOUS
10
53.9828759999999974
20
-116.8885590000000008
11
54.0391410000000008
21
-116.8652529999999956
0
LINE
8
BLACK
6
CONTINUOUS
10
54.0391410000000008
20
-116.8652529999999956
11
54.1187109999999976
21
-116.8322939999999903
0
LINE
8
BLACK
6
CONTINUOUS
10
54.1187109999999976
20
-116.8322939999999903
11
54.2629109999999955
21
-116.8036109999999894
0
LINE
8
BLACK
6
CONTINUOUS
10
54.2629109999999955
20
-116.8036109999999894
11
54.3364240000000009
21
-116.7999999999999972
0
LINE
8
BLACK
6
CONTINUOUS
10
54.3364240000000009
20
-116.7999999999999972
11
58.7402259999999998
21
-116.7999999999999972
0
LINE
8
BLACK
6
CONTINUOUS
10
58.7402259999999998
20
-116.7999999999999972
11
58.7777719999999988
21
-116.7844479999999976
0
LINE
8
BLACK
6
CONTINUOUS
10
58.7777719999999988
20
-116.7844479999999976
11
58.9315859999999958
21
-116.7538519999999949
0
LINE
8
BLACK
6
CONTINUOUS
10
58.9315859999999958
20
-116.7538519999999949
11
59.0884140000000002
21
-116.7538519999999949
0
LINE
8
BLACK
6
CONTINUOUS
10
59.0884140000000002
20
-116.7538519999999949
11
59.2422279999999972
21
-116.7844479999999976
0
LINE
8
BLACK
6
CONTINUOUS
10
59.1932279999999977
20
-114.2444479999999913
11
59.3381169999999969
21
-114.3044629999999984
0
LINE
8
BLACK
6
CONTINUOUS
10
59.3381169999999969
20
-114.3044629999999984
11
59.4685149999999965
21
-114.3915919999999886
0
LINE
8
BLACK
6
CONTINUOUS
10
59.4685149999999965
20
-114.3915919999999886
11
59.5794080000000008
21
-114.502484999999993
0
LINE
8
BLACK
6
CONTINUOUS
10
59.5794080000000008
20
-114.502484999999993
11
59.6665369999999982
21
-114.6328829999999925
0
LINE
8
BLACK
6
CONTINUOUS
10
59.6665369999999982
20
-114.6328829999999925
11
59.7265519999999981
21
-114.7777719999999988
0
LINE
8
BLACK
6
CONTINUOUS
10
59.7265519999999981
20
-114.7777719999999988
11
59.7571480000000008
21
-114.9315859999999958
0
LINE
8
BLACK
6
CONTINUOUS
10
59.7571480000000008
20
-114.9315859999999958
11
59.7571480000000008
21
-115.0884140000000002
0
LINE
8
BLACK
6
CONTINUOUS
10
59.7571480000000008
20
-115.0884140000000002
11
59.7265519999999981
21
-115.2422279999999972
0
LINE
8
BLACK
6
CONTINUOUS
10
59.7265519999999981
20
-115.2422279999999972
11
59.6665369999999982
21
-115.3871169999999893
0
LINE
8
BLACK
6
CONTINUOUS
10
59.6665369999999982
20
-115.3871169999999893
11
59.5794080000000008
21
-115.5175149999999888
0
LINE
8
BLACK
6
CONTINUOUS
10
59.5794080000000008
20
-115.5175149999999888
11
59.4685149999999965
21
-115.6284079999999932
0
LINE
8
BLACK
6
CONTINUOUS
10
59.4685149999999965
20
-115.6284079999999932
11
59.3381169999999969
21
-115.7155369999999976
0
LINE
8
BLACK
6
CONTINUOUS
10
59.3381169999999969
20
-115.7155369999999976
11
59.1932279999999977
21
-115.7755519999999905
0
LINE
8
BLACK
6
CONTINUOUS
10
59.1932279999999977
20
-115.7755519999999905
11
59.0394140000000007
21
-115.8061479999999932
0
LINE
8
BLACK
6
CONTINUOUS
10
59.0394140000000007
20
-115.8061479999999932
11
58.8825859999999963
21
-115.8061479999999932
0
LINE
8
BLACK
6
CONTINUOUS
10
58.8825859999999963
20
-115.8061479999999932
11
58.7287719999999993
21
-115.7755519999999905
0
LINE
8
BLACK
6
CONTINUOUS
10
58.7287719999999993
20
-115.7755519999999905
11
58.6912260000000003
21
-115.7599999999999909
0
LINE
8
BLACK
6
CONTINUOUS
10
58.6912260000000003
20
-115.7599999999999909
11
53.9329779999999985
21
-115.7599999999999909
0
LINE
8
BLACK
6
CONTINUOUS
10
53.9329779999999985
20
-115.7599999999999909
11
49.8825420000000008
21
-119.8104349999999982
0
LINE
8
BLACK
6
CONTINUOUS
10
49.8825420000000008
20
-119.8104349999999982
11
49.8280069999999995
21
-119.8598629999999901
0
LINE
8
BLACK
6
CONTINUOUS
10
49.8280069999999995
20
-119.8598629999999901
11
49.7057599999999979
21
-119.9415459999999882
0
LINE
8
BLACK
6
CONTINUOUS
10
49.7057599999999979
20
-119.9415459999999882
11
49.6928899999999985
21
-119.9468759999999889
0
LINE
8
BLACK
6
CONTINUOUS
10
49.6928899999999985
20
-119.9468759999999889
11
46.6284369999999981
21
-123.011330000000001
0
LINE
8
BLACK
6
CONTINUOUS
10
46.6284369999999981
20
-123.011330000000001
11
46.5739019999999968
21
-123.0607579999999928
0
LINE
8
BLACK
6
CONTINUOUS
10
46.5739019999999968
20
-123.0607579999999928
11
46.4516549999999953
21
-123.1424409999999909
0
LINE
8
BLACK
6
CONTINUOUS
10
46.4516549999999953
20
-123.1424409999999909
11
46.395389999999999
21
-123.1657459999999986
0
LINE
8
BLACK
6
CONTINUOUS
10
46.395389999999999
20
-123.1657459999999986
11
46.3158199999999951
21
-123.1987060000000014
0
LINE
8
BLACK
6
CONTINUOUS
10
46.3158199999999951
20
-123.1987060000000014
11
46.1716199999999972
21
-123.2273889999999881
0
LINE
8
BLACK
6
CONTINUOUS
10
46.1716199999999972
20
-123.2273889999999881
11
46.0981069999999988
21
-123.2309999999999945
0
LINE
8
BLACK
6
CONTINUOUS
10
46.0981069999999988
20
-123.2309999999999945
11
44.1918949999999953
21
-123.2309999999999945
0
LINE
8
BLACK
6
CONTINUOUS
10
44.1918949999999953
20
-123.2309999999999945
11
44.1183819999999969
21
-123.2273889999999881
0
LINE
8
BLACK
6
CONTINUOUS
10
44.1183819999999969
20
-123.2273889999999881
11
43.974181999999999
21
-123.1987060000000014
0
LINE
8
BLACK
6
CONTINUOUS
10
43.974181999999999
20
-123.1987060000000014
11
43.8946119999999951
21
-123.1657459999999986
0
LINE
8
BLACK
6
CONTINUOUS
10
43.8946119999999951
20
-123.1657459999999986
11
43.8383469999999988
21
-123.1424409999999909
0
LINE
8
BLACK
6
CONTINUOUS
10
43.8383469999999988
20
-123.1424409999999909
11
43.7160999999999973
21
-123.0607579999999928
0
LINE
8
BLACK
6
CONTINUOUS
10
43.7160999999999973
20
-123.0607579999999928
11
43.661564999999996
21
-123.011330000000001
0
LINE
8
BLACK
6
CONTINUOUS
10
43.661564999999996
20
-123.011330000000001
11
42.4684290000000004
21
-121.8181939999999912
0
LINE
8
BLACK
6
CONTINUOUS
10
42.4684290000000004
20
-121.8181939999999912
11
42.4308830000000015
21
-121.8026419999999916
0
LINE
8
BLACK
6
CONTINUOUS
10
42.4308830000000015
20
-121.8026419999999916
11
42.3004849999999948
21
-121.7155130000000014
0
LINE
8
BLACK
6
CONTINUOUS
10
42.3004849999999948
20
-121.7155130000000014
11
42.1895919999999975
21
-121.604619999999997
0
LINE
8
BLACK
6
CONTINUOUS
10
42.1895919999999975
20
-121.604619999999997
11
42.1024630000000002
21
-121.4742219999999975
0
LINE
8
BLACK
6
CONTINUOUS
10
42.1024630000000002
20
-121.4742219999999975
11
42.0424480000000003
21
-121.3293329999999912
0
LINE
8
BLACK
6
CONTINUOUS
10
42.0424480000000003
20
-121.3293329999999912
11
42.0118519999999975
21
-121.1755189999999942
0
LINE
8
BLACK
6
CONTINUOUS
10
42.0118519999999975
20
-121.1755189999999942
11
42.0118519999999975
21
-121.0186909999999898
0
LINE
8
BLACK
6
CONTINUOUS
10
42.0118519999999975
20
-121.0186909999999898
11
42.0424480000000003
21
-120.8648769999999928
0
LINE
8
BLACK
6
CONTINUOUS
10
42.0424480000000003
20
-120.8648769999999928
11
42.1024630000000002
21
-120.7199880000000007
0
LINE
8
BLACK
6
CONTINUOUS
10
42.1024630000000002
20
-120.7199880000000007
11
42.1895919999999975
21
-120.5895900000000012
0
LINE
8
BLACK
6
CONTINUOUS
10
42.1895919999999975
20
-120.5895900000000012
11
42.3004849999999948
21
-120.4786969999999968
0
LINE
8
BLACK
6
CONTINUOUS
10
42.3004849999999948
20
-120.4786969999999968
11
42.4308830000000015
21
-120.3915679999999924
0
LINE
8
BLACK
6
CONTINUOUS
10
42.4308830000000015
20
-120.3915679999999924
11
42.5757720000000006
21
-120.3315529999999995
0
LINE
8
BLACK
6
CONTINUOUS
10
42.5757720000000006
20
-120.3315529999999995
11
42.7295859999999976
21
-120.3009569999999968
0
LINE
8
BLACK
6
CONTINUOUS
10
42.7295859999999976
20
-120.3009569999999968
11
42.8864139999999949
21
-120.3009569999999968
0
LINE
8
BLACK
6
CONTINUOUS
10
42.8864139999999949
20
-120.3009569999999968
11
43.040227999999999
21
-120.3315529999999995
0
LINE
8
BLACK
6
CONTINUOUS
10
43.040227999999999
20
-120.3315529999999995
11
43.1851169999999982
21
-120.3915679999999924
0
LINE
8
BLACK
6
CONTINUOUS
10
43.1851169999999982
20
-120.3915679999999924
11
43.3155149999999978
21
-120.4786969999999968
0
LINE
8
BLACK
6
CONTINUOUS
10
43.3155149999999978
20
-120.4786969999999968
11
43.426407999999995
21
-120.5895900000000012
0
LINE
8
BLACK
6
CONTINUOUS
10
43.426407999999995
20
-120.5895900000000012
11
43.5135369999999995
21
-120.7199880000000007
0
LINE
8
BLACK
6
CONTINUOUS
10
43.5135369999999995
20
-120.7199880000000007
11
43.529088999999999
21
-120.7575339999999926
0
LINE
8
BLACK
6
CONTINUOUS
10
43.529088999999999
20
-120.7575339999999926
11
44.502555000000001
21
-121.7309999999999945
0
LINE
8
BLACK
6
CONTINUOUS
10
44.502555000000001
20
-121.7309999999999945
11
45.7874470000000002
21
-121.7309999999999945
0
LINE
8
BLACK
6
CONTINUOUS
10
45.7874470000000002
20
-121.7309999999999945
11
48.7686719999999951
21
-118.7497749999999996
0
LINE
8
BLACK
6
CONTINUOUS
10
48.7686719999999951
20
-118.7497749999999996
11
48.8232069999999965
21
-118.7003469999999936
0
LINE
8
BLACK
6
CONTINUOUS
10
48.8232069999999965
20
-118.7003469999999936
11
48.945453999999998
21
-118.6186639999999954
0
LINE
8
BLACK
6
CONTINUOUS
10
48.945453999999998
20
-118.6186639999999954
11
48.958323
21
-118.6133329999999972
0
LINE
8
BLACK
6
CONTINUOUS
10
48.958323
20
-118.6133329999999972
11
53.0919880000000006
21
-114.4796699999999987
0
LINE
8
BLACK
6
CONTINUOUS
10
53.0919880000000006
20
-114.4796699999999987
11
53.1465229999999949
21
-114.4302419999999927
0
LINE
8
BLACK
6
CONTINUOUS
10
53.1465229999999949
20
-114.4302419999999927
11
53.2043669999999977
21
-114.3915919999999886
0
LINE
8
BLACK
6
CONTINUOUS
10
53.2043669999999977
20
-114.3915919999999886
11
53.2687699999999964
21
-114.3485589999999945
0
LINE
8
BLACK
6
CONTINUOUS
10
53.2687699999999964
20
-114.3485589999999945
11
53.3267139999999955
21
-114.3245579999999961
0
LINE
8
BLACK
6
CONTINUOUS
10
53.3267139999999955
20
-114.3245579999999961
11
53.4046049999999966
21
-114.2922939999999983
0
LINE
8
BLACK
6
CONTINUOUS
10
53.4046049999999966
20
-114.2922939999999983
11
53.5488049999999944
21
-114.2636109999999974
0
LINE
8
BLACK
6
CONTINUOUS
10
53.5488049999999944
20
-114.2636109999999974
11
53.6223179999999999
21
-114.2599999999999909
0
LINE
8
BLACK
6
CONTINUOUS
10
53.6223179999999999
20
-114.2599999999999909
11
58.6912260000000003
21
-114.2599999999999909
0
LINE
8
BLACK
6
CONTINUOUS
10
58.6912260000000003
20
-114.2599999999999909
11
58.7287719999999993
21
-114.2444479999999913
0
LINE
8
BLACK
6
CONTINUOUS
10
58.7287719999999993
20
-114.2444479999999913
11
58.8825859999999963
21
-114.2138519999999886
0
LINE
8
BLACK
6
CONTINUOUS
10
58.8825859999999963
20
-114.2138519999999886
11
59.0394140000000007
21
-114.2138519999999886
0
LINE
8
BLACK
6
CONTINUOUS
10
59.0394140000000007
20
-114.2138519999999886
11
59.1932279999999977
21
-114.2444479999999913
0
LINE
8
BLACK
6
CONTINUOUS
10
191.7912279999999896
20
-116.7844479999999976
11
191.8287739999999815
21
-116.7999999999999972
0
LINE
8
BLACK
6
CONTINUOUS
10
191.8287739999999815
20
-116.7999999999999972
11
195.4299999999999784
21
-116.7999999999999972
0
LINE
8
BLACK
6
CONTINUOUS
10
195.4299999999999784
20
-116.7999999999999972
11
195.5035129999999981
21
-116.8036109999999894
0
LINE
8
BLACK
6
CONTINUOUS
10
195.5035129999999981
20
-116.8036109999999894
11
195.6477129999999818
21
-116.8322939999999903
0
LINE
8
BLACK
6
CONTINUOUS
10
195.6477129999999818
20
-116.8322939999999903
11
195.7272829999999999
21
-116.8652529999999956
0
LINE
8
BLACK
6
CONTINUOUS
10
195.7272829999999999
20
-116.8652529999999956
11
195.7835479999999961
21
-116.8885590000000008
0
LINE
8
BLACK
6
CONTINUOUS
10
195.7835479999999961
20
-116.8885590000000008
11
195.8479509999999948
21
-116.9315919999999949
0
LINE
8
BLACK
6
CONTINUOUS
10
195.8479509999999948
20
-116.9315919999999949
11
195.9057949999999835
21
-116.9702419999999989
0
LINE
8
BLACK
6
CONTINUOUS
10
195.9057949999999835
20
-116.9702419999999989
11
195.960329999999999
21
-117.0196699999999908
0
LINE
8
BLACK
6
CONTINUOUS
10
195.960329999999999
20
-117.0196699999999908
11
198.8295699999999897
21
-119.8889099999999956
0
LINE
8
BLACK
6
CONTINUOUS
10
198.8295699999999897
20
-119.8889099999999956
11
198.867116999999979
21
-119.9044629999999927
0
LINE
8
BLACK
6
CONTINUOUS
10
198.867116999999979
20
-119.9044629999999927
11
198.9975149999999928
21
-119.9915919999999971
0
LINE
8
BLACK
6
CONTINUOUS
10
198.9975149999999928
20
-119.9915919999999971
11
199.1084079999999972
21
-120.1024850000000015
0
LINE
8
BLACK
6
CONTINUOUS
10
199.1084079999999972
20
-120.1024850000000015
11
199.1955370000000016
21
-120.2328830000000011
0
LINE
8
BLACK
6
CONTINUOUS
10
199.1955370000000016
20
-120.2328830000000011
11
199.2555519999999945
21
-120.3777719999999931
0
LINE
8
BLACK
6
CONTINUOUS
10
199.2555519999999945
20
-120.3777719999999931
11
199.2861479999999972
21
-120.5315859999999901
0
LINE
8
BLACK
6
CONTINUOUS
10
199.2861479999999972
20
-120.5315859999999901
11
199.2861479999999972
21
-120.6884139999999945
0
LINE
8
BLACK
6
CONTINUOUS
10
199.2861479999999972
20
-120.6884139999999945
11
199.2555519999999945
21
-120.8422279999999915
0
LINE
8
BLACK
6
CONTINUOUS
10
199.2555519999999945
20
-120.8422279999999915
11
199.1955370000000016
21
-120.9871169999999978
0
LINE
8
BLACK
6
CONTINUOUS
10
199.1955370000000016
20
-120.9871169999999978
11
199.1084079999999972
21
-121.1175149999999974
0
LINE
8
BLACK
6
CONTINUOUS
10
199.1084079999999972
20
-121.1175149999999974
11
198.9975149999999928
21
-121.2284079999999875
0
LINE
8
BLACK
6
CONTINUOUS
10
198.9975149999999928
20
-121.2284079999999875
11
198.867116999999979
21
-121.315536999999992
0
LINE
8
BLACK
6
CONTINUOUS
10
198.867116999999979
20
-121.315536999999992
11
198.7222280000000012
21
-121.375551999999999
0
LINE
8
BLACK
6
CONTINUOUS
10
198.7222280000000012
20
-121.375551999999999
11
198.56841399999999
21
-121.4061479999999875
0
LINE
8
BLACK
6
CONTINUOUS
10
198.56841399999999
20
-121.4061479999999875
11
198.4115859999999998
21
-121.4061479999999875
0
LINE
8
BLACK
6
CONTINUOUS
10
198.4115859999999998
20
-121.4061479999999875
11
198.2577719999999886
21
-121.375551999999999
0
LINE
8
BLACK
6
CONTINUOUS
10
198.2577719999999886
20
-121.375551999999999
11
198.1128829999999823
21
-121.315536999999992
0
LINE
8
BLACK
6
CONTINUOUS
10
198.1128829999999823
20
-121.315536999999992
11
197.9824849999999969
21
-121.2284079999999875
0
LINE
8
BLACK
6
CONTINUOUS
10
197.9824849999999969
20
-121.2284079999999875
11
197.8715919999999926
21
-121.1175149999999974
0
LINE
8
BLACK
6
CONTINUOUS
10
197.8715919999999926
20
-121.1175149999999974
11
197.7844629999999881
21
-120.9871169999999978
0
LINE
8
BLACK
6
CONTINUOUS
10
197.7844629999999881
20
-120.9871169999999978
11
197.7689099999999769
21
-120.9495699999999943
0
LINE
8
BLACK
6
CONTINUOUS
10
197.7689099999999769
20
-120.9495699999999943
11
195.119339999999994
21
-118.2999999999999972
0
LINE
8
BLACK
6
CONTINUOUS
10
195.119339999999994
20
-118.2999999999999972
11
191.8287739999999815
21
-118.2999999999999972
0
LINE
8
BLACK
6
CONTINUOUS
10
191.8287739999999815
20
-118.2999999999999972
11
191.7912279999999896
21
-118.3155519999999967
0
LINE
8
BLACK
6
CONTINUOUS
10
191.7912279999999896
20
-118.3155519999999967
11
191.6374139999999784
21
-118.3461479999999995
0
LINE
8
BLACK
6
CONTINUOUS
10
191.6374139999999784
20
-118.3461479999999995
11
191.4805859999999882
21
-118.3461479999999995
0
LINE
8
BLACK
6
CONTINUOUS
10
191.4805859999999882
20
-118.3461479999999995
11
191.3267720000000054
21
-118.3155519999999967
0
LINE
8
BLACK
6
CONTINUOUS
10
191.3267720000000054
20
-118.3155519999999967
11
191.1818829999999991
21
-118.2555369999999897
0
LINE
8
BLACK
6
CONTINUOUS
10
191.1818829999999991
20
-118.2555369999999897
11
191.0514849999999853
21
-118.1684079999999994
0
LINE
8
BLACK
6
CONTINUOUS
10
191.0514849999999853
20
-118.1684079999999994
11
190.940591999999981
21
-118.0575149999999951
0
LINE
8
BLACK
6
CONTINUOUS
10
190.940591999999981
20
-118.0575149999999951
11
190.853463000000005
21
-117.9271169999999955
0
LINE
8
BLACK
6
CONTINUOUS
10
190.853463000000005
20
-117.9271169999999955
11
190.7934479999999837
21
-117.7822279999999893
0
LINE
8
BLACK
6
CONTINUOUS
10
190.7934479999999837
20
-117.7822279999999893
11
190.762851999999981
21
-117.6284139999999923
0
LINE
8
BLACK
6
CONTINUOUS
10
190.762851999999981
20
-117.6284139999999923
11
190.762851999999981
21
-117.4715859999999878
0
LINE
8
BLACK
6
CONTINUOUS
10
190.762851999999981
20
-117.4715859999999878
11
190.7934479999999837
21
-117.3177719999999908
0
LINE
8
BLACK
6
CONTINUOUS
10
190.7934479999999837
20
-117.3177719999999908
11
190.853463000000005
21
-117.1728829999999988
0
LINE
8
BLACK
6
CONTINUOUS
10
190.853463000000005
20
-117.1728829999999988
11
190.940591999999981
21
-117.0424849999999992
0
LINE
8
BLACK
6
CONTINUOUS
10
190.940591999999981
20
-117.0424849999999992
11
191.0514849999999853
21
-116.9315919999999949
0
LINE
8
BLACK
6
CONTINUOUS
10
191.0514849999999853
20
-116.9315919999999949
11
191.1818829999999991
21
-116.8444629999999904
0
LINE
8
BLACK
6
CONTINUOUS
10
191.1818829999999991
20
-116.8444629999999904
11
191.3267720000000054
21
-116.7844479999999976
0
LINE
8
BLACK
6
CONTINUOUS
10
191.3267720000000054
20
-116.7844479999999976
11
191.4805859999999882
21
-116.7538519999999949
0
LINE
8
BLACK
6
CONTINUOUS
10
191.4805859999999882
20
-116.7538519999999949
11
191.6374139999999784
21
-116.7538519999999949
0
LINE
8
BLACK
6
CONTINUOUS
10
191.6374139999999784
20
-116.7538519999999949
11
191.7912279999999896
21
-116.7844479999999976
0
LINE
8
BLACK
6
CONTINUOUS
10
59.1932279999999977
20
-111.7044479999999993
11
59.3381169999999969
21
-111.7644629999999921
0
LINE
8
BLACK
6
CONTINUOUS
10
59.3381169999999969
20
-111.7644629999999921
11
59.4685149999999965
21
-111.8515919999999966
0
LINE
8
BLACK
6
CONTINUOUS
10
59.4685149999999965
20
-111.8515919999999966
11
59.5794080000000008
21
-111.9624850000000009
0
LINE
8
BLACK
6
CONTINUOUS
10
59.5794080000000008
20
-111.9624850000000009
11
59.6665369999999982
21
-112.0928830000000005
0
LINE
8
BLACK
6
CONTINUOUS
10
59.6665369999999982
20
-112.0928830000000005
11
59.7265519999999981
21
-112.2377719999999925
0
LINE
8
BLACK
6
CONTINUOUS
10
59.7265519999999981
20
-112.2377719999999925
11
59.7571480000000008
21
-112.3915859999999896
0
LINE
8
BLACK
6
CONTINUOUS
10
59.7571480000000008
20
-112.3915859999999896
11
59.7571480000000008
21
-112.548413999999994
0
LINE
8
BLACK
6
CONTINUOUS
10
59.7571480000000008
20
-112.548413999999994
11
59.7265519999999981
21
-112.702227999999991
0
LINE
8
BLACK
6
CONTINUOUS
10
59.7265519999999981
20
-112.702227999999991
11
59.6665369999999982
21
-112.8471169999999972
0
LINE
8
BLACK
6
CONTINUOUS
10
59.6665369999999982
20
-112.8471169999999972
11
59.5794080000000008
21
-112.9775149999999968
0
LINE
8
BLACK
6
CONTINUOUS
10
59.5794080000000008
20
-112.9775149999999968
11
59.4685149999999965
21
-113.0884080000000012
0
LINE
8
BLACK
6
CONTINUOUS
10
59.4685149999999965
20
-113.0884080000000012
11
59.3381169999999969
21
-113.1755369999999914
0
LINE
8
BLACK
6
CONTINUOUS
10
59.3381169999999969
20
-113.1755369999999914
11
59.1932279999999977
21
-113.2355519999999984
0
LINE
8
BLACK
6
CONTINUOUS
10
59.1932279999999977
20
-113.2355519999999984
11
59.0394140000000007
21
-113.2661480000000012
0
LINE
8
BLACK
6
CONTINUOUS
10
59.0394140000000007
20
-113.2661480000000012
11
58.8825859999999963
21
-113.2661480000000012
0
LINE
8
BLACK
6
CONTINUOUS
10
58.8825859999999963
20
-113.2661480000000012
11
58.7287719999999993
21
-113.2355519999999984
0
LINE
8
BLACK
6
CONTINUOUS
10
58.7287719999999993
20
-113.2355519999999984
11
58.6912260000000003
21
-113.2199999999999989
0
LINE
8
BLACK
6
CONTINUOUS
10
58.6912260000000003
20
-113.2199999999999989
11
53.2188719999999975
21
-113.2199999999999989
0
LINE
8
BLACK
6
CONTINUOUS
10
53.2188719999999975
20
-113.2199999999999989
11
48.9294370000000001
21
-117.5094349999999963
0
LINE
8
BLACK
6
CONTINUOUS
10
48.9294370000000001
20
-117.5094349999999963
11
48.8749019999999987
21
-117.5588629999999881
0
LINE
8
BLACK
6
CONTINUOUS
10
48.8749019999999987
20
-117.5588629999999881
11
48.7526549999999972
21
-117.6405460000000005
0
LINE
8
BLACK
6
CONTINUOUS
10
48.7526549999999972
20
-117.6405460000000005
11
48.7397829999999956
21
-117.6458769999999987
0
LINE
8
BLACK
6
CONTINUOUS
10
48.7397829999999956
20
-117.6458769999999987
11
45.8660899999999998
21
-120.5195700000000016
0
LINE
8
BLACK
6
CONTINUOUS
10
45.8660899999999998
20
-120.5195700000000016
11
45.8505380000000002
21
-120.557116999999991
0
LINE
8
BLACK
6
CONTINUOUS
10
45.8505380000000002
20
-120.557116999999991
11
45.7634089999999958
21
-120.6875149999999906
0
LINE
8
BLACK
6
CONTINUOUS
10
45.7634089999999958
20
-120.6875149999999906
11
45.6525159999999985
21
-120.7984079999999949
0
LINE
8
BLACK
6
CONTINUOUS
10
45.6525159999999985
20
-120.7984079999999949
11
45.522117999999999
21
-120.8855369999999994
0
LINE
8
BLACK
6
CONTINUOUS
10
45.522117999999999
20
-120.8855369999999994
11
45.3772289999999998
21
-120.9455519999999922
0
LINE
8
BLACK
6
CONTINUOUS
10
45.3772289999999998
20
-120.9455519999999922
11
45.2234149999999957
21
-120.9761479999999949
0
LINE
8
BLACK
6
CONTINUOUS
10
45.2234149999999957
20
-120.9761479999999949
11
45.0665869999999984
21
-120.9761479999999949
0
LINE
8
BLACK
6
CONTINUOUS
10
45.0665869999999984
20
-120.9761479999999949
11
44.9127730000000014
21
-120.9455519999999922
0
LINE
8
BLACK
6
CONTINUOUS
10
44.9127730000000014
20
-120.9455519999999922
11
44.7678839999999951
21
-120.8855369999999994
0
LINE
8
BLACK
6
CONTINUOUS
10
44.7678839999999951
20
-120.8855369999999994
11
44.6374859999999956
21
-120.7984079999999949
0
LINE
8
BLACK
6
CONTINUOUS
10
44.6374859999999956
20
-120.7984079999999949
11
44.5265929999999983
21
-120.6875149999999906
0
LINE
8
BLACK
6
CONTINUOUS
10
44.5265929999999983
20
-120.6875149999999906
11
44.439464000000001
21
-120.557116999999991
0
LINE
8
BLACK
6
CONTINUOUS
10
44.439464000000001
20
-120.557116999999991
11
44.379449000000001
21
-120.4122279999999989
0
LINE
8
BLACK
6
CONTINUOUS
10
44.379449000000001
20
-120.4122279999999989
11
44.3488529999999983
21
-120.2584139999999877
0
LINE
8
BLACK
6
CONTINUOUS
10
44.3488529999999983
20
-120.2584139999999877
11
44.3488529999999983
21
-120.1015859999999975
0
LINE
8
BLACK
6
CONTINUOUS
10
44.3488529999999983
20
-120.1015859999999975
11
44.379449000000001
21
-119.9477720000000005
0
LINE
8
BLACK
6
CONTINUOUS
10
44.379449000000001
20
-119.9477720000000005
11
44.439464000000001
21
-119.8028829999999942
0
LINE
8
BLACK
6
CONTINUOUS
10
44.439464000000001
20
-119.8028829999999942
11
44.5265929999999983
21
-119.6724849999999947
0
LINE
8
BLACK
6
CONTINUOUS
10
44.5265929999999983
20
-119.6724849999999947
11
44.6374859999999956
21
-119.5615919999999903
0
LINE
8
BLACK
6
CONTINUOUS
10
44.6374859999999956
20
-119.5615919999999903
11
44.7678839999999951
21
-119.4744630000000001
0
LINE
8
BLACK
6
CONTINUOUS
10
44.7678839999999951
20
-119.4744630000000001
11
44.8054300000000012
21
-119.4589099999999888
0
LINE
8
BLACK
6
CONTINUOUS
10
44.8054300000000012
20
-119.4589099999999888
11
47.8155659999999969
21
-116.4487749999999977
0
LINE
8
BLACK
6
CONTINUOUS
10
47.8155659999999969
20
-116.4487749999999977
11
47.8701009999999982
21
-116.3993469999999917
0
LINE
8
BLACK
6
CONTINUOUS
10
47.8701009999999982
20
-116.3993469999999917
11
47.9923479999999998
21
-116.3176639999999935
0
LINE
8
BLACK
6
CONTINUOUS
10
47.9923479999999998
20
-116.3176639999999935
11
48.0052189999999968
21
-116.3123319999999978
0
LINE
8
BLACK
6
CONTINUOUS
10
48.0052189999999968
20
-116.3123319999999978
11
52.3778819999999996
21
-111.9396699999999925
0
LINE
8
BLACK
6
CONTINUOUS
10
52.3778819999999996
20
-111.9396699999999925
11
52.4324170000000009
21
-111.8902420000000006
0
LINE
8
BLACK
6
CONTINUOUS
10
52.4324170000000009
20
-111.8902420000000006
11
52.4902609999999967
21
-111.8515919999999966
0
LINE
8
BLACK
6
CONTINUOUS
10
52.4902609999999967
20
-111.8515919999999966
11
52.5546639999999954
21
-111.8085589999999883
0
LINE
8
BLACK
6
CONTINUOUS
10
52.5546639999999954
20
-111.8085589999999883
11
52.6904979999999981
21
-111.7522949999999895
0
LINE
8
BLACK
6
CONTINUOUS
10
52.6904979999999981
20
-111.7522949999999895
11
52.8346990000000005
21
-111.7236109999999911
0
LINE
8
BLACK
6
CONTINUOUS
10
52.8346990000000005
20
-111.7236109999999911
11
52.9082119999999989
21
-111.7199999999999989
0
LINE
8
BLACK
6
CONTINUOUS
10
52.9082119999999989
20
-111.7199999999999989
11
58.6912260000000003
21
-111.7199999999999989
0
LINE
8
BLACK
6
CONTINUOUS
10
58.6912260000000003
20
-111.7199999999999989
11
58.7287719999999993
21
-111.7044479999999993
0
LINE
8
BLACK
6
CONTINUOUS
10
58.7287719999999993
20
-111.7044479999999993
11
58.8825859999999963
21
-111.6738519999999966
0
LINE
8
BLACK
6
CONTINUOUS
10
58.8825859999999963
20
-111.6738519999999966
11
59.0394140000000007
21
-111.6738519999999966
0
LINE
8
BLACK
6
CONTINUOUS
10
59.0394140000000007
20
-111.6738519999999966
11
59.1932279999999977
21
-111.7044479999999993
0
LINE
8
BLACK
6
CONTINUOUS
10
75.6811039999999906
20
-116.8171269999999993
11
75.7540989999999965
21
-116.8659009999999938
0
LINE
8
BLACK
6
CONTINUOUS
10
75.7540989999999965
20
-116.8659009999999938
11
75.8028729999999911
21
-116.9388959999999997
0
LINE
8
BLACK
6
CONTINUOUS
10
75.8028729999999911
20
-116.9388959999999997
11
75.8199999999999932
21
-117.0249999999999915
0
LINE
8
BLACK
6
CONTINUOUS
10
75.8199999999999932
20
-117.0249999999999915
11
75.8199999999999932
21
-118.0749999999999886
0
LINE
8
BLACK
6
CONTINUOUS
10
75.8199999999999932
20
-118.0749999999999886
11
75.8028729999999911
21
-118.1611039999999946
0
LINE
8
BLACK
6
CONTINUOUS
10
75.8028729999999911
20
-118.1611039999999946
11
75.7540989999999965
21
-118.2340990000000005
0
LINE
8
BLACK
6
CONTINUOUS
10
75.7540989999999965
20
-118.2340990000000005
11
75.6811039999999906
21
-118.282872999999995
0
LINE
8
BLACK
6
CONTINUOUS
10
75.6811039999999906
20
-118.282872999999995
11
75.5949999999999989
21
-118.2999999999999972
0
LINE
8
BLACK
6
CONTINUOUS
10
75.5949999999999989
20
-118.2999999999999972
11
66.0450000000000017
21
-118.2999999999999972
0
LINE
8
BLACK
6
CONTINUOUS
10
66.0450000000000017
20
-118.2999999999999972
11
65.9588959999999958
21
-118.282872999999995
0
LINE
8
BLACK
6
CONTINUOUS
10
65.9588959999999958
20
-118.282872999999995
11
65.885901000000004
21
-118.2340990000000005
0
LINE
8
BLACK
6
CONTINUOUS
10
65.885901000000004
20
-118.2340990000000005
11
65.8371269999999953
21
-118.1611039999999946
0
LINE
8
BLACK
6
CONTINUOUS
10
65.8371269999999953
20
-118.1611039999999946
11
65.8199999999999932
21
-118.0749999999999886
0
LINE
8
BLACK
6
CONTINUOUS
10
65.8199999999999932
20
-118.0749999999999886
11
65.8199999999999932
21
-117.0249999999999915
0
LINE
8
BLACK
6
CONTINUOUS
10
65.8199999999999932
20
-117.0249999999999915
11
65.8371269999999953
21
-116.9388959999999997
0
LINE
8
BLACK
6
CONTINUOUS
10
65.8371269999999953
20
-116.9388959999999997
11
65.885901000000004
21
-116.8659009999999938
0
LINE
8
BLACK
6
CONTINUOUS
10
65.885901000000004
20
-116.8659009999999938
11
65.9588959999999958
21
-116.8171269999999993
0
LINE
8
BLACK
6
CONTINUOUS
10
65.9588959999999958
20
-116.8171269999999993
11
66.0450000000000017
21
-116.7999999999999972
0
LINE
8
BLACK
6
CONTINUOUS
10
66.0450000000000017
20
-116.7999999999999972
11
75.5949999999999989
21
-116.7999999999999972
0
LINE
8
BLACK
6
CONTINUOUS
10
75.5949999999999989
20
-116.7999999999999972
11
75.6811039999999906
21
-116.8171269999999993
0
LINE
8
BLACK
6
CONTINUOUS
10
105.6811039999999906
20
-116.8171269999999993
11
105.7540989999999965
21
-116.8659009999999938
0
LINE
8
BLACK
6
CONTINUOUS
10
105.7540989999999965
20
-116.8659009999999938
11
105.8028729999999911
21
-116.9388959999999997
0
LINE
8
BLACK
6
CONTINUOUS
10
105.8028729999999911
20
-116.9388959999999997
11
105.8199999999999932
21
-117.0249999999999915
0
LINE
8
BLACK
6
CONTINUOUS
10
105.8199999999999932
20
-117.0249999999999915
11
105.8199999999999932
21
-118.0749999999999886
0
LINE
8
BLACK
6
CONTINUOUS
10
105.8199999999999932
20
-118.0749999999999886
11
105.8028729999999911
21
-118.1611039999999946
0
LINE
8
BLACK
6
CONTINUOUS
10
105.8028729999999911
20
-118.1611039999999946
11
105.7540989999999965
21
-118.2340990000000005
0
LINE
8
BLACK
6
CONTINUOUS
10
105.7540989999999965
20
-118.2340990000000005
11
105.6811039999999906
21
-118.282872999999995
0
LINE
8
BLACK
6
CONTINUOUS
10
105.6811039999999906
20
-118.282872999999995
11
105.5949999999999989
21
-118.2999999999999972
0
LINE
8
BLACK
6
CONTINUOUS
10
105.5949999999999989
20
-118.2999999999999972
11
96.0450000000000017
21
-118.2999999999999972
0
LINE
8
BLACK
6
CONTINUOUS
10
96.0450000000000017
20
-118.2999999999999972
11
95.9588959999999958
21
-118.282872999999995
0
LINE
8
BLACK
6
CONTINUOUS
10
95.9588959999999958
20
-118.282872999999995
11
95.8859009999999898
21
-118.2340990000000005
0
LINE
8
BLACK
6
CONTINUOUS
10
95.8859009999999898
20
-118.2340990000000005
11
95.8371269999999953
21
-118.1611039999999946
0
LINE
8
BLACK
6
CONTINUOUS
10
95.8371269999999953
20
-118.1611039999999946
11
95.8199999999999932
21
-118.0749999999999886
0
LINE
8
BLACK
6
CONTINUOUS
10
95.8199999999999932
20
-118.0749999999999886
11
95.8199999999999932
21
-117.0249999999999915
0
LINE
8
BLACK
6
CONTINUOUS
10
95.8199999999999932
20
-117.0249999999999915
11
95.8371269999999953
21
-116.9388959999999997
0
LINE
8
BLACK
6
CONTINUOUS
10
95.8371269999999953
20
-116.9388959999999997
11
95.8859009999999898
21
-116.8659009999999938
0
LINE
8
BLACK
6
CONTINUOUS
10
95.8859009999999898
20
-116.8659009999999938
11
95.9588959999999958
21
-116.8171269999999993
0
LINE
8
BLACK
6
CONTINUOUS
10
95.9588959999999958
20
-116.8171269999999993
11
96.0450000000000017
21
-116.7999999999999972
0
LINE
8
BLACK
6
CONTINUOUS
10
96.0450000000000017
20
-116.7999999999999972
11
105.5949999999999989
21
-116.7999999999999972
0
LINE
8
BLACK
6
CONTINUOUS
10
105.5949999999999989
20
-116.7999999999999972
11
105.6811039999999906
21
-116.8171269999999993
0
LINE
8
BLACK
6
CONTINUOUS
10
154.501103999999998
20
-116.8171269999999993
11
154.5740989999999897
21
-116.8659009999999938
0
LINE
8
BLACK
6
CONTINUOUS
10
154.5740989999999897
20
-116.8659009999999938
11
154.6228729999999985
21
-116.9388959999999997
0
LINE
8
BLACK
6
CONTINUOUS
10
154.6228729999999985
20
-116.9388959999999997
11
154.6399999999999864
21
-117.0249999999999915
0
LINE
8
BLACK
6
CONTINUOUS
10
154.6399999999999864
20
-117.0249999999999915
11
154.6399999999999864
21
-118.0749999999999886
0
LINE
8
BLACK
6
CONTINUOUS
10
154.6399999999999864
20
-118.0749999999999886
11
154.6228729999999985
21
-118.1611039999999946
0
LINE
8
BLACK
6
CONTINUOUS
10
154.6228729999999985
20
-118.1611039999999946
11
154.5740989999999897
21
-118.2340990000000005
0
LINE
8
BLACK
6
CONTINUOUS
10
154.5740989999999897
20
-118.2340990000000005
11
154.501103999999998
21
-118.282872999999995
0
LINE
8
BLACK
6
CONTINUOUS
10
154.501103999999998
20
-118.282872999999995
11
154.414999999999992
21
-118.2999999999999972
0
LINE
8
BLACK
6
CONTINUOUS
10
154.414999999999992
20
-118.2999999999999972
11
144.8649999999999807
21
-118.2999999999999972
0
LINE
8
BLACK
6
CONTINUOUS
10
144.8649999999999807
20
-118.2999999999999972
11
144.7788960000000031
21
-118.282872999999995
0
LINE
8
BLACK
6
CONTINUOUS
10
144.7788960000000031
20
-118.282872999999995
11
144.705900999999983
21
-118.2340990000000005
0
LINE
8
BLACK
6
CONTINUOUS
10
144.705900999999983
20
-118.2340990000000005
11
144.6571270000000027
21
-118.1611039999999946
0
LINE
8
BLACK
6
CONTINUOUS
10
144.6571270000000027
20
-118.1611039999999946
11
144.6399999999999864
21
-118.0749999999999886
0
LINE
8
BLACK
6
CONTINUOUS
10
144.6399999999999864
20
-118.0749999999999886
11
144.6399999999999864
21
-117.0249999999999915
0
LINE
8
BLACK
6
CONTINUOUS
10
144.6399999999999864
20
-117.0249999999999915
11
144.6571270000000027
21
-116.9388959999999997
0
LINE
8
BLACK
6
CONTINUOUS
10
144.6571270000000027
20
-116.9388959999999997
11
144.705900999999983
21
-116.8659009999999938
0
LINE
8
BLACK
6
CONTINUOUS
10
144.705900999999983
20
-116.8659009999999938
11
144.7788960000000031
21
-116.8171269999999993
0
LINE
8
BLACK
6
CONTINUOUS
10
144.7788960000000031
20
-116.8171269999999993
11
144.8649999999999807
21
-116.7999999999999972
0
LINE
8
BLACK
6
CONTINUOUS
10
144.8649999999999807
20
-116.7999999999999972
11
154.414999999999992
21
-116.7999999999999972
0
LINE
8
BLACK
6
CONTINUOUS
10
154.414999999999992
20
-116.7999999999999972
11
154.501103999999998
21
-116.8171269999999993
0
LINE
8
BLACK
6
CONTINUOUS
10
184.501103999999998
20
-116.8171269999999993
11
184.5740989999999897
21
-116.8659009999999938
0
LINE
8
BLACK
6
CONTINUOUS
10
184.5740989999999897
20
-116.8659009999999938
11
184.6228729999999985
21
-116.9388959999999997
0
LINE
8
BLACK
6
CONTINUOUS
10
184.6228729999999985
20
-116.9388959999999997
11
184.6399999999999864
21
-117.0249999999999915
0
LINE
8
BLACK
6
CONTINUOUS
10
184.6399999999999864
20
-117.0249999999999915
11
184.6399999999999864
21
-118.0749999999999886
0
LINE
8
BLACK
6
CONTINUOUS
10
184.6399999999999864
20
-118.0749999999999886
11
184.6228729999999985
21
-118.1611039999999946
0
LINE
8
BLACK
6
CONTINUOUS
10
184.6228729999999985
20
-118.1611039999999946
11
184.5740989999999897
21
-118.2340990000000005
0
LINE
8
BLACK
6
CONTINUOUS
10
184.5740989999999897
20
-118.2340990000000005
11
184.501103999999998
21
-118.282872999999995
0
LINE
8
BLACK
6
CONTINUOUS
10
184.501103999999998
20
-118.282872999999995
11
184.414999999999992
21
-118.2999999999999972
0
LINE
8
BLACK
6
CONTINUOUS
10
184.414999999999992
20
-118.2999999999999972
11
174.8649999999999807
21
-118.2999999999999972
0
LINE
8
BLACK
6
CONTINUOUS
10
174.8649999999999807
20
-118.2999999999999972
11
174.7788960000000031
21
-118.282872999999995
0
LINE
8
BLACK
6
CONTINUOUS
10
174.7788960000000031
20
-118.282872999999995
11
174.705900999999983
21
-118.2340990000000005
0
LINE
8
BLACK
6
CONTINUOUS
10
174.705900999999983
20
-118.2340990000000005
11
174.6571270000000027
21
-118.1611039999999946
0
LINE
8
BLACK
6
CONTINUOUS
10
174.6571270000000027
20
-118.1611039999999946
11
174.6399999999999864
21
-118.0749999999999886
0
LINE
8
BLACK
6
CONTINUOUS
10
174.6399999999999864
20
-118.0749999999999886
11
174.6399999999999864
21
-117.0249999999999915
0
LINE
8
BLACK
6
CONTINUOUS
10
174.6399999999999864
20
-117.0249999999999915
11
174.6571270000000027
21
-116.9388959999999997
0
LINE
8
BLACK
6
CONTINUOUS
10
174.6571270000000027
20
-116.9388959999999997
11
174.705900999999983
21
-116.8659009999999938
0
LINE
8
BLACK
6
CONTINUOUS
10
174.705900999999983
20
-116.8659009999999938
11
174.7788960000000031
21
-116.8171269999999993
0
LINE
8
BLACK
6
CONTINUOUS
10
174.7788960000000031
20
-116.8171269999999993
11
174.8649999999999807
21
-116.7999999999999972
0
LINE
8
BLACK
6
CONTINUOUS
10
174.8649999999999807
20
-116.7999999999999972
11
184.414999999999992
21
-116.7999999999999972
0
LINE
8
BLACK
6
CONTINUOUS
10
184.414999999999992
20
-116.7999999999999972
11
184.501103999999998
21
-116.8171269999999993
0
LINE
8
BLACK
6
CONTINUOUS
10
75.6811039999999906
20
-114.277126999999993
11
75.7540989999999965
21
-114.3259010000000018
0
LINE
8
BLACK
6
CONTINUOUS
10
75.7540989999999965
20
-114.3259010000000018
11
75.8028729999999911
21
-114.3988959999999935
0
LINE
8
BLACK
6
CONTINUOUS
10
75.8028729999999911
20
-114.3988959999999935
11
75.8199999999999932
21
-114.4849999999999994
0
LINE
8
BLACK
6
CONTINUOUS
10
75.8199999999999932
20
-114.4849999999999994
11
75.8199999999999932
21
-115.5349999999999966
0
LINE
8
BLACK
6
CONTINUOUS
10
75.8199999999999932
20
-115.5349999999999966
11
75.8028729999999911
21
-115.6211039999999883
0
LINE
8
BLACK
6
CONTINUOUS
10
75.8028729999999911
20
-115.6211039999999883
11
75.7540989999999965
21
-115.6940989999999942
0
LINE
8
BLACK
6
CONTINUOUS
10
75.7540989999999965
20
-115.6940989999999942
11
75.6811039999999906
21
-115.7428729999999888
0
LINE
8
BLACK
6
CONTINUOUS
10
75.6811039999999906
20
-115.7428729999999888
11
75.5949999999999989
21
-115.7599999999999909
0
LINE
8
BLACK
6
CONTINUOUS
10
75.5949999999999989
20
-115.7599999999999909
11
66.0450000000000017
21
-115.7599999999999909
0
LINE
8
BLACK
6
CONTINUOUS
10
66.0450000000000017
20
-115.7599999999999909
11
65.9588959999999958
21
-115.7428729999999888
0
LINE
8
BLACK
6
CONTINUOUS
10
65.9588959999999958
20
-115.7428729999999888
11
65.885901000000004
21
-115.6940989999999942
0
LINE
8
BLACK
6
CONTINUOUS
10
65.885901000000004
20
-115.6940989999999942
11
65.8371269999999953
21
-115.6211039999999883
0
LINE
8
BLACK
6
CONTINUOUS
10
65.8371269999999953
20
-115.6211039999999883
11
65.8199999999999932
21
-115.5349999999999966
0
LINE
8
BLACK
6
CONTINUOUS
10
65.8199999999999932
20
-115.5349999999999966
11
65.8199999999999932
21
-114.4849999999999994
0
LINE
8
BLACK
6
CONTINUOUS
10
65.8199999999999932
20
-114.4849999999999994
11
65.8371269999999953
21
-114.3988959999999935
0
LINE
8
BLACK
6
CONTINUOUS
10
65.8371269999999953
20
-114.3988959999999935
11
65.885901000000004
21
-114.3259010000000018
0
LINE
8
BLACK
6
CONTINUOUS
10
65.885901000000004
20
-114.3259010000000018
11
65.9588959999999958
21
-114.277126999999993
0
LINE
8
BLACK
6
CONTINUOUS
10
65.9588959999999958
20
-114.277126999999993
11
66.0450000000000017
21
-114.2599999999999909
0
LINE
8
BLACK
6
CONTINUOUS
10
66.0450000000000017
20
-114.2599999999999909
11
75.5949999999999989
21
-114.2599999999999909
0
LINE
8
BLACK
6
CONTINUOUS
10
75.5949999999999989
20
-114.2599999999999909
11
75.6811039999999906
21
-114.277126999999993
0
LINE
8
BLACK
6
CONTINUOUS
10
105.6811039999999906
20
-114.277126999999993
11
105.7540989999999965
21
-114.3259010000000018
0
LINE
8
BLACK
6
CONTINUOUS
10
105.7540989999999965
20
-114.3259010000000018
11
105.8028729999999911
21
-114.3988959999999935
0
LINE
8
BLACK
6
CONTINUOUS
10
105.8028729999999911
20
-114.3988959999999935
11
105.8199999999999932
21
-114.4849999999999994
0
LINE
8
BLACK
6
CONTINUOUS
10
105.8199999999999932
20
-114.4849999999999994
11
105.8199999999999932
21
-115.5349999999999966
0
LINE
8
BLACK
6
CONTINUOUS
10
105.8199999999999932
20
-115.5349999999999966
11
105.8028729999999911
21
-115.6211039999999883
0
LINE
8
BLACK
6
CONTINUOUS
10
105.8028729999999911
20
-115.6211039999999883
11
105.7540989999999965
21
-115.6940989999999942
0
LINE
8
BLACK
6
CONTINUOUS
10
105.7540989999999965
20
-115.6940989999999942
11
105.6811039999999906
21
-115.7428729999999888
0
LINE
8
BLACK
6
CONTINUOUS
10
105.6811039999999906
20
-115.7428729999999888
11
105.5949999999999989
21
-115.7599999999999909
0
LINE
8
BLACK
6
CONTINUOUS
10
105.5949999999999989
20
-115.7599999999999909
11
96.0450000000000017
21
-115.7599999999999909
0
LINE
8
BLACK
6
CONTINUOUS
10
96.0450000000000017
20
-115.7599999999999909
11
95.9588959999999958
21
-115.7428729999999888
0
LINE
8
BLACK
6
CONTINUOUS
10
95.9588959999999958
20
-115.7428729999999888
11
95.8859009999999898
21
-115.6940989999999942
0
LINE
8
BLACK
6
CONTINUOUS
10
95.8859009999999898
20
-115.6940989999999942
11
95.8371269999999953
21
-115.6211039999999883
0
LINE
8
BLACK
6
CONTINUOUS
10
95.8371269999999953
20
-115.6211039999999883
11
95.8199999999999932
21
-115.5349999999999966
0
LINE
8
BLACK
6
CONTINUOUS
10
95.8199999999999932
20
-115.5349999999999966
11
95.8199999999999932
21
-114.4849999999999994
0
LINE
8
BLACK
6
CONTINUOUS
10
95.8199999999999932
20
-114.4849999999999994
11
95.8371269999999953
21
-114.3988959999999935
0
LINE
8
BLACK
6
CONTINUOUS
10
95.8371269999999953
20
-114.3988959999999935
11
95.8859009999999898
21
-114.3259010000000018
0
LINE
8
BLACK
6
CONTINUOUS
10
95.8859009999999898
20
-114.3259010000000018
11
95.9588959999999958
21
-114.277126999999993
0
LINE
8
BLACK
6
CONTINUOUS
10
95.9588959999999958
20
-114.277126999999993
11
96.0450000000000017
21
-114.2599999999999909
0
LINE
8
BLACK
6
CONTINUOUS
10
96.0450000000000017
20
-114.2599999999999909
11
105.5949999999999989
21
-114.2599999999999909
0
LINE
8
BLACK
6
CONTINUOUS
10
105.5949999999999989
20
-114.2599999999999909
11
105.6811039999999906
21
-114.277126999999993
0
LINE
8
BLACK
6
CONTINUOUS
10
154.501103999999998
20
-114.277126999999993
11
154.5740989999999897
21
-114.3259010000000018
0
LINE
8
BLACK
6
CONTINUOUS
10
154.5740989999999897
20
-114.3259010000000018
11
154.6228729999999985
21
-114.3988959999999935
0
LINE
8
BLACK
6
CONTINUOUS
10
154.6228729999999985
20
-114.3988959999999935
11
154.6399999999999864
21
-114.4849999999999994
0
LINE
8
BLACK
6
CONTINUOUS
10
154.6399999999999864
20
-114.4849999999999994
11
154.6399999999999864
21
-115.5349999999999966
0
LINE
8
BLACK
6
CONTINUOUS
10
154.6399999999999864
20
-115.5349999999999966
11
154.6228729999999985
21
-115.6211039999999883
0
LINE
8
BLACK
6
CONTINUOUS
10
154.6228729999999985
20
-115.6211039999999883
11
154.5740989999999897
21
-115.6940989999999942
0
LINE
8
BLACK
6
CONTINUOUS
10
154.5740989999999897
20
-115.6940989999999942
11
154.501103999999998
21
-115.7428729999999888
0
LINE
8
BLACK
6
CONTINUOUS
10
154.501103999999998
20
-115.7428729999999888
11
154.414999999999992
21
-115.7599999999999909
0
LINE
8
BLACK
6
CONTINUOUS
10
154.414999999999992
20
-115.7599999999999909
11
144.8649999999999807
21
-115.7599999999999909
0
LINE
8
BLACK
6
CONTINUOUS
10
144.8649999999999807
20
-115.7599999999999909
11
144.7788960000000031
21
-115.7428729999999888
0
LINE
8
BLACK
6
CONTINUOUS
10
144.7788960000000031
20
-115.7428729999999888
11
144.705900999999983
21
-115.6940989999999942
0
LINE
8
BLACK
6
CONTINUOUS
10
144.705900999999983
20
-115.6940989999999942
11
144.6571270000000027
21
-115.6211039999999883
0
LINE
8
BLACK
6
CONTINUOUS
10
144.6571270000000027
20
-115.6211039999999883
11
144.6399999999999864
21
-115.5349999999999966
0
LINE
8
BLACK
6
CONTINUOUS
10
144.6399999999999864
20
-115.5349999999999966
11
144.6399999999999864
21
-114.4849999999999994
0
LINE
8
BLACK
6
CONTINUOUS
10
144.6399999999999864
20
-114.4849999999999994
11
144.6571270000000027
21
-114.3988959999999935
0
LINE
8
BLACK
6
CONTINUOUS
10
144.6571270000000027
20
-114.3988959999999935
11
144.705900999999983
21
-114.3259010000000018
0
LINE
8
BLACK
6
CONTINUOUS
10
144.705900999999983
20
-114.3259010000000018
11
144.7788960000000031
21
-114.277126999999993
0
LINE
8
BLACK
6
CONTINUOUS
10
144.7788960000000031
20
-114.277126999999993
11
144.8649999999999807
21
-114.2599999999999909
0
LINE
8
BLACK
6
CONTINUOUS
10
144.8649999999999807
20
-114.2599999999999909
11
154.414999999999992
21
-114.2599999999999909
0
LINE
8
BLACK
6
CONTINUOUS
10
154.414999999999992
20
-114.2599999999999909
11
154.501103999999998
21
-114.277126999999993
0
LINE
8
BLACK
6
CONTINUOUS
10
184.501103999999998
20
-114.277126999999993
11
184.5740989999999897
21
-114.3259010000000018
0
LINE
8
BLACK
6
CONTINUOUS
10
184.5740989999999897
20
-114.3259010000000018
11
184.6228729999999985
21
-114.3988959999999935
0
LINE
8
BLACK
6
CONTINUOUS
10
184.6228729999999985
20
-114.3988959999999935
11
184.6399999999999864
21
-114.4849999999999994
0
LINE
8
BLACK
6
CONTINUOUS
10
184.6399999999999864
20
-114.4849999999999994
11
184.6399999999999864
21
-115.5349999999999966
0
LINE
8
BLACK
6
CONTINUOUS
10
184.6399999999999864
20
-115.5349999999999966
11
184.6228729999999985
21
-115.6211039999999883
0
LINE
8
BLACK
6
CONTINUOUS
10
184.6228729999999985
20
-115.6211039999999883
11
184.5740989999999897
21
-115.6940989999999942
0
LINE
8
BLACK
6
CONTINUOUS
10
184.5740989999999897
20
-115.6940989999999942
11
184.501103999999998
21
-115.7428729999999888
0
LINE
8
BLACK
6
CONTINUOUS
10
184.501103999999998
20
-115.7428729999999888
11
184.414999999999992
21
-115.7599999999999909
0
LINE
8
BLACK
6
CONTINUOUS
10
184.414999999999992
20
-115.7599999999999909
11
174.8649999999999807
21
-115.7599999999999909
0
LINE
8
BLACK
6
CONTINUOUS
10
174.8649999999999807
20
-115.7599999999999909
11
174.7788960000000031
21
-115.7428729999999888
0
LINE
8
BLACK
6
CONTINUOUS
10
174.7788960000000031
20
-115.7428729999999888
11
174.705900999999983
21
-115.6940989999999942
0
LINE
8
BLACK
6
CONTINUOUS
10
174.705900999999983
20
-115.6940989999999942
11
174.6571270000000027
21
-115.6211039999999883
0
LINE
8
BLACK
6
CONTINUOUS
10
174.6571270000000027
20
-115.6211039999999883
11
174.6399999999999864
21
-115.5349999999999966
0
LINE
8
BLACK
6
CONTINUOUS
10
174.6399999999999864
20
-115.5349999999999966
11
174.6399999999999864
21
-114.4849999999999994
0
LINE
8
BLACK
6
CONTINUOUS
10
174.6399999999999864
20
-114.4849999999999994
11
174.6571270000000027
21
-114.3988959999999935
0
LINE
8
BLACK
6
CONTINUOUS
10
174.6571270000000027
20
-114.3988959999999935
11
174.705900999999983
21
-114.3259010000000018
0
LINE
8
BLACK
6
CONTINUOUS
10
174.705900999999983
20
-114.3259010000000018
11
174.7788960000000031
21
-114.277126999999993
0
LINE
8
BLACK
6
CONTINUOUS
10
174.7788960000000031
20
-114.277126999999993
11
174.8649999999999807
21
-114.2599999999999909
0
LINE
8
BLACK
6
CONTINUOUS
10
174.8649999999999807
20
-114.2599999999999909
11
184.414999999999992
21
-114.2599999999999909
0
LINE
8
BLACK
6
CONTINUOUS
10
184.414999999999992
20
-114.2599999999999909
11
184.501103999999998
21
-114.277126999999993
0
LINE
8
BLACK
6
CONTINUOUS
10
59.1832279999999997
20
-109.164447999999993
11
59.3281169999999989
21
-109.2244630000000001
0
LINE
8
BLACK
6
CONTINUOUS
10
59.3281169999999989
20
-109.2244630000000001
11
59.4585149999999985
21
-109.3115919999999903
0
LINE
8
BLACK
6
CONTINUOUS
10
59.4585149999999985
20
-109.3115919999999903
11
59.5694079999999957
21
-109.4224849999999947
0
LINE
8
BLACK
6
CONTINUOUS
10
59.5694079999999957
20
-109.4224849999999947
11
59.6565370000000001
21
-109.5528829999999942
0
LINE
8
BLACK
6
CONTINUOUS
10
59.6565370000000001
20
-109.5528829999999942
11
59.7165520000000001
21
-109.6977720000000005
0
LINE
8
BLACK
6
CONTINUOUS
10
59.7165520000000001
20
-109.6977720000000005
11
59.7471479999999957
21
-109.8515859999999975
0
LINE
8
BLACK
6
CONTINUOUS
10
59.7471479999999957
20
-109.8515859999999975
11
59.7471479999999957
21
-110.0084140000000019
0
LINE
8
BLACK
6
CONTINUOUS
10
59.7471479999999957
20
-110.0084140000000019
11
59.7165520000000001
21
-110.1622279999999989
0
LINE
8
BLACK
6
CONTINUOUS
10
59.7165520000000001
20
-110.1622279999999989
11
59.6565370000000001
21
-110.307116999999991
0
LINE
8
BLACK
6
CONTINUOUS
10
59.6565370000000001
20
-110.307116999999991
11
59.5694079999999957
21
-110.4375149999999906
0
LINE
8
BLACK
6
CONTINUOUS
10
59.5694079999999957
20
-110.4375149999999906
11
59.4585149999999985
21
-110.5484079999999949
0
LINE
8
BLACK
6
CONTINUOUS
10
59.4585149999999985
20
-110.5484079999999949
11
59.3281169999999989
21
-110.6355369999999994
0
LINE
8
BLACK
6
CONTINUOUS
10
59.3281169999999989
20
-110.6355369999999994
11
59.1832279999999997
21
-110.6955519999999922
0
LINE
8
BLACK
6
CONTINUOUS
10
59.1832279999999997
20
-110.6955519999999922
11
59.0294139999999956
21
-110.7261479999999949
0
LINE
8
BLACK
6
CONTINUOUS
10
59.0294139999999956
20
-110.7261479999999949
11
58.8725859999999983
21
-110.7261479999999949
0
LINE
8
BLACK
6
CONTINUOUS
10
58.8725859999999983
20
-110.7261479999999949
11
58.7187719999999942
21
-110.6955519999999922
0
LINE
8
BLACK
6
CONTINUOUS
10
58.7187719999999942
20
-110.6955519999999922
11
58.6812259999999952
21
-110.6799999999999926
0
LINE
8
BLACK
6
CONTINUOUS
10
58.6812259999999952
20
-110.6799999999999926
11
52.5047659999999965
21
-110.6799999999999926
0
LINE
8
BLACK
6
CONTINUOUS
10
52.5047659999999965
20
-110.6799999999999926
11
48.1670899999999946
21
-115.017674999999997
0
LINE
8
BLACK
6
CONTINUOUS
10
48.1670899999999946
20
-115.017674999999997
11
48.1515379999999951
21
-115.0552220000000005
0
LINE
8
BLACK
6
CONTINUOUS
10
48.1515379999999951
20
-115.0552220000000005
11
48.0644089999999977
21
-115.1856200000000001
0
LINE
8
BLACK
6
CONTINUOUS
10
48.0644089999999977
20
-115.1856200000000001
11
47.9535160000000005
21
-115.2965129999999903
0
LINE
8
BLACK
6
CONTINUOUS
10
47.9535160000000005
20
-115.2965129999999903
11
47.8231180000000009
21
-115.3836419999999947
0
LINE
8
BLACK
6
CONTINUOUS
10
47.8231180000000009
20
-115.3836419999999947
11
47.6782289999999946
21
-115.4436570000000017
0
LINE
8
BLACK
6
CONTINUOUS
10
47.6782289999999946
20
-115.4436570000000017
11
47.5244149999999976
21
-115.4742529999999903
0
LINE
8
BLACK
6
CONTINUOUS
10
47.5244149999999976
20
-115.4742529999999903
11
47.3675870000000003
21
-115.4742529999999903
0
LINE
8
BLACK
6
CONTINUOUS
10
47.3675870000000003
20
-115.4742529999999903
11
47.2137729999999962
21
-115.4436570000000017
0
LINE
8
BLACK
6
CONTINUOUS
10
47.2137729999999962
20
-115.4436570000000017
11
47.0688839999999971
21
-115.3836419999999947
0
LINE
8
BLACK
6
CONTINUOUS
10
47.0688839999999971
20
-115.3836419999999947
11
46.9384859999999975
21
-115.2965129999999903
0
LINE
8
BLACK
6
CONTINUOUS
10
46.9384859999999975
20
-115.2965129999999903
11
46.8275930000000002
21
-115.1856200000000001
0
LINE
8
BLACK
6
CONTINUOUS
10
46.8275930000000002
20
-115.1856200000000001
11
46.7404639999999958
21
-115.0552220000000005
0
LINE
8
BLACK
6
CONTINUOUS
10
46.7404639999999958
20
-115.0552220000000005
11
46.6804489999999959
21
-114.9103329999999943
0
LINE
8
BLACK
6
CONTINUOUS
10
46.6804489999999959
20
-114.9103329999999943
11
46.6498530000000002
21
-114.7565189999999973
0
LINE
8
BLACK
6
CONTINUOUS
10
46.6498530000000002
20
-114.7565189999999973
11
46.6498530000000002
21
-114.5996909999999929
0
LINE
8
BLACK
6
CONTINUOUS
10
46.6498530000000002
20
-114.5996909999999929
11
46.6804489999999959
21
-114.4458769999999959
0
LINE
8
BLACK
6
CONTINUOUS
10
46.6804489999999959
20
-114.4458769999999959
11
46.7404639999999958
21
-114.3009879999999896
0
LINE
8
BLACK
6
CONTINUOUS
10
46.7404639999999958
20
-114.3009879999999896
11
46.8275930000000002
21
-114.17058999999999
0
LINE
8
BLACK
6
CONTINUOUS
10
46.8275930000000002
20
-114.17058999999999
11
46.9384859999999975
21
-114.0596969999999999
0
LINE
8
BLACK
6
CONTINUOUS
10
46.9384859999999975
20
-114.0596969999999999
11
47.0688839999999971
21
-113.9725679999999954
0
LINE
8
BLACK
6
CONTINUOUS
10
47.0688839999999971
20
-113.9725679999999954
11
47.106429999999996
21
-113.9570149999999984
0
LINE
8
BLACK
6
CONTINUOUS
10
47.106429999999996
20
-113.9570149999999984
11
51.6637759999999986
21
-109.3996700000000004
0
LINE
8
BLACK
6
CONTINUOUS
10
51.6637759999999986
20
-109.3996700000000004
11
51.7183099999999953
21
-109.3502419999999944
0
LINE
8
BLACK
6
CONTINUOUS
10
51.7183099999999953
20
-109.3502419999999944
11
51.7794339999999949
21
-109.3093999999999966
0
LINE
8
BLACK
6
CONTINUOUS
10
51.7794339999999949
20
-109.3093999999999966
11
51.8405579999999944
21
-109.2685589999999962
0
LINE
8
BLACK
6
CONTINUOUS
10
51.8405579999999944
20
-109.2685589999999962
11
51.976391999999997
21
-109.2122949999999975
0
LINE
8
BLACK
6
CONTINUOUS
10
51.976391999999997
20
-109.2122949999999975
11
52.1205929999999995
21
-109.1836109999999991
0
LINE
8
BLACK
6
CONTINUOUS
10
52.1205929999999995
20
-109.1836109999999991
11
52.1941059999999979
21
-109.1799999999999926
0
LINE
8
BLACK
6
CONTINUOUS
10
52.1941059999999979
20
-109.1799999999999926
11
58.6812259999999952
21
-109.1799999999999926
0
LINE
8
BLACK
6
CONTINUOUS
10
58.6812259999999952
20
-109.1799999999999926
11
58.7187719999999942
21
-109.164447999999993
0
LINE
8
BLACK
6
CONTINUOUS
10
58.7187719999999942
20
-109.164447999999993
11
58.8725859999999983
21
-109.1338519999999903
0
LINE
8
BLACK
6
CONTINUOUS
10
58.8725859999999983
20
-109.1338519999999903
11
59.0294139999999956
21
-109.1338519999999903
0
LINE
8
BLACK
6
CONTINUOUS
10
59.0294139999999956
20
-109.1338519999999903
11
59.1832279999999997
21
-109.164447999999993
0
LINE
8
BLACK
6
CONTINUOUS
10
75.6811039999999906
20
-111.737127000000001
11
75.7540989999999965
21
-111.7859009999999955
0
LINE
8
BLACK
6
CONTINUOUS
10
75.7540989999999965
20
-111.7859009999999955
11
75.8028729999999911
21
-111.8588960000000014
0
LINE
8
BLACK
6
CONTINUOUS
10
75.8028729999999911
20
-111.8588960000000014
11
75.8199999999999932
21
-111.9449999999999932
0
LINE
8
BLACK
6
CONTINUOUS
10
75.8199999999999932
20
-111.9449999999999932
11
75.8199999999999932
21
-112.9949999999999903
0
LINE
8
BLACK
6
CONTINUOUS
10
75.8199999999999932
20
-112.9949999999999903
11
75.8028729999999911
21
-113.0811039999999963
0
LINE
8
BLACK
6
CONTINUOUS
10
75.8028729999999911
20
-113.0811039999999963
11
75.7540989999999965
21
-113.154098999999988
0
LINE
8
BLACK
6
CONTINUOUS
10
75.7540989999999965
20
-113.154098999999988
11
75.6811039999999906
21
-113.2028729999999968
0
LINE
8
BLACK
6
CONTINUOUS
10
75.6811039999999906
20
-113.2028729999999968
11
75.5949999999999989
21
-113.2199999999999989
0
LINE
8
BLACK
6
CONTINUOUS
10
75.5949999999999989
20
-113.2199999999999989
11
66.0450000000000017
21
-113.2199999999999989
0
LINE
8
BLACK
6
CONTINUOUS
10
66.0450000000000017
20
-113.2199999999999989
11
65.9588959999999958
21
-113.2028729999999968
0
LINE
8
BLACK
6
CONTINUOUS
10
65.9588959999999958
20
-113.2028729999999968
11
65.885901000000004
21
-113.154098999999988
0
LINE
8
BLACK
6
CONTINUOUS
10
65.885901000000004
20
-113.154098999999988
11
65.8371269999999953
21
-113.0811039999999963
0
LINE
8
BLACK
6
CONTINUOUS
10
65.8371269999999953
20
-113.0811039999999963
11
65.8199999999999932
21
-112.9949999999999903
0
LINE
8
BLACK
6
CONTINUOUS
10
65.8199999999999932
20
-112.9949999999999903
11
65.8199999999999932
21
-111.9449999999999932
0
LINE
8
BLACK
6
CONTINUOUS
10
65.8199999999999932
20
-111.9449999999999932
11
65.8371269999999953
21
-111.8588960000000014
0
LINE
8
BLACK
6
CONTINUOUS
10
65.8371269999999953
20
-111.8588960000000014
11
65.885901000000004
21
-111.7859009999999955
0
LINE
8
BLACK
6
CONTINUOUS
10
65.885901000000004
20
-111.7859009999999955
11
65.9588959999999958
21
-111.737127000000001
0
LINE
8
BLACK
6
CONTINUOUS
10
65.9588959999999958
20
-111.737127000000001
11
66.0450000000000017
21
-111.7199999999999989
0
LINE
8
BLACK
6
CONTINUOUS
10
66.0450000000000017
20
-111.7199999999999989
11
75.5949999999999989
21
-111.7199999999999989
0
LINE
8
BLACK
6
CONTINUOUS
10
75.5949999999999989
20
-111.7199999999999989
11
75.6811039999999906
21
-111.737127000000001
0
LINE
8
BLACK
6
CONTINUOUS
10
105.6811039999999906
20
-111.737127000000001
11
105.7540989999999965
21
-111.7859009999999955
0
LINE
8
BLACK
6
CONTINUOUS
10
105.7540989999999965
20
-111.7859009999999955
11
105.8028729999999911
21
-111.8588960000000014
0
LINE
8
BLACK
6
CONTINUOUS
10
105.8028729999999911
20
-111.8588960000000014
11
105.8199999999999932
21
-111.9449999999999932
0
LINE
8
BLACK
6
CONTINUOUS
10
105.8199999999999932
20
-111.9449999999999932
11
105.8199999999999932
21
-112.9949999999999903
0
LINE
8
BLACK
6
CONTINUOUS
10
105.8199999999999932
20
-112.9949999999999903
11
105.8028729999999911
21
-113.0811039999999963
0
LINE
8
BLACK
6
CONTINUOUS
10
105.8028729999999911
20
-113.0811039999999963
11
105.7540989999999965
21
-113.154098999999988
0
LINE
8
BLACK
6
CONTINUOUS
10
105.7540989999999965
20
-113.154098999999988
11
105.6811039999999906
21
-113.2028729999999968
0
LINE
8
BLACK
6
CONTINUOUS
10
105.6811039999999906
20
-113.2028729999999968
11
105.5949999999999989
21
-113.2199999999999989
0
LINE
8
BLACK
6
CONTINUOUS
10
105.5949999999999989
20
-113.2199999999999989
11
96.0450000000000017
21
-113.2199999999999989
0
LINE
8
BLACK
6
CONTINUOUS
10
96.0450000000000017
20
-113.2199999999999989
11
95.9588959999999958
21
-113.2028729999999968
0
LINE
8
BLACK
6
CONTINUOUS
10
95.9588959999999958
20
-113.2028729999999968
11
95.8859009999999898
21
-113.154098999999988
0
LINE
8
BLACK
6
CONTINUOUS
10
95.8859009999999898
20
-113.154098999999988
11
95.8371269999999953
21
-113.0811039999999963
0
LINE
8
BLACK
6
CONTINUOUS
10
95.8371269999999953
20
-113.0811039999999963
11
95.8199999999999932
21
-112.9949999999999903
0
LINE
8
BLACK
6
CONTINUOUS
10
95.8199999999999932
20
-112.9949999999999903
11
95.8199999999999932
21
-111.9449999999999932
0
LINE
8
BLACK
6
CONTINUOUS
10
95.8199999999999932
20
-111.9449999999999932
11
95.8371269999999953
21
-111.8588960000000014
0
LINE
8
BLACK
6
CONTINUOUS
10
95.8371269999999953
20
-111.8588960000000014
11
95.8859009999999898
21
-111.7859009999999955
0
LINE
8
BLACK
6
CONTINUOUS
10
95.8859009999999898
20
-111.7859009999999955
11
95.9588959999999958
21
-111.737127000000001
0
LINE
8
BLACK
6
CONTINUOUS
10
95.9588959999999958
20
-111.737127000000001
11
96.0450000000000017
21
-111.7199999999999989
0
LINE
8
BLACK
6
CONTINUOUS
10
96.0450000000000017
20
-111.7199999999999989
11
105.5949999999999989
21
-111.7199999999999989
0
LINE
8
BLACK
6
CONTINUOUS
10
105.5949999999999989
20
-111.7199999999999989
11
105.6811039999999906
21
-111.737127000000001
0
LINE
8
BLACK
6
CONTINUOUS
10
154.501103999999998
20
-111.737127000000001
11
154.5740989999999897
21
-111.7859009999999955
0
LINE
8
BLACK
6
CONTINUOUS
10
154.5740989999999897
20
-111.7859009999999955
11
154.6228729999999985
21
-111.8588960000000014
0
LINE
8
BLACK
6
CONTINUOUS
10
154.6228729999999985
20
-111.8588960000000014
11
154.6399999999999864
21
-111.9449999999999932
0
LINE
8
BLACK
6
CONTINUOUS
10
154.6399999999999864
20
-111.9449999999999932
11
154.6399999999999864
21
-112.9949999999999903
0
LINE
8
BLACK
6
CONTINUOUS
10
154.6399999999999864
20
-112.9949999999999903
11
154.6228729999999985
21
-113.0811039999999963
0
LINE
8
BLACK
6
CONTINUOUS
10
154.6228729999999985
20
-113.0811039999999963
11
154.5740989999999897
21
-113.154098999999988
0
LINE
8
BLACK
6
CONTINUOUS
10
154.5740989999999897
20
-113.154098999999988
11
154.501103999999998
21
-113.2028729999999968
0
LINE
8
BLACK
6
CONTINUOUS
10
154.501103999999998
20
-113.2028729999999968
11
154.414999999999992
21
-113.2199999999999989
0
LINE
8
BLACK
6
CONTINUOUS
10
154.414999999999992
20
-113.2199999999999989
11
144.8649999999999807
21
-113.2199999999999989
0
LINE
8
BLACK
6
CONTINUOUS
10
144.8649999999999807
20
-113.2199999999999989
11
144.7788960000000031
21
-113.2028729999999968
0
LINE
8
BLACK
6
CONTINUOUS
10
144.7788960000000031
20
-113.2028729999999968
11
144.705900999999983
21
-113.154098999999988
0
LINE
8
BLACK
6
CONTINUOUS
10
144.705900999999983
20
-113.154098999999988
11
144.6571270000000027
21
-113.0811039999999963
0
LINE
8
BLACK
6
CONTINUOUS
10
144.6571270000000027
20
-113.0811039999999963
11
144.6399999999999864
21
-112.9949999999999903
0
LINE
8
BLACK
6
CONTINUOUS
10
144.6399999999999864
20
-112.9949999999999903
11
144.6399999999999864
21
-111.9449999999999932
0
LINE
8
BLACK
6
CONTINUOUS
10
144.6399999999999864
20
-111.9449999999999932
11
144.6571270000000027
21
-111.8588960000000014
0
LINE
8
BLACK
6
CONTINUOUS
10
144.6571270000000027
20
-111.8588960000000014
11
144.705900999999983
21
-111.7859009999999955
0
LINE
8
BLACK
6
CONTINUOUS
10
144.705900999999983
20
-111.7859009999999955
11
144.7788960000000031
21
-111.737127000000001
0
LINE
8
BLACK
6
CONTINUOUS
10
144.7788960000000031
20
-111.737127000000001
11
144.8649999999999807
21
-111.7199999999999989
0
LINE
8
BLACK
6
CONTINUOUS
10
144.8649999999999807
20
-111.7199999999999989
11
154.414999999999992
21
-111.7199999999999989
0
LINE
8
BLACK
6
CONTINUOUS
10
154.414999999999992
20
-111.7199999999999989
11
154.501103999999998
21
-111.737127000000001
0
LINE
8
BLACK
6
CONTINUOUS
10
184.501103999999998
20
-111.737127000000001
11
184.5740989999999897
21
-111.7859009999999955
0
LINE
8
BLACK
6
CONTINUOUS
10
184.5740989999999897
20
-111.7859009999999955
11
184.6228729999999985
21
-111.8588960000000014
0
LINE
8
BLACK
6
CONTINUOUS
10
184.6228729999999985
20
-111.8588960000000014
11
184.6399999999999864
21
-111.9449999999999932
0
LINE
8
BLACK
6
CONTINUOUS
10
184.6399999999999864
20
-111.9449999999999932
11
184.6399999999999864
21
-112.9949999999999903
0
LINE
8
BLACK
6
CONTINUOUS
10
184.6399999999999864
20
-112.9949999999999903
11
184.6228729999999985
21
-113.0811039999999963
0
LINE
8
BLACK
6
CONTINUOUS
10
184.6228729999999985
20
-113.0811039999999963
11
184.5740989999999897
21
-113.154098999999988
0
LINE
8
BLACK
6
CONTINUOUS
10
184.5740989999999897
20
-113.154098999999988
11
184.501103999999998
21
-113.2028729999999968
0
LINE
8
BLACK
6
CONTINUOUS
10
184.501103999999998
20
-113.2028729999999968
11
184.414999999999992
21
-113.2199999999999989
0
LINE
8
BLACK
6
CONTINUOUS
10
184.414999999999992
20
-113.2199999999999989
11
174.8649999999999807
21
-113.2199999999999989
0
LINE
8
BLACK
6
CONTINUOUS
10
174.8649999999999807
20
-113.2199999999999989
11
174.7788960000000031
21
-113.2028729999999968
0
LINE
8
BLACK
6
CONTINUOUS
10
174.7788960000000031
20
-113.2028729999999968
11
174.705900999999983
21
-113.154098999999988
0
LINE
8
BLACK
6
CONTINUOUS
10
174.705900999999983
20
-113.154098999999988
11
174.6571270000000027
21
-113.0811039999999963
0
LINE
8
BLACK
6
CONTINUOUS
10
174.6571270000000027
20
-113.0811039999999963
11
174.6399999999999864
21
-112.9949999999999903
0
LINE
8
BLACK
6
CONTINUOUS
10
174.6399999999999864
20
-112.9949999999999903
11
174.6399999999999864
21
-111.9449999999999932
0
LINE
8
BLACK
6
CONTINUOUS
10
174.6399999999999864
20
-111.9449999999999932
11
174.6571270000000027
21
-111.8588960000000014
0
LINE
8
BLACK
6
CONTINUOUS
10
174.6571270000000027
20
-111.8588960000000014
11
174.705900999999983
21
-111.7859009999999955
0
LINE
8
BLACK
6
CONTINUOUS
10
174.705900999999983
20
-111.7859009999999955
11
174.7788960000000031
21
-111.737127000000001
0
LINE
8
BLACK
6
CONTINUOUS
10
174.7788960000000031
20
-111.737127000000001
11
174.8649999999999807
21
-111.7199999999999989
0
LINE
8
BLACK
6
CONTINUOUS
10
174.8649999999999807
20
-111.7199999999999989
11
184.414999999999992
21
-111.7199999999999989
0
LINE
8
BLACK
6
CONTINUOUS
10
184.414999999999992
20
-111.7199999999999989
11
184.501103999999998
21
-111.737127000000001
0
LINE
8
BLACK
6
CONTINUOUS
10
75.6811039999999906
20
-109.1971269999999947
11
75.7540989999999965
21
-109.2459009999999893
0
LINE
8
BLACK
6
CONTINUOUS
10
75.7540989999999965
20
-109.2459009999999893
11
75.8028729999999911
21
-109.3188959999999952
0
LINE
8
BLACK
6
CONTINUOUS
10
75.8028729999999911
20
-109.3188959999999952
11
75.8199999999999932
21
-109.4050000000000011
0
LINE
8
BLACK
6
CONTINUOUS
10
75.8199999999999932
20
-109.4050000000000011
11
75.8199999999999932
21
-110.4549999999999983
0
LINE
8
BLACK
6
CONTINUOUS
10
75.8199999999999932
20
-110.4549999999999983
11
75.8028729999999911
21
-110.54110399999999
0
LINE
8
BLACK
6
CONTINUOUS
10
75.8028729999999911
20
-110.54110399999999
11
75.7540989999999965
21
-110.614098999999996
0
LINE
8
BLACK
6
CONTINUOUS
10
75.7540989999999965
20
-110.614098999999996
11
75.6811039999999906
21
-110.6628729999999905
0
LINE
8
BLACK
6
CONTINUOUS
10
75.6811039999999906
20
-110.6628729999999905
11
75.5949999999999989
21
-110.6799999999999926
0
LINE
8
BLACK
6
CONTINUOUS
10
75.5949999999999989
20
-110.6799999999999926
11
66.0450000000000017
21
-110.6799999999999926
0
LINE
8
BLACK
6
CONTINUOUS
10
66.0450000000000017
20
-110.6799999999999926
11
65.9588959999999958
21
-110.6628729999999905
0
LINE
8
BLACK
6
CONTINUOUS
10
65.9588959999999958
20
-110.6628729999999905
11
65.885901000000004
21
-110.614098999999996
0
LINE
8
BLACK
6
CONTINUOUS
10
65.885901000000004
20
-110.614098999999996
11
65.8371269999999953
21
-110.54110399999999
0
LINE
8
BLACK
6
CONTINUOUS
10
65.8371269999999953
20
-110.54110399999999
11
65.8199999999999932
21
-110.4549999999999983
0
LINE
8
BLACK
6
CONTINUOUS
10
65.8199999999999932
20
-110.4549999999999983
11
65.8199999999999932
21
-109.4050000000000011
0
LINE
8
BLACK
6
CONTINUOUS
10
65.8199999999999932
20
-109.4050000000000011
11
65.8371269999999953
21
-109.3188959999999952
0
LINE
8
BLACK
6
CONTINUOUS
10
65.8371269999999953
20
-109.3188959999999952
11
65.885901000000004
21
-109.2459009999999893
0
LINE
8
BLACK
6
CONTINUOUS
10
65.885901000000004
20
-109.2459009999999893
11
65.9588959999999958
21
-109.1971269999999947
0
LINE
8
BLACK
6
CONTINUOUS
10
65.9588959999999958
20
-109.1971269999999947
11
66.0450000000000017
21
-109.1799999999999926
0
LINE
8
BLACK
6
CONTINUOUS
10
66.0450000000000017
20
-109.1799999999999926
11
75.5949999999999989
21
-109.1799999999999926
0
LINE
8
BLACK
6
CONTINUOUS
10
75.5949999999999989
20
-109.1799999999999926
11
75.6811039999999906
21
-109.1971269999999947
0
LINE
8
BLACK
6
CONTINUOUS
10
105.6811039999999906
20
-109.1971269999999947
11
105.7540989999999965
21
-109.2459009999999893
0
LINE
8
BLACK
6
CONTINUOUS
10
105.7540989999999965
20
-109.2459009999999893
11
105.8028729999999911
21
-109.3188959999999952
0
LINE
8
BLACK
6
CONTINUOUS
10
105.8028729999999911
20
-109.3188959999999952
11
105.8199999999999932
21
-109.4050000000000011
0
LINE
8
BLACK
6
CONTINUOUS
10
105.8199999999999932
20
-109.4050000000000011
11
105.8199999999999932
21
-110.4549999999999983
0
LINE
8
BLACK
6
CONTINUOUS
10
105.8199999999999932
20
-110.4549999999999983
11
105.8028729999999911
21
-110.54110399999999
0
LINE
8
BLACK
6
CONTINUOUS
10
105.8028729999999911
20
-110.54110399999999
11
105.7540989999999965
21
-110.614098999999996
0
LINE
8
BLACK
6
CONTINUOUS
10
105.7540989999999965
20
-110.614098999999996
11
105.6811039999999906
21
-110.6628729999999905
0
LINE
8
BLACK
6
CONTINUOUS
10
105.6811039999999906
20
-110.6628729999999905
11
105.5949999999999989
21
-110.6799999999999926
0
LINE
8
BLACK
6
CONTINUOUS
10
105.5949999999999989
20
-110.6799999999999926
11
96.0450000000000017
21
-110.6799999999999926
0
LINE
8
BLACK
6
CONTINUOUS
10
96.0450000000000017
20
-110.6799999999999926
11
95.9588959999999958
21
-110.6628729999999905
0
LINE
8
BLACK
6
CONTINUOUS
10
95.9588959999999958
20
-110.6628729999999905
11
95.8859009999999898
21
-110.614098999999996
0
LINE
8
BLACK
6
CONTINUOUS
10
95.8859009999999898
20
-110.614098999999996
11
95.8371269999999953
21
-110.54110399999999
0
LINE
8
BLACK
6
CONTINUOUS
10
95.8371269999999953
20
-110.54110399999999
11
95.8199999999999932
21
-110.4549999999999983
0
LINE
8
BLACK
6
CONTINUOUS
10
95.8199999999999932
20
-110.4549999999999983
11
95.8199999999999932
21
-109.4050000000000011
0
LINE
8
BLACK
6
CONTINUOUS
10
95.8199999999999932
20
-109.4050000000000011
11
95.8371269999999953
21
-109.3188959999999952
0
LINE
8
BLACK
6
CONTINUOUS
10
95.8371269999999953
20
-109.3188959999999952
11
95.8859009999999898
21
-109.2459009999999893
0
LINE
8
BLACK
6
CONTINUOUS
10
95.8859009999999898
20
-109.2459009999999893
11
95.9588959999999958
21
-109.1971269999999947
0
LINE
8
BLACK
6
CONTINUOUS
10
95.9588959999999958
20
-109.1971269999999947
11
96.0450000000000017
21
-109.1799999999999926
0
LINE
8
BLACK
6
CONTINUOUS
10
96.0450000000000017
20
-109.1799999999999926
11
105.5949999999999989
21
-109.1799999999999926
0
LINE
8
BLACK
6
CONTINUOUS
10
105.5949999999999989
20
-109.1799999999999926
11
105.6811039999999906
21
-109.1971269999999947
0
LINE
8
BLACK
6
CONTINUOUS
10
154.501103999999998
20
-109.1971269999999947
11
154.5740989999999897
21
-109.2459009999999893
0
LINE
8
BLACK
6
CONTINUOUS
10
154.5740989999999897
20
-109.2459009999999893
11
154.6228729999999985
21
-109.3188959999999952
0
LINE
8
BLACK
6
CONTINUOUS
10
154.6228729999999985
20
-109.3188959999999952
11
154.6399999999999864
21
-109.4050000000000011
0
LINE
8
BLACK
6
CONTINUOUS
10
154.6399999999999864
20
-109.4050000000000011
11
154.6399999999999864
21
-110.4549999999999983
0
LINE
8
BLACK
6
CONTINUOUS
10
154.6399999999999864
20
-110.4549999999999983
11
154.6228729999999985
21
-110.54110399999999
0
LINE
8
BLACK
6
CONTINUOUS
10
154.6228729999999985
20
-110.54110399999999
11
154.5740989999999897
21
-110.614098999999996
0
LINE
8
BLACK
6
CONTINUOUS
10
154.5740989999999897
20
-110.614098999999996
11
154.501103999999998
21
-110.6628729999999905
0
LINE
8
BLACK
6
CONTINUOUS
10
154.501103999999998
20
-110.6628729999999905
11
154.414999999999992
21
-110.6799999999999926
0
LINE
8
BLACK
6
CONTINUOUS
10
154.414999999999992
20
-110.6799999999999926
11
144.8649999999999807
21
-110.6799999999999926
0
LINE
8
BLACK
6
CONTINUOUS
10
144.8649999999999807
20
-110.6799999999999926
11
144.7788960000000031
21
-110.6628729999999905
0
LINE
8
BLACK
6
CONTINUOUS
10
144.7788960000000031
20
-110.6628729999999905
11
144.705900999999983
21
-110.614098999999996
0
LINE
8
BLACK
6
CONTINUOUS
10
144.705900999999983
20
-110.614098999999996
11
144.6571270000000027
21
-110.54110399999999
0
LINE
8
BLACK
6
CONTINUOUS
10
144.6571270000000027
20
-110.54110399999999
11
144.6399999999999864
21
-110.4549999999999983
0
LINE
8
BLACK
6
CONTINUOUS
10
144.6399999999999864
20
-110.4549999999999983
11
144.6399999999999864
21
-109.4050000000000011
0
LINE
8
BLACK
6
CONTINUOUS
10
144.6399999999999864
20
-109.4050000000000011
11
144.6571270000000027
21
-109.3188959999999952
0
LINE
8
BLACK
6
CONTINUOUS
10
144.6571270000000027
20
-109.3188959999999952
11
144.705900999999983
21
-109.2459009999999893
0
LINE
8
BLACK
6
CONTINUOUS
10
144.705900999999983
20
-109.2459009999999893
11
144.7788960000000031
21
-109.1971269999999947
0
LINE
8
BLACK
6
CONTINUOUS
10
144.7788960000000031
20
-109.1971269999999947
11
144.8649999999999807
21
-109.1799999999999926
0
LINE
8
BLACK
6
CONTINUOUS
10
144.8649999999999807
20
-109.1799999999999926
11
154.414999999999992
21
-109.1799999999999926
0
LINE
8
BLACK
6
CONTINUOUS
10
154.414999999999992
20
-109.1799999999999926
11
154.501103999999998
21
-109.1971269999999947
0
LINE
8
BLACK
6
CONTINUOUS
10
184.501103999999998
20
-109.1971269999999947
11
184.5740989999999897
21
-109.2459009999999893
0
LINE
8
BLACK
6
CONTINUOUS
10
184.5740989999999897
20
-109.2459009999999893
11
184.6228729999999985
21
-109.3188959999999952
0
LINE
8
BLACK
6
CONTINUOUS
10
184.6228729999999985
20
-109.3188959999999952
11
184.6399999999999864
21
-109.4050000000000011
0
LINE
8
BLACK
6
CONTINUOUS
10
184.6399999999999864
20
-109.4050000000000011
11
184.6399999999999864
21
-110.4549999999999983
0
LINE
8
BLACK
6
CONTINUOUS
10
184.6399999999999864
20
-110.4549999999999983
11
184.6228729999999985
21
-110.54110399999999
0
LINE
8
BLACK
6
CONTINUOUS
10
184.6228729999999985
20
-110.54110399999999
11
184.5740989999999897
21
-110.614098999999996
0
LINE
8
BLACK
6
CONTINUOUS
10
184.5740989999999897
20
-110.614098999999996
11
184.501103999999998
21
-110.6628729999999905
0
LINE
8
BLACK
6
CONTINUOUS
10
184.501103999999998
20
-110.6628729999999905
11
184.414999999999992
21
-110.6799999999999926
0
LINE
8
BLACK
6
CONTINUOUS
10
184.414999999999992
20
-110.6799999999999926
11
174.8649999999999807
21
-110.6799999999999926
0
LINE
8
BLACK
6
CONTINUOUS
10
174.8649999999999807
20
-110.6799999999999926
11
174.7788960000000031
21
-110.6628729999999905
0
LINE
8
BLACK
6
CONTINUOUS
10
174.7788960000000031
20
-110.6628729999999905
11
174.705900999999983
21
-110.614098999999996
0
LINE
8
BLACK
6
CONTINUOUS
10
174.705900999999983
20
-110.614098999999996
11
174.6571270000000027
21
-110.54110399999999
0
LINE
8
BLACK
6
CONTINUOUS
10
174.6571270000000027
20
-110.54110399999999
11
174.6399999999999864
21
-110.4549999999999983
0
LINE
8
BLACK
6
CONTINUOUS
10
174.6399999999999864
20
-110.4549999999999983
11
174.6399999999999864
21
-109.4050000000000011
0
LINE
8
BLACK
6
CONTINUOUS
10
174.6399999999999864
20
-109.4050000000000011
11
174.6571270000000027
21
-109.3188959999999952
0
LINE
8
BLACK
6
CONTINUOUS
10
174.6571270000000027
20
-109.3188959999999952
11
174.705900999999983
21
-109.2459009999999893
0
LINE
8
BLACK
6
CONTINUOUS
10
174.705900999999983
20
-109.2459009999999893
11
174.7788960000000031
21
-109.1971269999999947
0
LINE
8
BLACK
6
CONTINUOUS
10
174.7788960000000031
20
-109.1971269999999947
11
174.8649999999999807
21
-109.1799999999999926
0
LINE
8
BLACK
6
CONTINUOUS
10
174.8649999999999807
20
-109.1799999999999926
11
184.414999999999992
21
-109.1799999999999926
0
LINE
8
BLACK
6
CONTINUOUS
10
184.414999999999992
20
-109.1799999999999926
11
184.501103999999998
21
-109.1971269999999947
0
LINE
8
BLACK
6
CONTINUOUS
10
230.7011039999999866
20
-108.5771269999999902
11
230.7740989999999783
21
-108.6259009999999989
0
LINE
8
BLACK
6
CONTINUOUS
10
230.7740989999999783
20
-108.6259009999999989
11
230.8228729999999871
21
-108.6988959999999906
0
LINE
8
BLACK
6
CONTINUOUS
10
230.8228729999999871
20
-108.6988959999999906
11
230.8400000000000034
21
-108.7849999999999966
0
LINE
8
BLACK
6
CONTINUOUS
10
230.8400000000000034
20
-108.7849999999999966
11
230.8400000000000034
21
-109.8349999999999937
0
LINE
8
BLACK
6
CONTINUOUS
10
230.8400000000000034
20
-109.8349999999999937
11
230.8228729999999871
21
-109.9211039999999997
0
LINE
8
BLACK
6
CONTINUOUS
10
230.8228729999999871
20
-109.9211039999999997
11
230.7740989999999783
21
-109.9940989999999914
0
LINE
8
BLACK
6
CONTINUOUS
10
230.7740989999999783
20
-109.9940989999999914
11
230.7011039999999866
21
-110.0428730000000002
0
LINE
8
BLACK
6
CONTINUOUS
10
230.7011039999999866
20
-110.0428730000000002
11
230.6149999999999807
21
-110.0599999999999881
0
LINE
8
BLACK
6
CONTINUOUS
10
230.6149999999999807
20
-110.0599999999999881
11
221.0649999999999977
21
-110.0599999999999881
0
LINE
8
BLACK
6
CONTINUOUS
10
221.0649999999999977
20
-110.0599999999999881
11
220.9788959999999918
21
-110.0428730000000002
0
LINE
8
BLACK
6
CONTINUOUS
10
220.9788959999999918
20
-110.0428730000000002
11
220.9059010000000001
21
-109.9940989999999914
0
LINE
8
BLACK
6
CONTINUOUS
10
220.9059010000000001
20
-109.9940989999999914
11
220.8571269999999913
21
-109.9211039999999997
0
LINE
8
BLACK
6
CONTINUOUS
10
220.8571269999999913
20
-109.9211039999999997
11
220.8400000000000034
21
-109.8349999999999937
0
LINE
8
BLACK
6
CONTINUOUS
10
220.8400000000000034
20
-109.8349999999999937
11
220.8400000000000034
21
-108.7849999999999966
0
LINE
8
BLACK
6
CONTINUOUS
10
220.8400000000000034
20
-108.7849999999999966
11
220.8571269999999913
21
-108.6988959999999906
0
LINE
8
BLACK
6
CONTINUOUS
10
220.8571269999999913
20
-108.6988959999999906
11
220.9059010000000001
21
-108.6259009999999989
0
LINE
8
BLACK
6
CONTINUOUS
10
220.9059010000000001
20
-108.6259009999999989
11
220.9788959999999918
21
-108.5771269999999902
0
LINE
8
BLACK
6
CONTINUOUS
10
220.9788959999999918
20
-108.5771269999999902
11
221.0649999999999977
21
-108.5599999999999881
0
LINE
8
BLACK
6
CONTINUOUS
10
221.0649999999999977
20
-108.5599999999999881
11
230.6149999999999807
21
-108.5599999999999881
0
LINE
8
BLACK
6
CONTINUOUS
10
230.6149999999999807
20
-108.5599999999999881
11
230.7011039999999866
21
-108.5771269999999902
0
LINE
8
BLACK
6
CONTINUOUS
10
59.1932279999999977
20
-106.624448000000001
11
59.3381169999999969
21
-106.6844629999999938
0
LINE
8
BLACK
6
CONTINUOUS
10
59.3381169999999969
20
-106.6844629999999938
11
59.4685149999999965
21
-106.7715919999999983
0
LINE
8
BLACK
6
CONTINUOUS
10
59.4685149999999965
20
-106.7715919999999983
11
59.5794080000000008
21
-106.8824849999999884
0
LINE
8
BLACK
6
CONTINUOUS
10
59.5794080000000008
20
-106.8824849999999884
11
59.6665369999999982
21
-107.0128830000000022
0
LINE
8
BLACK
6
CONTINUOUS
10
59.6665369999999982
20
-107.0128830000000022
11
59.7265519999999981
21
-107.1577719999999943
0
LINE
8
BLACK
6
CONTINUOUS
10
59.7265519999999981
20
-107.1577719999999943
11
59.7571480000000008
21
-107.3115859999999913
0
LINE
8
BLACK
6
CONTINUOUS
10
59.7571480000000008
20
-107.3115859999999913
11
59.7571480000000008
21
-107.4684139999999957
0
LINE
8
BLACK
6
CONTINUOUS
10
59.7571480000000008
20
-107.4684139999999957
11
59.7265519999999981
21
-107.6222279999999927
0
LINE
8
BLACK
6
CONTINUOUS
10
59.7265519999999981
20
-107.6222279999999927
11
59.6665369999999982
21
-107.7671169999999989
0
LINE
8
BLACK
6
CONTINUOUS
10
59.6665369999999982
20
-107.7671169999999989
11
59.5794080000000008
21
-107.8975149999999985
0
LINE
8
BLACK
6
CONTINUOUS
10
59.5794080000000008
20
-107.8975149999999985
11
59.4685149999999965
21
-108.0084079999999886
0
LINE
8
BLACK
6
CONTINUOUS
10
59.4685149999999965
20
-108.0084079999999886
11
59.3381169999999969
21
-108.0955369999999931
0
LINE
8
BLACK
6
CONTINUOUS
10
59.3381169999999969
20
-108.0955369999999931
11
59.1932279999999977
21
-108.1555520000000001
0
LINE
8
BLACK
6
CONTINUOUS
10
59.1932279999999977
20
-108.1555520000000001
11
59.0394140000000007
21
-108.1861479999999887
0
LINE
8
BLACK
6
CONTINUOUS
10
59.0394140000000007
20
-108.1861479999999887
11
58.8825859999999963
21
-108.1861479999999887
0
LINE
8
BLACK
6
CONTINUOUS
10
58.8825859999999963
20
-108.1861479999999887
11
58.7287719999999993
21
-108.1555520000000001
0
LINE
8
BLACK
6
CONTINUOUS
10
58.7287719999999993
20
-108.1555520000000001
11
58.6912260000000003
21
-108.1400000000000006
0
LINE
8
BLACK
6
CONTINUOUS
10
58.6912260000000003
20
-108.1400000000000006
11
51.7906599999999955
21
-108.1400000000000006
0
LINE
8
BLACK
6
CONTINUOUS
10
51.7906599999999955
20
-108.1400000000000006
11
50.4680889999999991
21
-109.4625699999999995
0
LINE
8
BLACK
6
CONTINUOUS
10
50.4680889999999991
20
-109.4625699999999995
11
50.4525369999999995
21
-109.5001169999999888
0
LINE
8
BLACK
6
CONTINUOUS
10
50.4525369999999995
20
-109.5001169999999888
11
50.3654079999999951
21
-109.6305149999999884
0
LINE
8
BLACK
6
CONTINUOUS
10
50.3654079999999951
20
-109.6305149999999884
11
50.2545149999999978
21
-109.7414079999999927
0
LINE
8
BLACK
6
CONTINUOUS
10
50.2545149999999978
20
-109.7414079999999927
11
50.1241169999999983
21
-109.8285369999999972
0
LINE
8
BLACK
6
CONTINUOUS
10
50.1241169999999983
20
-109.8285369999999972
11
49.9792279999999991
21
-109.88855199999999
0
LINE
8
BLACK
6
CONTINUOUS
10
49.9792279999999991
20
-109.88855199999999
11
49.825413999999995
21
-109.9191479999999927
0
LINE
8
BLACK
6
CONTINUOUS
10
49.825413999999995
20
-109.9191479999999927
11
49.6685859999999977
21
-109.9191479999999927
0
LINE
8
BLACK
6
CONTINUOUS
10
49.6685859999999977
20
-109.9191479999999927
11
49.5147720000000007
21
-109.88855199999999
0
LINE
8
BLACK
6
CONTINUOUS
10
49.5147720000000007
20
-109.88855199999999
11
49.3698829999999944
21
-109.8285369999999972
0
LINE
8
BLACK
6
CONTINUOUS
10
49.3698829999999944
20
-109.8285369999999972
11
49.2394849999999948
21
-109.7414079999999927
0
LINE
8
BLACK
6
CONTINUOUS
10
49.2394849999999948
20
-109.7414079999999927
11
49.1285919999999976
21
-109.6305149999999884
0
LINE
8
BLACK
6
CONTINUOUS
10
49.1285919999999976
20
-109.6305149999999884
11
49.0414630000000002
21
-109.5001169999999888
0
LINE
8
BLACK
6
CONTINUOUS
10
49.0414630000000002
20
-109.5001169999999888
11
48.9814480000000003
21
-109.3552279999999968
0
LINE
8
BLACK
6
CONTINUOUS
10
48.9814480000000003
20
-109.3552279999999968
11
48.9508519999999976
21
-109.2014139999999998
0
LINE
8
BLACK
6
CONTINUOUS
10
48.9508519999999976
20
-109.2014139999999998
11
48.9508519999999976
21
-109.0445859999999954
0
LINE
8
BLACK
6
CONTINUOUS
10
48.9508519999999976
20
-109.0445859999999954
11
48.9814480000000003
21
-108.8907719999999983
0
LINE
8
BLACK
6
CONTINUOUS
10
48.9814480000000003
20
-108.8907719999999983
11
49.0414630000000002
21
-108.7458829999999921
0
LINE
8
BLACK
6
CONTINUOUS
10
49.0414630000000002
20
-108.7458829999999921
11
49.1285919999999976
21
-108.6154849999999925
0
LINE
8
BLACK
6
CONTINUOUS
10
49.1285919999999976
20
-108.6154849999999925
11
49.2394849999999948
21
-108.5045919999999882
0
LINE
8
BLACK
6
CONTINUOUS
10
49.2394849999999948
20
-108.5045919999999882
11
49.3698829999999944
21
-108.4174629999999979
0
LINE
8
BLACK
6
CONTINUOUS
10
49.3698829999999944
20
-108.4174629999999979
11
49.4074290000000005
21
-108.4019100000000009
0
LINE
8
BLACK
6
CONTINUOUS
10
49.4074290000000005
20
-108.4019100000000009
11
50.9496699999999976
21
-106.8596699999999942
0
LINE
8
BLACK
6
CONTINUOUS
10
50.9496699999999976
20
-106.8596699999999942
11
51.0042049999999989
21
-106.8102419999999881
0
LINE
8
BLACK
6
CONTINUOUS
10
51.0042049999999989
20
-106.8102419999999881
11
51.0620489999999947
21
-106.7715919999999983
0
LINE
8
BLACK
6
CONTINUOUS
10
51.0620489999999947
20
-106.7715919999999983
11
51.1264520000000005
21
-106.72855899999999
0
LINE
8
BLACK
6
CONTINUOUS
10
51.1264520000000005
20
-106.72855899999999
11
51.2157130000000009
21
-106.6915860000000009
0
LINE
8
BLACK
6
CONTINUOUS
10
51.2157130000000009
20
-106.6915860000000009
11
51.2622870000000006
21
-106.6722939999999937
0
LINE
8
BLACK
6
CONTINUOUS
10
51.2622870000000006
20
-106.6722939999999937
11
51.4064869999999985
21
-106.6436109999999928
0
LINE
8
BLACK
6
CONTINUOUS
10
51.4064869999999985
20
-106.6436109999999928
11
51.4799999999999969
21
-106.6400000000000006
0
LINE
8
BLACK
6
CONTINUOUS
10
51.4799999999999969
20
-106.6400000000000006
11
58.6912260000000003
21
-106.6400000000000006
0
LINE
8
BLACK
6
CONTINUOUS
10
58.6912260000000003
20
-106.6400000000000006
11
58.7287719999999993
21
-106.624448000000001
0
LINE
8
BLACK
6
CONTINUOUS
10
58.7287719999999993
20
-106.624448000000001
11
58.8825859999999963
21
-106.5938519999999983
0
LINE
8
BLACK
6
CONTINUOUS
10
58.8825859999999963
20
-106.5938519999999983
11
59.0394140000000007
21
-106.5938519999999983
0
LINE
8
BLACK
6
CONTINUOUS
10
59.0394140000000007
20
-106.5938519999999983
11
59.1932279999999977
21
-106.624448000000001
0
LINE
8
BLACK
6
CONTINUOUS
10
75.6811039999999906
20
-106.6571269999999885
11
75.7540989999999965
21
-106.7059009999999972
0
LINE
8
BLACK
6
CONTINUOUS
10
75.7540989999999965
20
-106.7059009999999972
11
75.8028729999999911
21
-106.7788959999999889
0
LINE
8
BLACK
6
CONTINUOUS
10
75.8028729999999911
20
-106.7788959999999889
11
75.8199999999999932
21
-106.8649999999999949
0
LINE
8
BLACK
6
CONTINUOUS
10
75.8199999999999932
20
-106.8649999999999949
11
75.8199999999999932
21
-107.914999999999992
0
LINE
8
BLACK
6
CONTINUOUS
10
75.8199999999999932
20
-107.914999999999992
11
75.8028729999999911
21
-108.001103999999998
0
LINE
8
BLACK
6
CONTINUOUS
10
75.8028729999999911
20
-108.001103999999998
11
75.7540989999999965
21
-108.0740989999999897
0
LINE
8
BLACK
6
CONTINUOUS
10
75.7540989999999965
20
-108.0740989999999897
11
75.6811039999999906
21
-108.1228729999999985
0
LINE
8
BLACK
6
CONTINUOUS
10
75.6811039999999906
20
-108.1228729999999985
11
75.5949999999999989
21
-108.1400000000000006
0
LINE
8
BLACK
6
CONTINUOUS
10
75.5949999999999989
20
-108.1400000000000006
11
66.0450000000000017
21
-108.1400000000000006
0
LINE
8
BLACK
6
CONTINUOUS
10
66.0450000000000017
20
-108.1400000000000006
11
65.9588959999999958
21
-108.1228729999999985
0
LINE
8
BLACK
6
CONTINUOUS
10
65.9588959999999958
20
-108.1228729999999985
11
65.885901000000004
21
-108.0740989999999897
0
LINE
8
BLACK
6
CONTINUOUS
10
65.885901000000004
20
-108.0740989999999897
11
65.8371269999999953
21
-108.001103999999998
0
LINE
8
BLACK
6
CONTINUOUS
10
65.8371269999999953
20
-108.001103999999998
11
65.8199999999999932
21
-107.914999999999992
0
LINE
8
BLACK
6
CONTINUOUS
10
65.8199999999999932
20
-107.914999999999992
11
65.8199999999999932
21
-106.8649999999999949
0
LINE
8
BLACK
6
CONTINUOUS
10
65.8199999999999932
20
-106.8649999999999949
11
65.8371269999999953
21
-106.7788959999999889
0
LINE
8
BLACK
6
CONTINUOUS
10
65.8371269999999953
20
-106.7788959999999889
11
65.885901000000004
21
-106.7059009999999972
0
LINE
8
BLACK
6
CONTINUOUS
10
65.885901000000004
20
-106.7059009999999972
11
65.9588959999999958
21
-106.6571269999999885
0
LINE
8
BLACK
6
CONTINUOUS
10
65.9588959999999958
20
-106.6571269999999885
11
66.0450000000000017
21
-106.6400000000000006
0
LINE
8
BLACK
6
CONTINUOUS
10
66.0450000000000017
20
-106.6400000000000006
11
75.5949999999999989
21
-106.6400000000000006
0
LINE
8
BLACK
6
CONTINUOUS
10
75.5949999999999989
20
-106.6400000000000006
11
75.6811039999999906
21
-106.6571269999999885
0
LINE
8
BLACK
6
CONTINUOUS
10
105.6811039999999906
20
-106.6571269999999885
11
105.7540989999999965
21
-106.7059009999999972
0
LINE
8
BLACK
6
CONTINUOUS
10
105.7540989999999965
20
-106.7059009999999972
11
105.8028729999999911
21
-106.7788959999999889
0
LINE
8
BLACK
6
CONTINUOUS
10
105.8028729999999911
20
-106.7788959999999889
11
105.8199999999999932
21
-106.8649999999999949
0
LINE
8
BLACK
6
CONTINUOUS
10
105.8199999999999932
20
-106.8649999999999949
11
105.8199999999999932
21
-107.914999999999992
0
LINE
8
BLACK
6
CONTINUOUS
10
105.8199999999999932
20
-107.914999999999992
11
105.8028729999999911
21
-108.001103999999998
0
LINE
8
BLACK
6
CONTINUOUS
10
105.8028729999999911
20
-108.001103999999998
11
105.7540989999999965
21
-108.0740989999999897
0
LINE
8
BLACK
6
CONTINUOUS
10
105.7540989999999965
20
-108.0740989999999897
11
105.6811039999999906
21
-108.1228729999999985
0
LINE
8
BLACK
6
CONTINUOUS
10
105.6811039999999906
20
-108.1228729999999985
11
105.5949999999999989
21
-108.1400000000000006
0
LINE
8
BLACK
6
CONTINUOUS
10
105.5949999999999989
20
-108.1400000000000006
11
96.0450000000000017
21
-108.1400000000000006
0
LINE
8
BLACK
6
CONTINUOUS
10
96.0450000000000017
20
-108.1400000000000006
11
95.9588959999999958
21
-108.1228729999999985
0
LINE
8
BLACK
6
CONTINUOUS
10
95.9588959999999958
20
-108.1228729999999985
11
95.8859009999999898
21
-108.0740989999999897
0
LINE
8
BLACK
6
CONTINUOUS
10
95.8859009999999898
20
-108.0740989999999897
11
95.8371269999999953
21
-108.001103999999998
0
LINE
8
BLACK
6
CONTINUOUS
10
95.8371269999999953
20
-108.001103999999998
11
95.8199999999999932
21
-107.914999999999992
0
LINE
8
BLACK
6
CONTINUOUS
10
95.8199999999999932
20
-107.914999999999992
11
95.8199999999999932
21
-106.8649999999999949
0
LINE
8
BLACK
6
CONTINUOUS
10
95.8199999999999932
20
-106.8649999999999949
11
95.8371269999999953
21
-106.7788959999999889
0
LINE
8
BLACK
6
CONTINUOUS
10
95.8371269999999953
20
-106.7788959999999889
11
95.8859009999999898
21
-106.7059009999999972
0
LINE
8
BLACK
6
CONTINUOUS
10
95.8859009999999898
20
-106.7059009999999972
11
95.9588959999999958
21
-106.6571269999999885
0
LINE
8
BLACK
6
CONTINUOUS
10
95.9588959999999958
20
-106.6571269999999885
11
96.0450000000000017
21
-106.6400000000000006
0
LINE
8
BLACK
6
CONTINUOUS
10
96.0450000000000017
20
-106.6400000000000006
11
105.5949999999999989
21
-106.6400000000000006
0
LINE
8
BLACK
6
CONTINUOUS
10
105.5949999999999989
20
-106.6400000000000006
11
105.6811039999999906
21
-106.6571269999999885
0
LINE
8
BLACK
6
CONTINUOUS
10
154.501103999999998
20
-106.6571269999999885
11
154.5740989999999897
21
-106.7059009999999972
0
LINE
8
BLACK
6
CONTINUOUS
10
154.5740989999999897
20
-106.7059009999999972
11
154.6228729999999985
21
-106.7788959999999889
0
LINE
8
BLACK
6
CONTINUOUS
10
154.6228729999999985
20
-106.7788959999999889
11
154.6399999999999864
21
-106.8649999999999949
0
LINE
8
BLACK
6
CONTINUOUS
10
154.6399999999999864
20
-106.8649999999999949
11
154.6399999999999864
21
-107.914999999999992
0
LINE
8
BLACK
6
CONTINUOUS
10
154.6399999999999864
20
-107.914999999999992
11
154.6228729999999985
21
-108.001103999999998
0
LINE
8
BLACK
6
CONTINUOUS
10
154.6228729999999985
20
-108.001103999999998
11
154.5740989999999897
21
-108.0740989999999897
0
LINE
8
BLACK
6
CONTINUOUS
10
154.5740989999999897
20
-108.0740989999999897
11
154.501103999999998
21
-108.1228729999999985
0
LINE
8
BLACK
6
CONTINUOUS
10
154.501103999999998
20
-108.1228729999999985
11
154.414999999999992
21
-108.1400000000000006
0
LINE
8
BLACK
6
CONTINUOUS
10
154.414999999999992
20
-108.1400000000000006
11
144.8649999999999807
21
-108.1400000000000006
0
LINE
8
BLACK
6
CONTINUOUS
10
144.8649999999999807
20
-108.1400000000000006
11
144.7788960000000031
21
-108.1228729999999985
0
LINE
8
BLACK
6
CONTINUOUS
10
144.7788960000000031
20
-108.1228729999999985
11
144.705900999999983
21
-108.0740989999999897
0
LINE
8
BLACK
6
CONTINUOUS
10
144.705900999999983
20
-108.0740989999999897
11
144.6571270000000027
21
-108.001103999999998
0
LINE
8
BLACK
6
CONTINUOUS
10
144.6571270000000027
20
-108.001103999999998
11
144.6399999999999864
21
-107.914999999999992
0
LINE
8
BLACK
6
CONTINUOUS
10
144.6399999999999864
20
-107.914999999999992
11
144.6399999999999864
21
-106.8649999999999949
0
LINE
8
BLACK
6
CONTINUOUS
10
144.6399999999999864
20
-106.8649999999999949
11
144.6571270000000027
21
-106.7788959999999889
0
LINE
8
BLACK
6
CONTINUOUS
10
144.6571270000000027
20
-106.7788959999999889
11
144.705900999999983
21
-106.7059009999999972
0
LINE
8
BLACK
6
CONTINUOUS
10
144.705900999999983
20
-106.7059009999999972
11
144.7788960000000031
21
-106.6571269999999885
0
LINE
8
BLACK
6
CONTINUOUS
10
144.7788960000000031
20
-106.6571269999999885
11
144.8649999999999807
21
-106.6400000000000006
0
LINE
8
BLACK
6
CONTINUOUS
10
144.8649999999999807
20
-106.6400000000000006
11
154.414999999999992
21
-106.6400000000000006
0
LINE
8
BLACK
6
CONTINUOUS
10
154.414999999999992
20
-106.6400000000000006
11
154.501103999999998
21
-106.6571269999999885
0
LINE
8
BLACK
6
CONTINUOUS
10
184.501103999999998
20
-106.6571269999999885
11
184.5740989999999897
21
-106.7059009999999972
0
LINE
8
BLACK
6
CONTINUOUS
10
184.5740989999999897
20
-106.7059009999999972
11
184.6228729999999985
21
-106.7788959999999889
0
LINE
8
BLACK
6
CONTINUOUS
10
184.6228729999999985
20
-106.7788959999999889
11
184.6399999999999864
21
-106.8649999999999949
0
LINE
8
BLACK
6
CONTINUOUS
10
184.6399999999999864
20
-106.8649999999999949
11
184.6399999999999864
21
-107.914999999999992
0
LINE
8
BLACK
6
CONTINUOUS
10
184.6399999999999864
20
-107.914999999999992
11
184.6228729999999985
21
-108.001103999999998
0
LINE
8
BLACK
6
CONTINUOUS
10
184.6228729999999985
20
-108.001103999999998
11
184.5740989999999897
21
-108.0740989999999897
0
LINE
8
BLACK
6
CONTINUOUS
10
184.5740989999999897
20
-108.0740989999999897
11
184.501103999999998
21
-108.1228729999999985
0
LINE
8
BLACK
6
CONTINUOUS
10
184.501103999999998
20
-108.1228729999999985
11
184.414999999999992
21
-108.1400000000000006
0
LINE
8
BLACK
6
CONTINUOUS
10
184.414999999999992
20
-108.1400000000000006
11
174.8649999999999807
21
-108.1400000000000006
0
LINE
8
BLACK
6
CONTINUOUS
10
174.8649999999999807
20
-108.1400000000000006
11
174.7788960000000031
21
-108.1228729999999985
0
LINE
8
BLACK
6
CONTINUOUS
10
174.7788960000000031
20
-108.1228729999999985
11
174.705900999999983
21
-108.0740989999999897
0
LINE
8
BLACK
6
CONTINUOUS
10
174.705900999999983
20
-108.0740989999999897
11
174.6571270000000027
21
-108.001103999999998
0
LINE
8
BLACK
6
CONTINUOUS
10
174.6571270000000027
20
-108.001103999999998
11
174.6399999999999864
21
-107.914999999999992
0
LINE
8
BLACK
6
CONTINUOUS
10
174.6399999999999864
20
-107.914999999999992
11
174.6399999999999864
21
-106.8649999999999949
0
LINE
8
BLACK
6
CONTINUOUS
10
174.6399999999999864
20
-106.8649999999999949
11
174.6571270000000027
21
-106.7788959999999889
0
LINE
8
BLACK
6
CONTINUOUS
10
174.6571270000000027
20
-106.7788959999999889
11
174.705900999999983
21
-106.7059009999999972
0
LINE
8
BLACK
6
CONTINUOUS
10
174.705900999999983
20
-106.7059009999999972
11
174.7788960000000031
21
-106.6571269999999885
0
LINE
8
BLACK
6
CONTINUOUS
10
174.7788960000000031
20
-106.6571269999999885
11
174.8649999999999807
21
-106.6400000000000006
0
LINE
8
BLACK
6
CONTINUOUS
10
174.8649999999999807
20
-106.6400000000000006
11
184.414999999999992
21
-106.6400000000000006
0
LINE
8
BLACK
6
CONTINUOUS
10
184.414999999999992
20
-106.6400000000000006
11
184.501103999999998
21
-106.6571269999999885
0
LINE
8
BLACK
6
CONTINUOUS
10
241.6781220000000019
20
-106.0044479999999965
11
241.8230109999999797
21
-106.0644629999999893
0
LINE
8
BLACK
6
CONTINUOUS
10
241.8230109999999797
20
-106.0644629999999893
11
241.9534089999999935
21
-106.1515919999999937
0
LINE
8
BLACK
6
CONTINUOUS
10
241.9534089999999935
20
-106.1515919999999937
11
242.0643019999999979
21
-106.2624849999999981
0
LINE
8
BLACK
6
CONTINUOUS
10
242.0643019999999979
20
-106.2624849999999981
11
242.1514310000000023
21
-106.3928829999999977
0
LINE
8
BLACK
6
CONTINUOUS
10
242.1514310000000023
20
-106.3928829999999977
11
242.2114459999999951
21
-106.5377719999999897
0
LINE
8
BLACK
6
CONTINUOUS
10
242.2114459999999951
20
-106.5377719999999897
11
242.2420419999999979
21
-106.6915860000000009
0
LINE
8
BLACK
6
CONTINUOUS
10
242.2420419999999979
20
-106.6915860000000009
11
242.2420419999999979
21
-106.8484139999999911
0
LINE
8
BLACK
6
CONTINUOUS
10
242.2420419999999979
20
-106.8484139999999911
11
242.2114459999999951
21
-107.0022279999999881
0
LINE
8
BLACK
6
CONTINUOUS
10
242.2114459999999951
20
-107.0022279999999881
11
242.1514310000000023
21
-107.1471169999999944
0
LINE
8
BLACK
6
CONTINUOUS
10
242.1514310000000023
20
-107.1471169999999944
11
242.0643019999999979
21
-107.277514999999994
0
LINE
8
BLACK
6
CONTINUOUS
10
242.0643019999999979
20
-107.277514999999994
11
241.9534089999999935
21
-107.3884079999999983
0
LINE
8
BLACK
6
CONTINUOUS
10
241.9534089999999935
20
-107.3884079999999983
11
241.8230109999999797
21
-107.4755369999999886
0
LINE
8
BLACK
6
CONTINUOUS
10
241.8230109999999797
20
-107.4755369999999886
11
241.6781220000000019
21
-107.5355519999999956
0
LINE
8
BLACK
6
CONTINUOUS
10
241.6781220000000019
20
-107.5355519999999956
11
241.5243079999999907
21
-107.5661479999999983
0
LINE
8
BLACK
6
CONTINUOUS
10
241.5243079999999907
20
-107.5661479999999983
11
241.3674800000000005
21
-107.5661479999999983
0
LINE
8
BLACK
6
CONTINUOUS
10
241.3674800000000005
20
-107.5661479999999983
11
241.2136659999999893
21
-107.5355519999999956
0
LINE
8
BLACK
6
CONTINUOUS
10
241.2136659999999893
20
-107.5355519999999956
11
241.068776999999983
21
-107.4755369999999886
0
LINE
8
BLACK
6
CONTINUOUS
10
241.068776999999983
20
-107.4755369999999886
11
240.9383789999999976
21
-107.3884079999999983
0
LINE
8
BLACK
6
CONTINUOUS
10
240.9383789999999976
20
-107.3884079999999983
11
240.8274859999999933
21
-107.277514999999994
0
LINE
8
BLACK
6
CONTINUOUS
10
240.8274859999999933
20
-107.277514999999994
11
240.7403569999999888
21
-107.1471169999999944
0
LINE
8
BLACK
6
CONTINUOUS
10
240.7403569999999888
20
-107.1471169999999944
11
240.680341999999996
21
-107.0022279999999881
0
LINE
8
BLACK
6
CONTINUOUS
10
240.680341999999996
20
-107.0022279999999881
11
240.6497459999999933
21
-106.8484139999999911
0
LINE
8
BLACK
6
CONTINUOUS
10
240.6497459999999933
20
-106.8484139999999911
11
240.6497459999999933
21
-106.6915860000000009
0
LINE
8
BLACK
6
CONTINUOUS
10
240.6497459999999933
20
-106.6915860000000009
11
240.680341999999996
21
-106.5377719999999897
0
LINE
8
BLACK
6
CONTINUOUS
10
240.680341999999996
20
-106.5377719999999897
11
240.7403569999999888
21
-106.3928829999999977
0
LINE
8
BLACK
6
CONTINUOUS
10
240.7403569999999888
20
-106.3928829999999977
11
240.8274859999999933
21
-106.2624849999999981
0
LINE
8
BLACK
6
CONTINUOUS
10
240.8274859999999933
20
-106.2624849999999981
11
240.9383789999999976
21
-106.1515919999999937
0
LINE
8
BLACK
6
CONTINUOUS
10
240.9383789999999976
20
-106.1515919999999937
11
241.068776999999983
21
-106.0644629999999893
0
LINE
8
BLACK
6
CONTINUOUS
10
241.068776999999983
20
-106.0644629999999893
11
241.2136659999999893
21
-106.0044479999999965
0
LINE
8
BLACK
6
CONTINUOUS
10
241.2136659999999893
20
-106.0044479999999965
11
241.3674800000000005
21
-105.9738519999999937
0
LINE
8
BLACK
6
CONTINUOUS
10
241.3674800000000005
20
-105.9738519999999937
11
241.5243079999999907
21
-105.9738519999999937
0
LINE
8
BLACK
6
CONTINUOUS
10
241.5243079999999907
20
-105.9738519999999937
11
241.6781220000000019
21
-106.0044479999999965
0
LINE
8
BLACK
6
CONTINUOUS
10
230.7011039999999866
20
-106.0371269999999981
11
230.7740989999999783
21
-106.0859009999999927
0
LINE
8
BLACK
6
CONTINUOUS
10
230.7740989999999783
20
-106.0859009999999927
11
230.8228729999999871
21
-106.1588959999999986
0
LINE
8
BLACK
6
CONTINUOUS
10
230.8228729999999871
20
-106.1588959999999986
11
230.8400000000000034
21
-106.2449999999999903
0
LINE
8
BLACK
6
CONTINUOUS
10
230.8400000000000034
20
-106.2449999999999903
11
230.8400000000000034
21
-107.2950000000000017
0
LINE
8
BLACK
6
CONTINUOUS
10
230.8400000000000034
20
-107.2950000000000017
11
230.8228729999999871
21
-107.3811039999999934
0
LINE
8
BLACK
6
CONTINUOUS
10
230.8228729999999871
20
-107.3811039999999934
11
230.7740989999999783
21
-107.4540989999999994
0
LINE
8
BLACK
6
CONTINUOUS
10
230.7740989999999783
20
-107.4540989999999994
11
230.7011039999999866
21
-107.5028729999999939
0
LINE
8
BLACK
6
CONTINUOUS
10
230.7011039999999866
20
-107.5028729999999939
11
230.6149999999999807
21
-107.519999999999996
0
LINE
8
BLACK
6
CONTINUOUS
10
230.6149999999999807
20
-107.519999999999996
11
221.0649999999999977
21
-107.519999999999996
0
LINE
8
BLACK
6
CONTINUOUS
10
221.0649999999999977
20
-107.519999999999996
11
220.9788959999999918
21
-107.5028729999999939
0
LINE
8
BLACK
6
CONTINUOUS
10
220.9788959999999918
20
-107.5028729999999939
11
220.9059010000000001
21
-107.4540989999999994
0
LINE
8
BLACK
6
CONTINUOUS
10
220.9059010000000001
20
-107.4540989999999994
11
220.8571269999999913
21
-107.3811039999999934
0
LINE
8
BLACK
6
CONTINUOUS
10
220.8571269999999913
20
-107.3811039999999934
11
220.8400000000000034
21
-107.2950000000000017
0
LINE
8
BLACK
6
CONTINUOUS
10
220.8400000000000034
20
-107.2950000000000017
11
220.8400000000000034
21
-106.2449999999999903
0
LINE
8
BLACK
6
CONTINUOUS
10
220.8400000000000034
20
-106.2449999999999903
11
220.8571269999999913
21
-106.1588959999999986
0
LINE
8
BLACK
6
CONTINUOUS
10
220.8571269999999913
20
-106.1588959999999986
11
220.9059010000000001
21
-106.0859009999999927
0
LINE
8
BLACK
6
CONTINUOUS
10
220.9059010000000001
20
-106.0859009999999927
11
220.9788959999999918
21
-106.0371269999999981
0
LINE
8
BLACK
6
CONTINUOUS
10
220.9788959999999918
20
-106.0371269999999981
11
221.0649999999999977
21
-106.019999999999996
0
LINE
8
BLACK
6
CONTINUOUS
10
221.0649999999999977
20
-106.019999999999996
11
230.6149999999999807
21
-106.019999999999996
0
LINE
8
BLACK
6
CONTINUOUS
10
230.6149999999999807
20
-106.019999999999996
11
230.7011039999999866
21
-106.0371269999999981
0
LINE
8
BLACK
6
CONTINUOUS
10
48.2022279999999981
20
-104.0844479999999947
11
48.239773999999997
21
-104.0999999999999943
0
LINE
8
BLACK
6
CONTINUOUS
10
48.239773999999997
20
-104.0999999999999943
11
58.7012259999999984
21
-104.0999999999999943
0
LINE
8
BLACK
6
CONTINUOUS
10
58.7012259999999984
20
-104.0999999999999943
11
58.7387719999999973
21
-104.0844479999999947
0
LINE
8
BLACK
6
CONTINUOUS
10
58.7387719999999973
20
-104.0844479999999947
11
58.8925859999999943
21
-104.053851999999992
0
LINE
8
BLACK
6
CONTINUOUS
10
58.8925859999999943
20
-104.053851999999992
11
59.0494139999999987
21
-104.053851999999992
0
LINE
8
BLACK
6
CONTINUOUS
10
59.0494139999999987
20
-104.053851999999992
11
59.2032279999999957
21
-104.0844479999999947
0
LINE
8
BLACK
6
CONTINUOUS
10
59.2032279999999957
20
-104.0844479999999947
11
59.3481169999999949
21
-104.1444630000000018
0
LINE
8
BLACK
6
CONTINUOUS
10
59.3481169999999949
20
-104.1444630000000018
11
59.4785149999999945
21
-104.231591999999992
0
LINE
8
BLACK
6
CONTINUOUS
10
59.4785149999999945
20
-104.231591999999992
11
59.5894079999999988
21
-104.3424849999999964
0
LINE
8
BLACK
6
CONTINUOUS
10
59.5894079999999988
20
-104.3424849999999964
11
59.6765369999999962
21
-104.4728829999999959
0
LINE
8
BLACK
6
CONTINUOUS
10
59.6765369999999962
20
-104.4728829999999959
11
59.7365519999999961
21
-104.6177720000000022
0
LINE
8
BLACK
6
CONTINUOUS
10
59.7365519999999961
20
-104.6177720000000022
11
59.7671479999999988
21
-104.7715859999999992
0
LINE
8
BLACK
6
CONTINUOUS
10
59.7671479999999988
20
-104.7715859999999992
11
59.7671479999999988
21
-104.9284139999999894
0
LINE
8
BLACK
6
CONTINUOUS
10
59.7671479999999988
20
-104.9284139999999894
11
59.7365519999999961
21
-105.0822280000000006
0
LINE
8
BLACK
6
CONTINUOUS
10
59.7365519999999961
20
-105.0822280000000006
11
59.6765369999999962
21
-105.2271169999999927
0
LINE
8
BLACK
6
CONTINUOUS
10
59.6765369999999962
20
-105.2271169999999927
11
59.5894079999999988
21
-105.3575149999999923
0
LINE
8
BLACK
6
CONTINUOUS
10
59.5894079999999988
20
-105.3575149999999923
11
59.4785149999999945
21
-105.4684079999999966
0
LINE
8
BLACK
6
CONTINUOUS
10
59.4785149999999945
20
-105.4684079999999966
11
59.3481169999999949
21
-105.5555370000000011
0
LINE
8
BLACK
6
CONTINUOUS
10
59.3481169999999949
20
-105.5555370000000011
11
59.2032279999999957
21
-105.6155519999999939
0
LINE
8
BLACK
6
CONTINUOUS
10
59.2032279999999957
20
-105.6155519999999939
11
59.0494139999999987
21
-105.6461479999999966
0
LINE
8
BLACK
6
CONTINUOUS
10
59.0494139999999987
20
-105.6461479999999966
11
58.8925859999999943
21
-105.6461479999999966
0
LINE
8
BLACK
6
CONTINUOUS
10
58.8925859999999943
20
-105.6461479999999966
11
58.7387719999999973
21
-105.6155519999999939
0
LINE
8
BLACK
6
CONTINUOUS
10
58.7387719999999973
20
-105.6155519999999939
11
58.7012259999999984
21
-105.5999999999999943
0
LINE
8
BLACK
6
CONTINUOUS
10
58.7012259999999984
20
-105.5999999999999943
11
48.239773999999997
21
-105.5999999999999943
0
LINE
8
BLACK
6
CONTINUOUS
10
48.239773999999997
20
-105.5999999999999943
11
48.2022279999999981
21
-105.6155519999999939
0
LINE
8
BLACK
6
CONTINUOUS
10
48.2022279999999981
20
-105.6155519999999939
11
48.0484140000000011
21
-105.6461479999999966
0
LINE
8
BLACK
6
CONTINUOUS
10
48.0484140000000011
20
-105.6461479999999966
11
47.8915859999999967
21
-105.6461479999999966
0
LINE
8
BLACK
6
CONTINUOUS
10
47.8915859999999967
20
-105.6461479999999966
11
47.7377719999999997
21
-105.6155519999999939
0
LINE
8
BLACK
6
CONTINUOUS
10
47.7377719999999997
20
-105.6155519999999939
11
47.5928830000000005
21
-105.5555370000000011
0
LINE
8
BLACK
6
CONTINUOUS
10
47.5928830000000005
20
-105.5555370000000011
11
47.4624850000000009
21
-105.4684079999999966
0
LINE
8
BLACK
6
CONTINUOUS
10
47.4624850000000009
20
-105.4684079999999966
11
47.3515919999999966
21
-105.3575149999999923
0
LINE
8
BLACK
6
CONTINUOUS
10
47.3515919999999966
20
-105.3575149999999923
11
47.2644629999999992
21
-105.2271169999999927
0
LINE
8
BLACK
6
CONTINUOUS
10
47.2644629999999992
20
-105.2271169999999927
11
47.2044479999999993
21
-105.0822280000000006
0
LINE
8
BLACK
6
CONTINUOUS
10
47.2044479999999993
20
-105.0822280000000006
11
47.1738519999999966
21
-104.9284139999999894
0
LINE
8
BLACK
6
CONTINUOUS
10
47.1738519999999966
20
-104.9284139999999894
11
47.1738519999999966
21
-104.7715859999999992
0
LINE
8
BLACK
6
CONTINUOUS
10
47.1738519999999966
20
-104.7715859999999992
11
47.2044479999999993
21
-104.6177720000000022
0
LINE
8
BLACK
6
CONTINUOUS
10
47.2044479999999993
20
-104.6177720000000022
11
47.2644629999999992
21
-104.4728829999999959
0
LINE
8
BLACK
6
CONTINUOUS
10
47.2644629999999992
20
-104.4728829999999959
11
47.3515919999999966
21
-104.3424849999999964
0
LINE
8
BLACK
6
CONTINUOUS
10
47.3515919999999966
20
-104.3424849999999964
11
47.4624850000000009
21
-104.231591999999992
0
LINE
8
BLACK
6
CONTINUOUS
10
47.4624850000000009
20
-104.231591999999992
11
47.5928830000000005
21
-104.1444630000000018
0
LINE
8
BLACK
6
CONTINUOUS
10
47.5928830000000005
20
-104.1444630000000018
11
47.7377719999999997
21
-104.0844479999999947
0
LINE
8
BLACK
6
CONTINUOUS
10
47.7377719999999997
20
-104.0844479999999947
11
47.8915859999999967
21
-104.053851999999992
0
LINE
8
BLACK
6
CONTINUOUS
10
47.8915859999999967
20
-104.053851999999992
11
48.0484140000000011
21
-104.053851999999992
0
LINE
8
BLACK
6
CONTINUOUS
10
48.0484140000000011
20
-104.053851999999992
11
48.2022279999999981
21
-104.0844479999999947
0
LINE
8
BLACK
6
CONTINUOUS
10
75.6811039999999906
20
-104.1171269999999964
11
75.7540989999999965
21
-104.165900999999991
0
LINE
8
BLACK
6
CONTINUOUS
10
75.7540989999999965
20
-104.165900999999991
11
75.8028729999999911
21
-104.2388959999999969
0
LINE
8
BLACK
6
CONTINUOUS
10
75.8028729999999911
20
-104.2388959999999969
11
75.8199999999999932
21
-104.3249999999999886
0
LINE
8
BLACK
6
CONTINUOUS
10
75.8199999999999932
20
-104.3249999999999886
11
75.8199999999999932
21
-105.375
0
LINE
8
BLACK
6
CONTINUOUS
10
75.8199999999999932
20
-105.375
11
75.8028729999999911
21
-105.4611039999999917
0
LINE
8
BLACK
6
CONTINUOUS
10
75.8028729999999911
20
-105.4611039999999917
11
75.7540989999999965
21
-105.5340989999999977
0
LINE
8
BLACK
6
CONTINUOUS
10
75.7540989999999965
20
-105.5340989999999977
11
75.6811039999999906
21
-105.5828729999999922
0
LINE
8
BLACK
6
CONTINUOUS
10
75.6811039999999906
20
-105.5828729999999922
11
75.5949999999999989
21
-105.5999999999999943
0
LINE
8
BLACK
6
CONTINUOUS
10
75.5949999999999989
20
-105.5999999999999943
11
66.0450000000000017
21
-105.5999999999999943
0
LINE
8
BLACK
6
CONTINUOUS
10
66.0450000000000017
20
-105.5999999999999943
11
65.9588959999999958
21
-105.5828729999999922
0
LINE
8
BLACK
6
CONTINUOUS
10
65.9588959999999958
20
-105.5828729999999922
11
65.885901000000004
21
-105.5340989999999977
0
LINE
8
BLACK
6
CONTINUOUS
10
65.885901000000004
20
-105.5340989999999977
11
65.8371269999999953
21
-105.4611039999999917
0
LINE
8
BLACK
6
CONTINUOUS
10
65.8371269999999953
20
-105.4611039999999917
11
65.8199999999999932
21
-105.375
0
LINE
8
BLACK
6
CONTINUOUS
10
65.8199999999999932
20
-105.375
11
65.8199999999999932
21
-104.3249999999999886
0
LINE
8
BLACK
6
CONTINUOUS
10
65.8199999999999932
20
-104.3249999999999886
11
65.8371269999999953
21
-104.2388959999999969
0
LINE
8
BLACK
6
CONTINUOUS
10
65.8371269999999953
20
-104.2388959999999969
11
65.885901000000004
21
-104.165900999999991
0
LINE
8
BLACK
6
CONTINUOUS
10
65.885901000000004
20
-104.165900999999991
11
65.9588959999999958
21
-104.1171269999999964
0
LINE
8
BLACK
6
CONTINUOUS
10
65.9588959999999958
20
-104.1171269999999964
11
66.0450000000000017
21
-104.0999999999999943
0
LINE
8
BLACK
6
CONTINUOUS
10
66.0450000000000017
20
-104.0999999999999943
11
75.5949999999999989
21
-104.0999999999999943
0
LINE
8
BLACK
6
CONTINUOUS
10
75.5949999999999989
20
-104.0999999999999943
11
75.6811039999999906
21
-104.1171269999999964
0
LINE
8
BLACK
6
CONTINUOUS
10
105.6811039999999906
20
-104.1171269999999964
11
105.7540989999999965
21
-104.165900999999991
0
LINE
8
BLACK
6
CONTINUOUS
10
105.7540989999999965
20
-104.165900999999991
11
105.8028729999999911
21
-104.2388959999999969
0
LINE
8
BLACK
6
CONTINUOUS
10
105.8028729999999911
20
-104.2388959999999969
11
105.8199999999999932
21
-104.3249999999999886
0
LINE
8
BLACK
6
CONTINUOUS
10
105.8199999999999932
20
-104.3249999999999886
11
105.8199999999999932
21
-105.375
0
LINE
8
BLACK
6
CONTINUOUS
10
105.8199999999999932
20
-105.375
11
105.8028729999999911
21
-105.4611039999999917
0
LINE
8
BLACK
6
CONTINUOUS
10
105.8028729999999911
20
-105.4611039999999917
11
105.7540989999999965
21
-105.5340989999999977
0
LINE
8
BLACK
6
CONTINUOUS
10
105.7540989999999965
20
-105.5340989999999977
11
105.6811039999999906
21
-105.5828729999999922
0
LINE
8
BLACK
6
CONTINUOUS
10
105.6811039999999906
20
-105.5828729999999922
11
105.5949999999999989
21
-105.5999999999999943
0
LINE
8
BLACK
6
CONTINUOUS
10
105.5949999999999989
20
-105.5999999999999943
11
96.0450000000000017
21
-105.5999999999999943
0
LINE
8
BLACK
6
CONTINUOUS
10
96.0450000000000017
20
-105.5999999999999943
11
95.9588959999999958
21
-105.5828729999999922
0
LINE
8
BLACK
6
CONTINUOUS
10
95.9588959999999958
20
-105.5828729999999922
11
95.8859009999999898
21
-105.5340989999999977
0
LINE
8
BLACK
6
CONTINUOUS
10
95.8859009999999898
20
-105.5340989999999977
11
95.8371269999999953
21
-105.4611039999999917
0
LINE
8
BLACK
6
CONTINUOUS
10
95.8371269999999953
20
-105.4611039999999917
11
95.8199999999999932
21
-105.375
0
LINE
8
BLACK
6
CONTINUOUS
10
95.8199999999999932
20
-105.375
11
95.8199999999999932
21
-104.3249999999999886
0
LINE
8
BLACK
6
CONTINUOUS
10
95.8199999999999932
20
-104.3249999999999886
11
95.8371269999999953
21
-104.2388959999999969
0
LINE
8
BLACK
6
CONTINUOUS
10
95.8371269999999953
20
-104.2388959999999969
11
95.8859009999999898
21
-104.165900999999991
0
LINE
8
BLACK
6
CONTINUOUS
10
95.8859009999999898
20
-104.165900999999991
11
95.9588959999999958
21
-104.1171269999999964
0
LINE
8
BLACK
6
CONTINUOUS
10
95.9588959999999958
20
-104.1171269999999964
11
96.0450000000000017
21
-104.0999999999999943
0
LINE
8
BLACK
6
CONTINUOUS
10
96.0450000000000017
20
-104.0999999999999943
11
105.5949999999999989
21
-104.0999999999999943
0
LINE
8
BLACK
6
CONTINUOUS
10
105.5949999999999989
20
-104.0999999999999943
11
105.6811039999999906
21
-104.1171269999999964
0
LINE
8
BLACK
6
CONTINUOUS
10
154.501103999999998
20
-104.1171269999999964
11
154.5740989999999897
21
-104.165900999999991
0
LINE
8
BLACK
6
CONTINUOUS
10
154.5740989999999897
20
-104.165900999999991
11
154.6228729999999985
21
-104.2388959999999969
0
LINE
8
BLACK
6
CONTINUOUS
10
154.6228729999999985
20
-104.2388959999999969
11
154.6399999999999864
21
-104.3249999999999886
0
LINE
8
BLACK
6
CONTINUOUS
10
154.6399999999999864
20
-104.3249999999999886
11
154.6399999999999864
21
-105.375
0
LINE
8
BLACK
6
CONTINUOUS
10
154.6399999999999864
20
-105.375
11
154.6228729999999985
21
-105.4611039999999917
0
LINE
8
BLACK
6
CONTINUOUS
10
154.6228729999999985
20
-105.4611039999999917
11
154.5740989999999897
21
-105.5340989999999977
0
LINE
8
BLACK
6
CONTINUOUS
10
154.5740989999999897
20
-105.5340989999999977
11
154.501103999999998
21
-105.5828729999999922
0
LINE
8
BLACK
6
CONTINUOUS
10
154.501103999999998
20
-105.5828729999999922
11
154.414999999999992
21
-105.5999999999999943
0
LINE
8
BLACK
6
CONTINUOUS
10
154.414999999999992
20
-105.5999999999999943
11
144.8649999999999807
21
-105.5999999999999943
0
LINE
8
BLACK
6
CONTINUOUS
10
144.8649999999999807
20
-105.5999999999999943
11
144.7788960000000031
21
-105.5828729999999922
0
LINE
8
BLACK
6
CONTINUOUS
10
144.7788960000000031
20
-105.5828729999999922
11
144.705900999999983
21
-105.5340989999999977
0
LINE
8
BLACK
6
CONTINUOUS
10
144.705900999999983
20
-105.5340989999999977
11
144.6571270000000027
21
-105.4611039999999917
0
LINE
8
BLACK
6
CONTINUOUS
10
144.6571270000000027
20
-105.4611039999999917
11
144.6399999999999864
21
-105.375
0
LINE
8
BLACK
6
CONTINUOUS
10
144.6399999999999864
20
-105.375
11
144.6399999999999864
21
-104.3249999999999886
0
LINE
8
BLACK
6
CONTINUOUS
10
144.6399999999999864
20
-104.3249999999999886
11
144.6571270000000027
21
-104.2388959999999969
0
LINE
8
BLACK
6
CONTINUOUS
10
144.6571270000000027
20
-104.2388959999999969
11
144.705900999999983
21
-104.165900999999991
0
LINE
8
BLACK
6
CONTINUOUS
10
144.705900999999983
20
-104.165900999999991
11
144.7788960000000031
21
-104.1171269999999964
0
LINE
8
BLACK
6
CONTINUOUS
10
144.7788960000000031
20
-104.1171269999999964
11
144.8649999999999807
21
-104.0999999999999943
0
LINE
8
BLACK
6
CONTINUOUS
10
144.8649999999999807
20
-104.0999999999999943
11
154.414999999999992
21
-104.0999999999999943
0
LINE
8
BLACK
6
CONTINUOUS
10
154.414999999999992
20
-104.0999999999999943
11
154.501103999999998
21
-104.1171269999999964
0
LINE
8
BLACK
6
CONTINUOUS
10
184.501103999999998
20
-104.1171269999999964
11
184.5740989999999897
21
-104.165900999999991
0
LINE
8
BLACK
6
CONTINUOUS
10
184.5740989999999897
20
-104.165900999999991
11
184.6228729999999985
21
-104.2388959999999969
0
LINE
8
BLACK
6
CONTINUOUS
10
184.6228729999999985
20
-104.2388959999999969
11
184.6399999999999864
21
-104.3249999999999886
0
LINE
8
BLACK
6
CONTINUOUS
10
184.6399999999999864
20
-104.3249999999999886
11
184.6399999999999864
21
-105.375
0
LINE
8
BLACK
6
CONTINUOUS
10
184.6399999999999864
20
-105.375
11
184.6228729999999985
21
-105.4611039999999917
0
LINE
8
BLACK
6
CONTINUOUS
10
184.6228729999999985
20
-105.4611039999999917
11
184.5740989999999897
21
-105.5340989999999977
0
LINE
8
BLACK
6
CONTINUOUS
10
184.5740989999999897
20
-105.5340989999999977
11
184.501103999999998
21
-105.5828729999999922
0
LINE
8
BLACK
6
CONTINUOUS
10
184.501103999999998
20
-105.5828729999999922
11
184.414999999999992
21
-105.5999999999999943
0
LINE
8
BLACK
6
CONTINUOUS
10
184.414999999999992
20
-105.5999999999999943
11
174.8649999999999807
21
-105.5999999999999943
0
LINE
8
BLACK
6
CONTINUOUS
10
174.8649999999999807
20
-105.5999999999999943
11
174.7788960000000031
21
-105.5828729999999922
0
LINE
8
BLACK
6
CONTINUOUS
10
174.7788960000000031
20
-105.5828729999999922
11
174.705900999999983
21
-105.5340989999999977
0
LINE
8
BLACK
6
CONTINUOUS
10
174.705900999999983
20
-105.5340989999999977
11
174.6571270000000027
21
-105.4611039999999917
0
LINE
8
BLACK
6
CONTINUOUS
10
174.6571270000000027
20
-105.4611039999999917
11
174.6399999999999864
21
-105.375
0
LINE
8
BLACK
6
CONTINUOUS
10
174.6399999999999864
20
-105.375
11
174.6399999999999864
21
-104.3249999999999886
0
LINE
8
BLACK
6
CONTINUOUS
10
174.6399999999999864
20
-104.3249999999999886
11
174.6571270000000027
21
-104.2388959999999969
0
LINE
8
BLACK
6
CONTINUOUS
10
174.6571270000000027
20
-104.2388959999999969
11
174.705900999999983
21
-104.165900999999991
0
LINE
8
BLACK
6
CONTINUOUS
10
174.705900999999983
20
-104.165900999999991
11
174.7788960000000031
21
-104.1171269999999964
0
LINE
8
BLACK
6
CONTINUOUS
10
174.7788960000000031
20
-104.1171269999999964
11
174.8649999999999807
21
-104.0999999999999943
0
LINE
8
BLACK
6
CONTINUOUS
10
174.8649999999999807
20
-104.0999999999999943
11
184.414999999999992
21
-104.0999999999999943
0
LINE
8
BLACK
6
CONTINUOUS
10
184.414999999999992
20
-104.0999999999999943
11
184.501103999999998
21
-104.1171269999999964
0
LINE
8
BLACK
6
CONTINUOUS
10
239.1381219999999814
20
-103.4644479999999902
11
239.2830109999999877
21
-103.5244629999999972
0
LINE
8
BLACK
6
CONTINUOUS
10
239.2830109999999877
20
-103.5244629999999972
11
239.4134090000000015
21
-103.6115920000000017
0
LINE
8
BLACK
6
CONTINUOUS
10
239.4134090000000015
20
-103.6115920000000017
11
239.5243019999999774
21
-103.7224849999999918
0
LINE
8
BLACK
6
CONTINUOUS
10
239.5243019999999774
20
-103.7224849999999918
11
239.6114309999999819
21
-103.8528829999999914
0
LINE
8
BLACK
6
CONTINUOUS
10
239.6114309999999819
20
-103.8528829999999914
11
239.6714460000000031
21
-103.9977719999999977
0
LINE
8
BLACK
6
CONTINUOUS
10
239.6714460000000031
20
-103.9977719999999977
11
239.7020419999999774
21
-104.1515859999999947
0
LINE
8
BLACK
6
CONTINUOUS
10
239.7020419999999774
20
-104.1515859999999947
11
239.7020419999999774
21
-104.3084139999999991
0
LINE
8
BLACK
6
CONTINUOUS
10
239.7020419999999774
20
-104.3084139999999991
11
239.6714460000000031
21
-104.4622279999999961
0
LINE
8
BLACK
6
CONTINUOUS
10
239.6714460000000031
20
-104.4622279999999961
11
239.6114309999999819
21
-104.6071170000000023
0
LINE
8
BLACK
6
CONTINUOUS
10
239.6114309999999819
20
-104.6071170000000023
11
239.5243019999999774
21
-104.7375150000000019
0
LINE
8
BLACK
6
CONTINUOUS
10
239.5243019999999774
20
-104.7375150000000019
11
239.4134090000000015
21
-104.8484079999999921
0
LINE
8
BLACK
6
CONTINUOUS
10
239.4134090000000015
20
-104.8484079999999921
11
239.2830109999999877
21
-104.9355369999999965
0
LINE
8
BLACK
6
CONTINUOUS
10
239.2830109999999877
20
-104.9355369999999965
11
239.1381219999999814
21
-104.9955519999999893
0
LINE
8
BLACK
6
CONTINUOUS
10
239.1381219999999814
20
-104.9955519999999893
11
238.9843079999999986
21
-105.0261479999999921
0
LINE
8
BLACK
6
CONTINUOUS
10
238.9843079999999986
20
-105.0261479999999921
11
238.82747999999998
21
-105.0261479999999921
0
LINE
8
BLACK
6
CONTINUOUS
10
238.82747999999998
20
-105.0261479999999921
11
238.6736659999999972
21
-104.9955519999999893
0
LINE
8
BLACK
6
CONTINUOUS
10
238.6736659999999972
20
-104.9955519999999893
11
238.5287769999999909
21
-104.9355369999999965
0
LINE
8
BLACK
6
CONTINUOUS
10
238.5287769999999909
20
-104.9355369999999965
11
238.3983789999999772
21
-104.8484079999999921
0
LINE
8
BLACK
6
CONTINUOUS
10
238.3983789999999772
20
-104.8484079999999921
11
238.2874860000000012
21
-104.7375150000000019
0
LINE
8
BLACK
6
CONTINUOUS
10
238.2874860000000012
20
-104.7375150000000019
11
238.2003569999999968
21
-104.6071170000000023
0
LINE
8
BLACK
6
CONTINUOUS
10
238.2003569999999968
20
-104.6071170000000023
11
238.1403419999999755
21
-104.4622279999999961
0
LINE
8
BLACK
6
CONTINUOUS
10
238.1403419999999755
20
-104.4622279999999961
11
238.1097460000000012
21
-104.3084139999999991
0
LINE
8
BLACK
6
CONTINUOUS
10
238.1097460000000012
20
-104.3084139999999991
11
238.1097460000000012
21
-104.1515859999999947
0
LINE
8
BLACK
6
CONTINUOUS
10
238.1097460000000012
20
-104.1515859999999947
11
238.1403419999999755
21
-103.9977719999999977
0
LINE
8
BLACK
6
CONTINUOUS
10
238.1403419999999755
20
-103.9977719999999977
11
238.2003569999999968
21
-103.8528829999999914
0
LINE
8
BLACK
6
CONTINUOUS
10
238.2003569999999968
20
-103.8528829999999914
11
238.2874860000000012
21
-103.7224849999999918
0
LINE
8
BLACK
6
CONTINUOUS
10
238.2874860000000012
20
-103.7224849999999918
11
238.3983789999999772
21
-103.6115920000000017
0
LINE
8
BLACK
6
CONTINUOUS
10
238.3983789999999772
20
-103.6115920000000017
11
238.5287769999999909
21
-103.5244629999999972
0
LINE
8
BLACK
6
CONTINUOUS
10
238.5287769999999909
20
-103.5244629999999972
11
238.6736659999999972
21
-103.4644479999999902
0
LINE
8
BLACK
6
CONTINUOUS
10
238.6736659999999972
20
-103.4644479999999902
11
238.82747999999998
21
-103.4338520000000017
0
LINE
8
BLACK
6
CONTINUOUS
10
238.82747999999998
20
-103.4338520000000017
11
238.9843079999999986
21
-103.4338520000000017
0
LINE
8
BLACK
6
CONTINUOUS
10
238.9843079999999986
20
-103.4338520000000017
11
239.1381219999999814
21
-103.4644479999999902
0
LINE
8
BLACK
6
CONTINUOUS
10
247.2622279999999932
20
-103.4644479999999902
11
247.4071169999999995
21
-103.5244629999999972
0
LINE
8
BLACK
6
CONTINUOUS
10
247.4071169999999995
20
-103.5244629999999972
11
247.5375149999999849
21
-103.6115920000000017
0
LINE
8
BLACK
6
CONTINUOUS
10
247.5375149999999849
20
-103.6115920000000017
11
247.6484079999999892
21
-103.7224849999999918
0
LINE
8
BLACK
6
CONTINUOUS
10
247.6484079999999892
20
-103.7224849999999918
11
247.7355369999999937
21
-103.8528829999999914
0
LINE
8
BLACK
6
CONTINUOUS
10
247.7355369999999937
20
-103.8528829999999914
11
247.7955519999999865
21
-103.9977719999999977
0
LINE
8
BLACK
6
CONTINUOUS
10
247.7955519999999865
20
-103.9977719999999977
11
247.8261479999999892
21
-104.1515859999999947
0
LINE
8
BLACK
6
CONTINUOUS
10
247.8261479999999892
20
-104.1515859999999947
11
247.8261479999999892
21
-104.3084139999999991
0
LINE
8
BLACK
6
CONTINUOUS
10
247.8261479999999892
20
-104.3084139999999991
11
247.7955519999999865
21
-104.4622279999999961
0
LINE
8
BLACK
6
CONTINUOUS
10
247.7955519999999865
20
-104.4622279999999961
11
247.7355369999999937
21
-104.6071170000000023
0
LINE
8
BLACK
6
CONTINUOUS
10
247.7355369999999937
20
-104.6071170000000023
11
247.6484079999999892
21
-104.7375150000000019
0
LINE
8
BLACK
6
CONTINUOUS
10
247.6484079999999892
20
-104.7375150000000019
11
247.5375149999999849
21
-104.8484079999999921
0
LINE
8
BLACK
6
CONTINUOUS
10
247.5375149999999849
20
-104.8484079999999921
11
247.4071169999999995
21
-104.9355369999999965
0
LINE
8
BLACK
6
CONTINUOUS
10
247.4071169999999995
20
-104.9355369999999965
11
247.2622279999999932
21
-104.9955519999999893
0
LINE
8
BLACK
6
CONTINUOUS
10
247.2622279999999932
20
-104.9955519999999893
11
247.108413999999982
21
-105.0261479999999921
0
LINE
8
BLACK
6
CONTINUOUS
10
247.108413999999982
20
-105.0261479999999921
11
246.9515859999999918
21
-105.0261479999999921
0
LINE
8
BLACK
6
CONTINUOUS
10
246.9515859999999918
20
-105.0261479999999921
11
246.7977719999999806
21
-104.9955519999999893
0
LINE
8
BLACK
6
CONTINUOUS
10
246.7977719999999806
20
-104.9955519999999893
11
246.6528830000000028
21
-104.9355369999999965
0
LINE
8
BLACK
6
CONTINUOUS
10
246.6528830000000028
20
-104.9355369999999965
11
246.522484999999989
21
-104.8484079999999921
0
LINE
8
BLACK
6
CONTINUOUS
10
246.522484999999989
20
-104.8484079999999921
11
246.4115919999999846
21
-104.7375150000000019
0
LINE
8
BLACK
6
CONTINUOUS
10
246.4115919999999846
20
-104.7375150000000019
11
246.3244629999999802
21
-104.6071170000000023
0
LINE
8
BLACK
6
CONTINUOUS
10
246.3244629999999802
20
-104.6071170000000023
11
246.2644479999999874
21
-104.4622279999999961
0
LINE
8
BLACK
6
CONTINUOUS
10
246.2644479999999874
20
-104.4622279999999961
11
246.2338519999999846
21
-104.3084139999999991
0
LINE
8
BLACK
6
CONTINUOUS
10
246.2338519999999846
20
-104.3084139999999991
11
246.2338519999999846
21
-104.1515859999999947
0
LINE
8
BLACK
6
CONTINUOUS
10
246.2338519999999846
20
-104.1515859999999947
11
246.2644479999999874
21
-103.9977719999999977
0
LINE
8
BLACK
6
CONTINUOUS
10
246.2644479999999874
20
-103.9977719999999977
11
246.3244629999999802
21
-103.8528829999999914
0
LINE
8
BLACK
6
CONTINUOUS
10
246.3244629999999802
20
-103.8528829999999914
11
246.4115919999999846
21
-103.7224849999999918
0
LINE
8
BLACK
6
CONTINUOUS
10
246.4115919999999846
20
-103.7224849999999918
11
246.522484999999989
21
-103.6115920000000017
0
LINE
8
BLACK
6
CONTINUOUS
10
246.522484999999989
20
-103.6115920000000017
11
246.6528830000000028
21
-103.5244629999999972
0
LINE
8
BLACK
6
CONTINUOUS
10
246.6528830000000028
20
-103.5244629999999972
11
246.7977719999999806
21
-103.4644479999999902
0
LINE
8
BLACK
6
CONTINUOUS
10
246.7977719999999806
20
-103.4644479999999902
11
246.9515859999999918
21
-103.4338520000000017
0
LINE
8
BLACK
6
CONTINUOUS
10
246.9515859999999918
20
-103.4338520000000017
11
247.108413999999982
21
-103.4338520000000017
0
LINE
8
BLACK
6
CONTINUOUS
10
247.108413999999982
20
-103.4338520000000017
11
247.2622279999999932
21
-103.4644479999999902
0
LINE
8
BLACK
6
CONTINUOUS
10
230.7011039999999866
20
-103.4971269999999919
11
230.7740989999999783
21
-103.5459010000000006
0
LINE
8
BLACK
6
CONTINUOUS
10
230.7740989999999783
20
-103.5459010000000006
11
230.8228729999999871
21
-103.6188959999999923
0
LINE
8
BLACK
6
CONTINUOUS
10
230.8228729999999871
20
-103.6188959999999923
11
230.8400000000000034
21
-103.7049999999999983
0
LINE
8
BLACK
6
CONTINUOUS
10
230.8400000000000034
20
-103.7049999999999983
11
230.8400000000000034
21
-104.7549999999999955
0
LINE
8
BLACK
6
CONTINUOUS
10
230.8400000000000034
20
-104.7549999999999955
11
230.8228729999999871
21
-104.8411040000000014
0
LINE
8
BLACK
6
CONTINUOUS
10
230.8228729999999871
20
-104.8411040000000014
11
230.7740989999999783
21
-104.9140989999999931
0
LINE
8
BLACK
6
CONTINUOUS
10
230.7740989999999783
20
-104.9140989999999931
11
230.7011039999999866
21
-104.9628730000000019
0
LINE
8
BLACK
6
CONTINUOUS
10
230.7011039999999866
20
-104.9628730000000019
11
230.6149999999999807
21
-104.9799999999999898
0
LINE
8
BLACK
6
CONTINUOUS
10
230.6149999999999807
20
-104.9799999999999898
11
221.0649999999999977
21
-104.9799999999999898
0
LINE
8
BLACK
6
CONTINUOUS
10
221.0649999999999977
20
-104.9799999999999898
11
220.9788959999999918
21
-104.9628730000000019
0
LINE
8
BLACK
6
CONTINUOUS
10
220.9788959999999918
20
-104.9628730000000019
11
220.9059010000000001
21
-104.9140989999999931
0
LINE
8
BLACK
6
CONTINUOUS
10
220.9059010000000001
20
-104.9140989999999931
11
220.8571269999999913
21
-104.8411040000000014
0
LINE
8
BLACK
6
CONTINUOUS
10
220.8571269999999913
20
-104.8411040000000014
11
220.8400000000000034
21
-104.7549999999999955
0
LINE
8
BLACK
6
CONTINUOUS
10
220.8400000000000034
20
-104.7549999999999955
11
220.8400000000000034
21
-103.7049999999999983
0
LINE
8
BLACK
6
CONTINUOUS
10
220.8400000000000034
20
-103.7049999999999983
11
220.8571269999999913
21
-103.6188959999999923
0
LINE
8
BLACK
6
CONTINUOUS
10
220.8571269999999913
20
-103.6188959999999923
11
220.9059010000000001
21
-103.5459010000000006
0
LINE
8
BLACK
6
CONTINUOUS
10
220.9059010000000001
20
-103.5459010000000006
11
220.9788959999999918
21
-103.4971269999999919
0
LINE
8
BLACK
6
CONTINUOUS
10
220.9788959999999918
20
-103.4971269999999919
11
221.0649999999999977
21
-103.4799999999999898
0
LINE
8
BLACK
6
CONTINUOUS
10
221.0649999999999977
20
-103.4799999999999898
11
230.6149999999999807
21
-103.4799999999999898
0
LINE
8
BLACK
6
CONTINUOUS
10
230.6149999999999807
20
-103.4799999999999898
11
230.7011039999999866
21
-103.4971269999999919
0
LINE
8
BLACK
6
CONTINUOUS
10
251.8552279999999826
20
-102.9614479999999901
11
252.0001169999999888
21
-103.0214629999999971
0
LINE
8
BLACK
6
CONTINUOUS
10
252.0001169999999888
20
-103.0214629999999971
11
252.1305150000000026
21
-103.1085920000000016
0
LINE
8
BLACK
6
CONTINUOUS
10
252.1305150000000026
20
-103.1085920000000016
11
252.2414079999999785
21
-103.2194849999999917
0
LINE
8
BLACK
6
CONTINUOUS
10
252.2414079999999785
20
-103.2194849999999917
11
252.328536999999983
21
-103.3498829999999913
0
LINE
8
BLACK
6
CONTINUOUS
10
252.328536999999983
20
-103.3498829999999913
11
252.3885519999999758
21
-103.4947719999999975
0
LINE
8
BLACK
6
CONTINUOUS
10
252.3885519999999758
20
-103.4947719999999975
11
252.4191479999999785
21
-103.6485859999999946
0
LINE
8
BLACK
6
CONTINUOUS
10
252.4191479999999785
20
-103.6485859999999946
11
252.4191479999999785
21
-103.805413999999999
0
LINE
8
BLACK
6
CONTINUOUS
10
252.4191479999999785
20
-103.805413999999999
11
252.3885519999999758
21
-103.959227999999996
0
LINE
8
BLACK
6
CONTINUOUS
10
252.3885519999999758
20
-103.959227999999996
11
252.328536999999983
21
-104.1041170000000022
0
LINE
8
BLACK
6
CONTINUOUS
10
252.328536999999983
20
-104.1041170000000022
11
252.2414079999999785
21
-104.2345150000000018
0
LINE
8
BLACK
6
CONTINUOUS
10
252.2414079999999785
20
-104.2345150000000018
11
252.1305150000000026
21
-104.3454079999999919
0
LINE
8
BLACK
6
CONTINUOUS
10
252.1305150000000026
20
-104.3454079999999919
11
252.0001169999999888
21
-104.4325369999999964
0
LINE
8
BLACK
6
CONTINUOUS
10
252.0001169999999888
20
-104.4325369999999964
11
251.8552279999999826
21
-104.4925519999999892
0
LINE
8
BLACK
6
CONTINUOUS
10
251.8552279999999826
20
-104.4925519999999892
11
251.7014139999999998
21
-104.523147999999992
0
LINE
8
BLACK
6
CONTINUOUS
10
251.7014139999999998
20
-104.523147999999992
11
251.5445859999999811
21
-104.523147999999992
0
LINE
8
BLACK
6
CONTINUOUS
10
251.5445859999999811
20
-104.523147999999992
11
251.3907719999999983
21
-104.4925519999999892
0
LINE
8
BLACK
6
CONTINUOUS
10
251.3907719999999983
20
-104.4925519999999892
11
251.2458829999999921
21
-104.4325369999999964
0
LINE
8
BLACK
6
CONTINUOUS
10
251.2458829999999921
20
-104.4325369999999964
11
251.1154849999999783
21
-104.3454079999999919
0
LINE
8
BLACK
6
CONTINUOUS
10
251.1154849999999783
20
-104.3454079999999919
11
251.0045920000000024
21
-104.2345150000000018
0
LINE
8
BLACK
6
CONTINUOUS
10
251.0045920000000024
20
-104.2345150000000018
11
250.9174629999999979
21
-104.1041170000000022
0
LINE
8
BLACK
6
CONTINUOUS
10
250.9174629999999979
20
-104.1041170000000022
11
250.8574479999999767
21
-103.959227999999996
0
LINE
8
BLACK
6
CONTINUOUS
10
250.8574479999999767
20
-103.959227999999996
11
250.8268520000000024
21
-103.805413999999999
0
LINE
8
BLACK
6
CONTINUOUS
10
250.8268520000000024
20
-103.805413999999999
11
250.8268520000000024
21
-103.6485859999999946
0
LINE
8
BLACK
6
CONTINUOUS
10
250.8268520000000024
20
-103.6485859999999946
11
250.8574479999999767
21
-103.4947719999999975
0
LINE
8
BLACK
6
CONTINUOUS
10
250.8574479999999767
20
-103.4947719999999975
11
250.9174629999999979
21
-103.3498829999999913
0
LINE
8
BLACK
6
CONTINUOUS
10
250.9174629999999979
20
-103.3498829999999913
11
251.0045920000000024
21
-103.2194849999999917
0
LINE
8
BLACK
6
CONTINUOUS
10
251.0045920000000024
20
-103.2194849999999917
11
251.1154849999999783
21
-103.1085920000000016
0
LINE
8
BLACK
6
CONTINUOUS
10
251.1154849999999783
20
-103.1085920000000016
11
251.2458829999999921
21
-103.0214629999999971
0
LINE
8
BLACK
6
CONTINUOUS
10
251.2458829999999921
20
-103.0214629999999971
11
251.3907719999999983
21
-102.9614479999999901
0
LINE
8
BLACK
6
CONTINUOUS
10
251.3907719999999983
20
-102.9614479999999901
11
251.5445859999999811
21
-102.9308520000000016
0
LINE
8
BLACK
6
CONTINUOUS
10
251.5445859999999811
20
-102.9308520000000016
11
251.7014139999999998
21
-102.9308520000000016
0
LINE
8
BLACK
6
CONTINUOUS
10
251.7014139999999998
20
-102.9308520000000016
11
251.8552279999999826
21
-102.9614479999999901
0
LINE
8
BLACK
6
CONTINUOUS
10
49.9512280000000004
20
-99.8075529999999986
11
50.0961169999999996
21
-99.8675679999999915
0
LINE
8
BLACK
6
CONTINUOUS
10
50.0961169999999996
20
-99.8675679999999915
11
50.2265149999999991
21
-99.9546969999999959
0
LINE
8
BLACK
6
CONTINUOUS
10
50.2265149999999991
20
-99.9546969999999959
11
50.3374079999999964
21
-100.0655900000000003
0
LINE
8
BLACK
6
CONTINUOUS
10
50.3374079999999964
20
-100.0655900000000003
11
50.4245370000000008
21
-100.1959879999999998
0
LINE
8
BLACK
6
CONTINUOUS
10
50.4245370000000008
20
-100.1959879999999998
11
50.4400890000000004
21
-100.2335339999999917
0
LINE
8
BLACK
6
CONTINUOUS
10
50.4400890000000004
20
-100.2335339999999917
11
51.7665549999999968
21
-101.5600000000000023
0
LINE
8
BLACK
6
CONTINUOUS
10
51.7665549999999968
20
-101.5600000000000023
11
58.7012259999999984
21
-101.5600000000000023
0
LINE
8
BLACK
6
CONTINUOUS
10
58.7012259999999984
20
-101.5600000000000023
11
58.7387719999999973
21
-101.5444479999999885
0
LINE
8
BLACK
6
CONTINUOUS
10
58.7387719999999973
20
-101.5444479999999885
11
58.8925859999999943
21
-101.513852
0
LINE
8
BLACK
6
CONTINUOUS
10
58.8925859999999943
20
-101.513852
11
59.0494139999999987
21
-101.513852
0
LINE
8
BLACK
6
CONTINUOUS
10
59.0494139999999987
20
-101.513852
11
59.2032279999999957
21
-101.5444479999999885
0
LINE
8
BLACK
6
CONTINUOUS
10
59.2032279999999957
20
-101.5444479999999885
11
59.3481169999999949
21
-101.6044629999999955
0
LINE
8
BLACK
6
CONTINUOUS
10
59.3481169999999949
20
-101.6044629999999955
11
59.4785149999999945
21
-101.691592
0
LINE
8
BLACK
6
CONTINUOUS
10
59.4785149999999945
20
-101.691592
11
59.5894079999999988
21
-101.8024849999999901
0
LINE
8
BLACK
6
CONTINUOUS
10
59.5894079999999988
20
-101.8024849999999901
11
59.6765369999999962
21
-101.9328829999999897
0
LINE
8
BLACK
6
CONTINUOUS
10
59.6765369999999962
20
-101.9328829999999897
11
59.7365519999999961
21
-102.077771999999996
0
LINE
8
BLACK
6
CONTINUOUS
10
59.7365519999999961
20
-102.077771999999996
11
59.7671479999999988
21
-102.231585999999993
0
LINE
8
BLACK
6
CONTINUOUS
10
59.7671479999999988
20
-102.231585999999993
11
59.7671479999999988
21
-102.3884139999999974
0
LINE
8
BLACK
6
CONTINUOUS
10
59.7671479999999988
20
-102.3884139999999974
11
59.7365519999999961
21
-102.5422279999999944
0
LINE
8
BLACK
6
CONTINUOUS
10
59.7365519999999961
20
-102.5422279999999944
11
59.6765369999999962
21
-102.6871170000000006
0
LINE
8
BLACK
6
CONTINUOUS
10
59.6765369999999962
20
-102.6871170000000006
11
59.5894079999999988
21
-102.8175150000000002
0
LINE
8
BLACK
6
CONTINUOUS
10
59.5894079999999988
20
-102.8175150000000002
11
59.4785149999999945
21
-102.9284079999999904
0
LINE
8
BLACK
6
CONTINUOUS
10
59.4785149999999945
20
-102.9284079999999904
11
59.3481169999999949
21
-103.0155369999999948
0
LINE
8
BLACK
6
CONTINUOUS
10
59.3481169999999949
20
-103.0155369999999948
11
59.2032279999999957
21
-103.0755520000000018
0
LINE
8
BLACK
6
CONTINUOUS
10
59.2032279999999957
20
-103.0755520000000018
11
59.0494139999999987
21
-103.1061479999999904
0
LINE
8
BLACK
6
CONTINUOUS
10
59.0494139999999987
20
-103.1061479999999904
11
58.8925859999999943
21
-103.1061479999999904
0
LINE
8
BLACK
6
CONTINUOUS
10
58.8925859999999943
20
-103.1061479999999904
11
58.7387719999999973
21
-103.0755520000000018
0
LINE
8
BLACK
6
CONTINUOUS
10
58.7387719999999973
20
-103.0755520000000018
11
58.7012259999999984
21
-103.0600000000000023
0
LINE
8
BLACK
6
CONTINUOUS
10
58.7012259999999984
20
-103.0600000000000023
11
51.4558949999999982
21
-103.0600000000000023
0
LINE
8
BLACK
6
CONTINUOUS
10
51.4558949999999982
20
-103.0600000000000023
11
51.3823819999999998
21
-103.0563889999999958
0
LINE
8
BLACK
6
CONTINUOUS
10
51.3823819999999998
20
-103.0563889999999958
11
51.2381809999999973
21
-103.0277049999999974
0
LINE
8
BLACK
6
CONTINUOUS
10
51.2381809999999973
20
-103.0277049999999974
11
51.1023469999999946
21
-102.9714409999999987
0
LINE
8
BLACK
6
CONTINUOUS
10
51.1023469999999946
20
-102.9714409999999987
11
51.037943999999996
21
-102.9284079999999904
0
LINE
8
BLACK
6
CONTINUOUS
10
51.037943999999996
20
-102.9284079999999904
11
50.9800989999999956
21
-102.8897580000000005
0
LINE
8
BLACK
6
CONTINUOUS
10
50.9800989999999956
20
-102.8897580000000005
11
50.9255649999999989
21
-102.8403299999999945
0
LINE
8
BLACK
6
CONTINUOUS
10
50.9255649999999989
20
-102.8403299999999945
11
49.3794289999999947
21
-101.2941939999999903
0
LINE
8
BLACK
6
CONTINUOUS
10
49.3794289999999947
20
-101.2941939999999903
11
49.3418829999999957
21
-101.2786419999999907
0
LINE
8
BLACK
6
CONTINUOUS
10
49.3418829999999957
20
-101.2786419999999907
11
49.2114849999999961
21
-101.1915130000000005
0
LINE
8
BLACK
6
CONTINUOUS
10
49.2114849999999961
20
-101.1915130000000005
11
49.1005919999999989
21
-101.0806199999999961
0
LINE
8
BLACK
6
CONTINUOUS
10
49.1005919999999989
20
-101.0806199999999961
11
49.0134629999999945
21
-100.9502219999999966
0
LINE
8
BLACK
6
CONTINUOUS
10
49.0134629999999945
20
-100.9502219999999966
11
48.9534479999999945
21
-100.8053329999999903
0
LINE
8
BLACK
6
CONTINUOUS
10
48.9534479999999945
20
-100.8053329999999903
11
48.9228519999999989
21
-100.6515189999999933
0
LINE
8
BLACK
6
CONTINUOUS
10
48.9228519999999989
20
-100.6515189999999933
11
48.9228519999999989
21
-100.4946909999999889
0
LINE
8
BLACK
6
CONTINUOUS
10
48.9228519999999989
20
-100.4946909999999889
11
48.9534479999999945
21
-100.3408769999999919
0
LINE
8
BLACK
6
CONTINUOUS
10
48.9534479999999945
20
-100.3408769999999919
11
49.0134629999999945
21
-100.1959879999999998
0
LINE
8
BLACK
6
CONTINUOUS
10
49.0134629999999945
20
-100.1959879999999998
11
49.1005919999999989
21
-100.0655900000000003
0
LINE
8
BLACK
6
CONTINUOUS
10
49.1005919999999989
20
-100.0655900000000003
11
49.2114849999999961
21
-99.9546969999999959
0
LINE
8
BLACK
6
CONTINUOUS
10
49.2114849999999961
20
-99.9546969999999959
11
49.3418829999999957
21
-99.8675679999999915
0
LINE
8
BLACK
6
CONTINUOUS
10
49.3418829999999957
20
-99.8675679999999915
11
49.4867719999999949
21
-99.8075529999999986
0
LINE
8
BLACK
6
CONTINUOUS
10
49.4867719999999949
20
-99.8075529999999986
11
49.640585999999999
21
-99.7769569999999959
0
LINE
8
BLACK
6
CONTINUOUS
10
49.640585999999999
20
-99.7769569999999959
11
49.7974139999999963
21
-99.7769569999999959
0
LINE
8
BLACK
6
CONTINUOUS
10
49.7974139999999963
20
-99.7769569999999959
11
49.9512280000000004
21
-99.8075529999999986
0
LINE
8
BLACK
6
CONTINUOUS
10
75.6811039999999906
20
-101.5771269999999902
11
75.7540989999999965
21
-101.6259009999999989
0
LINE
8
BLACK
6
CONTINUOUS
10
75.7540989999999965
20
-101.6259009999999989
11
75.8028729999999911
21
-101.6988959999999906
0
LINE
8
BLACK
6
CONTINUOUS
10
75.8028729999999911
20
-101.6988959999999906
11
75.8199999999999932
21
-101.7849999999999966
0
LINE
8
BLACK
6
CONTINUOUS
10
75.8199999999999932
20
-101.7849999999999966
11
75.8199999999999932
21
-102.8349999999999937
0
LINE
8
BLACK
6
CONTINUOUS
10
75.8199999999999932
20
-102.8349999999999937
11
75.8028729999999911
21
-102.9211039999999997
0
LINE
8
BLACK
6
CONTINUOUS
10
75.8028729999999911
20
-102.9211039999999997
11
75.7540989999999965
21
-102.9940989999999914
0
LINE
8
BLACK
6
CONTINUOUS
10
75.7540989999999965
20
-102.9940989999999914
11
75.6811039999999906
21
-103.0428730000000002
0
LINE
8
BLACK
6
CONTINUOUS
10
75.6811039999999906
20
-103.0428730000000002
11
75.5949999999999989
21
-103.0600000000000023
0
LINE
8
BLACK
6
CONTINUOUS
10
75.5949999999999989
20
-103.0600000000000023
11
66.0450000000000017
21
-103.0600000000000023
0
LINE
8
BLACK
6
CONTINUOUS
10
66.0450000000000017
20
-103.0600000000000023
11
65.9588959999999958
21
-103.0428730000000002
0
LINE
8
BLACK
6
CONTINUOUS
10
65.9588959999999958
20
-103.0428730000000002
11
65.885901000000004
21
-102.9940989999999914
0
LINE
8
BLACK
6
CONTINUOUS
10
65.885901000000004
20
-102.9940989999999914
11
65.8371269999999953
21
-102.9211039999999997
0
LINE
8
BLACK
6
CONTINUOUS
10
65.8371269999999953
20
-102.9211039999999997
11
65.8199999999999932
21
-102.8349999999999937
0
LINE
8
BLACK
6
CONTINUOUS
10
65.8199999999999932
20
-102.8349999999999937
11
65.8199999999999932
21
-101.7849999999999966
0
LINE
8
BLACK
6
CONTINUOUS
10
65.8199999999999932
20
-101.7849999999999966
11
65.8371269999999953
21
-101.6988959999999906
0
LINE
8
BLACK
6
CONTINUOUS
10
65.8371269999999953
20
-101.6988959999999906
11
65.885901000000004
21
-101.6259009999999989
0
LINE
8
BLACK
6
CONTINUOUS
10
65.885901000000004
20
-101.6259009999999989
11
65.9588959999999958
21
-101.5771269999999902
0
LINE
8
BLACK
6
CONTINUOUS
10
65.9588959999999958
20
-101.5771269999999902
11
66.0450000000000017
21
-101.5600000000000023
0
LINE
8
BLACK
6
CONTINUOUS
10
66.0450000000000017
20
-101.5600000000000023
11
75.5949999999999989
21
-101.5600000000000023
0
LINE
8
BLACK
6
CONTINUOUS
10
75.5949999999999989
20
-101.5600000000000023
11
75.6811039999999906
21
-101.5771269999999902
0
LINE
8
BLACK
6
CONTINUOUS
10
105.6811039999999906
20
-101.5771269999999902
11
105.7540989999999965
21
-101.6259009999999989
0
LINE
8
BLACK
6
CONTINUOUS
10
105.7540989999999965
20
-101.6259009999999989
11
105.8028729999999911
21
-101.6988959999999906
0
LINE
8
BLACK
6
CONTINUOUS
10
105.8028729999999911
20
-101.6988959999999906
11
105.8199999999999932
21
-101.7849999999999966
0
LINE
8
BLACK
6
CONTINUOUS
10
105.8199999999999932
20
-101.7849999999999966
11
105.8199999999999932
21
-102.8349999999999937
0
LINE
8
BLACK
6
CONTINUOUS
10
105.8199999999999932
20
-102.8349999999999937
11
105.8028729999999911
21
-102.9211039999999997
0
LINE
8
BLACK
6
CONTINUOUS
10
105.8028729999999911
20
-102.9211039999999997
11
105.7540989999999965
21
-102.9940989999999914
0
LINE
8
BLACK
6
CONTINUOUS
10
105.7540989999999965
20
-102.9940989999999914
11
105.6811039999999906
21
-103.0428730000000002
0
LINE
8
BLACK
6
CONTINUOUS
10
105.6811039999999906
20
-103.0428730000000002
11
105.5949999999999989
21
-103.0600000000000023
0
LINE
8
BLACK
6
CONTINUOUS
10
105.5949999999999989
20
-103.0600000000000023
11
96.0450000000000017
21
-103.0600000000000023
0
LINE
8
BLACK
6
CONTINUOUS
10
96.0450000000000017
20
-103.0600000000000023
11
95.9588959999999958
21
-103.0428730000000002
0
LINE
8
BLACK
6
CONTINUOUS
10
95.9588959999999958
20
-103.0428730000000002
11
95.8859009999999898
21
-102.9940989999999914
0
LINE
8
BLACK
6
CONTINUOUS
10
95.8859009999999898
20
-102.9940989999999914
11
95.8371269999999953
21
-102.9211039999999997
0
LINE
8
BLACK
6
CONTINUOUS
10
95.8371269999999953
20
-102.9211039999999997
11
95.8199999999999932
21
-102.8349999999999937
0
LINE
8
BLACK
6
CONTINUOUS
10
95.8199999999999932
20
-102.8349999999999937
11
95.8199999999999932
21
-101.7849999999999966
0
LINE
8
BLACK
6
CONTINUOUS
10
95.8199999999999932
20
-101.7849999999999966
11
95.8371269999999953
21
-101.6988959999999906
0
LINE
8
BLACK
6
CONTINUOUS
10
95.8371269999999953
20
-101.6988959999999906
11
95.8859009999999898
21
-101.6259009999999989
0
LINE
8
BLACK
6
CONTINUOUS
10
95.8859009999999898
20
-101.6259009999999989
11
95.9588959999999958
21
-101.5771269999999902
0
LINE
8
BLACK
6
CONTINUOUS
10
95.9588959999999958
20
-101.5771269999999902
11
96.0450000000000017
21
-101.5600000000000023
0
LINE
8
BLACK
6
CONTINUOUS
10
96.0450000000000017
20
-101.5600000000000023
11
105.5949999999999989
21
-101.5600000000000023
0
LINE
8
BLACK
6
CONTINUOUS
10
105.5949999999999989
20
-101.5600000000000023
11
105.6811039999999906
21
-101.5771269999999902
0
LINE
8
BLACK
6
CONTINUOUS
10
154.501103999999998
20
-101.5771269999999902
11
154.5740989999999897
21
-101.6259009999999989
0
LINE
8
BLACK
6
CONTINUOUS
10
154.5740989999999897
20
-101.6259009999999989
11
154.6228729999999985
21
-101.6988959999999906
0
LINE
8
BLACK
6
CONTINUOUS
10
154.6228729999999985
20
-101.6988959999999906
11
154.6399999999999864
21
-101.7849999999999966
0
LINE
8
BLACK
6
CONTINUOUS
10
154.6399999999999864
20
-101.7849999999999966
11
154.6399999999999864
21
-102.8349999999999937
0
LINE
8
BLACK
6
CONTINUOUS
10
154.6399999999999864
20
-102.8349999999999937
11
154.6228729999999985
21
-102.9211039999999997
0
LINE
8
BLACK
6
CONTINUOUS
10
154.6228729999999985
20
-102.9211039999999997
11
154.5740989999999897
21
-102.9940989999999914
0
LINE
8
BLACK
6
CONTINUOUS
10
154.5740989999999897
20
-102.9940989999999914
11
154.501103999999998
21
-103.0428730000000002
0
LINE
8
BLACK
6
CONTINUOUS
10
154.501103999999998
20
-103.0428730000000002
11
154.414999999999992
21
-103.0600000000000023
0
LINE
8
BLACK
6
CONTINUOUS
10
154.414999999999992
20
-103.0600000000000023
11
144.8649999999999807
21
-103.0600000000000023
0
LINE
8
BLACK
6
CONTINUOUS
10
144.8649999999999807
20
-103.0600000000000023
11
144.7788960000000031
21
-103.0428730000000002
0
LINE
8
BLACK
6
CONTINUOUS
10
144.7788960000000031
20
-103.0428730000000002
11
144.705900999999983
21
-102.9940989999999914
0
LINE
8
BLACK
6
CONTINUOUS
10
144.705900999999983
20
-102.9940989999999914
11
144.6571270000000027
21
-102.9211039999999997
0
LINE
8
BLACK
6
CONTINUOUS
10
144.6571270000000027
20
-102.9211039999999997
11
144.6399999999999864
21
-102.8349999999999937
0
LINE
8
BLACK
6
CONTINUOUS
10
144.6399999999999864
20
-102.8349999999999937
11
144.6399999999999864
21
-101.7849999999999966
0
LINE
8
BLACK
6
CONTINUOUS
10
144.6399999999999864
20
-101.7849999999999966
11
144.6571270000000027
21
-101.6988959999999906
0
LINE
8
BLACK
6
CONTINUOUS
10
144.6571270000000027
20
-101.6988959999999906
11
144.705900999999983
21
-101.6259009999999989
0
LINE
8
BLACK
6
CONTINUOUS
10
144.705900999999983
20
-101.6259009999999989
11
144.7788960000000031
21
-101.5771269999999902
0
LINE
8
BLACK
6
CONTINUOUS
10
144.7788960000000031
20
-101.5771269999999902
11
144.8649999999999807
21
-101.5600000000000023
0
LINE
8
BLACK
6
CONTINUOUS
10
144.8649999999999807
20
-101.5600000000000023
11
154.414999999999992
21
-101.5600000000000023
0
LINE
8
BLACK
6
CONTINUOUS
10
154.414999999999992
20
-101.5600000000000023
11
154.501103999999998
21
-101.5771269999999902
0
LINE
8
BLACK
6
CONTINUOUS
10
184.501103999999998
20
-101.5771269999999902
11
184.5740989999999897
21
-101.6259009999999989
0
LINE
8
BLACK
6
CONTINUOUS
10
184.5740989999999897
20
-101.6259009999999989
11
184.6228729999999985
21
-101.6988959999999906
0
LINE
8
BLACK
6
CONTINUOUS
10
184.6228729999999985
20
-101.6988959999999906
11
184.6399999999999864
21
-101.7849999999999966
0
LINE
8
BLACK
6
CONTINUOUS
10
184.6399999999999864
20
-101.7849999999999966
11
184.6399999999999864
21
-102.8349999999999937
0
LINE
8
BLACK
6
CONTINUOUS
10
184.6399999999999864
20
-102.8349999999999937
11
184.6228729999999985
21
-102.9211039999999997
0
LINE
8
BLACK
6
CONTINUOUS
10
184.6228729999999985
20
-102.9211039999999997
11
184.5740989999999897
21
-102.9940989999999914
0
LINE
8
BLACK
6
CONTINUOUS
10
184.5740989999999897
20
-102.9940989999999914
11
184.501103999999998
21
-103.0428730000000002
0
LINE
8
BLACK
6
CONTINUOUS
10
184.501103999999998
20
-103.0428730000000002
11
184.414999999999992
21
-103.0600000000000023
0
LINE
8
BLACK
6
CONTINUOUS
10
184.414999999999992
20
-103.0600000000000023
11
174.8649999999999807
21
-103.0600000000000023
0
LINE
8
BLACK
6
CONTINUOUS
10
174.8649999999999807
20
-103.0600000000000023
11
174.7788960000000031
21
-103.0428730000000002
0
LINE
8
BLACK
6
CONTINUOUS
10
174.7788960000000031
20
-103.0428730000000002
11
174.705900999999983
21
-102.9940989999999914
0
LINE
8
BLACK
6
CONTINUOUS
10
174.705900999999983
20
-102.9940989999999914
11
174.6571270000000027
21
-102.9211039999999997
0
LINE
8
BLACK
6
CONTINUOUS
10
174.6571270000000027
20
-102.9211039999999997
11
174.6399999999999864
21
-102.8349999999999937
0
LINE
8
BLACK
6
CONTINUOUS
10
174.6399999999999864
20
-102.8349999999999937
11
174.6399999999999864
21
-101.7849999999999966
0
LINE
8
BLACK
6
CONTINUOUS
10
174.6399999999999864
20
-101.7849999999999966
11
174.6571270000000027
21
-101.6988959999999906
0
LINE
8
BLACK
6
CONTINUOUS
10
174.6571270000000027
20
-101.6988959999999906
11
174.705900999999983
21
-101.6259009999999989
0
LINE
8
BLACK
6
CONTINUOUS
10
174.705900999999983
20
-101.6259009999999989
11
174.7788960000000031
21
-101.5771269999999902
0
LINE
8
BLACK
6
CONTINUOUS
10
174.7788960000000031
20
-101.5771269999999902
11
174.8649999999999807
21
-101.5600000000000023
0
LINE
8
BLACK
6
CONTINUOUS
10
174.8649999999999807
20
-101.5600000000000023
11
184.414999999999992
21
-101.5600000000000023
0
LINE
8
BLACK
6
CONTINUOUS
10
184.414999999999992
20
-101.5600000000000023
11
184.501103999999998
21
-101.5771269999999902
0
LINE
8
BLACK
6
CONTINUOUS
10
230.7011039999999866
20
-100.9571269999999998
11
230.7740989999999783
21
-101.0059009999999944
0
LINE
8
BLACK
6
CONTINUOUS
10
230.7740989999999783
20
-101.0059009999999944
11
230.8228729999999871
21
-101.0788960000000003
0
LINE
8
BLACK
6
CONTINUOUS
10
230.8228729999999871
20
-101.0788960000000003
11
230.8400000000000034
21
-101.164999999999992
0
LINE
8
BLACK
6
CONTINUOUS
10
230.8400000000000034
20
-101.164999999999992
11
230.8400000000000034
21
-102.2149999999999892
0
LINE
8
BLACK
6
CONTINUOUS
10
230.8400000000000034
20
-102.2149999999999892
11
230.8228729999999871
21
-102.3011039999999952
0
LINE
8
BLACK
6
CONTINUOUS
10
230.8228729999999871
20
-102.3011039999999952
11
230.7740989999999783
21
-102.3740990000000011
0
LINE
8
BLACK
6
CONTINUOUS
10
230.7740989999999783
20
-102.3740990000000011
11
230.7011039999999866
21
-102.4228729999999956
0
LINE
8
BLACK
6
CONTINUOUS
10
230.7011039999999866
20
-102.4228729999999956
11
230.6149999999999807
21
-102.4399999999999977
0
LINE
8
BLACK
6
CONTINUOUS
10
230.6149999999999807
20
-102.4399999999999977
11
221.0649999999999977
21
-102.4399999999999977
0
LINE
8
BLACK
6
CONTINUOUS
10
221.0649999999999977
20
-102.4399999999999977
11
220.9788959999999918
21
-102.4228729999999956
0
LINE
8
BLACK
6
CONTINUOUS
10
220.9788959999999918
20
-102.4228729999999956
11
220.9059010000000001
21
-102.3740990000000011
0
LINE
8
BLACK
6
CONTINUOUS
10
220.9059010000000001
20
-102.3740990000000011
11
220.8571269999999913
21
-102.3011039999999952
0
LINE
8
BLACK
6
CONTINUOUS
10
220.8571269999999913
20
-102.3011039999999952
11
220.8400000000000034
21
-102.2149999999999892
0
LINE
8
BLACK
6
CONTINUOUS
10
220.8400000000000034
20
-102.2149999999999892
11
220.8400000000000034
21
-101.164999999999992
0
LINE
8
BLACK
6
CONTINUOUS
10
220.8400000000000034
20
-101.164999999999992
11
220.8571269999999913
21
-101.0788960000000003
0
LINE
8
BLACK
6
CONTINUOUS
10
220.8571269999999913
20
-101.0788960000000003
11
220.9059010000000001
21
-101.0059009999999944
0
LINE
8
BLACK
6
CONTINUOUS
10
220.9059010000000001
20
-101.0059009999999944
11
220.9788959999999918
21
-100.9571269999999998
0
LINE
8
BLACK
6
CONTINUOUS
10
220.9788959999999918
20
-100.9571269999999998
11
221.0649999999999977
21
-100.9399999999999977
0
LINE
8
BLACK
6
CONTINUOUS
10
221.0649999999999977
20
-100.9399999999999977
11
230.6149999999999807
21
-100.9399999999999977
0
LINE
8
BLACK
6
CONTINUOUS
10
230.6149999999999807
20
-100.9399999999999977
11
230.7011039999999866
21
-100.9571269999999998
0
LINE
8
BLACK
6
CONTINUOUS
10
75.6811039999999906
20
-99.0371269999999981
11
75.7540989999999965
21
-99.0859009999999927
0
LINE
8
BLACK
6
CONTINUOUS
10
75.7540989999999965
20
-99.0859009999999927
11
75.8028729999999911
21
-99.1588959999999986
0
LINE
8
BLACK
6
CONTINUOUS
10
75.8028729999999911
20
-99.1588959999999986
11
75.8199999999999932
21
-99.2449999999999903
0
LINE
8
BLACK
6
CONTINUOUS
10
75.8199999999999932
20
-99.2449999999999903
11
75.8199999999999932
21
-100.2950000000000017
0
LINE
8
BLACK
6
CONTINUOUS
10
75.8199999999999932
20
-100.2950000000000017
11
75.8028729999999911
21
-100.3811039999999934
0
LINE
8
BLACK
6
CONTINUOUS
10
75.8028729999999911
20
-100.3811039999999934
11
75.7540989999999965
21
-100.4540989999999994
0
LINE
8
BLACK
6
CONTINUOUS
10
75.7540989999999965
20
-100.4540989999999994
11
75.6811039999999906
21
-100.5028729999999939
0
LINE
8
BLACK
6
CONTINUOUS
10
75.6811039999999906
20
-100.5028729999999939
11
75.5949999999999989
21
-100.519999999999996
0
LINE
8
BLACK
6
CONTINUOUS
10
75.5949999999999989
20
-100.519999999999996
11
66.0450000000000017
21
-100.519999999999996
0
LINE
8
BLACK
6
CONTINUOUS
10
66.0450000000000017
20
-100.519999999999996
11
65.9588959999999958
21
-100.5028729999999939
0
LINE
8
BLACK
6
CONTINUOUS
10
65.9588959999999958
20
-100.5028729999999939
11
65.885901000000004
21
-100.4540989999999994
0
LINE
8
BLACK
6
CONTINUOUS
10
65.885901000000004
20
-100.4540989999999994
11
65.8371269999999953
21
-100.3811039999999934
0
LINE
8
BLACK
6
CONTINUOUS
10
65.8371269999999953
20
-100.3811039999999934
11
65.8199999999999932
21
-100.2950000000000017
0
LINE
8
BLACK
6
CONTINUOUS
10
65.8199999999999932
20
-100.2950000000000017
11
65.8199999999999932
21
-99.2449999999999903
0
LINE
8
BLACK
6
CONTINUOUS
10
65.8199999999999932
20
-99.2449999999999903
11
65.8371269999999953
21
-99.1588959999999986
0
LINE
8
BLACK
6
CONTINUOUS
10
65.8371269999999953
20
-99.1588959999999986
11
65.885901000000004
21
-99.0859009999999927
0
LINE
8
BLACK
6
CONTINUOUS
10
65.885901000000004
20
-99.0859009999999927
11
65.9588959999999958
21
-99.0371269999999981
0
LINE
8
BLACK
6
CONTINUOUS
10
65.9588959999999958
20
-99.0371269999999981
11
66.0450000000000017
21
-99.019999999999996
0
LINE
8
BLACK
6
CONTINUOUS
10
66.0450000000000017
20
-99.019999999999996
11
75.5949999999999989
21
-99.019999999999996
0
LINE
8
BLACK
6
CONTINUOUS
10
75.5949999999999989
20
-99.019999999999996
11
75.6811039999999906
21
-99.0371269999999981
0
LINE
8
BLACK
6
CONTINUOUS
10
105.6811039999999906
20
-99.0371269999999981
11
105.7540989999999965
21
-99.0859009999999927
0
LINE
8
BLACK
6
CONTINUOUS
10
105.7540989999999965
20
-99.0859009999999927
11
105.8028729999999911
21
-99.1588959999999986
0
LINE
8
BLACK
6
CONTINUOUS
10
105.8028729999999911
20
-99.1588959999999986
11
105.8199999999999932
21
-99.2449999999999903
0
LINE
8
BLACK
6
CONTINUOUS
10
105.8199999999999932
20
-99.2449999999999903
11
105.8199999999999932
21
-100.2950000000000017
0
LINE
8
BLACK
6
CONTINUOUS
10
105.8199999999999932
20
-100.2950000000000017
11
105.8028729999999911
21
-100.3811039999999934
0
LINE
8
BLACK
6
CONTINUOUS
10
105.8028729999999911
20
-100.3811039999999934
11
105.7540989999999965
21
-100.4540989999999994
0
LINE
8
BLACK
6
CONTINUOUS
10
105.7540989999999965
20
-100.4540989999999994
11
105.6811039999999906
21
-100.5028729999999939
0
LINE
8
BLACK
6
CONTINUOUS
10
105.6811039999999906
20
-100.5028729999999939
11
105.5949999999999989
21
-100.519999999999996
0
LINE
8
BLACK
6
CONTINUOUS
10
105.5949999999999989
20
-100.519999999999996
11
96.0450000000000017
21
-100.519999999999996
0
LINE
8
BLACK
6
CONTINUOUS
10
96.0450000000000017
20
-100.519999999999996
11
95.9588959999999958
21
-100.5028729999999939
0
LINE
8
BLACK
6
CONTINUOUS
10
95.9588959999999958
20
-100.5028729999999939
11
95.8859009999999898
21
-100.4540989999999994
0
LINE
8
BLACK
6
CONTINUOUS
10
95.8859009999999898
20
-100.4540989999999994
11
95.8371269999999953
21
-100.3811039999999934
0
LINE
8
BLACK
6
CONTINUOUS
10
95.8371269999999953
20
-100.3811039999999934
11
95.8199999999999932
21
-100.2950000000000017
0
LINE
8
BLACK
6
CONTINUOUS
10
95.8199999999999932
20
-100.2950000000000017
11
95.8199999999999932
21
-99.2449999999999903
0
LINE
8
BLACK
6
CONTINUOUS
10
95.8199999999999932
20
-99.2449999999999903
11
95.8371269999999953
21
-99.1588959999999986
0
LINE
8
BLACK
6
CONTINUOUS
10
95.8371269999999953
20
-99.1588959999999986
11
95.8859009999999898
21
-99.0859009999999927
0
LINE
8
BLACK
6
CONTINUOUS
10
95.8859009999999898
20
-99.0859009999999927
11
95.9588959999999958
21
-99.0371269999999981
0
LINE
8
BLACK
6
CONTINUOUS
10
95.9588959999999958
20
-99.0371269999999981
11
96.0450000000000017
21
-99.019999999999996
0
LINE
8
BLACK
6
CONTINUOUS
10
96.0450000000000017
20
-99.019999999999996
11
105.5949999999999989
21
-99.019999999999996
0
LINE
8
BLACK
6
CONTINUOUS
10
105.5949999999999989
20
-99.019999999999996
11
105.6811039999999906
21
-99.0371269999999981
0
LINE
8
BLACK
6
CONTINUOUS
10
154.501103999999998
20
-99.0371269999999981
11
154.5740989999999897
21
-99.0859009999999927
0
LINE
8
BLACK
6
CONTINUOUS
10
154.5740989999999897
20
-99.0859009999999927
11
154.6228729999999985
21
-99.1588959999999986
0
LINE
8
BLACK
6
CONTINUOUS
10
154.6228729999999985
20
-99.1588959999999986
11
154.6399999999999864
21
-99.2449999999999903
0
LINE
8
BLACK
6
CONTINUOUS
10
154.6399999999999864
20
-99.2449999999999903
11
154.6399999999999864
21
-100.2950000000000017
0
LINE
8
BLACK
6
CONTINUOUS
10
154.6399999999999864
20
-100.2950000000000017
11
154.6228729999999985
21
-100.3811039999999934
0
LINE
8
BLACK
6
CONTINUOUS
10
154.6228729999999985
20
-100.3811039999999934
11
154.5740989999999897
21
-100.4540989999999994
0
LINE
8
BLACK
6
CONTINUOUS
10
154.5740989999999897
20
-100.4540989999999994
11
154.501103999999998
21
-100.5028729999999939
0
LINE
8
BLACK
6
CONTINUOUS
10
154.501103999999998
20
-100.5028729999999939
11
154.414999999999992
21
-100.519999999999996
0
LINE
8
BLACK
6
CONTINUOUS
10
154.414999999999992
20
-100.519999999999996
11
144.8649999999999807
21
-100.519999999999996
0
LINE
8
BLACK
6
CONTINUOUS
10
144.8649999999999807
20
-100.519999999999996
11
144.7788960000000031
21
-100.5028729999999939
0
LINE
8
BLACK
6
CONTINUOUS
10
144.7788960000000031
20
-100.5028729999999939
11
144.705900999999983
21
-100.4540989999999994
0
LINE
8
BLACK
6
CONTINUOUS
10
144.705900999999983
20
-100.4540989999999994
11
144.6571270000000027
21
-100.3811039999999934
0
LINE
8
BLACK
6
CONTINUOUS
10
144.6571270000000027
20
-100.3811039999999934
11
144.6399999999999864
21
-100.2950000000000017
0
LINE
8
BLACK
6
CONTINUOUS
10
144.6399999999999864
20
-100.2950000000000017
11
144.6399999999999864
21
-99.2449999999999903
0
LINE
8
BLACK
6
CONTINUOUS
10
144.6399999999999864
20
-99.2449999999999903
11
144.6571270000000027
21
-99.1588959999999986
0
LINE
8
BLACK
6
CONTINUOUS
10
144.6571270000000027
20
-99.1588959999999986
11
144.705900999999983
21
-99.0859009999999927
0
LINE
8
BLACK
6
CONTINUOUS
10
144.705900999999983
20
-99.0859009999999927
11
144.7788960000000031
21
-99.0371269999999981
0
LINE
8
BLACK
6
CONTINUOUS
10
144.7788960000000031
20
-99.0371269999999981
11
144.8649999999999807
21
-99.019999999999996
0
LINE
8
BLACK
6
CONTINUOUS
10
144.8649999999999807
20
-99.019999999999996
11
154.414999999999992
21
-99.019999999999996
0
LINE
8
BLACK
6
CONTINUOUS
10
154.414999999999992
20
-99.019999999999996
11
154.501103999999998
21
-99.0371269999999981
0
LINE
8
BLACK
6
CONTINUOUS
10
184.501103999999998
20
-99.0371269999999981
11
184.5740989999999897
21
-99.0859009999999927
0
LINE
8
BLACK
6
CONTINUOUS
10
184.5740989999999897
20
-99.0859009999999927
11
184.6228729999999985
21
-99.1588959999999986
0
LINE
8
BLACK
6
CONTINUOUS
10
184.6228729999999985
20
-99.1588959999999986
11
184.6399999999999864
21
-99.2449999999999903
0
LINE
8
BLACK
6
CONTINUOUS
10
184.6399999999999864
20
-99.2449999999999903
11
184.6399999999999864
21
-100.2950000000000017
0
LINE
8
BLACK
6
CONTINUOUS
10
184.6399999999999864
20
-100.2950000000000017
11
184.6228729999999985
21
-100.3811039999999934
0
LINE
8
BLACK
6
CONTINUOUS
10
184.6228729999999985
20
-100.3811039999999934
11
184.5740989999999897
21
-100.4540989999999994
0
LINE
8
BLACK
6
CONTINUOUS
10
184.5740989999999897
20
-100.4540989999999994
11
184.501103999999998
21
-100.5028729999999939
0
LINE
8
BLACK
6
CONTINUOUS
10
184.501103999999998
20
-100.5028729999999939
11
184.414999999999992
21
-100.519999999999996
0
LINE
8
BLACK
6
CONTINUOUS
10
184.414999999999992
20
-100.519999999999996
11
174.8649999999999807
21
-100.519999999999996
0
LINE
8
BLACK
6
CONTINUOUS
10
174.8649999999999807
20
-100.519999999999996
11
174.7788960000000031
21
-100.5028729999999939
0
LINE
8
BLACK
6
CONTINUOUS
10
174.7788960000000031
20
-100.5028729999999939
11
174.705900999999983
21
-100.4540989999999994
0
LINE
8
BLACK
6
CONTINUOUS
10
174.705900999999983
20
-100.4540989999999994
11
174.6571270000000027
21
-100.3811039999999934
0
LINE
8
BLACK
6
CONTINUOUS
10
174.6571270000000027
20
-100.3811039999999934
11
174.6399999999999864
21
-100.2950000000000017
0
LINE
8
BLACK
6
CONTINUOUS
10
174.6399999999999864
20
-100.2950000000000017
11
174.6399999999999864
21
-99.2449999999999903
0
LINE
8
BLACK
6
CONTINUOUS
10
174.6399999999999864
20
-99.2449999999999903
11
174.6571270000000027
21
-99.1588959999999986
0
LINE
8
BLACK
6
CONTINUOUS
10
174.6571270000000027
20
-99.1588959999999986
11
174.705900999999983
21
-99.0859009999999927
0
LINE
8
BLACK
6
CONTINUOUS
10
174.705900999999983
20
-99.0859009999999927
11
174.7788960000000031
21
-99.0371269999999981
0
LINE
8
BLACK
6
CONTINUOUS
10
174.7788960000000031
20
-99.0371269999999981
11
174.8649999999999807
21
-99.019999999999996
0
LINE
8
BLACK
6
CONTINUOUS
10
174.8649999999999807
20
-99.019999999999996
11
184.414999999999992
21
-99.019999999999996
0
LINE
8
BLACK
6
CONTINUOUS
10
184.414999999999992
20
-99.019999999999996
11
184.501103999999998
21
-99.0371269999999981
0
LINE
8
BLACK
6
CONTINUOUS
10
59.1932279999999977
20
-93.9244479999999982
11
59.3381169999999969
21
-93.984462999999991
0
LINE
8
BLACK
6
CONTINUOUS
10
59.3381169999999969
20
-93.984462999999991
11
59.4685149999999965
21
-94.0715919999999954
0
LINE
8
BLACK
6
CONTINUOUS
10
59.4685149999999965
20
-94.0715919999999954
11
59.5794080000000008
21
-94.1824849999999998
0
LINE
8
BLACK
6
CONTINUOUS
10
59.5794080000000008
20
-94.1824849999999998
11
59.6665369999999982
21
-94.3128829999999994
0
LINE
8
BLACK
6
CONTINUOUS
10
59.6665369999999982
20
-94.3128829999999994
11
59.7265519999999981
21
-94.4577719999999914
0
LINE
8
BLACK
6
CONTINUOUS
10
59.7265519999999981
20
-94.4577719999999914
11
59.7571480000000008
21
-94.6115860000000026
0
LINE
8
BLACK
6
CONTINUOUS
10
59.7571480000000008
20
-94.6115860000000026
11
59.7571480000000008
21
-94.7684139999999928
0
LINE
8
BLACK
6
CONTINUOUS
10
59.7571480000000008
20
-94.7684139999999928
11
59.7265519999999981
21
-94.9222279999999898
0
LINE
8
BLACK
6
CONTINUOUS
10
59.7265519999999981
20
-94.9222279999999898
11
59.6665369999999982
21
-95.0671169999999961
0
LINE
8
BLACK
6
CONTINUOUS
10
59.6665369999999982
20
-95.0671169999999961
11
59.5794080000000008
21
-95.1975149999999957
0
LINE
8
BLACK
6
CONTINUOUS
10
59.5794080000000008
20
-95.1975149999999957
11
59.4685149999999965
21
-95.308408
0
LINE
8
BLACK
6
CONTINUOUS
10
59.4685149999999965
20
-95.308408
11
59.3381169999999969
21
-95.3955369999999903
0
LINE
8
BLACK
6
CONTINUOUS
10
59.3381169999999969
20
-95.3955369999999903
11
59.1932279999999977
21
-95.4555519999999973
0
LINE
8
BLACK
6
CONTINUOUS
10
59.1932279999999977
20
-95.4555519999999973
11
59.0394140000000007
21
-95.486148
0
LINE
8
BLACK
6
CONTINUOUS
10
59.0394140000000007
20
-95.486148
11
58.8825859999999963
21
-95.486148
0
LINE
8
BLACK
6
CONTINUOUS
10
58.8825859999999963
20
-95.486148
11
58.7287719999999993
21
-95.4555519999999973
0
LINE
8
BLACK
6
CONTINUOUS
10
58.7287719999999993
20
-95.4555519999999973
11
58.6912260000000003
21
-95.4399999999999977
0
LINE
8
BLACK
6
CONTINUOUS
10
58.6912260000000003
20
-95.4399999999999977
11
56.1427659999999946
21
-95.4399999999999977
0
LINE
8
BLACK
6
CONTINUOUS
10
56.1427659999999946
20
-95.4399999999999977
11
52.769999999999996
21
-98.8127659999999963
0
LINE
8
BLACK
6
CONTINUOUS
10
52.769999999999996
20
-98.8127659999999963
11
52.769999999999996
21
-99.3219409999999954
0
LINE
8
BLACK
6
CONTINUOUS
10
52.769999999999996
20
-99.3219409999999954
11
52.8055519999999987
21
-99.4077719999999943
0
LINE
8
BLACK
6
CONTINUOUS
10
52.8055519999999987
20
-99.4077719999999943
11
52.8361479999999943
21
-99.5615859999999913
0
LINE
8
BLACK
6
CONTINUOUS
10
52.8361479999999943
20
-99.5615859999999913
11
52.8361479999999943
21
-99.7184139999999957
0
LINE
8
BLACK
6
CONTINUOUS
10
52.8361479999999943
20
-99.7184139999999957
11
52.8055519999999987
21
-99.8722279999999927
0
LINE
8
BLACK
6
CONTINUOUS
10
52.8055519999999987
20
-99.8722279999999927
11
52.7455369999999988
21
-100.0171169999999989
0
LINE
8
BLACK
6
CONTINUOUS
10
52.7455369999999988
20
-100.0171169999999989
11
52.6584079999999943
21
-100.1475149999999985
0
LINE
8
BLACK
6
CONTINUOUS
10
52.6584079999999943
20
-100.1475149999999985
11
52.5475149999999971
21
-100.2584079999999886
0
LINE
8
BLACK
6
CONTINUOUS
10
52.5475149999999971
20
-100.2584079999999886
11
52.4171169999999975
21
-100.3455369999999931
0
LINE
8
BLACK
6
CONTINUOUS
10
52.4171169999999975
20
-100.3455369999999931
11
52.2722279999999984
21
-100.4055520000000001
0
LINE
8
BLACK
6
CONTINUOUS
10
52.2722279999999984
20
-100.4055520000000001
11
52.1184139999999942
21
-100.4361479999999887
0
LINE
8
BLACK
6
CONTINUOUS
10
52.1184139999999942
20
-100.4361479999999887
11
51.9615859999999969
21
-100.4361479999999887
0
LINE
8
BLACK
6
CONTINUOUS
10
51.9615859999999969
20
-100.4361479999999887
11
51.8077719999999999
21
-100.4055520000000001
0
LINE
8
BLACK
6
CONTINUOUS
10
51.8077719999999999
20
-100.4055520000000001
11
51.6628830000000008
21
-100.3455369999999931
0
LINE
8
BLACK
6
CONTINUOUS
10
51.6628830000000008
20
-100.3455369999999931
11
51.5324850000000012
21
-100.2584079999999886
0
LINE
8
BLACK
6
CONTINUOUS
10
51.5324850000000012
20
-100.2584079999999886
11
51.4215919999999969
21
-100.1475149999999985
0
LINE
8
BLACK
6
CONTINUOUS
10
51.4215919999999969
20
-100.1475149999999985
11
51.3344629999999995
21
-100.0171169999999989
0
LINE
8
BLACK
6
CONTINUOUS
10
51.3344629999999995
20
-100.0171169999999989
11
51.2744479999999996
21
-99.8722279999999927
0
LINE
8
BLACK
6
CONTINUOUS
10
51.2744479999999996
20
-99.8722279999999927
11
51.2438519999999968
21
-99.7184139999999957
0
LINE
8
BLACK
6
CONTINUOUS
10
51.2438519999999968
20
-99.7184139999999957
11
51.2438519999999968
21
-99.5615859999999913
0
LINE
8
BLACK
6
CONTINUOUS
10
51.2438519999999968
20
-99.5615859999999913
11
51.269999999999996
21
-99.4301329999999979
0
LINE
8
BLACK
6
CONTINUOUS
10
51.269999999999996
20
-99.4301329999999979
11
51.269999999999996
21
-98.5021059999999977
0
LINE
8
BLACK
6
CONTINUOUS
10
51.269999999999996
20
-98.5021059999999977
11
51.2736109999999954
21
-98.4285929999999922
0
LINE
8
BLACK
6
CONTINUOUS
10
51.2736109999999954
20
-98.4285929999999922
11
51.2758919999999989
21
-98.4171269999999936
0
LINE
8
BLACK
6
CONTINUOUS
10
51.2758919999999989
20
-98.4171269999999936
11
51.3022939999999963
21
-98.2843929999999943
0
LINE
8
BLACK
6
CONTINUOUS
10
51.3022939999999963
20
-98.2843929999999943
11
51.3585589999999996
21
-98.1485589999999917
0
LINE
8
BLACK
6
CONTINUOUS
10
51.3585589999999996
20
-98.1485589999999917
11
51.3585589999999996
21
-98.1485579999999942
0
LINE
8
BLACK
6
CONTINUOUS
10
51.3585589999999996
20
-98.1485579999999942
11
51.4402419999999978
21
-98.0263109999999926
0
LINE
8
BLACK
6
CONTINUOUS
10
51.4402419999999978
20
-98.0263109999999926
11
51.4896699999999967
21
-97.9717759999999913
0
LINE
8
BLACK
6
CONTINUOUS
10
51.4896699999999967
20
-97.9717759999999913
11
55.3017759999999967
21
-94.1596699999999913
0
LINE
8
BLACK
6
CONTINUOUS
10
55.3017759999999967
20
-94.1596699999999913
11
55.356310999999998
21
-94.1102419999999995
0
LINE
8
BLACK
6
CONTINUOUS
10
55.356310999999998
20
-94.1102419999999995
11
55.4141550000000009
21
-94.0715919999999954
0
LINE
8
BLACK
6
CONTINUOUS
10
55.4141550000000009
20
-94.0715919999999954
11
55.4785579999999996
21
-94.0285590000000013
0
LINE
8
BLACK
6
CONTINUOUS
10
55.4785579999999996
20
-94.0285590000000013
11
55.5348229999999958
21
-94.0052529999999962
0
LINE
8
BLACK
6
CONTINUOUS
10
55.5348229999999958
20
-94.0052529999999962
11
55.6143929999999997
21
-93.9722939999999909
0
LINE
8
BLACK
6
CONTINUOUS
10
55.6143929999999997
20
-93.9722939999999909
11
55.7585929999999976
21
-93.94361099999999
0
LINE
8
BLACK
6
CONTINUOUS
10
55.7585929999999976
20
-93.94361099999999
11
55.832105999999996
21
-93.9399999999999977
0
LINE
8
BLACK
6
CONTINUOUS
10
55.832105999999996
20
-93.9399999999999977
11
58.6912260000000003
21
-93.9399999999999977
0
LINE
8
BLACK
6
CONTINUOUS
10
58.6912260000000003
20
-93.9399999999999977
11
58.7287719999999993
21
-93.9244479999999982
0
LINE
8
BLACK
6
CONTINUOUS
10
58.7287719999999993
20
-93.9244479999999982
11
58.8825859999999963
21
-93.8938519999999954
0
LINE
8
BLACK
6
CONTINUOUS
10
58.8825859999999963
20
-93.8938519999999954
11
59.0394140000000007
21
-93.8938519999999954
0
LINE
8
BLACK
6
CONTINUOUS
10
59.0394140000000007
20
-93.8938519999999954
11
59.1932279999999977
21
-93.9244479999999982
0
LINE
8
BLACK
6
CONTINUOUS
10
249.5722279999999955
20
-98.4785540000000026
11
249.7171170000000018
21
-98.5385689999999954
0
LINE
8
BLACK
6
CONTINUOUS
10
249.7171170000000018
20
-98.5385689999999954
11
249.8475149999999871
21
-98.6256979999999999
0
LINE
8
BLACK
6
CONTINUOUS
10
249.8475149999999871
20
-98.6256979999999999
11
249.9584079999999915
21
-98.73659099999999
0
LINE
8
BLACK
6
CONTINUOUS
10
249.9584079999999915
20
-98.73659099999999
11
250.0455369999999959
21
-98.8669889999999896
0
LINE
8
BLACK
6
CONTINUOUS
10
250.0455369999999959
20
-98.8669889999999896
11
250.1055519999999888
21
-99.0118779999999958
0
LINE
8
BLACK
6
CONTINUOUS
10
250.1055519999999888
20
-99.0118779999999958
11
250.1361479999999915
21
-99.1656919999999928
0
LINE
8
BLACK
6
CONTINUOUS
10
250.1361479999999915
20
-99.1656919999999928
11
250.1361479999999915
21
-99.3225199999999973
0
LINE
8
BLACK
6
CONTINUOUS
10
250.1361479999999915
20
-99.3225199999999973
11
250.1055519999999888
21
-99.4763339999999943
0
LINE
8
BLACK
6
CONTINUOUS
10
250.1055519999999888
20
-99.4763339999999943
11
250.0455369999999959
21
-99.6212230000000005
0
LINE
8
BLACK
6
CONTINUOUS
10
250.0455369999999959
20
-99.6212230000000005
11
249.9584079999999915
21
-99.7516210000000001
0
LINE
8
BLACK
6
CONTINUOUS
10
249.9584079999999915
20
-99.7516210000000001
11
249.8475149999999871
21
-99.8625139999999902
0
LINE
8
BLACK
6
CONTINUOUS
10
249.8475149999999871
20
-99.8625139999999902
11
249.7171170000000018
21
-99.9496429999999947
0
LINE
8
BLACK
6
CONTINUOUS
10
249.7171170000000018
20
-99.9496429999999947
11
249.5722279999999955
21
-100.0096580000000017
0
LINE
8
BLACK
6
CONTINUOUS
10
249.5722279999999955
20
-100.0096580000000017
11
249.4184139999999843
21
-100.0402539999999902
0
LINE
8
BLACK
6
CONTINUOUS
10
249.4184139999999843
20
-100.0402539999999902
11
249.2615859999999941
21
-100.0402539999999902
0
LINE
8
BLACK
6
CONTINUOUS
10
249.2615859999999941
20
-100.0402539999999902
11
249.1077719999999829
21
-100.0096580000000017
0
LINE
8
BLACK
6
CONTINUOUS
10
249.1077719999999829
20
-100.0096580000000017
11
248.9628829999999766
21
-99.9496429999999947
0
LINE
8
BLACK
6
CONTINUOUS
10
248.9628829999999766
20
-99.9496429999999947
11
248.8324849999999913
21
-99.8625139999999902
0
LINE
8
BLACK
6
CONTINUOUS
10
248.8324849999999913
20
-99.8625139999999902
11
248.7215919999999869
21
-99.7516210000000001
0
LINE
8
BLACK
6
CONTINUOUS
10
248.7215919999999869
20
-99.7516210000000001
11
248.6344629999999825
21
-99.6212230000000005
0
LINE
8
BLACK
6
CONTINUOUS
10
248.6344629999999825
20
-99.6212230000000005
11
248.5744479999999896
21
-99.4763339999999943
0
LINE
8
BLACK
6
CONTINUOUS
10
248.5744479999999896
20
-99.4763339999999943
11
248.5438519999999869
21
-99.3225199999999973
0
LINE
8
BLACK
6
CONTINUOUS
10
248.5438519999999869
20
-99.3225199999999973
11
248.5438519999999869
21
-99.1656919999999928
0
LINE
8
BLACK
6
CONTINUOUS
10
248.5438519999999869
20
-99.1656919999999928
11
248.5744479999999896
21
-99.0118779999999958
0
LINE
8
BLACK
6
CONTINUOUS
10
248.5744479999999896
20
-99.0118779999999958
11
248.6344629999999825
21
-98.8669889999999896
0
LINE
8
BLACK
6
CONTINUOUS
10
248.6344629999999825
20
-98.8669889999999896
11
248.7215919999999869
21
-98.73659099999999
0
LINE
8
BLACK
6
CONTINUOUS
10
248.7215919999999869
20
-98.73659099999999
11
248.8324849999999913
21
-98.6256979999999999
0
LINE
8
BLACK
6
CONTINUOUS
10
248.8324849999999913
20
-98.6256979999999999
11
248.9628829999999766
21
-98.5385689999999954
0
LINE
8
BLACK
6
CONTINUOUS
10
248.9628829999999766
20
-98.5385689999999954
11
249.1077719999999829
21
-98.4785540000000026
0
LINE
8
BLACK
6
CONTINUOUS
10
249.1077719999999829
20
-98.4785540000000026
11
249.2615859999999941
21
-98.4479579999999999
0
LINE
8
BLACK
6
CONTINUOUS
10
249.2615859999999941
20
-98.4479579999999999
11
249.4184139999999843
21
-98.4479579999999999
0
LINE
8
BLACK
6
CONTINUOUS
10
249.4184139999999843
20
-98.4479579999999999
11
249.5722279999999955
21
-98.4785540000000026
0
LINE
8
BLACK
6
CONTINUOUS
10
244.7622279999999932
20
-98.3844479999999919
11
244.9071169999999995
21
-98.4444629999999989
0
LINE
8
BLACK
6
CONTINUOUS
10
244.9071169999999995
20
-98.4444629999999989
11
245.0375149999999849
21
-98.5315919999999892
0
LINE
8
BLACK
6
CONTINUOUS
10
245.0375149999999849
20
-98.5315919999999892
11
245.1484079999999892
21
-98.6424849999999935
0
LINE
8
BLACK
6
CONTINUOUS
10
245.1484079999999892
20
-98.6424849999999935
11
245.2355369999999937
21
-98.7728829999999931
0
LINE
8
BLACK
6
CONTINUOUS
10
245.2355369999999937
20
-98.7728829999999931
11
245.2955519999999865
21
-98.9177719999999994
0
LINE
8
BLACK
6
CONTINUOUS
10
245.2955519999999865
20
-98.9177719999999994
11
245.3261479999999892
21
-99.0715859999999964
0
LINE
8
BLACK
6
CONTINUOUS
10
245.3261479999999892
20
-99.0715859999999964
11
245.3261479999999892
21
-99.2284140000000008
0
LINE
8
BLACK
6
CONTINUOUS
10
245.3261479999999892
20
-99.2284140000000008
11
245.2955519999999865
21
-99.3822279999999978
0
LINE
8
BLACK
6
CONTINUOUS
10
245.2955519999999865
20
-99.3822279999999978
11
245.2355369999999937
21
-99.5271169999999898
0
LINE
8
BLACK
6
CONTINUOUS
10
245.2355369999999937
20
-99.5271169999999898
11
245.1484079999999892
21
-99.6575149999999894
0
LINE
8
BLACK
6
CONTINUOUS
10
245.1484079999999892
20
-99.6575149999999894
11
245.0375149999999849
21
-99.7684079999999938
0
LINE
8
BLACK
6
CONTINUOUS
10
245.0375149999999849
20
-99.7684079999999938
11
244.9071169999999995
21
-99.8555369999999982
0
LINE
8
BLACK
6
CONTINUOUS
10
244.9071169999999995
20
-99.8555369999999982
11
244.7622279999999932
21
-99.915551999999991
0
LINE
8
BLACK
6
CONTINUOUS
10
244.7622279999999932
20
-99.915551999999991
11
244.608413999999982
21
-99.9461479999999938
0
LINE
8
BLACK
6
CONTINUOUS
10
244.608413999999982
20
-99.9461479999999938
11
244.4515859999999918
21
-99.9461479999999938
0
LINE
8
BLACK
6
CONTINUOUS
10
244.4515859999999918
20
-99.9461479999999938
11
244.2977719999999806
21
-99.915551999999991
0
LINE
8
BLACK
6
CONTINUOUS
10
244.2977719999999806
20
-99.915551999999991
11
244.1528830000000028
21
-99.8555369999999982
0
LINE
8
BLACK
6
CONTINUOUS
10
244.1528830000000028
20
-99.8555369999999982
11
244.022484999999989
21
-99.7684079999999938
0
LINE
8
BLACK
6
CONTINUOUS
10
244.022484999999989
20
-99.7684079999999938
11
243.9115919999999846
21
-99.6575149999999894
0
LINE
8
BLACK
6
CONTINUOUS
10
243.9115919999999846
20
-99.6575149999999894
11
243.8244629999999802
21
-99.5271169999999898
0
LINE
8
BLACK
6
CONTINUOUS
10
243.8244629999999802
20
-99.5271169999999898
11
243.7644479999999874
21
-99.3822279999999978
0
LINE
8
BLACK
6
CONTINUOUS
10
243.7644479999999874
20
-99.3822279999999978
11
243.7338519999999846
21
-99.2284140000000008
0
LINE
8
BLACK
6
CONTINUOUS
10
243.7338519999999846
20
-99.2284140000000008
11
243.7338519999999846
21
-99.0715859999999964
0
LINE
8
BLACK
6
CONTINUOUS
10
243.7338519999999846
20
-99.0715859999999964
11
243.7644479999999874
21
-98.9177719999999994
0
LINE
8
BLACK
6
CONTINUOUS
10
243.7644479999999874
20
-98.9177719999999994
11
243.8244629999999802
21
-98.7728829999999931
0
LINE
8
BLACK
6
CONTINUOUS
10
243.8244629999999802
20
-98.7728829999999931
11
243.9115919999999846
21
-98.6424849999999935
0
LINE
8
BLACK
6
CONTINUOUS
10
243.9115919999999846
20
-98.6424849999999935
11
244.022484999999989
21
-98.5315919999999892
0
LINE
8
BLACK
6
CONTINUOUS
10
244.022484999999989
20
-98.5315919999999892
11
244.1528830000000028
21
-98.4444629999999989
0
LINE
8
BLACK
6
CONTINUOUS
10
244.1528830000000028
20
-98.4444629999999989
11
244.2977719999999806
21
-98.3844479999999919
0
LINE
8
BLACK
6
CONTINUOUS
10
244.2977719999999806
20
-98.3844479999999919
11
244.4515859999999918
21
-98.3538519999999892
0
LINE
8
BLACK
6
CONTINUOUS
10
244.4515859999999918
20
-98.3538519999999892
11
244.608413999999982
21
-98.3538519999999892
0
LINE
8
BLACK
6
CONTINUOUS
10
244.608413999999982
20
-98.3538519999999892
11
244.7622279999999932
21
-98.3844479999999919
0
LINE
8
BLACK
6
CONTINUOUS
10
230.7011039999999866
20
-98.4171269999999936
11
230.7740989999999783
21
-98.4659010000000023
0
LINE
8
BLACK
6
CONTINUOUS
10
230.7740989999999783
20
-98.4659010000000023
11
230.8228729999999871
21
-98.538895999999994
0
LINE
8
BLACK
6
CONTINUOUS
10
230.8228729999999871
20
-98.538895999999994
11
230.8400000000000034
21
-98.625
0
LINE
8
BLACK
6
CONTINUOUS
10
230.8400000000000034
20
-98.625
11
230.8400000000000034
21
-99.6749999999999972
0
LINE
8
BLACK
6
CONTINUOUS
10
230.8400000000000034
20
-99.6749999999999972
11
230.8228729999999871
21
-99.7611039999999889
0
LINE
8
BLACK
6
CONTINUOUS
10
230.8228729999999871
20
-99.7611039999999889
11
230.7740989999999783
21
-99.8340989999999948
0
LINE
8
BLACK
6
CONTINUOUS
10
230.7740989999999783
20
-99.8340989999999948
11
230.7011039999999866
21
-99.8828729999999894
0
LINE
8
BLACK
6
CONTINUOUS
10
230.7011039999999866
20
-99.8828729999999894
11
230.6149999999999807
21
-99.8999999999999915
0
LINE
8
BLACK
6
CONTINUOUS
10
230.6149999999999807
20
-99.8999999999999915
11
221.0649999999999977
21
-99.8999999999999915
0
LINE
8
BLACK
6
CONTINUOUS
10
221.0649999999999977
20
-99.8999999999999915
11
220.9788959999999918
21
-99.8828729999999894
0
LINE
8
BLACK
6
CONTINUOUS
10
220.9788959999999918
20
-99.8828729999999894
11
220.9059010000000001
21
-99.8340989999999948
0
LINE
8
BLACK
6
CONTINUOUS
10
220.9059010000000001
20
-99.8340989999999948
11
220.8571269999999913
21
-99.7611039999999889
0
LINE
8
BLACK
6
CONTINUOUS
10
220.8571269999999913
20
-99.7611039999999889
11
220.8400000000000034
21
-99.6749999999999972
0
LINE
8
BLACK
6
CONTINUOUS
10
220.8400000000000034
20
-99.6749999999999972
11
220.8400000000000034
21
-98.625
0
LINE
8
BLACK
6
CONTINUOUS
10
220.8400000000000034
20
-98.625
11
220.8571269999999913
21
-98.538895999999994
0
LINE
8
BLACK
6
CONTINUOUS
10
220.8571269999999913
20
-98.538895999999994
11
220.9059010000000001
21
-98.4659010000000023
0
LINE
8
BLACK
6
CONTINUOUS
10
220.9059010000000001
20
-98.4659010000000023
11
220.9788959999999918
21
-98.4171269999999936
0
LINE
8
BLACK
6
CONTINUOUS
10
220.9788959999999918
20
-98.4171269999999936
11
221.0649999999999977
21
-98.3999999999999915
0
LINE
8
BLACK
6
CONTINUOUS
10
221.0649999999999977
20
-98.3999999999999915
11
230.6149999999999807
21
-98.3999999999999915
0
LINE
8
BLACK
6
CONTINUOUS
10
230.6149999999999807
20
-98.3999999999999915
11
230.7011039999999866
21
-98.4171269999999936
0
LINE
8
BLACK
6
CONTINUOUS
10
75.6811039999999906
20
-96.4971269999999919
11
75.7540989999999965
21
-96.5459010000000006
0
LINE
8
BLACK
6
CONTINUOUS
10
75.7540989999999965
20
-96.5459010000000006
11
75.8028729999999911
21
-96.6188959999999923
0
LINE
8
BLACK
6
CONTINUOUS
10
75.8028729999999911
20
-96.6188959999999923
11
75.8199999999999932
21
-96.7049999999999983
0
LINE
8
BLACK
6
CONTINUOUS
10
75.8199999999999932
20
-96.7049999999999983
11
75.8199999999999932
21
-97.7549999999999955
0
LINE
8
BLACK
6
CONTINUOUS
10
75.8199999999999932
20
-97.7549999999999955
11
75.8028729999999911
21
-97.8411040000000014
0
LINE
8
BLACK
6
CONTINUOUS
10
75.8028729999999911
20
-97.8411040000000014
11
75.7540989999999965
21
-97.9140989999999931
0
LINE
8
BLACK
6
CONTINUOUS
10
75.7540989999999965
20
-97.9140989999999931
11
75.6811039999999906
21
-97.9628730000000019
0
LINE
8
BLACK
6
CONTINUOUS
10
75.6811039999999906
20
-97.9628730000000019
11
75.5949999999999989
21
-97.9799999999999898
0
LINE
8
BLACK
6
CONTINUOUS
10
75.5949999999999989
20
-97.9799999999999898
11
66.0450000000000017
21
-97.9799999999999898
0
LINE
8
BLACK
6
CONTINUOUS
10
66.0450000000000017
20
-97.9799999999999898
11
65.9588959999999958
21
-97.9628730000000019
0
LINE
8
BLACK
6
CONTINUOUS
10
65.9588959999999958
20
-97.9628730000000019
11
65.885901000000004
21
-97.9140989999999931
0
LINE
8
BLACK
6
CONTINUOUS
10
65.885901000000004
20
-97.9140989999999931
11
65.8371269999999953
21
-97.8411040000000014
0
LINE
8
BLACK
6
CONTINUOUS
10
65.8371269999999953
20
-97.8411040000000014
11
65.8199999999999932
21
-97.7549999999999955
0
LINE
8
BLACK
6
CONTINUOUS
10
65.8199999999999932
20
-97.7549999999999955
11
65.8199999999999932
21
-96.7049999999999983
0
LINE
8
BLACK
6
CONTINUOUS
10
65.8199999999999932
20
-96.7049999999999983
11
65.8371269999999953
21
-96.6188959999999923
0
LINE
8
BLACK
6
CONTINUOUS
10
65.8371269999999953
20
-96.6188959999999923
11
65.885901000000004
21
-96.5459010000000006
0
LINE
8
BLACK
6
CONTINUOUS
10
65.885901000000004
20
-96.5459010000000006
11
65.9588959999999958
21
-96.4971269999999919
0
LINE
8
BLACK
6
CONTINUOUS
10
65.9588959999999958
20
-96.4971269999999919
11
66.0450000000000017
21
-96.4799999999999898
0
LINE
8
BLACK
6
CONTINUOUS
10
66.0450000000000017
20
-96.4799999999999898
11
75.5949999999999989
21
-96.4799999999999898
0
LINE
8
BLACK
6
CONTINUOUS
10
75.5949999999999989
20
-96.4799999999999898
11
75.6811039999999906
21
-96.4971269999999919
0
LINE
8
BLACK
6
CONTINUOUS
10
105.6811039999999906
20
-96.4971269999999919
11
105.7540989999999965
21
-96.5459010000000006
0
LINE
8
BLACK
6
CONTINUOUS
10
105.7540989999999965
20
-96.5459010000000006
11
105.8028729999999911
21
-96.6188959999999923
0
LINE
8
BLACK
6
CONTINUOUS
10
105.8028729999999911
20
-96.6188959999999923
11
105.8199999999999932
21
-96.7049999999999983
0
LINE
8
BLACK
6
CONTINUOUS
10
105.8199999999999932
20
-96.7049999999999983
11
105.8199999999999932
21
-97.7549999999999955
0
LINE
8
BLACK
6
CONTINUOUS
10
105.8199999999999932
20
-97.7549999999999955
11
105.8028729999999911
21
-97.8411040000000014
0
LINE
8
BLACK
6
CONTINUOUS
10
105.8028729999999911
20
-97.8411040000000014
11
105.7540989999999965
21
-97.9140989999999931
0
LINE
8
BLACK
6
CONTINUOUS
10
105.7540989999999965
20
-97.9140989999999931
11
105.6811039999999906
21
-97.9628730000000019
0
LINE
8
BLACK
6
CONTINUOUS
10
105.6811039999999906
20
-97.9628730000000019
11
105.5949999999999989
21
-97.9799999999999898
0
LINE
8
BLACK
6
CONTINUOUS
10
105.5949999999999989
20
-97.9799999999999898
11
96.0450000000000017
21
-97.9799999999999898
0
LINE
8
BLACK
6
CONTINUOUS
10
96.0450000000000017
20
-97.9799999999999898
11
95.9588959999999958
21
-97.9628730000000019
0
LINE
8
BLACK
6
CONTINUOUS
10
95.9588959999999958
20
-97.9628730000000019
11
95.8859009999999898
21
-97.9140989999999931
0
LINE
8
BLACK
6
CONTINUOUS
10
95.8859009999999898
20
-97.9140989999999931
11
95.8371269999999953
21
-97.8411040000000014
0
LINE
8
BLACK
6
CONTINUOUS
10
95.8371269999999953
20
-97.8411040000000014
11
95.8199999999999932
21
-97.7549999999999955
0
LINE
8
BLACK
6
CONTINUOUS
10
95.8199999999999932
20
-97.7549999999999955
11
95.8199999999999932
21
-96.7049999999999983
0
LINE
8
BLACK
6
CONTINUOUS
10
95.8199999999999932
20
-96.7049999999999983
11
95.8371269999999953
21
-96.6188959999999923
0
LINE
8
BLACK
6
CONTINUOUS
10
95.8371269999999953
20
-96.6188959999999923
11
95.8859009999999898
21
-96.5459010000000006
0
LINE
8
BLACK
6
CONTINUOUS
10
95.8859009999999898
20
-96.5459010000000006
11
95.9588959999999958
21
-96.4971269999999919
0
LINE
8
BLACK
6
CONTINUOUS
10
95.9588959999999958
20
-96.4971269999999919
11
96.0450000000000017
21
-96.4799999999999898
0
LINE
8
BLACK
6
CONTINUOUS
10
96.0450000000000017
20
-96.4799999999999898
11
105.5949999999999989
21
-96.4799999999999898
0
LINE
8
BLACK
6
CONTINUOUS
10
105.5949999999999989
20
-96.4799999999999898
11
105.6811039999999906
21
-96.4971269999999919
0
LINE
8
BLACK
6
CONTINUOUS
10
154.501103999999998
20
-96.4971269999999919
11
154.5740989999999897
21
-96.5459010000000006
0
LINE
8
BLACK
6
CONTINUOUS
10
154.5740989999999897
20
-96.5459010000000006
11
154.6228729999999985
21
-96.6188959999999923
0
LINE
8
BLACK
6
CONTINUOUS
10
154.6228729999999985
20
-96.6188959999999923
11
154.6399999999999864
21
-96.7049999999999983
0
LINE
8
BLACK
6
CONTINUOUS
10
154.6399999999999864
20
-96.7049999999999983
11
154.6399999999999864
21
-97.7549999999999955
0
LINE
8
BLACK
6
CONTINUOUS
10
154.6399999999999864
20
-97.7549999999999955
11
154.6228729999999985
21
-97.8411040000000014
0
LINE
8
BLACK
6
CONTINUOUS
10
154.6228729999999985
20
-97.8411040000000014
11
154.5740989999999897
21
-97.9140989999999931
0
LINE
8
BLACK
6
CONTINUOUS
10
154.5740989999999897
20
-97.9140989999999931
11
154.501103999999998
21
-97.9628730000000019
0
LINE
8
BLACK
6
CONTINUOUS
10
154.501103999999998
20
-97.9628730000000019
11
154.414999999999992
21
-97.9799999999999898
0
LINE
8
BLACK
6
CONTINUOUS
10
154.414999999999992
20
-97.9799999999999898
11
144.8649999999999807
21
-97.9799999999999898
0
LINE
8
BLACK
6
CONTINUOUS
10
144.8649999999999807
20
-97.9799999999999898
11
144.7788960000000031
21
-97.9628730000000019
0
LINE
8
BLACK
6
CONTINUOUS
10
144.7788960000000031
20
-97.9628730000000019
11
144.705900999999983
21
-97.9140989999999931
0
LINE
8
BLACK
6
CONTINUOUS
10
144.705900999999983
20
-97.9140989999999931
11
144.6571270000000027
21
-97.8411040000000014
0
LINE
8
BLACK
6
CONTINUOUS
10
144.6571270000000027
20
-97.8411040000000014
11
144.6399999999999864
21
-97.7549999999999955
0
LINE
8
BLACK
6
CONTINUOUS
10
144.6399999999999864
20
-97.7549999999999955
11
144.6399999999999864
21
-96.7049999999999983
0
LINE
8
BLACK
6
CONTINUOUS
10
144.6399999999999864
20
-96.7049999999999983
11
144.6571270000000027
21
-96.6188959999999923
0
LINE
8
BLACK
6
CONTINUOUS
10
144.6571270000000027
20
-96.6188959999999923
11
144.705900999999983
21
-96.5459010000000006
0
LINE
8
BLACK
6
CONTINUOUS
10
144.705900999999983
20
-96.5459010000000006
11
144.7788960000000031
21
-96.4971269999999919
0
LINE
8
BLACK
6
CONTINUOUS
10
144.7788960000000031
20
-96.4971269999999919
11
144.8649999999999807
21
-96.4799999999999898
0
LINE
8
BLACK
6
CONTINUOUS
10
144.8649999999999807
20
-96.4799999999999898
11
154.414999999999992
21
-96.4799999999999898
0
LINE
8
BLACK
6
CONTINUOUS
10
154.414999999999992
20
-96.4799999999999898
11
154.501103999999998
21
-96.4971269999999919
0
LINE
8
BLACK
6
CONTINUOUS
10
184.501103999999998
20
-96.4971269999999919
11
184.5740989999999897
21
-96.5459010000000006
0
LINE
8
BLACK
6
CONTINUOUS
10
184.5740989999999897
20
-96.5459010000000006
11
184.6228729999999985
21
-96.6188959999999923
0
LINE
8
BLACK
6
CONTINUOUS
10
184.6228729999999985
20
-96.6188959999999923
11
184.6399999999999864
21
-96.7049999999999983
0
LINE
8
BLACK
6
CONTINUOUS
10
184.6399999999999864
20
-96.7049999999999983
11
184.6399999999999864
21
-97.7549999999999955
0
LINE
8
BLACK
6
CONTINUOUS
10
184.6399999999999864
20
-97.7549999999999955
11
184.6228729999999985
21
-97.8411040000000014
0
LINE
8
BLACK
6
CONTINUOUS
10
184.6228729999999985
20
-97.8411040000000014
11
184.5740989999999897
21
-97.9140989999999931
0
LINE
8
BLACK
6
CONTINUOUS
10
184.5740989999999897
20
-97.9140989999999931
11
184.501103999999998
21
-97.9628730000000019
0
LINE
8
BLACK
6
CONTINUOUS
10
184.501103999999998
20
-97.9628730000000019
11
184.414999999999992
21
-97.9799999999999898
0
LINE
8
BLACK
6
CONTINUOUS
10
184.414999999999992
20
-97.9799999999999898
11
174.8649999999999807
21
-97.9799999999999898
0
LINE
8
BLACK
6
CONTINUOUS
10
174.8649999999999807
20
-97.9799999999999898
11
174.7788960000000031
21
-97.9628730000000019
0
LINE
8
BLACK
6
CONTINUOUS
10
174.7788960000000031
20
-97.9628730000000019
11
174.705900999999983
21
-97.9140989999999931
0
LINE
8
BLACK
6
CONTINUOUS
10
174.705900999999983
20
-97.9140989999999931
11
174.6571270000000027
21
-97.8411040000000014
0
LINE
8
BLACK
6
CONTINUOUS
10
174.6571270000000027
20
-97.8411040000000014
11
174.6399999999999864
21
-97.7549999999999955
0
LINE
8
BLACK
6
CONTINUOUS
10
174.6399999999999864
20
-97.7549999999999955
11
174.6399999999999864
21
-96.7049999999999983
0
LINE
8
BLACK
6
CONTINUOUS
10
174.6399999999999864
20
-96.7049999999999983
11
174.6571270000000027
21
-96.6188959999999923
0
LINE
8
BLACK
6
CONTINUOUS
10
174.6571270000000027
20
-96.6188959999999923
11
174.705900999999983
21
-96.5459010000000006
0
LINE
8
BLACK
6
CONTINUOUS
10
174.705900999999983
20
-96.5459010000000006
11
174.7788960000000031
21
-96.4971269999999919
0
LINE
8
BLACK
6
CONTINUOUS
10
174.7788960000000031
20
-96.4971269999999919
11
174.8649999999999807
21
-96.4799999999999898
0
LINE
8
BLACK
6
CONTINUOUS
10
174.8649999999999807
20
-96.4799999999999898
11
184.414999999999992
21
-96.4799999999999898
0
LINE
8
BLACK
6
CONTINUOUS
10
184.414999999999992
20
-96.4799999999999898
11
184.501103999999998
21
-96.4971269999999919
0
LINE
8
BLACK
6
CONTINUOUS
10
238.5122279999999932
20
-95.8444479999999999
11
238.6571169999999995
21
-95.9044629999999927
0
LINE
8
BLACK
6
CONTINUOUS
10
238.6571169999999995
20
-95.9044629999999927
11
238.7875149999999849
21
-95.9915919999999971
0
LINE
8
BLACK
6
CONTINUOUS
10
238.7875149999999849
20
-95.9915919999999971
11
238.8984079999999892
21
-96.1024850000000015
0
LINE
8
BLACK
6
CONTINUOUS
10
238.8984079999999892
20
-96.1024850000000015
11
238.9855369999999937
21
-96.2328830000000011
0
LINE
8
BLACK
6
CONTINUOUS
10
238.9855369999999937
20
-96.2328830000000011
11
239.0455519999999865
21
-96.3777719999999931
0
LINE
8
BLACK
6
CONTINUOUS
10
239.0455519999999865
20
-96.3777719999999931
11
239.0761479999999892
21
-96.5315859999999901
0
LINE
8
BLACK
6
CONTINUOUS
10
239.0761479999999892
20
-96.5315859999999901
11
239.0761479999999892
21
-96.6884139999999945
0
LINE
8
BLACK
6
CONTINUOUS
10
239.0761479999999892
20
-96.6884139999999945
11
239.0455519999999865
21
-96.8422279999999915
0
LINE
8
BLACK
6
CONTINUOUS
10
239.0455519999999865
20
-96.8422279999999915
11
238.9855369999999937
21
-96.9871169999999978
0
LINE
8
BLACK
6
CONTINUOUS
10
238.9855369999999937
20
-96.9871169999999978
11
238.8984079999999892
21
-97.1175149999999974
0
LINE
8
BLACK
6
CONTINUOUS
10
238.8984079999999892
20
-97.1175149999999974
11
238.7875149999999849
21
-97.2284080000000017
0
LINE
8
BLACK
6
CONTINUOUS
10
238.7875149999999849
20
-97.2284080000000017
11
238.6571169999999995
21
-97.315536999999992
0
LINE
8
BLACK
6
CONTINUOUS
10
238.6571169999999995
20
-97.315536999999992
11
238.5122279999999932
21
-97.375551999999999
0
LINE
8
BLACK
6
CONTINUOUS
10
238.5122279999999932
20
-97.375551999999999
11
238.358413999999982
21
-97.4061480000000017
0
LINE
8
BLACK
6
CONTINUOUS
10
238.358413999999982
20
-97.4061480000000017
11
238.2015859999999918
21
-97.4061480000000017
0
LINE
8
BLACK
6
CONTINUOUS
10
238.2015859999999918
20
-97.4061480000000017
11
238.0477719999999806
21
-97.375551999999999
0
LINE
8
BLACK
6
CONTINUOUS
10
238.0477719999999806
20
-97.375551999999999
11
237.9028830000000028
21
-97.315536999999992
0
LINE
8
BLACK
6
CONTINUOUS
10
237.9028830000000028
20
-97.315536999999992
11
237.772484999999989
21
-97.2284080000000017
0
LINE
8
BLACK
6
CONTINUOUS
10
237.772484999999989
20
-97.2284080000000017
11
237.6615919999999846
21
-97.1175149999999974
0
LINE
8
BLACK
6
CONTINUOUS
10
237.6615919999999846
20
-97.1175149999999974
11
237.5744629999999802
21
-96.9871169999999978
0
LINE
8
BLACK
6
CONTINUOUS
10
237.5744629999999802
20
-96.9871169999999978
11
237.5144479999999874
21
-96.8422279999999915
0
LINE
8
BLACK
6
CONTINUOUS
10
237.5144479999999874
20
-96.8422279999999915
11
237.4838519999999846
21
-96.6884139999999945
0
LINE
8
BLACK
6
CONTINUOUS
10
237.4838519999999846
20
-96.6884139999999945
11
237.4838519999999846
21
-96.5315859999999901
0
LINE
8
BLACK
6
CONTINUOUS
10
237.4838519999999846
20
-96.5315859999999901
11
237.5144479999999874
21
-96.3777719999999931
0
LINE
8
BLACK
6
CONTINUOUS
10
237.5144479999999874
20
-96.3777719999999931
11
237.5744629999999802
21
-96.2328830000000011
0
LINE
8
BLACK
6
CONTINUOUS
10
237.5744629999999802
20
-96.2328830000000011
11
237.6615919999999846
21
-96.1024850000000015
0
LINE
8
BLACK
6
CONTINUOUS
10
237.6615919999999846
20
-96.1024850000000015
11
237.772484999999989
21
-95.9915919999999971
0
LINE
8
BLACK
6
CONTINUOUS
10
237.772484999999989
20
-95.9915919999999971
11
237.9028830000000028
21
-95.9044629999999927
0
LINE
8
BLACK
6
CONTINUOUS
10
237.9028830000000028
20
-95.9044629999999927
11
238.0477719999999806
21
-95.8444479999999999
0
LINE
8
BLACK
6
CONTINUOUS
10
238.0477719999999806
20
-95.8444479999999999
11
238.2015859999999918
21
-95.8138519999999971
0
LINE
8
BLACK
6
CONTINUOUS
10
238.2015859999999918
20
-95.8138519999999971
11
238.358413999999982
21
-95.8138519999999971
0
LINE
8
BLACK
6
CONTINUOUS
10
238.358413999999982
20
-95.8138519999999971
11
238.5122279999999932
21
-95.8444479999999999
0
LINE
8
BLACK
6
CONTINUOUS
10
230.7011039999999866
20
-95.8771270000000015
11
230.7740989999999783
21
-95.9259009999999961
0
LINE
8
BLACK
6
CONTINUOUS
10
230.7740989999999783
20
-95.9259009999999961
11
230.8228729999999871
21
-95.998896000000002
0
LINE
8
BLACK
6
CONTINUOUS
10
230.8228729999999871
20
-95.998896000000002
11
230.8400000000000034
21
-96.0849999999999937
0
LINE
8
BLACK
6
CONTINUOUS
10
230.8400000000000034
20
-96.0849999999999937
11
230.8400000000000034
21
-97.1349999999999909
0
LINE
8
BLACK
6
CONTINUOUS
10
230.8400000000000034
20
-97.1349999999999909
11
230.8228729999999871
21
-97.2211039999999969
0
LINE
8
BLACK
6
CONTINUOUS
10
230.8228729999999871
20
-97.2211039999999969
11
230.7740989999999783
21
-97.2940989999999886
0
LINE
8
BLACK
6
CONTINUOUS
10
230.7740989999999783
20
-97.2940989999999886
11
230.7011039999999866
21
-97.3428729999999973
0
LINE
8
BLACK
6
CONTINUOUS
10
230.7011039999999866
20
-97.3428729999999973
11
230.6149999999999807
21
-97.3599999999999994
0
LINE
8
BLACK
6
CONTINUOUS
10
230.6149999999999807
20
-97.3599999999999994
11
221.0649999999999977
21
-97.3599999999999994
0
LINE
8
BLACK
6
CONTINUOUS
10
221.0649999999999977
20
-97.3599999999999994
11
220.9788959999999918
21
-97.3428729999999973
0
LINE
8
BLACK
6
CONTINUOUS
10
220.9788959999999918
20
-97.3428729999999973
11
220.9059010000000001
21
-97.2940989999999886
0
LINE
8
BLACK
6
CONTINUOUS
10
220.9059010000000001
20
-97.2940989999999886
11
220.8571269999999913
21
-97.2211039999999969
0
LINE
8
BLACK
6
CONTINUOUS
10
220.8571269999999913
20
-97.2211039999999969
11
220.8400000000000034
21
-97.1349999999999909
0
LINE
8
BLACK
6
CONTINUOUS
10
220.8400000000000034
20
-97.1349999999999909
11
220.8400000000000034
21
-96.0849999999999937
0
LINE
8
BLACK
6
CONTINUOUS
10
220.8400000000000034
20
-96.0849999999999937
11
220.8571269999999913
21
-95.998896000000002
0
LINE
8
BLACK
6
CONTINUOUS
10
220.8571269999999913
20
-95.998896000000002
11
220.9059010000000001
21
-95.9259009999999961
0
LINE
8
BLACK
6
CONTINUOUS
10
220.9059010000000001
20
-95.9259009999999961
11
220.9788959999999918
21
-95.8771270000000015
0
LINE
8
BLACK
6
CONTINUOUS
10
220.9788959999999918
20
-95.8771270000000015
11
221.0649999999999977
21
-95.8599999999999994
0
LINE
8
BLACK
6
CONTINUOUS
10
221.0649999999999977
20
-95.8599999999999994
11
230.6149999999999807
21
-95.8599999999999994
0
LINE
8
BLACK
6
CONTINUOUS
10
230.6149999999999807
20
-95.8599999999999994
11
230.7011039999999866
21
-95.8771270000000015
0
LINE
8
BLACK
6
CONTINUOUS
10
75.6811039999999906
20
-93.9571269999999998
11
75.7540989999999965
21
-94.0059009999999944
0
LINE
8
BLACK
6
CONTINUOUS
10
75.7540989999999965
20
-94.0059009999999944
11
75.8028729999999911
21
-94.0788960000000003
0
LINE
8
BLACK
6
CONTINUOUS
10
75.8028729999999911
20
-94.0788960000000003
11
75.8199999999999932
21
-94.164999999999992
0
LINE
8
BLACK
6
CONTINUOUS
10
75.8199999999999932
20
-94.164999999999992
11
75.8199999999999932
21
-95.2149999999999892
0
LINE
8
BLACK
6
CONTINUOUS
10
75.8199999999999932
20
-95.2149999999999892
11
75.8028729999999911
21
-95.3011039999999952
0
LINE
8
BLACK
6
CONTINUOUS
10
75.8028729999999911
20
-95.3011039999999952
11
75.7540989999999965
21
-95.3740990000000011
0
LINE
8
BLACK
6
CONTINUOUS
10
75.7540989999999965
20
-95.3740990000000011
11
75.6811039999999906
21
-95.4228729999999956
0
LINE
8
BLACK
6
CONTINUOUS
10
75.6811039999999906
20
-95.4228729999999956
11
75.5949999999999989
21
-95.4399999999999977
0
LINE
8
BLACK
6
CONTINUOUS
10
75.5949999999999989
20
-95.4399999999999977
11
66.0450000000000017
21
-95.4399999999999977
0
LINE
8
BLACK
6
CONTINUOUS
10
66.0450000000000017
20
-95.4399999999999977
11
65.9588959999999958
21
-95.4228729999999956
0
LINE
8
BLACK
6
CONTINUOUS
10
65.9588959999999958
20
-95.4228729999999956
11
65.885901000000004
21
-95.3740990000000011
0
LINE
8
BLACK
6
CONTINUOUS
10
65.885901000000004
20
-95.3740990000000011
11
65.8371269999999953
21
-95.3011039999999952
0
LINE
8
BLACK
6
CONTINUOUS
10
65.8371269999999953
20
-95.3011039999999952
11
65.8199999999999932
21
-95.2149999999999892
0
LINE
8
BLACK
6
CONTINUOUS
10
65.8199999999999932
20
-95.2149999999999892
11
65.8199999999999932
21
-94.164999999999992
0
LINE
8
BLACK
6
CONTINUOUS
10
65.8199999999999932
20
-94.164999999999992
11
65.8371269999999953
21
-94.0788960000000003
0
LINE
8
BLACK
6
CONTINUOUS
10
65.8371269999999953
20
-94.0788960000000003
11
65.885901000000004
21
-94.0059009999999944
0
LINE
8
BLACK
6
CONTINUOUS
10
65.885901000000004
20
-94.0059009999999944
11
65.9588959999999958
21
-93.9571269999999998
0
LINE
8
BLACK
6
CONTINUOUS
10
65.9588959999999958
20
-93.9571269999999998
11
66.0450000000000017
21
-93.9399999999999977
0
LINE
8
BLACK
6
CONTINUOUS
10
66.0450000000000017
20
-93.9399999999999977
11
75.5949999999999989
21
-93.9399999999999977
0
LINE
8
BLACK
6
CONTINUOUS
10
75.5949999999999989
20
-93.9399999999999977
11
75.6811039999999906
21
-93.9571269999999998
0
LINE
8
BLACK
6
CONTINUOUS
10
105.6811039999999906
20
-93.9571269999999998
11
105.7540989999999965
21
-94.0059009999999944
0
LINE
8
BLACK
6
CONTINUOUS
10
105.7540989999999965
20
-94.0059009999999944
11
105.8028729999999911
21
-94.0788960000000003
0
LINE
8
BLACK
6
CONTINUOUS
10
105.8028729999999911
20
-94.0788960000000003
11
105.8199999999999932
21
-94.164999999999992
0
LINE
8
BLACK
6
CONTINUOUS
10
105.8199999999999932
20
-94.164999999999992
11
105.8199999999999932
21
-95.2149999999999892
0
LINE
8
BLACK
6
CONTINUOUS
10
105.8199999999999932
20
-95.2149999999999892
11
105.8028729999999911
21
-95.3011039999999952
0
LINE
8
BLACK
6
CONTINUOUS
10
105.8028729999999911
20
-95.3011039999999952
11
105.7540989999999965
21
-95.3740990000000011
0
LINE
8
BLACK
6
CONTINUOUS
10
105.7540989999999965
20
-95.3740990000000011
11
105.6811039999999906
21
-95.4228729999999956
0
LINE
8
BLACK
6
CONTINUOUS
10
105.6811039999999906
20
-95.4228729999999956
11
105.5949999999999989
21
-95.4399999999999977
0
LINE
8
BLACK
6
CONTINUOUS
10
105.5949999999999989
20
-95.4399999999999977
11
96.0450000000000017
21
-95.4399999999999977
0
LINE
8
BLACK
6
CONTINUOUS
10
96.0450000000000017
20
-95.4399999999999977
11
95.9588959999999958
21
-95.4228729999999956
0
LINE
8
BLACK
6
CONTINUOUS
10
95.9588959999999958
20
-95.4228729999999956
11
95.8859009999999898
21
-95.3740990000000011
0
LINE
8
BLACK
6
CONTINUOUS
10
95.8859009999999898
20
-95.3740990000000011
11
95.8371269999999953
21
-95.3011039999999952
0
LINE
8
BLACK
6
CONTINUOUS
10
95.8371269999999953
20
-95.3011039999999952
11
95.8199999999999932
21
-95.2149999999999892
0
LINE
8
BLACK
6
CONTINUOUS
10
95.8199999999999932
20
-95.2149999999999892
11
95.8199999999999932
21
-94.164999999999992
0
LINE
8
BLACK
6
CONTINUOUS
10
95.8199999999999932
20
-94.164999999999992
11
95.8371269999999953
21
-94.0788960000000003
0
LINE
8
BLACK
6
CONTINUOUS
10
95.8371269999999953
20
-94.0788960000000003
11
95.8859009999999898
21
-94.0059009999999944
0
LINE
8
BLACK
6
CONTINUOUS
10
95.8859009999999898
20
-94.0059009999999944
11
95.9588959999999958
21
-93.9571269999999998
0
LINE
8
BLACK
6
CONTINUOUS
10
95.9588959999999958
20
-93.9571269999999998
11
96.0450000000000017
21
-93.9399999999999977
0
LINE
8
BLACK
6
CONTINUOUS
10
96.0450000000000017
20
-93.9399999999999977
11
105.5949999999999989
21
-93.9399999999999977
0
LINE
8
BLACK
6
CONTINUOUS
10
105.5949999999999989
20
-93.9399999999999977
11
105.6811039999999906
21
-93.9571269999999998
0
LINE
8
BLACK
6
CONTINUOUS
10
154.501103999999998
20
-93.9571269999999998
11
154.5740989999999897
21
-94.0059009999999944
0
LINE
8
BLACK
6
CONTINUOUS
10
154.5740989999999897
20
-94.0059009999999944
11
154.6228729999999985
21
-94.0788960000000003
0
LINE
8
BLACK
6
CONTINUOUS
10
154.6228729999999985
20
-94.0788960000000003
11
154.6399999999999864
21
-94.164999999999992
0
LINE
8
BLACK
6
CONTINUOUS
10
154.6399999999999864
20
-94.164999999999992
11
154.6399999999999864
21
-95.2149999999999892
0
LINE
8
BLACK
6
CONTINUOUS
10
154.6399999999999864
20
-95.2149999999999892
11
154.6228729999999985
21
-95.3011039999999952
0
LINE
8
BLACK
6
CONTINUOUS
10
154.6228729999999985
20
-95.3011039999999952
11
154.5740989999999897
21
-95.3740990000000011
0
LINE
8
BLACK
6
CONTINUOUS
10
154.5740989999999897
20
-95.3740990000000011
11
154.501103999999998
21
-95.4228729999999956
0
LINE
8
BLACK
6
CONTINUOUS
10
154.501103999999998
20
-95.4228729999999956
11
154.414999999999992
21
-95.4399999999999977
0
LINE
8
BLACK
6
CONTINUOUS
10
154.414999999999992
20
-95.4399999999999977
11
144.8649999999999807
21
-95.4399999999999977
0
LINE
8
BLACK
6
CONTINUOUS
10
144.8649999999999807
20
-95.4399999999999977
11
144.7788960000000031
21
-95.4228729999999956
0
LINE
8
BLACK
6
CONTINUOUS
10
144.7788960000000031
20
-95.4228729999999956
11
144.705900999999983
21
-95.3740990000000011
0
LINE
8
BLACK
6
CONTINUOUS
10
144.705900999999983
20
-95.3740990000000011
11
144.6571270000000027
21
-95.3011039999999952
0
LINE
8
BLACK
6
CONTINUOUS
10
144.6571270000000027
20
-95.3011039999999952
11
144.6399999999999864
21
-95.2149999999999892
0
LINE
8
BLACK
6
CONTINUOUS
10
144.6399999999999864
20
-95.2149999999999892
11
144.6399999999999864
21
-94.164999999999992
0
LINE
8
BLACK
6
CONTINUOUS
10
144.6399999999999864
20
-94.164999999999992
11
144.6571270000000027
21
-94.0788960000000003
0
LINE
8
BLACK
6
CONTINUOUS
10
144.6571270000000027
20
-94.0788960000000003
11
144.705900999999983
21
-94.0059009999999944
0
LINE
8
BLACK
6
CONTINUOUS
10
144.705900999999983
20
-94.0059009999999944
11
144.7788960000000031
21
-93.9571269999999998
0
LINE
8
BLACK
6
CONTINUOUS
10
144.7788960000000031
20
-93.9571269999999998
11
144.8649999999999807
21
-93.9399999999999977
0
LINE
8
BLACK
6
CONTINUOUS
10
144.8649999999999807
20
-93.9399999999999977
11
154.414999999999992
21
-93.9399999999999977
0
LINE
8
BLACK
6
CONTINUOUS
10
154.414999999999992
20
-93.9399999999999977
11
154.501103999999998
21
-93.9571269999999998
0
LINE
8
BLACK
6
CONTINUOUS
10
184.501103999999998
20
-93.9571269999999998
11
184.5740989999999897
21
-94.0059009999999944
0
LINE
8
BLACK
6
CONTINUOUS
10
184.5740989999999897
20
-94.0059009999999944
11
184.6228729999999985
21
-94.0788960000000003
0
LINE
8
BLACK
6
CONTINUOUS
10
184.6228729999999985
20
-94.0788960000000003
11
184.6399999999999864
21
-94.164999999999992
0
LINE
8
BLACK
6
CONTINUOUS
10
184.6399999999999864
20
-94.164999999999992
11
184.6399999999999864
21
-95.2149999999999892
0
LINE
8
BLACK
6
CONTINUOUS
10
184.6399999999999864
20
-95.2149999999999892
11
184.6228729999999985
21
-95.3011039999999952
0
LINE
8
BLACK
6
CONTINUOUS
10
184.6228729999999985
20
-95.3011039999999952
11
184.5740989999999897
21
-95.3740990000000011
0
LINE
8
BLACK
6
CONTINUOUS
10
184.5740989999999897
20
-95.3740990000000011
11
184.501103999999998
21
-95.4228729999999956
0
LINE
8
BLACK
6
CONTINUOUS
10
184.501103999999998
20
-95.4228729999999956
11
184.414999999999992
21
-95.4399999999999977
0
LINE
8
BLACK
6
CONTINUOUS
10
184.414999999999992
20
-95.4399999999999977
11
174.8649999999999807
21
-95.4399999999999977
0
LINE
8
BLACK
6
CONTINUOUS
10
174.8649999999999807
20
-95.4399999999999977
11
174.7788960000000031
21
-95.4228729999999956
0
LINE
8
BLACK
6
CONTINUOUS
10
174.7788960000000031
20
-95.4228729999999956
11
174.705900999999983
21
-95.3740990000000011
0
LINE
8
BLACK
6
CONTINUOUS
10
174.705900999999983
20
-95.3740990000000011
11
174.6571270000000027
21
-95.3011039999999952
0
LINE
8
BLACK
6
CONTINUOUS
10
174.6571270000000027
20
-95.3011039999999952
11
174.6399999999999864
21
-95.2149999999999892
0
LINE
8
BLACK
6
CONTINUOUS
10
174.6399999999999864
20
-95.2149999999999892
11
174.6399999999999864
21
-94.164999999999992
0
LINE
8
BLACK
6
CONTINUOUS
10
174.6399999999999864
20
-94.164999999999992
11
174.6571270000000027
21
-94.0788960000000003
0
LINE
8
BLACK
6
CONTINUOUS
10
174.6571270000000027
20
-94.0788960000000003
11
174.705900999999983
21
-94.0059009999999944
0
LINE
8
BLACK
6
CONTINUOUS
10
174.705900999999983
20
-94.0059009999999944
11
174.7788960000000031
21
-93.9571269999999998
0
LINE
8
BLACK
6
CONTINUOUS
10
174.7788960000000031
20
-93.9571269999999998
11
174.8649999999999807
21
-93.9399999999999977
0
LINE
8
BLACK
6
CONTINUOUS
10
174.8649999999999807
20
-93.9399999999999977
11
184.414999999999992
21
-93.9399999999999977
0
LINE
8
BLACK
6
CONTINUOUS
10
184.414999999999992
20
-93.9399999999999977
11
184.501103999999998
21
-93.9571269999999998
0
LINE
8
BLACK
6
CONTINUOUS
10
230.7011039999999866
20
-93.3371269999999953
11
230.7740989999999783
21
-93.3859009999999898
0
LINE
8
BLACK
6
CONTINUOUS
10
230.7740989999999783
20
-93.3859009999999898
11
230.8228729999999871
21
-93.4588959999999958
0
LINE
8
BLACK
6
CONTINUOUS
10
230.8228729999999871
20
-93.4588959999999958
11
230.8400000000000034
21
-93.5450000000000017
0
LINE
8
BLACK
6
CONTINUOUS
10
230.8400000000000034
20
-93.5450000000000017
11
230.8400000000000034
21
-94.5949999999999989
0
LINE
8
BLACK
6
CONTINUOUS
10
230.8400000000000034
20
-94.5949999999999989
11
230.8228729999999871
21
-94.6811039999999906
0
LINE
8
BLACK
6
CONTINUOUS
10
230.8228729999999871
20
-94.6811039999999906
11
230.7740989999999783
21
-94.7540989999999965
0
LINE
8
BLACK
6
CONTINUOUS
10
230.7740989999999783
20
-94.7540989999999965
11
230.7011039999999866
21
-94.8028729999999911
0
LINE
8
BLACK
6
CONTINUOUS
10
230.7011039999999866
20
-94.8028729999999911
11
230.6149999999999807
21
-94.8199999999999932
0
LINE
8
BLACK
6
CONTINUOUS
10
230.6149999999999807
20
-94.8199999999999932
11
221.0649999999999977
21
-94.8199999999999932
0
LINE
8
BLACK
6
CONTINUOUS
10
221.0649999999999977
20
-94.8199999999999932
11
220.9788959999999918
21
-94.8028729999999911
0
LINE
8
BLACK
6
CONTINUOUS
10
220.9788959999999918
20
-94.8028729999999911
11
220.9059010000000001
21
-94.7540989999999965
0
LINE
8
BLACK
6
CONTINUOUS
10
220.9059010000000001
20
-94.7540989999999965
11
220.8571269999999913
21
-94.6811039999999906
0
LINE
8
BLACK
6
CONTINUOUS
10
220.8571269999999913
20
-94.6811039999999906
11
220.8400000000000034
21
-94.5949999999999989
0
LINE
8
BLACK
6
CONTINUOUS
10
220.8400000000000034
20
-94.5949999999999989
11
220.8400000000000034
21
-93.5450000000000017
0
LINE
8
BLACK
6
CONTINUOUS
10
220.8400000000000034
20
-93.5450000000000017
11
220.8571269999999913
21
-93.4588959999999958
0
LINE
8
BLACK
6
CONTINUOUS
10
220.8571269999999913
20
-93.4588959999999958
11
220.9059010000000001
21
-93.3859009999999898
0
LINE
8
BLACK
6
CONTINUOUS
10
220.9059010000000001
20
-93.3859009999999898
11
220.9788959999999918
21
-93.3371269999999953
0
LINE
8
BLACK
6
CONTINUOUS
10
220.9788959999999918
20
-93.3371269999999953
11
221.0649999999999977
21
-93.3199999999999932
0
LINE
8
BLACK
6
CONTINUOUS
10
221.0649999999999977
20
-93.3199999999999932
11
230.6149999999999807
21
-93.3199999999999932
0
LINE
8
BLACK
6
CONTINUOUS
10
230.6149999999999807
20
-93.3199999999999932
11
230.7011039999999866
21
-93.3371269999999953
0
LINE
8
BLACK
6
CONTINUOUS
10
247.2532279999999787
20
-92.9054479999999927
11
247.398116999999985
21
-92.9654629999999997
0
LINE
8
BLACK
6
CONTINUOUS
10
247.398116999999985
20
-92.9654629999999997
11
247.5285149999999987
21
-93.05259199999999
0
LINE
8
BLACK
6
CONTINUOUS
10
247.5285149999999987
20
-93.05259199999999
11
247.6394079999999747
21
-93.1634849999999943
0
LINE
8
BLACK
6
CONTINUOUS
10
247.6394079999999747
20
-93.1634849999999943
11
247.7265369999999791
21
-93.2938829999999939
0
LINE
8
BLACK
6
CONTINUOUS
10
247.7265369999999791
20
-93.2938829999999939
11
247.7865520000000004
21
-93.4387720000000002
0
LINE
8
BLACK
6
CONTINUOUS
10
247.7865520000000004
20
-93.4387720000000002
11
247.8171479999999747
21
-93.5925859999999972
0
LINE
8
BLACK
6
CONTINUOUS
10
247.8171479999999747
20
-93.5925859999999972
11
247.8171479999999747
21
-93.7494140000000016
0
LINE
8
BLACK
6
CONTINUOUS
10
247.8171479999999747
20
-93.7494140000000016
11
247.7865520000000004
21
-93.9032279999999986
0
LINE
8
BLACK
6
CONTINUOUS
10
247.7865520000000004
20
-93.9032279999999986
11
247.7265369999999791
21
-94.0481169999999906
0
LINE
8
BLACK
6
CONTINUOUS
10
247.7265369999999791
20
-94.0481169999999906
11
247.6394079999999747
21
-94.1785149999999902
0
LINE
8
BLACK
6
CONTINUOUS
10
247.6394079999999747
20
-94.1785149999999902
11
247.5285149999999987
21
-94.2894079999999946
0
LINE
8
BLACK
6
CONTINUOUS
10
247.5285149999999987
20
-94.2894079999999946
11
247.398116999999985
21
-94.376536999999999
0
LINE
8
BLACK
6
CONTINUOUS
10
247.398116999999985
20
-94.376536999999999
11
247.2532279999999787
21
-94.4365519999999918
0
LINE
8
BLACK
6
CONTINUOUS
10
247.2532279999999787
20
-94.4365519999999918
11
247.0994139999999959
21
-94.4671479999999946
0
LINE
8
BLACK
6
CONTINUOUS
10
247.0994139999999959
20
-94.4671479999999946
11
246.9425859999999773
21
-94.4671479999999946
0
LINE
8
BLACK
6
CONTINUOUS
10
246.9425859999999773
20
-94.4671479999999946
11
246.7887719999999945
21
-94.4365519999999918
0
LINE
8
BLACK
6
CONTINUOUS
10
246.7887719999999945
20
-94.4365519999999918
11
246.6438829999999882
21
-94.376536999999999
0
LINE
8
BLACK
6
CONTINUOUS
10
246.6438829999999882
20
-94.376536999999999
11
246.5134850000000029
21
-94.2894079999999946
0
LINE
8
BLACK
6
CONTINUOUS
10
246.5134850000000029
20
-94.2894079999999946
11
246.4025919999999985
21
-94.1785149999999902
0
LINE
8
BLACK
6
CONTINUOUS
10
246.4025919999999985
20
-94.1785149999999902
11
246.3154629999999941
21
-94.0481169999999906
0
LINE
8
BLACK
6
CONTINUOUS
10
246.3154629999999941
20
-94.0481169999999906
11
246.2554480000000012
21
-93.9032279999999986
0
LINE
8
BLACK
6
CONTINUOUS
10
246.2554480000000012
20
-93.9032279999999986
11
246.2248519999999985
21
-93.7494140000000016
0
LINE
8
BLACK
6
CONTINUOUS
10
246.2248519999999985
20
-93.7494140000000016
11
246.2248519999999985
21
-93.5925859999999972
0
LINE
8
BLACK
6
CONTINUOUS
10
246.2248519999999985
20
-93.5925859999999972
11
246.2554480000000012
21
-93.4387720000000002
0
LINE
8
BLACK
6
CONTINUOUS
10
246.2554480000000012
20
-93.4387720000000002
11
246.3154629999999941
21
-93.2938829999999939
0
LINE
8
BLACK
6
CONTINUOUS
10
246.3154629999999941
20
-93.2938829999999939
11
246.4025919999999985
21
-93.1634849999999943
0
LINE
8
BLACK
6
CONTINUOUS
10
246.4025919999999985
20
-93.1634849999999943
11
246.5134850000000029
21
-93.05259199999999
0
LINE
8
BLACK
6
CONTINUOUS
10
246.5134850000000029
20
-93.05259199999999
11
246.6438829999999882
21
-92.9654629999999997
0
LINE
8
BLACK
6
CONTINUOUS
10
246.6438829999999882
20
-92.9654629999999997
11
246.7887719999999945
21
-92.9054479999999927
0
LINE
8
BLACK
6
CONTINUOUS
10
246.7887719999999945
20
-92.9054479999999927
11
246.9425859999999773
21
-92.87485199999999
0
LINE
8
BLACK
6
CONTINUOUS
10
246.9425859999999773
20
-92.87485199999999
11
247.0994139999999959
21
-92.87485199999999
0
LINE
8
BLACK
6
CONTINUOUS
10
247.0994139999999959
20
-92.87485199999999
11
247.2532279999999787
21
-92.9054479999999927
0
LINE
8
BLACK
6
CONTINUOUS
10
59.1832279999999997
20
-88.8444479999999999
11
59.3281169999999989
21
-88.9044629999999927
0
LINE
8
BLACK
6
CONTINUOUS
10
59.3281169999999989
20
-88.9044629999999927
11
59.4585149999999985
21
-88.9915919999999971
0
LINE
8
BLACK
6
CONTINUOUS
10
59.4585149999999985
20
-88.9915919999999971
11
59.5694079999999957
21
-89.1024850000000015
0
LINE
8
BLACK
6
CONTINUOUS
10
59.5694079999999957
20
-89.1024850000000015
11
59.6565370000000001
21
-89.2328830000000011
0
LINE
8
BLACK
6
CONTINUOUS
10
59.6565370000000001
20
-89.2328830000000011
11
59.7165520000000001
21
-89.3777719999999931
0
LINE
8
BLACK
6
CONTINUOUS
10
59.7165520000000001
20
-89.3777719999999931
11
59.7471479999999957
21
-89.5315859999999901
0
LINE
8
BLACK
6
CONTINUOUS
10
59.7471479999999957
20
-89.5315859999999901
11
59.7471479999999957
21
-89.6884139999999945
0
LINE
8
BLACK
6
CONTINUOUS
10
59.7471479999999957
20
-89.6884139999999945
11
59.7165520000000001
21
-89.8422279999999915
0
LINE
8
BLACK
6
CONTINUOUS
10
59.7165520000000001
20
-89.8422279999999915
11
59.6565370000000001
21
-89.9871169999999978
0
LINE
8
BLACK
6
CONTINUOUS
10
59.6565370000000001
20
-89.9871169999999978
11
59.5694079999999957
21
-90.1175149999999974
0
LINE
8
BLACK
6
CONTINUOUS
10
59.5694079999999957
20
-90.1175149999999974
11
59.4585149999999985
21
-90.2284080000000017
0
LINE
8
BLACK
6
CONTINUOUS
10
59.4585149999999985
20
-90.2284080000000017
11
59.3281169999999989
21
-90.315536999999992
0
LINE
8
BLACK
6
CONTINUOUS
10
59.3281169999999989
20
-90.315536999999992
11
59.1832279999999997
21
-90.375551999999999
0
LINE
8
BLACK
6
CONTINUOUS
10
59.1832279999999997
20
-90.375551999999999
11
59.0294139999999956
21
-90.4061480000000017
0
LINE
8
BLACK
6
CONTINUOUS
10
59.0294139999999956
20
-90.4061480000000017
11
58.8725859999999983
21
-90.4061480000000017
0
LINE
8
BLACK
6
CONTINUOUS
10
58.8725859999999983
20
-90.4061480000000017
11
58.7187719999999942
21
-90.375551999999999
0
LINE
8
BLACK
6
CONTINUOUS
10
58.7187719999999942
20
-90.375551999999999
11
58.6812259999999952
21
-90.3599999999999994
0
LINE
8
BLACK
6
CONTINUOUS
10
58.6812259999999952
20
-90.3599999999999994
11
57.9686599999999999
21
-90.3599999999999994
0
LINE
8
BLACK
6
CONTINUOUS
10
57.9686599999999999
20
-90.3599999999999994
11
55.0700889999999958
21
-93.2585699999999918
0
LINE
8
BLACK
6
CONTINUOUS
10
55.0700889999999958
20
-93.2585699999999918
11
55.0545369999999963
21
-93.2961169999999953
0
LINE
8
BLACK
6
CONTINUOUS
10
55.0545369999999963
20
-93.2961169999999953
11
54.9674079999999989
21
-93.4265149999999949
0
LINE
8
BLACK
6
CONTINUOUS
10
54.9674079999999989
20
-93.4265149999999949
11
54.8565149999999946
21
-93.5374079999999992
0
LINE
8
BLACK
6
CONTINUOUS
10
54.8565149999999946
20
-93.5374079999999992
11
54.726116999999995
21
-93.6245369999999895
0
LINE
8
BLACK
6
CONTINUOUS
10
54.726116999999995
20
-93.6245369999999895
11
54.5812279999999959
21
-93.6845519999999965
0
LINE
8
BLACK
6
CONTINUOUS
10
54.5812279999999959
20
-93.6845519999999965
11
54.4274139999999989
21
-93.7151479999999992
0
LINE
8
BLACK
6
CONTINUOUS
10
54.4274139999999989
20
-93.7151479999999992
11
54.2705859999999944
21
-93.7151479999999992
0
LINE
8
BLACK
6
CONTINUOUS
10
54.2705859999999944
20
-93.7151479999999992
11
54.1167719999999974
21
-93.6845519999999965
0
LINE
8
BLACK
6
CONTINUOUS
10
54.1167719999999974
20
-93.6845519999999965
11
53.9718829999999983
21
-93.6245369999999895
0
LINE
8
BLACK
6
CONTINUOUS
10
53.9718829999999983
20
-93.6245369999999895
11
53.8414849999999987
21
-93.5374079999999992
0
LINE
8
BLACK
6
CONTINUOUS
10
53.8414849999999987
20
-93.5374079999999992
11
53.7305919999999944
21
-93.4265149999999949
0
LINE
8
BLACK
6
CONTINUOUS
10
53.7305919999999944
20
-93.4265149999999949
11
53.643462999999997
21
-93.2961169999999953
0
LINE
8
BLACK
6
CONTINUOUS
10
53.643462999999997
20
-93.2961169999999953
11
53.5834479999999971
21
-93.151227999999989
0
LINE
8
BLACK
6
CONTINUOUS
10
53.5834479999999971
20
-93.151227999999989
11
53.5528519999999943
21
-92.997413999999992
0
LINE
8
BLACK
6
CONTINUOUS
10
53.5528519999999943
20
-92.997413999999992
11
53.5528519999999943
21
-92.8405860000000018
0
LINE
8
BLACK
6
CONTINUOUS
10
53.5528519999999943
20
-92.8405860000000018
11
53.5834479999999971
21
-92.6867719999999906
0
LINE
8
BLACK
6
CONTINUOUS
10
53.5834479999999971
20
-92.6867719999999906
11
53.643462999999997
21
-92.5418829999999986
0
LINE
8
BLACK
6
CONTINUOUS
10
53.643462999999997
20
-92.5418829999999986
11
53.7305919999999944
21
-92.411484999999999
0
LINE
8
BLACK
6
CONTINUOUS
10
53.7305919999999944
20
-92.411484999999999
11
53.8414849999999987
21
-92.3005919999999946
0
LINE
8
BLACK
6
CONTINUOUS
10
53.8414849999999987
20
-92.3005919999999946
11
53.9718829999999983
21
-92.2134629999999902
0
LINE
8
BLACK
6
CONTINUOUS
10
53.9718829999999983
20
-92.2134629999999902
11
54.0094289999999972
21
-92.1979099999999931
0
LINE
8
BLACK
6
CONTINUOUS
10
54.0094289999999972
20
-92.1979099999999931
11
57.1276699999999948
21
-89.079669999999993
0
LINE
8
BLACK
6
CONTINUOUS
10
57.1276699999999948
20
-89.079669999999993
11
57.1822049999999962
21
-89.0302420000000012
0
LINE
8
BLACK
6
CONTINUOUS
10
57.1822049999999962
20
-89.0302420000000012
11
57.2400489999999991
21
-88.9915919999999971
0
LINE
8
BLACK
6
CONTINUOUS
10
57.2400489999999991
20
-88.9915919999999971
11
57.3044519999999977
21
-88.948559000000003
0
LINE
8
BLACK
6
CONTINUOUS
10
57.3044519999999977
20
-88.948559000000003
11
57.360716999999994
21
-88.9252529999999979
0
LINE
8
BLACK
6
CONTINUOUS
10
57.360716999999994
20
-88.9252529999999979
11
57.4402869999999979
21
-88.8922939999999926
0
LINE
8
BLACK
6
CONTINUOUS
10
57.4402869999999979
20
-88.8922939999999926
11
57.5844869999999958
21
-88.8636109999999917
0
LINE
8
BLACK
6
CONTINUOUS
10
57.5844869999999958
20
-88.8636109999999917
11
57.6579999999999941
21
-88.8599999999999994
0
LINE
8
BLACK
6
CONTINUOUS
10
57.6579999999999941
20
-88.8599999999999994
11
58.6812259999999952
21
-88.8599999999999994
0
LINE
8
BLACK
6
CONTINUOUS
10
58.6812259999999952
20
-88.8599999999999994
11
58.7187719999999942
21
-88.8444479999999999
0
LINE
8
BLACK
6
CONTINUOUS
10
58.7187719999999942
20
-88.8444479999999999
11
58.8725859999999983
21
-88.8138519999999971
0
LINE
8
BLACK
6
CONTINUOUS
10
58.8725859999999983
20
-88.8138519999999971
11
59.0294139999999956
21
-88.8138519999999971
0
LINE
8
BLACK
6
CONTINUOUS
10
59.0294139999999956
20
-88.8138519999999971
11
59.1832279999999997
21
-88.8444479999999999
0
LINE
8
BLACK
6
CONTINUOUS
10
54.5722279999999955
20
-85.5744479999999896
11
54.7171169999999947
21
-85.6344629999999967
0
LINE
8
BLACK
6
CONTINUOUS
10
54.7171169999999947
20
-85.6344629999999967
11
54.8475149999999942
21
-85.7215920000000011
0
LINE
8
BLACK
6
CONTINUOUS
10
54.8475149999999942
20
-85.7215920000000011
11
54.9584079999999986
21
-85.8324849999999913
0
LINE
8
BLACK
6
CONTINUOUS
10
54.9584079999999986
20
-85.8324849999999913
11
55.0455369999999959
21
-85.9628829999999908
0
LINE
8
BLACK
6
CONTINUOUS
10
55.0455369999999959
20
-85.9628829999999908
11
55.0610889999999955
21
-86.0004289999999969
0
LINE
8
BLACK
6
CONTINUOUS
10
55.0610889999999955
20
-86.0004289999999969
11
55.6196599999999961
21
-86.5589999999999975
0
LINE
8
BLACK
6
CONTINUOUS
10
55.6196599999999961
20
-86.5589999999999975
11
59.9041049999999942
21
-86.5589999999999975
0
LINE
8
BLACK
6
CONTINUOUS
10
59.9041049999999942
20
-86.5589999999999975
11
59.9776179999999997
21
-86.5626109999999898
0
LINE
8
BLACK
6
CONTINUOUS
10
59.9776179999999997
20
-86.5626109999999898
11
60.1218179999999975
21
-86.5912939999999907
0
LINE
8
BLACK
6
CONTINUOUS
10
60.1218179999999975
20
-86.5912939999999907
11
60.1801419999999965
21
-86.6154530000000022
0
LINE
8
BLACK
6
CONTINUOUS
10
60.1801419999999965
20
-86.6154530000000022
11
60.2576529999999977
21
-86.6475590000000011
0
LINE
8
BLACK
6
CONTINUOUS
10
60.2576529999999977
20
-86.6475590000000011
11
60.3318499999999958
21
-86.6971360000000004
0
LINE
8
BLACK
6
CONTINUOUS
10
60.3318499999999958
20
-86.6971360000000004
11
60.3798999999999992
21
-86.7292419999999993
0
LINE
8
BLACK
6
CONTINUOUS
10
60.3798999999999992
20
-86.7292419999999993
11
60.4344350000000006
21
-86.7786699999999911
0
LINE
8
BLACK
6
CONTINUOUS
10
60.4344350000000006
20
-86.7786699999999911
11
61.7823299999999946
21
-88.1265649999999994
0
LINE
8
BLACK
6
CONTINUOUS
10
61.7823299999999946
20
-88.1265649999999994
11
61.8317580000000007
21
-88.1811000000000007
0
LINE
8
BLACK
6
CONTINUOUS
10
61.8317580000000007
20
-88.1811000000000007
11
61.9134409999999988
21
-88.3033470000000023
0
LINE
8
BLACK
6
CONTINUOUS
10
61.9134409999999988
20
-88.3033470000000023
11
61.9697049999999976
21
-88.4391809999999907
0
LINE
8
BLACK
6
CONTINUOUS
10
61.9697049999999976
20
-88.4391809999999907
11
61.998388999999996
21
-88.5833820000000003
0
LINE
8
BLACK
6
CONTINUOUS
10
61.998388999999996
20
-88.5833820000000003
11
62.0019999999999953
21
-88.6568949999999916
0
LINE
8
BLACK
6
CONTINUOUS
10
62.0019999999999953
20
-88.6568949999999916
11
62.0019999999999953
21
-90.3923399999999901
0
LINE
8
BLACK
6
CONTINUOUS
10
62.0019999999999953
20
-90.3923399999999901
11
63.03857
21
-91.4289100000000019
0
LINE
8
BLACK
6
CONTINUOUS
10
63.03857
20
-91.4289100000000019
11
63.0761169999999964
21
-91.4444629999999989
0
LINE
8
BLACK
6
CONTINUOUS
10
63.0761169999999964
20
-91.4444629999999989
11
63.206514999999996
21
-91.5315919999999892
0
LINE
8
BLACK
6
CONTINUOUS
10
63.206514999999996
20
-91.5315919999999892
11
63.3174080000000004
21
-91.6424849999999935
0
LINE
8
BLACK
6
CONTINUOUS
10
63.3174080000000004
20
-91.6424849999999935
11
63.4045369999999977
21
-91.7728829999999931
0
LINE
8
BLACK
6
CONTINUOUS
10
63.4045369999999977
20
-91.7728829999999931
11
63.4645519999999976
21
-91.9177719999999994
0
LINE
8
BLACK
6
CONTINUOUS
10
63.4645519999999976
20
-91.9177719999999994
11
63.4951480000000004
21
-92.0715859999999964
0
LINE
8
BLACK
6
CONTINUOUS
10
63.4951480000000004
20
-92.0715859999999964
11
63.4951480000000004
21
-92.2284140000000008
0
LINE
8
BLACK
6
CONTINUOUS
10
63.4951480000000004
20
-92.2284140000000008
11
63.4645519999999976
21
-92.3822279999999978
0
LINE
8
BLACK
6
CONTINUOUS
10
63.4645519999999976
20
-92.3822279999999978
11
63.4045369999999977
21
-92.5271169999999898
0
LINE
8
BLACK
6
CONTINUOUS
10
63.4045369999999977
20
-92.5271169999999898
11
63.3174080000000004
21
-92.6575149999999894
0
LINE
8
BLACK
6
CONTINUOUS
10
63.3174080000000004
20
-92.6575149999999894
11
63.206514999999996
21
-92.7684079999999938
0
LINE
8
BLACK
6
CONTINUOUS
10
63.206514999999996
20
-92.7684079999999938
11
63.0761169999999964
21
-92.8555369999999982
0
LINE
8
BLACK
6
CONTINUOUS
10
63.0761169999999964
20
-92.8555369999999982
11
62.9312279999999973
21
-92.915551999999991
0
LINE
8
BLACK
6
CONTINUOUS
10
62.9312279999999973
20
-92.915551999999991
11
62.7774140000000003
21
-92.9461479999999938
0
LINE
8
BLACK
6
CONTINUOUS
10
62.7774140000000003
20
-92.9461479999999938
11
62.6205859999999959
21
-92.9461479999999938
0
LINE
8
BLACK
6
CONTINUOUS
10
62.6205859999999959
20
-92.9461479999999938
11
62.4667719999999989
21
-92.915551999999991
0
LINE
8
BLACK
6
CONTINUOUS
10
62.4667719999999989
20
-92.915551999999991
11
62.3218829999999997
21
-92.8555369999999982
0
LINE
8
BLACK
6
CONTINUOUS
10
62.3218829999999997
20
-92.8555369999999982
11
62.1914850000000001
21
-92.7684079999999938
0
LINE
8
BLACK
6
CONTINUOUS
10
62.1914850000000001
20
-92.7684079999999938
11
62.0805919999999958
21
-92.6575149999999894
0
LINE
8
BLACK
6
CONTINUOUS
10
62.0805919999999958
20
-92.6575149999999894
11
61.9934629999999984
21
-92.5271169999999898
0
LINE
8
BLACK
6
CONTINUOUS
10
61.9934629999999984
20
-92.5271169999999898
11
61.9779099999999943
21
-92.4895700000000005
0
LINE
8
BLACK
6
CONTINUOUS
10
61.9779099999999943
20
-92.4895700000000005
11
60.721669999999996
21
-91.2333299999999952
0
LINE
8
BLACK
6
CONTINUOUS
10
60.721669999999996
20
-91.2333299999999952
11
60.6722419999999971
21
-91.1787949999999938
0
LINE
8
BLACK
6
CONTINUOUS
10
60.6722419999999971
20
-91.1787949999999938
11
60.6549279999999982
21
-91.1528830000000028
0
LINE
8
BLACK
6
CONTINUOUS
10
60.6549279999999982
20
-91.1528830000000028
11
60.5905589999999989
21
-91.0565479999999923
0
LINE
8
BLACK
6
CONTINUOUS
10
60.5905589999999989
20
-91.0565479999999923
11
60.5672529999999938
21
-91.000282999999996
0
LINE
8
BLACK
6
CONTINUOUS
10
60.5672529999999938
20
-91.000282999999996
11
60.5342939999999956
21
-90.9207129999999921
0
LINE
8
BLACK
6
CONTINUOUS
10
60.5342939999999956
20
-90.9207129999999921
11
60.5056109999999947
21
-90.7765129999999942
0
LINE
8
BLACK
6
CONTINUOUS
10
60.5056109999999947
20
-90.7765129999999942
11
60.5019999999999953
21
-90.703000000000003
0
LINE
8
BLACK
6
CONTINUOUS
10
60.5019999999999953
20
-90.703000000000003
11
60.5019999999999953
21
-88.9675549999999902
0
LINE
8
BLACK
6
CONTINUOUS
10
60.5019999999999953
20
-88.9675549999999902
11
59.5934449999999956
21
-88.0589999999999975
0
LINE
8
BLACK
6
CONTINUOUS
10
59.5934449999999956
20
-88.0589999999999975
11
55.3089999999999975
21
-88.0589999999999975
0
LINE
8
BLACK
6
CONTINUOUS
10
55.3089999999999975
20
-88.0589999999999975
11
55.2354869999999991
21
-88.055388999999991
0
LINE
8
BLACK
6
CONTINUOUS
10
55.2354869999999991
20
-88.055388999999991
11
55.0912869999999941
21
-88.0267059999999901
0
LINE
8
BLACK
6
CONTINUOUS
10
55.0912869999999941
20
-88.0267059999999901
11
54.9843989999999962
21
-87.9824309999999912
0
LINE
8
BLACK
6
CONTINUOUS
10
54.9843989999999962
20
-87.9824309999999912
11
54.955451999999994
21
-87.9704409999999939
0
LINE
8
BLACK
6
CONTINUOUS
10
54.955451999999994
20
-87.9704409999999939
11
54.8332049999999995
21
-87.8887579999999957
0
LINE
8
BLACK
6
CONTINUOUS
10
54.8332049999999995
20
-87.8887579999999957
11
54.7786699999999982
21
-87.8393299999999897
0
LINE
8
BLACK
6
CONTINUOUS
10
54.7786699999999982
20
-87.8393299999999897
11
54.0004289999999969
21
-87.0610889999999955
0
LINE
8
BLACK
6
CONTINUOUS
10
54.0004289999999969
20
-87.0610889999999955
11
53.9628829999999979
21
-87.0455369999999959
0
LINE
8
BLACK
6
CONTINUOUS
10
53.9628829999999979
20
-87.0455369999999959
11
53.8324849999999984
21
-86.9584079999999915
0
LINE
8
BLACK
6
CONTINUOUS
10
53.8324849999999984
20
-86.9584079999999915
11
53.7215920000000011
21
-86.8475150000000014
0
LINE
8
BLACK
6
CONTINUOUS
10
53.7215920000000011
20
-86.8475150000000014
11
53.6344629999999967
21
-86.7171170000000018
0
LINE
8
BLACK
6
CONTINUOUS
10
53.6344629999999967
20
-86.7171170000000018
11
53.5744479999999967
21
-86.5722279999999955
0
LINE
8
BLACK
6
CONTINUOUS
10
53.5744479999999967
20
-86.5722279999999955
11
53.5438520000000011
21
-86.4184139999999985
0
LINE
8
BLACK
6
CONTINUOUS
10
53.5438520000000011
20
-86.4184139999999985
11
53.5438520000000011
21
-86.2615859999999941
0
LINE
8
BLACK
6
CONTINUOUS
10
53.5438520000000011
20
-86.2615859999999941
11
53.5744479999999967
21
-86.1077719999999971
0
LINE
8
BLACK
6
CONTINUOUS
10
53.5744479999999967
20
-86.1077719999999971
11
53.6344629999999967
21
-85.9628829999999908
0
LINE
8
BLACK
6
CONTINUOUS
10
53.6344629999999967
20
-85.9628829999999908
11
53.7215920000000011
21
-85.8324849999999913
0
LINE
8
BLACK
6
CONTINUOUS
10
53.7215920000000011
20
-85.8324849999999913
11
53.8324849999999984
21
-85.7215920000000011
0
LINE
8
BLACK
6
CONTINUOUS
10
53.8324849999999984
20
-85.7215920000000011
11
53.9628829999999979
21
-85.6344629999999967
0
LINE
8
BLACK
6
CONTINUOUS
10
53.9628829999999979
20
-85.6344629999999967
11
54.1077719999999971
21
-85.5744479999999896
0
LINE
8
BLACK
6
CONTINUOUS
10
54.1077719999999971
20
-85.5744479999999896
11
54.2615859999999941
21
-85.5438520000000011
0
LINE
8
BLACK
6
CONTINUOUS
10
54.2615859999999941
20
-85.5438520000000011
11
54.4184139999999985
21
-85.5438520000000011
0
LINE
8
BLACK
6
CONTINUOUS
10
54.4184139999999985
20
-85.5438520000000011
11
54.5722279999999955
21
-85.5744479999999896
0
LINE
8
BLACK
6
CONTINUOUS
10
75.6811039999999906
20
-91.4171269999999936
11
75.7540989999999965
21
-91.4659010000000023
0
LINE
8
BLACK
6
CONTINUOUS
10
75.7540989999999965
20
-91.4659010000000023
11
75.8028729999999911
21
-91.538895999999994
0
LINE
8
BLACK
6
CONTINUOUS
10
75.8028729999999911
20
-91.538895999999994
11
75.8199999999999932
21
-91.625
0
LINE
8
BLACK
6
CONTINUOUS
10
75.8199999999999932
20
-91.625
11
75.8199999999999932
21
-92.6749999999999972
0
LINE
8
BLACK
6
CONTINUOUS
10
75.8199999999999932
20
-92.6749999999999972
11
75.8028729999999911
21
-92.7611039999999889
0
LINE
8
BLACK
6
CONTINUOUS
10
75.8028729999999911
20
-92.7611039999999889
11
75.7540989999999965
21
-92.8340989999999948
0
LINE
8
BLACK
6
CONTINUOUS
10
75.7540989999999965
20
-92.8340989999999948
11
75.6811039999999906
21
-92.8828729999999894
0
LINE
8
BLACK
6
CONTINUOUS
10
75.6811039999999906
20
-92.8828729999999894
11
75.5949999999999989
21
-92.8999999999999915
0
LINE
8
BLACK
6
CONTINUOUS
10
75.5949999999999989
20
-92.8999999999999915
11
66.0450000000000017
21
-92.8999999999999915
0
LINE
8
BLACK
6
CONTINUOUS
10
66.0450000000000017
20
-92.8999999999999915
11
65.9588959999999958
21
-92.8828729999999894
0
LINE
8
BLACK
6
CONTINUOUS
10
65.9588959999999958
20
-92.8828729999999894
11
65.885901000000004
21
-92.8340989999999948
0
LINE
8
BLACK
6
CONTINUOUS
10
65.885901000000004
20
-92.8340989999999948
11
65.8371269999999953
21
-92.7611039999999889
0
LINE
8
BLACK
6
CONTINUOUS
10
65.8371269999999953
20
-92.7611039999999889
11
65.8199999999999932
21
-92.6749999999999972
0
LINE
8
BLACK
6
CONTINUOUS
10
65.8199999999999932
20
-92.6749999999999972
11
65.8199999999999932
21
-91.625
0
LINE
8
BLACK
6
CONTINUOUS
10
65.8199999999999932
20
-91.625
11
65.8371269999999953
21
-91.538895999999994
0
LINE
8
BLACK
6
CONTINUOUS
10
65.8371269999999953
20
-91.538895999999994
11
65.885901000000004
21
-91.4659010000000023
0
LINE
8
BLACK
6
CONTINUOUS
10
65.885901000000004
20
-91.4659010000000023
11
65.9588959999999958
21
-91.4171269999999936
0
LINE
8
BLACK
6
CONTINUOUS
10
65.9588959999999958
20
-91.4171269999999936
11
66.0450000000000017
21
-91.3999999999999915
0
LINE
8
BLACK
6
CONTINUOUS
10
66.0450000000000017
20
-91.3999999999999915
11
75.5949999999999989
21
-91.3999999999999915
0
LINE
8
BLACK
6
CONTINUOUS
10
75.5949999999999989
20
-91.3999999999999915
11
75.6811039999999906
21
-91.4171269999999936
0
LINE
8
BLACK
6
CONTINUOUS
10
105.6811039999999906
20
-91.4171269999999936
11
105.7540989999999965
21
-91.4659010000000023
0
LINE
8
BLACK
6
CONTINUOUS
10
105.7540989999999965
20
-91.4659010000000023
11
105.8028729999999911
21
-91.538895999999994
0
LINE
8
BLACK
6
CONTINUOUS
10
105.8028729999999911
20
-91.538895999999994
11
105.8199999999999932
21
-91.625
0
LINE
8
BLACK
6
CONTINUOUS
10
105.8199999999999932
20
-91.625
11
105.8199999999999932
21
-92.6749999999999972
0
LINE
8
BLACK
6
CONTINUOUS
10
105.8199999999999932
20
-92.6749999999999972
11
105.8028729999999911
21
-92.7611039999999889
0
LINE
8
BLACK
6
CONTINUOUS
10
105.8028729999999911
20
-92.7611039999999889
11
105.7540989999999965
21
-92.8340989999999948
0
LINE
8
BLACK
6
CONTINUOUS
10
105.7540989999999965
20
-92.8340989999999948
11
105.6811039999999906
21
-92.8828729999999894
0
LINE
8
BLACK
6
CONTINUOUS
10
105.6811039999999906
20
-92.8828729999999894
11
105.5949999999999989
21
-92.8999999999999915
0
LINE
8
BLACK
6
CONTINUOUS
10
105.5949999999999989
20
-92.8999999999999915
11
96.0450000000000017
21
-92.8999999999999915
0
LINE
8
BLACK
6
CONTINUOUS
10
96.0450000000000017
20
-92.8999999999999915
11
95.9588959999999958
21
-92.8828729999999894
0
LINE
8
BLACK
6
CONTINUOUS
10
95.9588959999999958
20
-92.8828729999999894
11
95.8859009999999898
21
-92.8340989999999948
0
LINE
8
BLACK
6
CONTINUOUS
10
95.8859009999999898
20
-92.8340989999999948
11
95.8371269999999953
21
-92.7611039999999889
0
LINE
8
BLACK
6
CONTINUOUS
10
95.8371269999999953
20
-92.7611039999999889
11
95.8199999999999932
21
-92.6749999999999972
0
LINE
8
BLACK
6
CONTINUOUS
10
95.8199999999999932
20
-92.6749999999999972
11
95.8199999999999932
21
-91.625
0
LINE
8
BLACK
6
CONTINUOUS
10
95.8199999999999932
20
-91.625
11
95.8371269999999953
21
-91.538895999999994
0
LINE
8
BLACK
6
CONTINUOUS
10
95.8371269999999953
20
-91.538895999999994
11
95.8859009999999898
21
-91.4659010000000023
0
LINE
8
BLACK
6
CONTINUOUS
10
95.8859009999999898
20
-91.4659010000000023
11
95.9588959999999958
21
-91.4171269999999936
0
LINE
8
BLACK
6
CONTINUOUS
10
95.9588959999999958
20
-91.4171269999999936
11
96.0450000000000017
21
-91.3999999999999915
0
LINE
8
BLACK
6
CONTINUOUS
10
96.0450000000000017
20
-91.3999999999999915
11
105.5949999999999989
21
-91.3999999999999915
0
LINE
8
BLACK
6
CONTINUOUS
10
105.5949999999999989
20
-91.3999999999999915
11
105.6811039999999906
21
-91.4171269999999936
0
LINE
8
BLACK
6
CONTINUOUS
10
154.501103999999998
20
-91.4171269999999936
11
154.5740989999999897
21
-91.4659010000000023
0
LINE
8
BLACK
6
CONTINUOUS
10
154.5740989999999897
20
-91.4659010000000023
11
154.6228729999999985
21
-91.538895999999994
0
LINE
8
BLACK
6
CONTINUOUS
10
154.6228729999999985
20
-91.538895999999994
11
154.6399999999999864
21
-91.625
0
LINE
8
BLACK
6
CONTINUOUS
10
154.6399999999999864
20
-91.625
11
154.6399999999999864
21
-92.6749999999999972
0
LINE
8
BLACK
6
CONTINUOUS
10
154.6399999999999864
20
-92.6749999999999972
11
154.6228729999999985
21
-92.7611039999999889
0
LINE
8
BLACK
6
CONTINUOUS
10
154.6228729999999985
20
-92.7611039999999889
11
154.5740989999999897
21
-92.8340989999999948
0
LINE
8
BLACK
6
CONTINUOUS
10
154.5740989999999897
20
-92.8340989999999948
11
154.501103999999998
21
-92.8828729999999894
0
LINE
8
BLACK
6
CONTINUOUS
10
154.501103999999998
20
-92.8828729999999894
11
154.414999999999992
21
-92.8999999999999915
0
LINE
8
BLACK
6
CONTINUOUS
10
154.414999999999992
20
-92.8999999999999915
11
144.8649999999999807
21
-92.8999999999999915
0
LINE
8
BLACK
6
CONTINUOUS
10
144.8649999999999807
20
-92.8999999999999915
11
144.7788960000000031
21
-92.8828729999999894
0
LINE
8
BLACK
6
CONTINUOUS
10
144.7788960000000031
20
-92.8828729999999894
11
144.705900999999983
21
-92.8340989999999948
0
LINE
8
BLACK
6
CONTINUOUS
10
144.705900999999983
20
-92.8340989999999948
11
144.6571270000000027
21
-92.7611039999999889
0
LINE
8
BLACK
6
CONTINUOUS
10
144.6571270000000027
20
-92.7611039999999889
11
144.6399999999999864
21
-92.6749999999999972
0
LINE
8
BLACK
6
CONTINUOUS
10
144.6399999999999864
20
-92.6749999999999972
11
144.6399999999999864
21
-91.625
0
LINE
8
BLACK
6
CONTINUOUS
10
144.6399999999999864
20
-91.625
11
144.6571270000000027
21
-91.538895999999994
0
LINE
8
BLACK
6
CONTINUOUS
10
144.6571270000000027
20
-91.538895999999994
11
144.705900999999983
21
-91.4659010000000023
0
LINE
8
BLACK
6
CONTINUOUS
10
144.705900999999983
20
-91.4659010000000023
11
144.7788960000000031
21
-91.4171269999999936
0
LINE
8
BLACK
6
CONTINUOUS
10
144.7788960000000031
20
-91.4171269999999936
11
144.8649999999999807
21
-91.3999999999999915
0
LINE
8
BLACK
6
CONTINUOUS
10
144.8649999999999807
20
-91.3999999999999915
11
154.414999999999992
21
-91.3999999999999915
0
LINE
8
BLACK
6
CONTINUOUS
10
154.414999999999992
20
-91.3999999999999915
11
154.501103999999998
21
-91.4171269999999936
0
LINE
8
BLACK
6
CONTINUOUS
10
184.501103999999998
20
-91.4171269999999936
11
184.5740989999999897
21
-91.4659010000000023
0
LINE
8
BLACK
6
CONTINUOUS
10
184.5740989999999897
20
-91.4659010000000023
11
184.6228729999999985
21
-91.538895999999994
0
LINE
8
BLACK
6
CONTINUOUS
10
184.6228729999999985
20
-91.538895999999994
11
184.6399999999999864
21
-91.625
0
LINE
8
BLACK
6
CONTINUOUS
10
184.6399999999999864
20
-91.625
11
184.6399999999999864
21
-92.6749999999999972
0
LINE
8
BLACK
6
CONTINUOUS
10
184.6399999999999864
20
-92.6749999999999972
11
184.6228729999999985
21
-92.7611039999999889
0
LINE
8
BLACK
6
CONTINUOUS
10
184.6228729999999985
20
-92.7611039999999889
11
184.5740989999999897
21
-92.8340989999999948
0
LINE
8
BLACK
6
CONTINUOUS
10
184.5740989999999897
20
-92.8340989999999948
11
184.501103999999998
21
-92.8828729999999894
0
LINE
8
BLACK
6
CONTINUOUS
10
184.501103999999998
20
-92.8828729999999894
11
184.414999999999992
21
-92.8999999999999915
0
LINE
8
BLACK
6
CONTINUOUS
10
184.414999999999992
20
-92.8999999999999915
11
174.8649999999999807
21
-92.8999999999999915
0
LINE
8
BLACK
6
CONTINUOUS
10
174.8649999999999807
20
-92.8999999999999915
11
174.7788960000000031
21
-92.8828729999999894
0
LINE
8
BLACK
6
CONTINUOUS
10
174.7788960000000031
20
-92.8828729999999894
11
174.705900999999983
21
-92.8340989999999948
0
LINE
8
BLACK
6
CONTINUOUS
10
174.705900999999983
20
-92.8340989999999948
11
174.6571270000000027
21
-92.7611039999999889
0
LINE
8
BLACK
6
CONTINUOUS
10
174.6571270000000027
20
-92.7611039999999889
11
174.6399999999999864
21
-92.6749999999999972
0
LINE
8
BLACK
6
CONTINUOUS
10
174.6399999999999864
20
-92.6749999999999972
11
174.6399999999999864
21
-91.625
0
LINE
8
BLACK
6
CONTINUOUS
10
174.6399999999999864
20
-91.625
11
174.6571270000000027
21
-91.538895999999994
0
LINE
8
BLACK
6
CONTINUOUS
10
174.6571270000000027
20
-91.538895999999994
11
174.705900999999983
21
-91.4659010000000023
0
LINE
8
BLACK
6
CONTINUOUS
10
174.705900999999983
20
-91.4659010000000023
11
174.7788960000000031
21
-91.4171269999999936
0
LINE
8
BLACK
6
CONTINUOUS
10
174.7788960000000031
20
-91.4171269999999936
11
174.8649999999999807
21
-91.3999999999999915
0
LINE
8
BLACK
6
CONTINUOUS
10
174.8649999999999807
20
-91.3999999999999915
11
184.414999999999992
21
-91.3999999999999915
0
LINE
8
BLACK
6
CONTINUOUS
10
184.414999999999992
20
-91.3999999999999915
11
184.501103999999998
21
-91.4171269999999936
0
LINE
8
BLACK
6
CONTINUOUS
10
241.8581219999999803
20
-90.7644480000000016
11
242.0030109999999866
21
-90.8244629999999944
0
LINE
8
BLACK
6
CONTINUOUS
10
242.0030109999999866
20
-90.8244629999999944
11
242.1334090000000003
21
-90.9115919999999988
0
LINE
8
BLACK
6
CONTINUOUS
10
242.1334090000000003
20
-90.9115919999999988
11
242.2443019999999763
21
-91.022484999999989
0
LINE
8
BLACK
6
CONTINUOUS
10
242.2443019999999763
20
-91.022484999999989
11
242.3314309999999807
21
-91.1528830000000028
0
LINE
8
BLACK
6
CONTINUOUS
10
242.3314309999999807
20
-91.1528830000000028
11
242.391446000000002
21
-91.2977719999999948
0
LINE
8
BLACK
6
CONTINUOUS
10
242.391446000000002
20
-91.2977719999999948
11
242.4220419999999763
21
-91.4515859999999918
0
LINE
8
BLACK
6
CONTINUOUS
10
242.4220419999999763
20
-91.4515859999999918
11
242.4220419999999763
21
-91.6084139999999962
0
LINE
8
BLACK
6
CONTINUOUS
10
242.4220419999999763
20
-91.6084139999999962
11
242.391446000000002
21
-91.7622279999999932
0
LINE
8
BLACK
6
CONTINUOUS
10
242.391446000000002
20
-91.7622279999999932
11
242.3314309999999807
21
-91.9071169999999995
0
LINE
8
BLACK
6
CONTINUOUS
10
242.3314309999999807
20
-91.9071169999999995
11
242.2443019999999763
21
-92.0375149999999991
0
LINE
8
BLACK
6
CONTINUOUS
10
242.2443019999999763
20
-92.0375149999999991
11
242.1334090000000003
21
-92.1484079999999892
0
LINE
8
BLACK
6
CONTINUOUS
10
242.1334090000000003
20
-92.1484079999999892
11
242.0030109999999866
21
-92.2355369999999937
0
LINE
8
BLACK
6
CONTINUOUS
10
242.0030109999999866
20
-92.2355369999999937
11
241.8581219999999803
21
-92.2955520000000007
0
LINE
8
BLACK
6
CONTINUOUS
10
241.8581219999999803
20
-92.2955520000000007
11
241.7043079999999975
21
-92.3261479999999892
0
LINE
8
BLACK
6
CONTINUOUS
10
241.7043079999999975
20
-92.3261479999999892
11
241.5474799999999789
21
-92.3261479999999892
0
LINE
8
BLACK
6
CONTINUOUS
10
241.5474799999999789
20
-92.3261479999999892
11
241.3936659999999961
21
-92.2955520000000007
0
LINE
8
BLACK
6
CONTINUOUS
10
241.3936659999999961
20
-92.2955520000000007
11
241.2487769999999898
21
-92.2355369999999937
0
LINE
8
BLACK
6
CONTINUOUS
10
241.2487769999999898
20
-92.2355369999999937
11
241.118378999999976
21
-92.1484079999999892
0
LINE
8
BLACK
6
CONTINUOUS
10
241.118378999999976
20
-92.1484079999999892
11
241.0074860000000001
21
-92.0375149999999991
0
LINE
8
BLACK
6
CONTINUOUS
10
241.0074860000000001
20
-92.0375149999999991
11
240.9203569999999957
21
-91.9071169999999995
0
LINE
8
BLACK
6
CONTINUOUS
10
240.9203569999999957
20
-91.9071169999999995
11
240.8603420000000028
21
-91.7622279999999932
0
LINE
8
BLACK
6
CONTINUOUS
10
240.8603420000000028
20
-91.7622279999999932
11
240.8297460000000001
21
-91.6084139999999962
0
LINE
8
BLACK
6
CONTINUOUS
10
240.8297460000000001
20
-91.6084139999999962
11
240.8297460000000001
21
-91.4515859999999918
0
LINE
8
BLACK
6
CONTINUOUS
10
240.8297460000000001
20
-91.4515859999999918
11
240.8603420000000028
21
-91.2977719999999948
0
LINE
8
BLACK
6
CONTINUOUS
10
240.8603420000000028
20
-91.2977719999999948
11
240.9203569999999957
21
-91.1528830000000028
0
LINE
8
BLACK
6
CONTINUOUS
10
240.9203569999999957
20
-91.1528830000000028
11
241.0074860000000001
21
-91.022484999999989
0
LINE
8
BLACK
6
CONTINUOUS
10
241.0074860000000001
20
-91.022484999999989
11
241.118378999999976
21
-90.9115919999999988
0
LINE
8
BLACK
6
CONTINUOUS
10
241.118378999999976
20
-90.9115919999999988
11
241.2487769999999898
21
-90.8244629999999944
0
LINE
8
BLACK
6
CONTINUOUS
10
241.2487769999999898
20
-90.8244629999999944
11
241.3936659999999961
21
-90.7644480000000016
0
LINE
8
BLACK
6
CONTINUOUS
10
241.3936659999999961
20
-90.7644480000000016
11
241.5474799999999789
21
-90.7338519999999988
0
LINE
8
BLACK
6
CONTINUOUS
10
241.5474799999999789
20
-90.7338519999999988
11
241.7043079999999975
21
-90.7338519999999988
0
LINE
8
BLACK
6
CONTINUOUS
10
241.7043079999999975
20
-90.7338519999999988
11
241.8581219999999803
21
-90.7644480000000016
0
LINE
8
BLACK
6
CONTINUOUS
10
230.7011039999999866
20
-90.797126999999989
11
230.7740989999999783
21
-90.8459009999999978
0
LINE
8
BLACK
6
CONTINUOUS
10
230.7740989999999783
20
-90.8459009999999978
11
230.8228729999999871
21
-90.9188959999999895
0
LINE
8
BLACK
6
CONTINUOUS
10
230.8228729999999871
20
-90.9188959999999895
11
230.8400000000000034
21
-91.0049999999999955
0
LINE
8
BLACK
6
CONTINUOUS
10
230.8400000000000034
20
-91.0049999999999955
11
230.8400000000000034
21
-92.0549999999999926
0
LINE
8
BLACK
6
CONTINUOUS
10
230.8400000000000034
20
-92.0549999999999926
11
230.8228729999999871
21
-92.1411039999999986
0
LINE
8
BLACK
6
CONTINUOUS
10
230.8228729999999871
20
-92.1411039999999986
11
230.7740989999999783
21
-92.2140989999999903
0
LINE
8
BLACK
6
CONTINUOUS
10
230.7740989999999783
20
-92.2140989999999903
11
230.7011039999999866
21
-92.262872999999999
0
LINE
8
BLACK
6
CONTINUOUS
10
230.7011039999999866
20
-92.262872999999999
11
230.6149999999999807
21
-92.2800000000000011
0
LINE
8
BLACK
6
CONTINUOUS
10
230.6149999999999807
20
-92.2800000000000011
11
221.0649999999999977
21
-92.2800000000000011
0
LINE
8
BLACK
6
CONTINUOUS
10
221.0649999999999977
20
-92.2800000000000011
11
220.9788959999999918
21
-92.262872999999999
0
LINE
8
BLACK
6
CONTINUOUS
10
220.9788959999999918
20
-92.262872999999999
11
220.9059010000000001
21
-92.2140989999999903
0
LINE
8
BLACK
6
CONTINUOUS
10
220.9059010000000001
20
-92.2140989999999903
11
220.8571269999999913
21
-92.1411039999999986
0
LINE
8
BLACK
6
CONTINUOUS
10
220.8571269999999913
20
-92.1411039999999986
11
220.8400000000000034
21
-92.0549999999999926
0
LINE
8
BLACK
6
CONTINUOUS
10
220.8400000000000034
20
-92.0549999999999926
11
220.8400000000000034
21
-91.0049999999999955
0
LINE
8
BLACK
6
CONTINUOUS
10
220.8400000000000034
20
-91.0049999999999955
11
220.8571269999999913
21
-90.9188959999999895
0
LINE
8
BLACK
6
CONTINUOUS
10
220.8571269999999913
20
-90.9188959999999895
11
220.9059010000000001
21
-90.8459009999999978
0
LINE
8
BLACK
6
CONTINUOUS
10
220.9059010000000001
20
-90.8459009999999978
11
220.9788959999999918
21
-90.797126999999989
0
LINE
8
BLACK
6
CONTINUOUS
10
220.9788959999999918
20
-90.797126999999989
11
221.0649999999999977
21
-90.7800000000000011
0
LINE
8
BLACK
6
CONTINUOUS
10
221.0649999999999977
20
-90.7800000000000011
11
230.6149999999999807
21
-90.7800000000000011
0
LINE
8
BLACK
6
CONTINUOUS
10
230.6149999999999807
20
-90.7800000000000011
11
230.7011039999999866
21
-90.797126999999989
0
LINE
8
BLACK
6
CONTINUOUS
10
243.7351749999999981
20
-89.3873949999999979
11
243.880063999999976
21
-89.4474099999999908
0
LINE
8
BLACK
6
CONTINUOUS
10
243.880063999999976
20
-89.4474099999999908
11
244.0104619999999898
21
-89.5345389999999952
0
LINE
8
BLACK
6
CONTINUOUS
10
244.0104619999999898
20
-89.5345389999999952
11
244.1213549999999941
21
-89.6454319999999996
0
LINE
8
BLACK
6
CONTINUOUS
10
244.1213549999999941
20
-89.6454319999999996
11
244.2084839999999986
21
-89.7758299999999991
0
LINE
8
BLACK
6
CONTINUOUS
10
244.2084839999999986
20
-89.7758299999999991
11
244.2684989999999914
21
-89.9207189999999912
0
LINE
8
BLACK
6
CONTINUOUS
10
244.2684989999999914
20
-89.9207189999999912
11
244.2990949999999941
21
-90.0745330000000024
0
LINE
8
BLACK
6
CONTINUOUS
10
244.2990949999999941
20
-90.0745330000000024
11
244.2990949999999941
21
-90.2313609999999926
0
LINE
8
BLACK
6
CONTINUOUS
10
244.2990949999999941
20
-90.2313609999999926
11
244.2684989999999914
21
-90.3851749999999896
0
LINE
8
BLACK
6
CONTINUOUS
10
244.2684989999999914
20
-90.3851749999999896
11
244.2084839999999986
21
-90.5300639999999959
0
LINE
8
BLACK
6
CONTINUOUS
10
244.2084839999999986
20
-90.5300639999999959
11
244.1213549999999941
21
-90.6604619999999954
0
LINE
8
BLACK
6
CONTINUOUS
10
244.1213549999999941
20
-90.6604619999999954
11
244.0104619999999898
21
-90.7713549999999998
0
LINE
8
BLACK
6
CONTINUOUS
10
244.0104619999999898
20
-90.7713549999999998
11
243.880063999999976
21
-90.85848399999999
0
LINE
8
BLACK
6
CONTINUOUS
10
243.880063999999976
20
-90.85848399999999
11
243.7351749999999981
21
-90.9184989999999971
0
LINE
8
BLACK
6
CONTINUOUS
10
243.7351749999999981
20
-90.9184989999999971
11
243.5813609999999869
21
-90.9490949999999998
0
LINE
8
BLACK
6
CONTINUOUS
10
243.5813609999999869
20
-90.9490949999999998
11
243.4245329999999967
21
-90.9490949999999998
0
LINE
8
BLACK
6
CONTINUOUS
10
243.4245329999999967
20
-90.9490949999999998
11
243.2707189999999855
21
-90.9184989999999971
0
LINE
8
BLACK
6
CONTINUOUS
10
243.2707189999999855
20
-90.9184989999999971
11
243.1258299999999792
21
-90.85848399999999
0
LINE
8
BLACK
6
CONTINUOUS
10
243.1258299999999792
20
-90.85848399999999
11
242.9954319999999939
21
-90.7713549999999998
0
LINE
8
BLACK
6
CONTINUOUS
10
242.9954319999999939
20
-90.7713549999999998
11
242.8845389999999895
21
-90.6604619999999954
0
LINE
8
BLACK
6
CONTINUOUS
10
242.8845389999999895
20
-90.6604619999999954
11
242.7974099999999851
21
-90.5300639999999959
0
LINE
8
BLACK
6
CONTINUOUS
10
242.7974099999999851
20
-90.5300639999999959
11
242.7373949999999923
21
-90.3851749999999896
0
LINE
8
BLACK
6
CONTINUOUS
10
242.7373949999999923
20
-90.3851749999999896
11
242.7067989999999895
21
-90.2313609999999926
0
LINE
8
BLACK
6
CONTINUOUS
10
242.7067989999999895
20
-90.2313609999999926
11
242.7067989999999895
21
-90.0745330000000024
0
LINE
8
BLACK
6
CONTINUOUS
10
242.7067989999999895
20
-90.0745330000000024
11
242.7373949999999923
21
-89.9207189999999912
0
LINE
8
BLACK
6
CONTINUOUS
10
242.7373949999999923
20
-89.9207189999999912
11
242.7974099999999851
21
-89.7758299999999991
0
LINE
8
BLACK
6
CONTINUOUS
10
242.7974099999999851
20
-89.7758299999999991
11
242.8845389999999895
21
-89.6454319999999996
0
LINE
8
BLACK
6
CONTINUOUS
10
242.8845389999999895
20
-89.6454319999999996
11
242.9954319999999939
21
-89.5345389999999952
0
LINE
8
BLACK
6
CONTINUOUS
10
242.9954319999999939
20
-89.5345389999999952
11
243.1258299999999792
21
-89.4474099999999908
0
LINE
8
BLACK
6
CONTINUOUS
10
243.1258299999999792
20
-89.4474099999999908
11
243.2707189999999855
21
-89.3873949999999979
0
LINE
8
BLACK
6
CONTINUOUS
10
243.2707189999999855
20
-89.3873949999999979
11
243.4245329999999967
21
-89.3567989999999952
0
LINE
8
BLACK
6
CONTINUOUS
10
243.4245329999999967
20
-89.3567989999999952
11
243.5813609999999869
21
-89.3567989999999952
0
LINE
8
BLACK
6
CONTINUOUS
10
243.5813609999999869
20
-89.3567989999999952
11
243.7351749999999981
21
-89.3873949999999979
0
LINE
8
BLACK
6
CONTINUOUS
10
75.6811039999999906
20
-88.8771270000000015
11
75.7540989999999965
21
-88.9259009999999961
0
LINE
8
BLACK
6
CONTINUOUS
10
75.7540989999999965
20
-88.9259009999999961
11
75.8028729999999911
21
-88.998896000000002
0
LINE
8
BLACK
6
CONTINUOUS
10
75.8028729999999911
20
-88.998896000000002
11
75.8199999999999932
21
-89.0849999999999937
0
LINE
8
BLACK
6
CONTINUOUS
10
75.8199999999999932
20
-89.0849999999999937
11
75.8199999999999932
21
-90.1349999999999909
0
LINE
8
BLACK
6
CONTINUOUS
10
75.8199999999999932
20
-90.1349999999999909
11
75.8028729999999911
21
-90.2211039999999969
0
LINE
8
BLACK
6
CONTINUOUS
10
75.8028729999999911
20
-90.2211039999999969
11
75.7540989999999965
21
-90.2940990000000028
0
LINE
8
BLACK
6
CONTINUOUS
10
75.7540989999999965
20
-90.2940990000000028
11
75.6811039999999906
21
-90.3428729999999973
0
LINE
8
BLACK
6
CONTINUOUS
10
75.6811039999999906
20
-90.3428729999999973
11
75.5949999999999989
21
-90.3599999999999994
0
LINE
8
BLACK
6
CONTINUOUS
10
75.5949999999999989
20
-90.3599999999999994
11
66.0450000000000017
21
-90.3599999999999994
0
LINE
8
BLACK
6
CONTINUOUS
10
66.0450000000000017
20
-90.3599999999999994
11
65.9588959999999958
21
-90.3428729999999973
0
LINE
8
BLACK
6
CONTINUOUS
10
65.9588959999999958
20
-90.3428729999999973
11
65.885901000000004
21
-90.2940990000000028
0
LINE
8
BLACK
6
CONTINUOUS
10
65.885901000000004
20
-90.2940990000000028
11
65.8371269999999953
21
-90.2211039999999969
0
LINE
8
BLACK
6
CONTINUOUS
10
65.8371269999999953
20
-90.2211039999999969
11
65.8199999999999932
21
-90.1349999999999909
0
LINE
8
BLACK
6
CONTINUOUS
10
65.8199999999999932
20
-90.1349999999999909
11
65.8199999999999932
21
-89.0849999999999937
0
LINE
8
BLACK
6
CONTINUOUS
10
65.8199999999999932
20
-89.0849999999999937
11
65.8371269999999953
21
-88.998896000000002
0
LINE
8
BLACK
6
CONTINUOUS
10
65.8371269999999953
20
-88.998896000000002
11
65.885901000000004
21
-88.9259009999999961
0
LINE
8
BLACK
6
CONTINUOUS
10
65.885901000000004
20
-88.9259009999999961
11
65.9588959999999958
21
-88.8771270000000015
0
LINE
8
BLACK
6
CONTINUOUS
10
65.9588959999999958
20
-88.8771270000000015
11
66.0450000000000017
21
-88.8599999999999994
0
LINE
8
BLACK
6
CONTINUOUS
10
66.0450000000000017
20
-88.8599999999999994
11
75.5949999999999989
21
-88.8599999999999994
0
LINE
8
BLACK
6
CONTINUOUS
10
75.5949999999999989
20
-88.8599999999999994
11
75.6811039999999906
21
-88.8771270000000015
0
LINE
8
BLACK
6
CONTINUOUS
10
105.6811039999999906
20
-88.8771270000000015
11
105.7540989999999965
21
-88.9259009999999961
0
LINE
8
BLACK
6
CONTINUOUS
10
105.7540989999999965
20
-88.9259009999999961
11
105.8028729999999911
21
-88.998896000000002
0
LINE
8
BLACK
6
CONTINUOUS
10
105.8028729999999911
20
-88.998896000000002
11
105.8199999999999932
21
-89.0849999999999937
0
LINE
8
BLACK
6
CONTINUOUS
10
105.8199999999999932
20
-89.0849999999999937
11
105.8199999999999932
21
-90.1349999999999909
0
LINE
8
BLACK
6
CONTINUOUS
10
105.8199999999999932
20
-90.1349999999999909
11
105.8028729999999911
21
-90.2211039999999969
0
LINE
8
BLACK
6
CONTINUOUS
10
105.8028729999999911
20
-90.2211039999999969
11
105.7540989999999965
21
-90.2940990000000028
0
LINE
8
BLACK
6
CONTINUOUS
10
105.7540989999999965
20
-90.2940990000000028
11
105.6811039999999906
21
-90.3428729999999973
0
LINE
8
BLACK
6
CONTINUOUS
10
105.6811039999999906
20
-90.3428729999999973
11
105.5949999999999989
21
-90.3599999999999994
0
LINE
8
BLACK
6
CONTINUOUS
10
105.5949999999999989
20
-90.3599999999999994
11
96.0450000000000017
21
-90.3599999999999994
0
LINE
8
BLACK
6
CONTINUOUS
10
96.0450000000000017
20
-90.3599999999999994
11
95.9588959999999958
21
-90.3428729999999973
0
LINE
8
BLACK
6
CONTINUOUS
10
95.9588959999999958
20
-90.3428729999999973
11
95.8859009999999898
21
-90.2940990000000028
0
LINE
8
BLACK
6
CONTINUOUS
10
95.8859009999999898
20
-90.2940990000000028
11
95.8371269999999953
21
-90.2211039999999969
0
LINE
8
BLACK
6
CONTINUOUS
10
95.8371269999999953
20
-90.2211039999999969
11
95.8199999999999932
21
-90.1349999999999909
0
LINE
8
BLACK
6
CONTINUOUS
10
95.8199999999999932
20
-90.1349999999999909
11
95.8199999999999932
21
-89.0849999999999937
0
LINE
8
BLACK
6
CONTINUOUS
10
95.8199999999999932
20
-89.0849999999999937
11
95.8371269999999953
21
-88.998896000000002
0
LINE
8
BLACK
6
CONTINUOUS
10
95.8371269999999953
20
-88.998896000000002
11
95.8859009999999898
21
-88.9259009999999961
0
LINE
8
BLACK
6
CONTINUOUS
10
95.8859009999999898
20
-88.9259009999999961
11
95.9588959999999958
21
-88.8771270000000015
0
LINE
8
BLACK
6
CONTINUOUS
10
95.9588959999999958
20
-88.8771270000000015
11
96.0450000000000017
21
-88.8599999999999994
0
LINE
8
BLACK
6
CONTINUOUS
10
96.0450000000000017
20
-88.8599999999999994
11
105.5949999999999989
21
-88.8599999999999994
0
LINE
8
BLACK
6
CONTINUOUS
10
105.5949999999999989
20
-88.8599999999999994
11
105.6811039999999906
21
-88.8771270000000015
0
LINE
8
BLACK
6
CONTINUOUS
10
154.501103999999998
20
-88.8771270000000015
11
154.5740989999999897
21
-88.9259009999999961
0
LINE
8
BLACK
6
CONTINUOUS
10
154.5740989999999897
20
-88.9259009999999961
11
154.6228729999999985
21
-88.998896000000002
0
LINE
8
BLACK
6
CONTINUOUS
10
154.6228729999999985
20
-88.998896000000002
11
154.6399999999999864
21
-89.0849999999999937
0
LINE
8
BLACK
6
CONTINUOUS
10
154.6399999999999864
20
-89.0849999999999937
11
154.6399999999999864
21
-90.1349999999999909
0
LINE
8
BLACK
6
CONTINUOUS
10
154.6399999999999864
20
-90.1349999999999909
11
154.6228729999999985
21
-90.2211039999999969
0
LINE
8
BLACK
6
CONTINUOUS
10
154.6228729999999985
20
-90.2211039999999969
11
154.5740989999999897
21
-90.2940990000000028
0
LINE
8
BLACK
6
CONTINUOUS
10
154.5740989999999897
20
-90.2940990000000028
11
154.501103999999998
21
-90.3428729999999973
0
LINE
8
BLACK
6
CONTINUOUS
10
154.501103999999998
20
-90.3428729999999973
11
154.414999999999992
21
-90.3599999999999994
0
LINE
8
BLACK
6
CONTINUOUS
10
154.414999999999992
20
-90.3599999999999994
11
144.8649999999999807
21
-90.3599999999999994
0
LINE
8
BLACK
6
CONTINUOUS
10
144.8649999999999807
20
-90.3599999999999994
11
144.7788960000000031
21
-90.3428729999999973
0
LINE
8
BLACK
6
CONTINUOUS
10
144.7788960000000031
20
-90.3428729999999973
11
144.705900999999983
21
-90.2940990000000028
0
LINE
8
BLACK
6
CONTINUOUS
10
144.705900999999983
20
-90.2940990000000028
11
144.6571270000000027
21
-90.2211039999999969
0
LINE
8
BLACK
6
CONTINUOUS
10
144.6571270000000027
20
-90.2211039999999969
11
144.6399999999999864
21
-90.1349999999999909
0
LINE
8
BLACK
6
CONTINUOUS
10
144.6399999999999864
20
-90.1349999999999909
11
144.6399999999999864
21
-89.0849999999999937
0
LINE
8
BLACK
6
CONTINUOUS
10
144.6399999999999864
20
-89.0849999999999937
11
144.6571270000000027
21
-88.998896000000002
0
LINE
8
BLACK
6
CONTINUOUS
10
144.6571270000000027
20
-88.998896000000002
11
144.705900999999983
21
-88.9259009999999961
0
LINE
8
BLACK
6
CONTINUOUS
10
144.705900999999983
20
-88.9259009999999961
11
144.7788960000000031
21
-88.8771270000000015
0
LINE
8
BLACK
6
CONTINUOUS
10
144.7788960000000031
20
-88.8771270000000015
11
144.8649999999999807
21
-88.8599999999999994
0
LINE
8
BLACK
6
CONTINUOUS
10
144.8649999999999807
20
-88.8599999999999994
11
154.414999999999992
21
-88.8599999999999994
0
LINE
8
BLACK
6
CONTINUOUS
10
154.414999999999992
20
-88.8599999999999994
11
154.501103999999998
21
-88.8771270000000015
0
LINE
8
BLACK
6
CONTINUOUS
10
184.501103999999998
20
-88.8771270000000015
11
184.5740989999999897
21
-88.9259009999999961
0
LINE
8
BLACK
6
CONTINUOUS
10
184.5740989999999897
20
-88.9259009999999961
11
184.6228729999999985
21
-88.998896000000002
0
LINE
8
BLACK
6
CONTINUOUS
10
184.6228729999999985
20
-88.998896000000002
11
184.6399999999999864
21
-89.0849999999999937
0
LINE
8
BLACK
6
CONTINUOUS
10
184.6399999999999864
20
-89.0849999999999937
11
184.6399999999999864
21
-90.1349999999999909
0
LINE
8
BLACK
6
CONTINUOUS
10
184.6399999999999864
20
-90.1349999999999909
11
184.6228729999999985
21
-90.2211039999999969
0
LINE
8
BLACK
6
CONTINUOUS
10
184.6228729999999985
20
-90.2211039999999969
11
184.5740989999999897
21
-90.2940990000000028
0
LINE
8
BLACK
6
CONTINUOUS
10
184.5740989999999897
20
-90.2940990000000028
11
184.501103999999998
21
-90.3428729999999973
0
LINE
8
BLACK
6
CONTINUOUS
10
184.501103999999998
20
-90.3428729999999973
11
184.414999999999992
21
-90.3599999999999994
0
LINE
8
BLACK
6
CONTINUOUS
10
184.414999999999992
20
-90.3599999999999994
11
174.8649999999999807
21
-90.3599999999999994
0
LINE
8
BLACK
6
CONTINUOUS
10
174.8649999999999807
20
-90.3599999999999994
11
174.7788960000000031
21
-90.3428729999999973
0
LINE
8
BLACK
6
CONTINUOUS
10
174.7788960000000031
20
-90.3428729999999973
11
174.705900999999983
21
-90.2940990000000028
0
LINE
8
BLACK
6
CONTINUOUS
10
174.705900999999983
20
-90.2940990000000028
11
174.6571270000000027
21
-90.2211039999999969
0
LINE
8
BLACK
6
CONTINUOUS
10
174.6571270000000027
20
-90.2211039999999969
11
174.6399999999999864
21
-90.1349999999999909
0
LINE
8
BLACK
6
CONTINUOUS
10
174.6399999999999864
20
-90.1349999999999909
11
174.6399999999999864
21
-89.0849999999999937
0
LINE
8
BLACK
6
CONTINUOUS
10
174.6399999999999864
20
-89.0849999999999937
11
174.6571270000000027
21
-88.998896000000002
0
LINE
8
BLACK
6
CONTINUOUS
10
174.6571270000000027
20
-88.998896000000002
11
174.705900999999983
21
-88.9259009999999961
0
LINE
8
BLACK
6
CONTINUOUS
10
174.705900999999983
20
-88.9259009999999961
11
174.7788960000000031
21
-88.8771270000000015
0
LINE
8
BLACK
6
CONTINUOUS
10
174.7788960000000031
20
-88.8771270000000015
11
174.8649999999999807
21
-88.8599999999999994
0
LINE
8
BLACK
6
CONTINUOUS
10
174.8649999999999807
20
-88.8599999999999994
11
184.414999999999992
21
-88.8599999999999994
0
LINE
8
BLACK
6
CONTINUOUS
10
184.414999999999992
20
-88.8599999999999994
11
184.501103999999998
21
-88.8771270000000015
0
LINE
8
BLACK
6
CONTINUOUS
10
230.7011039999999866
20
-88.257126999999997
11
230.7740989999999783
21
-88.3059009999999915
0
LINE
8
BLACK
6
CONTINUOUS
10
230.7740989999999783
20
-88.3059009999999915
11
230.8228729999999871
21
-88.3788959999999975
0
LINE
8
BLACK
6
CONTINUOUS
10
230.8228729999999871
20
-88.3788959999999975
11
230.8400000000000034
21
-88.4649999999999892
0
LINE
8
BLACK
6
CONTINUOUS
10
230.8400000000000034
20
-88.4649999999999892
11
230.8400000000000034
21
-89.5150000000000006
0
LINE
8
BLACK
6
CONTINUOUS
10
230.8400000000000034
20
-89.5150000000000006
11
230.8228729999999871
21
-89.6011039999999923
0
LINE
8
BLACK
6
CONTINUOUS
10
230.8228729999999871
20
-89.6011039999999923
11
230.7740989999999783
21
-89.6740989999999982
0
LINE
8
BLACK
6
CONTINUOUS
10
230.7740989999999783
20
-89.6740989999999982
11
230.7011039999999866
21
-89.7228729999999928
0
LINE
8
BLACK
6
CONTINUOUS
10
230.7011039999999866
20
-89.7228729999999928
11
230.6149999999999807
21
-89.7399999999999949
0
LINE
8
BLACK
6
CONTINUOUS
10
230.6149999999999807
20
-89.7399999999999949
11
221.0649999999999977
21
-89.7399999999999949
0
LINE
8
BLACK
6
CONTINUOUS
10
221.0649999999999977
20
-89.7399999999999949
11
220.9788959999999918
21
-89.7228729999999928
0
LINE
8
BLACK
6
CONTINUOUS
10
220.9788959999999918
20
-89.7228729999999928
11
220.9059010000000001
21
-89.6740989999999982
0
LINE
8
BLACK
6
CONTINUOUS
10
220.9059010000000001
20
-89.6740989999999982
11
220.8571269999999913
21
-89.6011039999999923
0
LINE
8
BLACK
6
CONTINUOUS
10
220.8571269999999913
20
-89.6011039999999923
11
220.8400000000000034
21
-89.5150000000000006
0
LINE
8
BLACK
6
CONTINUOUS
10
220.8400000000000034
20
-89.5150000000000006
11
220.8400000000000034
21
-88.4649999999999892
0
LINE
8
BLACK
6
CONTINUOUS
10
220.8400000000000034
20
-88.4649999999999892
11
220.8571269999999913
21
-88.3788959999999975
0
LINE
8
BLACK
6
CONTINUOUS
10
220.8571269999999913
20
-88.3788959999999975
11
220.9059010000000001
21
-88.3059009999999915
0
LINE
8
BLACK
6
CONTINUOUS
10
220.9059010000000001
20
-88.3059009999999915
11
220.9788959999999918
21
-88.257126999999997
0
LINE
8
BLACK
6
CONTINUOUS
10
220.9788959999999918
20
-88.257126999999997
11
221.0649999999999977
21
-88.2399999999999949
0
LINE
8
BLACK
6
CONTINUOUS
10
221.0649999999999977
20
-88.2399999999999949
11
230.6149999999999807
21
-88.2399999999999949
0
LINE
8
BLACK
6
CONTINUOUS
10
230.6149999999999807
20
-88.2399999999999949
11
230.7011039999999866
21
-88.257126999999997
0
LINE
8
BLACK
6
CONTINUOUS
10
196.5822279999999864
20
-81.9344480000000033
11
196.7271169999999927
21
-81.9944629999999961
0
LINE
8
BLACK
6
CONTINUOUS
10
196.7271169999999927
20
-81.9944629999999961
11
196.857514999999978
21
-82.0815920000000006
0
LINE
8
BLACK
6
CONTINUOUS
10
196.857514999999978
20
-82.0815920000000006
11
196.9684079999999824
21
-82.1924849999999907
0
LINE
8
BLACK
6
CONTINUOUS
10
196.9684079999999824
20
-82.1924849999999907
11
197.0555369999999868
21
-82.3228829999999903
0
LINE
8
BLACK
6
CONTINUOUS
10
197.0555369999999868
20
-82.3228829999999903
11
197.1155519999999797
21
-82.4677719999999965
0
LINE
8
BLACK
6
CONTINUOUS
10
197.1155519999999797
20
-82.4677719999999965
11
197.1461479999999824
21
-82.6215859999999935
0
LINE
8
BLACK
6
CONTINUOUS
10
197.1461479999999824
20
-82.6215859999999935
11
197.1461479999999824
21
-82.7784139999999979
0
LINE
8
BLACK
6
CONTINUOUS
10
197.1461479999999824
20
-82.7784139999999979
11
197.1155519999999797
21
-82.9322279999999949
0
LINE
8
BLACK
6
CONTINUOUS
10
197.1155519999999797
20
-82.9322279999999949
11
197.0555369999999868
21
-83.0771170000000012
0
LINE
8
BLACK
6
CONTINUOUS
10
197.0555369999999868
20
-83.0771170000000012
11
196.9684079999999824
21
-83.2075150000000008
0
LINE
8
BLACK
6
CONTINUOUS
10
196.9684079999999824
20
-83.2075150000000008
11
196.857514999999978
21
-83.3184079999999909
0
LINE
8
BLACK
6
CONTINUOUS
10
196.857514999999978
20
-83.3184079999999909
11
196.7271169999999927
21
-83.4055369999999954
0
LINE
8
BLACK
6
CONTINUOUS
10
196.7271169999999927
20
-83.4055369999999954
11
196.6895700000000033
21
-83.4210889999999949
0
LINE
8
BLACK
6
CONTINUOUS
10
196.6895700000000033
20
-83.4210889999999949
11
192.4502839999999821
21
-87.6603750000000019
0
LINE
8
BLACK
6
CONTINUOUS
10
192.4502839999999821
20
-87.6603750000000019
11
192.3674079999999833
21
-87.7844089999999966
0
LINE
8
BLACK
6
CONTINUOUS
10
192.3674079999999833
20
-87.7844089999999966
11
192.256514999999979
21
-87.8953020000000009
0
LINE
8
BLACK
6
CONTINUOUS
10
192.256514999999979
20
-87.8953020000000009
11
192.1261169999999936
21
-87.9824309999999912
0
LINE
8
BLACK
6
CONTINUOUS
10
192.1261169999999936
20
-87.9824309999999912
11
191.9812279999999873
21
-88.0424459999999982
0
LINE
8
BLACK
6
CONTINUOUS
10
191.9812279999999873
20
-88.0424459999999982
11
191.8274140000000045
21
-88.0730420000000009
0
LINE
8
BLACK
6
CONTINUOUS
10
191.8274140000000045
20
-88.0730420000000009
11
191.6705859999999859
21
-88.0730420000000009
0
LINE
8
BLACK
6
CONTINUOUS
10
191.6705859999999859
20
-88.0730420000000009
11
191.5167720000000031
21
-88.0424459999999982
0
LINE
8
BLACK
6
CONTINUOUS
10
191.5167720000000031
20
-88.0424459999999982
11
191.3718829999999969
21
-87.9824309999999912
0
LINE
8
BLACK
6
CONTINUOUS
10
191.3718829999999969
20
-87.9824309999999912
11
191.2414849999999831
21
-87.8953020000000009
0
LINE
8
BLACK
6
CONTINUOUS
10
191.2414849999999831
20
-87.8953020000000009
11
191.1305919999999787
21
-87.7844089999999966
0
LINE
8
BLACK
6
CONTINUOUS
10
191.1305919999999787
20
-87.7844089999999966
11
191.0434630000000027
21
-87.654010999999997
0
LINE
8
BLACK
6
CONTINUOUS
10
191.0434630000000027
20
-87.654010999999997
11
190.9834479999999814
21
-87.5091219999999907
0
LINE
8
BLACK
6
CONTINUOUS
10
190.9834479999999814
20
-87.5091219999999907
11
190.9528519999999787
21
-87.3553079999999937
0
LINE
8
BLACK
6
CONTINUOUS
10
190.9528519999999787
20
-87.3553079999999937
11
190.9528519999999787
21
-87.1984799999999893
0
LINE
8
BLACK
6
CONTINUOUS
10
190.9528519999999787
20
-87.1984799999999893
11
190.9834479999999814
21
-87.0446659999999923
0
LINE
8
BLACK
6
CONTINUOUS
10
190.9834479999999814
20
-87.0446659999999923
11
191.0434630000000027
21
-86.8997770000000003
0
LINE
8
BLACK
6
CONTINUOUS
10
191.0434630000000027
20
-86.8997770000000003
11
191.1305919999999787
21
-86.7693790000000007
0
LINE
8
BLACK
6
CONTINUOUS
10
191.1305919999999787
20
-86.7693790000000007
11
191.2414849999999831
21
-86.6584859999999964
0
LINE
8
BLACK
6
CONTINUOUS
10
191.2414849999999831
20
-86.6584859999999964
11
191.3718829999999969
21
-86.5713569999999919
0
LINE
8
BLACK
6
CONTINUOUS
10
191.3718829999999969
20
-86.5713569999999919
11
191.4505800000000022
21
-86.5387589999999989
0
LINE
8
BLACK
6
CONTINUOUS
10
191.4505800000000022
20
-86.5387589999999989
11
195.6289099999999905
21
-82.3604289999999963
0
LINE
8
BLACK
6
CONTINUOUS
10
195.6289099999999905
20
-82.3604289999999963
11
195.6444630000000018
21
-82.3228829999999903
0
LINE
8
BLACK
6
CONTINUOUS
10
195.6444630000000018
20
-82.3228829999999903
11
195.7315919999999778
21
-82.1924849999999907
0
LINE
8
BLACK
6
CONTINUOUS
10
195.7315919999999778
20
-82.1924849999999907
11
195.8424849999999822
21
-82.0815920000000006
0
LINE
8
BLACK
6
CONTINUOUS
10
195.8424849999999822
20
-82.0815920000000006
11
195.9728829999999959
21
-81.9944629999999961
0
LINE
8
BLACK
6
CONTINUOUS
10
195.9728829999999959
20
-81.9944629999999961
11
196.1177720000000022
21
-81.9344480000000033
0
LINE
8
BLACK
6
CONTINUOUS
10
196.1177720000000022
20
-81.9344480000000033
11
196.271585999999985
21
-81.9038520000000005
0
LINE
8
BLACK
6
CONTINUOUS
10
196.271585999999985
20
-81.9038520000000005
11
196.4284140000000036
21
-81.9038520000000005
0
LINE
8
BLACK
6
CONTINUOUS
10
196.4284140000000036
20
-81.9038520000000005
11
196.5822279999999864
21
-81.9344480000000033
0
LINE
8
BLACK
6
CONTINUOUS
10
75.6811039999999906
20
-86.3371269999999953
11
75.7540989999999965
21
-86.3859009999999898
0
LINE
8
BLACK
6
CONTINUOUS
10
75.7540989999999965
20
-86.3859009999999898
11
75.8028729999999911
21
-86.4588959999999958
0
LINE
8
BLACK
6
CONTINUOUS
10
75.8028729999999911
20
-86.4588959999999958
11
75.8199999999999932
21
-86.5450000000000017
0
LINE
8
BLACK
6
CONTINUOUS
10
75.8199999999999932
20
-86.5450000000000017
11
75.8199999999999932
21
-87.5949999999999989
0
LINE
8
BLACK
6
CONTINUOUS
10
75.8199999999999932
20
-87.5949999999999989
11
75.8028729999999911
21
-87.6811039999999906
0
LINE
8
BLACK
6
CONTINUOUS
10
75.8028729999999911
20
-87.6811039999999906
11
75.7540989999999965
21
-87.7540989999999965
0
LINE
8
BLACK
6
CONTINUOUS
10
75.7540989999999965
20
-87.7540989999999965
11
75.6811039999999906
21
-87.8028729999999911
0
LINE
8
BLACK
6
CONTINUOUS
10
75.6811039999999906
20
-87.8028729999999911
11
75.5949999999999989
21
-87.8199999999999932
0
LINE
8
BLACK
6
CONTINUOUS
10
75.5949999999999989
20
-87.8199999999999932
11
66.0450000000000017
21
-87.8199999999999932
0
LINE
8
BLACK
6
CONTINUOUS
10
66.0450000000000017
20
-87.8199999999999932
11
65.9588959999999958
21
-87.8028729999999911
0
LINE
8
BLACK
6
CONTINUOUS
10
65.9588959999999958
20
-87.8028729999999911
11
65.885901000000004
21
-87.7540989999999965
0
LINE
8
BLACK
6
CONTINUOUS
10
65.885901000000004
20
-87.7540989999999965
11
65.8371269999999953
21
-87.6811039999999906
0
LINE
8
BLACK
6
CONTINUOUS
10
65.8371269999999953
20
-87.6811039999999906
11
65.8199999999999932
21
-87.5949999999999989
0
LINE
8
BLACK
6
CONTINUOUS
10
65.8199999999999932
20
-87.5949999999999989
11
65.8199999999999932
21
-86.5450000000000017
0
LINE
8
BLACK
6
CONTINUOUS
10
65.8199999999999932
20
-86.5450000000000017
11
65.8371269999999953
21
-86.4588959999999958
0
LINE
8
BLACK
6
CONTINUOUS
10
65.8371269999999953
20
-86.4588959999999958
11
65.885901000000004
21
-86.3859009999999898
0
LINE
8
BLACK
6
CONTINUOUS
10
65.885901000000004
20
-86.3859009999999898
11
65.9588959999999958
21
-86.3371269999999953
0
LINE
8
BLACK
6
CONTINUOUS
10
65.9588959999999958
20
-86.3371269999999953
11
66.0450000000000017
21
-86.3199999999999932
0
LINE
8
BLACK
6
CONTINUOUS
10
66.0450000000000017
20
-86.3199999999999932
11
75.5949999999999989
21
-86.3199999999999932
0
LINE
8
BLACK
6
CONTINUOUS
10
75.5949999999999989
20
-86.3199999999999932
11
75.6811039999999906
21
-86.3371269999999953
0
LINE
8
BLACK
6
CONTINUOUS
10
105.6811039999999906
20
-86.3371269999999953
11
105.7540989999999965
21
-86.3859009999999898
0
LINE
8
BLACK
6
CONTINUOUS
10
105.7540989999999965
20
-86.3859009999999898
11
105.8028729999999911
21
-86.4588959999999958
0
LINE
8
BLACK
6
CONTINUOUS
10
105.8028729999999911
20
-86.4588959999999958
11
105.8199999999999932
21
-86.5450000000000017
0
LINE
8
BLACK
6
CONTINUOUS
10
105.8199999999999932
20
-86.5450000000000017
11
105.8199999999999932
21
-87.5949999999999989
0
LINE
8
BLACK
6
CONTINUOUS
10
105.8199999999999932
20
-87.5949999999999989
11
105.8028729999999911
21
-87.6811039999999906
0
LINE
8
BLACK
6
CONTINUOUS
10
105.8028729999999911
20
-87.6811039999999906
11
105.7540989999999965
21
-87.7540989999999965
0
LINE
8
BLACK
6
CONTINUOUS
10
105.7540989999999965
20
-87.7540989999999965
11
105.6811039999999906
21
-87.8028729999999911
0
LINE
8
BLACK
6
CONTINUOUS
10
105.6811039999999906
20
-87.8028729999999911
11
105.5949999999999989
21
-87.8199999999999932
0
LINE
8
BLACK
6
CONTINUOUS
10
105.5949999999999989
20
-87.8199999999999932
11
96.0450000000000017
21
-87.8199999999999932
0
LINE
8
BLACK
6
CONTINUOUS
10
96.0450000000000017
20
-87.8199999999999932
11
95.9588959999999958
21
-87.8028729999999911
0
LINE
8
BLACK
6
CONTINUOUS
10
95.9588959999999958
20
-87.8028729999999911
11
95.8859009999999898
21
-87.7540989999999965
0
LINE
8
BLACK
6
CONTINUOUS
10
95.8859009999999898
20
-87.7540989999999965
11
95.8371269999999953
21
-87.6811039999999906
0
LINE
8
BLACK
6
CONTINUOUS
10
95.8371269999999953
20
-87.6811039999999906
11
95.8199999999999932
21
-87.5949999999999989
0
LINE
8
BLACK
6
CONTINUOUS
10
95.8199999999999932
20
-87.5949999999999989
11
95.8199999999999932
21
-86.5450000000000017
0
LINE
8
BLACK
6
CONTINUOUS
10
95.8199999999999932
20
-86.5450000000000017
11
95.8371269999999953
21
-86.4588959999999958
0
LINE
8
BLACK
6
CONTINUOUS
10
95.8371269999999953
20
-86.4588959999999958
11
95.8859009999999898
21
-86.3859009999999898
0
LINE
8
BLACK
6
CONTINUOUS
10
95.8859009999999898
20
-86.3859009999999898
11
95.9588959999999958
21
-86.3371269999999953
0
LINE
8
BLACK
6
CONTINUOUS
10
95.9588959999999958
20
-86.3371269999999953
11
96.0450000000000017
21
-86.3199999999999932
0
LINE
8
BLACK
6
CONTINUOUS
10
96.0450000000000017
20
-86.3199999999999932
11
105.5949999999999989
21
-86.3199999999999932
0
LINE
8
BLACK
6
CONTINUOUS
10
105.5949999999999989
20
-86.3199999999999932
11
105.6811039999999906
21
-86.3371269999999953
0
LINE
8
BLACK
6
CONTINUOUS
10
154.501103999999998
20
-86.3371269999999953
11
154.5740989999999897
21
-86.3859009999999898
0
LINE
8
BLACK
6
CONTINUOUS
10
154.5740989999999897
20
-86.3859009999999898
11
154.6228729999999985
21
-86.4588959999999958
0
LINE
8
BLACK
6
CONTINUOUS
10
154.6228729999999985
20
-86.4588959999999958
11
154.6399999999999864
21
-86.5450000000000017
0
LINE
8
BLACK
6
CONTINUOUS
10
154.6399999999999864
20
-86.5450000000000017
11
154.6399999999999864
21
-87.5949999999999989
0
LINE
8
BLACK
6
CONTINUOUS
10
154.6399999999999864
20
-87.5949999999999989
11
154.6228729999999985
21
-87.6811039999999906
0
LINE
8
BLACK
6
CONTINUOUS
10
154.6228729999999985
20
-87.6811039999999906
11
154.5740989999999897
21
-87.7540989999999965
0
LINE
8
BLACK
6
CONTINUOUS
10
154.5740989999999897
20
-87.7540989999999965
11
154.501103999999998
21
-87.8028729999999911
0
LINE
8
BLACK
6
CONTINUOUS
10
154.501103999999998
20
-87.8028729999999911
11
154.414999999999992
21
-87.8199999999999932
0
LINE
8
BLACK
6
CONTINUOUS
10
154.414999999999992
20
-87.8199999999999932
11
144.8649999999999807
21
-87.8199999999999932
0
LINE
8
BLACK
6
CONTINUOUS
10
144.8649999999999807
20
-87.8199999999999932
11
144.7788960000000031
21
-87.8028729999999911
0
LINE
8
BLACK
6
CONTINUOUS
10
144.7788960000000031
20
-87.8028729999999911
11
144.705900999999983
21
-87.7540989999999965
0
LINE
8
BLACK
6
CONTINUOUS
10
144.705900999999983
20
-87.7540989999999965
11
144.6571270000000027
21
-87.6811039999999906
0
LINE
8
BLACK
6
CONTINUOUS
10
144.6571270000000027
20
-87.6811039999999906
11
144.6399999999999864
21
-87.5949999999999989
0
LINE
8
BLACK
6
CONTINUOUS
10
144.6399999999999864
20
-87.5949999999999989
11
144.6399999999999864
21
-86.5450000000000017
0
LINE
8
BLACK
6
CONTINUOUS
10
144.6399999999999864
20
-86.5450000000000017
11
144.6571270000000027
21
-86.4588959999999958
0
LINE
8
BLACK
6
CONTINUOUS
10
144.6571270000000027
20
-86.4588959999999958
11
144.705900999999983
21
-86.3859009999999898
0
LINE
8
BLACK
6
CONTINUOUS
10
144.705900999999983
20
-86.3859009999999898
11
144.7788960000000031
21
-86.3371269999999953
0
LINE
8
BLACK
6
CONTINUOUS
10
144.7788960000000031
20
-86.3371269999999953
11
144.8649999999999807
21
-86.3199999999999932
0
LINE
8
BLACK
6
CONTINUOUS
10
144.8649999999999807
20
-86.3199999999999932
11
154.414999999999992
21
-86.3199999999999932
0
LINE
8
BLACK
6
CONTINUOUS
10
154.414999999999992
20
-86.3199999999999932
11
154.501103999999998
21
-86.3371269999999953
0
LINE
8
BLACK
6
CONTINUOUS
10
184.501103999999998
20
-86.3371269999999953
11
184.5740989999999897
21
-86.3859009999999898
0
LINE
8
BLACK
6
CONTINUOUS
10
184.5740989999999897
20
-86.3859009999999898
11
184.6228729999999985
21
-86.4588959999999958
0
LINE
8
BLACK
6
CONTINUOUS
10
184.6228729999999985
20
-86.4588959999999958
11
184.6399999999999864
21
-86.5450000000000017
0
LINE
8
BLACK
6
CONTINUOUS
10
184.6399999999999864
20
-86.5450000000000017
11
184.6399999999999864
21
-87.5949999999999989
0
LINE
8
BLACK
6
CONTINUOUS
10
184.6399999999999864
20
-87.5949999999999989
11
184.6228729999999985
21
-87.6811039999999906
0
LINE
8
BLACK
6
CONTINUOUS
10
184.6228729999999985
20
-87.6811039999999906
11
184.5740989999999897
21
-87.7540989999999965
0
LINE
8
BLACK
6
CONTINUOUS
10
184.5740989999999897
20
-87.7540989999999965
11
184.501103999999998
21
-87.8028729999999911
0
LINE
8
BLACK
6
CONTINUOUS
10
184.501103999999998
20
-87.8028729999999911
11
184.414999999999992
21
-87.8199999999999932
0
LINE
8
BLACK
6
CONTINUOUS
10
184.414999999999992
20
-87.8199999999999932
11
174.8649999999999807
21
-87.8199999999999932
0
LINE
8
BLACK
6
CONTINUOUS
10
174.8649999999999807
20
-87.8199999999999932
11
174.7788960000000031
21
-87.8028729999999911
0
LINE
8
BLACK
6
CONTINUOUS
10
174.7788960000000031
20
-87.8028729999999911
11
174.705900999999983
21
-87.7540989999999965
0
LINE
8
BLACK
6
CONTINUOUS
10
174.705900999999983
20
-87.7540989999999965
11
174.6571270000000027
21
-87.6811039999999906
0
LINE
8
BLACK
6
CONTINUOUS
10
174.6571270000000027
20
-87.6811039999999906
11
174.6399999999999864
21
-87.5949999999999989
0
LINE
8
BLACK
6
CONTINUOUS
10
174.6399999999999864
20
-87.5949999999999989
11
174.6399999999999864
21
-86.5450000000000017
0
LINE
8
BLACK
6
CONTINUOUS
10
174.6399999999999864
20
-86.5450000000000017
11
174.6571270000000027
21
-86.4588959999999958
0
LINE
8
BLACK
6
CONTINUOUS
10
174.6571270000000027
20
-86.4588959999999958
11
174.705900999999983
21
-86.3859009999999898
0
LINE
8
BLACK
6
CONTINUOUS
10
174.705900999999983
20
-86.3859009999999898
11
174.7788960000000031
21
-86.3371269999999953
0
LINE
8
BLACK
6
CONTINUOUS
10
174.7788960000000031
20
-86.3371269999999953
11
174.8649999999999807
21
-86.3199999999999932
0
LINE
8
BLACK
6
CONTINUOUS
10
174.8649999999999807
20
-86.3199999999999932
11
184.414999999999992
21
-86.3199999999999932
0
LINE
8
BLACK
6
CONTINUOUS
10
184.414999999999992
20
-86.3199999999999932
11
184.501103999999998
21
-86.3371269999999953
0
LINE
8
BLACK
6
CONTINUOUS
10
230.7011039999999866
20
-85.7171269999999907
11
230.7740989999999783
21
-85.7659009999999995
0
LINE
8
BLACK
6
CONTINUOUS
10
230.7740989999999783
20
-85.7659009999999995
11
230.8228729999999871
21
-85.8388959999999912
0
LINE
8
BLACK
6
CONTINUOUS
10
230.8228729999999871
20
-85.8388959999999912
11
230.8400000000000034
21
-85.9249999999999972
0
LINE
8
BLACK
6
CONTINUOUS
10
230.8400000000000034
20
-85.9249999999999972
11
230.8400000000000034
21
-86.9749999999999943
0
LINE
8
BLACK
6
CONTINUOUS
10
230.8400000000000034
20
-86.9749999999999943
11
230.8228729999999871
21
-87.0611040000000003
0
LINE
8
BLACK
6
CONTINUOUS
10
230.8228729999999871
20
-87.0611040000000003
11
230.7740989999999783
21
-87.134098999999992
0
LINE
8
BLACK
6
CONTINUOUS
10
230.7740989999999783
20
-87.134098999999992
11
230.7011039999999866
21
-87.1828730000000007
0
LINE
8
BLACK
6
CONTINUOUS
10
230.7011039999999866
20
-87.1828730000000007
11
230.6149999999999807
21
-87.2000000000000028
0
LINE
8
BLACK
6
CONTINUOUS
10
230.6149999999999807
20
-87.2000000000000028
11
221.0649999999999977
21
-87.2000000000000028
0
LINE
8
BLACK
6
CONTINUOUS
10
221.0649999999999977
20
-87.2000000000000028
11
220.9788959999999918
21
-87.1828730000000007
0
LINE
8
BLACK
6
CONTINUOUS
10
220.9788959999999918
20
-87.1828730000000007
11
220.9059010000000001
21
-87.134098999999992
0
LINE
8
BLACK
6
CONTINUOUS
10
220.9059010000000001
20
-87.134098999999992
11
220.8571269999999913
21
-87.0611040000000003
0
LINE
8
BLACK
6
CONTINUOUS
10
220.8571269999999913
20
-87.0611040000000003
11
220.8400000000000034
21
-86.9749999999999943
0
LINE
8
BLACK
6
CONTINUOUS
10
220.8400000000000034
20
-86.9749999999999943
11
220.8400000000000034
21
-85.9249999999999972
0
LINE
8
BLACK
6
CONTINUOUS
10
220.8400000000000034
20
-85.9249999999999972
11
220.8571269999999913
21
-85.8388959999999912
0
LINE
8
BLACK
6
CONTINUOUS
10
220.8571269999999913
20
-85.8388959999999912
11
220.9059010000000001
21
-85.7659009999999995
0
LINE
8
BLACK
6
CONTINUOUS
10
220.9059010000000001
20
-85.7659009999999995
11
220.9788959999999918
21
-85.7171269999999907
0
LINE
8
BLACK
6
CONTINUOUS
10
220.9788959999999918
20
-85.7171269999999907
11
221.0649999999999977
21
-85.7000000000000028
0
LINE
8
BLACK
6
CONTINUOUS
10
221.0649999999999977
20
-85.7000000000000028
11
230.6149999999999807
21
-85.7000000000000028
0
LINE
8
BLACK
6
CONTINUOUS
10
230.6149999999999807
20
-85.7000000000000028
11
230.7011039999999866
21
-85.7171269999999907
0
LINE
8
BLACK
6
CONTINUOUS
10
47.6422279999999958
20
-73.9944479999999913
11
47.787116999999995
21
-74.0544629999999984
0
LINE
8
BLACK
6
CONTINUOUS
10
47.787116999999995
20
-74.0544629999999984
11
47.9175149999999945
21
-74.1415920000000028
0
LINE
8
BLACK
6
CONTINUOUS
10
47.9175149999999945
20
-74.1415920000000028
11
48.0284079999999989
21
-74.252484999999993
0
LINE
8
BLACK
6
CONTINUOUS
10
48.0284079999999989
20
-74.252484999999993
11
48.1155369999999962
21
-74.3828829999999925
0
LINE
8
BLACK
6
CONTINUOUS
10
48.1155369999999962
20
-74.3828829999999925
11
48.1755519999999962
21
-74.5277719999999988
0
LINE
8
BLACK
6
CONTINUOUS
10
48.1755519999999962
20
-74.5277719999999988
11
48.2061479999999989
21
-74.6815859999999958
0
LINE
8
BLACK
6
CONTINUOUS
10
48.2061479999999989
20
-74.6815859999999958
11
48.2061479999999989
21
-74.8384140000000002
0
LINE
8
BLACK
6
CONTINUOUS
10
48.2061479999999989
20
-74.8384140000000002
11
48.1755519999999962
21
-74.9922279999999972
0
LINE
8
BLACK
6
CONTINUOUS
10
48.1755519999999962
20
-74.9922279999999972
11
48.1599999999999966
21
-75.0297729999999916
0
LINE
8
BLACK
6
CONTINUOUS
10
48.1599999999999966
20
-75.0297729999999916
11
48.1599999999999966
21
-79.4993399999999895
0
LINE
8
BLACK
6
CONTINUOUS
10
48.1599999999999966
20
-79.4993399999999895
11
50.7206599999999952
21
-82.0600000000000023
0
LINE
8
BLACK
6
CONTINUOUS
10
50.7206599999999952
20
-82.0600000000000023
11
57.2409999999999997
21
-82.0600000000000023
0
LINE
8
BLACK
6
CONTINUOUS
10
57.2409999999999997
20
-82.0600000000000023
11
57.314512999999998
21
-82.0636109999999945
0
LINE
8
BLACK
6
CONTINUOUS
10
57.314512999999998
20
-82.0636109999999945
11
57.4587129999999959
21
-82.0922939999999954
0
LINE
8
BLACK
6
CONTINUOUS
10
57.4587129999999959
20
-82.0922939999999954
11
57.5255999999999972
21
-82.1199999999999903
0
LINE
8
BLACK
6
CONTINUOUS
10
57.5255999999999972
20
-82.1199999999999903
11
57.5945479999999961
21
-82.1485589999999917
0
LINE
8
BLACK
6
CONTINUOUS
10
57.5945479999999961
20
-82.1485589999999917
11
57.7077600000000004
21
-82.2242049999999978
0
LINE
8
BLACK
6
CONTINUOUS
10
57.7077600000000004
20
-82.2242049999999978
11
57.7167949999999976
21
-82.2302419999999898
0
LINE
8
BLACK
6
CONTINUOUS
10
57.7167949999999976
20
-82.2302419999999898
11
57.771329999999999
21
-82.2796699999999959
0
LINE
8
BLACK
6
CONTINUOUS
10
57.771329999999999
20
-82.2796699999999959
11
59.3005700000000004
21
-83.8089099999999974
0
LINE
8
BLACK
6
CONTINUOUS
10
59.3005700000000004
20
-83.8089099999999974
11
59.3381169999999969
21
-83.8244629999999944
0
LINE
8
BLACK
6
CONTINUOUS
10
59.3381169999999969
20
-83.8244629999999944
11
59.4685149999999965
21
-83.9115919999999988
0
LINE
8
BLACK
6
CONTINUOUS
10
59.4685149999999965
20
-83.9115919999999988
11
59.5794080000000008
21
-84.0224850000000032
0
LINE
8
BLACK
6
CONTINUOUS
10
59.5794080000000008
20
-84.0224850000000032
11
59.6665369999999982
21
-84.1528830000000028
0
LINE
8
BLACK
6
CONTINUOUS
10
59.6665369999999982
20
-84.1528830000000028
11
59.7265519999999981
21
-84.2977719999999948
0
LINE
8
BLACK
6
CONTINUOUS
10
59.7265519999999981
20
-84.2977719999999948
11
59.7571480000000008
21
-84.4515859999999918
0
LINE
8
BLACK
6
CONTINUOUS
10
59.7571480000000008
20
-84.4515859999999918
11
59.7571480000000008
21
-84.6084139999999962
0
LINE
8
BLACK
6
CONTINUOUS
10
59.7571480000000008
20
-84.6084139999999962
11
59.7265519999999981
21
-84.7622279999999932
0
LINE
8
BLACK
6
CONTINUOUS
10
59.7265519999999981
20
-84.7622279999999932
11
59.6665369999999982
21
-84.9071169999999995
0
LINE
8
BLACK
6
CONTINUOUS
10
59.6665369999999982
20
-84.9071169999999995
11
59.5794080000000008
21
-85.0375149999999991
0
LINE
8
BLACK
6
CONTINUOUS
10
59.5794080000000008
20
-85.0375149999999991
11
59.4685149999999965
21
-85.1484079999999892
0
LINE
8
BLACK
6
CONTINUOUS
10
59.4685149999999965
20
-85.1484079999999892
11
59.3381169999999969
21
-85.2355369999999937
0
LINE
8
BLACK
6
CONTINUOUS
10
59.3381169999999969
20
-85.2355369999999937
11
59.1932279999999977
21
-85.2955520000000007
0
LINE
8
BLACK
6
CONTINUOUS
10
59.1932279999999977
20
-85.2955520000000007
11
59.0394140000000007
21
-85.3261479999999892
0
LINE
8
BLACK
6
CONTINUOUS
10
59.0394140000000007
20
-85.3261479999999892
11
58.8825859999999963
21
-85.3261479999999892
0
LINE
8
BLACK
6
CONTINUOUS
10
58.8825859999999963
20
-85.3261479999999892
11
58.7287719999999993
21
-85.2955520000000007
0
LINE
8
BLACK
6
CONTINUOUS
10
58.7287719999999993
20
-85.2955520000000007
11
58.5838830000000002
21
-85.2355369999999937
0
LINE
8
BLACK
6
CONTINUOUS
10
58.5838830000000002
20
-85.2355369999999937
11
58.4534850000000006
21
-85.1484079999999892
0
LINE
8
BLACK
6
CONTINUOUS
10
58.4534850000000006
20
-85.1484079999999892
11
58.3425919999999962
21
-85.0375149999999991
0
LINE
8
BLACK
6
CONTINUOUS
10
58.3425919999999962
20
-85.0375149999999991
11
58.2554629999999989
21
-84.9071169999999995
0
LINE
8
BLACK
6
CONTINUOUS
10
58.2554629999999989
20
-84.9071169999999995
11
58.2399099999999947
21
-84.869569999999996
0
LINE
8
BLACK
6
CONTINUOUS
10
58.2399099999999947
20
-84.869569999999996
11
56.9303399999999939
21
-83.5600000000000023
0
LINE
8
BLACK
6
CONTINUOUS
10
56.9303399999999939
20
-83.5600000000000023
11
50.4099999999999966
21
-83.5600000000000023
0
LINE
8
BLACK
6
CONTINUOUS
10
50.4099999999999966
20
-83.5600000000000023
11
50.3364869999999982
21
-83.5563889999999958
0
LINE
8
BLACK
6
CONTINUOUS
10
50.3364869999999982
20
-83.5563889999999958
11
50.1922870000000003
21
-83.5277059999999949
0
LINE
8
BLACK
6
CONTINUOUS
10
50.1922870000000003
20
-83.5277059999999949
11
50.1127169999999964
21
-83.4947459999999921
0
LINE
8
BLACK
6
CONTINUOUS
10
50.1127169999999964
20
-83.4947459999999921
11
50.0564520000000002
21
-83.4714409999999987
0
LINE
8
BLACK
6
CONTINUOUS
10
50.0564520000000002
20
-83.4714409999999987
11
49.9342049999999986
21
-83.3897580000000005
0
LINE
8
BLACK
6
CONTINUOUS
10
49.9342049999999986
20
-83.3897580000000005
11
49.8796699999999973
21
-83.3403299999999945
0
LINE
8
BLACK
6
CONTINUOUS
10
49.8796699999999973
20
-83.3403299999999945
11
46.8796699999999973
21
-80.3403299999999945
0
LINE
8
BLACK
6
CONTINUOUS
10
46.8796699999999973
20
-80.3403299999999945
11
46.8302419999999984
21
-80.2857949999999931
0
LINE
8
BLACK
6
CONTINUOUS
10
46.8302419999999984
20
-80.2857949999999931
11
46.7485590000000002
21
-80.1635479999999916
0
LINE
8
BLACK
6
CONTINUOUS
10
46.7485590000000002
20
-80.1635479999999916
11
46.725252999999995
21
-80.1072829999999954
0
LINE
8
BLACK
6
CONTINUOUS
10
46.725252999999995
20
-80.1072829999999954
11
46.6922939999999969
21
-80.0277129999999914
0
LINE
8
BLACK
6
CONTINUOUS
10
46.6922939999999969
20
-80.0277129999999914
11
46.663610999999996
21
-79.8835129999999936
0
LINE
8
BLACK
6
CONTINUOUS
10
46.663610999999996
20
-79.8835129999999936
11
46.6599999999999966
21
-79.8100000000000023
0
LINE
8
BLACK
6
CONTINUOUS
10
46.6599999999999966
20
-79.8100000000000023
11
46.6599999999999966
21
-75.0297729999999916
0
LINE
8
BLACK
6
CONTINUOUS
10
46.6599999999999966
20
-75.0297729999999916
11
46.644447999999997
21
-74.9922279999999972
0
LINE
8
BLACK
6
CONTINUOUS
10
46.644447999999997
20
-74.9922279999999972
11
46.6138520000000014
21
-74.8384140000000002
0
LINE
8
BLACK
6
CONTINUOUS
10
46.6138520000000014
20
-74.8384140000000002
11
46.6138520000000014
21
-74.6815859999999958
0
LINE
8
BLACK
6
CONTINUOUS
10
46.6138520000000014
20
-74.6815859999999958
11
46.644447999999997
21
-74.5277719999999988
0
LINE
8
BLACK
6
CONTINUOUS
10
46.644447999999997
20
-74.5277719999999988
11
46.704462999999997
21
-74.3828829999999925
0
LINE
8
BLACK
6
CONTINUOUS
10
46.704462999999997
20
-74.3828829999999925
11
46.7915920000000014
21
-74.252484999999993
0
LINE
8
BLACK
6
CONTINUOUS
10
46.7915920000000014
20
-74.252484999999993
11
46.9024849999999986
21
-74.1415920000000028
0
LINE
8
BLACK
6
CONTINUOUS
10
46.9024849999999986
20
-74.1415920000000028
11
47.0328829999999982
21
-74.0544629999999984
0
LINE
8
BLACK
6
CONTINUOUS
10
47.0328829999999982
20
-74.0544629999999984
11
47.1777719999999974
21
-73.9944479999999913
0
LINE
8
BLACK
6
CONTINUOUS
10
47.1777719999999974
20
-73.9944479999999913
11
47.3315859999999944
21
-73.9638520000000028
0
LINE
8
BLACK
6
CONTINUOUS
10
47.3315859999999944
20
-73.9638520000000028
11
47.4884139999999988
21
-73.9638520000000028
0
LINE
8
BLACK
6
CONTINUOUS
10
47.4884139999999988
20
-73.9638520000000028
11
47.6422279999999958
21
-73.9944479999999913
0
LINE
8
BLACK
6
CONTINUOUS
10
75.6811039999999906
20
-83.7971270000000032
11
75.7540989999999965
21
-83.8459009999999978
0
LINE
8
BLACK
6
CONTINUOUS
10
75.7540989999999965
20
-83.8459009999999978
11
75.8028729999999911
21
-83.9188959999999895
0
LINE
8
BLACK
6
CONTINUOUS
10
75.8028729999999911
20
-83.9188959999999895
11
75.8199999999999932
21
-84.0049999999999955
0
LINE
8
BLACK
6
CONTINUOUS
10
75.8199999999999932
20
-84.0049999999999955
11
75.8199999999999932
21
-85.0549999999999926
0
LINE
8
BLACK
6
CONTINUOUS
10
75.8199999999999932
20
-85.0549999999999926
11
75.8028729999999911
21
-85.1411039999999986
0
LINE
8
BLACK
6
CONTINUOUS
10
75.8028729999999911
20
-85.1411039999999986
11
75.7540989999999965
21
-85.2140989999999903
0
LINE
8
BLACK
6
CONTINUOUS
10
75.7540989999999965
20
-85.2140989999999903
11
75.6811039999999906
21
-85.262872999999999
0
LINE
8
BLACK
6
CONTINUOUS
10
75.6811039999999906
20
-85.262872999999999
11
75.5949999999999989
21
-85.2800000000000011
0
LINE
8
BLACK
6
CONTINUOUS
10
75.5949999999999989
20
-85.2800000000000011
11
66.0450000000000017
21
-85.2800000000000011
0
LINE
8
BLACK
6
CONTINUOUS
10
66.0450000000000017
20
-85.2800000000000011
11
65.9588959999999958
21
-85.262872999999999
0
LINE
8
BLACK
6
CONTINUOUS
10
65.9588959999999958
20
-85.262872999999999
11
65.885901000000004
21
-85.2140989999999903
0
LINE
8
BLACK
6
CONTINUOUS
10
65.885901000000004
20
-85.2140989999999903
11
65.8371269999999953
21
-85.1411039999999986
0
LINE
8
BLACK
6
CONTINUOUS
10
65.8371269999999953
20
-85.1411039999999986
11
65.8199999999999932
21
-85.0549999999999926
0
LINE
8
BLACK
6
CONTINUOUS
10
65.8199999999999932
20
-85.0549999999999926
11
65.8199999999999932
21
-84.0049999999999955
0
LINE
8
BLACK
6
CONTINUOUS
10
65.8199999999999932
20
-84.0049999999999955
11
65.8371269999999953
21
-83.9188959999999895
0
LINE
8
BLACK
6
CONTINUOUS
10
65.8371269999999953
20
-83.9188959999999895
11
65.885901000000004
21
-83.8459009999999978
0
LINE
8
BLACK
6
CONTINUOUS
10
65.885901000000004
20
-83.8459009999999978
11
65.9588959999999958
21
-83.7971270000000032
0
LINE
8
BLACK
6
CONTINUOUS
10
65.9588959999999958
20
-83.7971270000000032
11
66.0450000000000017
21
-83.7800000000000011
0
LINE
8
BLACK
6
CONTINUOUS
10
66.0450000000000017
20
-83.7800000000000011
11
75.5949999999999989
21
-83.7800000000000011
0
LINE
8
BLACK
6
CONTINUOUS
10
75.5949999999999989
20
-83.7800000000000011
11
75.6811039999999906
21
-83.7971270000000032
0
LINE
8
BLACK
6
CONTINUOUS
10
105.6811039999999906
20
-83.7971270000000032
11
105.7540989999999965
21
-83.8459009999999978
0
LINE
8
BLACK
6
CONTINUOUS
10
105.7540989999999965
20
-83.8459009999999978
11
105.8028729999999911
21
-83.9188959999999895
0
LINE
8
BLACK
6
CONTINUOUS
10
105.8028729999999911
20
-83.9188959999999895
11
105.8199999999999932
21
-84.0049999999999955
0
LINE
8
BLACK
6
CONTINUOUS
10
105.8199999999999932
20
-84.0049999999999955
11
105.8199999999999932
21
-85.0549999999999926
0
LINE
8
BLACK
6
CONTINUOUS
10
105.8199999999999932
20
-85.0549999999999926
11
105.8028729999999911
21
-85.1411039999999986
0
LINE
8
BLACK
6
CONTINUOUS
10
105.8028729999999911
20
-85.1411039999999986
11
105.7540989999999965
21
-85.2140989999999903
0
LINE
8
BLACK
6
CONTINUOUS
10
105.7540989999999965
20
-85.2140989999999903
11
105.6811039999999906
21
-85.262872999999999
0
LINE
8
BLACK
6
CONTINUOUS
10
105.6811039999999906
20
-85.262872999999999
11
105.5949999999999989
21
-85.2800000000000011
0
LINE
8
BLACK
6
CONTINUOUS
10
105.5949999999999989
20
-85.2800000000000011
11
96.0450000000000017
21
-85.2800000000000011
0
LINE
8
BLACK
6
CONTINUOUS
10
96.0450000000000017
20
-85.2800000000000011
11
95.9588959999999958
21
-85.262872999999999
0
LINE
8
BLACK
6
CONTINUOUS
10
95.9588959999999958
20
-85.262872999999999
11
95.8859009999999898
21
-85.2140989999999903
0
LINE
8
BLACK
6
CONTINUOUS
10
95.8859009999999898
20
-85.2140989999999903
11
95.8371269999999953
21
-85.1411039999999986
0
LINE
8
BLACK
6
CONTINUOUS
10
95.8371269999999953
20
-85.1411039999999986
11
95.8199999999999932
21
-85.0549999999999926
0
LINE
8
BLACK
6
CONTINUOUS
10
95.8199999999999932
20
-85.0549999999999926
11
95.8199999999999932
21
-84.0049999999999955
0
LINE
8
BLACK
6
CONTINUOUS
10
95.8199999999999932
20
-84.0049999999999955
11
95.8371269999999953
21
-83.9188959999999895
0
LINE
8
BLACK
6
CONTINUOUS
10
95.8371269999999953
20
-83.9188959999999895
11
95.8859009999999898
21
-83.8459009999999978
0
LINE
8
BLACK
6
CONTINUOUS
10
95.8859009999999898
20
-83.8459009999999978
11
95.9588959999999958
21
-83.7971270000000032
0
LINE
8
BLACK
6
CONTINUOUS
10
95.9588959999999958
20
-83.7971270000000032
11
96.0450000000000017
21
-83.7800000000000011
0
LINE
8
BLACK
6
CONTINUOUS
10
96.0450000000000017
20
-83.7800000000000011
11
105.5949999999999989
21
-83.7800000000000011
0
LINE
8
BLACK
6
CONTINUOUS
10
105.5949999999999989
20
-83.7800000000000011
11
105.6811039999999906
21
-83.7971270000000032
0
LINE
8
BLACK
6
CONTINUOUS
10
154.501103999999998
20
-83.7971270000000032
11
154.5740989999999897
21
-83.8459009999999978
0
LINE
8
BLACK
6
CONTINUOUS
10
154.5740989999999897
20
-83.8459009999999978
11
154.6228729999999985
21
-83.9188959999999895
0
LINE
8
BLACK
6
CONTINUOUS
10
154.6228729999999985
20
-83.9188959999999895
11
154.6399999999999864
21
-84.0049999999999955
0
LINE
8
BLACK
6
CONTINUOUS
10
154.6399999999999864
20
-84.0049999999999955
11
154.6399999999999864
21
-85.0549999999999926
0
LINE
8
BLACK
6
CONTINUOUS
10
154.6399999999999864
20
-85.0549999999999926
11
154.6228729999999985
21
-85.1411039999999986
0
LINE
8
BLACK
6
CONTINUOUS
10
154.6228729999999985
20
-85.1411039999999986
11
154.5740989999999897
21
-85.2140989999999903
0
LINE
8
BLACK
6
CONTINUOUS
10
154.5740989999999897
20
-85.2140989999999903
11
154.501103999999998
21
-85.262872999999999
0
LINE
8
BLACK
6
CONTINUOUS
10
154.501103999999998
20
-85.262872999999999
11
154.414999999999992
21
-85.2800000000000011
0
LINE
8
BLACK
6
CONTINUOUS
10
154.414999999999992
20
-85.2800000000000011
11
144.8649999999999807
21
-85.2800000000000011
0
LINE
8
BLACK
6
CONTINUOUS
10
144.8649999999999807
20
-85.2800000000000011
11
144.7788960000000031
21
-85.262872999999999
0
LINE
8
BLACK
6
CONTINUOUS
10
144.7788960000000031
20
-85.262872999999999
11
144.705900999999983
21
-85.2140989999999903
0
LINE
8
BLACK
6
CONTINUOUS
10
144.705900999999983
20
-85.2140989999999903
11
144.6571270000000027
21
-85.1411039999999986
0
LINE
8
BLACK
6
CONTINUOUS
10
144.6571270000000027
20
-85.1411039999999986
11
144.6399999999999864
21
-85.0549999999999926
0
LINE
8
BLACK
6
CONTINUOUS
10
144.6399999999999864
20
-85.0549999999999926
11
144.6399999999999864
21
-84.0049999999999955
0
LINE
8
BLACK
6
CONTINUOUS
10
144.6399999999999864
20
-84.0049999999999955
11
144.6571270000000027
21
-83.9188959999999895
0
LINE
8
BLACK
6
CONTINUOUS
10
144.6571270000000027
20
-83.9188959999999895
11
144.705900999999983
21
-83.8459009999999978
0
LINE
8
BLACK
6
CONTINUOUS
10
144.705900999999983
20
-83.8459009999999978
11
144.7788960000000031
21
-83.7971270000000032
0
LINE
8
BLACK
6
CONTINUOUS
10
144.7788960000000031
20
-83.7971270000000032
11
144.8649999999999807
21
-83.7800000000000011
0
LINE
8
BLACK
6
CONTINUOUS
10
144.8649999999999807
20
-83.7800000000000011
11
154.414999999999992
21
-83.7800000000000011
0
LINE
8
BLACK
6
CONTINUOUS
10
154.414999999999992
20
-83.7800000000000011
11
154.501103999999998
21
-83.7971270000000032
0
LINE
8
BLACK
6
CONTINUOUS
10
184.501103999999998
20
-83.7971270000000032
11
184.5740989999999897
21
-83.8459009999999978
0
LINE
8
BLACK
6
CONTINUOUS
10
184.5740989999999897
20
-83.8459009999999978
11
184.6228729999999985
21
-83.9188959999999895
0
LINE
8
BLACK
6
CONTINUOUS
10
184.6228729999999985
20
-83.9188959999999895
11
184.6399999999999864
21
-84.0049999999999955
0
LINE
8
BLACK
6
CONTINUOUS
10
184.6399999999999864
20
-84.0049999999999955
11
184.6399999999999864
21
-85.0549999999999926
0
LINE
8
BLACK
6
CONTINUOUS
10
184.6399999999999864
20
-85.0549999999999926
11
184.6228729999999985
21
-85.1411039999999986
0
LINE
8
BLACK
6
CONTINUOUS
10
184.6228729999999985
20
-85.1411039999999986
11
184.5740989999999897
21
-85.2140989999999903
0
LINE
8
BLACK
6
CONTINUOUS
10
184.5740989999999897
20
-85.2140989999999903
11
184.501103999999998
21
-85.262872999999999
0
LINE
8
BLACK
6
CONTINUOUS
10
184.501103999999998
20
-85.262872999999999
11
184.414999999999992
21
-85.2800000000000011
0
LINE
8
BLACK
6
CONTINUOUS
10
184.414999999999992
20
-85.2800000000000011
11
174.8649999999999807
21
-85.2800000000000011
0
LINE
8
BLACK
6
CONTINUOUS
10
174.8649999999999807
20
-85.2800000000000011
11
174.7788960000000031
21
-85.262872999999999
0
LINE
8
BLACK
6
CONTINUOUS
10
174.7788960000000031
20
-85.262872999999999
11
174.705900999999983
21
-85.2140989999999903
0
LINE
8
BLACK
6
CONTINUOUS
10
174.705900999999983
20
-85.2140989999999903
11
174.6571270000000027
21
-85.1411039999999986
0
LINE
8
BLACK
6
CONTINUOUS
10
174.6571270000000027
20
-85.1411039999999986
11
174.6399999999999864
21
-85.0549999999999926
0
LINE
8
BLACK
6
CONTINUOUS
10
174.6399999999999864
20
-85.0549999999999926
11
174.6399999999999864
21
-84.0049999999999955
0
LINE
8
BLACK
6
CONTINUOUS
10
174.6399999999999864
20
-84.0049999999999955
11
174.6571270000000027
21
-83.9188959999999895
0
LINE
8
BLACK
6
CONTINUOUS
10
174.6571270000000027
20
-83.9188959999999895
11
174.705900999999983
21
-83.8459009999999978
0
LINE
8
BLACK
6
CONTINUOUS
10
174.705900999999983
20
-83.8459009999999978
11
174.7788960000000031
21
-83.7971270000000032
0
LINE
8
BLACK
6
CONTINUOUS
10
174.7788960000000031
20
-83.7971270000000032
11
174.8649999999999807
21
-83.7800000000000011
0
LINE
8
BLACK
6
CONTINUOUS
10
174.8649999999999807
20
-83.7800000000000011
11
184.414999999999992
21
-83.7800000000000011
0
LINE
8
BLACK
6
CONTINUOUS
10
184.414999999999992
20
-83.7800000000000011
11
184.501103999999998
21
-83.7971270000000032
0
LINE
8
BLACK
6
CONTINUOUS
10
239.6981219999999837
20
-83.144447999999997
11
239.84301099999999
21
-83.2044629999999898
0
LINE
8
BLACK
6
CONTINUOUS
10
239.84301099999999
20
-83.2044629999999898
11
239.9734089999999753
21
-83.2915919999999943
0
LINE
8
BLACK
6
CONTINUOUS
10
239.9734089999999753
20
-83.2915919999999943
11
240.0843019999999797
21
-83.4024849999999986
0
LINE
8
BLACK
6
CONTINUOUS
10
240.0843019999999797
20
-83.4024849999999986
11
240.1714309999999841
21
-83.5328829999999982
0
LINE
8
BLACK
6
CONTINUOUS
10
240.1714309999999841
20
-83.5328829999999982
11
240.2314459999999769
21
-83.6777719999999903
0
LINE
8
BLACK
6
CONTINUOUS
10
240.2314459999999769
20
-83.6777719999999903
11
240.2620419999999797
21
-83.8315860000000015
0
LINE
8
BLACK
6
CONTINUOUS
10
240.2620419999999797
20
-83.8315860000000015
11
240.2620419999999797
21
-83.9884139999999917
0
LINE
8
BLACK
6
CONTINUOUS
10
240.2620419999999797
20
-83.9884139999999917
11
240.2314459999999769
21
-84.1422280000000029
0
LINE
8
BLACK
6
CONTINUOUS
10
240.2314459999999769
20
-84.1422280000000029
11
240.1714309999999841
21
-84.287116999999995
0
LINE
8
BLACK
6
CONTINUOUS
10
240.1714309999999841
20
-84.287116999999995
11
240.0843019999999797
21
-84.4175149999999945
0
LINE
8
BLACK
6
CONTINUOUS
10
240.0843019999999797
20
-84.4175149999999945
11
239.9734089999999753
21
-84.5284079999999989
0
LINE
8
BLACK
6
CONTINUOUS
10
239.9734089999999753
20
-84.5284079999999989
11
239.84301099999999
21
-84.6155369999999891
0
LINE
8
BLACK
6
CONTINUOUS
10
239.84301099999999
20
-84.6155369999999891
11
239.6981219999999837
21
-84.6755519999999962
0
LINE
8
BLACK
6
CONTINUOUS
10
239.6981219999999837
20
-84.6755519999999962
11
239.5443080000000009
21
-84.7061479999999989
0
LINE
8
BLACK
6
CONTINUOUS
10
239.5443080000000009
20
-84.7061479999999989
11
239.3874799999999823
21
-84.7061479999999989
0
LINE
8
BLACK
6
CONTINUOUS
10
239.3874799999999823
20
-84.7061479999999989
11
239.2336659999999995
21
-84.6755519999999962
0
LINE
8
BLACK
6
CONTINUOUS
10
239.2336659999999995
20
-84.6755519999999962
11
239.0887769999999932
21
-84.6155369999999891
0
LINE
8
BLACK
6
CONTINUOUS
10
239.0887769999999932
20
-84.6155369999999891
11
238.9583789999999794
21
-84.5284079999999989
0
LINE
8
BLACK
6
CONTINUOUS
10
238.9583789999999794
20
-84.5284079999999989
11
238.8474859999999751
21
-84.4175149999999945
0
LINE
8
BLACK
6
CONTINUOUS
10
238.8474859999999751
20
-84.4175149999999945
11
238.7603569999999991
21
-84.287116999999995
0
LINE
8
BLACK
6
CONTINUOUS
10
238.7603569999999991
20
-84.287116999999995
11
238.7003419999999778
21
-84.1422280000000029
0
LINE
8
BLACK
6
CONTINUOUS
10
238.7003419999999778
20
-84.1422280000000029
11
238.6697459999999751
21
-83.9884139999999917
0
LINE
8
BLACK
6
CONTINUOUS
10
238.6697459999999751
20
-83.9884139999999917
11
238.6697459999999751
21
-83.8315860000000015
0
LINE
8
BLACK
6
CONTINUOUS
10
238.6697459999999751
20
-83.8315860000000015
11
238.7003419999999778
21
-83.6777719999999903
0
LINE
8
BLACK
6
CONTINUOUS
10
238.7003419999999778
20
-83.6777719999999903
11
238.7603569999999991
21
-83.5328829999999982
0
LINE
8
BLACK
6
CONTINUOUS
10
238.7603569999999991
20
-83.5328829999999982
11
238.8474859999999751
21
-83.4024849999999986
0
LINE
8
BLACK
6
CONTINUOUS
10
238.8474859999999751
20
-83.4024849999999986
11
238.9583789999999794
21
-83.2915919999999943
0
LINE
8
BLACK
6
CONTINUOUS
10
238.9583789999999794
20
-83.2915919999999943
11
239.0887769999999932
21
-83.2044629999999898
0
LINE
8
BLACK
6
CONTINUOUS
10
239.0887769999999932
20
-83.2044629999999898
11
239.2336659999999995
21
-83.144447999999997
0
LINE
8
BLACK
6
CONTINUOUS
10
239.2336659999999995
20
-83.144447999999997
11
239.3874799999999823
21
-83.1138519999999943
0
LINE
8
BLACK
6
CONTINUOUS
10
239.3874799999999823
20
-83.1138519999999943
11
239.5443080000000009
21
-83.1138519999999943
0
LINE
8
BLACK
6
CONTINUOUS
10
239.5443080000000009
20
-83.1138519999999943
11
239.6981219999999837
21
-83.144447999999997
0
LINE
8
BLACK
6
CONTINUOUS
10
230.7011039999999866
20
-83.1771269999999987
11
230.7740989999999783
21
-83.2259009999999932
0
LINE
8
BLACK
6
CONTINUOUS
10
230.7740989999999783
20
-83.2259009999999932
11
230.8228729999999871
21
-83.2988959999999992
0
LINE
8
BLACK
6
CONTINUOUS
10
230.8228729999999871
20
-83.2988959999999992
11
230.8400000000000034
21
-83.3849999999999909
0
LINE
8
BLACK
6
CONTINUOUS
10
230.8400000000000034
20
-83.3849999999999909
11
230.8400000000000034
21
-84.4350000000000023
0
LINE
8
BLACK
6
CONTINUOUS
10
230.8400000000000034
20
-84.4350000000000023
11
230.8228729999999871
21
-84.521103999999994
0
LINE
8
BLACK
6
CONTINUOUS
10
230.8228729999999871
20
-84.521103999999994
11
230.7740989999999783
21
-84.5940989999999999
0
LINE
8
BLACK
6
CONTINUOUS
10
230.7740989999999783
20
-84.5940989999999999
11
230.7011039999999866
21
-84.6428729999999945
0
LINE
8
BLACK
6
CONTINUOUS
10
230.7011039999999866
20
-84.6428729999999945
11
230.6149999999999807
21
-84.6599999999999966
0
LINE
8
BLACK
6
CONTINUOUS
10
230.6149999999999807
20
-84.6599999999999966
11
221.0649999999999977
21
-84.6599999999999966
0
LINE
8
BLACK
6
CONTINUOUS
10
221.0649999999999977
20
-84.6599999999999966
11
220.9788959999999918
21
-84.6428729999999945
0
LINE
8
BLACK
6
CONTINUOUS
10
220.9788959999999918
20
-84.6428729999999945
11
220.9059010000000001
21
-84.5940989999999999
0
LINE
8
BLACK
6
CONTINUOUS
10
220.9059010000000001
20
-84.5940989999999999
11
220.8571269999999913
21
-84.521103999999994
0
LINE
8
BLACK
6
CONTINUOUS
10
220.8571269999999913
20
-84.521103999999994
11
220.8400000000000034
21
-84.4350000000000023
0
LINE
8
BLACK
6
CONTINUOUS
10
220.8400000000000034
20
-84.4350000000000023
11
220.8400000000000034
21
-83.3849999999999909
0
LINE
8
BLACK
6
CONTINUOUS
10
220.8400000000000034
20
-83.3849999999999909
11
220.8571269999999913
21
-83.2988959999999992
0
LINE
8
BLACK
6
CONTINUOUS
10
220.8571269999999913
20
-83.2988959999999992
11
220.9059010000000001
21
-83.2259009999999932
0
LINE
8
BLACK
6
CONTINUOUS
10
220.9059010000000001
20
-83.2259009999999932
11
220.9788959999999918
21
-83.1771269999999987
0
LINE
8
BLACK
6
CONTINUOUS
10
220.9788959999999918
20
-83.1771269999999987
11
221.0649999999999977
21
-83.1599999999999966
0
LINE
8
BLACK
6
CONTINUOUS
10
221.0649999999999977
20
-83.1599999999999966
11
230.6149999999999807
21
-83.1599999999999966
0
LINE
8
BLACK
6
CONTINUOUS
10
230.6149999999999807
20
-83.1599999999999966
11
230.7011039999999866
21
-83.1771269999999987
0
LINE
8
BLACK
6
CONTINUOUS
10
75.6811039999999906
20
-81.257126999999997
11
75.7540989999999965
21
-81.3059009999999915
0
LINE
8
BLACK
6
CONTINUOUS
10
75.7540989999999965
20
-81.3059009999999915
11
75.8028729999999911
21
-81.3788959999999975
0
LINE
8
BLACK
6
CONTINUOUS
10
75.8028729999999911
20
-81.3788959999999975
11
75.8199999999999932
21
-81.4650000000000034
0
LINE
8
BLACK
6
CONTINUOUS
10
75.8199999999999932
20
-81.4650000000000034
11
75.8199999999999932
21
-82.5150000000000006
0
LINE
8
BLACK
6
CONTINUOUS
10
75.8199999999999932
20
-82.5150000000000006
11
75.8028729999999911
21
-82.6011039999999923
0
LINE
8
BLACK
6
CONTINUOUS
10
75.8028729999999911
20
-82.6011039999999923
11
75.7540989999999965
21
-82.6740989999999982
0
LINE
8
BLACK
6
CONTINUOUS
10
75.7540989999999965
20
-82.6740989999999982
11
75.6811039999999906
21
-82.7228729999999928
0
LINE
8
BLACK
6
CONTINUOUS
10
75.6811039999999906
20
-82.7228729999999928
11
75.5949999999999989
21
-82.7399999999999949
0
LINE
8
BLACK
6
CONTINUOUS
10
75.5949999999999989
20
-82.7399999999999949
11
66.0450000000000017
21
-82.7399999999999949
0
LINE
8
BLACK
6
CONTINUOUS
10
66.0450000000000017
20
-82.7399999999999949
11
65.9588959999999958
21
-82.7228729999999928
0
LINE
8
BLACK
6
CONTINUOUS
10
65.9588959999999958
20
-82.7228729999999928
11
65.885901000000004
21
-82.6740989999999982
0
LINE
8
BLACK
6
CONTINUOUS
10
65.885901000000004
20
-82.6740989999999982
11
65.8371269999999953
21
-82.6011039999999923
0
LINE
8
BLACK
6
CONTINUOUS
10
65.8371269999999953
20
-82.6011039999999923
11
65.8199999999999932
21
-82.5150000000000006
0
LINE
8
BLACK
6
CONTINUOUS
10
65.8199999999999932
20
-82.5150000000000006
11
65.8199999999999932
21
-81.4650000000000034
0
LINE
8
BLACK
6
CONTINUOUS
10
65.8199999999999932
20
-81.4650000000000034
11
65.8371269999999953
21
-81.3788959999999975
0
LINE
8
BLACK
6
CONTINUOUS
10
65.8371269999999953
20
-81.3788959999999975
11
65.885901000000004
21
-81.3059009999999915
0
LINE
8
BLACK
6
CONTINUOUS
10
65.885901000000004
20
-81.3059009999999915
11
65.9588959999999958
21
-81.257126999999997
0
LINE
8
BLACK
6
CONTINUOUS
10
65.9588959999999958
20
-81.257126999999997
11
66.0450000000000017
21
-81.2399999999999949
0
LINE
8
BLACK
6
CONTINUOUS
10
66.0450000000000017
20
-81.2399999999999949
11
75.5949999999999989
21
-81.2399999999999949
0
LINE
8
BLACK
6
CONTINUOUS
10
75.5949999999999989
20
-81.2399999999999949
11
75.6811039999999906
21
-81.257126999999997
0
LINE
8
BLACK
6
CONTINUOUS
10
105.6811039999999906
20
-81.257126999999997
11
105.7540989999999965
21
-81.3059009999999915
0
LINE
8
BLACK
6
CONTINUOUS
10
105.7540989999999965
20
-81.3059009999999915
11
105.8028729999999911
21
-81.3788959999999975
0
LINE
8
BLACK
6
CONTINUOUS
10
105.8028729999999911
20
-81.3788959999999975
11
105.8199999999999932
21
-81.4650000000000034
0
LINE
8
BLACK
6
CONTINUOUS
10
105.8199999999999932
20
-81.4650000000000034
11
105.8199999999999932
21
-82.5150000000000006
0
LINE
8
BLACK
6
CONTINUOUS
10
105.8199999999999932
20
-82.5150000000000006
11
105.8028729999999911
21
-82.6011039999999923
0
LINE
8
BLACK
6
CONTINUOUS
10
105.8028729999999911
20
-82.6011039999999923
11
105.7540989999999965
21
-82.6740989999999982
0
LINE
8
BLACK
6
CONTINUOUS
10
105.7540989999999965
20
-82.6740989999999982
11
105.6811039999999906
21
-82.7228729999999928
0
LINE
8
BLACK
6
CONTINUOUS
10
105.6811039999999906
20
-82.7228729999999928
11
105.5949999999999989
21
-82.7399999999999949
0
LINE
8
BLACK
6
CONTINUOUS
10
105.5949999999999989
20
-82.7399999999999949
11
96.0450000000000017
21
-82.7399999999999949
0
LINE
8
BLACK
6
CONTINUOUS
10
96.0450000000000017
20
-82.7399999999999949
11
95.9588959999999958
21
-82.7228729999999928
0
LINE
8
BLACK
6
CONTINUOUS
10
95.9588959999999958
20
-82.7228729999999928
11
95.8859009999999898
21
-82.6740989999999982
0
LINE
8
BLACK
6
CONTINUOUS
10
95.8859009999999898
20
-82.6740989999999982
11
95.8371269999999953
21
-82.6011039999999923
0
LINE
8
BLACK
6
CONTINUOUS
10
95.8371269999999953
20
-82.6011039999999923
11
95.8199999999999932
21
-82.5150000000000006
0
LINE
8
BLACK
6
CONTINUOUS
10
95.8199999999999932
20
-82.5150000000000006
11
95.8199999999999932
21
-81.4650000000000034
0
LINE
8
BLACK
6
CONTINUOUS
10
95.8199999999999932
20
-81.4650000000000034
11
95.8371269999999953
21
-81.3788959999999975
0
LINE
8
BLACK
6
CONTINUOUS
10
95.8371269999999953
20
-81.3788959999999975
11
95.8859009999999898
21
-81.3059009999999915
0
LINE
8
BLACK
6
CONTINUOUS
10
95.8859009999999898
20
-81.3059009999999915
11
95.9588959999999958
21
-81.257126999999997
0
LINE
8
BLACK
6
CONTINUOUS
10
95.9588959999999958
20
-81.257126999999997
11
96.0450000000000017
21
-81.2399999999999949
0
LINE
8
BLACK
6
CONTINUOUS
10
96.0450000000000017
20
-81.2399999999999949
11
105.5949999999999989
21
-81.2399999999999949
0
LINE
8
BLACK
6
CONTINUOUS
10
105.5949999999999989
20
-81.2399999999999949
11
105.6811039999999906
21
-81.257126999999997
0
LINE
8
BLACK
6
CONTINUOUS
10
154.501103999999998
20
-81.257126999999997
11
154.5740989999999897
21
-81.3059009999999915
0
LINE
8
BLACK
6
CONTINUOUS
10
154.5740989999999897
20
-81.3059009999999915
11
154.6228729999999985
21
-81.3788959999999975
0
LINE
8
BLACK
6
CONTINUOUS
10
154.6228729999999985
20
-81.3788959999999975
11
154.6399999999999864
21
-81.4650000000000034
0
LINE
8
BLACK
6
CONTINUOUS
10
154.6399999999999864
20
-81.4650000000000034
11
154.6399999999999864
21
-82.5150000000000006
0
LINE
8
BLACK
6
CONTINUOUS
10
154.6399999999999864
20
-82.5150000000000006
11
154.6228729999999985
21
-82.6011039999999923
0
LINE
8
BLACK
6
CONTINUOUS
10
154.6228729999999985
20
-82.6011039999999923
11
154.5740989999999897
21
-82.6740989999999982
0
LINE
8
BLACK
6
CONTINUOUS
10
154.5740989999999897
20
-82.6740989999999982
11
154.501103999999998
21
-82.7228729999999928
0
LINE
8
BLACK
6
CONTINUOUS
10
154.501103999999998
20
-82.7228729999999928
11
154.414999999999992
21
-82.7399999999999949
0
LINE
8
BLACK
6
CONTINUOUS
10
154.414999999999992
20
-82.7399999999999949
11
144.8649999999999807
21
-82.7399999999999949
0
LINE
8
BLACK
6
CONTINUOUS
10
144.8649999999999807
20
-82.7399999999999949
11
144.7788960000000031
21
-82.7228729999999928
0
LINE
8
BLACK
6
CONTINUOUS
10
144.7788960000000031
20
-82.7228729999999928
11
144.705900999999983
21
-82.6740989999999982
0
LINE
8
BLACK
6
CONTINUOUS
10
144.705900999999983
20
-82.6740989999999982
11
144.6571270000000027
21
-82.6011039999999923
0
LINE
8
BLACK
6
CONTINUOUS
10
144.6571270000000027
20
-82.6011039999999923
11
144.6399999999999864
21
-82.5150000000000006
0
LINE
8
BLACK
6
CONTINUOUS
10
144.6399999999999864
20
-82.5150000000000006
11
144.6399999999999864
21
-81.4650000000000034
0
LINE
8
BLACK
6
CONTINUOUS
10
144.6399999999999864
20
-81.4650000000000034
11
144.6571270000000027
21
-81.3788959999999975
0
LINE
8
BLACK
6
CONTINUOUS
10
144.6571270000000027
20
-81.3788959999999975
11
144.705900999999983
21
-81.3059009999999915
0
LINE
8
BLACK
6
CONTINUOUS
10
144.705900999999983
20
-81.3059009999999915
11
144.7788960000000031
21
-81.257126999999997
0
LINE
8
BLACK
6
CONTINUOUS
10
144.7788960000000031
20
-81.257126999999997
11
144.8649999999999807
21
-81.2399999999999949
0
LINE
8
BLACK
6
CONTINUOUS
10
144.8649999999999807
20
-81.2399999999999949
11
154.414999999999992
21
-81.2399999999999949
0
LINE
8
BLACK
6
CONTINUOUS
10
154.414999999999992
20
-81.2399999999999949
11
154.501103999999998
21
-81.257126999999997
0
LINE
8
BLACK
6
CONTINUOUS
10
184.501103999999998
20
-81.257126999999997
11
184.5740989999999897
21
-81.3059009999999915
0
LINE
8
BLACK
6
CONTINUOUS
10
184.5740989999999897
20
-81.3059009999999915
11
184.6228729999999985
21
-81.3788959999999975
0
LINE
8
BLACK
6
CONTINUOUS
10
184.6228729999999985
20
-81.3788959999999975
11
184.6399999999999864
21
-81.4650000000000034
0
LINE
8
BLACK
6
CONTINUOUS
10
184.6399999999999864
20
-81.4650000000000034
11
184.6399999999999864
21
-82.5150000000000006
0
LINE
8
BLACK
6
CONTINUOUS
10
184.6399999999999864
20
-82.5150000000000006
11
184.6228729999999985
21
-82.6011039999999923
0
LINE
8
BLACK
6
CONTINUOUS
10
184.6228729999999985
20
-82.6011039999999923
11
184.5740989999999897
21
-82.6740989999999982
0
LINE
8
BLACK
6
CONTINUOUS
10
184.5740989999999897
20
-82.6740989999999982
11
184.501103999999998
21
-82.7228729999999928
0
LINE
8
BLACK
6
CONTINUOUS
10
184.501103999999998
20
-82.7228729999999928
11
184.414999999999992
21
-82.7399999999999949
0
LINE
8
BLACK
6
CONTINUOUS
10
184.414999999999992
20
-82.7399999999999949
11
174.8649999999999807
21
-82.7399999999999949
0
LINE
8
BLACK
6
CONTINUOUS
10
174.8649999999999807
20
-82.7399999999999949
11
174.7788960000000031
21
-82.7228729999999928
0
LINE
8
BLACK
6
CONTINUOUS
10
174.7788960000000031
20
-82.7228729999999928
11
174.705900999999983
21
-82.6740989999999982
0
LINE
8
BLACK
6
CONTINUOUS
10
174.705900999999983
20
-82.6740989999999982
11
174.6571270000000027
21
-82.6011039999999923
0
LINE
8
BLACK
6
CONTINUOUS
10
174.6571270000000027
20
-82.6011039999999923
11
174.6399999999999864
21
-82.5150000000000006
0
LINE
8
BLACK
6
CONTINUOUS
10
174.6399999999999864
20
-82.5150000000000006
11
174.6399999999999864
21
-81.4650000000000034
0
LINE
8
BLACK
6
CONTINUOUS
10
174.6399999999999864
20
-81.4650000000000034
11
174.6571270000000027
21
-81.3788959999999975
0
LINE
8
BLACK
6
CONTINUOUS
10
174.6571270000000027
20
-81.3788959999999975
11
174.705900999999983
21
-81.3059009999999915
0
LINE
8
BLACK
6
CONTINUOUS
10
174.705900999999983
20
-81.3059009999999915
11
174.7788960000000031
21
-81.257126999999997
0
LINE
8
BLACK
6
CONTINUOUS
10
174.7788960000000031
20
-81.257126999999997
11
174.8649999999999807
21
-81.2399999999999949
0
LINE
8
BLACK
6
CONTINUOUS
10
174.8649999999999807
20
-81.2399999999999949
11
184.414999999999992
21
-81.2399999999999949
0
LINE
8
BLACK
6
CONTINUOUS
10
184.414999999999992
20
-81.2399999999999949
11
184.501103999999998
21
-81.257126999999997
0
LINE
8
BLACK
6
CONTINUOUS
10
242.2381219999999757
20
-80.6044479999999908
11
242.383010999999982
21
-80.6644629999999978
0
LINE
8
BLACK
6
CONTINUOUS
10
242.383010999999982
20
-80.6644629999999978
11
242.5134089999999958
21
-80.7515920000000023
0
LINE
8
BLACK
6
CONTINUOUS
10
242.5134089999999958
20
-80.7515920000000023
11
242.6243020000000001
21
-80.8624849999999924
0
LINE
8
BLACK
6
CONTINUOUS
10
242.6243020000000001
20
-80.8624849999999924
11
242.7114309999999762
21
-80.992882999999992
0
LINE
8
BLACK
6
CONTINUOUS
10
242.7114309999999762
20
-80.992882999999992
11
242.7714459999999974
21
-81.1377719999999982
0
LINE
8
BLACK
6
CONTINUOUS
10
242.7714459999999974
20
-81.1377719999999982
11
242.8020420000000001
21
-81.2915859999999952
0
LINE
8
BLACK
6
CONTINUOUS
10
242.8020420000000001
20
-81.2915859999999952
11
242.8020420000000001
21
-81.4484139999999996
0
LINE
8
BLACK
6
CONTINUOUS
10
242.8020420000000001
20
-81.4484139999999996
11
242.7714459999999974
21
-81.6022279999999967
0
LINE
8
BLACK
6
CONTINUOUS
10
242.7714459999999974
20
-81.6022279999999967
11
242.7114309999999762
21
-81.7471170000000029
0
LINE
8
BLACK
6
CONTINUOUS
10
242.7114309999999762
20
-81.7471170000000029
11
242.6243020000000001
21
-81.8775150000000025
0
LINE
8
BLACK
6
CONTINUOUS
10
242.6243020000000001
20
-81.8775150000000025
11
242.5134089999999958
21
-81.9884079999999926
0
LINE
8
BLACK
6
CONTINUOUS
10
242.5134089999999958
20
-81.9884079999999926
11
242.383010999999982
21
-82.0755369999999971
0
LINE
8
BLACK
6
CONTINUOUS
10
242.383010999999982
20
-82.0755369999999971
11
242.2381219999999757
21
-82.1355519999999899
0
LINE
8
BLACK
6
CONTINUOUS
10
242.2381219999999757
20
-82.1355519999999899
11
242.0843079999999929
21
-82.1661479999999926
0
LINE
8
BLACK
6
CONTINUOUS
10
242.0843079999999929
20
-82.1661479999999926
11
241.9274800000000027
21
-82.1661479999999926
0
LINE
8
BLACK
6
CONTINUOUS
10
241.9274800000000027
20
-82.1661479999999926
11
241.7736659999999915
21
-82.1355519999999899
0
LINE
8
BLACK
6
CONTINUOUS
10
241.7736659999999915
20
-82.1355519999999899
11
241.6287769999999853
21
-82.0755369999999971
0
LINE
8
BLACK
6
CONTINUOUS
10
241.6287769999999853
20
-82.0755369999999971
11
241.4983789999999999
21
-81.9884079999999926
0
LINE
8
BLACK
6
CONTINUOUS
10
241.4983789999999999
20
-81.9884079999999926
11
241.3874859999999956
21
-81.8775150000000025
0
LINE
8
BLACK
6
CONTINUOUS
10
241.3874859999999956
20
-81.8775150000000025
11
241.3003569999999911
21
-81.7471170000000029
0
LINE
8
BLACK
6
CONTINUOUS
10
241.3003569999999911
20
-81.7471170000000029
11
241.2403419999999983
21
-81.6022279999999967
0
LINE
8
BLACK
6
CONTINUOUS
10
241.2403419999999983
20
-81.6022279999999967
11
241.2097459999999955
21
-81.4484139999999996
0
LINE
8
BLACK
6
CONTINUOUS
10
241.2097459999999955
20
-81.4484139999999996
11
241.2097459999999955
21
-81.2915859999999952
0
LINE
8
BLACK
6
CONTINUOUS
10
241.2097459999999955
20
-81.2915859999999952
11
241.2403419999999983
21
-81.1377719999999982
0
LINE
8
BLACK
6
CONTINUOUS
10
241.2403419999999983
20
-81.1377719999999982
11
241.3003569999999911
21
-80.992882999999992
0
LINE
8
BLACK
6
CONTINUOUS
10
241.3003569999999911
20
-80.992882999999992
11
241.3874859999999956
21
-80.8624849999999924
0
LINE
8
BLACK
6
CONTINUOUS
10
241.3874859999999956
20
-80.8624849999999924
11
241.4983789999999999
21
-80.7515920000000023
0
LINE
8
BLACK
6
CONTINUOUS
10
241.4983789999999999
20
-80.7515920000000023
11
241.6287769999999853
21
-80.6644629999999978
0
LINE
8
BLACK
6
CONTINUOUS
10
241.6287769999999853
20
-80.6644629999999978
11
241.7736659999999915
21
-80.6044479999999908
0
LINE
8
BLACK
6
CONTINUOUS
10
241.7736659999999915
20
-80.6044479999999908
11
241.9274800000000027
21
-80.5738520000000022
0
LINE
8
BLACK
6
CONTINUOUS
10
241.9274800000000027
20
-80.5738520000000022
11
242.0843079999999929
21
-80.5738520000000022
0
LINE
8
BLACK
6
CONTINUOUS
10
242.0843079999999929
20
-80.5738520000000022
11
242.2381219999999757
21
-80.6044479999999908
0
LINE
8
BLACK
6
CONTINUOUS
10
230.7011039999999866
20
-80.6371269999999924
11
230.7740989999999783
21
-80.6859010000000012
0
LINE
8
BLACK
6
CONTINUOUS
10
230.7740989999999783
20
-80.6859010000000012
11
230.8228729999999871
21
-80.7588959999999929
0
LINE
8
BLACK
6
CONTINUOUS
10
230.8228729999999871
20
-80.7588959999999929
11
230.8400000000000034
21
-80.8449999999999989
0
LINE
8
BLACK
6
CONTINUOUS
10
230.8400000000000034
20
-80.8449999999999989
11
230.8400000000000034
21
-81.894999999999996
0
LINE
8
BLACK
6
CONTINUOUS
10
230.8400000000000034
20
-81.894999999999996
11
230.8228729999999871
21
-81.981104000000002
0
LINE
8
BLACK
6
CONTINUOUS
10
230.8228729999999871
20
-81.981104000000002
11
230.7740989999999783
21
-82.0540989999999937
0
LINE
8
BLACK
6
CONTINUOUS
10
230.7740989999999783
20
-82.0540989999999937
11
230.7011039999999866
21
-82.1028730000000024
0
LINE
8
BLACK
6
CONTINUOUS
10
230.7011039999999866
20
-82.1028730000000024
11
230.6149999999999807
21
-82.1199999999999903
0
LINE
8
BLACK
6
CONTINUOUS
10
230.6149999999999807
20
-82.1199999999999903
11
221.0649999999999977
21
-82.1199999999999903
0
LINE
8
BLACK
6
CONTINUOUS
10
221.0649999999999977
20
-82.1199999999999903
11
220.9788959999999918
21
-82.1028730000000024
0
LINE
8
BLACK
6
CONTINUOUS
10
220.9788959999999918
20
-82.1028730000000024
11
220.9059010000000001
21
-82.0540989999999937
0
LINE
8
BLACK
6
CONTINUOUS
10
220.9059010000000001
20
-82.0540989999999937
11
220.8571269999999913
21
-81.981104000000002
0
LINE
8
BLACK
6
CONTINUOUS
10
220.8571269999999913
20
-81.981104000000002
11
220.8400000000000034
21
-81.894999999999996
0
LINE
8
BLACK
6
CONTINUOUS
10
220.8400000000000034
20
-81.894999999999996
11
220.8400000000000034
21
-80.8449999999999989
0
LINE
8
BLACK
6
CONTINUOUS
10
220.8400000000000034
20
-80.8449999999999989
11
220.8571269999999913
21
-80.7588959999999929
0
LINE
8
BLACK
6
CONTINUOUS
10
220.8571269999999913
20
-80.7588959999999929
11
220.9059010000000001
21
-80.6859010000000012
0
LINE
8
BLACK
6
CONTINUOUS
10
220.9059010000000001
20
-80.6859010000000012
11
220.9788959999999918
21
-80.6371269999999924
0
LINE
8
BLACK
6
CONTINUOUS
10
220.9788959999999918
20
-80.6371269999999924
11
221.0649999999999977
21
-80.6199999999999903
0
LINE
8
BLACK
6
CONTINUOUS
10
221.0649999999999977
20
-80.6199999999999903
11
230.6149999999999807
21
-80.6199999999999903
0
LINE
8
BLACK
6
CONTINUOUS
10
230.6149999999999807
20
-80.6199999999999903
11
230.7011039999999866
21
-80.6371269999999924
0
LINE
8
BLACK
6
CONTINUOUS
10
75.6811039999999906
20
-78.7171269999999907
11
75.7540989999999965
21
-78.7659009999999995
0
LINE
8
BLACK
6
CONTINUOUS
10
75.7540989999999965
20
-78.7659009999999995
11
75.8028729999999911
21
-78.8388959999999912
0
LINE
8
BLACK
6
CONTINUOUS
10
75.8028729999999911
20
-78.8388959999999912
11
75.8199999999999932
21
-78.9249999999999972
0
LINE
8
BLACK
6
CONTINUOUS
10
75.8199999999999932
20
-78.9249999999999972
11
75.8199999999999932
21
-79.9749999999999943
0
LINE
8
BLACK
6
CONTINUOUS
10
75.8199999999999932
20
-79.9749999999999943
11
75.8028729999999911
21
-80.0611040000000003
0
LINE
8
BLACK
6
CONTINUOUS
10
75.8028729999999911
20
-80.0611040000000003
11
75.7540989999999965
21
-80.134098999999992
0
LINE
8
BLACK
6
CONTINUOUS
10
75.7540989999999965
20
-80.134098999999992
11
75.6811039999999906
21
-80.1828730000000007
0
LINE
8
BLACK
6
CONTINUOUS
10
75.6811039999999906
20
-80.1828730000000007
11
75.5949999999999989
21
-80.2000000000000028
0
LINE
8
BLACK
6
CONTINUOUS
10
75.5949999999999989
20
-80.2000000000000028
11
66.0450000000000017
21
-80.2000000000000028
0
LINE
8
BLACK
6
CONTINUOUS
10
66.0450000000000017
20
-80.2000000000000028
11
65.9588959999999958
21
-80.1828730000000007
0
LINE
8
BLACK
6
CONTINUOUS
10
65.9588959999999958
20
-80.1828730000000007
11
65.885901000000004
21
-80.134098999999992
0
LINE
8
BLACK
6
CONTINUOUS
10
65.885901000000004
20
-80.134098999999992
11
65.8371269999999953
21
-80.0611040000000003
0
LINE
8
BLACK
6
CONTINUOUS
10
65.8371269999999953
20
-80.0611040000000003
11
65.8199999999999932
21
-79.9749999999999943
0
LINE
8
BLACK
6
CONTINUOUS
10
65.8199999999999932
20
-79.9749999999999943
11
65.8199999999999932
21
-78.9249999999999972
0
LINE
8
BLACK
6
CONTINUOUS
10
65.8199999999999932
20
-78.9249999999999972
11
65.8371269999999953
21
-78.8388959999999912
0
LINE
8
BLACK
6
CONTINUOUS
10
65.8371269999999953
20
-78.8388959999999912
11
65.885901000000004
21
-78.7659009999999995
0
LINE
8
BLACK
6
CONTINUOUS
10
65.885901000000004
20
-78.7659009999999995
11
65.9588959999999958
21
-78.7171269999999907
0
LINE
8
BLACK
6
CONTINUOUS
10
65.9588959999999958
20
-78.7171269999999907
11
66.0450000000000017
21
-78.7000000000000028
0
LINE
8
BLACK
6
CONTINUOUS
10
66.0450000000000017
20
-78.7000000000000028
11
75.5949999999999989
21
-78.7000000000000028
0
LINE
8
BLACK
6
CONTINUOUS
10
75.5949999999999989
20
-78.7000000000000028
11
75.6811039999999906
21
-78.7171269999999907
0
LINE
8
BLACK
6
CONTINUOUS
10
105.6811039999999906
20
-78.7171269999999907
11
105.7540989999999965
21
-78.7659009999999995
0
LINE
8
BLACK
6
CONTINUOUS
10
105.7540989999999965
20
-78.7659009999999995
11
105.8028729999999911
21
-78.8388959999999912
0
LINE
8
BLACK
6
CONTINUOUS
10
105.8028729999999911
20
-78.8388959999999912
11
105.8199999999999932
21
-78.9249999999999972
0
LINE
8
BLACK
6
CONTINUOUS
10
105.8199999999999932
20
-78.9249999999999972
11
105.8199999999999932
21
-79.9749999999999943
0
LINE
8
BLACK
6
CONTINUOUS
10
105.8199999999999932
20
-79.9749999999999943
11
105.8028729999999911
21
-80.0611040000000003
0
LINE
8
BLACK
6
CONTINUOUS
10
105.8028729999999911
20
-80.0611040000000003
11
105.7540989999999965
21
-80.134098999999992
0
LINE
8
BLACK
6
CONTINUOUS
10
105.7540989999999965
20
-80.134098999999992
11
105.6811039999999906
21
-80.1828730000000007
0
LINE
8
BLACK
6
CONTINUOUS
10
105.6811039999999906
20
-80.1828730000000007
11
105.5949999999999989
21
-80.2000000000000028
0
LINE
8
BLACK
6
CONTINUOUS
10
105.5949999999999989
20
-80.2000000000000028
11
96.0450000000000017
21
-80.2000000000000028
0
LINE
8
BLACK
6
CONTINUOUS
10
96.0450000000000017
20
-80.2000000000000028
11
95.9588959999999958
21
-80.1828730000000007
0
LINE
8
BLACK
6
CONTINUOUS
10
95.9588959999999958
20
-80.1828730000000007
11
95.8859009999999898
21
-80.134098999999992
0
LINE
8
BLACK
6
CONTINUOUS
10
95.8859009999999898
20
-80.134098999999992
11
95.8371269999999953
21
-80.0611040000000003
0
LINE
8
BLACK
6
CONTINUOUS
10
95.8371269999999953
20
-80.0611040000000003
11
95.8199999999999932
21
-79.9749999999999943
0
LINE
8
BLACK
6
CONTINUOUS
10
95.8199999999999932
20
-79.9749999999999943
11
95.8199999999999932
21
-78.9249999999999972
0
LINE
8
BLACK
6
CONTINUOUS
10
95.8199999999999932
20
-78.9249999999999972
11
95.8371269999999953
21
-78.8388959999999912
0
LINE
8
BLACK
6
CONTINUOUS
10
95.8371269999999953
20
-78.8388959999999912
11
95.8859009999999898
21
-78.7659009999999995
0
LINE
8
BLACK
6
CONTINUOUS
10
95.8859009999999898
20
-78.7659009999999995
11
95.9588959999999958
21
-78.7171269999999907
0
LINE
8
BLACK
6
CONTINUOUS
10
95.9588959999999958
20
-78.7171269999999907
11
96.0450000000000017
21
-78.7000000000000028
0
LINE
8
BLACK
6
CONTINUOUS
10
96.0450000000000017
20
-78.7000000000000028
11
105.5949999999999989
21
-78.7000000000000028
0
LINE
8
BLACK
6
CONTINUOUS
10
105.5949999999999989
20
-78.7000000000000028
11
105.6811039999999906
21
-78.7171269999999907
0
LINE
8
BLACK
6
CONTINUOUS
10
154.501103999999998
20
-78.7171269999999907
11
154.5740989999999897
21
-78.7659009999999995
0
LINE
8
BLACK
6
CONTINUOUS
10
154.5740989999999897
20
-78.7659009999999995
11
154.6228729999999985
21
-78.8388959999999912
0
LINE
8
BLACK
6
CONTINUOUS
10
154.6228729999999985
20
-78.8388959999999912
11
154.6399999999999864
21
-78.9249999999999972
0
LINE
8
BLACK
6
CONTINUOUS
10
154.6399999999999864
20
-78.9249999999999972
11
154.6399999999999864
21
-79.9749999999999943
0
LINE
8
BLACK
6
CONTINUOUS
10
154.6399999999999864
20
-79.9749999999999943
11
154.6228729999999985
21
-80.0611040000000003
0
LINE
8
BLACK
6
CONTINUOUS
10
154.6228729999999985
20
-80.0611040000000003
11
154.5740989999999897
21
-80.134098999999992
0
LINE
8
BLACK
6
CONTINUOUS
10
154.5740989999999897
20
-80.134098999999992
11
154.501103999999998
21
-80.1828730000000007
0
LINE
8
BLACK
6
CONTINUOUS
10
154.501103999999998
20
-80.1828730000000007
11
154.414999999999992
21
-80.2000000000000028
0
LINE
8
BLACK
6
CONTINUOUS
10
154.414999999999992
20
-80.2000000000000028
11
144.8649999999999807
21
-80.2000000000000028
0
LINE
8
BLACK
6
CONTINUOUS
10
144.8649999999999807
20
-80.2000000000000028
11
144.7788960000000031
21
-80.1828730000000007
0
LINE
8
BLACK
6
CONTINUOUS
10
144.7788960000000031
20
-80.1828730000000007
11
144.705900999999983
21
-80.134098999999992
0
LINE
8
BLACK
6
CONTINUOUS
10
144.705900999999983
20
-80.134098999999992
11
144.6571270000000027
21
-80.0611040000000003
0
LINE
8
BLACK
6
CONTINUOUS
10
144.6571270000000027
20
-80.0611040000000003
11
144.6399999999999864
21
-79.9749999999999943
0
LINE
8
BLACK
6
CONTINUOUS
10
144.6399999999999864
20
-79.9749999999999943
11
144.6399999999999864
21
-78.9249999999999972
0
LINE
8
BLACK
6
CONTINUOUS
10
144.6399999999999864
20
-78.9249999999999972
11
144.6571270000000027
21
-78.8388959999999912
0
LINE
8
BLACK
6
CONTINUOUS
10
144.6571270000000027
20
-78.8388959999999912
11
144.705900999999983
21
-78.7659009999999995
0
LINE
8
BLACK
6
CONTINUOUS
10
144.705900999999983
20
-78.7659009999999995
11
144.7788960000000031
21
-78.7171269999999907
0
LINE
8
BLACK
6
CONTINUOUS
10
144.7788960000000031
20
-78.7171269999999907
11
144.8649999999999807
21
-78.7000000000000028
0
LINE
8
BLACK
6
CONTINUOUS
10
144.8649999999999807
20
-78.7000000000000028
11
154.414999999999992
21
-78.7000000000000028
0
LINE
8
BLACK
6
CONTINUOUS
10
154.414999999999992
20
-78.7000000000000028
11
154.501103999999998
21
-78.7171269999999907
0
LINE
8
BLACK
6
CONTINUOUS
10
184.501103999999998
20
-78.7171269999999907
11
184.5740989999999897
21
-78.7659009999999995
0
LINE
8
BLACK
6
CONTINUOUS
10
184.5740989999999897
20
-78.7659009999999995
11
184.6228729999999985
21
-78.8388959999999912
0
LINE
8
BLACK
6
CONTINUOUS
10
184.6228729999999985
20
-78.8388959999999912
11
184.6399999999999864
21
-78.9249999999999972
0
LINE
8
BLACK
6
CONTINUOUS
10
184.6399999999999864
20
-78.9249999999999972
11
184.6399999999999864
21
-79.9749999999999943
0
LINE
8
BLACK
6
CONTINUOUS
10
184.6399999999999864
20
-79.9749999999999943
11
184.6228729999999985
21
-80.0611040000000003
0
LINE
8
BLACK
6
CONTINUOUS
10
184.6228729999999985
20
-80.0611040000000003
11
184.5740989999999897
21
-80.134098999999992
0
LINE
8
BLACK
6
CONTINUOUS
10
184.5740989999999897
20
-80.134098999999992
11
184.501103999999998
21
-80.1828730000000007
0
LINE
8
BLACK
6
CONTINUOUS
10
184.501103999999998
20
-80.1828730000000007
11
184.414999999999992
21
-80.2000000000000028
0
LINE
8
BLACK
6
CONTINUOUS
10
184.414999999999992
20
-80.2000000000000028
11
174.8649999999999807
21
-80.2000000000000028
0
LINE
8
BLACK
6
CONTINUOUS
10
174.8649999999999807
20
-80.2000000000000028
11
174.7788960000000031
21
-80.1828730000000007
0
LINE
8
BLACK
6
CONTINUOUS
10
174.7788960000000031
20
-80.1828730000000007
11
174.705900999999983
21
-80.134098999999992
0
LINE
8
BLACK
6
CONTINUOUS
10
174.705900999999983
20
-80.134098999999992
11
174.6571270000000027
21
-80.0611040000000003
0
LINE
8
BLACK
6
CONTINUOUS
10
174.6571270000000027
20
-80.0611040000000003
11
174.6399999999999864
21
-79.9749999999999943
0
LINE
8
BLACK
6
CONTINUOUS
10
174.6399999999999864
20
-79.9749999999999943
11
174.6399999999999864
21
-78.9249999999999972
0
LINE
8
BLACK
6
CONTINUOUS
10
174.6399999999999864
20
-78.9249999999999972
11
174.6571270000000027
21
-78.8388959999999912
0
LINE
8
BLACK
6
CONTINUOUS
10
174.6571270000000027
20
-78.8388959999999912
11
174.705900999999983
21
-78.7659009999999995
0
LINE
8
BLACK
6
CONTINUOUS
10
174.705900999999983
20
-78.7659009999999995
11
174.7788960000000031
21
-78.7171269999999907
0
LINE
8
BLACK
6
CONTINUOUS
10
174.7788960000000031
20
-78.7171269999999907
11
174.8649999999999807
21
-78.7000000000000028
0
LINE
8
BLACK
6
CONTINUOUS
10
174.8649999999999807
20
-78.7000000000000028
11
184.414999999999992
21
-78.7000000000000028
0
LINE
8
BLACK
6
CONTINUOUS
10
184.414999999999992
20
-78.7000000000000028
11
184.501103999999998
21
-78.7171269999999907
0
LINE
8
BLACK
6
CONTINUOUS
10
230.7011039999999866
20
-78.0971270000000004
11
230.7740989999999783
21
-78.145900999999995
0
LINE
8
BLACK
6
CONTINUOUS
10
230.7740989999999783
20
-78.145900999999995
11
230.8228729999999871
21
-78.2188960000000009
0
LINE
8
BLACK
6
CONTINUOUS
10
230.8228729999999871
20
-78.2188960000000009
11
230.8400000000000034
21
-78.3049999999999926
0
LINE
8
BLACK
6
CONTINUOUS
10
230.8400000000000034
20
-78.3049999999999926
11
230.8400000000000034
21
-79.3549999999999898
0
LINE
8
BLACK
6
CONTINUOUS
10
230.8400000000000034
20
-79.3549999999999898
11
230.8228729999999871
21
-79.4411039999999957
0
LINE
8
BLACK
6
CONTINUOUS
10
230.8228729999999871
20
-79.4411039999999957
11
230.7740989999999783
21
-79.5140990000000016
0
LINE
8
BLACK
6
CONTINUOUS
10
230.7740989999999783
20
-79.5140990000000016
11
230.7011039999999866
21
-79.5628729999999962
0
LINE
8
BLACK
6
CONTINUOUS
10
230.7011039999999866
20
-79.5628729999999962
11
230.6149999999999807
21
-79.5799999999999983
0
LINE
8
BLACK
6
CONTINUOUS
10
230.6149999999999807
20
-79.5799999999999983
11
221.0649999999999977
21
-79.5799999999999983
0
LINE
8
BLACK
6
CONTINUOUS
10
221.0649999999999977
20
-79.5799999999999983
11
220.9788959999999918
21
-79.5628729999999962
0
LINE
8
BLACK
6
CONTINUOUS
10
220.9788959999999918
20
-79.5628729999999962
11
220.9059010000000001
21
-79.5140990000000016
0
LINE
8
BLACK
6
CONTINUOUS
10
220.9059010000000001
20
-79.5140990000000016
11
220.8571269999999913
21
-79.4411039999999957
0
LINE
8
BLACK
6
CONTINUOUS
10
220.8571269999999913
20
-79.4411039999999957
11
220.8400000000000034
21
-79.3549999999999898
0
LINE
8
BLACK
6
CONTINUOUS
10
220.8400000000000034
20
-79.3549999999999898
11
220.8400000000000034
21
-78.3049999999999926
0
LINE
8
BLACK
6
CONTINUOUS
10
220.8400000000000034
20
-78.3049999999999926
11
220.8571269999999913
21
-78.2188960000000009
0
LINE
8
BLACK
6
CONTINUOUS
10
220.8571269999999913
20
-78.2188960000000009
11
220.9059010000000001
21
-78.145900999999995
0
LINE
8
BLACK
6
CONTINUOUS
10
220.9059010000000001
20
-78.145900999999995
11
220.9788959999999918
21
-78.0971270000000004
0
LINE
8
BLACK
6
CONTINUOUS
10
220.9788959999999918
20
-78.0971270000000004
11
221.0649999999999977
21
-78.0799999999999983
0
LINE
8
BLACK
6
CONTINUOUS
10
221.0649999999999977
20
-78.0799999999999983
11
230.6149999999999807
21
-78.0799999999999983
0
LINE
8
BLACK
6
CONTINUOUS
10
230.6149999999999807
20
-78.0799999999999983
11
230.7011039999999866
21
-78.0971270000000004
0
LINE
8
BLACK
6
CONTINUOUS
10
253.7722279999999841
20
-76.8444479999999999
11
253.9171169999999904
21
-76.9044629999999927
0
LINE
8
BLACK
6
CONTINUOUS
10
253.9171169999999904
20
-76.9044629999999927
11
254.0475149999999758
21
-76.9915919999999971
0
LINE
8
BLACK
6
CONTINUOUS
10
254.0475149999999758
20
-76.9915919999999971
11
254.1584079999999801
21
-77.1024850000000015
0
LINE
8
BLACK
6
CONTINUOUS
10
254.1584079999999801
20
-77.1024850000000015
11
254.2455369999999846
21
-77.2328830000000011
0
LINE
8
BLACK
6
CONTINUOUS
10
254.2455369999999846
20
-77.2328830000000011
11
254.3055519999999774
21
-77.3777719999999931
0
LINE
8
BLACK
6
CONTINUOUS
10
254.3055519999999774
20
-77.3777719999999931
11
254.3361479999999801
21
-77.5315859999999901
0
LINE
8
BLACK
6
CONTINUOUS
10
254.3361479999999801
20
-77.5315859999999901
11
254.3361479999999801
21
-77.6884139999999945
0
LINE
8
BLACK
6
CONTINUOUS
10
254.3361479999999801
20
-77.6884139999999945
11
254.3055519999999774
21
-77.8422279999999915
0
LINE
8
BLACK
6
CONTINUOUS
10
254.3055519999999774
20
-77.8422279999999915
11
254.2455369999999846
21
-77.9871169999999978
0
LINE
8
BLACK
6
CONTINUOUS
10
254.2455369999999846
20
-77.9871169999999978
11
254.1584079999999801
21
-78.1175149999999974
0
LINE
8
BLACK
6
CONTINUOUS
10
254.1584079999999801
20
-78.1175149999999974
11
254.0475149999999758
21
-78.2284080000000017
0
LINE
8
BLACK
6
CONTINUOUS
10
254.0475149999999758
20
-78.2284080000000017
11
253.9171169999999904
21
-78.315536999999992
0
LINE
8
BLACK
6
CONTINUOUS
10
253.9171169999999904
20
-78.315536999999992
11
253.7722279999999841
21
-78.375551999999999
0
LINE
8
BLACK
6
CONTINUOUS
10
253.7722279999999841
20
-78.375551999999999
11
253.6184140000000014
21
-78.4061480000000017
0
LINE
8
BLACK
6
CONTINUOUS
10
253.6184140000000014
20
-78.4061480000000017
11
253.4615859999999827
21
-78.4061480000000017
0
LINE
8
BLACK
6
CONTINUOUS
10
253.4615859999999827
20
-78.4061480000000017
11
253.3077719999999999
21
-78.375551999999999
0
LINE
8
BLACK
6
CONTINUOUS
10
253.3077719999999999
20
-78.375551999999999
11
253.1628829999999937
21
-78.315536999999992
0
LINE
8
BLACK
6
CONTINUOUS
10
253.1628829999999937
20
-78.315536999999992
11
253.0324849999999799
21
-78.2284080000000017
0
LINE
8
BLACK
6
CONTINUOUS
10
253.0324849999999799
20
-78.2284080000000017
11
252.9215919999999755
21
-78.1175149999999974
0
LINE
8
BLACK
6
CONTINUOUS
10
252.9215919999999755
20
-78.1175149999999974
11
252.8344629999999995
21
-77.9871169999999978
0
LINE
8
BLACK
6
CONTINUOUS
10
252.8344629999999995
20
-77.9871169999999978
11
252.7744479999999783
21
-77.8422279999999915
0
LINE
8
BLACK
6
CONTINUOUS
10
252.7744479999999783
20
-77.8422279999999915
11
252.7438519999999755
21
-77.6884139999999945
0
LINE
8
BLACK
6
CONTINUOUS
10
252.7438519999999755
20
-77.6884139999999945
11
252.7438519999999755
21
-77.5315859999999901
0
LINE
8
BLACK
6
CONTINUOUS
10
252.7438519999999755
20
-77.5315859999999901
11
252.7744479999999783
21
-77.3777719999999931
0
LINE
8
BLACK
6
CONTINUOUS
10
252.7744479999999783
20
-77.3777719999999931
11
252.8344629999999995
21
-77.2328830000000011
0
LINE
8
BLACK
6
CONTINUOUS
10
252.8344629999999995
20
-77.2328830000000011
11
252.9215919999999755
21
-77.1024850000000015
0
LINE
8
BLACK
6
CONTINUOUS
10
252.9215919999999755
20
-77.1024850000000015
11
253.0324849999999799
21
-76.9915919999999971
0
LINE
8
BLACK
6
CONTINUOUS
10
253.0324849999999799
20
-76.9915919999999971
11
253.1628829999999937
21
-76.9044629999999927
0
LINE
8
BLACK
6
CONTINUOUS
10
253.1628829999999937
20
-76.9044629999999927
11
253.3077719999999999
21
-76.8444479999999999
0
LINE
8
BLACK
6
CONTINUOUS
10
253.3077719999999999
20
-76.8444479999999999
11
253.4615859999999827
21
-76.8138519999999971
0
LINE
8
BLACK
6
CONTINUOUS
10
253.4615859999999827
20
-76.8138519999999971
11
253.6184140000000014
21
-76.8138519999999971
0
LINE
8
BLACK
6
CONTINUOUS
10
253.6184140000000014
20
-76.8138519999999971
11
253.7722279999999841
21
-76.8444479999999999
0
LINE
8
BLACK
6
CONTINUOUS
10
59.0522279999999995
20
-73.1544480000000021
11
59.1971169999999987
21
-73.214462999999995
0
LINE
8
BLACK
6
CONTINUOUS
10
59.1971169999999987
20
-73.214462999999995
11
59.3275149999999982
21
-73.3015919999999994
0
LINE
8
BLACK
6
CONTINUOUS
10
59.3275149999999982
20
-73.3015919999999994
11
59.4384079999999955
21
-73.4124850000000038
0
LINE
8
BLACK
6
CONTINUOUS
10
59.4384079999999955
20
-73.4124850000000038
11
59.5255369999999999
21
-73.5428830000000033
0
LINE
8
BLACK
6
CONTINUOUS
10
59.5255369999999999
20
-73.5428830000000033
11
59.5410889999999995
21
-73.5804289999999952
0
LINE
8
BLACK
6
CONTINUOUS
10
59.5410889999999995
20
-73.5804289999999952
11
62.1206599999999938
21
-76.1599999999999966
0
LINE
8
BLACK
6
CONTINUOUS
10
62.1206599999999938
20
-76.1599999999999966
11
62.1743319999999997
21
-76.1599999999999966
0
LINE
8
BLACK
6
CONTINUOUS
10
62.1743319999999997
20
-76.1599999999999966
11
62.2118779999999987
21
-76.144447999999997
0
LINE
8
BLACK
6
CONTINUOUS
10
62.2118779999999987
20
-76.144447999999997
11
62.3656919999999957
21
-76.1138519999999943
0
LINE
8
BLACK
6
CONTINUOUS
10
62.3656919999999957
20
-76.1138519999999943
11
62.5225200000000001
21
-76.1138519999999943
0
LINE
8
BLACK
6
CONTINUOUS
10
62.5225200000000001
20
-76.1138519999999943
11
62.6763339999999971
21
-76.144447999999997
0
LINE
8
BLACK
6
CONTINUOUS
10
62.6763339999999971
20
-76.144447999999997
11
62.8212229999999963
21
-76.2044629999999898
0
LINE
8
BLACK
6
CONTINUOUS
10
62.8212229999999963
20
-76.2044629999999898
11
62.9516209999999958
21
-76.2915919999999943
0
LINE
8
BLACK
6
CONTINUOUS
10
62.9516209999999958
20
-76.2915919999999943
11
63.0625140000000002
21
-76.4024849999999986
0
LINE
8
BLACK
6
CONTINUOUS
10
63.0625140000000002
20
-76.4024849999999986
11
63.1496429999999975
21
-76.5328829999999982
0
LINE
8
BLACK
6
CONTINUOUS
10
63.1496429999999975
20
-76.5328829999999982
11
63.2096579999999975
21
-76.6777719999999903
0
LINE
8
BLACK
6
CONTINUOUS
10
63.2096579999999975
20
-76.6777719999999903
11
63.2402540000000002
21
-76.8315860000000015
0
LINE
8
BLACK
6
CONTINUOUS
10
63.2402540000000002
20
-76.8315860000000015
11
63.2402540000000002
21
-76.9884139999999917
0
LINE
8
BLACK
6
CONTINUOUS
10
63.2402540000000002
20
-76.9884139999999917
11
63.2096579999999975
21
-77.1422280000000029
0
LINE
8
BLACK
6
CONTINUOUS
10
63.2096579999999975
20
-77.1422280000000029
11
63.1496429999999975
21
-77.287116999999995
0
LINE
8
BLACK
6
CONTINUOUS
10
63.1496429999999975
20
-77.287116999999995
11
63.0625140000000002
21
-77.4175149999999945
0
LINE
8
BLACK
6
CONTINUOUS
10
63.0625140000000002
20
-77.4175149999999945
11
62.9516209999999958
21
-77.5284079999999989
0
LINE
8
BLACK
6
CONTINUOUS
10
62.9516209999999958
20
-77.5284079999999989
11
62.8212229999999963
21
-77.6155370000000033
0
LINE
8
BLACK
6
CONTINUOUS
10
62.8212229999999963
20
-77.6155370000000033
11
62.6763339999999971
21
-77.6755519999999962
0
LINE
8
BLACK
6
CONTINUOUS
10
62.6763339999999971
20
-77.6755519999999962
11
62.5225200000000001
21
-77.7061479999999989
0
LINE
8
BLACK
6
CONTINUOUS
10
62.5225200000000001
20
-77.7061479999999989
11
62.3656919999999957
21
-77.7061479999999989
0
LINE
8
BLACK
6
CONTINUOUS
10
62.3656919999999957
20
-77.7061479999999989
11
62.2118779999999987
21
-77.6755519999999962
0
LINE
8
BLACK
6
CONTINUOUS
10
62.2118779999999987
20
-77.6755519999999962
11
62.1743319999999997
21
-77.6599999999999966
0
LINE
8
BLACK
6
CONTINUOUS
10
62.1743319999999997
20
-77.6599999999999966
11
61.8099999999999952
21
-77.6599999999999966
0
LINE
8
BLACK
6
CONTINUOUS
10
61.8099999999999952
20
-77.6599999999999966
11
61.7364869999999968
21
-77.6563889999999901
0
LINE
8
BLACK
6
CONTINUOUS
10
61.7364869999999968
20
-77.6563889999999901
11
61.5922869999999989
21
-77.6277060000000034
0
LINE
8
BLACK
6
CONTINUOUS
10
61.5922869999999989
20
-77.6277060000000034
11
61.5111539999999977
21
-77.5940989999999999
0
LINE
8
BLACK
6
CONTINUOUS
10
61.5111539999999977
20
-77.5940989999999999
11
61.4564519999999987
21
-77.571440999999993
0
LINE
8
BLACK
6
CONTINUOUS
10
61.4564519999999987
20
-77.571440999999993
11
61.3968050000000005
21
-77.5315859999999901
0
LINE
8
BLACK
6
CONTINUOUS
10
61.3968050000000005
20
-77.5315859999999901
11
61.3342049999999972
21
-77.4897589999999923
0
LINE
8
BLACK
6
CONTINUOUS
10
61.3342049999999972
20
-77.4897589999999923
11
61.2796699999999959
21
-77.440330000000003
0
LINE
8
BLACK
6
CONTINUOUS
10
61.2796699999999959
20
-77.440330000000003
11
58.4804290000000009
21
-74.6410889999999938
0
LINE
8
BLACK
6
CONTINUOUS
10
58.4804290000000009
20
-74.6410889999999938
11
58.4428829999999948
21
-74.6255369999999942
0
LINE
8
BLACK
6
CONTINUOUS
10
58.4428829999999948
20
-74.6255369999999942
11
58.3124849999999952
21
-74.5384079999999898
0
LINE
8
BLACK
6
CONTINUOUS
10
58.3124849999999952
20
-74.5384079999999898
11
58.201591999999998
21
-74.4275149999999996
0
LINE
8
BLACK
6
CONTINUOUS
10
58.201591999999998
20
-74.4275149999999996
11
58.1144630000000006
21
-74.2971170000000001
0
LINE
8
BLACK
6
CONTINUOUS
10
58.1144630000000006
20
-74.2971170000000001
11
58.0544480000000007
21
-74.1522279999999938
0
LINE
8
BLACK
6
CONTINUOUS
10
58.0544480000000007
20
-74.1522279999999938
11
58.023851999999998
21
-73.9984139999999968
0
LINE
8
BLACK
6
CONTINUOUS
10
58.023851999999998
20
-73.9984139999999968
11
58.023851999999998
21
-73.8415859999999924
0
LINE
8
BLACK
6
CONTINUOUS
10
58.023851999999998
20
-73.8415859999999924
11
58.0544480000000007
21
-73.6877719999999954
0
LINE
8
BLACK
6
CONTINUOUS
10
58.0544480000000007
20
-73.6877719999999954
11
58.1144630000000006
21
-73.5428830000000033
0
LINE
8
BLACK
6
CONTINUOUS
10
58.1144630000000006
20
-73.5428830000000033
11
58.201591999999998
21
-73.4124850000000038
0
LINE
8
BLACK
6
CONTINUOUS
10
58.201591999999998
20
-73.4124850000000038
11
58.3124849999999952
21
-73.3015919999999994
0
LINE
8
BLACK
6
CONTINUOUS
10
58.3124849999999952
20
-73.3015919999999994
11
58.4428829999999948
21
-73.214462999999995
0
LINE
8
BLACK
6
CONTINUOUS
10
58.4428829999999948
20
-73.214462999999995
11
58.587771999999994
21
-73.1544480000000021
0
LINE
8
BLACK
6
CONTINUOUS
10
58.587771999999994
20
-73.1544480000000021
11
58.7415859999999981
21
-73.1238519999999994
0
LINE
8
BLACK
6
CONTINUOUS
10
58.7415859999999981
20
-73.1238519999999994
11
58.8984139999999954
21
-73.1238519999999994
0
LINE
8
BLACK
6
CONTINUOUS
10
58.8984139999999954
20
-73.1238519999999994
11
59.0522279999999995
21
-73.1544480000000021
0
LINE
8
BLACK
6
CONTINUOUS
10
75.6811039999999906
20
-76.1771269999999987
11
75.7540989999999965
21
-76.2259009999999932
0
LINE
8
BLACK
6
CONTINUOUS
10
75.7540989999999965
20
-76.2259009999999932
11
75.8028729999999911
21
-76.2988959999999992
0
LINE
8
BLACK
6
CONTINUOUS
10
75.8028729999999911
20
-76.2988959999999992
11
75.8199999999999932
21
-76.3849999999999909
0
LINE
8
BLACK
6
CONTINUOUS
10
75.8199999999999932
20
-76.3849999999999909
11
75.8199999999999932
21
-77.4350000000000023
0
LINE
8
BLACK
6
CONTINUOUS
10
75.8199999999999932
20
-77.4350000000000023
11
75.8028729999999911
21
-77.521103999999994
0
LINE
8
BLACK
6
CONTINUOUS
10
75.8028729999999911
20
-77.521103999999994
11
75.7540989999999965
21
-77.5940989999999999
0
LINE
8
BLACK
6
CONTINUOUS
10
75.7540989999999965
20
-77.5940989999999999
11
75.6811039999999906
21
-77.6428729999999945
0
LINE
8
BLACK
6
CONTINUOUS
10
75.6811039999999906
20
-77.6428729999999945
11
75.5949999999999989
21
-77.6599999999999966
0
LINE
8
BLACK
6
CONTINUOUS
10
75.5949999999999989
20
-77.6599999999999966
11
66.0450000000000017
21
-77.6599999999999966
0
LINE
8
BLACK
6
CONTINUOUS
10
66.0450000000000017
20
-77.6599999999999966
11
65.9588959999999958
21
-77.6428729999999945
0
LINE
8
BLACK
6
CONTINUOUS
10
65.9588959999999958
20
-77.6428729999999945
11
65.885901000000004
21
-77.5940989999999999
0
LINE
8
BLACK
6
CONTINUOUS
10
65.885901000000004
20
-77.5940989999999999
11
65.8371269999999953
21
-77.521103999999994
0
LINE
8
BLACK
6
CONTINUOUS
10
65.8371269999999953
20
-77.521103999999994
11
65.8199999999999932
21
-77.4350000000000023
0
LINE
8
BLACK
6
CONTINUOUS
10
65.8199999999999932
20
-77.4350000000000023
11
65.8199999999999932
21
-76.3849999999999909
0
LINE
8
BLACK
6
CONTINUOUS
10
65.8199999999999932
20
-76.3849999999999909
11
65.8371269999999953
21
-76.2988959999999992
0
LINE
8
BLACK
6
CONTINUOUS
10
65.8371269999999953
20
-76.2988959999999992
11
65.885901000000004
21
-76.2259009999999932
0
LINE
8
BLACK
6
CONTINUOUS
10
65.885901000000004
20
-76.2259009999999932
11
65.9588959999999958
21
-76.1771269999999987
0
LINE
8
BLACK
6
CONTINUOUS
10
65.9588959999999958
20
-76.1771269999999987
11
66.0450000000000017
21
-76.1599999999999966
0
LINE
8
BLACK
6
CONTINUOUS
10
66.0450000000000017
20
-76.1599999999999966
11
75.5949999999999989
21
-76.1599999999999966
0
LINE
8
BLACK
6
CONTINUOUS
10
75.5949999999999989
20
-76.1599999999999966
11
75.6811039999999906
21
-76.1771269999999987
0
LINE
8
BLACK
6
CONTINUOUS
10
105.6811039999999906
20
-76.1771269999999987
11
105.7540989999999965
21
-76.2259009999999932
0
LINE
8
BLACK
6
CONTINUOUS
10
105.7540989999999965
20
-76.2259009999999932
11
105.8028729999999911
21
-76.2988959999999992
0
LINE
8
BLACK
6
CONTINUOUS
10
105.8028729999999911
20
-76.2988959999999992
11
105.8199999999999932
21
-76.3849999999999909
0
LINE
8
BLACK
6
CONTINUOUS
10
105.8199999999999932
20
-76.3849999999999909
11
105.8199999999999932
21
-77.4350000000000023
0
LINE
8
BLACK
6
CONTINUOUS
10
105.8199999999999932
20
-77.4350000000000023
11
105.8028729999999911
21
-77.521103999999994
0
LINE
8
BLACK
6
CONTINUOUS
10
105.8028729999999911
20
-77.521103999999994
11
105.7540989999999965
21
-77.5940989999999999
0
LINE
8
BLACK
6
CONTINUOUS
10
105.7540989999999965
20
-77.5940989999999999
11
105.6811039999999906
21
-77.6428729999999945
0
LINE
8
BLACK
6
CONTINUOUS
10
105.6811039999999906
20
-77.6428729999999945
11
105.5949999999999989
21
-77.6599999999999966
0
LINE
8
BLACK
6
CONTINUOUS
10
105.5949999999999989
20
-77.6599999999999966
11
96.0450000000000017
21
-77.6599999999999966
0
LINE
8
BLACK
6
CONTINUOUS
10
96.0450000000000017
20
-77.6599999999999966
11
95.9588959999999958
21
-77.6428729999999945
0
LINE
8
BLACK
6
CONTINUOUS
10
95.9588959999999958
20
-77.6428729999999945
11
95.8859009999999898
21
-77.5940989999999999
0
LINE
8
BLACK
6
CONTINUOUS
10
95.8859009999999898
20
-77.5940989999999999
11
95.8371269999999953
21
-77.521103999999994
0
LINE
8
BLACK
6
CONTINUOUS
10
95.8371269999999953
20
-77.521103999999994
11
95.8199999999999932
21
-77.4350000000000023
0
LINE
8
BLACK
6
CONTINUOUS
10
95.8199999999999932
20
-77.4350000000000023
11
95.8199999999999932
21
-76.3849999999999909
0
LINE
8
BLACK
6
CONTINUOUS
10
95.8199999999999932
20
-76.3849999999999909
11
95.8371269999999953
21
-76.2988959999999992
0
LINE
8
BLACK
6
CONTINUOUS
10
95.8371269999999953
20
-76.2988959999999992
11
95.8859009999999898
21
-76.2259009999999932
0
LINE
8
BLACK
6
CONTINUOUS
10
95.8859009999999898
20
-76.2259009999999932
11
95.9588959999999958
21
-76.1771269999999987
0
LINE
8
BLACK
6
CONTINUOUS
10
95.9588959999999958
20
-76.1771269999999987
11
96.0450000000000017
21
-76.1599999999999966
0
LINE
8
BLACK
6
CONTINUOUS
10
96.0450000000000017
20
-76.1599999999999966
11
105.5949999999999989
21
-76.1599999999999966
0
LINE
8
BLACK
6
CONTINUOUS
10
105.5949999999999989
20
-76.1599999999999966
11
105.6811039999999906
21
-76.1771269999999987
0
LINE
8
BLACK
6
CONTINUOUS
10
154.501103999999998
20
-76.1771269999999987
11
154.5740989999999897
21
-76.2259009999999932
0
LINE
8
BLACK
6
CONTINUOUS
10
154.5740989999999897
20
-76.2259009999999932
11
154.6228729999999985
21
-76.2988959999999992
0
LINE
8
BLACK
6
CONTINUOUS
10
154.6228729999999985
20
-76.2988959999999992
11
154.6399999999999864
21
-76.3849999999999909
0
LINE
8
BLACK
6
CONTINUOUS
10
154.6399999999999864
20
-76.3849999999999909
11
154.6399999999999864
21
-77.4350000000000023
0
LINE
8
BLACK
6
CONTINUOUS
10
154.6399999999999864
20
-77.4350000000000023
11
154.6228729999999985
21
-77.521103999999994
0
LINE
8
BLACK
6
CONTINUOUS
10
154.6228729999999985
20
-77.521103999999994
11
154.5740989999999897
21
-77.5940989999999999
0
LINE
8
BLACK
6
CONTINUOUS
10
154.5740989999999897
20
-77.5940989999999999
11
154.501103999999998
21
-77.6428729999999945
0
LINE
8
BLACK
6
CONTINUOUS
10
154.501103999999998
20
-77.6428729999999945
11
154.414999999999992
21
-77.6599999999999966
0
LINE
8
BLACK
6
CONTINUOUS
10
154.414999999999992
20
-77.6599999999999966
11
144.8649999999999807
21
-77.6599999999999966
0
LINE
8
BLACK
6
CONTINUOUS
10
144.8649999999999807
20
-77.6599999999999966
11
144.7788960000000031
21
-77.6428729999999945
0
LINE
8
BLACK
6
CONTINUOUS
10
144.7788960000000031
20
-77.6428729999999945
11
144.705900999999983
21
-77.5940989999999999
0
LINE
8
BLACK
6
CONTINUOUS
10
144.705900999999983
20
-77.5940989999999999
11
144.6571270000000027
21
-77.521103999999994
0
LINE
8
BLACK
6
CONTINUOUS
10
144.6571270000000027
20
-77.521103999999994
11
144.6399999999999864
21
-77.4350000000000023
0
LINE
8
BLACK
6
CONTINUOUS
10
144.6399999999999864
20
-77.4350000000000023
11
144.6399999999999864
21
-76.3849999999999909
0
LINE
8
BLACK
6
CONTINUOUS
10
144.6399999999999864
20
-76.3849999999999909
11
144.6571270000000027
21
-76.2988959999999992
0
LINE
8
BLACK
6
CONTINUOUS
10
144.6571270000000027
20
-76.2988959999999992
11
144.705900999999983
21
-76.2259009999999932
0
LINE
8
BLACK
6
CONTINUOUS
10
144.705900999999983
20
-76.2259009999999932
11
144.7788960000000031
21
-76.1771269999999987
0
LINE
8
BLACK
6
CONTINUOUS
10
144.7788960000000031
20
-76.1771269999999987
11
144.8649999999999807
21
-76.1599999999999966
0
LINE
8
BLACK
6
CONTINUOUS
10
144.8649999999999807
20
-76.1599999999999966
11
154.414999999999992
21
-76.1599999999999966
0
LINE
8
BLACK
6
CONTINUOUS
10
154.414999999999992
20
-76.1599999999999966
11
154.501103999999998
21
-76.1771269999999987
0
LINE
8
BLACK
6
CONTINUOUS
10
184.501103999999998
20
-76.1771269999999987
11
184.5740989999999897
21
-76.2259009999999932
0
LINE
8
BLACK
6
CONTINUOUS
10
184.5740989999999897
20
-76.2259009999999932
11
184.6228729999999985
21
-76.2988959999999992
0
LINE
8
BLACK
6
CONTINUOUS
10
184.6228729999999985
20
-76.2988959999999992
11
184.6399999999999864
21
-76.3849999999999909
0
LINE
8
BLACK
6
CONTINUOUS
10
184.6399999999999864
20
-76.3849999999999909
11
184.6399999999999864
21
-77.4350000000000023
0
LINE
8
BLACK
6
CONTINUOUS
10
184.6399999999999864
20
-77.4350000000000023
11
184.6228729999999985
21
-77.521103999999994
0
LINE
8
BLACK
6
CONTINUOUS
10
184.6228729999999985
20
-77.521103999999994
11
184.5740989999999897
21
-77.5940989999999999
0
LINE
8
BLACK
6
CONTINUOUS
10
184.5740989999999897
20
-77.5940989999999999
11
184.501103999999998
21
-77.6428729999999945
0
LINE
8
BLACK
6
CONTINUOUS
10
184.501103999999998
20
-77.6428729999999945
11
184.414999999999992
21
-77.6599999999999966
0
LINE
8
BLACK
6
CONTINUOUS
10
184.414999999999992
20
-77.6599999999999966
11
174.8649999999999807
21
-77.6599999999999966
0
LINE
8
BLACK
6
CONTINUOUS
10
174.8649999999999807
20
-77.6599999999999966
11
174.7788960000000031
21
-77.6428729999999945
0
LINE
8
BLACK
6
CONTINUOUS
10
174.7788960000000031
20
-77.6428729999999945
11
174.705900999999983
21
-77.5940989999999999
0
LINE
8
BLACK
6
CONTINUOUS
10
174.705900999999983
20
-77.5940989999999999
11
174.6571270000000027
21
-77.521103999999994
0
LINE
8
BLACK
6
CONTINUOUS
10
174.6571270000000027
20
-77.521103999999994
11
174.6399999999999864
21
-77.4350000000000023
0
LINE
8
BLACK
6
CONTINUOUS
10
174.6399999999999864
20
-77.4350000000000023
11
174.6399999999999864
21
-76.3849999999999909
0
LINE
8
BLACK
6
CONTINUOUS
10
174.6399999999999864
20
-76.3849999999999909
11
174.6571270000000027
21
-76.2988959999999992
0
LINE
8
BLACK
6
CONTINUOUS
10
174.6571270000000027
20
-76.2988959999999992
11
174.705900999999983
21
-76.2259009999999932
0
LINE
8
BLACK
6
CONTINUOUS
10
174.705900999999983
20
-76.2259009999999932
11
174.7788960000000031
21
-76.1771269999999987
0
LINE
8
BLACK
6
CONTINUOUS
10
174.7788960000000031
20
-76.1771269999999987
11
174.8649999999999807
21
-76.1599999999999966
0
LINE
8
BLACK
6
CONTINUOUS
10
174.8649999999999807
20
-76.1599999999999966
11
184.414999999999992
21
-76.1599999999999966
0
LINE
8
BLACK
6
CONTINUOUS
10
184.414999999999992
20
-76.1599999999999966
11
184.501103999999998
21
-76.1771269999999987
0
LINE
8
BLACK
6
CONTINUOUS
10
244.5302279999999939
20
-76.0505539999999911
11
244.6751170000000002
21
-76.1105689999999981
0
LINE
8
BLACK
6
CONTINUOUS
10
244.6751170000000002
20
-76.1105689999999981
11
244.8055149999999855
21
-76.1976980000000026
0
LINE
8
BLACK
6
CONTINUOUS
10
244.8055149999999855
20
-76.1976980000000026
11
244.9164079999999899
21
-76.3085909999999927
0
LINE
8
BLACK
6
CONTINUOUS
10
244.9164079999999899
20
-76.3085909999999927
11
245.0035369999999944
21
-76.4389889999999923
0
LINE
8
BLACK
6
CONTINUOUS
10
245.0035369999999944
20
-76.4389889999999923
11
245.0635519999999872
21
-76.5838779999999986
0
LINE
8
BLACK
6
CONTINUOUS
10
245.0635519999999872
20
-76.5838779999999986
11
245.0941479999999899
21
-76.7376919999999956
0
LINE
8
BLACK
6
CONTINUOUS
10
245.0941479999999899
20
-76.7376919999999956
11
245.0941479999999899
21
-76.89452
0
LINE
8
BLACK
6
CONTINUOUS
10
245.0941479999999899
20
-76.89452
11
245.0635519999999872
21
-77.048333999999997
0
LINE
8
BLACK
6
CONTINUOUS
10
245.0635519999999872
20
-77.048333999999997
11
245.0035369999999944
21
-77.1932230000000033
0
LINE
8
BLACK
6
CONTINUOUS
10
245.0035369999999944
20
-77.1932230000000033
11
244.9164079999999899
21
-77.3236210000000028
0
LINE
8
BLACK
6
CONTINUOUS
10
244.9164079999999899
20
-77.3236210000000028
11
244.8055149999999855
21
-77.434513999999993
0
LINE
8
BLACK
6
CONTINUOUS
10
244.8055149999999855
20
-77.434513999999993
11
244.6751170000000002
21
-77.5216429999999974
0
LINE
8
BLACK
6
CONTINUOUS
10
244.6751170000000002
20
-77.5216429999999974
11
244.5302279999999939
21
-77.5816579999999902
0
LINE
8
BLACK
6
CONTINUOUS
10
244.5302279999999939
20
-77.5816579999999902
11
244.3764139999999827
21
-77.612253999999993
0
LINE
8
BLACK
6
CONTINUOUS
10
244.3764139999999827
20
-77.612253999999993
11
244.2195859999999925
21
-77.612253999999993
0
LINE
8
BLACK
6
CONTINUOUS
10
244.2195859999999925
20
-77.612253999999993
11
244.0657719999999813
21
-77.5816579999999902
0
LINE
8
BLACK
6
CONTINUOUS
10
244.0657719999999813
20
-77.5816579999999902
11
243.920882999999975
21
-77.5216429999999974
0
LINE
8
BLACK
6
CONTINUOUS
10
243.920882999999975
20
-77.5216429999999974
11
243.7904849999999897
21
-77.434513999999993
0
LINE
8
BLACK
6
CONTINUOUS
10
243.7904849999999897
20
-77.434513999999993
11
243.6795919999999853
21
-77.3236210000000028
0
LINE
8
BLACK
6
CONTINUOUS
10
243.6795919999999853
20
-77.3236210000000028
11
243.5924629999999809
21
-77.1932230000000033
0
LINE
8
BLACK
6
CONTINUOUS
10
243.5924629999999809
20
-77.1932230000000033
11
243.532447999999988
21
-77.048333999999997
0
LINE
8
BLACK
6
CONTINUOUS
10
243.532447999999988
20
-77.048333999999997
11
243.5018519999999853
21
-76.89452
0
LINE
8
BLACK
6
CONTINUOUS
10
243.5018519999999853
20
-76.89452
11
243.5018519999999853
21
-76.7376919999999956
0
LINE
8
BLACK
6
CONTINUOUS
10
243.5018519999999853
20
-76.7376919999999956
11
243.532447999999988
21
-76.5838779999999986
0
LINE
8
BLACK
6
CONTINUOUS
10
243.532447999999988
20
-76.5838779999999986
11
243.5924629999999809
21
-76.4389889999999923
0
LINE
8
BLACK
6
CONTINUOUS
10
243.5924629999999809
20
-76.4389889999999923
11
243.6795919999999853
21
-76.3085909999999927
0
LINE
8
BLACK
6
CONTINUOUS
10
243.6795919999999853
20
-76.3085909999999927
11
243.7904849999999897
21
-76.1976980000000026
0
LINE
8
BLACK
6
CONTINUOUS
10
243.7904849999999897
20
-76.1976980000000026
11
243.920882999999975
21
-76.1105689999999981
0
LINE
8
BLACK
6
CONTINUOUS
10
243.920882999999975
20
-76.1105689999999981
11
244.0657719999999813
21
-76.0505539999999911
0
LINE
8
BLACK
6
CONTINUOUS
10
244.0657719999999813
20
-76.0505539999999911
11
244.2195859999999925
21
-76.0199580000000026
0
LINE
8
BLACK
6
CONTINUOUS
10
244.2195859999999925
20
-76.0199580000000026
11
244.3764139999999827
21
-76.0199580000000026
0
LINE
8
BLACK
6
CONTINUOUS
10
244.3764139999999827
20
-76.0199580000000026
11
244.5302279999999939
21
-76.0505539999999911
0
LINE
8
BLACK
6
CONTINUOUS
10
251.4332279999999855
20
-75.9034479999999974
11
251.5781169999999918
21
-75.9634629999999902
0
LINE
8
BLACK
6
CONTINUOUS
10
251.5781169999999918
20
-75.9634629999999902
11
251.7085149999999771
21
-76.0505919999999946
0
LINE
8
BLACK
6
CONTINUOUS
10
251.7085149999999771
20
-76.0505919999999946
11
251.8194079999999815
21
-76.161484999999999
0
LINE
8
BLACK
6
CONTINUOUS
10
251.8194079999999815
20
-76.161484999999999
11
251.9065369999999859
21
-76.2918829999999986
0
LINE
8
BLACK
6
CONTINUOUS
10
251.9065369999999859
20
-76.2918829999999986
11
251.9665519999999788
21
-76.4367719999999906
0
LINE
8
BLACK
6
CONTINUOUS
10
251.9665519999999788
20
-76.4367719999999906
11
251.9971479999999815
21
-76.5905860000000018
0
LINE
8
BLACK
6
CONTINUOUS
10
251.9971479999999815
20
-76.5905860000000018
11
251.9971479999999815
21
-76.747413999999992
0
LINE
8
BLACK
6
CONTINUOUS
10
251.9971479999999815
20
-76.747413999999992
11
251.9665519999999788
21
-76.9012280000000032
0
LINE
8
BLACK
6
CONTINUOUS
10
251.9665519999999788
20
-76.9012280000000032
11
251.9065369999999859
21
-77.0461169999999953
0
LINE
8
BLACK
6
CONTINUOUS
10
251.9065369999999859
20
-77.0461169999999953
11
251.8194079999999815
21
-77.1765149999999949
0
LINE
8
BLACK
6
CONTINUOUS
10
251.8194079999999815
20
-77.1765149999999949
11
251.7085149999999771
21
-77.2874079999999992
0
LINE
8
BLACK
6
CONTINUOUS
10
251.7085149999999771
20
-77.2874079999999992
11
251.5781169999999918
21
-77.3745369999999895
0
LINE
8
BLACK
6
CONTINUOUS
10
251.5781169999999918
20
-77.3745369999999895
11
251.4332279999999855
21
-77.4345519999999965
0
LINE
8
BLACK
6
CONTINUOUS
10
251.4332279999999855
20
-77.4345519999999965
11
251.2794140000000027
21
-77.4651479999999992
0
LINE
8
BLACK
6
CONTINUOUS
10
251.2794140000000027
20
-77.4651479999999992
11
251.1225859999999841
21
-77.4651479999999992
0
LINE
8
BLACK
6
CONTINUOUS
10
251.1225859999999841
20
-77.4651479999999992
11
250.9687720000000013
21
-77.4345519999999965
0
LINE
8
BLACK
6
CONTINUOUS
10
250.9687720000000013
20
-77.4345519999999965
11
250.823882999999995
21
-77.3745369999999895
0
LINE
8
BLACK
6
CONTINUOUS
10
250.823882999999995
20
-77.3745369999999895
11
250.6934849999999813
21
-77.2874079999999992
0
LINE
8
BLACK
6
CONTINUOUS
10
250.6934849999999813
20
-77.2874079999999992
11
250.5825919999999769
21
-77.1765149999999949
0
LINE
8
BLACK
6
CONTINUOUS
10
250.5825919999999769
20
-77.1765149999999949
11
250.4954630000000009
21
-77.0461169999999953
0
LINE
8
BLACK
6
CONTINUOUS
10
250.4954630000000009
20
-77.0461169999999953
11
250.4354479999999796
21
-76.9012280000000032
0
LINE
8
BLACK
6
CONTINUOUS
10
250.4354479999999796
20
-76.9012280000000032
11
250.4048519999999769
21
-76.747413999999992
0
LINE
8
BLACK
6
CONTINUOUS
10
250.4048519999999769
20
-76.747413999999992
11
250.4048519999999769
21
-76.5905860000000018
0
LINE
8
BLACK
6
CONTINUOUS
10
250.4048519999999769
20
-76.5905860000000018
11
250.4354479999999796
21
-76.4367719999999906
0
LINE
8
BLACK
6
CONTINUOUS
10
250.4354479999999796
20
-76.4367719999999906
11
250.4954630000000009
21
-76.2918829999999986
0
LINE
8
BLACK
6
CONTINUOUS
10
250.4954630000000009
20
-76.2918829999999986
11
250.5825919999999769
21
-76.161484999999999
0
LINE
8
BLACK
6
CONTINUOUS
10
250.5825919999999769
20
-76.161484999999999
11
250.6934849999999813
21
-76.0505919999999946
0
LINE
8
BLACK
6
CONTINUOUS
10
250.6934849999999813
20
-76.0505919999999946
11
250.823882999999995
21
-75.9634629999999902
0
LINE
8
BLACK
6
CONTINUOUS
10
250.823882999999995
20
-75.9634629999999902
11
250.9687720000000013
21
-75.9034479999999974
0
LINE
8
BLACK
6
CONTINUOUS
10
250.9687720000000013
20
-75.9034479999999974
11
251.1225859999999841
21
-75.8728519999999946
0
LINE
8
BLACK
6
CONTINUOUS
10
251.1225859999999841
20
-75.8728519999999946
11
251.2794140000000027
21
-75.8728519999999946
0
LINE
8
BLACK
6
CONTINUOUS
10
251.2794140000000027
20
-75.8728519999999946
11
251.4332279999999855
21
-75.9034479999999974
0
LINE
8
BLACK
6
CONTINUOUS
10
256.0722279999999955
20
-75.8903419999999898
11
256.2171169999999734
21
-75.9503569999999968
0
LINE
8
BLACK
6
CONTINUOUS
10
256.2171169999999734
20
-75.9503569999999968
11
256.3475149999999871
21
-76.0374860000000012
0
LINE
8
BLACK
6
CONTINUOUS
10
256.3475149999999871
20
-76.0374860000000012
11
256.4584079999999631
21
-76.1483789999999914
0
LINE
8
BLACK
6
CONTINUOUS
10
256.4584079999999631
20
-76.1483789999999914
11
256.5455369999999675
21
-76.2787769999999909
0
LINE
8
BLACK
6
CONTINUOUS
10
256.5455369999999675
20
-76.2787769999999909
11
256.6055519999999888
21
-76.4236659999999972
0
LINE
8
BLACK
6
CONTINUOUS
10
256.6055519999999888
20
-76.4236659999999972
11
256.6361479999999915
21
-76.5774799999999942
0
LINE
8
BLACK
6
CONTINUOUS
10
256.6361479999999915
20
-76.5774799999999942
11
256.6361479999999915
21
-76.7343079999999986
0
LINE
8
BLACK
6
CONTINUOUS
10
256.6361479999999915
20
-76.7343079999999986
11
256.6055519999999888
21
-76.8881219999999956
0
LINE
8
BLACK
6
CONTINUOUS
10
256.6055519999999888
20
-76.8881219999999956
11
256.5455369999999675
21
-77.0330110000000019
0
LINE
8
BLACK
6
CONTINUOUS
10
256.5455369999999675
20
-77.0330110000000019
11
256.4584079999999631
21
-77.1634090000000015
0
LINE
8
BLACK
6
CONTINUOUS
10
256.4584079999999631
20
-77.1634090000000015
11
256.3475149999999871
21
-77.2743019999999916
0
LINE
8
BLACK
6
CONTINUOUS
10
256.3475149999999871
20
-77.2743019999999916
11
256.2171169999999734
21
-77.3614309999999961
0
LINE
8
BLACK
6
CONTINUOUS
10
256.2171169999999734
20
-77.3614309999999961
11
256.0722279999999955
21
-77.4214460000000031
0
LINE
8
BLACK
6
CONTINUOUS
10
256.0722279999999955
20
-77.4214460000000031
11
255.9184139999999843
21
-77.4520419999999916
0
LINE
8
BLACK
6
CONTINUOUS
10
255.9184139999999843
20
-77.4520419999999916
11
255.7615859999999941
21
-77.4520419999999916
0
LINE
8
BLACK
6
CONTINUOUS
10
255.7615859999999941
20
-77.4520419999999916
11
255.6077719999999829
21
-77.4214460000000031
0
LINE
8
BLACK
6
CONTINUOUS
10
255.6077719999999829
20
-77.4214460000000031
11
255.4628829999999766
21
-77.3614309999999961
0
LINE
8
BLACK
6
CONTINUOUS
10
255.4628829999999766
20
-77.3614309999999961
11
255.3324849999999913
21
-77.2743019999999916
0
LINE
8
BLACK
6
CONTINUOUS
10
255.3324849999999913
20
-77.2743019999999916
11
255.2215919999999869
21
-77.1634090000000015
0
LINE
8
BLACK
6
CONTINUOUS
10
255.2215919999999869
20
-77.1634090000000015
11
255.1344629999999825
21
-77.0330110000000019
0
LINE
8
BLACK
6
CONTINUOUS
10
255.1344629999999825
20
-77.0330110000000019
11
255.0744479999999896
21
-76.8881219999999956
0
LINE
8
BLACK
6
CONTINUOUS
10
255.0744479999999896
20
-76.8881219999999956
11
255.0438519999999869
21
-76.7343079999999986
0
LINE
8
BLACK
6
CONTINUOUS
10
255.0438519999999869
20
-76.7343079999999986
11
255.0438519999999869
21
-76.5774799999999942
0
LINE
8
BLACK
6
CONTINUOUS
10
255.0438519999999869
20
-76.5774799999999942
11
255.0744479999999896
21
-76.4236659999999972
0
LINE
8
BLACK
6
CONTINUOUS
10
255.0744479999999896
20
-76.4236659999999972
11
255.1344629999999825
21
-76.2787769999999909
0
LINE
8
BLACK
6
CONTINUOUS
10
255.1344629999999825
20
-76.2787769999999909
11
255.2215919999999869
21
-76.1483789999999914
0
LINE
8
BLACK
6
CONTINUOUS
10
255.2215919999999869
20
-76.1483789999999914
11
255.3324849999999913
21
-76.0374860000000012
0
LINE
8
BLACK
6
CONTINUOUS
10
255.3324849999999913
20
-76.0374860000000012
11
255.4628829999999766
21
-75.9503569999999968
0
LINE
8
BLACK
6
CONTINUOUS
10
255.4628829999999766
20
-75.9503569999999968
11
255.6077719999999829
21
-75.8903419999999898
0
LINE
8
BLACK
6
CONTINUOUS
10
255.6077719999999829
20
-75.8903419999999898
11
255.7615859999999941
21
-75.8597460000000012
0
LINE
8
BLACK
6
CONTINUOUS
10
255.7615859999999941
20
-75.8597460000000012
11
255.9184139999999843
21
-75.8597460000000012
0
LINE
8
BLACK
6
CONTINUOUS
10
255.9184139999999843
20
-75.8597460000000012
11
256.0722279999999955
21
-75.8903419999999898
0
LINE
8
BLACK
6
CONTINUOUS
10
230.7011039999999866
20
-75.5571269999999942
11
230.7740989999999783
21
-75.6059010000000029
0
LINE
8
BLACK
6
CONTINUOUS
10
230.7740989999999783
20
-75.6059010000000029
11
230.8228729999999871
21
-75.6788959999999946
0
LINE
8
BLACK
6
CONTINUOUS
10
230.8228729999999871
20
-75.6788959999999946
11
230.8400000000000034
21
-75.7650000000000006
0
LINE
8
BLACK
6
CONTINUOUS
10
230.8400000000000034
20
-75.7650000000000006
11
230.8400000000000034
21
-76.8149999999999977
0
LINE
8
BLACK
6
CONTINUOUS
10
230.8400000000000034
20
-76.8149999999999977
11
230.8228729999999871
21
-76.9011039999999895
0
LINE
8
BLACK
6
CONTINUOUS
10
230.8228729999999871
20
-76.9011039999999895
11
230.7740989999999783
21
-76.9740989999999954
0
LINE
8
BLACK
6
CONTINUOUS
10
230.7740989999999783
20
-76.9740989999999954
11
230.7011039999999866
21
-77.0228729999999899
0
LINE
8
BLACK
6
CONTINUOUS
10
230.7011039999999866
20
-77.0228729999999899
11
230.6149999999999807
21
-77.039999999999992
0
LINE
8
BLACK
6
CONTINUOUS
10
230.6149999999999807
20
-77.039999999999992
11
221.0649999999999977
21
-77.039999999999992
0
LINE
8
BLACK
6
CONTINUOUS
10
221.0649999999999977
20
-77.039999999999992
11
220.9788959999999918
21
-77.0228729999999899
0
LINE
8
BLACK
6
CONTINUOUS
10
220.9788959999999918
20
-77.0228729999999899
11
220.9059010000000001
21
-76.9740989999999954
0
LINE
8
BLACK
6
CONTINUOUS
10
220.9059010000000001
20
-76.9740989999999954
11
220.8571269999999913
21
-76.9011039999999895
0
LINE
8
BLACK
6
CONTINUOUS
10
220.8571269999999913
20
-76.9011039999999895
11
220.8400000000000034
21
-76.8149999999999977
0
LINE
8
BLACK
6
CONTINUOUS
10
220.8400000000000034
20
-76.8149999999999977
11
220.8400000000000034
21
-75.7650000000000006
0
LINE
8
BLACK
6
CONTINUOUS
10
220.8400000000000034
20
-75.7650000000000006
11
220.8571269999999913
21
-75.6788959999999946
0
LINE
8
BLACK
6
CONTINUOUS
10
220.8571269999999913
20
-75.6788959999999946
11
220.9059010000000001
21
-75.6059010000000029
0
LINE
8
BLACK
6
CONTINUOUS
10
220.9059010000000001
20
-75.6059010000000029
11
220.9788959999999918
21
-75.5571269999999942
0
LINE
8
BLACK
6
CONTINUOUS
10
220.9788959999999918
20
-75.5571269999999942
11
221.0649999999999977
21
-75.539999999999992
0
LINE
8
BLACK
6
CONTINUOUS
10
221.0649999999999977
20
-75.539999999999992
11
230.6149999999999807
21
-75.539999999999992
0
LINE
8
BLACK
6
CONTINUOUS
10
230.6149999999999807
20
-75.539999999999992
11
230.7011039999999866
21
-75.5571269999999942
0
LINE
8
BLACK
6
CONTINUOUS
10
75.6811039999999906
20
-73.6371269999999924
11
75.7540989999999965
21
-73.6859010000000012
0
LINE
8
BLACK
6
CONTINUOUS
10
75.7540989999999965
20
-73.6859010000000012
11
75.8028729999999911
21
-73.7588959999999929
0
LINE
8
BLACK
6
CONTINUOUS
10
75.8028729999999911
20
-73.7588959999999929
11
75.8199999999999932
21
-73.8449999999999989
0
LINE
8
BLACK
6
CONTINUOUS
10
75.8199999999999932
20
-73.8449999999999989
11
75.8199999999999932
21
-74.894999999999996
0
LINE
8
BLACK
6
CONTINUOUS
10
75.8199999999999932
20
-74.894999999999996
11
75.8028729999999911
21
-74.981104000000002
0
LINE
8
BLACK
6
CONTINUOUS
10
75.8028729999999911
20
-74.981104000000002
11
75.7540989999999965
21
-75.0540989999999937
0
LINE
8
BLACK
6
CONTINUOUS
10
75.7540989999999965
20
-75.0540989999999937
11
75.6811039999999906
21
-75.1028730000000024
0
LINE
8
BLACK
6
CONTINUOUS
10
75.6811039999999906
20
-75.1028730000000024
11
75.5949999999999989
21
-75.1199999999999903
0
LINE
8
BLACK
6
CONTINUOUS
10
75.5949999999999989
20
-75.1199999999999903
11
66.0450000000000017
21
-75.1199999999999903
0
LINE
8
BLACK
6
CONTINUOUS
10
66.0450000000000017
20
-75.1199999999999903
11
65.9588959999999958
21
-75.1028730000000024
0
LINE
8
BLACK
6
CONTINUOUS
10
65.9588959999999958
20
-75.1028730000000024
11
65.885901000000004
21
-75.0540989999999937
0
LINE
8
BLACK
6
CONTINUOUS
10
65.885901000000004
20
-75.0540989999999937
11
65.8371269999999953
21
-74.981104000000002
0
LINE
8
BLACK
6
CONTINUOUS
10
65.8371269999999953
20
-74.981104000000002
11
65.8199999999999932
21
-74.894999999999996
0
LINE
8
BLACK
6
CONTINUOUS
10
65.8199999999999932
20
-74.894999999999996
11
65.8199999999999932
21
-73.8449999999999989
0
LINE
8
BLACK
6
CONTINUOUS
10
65.8199999999999932
20
-73.8449999999999989
11
65.8371269999999953
21
-73.7588959999999929
0
LINE
8
BLACK
6
CONTINUOUS
10
65.8371269999999953
20
-73.7588959999999929
11
65.885901000000004
21
-73.6859010000000012
0
LINE
8
BLACK
6
CONTINUOUS
10
65.885901000000004
20
-73.6859010000000012
11
65.9588959999999958
21
-73.6371269999999924
0
LINE
8
BLACK
6
CONTINUOUS
10
65.9588959999999958
20
-73.6371269999999924
11
66.0450000000000017
21
-73.6199999999999903
0
LINE
8
BLACK
6
CONTINUOUS
10
66.0450000000000017
20
-73.6199999999999903
11
75.5949999999999989
21
-73.6199999999999903
0
LINE
8
BLACK
6
CONTINUOUS
10
75.5949999999999989
20
-73.6199999999999903
11
75.6811039999999906
21
-73.6371269999999924
0
LINE
8
BLACK
6
CONTINUOUS
10
105.6811039999999906
20
-73.6371269999999924
11
105.7540989999999965
21
-73.6859010000000012
0
LINE
8
BLACK
6
CONTINUOUS
10
105.7540989999999965
20
-73.6859010000000012
11
105.8028729999999911
21
-73.7588959999999929
0
LINE
8
BLACK
6
CONTINUOUS
10
105.8028729999999911
20
-73.7588959999999929
11
105.8199999999999932
21
-73.8449999999999989
0
LINE
8
BLACK
6
CONTINUOUS
10
105.8199999999999932
20
-73.8449999999999989
11
105.8199999999999932
21
-74.894999999999996
0
LINE
8
BLACK
6
CONTINUOUS
10
105.8199999999999932
20
-74.894999999999996
11
105.8028729999999911
21
-74.981104000000002
0
LINE
8
BLACK
6
CONTINUOUS
10
105.8028729999999911
20
-74.981104000000002
11
105.7540989999999965
21
-75.0540989999999937
0
LINE
8
BLACK
6
CONTINUOUS
10
105.7540989999999965
20
-75.0540989999999937
11
105.6811039999999906
21
-75.1028730000000024
0
LINE
8
BLACK
6
CONTINUOUS
10
105.6811039999999906
20
-75.1028730000000024
11
105.5949999999999989
21
-75.1199999999999903
0
LINE
8
BLACK
6
CONTINUOUS
10
105.5949999999999989
20
-75.1199999999999903
11
96.0450000000000017
21
-75.1199999999999903
0
LINE
8
BLACK
6
CONTINUOUS
10
96.0450000000000017
20
-75.1199999999999903
11
95.9588959999999958
21
-75.1028730000000024
0
LINE
8
BLACK
6
CONTINUOUS
10
95.9588959999999958
20
-75.1028730000000024
11
95.8859009999999898
21
-75.0540989999999937
0
LINE
8
BLACK
6
CONTINUOUS
10
95.8859009999999898
20
-75.0540989999999937
11
95.8371269999999953
21
-74.981104000000002
0
LINE
8
BLACK
6
CONTINUOUS
10
95.8371269999999953
20
-74.981104000000002
11
95.8199999999999932
21
-74.894999999999996
0
LINE
8
BLACK
6
CONTINUOUS
10
95.8199999999999932
20
-74.894999999999996
11
95.8199999999999932
21
-73.8449999999999989
0
LINE
8
BLACK
6
CONTINUOUS
10
95.8199999999999932
20
-73.8449999999999989
11
95.8371269999999953
21
-73.7588959999999929
0
LINE
8
BLACK
6
CONTINUOUS
10
95.8371269999999953
20
-73.7588959999999929
11
95.8859009999999898
21
-73.6859010000000012
0
LINE
8
BLACK
6
CONTINUOUS
10
95.8859009999999898
20
-73.6859010000000012
11
95.9588959999999958
21
-73.6371269999999924
0
LINE
8
BLACK
6
CONTINUOUS
10
95.9588959999999958
20
-73.6371269999999924
11
96.0450000000000017
21
-73.6199999999999903
0
LINE
8
BLACK
6
CONTINUOUS
10
96.0450000000000017
20
-73.6199999999999903
11
105.5949999999999989
21
-73.6199999999999903
0
LINE
8
BLACK
6
CONTINUOUS
10
105.5949999999999989
20
-73.6199999999999903
11
105.6811039999999906
21
-73.6371269999999924
0
LINE
8
BLACK
6
CONTINUOUS
10
154.501103999999998
20
-73.6371269999999924
11
154.5740989999999897
21
-73.6859010000000012
0
LINE
8
BLACK
6
CONTINUOUS
10
154.5740989999999897
20
-73.6859010000000012
11
154.6228729999999985
21
-73.7588959999999929
0
LINE
8
BLACK
6
CONTINUOUS
10
154.6228729999999985
20
-73.7588959999999929
11
154.6399999999999864
21
-73.8449999999999989
0
LINE
8
BLACK
6
CONTINUOUS
10
154.6399999999999864
20
-73.8449999999999989
11
154.6399999999999864
21
-74.894999999999996
0
LINE
8
BLACK
6
CONTINUOUS
10
154.6399999999999864
20
-74.894999999999996
11
154.6228729999999985
21
-74.981104000000002
0
LINE
8
BLACK
6
CONTINUOUS
10
154.6228729999999985
20
-74.981104000000002
11
154.5740989999999897
21
-75.0540989999999937
0
LINE
8
BLACK
6
CONTINUOUS
10
154.5740989999999897
20
-75.0540989999999937
11
154.501103999999998
21
-75.1028730000000024
0
LINE
8
BLACK
6
CONTINUOUS
10
154.501103999999998
20
-75.1028730000000024
11
154.414999999999992
21
-75.1199999999999903
0
LINE
8
BLACK
6
CONTINUOUS
10
154.414999999999992
20
-75.1199999999999903
11
144.8649999999999807
21
-75.1199999999999903
0
LINE
8
BLACK
6
CONTINUOUS
10
144.8649999999999807
20
-75.1199999999999903
11
144.7788960000000031
21
-75.1028730000000024
0
LINE
8
BLACK
6
CONTINUOUS
10
144.7788960000000031
20
-75.1028730000000024
11
144.705900999999983
21
-75.0540989999999937
0
LINE
8
BLACK
6
CONTINUOUS
10
144.705900999999983
20
-75.0540989999999937
11
144.6571270000000027
21
-74.981104000000002
0
LINE
8
BLACK
6
CONTINUOUS
10
144.6571270000000027
20
-74.981104000000002
11
144.6399999999999864
21
-74.894999999999996
0
LINE
8
BLACK
6
CONTINUOUS
10
144.6399999999999864
20
-74.894999999999996
11
144.6399999999999864
21
-73.8449999999999989
0
LINE
8
BLACK
6
CONTINUOUS
10
144.6399999999999864
20
-73.8449999999999989
11
144.6571270000000027
21
-73.7588959999999929
0
LINE
8
BLACK
6
CONTINUOUS
10
144.6571270000000027
20
-73.7588959999999929
11
144.705900999999983
21
-73.6859010000000012
0
LINE
8
BLACK
6
CONTINUOUS
10
144.705900999999983
20
-73.6859010000000012
11
144.7788960000000031
21
-73.6371269999999924
0
LINE
8
BLACK
6
CONTINUOUS
10
144.7788960000000031
20
-73.6371269999999924
11
144.8649999999999807
21
-73.6199999999999903
0
LINE
8
BLACK
6
CONTINUOUS
10
144.8649999999999807
20
-73.6199999999999903
11
154.414999999999992
21
-73.6199999999999903
0
LINE
8
BLACK
6
CONTINUOUS
10
154.414999999999992
20
-73.6199999999999903
11
154.501103999999998
21
-73.6371269999999924
0
LINE
8
BLACK
6
CONTINUOUS
10
184.501103999999998
20
-73.6371269999999924
11
184.5740989999999897
21
-73.6859010000000012
0
LINE
8
BLACK
6
CONTINUOUS
10
184.5740989999999897
20
-73.6859010000000012
11
184.6228729999999985
21
-73.7588959999999929
0
LINE
8
BLACK
6
CONTINUOUS
10
184.6228729999999985
20
-73.7588959999999929
11
184.6399999999999864
21
-73.8449999999999989
0
LINE
8
BLACK
6
CONTINUOUS
10
184.6399999999999864
20
-73.8449999999999989
11
184.6399999999999864
21
-74.894999999999996
0
LINE
8
BLACK
6
CONTINUOUS
10
184.6399999999999864
20
-74.894999999999996
11
184.6228729999999985
21
-74.981104000000002
0
LINE
8
BLACK
6
CONTINUOUS
10
184.6228729999999985
20
-74.981104000000002
11
184.5740989999999897
21
-75.0540989999999937
0
LINE
8
BLACK
6
CONTINUOUS
10
184.5740989999999897
20
-75.0540989999999937
11
184.501103999999998
21
-75.1028730000000024
0
LINE
8
BLACK
6
CONTINUOUS
10
184.501103999999998
20
-75.1028730000000024
11
184.414999999999992
21
-75.1199999999999903
0
LINE
8
BLACK
6
CONTINUOUS
10
184.414999999999992
20
-75.1199999999999903
11
174.8649999999999807
21
-75.1199999999999903
0
LINE
8
BLACK
6
CONTINUOUS
10
174.8649999999999807
20
-75.1199999999999903
11
174.7788960000000031
21
-75.1028730000000024
0
LINE
8
BLACK
6
CONTINUOUS
10
174.7788960000000031
20
-75.1028730000000024
11
174.705900999999983
21
-75.0540989999999937
0
LINE
8
BLACK
6
CONTINUOUS
10
174.705900999999983
20
-75.0540989999999937
11
174.6571270000000027
21
-74.981104000000002
0
LINE
8
BLACK
6
CONTINUOUS
10
174.6571270000000027
20
-74.981104000000002
11
174.6399999999999864
21
-74.894999999999996
0
LINE
8
BLACK
6
CONTINUOUS
10
174.6399999999999864
20
-74.894999999999996
11
174.6399999999999864
21
-73.8449999999999989
0
LINE
8
BLACK
6
CONTINUOUS
10
174.6399999999999864
20
-73.8449999999999989
11
174.6571270000000027
21
-73.7588959999999929
0
LINE
8
BLACK
6
CONTINUOUS
10
174.6571270000000027
20
-73.7588959999999929
11
174.705900999999983
21
-73.6859010000000012
0
LINE
8
BLACK
6
CONTINUOUS
10
174.705900999999983
20
-73.6859010000000012
11
174.7788960000000031
21
-73.6371269999999924
0
LINE
8
BLACK
6
CONTINUOUS
10
174.7788960000000031
20
-73.6371269999999924
11
174.8649999999999807
21
-73.6199999999999903
0
LINE
8
BLACK
6
CONTINUOUS
10
174.8649999999999807
20
-73.6199999999999903
11
184.414999999999992
21
-73.6199999999999903
0
LINE
8
BLACK
6
CONTINUOUS
10
184.414999999999992
20
-73.6199999999999903
11
184.501103999999998
21
-73.6371269999999924
0
LINE
8
BLACK
6
CONTINUOUS
10
75.6811039999999906
20
-71.0971270000000004
11
75.7540989999999965
21
-71.145900999999995
0
LINE
8
BLACK
6
CONTINUOUS
10
75.7540989999999965
20
-71.145900999999995
11
75.8028729999999911
21
-71.2188960000000009
0
LINE
8
BLACK
6
CONTINUOUS
10
75.8028729999999911
20
-71.2188960000000009
11
75.8199999999999932
21
-71.3049999999999926
0
LINE
8
BLACK
6
CONTINUOUS
10
75.8199999999999932
20
-71.3049999999999926
11
75.8199999999999932
21
-72.3549999999999898
0
LINE
8
BLACK
6
CONTINUOUS
10
75.8199999999999932
20
-72.3549999999999898
11
75.8028729999999911
21
-72.4411039999999957
0
LINE
8
BLACK
6
CONTINUOUS
10
75.8028729999999911
20
-72.4411039999999957
11
75.7540989999999965
21
-72.5140990000000016
0
LINE
8
BLACK
6
CONTINUOUS
10
75.7540989999999965
20
-72.5140990000000016
11
75.6811039999999906
21
-72.5628729999999962
0
LINE
8
BLACK
6
CONTINUOUS
10
75.6811039999999906
20
-72.5628729999999962
11
75.5949999999999989
21
-72.5799999999999983
0
LINE
8
BLACK
6
CONTINUOUS
10
75.5949999999999989
20
-72.5799999999999983
11
66.0450000000000017
21
-72.5799999999999983
0
LINE
8
BLACK
6
CONTINUOUS
10
66.0450000000000017
20
-72.5799999999999983
11
65.9588959999999958
21
-72.5628729999999962
0
LINE
8
BLACK
6
CONTINUOUS
10
65.9588959999999958
20
-72.5628729999999962
11
65.885901000000004
21
-72.5140990000000016
0
LINE
8
BLACK
6
CONTINUOUS
10
65.885901000000004
20
-72.5140990000000016
11
65.8371269999999953
21
-72.4411039999999957
0
LINE
8
BLACK
6
CONTINUOUS
10
65.8371269999999953
20
-72.4411039999999957
11
65.8199999999999932
21
-72.3549999999999898
0
LINE
8
BLACK
6
CONTINUOUS
10
65.8199999999999932
20
-72.3549999999999898
11
65.8199999999999932
21
-71.3049999999999926
0
LINE
8
BLACK
6
CONTINUOUS
10
65.8199999999999932
20
-71.3049999999999926
11
65.8371269999999953
21
-71.2188960000000009
0
LINE
8
BLACK
6
CONTINUOUS
10
65.8371269999999953
20
-71.2188960000000009
11
65.885901000000004
21
-71.145900999999995
0
LINE
8
BLACK
6
CONTINUOUS
10
65.885901000000004
20
-71.145900999999995
11
65.9588959999999958
21
-71.0971270000000004
0
LINE
8
BLACK
6
CONTINUOUS
10
65.9588959999999958
20
-71.0971270000000004
11
66.0450000000000017
21
-71.0799999999999983
0
LINE
8
BLACK
6
CONTINUOUS
10
66.0450000000000017
20
-71.0799999999999983
11
75.5949999999999989
21
-71.0799999999999983
0
LINE
8
BLACK
6
CONTINUOUS
10
75.5949999999999989
20
-71.0799999999999983
11
75.6811039999999906
21
-71.0971270000000004
0
LINE
8
BLACK
6
CONTINUOUS
10
105.6811039999999906
20
-71.0971270000000004
11
105.7540989999999965
21
-71.145900999999995
0
LINE
8
BLACK
6
CONTINUOUS
10
105.7540989999999965
20
-71.145900999999995
11
105.8028729999999911
21
-71.2188960000000009
0
LINE
8
BLACK
6
CONTINUOUS
10
105.8028729999999911
20
-71.2188960000000009
11
105.8199999999999932
21
-71.3049999999999926
0
LINE
8
BLACK
6
CONTINUOUS
10
105.8199999999999932
20
-71.3049999999999926
11
105.8199999999999932
21
-72.3549999999999898
0
LINE
8
BLACK
6
CONTINUOUS
10
105.8199999999999932
20
-72.3549999999999898
11
105.8028729999999911
21
-72.4411039999999957
0
LINE
8
BLACK
6
CONTINUOUS
10
105.8028729999999911
20
-72.4411039999999957
11
105.7540989999999965
21
-72.5140990000000016
0
LINE
8
BLACK
6
CONTINUOUS
10
105.7540989999999965
20
-72.5140990000000016
11
105.6811039999999906
21
-72.5628729999999962
0
LINE
8
BLACK
6
CONTINUOUS
10
105.6811039999999906
20
-72.5628729999999962
11
105.5949999999999989
21
-72.5799999999999983
0
LINE
8
BLACK
6
CONTINUOUS
10
105.5949999999999989
20
-72.5799999999999983
11
96.0450000000000017
21
-72.5799999999999983
0
LINE
8
BLACK
6
CONTINUOUS
10
96.0450000000000017
20
-72.5799999999999983
11
95.9588959999999958
21
-72.5628729999999962
0
LINE
8
BLACK
6
CONTINUOUS
10
95.9588959999999958
20
-72.5628729999999962
11
95.8859009999999898
21
-72.5140990000000016
0
LINE
8
BLACK
6
CONTINUOUS
10
95.8859009999999898
20
-72.5140990000000016
11
95.8371269999999953
21
-72.4411039999999957
0
LINE
8
BLACK
6
CONTINUOUS
10
95.8371269999999953
20
-72.4411039999999957
11
95.8199999999999932
21
-72.3549999999999898
0
LINE
8
BLACK
6
CONTINUOUS
10
95.8199999999999932
20
-72.3549999999999898
11
95.8199999999999932
21
-71.3049999999999926
0
LINE
8
BLACK
6
CONTINUOUS
10
95.8199999999999932
20
-71.3049999999999926
11
95.8371269999999953
21
-71.2188960000000009
0
LINE
8
BLACK
6
CONTINUOUS
10
95.8371269999999953
20
-71.2188960000000009
11
95.8859009999999898
21
-71.145900999999995
0
LINE
8
BLACK
6
CONTINUOUS
10
95.8859009999999898
20
-71.145900999999995
11
95.9588959999999958
21
-71.0971270000000004
0
LINE
8
BLACK
6
CONTINUOUS
10
95.9588959999999958
20
-71.0971270000000004
11
96.0450000000000017
21
-71.0799999999999983
0
LINE
8
BLACK
6
CONTINUOUS
10
96.0450000000000017
20
-71.0799999999999983
11
105.5949999999999989
21
-71.0799999999999983
0
LINE
8
BLACK
6
CONTINUOUS
10
105.5949999999999989
20
-71.0799999999999983
11
105.6811039999999906
21
-71.0971270000000004
0
LINE
8
BLACK
6
CONTINUOUS
10
154.501103999999998
20
-71.0971270000000004
11
154.5740989999999897
21
-71.145900999999995
0
LINE
8
BLACK
6
CONTINUOUS
10
154.5740989999999897
20
-71.145900999999995
11
154.6228729999999985
21
-71.2188960000000009
0
LINE
8
BLACK
6
CONTINUOUS
10
154.6228729999999985
20
-71.2188960000000009
11
154.6399999999999864
21
-71.3049999999999926
0
LINE
8
BLACK
6
CONTINUOUS
10
154.6399999999999864
20
-71.3049999999999926
11
154.6399999999999864
21
-72.3549999999999898
0
LINE
8
BLACK
6
CONTINUOUS
10
154.6399999999999864
20
-72.3549999999999898
11
154.6228729999999985
21
-72.4411039999999957
0
LINE
8
BLACK
6
CONTINUOUS
10
154.6228729999999985
20
-72.4411039999999957
11
154.5740989999999897
21
-72.5140990000000016
0
LINE
8
BLACK
6
CONTINUOUS
10
154.5740989999999897
20
-72.5140990000000016
11
154.501103999999998
21
-72.5628729999999962
0
LINE
8
BLACK
6
CONTINUOUS
10
154.501103999999998
20
-72.5628729999999962
11
154.414999999999992
21
-72.5799999999999983
0
LINE
8
BLACK
6
CONTINUOUS
10
154.414999999999992
20
-72.5799999999999983
11
144.8649999999999807
21
-72.5799999999999983
0
LINE
8
BLACK
6
CONTINUOUS
10
144.8649999999999807
20
-72.5799999999999983
11
144.7788960000000031
21
-72.5628729999999962
0
LINE
8
BLACK
6
CONTINUOUS
10
144.7788960000000031
20
-72.5628729999999962
11
144.705900999999983
21
-72.5140990000000016
0
LINE
8
BLACK
6
CONTINUOUS
10
144.705900999999983
20
-72.5140990000000016
11
144.6571270000000027
21
-72.4411039999999957
0
LINE
8
BLACK
6
CONTINUOUS
10
144.6571270000000027
20
-72.4411039999999957
11
144.6399999999999864
21
-72.3549999999999898
0
LINE
8
BLACK
6
CONTINUOUS
10
144.6399999999999864
20
-72.3549999999999898
11
144.6399999999999864
21
-71.3049999999999926
0
LINE
8
BLACK
6
CONTINUOUS
10
144.6399999999999864
20
-71.3049999999999926
11
144.6571270000000027
21
-71.2188960000000009
0
LINE
8
BLACK
6
CONTINUOUS
10
144.6571270000000027
20
-71.2188960000000009
11
144.705900999999983
21
-71.145900999999995
0
LINE
8
BLACK
6
CONTINUOUS
10
144.705900999999983
20
-71.145900999999995
11
144.7788960000000031
21
-71.0971270000000004
0
LINE
8
BLACK
6
CONTINUOUS
10
144.7788960000000031
20
-71.0971270000000004
11
144.8649999999999807
21
-71.0799999999999983
0
LINE
8
BLACK
6
CONTINUOUS
10
144.8649999999999807
20
-71.0799999999999983
11
154.414999999999992
21
-71.0799999999999983
0
LINE
8
BLACK
6
CONTINUOUS
10
154.414999999999992
20
-71.0799999999999983
11
154.501103999999998
21
-71.0971270000000004
0
LINE
8
BLACK
6
CONTINUOUS
10
184.501103999999998
20
-71.0971270000000004
11
184.5740989999999897
21
-71.145900999999995
0
LINE
8
BLACK
6
CONTINUOUS
10
184.5740989999999897
20
-71.145900999999995
11
184.6228729999999985
21
-71.2188960000000009
0
LINE
8
BLACK
6
CONTINUOUS
10
184.6228729999999985
20
-71.2188960000000009
11
184.6399999999999864
21
-71.3049999999999926
0
LINE
8
BLACK
6
CONTINUOUS
10
184.6399999999999864
20
-71.3049999999999926
11
184.6399999999999864
21
-72.3549999999999898
0
LINE
8
BLACK
6
CONTINUOUS
10
184.6399999999999864
20
-72.3549999999999898
11
184.6228729999999985
21
-72.4411039999999957
0
LINE
8
BLACK
6
CONTINUOUS
10
184.6228729999999985
20
-72.4411039999999957
11
184.5740989999999897
21
-72.5140990000000016
0
LINE
8
BLACK
6
CONTINUOUS
10
184.5740989999999897
20
-72.5140990000000016
11
184.501103999999998
21
-72.5628729999999962
0
LINE
8
BLACK
6
CONTINUOUS
10
184.501103999999998
20
-72.5628729999999962
11
184.414999999999992
21
-72.5799999999999983
0
LINE
8
BLACK
6
CONTINUOUS
10
184.414999999999992
20
-72.5799999999999983
11
174.8649999999999807
21
-72.5799999999999983
0
LINE
8
BLACK
6
CONTINUOUS
10
174.8649999999999807
20
-72.5799999999999983
11
174.7788960000000031
21
-72.5628729999999962
0
LINE
8
BLACK
6
CONTINUOUS
10
174.7788960000000031
20
-72.5628729999999962
11
174.705900999999983
21
-72.5140990000000016
0
LINE
8
BLACK
6
CONTINUOUS
10
174.705900999999983
20
-72.5140990000000016
11
174.6571270000000027
21
-72.4411039999999957
0
LINE
8
BLACK
6
CONTINUOUS
10
174.6571270000000027
20
-72.4411039999999957
11
174.6399999999999864
21
-72.3549999999999898
0
LINE
8
BLACK
6
CONTINUOUS
10
174.6399999999999864
20
-72.3549999999999898
11
174.6399999999999864
21
-71.3049999999999926
0
LINE
8
BLACK
6
CONTINUOUS
10
174.6399999999999864
20
-71.3049999999999926
11
174.6571270000000027
21
-71.2188960000000009
0
LINE
8
BLACK
6
CONTINUOUS
10
174.6571270000000027
20
-71.2188960000000009
11
174.705900999999983
21
-71.145900999999995
0
LINE
8
BLACK
6
CONTINUOUS
10
174.705900999999983
20
-71.145900999999995
11
174.7788960000000031
21
-71.0971270000000004
0
LINE
8
BLACK
6
CONTINUOUS
10
174.7788960000000031
20
-71.0971270000000004
11
174.8649999999999807
21
-71.0799999999999983
0
LINE
8
BLACK
6
CONTINUOUS
10
174.8649999999999807
20
-71.0799999999999983
11
184.414999999999992
21
-71.0799999999999983
0
LINE
8
BLACK
6
CONTINUOUS
10
184.414999999999992
20
-71.0799999999999983
11
184.501103999999998
21
-71.0971270000000004
0
LINE
8
BLACK
6
CONTINUOUS
10
75.6811039999999906
20
-68.5571269999999942
11
75.7540989999999965
21
-68.6059010000000029
0
LINE
8
BLACK
6
CONTINUOUS
10
75.7540989999999965
20
-68.6059010000000029
11
75.8028729999999911
21
-68.6788959999999946
0
LINE
8
BLACK
6
CONTINUOUS
10
75.8028729999999911
20
-68.6788959999999946
11
75.8199999999999932
21
-68.7650000000000006
0
LINE
8
BLACK
6
CONTINUOUS
10
75.8199999999999932
20
-68.7650000000000006
11
75.8199999999999932
21
-69.8149999999999977
0
LINE
8
BLACK
6
CONTINUOUS
10
75.8199999999999932
20
-69.8149999999999977
11
75.8028729999999911
21
-69.9011040000000037
0
LINE
8
BLACK
6
CONTINUOUS
10
75.8028729999999911
20
-69.9011040000000037
11
75.7540989999999965
21
-69.9740989999999954
0
LINE
8
BLACK
6
CONTINUOUS
10
75.7540989999999965
20
-69.9740989999999954
11
75.6811039999999906
21
-70.0228729999999899
0
LINE
8
BLACK
6
CONTINUOUS
10
75.6811039999999906
20
-70.0228729999999899
11
75.5949999999999989
21
-70.039999999999992
0
LINE
8
BLACK
6
CONTINUOUS
10
75.5949999999999989
20
-70.039999999999992
11
66.0450000000000017
21
-70.039999999999992
0
LINE
8
BLACK
6
CONTINUOUS
10
66.0450000000000017
20
-70.039999999999992
11
65.9588959999999958
21
-70.0228729999999899
0
LINE
8
BLACK
6
CONTINUOUS
10
65.9588959999999958
20
-70.0228729999999899
11
65.885901000000004
21
-69.9740989999999954
0
LINE
8
BLACK
6
CONTINUOUS
10
65.885901000000004
20
-69.9740989999999954
11
65.8371269999999953
21
-69.9011040000000037
0
LINE
8
BLACK
6
CONTINUOUS
10
65.8371269999999953
20
-69.9011040000000037
11
65.8199999999999932
21
-69.8149999999999977
0
LINE
8
BLACK
6
CONTINUOUS
10
65.8199999999999932
20
-69.8149999999999977
11
65.8199999999999932
21
-68.7650000000000006
0
LINE
8
BLACK
6
CONTINUOUS
10
65.8199999999999932
20
-68.7650000000000006
11
65.8371269999999953
21
-68.6788959999999946
0
LINE
8
BLACK
6
CONTINUOUS
10
65.8371269999999953
20
-68.6788959999999946
11
65.885901000000004
21
-68.6059010000000029
0
LINE
8
BLACK
6
CONTINUOUS
10
65.885901000000004
20
-68.6059010000000029
11
65.9588959999999958
21
-68.5571269999999942
0
LINE
8
BLACK
6
CONTINUOUS
10
65.9588959999999958
20
-68.5571269999999942
11
66.0450000000000017
21
-68.539999999999992
0
LINE
8
BLACK
6
CONTINUOUS
10
66.0450000000000017
20
-68.539999999999992
11
75.5949999999999989
21
-68.539999999999992
0
LINE
8
BLACK
6
CONTINUOUS
10
75.5949999999999989
20
-68.539999999999992
11
75.6811039999999906
21
-68.5571269999999942
0
LINE
8
BLACK
6
CONTINUOUS
10
105.6811039999999906
20
-68.5571269999999942
11
105.7540989999999965
21
-68.6059010000000029
0
LINE
8
BLACK
6
CONTINUOUS
10
105.7540989999999965
20
-68.6059010000000029
11
105.8028729999999911
21
-68.6788959999999946
0
LINE
8
BLACK
6
CONTINUOUS
10
105.8028729999999911
20
-68.6788959999999946
11
105.8199999999999932
21
-68.7650000000000006
0
LINE
8
BLACK
6
CONTINUOUS
10
105.8199999999999932
20
-68.7650000000000006
11
105.8199999999999932
21
-69.8149999999999977
0
LINE
8
BLACK
6
CONTINUOUS
10
105.8199999999999932
20
-69.8149999999999977
11
105.8028729999999911
21
-69.9011040000000037
0
LINE
8
BLACK
6
CONTINUOUS
10
105.8028729999999911
20
-69.9011040000000037
11
105.7540989999999965
21
-69.9740989999999954
0
LINE
8
BLACK
6
CONTINUOUS
10
105.7540989999999965
20
-69.9740989999999954
11
105.6811039999999906
21
-70.0228729999999899
0
LINE
8
BLACK
6
CONTINUOUS
10
105.6811039999999906
20
-70.0228729999999899
11
105.5949999999999989
21
-70.039999999999992
0
LINE
8
BLACK
6
CONTINUOUS
10
105.5949999999999989
20
-70.039999999999992
11
96.0450000000000017
21
-70.039999999999992
0
LINE
8
BLACK
6
CONTINUOUS
10
96.0450000000000017
20
-70.039999999999992
11
95.9588959999999958
21
-70.0228729999999899
0
LINE
8
BLACK
6
CONTINUOUS
10
95.9588959999999958
20
-70.0228729999999899
11
95.8859009999999898
21
-69.9740989999999954
0
LINE
8
BLACK
6
CONTINUOUS
10
95.8859009999999898
20
-69.9740989999999954
11
95.8371269999999953
21
-69.9011040000000037
0
LINE
8
BLACK
6
CONTINUOUS
10
95.8371269999999953
20
-69.9011040000000037
11
95.8199999999999932
21
-69.8149999999999977
0
LINE
8
BLACK
6
CONTINUOUS
10
95.8199999999999932
20
-69.8149999999999977
11
95.8199999999999932
21
-68.7650000000000006
0
LINE
8
BLACK
6
CONTINUOUS
10
95.8199999999999932
20
-68.7650000000000006
11
95.8371269999999953
21
-68.6788959999999946
0
LINE
8
BLACK
6
CONTINUOUS
10
95.8371269999999953
20
-68.6788959999999946
11
95.8859009999999898
21
-68.6059010000000029
0
LINE
8
BLACK
6
CONTINUOUS
10
95.8859009999999898
20
-68.6059010000000029
11
95.9588959999999958
21
-68.5571269999999942
0
LINE
8
BLACK
6
CONTINUOUS
10
95.9588959999999958
20
-68.5571269999999942
11
96.0450000000000017
21
-68.539999999999992
0
LINE
8
BLACK
6
CONTINUOUS
10
96.0450000000000017
20
-68.539999999999992
11
105.5949999999999989
21
-68.539999999999992
0
LINE
8
BLACK
6
CONTINUOUS
10
105.5949999999999989
20
-68.539999999999992
11
105.6811039999999906
21
-68.5571269999999942
0
LINE
8
BLACK
6
CONTINUOUS
10
154.501103999999998
20
-68.5571269999999942
11
154.5740989999999897
21
-68.6059010000000029
0
LINE
8
BLACK
6
CONTINUOUS
10
154.5740989999999897
20
-68.6059010000000029
11
154.6228729999999985
21
-68.6788959999999946
0
LINE
8
BLACK
6
CONTINUOUS
10
154.6228729999999985
20
-68.6788959999999946
11
154.6399999999999864
21
-68.7650000000000006
0
LINE
8
BLACK
6
CONTINUOUS
10
154.6399999999999864
20
-68.7650000000000006
11
154.6399999999999864
21
-69.8149999999999977
0
LINE
8
BLACK
6
CONTINUOUS
10
154.6399999999999864
20
-69.8149999999999977
11
154.6228729999999985
21
-69.9011040000000037
0
LINE
8
BLACK
6
CONTINUOUS
10
154.6228729999999985
20
-69.9011040000000037
11
154.5740989999999897
21
-69.9740989999999954
0
LINE
8
BLACK
6
CONTINUOUS
10
154.5740989999999897
20
-69.9740989999999954
11
154.501103999999998
21
-70.0228729999999899
0
LINE
8
BLACK
6
CONTINUOUS
10
154.501103999999998
20
-70.0228729999999899
11
154.414999999999992
21
-70.039999999999992
0
LINE
8
BLACK
6
CONTINUOUS
10
154.414999999999992
20
-70.039999999999992
11
144.8649999999999807
21
-70.039999999999992
0
LINE
8
BLACK
6
CONTINUOUS
10
144.8649999999999807
20
-70.039999999999992
11
144.7788960000000031
21
-70.0228729999999899
0
LINE
8
BLACK
6
CONTINUOUS
10
144.7788960000000031
20
-70.0228729999999899
11
144.705900999999983
21
-69.9740989999999954
0
LINE
8
BLACK
6
CONTINUOUS
10
144.705900999999983
20
-69.9740989999999954
11
144.6571270000000027
21
-69.9011040000000037
0
LINE
8
BLACK
6
CONTINUOUS
10
144.6571270000000027
20
-69.9011040000000037
11
144.6399999999999864
21
-69.8149999999999977
0
LINE
8
BLACK
6
CONTINUOUS
10
144.6399999999999864
20
-69.8149999999999977
11
144.6399999999999864
21
-68.7650000000000006
0
LINE
8
BLACK
6
CONTINUOUS
10
144.6399999999999864
20
-68.7650000000000006
11
144.6571270000000027
21
-68.6788959999999946
0
LINE
8
BLACK
6
CONTINUOUS
10
144.6571270000000027
20
-68.6788959999999946
11
144.705900999999983
21
-68.6059010000000029
0
LINE
8
BLACK
6
CONTINUOUS
10
144.705900999999983
20
-68.6059010000000029
11
144.7788960000000031
21
-68.5571269999999942
0
LINE
8
BLACK
6
CONTINUOUS
10
144.7788960000000031
20
-68.5571269999999942
11
144.8649999999999807
21
-68.539999999999992
0
LINE
8
BLACK
6
CONTINUOUS
10
144.8649999999999807
20
-68.539999999999992
11
154.414999999999992
21
-68.539999999999992
0
LINE
8
BLACK
6
CONTINUOUS
10
154.414999999999992
20
-68.539999999999992
11
154.501103999999998
21
-68.5571269999999942
0
LINE
8
BLACK
6
CONTINUOUS
10
184.501103999999998
20
-68.5571269999999942
11
184.5740989999999897
21
-68.6059010000000029
0
LINE
8
BLACK
6
CONTINUOUS
10
184.5740989999999897
20
-68.6059010000000029
11
184.6228729999999985
21
-68.6788959999999946
0
LINE
8
BLACK
6
CONTINUOUS
10
184.6228729999999985
20
-68.6788959999999946
11
184.6399999999999864
21
-68.7650000000000006
0
LINE
8
BLACK
6
CONTINUOUS
10
184.6399999999999864
20
-68.7650000000000006
11
184.6399999999999864
21
-69.8149999999999977
0
LINE
8
BLACK
6
CONTINUOUS
10
184.6399999999999864
20
-69.8149999999999977
11
184.6228729999999985
21
-69.9011040000000037
0
LINE
8
BLACK
6
CONTINUOUS
10
184.6228729999999985
20
-69.9011040000000037
11
184.5740989999999897
21
-69.9740989999999954
0
LINE
8
BLACK
6
CONTINUOUS
10
184.5740989999999897
20
-69.9740989999999954
11
184.501103999999998
21
-70.0228729999999899
0
LINE
8
BLACK
6
CONTINUOUS
10
184.501103999999998
20
-70.0228729999999899
11
184.414999999999992
21
-70.039999999999992
0
LINE
8
BLACK
6
CONTINUOUS
10
184.414999999999992
20
-70.039999999999992
11
174.8649999999999807
21
-70.039999999999992
0
LINE
8
BLACK
6
CONTINUOUS
10
174.8649999999999807
20
-70.039999999999992
11
174.7788960000000031
21
-70.0228729999999899
0
LINE
8
BLACK
6
CONTINUOUS
10
174.7788960000000031
20
-70.0228729999999899
11
174.705900999999983
21
-69.9740989999999954
0
LINE
8
BLACK
6
CONTINUOUS
10
174.705900999999983
20
-69.9740989999999954
11
174.6571270000000027
21
-69.9011040000000037
0
LINE
8
BLACK
6
CONTINUOUS
10
174.6571270000000027
20
-69.9011040000000037
11
174.6399999999999864
21
-69.8149999999999977
0
LINE
8
BLACK
6
CONTINUOUS
10
174.6399999999999864
20
-69.8149999999999977
11
174.6399999999999864
21
-68.7650000000000006
0
LINE
8
BLACK
6
CONTINUOUS
10
174.6399999999999864
20
-68.7650000000000006
11
174.6571270000000027
21
-68.6788959999999946
0
LINE
8
BLACK
6
CONTINUOUS
10
174.6571270000000027
20
-68.6788959999999946
11
174.705900999999983
21
-68.6059010000000029
0
LINE
8
BLACK
6
CONTINUOUS
10
174.705900999999983
20
-68.6059010000000029
11
174.7788960000000031
21
-68.5571269999999942
0
LINE
8
BLACK
6
CONTINUOUS
10
174.7788960000000031
20
-68.5571269999999942
11
174.8649999999999807
21
-68.539999999999992
0
LINE
8
BLACK
6
CONTINUOUS
10
174.8649999999999807
20
-68.539999999999992
11
184.414999999999992
21
-68.539999999999992
0
LINE
8
BLACK
6
CONTINUOUS
10
184.414999999999992
20
-68.539999999999992
11
184.501103999999998
21
-68.5571269999999942
0
LINE
8
BLACK
6
CONTINUOUS
10
239.703015999999991
20
-51.4234480000000005
11
239.8479049999999972
21
-51.4834630000000004
0
LINE
8
BLACK
6
CONTINUOUS
10
239.8479049999999972
20
-51.4834630000000004
11
239.9783029999999826
21
-51.5705919999999978
0
LINE
8
BLACK
6
CONTINUOUS
10
239.9783029999999826
20
-51.5705919999999978
11
240.089195999999987
21
-51.681484999999995
0
LINE
8
BLACK
6
CONTINUOUS
10
240.089195999999987
20
-51.681484999999995
11
240.1763249999999914
21
-51.8118829999999946
0
LINE
8
BLACK
6
CONTINUOUS
10
240.1763249999999914
20
-51.8118829999999946
11
240.2363399999999842
21
-51.9567720000000008
0
LINE
8
BLACK
6
CONTINUOUS
10
240.2363399999999842
20
-51.9567720000000008
11
240.266935999999987
21
-52.1105859999999979
0
LINE
8
BLACK
6
CONTINUOUS
10
240.266935999999987
20
-52.1105859999999979
11
240.266935999999987
21
-52.2674139999999952
0
LINE
8
BLACK
6
CONTINUOUS
10
240.266935999999987
20
-52.2674139999999952
11
240.2363399999999842
21
-52.4212279999999993
0
LINE
8
BLACK
6
CONTINUOUS
10
240.2363399999999842
20
-52.4212279999999993
11
240.1763249999999914
21
-52.5661169999999984
0
LINE
8
BLACK
6
CONTINUOUS
10
240.1763249999999914
20
-52.5661169999999984
11
240.089195999999987
21
-52.696514999999998
0
LINE
8
BLACK
6
CONTINUOUS
10
240.089195999999987
20
-52.696514999999998
11
239.9783029999999826
21
-52.8074079999999952
0
LINE
8
BLACK
6
CONTINUOUS
10
239.9783029999999826
20
-52.8074079999999952
11
239.8479049999999972
21
-52.8945369999999997
0
LINE
8
BLACK
6
CONTINUOUS
10
239.8479049999999972
20
-52.8945369999999997
11
239.703015999999991
21
-52.9545519999999996
0
LINE
8
BLACK
6
CONTINUOUS
10
239.703015999999991
20
-52.9545519999999996
11
239.5492019999999798
21
-52.9851479999999952
0
LINE
8
BLACK
6
CONTINUOUS
10
239.5492019999999798
20
-52.9851479999999952
11
239.3923739999999896
21
-52.9851479999999952
0
LINE
8
BLACK
6
CONTINUOUS
10
239.3923739999999896
20
-52.9851479999999952
11
239.2385599999999783
21
-52.9545519999999996
0
LINE
8
BLACK
6
CONTINUOUS
10
239.2385599999999783
20
-52.9545519999999996
11
239.0936710000000005
21
-52.8945369999999997
0
LINE
8
BLACK
6
CONTINUOUS
10
239.0936710000000005
20
-52.8945369999999997
11
238.9632729999999867
21
-52.8074079999999952
0
LINE
8
BLACK
6
CONTINUOUS
10
238.9632729999999867
20
-52.8074079999999952
11
238.8523799999999824
21
-52.696514999999998
0
LINE
8
BLACK
6
CONTINUOUS
10
238.8523799999999824
20
-52.696514999999998
11
238.7652509999999779
21
-52.5661169999999984
0
LINE
8
BLACK
6
CONTINUOUS
10
238.7652509999999779
20
-52.5661169999999984
11
238.7052359999999851
21
-52.4212279999999993
0
LINE
8
BLACK
6
CONTINUOUS
10
238.7052359999999851
20
-52.4212279999999993
11
238.6746399999999824
21
-52.2674139999999952
0
LINE
8
BLACK
6
CONTINUOUS
10
238.6746399999999824
20
-52.2674139999999952
11
238.6746399999999824
21
-52.1105859999999979
0
LINE
8
BLACK
6
CONTINUOUS
10
238.6746399999999824
20
-52.1105859999999979
11
238.7052359999999851
21
-51.9567720000000008
0
LINE
8
BLACK
6
CONTINUOUS
10
238.7052359999999851
20
-51.9567720000000008
11
238.7652509999999779
21
-51.8118829999999946
0
LINE
8
BLACK
6
CONTINUOUS
10
238.7652509999999779
20
-51.8118829999999946
11
238.8523799999999824
21
-51.681484999999995
0
LINE
8
BLACK
6
CONTINUOUS
10
238.8523799999999824
20
-51.681484999999995
11
238.9632729999999867
21
-51.5705919999999978
0
LINE
8
BLACK
6
CONTINUOUS
10
238.9632729999999867
20
-51.5705919999999978
11
239.0936710000000005
21
-51.4834630000000004
0
LINE
8
BLACK
6
CONTINUOUS
10
239.0936710000000005
20
-51.4834630000000004
11
239.2385599999999783
21
-51.4234480000000005
0
LINE
8
BLACK
6
CONTINUOUS
10
239.2385599999999783
20
-51.4234480000000005
11
239.3923739999999896
21
-51.3928519999999978
0
LINE
8
BLACK
6
CONTINUOUS
10
239.3923739999999896
20
-51.3928519999999978
11
239.5492019999999798
21
-51.3928519999999978
0
LINE
8
BLACK
6
CONTINUOUS
10
239.5492019999999798
20
-51.3928519999999978
11
239.703015999999991
21
-51.4234480000000005
0
LINE
8
BLACK
6
CONTINUOUS
10
219.2102280000000007
20
-49.1224479999999986
11
219.3551169999999786
21
-49.1824629999999985
0
LINE
8
BLACK
6
CONTINUOUS
10
219.3551169999999786
20
-49.1824629999999985
11
219.4855149999999924
21
-49.2695919999999958
0
LINE
8
BLACK
6
CONTINUOUS
10
219.4855149999999924
20
-49.2695919999999958
11
219.5964079999999967
21
-49.3804850000000002
0
LINE
8
BLACK
6
CONTINUOUS
10
219.5964079999999967
20
-49.3804850000000002
11
219.6835370000000012
21
-49.5108829999999998
0
LINE
8
BLACK
6
CONTINUOUS
10
219.6835370000000012
20
-49.5108829999999998
11
219.743551999999994
21
-49.6557719999999989
0
LINE
8
BLACK
6
CONTINUOUS
10
219.743551999999994
20
-49.6557719999999989
11
219.7741479999999967
21
-49.8095859999999959
0
LINE
8
BLACK
6
CONTINUOUS
10
219.7741479999999967
20
-49.8095859999999959
11
219.7741479999999967
21
-49.9664140000000003
0
LINE
8
BLACK
6
CONTINUOUS
10
219.7741479999999967
20
-49.9664140000000003
11
219.743551999999994
21
-50.1202279999999973
0
LINE
8
BLACK
6
CONTINUOUS
10
219.743551999999994
20
-50.1202279999999973
11
219.6835370000000012
21
-50.2651169999999965
0
LINE
8
BLACK
6
CONTINUOUS
10
219.6835370000000012
20
-50.2651169999999965
11
219.5964079999999967
21
-50.3955149999999961
0
LINE
8
BLACK
6
CONTINUOUS
10
219.5964079999999967
20
-50.3955149999999961
11
219.4855149999999924
21
-50.5064080000000004
0
LINE
8
BLACK
6
CONTINUOUS
10
219.4855149999999924
20
-50.5064080000000004
11
219.3551169999999786
21
-50.5935369999999978
0
LINE
8
BLACK
6
CONTINUOUS
10
219.3551169999999786
20
-50.5935369999999978
11
219.2102280000000007
21
-50.6535519999999977
0
LINE
8
BLACK
6
CONTINUOUS
10
219.2102280000000007
20
-50.6535519999999977
11
219.0564139999999895
21
-50.6841480000000004
0
LINE
8
BLACK
6
CONTINUOUS
10
219.0564139999999895
20
-50.6841480000000004
11
218.8995859999999993
21
-50.6841480000000004
0
LINE
8
BLACK
6
CONTINUOUS
10
218.8995859999999993
20
-50.6841480000000004
11
218.7457719999999881
21
-50.6535519999999977
0
LINE
8
BLACK
6
CONTINUOUS
10
218.7457719999999881
20
-50.6535519999999977
11
218.6008829999999818
21
-50.5935369999999978
0
LINE
8
BLACK
6
CONTINUOUS
10
218.6008829999999818
20
-50.5935369999999978
11
218.4704849999999965
21
-50.5064080000000004
0
LINE
8
BLACK
6
CONTINUOUS
10
218.4704849999999965
20
-50.5064080000000004
11
218.3595919999999921
21
-50.3955149999999961
0
LINE
8
BLACK
6
CONTINUOUS
10
218.3595919999999921
20
-50.3955149999999961
11
218.2724629999999877
21
-50.2651169999999965
0
LINE
8
BLACK
6
CONTINUOUS
10
218.2724629999999877
20
-50.2651169999999965
11
218.2124479999999949
21
-50.1202279999999973
0
LINE
8
BLACK
6
CONTINUOUS
10
218.2124479999999949
20
-50.1202279999999973
11
218.1818519999999921
21
-49.9664140000000003
0
LINE
8
BLACK
6
CONTINUOUS
10
218.1818519999999921
20
-49.9664140000000003
11
218.1818519999999921
21
-49.8095859999999959
0
LINE
8
BLACK
6
CONTINUOUS
10
218.1818519999999921
20
-49.8095859999999959
11
218.2124479999999949
21
-49.6557719999999989
0
LINE
8
BLACK
6
CONTINUOUS
10
218.2124479999999949
20
-49.6557719999999989
11
218.2724629999999877
21
-49.5108829999999998
0
LINE
8
BLACK
6
CONTINUOUS
10
218.2724629999999877
20
-49.5108829999999998
11
218.3595919999999921
21
-49.3804850000000002
0
LINE
8
BLACK
6
CONTINUOUS
10
218.3595919999999921
20
-49.3804850000000002
11
218.4704849999999965
21
-49.2695919999999958
0
LINE
8
BLACK
6
CONTINUOUS
10
218.4704849999999965
20
-49.2695919999999958
11
218.6008829999999818
21
-49.1824629999999985
0
LINE
8
BLACK
6
CONTINUOUS
10
218.6008829999999818
20
-49.1824629999999985
11
218.7457719999999881
21
-49.1224479999999986
0
LINE
8
BLACK
6
CONTINUOUS
10
218.7457719999999881
20
-49.1224479999999986
11
218.8995859999999993
21
-49.0918519999999958
0
LINE
8
BLACK
6
CONTINUOUS
10
218.8995859999999993
20
-49.0918519999999958
11
219.0564139999999895
21
-49.0918519999999958
0
LINE
8
BLACK
6
CONTINUOUS
10
219.0564139999999895
20
-49.0918519999999958
11
219.2102280000000007
21
-49.1224479999999986
0
LINE
8
BLACK
6
CONTINUOUS
10
219.0422279999999944
20
-46.8214479999999966
11
219.1871170000000006
21
-46.8814629999999966
0
LINE
8
BLACK
6
CONTINUOUS
10
219.1871170000000006
20
-46.8814629999999966
11
219.317514999999986
21
-46.968592000000001
0
LINE
8
BLACK
6
CONTINUOUS
10
219.317514999999986
20
-46.968592000000001
11
219.4284079999999904
21
-47.0794849999999983
0
LINE
8
BLACK
6
CONTINUOUS
10
219.4284079999999904
20
-47.0794849999999983
11
219.5155369999999948
21
-47.2098829999999978
0
LINE
8
BLACK
6
CONTINUOUS
10
219.5155369999999948
20
-47.2098829999999978
11
219.5755519999999876
21
-47.354771999999997
0
LINE
8
BLACK
6
CONTINUOUS
10
219.5755519999999876
20
-47.354771999999997
11
219.6061479999999904
21
-47.5085860000000011
0
LINE
8
BLACK
6
CONTINUOUS
10
219.6061479999999904
20
-47.5085860000000011
11
219.6061479999999904
21
-47.6654139999999984
0
LINE
8
BLACK
6
CONTINUOUS
10
219.6061479999999904
20
-47.6654139999999984
11
219.5755519999999876
21
-47.8192279999999954
0
LINE
8
BLACK
6
CONTINUOUS
10
219.5755519999999876
20
-47.8192279999999954
11
219.5155369999999948
21
-47.9641169999999946
0
LINE
8
BLACK
6
CONTINUOUS
10
219.5155369999999948
20
-47.9641169999999946
11
219.4284079999999904
21
-48.0945150000000012
0
LINE
8
BLACK
6
CONTINUOUS
10
219.4284079999999904
20
-48.0945150000000012
11
219.317514999999986
21
-48.2054079999999985
0
LINE
8
BLACK
6
CONTINUOUS
10
219.317514999999986
20
-48.2054079999999985
11
219.1871170000000006
21
-48.2925369999999958
0
LINE
8
BLACK
6
CONTINUOUS
10
219.1871170000000006
20
-48.2925369999999958
11
219.0422279999999944
21
-48.3525519999999958
0
LINE
8
BLACK
6
CONTINUOUS
10
219.0422279999999944
20
-48.3525519999999958
11
218.8884139999999832
21
-48.3831479999999985
0
LINE
8
BLACK
6
CONTINUOUS
10
218.8884139999999832
20
-48.3831479999999985
11
218.731585999999993
21
-48.3831479999999985
0
LINE
8
BLACK
6
CONTINUOUS
10
218.731585999999993
20
-48.3831479999999985
11
218.5777719999999817
21
-48.3525519999999958
0
LINE
8
BLACK
6
CONTINUOUS
10
218.5777719999999817
20
-48.3525519999999958
11
218.4328830000000039
21
-48.2925369999999958
0
LINE
8
BLACK
6
CONTINUOUS
10
218.4328830000000039
20
-48.2925369999999958
11
218.3024849999999901
21
-48.2054079999999985
0
LINE
8
BLACK
6
CONTINUOUS
10
218.3024849999999901
20
-48.2054079999999985
11
218.1915919999999858
21
-48.0945150000000012
0
LINE
8
BLACK
6
CONTINUOUS
10
218.1915919999999858
20
-48.0945150000000012
11
218.1044629999999813
21
-47.9641169999999946
0
LINE
8
BLACK
6
CONTINUOUS
10
218.1044629999999813
20
-47.9641169999999946
11
218.0444479999999885
21
-47.8192279999999954
0
LINE
8
BLACK
6
CONTINUOUS
10
218.0444479999999885
20
-47.8192279999999954
11
218.0138519999999858
21
-47.6654139999999984
0
LINE
8
BLACK
6
CONTINUOUS
10
218.0138519999999858
20
-47.6654139999999984
11
218.0138519999999858
21
-47.5085860000000011
0
LINE
8
BLACK
6
CONTINUOUS
10
218.0138519999999858
20
-47.5085860000000011
11
218.0444479999999885
21
-47.354771999999997
0
LINE
8
BLACK
6
CONTINUOUS
10
218.0444479999999885
20
-47.354771999999997
11
218.1044629999999813
21
-47.2098829999999978
0
LINE
8
BLACK
6
CONTINUOUS
10
218.1044629999999813
20
-47.2098829999999978
11
218.1915919999999858
21
-47.0794849999999983
0
LINE
8
BLACK
6
CONTINUOUS
10
218.1915919999999858
20
-47.0794849999999983
11
218.3024849999999901
21
-46.968592000000001
0
LINE
8
BLACK
6
CONTINUOUS
10
218.3024849999999901
20
-46.968592000000001
11
218.4328830000000039
21
-46.8814629999999966
0
LINE
8
BLACK
6
CONTINUOUS
10
218.4328830000000039
20
-46.8814629999999966
11
218.5777719999999817
21
-46.8214479999999966
0
LINE
8
BLACK
6
CONTINUOUS
10
218.5777719999999817
20
-46.8214479999999966
11
218.731585999999993
21
-46.790852000000001
0
LINE
8
BLACK
6
CONTINUOUS
10
218.731585999999993
20
-46.790852000000001
11
218.8884139999999832
21
-46.790852000000001
0
LINE
8
BLACK
6
CONTINUOUS
10
218.8884139999999832
20
-46.790852000000001
11
219.0422279999999944
21
-46.8214479999999966
0
LINE
8
BLACK
6
CONTINUOUS
10
219.0822279999999864
20
-44.5204479999999947
11
219.2271169999999927
21
-44.5804629999999946
0
LINE
8
BLACK
6
CONTINUOUS
10
219.2271169999999927
20
-44.5804629999999946
11
219.357514999999978
21
-44.6675919999999991
0
LINE
8
BLACK
6
CONTINUOUS
10
219.357514999999978
20
-44.6675919999999991
11
219.4684079999999824
21
-44.7784849999999963
0
LINE
8
BLACK
6
CONTINUOUS
10
219.4684079999999824
20
-44.7784849999999963
11
219.5555369999999868
21
-44.9088829999999959
0
LINE
8
BLACK
6
CONTINUOUS
10
219.5555369999999868
20
-44.9088829999999959
11
219.6155519999999797
21
-45.053771999999995
0
LINE
8
BLACK
6
CONTINUOUS
10
219.6155519999999797
20
-45.053771999999995
11
219.6461479999999824
21
-45.2075859999999992
0
LINE
8
BLACK
6
CONTINUOUS
10
219.6461479999999824
20
-45.2075859999999992
11
219.6461479999999824
21
-45.3644139999999965
0
LINE
8
BLACK
6
CONTINUOUS
10
219.6461479999999824
20
-45.3644139999999965
11
219.6155519999999797
21
-45.5182280000000006
0
LINE
8
BLACK
6
CONTINUOUS
10
219.6155519999999797
20
-45.5182280000000006
11
219.5555369999999868
21
-45.6631169999999997
0
LINE
8
BLACK
6
CONTINUOUS
10
219.5555369999999868
20
-45.6631169999999997
11
219.4684079999999824
21
-45.7935149999999993
0
LINE
8
BLACK
6
CONTINUOUS
10
219.4684079999999824
20
-45.7935149999999993
11
219.357514999999978
21
-45.9044079999999965
0
LINE
8
BLACK
6
CONTINUOUS
10
219.357514999999978
20
-45.9044079999999965
11
219.2271169999999927
21
-45.991537000000001
0
LINE
8
BLACK
6
CONTINUOUS
10
219.2271169999999927
20
-45.991537000000001
11
219.0822279999999864
21
-46.0515520000000009
0
LINE
8
BLACK
6
CONTINUOUS
10
219.0822279999999864
20
-46.0515520000000009
11
218.9284140000000036
21
-46.0821479999999966
0
LINE
8
BLACK
6
CONTINUOUS
10
218.9284140000000036
20
-46.0821479999999966
11
218.771585999999985
21
-46.0821479999999966
0
LINE
8
BLACK
6
CONTINUOUS
10
218.771585999999985
20
-46.0821479999999966
11
218.6177720000000022
21
-46.0515520000000009
0
LINE
8
BLACK
6
CONTINUOUS
10
218.6177720000000022
20
-46.0515520000000009
11
218.4728829999999959
21
-45.991537000000001
0
LINE
8
BLACK
6
CONTINUOUS
10
218.4728829999999959
20
-45.991537000000001
11
218.3424849999999822
21
-45.9044079999999965
0
LINE
8
BLACK
6
CONTINUOUS
10
218.3424849999999822
20
-45.9044079999999965
11
218.2315919999999778
21
-45.7935149999999993
0
LINE
8
BLACK
6
CONTINUOUS
10
218.2315919999999778
20
-45.7935149999999993
11
218.1444630000000018
21
-45.6631169999999997
0
LINE
8
BLACK
6
CONTINUOUS
10
218.1444630000000018
20
-45.6631169999999997
11
218.0844479999999805
21
-45.5182280000000006
0
LINE
8
BLACK
6
CONTINUOUS
10
218.0844479999999805
20
-45.5182280000000006
11
218.0538519999999778
21
-45.3644139999999965
0
LINE
8
BLACK
6
CONTINUOUS
10
218.0538519999999778
20
-45.3644139999999965
11
218.0538519999999778
21
-45.2075859999999992
0
LINE
8
BLACK
6
CONTINUOUS
10
218.0538519999999778
20
-45.2075859999999992
11
218.0844479999999805
21
-45.053771999999995
0
LINE
8
BLACK
6
CONTINUOUS
10
218.0844479999999805
20
-45.053771999999995
11
218.1444630000000018
21
-44.9088829999999959
0
LINE
8
BLACK
6
CONTINUOUS
10
218.1444630000000018
20
-44.9088829999999959
11
218.2315919999999778
21
-44.7784849999999963
0
LINE
8
BLACK
6
CONTINUOUS
10
218.2315919999999778
20
-44.7784849999999963
11
218.3424849999999822
21
-44.6675919999999991
0
LINE
8
BLACK
6
CONTINUOUS
10
218.3424849999999822
20
-44.6675919999999991
11
218.4728829999999959
21
-44.5804629999999946
0
LINE
8
BLACK
6
CONTINUOUS
10
218.4728829999999959
20
-44.5804629999999946
11
218.6177720000000022
21
-44.5204479999999947
0
LINE
8
BLACK
6
CONTINUOUS
10
218.6177720000000022
20
-44.5204479999999947
11
218.771585999999985
21
-44.4898519999999991
0
LINE
8
BLACK
6
CONTINUOUS
10
218.771585999999985
20
-44.4898519999999991
11
218.9284140000000036
21
-44.4898519999999991
0
LINE
8
BLACK
6
CONTINUOUS
10
218.9284140000000036
20
-44.4898519999999991
11
219.0822279999999864
21
-44.5204479999999947
0
LINE
8
BLACK
6
CONTINUOUS
10
218.6972279999999955
20
-42.2194479999999999
11
218.8421170000000018
21
-42.2794629999999998
0
LINE
8
BLACK
6
CONTINUOUS
10
218.8421170000000018
20
-42.2794629999999998
11
218.9725149999999871
21
-42.3665919999999971
0
LINE
8
BLACK
6
CONTINUOUS
10
218.9725149999999871
20
-42.3665919999999971
11
219.0834079999999915
21
-42.4774850000000015
0
LINE
8
BLACK
6
CONTINUOUS
10
219.0834079999999915
20
-42.4774850000000015
11
219.1705369999999959
21
-42.6078830000000011
0
LINE
8
BLACK
6
CONTINUOUS
10
219.1705369999999959
20
-42.6078830000000011
11
219.2305519999999888
21
-42.7527720000000002
0
LINE
8
BLACK
6
CONTINUOUS
10
219.2305519999999888
20
-42.7527720000000002
11
219.2611479999999915
21
-42.9065859999999972
0
LINE
8
BLACK
6
CONTINUOUS
10
219.2611479999999915
20
-42.9065859999999972
11
219.2611479999999915
21
-43.0634139999999945
0
LINE
8
BLACK
6
CONTINUOUS
10
219.2611479999999915
20
-43.0634139999999945
11
219.2305519999999888
21
-43.2172279999999986
0
LINE
8
BLACK
6
CONTINUOUS
10
219.2305519999999888
20
-43.2172279999999986
11
219.1705369999999959
21
-43.3621169999999978
0
LINE
8
BLACK
6
CONTINUOUS
10
219.1705369999999959
20
-43.3621169999999978
11
219.0834079999999915
21
-43.4925149999999974
0
LINE
8
BLACK
6
CONTINUOUS
10
219.0834079999999915
20
-43.4925149999999974
11
218.9725149999999871
21
-43.6034079999999946
0
LINE
8
BLACK
6
CONTINUOUS
10
218.9725149999999871
20
-43.6034079999999946
11
218.8421170000000018
21
-43.6905369999999991
0
LINE
8
BLACK
6
CONTINUOUS
10
218.8421170000000018
20
-43.6905369999999991
11
218.6972279999999955
21
-43.750551999999999
0
LINE
8
BLACK
6
CONTINUOUS
10
218.6972279999999955
20
-43.750551999999999
11
218.5434139999999843
21
-43.7811479999999946
0
LINE
8
BLACK
6
CONTINUOUS
10
218.5434139999999843
20
-43.7811479999999946
11
218.3865859999999941
21
-43.7811479999999946
0
LINE
8
BLACK
6
CONTINUOUS
10
218.3865859999999941
20
-43.7811479999999946
11
218.2327719999999829
21
-43.750551999999999
0
LINE
8
BLACK
6
CONTINUOUS
10
218.2327719999999829
20
-43.750551999999999
11
218.0878829999999766
21
-43.6905369999999991
0
LINE
8
BLACK
6
CONTINUOUS
10
218.0878829999999766
20
-43.6905369999999991
11
217.9574849999999913
21
-43.6034079999999946
0
LINE
8
BLACK
6
CONTINUOUS
10
217.9574849999999913
20
-43.6034079999999946
11
217.8465919999999869
21
-43.4925149999999974
0
LINE
8
BLACK
6
CONTINUOUS
10
217.8465919999999869
20
-43.4925149999999974
11
217.7594629999999825
21
-43.3621169999999978
0
LINE
8
BLACK
6
CONTINUOUS
10
217.7594629999999825
20
-43.3621169999999978
11
217.6994479999999896
21
-43.2172279999999986
0
LINE
8
BLACK
6
CONTINUOUS
10
217.6994479999999896
20
-43.2172279999999986
11
217.6688519999999869
21
-43.0634139999999945
0
LINE
8
BLACK
6
CONTINUOUS
10
217.6688519999999869
20
-43.0634139999999945
11
217.6688519999999869
21
-42.9065859999999972
0
LINE
8
BLACK
6
CONTINUOUS
10
217.6688519999999869
20
-42.9065859999999972
11
217.6994479999999896
21
-42.7527720000000002
0
LINE
8
BLACK
6
CONTINUOUS
10
217.6994479999999896
20
-42.7527720000000002
11
217.7594629999999825
21
-42.6078830000000011
0
LINE
8
BLACK
6
CONTINUOUS
10
217.7594629999999825
20
-42.6078830000000011
11
217.8465919999999869
21
-42.4774850000000015
0
LINE
8
BLACK
6
CONTINUOUS
10
217.8465919999999869
20
-42.4774850000000015
11
217.9574849999999913
21
-42.3665919999999971
0
LINE
8
BLACK
6
CONTINUOUS
10
217.9574849999999913
20
-42.3665919999999971
11
218.0878829999999766
21
-42.2794629999999998
0
LINE
8
BLACK
6
CONTINUOUS
10
218.0878829999999766
20
-42.2794629999999998
11
218.2327719999999829
21
-42.2194479999999999
0
LINE
8
BLACK
6
CONTINUOUS
10
218.2327719999999829
20
-42.2194479999999999
11
218.3865859999999941
21
-42.1888519999999971
0
LINE
8
BLACK
6
CONTINUOUS
10
218.3865859999999941
20
-42.1888519999999971
11
218.5434139999999843
21
-42.1888519999999971
0
LINE
8
BLACK
6
CONTINUOUS
10
218.5434139999999843
20
-42.1888519999999971
11
218.6972279999999955
21
-42.2194479999999999
0
LINE
8
BLACK
6
CONTINUOUS
10
218.9122279999999989
20
-39.9184479999999979
11
219.0571169999999768
21
-39.9784629999999979
0
LINE
8
BLACK
6
CONTINUOUS
10
219.0571169999999768
20
-39.9784629999999979
11
219.1875149999999906
21
-40.0655919999999952
0
LINE
8
BLACK
6
CONTINUOUS
10
219.1875149999999906
20
-40.0655919999999952
11
219.2984079999999949
21
-40.1764849999999996
0
LINE
8
BLACK
6
CONTINUOUS
10
219.2984079999999949
20
-40.1764849999999996
11
219.3855369999999994
21
-40.3068829999999991
0
LINE
8
BLACK
6
CONTINUOUS
10
219.3855369999999994
20
-40.3068829999999991
11
219.4455519999999922
21
-40.4517719999999983
0
LINE
8
BLACK
6
CONTINUOUS
10
219.4455519999999922
20
-40.4517719999999983
11
219.4761479999999949
21
-40.6055859999999953
0
LINE
8
BLACK
6
CONTINUOUS
10
219.4761479999999949
20
-40.6055859999999953
11
219.4761479999999949
21
-40.7624139999999997
0
LINE
8
BLACK
6
CONTINUOUS
10
219.4761479999999949
20
-40.7624139999999997
11
219.4455519999999922
21
-40.9162279999999967
0
LINE
8
BLACK
6
CONTINUOUS
10
219.4455519999999922
20
-40.9162279999999967
11
219.3855369999999994
21
-41.0611169999999959
0
LINE
8
BLACK
6
CONTINUOUS
10
219.3855369999999994
20
-41.0611169999999959
11
219.2984079999999949
21
-41.1915149999999954
0
LINE
8
BLACK
6
CONTINUOUS
10
219.2984079999999949
20
-41.1915149999999954
11
219.1875149999999906
21
-41.3024079999999998
0
LINE
8
BLACK
6
CONTINUOUS
10
219.1875149999999906
20
-41.3024079999999998
11
219.0571169999999768
21
-41.3895369999999971
0
LINE
8
BLACK
6
CONTINUOUS
10
219.0571169999999768
20
-41.3895369999999971
11
218.9122279999999989
21
-41.4495519999999971
0
LINE
8
BLACK
6
CONTINUOUS
10
218.9122279999999989
20
-41.4495519999999971
11
218.7584139999999877
21
-41.4801479999999998
0
LINE
8
BLACK
6
CONTINUOUS
10
218.7584139999999877
20
-41.4801479999999998
11
218.6015859999999975
21
-41.4801479999999998
0
LINE
8
BLACK
6
CONTINUOUS
10
218.6015859999999975
20
-41.4801479999999998
11
218.4477719999999863
21
-41.4495519999999971
0
LINE
8
BLACK
6
CONTINUOUS
10
218.4477719999999863
20
-41.4495519999999971
11
218.30288299999998
21
-41.3895369999999971
0
LINE
8
BLACK
6
CONTINUOUS
10
218.30288299999998
20
-41.3895369999999971
11
218.1724849999999947
21
-41.3024079999999998
0
LINE
8
BLACK
6
CONTINUOUS
10
218.1724849999999947
20
-41.3024079999999998
11
218.0615919999999903
21
-41.1915149999999954
0
LINE
8
BLACK
6
CONTINUOUS
10
218.0615919999999903
20
-41.1915149999999954
11
217.9744629999999859
21
-41.0611169999999959
0
LINE
8
BLACK
6
CONTINUOUS
10
217.9744629999999859
20
-41.0611169999999959
11
217.914447999999993
21
-40.9162279999999967
0
LINE
8
BLACK
6
CONTINUOUS
10
217.914447999999993
20
-40.9162279999999967
11
217.8838519999999903
21
-40.7624139999999997
0
LINE
8
BLACK
6
CONTINUOUS
10
217.8838519999999903
20
-40.7624139999999997
11
217.8838519999999903
21
-40.6055859999999953
0
LINE
8
BLACK
6
CONTINUOUS
10
217.8838519999999903
20
-40.6055859999999953
11
217.914447999999993
21
-40.4517719999999983
0
LINE
8
BLACK
6
CONTINUOUS
10
217.914447999999993
20
-40.4517719999999983
11
217.9744629999999859
21
-40.3068829999999991
0
LINE
8
BLACK
6
CONTINUOUS
10
217.9744629999999859
20
-40.3068829999999991
11
218.0615919999999903
21
-40.1764849999999996
0
LINE
8
BLACK
6
CONTINUOUS
10
218.0615919999999903
20
-40.1764849999999996
11
218.1724849999999947
21
-40.0655919999999952
0
LINE
8
BLACK
6
CONTINUOUS
10
218.1724849999999947
20
-40.0655919999999952
11
218.30288299999998
21
-39.9784629999999979
0
LINE
8
BLACK
6
CONTINUOUS
10
218.30288299999998
20
-39.9784629999999979
11
218.4477719999999863
21
-39.9184479999999979
0
LINE
8
BLACK
6
CONTINUOUS
10
218.4477719999999863
20
-39.9184479999999979
11
218.6015859999999975
21
-39.8878519999999952
0
LINE
8
BLACK
6
CONTINUOUS
10
218.6015859999999975
20
-39.8878519999999952
11
218.7584139999999877
21
-39.8878519999999952
0
LINE
8
BLACK
6
CONTINUOUS
10
218.7584139999999877
20
-39.8878519999999952
11
218.9122279999999989
21
-39.9184479999999979
0
LINE
8
BLACK
6
CONTINUOUS
10
228.1980159999999955
20
-39.9184479999999979
11
228.3429050000000018
21
-39.9784629999999979
0
LINE
8
BLACK
6
CONTINUOUS
10
228.3429050000000018
20
-39.9784629999999979
11
228.4733029999999872
21
-40.0655919999999952
0
LINE
8
BLACK
6
CONTINUOUS
10
228.4733029999999872
20
-40.0655919999999952
11
228.5841959999999915
21
-40.1764849999999996
0
LINE
8
BLACK
6
CONTINUOUS
10
228.5841959999999915
20
-40.1764849999999996
11
228.671324999999996
21
-40.3068829999999991
0
LINE
8
BLACK
6
CONTINUOUS
10
228.671324999999996
20
-40.3068829999999991
11
228.7313399999999888
21
-40.4517719999999983
0
LINE
8
BLACK
6
CONTINUOUS
10
228.7313399999999888
20
-40.4517719999999983
11
228.7619359999999915
21
-40.6055859999999953
0
LINE
8
BLACK
6
CONTINUOUS
10
228.7619359999999915
20
-40.6055859999999953
11
228.7619359999999915
21
-40.7624139999999997
0
LINE
8
BLACK
6
CONTINUOUS
10
228.7619359999999915
20
-40.7624139999999997
11
228.7313399999999888
21
-40.9162279999999967
0
LINE
8
BLACK
6
CONTINUOUS
10
228.7313399999999888
20
-40.9162279999999967
11
228.671324999999996
21
-41.0611169999999959
0
LINE
8
BLACK
6
CONTINUOUS
10
228.671324999999996
20
-41.0611169999999959
11
228.5841959999999915
21
-41.1915149999999954
0
LINE
8
BLACK
6
CONTINUOUS
10
228.5841959999999915
20
-41.1915149999999954
11
228.4733029999999872
21
-41.3024079999999998
0
LINE
8
BLACK
6
CONTINUOUS
10
228.4733029999999872
20
-41.3024079999999998
11
228.3429050000000018
21
-41.3895369999999971
0
LINE
8
BLACK
6
CONTINUOUS
10
228.3429050000000018
20
-41.3895369999999971
11
228.1980159999999955
21
-41.4495519999999971
0
LINE
8
BLACK
6
CONTINUOUS
10
228.1980159999999955
20
-41.4495519999999971
11
228.0442019999999843
21
-41.4801479999999998
0
LINE
8
BLACK
6
CONTINUOUS
10
228.0442019999999843
20
-41.4801479999999998
11
227.8873739999999941
21
-41.4801479999999998
0
LINE
8
BLACK
6
CONTINUOUS
10
227.8873739999999941
20
-41.4801479999999998
11
227.7335599999999829
21
-41.4495519999999971
0
LINE
8
BLACK
6
CONTINUOUS
10
227.7335599999999829
20
-41.4495519999999971
11
227.5886709999999766
21
-41.3895369999999971
0
LINE
8
BLACK
6
CONTINUOUS
10
227.5886709999999766
20
-41.3895369999999971
11
227.4582729999999913
21
-41.3024079999999998
0
LINE
8
BLACK
6
CONTINUOUS
10
227.4582729999999913
20
-41.3024079999999998
11
227.3473799999999869
21
-41.1915149999999954
0
LINE
8
BLACK
6
CONTINUOUS
10
227.3473799999999869
20
-41.1915149999999954
11
227.2602509999999825
21
-41.0611169999999959
0
LINE
8
BLACK
6
CONTINUOUS
10
227.2602509999999825
20
-41.0611169999999959
11
227.2002359999999896
21
-40.9162279999999967
0
LINE
8
BLACK
6
CONTINUOUS
10
227.2002359999999896
20
-40.9162279999999967
11
227.1696399999999869
21
-40.7624139999999997
0
LINE
8
BLACK
6
CONTINUOUS
10
227.1696399999999869
20
-40.7624139999999997
11
227.1696399999999869
21
-40.6055859999999953
0
LINE
8
BLACK
6
CONTINUOUS
10
227.1696399999999869
20
-40.6055859999999953
11
227.2002359999999896
21
-40.4517719999999983
0
LINE
8
BLACK
6
CONTINUOUS
10
227.2002359999999896
20
-40.4517719999999983
11
227.2602509999999825
21
-40.3068829999999991
0
LINE
8
BLACK
6
CONTINUOUS
10
227.2602509999999825
20
-40.3068829999999991
11
227.3473799999999869
21
-40.1764849999999996
0
LINE
8
BLACK
6
CONTINUOUS
10
227.3473799999999869
20
-40.1764849999999996
11
227.4582729999999913
21
-40.0655919999999952
0
LINE
8
BLACK
6
CONTINUOUS
10
227.4582729999999913
20
-40.0655919999999952
11
227.5886709999999766
21
-39.9784629999999979
0
LINE
8
BLACK
6
CONTINUOUS
10
227.5886709999999766
20
-39.9784629999999979
11
227.7335599999999829
21
-39.9184479999999979
0
LINE
8
BLACK
6
CONTINUOUS
10
227.7335599999999829
20
-39.9184479999999979
11
227.8873739999999941
21
-39.8878519999999952
0
LINE
8
BLACK
6
CONTINUOUS
10
227.8873739999999941
20
-39.8878519999999952
11
228.0442019999999843
21
-39.8878519999999952
0
LINE
8
BLACK
6
CONTINUOUS
10
228.0442019999999843
20
-39.8878519999999952
11
228.1980159999999955
21
-39.9184479999999979
0
CIRCLE
8
BLACK
10
58.9609999999999985
20
-94.6899999999999977
40
0.75
0
CIRCLE
8
BLACK
10
221.328000000000003
20
-136.5720000000000027
40
0.75
0
CIRCLE
8
BLACK
10
52.0399999999999991
20
-99.6400000000000006
40
0.75
0
CIRCLE
8
BLACK
10
58.9609999999999985
20
-84.5300000000000011
40
0.75
0
CIRCLE
8
BLACK
10
218.8100000000000023
20
-47.5869999999999962
40
0.75
0
CIRCLE
8
BLACK
10
47.4099999999999966
20
-74.7599999999999909
40
0.75
0
CIRCLE
8
BLACK
10
62.4441059999999979
20
-76.9099999999999966
40
0.75
0
CIRCLE
8
BLACK
10
58.8200000000000003
20
-73.9200000000000017
40
0.75
0
CIRCLE
8
BLACK
10
49.7469999999999999
20
-109.1229999999999905
40
0.75
0
CIRCLE
8
BLACK
10
247.0209999999999866
20
-93.6709999999999923
40
0.75
0
CIRCLE
8
BLACK
10
221.3199999999999932
20
-138.8729999999999905
40
0.75
0
CIRCLE
8
BLACK
10
243.5029469999999776
20
-90.1529469999999975
40
0.75
0
CIRCLE
8
BLACK
10
58.9609999999999985
20
-107.3900000000000006
40
0.75
0
CIRCLE
8
BLACK
10
247.0300000000000011
20
-104.2299999999999898
40
0.75
0
CIRCLE
8
BLACK
10
238.9058939999999893
20
-104.2299999999999898
40
0.75
0
CIRCLE
8
BLACK
10
47.4460009999999954
20
-114.678104999999988
40
0.75
0
CIRCLE
8
BLACK
10
58.9510000000000005
20
-109.9299999999999926
40
0.75
0
CIRCLE
8
BLACK
10
249.339999999999975
20
-99.2441060000000022
40
0.75
0
CIRCLE
8
BLACK
10
241.6258939999999882
20
-91.5300000000000011
40
0.75
0
CIRCLE
8
BLACK
10
244.5300000000000011
20
-99.1499999999999915
40
0.75
0
CIRCLE
8
BLACK
10
221.4439999999999884
20
-141.1740000000000066
40
0.75
0
CIRCLE
8
BLACK
10
221.3899999999999864
20
-143.4749999999999943
40
0.75
0
CIRCLE
8
BLACK
10
45.1450010000000006
20
-120.1799999999999926
40
0.75
0
CIRCLE
8
BLACK
10
241.4458939999999814
20
-106.769999999999996
40
0.75
0
CIRCLE
8
BLACK
10
238.2800000000000011
20
-96.6099999999999994
40
0.75
0
CIRCLE
8
BLACK
10
251.6229999999999905
20
-103.7269999999999897
40
0.75
0
CIRCLE
8
BLACK
10
58.9609999999999985
20
-112.4699999999999989
40
0.75
0
CIRCLE
8
BLACK
10
58.9709999999999965
20
-104.8499999999999943
40
0.75
0
CIRCLE
8
BLACK
10
218.8499999999999943
20
-45.2860000000000014
40
0.75
0
CIRCLE
8
BLACK
10
47.9699999999999989
20
-104.8499999999999943
40
0.75
0
CIRCLE
8
BLACK
10
242.0058939999999836
20
-81.3699999999999903
40
0.75
0
CIRCLE
8
BLACK
10
251.2009999999999934
20
-76.6689999999999969
40
0.75
0
CIRCLE
8
BLACK
10
196.3499999999999943
20
-82.7000000000000028
40
0.75
0
CIRCLE
8
BLACK
10
62.6989999999999981
20
-92.1499999999999915
40
0.75
0
CIRCLE
8
BLACK
10
54.3399999999999963
20
-86.3399999999999892
40
0.75
0
CIRCLE
8
BLACK
10
191.7489999999999952
20
-87.2768939999999986
40
0.75
0
CIRCLE
8
BLACK
10
239.4707879999999989
20
-52.1890000000000001
40
0.75
0
CIRCLE
8
BLACK
10
59.009999999999998
20
-117.5499999999999972
40
0.75
0
CIRCLE
8
BLACK
10
218.6799999999999784
20
-40.6839999999999975
40
0.75
0
CIRCLE
8
BLACK
10
227.9657880000000034
20
-40.6839999999999975
40
0.75
0
CIRCLE
8
BLACK
10
40.5069990000000004
20
-119.700997000000001
40
0.75
0
CIRCLE
8
BLACK
10
221.8499999999999943
20
-145.775999999999982
40
0.75
0
CIRCLE
8
BLACK
10
127.0999999999999943
20
-145.789999999999992
40
0.75
0
CIRCLE
8
BLACK
10
198.4899999999999807
20
-134.2709999999999866
40
0.75
0
CIRCLE
8
BLACK
10
125.3499999999999943
20
-129.6689999999999827
40
0.75
0
CIRCLE
8
BLACK
10
198.4899999999999807
20
-120.6099999999999994
40
0.75
0
CIRCLE
8
BLACK
10
255.839999999999975
20
-76.6558940000000035
40
0.75
0
CIRCLE
8
BLACK
10
191.5589999999999975
20
-117.5499999999999972
40
0.75
0
CIRCLE
8
BLACK
10
212.2399999999999807
20
-148.0199999999999818
40
0.75
0
CIRCLE
8
BLACK
10
244.2980000000000018
20
-76.8161059999999907
40
0.75
0
CIRCLE
8
BLACK
10
218.4650000000000034
20
-42.9849999999999994
40
0.75
0
CIRCLE
8
BLACK
10
42.8079999999999998
20
-121.0971049999999991
40
0.75
0
CIRCLE
8
BLACK
10
253.539999999999992
20
-77.6099999999999994
40
0.75
0
CIRCLE
8
BLACK
10
239.4658939999999916
20
-83.9099999999999966
40
0.75
0
CIRCLE
8
BLACK
10
58.9609999999999985
20
-115.0099999999999909
40
0.75
0
CIRCLE
8
BLACK
10
54.3489999999999966
20
-92.9189999999999969
40
0.75
0
CIRCLE
8
BLACK
10
58.9510000000000005
20
-89.6099999999999994
40
0.75
0
CIRCLE
8
BLACK
10
49.7190000000000012
20
-100.5731049999999982
40
0.75
0
CIRCLE
8
BLACK
10
218.9779999999999802
20
-49.8879999999999981
40
0.75
0
CIRCLE
8
BLACK
10
58.9709999999999965
20
-102.3100000000000023
40
0.75
  0
ENDSEC
  0
EOF
