  0
SECTION
  2
HEADER
  9
$ANGBASE
  50
0.0
  9
$ANGDIR
  70
1
  9
$MEASUREMENT
  70
1
  0
ENDSEC
  0
SECTION
  2
TABLES
  0
TABLE
  2
LTYPE
  70
4
  0
LTYPE
  5
40F
  2
CONTINUOUS
  70
0
  3
Solid line
  72
65
  73
0
  40
0.0
  0
LTYPE
  5
410
  2
DASHDOT
 70
0
  3
Dash Dot ____ _ ____ _
 72
65
 73
4
 40
2.0
 49
1.25
 49
-0.25
 49
0.25
 49
-0.25
  0
LTYPE
  5
411
  2
DASHED
 70
0
  3
Dashed __ __ __ __ __
 72
65
 73
2
 40
0.75
 49
0.5
 49
-0.25
  0
LTYPE
  5
43B
  2
DOTTED
 70
0
  3
Dotted .  .  .  .
 72
65
 73
2
 40
0.2
 49
0.0
 49
-0.2
  0
ENDTAB
  0
TABLE
  2
STYLE
  70
4
  0
STYLE
  2
KICAD
  70
0
  40
0
  41
1
  42
1
  50
0
  71
0
  3
isocp.shx
  0
STYLE
  2
KICADB
  70
0
  40
0
  41
1
  42
1
  50
0
  71
0
  3
isocp.shx
  0
STYLE
  2
KICADI
  70
0
  40
0
  41
1
  42
1
  50
15
  71
0
  3
isocp.shx
  0
STYLE
  2
KICADBI
  70
0
  40
0
  41
1
  42
1
  50
15
  71
0
  3
isocp.shx
  0
ENDTAB
  0
TABLE
  2
LAYER
  70
1
  0
LAYER
  2
BLACK
  70
0
  62
7
  6
CONTINUOUS
  0
ENDTAB
  0
ENDSEC
  0
SECTION
  2
ENTITIES
0
LINE
8
BLACK
6
CONTINUOUS
10
222.0822279999999864
20
-145.0104479999999967
11
222.2271169999999927
21
-145.0704629999999895
0
LINE
8
BLACK
6
CONTINUOUS
10
222.2271169999999927
20
-145.0704629999999895
11
222.357514999999978
21
-145.157591999999994
0
LINE
8
BLACK
6
CONTINUOUS
10
222.357514999999978
20
-145.157591999999994
11
222.4684079999999824
21
-145.2684849999999983
0
LINE
8
BLACK
6
CONTINUOUS
10
222.4684079999999824
20
-145.2684849999999983
11
222.5555369999999868
21
-145.3988829999999837
0
LINE
8
BLACK
6
CONTINUOUS
10
222.5555369999999868
20
-145.3988829999999837
11
222.6155519999999797
21
-145.5437719999999899
0
LINE
8
BLACK
6
CONTINUOUS
10
222.6155519999999797
20
-145.5437719999999899
11
222.6461479999999824
21
-145.6975860000000011
0
LINE
8
BLACK
6
CONTINUOUS
10
222.6461479999999824
20
-145.6975860000000011
11
222.6461479999999824
21
-145.8544139999999913
0
LINE
8
BLACK
6
CONTINUOUS
10
222.6461479999999824
20
-145.8544139999999913
11
222.6155519999999797
21
-146.0082280000000026
0
LINE
8
BLACK
6
CONTINUOUS
10
222.6155519999999797
20
-146.0082280000000026
11
222.5555369999999868
21
-146.1531169999999804
0
LINE
8
BLACK
6
CONTINUOUS
10
222.5555369999999868
20
-146.1531169999999804
11
222.4684079999999824
21
-146.2835149999999942
0
LINE
8
BLACK
6
CONTINUOUS
10
222.4684079999999824
20
-146.2835149999999942
11
222.357514999999978
21
-146.3944079999999985
0
LINE
8
BLACK
6
CONTINUOUS
10
222.357514999999978
20
-146.3944079999999985
11
222.2271169999999927
21
-146.481537000000003
0
LINE
8
BLACK
6
CONTINUOUS
10
222.2271169999999927
20
-146.481537000000003
11
222.1895700000000033
21
-146.4970889999999883
0
LINE
8
BLACK
6
CONTINUOUS
10
222.1895700000000033
20
-146.4970889999999883
11
220.1463299999999776
21
-148.5403299999999831
0
LINE
8
BLACK
6
CONTINUOUS
10
220.1463299999999776
20
-148.5403299999999831
11
220.0917949999999905
21
-148.5897579999999891
0
LINE
8
BLACK
6
CONTINUOUS
10
220.0917949999999905
20
-148.5897579999999891
11
219.9695480000000032
21
-148.6714409999999873
0
LINE
8
BLACK
6
CONTINUOUS
10
219.9695480000000032
20
-148.6714409999999873
11
219.9132829999999785
21
-148.6947459999999808
0
LINE
8
BLACK
6
CONTINUOUS
10
219.9132829999999785
20
-148.6947459999999808
11
219.8337129999999888
21
-148.7277059999999835
0
LINE
8
BLACK
6
CONTINUOUS
10
219.8337129999999888
20
-148.7277059999999835
11
219.6895129999999767
21
-148.7563889999999844
0
LINE
8
BLACK
6
CONTINUOUS
10
219.6895129999999767
20
-148.7563889999999844
11
219.6159999999999854
21
-148.7599999999999909
0
LINE
8
BLACK
6
CONTINUOUS
10
219.6159999999999854
20
-148.7599999999999909
11
212.5339159999999765
21
-148.7599999999999909
0
LINE
8
BLACK
6
CONTINUOUS
10
212.5339159999999765
20
-148.7599999999999909
11
212.4722280000000012
21
-148.7855519999999956
0
LINE
8
BLACK
6
CONTINUOUS
10
212.4722280000000012
20
-148.7855519999999956
11
212.31841399999999
21
-148.8161479999999983
0
LINE
8
BLACK
6
CONTINUOUS
10
212.31841399999999
20
-148.8161479999999983
11
212.1615859999999998
21
-148.8161479999999983
0
LINE
8
BLACK
6
CONTINUOUS
10
212.1615859999999998
20
-148.8161479999999983
11
212.0077719999999886
21
-148.7855519999999956
0
LINE
8
BLACK
6
CONTINUOUS
10
212.0077719999999886
20
-148.7855519999999956
11
211.8628829999999823
21
-148.7255370000000028
0
LINE
8
BLACK
6
CONTINUOUS
10
211.8628829999999823
20
-148.7255370000000028
11
211.7324849999999969
21
-148.6384079999999983
0
LINE
8
BLACK
6
CONTINUOUS
10
211.7324849999999969
20
-148.6384079999999983
11
211.6215919999999926
21
-148.527514999999994
0
LINE
8
BLACK
6
CONTINUOUS
10
211.6215919999999926
20
-148.527514999999994
11
211.5344629999999881
21
-148.3971169999999802
0
LINE
8
BLACK
6
CONTINUOUS
10
211.5344629999999881
20
-148.3971169999999802
11
211.4744479999999953
21
-148.2522280000000023
0
LINE
8
BLACK
6
CONTINUOUS
10
211.4744479999999953
20
-148.2522280000000023
11
211.4438519999999926
21
-148.0984139999999911
0
LINE
8
BLACK
6
CONTINUOUS
10
211.4438519999999926
20
-148.0984139999999911
11
211.4438519999999926
21
-147.9415860000000009
0
LINE
8
BLACK
6
CONTINUOUS
10
211.4438519999999926
20
-147.9415860000000009
11
211.4744479999999953
21
-147.7877719999999897
0
LINE
8
BLACK
6
CONTINUOUS
10
211.4744479999999953
20
-147.7877719999999897
11
211.5344629999999881
21
-147.6428829999999834
0
LINE
8
BLACK
6
CONTINUOUS
10
211.5344629999999881
20
-147.6428829999999834
11
211.6215919999999926
21
-147.5124849999999981
0
LINE
8
BLACK
6
CONTINUOUS
10
211.6215919999999926
20
-147.5124849999999981
11
211.7324849999999969
21
-147.4015919999999937
0
LINE
8
BLACK
6
CONTINUOUS
10
211.7324849999999969
20
-147.4015919999999937
11
211.8628829999999823
21
-147.3144629999999893
0
LINE
8
BLACK
6
CONTINUOUS
10
211.8628829999999823
20
-147.3144629999999893
11
212.0077719999999886
21
-147.2544479999999965
0
LINE
8
BLACK
6
CONTINUOUS
10
212.0077719999999886
20
-147.2544479999999965
11
212.1615859999999998
21
-147.2238519999999937
0
LINE
8
BLACK
6
CONTINUOUS
10
212.1615859999999998
20
-147.2238519999999937
11
212.31841399999999
21
-147.2238519999999937
0
LINE
8
BLACK
6
CONTINUOUS
10
212.31841399999999
20
-147.2238519999999937
11
212.4722280000000012
21
-147.2544479999999965
0
LINE
8
BLACK
6
CONTINUOUS
10
212.4722280000000012
20
-147.2544479999999965
11
212.4856319999999812
21
-147.2599999999999909
0
LINE
8
BLACK
6
CONTINUOUS
10
212.4856319999999812
20
-147.2599999999999909
11
219.3053400000000011
21
-147.2599999999999909
0
LINE
8
BLACK
6
CONTINUOUS
10
219.3053400000000011
20
-147.2599999999999909
11
220.0393399999999815
21
-146.525999999999982
0
LINE
8
BLACK
6
CONTINUOUS
10
220.0393399999999815
20
-146.525999999999982
11
127.4035729999999944
21
-146.525999999999982
0
LINE
8
BLACK
6
CONTINUOUS
10
127.4035729999999944
20
-146.525999999999982
11
127.3322280000000006
21
-146.5555520000000058
0
LINE
8
BLACK
6
CONTINUOUS
10
127.3322280000000006
20
-146.5555520000000058
11
127.1784139999999894
21
-146.5861479999999801
0
LINE
8
BLACK
6
CONTINUOUS
10
127.1784139999999894
20
-146.5861479999999801
11
127.0215859999999992
21
-146.5861479999999801
0
LINE
8
BLACK
6
CONTINUOUS
10
127.0215859999999992
20
-146.5861479999999801
11
126.867771999999988
21
-146.5555520000000058
0
LINE
8
BLACK
6
CONTINUOUS
10
126.867771999999988
20
-146.5555520000000058
11
126.7228829999999959
21
-146.4955369999999846
0
LINE
8
BLACK
6
CONTINUOUS
10
126.7228829999999959
20
-146.4955369999999846
11
126.5924849999999964
21
-146.4084079999999801
0
LINE
8
BLACK
6
CONTINUOUS
10
126.5924849999999964
20
-146.4084079999999801
11
126.481591999999992
21
-146.2975150000000042
0
LINE
8
BLACK
6
CONTINUOUS
10
126.481591999999992
20
-146.2975150000000042
11
126.3944629999999876
21
-146.1671169999999904
0
LINE
8
BLACK
6
CONTINUOUS
10
126.3944629999999876
20
-146.1671169999999904
11
126.3344479999999947
21
-146.0222279999999841
0
LINE
8
BLACK
6
CONTINUOUS
10
126.3344479999999947
20
-146.0222279999999841
11
126.303851999999992
21
-145.8684140000000014
0
LINE
8
BLACK
6
CONTINUOUS
10
126.303851999999992
20
-145.8684140000000014
11
126.303851999999992
21
-145.7115859999999827
0
LINE
8
BLACK
6
CONTINUOUS
10
126.303851999999992
20
-145.7115859999999827
11
126.3344479999999947
21
-145.5577719999999999
0
LINE
8
BLACK
6
CONTINUOUS
10
126.3344479999999947
20
-145.5577719999999999
11
126.3944629999999876
21
-145.4128829999999937
0
LINE
8
BLACK
6
CONTINUOUS
10
126.3944629999999876
20
-145.4128829999999937
11
126.481591999999992
21
-145.2824849999999799
0
LINE
8
BLACK
6
CONTINUOUS
10
126.481591999999992
20
-145.2824849999999799
11
126.5924849999999964
21
-145.171592000000004
0
LINE
8
BLACK
6
CONTINUOUS
10
126.5924849999999964
20
-145.171592000000004
11
126.7228829999999959
21
-145.0844629999999995
0
LINE
8
BLACK
6
CONTINUOUS
10
126.7228829999999959
20
-145.0844629999999995
11
126.867771999999988
21
-145.0244480000000067
0
LINE
8
BLACK
6
CONTINUOUS
10
126.867771999999988
20
-145.0244480000000067
11
127.0215859999999992
21
-144.993852000000004
0
LINE
8
BLACK
6
CONTINUOUS
10
127.0215859999999992
20
-144.993852000000004
11
127.1784139999999894
21
-144.993852000000004
0
LINE
8
BLACK
6
CONTINUOUS
10
127.1784139999999894
20
-144.993852000000004
11
127.3322280000000006
21
-145.0244480000000067
0
LINE
8
BLACK
6
CONTINUOUS
10
127.3322280000000006
20
-145.0244480000000067
11
127.3359749999999906
21
-145.025999999999982
0
LINE
8
BLACK
6
CONTINUOUS
10
127.3359749999999906
20
-145.025999999999982
11
221.5802259999999819
21
-145.025999999999982
0
LINE
8
BLACK
6
CONTINUOUS
10
221.5802259999999819
20
-145.025999999999982
11
221.6177720000000022
21
-145.0104479999999967
0
LINE
8
BLACK
6
CONTINUOUS
10
221.6177720000000022
20
-145.0104479999999967
11
221.771585999999985
21
-144.979851999999994
0
LINE
8
BLACK
6
CONTINUOUS
10
221.771585999999985
20
-144.979851999999994
11
221.9284140000000036
21
-144.979851999999994
0
LINE
8
BLACK
6
CONTINUOUS
10
221.9284140000000036
20
-144.979851999999994
11
222.0822279999999864
21
-145.0104479999999967
0
LINE
8
BLACK
6
CONTINUOUS
10
45.3772289999999998
20
-119.414447999999993
11
45.522117999999999
21
-119.4744630000000001
0
LINE
8
BLACK
6
CONTINUOUS
10
45.522117999999999
20
-119.4744630000000001
11
45.6525159999999985
21
-119.5615919999999903
0
LINE
8
BLACK
6
CONTINUOUS
10
45.6525159999999985
20
-119.5615919999999903
11
45.7634089999999958
21
-119.6724849999999947
0
LINE
8
BLACK
6
CONTINUOUS
10
45.7634089999999958
20
-119.6724849999999947
11
45.8505380000000002
21
-119.8028829999999942
0
LINE
8
BLACK
6
CONTINUOUS
10
45.8505380000000002
20
-119.8028829999999942
11
45.9105530000000002
21
-119.9477720000000005
0
LINE
8
BLACK
6
CONTINUOUS
10
45.9105530000000002
20
-119.9477720000000005
11
45.9411489999999958
21
-120.1015859999999975
0
LINE
8
BLACK
6
CONTINUOUS
10
45.9411489999999958
20
-120.1015859999999975
11
45.9411489999999958
21
-120.2584139999999877
0
LINE
8
BLACK
6
CONTINUOUS
10
45.9411489999999958
20
-120.2584139999999877
11
45.9105530000000002
21
-120.4122279999999989
0
LINE
8
BLACK
6
CONTINUOUS
10
45.9105530000000002
20
-120.4122279999999989
11
45.8950019999999981
21
-120.4497709999999984
0
LINE
8
BLACK
6
CONTINUOUS
10
45.8950019999999981
20
-120.4497709999999984
11
45.8950019999999981
21
-130.1469439999999906
0
LINE
8
BLACK
6
CONTINUOUS
10
45.8950019999999981
20
-130.1469439999999906
11
47.0231959999999987
21
-131.2751379999999983
0
LINE
8
BLACK
6
CONTINUOUS
10
47.0231959999999987
20
-131.2751379999999983
11
47.0232290000000006
21
-131.2751680000000079
0
LINE
8
BLACK
6
CONTINUOUS
10
47.0232290000000006
20
-131.2751680000000079
11
58.4730609999999942
21
-142.7249999999999943
0
LINE
8
BLACK
6
CONTINUOUS
10
58.4730609999999942
20
-142.7249999999999943
11
221.1202260000000024
21
-142.7249999999999943
0
LINE
8
BLACK
6
CONTINUOUS
10
221.1202260000000024
20
-142.7249999999999943
11
221.1577719999999943
21
-142.7094479999999805
0
LINE
8
BLACK
6
CONTINUOUS
10
221.1577719999999943
20
-142.7094479999999805
11
221.311585999999977
21
-142.6788520000000062
0
LINE
8
BLACK
6
CONTINUOUS
10
221.311585999999977
20
-142.6788520000000062
11
221.4684139999999957
21
-142.6788520000000062
0
LINE
8
BLACK
6
CONTINUOUS
10
221.4684139999999957
20
-142.6788520000000062
11
221.6222279999999785
21
-142.7094479999999805
0
LINE
8
BLACK
6
CONTINUOUS
10
221.6222279999999785
20
-142.7094479999999805
11
221.7671169999999847
21
-142.7694630000000018
0
LINE
8
BLACK
6
CONTINUOUS
10
221.7671169999999847
20
-142.7694630000000018
11
221.8975149999999985
21
-142.8565920000000062
0
LINE
8
BLACK
6
CONTINUOUS
10
221.8975149999999985
20
-142.8565920000000062
11
222.0084080000000029
21
-142.9674849999999822
0
LINE
8
BLACK
6
CONTINUOUS
10
222.0084080000000029
20
-142.9674849999999822
11
222.0955369999999789
21
-143.0978829999999959
0
LINE
8
BLACK
6
CONTINUOUS
10
222.0955369999999789
20
-143.0978829999999959
11
222.1555520000000001
21
-143.2427720000000022
0
LINE
8
BLACK
6
CONTINUOUS
10
222.1555520000000001
20
-143.2427720000000022
11
222.1861480000000029
21
-143.396585999999985
0
LINE
8
BLACK
6
CONTINUOUS
10
222.1861480000000029
20
-143.396585999999985
11
222.1861480000000029
21
-143.5534140000000036
0
LINE
8
BLACK
6
CONTINUOUS
10
222.1861480000000029
20
-143.5534140000000036
11
222.1555520000000001
21
-143.7072279999999864
0
LINE
8
BLACK
6
CONTINUOUS
10
222.1555520000000001
20
-143.7072279999999864
11
222.0955369999999789
21
-143.8521169999999927
0
LINE
8
BLACK
6
CONTINUOUS
10
222.0955369999999789
20
-143.8521169999999927
11
222.0084080000000029
21
-143.9825150000000065
0
LINE
8
BLACK
6
CONTINUOUS
10
222.0084080000000029
20
-143.9825150000000065
11
221.8975149999999985
21
-144.0934079999999824
0
LINE
8
BLACK
6
CONTINUOUS
10
221.8975149999999985
20
-144.0934079999999824
11
221.7671169999999847
21
-144.1805369999999868
0
LINE
8
BLACK
6
CONTINUOUS
10
221.7671169999999847
20
-144.1805369999999868
11
221.6222279999999785
21
-144.2405519999999797
0
LINE
8
BLACK
6
CONTINUOUS
10
221.6222279999999785
20
-144.2405519999999797
11
221.4684139999999957
21
-144.2711479999999824
0
LINE
8
BLACK
6
CONTINUOUS
10
221.4684139999999957
20
-144.2711479999999824
11
221.311585999999977
21
-144.2711479999999824
0
LINE
8
BLACK
6
CONTINUOUS
10
221.311585999999977
20
-144.2711479999999824
11
221.1577719999999943
21
-144.2405519999999797
0
LINE
8
BLACK
6
CONTINUOUS
10
221.1577719999999943
20
-144.2405519999999797
11
221.1202260000000024
21
-144.2249999999999943
0
LINE
8
BLACK
6
CONTINUOUS
10
221.1202260000000024
20
-144.2249999999999943
11
58.1624009999999956
21
-144.2249999999999943
0
LINE
8
BLACK
6
CONTINUOUS
10
58.1624009999999956
20
-144.2249999999999943
11
58.0888879999999972
21
-144.2213889999999878
0
LINE
8
BLACK
6
CONTINUOUS
10
58.0888879999999972
20
-144.2213889999999878
11
57.9446879999999993
21
-144.1927059999999869
0
LINE
8
BLACK
6
CONTINUOUS
10
57.9446879999999993
20
-144.1927059999999869
11
57.8651179999999954
21
-144.1597459999999842
0
LINE
8
BLACK
6
CONTINUOUS
10
57.8651179999999954
20
-144.1597459999999842
11
57.8088529999999992
21
-144.1364409999999907
0
LINE
8
BLACK
6
CONTINUOUS
10
57.8088529999999992
20
-144.1364409999999907
11
57.6866059999999976
21
-144.0547579999999925
0
LINE
8
BLACK
6
CONTINUOUS
10
57.6866059999999976
20
-144.0547579999999925
11
57.6320709999999963
21
-144.0053299999999865
0
LINE
8
BLACK
6
CONTINUOUS
10
57.6320709999999963
20
-144.0053299999999865
11
45.9625979999999998
21
-132.3358570000000043
0
LINE
8
BLACK
6
CONTINUOUS
10
45.9625979999999998
20
-132.3358570000000043
11
45.9625659999999954
21
-132.3358279999999922
0
LINE
8
BLACK
6
CONTINUOUS
10
45.9625659999999954
20
-132.3358279999999922
11
44.6146719999999988
21
-130.9879339999999956
0
LINE
8
BLACK
6
CONTINUOUS
10
44.6146719999999988
20
-130.9879339999999956
11
44.5652439999999999
21
-130.9333989999999801
0
LINE
8
BLACK
6
CONTINUOUS
10
44.5652439999999999
20
-130.9333989999999801
11
44.4835609999999946
21
-130.8111519999999928
0
LINE
8
BLACK
6
CONTINUOUS
10
44.4835609999999946
20
-130.8111519999999928
11
44.4602549999999965
21
-130.7548869999999965
0
LINE
8
BLACK
6
CONTINUOUS
10
44.4602549999999965
20
-130.7548869999999965
11
44.4272959999999983
21
-130.6753170000000068
0
LINE
8
BLACK
6
CONTINUOUS
10
44.4272959999999983
20
-130.6753170000000068
11
44.3986129999999974
21
-130.5311169999999947
0
LINE
8
BLACK
6
CONTINUOUS
10
44.3986129999999974
20
-130.5311169999999947
11
44.3950019999999981
21
-130.4576040000000035
0
LINE
8
BLACK
6
CONTINUOUS
10
44.3950019999999981
20
-130.4576040000000035
11
44.3950019999999981
21
-120.449776
0
LINE
8
BLACK
6
CONTINUOUS
10
44.3950019999999981
20
-120.449776
11
44.379449000000001
21
-120.4122279999999989
0
LINE
8
BLACK
6
CONTINUOUS
10
44.379449000000001
20
-120.4122279999999989
11
44.3488529999999983
21
-120.2584139999999877
0
LINE
8
BLACK
6
CONTINUOUS
10
44.3488529999999983
20
-120.2584139999999877
11
44.3488529999999983
21
-120.1015859999999975
0
LINE
8
BLACK
6
CONTINUOUS
10
44.3488529999999983
20
-120.1015859999999975
11
44.379449000000001
21
-119.9477720000000005
0
LINE
8
BLACK
6
CONTINUOUS
10
44.379449000000001
20
-119.9477720000000005
11
44.439464000000001
21
-119.8028829999999942
0
LINE
8
BLACK
6
CONTINUOUS
10
44.439464000000001
20
-119.8028829999999942
11
44.5265929999999983
21
-119.6724849999999947
0
LINE
8
BLACK
6
CONTINUOUS
10
44.5265929999999983
20
-119.6724849999999947
11
44.6374859999999956
21
-119.5615919999999903
0
LINE
8
BLACK
6
CONTINUOUS
10
44.6374859999999956
20
-119.5615919999999903
11
44.7678839999999951
21
-119.4744630000000001
0
LINE
8
BLACK
6
CONTINUOUS
10
44.7678839999999951
20
-119.4744630000000001
11
44.9127730000000014
21
-119.414447999999993
0
LINE
8
BLACK
6
CONTINUOUS
10
44.9127730000000014
20
-119.414447999999993
11
45.0665869999999984
21
-119.3838519999999903
0
LINE
8
BLACK
6
CONTINUOUS
10
45.0665869999999984
20
-119.3838519999999903
11
45.2234149999999957
21
-119.3838519999999903
0
LINE
8
BLACK
6
CONTINUOUS
10
45.2234149999999957
20
-119.3838519999999903
11
45.3772289999999998
21
-119.414447999999993
0
LINE
8
BLACK
6
CONTINUOUS
10
47.6782289999999946
20
-113.9125529999999884
11
47.8231180000000009
21
-113.9725679999999954
0
LINE
8
BLACK
6
CONTINUOUS
10
47.8231180000000009
20
-113.9725679999999954
11
47.9535160000000005
21
-114.0596969999999999
0
LINE
8
BLACK
6
CONTINUOUS
10
47.9535160000000005
20
-114.0596969999999999
11
48.0644089999999977
21
-114.17058999999999
0
LINE
8
BLACK
6
CONTINUOUS
10
48.0644089999999977
20
-114.17058999999999
11
48.1515379999999951
21
-114.3009879999999896
0
LINE
8
BLACK
6
CONTINUOUS
10
48.1515379999999951
20
-114.3009879999999896
11
48.211552999999995
21
-114.4458769999999959
0
LINE
8
BLACK
6
CONTINUOUS
10
48.211552999999995
20
-114.4458769999999959
11
48.2421489999999977
21
-114.5996909999999929
0
LINE
8
BLACK
6
CONTINUOUS
10
48.2421489999999977
20
-114.5996909999999929
11
48.2421489999999977
21
-114.7565189999999973
0
LINE
8
BLACK
6
CONTINUOUS
10
48.2421489999999977
20
-114.7565189999999973
11
48.211552999999995
21
-114.9103329999999943
0
LINE
8
BLACK
6
CONTINUOUS
10
48.211552999999995
20
-114.9103329999999943
11
48.1960009999999954
21
-114.9478779999999887
0
LINE
8
BLACK
6
CONTINUOUS
10
48.1960009999999954
20
-114.9478779999999887
11
48.1960009999999954
21
-129.193837000000002
0
LINE
8
BLACK
6
CONTINUOUS
10
48.1960009999999954
20
-129.193837000000002
11
59.4261659999999949
21
-140.4240000000000066
0
LINE
8
BLACK
6
CONTINUOUS
10
59.4261659999999949
20
-140.4240000000000066
11
221.174225999999976
21
-140.4240000000000066
0
LINE
8
BLACK
6
CONTINUOUS
10
221.174225999999976
20
-140.4240000000000066
11
221.2117719999999963
21
-140.4084479999999928
0
LINE
8
BLACK
6
CONTINUOUS
10
221.2117719999999963
20
-140.4084479999999928
11
221.3655859999999791
21
-140.3778519999999901
0
LINE
8
BLACK
6
CONTINUOUS
10
221.3655859999999791
20
-140.3778519999999901
11
221.5224139999999977
21
-140.3778519999999901
0
LINE
8
BLACK
6
CONTINUOUS
10
221.5224139999999977
20
-140.3778519999999901
11
221.6762279999999805
21
-140.4084479999999928
0
LINE
8
BLACK
6
CONTINUOUS
10
221.6762279999999805
20
-140.4084479999999928
11
221.8211169999999868
21
-140.4684629999999856
0
LINE
8
BLACK
6
CONTINUOUS
10
221.8211169999999868
20
-140.4684629999999856
11
221.9515150000000006
21
-140.5555919999999901
0
LINE
8
BLACK
6
CONTINUOUS
10
221.9515150000000006
20
-140.5555919999999901
11
222.0624079999999765
21
-140.6664849999999944
0
LINE
8
BLACK
6
CONTINUOUS
10
222.0624079999999765
20
-140.6664849999999944
11
222.1495369999999809
21
-140.7968829999999798
0
LINE
8
BLACK
6
CONTINUOUS
10
222.1495369999999809
20
-140.7968829999999798
11
222.2095520000000022
21
-140.9417719999999861
0
LINE
8
BLACK
6
CONTINUOUS
10
222.2095520000000022
20
-140.9417719999999861
11
222.2401479999999765
21
-141.0955859999999973
0
LINE
8
BLACK
6
CONTINUOUS
10
222.2401479999999765
20
-141.0955859999999973
11
222.2401479999999765
21
-141.2524139999999875
0
LINE
8
BLACK
6
CONTINUOUS
10
222.2401479999999765
20
-141.2524139999999875
11
222.2095520000000022
21
-141.4062279999999987
0
LINE
8
BLACK
6
CONTINUOUS
10
222.2095520000000022
20
-141.4062279999999987
11
222.1495369999999809
21
-141.551117000000005
0
LINE
8
BLACK
6
CONTINUOUS
10
222.1495369999999809
20
-141.551117000000005
11
222.0624079999999765
21
-141.6815149999999903
0
LINE
8
BLACK
6
CONTINUOUS
10
222.0624079999999765
20
-141.6815149999999903
11
221.9515150000000006
21
-141.7924079999999947
0
LINE
8
BLACK
6
CONTINUOUS
10
221.9515150000000006
20
-141.7924079999999947
11
221.8211169999999868
21
-141.8795369999999991
0
LINE
8
BLACK
6
CONTINUOUS
10
221.8211169999999868
20
-141.8795369999999991
11
221.6762279999999805
21
-141.9395519999999919
0
LINE
8
BLACK
6
CONTINUOUS
10
221.6762279999999805
20
-141.9395519999999919
11
221.5224139999999977
21
-141.9701479999999947
0
LINE
8
BLACK
6
CONTINUOUS
10
221.5224139999999977
20
-141.9701479999999947
11
221.3655859999999791
21
-141.9701479999999947
0
LINE
8
BLACK
6
CONTINUOUS
10
221.3655859999999791
20
-141.9701479999999947
11
221.2117719999999963
21
-141.9395519999999919
0
LINE
8
BLACK
6
CONTINUOUS
10
221.2117719999999963
20
-141.9395519999999919
11
221.174225999999976
21
-141.9240000000000066
0
LINE
8
BLACK
6
CONTINUOUS
10
221.174225999999976
20
-141.9240000000000066
11
59.1155059999999963
21
-141.9240000000000066
0
LINE
8
BLACK
6
CONTINUOUS
10
59.1155059999999963
20
-141.9240000000000066
11
59.0419929999999979
21
-141.9203890000000001
0
LINE
8
BLACK
6
CONTINUOUS
10
59.0419929999999979
20
-141.9203890000000001
11
58.8977930000000001
21
-141.8917059999999992
0
LINE
8
BLACK
6
CONTINUOUS
10
58.8977930000000001
20
-141.8917059999999992
11
58.8182229999999961
21
-141.8587459999999965
0
LINE
8
BLACK
6
CONTINUOUS
10
58.8182229999999961
20
-141.8587459999999965
11
58.7619579999999999
21
-141.835441000000003
0
LINE
8
BLACK
6
CONTINUOUS
10
58.7619579999999999
20
-141.835441000000003
11
58.6397109999999984
21
-141.7537580000000048
0
LINE
8
BLACK
6
CONTINUOUS
10
58.6397109999999984
20
-141.7537580000000048
11
58.585175999999997
21
-141.7043299999999988
0
LINE
8
BLACK
6
CONTINUOUS
10
58.585175999999997
20
-141.7043299999999988
11
46.9156709999999961
21
-130.0348280000000045
0
LINE
8
BLACK
6
CONTINUOUS
10
46.9156709999999961
20
-130.0348280000000045
11
46.8662429999999972
21
-129.980292999999989
0
LINE
8
BLACK
6
CONTINUOUS
10
46.8662429999999972
20
-129.980292999999989
11
46.8308169999999961
21
-129.9272739999999828
0
LINE
8
BLACK
6
CONTINUOUS
10
46.8308169999999961
20
-129.9272739999999828
11
46.784559999999999
21
-129.8580460000000016
0
LINE
8
BLACK
6
CONTINUOUS
10
46.784559999999999
20
-129.8580460000000016
11
46.7387349999999984
21
-129.747413999999992
0
LINE
8
BLACK
6
CONTINUOUS
10
46.7387349999999984
20
-129.747413999999992
11
46.7282949999999957
21
-129.7222109999999873
0
LINE
8
BLACK
6
CONTINUOUS
10
46.7282949999999957
20
-129.7222109999999873
11
46.6996119999999948
21
-129.5780110000000036
0
LINE
8
BLACK
6
CONTINUOUS
10
46.6996119999999948
20
-129.5780110000000036
11
46.6960009999999954
21
-129.5044979999999839
0
LINE
8
BLACK
6
CONTINUOUS
10
46.6960009999999954
20
-129.5044979999999839
11
46.6960009999999954
21
-114.9478779999999887
0
LINE
8
BLACK
6
CONTINUOUS
10
46.6960009999999954
20
-114.9478779999999887
11
46.6804489999999959
21
-114.9103329999999943
0
LINE
8
BLACK
6
CONTINUOUS
10
46.6804489999999959
20
-114.9103329999999943
11
46.6498530000000002
21
-114.7565189999999973
0
LINE
8
BLACK
6
CONTINUOUS
10
46.6498530000000002
20
-114.7565189999999973
11
46.6498530000000002
21
-114.5996909999999929
0
LINE
8
BLACK
6
CONTINUOUS
10
46.6498530000000002
20
-114.5996909999999929
11
46.6804489999999959
21
-114.4458769999999959
0
LINE
8
BLACK
6
CONTINUOUS
10
46.6804489999999959
20
-114.4458769999999959
11
46.7404639999999958
21
-114.3009879999999896
0
LINE
8
BLACK
6
CONTINUOUS
10
46.7404639999999958
20
-114.3009879999999896
11
46.8275930000000002
21
-114.17058999999999
0
LINE
8
BLACK
6
CONTINUOUS
10
46.8275930000000002
20
-114.17058999999999
11
46.9384859999999975
21
-114.0596969999999999
0
LINE
8
BLACK
6
CONTINUOUS
10
46.9384859999999975
20
-114.0596969999999999
11
47.0688839999999971
21
-113.9725679999999954
0
LINE
8
BLACK
6
CONTINUOUS
10
47.0688839999999971
20
-113.9725679999999954
11
47.2137729999999962
21
-113.9125529999999884
0
LINE
8
BLACK
6
CONTINUOUS
10
47.2137729999999962
20
-113.9125529999999884
11
47.3675870000000003
21
-113.8819569999999999
0
LINE
8
BLACK
6
CONTINUOUS
10
47.3675870000000003
20
-113.8819569999999999
11
47.5244149999999976
21
-113.8819569999999999
0
LINE
8
BLACK
6
CONTINUOUS
10
47.5244149999999976
20
-113.8819569999999999
11
47.6782289999999946
21
-113.9125529999999884
0
LINE
8
BLACK
6
CONTINUOUS
10
49.9792279999999991
20
-108.3574479999999909
11
50.1241169999999983
21
-108.4174629999999979
0
LINE
8
BLACK
6
CONTINUOUS
10
50.1241169999999983
20
-108.4174629999999979
11
50.2545149999999978
21
-108.5045919999999882
0
LINE
8
BLACK
6
CONTINUOUS
10
50.2545149999999978
20
-108.5045919999999882
11
50.3654079999999951
21
-108.6154849999999925
0
LINE
8
BLACK
6
CONTINUOUS
10
50.3654079999999951
20
-108.6154849999999925
11
50.4525369999999995
21
-108.7458829999999921
0
LINE
8
BLACK
6
CONTINUOUS
10
50.4525369999999995
20
-108.7458829999999921
11
50.5125519999999995
21
-108.8907719999999983
0
LINE
8
BLACK
6
CONTINUOUS
10
50.5125519999999995
20
-108.8907719999999983
11
50.5431479999999951
21
-109.0445859999999954
0
LINE
8
BLACK
6
CONTINUOUS
10
50.5431479999999951
20
-109.0445859999999954
11
50.5431479999999951
21
-109.2014139999999998
0
LINE
8
BLACK
6
CONTINUOUS
10
50.5431479999999951
20
-109.2014139999999998
11
50.5125519999999995
21
-109.3552279999999968
0
LINE
8
BLACK
6
CONTINUOUS
10
50.5125519999999995
20
-109.3552279999999968
11
50.4969999999999999
21
-109.3927729999999912
0
LINE
8
BLACK
6
CONTINUOUS
10
50.4969999999999999
20
-109.3927729999999912
11
50.4969999999999999
21
-128.2407309999999825
0
LINE
8
BLACK
6
CONTINUOUS
10
50.4969999999999999
20
-128.2407309999999825
11
60.3792709999999957
21
-138.1229999999999905
0
LINE
8
BLACK
6
CONTINUOUS
10
60.3792709999999957
20
-138.1229999999999905
11
221.0502259999999808
21
-138.1229999999999905
0
LINE
8
BLACK
6
CONTINUOUS
10
221.0502259999999808
20
-138.1229999999999905
11
221.0877720000000011
21
-138.1074480000000051
0
LINE
8
BLACK
6
CONTINUOUS
10
221.0877720000000011
20
-138.1074480000000051
11
221.2415859999999839
21
-138.0768520000000024
0
LINE
8
BLACK
6
CONTINUOUS
10
221.2415859999999839
20
-138.0768520000000024
11
221.3984140000000025
21
-138.0768520000000024
0
LINE
8
BLACK
6
CONTINUOUS
10
221.3984140000000025
20
-138.0768520000000024
11
221.5522279999999853
21
-138.1074480000000051
0
LINE
8
BLACK
6
CONTINUOUS
10
221.5522279999999853
20
-138.1074480000000051
11
221.6971169999999915
21
-138.1674629999999979
0
LINE
8
BLACK
6
CONTINUOUS
10
221.6971169999999915
20
-138.1674629999999979
11
221.8275149999999769
21
-138.2545920000000024
0
LINE
8
BLACK
6
CONTINUOUS
10
221.8275149999999769
20
-138.2545920000000024
11
221.9384079999999813
21
-138.3654850000000067
0
LINE
8
BLACK
6
CONTINUOUS
10
221.9384079999999813
20
-138.3654850000000067
11
222.0255369999999857
21
-138.4958829999999921
0
LINE
8
BLACK
6
CONTINUOUS
10
222.0255369999999857
20
-138.4958829999999921
11
222.0855519999999785
21
-138.6407719999999983
0
LINE
8
BLACK
6
CONTINUOUS
10
222.0855519999999785
20
-138.6407719999999983
11
222.1161479999999813
21
-138.7945859999999811
0
LINE
8
BLACK
6
CONTINUOUS
10
222.1161479999999813
20
-138.7945859999999811
11
222.1161479999999813
21
-138.9514139999999998
0
LINE
8
BLACK
6
CONTINUOUS
10
222.1161479999999813
20
-138.9514139999999998
11
222.0855519999999785
21
-139.1052279999999826
0
LINE
8
BLACK
6
CONTINUOUS
10
222.0855519999999785
20
-139.1052279999999826
11
222.0255369999999857
21
-139.2501169999999888
0
LINE
8
BLACK
6
CONTINUOUS
10
222.0255369999999857
20
-139.2501169999999888
11
221.9384079999999813
21
-139.3805150000000026
0
LINE
8
BLACK
6
CONTINUOUS
10
221.9384079999999813
20
-139.3805150000000026
11
221.8275149999999769
21
-139.491408000000007
0
LINE
8
BLACK
6
CONTINUOUS
10
221.8275149999999769
20
-139.491408000000007
11
221.6971169999999915
21
-139.578536999999983
0
LINE
8
BLACK
6
CONTINUOUS
10
221.6971169999999915
20
-139.578536999999983
11
221.5522279999999853
21
-139.6385520000000042
0
LINE
8
BLACK
6
CONTINUOUS
10
221.5522279999999853
20
-139.6385520000000042
11
221.3984140000000025
21
-139.669148000000007
0
LINE
8
BLACK
6
CONTINUOUS
10
221.3984140000000025
20
-139.669148000000007
11
221.2415859999999839
21
-139.669148000000007
0
LINE
8
BLACK
6
CONTINUOUS
10
221.2415859999999839
20
-139.669148000000007
11
221.0877720000000011
21
-139.6385520000000042
0
LINE
8
BLACK
6
CONTINUOUS
10
221.0877720000000011
20
-139.6385520000000042
11
221.0502259999999808
21
-139.6229999999999905
0
LINE
8
BLACK
6
CONTINUOUS
10
221.0502259999999808
20
-139.6229999999999905
11
60.0686109999999971
21
-139.6229999999999905
0
LINE
8
BLACK
6
CONTINUOUS
10
60.0686109999999971
20
-139.6229999999999905
11
59.9950979999999987
21
-139.619388999999984
0
LINE
8
BLACK
6
CONTINUOUS
10
59.9950979999999987
20
-139.619388999999984
11
59.8508980000000008
21
-139.5907059999999831
0
LINE
8
BLACK
6
CONTINUOUS
10
59.8508980000000008
20
-139.5907059999999831
11
59.7713279999999969
21
-139.5577459999999803
0
LINE
8
BLACK
6
CONTINUOUS
10
59.7713279999999969
20
-139.5577459999999803
11
59.7150630000000007
21
-139.5344409999999868
0
LINE
8
BLACK
6
CONTINUOUS
10
59.7150630000000007
20
-139.5344409999999868
11
59.5928159999999991
21
-139.4527579999999887
0
LINE
8
BLACK
6
CONTINUOUS
10
59.5928159999999991
20
-139.4527579999999887
11
59.5382809999999978
21
-139.4033299999999826
0
LINE
8
BLACK
6
CONTINUOUS
10
59.5382809999999978
20
-139.4033299999999826
11
49.2166700000000006
21
-129.081721999999985
0
LINE
8
BLACK
6
CONTINUOUS
10
49.2166700000000006
20
-129.081721999999985
11
49.1672419999999946
21
-129.0271869999999979
0
LINE
8
BLACK
6
CONTINUOUS
10
49.1672419999999946
20
-129.0271869999999979
11
49.1246629999999982
21
-128.9634629999999902
0
LINE
8
BLACK
6
CONTINUOUS
10
49.1246629999999982
20
-128.9634629999999902
11
49.0855589999999964
21
-128.9049399999999821
0
LINE
8
BLACK
6
CONTINUOUS
10
49.0855589999999964
20
-128.9049399999999821
11
49.0599259999999973
21
-128.8430569999999875
0
LINE
8
BLACK
6
CONTINUOUS
10
49.0599259999999973
20
-128.8430569999999875
11
49.0292940000000002
21
-128.7691049999999962
0
LINE
8
BLACK
6
CONTINUOUS
10
49.0292940000000002
20
-128.7691049999999962
11
49.0006109999999993
21
-128.6249049999999841
0
LINE
8
BLACK
6
CONTINUOUS
10
49.0006109999999993
20
-128.6249049999999841
11
48.9969999999999999
21
-128.5513919999999928
0
LINE
8
BLACK
6
CONTINUOUS
10
48.9969999999999999
20
-128.5513919999999928
11
48.9969999999999999
21
-109.3927729999999912
0
LINE
8
BLACK
6
CONTINUOUS
10
48.9969999999999999
20
-109.3927729999999912
11
48.9814480000000003
21
-109.3552279999999968
0
LINE
8
BLACK
6
CONTINUOUS
10
48.9814480000000003
20
-109.3552279999999968
11
48.9508519999999976
21
-109.2014139999999998
0
LINE
8
BLACK
6
CONTINUOUS
10
48.9508519999999976
20
-109.2014139999999998
11
48.9508519999999976
21
-109.0445859999999954
0
LINE
8
BLACK
6
CONTINUOUS
10
48.9508519999999976
20
-109.0445859999999954
11
48.9814480000000003
21
-108.8907719999999983
0
LINE
8
BLACK
6
CONTINUOUS
10
48.9814480000000003
20
-108.8907719999999983
11
49.0414630000000002
21
-108.7458829999999921
0
LINE
8
BLACK
6
CONTINUOUS
10
49.0414630000000002
20
-108.7458829999999921
11
49.1285919999999976
21
-108.6154849999999925
0
LINE
8
BLACK
6
CONTINUOUS
10
49.1285919999999976
20
-108.6154849999999925
11
49.2394849999999948
21
-108.5045919999999882
0
LINE
8
BLACK
6
CONTINUOUS
10
49.2394849999999948
20
-108.5045919999999882
11
49.3698829999999944
21
-108.4174629999999979
0
LINE
8
BLACK
6
CONTINUOUS
10
49.3698829999999944
20
-108.4174629999999979
11
49.5147720000000007
21
-108.3574479999999909
0
LINE
8
BLACK
6
CONTINUOUS
10
49.5147720000000007
20
-108.3574479999999909
11
49.6685859999999977
21
-108.3268519999999882
0
LINE
8
BLACK
6
CONTINUOUS
10
49.6685859999999977
20
-108.3268519999999882
11
49.825413999999995
21
-108.3268519999999882
0
LINE
8
BLACK
6
CONTINUOUS
10
49.825413999999995
20
-108.3268519999999882
11
49.9792279999999991
21
-108.3574479999999909
0
LINE
8
BLACK
6
CONTINUOUS
10
52.2722279999999984
20
-98.874448000000001
11
52.4171169999999975
21
-98.9344629999999938
0
LINE
8
BLACK
6
CONTINUOUS
10
52.4171169999999975
20
-98.9344629999999938
11
52.5475149999999971
21
-99.0215919999999983
0
LINE
8
BLACK
6
CONTINUOUS
10
52.5475149999999971
20
-99.0215919999999983
11
52.6584079999999943
21
-99.1324849999999884
0
LINE
8
BLACK
6
CONTINUOUS
10
52.6584079999999943
20
-99.1324849999999884
11
52.7455369999999988
21
-99.2628830000000022
0
LINE
8
BLACK
6
CONTINUOUS
10
52.7455369999999988
20
-99.2628830000000022
11
52.8055519999999987
21
-99.4077719999999943
0
LINE
8
BLACK
6
CONTINUOUS
10
52.8055519999999987
20
-99.4077719999999943
11
52.8361479999999943
21
-99.5615859999999913
0
LINE
8
BLACK
6
CONTINUOUS
10
52.8361479999999943
20
-99.5615859999999913
11
52.8361479999999943
21
-99.7184139999999957
0
LINE
8
BLACK
6
CONTINUOUS
10
52.8361479999999943
20
-99.7184139999999957
11
52.8055519999999987
21
-99.8722279999999927
0
LINE
8
BLACK
6
CONTINUOUS
10
52.8055519999999987
20
-99.8722279999999927
11
52.7979999999999947
21
-99.8904599999999903
0
LINE
8
BLACK
6
CONTINUOUS
10
52.7979999999999947
20
-99.8904599999999903
11
52.7979999999999947
21
-127.2876249999999914
0
LINE
8
BLACK
6
CONTINUOUS
10
52.7979999999999947
20
-127.2876249999999914
11
61.3323759999999965
21
-135.8220000000000027
0
LINE
8
BLACK
6
CONTINUOUS
10
61.3323759999999965
20
-135.8220000000000027
11
221.0582259999999906
21
-135.8220000000000027
0
LINE
8
BLACK
6
CONTINUOUS
10
221.0582259999999906
20
-135.8220000000000027
11
221.0957719999999824
21
-135.806447999999989
0
LINE
8
BLACK
6
CONTINUOUS
10
221.0957719999999824
20
-135.806447999999989
11
221.2495859999999936
21
-135.7758519999999862
0
LINE
8
BLACK
6
CONTINUOUS
10
221.2495859999999936
20
-135.7758519999999862
11
221.4064139999999838
21
-135.7758519999999862
0
LINE
8
BLACK
6
CONTINUOUS
10
221.4064139999999838
20
-135.7758519999999862
11
221.5602279999999951
21
-135.806447999999989
0
LINE
8
BLACK
6
CONTINUOUS
10
221.5602279999999951
20
-135.806447999999989
11
221.7051170000000013
21
-135.8664629999999818
0
LINE
8
BLACK
6
CONTINUOUS
10
221.7051170000000013
20
-135.8664629999999818
11
221.8355149999999867
21
-135.9535919999999862
0
LINE
8
BLACK
6
CONTINUOUS
10
221.8355149999999867
20
-135.9535919999999862
11
221.946407999999991
21
-136.0644849999999906
0
LINE
8
BLACK
6
CONTINUOUS
10
221.946407999999991
20
-136.0644849999999906
11
222.0335369999999955
21
-136.1948830000000044
0
LINE
8
BLACK
6
CONTINUOUS
10
222.0335369999999955
20
-136.1948830000000044
11
222.0935519999999883
21
-136.3397719999999822
0
LINE
8
BLACK
6
CONTINUOUS
10
222.0935519999999883
20
-136.3397719999999822
11
222.124147999999991
21
-136.4935859999999934
0
LINE
8
BLACK
6
CONTINUOUS
10
222.124147999999991
20
-136.4935859999999934
11
222.124147999999991
21
-136.6504139999999836
0
LINE
8
BLACK
6
CONTINUOUS
10
222.124147999999991
20
-136.6504139999999836
11
222.0935519999999883
21
-136.8042279999999948
0
LINE
8
BLACK
6
CONTINUOUS
10
222.0935519999999883
20
-136.8042279999999948
11
222.0335369999999955
21
-136.9491170000000011
0
LINE
8
BLACK
6
CONTINUOUS
10
222.0335369999999955
20
-136.9491170000000011
11
221.946407999999991
21
-137.0795149999999865
0
LINE
8
BLACK
6
CONTINUOUS
10
221.946407999999991
20
-137.0795149999999865
11
221.8355149999999867
21
-137.1904079999999908
0
LINE
8
BLACK
6
CONTINUOUS
10
221.8355149999999867
20
-137.1904079999999908
11
221.7051170000000013
21
-137.2775369999999953
0
LINE
8
BLACK
6
CONTINUOUS
10
221.7051170000000013
20
-137.2775369999999953
11
221.5602279999999951
21
-137.3375519999999881
0
LINE
8
BLACK
6
CONTINUOUS
10
221.5602279999999951
20
-137.3375519999999881
11
221.4064139999999838
21
-137.3681479999999908
0
LINE
8
BLACK
6
CONTINUOUS
10
221.4064139999999838
20
-137.3681479999999908
11
221.2495859999999936
21
-137.3681479999999908
0
LINE
8
BLACK
6
CONTINUOUS
10
221.2495859999999936
20
-137.3681479999999908
11
221.0957719999999824
21
-137.3375519999999881
0
LINE
8
BLACK
6
CONTINUOUS
10
221.0957719999999824
20
-137.3375519999999881
11
221.0582259999999906
21
-137.3220000000000027
0
LINE
8
BLACK
6
CONTINUOUS
10
221.0582259999999906
20
-137.3220000000000027
11
61.0217159999999978
21
-137.3220000000000027
0
LINE
8
BLACK
6
CONTINUOUS
10
61.0217159999999978
20
-137.3220000000000027
11
60.9482029999999995
21
-137.3183889999999963
0
LINE
8
BLACK
6
CONTINUOUS
10
60.9482029999999995
20
-137.3183889999999963
11
60.804001999999997
21
-137.2897049999999979
0
LINE
8
BLACK
6
CONTINUOUS
10
60.804001999999997
20
-137.2897049999999979
11
60.6681679999999943
21
-137.2334409999999991
0
LINE
8
BLACK
6
CONTINUOUS
10
60.6681679999999943
20
-137.2334409999999991
11
60.5459209999999999
21
-137.1517580000000009
0
LINE
8
BLACK
6
CONTINUOUS
10
60.5459209999999999
20
-137.1517580000000009
11
60.4913859999999985
21
-137.1023299999999949
0
LINE
8
BLACK
6
CONTINUOUS
10
60.4913859999999985
20
-137.1023299999999949
11
51.5176699999999954
21
-128.1286159999999938
0
LINE
8
BLACK
6
CONTINUOUS
10
51.5176699999999954
20
-128.1286159999999938
11
51.4682419999999965
21
-128.0740810000000067
0
LINE
8
BLACK
6
CONTINUOUS
10
51.4682419999999965
20
-128.0740810000000067
11
51.4328159999999954
21
-128.0210620000000006
0
LINE
8
BLACK
6
CONTINUOUS
10
51.4328159999999954
20
-128.0210620000000006
11
51.3865589999999983
21
-127.951833999999991
0
LINE
8
BLACK
6
CONTINUOUS
10
51.3865589999999983
20
-127.951833999999991
11
51.3609259999999992
21
-127.8899509999999964
0
LINE
8
BLACK
6
CONTINUOUS
10
51.3609259999999992
20
-127.8899509999999964
11
51.330293999999995
21
-127.8159989999999908
0
LINE
8
BLACK
6
CONTINUOUS
10
51.330293999999995
20
-127.8159989999999908
11
51.3016110000000012
21
-127.6717989999999929
0
LINE
8
BLACK
6
CONTINUOUS
10
51.3016110000000012
20
-127.6717989999999929
11
51.2979999999999947
21
-127.5982859999999874
0
LINE
8
BLACK
6
CONTINUOUS
10
51.2979999999999947
20
-127.5982859999999874
11
51.2979999999999947
21
-99.9290869999999956
0
LINE
8
BLACK
6
CONTINUOUS
10
51.2979999999999947
20
-99.9290869999999956
11
51.2744479999999996
21
-99.8722279999999927
0
LINE
8
BLACK
6
CONTINUOUS
10
51.2744479999999996
20
-99.8722279999999927
11
51.2438519999999968
21
-99.7184139999999957
0
LINE
8
BLACK
6
CONTINUOUS
10
51.2438519999999968
20
-99.7184139999999957
11
51.2438519999999968
21
-99.5615859999999913
0
LINE
8
BLACK
6
CONTINUOUS
10
51.2438519999999968
20
-99.5615859999999913
11
51.2744479999999996
21
-99.4077719999999943
0
LINE
8
BLACK
6
CONTINUOUS
10
51.2744479999999996
20
-99.4077719999999943
11
51.3344629999999995
21
-99.2628830000000022
0
LINE
8
BLACK
6
CONTINUOUS
10
51.3344629999999995
20
-99.2628830000000022
11
51.4215919999999969
21
-99.1324849999999884
0
LINE
8
BLACK
6
CONTINUOUS
10
51.4215919999999969
20
-99.1324849999999884
11
51.5324850000000012
21
-99.0215919999999983
0
LINE
8
BLACK
6
CONTINUOUS
10
51.5324850000000012
20
-99.0215919999999983
11
51.6628830000000008
21
-98.9344629999999938
0
LINE
8
BLACK
6
CONTINUOUS
10
51.6628830000000008
20
-98.9344629999999938
11
51.8077719999999999
21
-98.874448000000001
0
LINE
8
BLACK
6
CONTINUOUS
10
51.8077719999999999
20
-98.874448000000001
11
51.9615859999999969
21
-98.8438519999999983
0
LINE
8
BLACK
6
CONTINUOUS
10
51.9615859999999969
20
-98.8438519999999983
11
52.1184139999999942
21
-98.8438519999999983
0
LINE
8
BLACK
6
CONTINUOUS
10
52.1184139999999942
20
-98.8438519999999983
11
52.2722279999999984
21
-98.874448000000001
0
LINE
8
BLACK
6
CONTINUOUS
10
198.7222280000000012
20
-119.8444479999999999
11
198.867116999999979
21
-119.9044629999999927
0
LINE
8
BLACK
6
CONTINUOUS
10
198.867116999999979
20
-119.9044629999999927
11
198.9975149999999928
21
-119.9915919999999971
0
LINE
8
BLACK
6
CONTINUOUS
10
198.9975149999999928
20
-119.9915919999999971
11
199.1084079999999972
21
-120.1024850000000015
0
LINE
8
BLACK
6
CONTINUOUS
10
199.1084079999999972
20
-120.1024850000000015
11
199.1955370000000016
21
-120.2328830000000011
0
LINE
8
BLACK
6
CONTINUOUS
10
199.1955370000000016
20
-120.2328830000000011
11
199.2555519999999945
21
-120.3777719999999931
0
LINE
8
BLACK
6
CONTINUOUS
10
199.2555519999999945
20
-120.3777719999999931
11
199.2861479999999972
21
-120.5315859999999901
0
LINE
8
BLACK
6
CONTINUOUS
10
199.2861479999999972
20
-120.5315859999999901
11
199.2861479999999972
21
-120.6884139999999945
0
LINE
8
BLACK
6
CONTINUOUS
10
199.2861479999999972
20
-120.6884139999999945
11
199.2555519999999945
21
-120.8422279999999915
0
LINE
8
BLACK
6
CONTINUOUS
10
199.2555519999999945
20
-120.8422279999999915
11
199.2399999999999807
21
-120.8797730000000001
0
LINE
8
BLACK
6
CONTINUOUS
10
199.2399999999999807
20
-120.8797730000000001
11
199.2399999999999807
21
-134.0012260000000026
0
LINE
8
BLACK
6
CONTINUOUS
10
199.2399999999999807
20
-134.0012260000000026
11
199.2555519999999945
21
-134.0387719999999945
0
LINE
8
BLACK
6
CONTINUOUS
10
199.2555519999999945
20
-134.0387719999999945
11
199.2861479999999972
21
-134.1925860000000057
0
LINE
8
BLACK
6
CONTINUOUS
10
199.2861479999999972
20
-134.1925860000000057
11
199.2861479999999972
21
-134.3494139999999959
0
LINE
8
BLACK
6
CONTINUOUS
10
199.2861479999999972
20
-134.3494139999999959
11
199.2555519999999945
21
-134.5032280000000071
0
LINE
8
BLACK
6
CONTINUOUS
10
199.2555519999999945
20
-134.5032280000000071
11
199.1955370000000016
21
-134.648116999999985
0
LINE
8
BLACK
6
CONTINUOUS
10
199.1955370000000016
20
-134.648116999999985
11
199.1084079999999972
21
-134.7785149999999987
0
LINE
8
BLACK
6
CONTINUOUS
10
199.1084079999999972
20
-134.7785149999999987
11
198.9975149999999928
21
-134.8894080000000031
0
LINE
8
BLACK
6
CONTINUOUS
10
198.9975149999999928
20
-134.8894080000000031
11
198.867116999999979
21
-134.9765370000000075
0
LINE
8
BLACK
6
CONTINUOUS
10
198.867116999999979
20
-134.9765370000000075
11
198.7222280000000012
21
-135.0365520000000004
0
LINE
8
BLACK
6
CONTINUOUS
10
198.7222280000000012
20
-135.0365520000000004
11
198.56841399999999
21
-135.0671480000000031
0
LINE
8
BLACK
6
CONTINUOUS
10
198.56841399999999
20
-135.0671480000000031
11
198.4115859999999998
21
-135.0671480000000031
0
LINE
8
BLACK
6
CONTINUOUS
10
198.4115859999999998
20
-135.0671480000000031
11
198.2577719999999886
21
-135.0365520000000004
0
LINE
8
BLACK
6
CONTINUOUS
10
198.2577719999999886
20
-135.0365520000000004
11
198.1128829999999823
21
-134.9765370000000075
0
LINE
8
BLACK
6
CONTINUOUS
10
198.1128829999999823
20
-134.9765370000000075
11
197.9824849999999969
21
-134.8894080000000031
0
LINE
8
BLACK
6
CONTINUOUS
10
197.9824849999999969
20
-134.8894080000000031
11
197.8715919999999926
21
-134.7785149999999987
0
LINE
8
BLACK
6
CONTINUOUS
10
197.8715919999999926
20
-134.7785149999999987
11
197.7844629999999881
21
-134.648116999999985
0
LINE
8
BLACK
6
CONTINUOUS
10
197.7844629999999881
20
-134.648116999999985
11
197.7244479999999953
21
-134.5032280000000071
0
LINE
8
BLACK
6
CONTINUOUS
10
197.7244479999999953
20
-134.5032280000000071
11
197.6938519999999926
21
-134.3494139999999959
0
LINE
8
BLACK
6
CONTINUOUS
10
197.6938519999999926
20
-134.3494139999999959
11
197.6938519999999926
21
-134.1925860000000057
0
LINE
8
BLACK
6
CONTINUOUS
10
197.6938519999999926
20
-134.1925860000000057
11
197.7244479999999953
21
-134.0387719999999945
0
LINE
8
BLACK
6
CONTINUOUS
10
197.7244479999999953
20
-134.0387719999999945
11
197.7399999999999807
21
-134.0012260000000026
0
LINE
8
BLACK
6
CONTINUOUS
10
197.7399999999999807
20
-134.0012260000000026
11
197.7399999999999807
21
-120.8797730000000001
0
LINE
8
BLACK
6
CONTINUOUS
10
197.7399999999999807
20
-120.8797730000000001
11
197.7244479999999953
21
-120.8422279999999915
0
LINE
8
BLACK
6
CONTINUOUS
10
197.7244479999999953
20
-120.8422279999999915
11
197.6938519999999926
21
-120.6884139999999945
0
LINE
8
BLACK
6
CONTINUOUS
10
197.6938519999999926
20
-120.6884139999999945
11
197.6938519999999926
21
-120.5315859999999901
0
LINE
8
BLACK
6
CONTINUOUS
10
197.6938519999999926
20
-120.5315859999999901
11
197.7244479999999953
21
-120.3777719999999931
0
LINE
8
BLACK
6
CONTINUOUS
10
197.7244479999999953
20
-120.3777719999999931
11
197.7844629999999881
21
-120.2328830000000011
0
LINE
8
BLACK
6
CONTINUOUS
10
197.7844629999999881
20
-120.2328830000000011
11
197.8715919999999926
21
-120.1024850000000015
0
LINE
8
BLACK
6
CONTINUOUS
10
197.8715919999999926
20
-120.1024850000000015
11
197.9824849999999969
21
-119.9915919999999971
0
LINE
8
BLACK
6
CONTINUOUS
10
197.9824849999999969
20
-119.9915919999999971
11
198.1128829999999823
21
-119.9044629999999927
0
LINE
8
BLACK
6
CONTINUOUS
10
198.1128829999999823
20
-119.9044629999999927
11
198.2577719999999886
21
-119.8444479999999999
0
LINE
8
BLACK
6
CONTINUOUS
10
198.2577719999999886
20
-119.8444479999999999
11
198.4115859999999998
21
-119.8138519999999971
0
LINE
8
BLACK
6
CONTINUOUS
10
198.4115859999999998
20
-119.8138519999999971
11
198.56841399999999
21
-119.8138519999999971
0
LINE
8
BLACK
6
CONTINUOUS
10
198.56841399999999
20
-119.8138519999999971
11
198.7222280000000012
21
-119.8444479999999999
0
LINE
8
BLACK
6
CONTINUOUS
10
54.5812279999999959
20
-92.1534479999999974
11
54.726116999999995
21
-92.2134629999999902
0
LINE
8
BLACK
6
CONTINUOUS
10
54.726116999999995
20
-92.2134629999999902
11
54.8565149999999946
21
-92.3005919999999946
0
LINE
8
BLACK
6
CONTINUOUS
10
54.8565149999999946
20
-92.3005919999999946
11
54.9674079999999989
21
-92.411484999999999
0
LINE
8
BLACK
6
CONTINUOUS
10
54.9674079999999989
20
-92.411484999999999
11
55.0545369999999963
21
-92.5418829999999986
0
LINE
8
BLACK
6
CONTINUOUS
10
55.0545369999999963
20
-92.5418829999999986
11
55.1145519999999962
21
-92.6867719999999906
0
LINE
8
BLACK
6
CONTINUOUS
10
55.1145519999999962
20
-92.6867719999999906
11
55.1451479999999989
21
-92.8405860000000018
0
LINE
8
BLACK
6
CONTINUOUS
10
55.1451479999999989
20
-92.8405860000000018
11
55.1451479999999989
21
-92.997413999999992
0
LINE
8
BLACK
6
CONTINUOUS
10
55.1451479999999989
20
-92.997413999999992
11
55.1145519999999962
21
-93.151227999999989
0
LINE
8
BLACK
6
CONTINUOUS
10
55.1145519999999962
20
-93.151227999999989
11
55.0989999999999966
21
-93.1887729999999976
0
LINE
8
BLACK
6
CONTINUOUS
10
55.0989999999999966
20
-93.1887729999999976
11
55.0989999999999966
21
-126.3345190000000002
0
LINE
8
BLACK
6
CONTINUOUS
10
55.0989999999999966
20
-126.3345190000000002
11
62.2854809999999972
21
-133.5209999999999866
0
LINE
8
BLACK
6
CONTINUOUS
10
62.2854809999999972
20
-133.5209999999999866
11
188.1745200000000011
21
-133.5209999999999866
0
LINE
8
BLACK
6
CONTINUOUS
10
188.1745200000000011
20
-133.5209999999999866
11
195.4110000000000014
21
-126.2845189999999889
0
LINE
8
BLACK
6
CONTINUOUS
10
195.4110000000000014
20
-126.2845189999999889
11
195.4110000000000014
21
-103.8575539999999933
0
LINE
8
BLACK
6
CONTINUOUS
10
195.4110000000000014
20
-103.8575539999999933
11
186.9934459999999774
21
-95.4399999999999977
0
LINE
8
BLACK
6
CONTINUOUS
10
186.9934459999999774
20
-95.4399999999999977
11
179.6399999999999864
21
-95.4399999999999977
0
LINE
8
BLACK
6
CONTINUOUS
10
179.6399999999999864
20
-95.4399999999999977
11
174.8649999999999807
21
-95.4399999999999977
0
LINE
8
BLACK
6
CONTINUOUS
10
174.8649999999999807
20
-95.4399999999999977
11
174.7788960000000031
21
-95.4228729999999956
0
LINE
8
BLACK
6
CONTINUOUS
10
174.7788960000000031
20
-95.4228729999999956
11
174.705900999999983
21
-95.3740990000000011
0
LINE
8
BLACK
6
CONTINUOUS
10
174.705900999999983
20
-95.3740990000000011
11
174.6571270000000027
21
-95.3011039999999952
0
LINE
8
BLACK
6
CONTINUOUS
10
174.6571270000000027
20
-95.3011039999999952
11
174.6399999999999864
21
-95.2149999999999892
0
LINE
8
BLACK
6
CONTINUOUS
10
174.6399999999999864
20
-95.2149999999999892
11
174.6399999999999864
21
-94.164999999999992
0
LINE
8
BLACK
6
CONTINUOUS
10
174.6399999999999864
20
-94.164999999999992
11
174.6571270000000027
21
-94.0788960000000003
0
LINE
8
BLACK
6
CONTINUOUS
10
174.6571270000000027
20
-94.0788960000000003
11
174.705900999999983
21
-94.0059009999999944
0
LINE
8
BLACK
6
CONTINUOUS
10
174.705900999999983
20
-94.0059009999999944
11
174.7788960000000031
21
-93.9571269999999998
0
LINE
8
BLACK
6
CONTINUOUS
10
174.7788960000000031
20
-93.9571269999999998
11
174.8649999999999807
21
-93.9399999999999977
0
LINE
8
BLACK
6
CONTINUOUS
10
174.8649999999999807
20
-93.9399999999999977
11
184.414999999999992
21
-93.9399999999999977
0
LINE
8
BLACK
6
CONTINUOUS
10
184.414999999999992
20
-93.9399999999999977
11
187.3041059999999902
21
-93.9399999999999977
0
LINE
8
BLACK
6
CONTINUOUS
10
187.3041059999999902
20
-93.9399999999999977
11
187.3776189999999815
21
-93.94361099999999
0
LINE
8
BLACK
6
CONTINUOUS
10
187.3776189999999815
20
-93.94361099999999
11
187.5218189999999936
21
-93.9722939999999909
0
LINE
8
BLACK
6
CONTINUOUS
10
187.5218189999999936
20
-93.9722939999999909
11
187.6013889999999833
21
-94.0052529999999962
0
LINE
8
BLACK
6
CONTINUOUS
10
187.6013889999999833
20
-94.0052529999999962
11
187.6576539999999795
21
-94.0285590000000013
0
LINE
8
BLACK
6
CONTINUOUS
10
187.6576539999999795
20
-94.0285590000000013
11
187.7220569999999782
21
-94.0715919999999954
0
LINE
8
BLACK
6
CONTINUOUS
10
187.7220569999999782
20
-94.0715919999999954
11
187.7799009999999953
21
-94.1102419999999995
0
LINE
8
BLACK
6
CONTINUOUS
10
187.7799009999999953
20
-94.1102419999999995
11
187.8344359999999824
21
-94.1596699999999913
0
LINE
8
BLACK
6
CONTINUOUS
10
187.8344359999999824
20
-94.1596699999999913
11
196.6913299999999936
21
-103.0165639999999883
0
LINE
8
BLACK
6
CONTINUOUS
10
196.6913299999999936
20
-103.0165639999999883
11
196.7407589999999971
21
-103.0710989999999896
0
LINE
8
BLACK
6
CONTINUOUS
10
196.7407589999999971
20
-103.0710989999999896
11
196.7897229999999809
21
-103.1443809999999957
0
LINE
8
BLACK
6
CONTINUOUS
10
196.7897229999999809
20
-103.1443809999999957
11
196.8224409999999978
21
-103.1933459999999911
0
LINE
8
BLACK
6
CONTINUOUS
10
196.8224409999999978
20
-103.1933459999999911
11
196.8224409999999978
21
-103.1933469999999886
0
LINE
8
BLACK
6
CONTINUOUS
10
196.8224409999999978
20
-103.1933469999999886
11
196.878705999999994
21
-103.3291809999999913
0
LINE
8
BLACK
6
CONTINUOUS
10
196.878705999999994
20
-103.3291809999999913
11
196.8995259999999803
21
-103.4338520000000017
0
LINE
8
BLACK
6
CONTINUOUS
10
196.8995259999999803
20
-103.4338520000000017
11
196.9073889999999949
21
-103.4733809999999892
0
LINE
8
BLACK
6
CONTINUOUS
10
196.9073889999999949
20
-103.4733809999999892
11
196.9110000000000014
21
-103.5468939999999947
0
LINE
8
BLACK
6
CONTINUOUS
10
196.9110000000000014
20
-103.5468939999999947
11
196.9110000000000014
21
-126.5951789999999875
0
LINE
8
BLACK
6
CONTINUOUS
10
196.9110000000000014
20
-126.5951789999999875
11
196.9073889999999949
21
-126.668691999999993
0
LINE
8
BLACK
6
CONTINUOUS
10
196.9073889999999949
20
-126.668691999999993
11
196.8787049999999965
21
-126.8128929999999883
0
LINE
8
BLACK
6
CONTINUOUS
10
196.8787049999999965
20
-126.8128929999999883
11
196.8224409999999978
21
-126.948726999999991
0
LINE
8
BLACK
6
CONTINUOUS
10
196.8224409999999978
20
-126.948726999999991
11
196.7890319999999917
21
-126.9987269999999882
0
LINE
8
BLACK
6
CONTINUOUS
10
196.7890319999999917
20
-126.9987269999999882
11
196.7407579999999996
21
-127.0709739999999925
0
LINE
8
BLACK
6
CONTINUOUS
10
196.7407579999999996
20
-127.0709739999999925
11
196.6913299999999936
21
-127.1255089999999939
0
LINE
8
BLACK
6
CONTINUOUS
10
196.6913299999999936
20
-127.1255089999999939
11
189.0155099999999777
21
-134.8013300000000072
0
LINE
8
BLACK
6
CONTINUOUS
10
189.0155099999999777
20
-134.8013300000000072
11
188.9609749999999906
21
-134.8507579999999848
0
LINE
8
BLACK
6
CONTINUOUS
10
188.9609749999999906
20
-134.8507579999999848
11
188.8387280000000032
21
-134.932440999999983
0
LINE
8
BLACK
6
CONTINUOUS
10
188.8387280000000032
20
-134.932440999999983
11
188.7824629999999786
21
-134.9557460000000049
0
LINE
8
BLACK
6
CONTINUOUS
10
188.7824629999999786
20
-134.9557460000000049
11
188.7028929999999889
21
-134.9887060000000076
0
LINE
8
BLACK
6
CONTINUOUS
10
188.7028929999999889
20
-134.9887060000000076
11
188.5586930000000052
21
-135.0173889999999801
0
LINE
8
BLACK
6
CONTINUOUS
10
188.5586930000000052
20
-135.0173889999999801
11
188.4851799999999855
21
-135.0209999999999866
0
LINE
8
BLACK
6
CONTINUOUS
10
188.4851799999999855
20
-135.0209999999999866
11
61.9748209999999986
21
-135.0209999999999866
0
LINE
8
BLACK
6
CONTINUOUS
10
61.9748209999999986
20
-135.0209999999999866
11
61.9013080000000002
21
-135.0173889999999801
0
LINE
8
BLACK
6
CONTINUOUS
10
61.9013080000000002
20
-135.0173889999999801
11
61.7571079999999952
21
-134.9887060000000076
0
LINE
8
BLACK
6
CONTINUOUS
10
61.7571079999999952
20
-134.9887060000000076
11
61.6775379999999984
21
-134.9557460000000049
0
LINE
8
BLACK
6
CONTINUOUS
10
61.6775379999999984
20
-134.9557460000000049
11
61.6212729999999951
21
-134.932440999999983
0
LINE
8
BLACK
6
CONTINUOUS
10
61.6212729999999951
20
-134.932440999999983
11
61.4990260000000006
21
-134.8507579999999848
0
LINE
8
BLACK
6
CONTINUOUS
10
61.4990260000000006
20
-134.8507579999999848
11
61.4444909999999993
21
-134.8013300000000072
0
LINE
8
BLACK
6
CONTINUOUS
10
61.4444909999999993
20
-134.8013300000000072
11
53.8186699999999973
21
-127.1755099999999885
0
LINE
8
BLACK
6
CONTINUOUS
10
53.8186699999999973
20
-127.1755099999999885
11
53.7692419999999984
21
-127.1209749999999872
0
LINE
8
BLACK
6
CONTINUOUS
10
53.7692419999999984
20
-127.1209749999999872
11
53.6875590000000003
21
-126.9987279999999998
0
LINE
8
BLACK
6
CONTINUOUS
10
53.6875590000000003
20
-126.9987279999999998
11
53.661925999999994
21
-126.936844999999991
0
LINE
8
BLACK
6
CONTINUOUS
10
53.661925999999994
20
-126.936844999999991
11
53.6312939999999969
21
-126.8628929999999997
0
LINE
8
BLACK
6
CONTINUOUS
10
53.6312939999999969
20
-126.8628929999999997
11
53.602610999999996
21
-126.7186929999999876
0
LINE
8
BLACK
6
CONTINUOUS
10
53.602610999999996
20
-126.7186929999999876
11
53.5989999999999966
21
-126.6451799999999963
0
LINE
8
BLACK
6
CONTINUOUS
10
53.5989999999999966
20
-126.6451799999999963
11
53.5989999999999966
21
-93.1887729999999976
0
LINE
8
BLACK
6
CONTINUOUS
10
53.5989999999999966
20
-93.1887729999999976
11
53.5834479999999971
21
-93.151227999999989
0
LINE
8
BLACK
6
CONTINUOUS
10
53.5834479999999971
20
-93.151227999999989
11
53.5528519999999943
21
-92.997413999999992
0
LINE
8
BLACK
6
CONTINUOUS
10
53.5528519999999943
20
-92.997413999999992
11
53.5528519999999943
21
-92.8405860000000018
0
LINE
8
BLACK
6
CONTINUOUS
10
53.5528519999999943
20
-92.8405860000000018
11
53.5834479999999971
21
-92.6867719999999906
0
LINE
8
BLACK
6
CONTINUOUS
10
53.5834479999999971
20
-92.6867719999999906
11
53.643462999999997
21
-92.5418829999999986
0
LINE
8
BLACK
6
CONTINUOUS
10
53.643462999999997
20
-92.5418829999999986
11
53.7305919999999944
21
-92.411484999999999
0
LINE
8
BLACK
6
CONTINUOUS
10
53.7305919999999944
20
-92.411484999999999
11
53.8414849999999987
21
-92.3005919999999946
0
LINE
8
BLACK
6
CONTINUOUS
10
53.8414849999999987
20
-92.3005919999999946
11
53.9718829999999983
21
-92.2134629999999902
0
LINE
8
BLACK
6
CONTINUOUS
10
53.9718829999999983
20
-92.2134629999999902
11
54.1167719999999974
21
-92.1534479999999974
0
LINE
8
BLACK
6
CONTINUOUS
10
54.1167719999999974
20
-92.1534479999999974
11
54.2705859999999944
21
-92.1228519999999946
0
LINE
8
BLACK
6
CONTINUOUS
10
54.2705859999999944
20
-92.1228519999999946
11
54.4274139999999989
21
-92.1228519999999946
0
LINE
8
BLACK
6
CONTINUOUS
10
54.4274139999999989
20
-92.1228519999999946
11
54.5812279999999959
21
-92.1534479999999974
0
LINE
8
BLACK
6
CONTINUOUS
10
70.8199999999999932
20
-73.6199999999999903
11
75.5949999999999989
21
-73.6199999999999903
0
LINE
8
BLACK
6
CONTINUOUS
10
75.5949999999999989
20
-73.6199999999999903
11
75.6811039999999906
21
-73.6371269999999924
0
LINE
8
BLACK
6
CONTINUOUS
10
75.6811039999999906
20
-73.6371269999999924
11
75.7540989999999965
21
-73.6859010000000012
0
LINE
8
BLACK
6
CONTINUOUS
10
75.7540989999999965
20
-73.6859010000000012
11
75.8028729999999911
21
-73.7588959999999929
0
LINE
8
BLACK
6
CONTINUOUS
10
75.8028729999999911
20
-73.7588959999999929
11
75.8199999999999932
21
-73.8449999999999989
0
LINE
8
BLACK
6
CONTINUOUS
10
75.8199999999999932
20
-73.8449999999999989
11
75.8199999999999932
21
-74.894999999999996
0
LINE
8
BLACK
6
CONTINUOUS
10
75.8199999999999932
20
-74.894999999999996
11
75.8028729999999911
21
-74.981104000000002
0
LINE
8
BLACK
6
CONTINUOUS
10
75.8028729999999911
20
-74.981104000000002
11
75.7540989999999965
21
-75.0540989999999937
0
LINE
8
BLACK
6
CONTINUOUS
10
75.7540989999999965
20
-75.0540989999999937
11
75.6811039999999906
21
-75.1028730000000024
0
LINE
8
BLACK
6
CONTINUOUS
10
75.6811039999999906
20
-75.1028730000000024
11
75.5949999999999989
21
-75.1199999999999903
0
LINE
8
BLACK
6
CONTINUOUS
10
75.5949999999999989
20
-75.1199999999999903
11
66.0450000000000017
21
-75.1199999999999903
0
LINE
8
BLACK
6
CONTINUOUS
10
66.0450000000000017
20
-75.1199999999999903
11
62.0406599999999955
21
-75.1199999999999903
0
LINE
8
BLACK
6
CONTINUOUS
10
62.0406599999999955
20
-75.1199999999999903
11
57.3999999999999986
21
-79.7606600000000014
0
LINE
8
BLACK
6
CONTINUOUS
10
57.3999999999999986
20
-79.7606600000000014
11
57.3999999999999986
21
-125.3814139999999924
0
LINE
8
BLACK
6
CONTINUOUS
10
57.3999999999999986
20
-125.3814139999999924
11
63.238585999999998
21
-131.2199999999999989
0
LINE
8
BLACK
6
CONTINUOUS
10
63.238585999999998
20
-131.2199999999999989
11
187.2214139999999816
21
-131.2199999999999989
0
LINE
8
BLACK
6
CONTINUOUS
10
187.2214139999999816
20
-131.2199999999999989
11
193.1099999999999852
21
-125.3314139999999952
0
LINE
8
BLACK
6
CONTINUOUS
10
193.1099999999999852
20
-125.3314139999999952
11
193.1099999999999852
21
-104.8106599999999986
0
LINE
8
BLACK
6
CONTINUOUS
10
193.1099999999999852
20
-104.8106599999999986
11
188.8193399999999826
21
-100.519999999999996
0
LINE
8
BLACK
6
CONTINUOUS
10
188.8193399999999826
20
-100.519999999999996
11
179.6399999999999864
21
-100.519999999999996
0
LINE
8
BLACK
6
CONTINUOUS
10
179.6399999999999864
20
-100.519999999999996
11
174.8649999999999807
21
-100.519999999999996
0
LINE
8
BLACK
6
CONTINUOUS
10
174.8649999999999807
20
-100.519999999999996
11
174.7788960000000031
21
-100.5028729999999939
0
LINE
8
BLACK
6
CONTINUOUS
10
174.7788960000000031
20
-100.5028729999999939
11
174.705900999999983
21
-100.4540989999999994
0
LINE
8
BLACK
6
CONTINUOUS
10
174.705900999999983
20
-100.4540989999999994
11
174.6571270000000027
21
-100.3811039999999934
0
LINE
8
BLACK
6
CONTINUOUS
10
174.6571270000000027
20
-100.3811039999999934
11
174.6399999999999864
21
-100.2950000000000017
0
LINE
8
BLACK
6
CONTINUOUS
10
174.6399999999999864
20
-100.2950000000000017
11
174.6399999999999864
21
-99.2449999999999903
0
LINE
8
BLACK
6
CONTINUOUS
10
174.6399999999999864
20
-99.2449999999999903
11
174.6571270000000027
21
-99.1588959999999986
0
LINE
8
BLACK
6
CONTINUOUS
10
174.6571270000000027
20
-99.1588959999999986
11
174.705900999999983
21
-99.0859009999999927
0
LINE
8
BLACK
6
CONTINUOUS
10
174.705900999999983
20
-99.0859009999999927
11
174.7788960000000031
21
-99.0371269999999981
0
LINE
8
BLACK
6
CONTINUOUS
10
174.7788960000000031
20
-99.0371269999999981
11
174.8649999999999807
21
-99.019999999999996
0
LINE
8
BLACK
6
CONTINUOUS
10
174.8649999999999807
20
-99.019999999999996
11
184.414999999999992
21
-99.019999999999996
0
LINE
8
BLACK
6
CONTINUOUS
10
184.414999999999992
20
-99.019999999999996
11
189.1299999999999955
21
-99.019999999999996
0
LINE
8
BLACK
6
CONTINUOUS
10
189.1299999999999955
20
-99.019999999999996
11
189.2035129999999867
21
-99.0236110000000025
0
LINE
8
BLACK
6
CONTINUOUS
10
189.2035129999999867
20
-99.0236110000000025
11
189.3477129999999988
21
-99.0522939999999892
0
LINE
8
BLACK
6
CONTINUOUS
10
189.3477129999999988
20
-99.0522939999999892
11
189.3942869999999914
21
-99.0715859999999964
0
LINE
8
BLACK
6
CONTINUOUS
10
189.3942869999999914
20
-99.0715859999999964
11
189.4835479999999848
21
-99.1085589999999996
0
LINE
8
BLACK
6
CONTINUOUS
10
189.4835479999999848
20
-99.1085589999999996
11
189.5588819999999828
21
-99.1588959999999986
0
LINE
8
BLACK
6
CONTINUOUS
10
189.5588819999999828
20
-99.1588959999999986
11
189.6057950000000005
21
-99.1902419999999978
0
LINE
8
BLACK
6
CONTINUOUS
10
189.6057950000000005
20
-99.1902419999999978
11
189.6603299999999876
21
-99.2396699999999896
0
LINE
8
BLACK
6
CONTINUOUS
10
189.6603299999999876
20
-99.2396699999999896
11
194.3903299999999774
21
-103.9696699999999936
0
LINE
8
BLACK
6
CONTINUOUS
10
194.3903299999999774
20
-103.9696699999999936
11
194.4397579999999834
21
-104.0242049999999949
0
LINE
8
BLACK
6
CONTINUOUS
10
194.4397579999999834
20
-104.0242049999999949
11
194.5214409999999816
21
-104.1464519999999965
0
LINE
8
BLACK
6
CONTINUOUS
10
194.5214409999999816
20
-104.1464519999999965
11
194.5777049999999804
21
-104.2822859999999991
0
LINE
8
BLACK
6
CONTINUOUS
10
194.5777049999999804
20
-104.2822859999999991
11
194.6063889999999788
21
-104.4264869999999945
0
LINE
8
BLACK
6
CONTINUOUS
10
194.6063889999999788
20
-104.4264869999999945
11
194.6099999999999852
21
-104.5
0
LINE
8
BLACK
6
CONTINUOUS
10
194.6099999999999852
20
-104.5
11
194.6099999999999852
21
-125.6420739999999938
0
LINE
8
BLACK
6
CONTINUOUS
10
194.6099999999999852
20
-125.6420739999999938
11
194.6063889999999788
21
-125.7155869999999993
0
LINE
8
BLACK
6
CONTINUOUS
10
194.6063889999999788
20
-125.7155869999999993
11
194.5777059999999778
21
-125.8597869999999972
0
LINE
8
BLACK
6
CONTINUOUS
10
194.5777059999999778
20
-125.8597869999999972
11
194.5496689999999944
21
-125.9274739999999895
0
LINE
8
BLACK
6
CONTINUOUS
10
194.5496689999999944
20
-125.9274739999999895
11
194.5214409999999816
21
-125.9956219999999973
0
LINE
8
BLACK
6
CONTINUOUS
10
194.5214409999999816
20
-125.9956219999999973
11
194.488032000000004
21
-126.0456219999999945
0
LINE
8
BLACK
6
CONTINUOUS
10
194.488032000000004
20
-126.0456219999999945
11
194.4397579999999834
21
-126.1178689999999989
0
LINE
8
BLACK
6
CONTINUOUS
10
194.4397579999999834
20
-126.1178689999999989
11
194.3903299999999774
21
-126.1724040000000002
0
LINE
8
BLACK
6
CONTINUOUS
10
194.3903299999999774
20
-126.1724040000000002
11
188.0624039999999866
21
-132.5003299999999911
0
LINE
8
BLACK
6
CONTINUOUS
10
188.0624039999999866
20
-132.5003299999999911
11
188.0078689999999995
21
-132.5497579999999971
0
LINE
8
BLACK
6
CONTINUOUS
10
188.0078689999999995
20
-132.5497579999999971
11
187.8856219999999837
21
-132.6314409999999953
0
LINE
8
BLACK
6
CONTINUOUS
10
187.8856219999999837
20
-132.6314409999999953
11
187.8293569999999875
21
-132.6547459999999887
0
LINE
8
BLACK
6
CONTINUOUS
10
187.8293569999999875
20
-132.6547459999999887
11
187.7497869999999978
21
-132.6877059999999915
0
LINE
8
BLACK
6
CONTINUOUS
10
187.7497869999999978
20
-132.6877059999999915
11
187.6055869999999857
21
-132.7163889999999924
0
LINE
8
BLACK
6
CONTINUOUS
10
187.6055869999999857
20
-132.7163889999999924
11
187.5320739999999944
21
-132.7199999999999989
0
LINE
8
BLACK
6
CONTINUOUS
10
187.5320739999999944
20
-132.7199999999999989
11
62.9279259999999994
21
-132.7199999999999989
0
LINE
8
BLACK
6
CONTINUOUS
10
62.9279259999999994
20
-132.7199999999999989
11
62.8544129999999939
21
-132.7163889999999924
0
LINE
8
BLACK
6
CONTINUOUS
10
62.8544129999999939
20
-132.7163889999999924
11
62.710212999999996
21
-132.6877059999999915
0
LINE
8
BLACK
6
CONTINUOUS
10
62.710212999999996
20
-132.6877059999999915
11
62.6306429999999992
21
-132.6547459999999887
0
LINE
8
BLACK
6
CONTINUOUS
10
62.6306429999999992
20
-132.6547459999999887
11
62.5743779999999958
21
-132.6314409999999953
0
LINE
8
BLACK
6
CONTINUOUS
10
62.5743779999999958
20
-132.6314409999999953
11
62.4521309999999943
21
-132.5497579999999971
0
LINE
8
BLACK
6
CONTINUOUS
10
62.4521309999999943
20
-132.5497579999999971
11
62.3975960000000001
21
-132.5003299999999911
0
LINE
8
BLACK
6
CONTINUOUS
10
62.3975960000000001
20
-132.5003299999999911
11
56.1196699999999993
21
-126.2224039999999974
0
LINE
8
BLACK
6
CONTINUOUS
10
56.1196699999999993
20
-126.2224039999999974
11
56.0702420000000004
21
-126.167868999999996
0
LINE
8
BLACK
6
CONTINUOUS
10
56.0702420000000004
20
-126.167868999999996
11
55.9885589999999951
21
-126.0456219999999945
0
LINE
8
BLACK
6
CONTINUOUS
10
55.9885589999999951
20
-126.0456219999999945
11
55.9422149999999974
21
-125.9337379999999911
0
LINE
8
BLACK
6
CONTINUOUS
10
55.9422149999999974
20
-125.9337379999999911
11
55.9322939999999988
21
-125.9097869999999944
0
LINE
8
BLACK
6
CONTINUOUS
10
55.9322939999999988
20
-125.9097869999999944
11
55.9036109999999979
21
-125.7655869999999965
0
LINE
8
BLACK
6
CONTINUOUS
10
55.9036109999999979
20
-125.7655869999999965
11
55.8999999999999986
21
-125.692073999999991
0
LINE
8
BLACK
6
CONTINUOUS
10
55.8999999999999986
20
-125.692073999999991
11
55.8999999999999986
21
-79.4500000000000028
0
LINE
8
BLACK
6
CONTINUOUS
10
55.8999999999999986
20
-79.4500000000000028
11
55.9036109999999979
21
-79.3764869999999974
0
LINE
8
BLACK
6
CONTINUOUS
10
55.9036109999999979
20
-79.3764869999999974
11
55.9078850000000003
21
-79.3549999999999898
0
LINE
8
BLACK
6
CONTINUOUS
10
55.9078850000000003
20
-79.3549999999999898
11
55.9322939999999988
21
-79.2322869999999995
0
LINE
8
BLACK
6
CONTINUOUS
10
55.9322939999999988
20
-79.2322869999999995
11
55.9885589999999951
21
-79.0964529999999968
0
LINE
8
BLACK
6
CONTINUOUS
10
55.9885589999999951
20
-79.0964529999999968
11
55.9885589999999951
21
-79.0964519999999993
0
LINE
8
BLACK
6
CONTINUOUS
10
55.9885589999999951
20
-79.0964519999999993
11
56.0702420000000004
21
-78.9742049999999978
0
LINE
8
BLACK
6
CONTINUOUS
10
56.0702420000000004
20
-78.9742049999999978
11
56.1196699999999993
21
-78.9196699999999964
0
LINE
8
BLACK
6
CONTINUOUS
10
56.1196699999999993
20
-78.9196699999999964
11
61.1996699999999976
21
-73.8396699999999981
0
LINE
8
BLACK
6
CONTINUOUS
10
61.1996699999999976
20
-73.8396699999999981
11
61.2542049999999989
21
-73.7902419999999921
0
LINE
8
BLACK
6
CONTINUOUS
10
61.2542049999999989
20
-73.7902419999999921
11
61.3011179999999953
21
-73.7588959999999929
0
LINE
8
BLACK
6
CONTINUOUS
10
61.3011179999999953
20
-73.7588959999999929
11
61.3764520000000005
21
-73.7085589999999939
0
LINE
8
BLACK
6
CONTINUOUS
10
61.3764520000000005
20
-73.7085589999999939
11
61.4327169999999967
21
-73.685253000000003
0
LINE
8
BLACK
6
CONTINUOUS
10
61.4327169999999967
20
-73.685253000000003
11
61.5122870000000006
21
-73.6522939999999977
0
LINE
8
BLACK
6
CONTINUOUS
10
61.5122870000000006
20
-73.6522939999999977
11
61.6564869999999985
21
-73.6236109999999968
0
LINE
8
BLACK
6
CONTINUOUS
10
61.6564869999999985
20
-73.6236109999999968
11
61.7299999999999969
21
-73.6199999999999903
0
LINE
8
BLACK
6
CONTINUOUS
10
61.7299999999999969
20
-73.6199999999999903
11
70.8199999999999932
21
-73.6199999999999903
0
LINE
8
BLACK
6
CONTINUOUS
10
105.5949999999999989
20
-116.7999999999999972
11
113.2309999999999945
21
-116.7999999999999972
0
LINE
8
BLACK
6
CONTINUOUS
10
113.2309999999999945
20
-116.7999999999999972
11
113.304513
21
-116.8036109999999894
0
LINE
8
BLACK
6
CONTINUOUS
10
113.304513
20
-116.8036109999999894
11
113.4487129999999979
21
-116.8322939999999903
0
LINE
8
BLACK
6
CONTINUOUS
10
113.4487129999999979
20
-116.8322939999999903
11
113.5282830000000018
21
-116.8652529999999956
0
LINE
8
BLACK
6
CONTINUOUS
10
113.5282830000000018
20
-116.8652529999999956
11
113.5845479999999981
21
-116.8885590000000008
0
LINE
8
BLACK
6
CONTINUOUS
10
113.5845479999999981
20
-116.8885590000000008
11
113.6489509999999967
21
-116.9315919999999949
0
LINE
8
BLACK
6
CONTINUOUS
10
113.6489509999999967
20
-116.9315919999999949
11
113.7067949999999996
21
-116.9702419999999989
0
LINE
8
BLACK
6
CONTINUOUS
10
113.7067949999999996
20
-116.9702419999999989
11
113.761330000000001
21
-117.0196699999999908
0
LINE
8
BLACK
6
CONTINUOUS
10
113.761330000000001
20
-117.0196699999999908
11
125.6895699999999891
21
-128.9479100000000074
0
LINE
8
BLACK
6
CONTINUOUS
10
125.6895699999999891
20
-128.9479100000000074
11
125.7271169999999927
21
-128.9634629999999902
0
LINE
8
BLACK
6
CONTINUOUS
10
125.7271169999999927
20
-128.9634629999999902
11
125.8575149999999923
21
-129.0505919999999946
0
LINE
8
BLACK
6
CONTINUOUS
10
125.8575149999999923
20
-129.0505919999999946
11
125.9684079999999966
21
-129.161484999999999
0
LINE
8
BLACK
6
CONTINUOUS
10
125.9684079999999966
20
-129.161484999999999
11
126.0555370000000011
21
-129.2918829999999843
0
LINE
8
BLACK
6
CONTINUOUS
10
126.0555370000000011
20
-129.2918829999999843
11
126.1155519999999939
21
-129.4367719999999906
0
LINE
8
BLACK
6
CONTINUOUS
10
126.1155519999999939
20
-129.4367719999999906
11
126.1461479999999966
21
-129.5905860000000018
0
LINE
8
BLACK
6
CONTINUOUS
10
126.1461479999999966
20
-129.5905860000000018
11
126.1461479999999966
21
-129.747413999999992
0
LINE
8
BLACK
6
CONTINUOUS
10
126.1461479999999966
20
-129.747413999999992
11
126.1155519999999939
21
-129.9012280000000032
0
LINE
8
BLACK
6
CONTINUOUS
10
126.1155519999999939
20
-129.9012280000000032
11
126.0555370000000011
21
-130.0461169999999811
0
LINE
8
BLACK
6
CONTINUOUS
10
126.0555370000000011
20
-130.0461169999999811
11
125.9684079999999966
21
-130.1765149999999949
0
LINE
8
BLACK
6
CONTINUOUS
10
125.9684079999999966
20
-130.1765149999999949
11
125.8575149999999923
21
-130.2874079999999992
0
LINE
8
BLACK
6
CONTINUOUS
10
125.8575149999999923
20
-130.2874079999999992
11
125.7271169999999927
21
-130.3745370000000037
0
LINE
8
BLACK
6
CONTINUOUS
10
125.7271169999999927
20
-130.3745370000000037
11
125.5822280000000006
21
-130.4345519999999965
0
LINE
8
BLACK
6
CONTINUOUS
10
125.5822280000000006
20
-130.4345519999999965
11
125.4284139999999894
21
-130.4651479999999992
0
LINE
8
BLACK
6
CONTINUOUS
10
125.4284139999999894
20
-130.4651479999999992
11
125.2715859999999992
21
-130.4651479999999992
0
LINE
8
BLACK
6
CONTINUOUS
10
125.2715859999999992
20
-130.4651479999999992
11
125.117771999999988
21
-130.4345519999999965
0
LINE
8
BLACK
6
CONTINUOUS
10
125.117771999999988
20
-130.4345519999999965
11
124.9728829999999959
21
-130.3745370000000037
0
LINE
8
BLACK
6
CONTINUOUS
10
124.9728829999999959
20
-130.3745370000000037
11
124.8424849999999964
21
-130.2874079999999992
0
LINE
8
BLACK
6
CONTINUOUS
10
124.8424849999999964
20
-130.2874079999999992
11
124.731591999999992
21
-130.1765149999999949
0
LINE
8
BLACK
6
CONTINUOUS
10
124.731591999999992
20
-130.1765149999999949
11
124.6444629999999876
21
-130.0461169999999811
0
LINE
8
BLACK
6
CONTINUOUS
10
124.6444629999999876
20
-130.0461169999999811
11
124.6289099999999905
21
-130.0085699999999918
0
LINE
8
BLACK
6
CONTINUOUS
10
124.6289099999999905
20
-130.0085699999999918
11
112.9203399999999959
21
-118.2999999999999972
0
LINE
8
BLACK
6
CONTINUOUS
10
112.9203399999999959
20
-118.2999999999999972
11
100.8199999999999932
21
-118.2999999999999972
0
LINE
8
BLACK
6
CONTINUOUS
10
100.8199999999999932
20
-118.2999999999999972
11
96.0450000000000017
21
-118.2999999999999972
0
LINE
8
BLACK
6
CONTINUOUS
10
96.0450000000000017
20
-118.2999999999999972
11
95.9588959999999958
21
-118.282872999999995
0
LINE
8
BLACK
6
CONTINUOUS
10
95.9588959999999958
20
-118.282872999999995
11
95.8859009999999898
21
-118.2340990000000005
0
LINE
8
BLACK
6
CONTINUOUS
10
95.8859009999999898
20
-118.2340990000000005
11
95.8371269999999953
21
-118.1611039999999946
0
LINE
8
BLACK
6
CONTINUOUS
10
95.8371269999999953
20
-118.1611039999999946
11
95.8199999999999932
21
-118.0749999999999886
0
LINE
8
BLACK
6
CONTINUOUS
10
95.8199999999999932
20
-118.0749999999999886
11
95.8199999999999932
21
-117.0249999999999915
0
LINE
8
BLACK
6
CONTINUOUS
10
95.8199999999999932
20
-117.0249999999999915
11
95.8371269999999953
21
-116.9388959999999997
0
LINE
8
BLACK
6
CONTINUOUS
10
95.8371269999999953
20
-116.9388959999999997
11
95.8859009999999898
21
-116.8659009999999938
0
LINE
8
BLACK
6
CONTINUOUS
10
95.8859009999999898
20
-116.8659009999999938
11
95.9588959999999958
21
-116.8171269999999993
0
LINE
8
BLACK
6
CONTINUOUS
10
95.9588959999999958
20
-116.8171269999999993
11
96.0450000000000017
21
-116.7999999999999972
0
LINE
8
BLACK
6
CONTINUOUS
10
96.0450000000000017
20
-116.7999999999999972
11
105.5949999999999989
21
-116.7999999999999972
0
LINE
8
BLACK
6
CONTINUOUS
10
218.6972279999999955
20
-42.2194479999999999
11
218.8421170000000018
21
-42.2794629999999998
0
LINE
8
BLACK
6
CONTINUOUS
10
218.8421170000000018
20
-42.2794629999999998
11
218.9725149999999871
21
-42.3665919999999971
0
LINE
8
BLACK
6
CONTINUOUS
10
218.9725149999999871
20
-42.3665919999999971
11
219.0834079999999915
21
-42.4774850000000015
0
LINE
8
BLACK
6
CONTINUOUS
10
219.0834079999999915
20
-42.4774850000000015
11
219.1705369999999959
21
-42.6078830000000011
0
LINE
8
BLACK
6
CONTINUOUS
10
219.1705369999999959
20
-42.6078830000000011
11
219.2305519999999888
21
-42.7527720000000002
0
LINE
8
BLACK
6
CONTINUOUS
10
219.2305519999999888
20
-42.7527720000000002
11
219.2611479999999915
21
-42.9065859999999972
0
LINE
8
BLACK
6
CONTINUOUS
10
219.2611479999999915
20
-42.9065859999999972
11
219.2611479999999915
21
-43.0634139999999945
0
LINE
8
BLACK
6
CONTINUOUS
10
219.2611479999999915
20
-43.0634139999999945
11
219.2305519999999888
21
-43.2172279999999986
0
LINE
8
BLACK
6
CONTINUOUS
10
219.2305519999999888
20
-43.2172279999999986
11
219.1705369999999959
21
-43.3621169999999978
0
LINE
8
BLACK
6
CONTINUOUS
10
219.1705369999999959
20
-43.3621169999999978
11
219.0834079999999915
21
-43.4925149999999974
0
LINE
8
BLACK
6
CONTINUOUS
10
219.0834079999999915
20
-43.4925149999999974
11
218.9725149999999871
21
-43.6034079999999946
0
LINE
8
BLACK
6
CONTINUOUS
10
218.9725149999999871
20
-43.6034079999999946
11
218.8421170000000018
21
-43.6905369999999991
0
LINE
8
BLACK
6
CONTINUOUS
10
218.8421170000000018
20
-43.6905369999999991
11
218.6972279999999955
21
-43.750551999999999
0
LINE
8
BLACK
6
CONTINUOUS
10
218.6972279999999955
20
-43.750551999999999
11
218.5434139999999843
21
-43.7811479999999946
0
LINE
8
BLACK
6
CONTINUOUS
10
218.5434139999999843
20
-43.7811479999999946
11
218.3865859999999941
21
-43.7811479999999946
0
LINE
8
BLACK
6
CONTINUOUS
10
218.3865859999999941
20
-43.7811479999999946
11
218.2327719999999829
21
-43.750551999999999
0
LINE
8
BLACK
6
CONTINUOUS
10
218.2327719999999829
20
-43.750551999999999
11
218.195225999999991
21
-43.7349999999999994
0
LINE
8
BLACK
6
CONTINUOUS
10
218.195225999999991
20
-43.7349999999999994
11
58.8530619999999942
21
-43.7349999999999994
0
LINE
8
BLACK
6
CONTINUOUS
10
58.8530619999999942
20
-43.7349999999999994
11
43.5579999999999998
21
-59.0300619999999938
0
LINE
8
BLACK
6
CONTINUOUS
10
43.5579999999999998
20
-59.0300619999999938
11
43.5579999999999998
21
-120.8273310000000009
0
LINE
8
BLACK
6
CONTINUOUS
10
43.5579999999999998
20
-120.8273310000000009
11
43.5735519999999994
21
-120.8648769999999928
0
LINE
8
BLACK
6
CONTINUOUS
10
43.5735519999999994
20
-120.8648769999999928
11
43.604147999999995
21
-121.0186909999999898
0
LINE
8
BLACK
6
CONTINUOUS
10
43.604147999999995
20
-121.0186909999999898
11
43.604147999999995
21
-121.1755189999999942
0
LINE
8
BLACK
6
CONTINUOUS
10
43.604147999999995
20
-121.1755189999999942
11
43.5735519999999994
21
-121.3293329999999912
0
LINE
8
BLACK
6
CONTINUOUS
10
43.5735519999999994
20
-121.3293329999999912
11
43.5135369999999995
21
-121.4742219999999975
0
LINE
8
BLACK
6
CONTINUOUS
10
43.5135369999999995
20
-121.4742219999999975
11
43.426407999999995
21
-121.604619999999997
0
LINE
8
BLACK
6
CONTINUOUS
10
43.426407999999995
20
-121.604619999999997
11
43.3155149999999978
21
-121.7155130000000014
0
LINE
8
BLACK
6
CONTINUOUS
10
43.3155149999999978
20
-121.7155130000000014
11
43.1851169999999982
21
-121.8026419999999916
0
LINE
8
BLACK
6
CONTINUOUS
10
43.1851169999999982
20
-121.8026419999999916
11
43.040227999999999
21
-121.8626569999999987
0
LINE
8
BLACK
6
CONTINUOUS
10
43.040227999999999
20
-121.8626569999999987
11
42.8864139999999949
21
-121.8932530000000014
0
LINE
8
BLACK
6
CONTINUOUS
10
42.8864139999999949
20
-121.8932530000000014
11
42.7295859999999976
21
-121.8932530000000014
0
LINE
8
BLACK
6
CONTINUOUS
10
42.7295859999999976
20
-121.8932530000000014
11
42.5757720000000006
21
-121.8626569999999987
0
LINE
8
BLACK
6
CONTINUOUS
10
42.5757720000000006
20
-121.8626569999999987
11
42.4308830000000015
21
-121.8026419999999916
0
LINE
8
BLACK
6
CONTINUOUS
10
42.4308830000000015
20
-121.8026419999999916
11
42.3004849999999948
21
-121.7155130000000014
0
LINE
8
BLACK
6
CONTINUOUS
10
42.3004849999999948
20
-121.7155130000000014
11
42.1895919999999975
21
-121.604619999999997
0
LINE
8
BLACK
6
CONTINUOUS
10
42.1895919999999975
20
-121.604619999999997
11
42.1024630000000002
21
-121.4742219999999975
0
LINE
8
BLACK
6
CONTINUOUS
10
42.1024630000000002
20
-121.4742219999999975
11
42.0424480000000003
21
-121.3293329999999912
0
LINE
8
BLACK
6
CONTINUOUS
10
42.0424480000000003
20
-121.3293329999999912
11
42.0118519999999975
21
-121.1755189999999942
0
LINE
8
BLACK
6
CONTINUOUS
10
42.0118519999999975
20
-121.1755189999999942
11
42.0118519999999975
21
-121.0186909999999898
0
LINE
8
BLACK
6
CONTINUOUS
10
42.0118519999999975
20
-121.0186909999999898
11
42.0424480000000003
21
-120.8648769999999928
0
LINE
8
BLACK
6
CONTINUOUS
10
42.0424480000000003
20
-120.8648769999999928
11
42.0579999999999998
21
-120.8273310000000009
0
LINE
8
BLACK
6
CONTINUOUS
10
42.0579999999999998
20
-120.8273310000000009
11
42.0579999999999998
21
-58.7194019999999952
0
LINE
8
BLACK
6
CONTINUOUS
10
42.0579999999999998
20
-58.7194019999999952
11
42.0616109999999992
21
-58.6458889999999968
0
LINE
8
BLACK
6
CONTINUOUS
10
42.0616109999999992
20
-58.6458889999999968
11
42.0902940000000001
21
-58.5016889999999989
0
LINE
8
BLACK
6
CONTINUOUS
10
42.0902940000000001
20
-58.5016889999999989
11
42.1465589999999963
21
-58.3658549999999963
0
LINE
8
BLACK
6
CONTINUOUS
10
42.1465589999999963
20
-58.3658549999999963
11
42.1465589999999963
21
-58.3658539999999988
0
LINE
8
BLACK
6
CONTINUOUS
10
42.1465589999999963
20
-58.3658539999999988
11
42.2282420000000016
21
-58.2436069999999972
0
LINE
8
BLACK
6
CONTINUOUS
10
42.2282420000000016
20
-58.2436069999999972
11
42.2776700000000005
21
-58.1890719999999959
0
LINE
8
BLACK
6
CONTINUOUS
10
42.2776700000000005
20
-58.1890719999999959
11
58.0120719999999963
21
-42.4546700000000001
0
LINE
8
BLACK
6
CONTINUOUS
10
58.0120719999999963
20
-42.4546700000000001
11
58.0666069999999976
21
-42.4052420000000012
0
LINE
8
BLACK
6
CONTINUOUS
10
58.0666069999999976
20
-42.4052420000000012
11
58.1244510000000005
21
-42.3665919999999971
0
LINE
8
BLACK
6
CONTINUOUS
10
58.1244510000000005
20
-42.3665919999999971
11
58.1888539999999992
21
-42.3235589999999959
0
LINE
8
BLACK
6
CONTINUOUS
10
58.1888539999999992
20
-42.3235589999999959
11
58.2451189999999954
21
-42.3002529999999979
0
LINE
8
BLACK
6
CONTINUOUS
10
58.2451189999999954
20
-42.3002529999999979
11
58.3246889999999993
21
-42.2672939999999997
0
LINE
8
BLACK
6
CONTINUOUS
10
58.3246889999999993
20
-42.2672939999999997
11
58.4688889999999972
21
-42.2386109999999988
0
LINE
8
BLACK
6
CONTINUOUS
10
58.4688889999999972
20
-42.2386109999999988
11
58.5424019999999956
21
-42.2349999999999994
0
LINE
8
BLACK
6
CONTINUOUS
10
58.5424019999999956
20
-42.2349999999999994
11
218.195225999999991
21
-42.2349999999999994
0
LINE
8
BLACK
6
CONTINUOUS
10
218.195225999999991
20
-42.2349999999999994
11
218.2327719999999829
21
-42.2194479999999999
0
LINE
8
BLACK
6
CONTINUOUS
10
218.2327719999999829
20
-42.2194479999999999
11
218.3865859999999941
21
-42.1888519999999971
0
LINE
8
BLACK
6
CONTINUOUS
10
218.3865859999999941
20
-42.1888519999999971
11
218.5434139999999843
21
-42.1888519999999971
0
LINE
8
BLACK
6
CONTINUOUS
10
218.5434139999999843
20
-42.1888519999999971
11
218.6972279999999955
21
-42.2194479999999999
0
LINE
8
BLACK
6
CONTINUOUS
10
218.9122279999999989
20
-39.9184479999999979
11
219.0571169999999768
21
-39.9784629999999979
0
LINE
8
BLACK
6
CONTINUOUS
10
219.0571169999999768
20
-39.9784629999999979
11
219.1875149999999906
21
-40.0655919999999952
0
LINE
8
BLACK
6
CONTINUOUS
10
219.1875149999999906
20
-40.0655919999999952
11
219.2984079999999949
21
-40.1764849999999996
0
LINE
8
BLACK
6
CONTINUOUS
10
219.2984079999999949
20
-40.1764849999999996
11
219.3855369999999994
21
-40.3068829999999991
0
LINE
8
BLACK
6
CONTINUOUS
10
219.3855369999999994
20
-40.3068829999999991
11
219.4455519999999922
21
-40.4517719999999983
0
LINE
8
BLACK
6
CONTINUOUS
10
219.4455519999999922
20
-40.4517719999999983
11
219.4761479999999949
21
-40.6055859999999953
0
LINE
8
BLACK
6
CONTINUOUS
10
219.4761479999999949
20
-40.6055859999999953
11
219.4761479999999949
21
-40.7624139999999997
0
LINE
8
BLACK
6
CONTINUOUS
10
219.4761479999999949
20
-40.7624139999999997
11
219.4455519999999922
21
-40.9162279999999967
0
LINE
8
BLACK
6
CONTINUOUS
10
219.4455519999999922
20
-40.9162279999999967
11
219.3855369999999994
21
-41.0611169999999959
0
LINE
8
BLACK
6
CONTINUOUS
10
219.3855369999999994
20
-41.0611169999999959
11
219.2984079999999949
21
-41.1915149999999954
0
LINE
8
BLACK
6
CONTINUOUS
10
219.2984079999999949
20
-41.1915149999999954
11
219.1875149999999906
21
-41.3024079999999998
0
LINE
8
BLACK
6
CONTINUOUS
10
219.1875149999999906
20
-41.3024079999999998
11
219.0571169999999768
21
-41.3895369999999971
0
LINE
8
BLACK
6
CONTINUOUS
10
219.0571169999999768
20
-41.3895369999999971
11
218.9122279999999989
21
-41.4495519999999971
0
LINE
8
BLACK
6
CONTINUOUS
10
218.9122279999999989
20
-41.4495519999999971
11
218.7584139999999877
21
-41.4801479999999998
0
LINE
8
BLACK
6
CONTINUOUS
10
218.7584139999999877
20
-41.4801479999999998
11
218.6015859999999975
21
-41.4801479999999998
0
LINE
8
BLACK
6
CONTINUOUS
10
218.6015859999999975
20
-41.4801479999999998
11
218.4477719999999863
21
-41.4495519999999971
0
LINE
8
BLACK
6
CONTINUOUS
10
218.4477719999999863
20
-41.4495519999999971
11
218.4102259999999944
21
-41.4339999999999975
0
LINE
8
BLACK
6
CONTINUOUS
10
218.4102259999999944
20
-41.4339999999999975
11
57.899955999999996
21
-41.4339999999999975
0
LINE
8
BLACK
6
CONTINUOUS
10
57.899955999999996
20
-41.4339999999999975
11
41.2569990000000004
21
-58.0769549999999981
0
LINE
8
BLACK
6
CONTINUOUS
10
41.2569990000000004
20
-58.0769549999999981
11
41.2569990000000004
21
-119.4312229999999886
0
LINE
8
BLACK
6
CONTINUOUS
10
41.2569990000000004
20
-119.4312229999999886
11
41.272551
21
-119.4687689999999947
0
LINE
8
BLACK
6
CONTINUOUS
10
41.272551
20
-119.4687689999999947
11
41.3031469999999956
21
-119.6225829999999917
0
LINE
8
BLACK
6
CONTINUOUS
10
41.3031469999999956
20
-119.6225829999999917
11
41.3031469999999956
21
-119.7794109999999961
0
LINE
8
BLACK
6
CONTINUOUS
10
41.3031469999999956
20
-119.7794109999999961
11
41.272551
21
-119.9332249999999931
0
LINE
8
BLACK
6
CONTINUOUS
10
41.272551
20
-119.9332249999999931
11
41.2125360000000001
21
-120.0781139999999994
0
LINE
8
BLACK
6
CONTINUOUS
10
41.2125360000000001
20
-120.0781139999999994
11
41.1254069999999956
21
-120.2085119999999989
0
LINE
8
BLACK
6
CONTINUOUS
10
41.1254069999999956
20
-120.2085119999999989
11
41.0145139999999984
21
-120.3194049999999891
0
LINE
8
BLACK
6
CONTINUOUS
10
41.0145139999999984
20
-120.3194049999999891
11
40.8841159999999988
21
-120.4065339999999935
0
LINE
8
BLACK
6
CONTINUOUS
10
40.8841159999999988
20
-120.4065339999999935
11
40.7392269999999996
21
-120.4665490000000005
0
LINE
8
BLACK
6
CONTINUOUS
10
40.7392269999999996
20
-120.4665490000000005
11
40.5854129999999955
21
-120.4971449999999891
0
LINE
8
BLACK
6
CONTINUOUS
10
40.5854129999999955
20
-120.4971449999999891
11
40.4285849999999982
21
-120.4971449999999891
0
LINE
8
BLACK
6
CONTINUOUS
10
40.4285849999999982
20
-120.4971449999999891
11
40.2747710000000012
21
-120.4665490000000005
0
LINE
8
BLACK
6
CONTINUOUS
10
40.2747710000000012
20
-120.4665490000000005
11
40.1298819999999949
21
-120.4065339999999935
0
LINE
8
BLACK
6
CONTINUOUS
10
40.1298819999999949
20
-120.4065339999999935
11
39.9994839999999954
21
-120.3194049999999891
0
LINE
8
BLACK
6
CONTINUOUS
10
39.9994839999999954
20
-120.3194049999999891
11
39.8885909999999981
21
-120.2085119999999989
0
LINE
8
BLACK
6
CONTINUOUS
10
39.8885909999999981
20
-120.2085119999999989
11
39.8014620000000008
21
-120.0781139999999994
0
LINE
8
BLACK
6
CONTINUOUS
10
39.8014620000000008
20
-120.0781139999999994
11
39.7414470000000009
21
-119.9332249999999931
0
LINE
8
BLACK
6
CONTINUOUS
10
39.7414470000000009
20
-119.9332249999999931
11
39.7108509999999981
21
-119.7794109999999961
0
LINE
8
BLACK
6
CONTINUOUS
10
39.7108509999999981
20
-119.7794109999999961
11
39.7108509999999981
21
-119.6225829999999917
0
LINE
8
BLACK
6
CONTINUOUS
10
39.7108509999999981
20
-119.6225829999999917
11
39.7414470000000009
21
-119.4687689999999947
0
LINE
8
BLACK
6
CONTINUOUS
10
39.7414470000000009
20
-119.4687689999999947
11
39.7569990000000004
21
-119.4312229999999886
0
LINE
8
BLACK
6
CONTINUOUS
10
39.7569990000000004
20
-119.4312229999999886
11
39.7569999999999979
21
-57.7662949999999995
0
LINE
8
BLACK
6
CONTINUOUS
10
39.7569999999999979
20
-57.7662949999999995
11
39.7606109999999973
21
-57.692781999999994
0
LINE
8
BLACK
6
CONTINUOUS
10
39.7606109999999973
20
-57.692781999999994
11
39.7892939999999982
21
-57.5485819999999961
0
LINE
8
BLACK
6
CONTINUOUS
10
39.7892939999999982
20
-57.5485819999999961
11
39.8455590000000015
21
-57.4127480000000006
0
LINE
8
BLACK
6
CONTINUOUS
10
39.8455590000000015
20
-57.4127480000000006
11
39.8455590000000015
21
-57.412746999999996
0
LINE
8
BLACK
6
CONTINUOUS
10
39.8455590000000015
20
-57.412746999999996
11
39.9272419999999997
21
-57.2904999999999944
0
LINE
8
BLACK
6
CONTINUOUS
10
39.9272419999999997
20
-57.2904999999999944
11
39.9766699999999986
21
-57.2359650000000002
0
LINE
8
BLACK
6
CONTINUOUS
10
39.9766699999999986
20
-57.2359650000000002
11
57.0589659999999981
21
-40.1536699999999982
0
LINE
8
BLACK
6
CONTINUOUS
10
57.0589659999999981
20
-40.1536699999999982
11
57.1135009999999994
21
-40.1042419999999993
0
LINE
8
BLACK
6
CONTINUOUS
10
57.1135009999999994
20
-40.1042419999999993
11
57.1713449999999952
21
-40.0655919999999952
0
LINE
8
BLACK
6
CONTINUOUS
10
57.1713449999999952
20
-40.0655919999999952
11
57.235748000000001
21
-40.0225590000000011
0
LINE
8
BLACK
6
CONTINUOUS
10
57.235748000000001
20
-40.0225590000000011
11
57.2920129999999972
21
-39.999252999999996
0
LINE
8
BLACK
6
CONTINUOUS
10
57.2920129999999972
20
-39.999252999999996
11
57.371582999999994
21
-39.9662939999999978
0
LINE
8
BLACK
6
CONTINUOUS
10
57.371582999999994
20
-39.9662939999999978
11
57.515782999999999
21
-39.9376109999999969
0
LINE
8
BLACK
6
CONTINUOUS
10
57.515782999999999
20
-39.9376109999999969
11
57.5892959999999974
21
-39.9339999999999975
0
LINE
8
BLACK
6
CONTINUOUS
10
57.5892959999999974
20
-39.9339999999999975
11
218.4102259999999944
21
-39.9339999999999975
0
LINE
8
BLACK
6
CONTINUOUS
10
218.4102259999999944
20
-39.9339999999999975
11
218.4477719999999863
21
-39.9184479999999979
0
LINE
8
BLACK
6
CONTINUOUS
10
218.4477719999999863
20
-39.9184479999999979
11
218.6015859999999975
21
-39.8878519999999952
0
LINE
8
BLACK
6
CONTINUOUS
10
218.6015859999999975
20
-39.8878519999999952
11
218.7584139999999877
21
-39.8878519999999952
0
LINE
8
BLACK
6
CONTINUOUS
10
218.7584139999999877
20
-39.8878519999999952
11
218.9122279999999989
21
-39.9184479999999979
0
LINE
8
BLACK
6
CONTINUOUS
10
59.2422279999999972
20
-116.7844479999999976
11
59.2797739999999962
21
-116.7999999999999972
0
LINE
8
BLACK
6
CONTINUOUS
10
59.2797739999999962
20
-116.7999999999999972
11
70.8199999999999932
21
-116.7999999999999972
0
LINE
8
BLACK
6
CONTINUOUS
10
70.8199999999999932
20
-116.7999999999999972
11
75.5949999999999989
21
-116.7999999999999972
0
LINE
8
BLACK
6
CONTINUOUS
10
75.5949999999999989
20
-116.7999999999999972
11
75.6811039999999906
21
-116.8171269999999993
0
LINE
8
BLACK
6
CONTINUOUS
10
75.6811039999999906
20
-116.8171269999999993
11
75.7540989999999965
21
-116.8659009999999938
0
LINE
8
BLACK
6
CONTINUOUS
10
75.7540989999999965
20
-116.8659009999999938
11
75.8028729999999911
21
-116.9388959999999997
0
LINE
8
BLACK
6
CONTINUOUS
10
75.8028729999999911
20
-116.9388959999999997
11
75.8199999999999932
21
-117.0249999999999915
0
LINE
8
BLACK
6
CONTINUOUS
10
75.8199999999999932
20
-117.0249999999999915
11
75.8199999999999932
21
-118.0749999999999886
0
LINE
8
BLACK
6
CONTINUOUS
10
75.8199999999999932
20
-118.0749999999999886
11
75.8028729999999911
21
-118.1611039999999946
0
LINE
8
BLACK
6
CONTINUOUS
10
75.8028729999999911
20
-118.1611039999999946
11
75.7540989999999965
21
-118.2340990000000005
0
LINE
8
BLACK
6
CONTINUOUS
10
75.7540989999999965
20
-118.2340990000000005
11
75.6811039999999906
21
-118.282872999999995
0
LINE
8
BLACK
6
CONTINUOUS
10
75.6811039999999906
20
-118.282872999999995
11
75.5949999999999989
21
-118.2999999999999972
0
LINE
8
BLACK
6
CONTINUOUS
10
75.5949999999999989
20
-118.2999999999999972
11
66.0450000000000017
21
-118.2999999999999972
0
LINE
8
BLACK
6
CONTINUOUS
10
66.0450000000000017
20
-118.2999999999999972
11
59.2797739999999962
21
-118.2999999999999972
0
LINE
8
BLACK
6
CONTINUOUS
10
59.2797739999999962
20
-118.2999999999999972
11
59.2422279999999972
21
-118.3155519999999967
0
LINE
8
BLACK
6
CONTINUOUS
10
59.2422279999999972
20
-118.3155519999999967
11
59.0884140000000002
21
-118.3461479999999995
0
LINE
8
BLACK
6
CONTINUOUS
10
59.0884140000000002
20
-118.3461479999999995
11
58.9315859999999958
21
-118.3461479999999995
0
LINE
8
BLACK
6
CONTINUOUS
10
58.9315859999999958
20
-118.3461479999999995
11
58.7777719999999988
21
-118.3155519999999967
0
LINE
8
BLACK
6
CONTINUOUS
10
58.7777719999999988
20
-118.3155519999999967
11
58.6328829999999996
21
-118.2555369999999897
0
LINE
8
BLACK
6
CONTINUOUS
10
58.6328829999999996
20
-118.2555369999999897
11
58.5024850000000001
21
-118.1684079999999994
0
LINE
8
BLACK
6
CONTINUOUS
10
58.5024850000000001
20
-118.1684079999999994
11
58.3915919999999957
21
-118.0575149999999951
0
LINE
8
BLACK
6
CONTINUOUS
10
58.3915919999999957
20
-118.0575149999999951
11
58.3044629999999984
21
-117.9271169999999955
0
LINE
8
BLACK
6
CONTINUOUS
10
58.3044629999999984
20
-117.9271169999999955
11
58.2444479999999984
21
-117.7822279999999893
0
LINE
8
BLACK
6
CONTINUOUS
10
58.2444479999999984
20
-117.7822279999999893
11
58.2138519999999957
21
-117.6284139999999923
0
LINE
8
BLACK
6
CONTINUOUS
10
58.2138519999999957
20
-117.6284139999999923
11
58.2138519999999957
21
-117.4715859999999878
0
LINE
8
BLACK
6
CONTINUOUS
10
58.2138519999999957
20
-117.4715859999999878
11
58.2444479999999984
21
-117.3177719999999908
0
LINE
8
BLACK
6
CONTINUOUS
10
58.2444479999999984
20
-117.3177719999999908
11
58.3044629999999984
21
-117.1728829999999988
0
LINE
8
BLACK
6
CONTINUOUS
10
58.3044629999999984
20
-117.1728829999999988
11
58.3915919999999957
21
-117.0424849999999992
0
LINE
8
BLACK
6
CONTINUOUS
10
58.3915919999999957
20
-117.0424849999999992
11
58.5024850000000001
21
-116.9315919999999949
0
LINE
8
BLACK
6
CONTINUOUS
10
58.5024850000000001
20
-116.9315919999999949
11
58.6328829999999996
21
-116.8444629999999904
0
LINE
8
BLACK
6
CONTINUOUS
10
58.6328829999999996
20
-116.8444629999999904
11
58.7777719999999988
21
-116.7844479999999976
0
LINE
8
BLACK
6
CONTINUOUS
10
58.7777719999999988
20
-116.7844479999999976
11
58.9315859999999958
21
-116.7538519999999949
0
LINE
8
BLACK
6
CONTINUOUS
10
58.9315859999999958
20
-116.7538519999999949
11
59.0884140000000002
21
-116.7538519999999949
0
LINE
8
BLACK
6
CONTINUOUS
10
59.0884140000000002
20
-116.7538519999999949
11
59.2422279999999972
21
-116.7844479999999976
0
LINE
8
BLACK
6
CONTINUOUS
10
191.7912279999999896
20
-116.7844479999999976
11
191.9361169999999959
21
-116.8444629999999904
0
LINE
8
BLACK
6
CONTINUOUS
10
191.9361169999999959
20
-116.8444629999999904
11
192.0665149999999812
21
-116.9315919999999949
0
LINE
8
BLACK
6
CONTINUOUS
10
192.0665149999999812
20
-116.9315919999999949
11
192.1774079999999856
21
-117.0424849999999992
0
LINE
8
BLACK
6
CONTINUOUS
10
192.1774079999999856
20
-117.0424849999999992
11
192.26453699999999
21
-117.1728829999999988
0
LINE
8
BLACK
6
CONTINUOUS
10
192.26453699999999
20
-117.1728829999999988
11
192.3245519999999829
21
-117.3177719999999908
0
LINE
8
BLACK
6
CONTINUOUS
10
192.3245519999999829
20
-117.3177719999999908
11
192.3551479999999856
21
-117.4715859999999878
0
LINE
8
BLACK
6
CONTINUOUS
10
192.3551479999999856
20
-117.4715859999999878
11
192.3551479999999856
21
-117.6284139999999923
0
LINE
8
BLACK
6
CONTINUOUS
10
192.3551479999999856
20
-117.6284139999999923
11
192.3245519999999829
21
-117.7822279999999893
0
LINE
8
BLACK
6
CONTINUOUS
10
192.3245519999999829
20
-117.7822279999999893
11
192.26453699999999
21
-117.9271169999999955
0
LINE
8
BLACK
6
CONTINUOUS
10
192.26453699999999
20
-117.9271169999999955
11
192.1774079999999856
21
-118.0575149999999951
0
LINE
8
BLACK
6
CONTINUOUS
10
192.1774079999999856
20
-118.0575149999999951
11
192.0665149999999812
21
-118.1684079999999994
0
LINE
8
BLACK
6
CONTINUOUS
10
192.0665149999999812
20
-118.1684079999999994
11
191.9361169999999959
21
-118.2555369999999897
0
LINE
8
BLACK
6
CONTINUOUS
10
191.9361169999999959
20
-118.2555369999999897
11
191.7912279999999896
21
-118.3155519999999967
0
LINE
8
BLACK
6
CONTINUOUS
10
191.7912279999999896
20
-118.3155519999999967
11
191.6374139999999784
21
-118.3461479999999995
0
LINE
8
BLACK
6
CONTINUOUS
10
191.6374139999999784
20
-118.3461479999999995
11
191.4805859999999882
21
-118.3461479999999995
0
LINE
8
BLACK
6
CONTINUOUS
10
191.4805859999999882
20
-118.3461479999999995
11
191.3267720000000054
21
-118.3155519999999967
0
LINE
8
BLACK
6
CONTINUOUS
10
191.3267720000000054
20
-118.3155519999999967
11
191.2892259999999851
21
-118.2999999999999972
0
LINE
8
BLACK
6
CONTINUOUS
10
191.2892259999999851
20
-118.2999999999999972
11
179.6399999999999864
21
-118.2999999999999972
0
LINE
8
BLACK
6
CONTINUOUS
10
179.6399999999999864
20
-118.2999999999999972
11
174.8649999999999807
21
-118.2999999999999972
0
LINE
8
BLACK
6
CONTINUOUS
10
174.8649999999999807
20
-118.2999999999999972
11
174.7788960000000031
21
-118.282872999999995
0
LINE
8
BLACK
6
CONTINUOUS
10
174.7788960000000031
20
-118.282872999999995
11
174.705900999999983
21
-118.2340990000000005
0
LINE
8
BLACK
6
CONTINUOUS
10
174.705900999999983
20
-118.2340990000000005
11
174.6571270000000027
21
-118.1611039999999946
0
LINE
8
BLACK
6
CONTINUOUS
10
174.6571270000000027
20
-118.1611039999999946
11
174.6399999999999864
21
-118.0749999999999886
0
LINE
8
BLACK
6
CONTINUOUS
10
174.6399999999999864
20
-118.0749999999999886
11
174.6399999999999864
21
-117.0249999999999915
0
LINE
8
BLACK
6
CONTINUOUS
10
174.6399999999999864
20
-117.0249999999999915
11
174.6571270000000027
21
-116.9388959999999997
0
LINE
8
BLACK
6
CONTINUOUS
10
174.6571270000000027
20
-116.9388959999999997
11
174.705900999999983
21
-116.8659009999999938
0
LINE
8
BLACK
6
CONTINUOUS
10
174.705900999999983
20
-116.8659009999999938
11
174.7788960000000031
21
-116.8171269999999993
0
LINE
8
BLACK
6
CONTINUOUS
10
174.7788960000000031
20
-116.8171269999999993
11
174.8649999999999807
21
-116.7999999999999972
0
LINE
8
BLACK
6
CONTINUOUS
10
174.8649999999999807
20
-116.7999999999999972
11
184.414999999999992
21
-116.7999999999999972
0
LINE
8
BLACK
6
CONTINUOUS
10
184.414999999999992
20
-116.7999999999999972
11
191.2892259999999851
21
-116.7999999999999972
0
LINE
8
BLACK
6
CONTINUOUS
10
191.2892259999999851
20
-116.7999999999999972
11
191.3267720000000054
21
-116.7844479999999976
0
LINE
8
BLACK
6
CONTINUOUS
10
191.3267720000000054
20
-116.7844479999999976
11
191.4805859999999882
21
-116.7538519999999949
0
LINE
8
BLACK
6
CONTINUOUS
10
191.4805859999999882
20
-116.7538519999999949
11
191.6374139999999784
21
-116.7538519999999949
0
LINE
8
BLACK
6
CONTINUOUS
10
191.6374139999999784
20
-116.7538519999999949
11
191.7912279999999896
21
-116.7844479999999976
0
LINE
8
BLACK
6
CONTINUOUS
10
154.501103999999998
20
-116.8171269999999993
11
154.5740989999999897
21
-116.8659009999999938
0
LINE
8
BLACK
6
CONTINUOUS
10
154.5740989999999897
20
-116.8659009999999938
11
154.6228729999999985
21
-116.9388959999999997
0
LINE
8
BLACK
6
CONTINUOUS
10
154.6228729999999985
20
-116.9388959999999997
11
154.6399999999999864
21
-117.0249999999999915
0
LINE
8
BLACK
6
CONTINUOUS
10
154.6399999999999864
20
-117.0249999999999915
11
154.6399999999999864
21
-118.0749999999999886
0
LINE
8
BLACK
6
CONTINUOUS
10
154.6399999999999864
20
-118.0749999999999886
11
154.6228729999999985
21
-118.1611039999999946
0
LINE
8
BLACK
6
CONTINUOUS
10
154.6228729999999985
20
-118.1611039999999946
11
154.5740989999999897
21
-118.2340990000000005
0
LINE
8
BLACK
6
CONTINUOUS
10
154.5740989999999897
20
-118.2340990000000005
11
154.501103999999998
21
-118.282872999999995
0
LINE
8
BLACK
6
CONTINUOUS
10
154.501103999999998
20
-118.282872999999995
11
154.414999999999992
21
-118.2999999999999972
0
LINE
8
BLACK
6
CONTINUOUS
10
154.414999999999992
20
-118.2999999999999972
11
144.8649999999999807
21
-118.2999999999999972
0
LINE
8
BLACK
6
CONTINUOUS
10
144.8649999999999807
20
-118.2999999999999972
11
144.7788960000000031
21
-118.282872999999995
0
LINE
8
BLACK
6
CONTINUOUS
10
144.7788960000000031
20
-118.282872999999995
11
144.705900999999983
21
-118.2340990000000005
0
LINE
8
BLACK
6
CONTINUOUS
10
144.705900999999983
20
-118.2340990000000005
11
144.6571270000000027
21
-118.1611039999999946
0
LINE
8
BLACK
6
CONTINUOUS
10
144.6571270000000027
20
-118.1611039999999946
11
144.6399999999999864
21
-118.0749999999999886
0
LINE
8
BLACK
6
CONTINUOUS
10
144.6399999999999864
20
-118.0749999999999886
11
144.6399999999999864
21
-117.0249999999999915
0
LINE
8
BLACK
6
CONTINUOUS
10
144.6399999999999864
20
-117.0249999999999915
11
144.6571270000000027
21
-116.9388959999999997
0
LINE
8
BLACK
6
CONTINUOUS
10
144.6571270000000027
20
-116.9388959999999997
11
144.705900999999983
21
-116.8659009999999938
0
LINE
8
BLACK
6
CONTINUOUS
10
144.705900999999983
20
-116.8659009999999938
11
144.7788960000000031
21
-116.8171269999999993
0
LINE
8
BLACK
6
CONTINUOUS
10
144.7788960000000031
20
-116.8171269999999993
11
144.8649999999999807
21
-116.7999999999999972
0
LINE
8
BLACK
6
CONTINUOUS
10
144.8649999999999807
20
-116.7999999999999972
11
154.414999999999992
21
-116.7999999999999972
0
LINE
8
BLACK
6
CONTINUOUS
10
154.414999999999992
20
-116.7999999999999972
11
154.501103999999998
21
-116.8171269999999993
0
LINE
8
BLACK
6
CONTINUOUS
10
59.1932279999999977
20
-114.2444479999999913
11
59.2307739999999967
21
-114.2599999999999909
0
LINE
8
BLACK
6
CONTINUOUS
10
59.2307739999999967
20
-114.2599999999999909
11
70.8199999999999932
21
-114.2599999999999909
0
LINE
8
BLACK
6
CONTINUOUS
10
70.8199999999999932
20
-114.2599999999999909
11
75.5949999999999989
21
-114.2599999999999909
0
LINE
8
BLACK
6
CONTINUOUS
10
75.5949999999999989
20
-114.2599999999999909
11
75.6811039999999906
21
-114.277126999999993
0
LINE
8
BLACK
6
CONTINUOUS
10
75.6811039999999906
20
-114.277126999999993
11
75.7540989999999965
21
-114.3259010000000018
0
LINE
8
BLACK
6
CONTINUOUS
10
75.7540989999999965
20
-114.3259010000000018
11
75.8028729999999911
21
-114.3988959999999935
0
LINE
8
BLACK
6
CONTINUOUS
10
75.8028729999999911
20
-114.3988959999999935
11
75.8199999999999932
21
-114.4849999999999994
0
LINE
8
BLACK
6
CONTINUOUS
10
75.8199999999999932
20
-114.4849999999999994
11
75.8199999999999932
21
-115.5349999999999966
0
LINE
8
BLACK
6
CONTINUOUS
10
75.8199999999999932
20
-115.5349999999999966
11
75.8028729999999911
21
-115.6211039999999883
0
LINE
8
BLACK
6
CONTINUOUS
10
75.8028729999999911
20
-115.6211039999999883
11
75.7540989999999965
21
-115.6940989999999942
0
LINE
8
BLACK
6
CONTINUOUS
10
75.7540989999999965
20
-115.6940989999999942
11
75.6811039999999906
21
-115.7428729999999888
0
LINE
8
BLACK
6
CONTINUOUS
10
75.6811039999999906
20
-115.7428729999999888
11
75.5949999999999989
21
-115.7599999999999909
0
LINE
8
BLACK
6
CONTINUOUS
10
75.5949999999999989
20
-115.7599999999999909
11
66.0450000000000017
21
-115.7599999999999909
0
LINE
8
BLACK
6
CONTINUOUS
10
66.0450000000000017
20
-115.7599999999999909
11
59.2307739999999967
21
-115.7599999999999909
0
LINE
8
BLACK
6
CONTINUOUS
10
59.2307739999999967
20
-115.7599999999999909
11
59.1932279999999977
21
-115.7755519999999905
0
LINE
8
BLACK
6
CONTINUOUS
10
59.1932279999999977
20
-115.7755519999999905
11
59.0394140000000007
21
-115.8061479999999932
0
LINE
8
BLACK
6
CONTINUOUS
10
59.0394140000000007
20
-115.8061479999999932
11
58.8825859999999963
21
-115.8061479999999932
0
LINE
8
BLACK
6
CONTINUOUS
10
58.8825859999999963
20
-115.8061479999999932
11
58.7287719999999993
21
-115.7755519999999905
0
LINE
8
BLACK
6
CONTINUOUS
10
58.7287719999999993
20
-115.7755519999999905
11
58.5838830000000002
21
-115.7155369999999976
0
LINE
8
BLACK
6
CONTINUOUS
10
58.5838830000000002
20
-115.7155369999999976
11
58.4534850000000006
21
-115.6284079999999932
0
LINE
8
BLACK
6
CONTINUOUS
10
58.4534850000000006
20
-115.6284079999999932
11
58.3425919999999962
21
-115.5175149999999888
0
LINE
8
BLACK
6
CONTINUOUS
10
58.3425919999999962
20
-115.5175149999999888
11
58.2554629999999989
21
-115.3871169999999893
0
LINE
8
BLACK
6
CONTINUOUS
10
58.2554629999999989
20
-115.3871169999999893
11
58.195447999999999
21
-115.2422279999999972
0
LINE
8
BLACK
6
CONTINUOUS
10
58.195447999999999
20
-115.2422279999999972
11
58.1648519999999962
21
-115.0884140000000002
0
LINE
8
BLACK
6
CONTINUOUS
10
58.1648519999999962
20
-115.0884140000000002
11
58.1648519999999962
21
-114.9315859999999958
0
LINE
8
BLACK
6
CONTINUOUS
10
58.1648519999999962
20
-114.9315859999999958
11
58.195447999999999
21
-114.7777719999999988
0
LINE
8
BLACK
6
CONTINUOUS
10
58.195447999999999
20
-114.7777719999999988
11
58.2554629999999989
21
-114.6328829999999925
0
LINE
8
BLACK
6
CONTINUOUS
10
58.2554629999999989
20
-114.6328829999999925
11
58.3425919999999962
21
-114.502484999999993
0
LINE
8
BLACK
6
CONTINUOUS
10
58.3425919999999962
20
-114.502484999999993
11
58.4534850000000006
21
-114.3915919999999886
0
LINE
8
BLACK
6
CONTINUOUS
10
58.4534850000000006
20
-114.3915919999999886
11
58.5838830000000002
21
-114.3044629999999984
0
LINE
8
BLACK
6
CONTINUOUS
10
58.5838830000000002
20
-114.3044629999999984
11
58.7287719999999993
21
-114.2444479999999913
0
LINE
8
BLACK
6
CONTINUOUS
10
58.7287719999999993
20
-114.2444479999999913
11
58.8825859999999963
21
-114.2138519999999886
0
LINE
8
BLACK
6
CONTINUOUS
10
58.8825859999999963
20
-114.2138519999999886
11
59.0394140000000007
21
-114.2138519999999886
0
LINE
8
BLACK
6
CONTINUOUS
10
59.0394140000000007
20
-114.2138519999999886
11
59.1932279999999977
21
-114.2444479999999913
0
LINE
8
BLACK
6
CONTINUOUS
10
105.6811039999999906
20
-114.277126999999993
11
105.7540989999999965
21
-114.3259010000000018
0
LINE
8
BLACK
6
CONTINUOUS
10
105.7540989999999965
20
-114.3259010000000018
11
105.8028729999999911
21
-114.3988959999999935
0
LINE
8
BLACK
6
CONTINUOUS
10
105.8028729999999911
20
-114.3988959999999935
11
105.8199999999999932
21
-114.4849999999999994
0
LINE
8
BLACK
6
CONTINUOUS
10
105.8199999999999932
20
-114.4849999999999994
11
105.8199999999999932
21
-115.5349999999999966
0
LINE
8
BLACK
6
CONTINUOUS
10
105.8199999999999932
20
-115.5349999999999966
11
105.8028729999999911
21
-115.6211039999999883
0
LINE
8
BLACK
6
CONTINUOUS
10
105.8028729999999911
20
-115.6211039999999883
11
105.7540989999999965
21
-115.6940989999999942
0
LINE
8
BLACK
6
CONTINUOUS
10
105.7540989999999965
20
-115.6940989999999942
11
105.6811039999999906
21
-115.7428729999999888
0
LINE
8
BLACK
6
CONTINUOUS
10
105.6811039999999906
20
-115.7428729999999888
11
105.5949999999999989
21
-115.7599999999999909
0
LINE
8
BLACK
6
CONTINUOUS
10
105.5949999999999989
20
-115.7599999999999909
11
96.0450000000000017
21
-115.7599999999999909
0
LINE
8
BLACK
6
CONTINUOUS
10
96.0450000000000017
20
-115.7599999999999909
11
95.9588959999999958
21
-115.7428729999999888
0
LINE
8
BLACK
6
CONTINUOUS
10
95.9588959999999958
20
-115.7428729999999888
11
95.8859009999999898
21
-115.6940989999999942
0
LINE
8
BLACK
6
CONTINUOUS
10
95.8859009999999898
20
-115.6940989999999942
11
95.8371269999999953
21
-115.6211039999999883
0
LINE
8
BLACK
6
CONTINUOUS
10
95.8371269999999953
20
-115.6211039999999883
11
95.8199999999999932
21
-115.5349999999999966
0
LINE
8
BLACK
6
CONTINUOUS
10
95.8199999999999932
20
-115.5349999999999966
11
95.8199999999999932
21
-114.4849999999999994
0
LINE
8
BLACK
6
CONTINUOUS
10
95.8199999999999932
20
-114.4849999999999994
11
95.8371269999999953
21
-114.3988959999999935
0
LINE
8
BLACK
6
CONTINUOUS
10
95.8371269999999953
20
-114.3988959999999935
11
95.8859009999999898
21
-114.3259010000000018
0
LINE
8
BLACK
6
CONTINUOUS
10
95.8859009999999898
20
-114.3259010000000018
11
95.9588959999999958
21
-114.277126999999993
0
LINE
8
BLACK
6
CONTINUOUS
10
95.9588959999999958
20
-114.277126999999993
11
96.0450000000000017
21
-114.2599999999999909
0
LINE
8
BLACK
6
CONTINUOUS
10
96.0450000000000017
20
-114.2599999999999909
11
105.5949999999999989
21
-114.2599999999999909
0
LINE
8
BLACK
6
CONTINUOUS
10
105.5949999999999989
20
-114.2599999999999909
11
105.6811039999999906
21
-114.277126999999993
0
LINE
8
BLACK
6
CONTINUOUS
10
154.501103999999998
20
-114.277126999999993
11
154.5740989999999897
21
-114.3259010000000018
0
LINE
8
BLACK
6
CONTINUOUS
10
154.5740989999999897
20
-114.3259010000000018
11
154.6228729999999985
21
-114.3988959999999935
0
LINE
8
BLACK
6
CONTINUOUS
10
154.6228729999999985
20
-114.3988959999999935
11
154.6399999999999864
21
-114.4849999999999994
0
LINE
8
BLACK
6
CONTINUOUS
10
154.6399999999999864
20
-114.4849999999999994
11
154.6399999999999864
21
-115.5349999999999966
0
LINE
8
BLACK
6
CONTINUOUS
10
154.6399999999999864
20
-115.5349999999999966
11
154.6228729999999985
21
-115.6211039999999883
0
LINE
8
BLACK
6
CONTINUOUS
10
154.6228729999999985
20
-115.6211039999999883
11
154.5740989999999897
21
-115.6940989999999942
0
LINE
8
BLACK
6
CONTINUOUS
10
154.5740989999999897
20
-115.6940989999999942
11
154.501103999999998
21
-115.7428729999999888
0
LINE
8
BLACK
6
CONTINUOUS
10
154.501103999999998
20
-115.7428729999999888
11
154.414999999999992
21
-115.7599999999999909
0
LINE
8
BLACK
6
CONTINUOUS
10
154.414999999999992
20
-115.7599999999999909
11
144.8649999999999807
21
-115.7599999999999909
0
LINE
8
BLACK
6
CONTINUOUS
10
144.8649999999999807
20
-115.7599999999999909
11
144.7788960000000031
21
-115.7428729999999888
0
LINE
8
BLACK
6
CONTINUOUS
10
144.7788960000000031
20
-115.7428729999999888
11
144.705900999999983
21
-115.6940989999999942
0
LINE
8
BLACK
6
CONTINUOUS
10
144.705900999999983
20
-115.6940989999999942
11
144.6571270000000027
21
-115.6211039999999883
0
LINE
8
BLACK
6
CONTINUOUS
10
144.6571270000000027
20
-115.6211039999999883
11
144.6399999999999864
21
-115.5349999999999966
0
LINE
8
BLACK
6
CONTINUOUS
10
144.6399999999999864
20
-115.5349999999999966
11
144.6399999999999864
21
-114.4849999999999994
0
LINE
8
BLACK
6
CONTINUOUS
10
144.6399999999999864
20
-114.4849999999999994
11
144.6571270000000027
21
-114.3988959999999935
0
LINE
8
BLACK
6
CONTINUOUS
10
144.6571270000000027
20
-114.3988959999999935
11
144.705900999999983
21
-114.3259010000000018
0
LINE
8
BLACK
6
CONTINUOUS
10
144.705900999999983
20
-114.3259010000000018
11
144.7788960000000031
21
-114.277126999999993
0
LINE
8
BLACK
6
CONTINUOUS
10
144.7788960000000031
20
-114.277126999999993
11
144.8649999999999807
21
-114.2599999999999909
0
LINE
8
BLACK
6
CONTINUOUS
10
144.8649999999999807
20
-114.2599999999999909
11
154.414999999999992
21
-114.2599999999999909
0
LINE
8
BLACK
6
CONTINUOUS
10
154.414999999999992
20
-114.2599999999999909
11
154.501103999999998
21
-114.277126999999993
0
LINE
8
BLACK
6
CONTINUOUS
10
184.501103999999998
20
-114.277126999999993
11
184.5740989999999897
21
-114.3259010000000018
0
LINE
8
BLACK
6
CONTINUOUS
10
184.5740989999999897
20
-114.3259010000000018
11
184.6228729999999985
21
-114.3988959999999935
0
LINE
8
BLACK
6
CONTINUOUS
10
184.6228729999999985
20
-114.3988959999999935
11
184.6399999999999864
21
-114.4849999999999994
0
LINE
8
BLACK
6
CONTINUOUS
10
184.6399999999999864
20
-114.4849999999999994
11
184.6399999999999864
21
-115.5349999999999966
0
LINE
8
BLACK
6
CONTINUOUS
10
184.6399999999999864
20
-115.5349999999999966
11
184.6228729999999985
21
-115.6211039999999883
0
LINE
8
BLACK
6
CONTINUOUS
10
184.6228729999999985
20
-115.6211039999999883
11
184.5740989999999897
21
-115.6940989999999942
0
LINE
8
BLACK
6
CONTINUOUS
10
184.5740989999999897
20
-115.6940989999999942
11
184.501103999999998
21
-115.7428729999999888
0
LINE
8
BLACK
6
CONTINUOUS
10
184.501103999999998
20
-115.7428729999999888
11
184.414999999999992
21
-115.7599999999999909
0
LINE
8
BLACK
6
CONTINUOUS
10
184.414999999999992
20
-115.7599999999999909
11
174.8649999999999807
21
-115.7599999999999909
0
LINE
8
BLACK
6
CONTINUOUS
10
174.8649999999999807
20
-115.7599999999999909
11
174.7788960000000031
21
-115.7428729999999888
0
LINE
8
BLACK
6
CONTINUOUS
10
174.7788960000000031
20
-115.7428729999999888
11
174.705900999999983
21
-115.6940989999999942
0
LINE
8
BLACK
6
CONTINUOUS
10
174.705900999999983
20
-115.6940989999999942
11
174.6571270000000027
21
-115.6211039999999883
0
LINE
8
BLACK
6
CONTINUOUS
10
174.6571270000000027
20
-115.6211039999999883
11
174.6399999999999864
21
-115.5349999999999966
0
LINE
8
BLACK
6
CONTINUOUS
10
174.6399999999999864
20
-115.5349999999999966
11
174.6399999999999864
21
-114.4849999999999994
0
LINE
8
BLACK
6
CONTINUOUS
10
174.6399999999999864
20
-114.4849999999999994
11
174.6571270000000027
21
-114.3988959999999935
0
LINE
8
BLACK
6
CONTINUOUS
10
174.6571270000000027
20
-114.3988959999999935
11
174.705900999999983
21
-114.3259010000000018
0
LINE
8
BLACK
6
CONTINUOUS
10
174.705900999999983
20
-114.3259010000000018
11
174.7788960000000031
21
-114.277126999999993
0
LINE
8
BLACK
6
CONTINUOUS
10
174.7788960000000031
20
-114.277126999999993
11
174.8649999999999807
21
-114.2599999999999909
0
LINE
8
BLACK
6
CONTINUOUS
10
174.8649999999999807
20
-114.2599999999999909
11
184.414999999999992
21
-114.2599999999999909
0
LINE
8
BLACK
6
CONTINUOUS
10
184.414999999999992
20
-114.2599999999999909
11
184.501103999999998
21
-114.277126999999993
0
LINE
8
BLACK
6
CONTINUOUS
10
59.1932279999999977
20
-111.7044479999999993
11
59.2307739999999967
21
-111.7199999999999989
0
LINE
8
BLACK
6
CONTINUOUS
10
59.2307739999999967
20
-111.7199999999999989
11
70.8199999999999932
21
-111.7199999999999989
0
LINE
8
BLACK
6
CONTINUOUS
10
70.8199999999999932
20
-111.7199999999999989
11
75.5949999999999989
21
-111.7199999999999989
0
LINE
8
BLACK
6
CONTINUOUS
10
75.5949999999999989
20
-111.7199999999999989
11
75.6811039999999906
21
-111.737127000000001
0
LINE
8
BLACK
6
CONTINUOUS
10
75.6811039999999906
20
-111.737127000000001
11
75.7540989999999965
21
-111.7859009999999955
0
LINE
8
BLACK
6
CONTINUOUS
10
75.7540989999999965
20
-111.7859009999999955
11
75.8028729999999911
21
-111.8588960000000014
0
LINE
8
BLACK
6
CONTINUOUS
10
75.8028729999999911
20
-111.8588960000000014
11
75.8199999999999932
21
-111.9449999999999932
0
LINE
8
BLACK
6
CONTINUOUS
10
75.8199999999999932
20
-111.9449999999999932
11
75.8199999999999932
21
-112.9949999999999903
0
LINE
8
BLACK
6
CONTINUOUS
10
75.8199999999999932
20
-112.9949999999999903
11
75.8028729999999911
21
-113.0811039999999963
0
LINE
8
BLACK
6
CONTINUOUS
10
75.8028729999999911
20
-113.0811039999999963
11
75.7540989999999965
21
-113.154098999999988
0
LINE
8
BLACK
6
CONTINUOUS
10
75.7540989999999965
20
-113.154098999999988
11
75.6811039999999906
21
-113.2028729999999968
0
LINE
8
BLACK
6
CONTINUOUS
10
75.6811039999999906
20
-113.2028729999999968
11
75.5949999999999989
21
-113.2199999999999989
0
LINE
8
BLACK
6
CONTINUOUS
10
75.5949999999999989
20
-113.2199999999999989
11
66.0450000000000017
21
-113.2199999999999989
0
LINE
8
BLACK
6
CONTINUOUS
10
66.0450000000000017
20
-113.2199999999999989
11
59.2307739999999967
21
-113.2199999999999989
0
LINE
8
BLACK
6
CONTINUOUS
10
59.2307739999999967
20
-113.2199999999999989
11
59.1932279999999977
21
-113.2355519999999984
0
LINE
8
BLACK
6
CONTINUOUS
10
59.1932279999999977
20
-113.2355519999999984
11
59.0394140000000007
21
-113.2661480000000012
0
LINE
8
BLACK
6
CONTINUOUS
10
59.0394140000000007
20
-113.2661480000000012
11
58.8825859999999963
21
-113.2661480000000012
0
LINE
8
BLACK
6
CONTINUOUS
10
58.8825859999999963
20
-113.2661480000000012
11
58.7287719999999993
21
-113.2355519999999984
0
LINE
8
BLACK
6
CONTINUOUS
10
58.7287719999999993
20
-113.2355519999999984
11
58.5838830000000002
21
-113.1755369999999914
0
LINE
8
BLACK
6
CONTINUOUS
10
58.5838830000000002
20
-113.1755369999999914
11
58.4534850000000006
21
-113.0884080000000012
0
LINE
8
BLACK
6
CONTINUOUS
10
58.4534850000000006
20
-113.0884080000000012
11
58.3425919999999962
21
-112.9775149999999968
0
LINE
8
BLACK
6
CONTINUOUS
10
58.3425919999999962
20
-112.9775149999999968
11
58.2554629999999989
21
-112.8471169999999972
0
LINE
8
BLACK
6
CONTINUOUS
10
58.2554629999999989
20
-112.8471169999999972
11
58.195447999999999
21
-112.702227999999991
0
LINE
8
BLACK
6
CONTINUOUS
10
58.195447999999999
20
-112.702227999999991
11
58.1648519999999962
21
-112.548413999999994
0
LINE
8
BLACK
6
CONTINUOUS
10
58.1648519999999962
20
-112.548413999999994
11
58.1648519999999962
21
-112.3915859999999896
0
LINE
8
BLACK
6
CONTINUOUS
10
58.1648519999999962
20
-112.3915859999999896
11
58.195447999999999
21
-112.2377719999999925
0
LINE
8
BLACK
6
CONTINUOUS
10
58.195447999999999
20
-112.2377719999999925
11
58.2554629999999989
21
-112.0928830000000005
0
LINE
8
BLACK
6
CONTINUOUS
10
58.2554629999999989
20
-112.0928830000000005
11
58.3425919999999962
21
-111.9624850000000009
0
LINE
8
BLACK
6
CONTINUOUS
10
58.3425919999999962
20
-111.9624850000000009
11
58.4534850000000006
21
-111.8515919999999966
0
LINE
8
BLACK
6
CONTINUOUS
10
58.4534850000000006
20
-111.8515919999999966
11
58.5838830000000002
21
-111.7644629999999921
0
LINE
8
BLACK
6
CONTINUOUS
10
58.5838830000000002
20
-111.7644629999999921
11
58.7287719999999993
21
-111.7044479999999993
0
LINE
8
BLACK
6
CONTINUOUS
10
58.7287719999999993
20
-111.7044479999999993
11
58.8825859999999963
21
-111.6738519999999966
0
LINE
8
BLACK
6
CONTINUOUS
10
58.8825859999999963
20
-111.6738519999999966
11
59.0394140000000007
21
-111.6738519999999966
0
LINE
8
BLACK
6
CONTINUOUS
10
59.0394140000000007
20
-111.6738519999999966
11
59.1932279999999977
21
-111.7044479999999993
0
LINE
8
BLACK
6
CONTINUOUS
10
105.6811039999999906
20
-111.737127000000001
11
105.7540989999999965
21
-111.7859009999999955
0
LINE
8
BLACK
6
CONTINUOUS
10
105.7540989999999965
20
-111.7859009999999955
11
105.8028729999999911
21
-111.8588960000000014
0
LINE
8
BLACK
6
CONTINUOUS
10
105.8028729999999911
20
-111.8588960000000014
11
105.8199999999999932
21
-111.9449999999999932
0
LINE
8
BLACK
6
CONTINUOUS
10
105.8199999999999932
20
-111.9449999999999932
11
105.8199999999999932
21
-112.9949999999999903
0
LINE
8
BLACK
6
CONTINUOUS
10
105.8199999999999932
20
-112.9949999999999903
11
105.8028729999999911
21
-113.0811039999999963
0
LINE
8
BLACK
6
CONTINUOUS
10
105.8028729999999911
20
-113.0811039999999963
11
105.7540989999999965
21
-113.154098999999988
0
LINE
8
BLACK
6
CONTINUOUS
10
105.7540989999999965
20
-113.154098999999988
11
105.6811039999999906
21
-113.2028729999999968
0
LINE
8
BLACK
6
CONTINUOUS
10
105.6811039999999906
20
-113.2028729999999968
11
105.5949999999999989
21
-113.2199999999999989
0
LINE
8
BLACK
6
CONTINUOUS
10
105.5949999999999989
20
-113.2199999999999989
11
96.0450000000000017
21
-113.2199999999999989
0
LINE
8
BLACK
6
CONTINUOUS
10
96.0450000000000017
20
-113.2199999999999989
11
95.9588959999999958
21
-113.2028729999999968
0
LINE
8
BLACK
6
CONTINUOUS
10
95.9588959999999958
20
-113.2028729999999968
11
95.8859009999999898
21
-113.154098999999988
0
LINE
8
BLACK
6
CONTINUOUS
10
95.8859009999999898
20
-113.154098999999988
11
95.8371269999999953
21
-113.0811039999999963
0
LINE
8
BLACK
6
CONTINUOUS
10
95.8371269999999953
20
-113.0811039999999963
11
95.8199999999999932
21
-112.9949999999999903
0
LINE
8
BLACK
6
CONTINUOUS
10
95.8199999999999932
20
-112.9949999999999903
11
95.8199999999999932
21
-111.9449999999999932
0
LINE
8
BLACK
6
CONTINUOUS
10
95.8199999999999932
20
-111.9449999999999932
11
95.8371269999999953
21
-111.8588960000000014
0
LINE
8
BLACK
6
CONTINUOUS
10
95.8371269999999953
20
-111.8588960000000014
11
95.8859009999999898
21
-111.7859009999999955
0
LINE
8
BLACK
6
CONTINUOUS
10
95.8859009999999898
20
-111.7859009999999955
11
95.9588959999999958
21
-111.737127000000001
0
LINE
8
BLACK
6
CONTINUOUS
10
95.9588959999999958
20
-111.737127000000001
11
96.0450000000000017
21
-111.7199999999999989
0
LINE
8
BLACK
6
CONTINUOUS
10
96.0450000000000017
20
-111.7199999999999989
11
105.5949999999999989
21
-111.7199999999999989
0
LINE
8
BLACK
6
CONTINUOUS
10
105.5949999999999989
20
-111.7199999999999989
11
105.6811039999999906
21
-111.737127000000001
0
LINE
8
BLACK
6
CONTINUOUS
10
154.501103999999998
20
-111.737127000000001
11
154.5740989999999897
21
-111.7859009999999955
0
LINE
8
BLACK
6
CONTINUOUS
10
154.5740989999999897
20
-111.7859009999999955
11
154.6228729999999985
21
-111.8588960000000014
0
LINE
8
BLACK
6
CONTINUOUS
10
154.6228729999999985
20
-111.8588960000000014
11
154.6399999999999864
21
-111.9449999999999932
0
LINE
8
BLACK
6
CONTINUOUS
10
154.6399999999999864
20
-111.9449999999999932
11
154.6399999999999864
21
-112.9949999999999903
0
LINE
8
BLACK
6
CONTINUOUS
10
154.6399999999999864
20
-112.9949999999999903
11
154.6228729999999985
21
-113.0811039999999963
0
LINE
8
BLACK
6
CONTINUOUS
10
154.6228729999999985
20
-113.0811039999999963
11
154.5740989999999897
21
-113.154098999999988
0
LINE
8
BLACK
6
CONTINUOUS
10
154.5740989999999897
20
-113.154098999999988
11
154.501103999999998
21
-113.2028729999999968
0
LINE
8
BLACK
6
CONTINUOUS
10
154.501103999999998
20
-113.2028729999999968
11
154.414999999999992
21
-113.2199999999999989
0
LINE
8
BLACK
6
CONTINUOUS
10
154.414999999999992
20
-113.2199999999999989
11
144.8649999999999807
21
-113.2199999999999989
0
LINE
8
BLACK
6
CONTINUOUS
10
144.8649999999999807
20
-113.2199999999999989
11
144.7788960000000031
21
-113.2028729999999968
0
LINE
8
BLACK
6
CONTINUOUS
10
144.7788960000000031
20
-113.2028729999999968
11
144.705900999999983
21
-113.154098999999988
0
LINE
8
BLACK
6
CONTINUOUS
10
144.705900999999983
20
-113.154098999999988
11
144.6571270000000027
21
-113.0811039999999963
0
LINE
8
BLACK
6
CONTINUOUS
10
144.6571270000000027
20
-113.0811039999999963
11
144.6399999999999864
21
-112.9949999999999903
0
LINE
8
BLACK
6
CONTINUOUS
10
144.6399999999999864
20
-112.9949999999999903
11
144.6399999999999864
21
-111.9449999999999932
0
LINE
8
BLACK
6
CONTINUOUS
10
144.6399999999999864
20
-111.9449999999999932
11
144.6571270000000027
21
-111.8588960000000014
0
LINE
8
BLACK
6
CONTINUOUS
10
144.6571270000000027
20
-111.8588960000000014
11
144.705900999999983
21
-111.7859009999999955
0
LINE
8
BLACK
6
CONTINUOUS
10
144.705900999999983
20
-111.7859009999999955
11
144.7788960000000031
21
-111.737127000000001
0
LINE
8
BLACK
6
CONTINUOUS
10
144.7788960000000031
20
-111.737127000000001
11
144.8649999999999807
21
-111.7199999999999989
0
LINE
8
BLACK
6
CONTINUOUS
10
144.8649999999999807
20
-111.7199999999999989
11
154.414999999999992
21
-111.7199999999999989
0
LINE
8
BLACK
6
CONTINUOUS
10
154.414999999999992
20
-111.7199999999999989
11
154.501103999999998
21
-111.737127000000001
0
LINE
8
BLACK
6
CONTINUOUS
10
184.501103999999998
20
-111.737127000000001
11
184.5740989999999897
21
-111.7859009999999955
0
LINE
8
BLACK
6
CONTINUOUS
10
184.5740989999999897
20
-111.7859009999999955
11
184.6228729999999985
21
-111.8588960000000014
0
LINE
8
BLACK
6
CONTINUOUS
10
184.6228729999999985
20
-111.8588960000000014
11
184.6399999999999864
21
-111.9449999999999932
0
LINE
8
BLACK
6
CONTINUOUS
10
184.6399999999999864
20
-111.9449999999999932
11
184.6399999999999864
21
-112.9949999999999903
0
LINE
8
BLACK
6
CONTINUOUS
10
184.6399999999999864
20
-112.9949999999999903
11
184.6228729999999985
21
-113.0811039999999963
0
LINE
8
BLACK
6
CONTINUOUS
10
184.6228729999999985
20
-113.0811039999999963
11
184.5740989999999897
21
-113.154098999999988
0
LINE
8
BLACK
6
CONTINUOUS
10
184.5740989999999897
20
-113.154098999999988
11
184.501103999999998
21
-113.2028729999999968
0
LINE
8
BLACK
6
CONTINUOUS
10
184.501103999999998
20
-113.2028729999999968
11
184.414999999999992
21
-113.2199999999999989
0
LINE
8
BLACK
6
CONTINUOUS
10
184.414999999999992
20
-113.2199999999999989
11
174.8649999999999807
21
-113.2199999999999989
0
LINE
8
BLACK
6
CONTINUOUS
10
174.8649999999999807
20
-113.2199999999999989
11
174.7788960000000031
21
-113.2028729999999968
0
LINE
8
BLACK
6
CONTINUOUS
10
174.7788960000000031
20
-113.2028729999999968
11
174.705900999999983
21
-113.154098999999988
0
LINE
8
BLACK
6
CONTINUOUS
10
174.705900999999983
20
-113.154098999999988
11
174.6571270000000027
21
-113.0811039999999963
0
LINE
8
BLACK
6
CONTINUOUS
10
174.6571270000000027
20
-113.0811039999999963
11
174.6399999999999864
21
-112.9949999999999903
0
LINE
8
BLACK
6
CONTINUOUS
10
174.6399999999999864
20
-112.9949999999999903
11
174.6399999999999864
21
-111.9449999999999932
0
LINE
8
BLACK
6
CONTINUOUS
10
174.6399999999999864
20
-111.9449999999999932
11
174.6571270000000027
21
-111.8588960000000014
0
LINE
8
BLACK
6
CONTINUOUS
10
174.6571270000000027
20
-111.8588960000000014
11
174.705900999999983
21
-111.7859009999999955
0
LINE
8
BLACK
6
CONTINUOUS
10
174.705900999999983
20
-111.7859009999999955
11
174.7788960000000031
21
-111.737127000000001
0
LINE
8
BLACK
6
CONTINUOUS
10
174.7788960000000031
20
-111.737127000000001
11
174.8649999999999807
21
-111.7199999999999989
0
LINE
8
BLACK
6
CONTINUOUS
10
174.8649999999999807
20
-111.7199999999999989
11
184.414999999999992
21
-111.7199999999999989
0
LINE
8
BLACK
6
CONTINUOUS
10
184.414999999999992
20
-111.7199999999999989
11
184.501103999999998
21
-111.737127000000001
0
LINE
8
BLACK
6
CONTINUOUS
10
59.1832279999999997
20
-109.164447999999993
11
59.2207739999999987
21
-109.1799999999999926
0
LINE
8
BLACK
6
CONTINUOUS
10
59.2207739999999987
20
-109.1799999999999926
11
70.8199999999999932
21
-109.1799999999999926
0
LINE
8
BLACK
6
CONTINUOUS
10
70.8199999999999932
20
-109.1799999999999926
11
75.5949999999999989
21
-109.1799999999999926
0
LINE
8
BLACK
6
CONTINUOUS
10
75.5949999999999989
20
-109.1799999999999926
11
75.6811039999999906
21
-109.1971269999999947
0
LINE
8
BLACK
6
CONTINUOUS
10
75.6811039999999906
20
-109.1971269999999947
11
75.7540989999999965
21
-109.2459009999999893
0
LINE
8
BLACK
6
CONTINUOUS
10
75.7540989999999965
20
-109.2459009999999893
11
75.8028729999999911
21
-109.3188959999999952
0
LINE
8
BLACK
6
CONTINUOUS
10
75.8028729999999911
20
-109.3188959999999952
11
75.8199999999999932
21
-109.4050000000000011
0
LINE
8
BLACK
6
CONTINUOUS
10
75.8199999999999932
20
-109.4050000000000011
11
75.8199999999999932
21
-110.4549999999999983
0
LINE
8
BLACK
6
CONTINUOUS
10
75.8199999999999932
20
-110.4549999999999983
11
75.8028729999999911
21
-110.54110399999999
0
LINE
8
BLACK
6
CONTINUOUS
10
75.8028729999999911
20
-110.54110399999999
11
75.7540989999999965
21
-110.614098999999996
0
LINE
8
BLACK
6
CONTINUOUS
10
75.7540989999999965
20
-110.614098999999996
11
75.6811039999999906
21
-110.6628729999999905
0
LINE
8
BLACK
6
CONTINUOUS
10
75.6811039999999906
20
-110.6628729999999905
11
75.5949999999999989
21
-110.6799999999999926
0
LINE
8
BLACK
6
CONTINUOUS
10
75.5949999999999989
20
-110.6799999999999926
11
66.0450000000000017
21
-110.6799999999999926
0
LINE
8
BLACK
6
CONTINUOUS
10
66.0450000000000017
20
-110.6799999999999926
11
59.2207739999999987
21
-110.6799999999999926
0
LINE
8
BLACK
6
CONTINUOUS
10
59.2207739999999987
20
-110.6799999999999926
11
59.1832279999999997
21
-110.6955519999999922
0
LINE
8
BLACK
6
CONTINUOUS
10
59.1832279999999997
20
-110.6955519999999922
11
59.0294139999999956
21
-110.7261479999999949
0
LINE
8
BLACK
6
CONTINUOUS
10
59.0294139999999956
20
-110.7261479999999949
11
58.8725859999999983
21
-110.7261479999999949
0
LINE
8
BLACK
6
CONTINUOUS
10
58.8725859999999983
20
-110.7261479999999949
11
58.7187719999999942
21
-110.6955519999999922
0
LINE
8
BLACK
6
CONTINUOUS
10
58.7187719999999942
20
-110.6955519999999922
11
58.573882999999995
21
-110.6355369999999994
0
LINE
8
BLACK
6
CONTINUOUS
10
58.573882999999995
20
-110.6355369999999994
11
58.4434849999999955
21
-110.5484079999999949
0
LINE
8
BLACK
6
CONTINUOUS
10
58.4434849999999955
20
-110.5484079999999949
11
58.3325919999999982
21
-110.4375149999999906
0
LINE
8
BLACK
6
CONTINUOUS
10
58.3325919999999982
20
-110.4375149999999906
11
58.2454630000000009
21
-110.307116999999991
0
LINE
8
BLACK
6
CONTINUOUS
10
58.2454630000000009
20
-110.307116999999991
11
58.1854479999999938
21
-110.1622279999999989
0
LINE
8
BLACK
6
CONTINUOUS
10
58.1854479999999938
20
-110.1622279999999989
11
58.1548519999999982
21
-110.0084140000000019
0
LINE
8
BLACK
6
CONTINUOUS
10
58.1548519999999982
20
-110.0084140000000019
11
58.1548519999999982
21
-109.8515859999999975
0
LINE
8
BLACK
6
CONTINUOUS
10
58.1548519999999982
20
-109.8515859999999975
11
58.1854479999999938
21
-109.6977720000000005
0
LINE
8
BLACK
6
CONTINUOUS
10
58.1854479999999938
20
-109.6977720000000005
11
58.2454630000000009
21
-109.5528829999999942
0
LINE
8
BLACK
6
CONTINUOUS
10
58.2454630000000009
20
-109.5528829999999942
11
58.3325919999999982
21
-109.4224849999999947
0
LINE
8
BLACK
6
CONTINUOUS
10
58.3325919999999982
20
-109.4224849999999947
11
58.4434849999999955
21
-109.3115919999999903
0
LINE
8
BLACK
6
CONTINUOUS
10
58.4434849999999955
20
-109.3115919999999903
11
58.573882999999995
21
-109.2244630000000001
0
LINE
8
BLACK
6
CONTINUOUS
10
58.573882999999995
20
-109.2244630000000001
11
58.7187719999999942
21
-109.164447999999993
0
LINE
8
BLACK
6
CONTINUOUS
10
58.7187719999999942
20
-109.164447999999993
11
58.8725859999999983
21
-109.1338519999999903
0
LINE
8
BLACK
6
CONTINUOUS
10
58.8725859999999983
20
-109.1338519999999903
11
59.0294139999999956
21
-109.1338519999999903
0
LINE
8
BLACK
6
CONTINUOUS
10
59.0294139999999956
20
-109.1338519999999903
11
59.1832279999999997
21
-109.164447999999993
0
LINE
8
BLACK
6
CONTINUOUS
10
105.6811039999999906
20
-109.1971269999999947
11
105.7540989999999965
21
-109.2459009999999893
0
LINE
8
BLACK
6
CONTINUOUS
10
105.7540989999999965
20
-109.2459009999999893
11
105.8028729999999911
21
-109.3188959999999952
0
LINE
8
BLACK
6
CONTINUOUS
10
105.8028729999999911
20
-109.3188959999999952
11
105.8199999999999932
21
-109.4050000000000011
0
LINE
8
BLACK
6
CONTINUOUS
10
105.8199999999999932
20
-109.4050000000000011
11
105.8199999999999932
21
-110.4549999999999983
0
LINE
8
BLACK
6
CONTINUOUS
10
105.8199999999999932
20
-110.4549999999999983
11
105.8028729999999911
21
-110.54110399999999
0
LINE
8
BLACK
6
CONTINUOUS
10
105.8028729999999911
20
-110.54110399999999
11
105.7540989999999965
21
-110.614098999999996
0
LINE
8
BLACK
6
CONTINUOUS
10
105.7540989999999965
20
-110.614098999999996
11
105.6811039999999906
21
-110.6628729999999905
0
LINE
8
BLACK
6
CONTINUOUS
10
105.6811039999999906
20
-110.6628729999999905
11
105.5949999999999989
21
-110.6799999999999926
0
LINE
8
BLACK
6
CONTINUOUS
10
105.5949999999999989
20
-110.6799999999999926
11
96.0450000000000017
21
-110.6799999999999926
0
LINE
8
BLACK
6
CONTINUOUS
10
96.0450000000000017
20
-110.6799999999999926
11
95.9588959999999958
21
-110.6628729999999905
0
LINE
8
BLACK
6
CONTINUOUS
10
95.9588959999999958
20
-110.6628729999999905
11
95.8859009999999898
21
-110.614098999999996
0
LINE
8
BLACK
6
CONTINUOUS
10
95.8859009999999898
20
-110.614098999999996
11
95.8371269999999953
21
-110.54110399999999
0
LINE
8
BLACK
6
CONTINUOUS
10
95.8371269999999953
20
-110.54110399999999
11
95.8199999999999932
21
-110.4549999999999983
0
LINE
8
BLACK
6
CONTINUOUS
10
95.8199999999999932
20
-110.4549999999999983
11
95.8199999999999932
21
-109.4050000000000011
0
LINE
8
BLACK
6
CONTINUOUS
10
95.8199999999999932
20
-109.4050000000000011
11
95.8371269999999953
21
-109.3188959999999952
0
LINE
8
BLACK
6
CONTINUOUS
10
95.8371269999999953
20
-109.3188959999999952
11
95.8859009999999898
21
-109.2459009999999893
0
LINE
8
BLACK
6
CONTINUOUS
10
95.8859009999999898
20
-109.2459009999999893
11
95.9588959999999958
21
-109.1971269999999947
0
LINE
8
BLACK
6
CONTINUOUS
10
95.9588959999999958
20
-109.1971269999999947
11
96.0450000000000017
21
-109.1799999999999926
0
LINE
8
BLACK
6
CONTINUOUS
10
96.0450000000000017
20
-109.1799999999999926
11
105.5949999999999989
21
-109.1799999999999926
0
LINE
8
BLACK
6
CONTINUOUS
10
105.5949999999999989
20
-109.1799999999999926
11
105.6811039999999906
21
-109.1971269999999947
0
LINE
8
BLACK
6
CONTINUOUS
10
154.501103999999998
20
-109.1971269999999947
11
154.5740989999999897
21
-109.2459009999999893
0
LINE
8
BLACK
6
CONTINUOUS
10
154.5740989999999897
20
-109.2459009999999893
11
154.6228729999999985
21
-109.3188959999999952
0
LINE
8
BLACK
6
CONTINUOUS
10
154.6228729999999985
20
-109.3188959999999952
11
154.6399999999999864
21
-109.4050000000000011
0
LINE
8
BLACK
6
CONTINUOUS
10
154.6399999999999864
20
-109.4050000000000011
11
154.6399999999999864
21
-110.4549999999999983
0
LINE
8
BLACK
6
CONTINUOUS
10
154.6399999999999864
20
-110.4549999999999983
11
154.6228729999999985
21
-110.54110399999999
0
LINE
8
BLACK
6
CONTINUOUS
10
154.6228729999999985
20
-110.54110399999999
11
154.5740989999999897
21
-110.614098999999996
0
LINE
8
BLACK
6
CONTINUOUS
10
154.5740989999999897
20
-110.614098999999996
11
154.501103999999998
21
-110.6628729999999905
0
LINE
8
BLACK
6
CONTINUOUS
10
154.501103999999998
20
-110.6628729999999905
11
154.414999999999992
21
-110.6799999999999926
0
LINE
8
BLACK
6
CONTINUOUS
10
154.414999999999992
20
-110.6799999999999926
11
144.8649999999999807
21
-110.6799999999999926
0
LINE
8
BLACK
6
CONTINUOUS
10
144.8649999999999807
20
-110.6799999999999926
11
144.7788960000000031
21
-110.6628729999999905
0
LINE
8
BLACK
6
CONTINUOUS
10
144.7788960000000031
20
-110.6628729999999905
11
144.705900999999983
21
-110.614098999999996
0
LINE
8
BLACK
6
CONTINUOUS
10
144.705900999999983
20
-110.614098999999996
11
144.6571270000000027
21
-110.54110399999999
0
LINE
8
BLACK
6
CONTINUOUS
10
144.6571270000000027
20
-110.54110399999999
11
144.6399999999999864
21
-110.4549999999999983
0
LINE
8
BLACK
6
CONTINUOUS
10
144.6399999999999864
20
-110.4549999999999983
11
144.6399999999999864
21
-109.4050000000000011
0
LINE
8
BLACK
6
CONTINUOUS
10
144.6399999999999864
20
-109.4050000000000011
11
144.6571270000000027
21
-109.3188959999999952
0
LINE
8
BLACK
6
CONTINUOUS
10
144.6571270000000027
20
-109.3188959999999952
11
144.705900999999983
21
-109.2459009999999893
0
LINE
8
BLACK
6
CONTINUOUS
10
144.705900999999983
20
-109.2459009999999893
11
144.7788960000000031
21
-109.1971269999999947
0
LINE
8
BLACK
6
CONTINUOUS
10
144.7788960000000031
20
-109.1971269999999947
11
144.8649999999999807
21
-109.1799999999999926
0
LINE
8
BLACK
6
CONTINUOUS
10
144.8649999999999807
20
-109.1799999999999926
11
154.414999999999992
21
-109.1799999999999926
0
LINE
8
BLACK
6
CONTINUOUS
10
154.414999999999992
20
-109.1799999999999926
11
154.501103999999998
21
-109.1971269999999947
0
LINE
8
BLACK
6
CONTINUOUS
10
184.501103999999998
20
-109.1971269999999947
11
184.5740989999999897
21
-109.2459009999999893
0
LINE
8
BLACK
6
CONTINUOUS
10
184.5740989999999897
20
-109.2459009999999893
11
184.6228729999999985
21
-109.3188959999999952
0
LINE
8
BLACK
6
CONTINUOUS
10
184.6228729999999985
20
-109.3188959999999952
11
184.6399999999999864
21
-109.4050000000000011
0
LINE
8
BLACK
6
CONTINUOUS
10
184.6399999999999864
20
-109.4050000000000011
11
184.6399999999999864
21
-110.4549999999999983
0
LINE
8
BLACK
6
CONTINUOUS
10
184.6399999999999864
20
-110.4549999999999983
11
184.6228729999999985
21
-110.54110399999999
0
LINE
8
BLACK
6
CONTINUOUS
10
184.6228729999999985
20
-110.54110399999999
11
184.5740989999999897
21
-110.614098999999996
0
LINE
8
BLACK
6
CONTINUOUS
10
184.5740989999999897
20
-110.614098999999996
11
184.501103999999998
21
-110.6628729999999905
0
LINE
8
BLACK
6
CONTINUOUS
10
184.501103999999998
20
-110.6628729999999905
11
184.414999999999992
21
-110.6799999999999926
0
LINE
8
BLACK
6
CONTINUOUS
10
184.414999999999992
20
-110.6799999999999926
11
174.8649999999999807
21
-110.6799999999999926
0
LINE
8
BLACK
6
CONTINUOUS
10
174.8649999999999807
20
-110.6799999999999926
11
174.7788960000000031
21
-110.6628729999999905
0
LINE
8
BLACK
6
CONTINUOUS
10
174.7788960000000031
20
-110.6628729999999905
11
174.705900999999983
21
-110.614098999999996
0
LINE
8
BLACK
6
CONTINUOUS
10
174.705900999999983
20
-110.614098999999996
11
174.6571270000000027
21
-110.54110399999999
0
LINE
8
BLACK
6
CONTINUOUS
10
174.6571270000000027
20
-110.54110399999999
11
174.6399999999999864
21
-110.4549999999999983
0
LINE
8
BLACK
6
CONTINUOUS
10
174.6399999999999864
20
-110.4549999999999983
11
174.6399999999999864
21
-109.4050000000000011
0
LINE
8
BLACK
6
CONTINUOUS
10
174.6399999999999864
20
-109.4050000000000011
11
174.6571270000000027
21
-109.3188959999999952
0
LINE
8
BLACK
6
CONTINUOUS
10
174.6571270000000027
20
-109.3188959999999952
11
174.705900999999983
21
-109.2459009999999893
0
LINE
8
BLACK
6
CONTINUOUS
10
174.705900999999983
20
-109.2459009999999893
11
174.7788960000000031
21
-109.1971269999999947
0
LINE
8
BLACK
6
CONTINUOUS
10
174.7788960000000031
20
-109.1971269999999947
11
174.8649999999999807
21
-109.1799999999999926
0
LINE
8
BLACK
6
CONTINUOUS
10
174.8649999999999807
20
-109.1799999999999926
11
184.414999999999992
21
-109.1799999999999926
0
LINE
8
BLACK
6
CONTINUOUS
10
184.414999999999992
20
-109.1799999999999926
11
184.501103999999998
21
-109.1971269999999947
0
LINE
8
BLACK
6
CONTINUOUS
10
230.7011039999999866
20
-108.5771269999999902
11
230.7740989999999783
21
-108.6259009999999989
0
LINE
8
BLACK
6
CONTINUOUS
10
230.7740989999999783
20
-108.6259009999999989
11
230.8228729999999871
21
-108.6988959999999906
0
LINE
8
BLACK
6
CONTINUOUS
10
230.8228729999999871
20
-108.6988959999999906
11
230.8400000000000034
21
-108.7849999999999966
0
LINE
8
BLACK
6
CONTINUOUS
10
230.8400000000000034
20
-108.7849999999999966
11
230.8400000000000034
21
-109.8349999999999937
0
LINE
8
BLACK
6
CONTINUOUS
10
230.8400000000000034
20
-109.8349999999999937
11
230.8228729999999871
21
-109.9211039999999997
0
LINE
8
BLACK
6
CONTINUOUS
10
230.8228729999999871
20
-109.9211039999999997
11
230.7740989999999783
21
-109.9940989999999914
0
LINE
8
BLACK
6
CONTINUOUS
10
230.7740989999999783
20
-109.9940989999999914
11
230.7011039999999866
21
-110.0428730000000002
0
LINE
8
BLACK
6
CONTINUOUS
10
230.7011039999999866
20
-110.0428730000000002
11
230.6149999999999807
21
-110.0599999999999881
0
LINE
8
BLACK
6
CONTINUOUS
10
230.6149999999999807
20
-110.0599999999999881
11
221.0649999999999977
21
-110.0599999999999881
0
LINE
8
BLACK
6
CONTINUOUS
10
221.0649999999999977
20
-110.0599999999999881
11
220.9788959999999918
21
-110.0428730000000002
0
LINE
8
BLACK
6
CONTINUOUS
10
220.9788959999999918
20
-110.0428730000000002
11
220.9059010000000001
21
-109.9940989999999914
0
LINE
8
BLACK
6
CONTINUOUS
10
220.9059010000000001
20
-109.9940989999999914
11
220.8571269999999913
21
-109.9211039999999997
0
LINE
8
BLACK
6
CONTINUOUS
10
220.8571269999999913
20
-109.9211039999999997
11
220.8400000000000034
21
-109.8349999999999937
0
LINE
8
BLACK
6
CONTINUOUS
10
220.8400000000000034
20
-109.8349999999999937
11
220.8400000000000034
21
-108.7849999999999966
0
LINE
8
BLACK
6
CONTINUOUS
10
220.8400000000000034
20
-108.7849999999999966
11
220.8571269999999913
21
-108.6988959999999906
0
LINE
8
BLACK
6
CONTINUOUS
10
220.8571269999999913
20
-108.6988959999999906
11
220.9059010000000001
21
-108.6259009999999989
0
LINE
8
BLACK
6
CONTINUOUS
10
220.9059010000000001
20
-108.6259009999999989
11
220.9788959999999918
21
-108.5771269999999902
0
LINE
8
BLACK
6
CONTINUOUS
10
220.9788959999999918
20
-108.5771269999999902
11
221.0649999999999977
21
-108.5599999999999881
0
LINE
8
BLACK
6
CONTINUOUS
10
221.0649999999999977
20
-108.5599999999999881
11
230.6149999999999807
21
-108.5599999999999881
0
LINE
8
BLACK
6
CONTINUOUS
10
230.6149999999999807
20
-108.5599999999999881
11
230.7011039999999866
21
-108.5771269999999902
0
LINE
8
BLACK
6
CONTINUOUS
10
59.1932279999999977
20
-106.624448000000001
11
59.2307739999999967
21
-106.6400000000000006
0
LINE
8
BLACK
6
CONTINUOUS
10
59.2307739999999967
20
-106.6400000000000006
11
70.8199999999999932
21
-106.6400000000000006
0
LINE
8
BLACK
6
CONTINUOUS
10
70.8199999999999932
20
-106.6400000000000006
11
75.5949999999999989
21
-106.6400000000000006
0
LINE
8
BLACK
6
CONTINUOUS
10
75.5949999999999989
20
-106.6400000000000006
11
75.6811039999999906
21
-106.6571269999999885
0
LINE
8
BLACK
6
CONTINUOUS
10
75.6811039999999906
20
-106.6571269999999885
11
75.7540989999999965
21
-106.7059009999999972
0
LINE
8
BLACK
6
CONTINUOUS
10
75.7540989999999965
20
-106.7059009999999972
11
75.8028729999999911
21
-106.7788959999999889
0
LINE
8
BLACK
6
CONTINUOUS
10
75.8028729999999911
20
-106.7788959999999889
11
75.8199999999999932
21
-106.8649999999999949
0
LINE
8
BLACK
6
CONTINUOUS
10
75.8199999999999932
20
-106.8649999999999949
11
75.8199999999999932
21
-107.914999999999992
0
LINE
8
BLACK
6
CONTINUOUS
10
75.8199999999999932
20
-107.914999999999992
11
75.8028729999999911
21
-108.001103999999998
0
LINE
8
BLACK
6
CONTINUOUS
10
75.8028729999999911
20
-108.001103999999998
11
75.7540989999999965
21
-108.0740989999999897
0
LINE
8
BLACK
6
CONTINUOUS
10
75.7540989999999965
20
-108.0740989999999897
11
75.6811039999999906
21
-108.1228729999999985
0
LINE
8
BLACK
6
CONTINUOUS
10
75.6811039999999906
20
-108.1228729999999985
11
75.5949999999999989
21
-108.1400000000000006
0
LINE
8
BLACK
6
CONTINUOUS
10
75.5949999999999989
20
-108.1400000000000006
11
66.0450000000000017
21
-108.1400000000000006
0
LINE
8
BLACK
6
CONTINUOUS
10
66.0450000000000017
20
-108.1400000000000006
11
59.2307739999999967
21
-108.1400000000000006
0
LINE
8
BLACK
6
CONTINUOUS
10
59.2307739999999967
20
-108.1400000000000006
11
59.1932279999999977
21
-108.1555520000000001
0
LINE
8
BLACK
6
CONTINUOUS
10
59.1932279999999977
20
-108.1555520000000001
11
59.0394140000000007
21
-108.1861479999999887
0
LINE
8
BLACK
6
CONTINUOUS
10
59.0394140000000007
20
-108.1861479999999887
11
58.8825859999999963
21
-108.1861479999999887
0
LINE
8
BLACK
6
CONTINUOUS
10
58.8825859999999963
20
-108.1861479999999887
11
58.7287719999999993
21
-108.1555520000000001
0
LINE
8
BLACK
6
CONTINUOUS
10
58.7287719999999993
20
-108.1555520000000001
11
58.5838830000000002
21
-108.0955369999999931
0
LINE
8
BLACK
6
CONTINUOUS
10
58.5838830000000002
20
-108.0955369999999931
11
58.4534850000000006
21
-108.0084079999999886
0
LINE
8
BLACK
6
CONTINUOUS
10
58.4534850000000006
20
-108.0084079999999886
11
58.3425919999999962
21
-107.8975149999999985
0
LINE
8
BLACK
6
CONTINUOUS
10
58.3425919999999962
20
-107.8975149999999985
11
58.2554629999999989
21
-107.7671169999999989
0
LINE
8
BLACK
6
CONTINUOUS
10
58.2554629999999989
20
-107.7671169999999989
11
58.195447999999999
21
-107.6222279999999927
0
LINE
8
BLACK
6
CONTINUOUS
10
58.195447999999999
20
-107.6222279999999927
11
58.1648519999999962
21
-107.4684139999999957
0
LINE
8
BLACK
6
CONTINUOUS
10
58.1648519999999962
20
-107.4684139999999957
11
58.1648519999999962
21
-107.3115859999999913
0
LINE
8
BLACK
6
CONTINUOUS
10
58.1648519999999962
20
-107.3115859999999913
11
58.195447999999999
21
-107.1577719999999943
0
LINE
8
BLACK
6
CONTINUOUS
10
58.195447999999999
20
-107.1577719999999943
11
58.2554629999999989
21
-107.0128830000000022
0
LINE
8
BLACK
6
CONTINUOUS
10
58.2554629999999989
20
-107.0128830000000022
11
58.3425919999999962
21
-106.8824849999999884
0
LINE
8
BLACK
6
CONTINUOUS
10
58.3425919999999962
20
-106.8824849999999884
11
58.4534850000000006
21
-106.7715919999999983
0
LINE
8
BLACK
6
CONTINUOUS
10
58.4534850000000006
20
-106.7715919999999983
11
58.5838830000000002
21
-106.6844629999999938
0
LINE
8
BLACK
6
CONTINUOUS
10
58.5838830000000002
20
-106.6844629999999938
11
58.7287719999999993
21
-106.624448000000001
0
LINE
8
BLACK
6
CONTINUOUS
10
58.7287719999999993
20
-106.624448000000001
11
58.8825859999999963
21
-106.5938519999999983
0
LINE
8
BLACK
6
CONTINUOUS
10
58.8825859999999963
20
-106.5938519999999983
11
59.0394140000000007
21
-106.5938519999999983
0
LINE
8
BLACK
6
CONTINUOUS
10
59.0394140000000007
20
-106.5938519999999983
11
59.1932279999999977
21
-106.624448000000001
0
LINE
8
BLACK
6
CONTINUOUS
10
105.6811039999999906
20
-106.6571269999999885
11
105.7540989999999965
21
-106.7059009999999972
0
LINE
8
BLACK
6
CONTINUOUS
10
105.7540989999999965
20
-106.7059009999999972
11
105.8028729999999911
21
-106.7788959999999889
0
LINE
8
BLACK
6
CONTINUOUS
10
105.8028729999999911
20
-106.7788959999999889
11
105.8199999999999932
21
-106.8649999999999949
0
LINE
8
BLACK
6
CONTINUOUS
10
105.8199999999999932
20
-106.8649999999999949
11
105.8199999999999932
21
-107.914999999999992
0
LINE
8
BLACK
6
CONTINUOUS
10
105.8199999999999932
20
-107.914999999999992
11
105.8028729999999911
21
-108.001103999999998
0
LINE
8
BLACK
6
CONTINUOUS
10
105.8028729999999911
20
-108.001103999999998
11
105.7540989999999965
21
-108.0740989999999897
0
LINE
8
BLACK
6
CONTINUOUS
10
105.7540989999999965
20
-108.0740989999999897
11
105.6811039999999906
21
-108.1228729999999985
0
LINE
8
BLACK
6
CONTINUOUS
10
105.6811039999999906
20
-108.1228729999999985
11
105.5949999999999989
21
-108.1400000000000006
0
LINE
8
BLACK
6
CONTINUOUS
10
105.5949999999999989
20
-108.1400000000000006
11
96.0450000000000017
21
-108.1400000000000006
0
LINE
8
BLACK
6
CONTINUOUS
10
96.0450000000000017
20
-108.1400000000000006
11
95.9588959999999958
21
-108.1228729999999985
0
LINE
8
BLACK
6
CONTINUOUS
10
95.9588959999999958
20
-108.1228729999999985
11
95.8859009999999898
21
-108.0740989999999897
0
LINE
8
BLACK
6
CONTINUOUS
10
95.8859009999999898
20
-108.0740989999999897
11
95.8371269999999953
21
-108.001103999999998
0
LINE
8
BLACK
6
CONTINUOUS
10
95.8371269999999953
20
-108.001103999999998
11
95.8199999999999932
21
-107.914999999999992
0
LINE
8
BLACK
6
CONTINUOUS
10
95.8199999999999932
20
-107.914999999999992
11
95.8199999999999932
21
-106.8649999999999949
0
LINE
8
BLACK
6
CONTINUOUS
10
95.8199999999999932
20
-106.8649999999999949
11
95.8371269999999953
21
-106.7788959999999889
0
LINE
8
BLACK
6
CONTINUOUS
10
95.8371269999999953
20
-106.7788959999999889
11
95.8859009999999898
21
-106.7059009999999972
0
LINE
8
BLACK
6
CONTINUOUS
10
95.8859009999999898
20
-106.7059009999999972
11
95.9588959999999958
21
-106.6571269999999885
0
LINE
8
BLACK
6
CONTINUOUS
10
95.9588959999999958
20
-106.6571269999999885
11
96.0450000000000017
21
-106.6400000000000006
0
LINE
8
BLACK
6
CONTINUOUS
10
96.0450000000000017
20
-106.6400000000000006
11
105.5949999999999989
21
-106.6400000000000006
0
LINE
8
BLACK
6
CONTINUOUS
10
105.5949999999999989
20
-106.6400000000000006
11
105.6811039999999906
21
-106.6571269999999885
0
LINE
8
BLACK
6
CONTINUOUS
10
154.501103999999998
20
-106.6571269999999885
11
154.5740989999999897
21
-106.7059009999999972
0
LINE
8
BLACK
6
CONTINUOUS
10
154.5740989999999897
20
-106.7059009999999972
11
154.6228729999999985
21
-106.7788959999999889
0
LINE
8
BLACK
6
CONTINUOUS
10
154.6228729999999985
20
-106.7788959999999889
11
154.6399999999999864
21
-106.8649999999999949
0
LINE
8
BLACK
6
CONTINUOUS
10
154.6399999999999864
20
-106.8649999999999949
11
154.6399999999999864
21
-107.914999999999992
0
LINE
8
BLACK
6
CONTINUOUS
10
154.6399999999999864
20
-107.914999999999992
11
154.6228729999999985
21
-108.001103999999998
0
LINE
8
BLACK
6
CONTINUOUS
10
154.6228729999999985
20
-108.001103999999998
11
154.5740989999999897
21
-108.0740989999999897
0
LINE
8
BLACK
6
CONTINUOUS
10
154.5740989999999897
20
-108.0740989999999897
11
154.501103999999998
21
-108.1228729999999985
0
LINE
8
BLACK
6
CONTINUOUS
10
154.501103999999998
20
-108.1228729999999985
11
154.414999999999992
21
-108.1400000000000006
0
LINE
8
BLACK
6
CONTINUOUS
10
154.414999999999992
20
-108.1400000000000006
11
144.8649999999999807
21
-108.1400000000000006
0
LINE
8
BLACK
6
CONTINUOUS
10
144.8649999999999807
20
-108.1400000000000006
11
144.7788960000000031
21
-108.1228729999999985
0
LINE
8
BLACK
6
CONTINUOUS
10
144.7788960000000031
20
-108.1228729999999985
11
144.705900999999983
21
-108.0740989999999897
0
LINE
8
BLACK
6
CONTINUOUS
10
144.705900999999983
20
-108.0740989999999897
11
144.6571270000000027
21
-108.001103999999998
0
LINE
8
BLACK
6
CONTINUOUS
10
144.6571270000000027
20
-108.001103999999998
11
144.6399999999999864
21
-107.914999999999992
0
LINE
8
BLACK
6
CONTINUOUS
10
144.6399999999999864
20
-107.914999999999992
11
144.6399999999999864
21
-106.8649999999999949
0
LINE
8
BLACK
6
CONTINUOUS
10
144.6399999999999864
20
-106.8649999999999949
11
144.6571270000000027
21
-106.7788959999999889
0
LINE
8
BLACK
6
CONTINUOUS
10
144.6571270000000027
20
-106.7788959999999889
11
144.705900999999983
21
-106.7059009999999972
0
LINE
8
BLACK
6
CONTINUOUS
10
144.705900999999983
20
-106.7059009999999972
11
144.7788960000000031
21
-106.6571269999999885
0
LINE
8
BLACK
6
CONTINUOUS
10
144.7788960000000031
20
-106.6571269999999885
11
144.8649999999999807
21
-106.6400000000000006
0
LINE
8
BLACK
6
CONTINUOUS
10
144.8649999999999807
20
-106.6400000000000006
11
154.414999999999992
21
-106.6400000000000006
0
LINE
8
BLACK
6
CONTINUOUS
10
154.414999999999992
20
-106.6400000000000006
11
154.501103999999998
21
-106.6571269999999885
0
LINE
8
BLACK
6
CONTINUOUS
10
184.501103999999998
20
-106.6571269999999885
11
184.5740989999999897
21
-106.7059009999999972
0
LINE
8
BLACK
6
CONTINUOUS
10
184.5740989999999897
20
-106.7059009999999972
11
184.6228729999999985
21
-106.7788959999999889
0
LINE
8
BLACK
6
CONTINUOUS
10
184.6228729999999985
20
-106.7788959999999889
11
184.6399999999999864
21
-106.8649999999999949
0
LINE
8
BLACK
6
CONTINUOUS
10
184.6399999999999864
20
-106.8649999999999949
11
184.6399999999999864
21
-107.914999999999992
0
LINE
8
BLACK
6
CONTINUOUS
10
184.6399999999999864
20
-107.914999999999992
11
184.6228729999999985
21
-108.001103999999998
0
LINE
8
BLACK
6
CONTINUOUS
10
184.6228729999999985
20
-108.001103999999998
11
184.5740989999999897
21
-108.0740989999999897
0
LINE
8
BLACK
6
CONTINUOUS
10
184.5740989999999897
20
-108.0740989999999897
11
184.501103999999998
21
-108.1228729999999985
0
LINE
8
BLACK
6
CONTINUOUS
10
184.501103999999998
20
-108.1228729999999985
11
184.414999999999992
21
-108.1400000000000006
0
LINE
8
BLACK
6
CONTINUOUS
10
184.414999999999992
20
-108.1400000000000006
11
174.8649999999999807
21
-108.1400000000000006
0
LINE
8
BLACK
6
CONTINUOUS
10
174.8649999999999807
20
-108.1400000000000006
11
174.7788960000000031
21
-108.1228729999999985
0
LINE
8
BLACK
6
CONTINUOUS
10
174.7788960000000031
20
-108.1228729999999985
11
174.705900999999983
21
-108.0740989999999897
0
LINE
8
BLACK
6
CONTINUOUS
10
174.705900999999983
20
-108.0740989999999897
11
174.6571270000000027
21
-108.001103999999998
0
LINE
8
BLACK
6
CONTINUOUS
10
174.6571270000000027
20
-108.001103999999998
11
174.6399999999999864
21
-107.914999999999992
0
LINE
8
BLACK
6
CONTINUOUS
10
174.6399999999999864
20
-107.914999999999992
11
174.6399999999999864
21
-106.8649999999999949
0
LINE
8
BLACK
6
CONTINUOUS
10
174.6399999999999864
20
-106.8649999999999949
11
174.6571270000000027
21
-106.7788959999999889
0
LINE
8
BLACK
6
CONTINUOUS
10
174.6571270000000027
20
-106.7788959999999889
11
174.705900999999983
21
-106.7059009999999972
0
LINE
8
BLACK
6
CONTINUOUS
10
174.705900999999983
20
-106.7059009999999972
11
174.7788960000000031
21
-106.6571269999999885
0
LINE
8
BLACK
6
CONTINUOUS
10
174.7788960000000031
20
-106.6571269999999885
11
174.8649999999999807
21
-106.6400000000000006
0
LINE
8
BLACK
6
CONTINUOUS
10
174.8649999999999807
20
-106.6400000000000006
11
184.414999999999992
21
-106.6400000000000006
0
LINE
8
BLACK
6
CONTINUOUS
10
184.414999999999992
20
-106.6400000000000006
11
184.501103999999998
21
-106.6571269999999885
0
LINE
8
BLACK
6
CONTINUOUS
10
241.6781220000000019
20
-106.0044479999999965
11
241.8230109999999797
21
-106.0644629999999893
0
LINE
8
BLACK
6
CONTINUOUS
10
241.8230109999999797
20
-106.0644629999999893
11
241.9534089999999935
21
-106.1515919999999937
0
LINE
8
BLACK
6
CONTINUOUS
10
241.9534089999999935
20
-106.1515919999999937
11
242.0643019999999979
21
-106.2624849999999981
0
LINE
8
BLACK
6
CONTINUOUS
10
242.0643019999999979
20
-106.2624849999999981
11
242.1514310000000023
21
-106.3928829999999977
0
LINE
8
BLACK
6
CONTINUOUS
10
242.1514310000000023
20
-106.3928829999999977
11
242.2114459999999951
21
-106.5377719999999897
0
LINE
8
BLACK
6
CONTINUOUS
10
242.2114459999999951
20
-106.5377719999999897
11
242.2420419999999979
21
-106.6915860000000009
0
LINE
8
BLACK
6
CONTINUOUS
10
242.2420419999999979
20
-106.6915860000000009
11
242.2420419999999979
21
-106.8484139999999911
0
LINE
8
BLACK
6
CONTINUOUS
10
242.2420419999999979
20
-106.8484139999999911
11
242.2114459999999951
21
-107.0022279999999881
0
LINE
8
BLACK
6
CONTINUOUS
10
242.2114459999999951
20
-107.0022279999999881
11
242.1514310000000023
21
-107.1471169999999944
0
LINE
8
BLACK
6
CONTINUOUS
10
242.1514310000000023
20
-107.1471169999999944
11
242.0643019999999979
21
-107.277514999999994
0
LINE
8
BLACK
6
CONTINUOUS
10
242.0643019999999979
20
-107.277514999999994
11
241.9534089999999935
21
-107.3884079999999983
0
LINE
8
BLACK
6
CONTINUOUS
10
241.9534089999999935
20
-107.3884079999999983
11
241.8230109999999797
21
-107.4755369999999886
0
LINE
8
BLACK
6
CONTINUOUS
10
241.8230109999999797
20
-107.4755369999999886
11
241.6781220000000019
21
-107.5355519999999956
0
LINE
8
BLACK
6
CONTINUOUS
10
241.6781220000000019
20
-107.5355519999999956
11
241.5243079999999907
21
-107.5661479999999983
0
LINE
8
BLACK
6
CONTINUOUS
10
241.5243079999999907
20
-107.5661479999999983
11
241.3674800000000005
21
-107.5661479999999983
0
LINE
8
BLACK
6
CONTINUOUS
10
241.3674800000000005
20
-107.5661479999999983
11
241.2136659999999893
21
-107.5355519999999956
0
LINE
8
BLACK
6
CONTINUOUS
10
241.2136659999999893
20
-107.5355519999999956
11
241.068776999999983
21
-107.4755369999999886
0
LINE
8
BLACK
6
CONTINUOUS
10
241.068776999999983
20
-107.4755369999999886
11
240.9383789999999976
21
-107.3884079999999983
0
LINE
8
BLACK
6
CONTINUOUS
10
240.9383789999999976
20
-107.3884079999999983
11
240.8274859999999933
21
-107.277514999999994
0
LINE
8
BLACK
6
CONTINUOUS
10
240.8274859999999933
20
-107.277514999999994
11
240.7403569999999888
21
-107.1471169999999944
0
LINE
8
BLACK
6
CONTINUOUS
10
240.7403569999999888
20
-107.1471169999999944
11
240.680341999999996
21
-107.0022279999999881
0
LINE
8
BLACK
6
CONTINUOUS
10
240.680341999999996
20
-107.0022279999999881
11
240.6497459999999933
21
-106.8484139999999911
0
LINE
8
BLACK
6
CONTINUOUS
10
240.6497459999999933
20
-106.8484139999999911
11
240.6497459999999933
21
-106.6915860000000009
0
LINE
8
BLACK
6
CONTINUOUS
10
240.6497459999999933
20
-106.6915860000000009
11
240.680341999999996
21
-106.5377719999999897
0
LINE
8
BLACK
6
CONTINUOUS
10
240.680341999999996
20
-106.5377719999999897
11
240.7403569999999888
21
-106.3928829999999977
0
LINE
8
BLACK
6
CONTINUOUS
10
240.7403569999999888
20
-106.3928829999999977
11
240.8274859999999933
21
-106.2624849999999981
0
LINE
8
BLACK
6
CONTINUOUS
10
240.8274859999999933
20
-106.2624849999999981
11
240.9383789999999976
21
-106.1515919999999937
0
LINE
8
BLACK
6
CONTINUOUS
10
240.9383789999999976
20
-106.1515919999999937
11
241.068776999999983
21
-106.0644629999999893
0
LINE
8
BLACK
6
CONTINUOUS
10
241.068776999999983
20
-106.0644629999999893
11
241.2136659999999893
21
-106.0044479999999965
0
LINE
8
BLACK
6
CONTINUOUS
10
241.2136659999999893
20
-106.0044479999999965
11
241.3674800000000005
21
-105.9738519999999937
0
LINE
8
BLACK
6
CONTINUOUS
10
241.3674800000000005
20
-105.9738519999999937
11
241.5243079999999907
21
-105.9738519999999937
0
LINE
8
BLACK
6
CONTINUOUS
10
241.5243079999999907
20
-105.9738519999999937
11
241.6781220000000019
21
-106.0044479999999965
0
LINE
8
BLACK
6
CONTINUOUS
10
230.7011039999999866
20
-106.0371269999999981
11
230.7740989999999783
21
-106.0859009999999927
0
LINE
8
BLACK
6
CONTINUOUS
10
230.7740989999999783
20
-106.0859009999999927
11
230.8228729999999871
21
-106.1588959999999986
0
LINE
8
BLACK
6
CONTINUOUS
10
230.8228729999999871
20
-106.1588959999999986
11
230.8400000000000034
21
-106.2449999999999903
0
LINE
8
BLACK
6
CONTINUOUS
10
230.8400000000000034
20
-106.2449999999999903
11
230.8400000000000034
21
-107.2950000000000017
0
LINE
8
BLACK
6
CONTINUOUS
10
230.8400000000000034
20
-107.2950000000000017
11
230.8228729999999871
21
-107.3811039999999934
0
LINE
8
BLACK
6
CONTINUOUS
10
230.8228729999999871
20
-107.3811039999999934
11
230.7740989999999783
21
-107.4540989999999994
0
LINE
8
BLACK
6
CONTINUOUS
10
230.7740989999999783
20
-107.4540989999999994
11
230.7011039999999866
21
-107.5028729999999939
0
LINE
8
BLACK
6
CONTINUOUS
10
230.7011039999999866
20
-107.5028729999999939
11
230.6149999999999807
21
-107.519999999999996
0
LINE
8
BLACK
6
CONTINUOUS
10
230.6149999999999807
20
-107.519999999999996
11
221.0649999999999977
21
-107.519999999999996
0
LINE
8
BLACK
6
CONTINUOUS
10
221.0649999999999977
20
-107.519999999999996
11
220.9788959999999918
21
-107.5028729999999939
0
LINE
8
BLACK
6
CONTINUOUS
10
220.9788959999999918
20
-107.5028729999999939
11
220.9059010000000001
21
-107.4540989999999994
0
LINE
8
BLACK
6
CONTINUOUS
10
220.9059010000000001
20
-107.4540989999999994
11
220.8571269999999913
21
-107.3811039999999934
0
LINE
8
BLACK
6
CONTINUOUS
10
220.8571269999999913
20
-107.3811039999999934
11
220.8400000000000034
21
-107.2950000000000017
0
LINE
8
BLACK
6
CONTINUOUS
10
220.8400000000000034
20
-107.2950000000000017
11
220.8400000000000034
21
-106.2449999999999903
0
LINE
8
BLACK
6
CONTINUOUS
10
220.8400000000000034
20
-106.2449999999999903
11
220.8571269999999913
21
-106.1588959999999986
0
LINE
8
BLACK
6
CONTINUOUS
10
220.8571269999999913
20
-106.1588959999999986
11
220.9059010000000001
21
-106.0859009999999927
0
LINE
8
BLACK
6
CONTINUOUS
10
220.9059010000000001
20
-106.0859009999999927
11
220.9788959999999918
21
-106.0371269999999981
0
LINE
8
BLACK
6
CONTINUOUS
10
220.9788959999999918
20
-106.0371269999999981
11
221.0649999999999977
21
-106.019999999999996
0
LINE
8
BLACK
6
CONTINUOUS
10
221.0649999999999977
20
-106.019999999999996
11
230.6149999999999807
21
-106.019999999999996
0
LINE
8
BLACK
6
CONTINUOUS
10
230.6149999999999807
20
-106.019999999999996
11
230.7011039999999866
21
-106.0371269999999981
0
LINE
8
BLACK
6
CONTINUOUS
10
219.0822279999999864
20
-44.5204479999999947
11
219.2271169999999927
21
-44.5804629999999946
0
LINE
8
BLACK
6
CONTINUOUS
10
219.2271169999999927
20
-44.5804629999999946
11
219.357514999999978
21
-44.6675919999999991
0
LINE
8
BLACK
6
CONTINUOUS
10
219.357514999999978
20
-44.6675919999999991
11
219.4684079999999824
21
-44.7784849999999963
0
LINE
8
BLACK
6
CONTINUOUS
10
219.4684079999999824
20
-44.7784849999999963
11
219.5555369999999868
21
-44.9088829999999959
0
LINE
8
BLACK
6
CONTINUOUS
10
219.5555369999999868
20
-44.9088829999999959
11
219.6155519999999797
21
-45.053771999999995
0
LINE
8
BLACK
6
CONTINUOUS
10
219.6155519999999797
20
-45.053771999999995
11
219.6461479999999824
21
-45.2075859999999992
0
LINE
8
BLACK
6
CONTINUOUS
10
219.6461479999999824
20
-45.2075859999999992
11
219.6461479999999824
21
-45.3644139999999965
0
LINE
8
BLACK
6
CONTINUOUS
10
219.6461479999999824
20
-45.3644139999999965
11
219.6155519999999797
21
-45.5182280000000006
0
LINE
8
BLACK
6
CONTINUOUS
10
219.6155519999999797
20
-45.5182280000000006
11
219.5555369999999868
21
-45.6631169999999997
0
LINE
8
BLACK
6
CONTINUOUS
10
219.5555369999999868
20
-45.6631169999999997
11
219.4684079999999824
21
-45.7935149999999993
0
LINE
8
BLACK
6
CONTINUOUS
10
219.4684079999999824
20
-45.7935149999999993
11
219.357514999999978
21
-45.9044079999999965
0
LINE
8
BLACK
6
CONTINUOUS
10
219.357514999999978
20
-45.9044079999999965
11
219.2271169999999927
21
-45.991537000000001
0
LINE
8
BLACK
6
CONTINUOUS
10
219.2271169999999927
20
-45.991537000000001
11
219.0822279999999864
21
-46.0515520000000009
0
LINE
8
BLACK
6
CONTINUOUS
10
219.0822279999999864
20
-46.0515520000000009
11
218.9284140000000036
21
-46.0821479999999966
0
LINE
8
BLACK
6
CONTINUOUS
10
218.9284140000000036
20
-46.0821479999999966
11
218.771585999999985
21
-46.0821479999999966
0
LINE
8
BLACK
6
CONTINUOUS
10
218.771585999999985
20
-46.0821479999999966
11
218.6177720000000022
21
-46.0515520000000009
0
LINE
8
BLACK
6
CONTINUOUS
10
218.6177720000000022
20
-46.0515520000000009
11
218.5802259999999819
21
-46.0360000000000014
0
LINE
8
BLACK
6
CONTINUOUS
10
218.5802259999999819
20
-46.0360000000000014
11
122.769999999999996
21
-46.0360000000000014
0
LINE
8
BLACK
6
CONTINUOUS
10
122.769999999999996
20
-46.0360000000000014
11
59.8061659999999975
21
-46.0360000000000014
0
LINE
8
BLACK
6
CONTINUOUS
10
59.8061659999999975
20
-46.0360000000000014
11
45.8589999999999947
21
-59.9831659999999971
0
LINE
8
BLACK
6
CONTINUOUS
10
45.8589999999999947
20
-59.9831659999999971
11
45.8589999999999947
21
-101.6783399999999915
0
LINE
8
BLACK
6
CONTINUOUS
10
45.8589999999999947
20
-101.6783399999999915
11
48.3095700000000008
21
-104.1289099999999905
0
LINE
8
BLACK
6
CONTINUOUS
10
48.3095700000000008
20
-104.1289099999999905
11
48.3471169999999972
21
-104.1444630000000018
0
LINE
8
BLACK
6
CONTINUOUS
10
48.3471169999999972
20
-104.1444630000000018
11
48.4775149999999968
21
-104.231591999999992
0
LINE
8
BLACK
6
CONTINUOUS
10
48.4775149999999968
20
-104.231591999999992
11
48.5884080000000012
21
-104.3424849999999964
0
LINE
8
BLACK
6
CONTINUOUS
10
48.5884080000000012
20
-104.3424849999999964
11
48.6755369999999985
21
-104.4728829999999959
0
LINE
8
BLACK
6
CONTINUOUS
10
48.6755369999999985
20
-104.4728829999999959
11
48.7355519999999984
21
-104.6177720000000022
0
LINE
8
BLACK
6
CONTINUOUS
10
48.7355519999999984
20
-104.6177720000000022
11
48.7661480000000012
21
-104.7715859999999992
0
LINE
8
BLACK
6
CONTINUOUS
10
48.7661480000000012
20
-104.7715859999999992
11
48.7661480000000012
21
-104.9284139999999894
0
LINE
8
BLACK
6
CONTINUOUS
10
48.7661480000000012
20
-104.9284139999999894
11
48.7355519999999984
21
-105.0822280000000006
0
LINE
8
BLACK
6
CONTINUOUS
10
48.7355519999999984
20
-105.0822280000000006
11
48.6755369999999985
21
-105.2271169999999927
0
LINE
8
BLACK
6
CONTINUOUS
10
48.6755369999999985
20
-105.2271169999999927
11
48.5884080000000012
21
-105.3575149999999923
0
LINE
8
BLACK
6
CONTINUOUS
10
48.5884080000000012
20
-105.3575149999999923
11
48.4775149999999968
21
-105.4684079999999966
0
LINE
8
BLACK
6
CONTINUOUS
10
48.4775149999999968
20
-105.4684079999999966
11
48.3471169999999972
21
-105.5555370000000011
0
LINE
8
BLACK
6
CONTINUOUS
10
48.3471169999999972
20
-105.5555370000000011
11
48.2022279999999981
21
-105.6155519999999939
0
LINE
8
BLACK
6
CONTINUOUS
10
48.2022279999999981
20
-105.6155519999999939
11
48.0484140000000011
21
-105.6461479999999966
0
LINE
8
BLACK
6
CONTINUOUS
10
48.0484140000000011
20
-105.6461479999999966
11
47.8915859999999967
21
-105.6461479999999966
0
LINE
8
BLACK
6
CONTINUOUS
10
47.8915859999999967
20
-105.6461479999999966
11
47.7377719999999997
21
-105.6155519999999939
0
LINE
8
BLACK
6
CONTINUOUS
10
47.7377719999999997
20
-105.6155519999999939
11
47.5928830000000005
21
-105.5555370000000011
0
LINE
8
BLACK
6
CONTINUOUS
10
47.5928830000000005
20
-105.5555370000000011
11
47.4624850000000009
21
-105.4684079999999966
0
LINE
8
BLACK
6
CONTINUOUS
10
47.4624850000000009
20
-105.4684079999999966
11
47.3515919999999966
21
-105.3575149999999923
0
LINE
8
BLACK
6
CONTINUOUS
10
47.3515919999999966
20
-105.3575149999999923
11
47.2644629999999992
21
-105.2271169999999927
0
LINE
8
BLACK
6
CONTINUOUS
10
47.2644629999999992
20
-105.2271169999999927
11
47.2489099999999951
21
-105.1895699999999891
0
LINE
8
BLACK
6
CONTINUOUS
10
47.2489099999999951
20
-105.1895699999999891
11
44.5786699999999954
21
-102.5193299999999965
0
LINE
8
BLACK
6
CONTINUOUS
10
44.5786699999999954
20
-102.5193299999999965
11
44.5292419999999964
21
-102.4647949999999952
0
LINE
8
BLACK
6
CONTINUOUS
10
44.5292419999999964
20
-102.4647949999999952
11
44.4475589999999983
21
-102.3425479999999936
0
LINE
8
BLACK
6
CONTINUOUS
10
44.4475589999999983
20
-102.3425479999999936
11
44.3947269999999961
21
-102.2149999999999892
0
LINE
8
BLACK
6
CONTINUOUS
10
44.3947269999999961
20
-102.2149999999999892
11
44.3912939999999949
21
-102.2067129999999935
0
LINE
8
BLACK
6
CONTINUOUS
10
44.3912939999999949
20
-102.2067129999999935
11
44.3626110000000011
21
-102.0625129999999956
0
LINE
8
BLACK
6
CONTINUOUS
10
44.3626110000000011
20
-102.0625129999999956
11
44.3589999999999947
21
-101.9889999999999901
0
LINE
8
BLACK
6
CONTINUOUS
10
44.3589999999999947
20
-101.9889999999999901
11
44.3589999999999947
21
-59.6725059999999985
0
LINE
8
BLACK
6
CONTINUOUS
10
44.3589999999999947
20
-59.6725059999999985
11
44.3626110000000011
21
-59.5989930000000001
0
LINE
8
BLACK
6
CONTINUOUS
10
44.3626110000000011
20
-59.5989930000000001
11
44.3689520000000002
21
-59.567114999999994
0
LINE
8
BLACK
6
CONTINUOUS
10
44.3689520000000002
20
-59.567114999999994
11
44.3912939999999949
21
-59.4547929999999951
0
LINE
8
BLACK
6
CONTINUOUS
10
44.3912939999999949
20
-59.4547929999999951
11
44.4475589999999983
21
-59.3189589999999995
0
LINE
8
BLACK
6
CONTINUOUS
10
44.4475589999999983
20
-59.3189589999999995
11
44.4475589999999983
21
-59.318957999999995
0
LINE
8
BLACK
6
CONTINUOUS
10
44.4475589999999983
20
-59.318957999999995
11
44.5292419999999964
21
-59.1967110000000005
0
LINE
8
BLACK
6
CONTINUOUS
10
44.5292419999999964
20
-59.1967110000000005
11
44.5786699999999954
21
-59.1421759999999992
0
LINE
8
BLACK
6
CONTINUOUS
10
44.5786699999999954
20
-59.1421759999999992
11
58.9651759999999996
21
-44.755669999999995
0
LINE
8
BLACK
6
CONTINUOUS
10
58.9651759999999996
20
-44.755669999999995
11
59.0197109999999938
21
-44.706241999999996
0
LINE
8
BLACK
6
CONTINUOUS
10
59.0197109999999938
20
-44.706241999999996
11
59.0775549999999967
21
-44.6675919999999991
0
LINE
8
BLACK
6
CONTINUOUS
10
59.0775549999999967
20
-44.6675919999999991
11
59.1419579999999954
21
-44.6245589999999979
0
LINE
8
BLACK
6
CONTINUOUS
10
59.1419579999999954
20
-44.6245589999999979
11
59.1982229999999987
21
-44.6012529999999998
0
LINE
8
BLACK
6
CONTINUOUS
10
59.1982229999999987
20
-44.6012529999999998
11
59.2777929999999955
21
-44.5682939999999945
0
LINE
8
BLACK
6
CONTINUOUS
10
59.2777929999999955
20
-44.5682939999999945
11
59.4219930000000005
21
-44.5396110000000007
0
LINE
8
BLACK
6
CONTINUOUS
10
59.4219930000000005
20
-44.5396110000000007
11
59.4955059999999989
21
-44.5360000000000014
0
LINE
8
BLACK
6
CONTINUOUS
10
59.4955059999999989
20
-44.5360000000000014
11
122.769999999999996
21
-44.5360000000000014
0
LINE
8
BLACK
6
CONTINUOUS
10
122.769999999999996
20
-44.5360000000000014
11
218.5802259999999819
21
-44.5360000000000014
0
LINE
8
BLACK
6
CONTINUOUS
10
218.5802259999999819
20
-44.5360000000000014
11
218.6177720000000022
21
-44.5204479999999947
0
LINE
8
BLACK
6
CONTINUOUS
10
218.6177720000000022
20
-44.5204479999999947
11
218.771585999999985
21
-44.4898519999999991
0
LINE
8
BLACK
6
CONTINUOUS
10
218.771585999999985
20
-44.4898519999999991
11
218.9284140000000036
21
-44.4898519999999991
0
LINE
8
BLACK
6
CONTINUOUS
10
218.9284140000000036
20
-44.4898519999999991
11
219.0822279999999864
21
-44.5204479999999947
0
LINE
8
BLACK
6
CONTINUOUS
10
59.2032279999999957
20
-104.0844479999999947
11
59.2407739999999947
21
-104.0999999999999943
0
LINE
8
BLACK
6
CONTINUOUS
10
59.2407739999999947
20
-104.0999999999999943
11
70.8199999999999932
21
-104.0999999999999943
0
LINE
8
BLACK
6
CONTINUOUS
10
70.8199999999999932
20
-104.0999999999999943
11
75.5949999999999989
21
-104.0999999999999943
0
LINE
8
BLACK
6
CONTINUOUS
10
75.5949999999999989
20
-104.0999999999999943
11
75.6811039999999906
21
-104.1171269999999964
0
LINE
8
BLACK
6
CONTINUOUS
10
75.6811039999999906
20
-104.1171269999999964
11
75.7540989999999965
21
-104.165900999999991
0
LINE
8
BLACK
6
CONTINUOUS
10
75.7540989999999965
20
-104.165900999999991
11
75.8028729999999911
21
-104.2388959999999969
0
LINE
8
BLACK
6
CONTINUOUS
10
75.8028729999999911
20
-104.2388959999999969
11
75.8199999999999932
21
-104.3249999999999886
0
LINE
8
BLACK
6
CONTINUOUS
10
75.8199999999999932
20
-104.3249999999999886
11
75.8199999999999932
21
-105.375
0
LINE
8
BLACK
6
CONTINUOUS
10
75.8199999999999932
20
-105.375
11
75.8028729999999911
21
-105.4611039999999917
0
LINE
8
BLACK
6
CONTINUOUS
10
75.8028729999999911
20
-105.4611039999999917
11
75.7540989999999965
21
-105.5340989999999977
0
LINE
8
BLACK
6
CONTINUOUS
10
75.7540989999999965
20
-105.5340989999999977
11
75.6811039999999906
21
-105.5828729999999922
0
LINE
8
BLACK
6
CONTINUOUS
10
75.6811039999999906
20
-105.5828729999999922
11
75.5949999999999989
21
-105.5999999999999943
0
LINE
8
BLACK
6
CONTINUOUS
10
75.5949999999999989
20
-105.5999999999999943
11
66.0450000000000017
21
-105.5999999999999943
0
LINE
8
BLACK
6
CONTINUOUS
10
66.0450000000000017
20
-105.5999999999999943
11
59.2407739999999947
21
-105.5999999999999943
0
LINE
8
BLACK
6
CONTINUOUS
10
59.2407739999999947
20
-105.5999999999999943
11
59.2032279999999957
21
-105.6155519999999939
0
LINE
8
BLACK
6
CONTINUOUS
10
59.2032279999999957
20
-105.6155519999999939
11
59.0494139999999987
21
-105.6461479999999966
0
LINE
8
BLACK
6
CONTINUOUS
10
59.0494139999999987
20
-105.6461479999999966
11
58.8925859999999943
21
-105.6461479999999966
0
LINE
8
BLACK
6
CONTINUOUS
10
58.8925859999999943
20
-105.6461479999999966
11
58.7387719999999973
21
-105.6155519999999939
0
LINE
8
BLACK
6
CONTINUOUS
10
58.7387719999999973
20
-105.6155519999999939
11
58.5938829999999982
21
-105.5555370000000011
0
LINE
8
BLACK
6
CONTINUOUS
10
58.5938829999999982
20
-105.5555370000000011
11
58.4634849999999986
21
-105.4684079999999966
0
LINE
8
BLACK
6
CONTINUOUS
10
58.4634849999999986
20
-105.4684079999999966
11
58.3525919999999942
21
-105.3575149999999923
0
LINE
8
BLACK
6
CONTINUOUS
10
58.3525919999999942
20
-105.3575149999999923
11
58.2654629999999969
21
-105.2271169999999927
0
LINE
8
BLACK
6
CONTINUOUS
10
58.2654629999999969
20
-105.2271169999999927
11
58.205447999999997
21
-105.0822280000000006
0
LINE
8
BLACK
6
CONTINUOUS
10
58.205447999999997
20
-105.0822280000000006
11
58.1748519999999942
21
-104.9284139999999894
0
LINE
8
BLACK
6
CONTINUOUS
10
58.1748519999999942
20
-104.9284139999999894
11
58.1748519999999942
21
-104.7715859999999992
0
LINE
8
BLACK
6
CONTINUOUS
10
58.1748519999999942
20
-104.7715859999999992
11
58.205447999999997
21
-104.6177720000000022
0
LINE
8
BLACK
6
CONTINUOUS
10
58.205447999999997
20
-104.6177720000000022
11
58.2654629999999969
21
-104.4728829999999959
0
LINE
8
BLACK
6
CONTINUOUS
10
58.2654629999999969
20
-104.4728829999999959
11
58.3525919999999942
21
-104.3424849999999964
0
LINE
8
BLACK
6
CONTINUOUS
10
58.3525919999999942
20
-104.3424849999999964
11
58.4634849999999986
21
-104.231591999999992
0
LINE
8
BLACK
6
CONTINUOUS
10
58.4634849999999986
20
-104.231591999999992
11
58.5938829999999982
21
-104.1444630000000018
0
LINE
8
BLACK
6
CONTINUOUS
10
58.5938829999999982
20
-104.1444630000000018
11
58.7387719999999973
21
-104.0844479999999947
0
LINE
8
BLACK
6
CONTINUOUS
10
58.7387719999999973
20
-104.0844479999999947
11
58.8925859999999943
21
-104.053851999999992
0
LINE
8
BLACK
6
CONTINUOUS
10
58.8925859999999943
20
-104.053851999999992
11
59.0494139999999987
21
-104.053851999999992
0
LINE
8
BLACK
6
CONTINUOUS
10
59.0494139999999987
20
-104.053851999999992
11
59.2032279999999957
21
-104.0844479999999947
0
LINE
8
BLACK
6
CONTINUOUS
10
105.6811039999999906
20
-104.1171269999999964
11
105.7540989999999965
21
-104.165900999999991
0
LINE
8
BLACK
6
CONTINUOUS
10
105.7540989999999965
20
-104.165900999999991
11
105.8028729999999911
21
-104.2388959999999969
0
LINE
8
BLACK
6
CONTINUOUS
10
105.8028729999999911
20
-104.2388959999999969
11
105.8199999999999932
21
-104.3249999999999886
0
LINE
8
BLACK
6
CONTINUOUS
10
105.8199999999999932
20
-104.3249999999999886
11
105.8199999999999932
21
-105.375
0
LINE
8
BLACK
6
CONTINUOUS
10
105.8199999999999932
20
-105.375
11
105.8028729999999911
21
-105.4611039999999917
0
LINE
8
BLACK
6
CONTINUOUS
10
105.8028729999999911
20
-105.4611039999999917
11
105.7540989999999965
21
-105.5340989999999977
0
LINE
8
BLACK
6
CONTINUOUS
10
105.7540989999999965
20
-105.5340989999999977
11
105.6811039999999906
21
-105.5828729999999922
0
LINE
8
BLACK
6
CONTINUOUS
10
105.6811039999999906
20
-105.5828729999999922
11
105.5949999999999989
21
-105.5999999999999943
0
LINE
8
BLACK
6
CONTINUOUS
10
105.5949999999999989
20
-105.5999999999999943
11
96.0450000000000017
21
-105.5999999999999943
0
LINE
8
BLACK
6
CONTINUOUS
10
96.0450000000000017
20
-105.5999999999999943
11
95.9588959999999958
21
-105.5828729999999922
0
LINE
8
BLACK
6
CONTINUOUS
10
95.9588959999999958
20
-105.5828729999999922
11
95.8859009999999898
21
-105.5340989999999977
0
LINE
8
BLACK
6
CONTINUOUS
10
95.8859009999999898
20
-105.5340989999999977
11
95.8371269999999953
21
-105.4611039999999917
0
LINE
8
BLACK
6
CONTINUOUS
10
95.8371269999999953
20
-105.4611039999999917
11
95.8199999999999932
21
-105.375
0
LINE
8
BLACK
6
CONTINUOUS
10
95.8199999999999932
20
-105.375
11
95.8199999999999932
21
-104.3249999999999886
0
LINE
8
BLACK
6
CONTINUOUS
10
95.8199999999999932
20
-104.3249999999999886
11
95.8371269999999953
21
-104.2388959999999969
0
LINE
8
BLACK
6
CONTINUOUS
10
95.8371269999999953
20
-104.2388959999999969
11
95.8859009999999898
21
-104.165900999999991
0
LINE
8
BLACK
6
CONTINUOUS
10
95.8859009999999898
20
-104.165900999999991
11
95.9588959999999958
21
-104.1171269999999964
0
LINE
8
BLACK
6
CONTINUOUS
10
95.9588959999999958
20
-104.1171269999999964
11
96.0450000000000017
21
-104.0999999999999943
0
LINE
8
BLACK
6
CONTINUOUS
10
96.0450000000000017
20
-104.0999999999999943
11
105.5949999999999989
21
-104.0999999999999943
0
LINE
8
BLACK
6
CONTINUOUS
10
105.5949999999999989
20
-104.0999999999999943
11
105.6811039999999906
21
-104.1171269999999964
0
LINE
8
BLACK
6
CONTINUOUS
10
154.501103999999998
20
-104.1171269999999964
11
154.5740989999999897
21
-104.165900999999991
0
LINE
8
BLACK
6
CONTINUOUS
10
154.5740989999999897
20
-104.165900999999991
11
154.6228729999999985
21
-104.2388959999999969
0
LINE
8
BLACK
6
CONTINUOUS
10
154.6228729999999985
20
-104.2388959999999969
11
154.6399999999999864
21
-104.3249999999999886
0
LINE
8
BLACK
6
CONTINUOUS
10
154.6399999999999864
20
-104.3249999999999886
11
154.6399999999999864
21
-105.375
0
LINE
8
BLACK
6
CONTINUOUS
10
154.6399999999999864
20
-105.375
11
154.6228729999999985
21
-105.4611039999999917
0
LINE
8
BLACK
6
CONTINUOUS
10
154.6228729999999985
20
-105.4611039999999917
11
154.5740989999999897
21
-105.5340989999999977
0
LINE
8
BLACK
6
CONTINUOUS
10
154.5740989999999897
20
-105.5340989999999977
11
154.501103999999998
21
-105.5828729999999922
0
LINE
8
BLACK
6
CONTINUOUS
10
154.501103999999998
20
-105.5828729999999922
11
154.414999999999992
21
-105.5999999999999943
0
LINE
8
BLACK
6
CONTINUOUS
10
154.414999999999992
20
-105.5999999999999943
11
144.8649999999999807
21
-105.5999999999999943
0
LINE
8
BLACK
6
CONTINUOUS
10
144.8649999999999807
20
-105.5999999999999943
11
144.7788960000000031
21
-105.5828729999999922
0
LINE
8
BLACK
6
CONTINUOUS
10
144.7788960000000031
20
-105.5828729999999922
11
144.705900999999983
21
-105.5340989999999977
0
LINE
8
BLACK
6
CONTINUOUS
10
144.705900999999983
20
-105.5340989999999977
11
144.6571270000000027
21
-105.4611039999999917
0
LINE
8
BLACK
6
CONTINUOUS
10
144.6571270000000027
20
-105.4611039999999917
11
144.6399999999999864
21
-105.375
0
LINE
8
BLACK
6
CONTINUOUS
10
144.6399999999999864
20
-105.375
11
144.6399999999999864
21
-104.3249999999999886
0
LINE
8
BLACK
6
CONTINUOUS
10
144.6399999999999864
20
-104.3249999999999886
11
144.6571270000000027
21
-104.2388959999999969
0
LINE
8
BLACK
6
CONTINUOUS
10
144.6571270000000027
20
-104.2388959999999969
11
144.705900999999983
21
-104.165900999999991
0
LINE
8
BLACK
6
CONTINUOUS
10
144.705900999999983
20
-104.165900999999991
11
144.7788960000000031
21
-104.1171269999999964
0
LINE
8
BLACK
6
CONTINUOUS
10
144.7788960000000031
20
-104.1171269999999964
11
144.8649999999999807
21
-104.0999999999999943
0
LINE
8
BLACK
6
CONTINUOUS
10
144.8649999999999807
20
-104.0999999999999943
11
154.414999999999992
21
-104.0999999999999943
0
LINE
8
BLACK
6
CONTINUOUS
10
154.414999999999992
20
-104.0999999999999943
11
154.501103999999998
21
-104.1171269999999964
0
LINE
8
BLACK
6
CONTINUOUS
10
184.501103999999998
20
-104.1171269999999964
11
184.5740989999999897
21
-104.165900999999991
0
LINE
8
BLACK
6
CONTINUOUS
10
184.5740989999999897
20
-104.165900999999991
11
184.6228729999999985
21
-104.2388959999999969
0
LINE
8
BLACK
6
CONTINUOUS
10
184.6228729999999985
20
-104.2388959999999969
11
184.6399999999999864
21
-104.3249999999999886
0
LINE
8
BLACK
6
CONTINUOUS
10
184.6399999999999864
20
-104.3249999999999886
11
184.6399999999999864
21
-105.375
0
LINE
8
BLACK
6
CONTINUOUS
10
184.6399999999999864
20
-105.375
11
184.6228729999999985
21
-105.4611039999999917
0
LINE
8
BLACK
6
CONTINUOUS
10
184.6228729999999985
20
-105.4611039999999917
11
184.5740989999999897
21
-105.5340989999999977
0
LINE
8
BLACK
6
CONTINUOUS
10
184.5740989999999897
20
-105.5340989999999977
11
184.501103999999998
21
-105.5828729999999922
0
LINE
8
BLACK
6
CONTINUOUS
10
184.501103999999998
20
-105.5828729999999922
11
184.414999999999992
21
-105.5999999999999943
0
LINE
8
BLACK
6
CONTINUOUS
10
184.414999999999992
20
-105.5999999999999943
11
174.8649999999999807
21
-105.5999999999999943
0
LINE
8
BLACK
6
CONTINUOUS
10
174.8649999999999807
20
-105.5999999999999943
11
174.7788960000000031
21
-105.5828729999999922
0
LINE
8
BLACK
6
CONTINUOUS
10
174.7788960000000031
20
-105.5828729999999922
11
174.705900999999983
21
-105.5340989999999977
0
LINE
8
BLACK
6
CONTINUOUS
10
174.705900999999983
20
-105.5340989999999977
11
174.6571270000000027
21
-105.4611039999999917
0
LINE
8
BLACK
6
CONTINUOUS
10
174.6571270000000027
20
-105.4611039999999917
11
174.6399999999999864
21
-105.375
0
LINE
8
BLACK
6
CONTINUOUS
10
174.6399999999999864
20
-105.375
11
174.6399999999999864
21
-104.3249999999999886
0
LINE
8
BLACK
6
CONTINUOUS
10
174.6399999999999864
20
-104.3249999999999886
11
174.6571270000000027
21
-104.2388959999999969
0
LINE
8
BLACK
6
CONTINUOUS
10
174.6571270000000027
20
-104.2388959999999969
11
174.705900999999983
21
-104.165900999999991
0
LINE
8
BLACK
6
CONTINUOUS
10
174.705900999999983
20
-104.165900999999991
11
174.7788960000000031
21
-104.1171269999999964
0
LINE
8
BLACK
6
CONTINUOUS
10
174.7788960000000031
20
-104.1171269999999964
11
174.8649999999999807
21
-104.0999999999999943
0
LINE
8
BLACK
6
CONTINUOUS
10
174.8649999999999807
20
-104.0999999999999943
11
184.414999999999992
21
-104.0999999999999943
0
LINE
8
BLACK
6
CONTINUOUS
10
184.414999999999992
20
-104.0999999999999943
11
184.501103999999998
21
-104.1171269999999964
0
LINE
8
BLACK
6
CONTINUOUS
10
239.1381219999999814
20
-103.4644479999999902
11
239.2830109999999877
21
-103.5244629999999972
0
LINE
8
BLACK
6
CONTINUOUS
10
239.2830109999999877
20
-103.5244629999999972
11
239.4134090000000015
21
-103.6115920000000017
0
LINE
8
BLACK
6
CONTINUOUS
10
239.4134090000000015
20
-103.6115920000000017
11
239.5243019999999774
21
-103.7224849999999918
0
LINE
8
BLACK
6
CONTINUOUS
10
239.5243019999999774
20
-103.7224849999999918
11
239.6114309999999819
21
-103.8528829999999914
0
LINE
8
BLACK
6
CONTINUOUS
10
239.6114309999999819
20
-103.8528829999999914
11
239.6714460000000031
21
-103.9977719999999977
0
LINE
8
BLACK
6
CONTINUOUS
10
239.6714460000000031
20
-103.9977719999999977
11
239.7020419999999774
21
-104.1515859999999947
0
LINE
8
BLACK
6
CONTINUOUS
10
239.7020419999999774
20
-104.1515859999999947
11
239.7020419999999774
21
-104.3084139999999991
0
LINE
8
BLACK
6
CONTINUOUS
10
239.7020419999999774
20
-104.3084139999999991
11
239.6714460000000031
21
-104.4622279999999961
0
LINE
8
BLACK
6
CONTINUOUS
10
239.6714460000000031
20
-104.4622279999999961
11
239.6114309999999819
21
-104.6071170000000023
0
LINE
8
BLACK
6
CONTINUOUS
10
239.6114309999999819
20
-104.6071170000000023
11
239.5243019999999774
21
-104.7375150000000019
0
LINE
8
BLACK
6
CONTINUOUS
10
239.5243019999999774
20
-104.7375150000000019
11
239.4134090000000015
21
-104.8484079999999921
0
LINE
8
BLACK
6
CONTINUOUS
10
239.4134090000000015
20
-104.8484079999999921
11
239.2830109999999877
21
-104.9355369999999965
0
LINE
8
BLACK
6
CONTINUOUS
10
239.2830109999999877
20
-104.9355369999999965
11
239.1381219999999814
21
-104.9955519999999893
0
LINE
8
BLACK
6
CONTINUOUS
10
239.1381219999999814
20
-104.9955519999999893
11
238.9843079999999986
21
-105.0261479999999921
0
LINE
8
BLACK
6
CONTINUOUS
10
238.9843079999999986
20
-105.0261479999999921
11
238.82747999999998
21
-105.0261479999999921
0
LINE
8
BLACK
6
CONTINUOUS
10
238.82747999999998
20
-105.0261479999999921
11
238.6736659999999972
21
-104.9955519999999893
0
LINE
8
BLACK
6
CONTINUOUS
10
238.6736659999999972
20
-104.9955519999999893
11
238.5287769999999909
21
-104.9355369999999965
0
LINE
8
BLACK
6
CONTINUOUS
10
238.5287769999999909
20
-104.9355369999999965
11
238.3983789999999772
21
-104.8484079999999921
0
LINE
8
BLACK
6
CONTINUOUS
10
238.3983789999999772
20
-104.8484079999999921
11
238.2874860000000012
21
-104.7375150000000019
0
LINE
8
BLACK
6
CONTINUOUS
10
238.2874860000000012
20
-104.7375150000000019
11
238.2003569999999968
21
-104.6071170000000023
0
LINE
8
BLACK
6
CONTINUOUS
10
238.2003569999999968
20
-104.6071170000000023
11
238.1403419999999755
21
-104.4622279999999961
0
LINE
8
BLACK
6
CONTINUOUS
10
238.1403419999999755
20
-104.4622279999999961
11
238.1097460000000012
21
-104.3084139999999991
0
LINE
8
BLACK
6
CONTINUOUS
10
238.1097460000000012
20
-104.3084139999999991
11
238.1097460000000012
21
-104.1515859999999947
0
LINE
8
BLACK
6
CONTINUOUS
10
238.1097460000000012
20
-104.1515859999999947
11
238.1403419999999755
21
-103.9977719999999977
0
LINE
8
BLACK
6
CONTINUOUS
10
238.1403419999999755
20
-103.9977719999999977
11
238.2003569999999968
21
-103.8528829999999914
0
LINE
8
BLACK
6
CONTINUOUS
10
238.2003569999999968
20
-103.8528829999999914
11
238.2874860000000012
21
-103.7224849999999918
0
LINE
8
BLACK
6
CONTINUOUS
10
238.2874860000000012
20
-103.7224849999999918
11
238.3983789999999772
21
-103.6115920000000017
0
LINE
8
BLACK
6
CONTINUOUS
10
238.3983789999999772
20
-103.6115920000000017
11
238.5287769999999909
21
-103.5244629999999972
0
LINE
8
BLACK
6
CONTINUOUS
10
238.5287769999999909
20
-103.5244629999999972
11
238.6736659999999972
21
-103.4644479999999902
0
LINE
8
BLACK
6
CONTINUOUS
10
238.6736659999999972
20
-103.4644479999999902
11
238.82747999999998
21
-103.4338520000000017
0
LINE
8
BLACK
6
CONTINUOUS
10
238.82747999999998
20
-103.4338520000000017
11
238.9843079999999986
21
-103.4338520000000017
0
LINE
8
BLACK
6
CONTINUOUS
10
238.9843079999999986
20
-103.4338520000000017
11
239.1381219999999814
21
-103.4644479999999902
0
LINE
8
BLACK
6
CONTINUOUS
10
247.2622279999999932
20
-103.4644479999999902
11
247.4071169999999995
21
-103.5244629999999972
0
LINE
8
BLACK
6
CONTINUOUS
10
247.4071169999999995
20
-103.5244629999999972
11
247.5375149999999849
21
-103.6115920000000017
0
LINE
8
BLACK
6
CONTINUOUS
10
247.5375149999999849
20
-103.6115920000000017
11
247.6484079999999892
21
-103.7224849999999918
0
LINE
8
BLACK
6
CONTINUOUS
10
247.6484079999999892
20
-103.7224849999999918
11
247.7355369999999937
21
-103.8528829999999914
0
LINE
8
BLACK
6
CONTINUOUS
10
247.7355369999999937
20
-103.8528829999999914
11
247.7955519999999865
21
-103.9977719999999977
0
LINE
8
BLACK
6
CONTINUOUS
10
247.7955519999999865
20
-103.9977719999999977
11
247.8261479999999892
21
-104.1515859999999947
0
LINE
8
BLACK
6
CONTINUOUS
10
247.8261479999999892
20
-104.1515859999999947
11
247.8261479999999892
21
-104.3084139999999991
0
LINE
8
BLACK
6
CONTINUOUS
10
247.8261479999999892
20
-104.3084139999999991
11
247.7955519999999865
21
-104.4622279999999961
0
LINE
8
BLACK
6
CONTINUOUS
10
247.7955519999999865
20
-104.4622279999999961
11
247.7355369999999937
21
-104.6071170000000023
0
LINE
8
BLACK
6
CONTINUOUS
10
247.7355369999999937
20
-104.6071170000000023
11
247.6484079999999892
21
-104.7375150000000019
0
LINE
8
BLACK
6
CONTINUOUS
10
247.6484079999999892
20
-104.7375150000000019
11
247.5375149999999849
21
-104.8484079999999921
0
LINE
8
BLACK
6
CONTINUOUS
10
247.5375149999999849
20
-104.8484079999999921
11
247.4071169999999995
21
-104.9355369999999965
0
LINE
8
BLACK
6
CONTINUOUS
10
247.4071169999999995
20
-104.9355369999999965
11
247.2622279999999932
21
-104.9955519999999893
0
LINE
8
BLACK
6
CONTINUOUS
10
247.2622279999999932
20
-104.9955519999999893
11
247.108413999999982
21
-105.0261479999999921
0
LINE
8
BLACK
6
CONTINUOUS
10
247.108413999999982
20
-105.0261479999999921
11
246.9515859999999918
21
-105.0261479999999921
0
LINE
8
BLACK
6
CONTINUOUS
10
246.9515859999999918
20
-105.0261479999999921
11
246.7977719999999806
21
-104.9955519999999893
0
LINE
8
BLACK
6
CONTINUOUS
10
246.7977719999999806
20
-104.9955519999999893
11
246.6528830000000028
21
-104.9355369999999965
0
LINE
8
BLACK
6
CONTINUOUS
10
246.6528830000000028
20
-104.9355369999999965
11
246.522484999999989
21
-104.8484079999999921
0
LINE
8
BLACK
6
CONTINUOUS
10
246.522484999999989
20
-104.8484079999999921
11
246.4115919999999846
21
-104.7375150000000019
0
LINE
8
BLACK
6
CONTINUOUS
10
246.4115919999999846
20
-104.7375150000000019
11
246.3244629999999802
21
-104.6071170000000023
0
LINE
8
BLACK
6
CONTINUOUS
10
246.3244629999999802
20
-104.6071170000000023
11
246.2644479999999874
21
-104.4622279999999961
0
LINE
8
BLACK
6
CONTINUOUS
10
246.2644479999999874
20
-104.4622279999999961
11
246.2338519999999846
21
-104.3084139999999991
0
LINE
8
BLACK
6
CONTINUOUS
10
246.2338519999999846
20
-104.3084139999999991
11
246.2338519999999846
21
-104.1515859999999947
0
LINE
8
BLACK
6
CONTINUOUS
10
246.2338519999999846
20
-104.1515859999999947
11
246.2644479999999874
21
-103.9977719999999977
0
LINE
8
BLACK
6
CONTINUOUS
10
246.2644479999999874
20
-103.9977719999999977
11
246.3244629999999802
21
-103.8528829999999914
0
LINE
8
BLACK
6
CONTINUOUS
10
246.3244629999999802
20
-103.8528829999999914
11
246.4115919999999846
21
-103.7224849999999918
0
LINE
8
BLACK
6
CONTINUOUS
10
246.4115919999999846
20
-103.7224849999999918
11
246.522484999999989
21
-103.6115920000000017
0
LINE
8
BLACK
6
CONTINUOUS
10
246.522484999999989
20
-103.6115920000000017
11
246.6528830000000028
21
-103.5244629999999972
0
LINE
8
BLACK
6
CONTINUOUS
10
246.6528830000000028
20
-103.5244629999999972
11
246.7977719999999806
21
-103.4644479999999902
0
LINE
8
BLACK
6
CONTINUOUS
10
246.7977719999999806
20
-103.4644479999999902
11
246.9515859999999918
21
-103.4338520000000017
0
LINE
8
BLACK
6
CONTINUOUS
10
246.9515859999999918
20
-103.4338520000000017
11
247.108413999999982
21
-103.4338520000000017
0
LINE
8
BLACK
6
CONTINUOUS
10
247.108413999999982
20
-103.4338520000000017
11
247.2622279999999932
21
-103.4644479999999902
0
LINE
8
BLACK
6
CONTINUOUS
10
230.7011039999999866
20
-103.4971269999999919
11
230.7740989999999783
21
-103.5459010000000006
0
LINE
8
BLACK
6
CONTINUOUS
10
230.7740989999999783
20
-103.5459010000000006
11
230.8228729999999871
21
-103.6188959999999923
0
LINE
8
BLACK
6
CONTINUOUS
10
230.8228729999999871
20
-103.6188959999999923
11
230.8400000000000034
21
-103.7049999999999983
0
LINE
8
BLACK
6
CONTINUOUS
10
230.8400000000000034
20
-103.7049999999999983
11
230.8400000000000034
21
-104.7549999999999955
0
LINE
8
BLACK
6
CONTINUOUS
10
230.8400000000000034
20
-104.7549999999999955
11
230.8228729999999871
21
-104.8411040000000014
0
LINE
8
BLACK
6
CONTINUOUS
10
230.8228729999999871
20
-104.8411040000000014
11
230.7740989999999783
21
-104.9140989999999931
0
LINE
8
BLACK
6
CONTINUOUS
10
230.7740989999999783
20
-104.9140989999999931
11
230.7011039999999866
21
-104.9628730000000019
0
LINE
8
BLACK
6
CONTINUOUS
10
230.7011039999999866
20
-104.9628730000000019
11
230.6149999999999807
21
-104.9799999999999898
0
LINE
8
BLACK
6
CONTINUOUS
10
230.6149999999999807
20
-104.9799999999999898
11
221.0649999999999977
21
-104.9799999999999898
0
LINE
8
BLACK
6
CONTINUOUS
10
221.0649999999999977
20
-104.9799999999999898
11
220.9788959999999918
21
-104.9628730000000019
0
LINE
8
BLACK
6
CONTINUOUS
10
220.9788959999999918
20
-104.9628730000000019
11
220.9059010000000001
21
-104.9140989999999931
0
LINE
8
BLACK
6
CONTINUOUS
10
220.9059010000000001
20
-104.9140989999999931
11
220.8571269999999913
21
-104.8411040000000014
0
LINE
8
BLACK
6
CONTINUOUS
10
220.8571269999999913
20
-104.8411040000000014
11
220.8400000000000034
21
-104.7549999999999955
0
LINE
8
BLACK
6
CONTINUOUS
10
220.8400000000000034
20
-104.7549999999999955
11
220.8400000000000034
21
-103.7049999999999983
0
LINE
8
BLACK
6
CONTINUOUS
10
220.8400000000000034
20
-103.7049999999999983
11
220.8571269999999913
21
-103.6188959999999923
0
LINE
8
BLACK
6
CONTINUOUS
10
220.8571269999999913
20
-103.6188959999999923
11
220.9059010000000001
21
-103.5459010000000006
0
LINE
8
BLACK
6
CONTINUOUS
10
220.9059010000000001
20
-103.5459010000000006
11
220.9788959999999918
21
-103.4971269999999919
0
LINE
8
BLACK
6
CONTINUOUS
10
220.9788959999999918
20
-103.4971269999999919
11
221.0649999999999977
21
-103.4799999999999898
0
LINE
8
BLACK
6
CONTINUOUS
10
221.0649999999999977
20
-103.4799999999999898
11
230.6149999999999807
21
-103.4799999999999898
0
LINE
8
BLACK
6
CONTINUOUS
10
230.6149999999999807
20
-103.4799999999999898
11
230.7011039999999866
21
-103.4971269999999919
0
LINE
8
BLACK
6
CONTINUOUS
10
251.8552279999999826
20
-102.9614479999999901
11
252.0001169999999888
21
-103.0214629999999971
0
LINE
8
BLACK
6
CONTINUOUS
10
252.0001169999999888
20
-103.0214629999999971
11
252.1305150000000026
21
-103.1085920000000016
0
LINE
8
BLACK
6
CONTINUOUS
10
252.1305150000000026
20
-103.1085920000000016
11
252.2414079999999785
21
-103.2194849999999917
0
LINE
8
BLACK
6
CONTINUOUS
10
252.2414079999999785
20
-103.2194849999999917
11
252.328536999999983
21
-103.3498829999999913
0
LINE
8
BLACK
6
CONTINUOUS
10
252.328536999999983
20
-103.3498829999999913
11
252.3885519999999758
21
-103.4947719999999975
0
LINE
8
BLACK
6
CONTINUOUS
10
252.3885519999999758
20
-103.4947719999999975
11
252.4191479999999785
21
-103.6485859999999946
0
LINE
8
BLACK
6
CONTINUOUS
10
252.4191479999999785
20
-103.6485859999999946
11
252.4191479999999785
21
-103.805413999999999
0
LINE
8
BLACK
6
CONTINUOUS
10
252.4191479999999785
20
-103.805413999999999
11
252.3885519999999758
21
-103.959227999999996
0
LINE
8
BLACK
6
CONTINUOUS
10
252.3885519999999758
20
-103.959227999999996
11
252.328536999999983
21
-104.1041170000000022
0
LINE
8
BLACK
6
CONTINUOUS
10
252.328536999999983
20
-104.1041170000000022
11
252.2414079999999785
21
-104.2345150000000018
0
LINE
8
BLACK
6
CONTINUOUS
10
252.2414079999999785
20
-104.2345150000000018
11
252.1305150000000026
21
-104.3454079999999919
0
LINE
8
BLACK
6
CONTINUOUS
10
252.1305150000000026
20
-104.3454079999999919
11
252.0001169999999888
21
-104.4325369999999964
0
LINE
8
BLACK
6
CONTINUOUS
10
252.0001169999999888
20
-104.4325369999999964
11
251.8552279999999826
21
-104.4925519999999892
0
LINE
8
BLACK
6
CONTINUOUS
10
251.8552279999999826
20
-104.4925519999999892
11
251.7014139999999998
21
-104.523147999999992
0
LINE
8
BLACK
6
CONTINUOUS
10
251.7014139999999998
20
-104.523147999999992
11
251.5445859999999811
21
-104.523147999999992
0
LINE
8
BLACK
6
CONTINUOUS
10
251.5445859999999811
20
-104.523147999999992
11
251.3907719999999983
21
-104.4925519999999892
0
LINE
8
BLACK
6
CONTINUOUS
10
251.3907719999999983
20
-104.4925519999999892
11
251.2458829999999921
21
-104.4325369999999964
0
LINE
8
BLACK
6
CONTINUOUS
10
251.2458829999999921
20
-104.4325369999999964
11
251.1154849999999783
21
-104.3454079999999919
0
LINE
8
BLACK
6
CONTINUOUS
10
251.1154849999999783
20
-104.3454079999999919
11
251.0045920000000024
21
-104.2345150000000018
0
LINE
8
BLACK
6
CONTINUOUS
10
251.0045920000000024
20
-104.2345150000000018
11
250.9174629999999979
21
-104.1041170000000022
0
LINE
8
BLACK
6
CONTINUOUS
10
250.9174629999999979
20
-104.1041170000000022
11
250.8574479999999767
21
-103.959227999999996
0
LINE
8
BLACK
6
CONTINUOUS
10
250.8574479999999767
20
-103.959227999999996
11
250.8268520000000024
21
-103.805413999999999
0
LINE
8
BLACK
6
CONTINUOUS
10
250.8268520000000024
20
-103.805413999999999
11
250.8268520000000024
21
-103.6485859999999946
0
LINE
8
BLACK
6
CONTINUOUS
10
250.8268520000000024
20
-103.6485859999999946
11
250.8574479999999767
21
-103.4947719999999975
0
LINE
8
BLACK
6
CONTINUOUS
10
250.8574479999999767
20
-103.4947719999999975
11
250.9174629999999979
21
-103.3498829999999913
0
LINE
8
BLACK
6
CONTINUOUS
10
250.9174629999999979
20
-103.3498829999999913
11
251.0045920000000024
21
-103.2194849999999917
0
LINE
8
BLACK
6
CONTINUOUS
10
251.0045920000000024
20
-103.2194849999999917
11
251.1154849999999783
21
-103.1085920000000016
0
LINE
8
BLACK
6
CONTINUOUS
10
251.1154849999999783
20
-103.1085920000000016
11
251.2458829999999921
21
-103.0214629999999971
0
LINE
8
BLACK
6
CONTINUOUS
10
251.2458829999999921
20
-103.0214629999999971
11
251.3907719999999983
21
-102.9614479999999901
0
LINE
8
BLACK
6
CONTINUOUS
10
251.3907719999999983
20
-102.9614479999999901
11
251.5445859999999811
21
-102.9308520000000016
0
LINE
8
BLACK
6
CONTINUOUS
10
251.5445859999999811
20
-102.9308520000000016
11
251.7014139999999998
21
-102.9308520000000016
0
LINE
8
BLACK
6
CONTINUOUS
10
251.7014139999999998
20
-102.9308520000000016
11
251.8552279999999826
21
-102.9614479999999901
0
LINE
8
BLACK
6
CONTINUOUS
10
59.2032279999999957
20
-101.5444479999999885
11
59.2407739999999947
21
-101.5600000000000023
0
LINE
8
BLACK
6
CONTINUOUS
10
59.2407739999999947
20
-101.5600000000000023
11
70.8199999999999932
21
-101.5600000000000023
0
LINE
8
BLACK
6
CONTINUOUS
10
70.8199999999999932
20
-101.5600000000000023
11
75.5949999999999989
21
-101.5600000000000023
0
LINE
8
BLACK
6
CONTINUOUS
10
75.5949999999999989
20
-101.5600000000000023
11
75.6811039999999906
21
-101.5771269999999902
0
LINE
8
BLACK
6
CONTINUOUS
10
75.6811039999999906
20
-101.5771269999999902
11
75.7540989999999965
21
-101.6259009999999989
0
LINE
8
BLACK
6
CONTINUOUS
10
75.7540989999999965
20
-101.6259009999999989
11
75.8028729999999911
21
-101.6988959999999906
0
LINE
8
BLACK
6
CONTINUOUS
10
75.8028729999999911
20
-101.6988959999999906
11
75.8199999999999932
21
-101.7849999999999966
0
LINE
8
BLACK
6
CONTINUOUS
10
75.8199999999999932
20
-101.7849999999999966
11
75.8199999999999932
21
-102.8349999999999937
0
LINE
8
BLACK
6
CONTINUOUS
10
75.8199999999999932
20
-102.8349999999999937
11
75.8028729999999911
21
-102.9211039999999997
0
LINE
8
BLACK
6
CONTINUOUS
10
75.8028729999999911
20
-102.9211039999999997
11
75.7540989999999965
21
-102.9940989999999914
0
LINE
8
BLACK
6
CONTINUOUS
10
75.7540989999999965
20
-102.9940989999999914
11
75.6811039999999906
21
-103.0428730000000002
0
LINE
8
BLACK
6
CONTINUOUS
10
75.6811039999999906
20
-103.0428730000000002
11
75.5949999999999989
21
-103.0600000000000023
0
LINE
8
BLACK
6
CONTINUOUS
10
75.5949999999999989
20
-103.0600000000000023
11
66.0450000000000017
21
-103.0600000000000023
0
LINE
8
BLACK
6
CONTINUOUS
10
66.0450000000000017
20
-103.0600000000000023
11
59.2407739999999947
21
-103.0600000000000023
0
LINE
8
BLACK
6
CONTINUOUS
10
59.2407739999999947
20
-103.0600000000000023
11
59.2032279999999957
21
-103.0755520000000018
0
LINE
8
BLACK
6
CONTINUOUS
10
59.2032279999999957
20
-103.0755520000000018
11
59.0494139999999987
21
-103.1061479999999904
0
LINE
8
BLACK
6
CONTINUOUS
10
59.0494139999999987
20
-103.1061479999999904
11
58.8925859999999943
21
-103.1061479999999904
0
LINE
8
BLACK
6
CONTINUOUS
10
58.8925859999999943
20
-103.1061479999999904
11
58.7387719999999973
21
-103.0755520000000018
0
LINE
8
BLACK
6
CONTINUOUS
10
58.7387719999999973
20
-103.0755520000000018
11
58.5938829999999982
21
-103.0155369999999948
0
LINE
8
BLACK
6
CONTINUOUS
10
58.5938829999999982
20
-103.0155369999999948
11
58.4634849999999986
21
-102.9284079999999904
0
LINE
8
BLACK
6
CONTINUOUS
10
58.4634849999999986
20
-102.9284079999999904
11
58.3525919999999942
21
-102.8175150000000002
0
LINE
8
BLACK
6
CONTINUOUS
10
58.3525919999999942
20
-102.8175150000000002
11
58.2654629999999969
21
-102.6871170000000006
0
LINE
8
BLACK
6
CONTINUOUS
10
58.2654629999999969
20
-102.6871170000000006
11
58.205447999999997
21
-102.5422279999999944
0
LINE
8
BLACK
6
CONTINUOUS
10
58.205447999999997
20
-102.5422279999999944
11
58.1748519999999942
21
-102.3884139999999974
0
LINE
8
BLACK
6
CONTINUOUS
10
58.1748519999999942
20
-102.3884139999999974
11
58.1748519999999942
21
-102.231585999999993
0
LINE
8
BLACK
6
CONTINUOUS
10
58.1748519999999942
20
-102.231585999999993
11
58.205447999999997
21
-102.077771999999996
0
LINE
8
BLACK
6
CONTINUOUS
10
58.205447999999997
20
-102.077771999999996
11
58.2654629999999969
21
-101.9328829999999897
0
LINE
8
BLACK
6
CONTINUOUS
10
58.2654629999999969
20
-101.9328829999999897
11
58.3525919999999942
21
-101.8024849999999901
0
LINE
8
BLACK
6
CONTINUOUS
10
58.3525919999999942
20
-101.8024849999999901
11
58.4634849999999986
21
-101.691592
0
LINE
8
BLACK
6
CONTINUOUS
10
58.4634849999999986
20
-101.691592
11
58.5938829999999982
21
-101.6044629999999955
0
LINE
8
BLACK
6
CONTINUOUS
10
58.5938829999999982
20
-101.6044629999999955
11
58.7387719999999973
21
-101.5444479999999885
0
LINE
8
BLACK
6
CONTINUOUS
10
58.7387719999999973
20
-101.5444479999999885
11
58.8925859999999943
21
-101.513852
0
LINE
8
BLACK
6
CONTINUOUS
10
58.8925859999999943
20
-101.513852
11
59.0494139999999987
21
-101.513852
0
LINE
8
BLACK
6
CONTINUOUS
10
59.0494139999999987
20
-101.513852
11
59.2032279999999957
21
-101.5444479999999885
0
LINE
8
BLACK
6
CONTINUOUS
10
105.6811039999999906
20
-101.5771269999999902
11
105.7540989999999965
21
-101.6259009999999989
0
LINE
8
BLACK
6
CONTINUOUS
10
105.7540989999999965
20
-101.6259009999999989
11
105.8028729999999911
21
-101.6988959999999906
0
LINE
8
BLACK
6
CONTINUOUS
10
105.8028729999999911
20
-101.6988959999999906
11
105.8199999999999932
21
-101.7849999999999966
0
LINE
8
BLACK
6
CONTINUOUS
10
105.8199999999999932
20
-101.7849999999999966
11
105.8199999999999932
21
-102.8349999999999937
0
LINE
8
BLACK
6
CONTINUOUS
10
105.8199999999999932
20
-102.8349999999999937
11
105.8028729999999911
21
-102.9211039999999997
0
LINE
8
BLACK
6
CONTINUOUS
10
105.8028729999999911
20
-102.9211039999999997
11
105.7540989999999965
21
-102.9940989999999914
0
LINE
8
BLACK
6
CONTINUOUS
10
105.7540989999999965
20
-102.9940989999999914
11
105.6811039999999906
21
-103.0428730000000002
0
LINE
8
BLACK
6
CONTINUOUS
10
105.6811039999999906
20
-103.0428730000000002
11
105.5949999999999989
21
-103.0600000000000023
0
LINE
8
BLACK
6
CONTINUOUS
10
105.5949999999999989
20
-103.0600000000000023
11
96.0450000000000017
21
-103.0600000000000023
0
LINE
8
BLACK
6
CONTINUOUS
10
96.0450000000000017
20
-103.0600000000000023
11
95.9588959999999958
21
-103.0428730000000002
0
LINE
8
BLACK
6
CONTINUOUS
10
95.9588959999999958
20
-103.0428730000000002
11
95.8859009999999898
21
-102.9940989999999914
0
LINE
8
BLACK
6
CONTINUOUS
10
95.8859009999999898
20
-102.9940989999999914
11
95.8371269999999953
21
-102.9211039999999997
0
LINE
8
BLACK
6
CONTINUOUS
10
95.8371269999999953
20
-102.9211039999999997
11
95.8199999999999932
21
-102.8349999999999937
0
LINE
8
BLACK
6
CONTINUOUS
10
95.8199999999999932
20
-102.8349999999999937
11
95.8199999999999932
21
-101.7849999999999966
0
LINE
8
BLACK
6
CONTINUOUS
10
95.8199999999999932
20
-101.7849999999999966
11
95.8371269999999953
21
-101.6988959999999906
0
LINE
8
BLACK
6
CONTINUOUS
10
95.8371269999999953
20
-101.6988959999999906
11
95.8859009999999898
21
-101.6259009999999989
0
LINE
8
BLACK
6
CONTINUOUS
10
95.8859009999999898
20
-101.6259009999999989
11
95.9588959999999958
21
-101.5771269999999902
0
LINE
8
BLACK
6
CONTINUOUS
10
95.9588959999999958
20
-101.5771269999999902
11
96.0450000000000017
21
-101.5600000000000023
0
LINE
8
BLACK
6
CONTINUOUS
10
96.0450000000000017
20
-101.5600000000000023
11
105.5949999999999989
21
-101.5600000000000023
0
LINE
8
BLACK
6
CONTINUOUS
10
105.5949999999999989
20
-101.5600000000000023
11
105.6811039999999906
21
-101.5771269999999902
0
LINE
8
BLACK
6
CONTINUOUS
10
154.501103999999998
20
-101.5771269999999902
11
154.5740989999999897
21
-101.6259009999999989
0
LINE
8
BLACK
6
CONTINUOUS
10
154.5740989999999897
20
-101.6259009999999989
11
154.6228729999999985
21
-101.6988959999999906
0
LINE
8
BLACK
6
CONTINUOUS
10
154.6228729999999985
20
-101.6988959999999906
11
154.6399999999999864
21
-101.7849999999999966
0
LINE
8
BLACK
6
CONTINUOUS
10
154.6399999999999864
20
-101.7849999999999966
11
154.6399999999999864
21
-102.8349999999999937
0
LINE
8
BLACK
6
CONTINUOUS
10
154.6399999999999864
20
-102.8349999999999937
11
154.6228729999999985
21
-102.9211039999999997
0
LINE
8
BLACK
6
CONTINUOUS
10
154.6228729999999985
20
-102.9211039999999997
11
154.5740989999999897
21
-102.9940989999999914
0
LINE
8
BLACK
6
CONTINUOUS
10
154.5740989999999897
20
-102.9940989999999914
11
154.501103999999998
21
-103.0428730000000002
0
LINE
8
BLACK
6
CONTINUOUS
10
154.501103999999998
20
-103.0428730000000002
11
154.414999999999992
21
-103.0600000000000023
0
LINE
8
BLACK
6
CONTINUOUS
10
154.414999999999992
20
-103.0600000000000023
11
144.8649999999999807
21
-103.0600000000000023
0
LINE
8
BLACK
6
CONTINUOUS
10
144.8649999999999807
20
-103.0600000000000023
11
144.7788960000000031
21
-103.0428730000000002
0
LINE
8
BLACK
6
CONTINUOUS
10
144.7788960000000031
20
-103.0428730000000002
11
144.705900999999983
21
-102.9940989999999914
0
LINE
8
BLACK
6
CONTINUOUS
10
144.705900999999983
20
-102.9940989999999914
11
144.6571270000000027
21
-102.9211039999999997
0
LINE
8
BLACK
6
CONTINUOUS
10
144.6571270000000027
20
-102.9211039999999997
11
144.6399999999999864
21
-102.8349999999999937
0
LINE
8
BLACK
6
CONTINUOUS
10
144.6399999999999864
20
-102.8349999999999937
11
144.6399999999999864
21
-101.7849999999999966
0
LINE
8
BLACK
6
CONTINUOUS
10
144.6399999999999864
20
-101.7849999999999966
11
144.6571270000000027
21
-101.6988959999999906
0
LINE
8
BLACK
6
CONTINUOUS
10
144.6571270000000027
20
-101.6988959999999906
11
144.705900999999983
21
-101.6259009999999989
0
LINE
8
BLACK
6
CONTINUOUS
10
144.705900999999983
20
-101.6259009999999989
11
144.7788960000000031
21
-101.5771269999999902
0
LINE
8
BLACK
6
CONTINUOUS
10
144.7788960000000031
20
-101.5771269999999902
11
144.8649999999999807
21
-101.5600000000000023
0
LINE
8
BLACK
6
CONTINUOUS
10
144.8649999999999807
20
-101.5600000000000023
11
154.414999999999992
21
-101.5600000000000023
0
LINE
8
BLACK
6
CONTINUOUS
10
154.414999999999992
20
-101.5600000000000023
11
154.501103999999998
21
-101.5771269999999902
0
LINE
8
BLACK
6
CONTINUOUS
10
184.501103999999998
20
-101.5771269999999902
11
184.5740989999999897
21
-101.6259009999999989
0
LINE
8
BLACK
6
CONTINUOUS
10
184.5740989999999897
20
-101.6259009999999989
11
184.6228729999999985
21
-101.6988959999999906
0
LINE
8
BLACK
6
CONTINUOUS
10
184.6228729999999985
20
-101.6988959999999906
11
184.6399999999999864
21
-101.7849999999999966
0
LINE
8
BLACK
6
CONTINUOUS
10
184.6399999999999864
20
-101.7849999999999966
11
184.6399999999999864
21
-102.8349999999999937
0
LINE
8
BLACK
6
CONTINUOUS
10
184.6399999999999864
20
-102.8349999999999937
11
184.6228729999999985
21
-102.9211039999999997
0
LINE
8
BLACK
6
CONTINUOUS
10
184.6228729999999985
20
-102.9211039999999997
11
184.5740989999999897
21
-102.9940989999999914
0
LINE
8
BLACK
6
CONTINUOUS
10
184.5740989999999897
20
-102.9940989999999914
11
184.501103999999998
21
-103.0428730000000002
0
LINE
8
BLACK
6
CONTINUOUS
10
184.501103999999998
20
-103.0428730000000002
11
184.414999999999992
21
-103.0600000000000023
0
LINE
8
BLACK
6
CONTINUOUS
10
184.414999999999992
20
-103.0600000000000023
11
174.8649999999999807
21
-103.0600000000000023
0
LINE
8
BLACK
6
CONTINUOUS
10
174.8649999999999807
20
-103.0600000000000023
11
174.7788960000000031
21
-103.0428730000000002
0
LINE
8
BLACK
6
CONTINUOUS
10
174.7788960000000031
20
-103.0428730000000002
11
174.705900999999983
21
-102.9940989999999914
0
LINE
8
BLACK
6
CONTINUOUS
10
174.705900999999983
20
-102.9940989999999914
11
174.6571270000000027
21
-102.9211039999999997
0
LINE
8
BLACK
6
CONTINUOUS
10
174.6571270000000027
20
-102.9211039999999997
11
174.6399999999999864
21
-102.8349999999999937
0
LINE
8
BLACK
6
CONTINUOUS
10
174.6399999999999864
20
-102.8349999999999937
11
174.6399999999999864
21
-101.7849999999999966
0
LINE
8
BLACK
6
CONTINUOUS
10
174.6399999999999864
20
-101.7849999999999966
11
174.6571270000000027
21
-101.6988959999999906
0
LINE
8
BLACK
6
CONTINUOUS
10
174.6571270000000027
20
-101.6988959999999906
11
174.705900999999983
21
-101.6259009999999989
0
LINE
8
BLACK
6
CONTINUOUS
10
174.705900999999983
20
-101.6259009999999989
11
174.7788960000000031
21
-101.5771269999999902
0
LINE
8
BLACK
6
CONTINUOUS
10
174.7788960000000031
20
-101.5771269999999902
11
174.8649999999999807
21
-101.5600000000000023
0
LINE
8
BLACK
6
CONTINUOUS
10
174.8649999999999807
20
-101.5600000000000023
11
184.414999999999992
21
-101.5600000000000023
0
LINE
8
BLACK
6
CONTINUOUS
10
184.414999999999992
20
-101.5600000000000023
11
184.501103999999998
21
-101.5771269999999902
0
LINE
8
BLACK
6
CONTINUOUS
10
230.7011039999999866
20
-100.9571269999999998
11
230.7740989999999783
21
-101.0059009999999944
0
LINE
8
BLACK
6
CONTINUOUS
10
230.7740989999999783
20
-101.0059009999999944
11
230.8228729999999871
21
-101.0788960000000003
0
LINE
8
BLACK
6
CONTINUOUS
10
230.8228729999999871
20
-101.0788960000000003
11
230.8400000000000034
21
-101.164999999999992
0
LINE
8
BLACK
6
CONTINUOUS
10
230.8400000000000034
20
-101.164999999999992
11
230.8400000000000034
21
-102.2149999999999892
0
LINE
8
BLACK
6
CONTINUOUS
10
230.8400000000000034
20
-102.2149999999999892
11
230.8228729999999871
21
-102.3011039999999952
0
LINE
8
BLACK
6
CONTINUOUS
10
230.8228729999999871
20
-102.3011039999999952
11
230.7740989999999783
21
-102.3740990000000011
0
LINE
8
BLACK
6
CONTINUOUS
10
230.7740989999999783
20
-102.3740990000000011
11
230.7011039999999866
21
-102.4228729999999956
0
LINE
8
BLACK
6
CONTINUOUS
10
230.7011039999999866
20
-102.4228729999999956
11
230.6149999999999807
21
-102.4399999999999977
0
LINE
8
BLACK
6
CONTINUOUS
10
230.6149999999999807
20
-102.4399999999999977
11
221.0649999999999977
21
-102.4399999999999977
0
LINE
8
BLACK
6
CONTINUOUS
10
221.0649999999999977
20
-102.4399999999999977
11
220.9788959999999918
21
-102.4228729999999956
0
LINE
8
BLACK
6
CONTINUOUS
10
220.9788959999999918
20
-102.4228729999999956
11
220.9059010000000001
21
-102.3740990000000011
0
LINE
8
BLACK
6
CONTINUOUS
10
220.9059010000000001
20
-102.3740990000000011
11
220.8571269999999913
21
-102.3011039999999952
0
LINE
8
BLACK
6
CONTINUOUS
10
220.8571269999999913
20
-102.3011039999999952
11
220.8400000000000034
21
-102.2149999999999892
0
LINE
8
BLACK
6
CONTINUOUS
10
220.8400000000000034
20
-102.2149999999999892
11
220.8400000000000034
21
-101.164999999999992
0
LINE
8
BLACK
6
CONTINUOUS
10
220.8400000000000034
20
-101.164999999999992
11
220.8571269999999913
21
-101.0788960000000003
0
LINE
8
BLACK
6
CONTINUOUS
10
220.8571269999999913
20
-101.0788960000000003
11
220.9059010000000001
21
-101.0059009999999944
0
LINE
8
BLACK
6
CONTINUOUS
10
220.9059010000000001
20
-101.0059009999999944
11
220.9788959999999918
21
-100.9571269999999998
0
LINE
8
BLACK
6
CONTINUOUS
10
220.9788959999999918
20
-100.9571269999999998
11
221.0649999999999977
21
-100.9399999999999977
0
LINE
8
BLACK
6
CONTINUOUS
10
221.0649999999999977
20
-100.9399999999999977
11
230.6149999999999807
21
-100.9399999999999977
0
LINE
8
BLACK
6
CONTINUOUS
10
230.6149999999999807
20
-100.9399999999999977
11
230.7011039999999866
21
-100.9571269999999998
0
LINE
8
BLACK
6
CONTINUOUS
10
219.2102280000000007
20
-49.1224479999999986
11
219.3551169999999786
21
-49.1824629999999985
0
LINE
8
BLACK
6
CONTINUOUS
10
219.3551169999999786
20
-49.1824629999999985
11
219.4855149999999924
21
-49.2695919999999958
0
LINE
8
BLACK
6
CONTINUOUS
10
219.4855149999999924
20
-49.2695919999999958
11
219.5964079999999967
21
-49.3804850000000002
0
LINE
8
BLACK
6
CONTINUOUS
10
219.5964079999999967
20
-49.3804850000000002
11
219.6835370000000012
21
-49.5108829999999998
0
LINE
8
BLACK
6
CONTINUOUS
10
219.6835370000000012
20
-49.5108829999999998
11
219.743551999999994
21
-49.6557719999999989
0
LINE
8
BLACK
6
CONTINUOUS
10
219.743551999999994
20
-49.6557719999999989
11
219.7741479999999967
21
-49.8095859999999959
0
LINE
8
BLACK
6
CONTINUOUS
10
219.7741479999999967
20
-49.8095859999999959
11
219.7741479999999967
21
-49.9664140000000003
0
LINE
8
BLACK
6
CONTINUOUS
10
219.7741479999999967
20
-49.9664140000000003
11
219.743551999999994
21
-50.1202279999999973
0
LINE
8
BLACK
6
CONTINUOUS
10
219.743551999999994
20
-50.1202279999999973
11
219.6835370000000012
21
-50.2651169999999965
0
LINE
8
BLACK
6
CONTINUOUS
10
219.6835370000000012
20
-50.2651169999999965
11
219.5964079999999967
21
-50.3955149999999961
0
LINE
8
BLACK
6
CONTINUOUS
10
219.5964079999999967
20
-50.3955149999999961
11
219.4855149999999924
21
-50.5064080000000004
0
LINE
8
BLACK
6
CONTINUOUS
10
219.4855149999999924
20
-50.5064080000000004
11
219.3551169999999786
21
-50.5935369999999978
0
LINE
8
BLACK
6
CONTINUOUS
10
219.3551169999999786
20
-50.5935369999999978
11
219.2102280000000007
21
-50.6535519999999977
0
LINE
8
BLACK
6
CONTINUOUS
10
219.2102280000000007
20
-50.6535519999999977
11
219.0564139999999895
21
-50.6841480000000004
0
LINE
8
BLACK
6
CONTINUOUS
10
219.0564139999999895
20
-50.6841480000000004
11
218.8995859999999993
21
-50.6841480000000004
0
LINE
8
BLACK
6
CONTINUOUS
10
218.8995859999999993
20
-50.6841480000000004
11
218.7457719999999881
21
-50.6535519999999977
0
LINE
8
BLACK
6
CONTINUOUS
10
218.7457719999999881
20
-50.6535519999999977
11
218.7082259999999962
21
-50.6379999999999981
0
LINE
8
BLACK
6
CONTINUOUS
10
218.7082259999999962
20
-50.6379999999999981
11
61.712375999999999
21
-50.6379999999999981
0
LINE
8
BLACK
6
CONTINUOUS
10
61.712375999999999
20
-50.6379999999999981
11
50.4690000000000012
21
-61.8813759999999959
0
LINE
8
BLACK
6
CONTINUOUS
10
50.4690000000000012
20
-61.8813759999999959
11
50.4690000000000012
21
-100.303331
0
LINE
8
BLACK
6
CONTINUOUS
10
50.4690000000000012
20
-100.303331
11
50.4845520000000008
21
-100.3408769999999919
0
LINE
8
BLACK
6
CONTINUOUS
10
50.4845520000000008
20
-100.3408769999999919
11
50.5151479999999964
21
-100.4946909999999889
0
LINE
8
BLACK
6
CONTINUOUS
10
50.5151479999999964
20
-100.4946909999999889
11
50.5151479999999964
21
-100.6515189999999933
0
LINE
8
BLACK
6
CONTINUOUS
10
50.5151479999999964
20
-100.6515189999999933
11
50.4845520000000008
21
-100.8053329999999903
0
LINE
8
BLACK
6
CONTINUOUS
10
50.4845520000000008
20
-100.8053329999999903
11
50.4245370000000008
21
-100.9502219999999966
0
LINE
8
BLACK
6
CONTINUOUS
10
50.4245370000000008
20
-100.9502219999999966
11
50.3374079999999964
21
-101.0806199999999961
0
LINE
8
BLACK
6
CONTINUOUS
10
50.3374079999999964
20
-101.0806199999999961
11
50.2265149999999991
21
-101.1915130000000005
0
LINE
8
BLACK
6
CONTINUOUS
10
50.2265149999999991
20
-101.1915130000000005
11
50.0961169999999996
21
-101.2786419999999907
0
LINE
8
BLACK
6
CONTINUOUS
10
50.0961169999999996
20
-101.2786419999999907
11
49.9512280000000004
21
-101.3386569999999978
0
LINE
8
BLACK
6
CONTINUOUS
10
49.9512280000000004
20
-101.3386569999999978
11
49.7974139999999963
21
-101.3692530000000005
0
LINE
8
BLACK
6
CONTINUOUS
10
49.7974139999999963
20
-101.3692530000000005
11
49.640585999999999
21
-101.3692530000000005
0
LINE
8
BLACK
6
CONTINUOUS
10
49.640585999999999
20
-101.3692530000000005
11
49.4867719999999949
21
-101.3386569999999978
0
LINE
8
BLACK
6
CONTINUOUS
10
49.4867719999999949
20
-101.3386569999999978
11
49.3418829999999957
21
-101.2786419999999907
0
LINE
8
BLACK
6
CONTINUOUS
10
49.3418829999999957
20
-101.2786419999999907
11
49.2114849999999961
21
-101.1915130000000005
0
LINE
8
BLACK
6
CONTINUOUS
10
49.2114849999999961
20
-101.1915130000000005
11
49.1005919999999989
21
-101.0806199999999961
0
LINE
8
BLACK
6
CONTINUOUS
10
49.1005919999999989
20
-101.0806199999999961
11
49.0134629999999945
21
-100.9502219999999966
0
LINE
8
BLACK
6
CONTINUOUS
10
49.0134629999999945
20
-100.9502219999999966
11
48.9534479999999945
21
-100.8053329999999903
0
LINE
8
BLACK
6
CONTINUOUS
10
48.9534479999999945
20
-100.8053329999999903
11
48.9228519999999989
21
-100.6515189999999933
0
LINE
8
BLACK
6
CONTINUOUS
10
48.9228519999999989
20
-100.6515189999999933
11
48.9228519999999989
21
-100.4946909999999889
0
LINE
8
BLACK
6
CONTINUOUS
10
48.9228519999999989
20
-100.4946909999999889
11
48.9534479999999945
21
-100.3408769999999919
0
LINE
8
BLACK
6
CONTINUOUS
10
48.9534479999999945
20
-100.3408769999999919
11
48.9690000000000012
21
-100.303331
0
LINE
8
BLACK
6
CONTINUOUS
10
48.9690000000000012
20
-100.303331
11
48.9690000000000012
21
-61.5707159999999973
0
LINE
8
BLACK
6
CONTINUOUS
10
48.9690000000000012
20
-61.5707159999999973
11
48.9726110000000006
21
-61.497202999999999
0
LINE
8
BLACK
6
CONTINUOUS
10
48.9726110000000006
20
-61.497202999999999
11
48.9808789999999945
21
-61.4556389999999979
0
LINE
8
BLACK
6
CONTINUOUS
10
48.9808789999999945
20
-61.4556389999999979
11
49.0012939999999944
21
-61.353002999999994
0
LINE
8
BLACK
6
CONTINUOUS
10
49.0012939999999944
20
-61.353002999999994
11
49.0575589999999977
21
-61.2171689999999984
0
LINE
8
BLACK
6
CONTINUOUS
10
49.0575589999999977
20
-61.2171689999999984
11
49.0575589999999977
21
-61.2171679999999938
0
LINE
8
BLACK
6
CONTINUOUS
10
49.0575589999999977
20
-61.2171679999999938
11
49.1392419999999959
21
-61.0949209999999994
0
LINE
8
BLACK
6
CONTINUOUS
10
49.1392419999999959
20
-61.0949209999999994
11
49.1886699999999948
21
-61.040385999999998
0
LINE
8
BLACK
6
CONTINUOUS
10
49.1886699999999948
20
-61.040385999999998
11
60.871385999999994
21
-49.3576699999999988
0
LINE
8
BLACK
6
CONTINUOUS
10
60.871385999999994
20
-49.3576699999999988
11
60.9259209999999953
21
-49.3082419999999999
0
LINE
8
BLACK
6
CONTINUOUS
10
60.9259209999999953
20
-49.3082419999999999
11
60.9837649999999982
21
-49.2695919999999958
0
LINE
8
BLACK
6
CONTINUOUS
10
60.9837649999999982
20
-49.2695919999999958
11
61.0481679999999969
21
-49.2265589999999946
0
LINE
8
BLACK
6
CONTINUOUS
10
61.0481679999999969
20
-49.2265589999999946
11
61.1840019999999996
21
-49.1702949999999959
0
LINE
8
BLACK
6
CONTINUOUS
10
61.1840019999999996
20
-49.1702949999999959
11
61.3282029999999949
21
-49.1416109999999975
0
LINE
8
BLACK
6
CONTINUOUS
10
61.3282029999999949
20
-49.1416109999999975
11
61.4017160000000004
21
-49.1379999999999981
0
LINE
8
BLACK
6
CONTINUOUS
10
61.4017160000000004
20
-49.1379999999999981
11
218.7082259999999962
21
-49.1379999999999981
0
LINE
8
BLACK
6
CONTINUOUS
10
218.7082259999999962
20
-49.1379999999999981
11
218.7457719999999881
21
-49.1224479999999986
0
LINE
8
BLACK
6
CONTINUOUS
10
218.7457719999999881
20
-49.1224479999999986
11
218.8995859999999993
21
-49.0918519999999958
0
LINE
8
BLACK
6
CONTINUOUS
10
218.8995859999999993
20
-49.0918519999999958
11
219.0564139999999895
21
-49.0918519999999958
0
LINE
8
BLACK
6
CONTINUOUS
10
219.0564139999999895
20
-49.0918519999999958
11
219.2102280000000007
21
-49.1224479999999986
0
LINE
8
BLACK
6
CONTINUOUS
10
75.6811039999999906
20
-99.0371269999999981
11
75.7540989999999965
21
-99.0859009999999927
0
LINE
8
BLACK
6
CONTINUOUS
10
75.7540989999999965
20
-99.0859009999999927
11
75.8028729999999911
21
-99.1588959999999986
0
LINE
8
BLACK
6
CONTINUOUS
10
75.8028729999999911
20
-99.1588959999999986
11
75.8199999999999932
21
-99.2449999999999903
0
LINE
8
BLACK
6
CONTINUOUS
10
75.8199999999999932
20
-99.2449999999999903
11
75.8199999999999932
21
-100.2950000000000017
0
LINE
8
BLACK
6
CONTINUOUS
10
75.8199999999999932
20
-100.2950000000000017
11
75.8028729999999911
21
-100.3811039999999934
0
LINE
8
BLACK
6
CONTINUOUS
10
75.8028729999999911
20
-100.3811039999999934
11
75.7540989999999965
21
-100.4540989999999994
0
LINE
8
BLACK
6
CONTINUOUS
10
75.7540989999999965
20
-100.4540989999999994
11
75.6811039999999906
21
-100.5028729999999939
0
LINE
8
BLACK
6
CONTINUOUS
10
75.6811039999999906
20
-100.5028729999999939
11
75.5949999999999989
21
-100.519999999999996
0
LINE
8
BLACK
6
CONTINUOUS
10
75.5949999999999989
20
-100.519999999999996
11
66.0450000000000017
21
-100.519999999999996
0
LINE
8
BLACK
6
CONTINUOUS
10
66.0450000000000017
20
-100.519999999999996
11
65.9588959999999958
21
-100.5028729999999939
0
LINE
8
BLACK
6
CONTINUOUS
10
65.9588959999999958
20
-100.5028729999999939
11
65.885901000000004
21
-100.4540989999999994
0
LINE
8
BLACK
6
CONTINUOUS
10
65.885901000000004
20
-100.4540989999999994
11
65.8371269999999953
21
-100.3811039999999934
0
LINE
8
BLACK
6
CONTINUOUS
10
65.8371269999999953
20
-100.3811039999999934
11
65.8199999999999932
21
-100.2950000000000017
0
LINE
8
BLACK
6
CONTINUOUS
10
65.8199999999999932
20
-100.2950000000000017
11
65.8199999999999932
21
-99.2449999999999903
0
LINE
8
BLACK
6
CONTINUOUS
10
65.8199999999999932
20
-99.2449999999999903
11
65.8371269999999953
21
-99.1588959999999986
0
LINE
8
BLACK
6
CONTINUOUS
10
65.8371269999999953
20
-99.1588959999999986
11
65.885901000000004
21
-99.0859009999999927
0
LINE
8
BLACK
6
CONTINUOUS
10
65.885901000000004
20
-99.0859009999999927
11
65.9588959999999958
21
-99.0371269999999981
0
LINE
8
BLACK
6
CONTINUOUS
10
65.9588959999999958
20
-99.0371269999999981
11
66.0450000000000017
21
-99.019999999999996
0
LINE
8
BLACK
6
CONTINUOUS
10
66.0450000000000017
20
-99.019999999999996
11
75.5949999999999989
21
-99.019999999999996
0
LINE
8
BLACK
6
CONTINUOUS
10
75.5949999999999989
20
-99.019999999999996
11
75.6811039999999906
21
-99.0371269999999981
0
LINE
8
BLACK
6
CONTINUOUS
10
105.6811039999999906
20
-99.0371269999999981
11
105.7540989999999965
21
-99.0859009999999927
0
LINE
8
BLACK
6
CONTINUOUS
10
105.7540989999999965
20
-99.0859009999999927
11
105.8028729999999911
21
-99.1588959999999986
0
LINE
8
BLACK
6
CONTINUOUS
10
105.8028729999999911
20
-99.1588959999999986
11
105.8199999999999932
21
-99.2449999999999903
0
LINE
8
BLACK
6
CONTINUOUS
10
105.8199999999999932
20
-99.2449999999999903
11
105.8199999999999932
21
-100.2950000000000017
0
LINE
8
BLACK
6
CONTINUOUS
10
105.8199999999999932
20
-100.2950000000000017
11
105.8028729999999911
21
-100.3811039999999934
0
LINE
8
BLACK
6
CONTINUOUS
10
105.8028729999999911
20
-100.3811039999999934
11
105.7540989999999965
21
-100.4540989999999994
0
LINE
8
BLACK
6
CONTINUOUS
10
105.7540989999999965
20
-100.4540989999999994
11
105.6811039999999906
21
-100.5028729999999939
0
LINE
8
BLACK
6
CONTINUOUS
10
105.6811039999999906
20
-100.5028729999999939
11
105.5949999999999989
21
-100.519999999999996
0
LINE
8
BLACK
6
CONTINUOUS
10
105.5949999999999989
20
-100.519999999999996
11
96.0450000000000017
21
-100.519999999999996
0
LINE
8
BLACK
6
CONTINUOUS
10
96.0450000000000017
20
-100.519999999999996
11
95.9588959999999958
21
-100.5028729999999939
0
LINE
8
BLACK
6
CONTINUOUS
10
95.9588959999999958
20
-100.5028729999999939
11
95.8859009999999898
21
-100.4540989999999994
0
LINE
8
BLACK
6
CONTINUOUS
10
95.8859009999999898
20
-100.4540989999999994
11
95.8371269999999953
21
-100.3811039999999934
0
LINE
8
BLACK
6
CONTINUOUS
10
95.8371269999999953
20
-100.3811039999999934
11
95.8199999999999932
21
-100.2950000000000017
0
LINE
8
BLACK
6
CONTINUOUS
10
95.8199999999999932
20
-100.2950000000000017
11
95.8199999999999932
21
-99.2449999999999903
0
LINE
8
BLACK
6
CONTINUOUS
10
95.8199999999999932
20
-99.2449999999999903
11
95.8371269999999953
21
-99.1588959999999986
0
LINE
8
BLACK
6
CONTINUOUS
10
95.8371269999999953
20
-99.1588959999999986
11
95.8859009999999898
21
-99.0859009999999927
0
LINE
8
BLACK
6
CONTINUOUS
10
95.8859009999999898
20
-99.0859009999999927
11
95.9588959999999958
21
-99.0371269999999981
0
LINE
8
BLACK
6
CONTINUOUS
10
95.9588959999999958
20
-99.0371269999999981
11
96.0450000000000017
21
-99.019999999999996
0
LINE
8
BLACK
6
CONTINUOUS
10
96.0450000000000017
20
-99.019999999999996
11
105.5949999999999989
21
-99.019999999999996
0
LINE
8
BLACK
6
CONTINUOUS
10
105.5949999999999989
20
-99.019999999999996
11
105.6811039999999906
21
-99.0371269999999981
0
LINE
8
BLACK
6
CONTINUOUS
10
154.501103999999998
20
-99.0371269999999981
11
154.5740989999999897
21
-99.0859009999999927
0
LINE
8
BLACK
6
CONTINUOUS
10
154.5740989999999897
20
-99.0859009999999927
11
154.6228729999999985
21
-99.1588959999999986
0
LINE
8
BLACK
6
CONTINUOUS
10
154.6228729999999985
20
-99.1588959999999986
11
154.6399999999999864
21
-99.2449999999999903
0
LINE
8
BLACK
6
CONTINUOUS
10
154.6399999999999864
20
-99.2449999999999903
11
154.6399999999999864
21
-100.2950000000000017
0
LINE
8
BLACK
6
CONTINUOUS
10
154.6399999999999864
20
-100.2950000000000017
11
154.6228729999999985
21
-100.3811039999999934
0
LINE
8
BLACK
6
CONTINUOUS
10
154.6228729999999985
20
-100.3811039999999934
11
154.5740989999999897
21
-100.4540989999999994
0
LINE
8
BLACK
6
CONTINUOUS
10
154.5740989999999897
20
-100.4540989999999994
11
154.501103999999998
21
-100.5028729999999939
0
LINE
8
BLACK
6
CONTINUOUS
10
154.501103999999998
20
-100.5028729999999939
11
154.414999999999992
21
-100.519999999999996
0
LINE
8
BLACK
6
CONTINUOUS
10
154.414999999999992
20
-100.519999999999996
11
144.8649999999999807
21
-100.519999999999996
0
LINE
8
BLACK
6
CONTINUOUS
10
144.8649999999999807
20
-100.519999999999996
11
144.7788960000000031
21
-100.5028729999999939
0
LINE
8
BLACK
6
CONTINUOUS
10
144.7788960000000031
20
-100.5028729999999939
11
144.705900999999983
21
-100.4540989999999994
0
LINE
8
BLACK
6
CONTINUOUS
10
144.705900999999983
20
-100.4540989999999994
11
144.6571270000000027
21
-100.3811039999999934
0
LINE
8
BLACK
6
CONTINUOUS
10
144.6571270000000027
20
-100.3811039999999934
11
144.6399999999999864
21
-100.2950000000000017
0
LINE
8
BLACK
6
CONTINUOUS
10
144.6399999999999864
20
-100.2950000000000017
11
144.6399999999999864
21
-99.2449999999999903
0
LINE
8
BLACK
6
CONTINUOUS
10
144.6399999999999864
20
-99.2449999999999903
11
144.6571270000000027
21
-99.1588959999999986
0
LINE
8
BLACK
6
CONTINUOUS
10
144.6571270000000027
20
-99.1588959999999986
11
144.705900999999983
21
-99.0859009999999927
0
LINE
8
BLACK
6
CONTINUOUS
10
144.705900999999983
20
-99.0859009999999927
11
144.7788960000000031
21
-99.0371269999999981
0
LINE
8
BLACK
6
CONTINUOUS
10
144.7788960000000031
20
-99.0371269999999981
11
144.8649999999999807
21
-99.019999999999996
0
LINE
8
BLACK
6
CONTINUOUS
10
144.8649999999999807
20
-99.019999999999996
11
154.414999999999992
21
-99.019999999999996
0
LINE
8
BLACK
6
CONTINUOUS
10
154.414999999999992
20
-99.019999999999996
11
154.501103999999998
21
-99.0371269999999981
0
LINE
8
BLACK
6
CONTINUOUS
10
249.5722279999999955
20
-98.4785540000000026
11
249.7171170000000018
21
-98.5385689999999954
0
LINE
8
BLACK
6
CONTINUOUS
10
249.7171170000000018
20
-98.5385689999999954
11
249.8475149999999871
21
-98.6256979999999999
0
LINE
8
BLACK
6
CONTINUOUS
10
249.8475149999999871
20
-98.6256979999999999
11
249.9584079999999915
21
-98.73659099999999
0
LINE
8
BLACK
6
CONTINUOUS
10
249.9584079999999915
20
-98.73659099999999
11
250.0455369999999959
21
-98.8669889999999896
0
LINE
8
BLACK
6
CONTINUOUS
10
250.0455369999999959
20
-98.8669889999999896
11
250.1055519999999888
21
-99.0118779999999958
0
LINE
8
BLACK
6
CONTINUOUS
10
250.1055519999999888
20
-99.0118779999999958
11
250.1361479999999915
21
-99.1656919999999928
0
LINE
8
BLACK
6
CONTINUOUS
10
250.1361479999999915
20
-99.1656919999999928
11
250.1361479999999915
21
-99.3225199999999973
0
LINE
8
BLACK
6
CONTINUOUS
10
250.1361479999999915
20
-99.3225199999999973
11
250.1055519999999888
21
-99.4763339999999943
0
LINE
8
BLACK
6
CONTINUOUS
10
250.1055519999999888
20
-99.4763339999999943
11
250.0455369999999959
21
-99.6212230000000005
0
LINE
8
BLACK
6
CONTINUOUS
10
250.0455369999999959
20
-99.6212230000000005
11
249.9584079999999915
21
-99.7516210000000001
0
LINE
8
BLACK
6
CONTINUOUS
10
249.9584079999999915
20
-99.7516210000000001
11
249.8475149999999871
21
-99.8625139999999902
0
LINE
8
BLACK
6
CONTINUOUS
10
249.8475149999999871
20
-99.8625139999999902
11
249.7171170000000018
21
-99.9496429999999947
0
LINE
8
BLACK
6
CONTINUOUS
10
249.7171170000000018
20
-99.9496429999999947
11
249.5722279999999955
21
-100.0096580000000017
0
LINE
8
BLACK
6
CONTINUOUS
10
249.5722279999999955
20
-100.0096580000000017
11
249.4184139999999843
21
-100.0402539999999902
0
LINE
8
BLACK
6
CONTINUOUS
10
249.4184139999999843
20
-100.0402539999999902
11
249.2615859999999941
21
-100.0402539999999902
0
LINE
8
BLACK
6
CONTINUOUS
10
249.2615859999999941
20
-100.0402539999999902
11
249.1077719999999829
21
-100.0096580000000017
0
LINE
8
BLACK
6
CONTINUOUS
10
249.1077719999999829
20
-100.0096580000000017
11
248.9628829999999766
21
-99.9496429999999947
0
LINE
8
BLACK
6
CONTINUOUS
10
248.9628829999999766
20
-99.9496429999999947
11
248.8324849999999913
21
-99.8625139999999902
0
LINE
8
BLACK
6
CONTINUOUS
10
248.8324849999999913
20
-99.8625139999999902
11
248.7215919999999869
21
-99.7516210000000001
0
LINE
8
BLACK
6
CONTINUOUS
10
248.7215919999999869
20
-99.7516210000000001
11
248.6344629999999825
21
-99.6212230000000005
0
LINE
8
BLACK
6
CONTINUOUS
10
248.6344629999999825
20
-99.6212230000000005
11
248.5744479999999896
21
-99.4763339999999943
0
LINE
8
BLACK
6
CONTINUOUS
10
248.5744479999999896
20
-99.4763339999999943
11
248.5438519999999869
21
-99.3225199999999973
0
LINE
8
BLACK
6
CONTINUOUS
10
248.5438519999999869
20
-99.3225199999999973
11
248.5438519999999869
21
-99.1656919999999928
0
LINE
8
BLACK
6
CONTINUOUS
10
248.5438519999999869
20
-99.1656919999999928
11
248.5744479999999896
21
-99.0118779999999958
0
LINE
8
BLACK
6
CONTINUOUS
10
248.5744479999999896
20
-99.0118779999999958
11
248.6344629999999825
21
-98.8669889999999896
0
LINE
8
BLACK
6
CONTINUOUS
10
248.6344629999999825
20
-98.8669889999999896
11
248.7215919999999869
21
-98.73659099999999
0
LINE
8
BLACK
6
CONTINUOUS
10
248.7215919999999869
20
-98.73659099999999
11
248.8324849999999913
21
-98.6256979999999999
0
LINE
8
BLACK
6
CONTINUOUS
10
248.8324849999999913
20
-98.6256979999999999
11
248.9628829999999766
21
-98.5385689999999954
0
LINE
8
BLACK
6
CONTINUOUS
10
248.9628829999999766
20
-98.5385689999999954
11
249.1077719999999829
21
-98.4785540000000026
0
LINE
8
BLACK
6
CONTINUOUS
10
249.1077719999999829
20
-98.4785540000000026
11
249.2615859999999941
21
-98.4479579999999999
0
LINE
8
BLACK
6
CONTINUOUS
10
249.2615859999999941
20
-98.4479579999999999
11
249.4184139999999843
21
-98.4479579999999999
0
LINE
8
BLACK
6
CONTINUOUS
10
249.4184139999999843
20
-98.4479579999999999
11
249.5722279999999955
21
-98.4785540000000026
0
LINE
8
BLACK
6
CONTINUOUS
10
244.7622279999999932
20
-98.3844479999999919
11
244.9071169999999995
21
-98.4444629999999989
0
LINE
8
BLACK
6
CONTINUOUS
10
244.9071169999999995
20
-98.4444629999999989
11
245.0375149999999849
21
-98.5315919999999892
0
LINE
8
BLACK
6
CONTINUOUS
10
245.0375149999999849
20
-98.5315919999999892
11
245.1484079999999892
21
-98.6424849999999935
0
LINE
8
BLACK
6
CONTINUOUS
10
245.1484079999999892
20
-98.6424849999999935
11
245.2355369999999937
21
-98.7728829999999931
0
LINE
8
BLACK
6
CONTINUOUS
10
245.2355369999999937
20
-98.7728829999999931
11
245.2955519999999865
21
-98.9177719999999994
0
LINE
8
BLACK
6
CONTINUOUS
10
245.2955519999999865
20
-98.9177719999999994
11
245.3261479999999892
21
-99.0715859999999964
0
LINE
8
BLACK
6
CONTINUOUS
10
245.3261479999999892
20
-99.0715859999999964
11
245.3261479999999892
21
-99.2284140000000008
0
LINE
8
BLACK
6
CONTINUOUS
10
245.3261479999999892
20
-99.2284140000000008
11
245.2955519999999865
21
-99.3822279999999978
0
LINE
8
BLACK
6
CONTINUOUS
10
245.2955519999999865
20
-99.3822279999999978
11
245.2355369999999937
21
-99.5271169999999898
0
LINE
8
BLACK
6
CONTINUOUS
10
245.2355369999999937
20
-99.5271169999999898
11
245.1484079999999892
21
-99.6575149999999894
0
LINE
8
BLACK
6
CONTINUOUS
10
245.1484079999999892
20
-99.6575149999999894
11
245.0375149999999849
21
-99.7684079999999938
0
LINE
8
BLACK
6
CONTINUOUS
10
245.0375149999999849
20
-99.7684079999999938
11
244.9071169999999995
21
-99.8555369999999982
0
LINE
8
BLACK
6
CONTINUOUS
10
244.9071169999999995
20
-99.8555369999999982
11
244.7622279999999932
21
-99.915551999999991
0
LINE
8
BLACK
6
CONTINUOUS
10
244.7622279999999932
20
-99.915551999999991
11
244.608413999999982
21
-99.9461479999999938
0
LINE
8
BLACK
6
CONTINUOUS
10
244.608413999999982
20
-99.9461479999999938
11
244.4515859999999918
21
-99.9461479999999938
0
LINE
8
BLACK
6
CONTINUOUS
10
244.4515859999999918
20
-99.9461479999999938
11
244.2977719999999806
21
-99.915551999999991
0
LINE
8
BLACK
6
CONTINUOUS
10
244.2977719999999806
20
-99.915551999999991
11
244.1528830000000028
21
-99.8555369999999982
0
LINE
8
BLACK
6
CONTINUOUS
10
244.1528830000000028
20
-99.8555369999999982
11
244.022484999999989
21
-99.7684079999999938
0
LINE
8
BLACK
6
CONTINUOUS
10
244.022484999999989
20
-99.7684079999999938
11
243.9115919999999846
21
-99.6575149999999894
0
LINE
8
BLACK
6
CONTINUOUS
10
243.9115919999999846
20
-99.6575149999999894
11
243.8244629999999802
21
-99.5271169999999898
0
LINE
8
BLACK
6
CONTINUOUS
10
243.8244629999999802
20
-99.5271169999999898
11
243.7644479999999874
21
-99.3822279999999978
0
LINE
8
BLACK
6
CONTINUOUS
10
243.7644479999999874
20
-99.3822279999999978
11
243.7338519999999846
21
-99.2284140000000008
0
LINE
8
BLACK
6
CONTINUOUS
10
243.7338519999999846
20
-99.2284140000000008
11
243.7338519999999846
21
-99.0715859999999964
0
LINE
8
BLACK
6
CONTINUOUS
10
243.7338519999999846
20
-99.0715859999999964
11
243.7644479999999874
21
-98.9177719999999994
0
LINE
8
BLACK
6
CONTINUOUS
10
243.7644479999999874
20
-98.9177719999999994
11
243.8244629999999802
21
-98.7728829999999931
0
LINE
8
BLACK
6
CONTINUOUS
10
243.8244629999999802
20
-98.7728829999999931
11
243.9115919999999846
21
-98.6424849999999935
0
LINE
8
BLACK
6
CONTINUOUS
10
243.9115919999999846
20
-98.6424849999999935
11
244.022484999999989
21
-98.5315919999999892
0
LINE
8
BLACK
6
CONTINUOUS
10
244.022484999999989
20
-98.5315919999999892
11
244.1528830000000028
21
-98.4444629999999989
0
LINE
8
BLACK
6
CONTINUOUS
10
244.1528830000000028
20
-98.4444629999999989
11
244.2977719999999806
21
-98.3844479999999919
0
LINE
8
BLACK
6
CONTINUOUS
10
244.2977719999999806
20
-98.3844479999999919
11
244.4515859999999918
21
-98.3538519999999892
0
LINE
8
BLACK
6
CONTINUOUS
10
244.4515859999999918
20
-98.3538519999999892
11
244.608413999999982
21
-98.3538519999999892
0
LINE
8
BLACK
6
CONTINUOUS
10
244.608413999999982
20
-98.3538519999999892
11
244.7622279999999932
21
-98.3844479999999919
0
LINE
8
BLACK
6
CONTINUOUS
10
230.7011039999999866
20
-98.4171269999999936
11
230.7740989999999783
21
-98.4659010000000023
0
LINE
8
BLACK
6
CONTINUOUS
10
230.7740989999999783
20
-98.4659010000000023
11
230.8228729999999871
21
-98.538895999999994
0
LINE
8
BLACK
6
CONTINUOUS
10
230.8228729999999871
20
-98.538895999999994
11
230.8400000000000034
21
-98.625
0
LINE
8
BLACK
6
CONTINUOUS
10
230.8400000000000034
20
-98.625
11
230.8400000000000034
21
-99.6749999999999972
0
LINE
8
BLACK
6
CONTINUOUS
10
230.8400000000000034
20
-99.6749999999999972
11
230.8228729999999871
21
-99.7611039999999889
0
LINE
8
BLACK
6
CONTINUOUS
10
230.8228729999999871
20
-99.7611039999999889
11
230.7740989999999783
21
-99.8340989999999948
0
LINE
8
BLACK
6
CONTINUOUS
10
230.7740989999999783
20
-99.8340989999999948
11
230.7011039999999866
21
-99.8828729999999894
0
LINE
8
BLACK
6
CONTINUOUS
10
230.7011039999999866
20
-99.8828729999999894
11
230.6149999999999807
21
-99.8999999999999915
0
LINE
8
BLACK
6
CONTINUOUS
10
230.6149999999999807
20
-99.8999999999999915
11
221.0649999999999977
21
-99.8999999999999915
0
LINE
8
BLACK
6
CONTINUOUS
10
221.0649999999999977
20
-99.8999999999999915
11
220.9788959999999918
21
-99.8828729999999894
0
LINE
8
BLACK
6
CONTINUOUS
10
220.9788959999999918
20
-99.8828729999999894
11
220.9059010000000001
21
-99.8340989999999948
0
LINE
8
BLACK
6
CONTINUOUS
10
220.9059010000000001
20
-99.8340989999999948
11
220.8571269999999913
21
-99.7611039999999889
0
LINE
8
BLACK
6
CONTINUOUS
10
220.8571269999999913
20
-99.7611039999999889
11
220.8400000000000034
21
-99.6749999999999972
0
LINE
8
BLACK
6
CONTINUOUS
10
220.8400000000000034
20
-99.6749999999999972
11
220.8400000000000034
21
-98.625
0
LINE
8
BLACK
6
CONTINUOUS
10
220.8400000000000034
20
-98.625
11
220.8571269999999913
21
-98.538895999999994
0
LINE
8
BLACK
6
CONTINUOUS
10
220.8571269999999913
20
-98.538895999999994
11
220.9059010000000001
21
-98.4659010000000023
0
LINE
8
BLACK
6
CONTINUOUS
10
220.9059010000000001
20
-98.4659010000000023
11
220.9788959999999918
21
-98.4171269999999936
0
LINE
8
BLACK
6
CONTINUOUS
10
220.9788959999999918
20
-98.4171269999999936
11
221.0649999999999977
21
-98.3999999999999915
0
LINE
8
BLACK
6
CONTINUOUS
10
221.0649999999999977
20
-98.3999999999999915
11
230.6149999999999807
21
-98.3999999999999915
0
LINE
8
BLACK
6
CONTINUOUS
10
230.6149999999999807
20
-98.3999999999999915
11
230.7011039999999866
21
-98.4171269999999936
0
LINE
8
BLACK
6
CONTINUOUS
10
75.6811039999999906
20
-96.4971269999999919
11
75.7540989999999965
21
-96.5459010000000006
0
LINE
8
BLACK
6
CONTINUOUS
10
75.7540989999999965
20
-96.5459010000000006
11
75.8028729999999911
21
-96.6188959999999923
0
LINE
8
BLACK
6
CONTINUOUS
10
75.8028729999999911
20
-96.6188959999999923
11
75.8199999999999932
21
-96.7049999999999983
0
LINE
8
BLACK
6
CONTINUOUS
10
75.8199999999999932
20
-96.7049999999999983
11
75.8199999999999932
21
-97.7549999999999955
0
LINE
8
BLACK
6
CONTINUOUS
10
75.8199999999999932
20
-97.7549999999999955
11
75.8028729999999911
21
-97.8411040000000014
0
LINE
8
BLACK
6
CONTINUOUS
10
75.8028729999999911
20
-97.8411040000000014
11
75.7540989999999965
21
-97.9140989999999931
0
LINE
8
BLACK
6
CONTINUOUS
10
75.7540989999999965
20
-97.9140989999999931
11
75.6811039999999906
21
-97.9628730000000019
0
LINE
8
BLACK
6
CONTINUOUS
10
75.6811039999999906
20
-97.9628730000000019
11
75.5949999999999989
21
-97.9799999999999898
0
LINE
8
BLACK
6
CONTINUOUS
10
75.5949999999999989
20
-97.9799999999999898
11
66.0450000000000017
21
-97.9799999999999898
0
LINE
8
BLACK
6
CONTINUOUS
10
66.0450000000000017
20
-97.9799999999999898
11
65.9588959999999958
21
-97.9628730000000019
0
LINE
8
BLACK
6
CONTINUOUS
10
65.9588959999999958
20
-97.9628730000000019
11
65.885901000000004
21
-97.9140989999999931
0
LINE
8
BLACK
6
CONTINUOUS
10
65.885901000000004
20
-97.9140989999999931
11
65.8371269999999953
21
-97.8411040000000014
0
LINE
8
BLACK
6
CONTINUOUS
10
65.8371269999999953
20
-97.8411040000000014
11
65.8199999999999932
21
-97.7549999999999955
0
LINE
8
BLACK
6
CONTINUOUS
10
65.8199999999999932
20
-97.7549999999999955
11
65.8199999999999932
21
-96.7049999999999983
0
LINE
8
BLACK
6
CONTINUOUS
10
65.8199999999999932
20
-96.7049999999999983
11
65.8371269999999953
21
-96.6188959999999923
0
LINE
8
BLACK
6
CONTINUOUS
10
65.8371269999999953
20
-96.6188959999999923
11
65.885901000000004
21
-96.5459010000000006
0
LINE
8
BLACK
6
CONTINUOUS
10
65.885901000000004
20
-96.5459010000000006
11
65.9588959999999958
21
-96.4971269999999919
0
LINE
8
BLACK
6
CONTINUOUS
10
65.9588959999999958
20
-96.4971269999999919
11
66.0450000000000017
21
-96.4799999999999898
0
LINE
8
BLACK
6
CONTINUOUS
10
66.0450000000000017
20
-96.4799999999999898
11
75.5949999999999989
21
-96.4799999999999898
0
LINE
8
BLACK
6
CONTINUOUS
10
75.5949999999999989
20
-96.4799999999999898
11
75.6811039999999906
21
-96.4971269999999919
0
LINE
8
BLACK
6
CONTINUOUS
10
105.6811039999999906
20
-96.4971269999999919
11
105.7540989999999965
21
-96.5459010000000006
0
LINE
8
BLACK
6
CONTINUOUS
10
105.7540989999999965
20
-96.5459010000000006
11
105.8028729999999911
21
-96.6188959999999923
0
LINE
8
BLACK
6
CONTINUOUS
10
105.8028729999999911
20
-96.6188959999999923
11
105.8199999999999932
21
-96.7049999999999983
0
LINE
8
BLACK
6
CONTINUOUS
10
105.8199999999999932
20
-96.7049999999999983
11
105.8199999999999932
21
-97.7549999999999955
0
LINE
8
BLACK
6
CONTINUOUS
10
105.8199999999999932
20
-97.7549999999999955
11
105.8028729999999911
21
-97.8411040000000014
0
LINE
8
BLACK
6
CONTINUOUS
10
105.8028729999999911
20
-97.8411040000000014
11
105.7540989999999965
21
-97.9140989999999931
0
LINE
8
BLACK
6
CONTINUOUS
10
105.7540989999999965
20
-97.9140989999999931
11
105.6811039999999906
21
-97.9628730000000019
0
LINE
8
BLACK
6
CONTINUOUS
10
105.6811039999999906
20
-97.9628730000000019
11
105.5949999999999989
21
-97.9799999999999898
0
LINE
8
BLACK
6
CONTINUOUS
10
105.5949999999999989
20
-97.9799999999999898
11
96.0450000000000017
21
-97.9799999999999898
0
LINE
8
BLACK
6
CONTINUOUS
10
96.0450000000000017
20
-97.9799999999999898
11
95.9588959999999958
21
-97.9628730000000019
0
LINE
8
BLACK
6
CONTINUOUS
10
95.9588959999999958
20
-97.9628730000000019
11
95.8859009999999898
21
-97.9140989999999931
0
LINE
8
BLACK
6
CONTINUOUS
10
95.8859009999999898
20
-97.9140989999999931
11
95.8371269999999953
21
-97.8411040000000014
0
LINE
8
BLACK
6
CONTINUOUS
10
95.8371269999999953
20
-97.8411040000000014
11
95.8199999999999932
21
-97.7549999999999955
0
LINE
8
BLACK
6
CONTINUOUS
10
95.8199999999999932
20
-97.7549999999999955
11
95.8199999999999932
21
-96.7049999999999983
0
LINE
8
BLACK
6
CONTINUOUS
10
95.8199999999999932
20
-96.7049999999999983
11
95.8371269999999953
21
-96.6188959999999923
0
LINE
8
BLACK
6
CONTINUOUS
10
95.8371269999999953
20
-96.6188959999999923
11
95.8859009999999898
21
-96.5459010000000006
0
LINE
8
BLACK
6
CONTINUOUS
10
95.8859009999999898
20
-96.5459010000000006
11
95.9588959999999958
21
-96.4971269999999919
0
LINE
8
BLACK
6
CONTINUOUS
10
95.9588959999999958
20
-96.4971269999999919
11
96.0450000000000017
21
-96.4799999999999898
0
LINE
8
BLACK
6
CONTINUOUS
10
96.0450000000000017
20
-96.4799999999999898
11
105.5949999999999989
21
-96.4799999999999898
0
LINE
8
BLACK
6
CONTINUOUS
10
105.5949999999999989
20
-96.4799999999999898
11
105.6811039999999906
21
-96.4971269999999919
0
LINE
8
BLACK
6
CONTINUOUS
10
154.501103999999998
20
-96.4971269999999919
11
154.5740989999999897
21
-96.5459010000000006
0
LINE
8
BLACK
6
CONTINUOUS
10
154.5740989999999897
20
-96.5459010000000006
11
154.6228729999999985
21
-96.6188959999999923
0
LINE
8
BLACK
6
CONTINUOUS
10
154.6228729999999985
20
-96.6188959999999923
11
154.6399999999999864
21
-96.7049999999999983
0
LINE
8
BLACK
6
CONTINUOUS
10
154.6399999999999864
20
-96.7049999999999983
11
154.6399999999999864
21
-97.7549999999999955
0
LINE
8
BLACK
6
CONTINUOUS
10
154.6399999999999864
20
-97.7549999999999955
11
154.6228729999999985
21
-97.8411040000000014
0
LINE
8
BLACK
6
CONTINUOUS
10
154.6228729999999985
20
-97.8411040000000014
11
154.5740989999999897
21
-97.9140989999999931
0
LINE
8
BLACK
6
CONTINUOUS
10
154.5740989999999897
20
-97.9140989999999931
11
154.501103999999998
21
-97.9628730000000019
0
LINE
8
BLACK
6
CONTINUOUS
10
154.501103999999998
20
-97.9628730000000019
11
154.414999999999992
21
-97.9799999999999898
0
LINE
8
BLACK
6
CONTINUOUS
10
154.414999999999992
20
-97.9799999999999898
11
144.8649999999999807
21
-97.9799999999999898
0
LINE
8
BLACK
6
CONTINUOUS
10
144.8649999999999807
20
-97.9799999999999898
11
144.7788960000000031
21
-97.9628730000000019
0
LINE
8
BLACK
6
CONTINUOUS
10
144.7788960000000031
20
-97.9628730000000019
11
144.705900999999983
21
-97.9140989999999931
0
LINE
8
BLACK
6
CONTINUOUS
10
144.705900999999983
20
-97.9140989999999931
11
144.6571270000000027
21
-97.8411040000000014
0
LINE
8
BLACK
6
CONTINUOUS
10
144.6571270000000027
20
-97.8411040000000014
11
144.6399999999999864
21
-97.7549999999999955
0
LINE
8
BLACK
6
CONTINUOUS
10
144.6399999999999864
20
-97.7549999999999955
11
144.6399999999999864
21
-96.7049999999999983
0
LINE
8
BLACK
6
CONTINUOUS
10
144.6399999999999864
20
-96.7049999999999983
11
144.6571270000000027
21
-96.6188959999999923
0
LINE
8
BLACK
6
CONTINUOUS
10
144.6571270000000027
20
-96.6188959999999923
11
144.705900999999983
21
-96.5459010000000006
0
LINE
8
BLACK
6
CONTINUOUS
10
144.705900999999983
20
-96.5459010000000006
11
144.7788960000000031
21
-96.4971269999999919
0
LINE
8
BLACK
6
CONTINUOUS
10
144.7788960000000031
20
-96.4971269999999919
11
144.8649999999999807
21
-96.4799999999999898
0
LINE
8
BLACK
6
CONTINUOUS
10
144.8649999999999807
20
-96.4799999999999898
11
154.414999999999992
21
-96.4799999999999898
0
LINE
8
BLACK
6
CONTINUOUS
10
154.414999999999992
20
-96.4799999999999898
11
154.501103999999998
21
-96.4971269999999919
0
LINE
8
BLACK
6
CONTINUOUS
10
184.501103999999998
20
-96.4971269999999919
11
184.5740989999999897
21
-96.5459010000000006
0
LINE
8
BLACK
6
CONTINUOUS
10
184.5740989999999897
20
-96.5459010000000006
11
184.6228729999999985
21
-96.6188959999999923
0
LINE
8
BLACK
6
CONTINUOUS
10
184.6228729999999985
20
-96.6188959999999923
11
184.6399999999999864
21
-96.7049999999999983
0
LINE
8
BLACK
6
CONTINUOUS
10
184.6399999999999864
20
-96.7049999999999983
11
184.6399999999999864
21
-97.7549999999999955
0
LINE
8
BLACK
6
CONTINUOUS
10
184.6399999999999864
20
-97.7549999999999955
11
184.6228729999999985
21
-97.8411040000000014
0
LINE
8
BLACK
6
CONTINUOUS
10
184.6228729999999985
20
-97.8411040000000014
11
184.5740989999999897
21
-97.9140989999999931
0
LINE
8
BLACK
6
CONTINUOUS
10
184.5740989999999897
20
-97.9140989999999931
11
184.501103999999998
21
-97.9628730000000019
0
LINE
8
BLACK
6
CONTINUOUS
10
184.501103999999998
20
-97.9628730000000019
11
184.414999999999992
21
-97.9799999999999898
0
LINE
8
BLACK
6
CONTINUOUS
10
184.414999999999992
20
-97.9799999999999898
11
174.8649999999999807
21
-97.9799999999999898
0
LINE
8
BLACK
6
CONTINUOUS
10
174.8649999999999807
20
-97.9799999999999898
11
174.7788960000000031
21
-97.9628730000000019
0
LINE
8
BLACK
6
CONTINUOUS
10
174.7788960000000031
20
-97.9628730000000019
11
174.705900999999983
21
-97.9140989999999931
0
LINE
8
BLACK
6
CONTINUOUS
10
174.705900999999983
20
-97.9140989999999931
11
174.6571270000000027
21
-97.8411040000000014
0
LINE
8
BLACK
6
CONTINUOUS
10
174.6571270000000027
20
-97.8411040000000014
11
174.6399999999999864
21
-97.7549999999999955
0
LINE
8
BLACK
6
CONTINUOUS
10
174.6399999999999864
20
-97.7549999999999955
11
174.6399999999999864
21
-96.7049999999999983
0
LINE
8
BLACK
6
CONTINUOUS
10
174.6399999999999864
20
-96.7049999999999983
11
174.6571270000000027
21
-96.6188959999999923
0
LINE
8
BLACK
6
CONTINUOUS
10
174.6571270000000027
20
-96.6188959999999923
11
174.705900999999983
21
-96.5459010000000006
0
LINE
8
BLACK
6
CONTINUOUS
10
174.705900999999983
20
-96.5459010000000006
11
174.7788960000000031
21
-96.4971269999999919
0
LINE
8
BLACK
6
CONTINUOUS
10
174.7788960000000031
20
-96.4971269999999919
11
174.8649999999999807
21
-96.4799999999999898
0
LINE
8
BLACK
6
CONTINUOUS
10
174.8649999999999807
20
-96.4799999999999898
11
184.414999999999992
21
-96.4799999999999898
0
LINE
8
BLACK
6
CONTINUOUS
10
184.414999999999992
20
-96.4799999999999898
11
184.501103999999998
21
-96.4971269999999919
0
LINE
8
BLACK
6
CONTINUOUS
10
238.5122279999999932
20
-95.8444479999999999
11
238.6571169999999995
21
-95.9044629999999927
0
LINE
8
BLACK
6
CONTINUOUS
10
238.6571169999999995
20
-95.9044629999999927
11
238.7875149999999849
21
-95.9915919999999971
0
LINE
8
BLACK
6
CONTINUOUS
10
238.7875149999999849
20
-95.9915919999999971
11
238.8984079999999892
21
-96.1024850000000015
0
LINE
8
BLACK
6
CONTINUOUS
10
238.8984079999999892
20
-96.1024850000000015
11
238.9855369999999937
21
-96.2328830000000011
0
LINE
8
BLACK
6
CONTINUOUS
10
238.9855369999999937
20
-96.2328830000000011
11
239.0455519999999865
21
-96.3777719999999931
0
LINE
8
BLACK
6
CONTINUOUS
10
239.0455519999999865
20
-96.3777719999999931
11
239.0761479999999892
21
-96.5315859999999901
0
LINE
8
BLACK
6
CONTINUOUS
10
239.0761479999999892
20
-96.5315859999999901
11
239.0761479999999892
21
-96.6884139999999945
0
LINE
8
BLACK
6
CONTINUOUS
10
239.0761479999999892
20
-96.6884139999999945
11
239.0455519999999865
21
-96.8422279999999915
0
LINE
8
BLACK
6
CONTINUOUS
10
239.0455519999999865
20
-96.8422279999999915
11
238.9855369999999937
21
-96.9871169999999978
0
LINE
8
BLACK
6
CONTINUOUS
10
238.9855369999999937
20
-96.9871169999999978
11
238.8984079999999892
21
-97.1175149999999974
0
LINE
8
BLACK
6
CONTINUOUS
10
238.8984079999999892
20
-97.1175149999999974
11
238.7875149999999849
21
-97.2284080000000017
0
LINE
8
BLACK
6
CONTINUOUS
10
238.7875149999999849
20
-97.2284080000000017
11
238.6571169999999995
21
-97.315536999999992
0
LINE
8
BLACK
6
CONTINUOUS
10
238.6571169999999995
20
-97.315536999999992
11
238.5122279999999932
21
-97.375551999999999
0
LINE
8
BLACK
6
CONTINUOUS
10
238.5122279999999932
20
-97.375551999999999
11
238.358413999999982
21
-97.4061480000000017
0
LINE
8
BLACK
6
CONTINUOUS
10
238.358413999999982
20
-97.4061480000000017
11
238.2015859999999918
21
-97.4061480000000017
0
LINE
8
BLACK
6
CONTINUOUS
10
238.2015859999999918
20
-97.4061480000000017
11
238.0477719999999806
21
-97.375551999999999
0
LINE
8
BLACK
6
CONTINUOUS
10
238.0477719999999806
20
-97.375551999999999
11
237.9028830000000028
21
-97.315536999999992
0
LINE
8
BLACK
6
CONTINUOUS
10
237.9028830000000028
20
-97.315536999999992
11
237.772484999999989
21
-97.2284080000000017
0
LINE
8
BLACK
6
CONTINUOUS
10
237.772484999999989
20
-97.2284080000000017
11
237.6615919999999846
21
-97.1175149999999974
0
LINE
8
BLACK
6
CONTINUOUS
10
237.6615919999999846
20
-97.1175149999999974
11
237.5744629999999802
21
-96.9871169999999978
0
LINE
8
BLACK
6
CONTINUOUS
10
237.5744629999999802
20
-96.9871169999999978
11
237.5144479999999874
21
-96.8422279999999915
0
LINE
8
BLACK
6
CONTINUOUS
10
237.5144479999999874
20
-96.8422279999999915
11
237.4838519999999846
21
-96.6884139999999945
0
LINE
8
BLACK
6
CONTINUOUS
10
237.4838519999999846
20
-96.6884139999999945
11
237.4838519999999846
21
-96.5315859999999901
0
LINE
8
BLACK
6
CONTINUOUS
10
237.4838519999999846
20
-96.5315859999999901
11
237.5144479999999874
21
-96.3777719999999931
0
LINE
8
BLACK
6
CONTINUOUS
10
237.5144479999999874
20
-96.3777719999999931
11
237.5744629999999802
21
-96.2328830000000011
0
LINE
8
BLACK
6
CONTINUOUS
10
237.5744629999999802
20
-96.2328830000000011
11
237.6615919999999846
21
-96.1024850000000015
0
LINE
8
BLACK
6
CONTINUOUS
10
237.6615919999999846
20
-96.1024850000000015
11
237.772484999999989
21
-95.9915919999999971
0
LINE
8
BLACK
6
CONTINUOUS
10
237.772484999999989
20
-95.9915919999999971
11
237.9028830000000028
21
-95.9044629999999927
0
LINE
8
BLACK
6
CONTINUOUS
10
237.9028830000000028
20
-95.9044629999999927
11
238.0477719999999806
21
-95.8444479999999999
0
LINE
8
BLACK
6
CONTINUOUS
10
238.0477719999999806
20
-95.8444479999999999
11
238.2015859999999918
21
-95.8138519999999971
0
LINE
8
BLACK
6
CONTINUOUS
10
238.2015859999999918
20
-95.8138519999999971
11
238.358413999999982
21
-95.8138519999999971
0
LINE
8
BLACK
6
CONTINUOUS
10
238.358413999999982
20
-95.8138519999999971
11
238.5122279999999932
21
-95.8444479999999999
0
LINE
8
BLACK
6
CONTINUOUS
10
230.7011039999999866
20
-95.8771270000000015
11
230.7740989999999783
21
-95.9259009999999961
0
LINE
8
BLACK
6
CONTINUOUS
10
230.7740989999999783
20
-95.9259009999999961
11
230.8228729999999871
21
-95.998896000000002
0
LINE
8
BLACK
6
CONTINUOUS
10
230.8228729999999871
20
-95.998896000000002
11
230.8400000000000034
21
-96.0849999999999937
0
LINE
8
BLACK
6
CONTINUOUS
10
230.8400000000000034
20
-96.0849999999999937
11
230.8400000000000034
21
-97.1349999999999909
0
LINE
8
BLACK
6
CONTINUOUS
10
230.8400000000000034
20
-97.1349999999999909
11
230.8228729999999871
21
-97.2211039999999969
0
LINE
8
BLACK
6
CONTINUOUS
10
230.8228729999999871
20
-97.2211039999999969
11
230.7740989999999783
21
-97.2940989999999886
0
LINE
8
BLACK
6
CONTINUOUS
10
230.7740989999999783
20
-97.2940989999999886
11
230.7011039999999866
21
-97.3428729999999973
0
LINE
8
BLACK
6
CONTINUOUS
10
230.7011039999999866
20
-97.3428729999999973
11
230.6149999999999807
21
-97.3599999999999994
0
LINE
8
BLACK
6
CONTINUOUS
10
230.6149999999999807
20
-97.3599999999999994
11
221.0649999999999977
21
-97.3599999999999994
0
LINE
8
BLACK
6
CONTINUOUS
10
221.0649999999999977
20
-97.3599999999999994
11
220.9788959999999918
21
-97.3428729999999973
0
LINE
8
BLACK
6
CONTINUOUS
10
220.9788959999999918
20
-97.3428729999999973
11
220.9059010000000001
21
-97.2940989999999886
0
LINE
8
BLACK
6
CONTINUOUS
10
220.9059010000000001
20
-97.2940989999999886
11
220.8571269999999913
21
-97.2211039999999969
0
LINE
8
BLACK
6
CONTINUOUS
10
220.8571269999999913
20
-97.2211039999999969
11
220.8400000000000034
21
-97.1349999999999909
0
LINE
8
BLACK
6
CONTINUOUS
10
220.8400000000000034
20
-97.1349999999999909
11
220.8400000000000034
21
-96.0849999999999937
0
LINE
8
BLACK
6
CONTINUOUS
10
220.8400000000000034
20
-96.0849999999999937
11
220.8571269999999913
21
-95.998896000000002
0
LINE
8
BLACK
6
CONTINUOUS
10
220.8571269999999913
20
-95.998896000000002
11
220.9059010000000001
21
-95.9259009999999961
0
LINE
8
BLACK
6
CONTINUOUS
10
220.9059010000000001
20
-95.9259009999999961
11
220.9788959999999918
21
-95.8771270000000015
0
LINE
8
BLACK
6
CONTINUOUS
10
220.9788959999999918
20
-95.8771270000000015
11
221.0649999999999977
21
-95.8599999999999994
0
LINE
8
BLACK
6
CONTINUOUS
10
221.0649999999999977
20
-95.8599999999999994
11
230.6149999999999807
21
-95.8599999999999994
0
LINE
8
BLACK
6
CONTINUOUS
10
230.6149999999999807
20
-95.8599999999999994
11
230.7011039999999866
21
-95.8771270000000015
0
LINE
8
BLACK
6
CONTINUOUS
10
59.1932279999999977
20
-93.9244479999999982
11
59.2307739999999967
21
-93.9399999999999977
0
LINE
8
BLACK
6
CONTINUOUS
10
59.2307739999999967
20
-93.9399999999999977
11
70.8199999999999932
21
-93.9399999999999977
0
LINE
8
BLACK
6
CONTINUOUS
10
70.8199999999999932
20
-93.9399999999999977
11
75.5949999999999989
21
-93.9399999999999977
0
LINE
8
BLACK
6
CONTINUOUS
10
75.5949999999999989
20
-93.9399999999999977
11
75.6811039999999906
21
-93.9571269999999998
0
LINE
8
BLACK
6
CONTINUOUS
10
75.6811039999999906
20
-93.9571269999999998
11
75.7540989999999965
21
-94.0059009999999944
0
LINE
8
BLACK
6
CONTINUOUS
10
75.7540989999999965
20
-94.0059009999999944
11
75.8028729999999911
21
-94.0788960000000003
0
LINE
8
BLACK
6
CONTINUOUS
10
75.8028729999999911
20
-94.0788960000000003
11
75.8199999999999932
21
-94.164999999999992
0
LINE
8
BLACK
6
CONTINUOUS
10
75.8199999999999932
20
-94.164999999999992
11
75.8199999999999932
21
-95.2149999999999892
0
LINE
8
BLACK
6
CONTINUOUS
10
75.8199999999999932
20
-95.2149999999999892
11
75.8028729999999911
21
-95.3011039999999952
0
LINE
8
BLACK
6
CONTINUOUS
10
75.8028729999999911
20
-95.3011039999999952
11
75.7540989999999965
21
-95.3740990000000011
0
LINE
8
BLACK
6
CONTINUOUS
10
75.7540989999999965
20
-95.3740990000000011
11
75.6811039999999906
21
-95.4228729999999956
0
LINE
8
BLACK
6
CONTINUOUS
10
75.6811039999999906
20
-95.4228729999999956
11
75.5949999999999989
21
-95.4399999999999977
0
LINE
8
BLACK
6
CONTINUOUS
10
75.5949999999999989
20
-95.4399999999999977
11
66.0450000000000017
21
-95.4399999999999977
0
LINE
8
BLACK
6
CONTINUOUS
10
66.0450000000000017
20
-95.4399999999999977
11
59.2307739999999967
21
-95.4399999999999977
0
LINE
8
BLACK
6
CONTINUOUS
10
59.2307739999999967
20
-95.4399999999999977
11
59.1932279999999977
21
-95.4555519999999973
0
LINE
8
BLACK
6
CONTINUOUS
10
59.1932279999999977
20
-95.4555519999999973
11
59.0394140000000007
21
-95.486148
0
LINE
8
BLACK
6
CONTINUOUS
10
59.0394140000000007
20
-95.486148
11
58.8825859999999963
21
-95.486148
0
LINE
8
BLACK
6
CONTINUOUS
10
58.8825859999999963
20
-95.486148
11
58.7287719999999993
21
-95.4555519999999973
0
LINE
8
BLACK
6
CONTINUOUS
10
58.7287719999999993
20
-95.4555519999999973
11
58.5838830000000002
21
-95.3955369999999903
0
LINE
8
BLACK
6
CONTINUOUS
10
58.5838830000000002
20
-95.3955369999999903
11
58.4534850000000006
21
-95.308408
0
LINE
8
BLACK
6
CONTINUOUS
10
58.4534850000000006
20
-95.308408
11
58.3425919999999962
21
-95.1975149999999957
0
LINE
8
BLACK
6
CONTINUOUS
10
58.3425919999999962
20
-95.1975149999999957
11
58.2554629999999989
21
-95.0671169999999961
0
LINE
8
BLACK
6
CONTINUOUS
10
58.2554629999999989
20
-95.0671169999999961
11
58.195447999999999
21
-94.9222279999999898
0
LINE
8
BLACK
6
CONTINUOUS
10
58.195447999999999
20
-94.9222279999999898
11
58.1648519999999962
21
-94.7684139999999928
0
LINE
8
BLACK
6
CONTINUOUS
10
58.1648519999999962
20
-94.7684139999999928
11
58.1648519999999962
21
-94.6115860000000026
0
LINE
8
BLACK
6
CONTINUOUS
10
58.1648519999999962
20
-94.6115860000000026
11
58.195447999999999
21
-94.4577719999999914
0
LINE
8
BLACK
6
CONTINUOUS
10
58.195447999999999
20
-94.4577719999999914
11
58.2554629999999989
21
-94.3128829999999994
0
LINE
8
BLACK
6
CONTINUOUS
10
58.2554629999999989
20
-94.3128829999999994
11
58.3425919999999962
21
-94.1824849999999998
0
LINE
8
BLACK
6
CONTINUOUS
10
58.3425919999999962
20
-94.1824849999999998
11
58.4534850000000006
21
-94.0715919999999954
0
LINE
8
BLACK
6
CONTINUOUS
10
58.4534850000000006
20
-94.0715919999999954
11
58.5838830000000002
21
-93.984462999999991
0
LINE
8
BLACK
6
CONTINUOUS
10
58.5838830000000002
20
-93.984462999999991
11
58.7287719999999993
21
-93.9244479999999982
0
LINE
8
BLACK
6
CONTINUOUS
10
58.7287719999999993
20
-93.9244479999999982
11
58.8825859999999963
21
-93.8938519999999954
0
LINE
8
BLACK
6
CONTINUOUS
10
58.8825859999999963
20
-93.8938519999999954
11
59.0394140000000007
21
-93.8938519999999954
0
LINE
8
BLACK
6
CONTINUOUS
10
59.0394140000000007
20
-93.8938519999999954
11
59.1932279999999977
21
-93.9244479999999982
0
LINE
8
BLACK
6
CONTINUOUS
10
105.6811039999999906
20
-93.9571269999999998
11
105.7540989999999965
21
-94.0059009999999944
0
LINE
8
BLACK
6
CONTINUOUS
10
105.7540989999999965
20
-94.0059009999999944
11
105.8028729999999911
21
-94.0788960000000003
0
LINE
8
BLACK
6
CONTINUOUS
10
105.8028729999999911
20
-94.0788960000000003
11
105.8199999999999932
21
-94.164999999999992
0
LINE
8
BLACK
6
CONTINUOUS
10
105.8199999999999932
20
-94.164999999999992
11
105.8199999999999932
21
-95.2149999999999892
0
LINE
8
BLACK
6
CONTINUOUS
10
105.8199999999999932
20
-95.2149999999999892
11
105.8028729999999911
21
-95.3011039999999952
0
LINE
8
BLACK
6
CONTINUOUS
10
105.8028729999999911
20
-95.3011039999999952
11
105.7540989999999965
21
-95.3740990000000011
0
LINE
8
BLACK
6
CONTINUOUS
10
105.7540989999999965
20
-95.3740990000000011
11
105.6811039999999906
21
-95.4228729999999956
0
LINE
8
BLACK
6
CONTINUOUS
10
105.6811039999999906
20
-95.4228729999999956
11
105.5949999999999989
21
-95.4399999999999977
0
LINE
8
BLACK
6
CONTINUOUS
10
105.5949999999999989
20
-95.4399999999999977
11
96.0450000000000017
21
-95.4399999999999977
0
LINE
8
BLACK
6
CONTINUOUS
10
96.0450000000000017
20
-95.4399999999999977
11
95.9588959999999958
21
-95.4228729999999956
0
LINE
8
BLACK
6
CONTINUOUS
10
95.9588959999999958
20
-95.4228729999999956
11
95.8859009999999898
21
-95.3740990000000011
0
LINE
8
BLACK
6
CONTINUOUS
10
95.8859009999999898
20
-95.3740990000000011
11
95.8371269999999953
21
-95.3011039999999952
0
LINE
8
BLACK
6
CONTINUOUS
10
95.8371269999999953
20
-95.3011039999999952
11
95.8199999999999932
21
-95.2149999999999892
0
LINE
8
BLACK
6
CONTINUOUS
10
95.8199999999999932
20
-95.2149999999999892
11
95.8199999999999932
21
-94.164999999999992
0
LINE
8
BLACK
6
CONTINUOUS
10
95.8199999999999932
20
-94.164999999999992
11
95.8371269999999953
21
-94.0788960000000003
0
LINE
8
BLACK
6
CONTINUOUS
10
95.8371269999999953
20
-94.0788960000000003
11
95.8859009999999898
21
-94.0059009999999944
0
LINE
8
BLACK
6
CONTINUOUS
10
95.8859009999999898
20
-94.0059009999999944
11
95.9588959999999958
21
-93.9571269999999998
0
LINE
8
BLACK
6
CONTINUOUS
10
95.9588959999999958
20
-93.9571269999999998
11
96.0450000000000017
21
-93.9399999999999977
0
LINE
8
BLACK
6
CONTINUOUS
10
96.0450000000000017
20
-93.9399999999999977
11
105.5949999999999989
21
-93.9399999999999977
0
LINE
8
BLACK
6
CONTINUOUS
10
105.5949999999999989
20
-93.9399999999999977
11
105.6811039999999906
21
-93.9571269999999998
0
LINE
8
BLACK
6
CONTINUOUS
10
154.501103999999998
20
-93.9571269999999998
11
154.5740989999999897
21
-94.0059009999999944
0
LINE
8
BLACK
6
CONTINUOUS
10
154.5740989999999897
20
-94.0059009999999944
11
154.6228729999999985
21
-94.0788960000000003
0
LINE
8
BLACK
6
CONTINUOUS
10
154.6228729999999985
20
-94.0788960000000003
11
154.6399999999999864
21
-94.164999999999992
0
LINE
8
BLACK
6
CONTINUOUS
10
154.6399999999999864
20
-94.164999999999992
11
154.6399999999999864
21
-95.2149999999999892
0
LINE
8
BLACK
6
CONTINUOUS
10
154.6399999999999864
20
-95.2149999999999892
11
154.6228729999999985
21
-95.3011039999999952
0
LINE
8
BLACK
6
CONTINUOUS
10
154.6228729999999985
20
-95.3011039999999952
11
154.5740989999999897
21
-95.3740990000000011
0
LINE
8
BLACK
6
CONTINUOUS
10
154.5740989999999897
20
-95.3740990000000011
11
154.501103999999998
21
-95.4228729999999956
0
LINE
8
BLACK
6
CONTINUOUS
10
154.501103999999998
20
-95.4228729999999956
11
154.414999999999992
21
-95.4399999999999977
0
LINE
8
BLACK
6
CONTINUOUS
10
154.414999999999992
20
-95.4399999999999977
11
144.8649999999999807
21
-95.4399999999999977
0
LINE
8
BLACK
6
CONTINUOUS
10
144.8649999999999807
20
-95.4399999999999977
11
144.7788960000000031
21
-95.4228729999999956
0
LINE
8
BLACK
6
CONTINUOUS
10
144.7788960000000031
20
-95.4228729999999956
11
144.705900999999983
21
-95.3740990000000011
0
LINE
8
BLACK
6
CONTINUOUS
10
144.705900999999983
20
-95.3740990000000011
11
144.6571270000000027
21
-95.3011039999999952
0
LINE
8
BLACK
6
CONTINUOUS
10
144.6571270000000027
20
-95.3011039999999952
11
144.6399999999999864
21
-95.2149999999999892
0
LINE
8
BLACK
6
CONTINUOUS
10
144.6399999999999864
20
-95.2149999999999892
11
144.6399999999999864
21
-94.164999999999992
0
LINE
8
BLACK
6
CONTINUOUS
10
144.6399999999999864
20
-94.164999999999992
11
144.6571270000000027
21
-94.0788960000000003
0
LINE
8
BLACK
6
CONTINUOUS
10
144.6571270000000027
20
-94.0788960000000003
11
144.705900999999983
21
-94.0059009999999944
0
LINE
8
BLACK
6
CONTINUOUS
10
144.705900999999983
20
-94.0059009999999944
11
144.7788960000000031
21
-93.9571269999999998
0
LINE
8
BLACK
6
CONTINUOUS
10
144.7788960000000031
20
-93.9571269999999998
11
144.8649999999999807
21
-93.9399999999999977
0
LINE
8
BLACK
6
CONTINUOUS
10
144.8649999999999807
20
-93.9399999999999977
11
154.414999999999992
21
-93.9399999999999977
0
LINE
8
BLACK
6
CONTINUOUS
10
154.414999999999992
20
-93.9399999999999977
11
154.501103999999998
21
-93.9571269999999998
0
LINE
8
BLACK
6
CONTINUOUS
10
230.7011039999999866
20
-93.3371269999999953
11
230.7740989999999783
21
-93.3859009999999898
0
LINE
8
BLACK
6
CONTINUOUS
10
230.7740989999999783
20
-93.3859009999999898
11
230.8228729999999871
21
-93.4588959999999958
0
LINE
8
BLACK
6
CONTINUOUS
10
230.8228729999999871
20
-93.4588959999999958
11
230.8400000000000034
21
-93.5450000000000017
0
LINE
8
BLACK
6
CONTINUOUS
10
230.8400000000000034
20
-93.5450000000000017
11
230.8400000000000034
21
-94.5949999999999989
0
LINE
8
BLACK
6
CONTINUOUS
10
230.8400000000000034
20
-94.5949999999999989
11
230.8228729999999871
21
-94.6811039999999906
0
LINE
8
BLACK
6
CONTINUOUS
10
230.8228729999999871
20
-94.6811039999999906
11
230.7740989999999783
21
-94.7540989999999965
0
LINE
8
BLACK
6
CONTINUOUS
10
230.7740989999999783
20
-94.7540989999999965
11
230.7011039999999866
21
-94.8028729999999911
0
LINE
8
BLACK
6
CONTINUOUS
10
230.7011039999999866
20
-94.8028729999999911
11
230.6149999999999807
21
-94.8199999999999932
0
LINE
8
BLACK
6
CONTINUOUS
10
230.6149999999999807
20
-94.8199999999999932
11
221.0649999999999977
21
-94.8199999999999932
0
LINE
8
BLACK
6
CONTINUOUS
10
221.0649999999999977
20
-94.8199999999999932
11
220.9788959999999918
21
-94.8028729999999911
0
LINE
8
BLACK
6
CONTINUOUS
10
220.9788959999999918
20
-94.8028729999999911
11
220.9059010000000001
21
-94.7540989999999965
0
LINE
8
BLACK
6
CONTINUOUS
10
220.9059010000000001
20
-94.7540989999999965
11
220.8571269999999913
21
-94.6811039999999906
0
LINE
8
BLACK
6
CONTINUOUS
10
220.8571269999999913
20
-94.6811039999999906
11
220.8400000000000034
21
-94.5949999999999989
0
LINE
8
BLACK
6
CONTINUOUS
10
220.8400000000000034
20
-94.5949999999999989
11
220.8400000000000034
21
-93.5450000000000017
0
LINE
8
BLACK
6
CONTINUOUS
10
220.8400000000000034
20
-93.5450000000000017
11
220.8571269999999913
21
-93.4588959999999958
0
LINE
8
BLACK
6
CONTINUOUS
10
220.8571269999999913
20
-93.4588959999999958
11
220.9059010000000001
21
-93.3859009999999898
0
LINE
8
BLACK
6
CONTINUOUS
10
220.9059010000000001
20
-93.3859009999999898
11
220.9788959999999918
21
-93.3371269999999953
0
LINE
8
BLACK
6
CONTINUOUS
10
220.9788959999999918
20
-93.3371269999999953
11
221.0649999999999977
21
-93.3199999999999932
0
LINE
8
BLACK
6
CONTINUOUS
10
221.0649999999999977
20
-93.3199999999999932
11
230.6149999999999807
21
-93.3199999999999932
0
LINE
8
BLACK
6
CONTINUOUS
10
230.6149999999999807
20
-93.3199999999999932
11
230.7011039999999866
21
-93.3371269999999953
0
LINE
8
BLACK
6
CONTINUOUS
10
247.2532279999999787
20
-92.9054479999999927
11
247.398116999999985
21
-92.9654629999999997
0
LINE
8
BLACK
6
CONTINUOUS
10
247.398116999999985
20
-92.9654629999999997
11
247.5285149999999987
21
-93.05259199999999
0
LINE
8
BLACK
6
CONTINUOUS
10
247.5285149999999987
20
-93.05259199999999
11
247.6394079999999747
21
-93.1634849999999943
0
LINE
8
BLACK
6
CONTINUOUS
10
247.6394079999999747
20
-93.1634849999999943
11
247.7265369999999791
21
-93.2938829999999939
0
LINE
8
BLACK
6
CONTINUOUS
10
247.7265369999999791
20
-93.2938829999999939
11
247.7865520000000004
21
-93.4387720000000002
0
LINE
8
BLACK
6
CONTINUOUS
10
247.7865520000000004
20
-93.4387720000000002
11
247.8171479999999747
21
-93.5925859999999972
0
LINE
8
BLACK
6
CONTINUOUS
10
247.8171479999999747
20
-93.5925859999999972
11
247.8171479999999747
21
-93.7494140000000016
0
LINE
8
BLACK
6
CONTINUOUS
10
247.8171479999999747
20
-93.7494140000000016
11
247.7865520000000004
21
-93.9032279999999986
0
LINE
8
BLACK
6
CONTINUOUS
10
247.7865520000000004
20
-93.9032279999999986
11
247.7265369999999791
21
-94.0481169999999906
0
LINE
8
BLACK
6
CONTINUOUS
10
247.7265369999999791
20
-94.0481169999999906
11
247.6394079999999747
21
-94.1785149999999902
0
LINE
8
BLACK
6
CONTINUOUS
10
247.6394079999999747
20
-94.1785149999999902
11
247.5285149999999987
21
-94.2894079999999946
0
LINE
8
BLACK
6
CONTINUOUS
10
247.5285149999999987
20
-94.2894079999999946
11
247.398116999999985
21
-94.376536999999999
0
LINE
8
BLACK
6
CONTINUOUS
10
247.398116999999985
20
-94.376536999999999
11
247.2532279999999787
21
-94.4365519999999918
0
LINE
8
BLACK
6
CONTINUOUS
10
247.2532279999999787
20
-94.4365519999999918
11
247.0994139999999959
21
-94.4671479999999946
0
LINE
8
BLACK
6
CONTINUOUS
10
247.0994139999999959
20
-94.4671479999999946
11
246.9425859999999773
21
-94.4671479999999946
0
LINE
8
BLACK
6
CONTINUOUS
10
246.9425859999999773
20
-94.4671479999999946
11
246.7887719999999945
21
-94.4365519999999918
0
LINE
8
BLACK
6
CONTINUOUS
10
246.7887719999999945
20
-94.4365519999999918
11
246.6438829999999882
21
-94.376536999999999
0
LINE
8
BLACK
6
CONTINUOUS
10
246.6438829999999882
20
-94.376536999999999
11
246.5134850000000029
21
-94.2894079999999946
0
LINE
8
BLACK
6
CONTINUOUS
10
246.5134850000000029
20
-94.2894079999999946
11
246.4025919999999985
21
-94.1785149999999902
0
LINE
8
BLACK
6
CONTINUOUS
10
246.4025919999999985
20
-94.1785149999999902
11
246.3154629999999941
21
-94.0481169999999906
0
LINE
8
BLACK
6
CONTINUOUS
10
246.3154629999999941
20
-94.0481169999999906
11
246.2554480000000012
21
-93.9032279999999986
0
LINE
8
BLACK
6
CONTINUOUS
10
246.2554480000000012
20
-93.9032279999999986
11
246.2248519999999985
21
-93.7494140000000016
0
LINE
8
BLACK
6
CONTINUOUS
10
246.2248519999999985
20
-93.7494140000000016
11
246.2248519999999985
21
-93.5925859999999972
0
LINE
8
BLACK
6
CONTINUOUS
10
246.2248519999999985
20
-93.5925859999999972
11
246.2554480000000012
21
-93.4387720000000002
0
LINE
8
BLACK
6
CONTINUOUS
10
246.2554480000000012
20
-93.4387720000000002
11
246.3154629999999941
21
-93.2938829999999939
0
LINE
8
BLACK
6
CONTINUOUS
10
246.3154629999999941
20
-93.2938829999999939
11
246.4025919999999985
21
-93.1634849999999943
0
LINE
8
BLACK
6
CONTINUOUS
10
246.4025919999999985
20
-93.1634849999999943
11
246.5134850000000029
21
-93.05259199999999
0
LINE
8
BLACK
6
CONTINUOUS
10
246.5134850000000029
20
-93.05259199999999
11
246.6438829999999882
21
-92.9654629999999997
0
LINE
8
BLACK
6
CONTINUOUS
10
246.6438829999999882
20
-92.9654629999999997
11
246.7887719999999945
21
-92.9054479999999927
0
LINE
8
BLACK
6
CONTINUOUS
10
246.7887719999999945
20
-92.9054479999999927
11
246.9425859999999773
21
-92.87485199999999
0
LINE
8
BLACK
6
CONTINUOUS
10
246.9425859999999773
20
-92.87485199999999
11
247.0994139999999959
21
-92.87485199999999
0
LINE
8
BLACK
6
CONTINUOUS
10
247.0994139999999959
20
-92.87485199999999
11
247.2532279999999787
21
-92.9054479999999927
0
LINE
8
BLACK
6
CONTINUOUS
10
62.9312279999999973
20
-91.3844479999999919
11
62.9687739999999962
21
-91.3999999999999915
0
LINE
8
BLACK
6
CONTINUOUS
10
62.9687739999999962
20
-91.3999999999999915
11
70.8199999999999932
21
-91.3999999999999915
0
LINE
8
BLACK
6
CONTINUOUS
10
70.8199999999999932
20
-91.3999999999999915
11
75.5949999999999989
21
-91.3999999999999915
0
LINE
8
BLACK
6
CONTINUOUS
10
75.5949999999999989
20
-91.3999999999999915
11
75.6811039999999906
21
-91.4171269999999936
0
LINE
8
BLACK
6
CONTINUOUS
10
75.6811039999999906
20
-91.4171269999999936
11
75.7540989999999965
21
-91.4659010000000023
0
LINE
8
BLACK
6
CONTINUOUS
10
75.7540989999999965
20
-91.4659010000000023
11
75.8028729999999911
21
-91.538895999999994
0
LINE
8
BLACK
6
CONTINUOUS
10
75.8028729999999911
20
-91.538895999999994
11
75.8199999999999932
21
-91.625
0
LINE
8
BLACK
6
CONTINUOUS
10
75.8199999999999932
20
-91.625
11
75.8199999999999932
21
-92.6749999999999972
0
LINE
8
BLACK
6
CONTINUOUS
10
75.8199999999999932
20
-92.6749999999999972
11
75.8028729999999911
21
-92.7611039999999889
0
LINE
8
BLACK
6
CONTINUOUS
10
75.8028729999999911
20
-92.7611039999999889
11
75.7540989999999965
21
-92.8340989999999948
0
LINE
8
BLACK
6
CONTINUOUS
10
75.7540989999999965
20
-92.8340989999999948
11
75.6811039999999906
21
-92.8828729999999894
0
LINE
8
BLACK
6
CONTINUOUS
10
75.6811039999999906
20
-92.8828729999999894
11
75.5949999999999989
21
-92.8999999999999915
0
LINE
8
BLACK
6
CONTINUOUS
10
75.5949999999999989
20
-92.8999999999999915
11
66.0450000000000017
21
-92.8999999999999915
0
LINE
8
BLACK
6
CONTINUOUS
10
66.0450000000000017
20
-92.8999999999999915
11
62.9687739999999962
21
-92.8999999999999915
0
LINE
8
BLACK
6
CONTINUOUS
10
62.9687739999999962
20
-92.8999999999999915
11
62.9312279999999973
21
-92.915551999999991
0
LINE
8
BLACK
6
CONTINUOUS
10
62.9312279999999973
20
-92.915551999999991
11
62.7774140000000003
21
-92.9461479999999938
0
LINE
8
BLACK
6
CONTINUOUS
10
62.7774140000000003
20
-92.9461479999999938
11
62.6205859999999959
21
-92.9461479999999938
0
LINE
8
BLACK
6
CONTINUOUS
10
62.6205859999999959
20
-92.9461479999999938
11
62.4667719999999989
21
-92.915551999999991
0
LINE
8
BLACK
6
CONTINUOUS
10
62.4667719999999989
20
-92.915551999999991
11
62.3218829999999997
21
-92.8555369999999982
0
LINE
8
BLACK
6
CONTINUOUS
10
62.3218829999999997
20
-92.8555369999999982
11
62.1914850000000001
21
-92.7684079999999938
0
LINE
8
BLACK
6
CONTINUOUS
10
62.1914850000000001
20
-92.7684079999999938
11
62.0805919999999958
21
-92.6575149999999894
0
LINE
8
BLACK
6
CONTINUOUS
10
62.0805919999999958
20
-92.6575149999999894
11
61.9934629999999984
21
-92.5271169999999898
0
LINE
8
BLACK
6
CONTINUOUS
10
61.9934629999999984
20
-92.5271169999999898
11
61.9334479999999985
21
-92.3822279999999978
0
LINE
8
BLACK
6
CONTINUOUS
10
61.9334479999999985
20
-92.3822279999999978
11
61.9028519999999958
21
-92.2284140000000008
0
LINE
8
BLACK
6
CONTINUOUS
10
61.9028519999999958
20
-92.2284140000000008
11
61.9028519999999958
21
-92.0715859999999964
0
LINE
8
BLACK
6
CONTINUOUS
10
61.9028519999999958
20
-92.0715859999999964
11
61.9334479999999985
21
-91.9177719999999994
0
LINE
8
BLACK
6
CONTINUOUS
10
61.9334479999999985
20
-91.9177719999999994
11
61.9934629999999984
21
-91.7728829999999931
0
LINE
8
BLACK
6
CONTINUOUS
10
61.9934629999999984
20
-91.7728829999999931
11
62.0805919999999958
21
-91.6424849999999935
0
LINE
8
BLACK
6
CONTINUOUS
10
62.0805919999999958
20
-91.6424849999999935
11
62.1914850000000001
21
-91.5315919999999892
0
LINE
8
BLACK
6
CONTINUOUS
10
62.1914850000000001
20
-91.5315919999999892
11
62.3218829999999997
21
-91.4444629999999989
0
LINE
8
BLACK
6
CONTINUOUS
10
62.3218829999999997
20
-91.4444629999999989
11
62.4667719999999989
21
-91.3844479999999919
0
LINE
8
BLACK
6
CONTINUOUS
10
62.4667719999999989
20
-91.3844479999999919
11
62.6205859999999959
21
-91.3538519999999892
0
LINE
8
BLACK
6
CONTINUOUS
10
62.6205859999999959
20
-91.3538519999999892
11
62.7774140000000003
21
-91.3538519999999892
0
LINE
8
BLACK
6
CONTINUOUS
10
62.7774140000000003
20
-91.3538519999999892
11
62.9312279999999973
21
-91.3844479999999919
0
LINE
8
BLACK
6
CONTINUOUS
10
105.6811039999999906
20
-91.4171269999999936
11
105.7540989999999965
21
-91.4659010000000023
0
LINE
8
BLACK
6
CONTINUOUS
10
105.7540989999999965
20
-91.4659010000000023
11
105.8028729999999911
21
-91.538895999999994
0
LINE
8
BLACK
6
CONTINUOUS
10
105.8028729999999911
20
-91.538895999999994
11
105.8199999999999932
21
-91.625
0
LINE
8
BLACK
6
CONTINUOUS
10
105.8199999999999932
20
-91.625
11
105.8199999999999932
21
-92.6749999999999972
0
LINE
8
BLACK
6
CONTINUOUS
10
105.8199999999999932
20
-92.6749999999999972
11
105.8028729999999911
21
-92.7611039999999889
0
LINE
8
BLACK
6
CONTINUOUS
10
105.8028729999999911
20
-92.7611039999999889
11
105.7540989999999965
21
-92.8340989999999948
0
LINE
8
BLACK
6
CONTINUOUS
10
105.7540989999999965
20
-92.8340989999999948
11
105.6811039999999906
21
-92.8828729999999894
0
LINE
8
BLACK
6
CONTINUOUS
10
105.6811039999999906
20
-92.8828729999999894
11
105.5949999999999989
21
-92.8999999999999915
0
LINE
8
BLACK
6
CONTINUOUS
10
105.5949999999999989
20
-92.8999999999999915
11
96.0450000000000017
21
-92.8999999999999915
0
LINE
8
BLACK
6
CONTINUOUS
10
96.0450000000000017
20
-92.8999999999999915
11
95.9588959999999958
21
-92.8828729999999894
0
LINE
8
BLACK
6
CONTINUOUS
10
95.9588959999999958
20
-92.8828729999999894
11
95.8859009999999898
21
-92.8340989999999948
0
LINE
8
BLACK
6
CONTINUOUS
10
95.8859009999999898
20
-92.8340989999999948
11
95.8371269999999953
21
-92.7611039999999889
0
LINE
8
BLACK
6
CONTINUOUS
10
95.8371269999999953
20
-92.7611039999999889
11
95.8199999999999932
21
-92.6749999999999972
0
LINE
8
BLACK
6
CONTINUOUS
10
95.8199999999999932
20
-92.6749999999999972
11
95.8199999999999932
21
-91.625
0
LINE
8
BLACK
6
CONTINUOUS
10
95.8199999999999932
20
-91.625
11
95.8371269999999953
21
-91.538895999999994
0
LINE
8
BLACK
6
CONTINUOUS
10
95.8371269999999953
20
-91.538895999999994
11
95.8859009999999898
21
-91.4659010000000023
0
LINE
8
BLACK
6
CONTINUOUS
10
95.8859009999999898
20
-91.4659010000000023
11
95.9588959999999958
21
-91.4171269999999936
0
LINE
8
BLACK
6
CONTINUOUS
10
95.9588959999999958
20
-91.4171269999999936
11
96.0450000000000017
21
-91.3999999999999915
0
LINE
8
BLACK
6
CONTINUOUS
10
96.0450000000000017
20
-91.3999999999999915
11
105.5949999999999989
21
-91.3999999999999915
0
LINE
8
BLACK
6
CONTINUOUS
10
105.5949999999999989
20
-91.3999999999999915
11
105.6811039999999906
21
-91.4171269999999936
0
LINE
8
BLACK
6
CONTINUOUS
10
154.501103999999998
20
-91.4171269999999936
11
154.5740989999999897
21
-91.4659010000000023
0
LINE
8
BLACK
6
CONTINUOUS
10
154.5740989999999897
20
-91.4659010000000023
11
154.6228729999999985
21
-91.538895999999994
0
LINE
8
BLACK
6
CONTINUOUS
10
154.6228729999999985
20
-91.538895999999994
11
154.6399999999999864
21
-91.625
0
LINE
8
BLACK
6
CONTINUOUS
10
154.6399999999999864
20
-91.625
11
154.6399999999999864
21
-92.6749999999999972
0
LINE
8
BLACK
6
CONTINUOUS
10
154.6399999999999864
20
-92.6749999999999972
11
154.6228729999999985
21
-92.7611039999999889
0
LINE
8
BLACK
6
CONTINUOUS
10
154.6228729999999985
20
-92.7611039999999889
11
154.5740989999999897
21
-92.8340989999999948
0
LINE
8
BLACK
6
CONTINUOUS
10
154.5740989999999897
20
-92.8340989999999948
11
154.501103999999998
21
-92.8828729999999894
0
LINE
8
BLACK
6
CONTINUOUS
10
154.501103999999998
20
-92.8828729999999894
11
154.414999999999992
21
-92.8999999999999915
0
LINE
8
BLACK
6
CONTINUOUS
10
154.414999999999992
20
-92.8999999999999915
11
144.8649999999999807
21
-92.8999999999999915
0
LINE
8
BLACK
6
CONTINUOUS
10
144.8649999999999807
20
-92.8999999999999915
11
144.7788960000000031
21
-92.8828729999999894
0
LINE
8
BLACK
6
CONTINUOUS
10
144.7788960000000031
20
-92.8828729999999894
11
144.705900999999983
21
-92.8340989999999948
0
LINE
8
BLACK
6
CONTINUOUS
10
144.705900999999983
20
-92.8340989999999948
11
144.6571270000000027
21
-92.7611039999999889
0
LINE
8
BLACK
6
CONTINUOUS
10
144.6571270000000027
20
-92.7611039999999889
11
144.6399999999999864
21
-92.6749999999999972
0
LINE
8
BLACK
6
CONTINUOUS
10
144.6399999999999864
20
-92.6749999999999972
11
144.6399999999999864
21
-91.625
0
LINE
8
BLACK
6
CONTINUOUS
10
144.6399999999999864
20
-91.625
11
144.6571270000000027
21
-91.538895999999994
0
LINE
8
BLACK
6
CONTINUOUS
10
144.6571270000000027
20
-91.538895999999994
11
144.705900999999983
21
-91.4659010000000023
0
LINE
8
BLACK
6
CONTINUOUS
10
144.705900999999983
20
-91.4659010000000023
11
144.7788960000000031
21
-91.4171269999999936
0
LINE
8
BLACK
6
CONTINUOUS
10
144.7788960000000031
20
-91.4171269999999936
11
144.8649999999999807
21
-91.3999999999999915
0
LINE
8
BLACK
6
CONTINUOUS
10
144.8649999999999807
20
-91.3999999999999915
11
154.414999999999992
21
-91.3999999999999915
0
LINE
8
BLACK
6
CONTINUOUS
10
154.414999999999992
20
-91.3999999999999915
11
154.501103999999998
21
-91.4171269999999936
0
LINE
8
BLACK
6
CONTINUOUS
10
187.2255869999999902
20
-53.7436109999999942
11
187.3697870000000023
21
-53.7722939999999952
0
LINE
8
BLACK
6
CONTINUOUS
10
187.3697870000000023
20
-53.7722939999999952
11
187.449356999999992
21
-53.8052530000000004
0
LINE
8
BLACK
6
CONTINUOUS
10
187.449356999999992
20
-53.8052530000000004
11
187.5056219999999882
21
-53.8285589999999985
0
LINE
8
BLACK
6
CONTINUOUS
10
187.5056219999999882
20
-53.8285589999999985
11
187.627869000000004
21
-53.9102419999999967
0
LINE
8
BLACK
6
CONTINUOUS
10
187.627869000000004
20
-53.9102419999999967
11
187.6824039999999911
21
-53.9596699999999956
0
LINE
8
BLACK
6
CONTINUOUS
10
187.6824039999999911
20
-53.9596699999999956
11
194.5803300000000036
21
-60.8575959999999938
0
LINE
8
BLACK
6
CONTINUOUS
10
194.5803300000000036
20
-60.8575959999999938
11
194.6297589999999786
21
-60.9121309999999951
0
LINE
8
BLACK
6
CONTINUOUS
10
194.6297589999999786
20
-60.9121309999999951
11
194.6651849999999797
21
-60.9651509999999988
0
LINE
8
BLACK
6
CONTINUOUS
10
194.6651849999999797
20
-60.9651509999999988
11
194.7114409999999793
21
-61.0343779999999967
0
LINE
8
BLACK
6
CONTINUOUS
10
194.7114409999999793
20
-61.0343779999999967
11
194.7347460000000012
21
-61.090643
0
LINE
8
BLACK
6
CONTINUOUS
10
194.7347460000000012
20
-61.090643
11
194.767706000000004
21
-61.1702129999999968
0
LINE
8
BLACK
6
CONTINUOUS
10
194.767706000000004
20
-61.1702129999999968
11
194.7893550000000005
21
-61.2790509999999955
0
LINE
8
BLACK
6
CONTINUOUS
10
194.7893550000000005
20
-61.2790509999999955
11
194.7963890000000049
21
-61.3144129999999947
0
LINE
8
BLACK
6
CONTINUOUS
10
194.7963890000000049
20
-61.3144129999999947
11
194.7999999999999829
21
-61.3879260000000002
0
LINE
8
BLACK
6
CONTINUOUS
10
194.7999999999999829
20
-61.3879260000000002
11
194.7999999999999829
21
-88.2299999999999898
0
LINE
8
BLACK
6
CONTINUOUS
10
194.7999999999999829
20
-88.2299999999999898
11
194.7963890000000049
21
-88.3035129999999953
0
LINE
8
BLACK
6
CONTINUOUS
10
194.7963890000000049
20
-88.3035129999999953
11
194.7677049999999781
21
-88.4477139999999906
0
LINE
8
BLACK
6
CONTINUOUS
10
194.7677049999999781
20
-88.4477139999999906
11
194.7114409999999793
21
-88.5835479999999933
0
LINE
8
BLACK
6
CONTINUOUS
10
194.7114409999999793
20
-88.5835479999999933
11
194.6297579999999812
21
-88.7057949999999948
0
LINE
8
BLACK
6
CONTINUOUS
10
194.6297579999999812
20
-88.7057949999999948
11
194.5803300000000036
21
-88.7603299999999962
0
LINE
8
BLACK
6
CONTINUOUS
10
194.5803300000000036
20
-88.7603299999999962
11
190.6603299999999876
21
-92.6803299999999979
0
LINE
8
BLACK
6
CONTINUOUS
10
190.6603299999999876
20
-92.6803299999999979
11
190.6057950000000005
21
-92.7297579999999897
0
LINE
8
BLACK
6
CONTINUOUS
10
190.6057950000000005
20
-92.7297579999999897
11
190.4835479999999848
21
-92.8114410000000021
0
LINE
8
BLACK
6
CONTINUOUS
10
190.4835479999999848
20
-92.8114410000000021
11
190.428845999999993
21
-92.8340989999999948
0
LINE
8
BLACK
6
CONTINUOUS
10
190.428845999999993
20
-92.8340989999999948
11
190.3477129999999988
21
-92.8677059999999983
0
LINE
8
BLACK
6
CONTINUOUS
10
190.3477129999999988
20
-92.8677059999999983
11
190.2035129999999867
21
-92.8963889999999992
0
LINE
8
BLACK
6
CONTINUOUS
10
190.2035129999999867
20
-92.8963889999999992
11
190.1299999999999955
21
-92.8999999999999915
0
LINE
8
BLACK
6
CONTINUOUS
10
190.1299999999999955
20
-92.8999999999999915
11
179.6399999999999864
21
-92.8999999999999915
0
LINE
8
BLACK
6
CONTINUOUS
10
179.6399999999999864
20
-92.8999999999999915
11
174.8649999999999807
21
-92.8999999999999915
0
LINE
8
BLACK
6
CONTINUOUS
10
174.8649999999999807
20
-92.8999999999999915
11
174.7788960000000031
21
-92.8828729999999894
0
LINE
8
BLACK
6
CONTINUOUS
10
174.7788960000000031
20
-92.8828729999999894
11
174.705900999999983
21
-92.8340989999999948
0
LINE
8
BLACK
6
CONTINUOUS
10
174.705900999999983
20
-92.8340989999999948
11
174.6571270000000027
21
-92.7611039999999889
0
LINE
8
BLACK
6
CONTINUOUS
10
174.6571270000000027
20
-92.7611039999999889
11
174.6399999999999864
21
-92.6749999999999972
0
LINE
8
BLACK
6
CONTINUOUS
10
174.6399999999999864
20
-92.6749999999999972
11
174.6399999999999864
21
-91.625
0
LINE
8
BLACK
6
CONTINUOUS
10
174.6399999999999864
20
-91.625
11
174.6571270000000027
21
-91.538895999999994
0
LINE
8
BLACK
6
CONTINUOUS
10
174.6571270000000027
20
-91.538895999999994
11
174.705900999999983
21
-91.4659010000000023
0
LINE
8
BLACK
6
CONTINUOUS
10
174.705900999999983
20
-91.4659010000000023
11
174.7788960000000031
21
-91.4171269999999936
0
LINE
8
BLACK
6
CONTINUOUS
10
174.7788960000000031
20
-91.4171269999999936
11
174.8649999999999807
21
-91.3999999999999915
0
LINE
8
BLACK
6
CONTINUOUS
10
174.8649999999999807
20
-91.3999999999999915
11
184.414999999999992
21
-91.3999999999999915
0
LINE
8
BLACK
6
CONTINUOUS
10
184.414999999999992
20
-91.3999999999999915
11
189.8193399999999826
21
-91.3999999999999915
0
LINE
8
BLACK
6
CONTINUOUS
10
189.8193399999999826
20
-91.3999999999999915
11
193.2999999999999829
21
-87.9193399999999912
0
LINE
8
BLACK
6
CONTINUOUS
10
193.2999999999999829
20
-87.9193399999999912
11
193.2999999999999829
21
-61.6985859999999988
0
LINE
8
BLACK
6
CONTINUOUS
10
193.2999999999999829
20
-61.6985859999999988
11
186.8414139999999861
21
-55.2399999999999949
0
LINE
8
BLACK
6
CONTINUOUS
10
186.8414139999999861
20
-55.2399999999999949
11
63.6185860000000005
21
-55.2399999999999949
0
LINE
8
BLACK
6
CONTINUOUS
10
63.6185860000000005
20
-55.2399999999999949
11
57.3099999999999952
21
-61.5485860000000002
0
LINE
8
BLACK
6
CONTINUOUS
10
57.3099999999999952
20
-61.5485860000000002
11
57.3099999999999952
21
-71.349339999999998
0
LINE
8
BLACK
6
CONTINUOUS
10
57.3099999999999952
20
-71.349339999999998
11
59.1595699999999951
21
-73.1989099999999979
0
LINE
8
BLACK
6
CONTINUOUS
10
59.1595699999999951
20
-73.1989099999999979
11
59.1971169999999987
21
-73.214462999999995
0
LINE
8
BLACK
6
CONTINUOUS
10
59.1971169999999987
20
-73.214462999999995
11
59.3275149999999982
21
-73.3015919999999994
0
LINE
8
BLACK
6
CONTINUOUS
10
59.3275149999999982
20
-73.3015919999999994
11
59.4384079999999955
21
-73.4124850000000038
0
LINE
8
BLACK
6
CONTINUOUS
10
59.4384079999999955
20
-73.4124850000000038
11
59.5255369999999999
21
-73.5428830000000033
0
LINE
8
BLACK
6
CONTINUOUS
10
59.5255369999999999
20
-73.5428830000000033
11
59.5855519999999999
21
-73.6877719999999954
0
LINE
8
BLACK
6
CONTINUOUS
10
59.5855519999999999
20
-73.6877719999999954
11
59.6161479999999955
21
-73.8415859999999924
0
LINE
8
BLACK
6
CONTINUOUS
10
59.6161479999999955
20
-73.8415859999999924
11
59.6161479999999955
21
-73.9984139999999968
0
LINE
8
BLACK
6
CONTINUOUS
10
59.6161479999999955
20
-73.9984139999999968
11
59.5855519999999999
21
-74.1522279999999938
0
LINE
8
BLACK
6
CONTINUOUS
10
59.5855519999999999
20
-74.1522279999999938
11
59.5255369999999999
21
-74.2971170000000001
0
LINE
8
BLACK
6
CONTINUOUS
10
59.5255369999999999
20
-74.2971170000000001
11
59.4384079999999955
21
-74.4275149999999996
0
LINE
8
BLACK
6
CONTINUOUS
10
59.4384079999999955
20
-74.4275149999999996
11
59.3275149999999982
21
-74.5384079999999898
0
LINE
8
BLACK
6
CONTINUOUS
10
59.3275149999999982
20
-74.5384079999999898
11
59.1971169999999987
21
-74.6255369999999942
0
LINE
8
BLACK
6
CONTINUOUS
10
59.1971169999999987
20
-74.6255369999999942
11
59.0522279999999995
21
-74.6855520000000013
0
LINE
8
BLACK
6
CONTINUOUS
10
59.0522279999999995
20
-74.6855520000000013
11
58.8984139999999954
21
-74.7161479999999898
0
LINE
8
BLACK
6
CONTINUOUS
10
58.8984139999999954
20
-74.7161479999999898
11
58.7415859999999981
21
-74.7161479999999898
0
LINE
8
BLACK
6
CONTINUOUS
10
58.7415859999999981
20
-74.7161479999999898
11
58.587771999999994
21
-74.6855520000000013
0
LINE
8
BLACK
6
CONTINUOUS
10
58.587771999999994
20
-74.6855520000000013
11
58.4428829999999948
21
-74.6255369999999942
0
LINE
8
BLACK
6
CONTINUOUS
10
58.4428829999999948
20
-74.6255369999999942
11
58.3124849999999952
21
-74.5384079999999898
0
LINE
8
BLACK
6
CONTINUOUS
10
58.3124849999999952
20
-74.5384079999999898
11
58.201591999999998
21
-74.4275149999999996
0
LINE
8
BLACK
6
CONTINUOUS
10
58.201591999999998
20
-74.4275149999999996
11
58.1144630000000006
21
-74.2971170000000001
0
LINE
8
BLACK
6
CONTINUOUS
10
58.1144630000000006
20
-74.2971170000000001
11
58.0989099999999965
21
-74.2595699999999965
0
LINE
8
BLACK
6
CONTINUOUS
10
58.0989099999999965
20
-74.2595699999999965
11
56.0296699999999959
21
-72.190330000000003
0
LINE
8
BLACK
6
CONTINUOUS
10
56.0296699999999959
20
-72.190330000000003
11
55.9802419999999969
21
-72.1357950000000017
0
LINE
8
BLACK
6
CONTINUOUS
10
55.9802419999999969
20
-72.1357950000000017
11
55.8985589999999988
21
-72.0135480000000001
0
LINE
8
BLACK
6
CONTINUOUS
10
55.8985589999999988
20
-72.0135480000000001
11
55.8752530000000007
21
-71.9572829999999897
0
LINE
8
BLACK
6
CONTINUOUS
10
55.8752530000000007
20
-71.9572829999999897
11
55.8422939999999954
21
-71.877713
0
LINE
8
BLACK
6
CONTINUOUS
10
55.8422939999999954
20
-71.877713
11
55.8136109999999945
21
-71.7335130000000021
0
LINE
8
BLACK
6
CONTINUOUS
10
55.8136109999999945
20
-71.7335130000000021
11
55.8099999999999952
21
-71.6599999999999966
0
LINE
8
BLACK
6
CONTINUOUS
10
55.8099999999999952
20
-71.6599999999999966
11
55.8099999999999952
21
-61.2379259999999945
0
LINE
8
BLACK
6
CONTINUOUS
10
55.8099999999999952
20
-61.2379259999999945
11
55.8136109999999945
21
-61.1644129999999961
0
LINE
8
BLACK
6
CONTINUOUS
10
55.8136109999999945
20
-61.1644129999999961
11
55.8422939999999954
21
-61.0202129999999983
0
LINE
8
BLACK
6
CONTINUOUS
10
55.8422939999999954
20
-61.0202129999999983
11
55.8752530000000007
21
-60.9406429999999943
0
LINE
8
BLACK
6
CONTINUOUS
10
55.8752530000000007
20
-60.9406429999999943
11
55.8985589999999988
21
-60.8843779999999981
0
LINE
8
BLACK
6
CONTINUOUS
10
55.8985589999999988
20
-60.8843779999999981
11
55.9802419999999969
21
-60.7621309999999966
0
LINE
8
BLACK
6
CONTINUOUS
10
55.9802419999999969
20
-60.7621309999999966
11
56.0296699999999959
21
-60.7075959999999952
0
LINE
8
BLACK
6
CONTINUOUS
10
56.0296699999999959
20
-60.7075959999999952
11
62.7775959999999955
21
-53.9596699999999956
0
LINE
8
BLACK
6
CONTINUOUS
10
62.7775959999999955
20
-53.9596699999999956
11
62.8321299999999994
21
-53.9102419999999967
0
LINE
8
BLACK
6
CONTINUOUS
10
62.8321299999999994
20
-53.9102419999999967
11
62.8932539999999989
21
-53.8693999999999988
0
LINE
8
BLACK
6
CONTINUOUS
10
62.8932539999999989
20
-53.8693999999999988
11
62.9543779999999984
21
-53.8285589999999985
0
LINE
8
BLACK
6
CONTINUOUS
10
62.9543779999999984
20
-53.8285589999999985
11
63.090211999999994
21
-53.7722949999999997
0
LINE
8
BLACK
6
CONTINUOUS
10
63.090211999999994
20
-53.7722949999999997
11
63.2344129999999964
21
-53.7436109999999942
0
LINE
8
BLACK
6
CONTINUOUS
10
63.2344129999999964
20
-53.7436109999999942
11
63.3079259999999948
21
-53.7399999999999949
0
LINE
8
BLACK
6
CONTINUOUS
10
63.3079259999999948
20
-53.7399999999999949
11
187.1520739999999989
21
-53.7399999999999949
0
LINE
8
BLACK
6
CONTINUOUS
10
187.1520739999999989
20
-53.7399999999999949
11
187.2255869999999902
21
-53.7436109999999942
0
LINE
8
BLACK
6
CONTINUOUS
10
241.8581219999999803
20
-90.7644480000000016
11
242.0030109999999866
21
-90.8244629999999944
0
LINE
8
BLACK
6
CONTINUOUS
10
242.0030109999999866
20
-90.8244629999999944
11
242.1334090000000003
21
-90.9115919999999988
0
LINE
8
BLACK
6
CONTINUOUS
10
242.1334090000000003
20
-90.9115919999999988
11
242.2443019999999763
21
-91.022484999999989
0
LINE
8
BLACK
6
CONTINUOUS
10
242.2443019999999763
20
-91.022484999999989
11
242.3314309999999807
21
-91.1528830000000028
0
LINE
8
BLACK
6
CONTINUOUS
10
242.3314309999999807
20
-91.1528830000000028
11
242.391446000000002
21
-91.2977719999999948
0
LINE
8
BLACK
6
CONTINUOUS
10
242.391446000000002
20
-91.2977719999999948
11
242.4220419999999763
21
-91.4515859999999918
0
LINE
8
BLACK
6
CONTINUOUS
10
242.4220419999999763
20
-91.4515859999999918
11
242.4220419999999763
21
-91.6084139999999962
0
LINE
8
BLACK
6
CONTINUOUS
10
242.4220419999999763
20
-91.6084139999999962
11
242.391446000000002
21
-91.7622279999999932
0
LINE
8
BLACK
6
CONTINUOUS
10
242.391446000000002
20
-91.7622279999999932
11
242.3314309999999807
21
-91.9071169999999995
0
LINE
8
BLACK
6
CONTINUOUS
10
242.3314309999999807
20
-91.9071169999999995
11
242.2443019999999763
21
-92.0375149999999991
0
LINE
8
BLACK
6
CONTINUOUS
10
242.2443019999999763
20
-92.0375149999999991
11
242.1334090000000003
21
-92.1484079999999892
0
LINE
8
BLACK
6
CONTINUOUS
10
242.1334090000000003
20
-92.1484079999999892
11
242.0030109999999866
21
-92.2355369999999937
0
LINE
8
BLACK
6
CONTINUOUS
10
242.0030109999999866
20
-92.2355369999999937
11
241.8581219999999803
21
-92.2955520000000007
0
LINE
8
BLACK
6
CONTINUOUS
10
241.8581219999999803
20
-92.2955520000000007
11
241.7043079999999975
21
-92.3261479999999892
0
LINE
8
BLACK
6
CONTINUOUS
10
241.7043079999999975
20
-92.3261479999999892
11
241.5474799999999789
21
-92.3261479999999892
0
LINE
8
BLACK
6
CONTINUOUS
10
241.5474799999999789
20
-92.3261479999999892
11
241.3936659999999961
21
-92.2955520000000007
0
LINE
8
BLACK
6
CONTINUOUS
10
241.3936659999999961
20
-92.2955520000000007
11
241.2487769999999898
21
-92.2355369999999937
0
LINE
8
BLACK
6
CONTINUOUS
10
241.2487769999999898
20
-92.2355369999999937
11
241.118378999999976
21
-92.1484079999999892
0
LINE
8
BLACK
6
CONTINUOUS
10
241.118378999999976
20
-92.1484079999999892
11
241.0074860000000001
21
-92.0375149999999991
0
LINE
8
BLACK
6
CONTINUOUS
10
241.0074860000000001
20
-92.0375149999999991
11
240.9203569999999957
21
-91.9071169999999995
0
LINE
8
BLACK
6
CONTINUOUS
10
240.9203569999999957
20
-91.9071169999999995
11
240.8603420000000028
21
-91.7622279999999932
0
LINE
8
BLACK
6
CONTINUOUS
10
240.8603420000000028
20
-91.7622279999999932
11
240.8297460000000001
21
-91.6084139999999962
0
LINE
8
BLACK
6
CONTINUOUS
10
240.8297460000000001
20
-91.6084139999999962
11
240.8297460000000001
21
-91.4515859999999918
0
LINE
8
BLACK
6
CONTINUOUS
10
240.8297460000000001
20
-91.4515859999999918
11
240.8603420000000028
21
-91.2977719999999948
0
LINE
8
BLACK
6
CONTINUOUS
10
240.8603420000000028
20
-91.2977719999999948
11
240.9203569999999957
21
-91.1528830000000028
0
LINE
8
BLACK
6
CONTINUOUS
10
240.9203569999999957
20
-91.1528830000000028
11
241.0074860000000001
21
-91.022484999999989
0
LINE
8
BLACK
6
CONTINUOUS
10
241.0074860000000001
20
-91.022484999999989
11
241.118378999999976
21
-90.9115919999999988
0
LINE
8
BLACK
6
CONTINUOUS
10
241.118378999999976
20
-90.9115919999999988
11
241.2487769999999898
21
-90.8244629999999944
0
LINE
8
BLACK
6
CONTINUOUS
10
241.2487769999999898
20
-90.8244629999999944
11
241.3936659999999961
21
-90.7644480000000016
0
LINE
8
BLACK
6
CONTINUOUS
10
241.3936659999999961
20
-90.7644480000000016
11
241.5474799999999789
21
-90.7338519999999988
0
LINE
8
BLACK
6
CONTINUOUS
10
241.5474799999999789
20
-90.7338519999999988
11
241.7043079999999975
21
-90.7338519999999988
0
LINE
8
BLACK
6
CONTINUOUS
10
241.7043079999999975
20
-90.7338519999999988
11
241.8581219999999803
21
-90.7644480000000016
0
LINE
8
BLACK
6
CONTINUOUS
10
230.7011039999999866
20
-90.797126999999989
11
230.7740989999999783
21
-90.8459009999999978
0
LINE
8
BLACK
6
CONTINUOUS
10
230.7740989999999783
20
-90.8459009999999978
11
230.8228729999999871
21
-90.9188959999999895
0
LINE
8
BLACK
6
CONTINUOUS
10
230.8228729999999871
20
-90.9188959999999895
11
230.8400000000000034
21
-91.0049999999999955
0
LINE
8
BLACK
6
CONTINUOUS
10
230.8400000000000034
20
-91.0049999999999955
11
230.8400000000000034
21
-92.0549999999999926
0
LINE
8
BLACK
6
CONTINUOUS
10
230.8400000000000034
20
-92.0549999999999926
11
230.8228729999999871
21
-92.1411039999999986
0
LINE
8
BLACK
6
CONTINUOUS
10
230.8228729999999871
20
-92.1411039999999986
11
230.7740989999999783
21
-92.2140989999999903
0
LINE
8
BLACK
6
CONTINUOUS
10
230.7740989999999783
20
-92.2140989999999903
11
230.7011039999999866
21
-92.262872999999999
0
LINE
8
BLACK
6
CONTINUOUS
10
230.7011039999999866
20
-92.262872999999999
11
230.6149999999999807
21
-92.2800000000000011
0
LINE
8
BLACK
6
CONTINUOUS
10
230.6149999999999807
20
-92.2800000000000011
11
221.0649999999999977
21
-92.2800000000000011
0
LINE
8
BLACK
6
CONTINUOUS
10
221.0649999999999977
20
-92.2800000000000011
11
220.9788959999999918
21
-92.262872999999999
0
LINE
8
BLACK
6
CONTINUOUS
10
220.9788959999999918
20
-92.262872999999999
11
220.9059010000000001
21
-92.2140989999999903
0
LINE
8
BLACK
6
CONTINUOUS
10
220.9059010000000001
20
-92.2140989999999903
11
220.8571269999999913
21
-92.1411039999999986
0
LINE
8
BLACK
6
CONTINUOUS
10
220.8571269999999913
20
-92.1411039999999986
11
220.8400000000000034
21
-92.0549999999999926
0
LINE
8
BLACK
6
CONTINUOUS
10
220.8400000000000034
20
-92.0549999999999926
11
220.8400000000000034
21
-91.0049999999999955
0
LINE
8
BLACK
6
CONTINUOUS
10
220.8400000000000034
20
-91.0049999999999955
11
220.8571269999999913
21
-90.9188959999999895
0
LINE
8
BLACK
6
CONTINUOUS
10
220.8571269999999913
20
-90.9188959999999895
11
220.9059010000000001
21
-90.8459009999999978
0
LINE
8
BLACK
6
CONTINUOUS
10
220.9059010000000001
20
-90.8459009999999978
11
220.9788959999999918
21
-90.797126999999989
0
LINE
8
BLACK
6
CONTINUOUS
10
220.9788959999999918
20
-90.797126999999989
11
221.0649999999999977
21
-90.7800000000000011
0
LINE
8
BLACK
6
CONTINUOUS
10
221.0649999999999977
20
-90.7800000000000011
11
230.6149999999999807
21
-90.7800000000000011
0
LINE
8
BLACK
6
CONTINUOUS
10
230.6149999999999807
20
-90.7800000000000011
11
230.7011039999999866
21
-90.797126999999989
0
LINE
8
BLACK
6
CONTINUOUS
10
243.7351749999999981
20
-89.3873949999999979
11
243.880063999999976
21
-89.4474099999999908
0
LINE
8
BLACK
6
CONTINUOUS
10
243.880063999999976
20
-89.4474099999999908
11
244.0104619999999898
21
-89.5345389999999952
0
LINE
8
BLACK
6
CONTINUOUS
10
244.0104619999999898
20
-89.5345389999999952
11
244.1213549999999941
21
-89.6454319999999996
0
LINE
8
BLACK
6
CONTINUOUS
10
244.1213549999999941
20
-89.6454319999999996
11
244.2084839999999986
21
-89.7758299999999991
0
LINE
8
BLACK
6
CONTINUOUS
10
244.2084839999999986
20
-89.7758299999999991
11
244.2684989999999914
21
-89.9207189999999912
0
LINE
8
BLACK
6
CONTINUOUS
10
244.2684989999999914
20
-89.9207189999999912
11
244.2990949999999941
21
-90.0745330000000024
0
LINE
8
BLACK
6
CONTINUOUS
10
244.2990949999999941
20
-90.0745330000000024
11
244.2990949999999941
21
-90.2313609999999926
0
LINE
8
BLACK
6
CONTINUOUS
10
244.2990949999999941
20
-90.2313609999999926
11
244.2684989999999914
21
-90.3851749999999896
0
LINE
8
BLACK
6
CONTINUOUS
10
244.2684989999999914
20
-90.3851749999999896
11
244.2084839999999986
21
-90.5300639999999959
0
LINE
8
BLACK
6
CONTINUOUS
10
244.2084839999999986
20
-90.5300639999999959
11
244.1213549999999941
21
-90.6604619999999954
0
LINE
8
BLACK
6
CONTINUOUS
10
244.1213549999999941
20
-90.6604619999999954
11
244.0104619999999898
21
-90.7713549999999998
0
LINE
8
BLACK
6
CONTINUOUS
10
244.0104619999999898
20
-90.7713549999999998
11
243.880063999999976
21
-90.85848399999999
0
LINE
8
BLACK
6
CONTINUOUS
10
243.880063999999976
20
-90.85848399999999
11
243.7351749999999981
21
-90.9184989999999971
0
LINE
8
BLACK
6
CONTINUOUS
10
243.7351749999999981
20
-90.9184989999999971
11
243.5813609999999869
21
-90.9490949999999998
0
LINE
8
BLACK
6
CONTINUOUS
10
243.5813609999999869
20
-90.9490949999999998
11
243.4245329999999967
21
-90.9490949999999998
0
LINE
8
BLACK
6
CONTINUOUS
10
243.4245329999999967
20
-90.9490949999999998
11
243.2707189999999855
21
-90.9184989999999971
0
LINE
8
BLACK
6
CONTINUOUS
10
243.2707189999999855
20
-90.9184989999999971
11
243.1258299999999792
21
-90.85848399999999
0
LINE
8
BLACK
6
CONTINUOUS
10
243.1258299999999792
20
-90.85848399999999
11
242.9954319999999939
21
-90.7713549999999998
0
LINE
8
BLACK
6
CONTINUOUS
10
242.9954319999999939
20
-90.7713549999999998
11
242.8845389999999895
21
-90.6604619999999954
0
LINE
8
BLACK
6
CONTINUOUS
10
242.8845389999999895
20
-90.6604619999999954
11
242.7974099999999851
21
-90.5300639999999959
0
LINE
8
BLACK
6
CONTINUOUS
10
242.7974099999999851
20
-90.5300639999999959
11
242.7373949999999923
21
-90.3851749999999896
0
LINE
8
BLACK
6
CONTINUOUS
10
242.7373949999999923
20
-90.3851749999999896
11
242.7067989999999895
21
-90.2313609999999926
0
LINE
8
BLACK
6
CONTINUOUS
10
242.7067989999999895
20
-90.2313609999999926
11
242.7067989999999895
21
-90.0745330000000024
0
LINE
8
BLACK
6
CONTINUOUS
10
242.7067989999999895
20
-90.0745330000000024
11
242.7373949999999923
21
-89.9207189999999912
0
LINE
8
BLACK
6
CONTINUOUS
10
242.7373949999999923
20
-89.9207189999999912
11
242.7974099999999851
21
-89.7758299999999991
0
LINE
8
BLACK
6
CONTINUOUS
10
242.7974099999999851
20
-89.7758299999999991
11
242.8845389999999895
21
-89.6454319999999996
0
LINE
8
BLACK
6
CONTINUOUS
10
242.8845389999999895
20
-89.6454319999999996
11
242.9954319999999939
21
-89.5345389999999952
0
LINE
8
BLACK
6
CONTINUOUS
10
242.9954319999999939
20
-89.5345389999999952
11
243.1258299999999792
21
-89.4474099999999908
0
LINE
8
BLACK
6
CONTINUOUS
10
243.1258299999999792
20
-89.4474099999999908
11
243.2707189999999855
21
-89.3873949999999979
0
LINE
8
BLACK
6
CONTINUOUS
10
243.2707189999999855
20
-89.3873949999999979
11
243.4245329999999967
21
-89.3567989999999952
0
LINE
8
BLACK
6
CONTINUOUS
10
243.4245329999999967
20
-89.3567989999999952
11
243.5813609999999869
21
-89.3567989999999952
0
LINE
8
BLACK
6
CONTINUOUS
10
243.5813609999999869
20
-89.3567989999999952
11
243.7351749999999981
21
-89.3873949999999979
0
LINE
8
BLACK
6
CONTINUOUS
10
59.1832279999999997
20
-88.8444479999999999
11
59.2207739999999987
21
-88.8599999999999994
0
LINE
8
BLACK
6
CONTINUOUS
10
59.2207739999999987
20
-88.8599999999999994
11
70.8199999999999932
21
-88.8599999999999994
0
LINE
8
BLACK
6
CONTINUOUS
10
70.8199999999999932
20
-88.8599999999999994
11
75.5949999999999989
21
-88.8599999999999994
0
LINE
8
BLACK
6
CONTINUOUS
10
75.5949999999999989
20
-88.8599999999999994
11
75.6811039999999906
21
-88.8771270000000015
0
LINE
8
BLACK
6
CONTINUOUS
10
75.6811039999999906
20
-88.8771270000000015
11
75.7540989999999965
21
-88.9259009999999961
0
LINE
8
BLACK
6
CONTINUOUS
10
75.7540989999999965
20
-88.9259009999999961
11
75.8028729999999911
21
-88.998896000000002
0
LINE
8
BLACK
6
CONTINUOUS
10
75.8028729999999911
20
-88.998896000000002
11
75.8199999999999932
21
-89.0849999999999937
0
LINE
8
BLACK
6
CONTINUOUS
10
75.8199999999999932
20
-89.0849999999999937
11
75.8199999999999932
21
-90.1349999999999909
0
LINE
8
BLACK
6
CONTINUOUS
10
75.8199999999999932
20
-90.1349999999999909
11
75.8028729999999911
21
-90.2211039999999969
0
LINE
8
BLACK
6
CONTINUOUS
10
75.8028729999999911
20
-90.2211039999999969
11
75.7540989999999965
21
-90.2940990000000028
0
LINE
8
BLACK
6
CONTINUOUS
10
75.7540989999999965
20
-90.2940990000000028
11
75.6811039999999906
21
-90.3428729999999973
0
LINE
8
BLACK
6
CONTINUOUS
10
75.6811039999999906
20
-90.3428729999999973
11
75.5949999999999989
21
-90.3599999999999994
0
LINE
8
BLACK
6
CONTINUOUS
10
75.5949999999999989
20
-90.3599999999999994
11
66.0450000000000017
21
-90.3599999999999994
0
LINE
8
BLACK
6
CONTINUOUS
10
66.0450000000000017
20
-90.3599999999999994
11
59.2207739999999987
21
-90.3599999999999994
0
LINE
8
BLACK
6
CONTINUOUS
10
59.2207739999999987
20
-90.3599999999999994
11
59.1832279999999997
21
-90.375551999999999
0
LINE
8
BLACK
6
CONTINUOUS
10
59.1832279999999997
20
-90.375551999999999
11
59.0294139999999956
21
-90.4061480000000017
0
LINE
8
BLACK
6
CONTINUOUS
10
59.0294139999999956
20
-90.4061480000000017
11
58.8725859999999983
21
-90.4061480000000017
0
LINE
8
BLACK
6
CONTINUOUS
10
58.8725859999999983
20
-90.4061480000000017
11
58.7187719999999942
21
-90.375551999999999
0
LINE
8
BLACK
6
CONTINUOUS
10
58.7187719999999942
20
-90.375551999999999
11
58.573882999999995
21
-90.315536999999992
0
LINE
8
BLACK
6
CONTINUOUS
10
58.573882999999995
20
-90.315536999999992
11
58.4434849999999955
21
-90.2284080000000017
0
LINE
8
BLACK
6
CONTINUOUS
10
58.4434849999999955
20
-90.2284080000000017
11
58.3325919999999982
21
-90.1175149999999974
0
LINE
8
BLACK
6
CONTINUOUS
10
58.3325919999999982
20
-90.1175149999999974
11
58.2454630000000009
21
-89.9871169999999978
0
LINE
8
BLACK
6
CONTINUOUS
10
58.2454630000000009
20
-89.9871169999999978
11
58.1854479999999938
21
-89.8422279999999915
0
LINE
8
BLACK
6
CONTINUOUS
10
58.1854479999999938
20
-89.8422279999999915
11
58.1548519999999982
21
-89.6884139999999945
0
LINE
8
BLACK
6
CONTINUOUS
10
58.1548519999999982
20
-89.6884139999999945
11
58.1548519999999982
21
-89.5315859999999901
0
LINE
8
BLACK
6
CONTINUOUS
10
58.1548519999999982
20
-89.5315859999999901
11
58.1854479999999938
21
-89.3777719999999931
0
LINE
8
BLACK
6
CONTINUOUS
10
58.1854479999999938
20
-89.3777719999999931
11
58.2454630000000009
21
-89.2328830000000011
0
LINE
8
BLACK
6
CONTINUOUS
10
58.2454630000000009
20
-89.2328830000000011
11
58.3325919999999982
21
-89.1024850000000015
0
LINE
8
BLACK
6
CONTINUOUS
10
58.3325919999999982
20
-89.1024850000000015
11
58.4434849999999955
21
-88.9915919999999971
0
LINE
8
BLACK
6
CONTINUOUS
10
58.4434849999999955
20
-88.9915919999999971
11
58.573882999999995
21
-88.9044629999999927
0
LINE
8
BLACK
6
CONTINUOUS
10
58.573882999999995
20
-88.9044629999999927
11
58.7187719999999942
21
-88.8444479999999999
0
LINE
8
BLACK
6
CONTINUOUS
10
58.7187719999999942
20
-88.8444479999999999
11
58.8725859999999983
21
-88.8138519999999971
0
LINE
8
BLACK
6
CONTINUOUS
10
58.8725859999999983
20
-88.8138519999999971
11
59.0294139999999956
21
-88.8138519999999971
0
LINE
8
BLACK
6
CONTINUOUS
10
59.0294139999999956
20
-88.8138519999999971
11
59.1832279999999997
21
-88.8444479999999999
0
LINE
8
BLACK
6
CONTINUOUS
10
105.6811039999999906
20
-88.8771270000000015
11
105.7540989999999965
21
-88.9259009999999961
0
LINE
8
BLACK
6
CONTINUOUS
10
105.7540989999999965
20
-88.9259009999999961
11
105.8028729999999911
21
-88.998896000000002
0
LINE
8
BLACK
6
CONTINUOUS
10
105.8028729999999911
20
-88.998896000000002
11
105.8199999999999932
21
-89.0849999999999937
0
LINE
8
BLACK
6
CONTINUOUS
10
105.8199999999999932
20
-89.0849999999999937
11
105.8199999999999932
21
-90.1349999999999909
0
LINE
8
BLACK
6
CONTINUOUS
10
105.8199999999999932
20
-90.1349999999999909
11
105.8028729999999911
21
-90.2211039999999969
0
LINE
8
BLACK
6
CONTINUOUS
10
105.8028729999999911
20
-90.2211039999999969
11
105.7540989999999965
21
-90.2940990000000028
0
LINE
8
BLACK
6
CONTINUOUS
10
105.7540989999999965
20
-90.2940990000000028
11
105.6811039999999906
21
-90.3428729999999973
0
LINE
8
BLACK
6
CONTINUOUS
10
105.6811039999999906
20
-90.3428729999999973
11
105.5949999999999989
21
-90.3599999999999994
0
LINE
8
BLACK
6
CONTINUOUS
10
105.5949999999999989
20
-90.3599999999999994
11
96.0450000000000017
21
-90.3599999999999994
0
LINE
8
BLACK
6
CONTINUOUS
10
96.0450000000000017
20
-90.3599999999999994
11
95.9588959999999958
21
-90.3428729999999973
0
LINE
8
BLACK
6
CONTINUOUS
10
95.9588959999999958
20
-90.3428729999999973
11
95.8859009999999898
21
-90.2940990000000028
0
LINE
8
BLACK
6
CONTINUOUS
10
95.8859009999999898
20
-90.2940990000000028
11
95.8371269999999953
21
-90.2211039999999969
0
LINE
8
BLACK
6
CONTINUOUS
10
95.8371269999999953
20
-90.2211039999999969
11
95.8199999999999932
21
-90.1349999999999909
0
LINE
8
BLACK
6
CONTINUOUS
10
95.8199999999999932
20
-90.1349999999999909
11
95.8199999999999932
21
-89.0849999999999937
0
LINE
8
BLACK
6
CONTINUOUS
10
95.8199999999999932
20
-89.0849999999999937
11
95.8371269999999953
21
-88.998896000000002
0
LINE
8
BLACK
6
CONTINUOUS
10
95.8371269999999953
20
-88.998896000000002
11
95.8859009999999898
21
-88.9259009999999961
0
LINE
8
BLACK
6
CONTINUOUS
10
95.8859009999999898
20
-88.9259009999999961
11
95.9588959999999958
21
-88.8771270000000015
0
LINE
8
BLACK
6
CONTINUOUS
10
95.9588959999999958
20
-88.8771270000000015
11
96.0450000000000017
21
-88.8599999999999994
0
LINE
8
BLACK
6
CONTINUOUS
10
96.0450000000000017
20
-88.8599999999999994
11
105.5949999999999989
21
-88.8599999999999994
0
LINE
8
BLACK
6
CONTINUOUS
10
105.5949999999999989
20
-88.8599999999999994
11
105.6811039999999906
21
-88.8771270000000015
0
LINE
8
BLACK
6
CONTINUOUS
10
154.501103999999998
20
-88.8771270000000015
11
154.5740989999999897
21
-88.9259009999999961
0
LINE
8
BLACK
6
CONTINUOUS
10
154.5740989999999897
20
-88.9259009999999961
11
154.6228729999999985
21
-88.998896000000002
0
LINE
8
BLACK
6
CONTINUOUS
10
154.6228729999999985
20
-88.998896000000002
11
154.6399999999999864
21
-89.0849999999999937
0
LINE
8
BLACK
6
CONTINUOUS
10
154.6399999999999864
20
-89.0849999999999937
11
154.6399999999999864
21
-90.1349999999999909
0
LINE
8
BLACK
6
CONTINUOUS
10
154.6399999999999864
20
-90.1349999999999909
11
154.6228729999999985
21
-90.2211039999999969
0
LINE
8
BLACK
6
CONTINUOUS
10
154.6228729999999985
20
-90.2211039999999969
11
154.5740989999999897
21
-90.2940990000000028
0
LINE
8
BLACK
6
CONTINUOUS
10
154.5740989999999897
20
-90.2940990000000028
11
154.501103999999998
21
-90.3428729999999973
0
LINE
8
BLACK
6
CONTINUOUS
10
154.501103999999998
20
-90.3428729999999973
11
154.414999999999992
21
-90.3599999999999994
0
LINE
8
BLACK
6
CONTINUOUS
10
154.414999999999992
20
-90.3599999999999994
11
144.8649999999999807
21
-90.3599999999999994
0
LINE
8
BLACK
6
CONTINUOUS
10
144.8649999999999807
20
-90.3599999999999994
11
144.7788960000000031
21
-90.3428729999999973
0
LINE
8
BLACK
6
CONTINUOUS
10
144.7788960000000031
20
-90.3428729999999973
11
144.705900999999983
21
-90.2940990000000028
0
LINE
8
BLACK
6
CONTINUOUS
10
144.705900999999983
20
-90.2940990000000028
11
144.6571270000000027
21
-90.2211039999999969
0
LINE
8
BLACK
6
CONTINUOUS
10
144.6571270000000027
20
-90.2211039999999969
11
144.6399999999999864
21
-90.1349999999999909
0
LINE
8
BLACK
6
CONTINUOUS
10
144.6399999999999864
20
-90.1349999999999909
11
144.6399999999999864
21
-89.0849999999999937
0
LINE
8
BLACK
6
CONTINUOUS
10
144.6399999999999864
20
-89.0849999999999937
11
144.6571270000000027
21
-88.998896000000002
0
LINE
8
BLACK
6
CONTINUOUS
10
144.6571270000000027
20
-88.998896000000002
11
144.705900999999983
21
-88.9259009999999961
0
LINE
8
BLACK
6
CONTINUOUS
10
144.705900999999983
20
-88.9259009999999961
11
144.7788960000000031
21
-88.8771270000000015
0
LINE
8
BLACK
6
CONTINUOUS
10
144.7788960000000031
20
-88.8771270000000015
11
144.8649999999999807
21
-88.8599999999999994
0
LINE
8
BLACK
6
CONTINUOUS
10
144.8649999999999807
20
-88.8599999999999994
11
154.414999999999992
21
-88.8599999999999994
0
LINE
8
BLACK
6
CONTINUOUS
10
154.414999999999992
20
-88.8599999999999994
11
154.501103999999998
21
-88.8771270000000015
0
LINE
8
BLACK
6
CONTINUOUS
10
191.9812279999999873
20
-86.5113419999999991
11
192.1261169999999936
21
-86.5713569999999919
0
LINE
8
BLACK
6
CONTINUOUS
10
192.1261169999999936
20
-86.5713569999999919
11
192.256514999999979
21
-86.6584859999999964
0
LINE
8
BLACK
6
CONTINUOUS
10
192.256514999999979
20
-86.6584859999999964
11
192.3674079999999833
21
-86.7693790000000007
0
LINE
8
BLACK
6
CONTINUOUS
10
192.3674079999999833
20
-86.7693790000000007
11
192.4545369999999878
21
-86.8997770000000003
0
LINE
8
BLACK
6
CONTINUOUS
10
192.4545369999999878
20
-86.8997770000000003
11
192.5145519999999806
21
-87.0446659999999923
0
LINE
8
BLACK
6
CONTINUOUS
10
192.5145519999999806
20
-87.0446659999999923
11
192.5451479999999833
21
-87.1984799999999893
0
LINE
8
BLACK
6
CONTINUOUS
10
192.5451479999999833
20
-87.1984799999999893
11
192.5451479999999833
21
-87.3553079999999937
0
LINE
8
BLACK
6
CONTINUOUS
10
192.5451479999999833
20
-87.3553079999999937
11
192.5145519999999806
21
-87.5091219999999907
0
LINE
8
BLACK
6
CONTINUOUS
10
192.5145519999999806
20
-87.5091219999999907
11
192.4545369999999878
21
-87.654010999999997
0
LINE
8
BLACK
6
CONTINUOUS
10
192.4545369999999878
20
-87.654010999999997
11
192.3674079999999833
21
-87.7844089999999966
0
LINE
8
BLACK
6
CONTINUOUS
10
192.3674079999999833
20
-87.7844089999999966
11
192.256514999999979
21
-87.8953020000000009
0
LINE
8
BLACK
6
CONTINUOUS
10
192.256514999999979
20
-87.8953020000000009
11
192.1261169999999936
21
-87.9824309999999912
0
LINE
8
BLACK
6
CONTINUOUS
10
192.1261169999999936
20
-87.9824309999999912
11
192.0885700000000043
21
-87.9979829999999907
0
LINE
8
BLACK
6
CONTINUOUS
10
192.0885700000000043
20
-87.9979829999999907
11
189.9462240000000008
21
-90.1403299999999916
0
LINE
8
BLACK
6
CONTINUOUS
10
189.9462240000000008
20
-90.1403299999999916
11
189.8916889999999853
21
-90.1897579999999977
0
LINE
8
BLACK
6
CONTINUOUS
10
189.8916889999999853
20
-90.1897579999999977
11
189.769441999999998
21
-90.2714409999999958
0
LINE
8
BLACK
6
CONTINUOUS
10
189.769441999999998
20
-90.2714409999999958
11
189.7147399999999777
21
-90.2940990000000028
0
LINE
8
BLACK
6
CONTINUOUS
10
189.7147399999999777
20
-90.2940990000000028
11
189.6336069999999836
21
-90.3277059999999921
0
LINE
8
BLACK
6
CONTINUOUS
10
189.6336069999999836
20
-90.3277059999999921
11
189.4894069999999999
21
-90.356388999999993
0
LINE
8
BLACK
6
CONTINUOUS
10
189.4894069999999999
20
-90.356388999999993
11
189.4158939999999802
21
-90.3599999999999994
0
LINE
8
BLACK
6
CONTINUOUS
10
189.4158939999999802
20
-90.3599999999999994
11
179.6399999999999864
21
-90.3599999999999994
0
LINE
8
BLACK
6
CONTINUOUS
10
179.6399999999999864
20
-90.3599999999999994
11
174.8649999999999807
21
-90.3599999999999994
0
LINE
8
BLACK
6
CONTINUOUS
10
174.8649999999999807
20
-90.3599999999999994
11
174.7788960000000031
21
-90.3428729999999973
0
LINE
8
BLACK
6
CONTINUOUS
10
174.7788960000000031
20
-90.3428729999999973
11
174.705900999999983
21
-90.2940990000000028
0
LINE
8
BLACK
6
CONTINUOUS
10
174.705900999999983
20
-90.2940990000000028
11
174.6571270000000027
21
-90.2211039999999969
0
LINE
8
BLACK
6
CONTINUOUS
10
174.6571270000000027
20
-90.2211039999999969
11
174.6399999999999864
21
-90.1349999999999909
0
LINE
8
BLACK
6
CONTINUOUS
10
174.6399999999999864
20
-90.1349999999999909
11
174.6399999999999864
21
-89.0849999999999937
0
LINE
8
BLACK
6
CONTINUOUS
10
174.6399999999999864
20
-89.0849999999999937
11
174.6571270000000027
21
-88.998896000000002
0
LINE
8
BLACK
6
CONTINUOUS
10
174.6571270000000027
20
-88.998896000000002
11
174.705900999999983
21
-88.9259009999999961
0
LINE
8
BLACK
6
CONTINUOUS
10
174.705900999999983
20
-88.9259009999999961
11
174.7788960000000031
21
-88.8771270000000015
0
LINE
8
BLACK
6
CONTINUOUS
10
174.7788960000000031
20
-88.8771270000000015
11
174.8649999999999807
21
-88.8599999999999994
0
LINE
8
BLACK
6
CONTINUOUS
10
174.8649999999999807
20
-88.8599999999999994
11
184.414999999999992
21
-88.8599999999999994
0
LINE
8
BLACK
6
CONTINUOUS
10
184.414999999999992
20
-88.8599999999999994
11
189.1052339999999958
21
-88.8599999999999994
0
LINE
8
BLACK
6
CONTINUOUS
10
189.1052339999999958
20
-88.8599999999999994
11
191.0279099999999914
21
-86.9373229999999921
0
LINE
8
BLACK
6
CONTINUOUS
10
191.0279099999999914
20
-86.9373229999999921
11
191.0434630000000027
21
-86.8997770000000003
0
LINE
8
BLACK
6
CONTINUOUS
10
191.0434630000000027
20
-86.8997770000000003
11
191.1305919999999787
21
-86.7693790000000007
0
LINE
8
BLACK
6
CONTINUOUS
10
191.1305919999999787
20
-86.7693790000000007
11
191.2414849999999831
21
-86.6584859999999964
0
LINE
8
BLACK
6
CONTINUOUS
10
191.2414849999999831
20
-86.6584859999999964
11
191.3718829999999969
21
-86.5713569999999919
0
LINE
8
BLACK
6
CONTINUOUS
10
191.3718829999999969
20
-86.5713569999999919
11
191.5167720000000031
21
-86.5113419999999991
0
LINE
8
BLACK
6
CONTINUOUS
10
191.5167720000000031
20
-86.5113419999999991
11
191.6705859999999859
21
-86.4807459999999963
0
LINE
8
BLACK
6
CONTINUOUS
10
191.6705859999999859
20
-86.4807459999999963
11
191.8274140000000045
21
-86.4807459999999963
0
LINE
8
BLACK
6
CONTINUOUS
10
191.8274140000000045
20
-86.4807459999999963
11
191.9812279999999873
21
-86.5113419999999991
0
LINE
8
BLACK
6
CONTINUOUS
10
230.7011039999999866
20
-88.257126999999997
11
230.7740989999999783
21
-88.3059009999999915
0
LINE
8
BLACK
6
CONTINUOUS
10
230.7740989999999783
20
-88.3059009999999915
11
230.8228729999999871
21
-88.3788959999999975
0
LINE
8
BLACK
6
CONTINUOUS
10
230.8228729999999871
20
-88.3788959999999975
11
230.8400000000000034
21
-88.4649999999999892
0
LINE
8
BLACK
6
CONTINUOUS
10
230.8400000000000034
20
-88.4649999999999892
11
230.8400000000000034
21
-89.5150000000000006
0
LINE
8
BLACK
6
CONTINUOUS
10
230.8400000000000034
20
-89.5150000000000006
11
230.8228729999999871
21
-89.6011039999999923
0
LINE
8
BLACK
6
CONTINUOUS
10
230.8228729999999871
20
-89.6011039999999923
11
230.7740989999999783
21
-89.6740989999999982
0
LINE
8
BLACK
6
CONTINUOUS
10
230.7740989999999783
20
-89.6740989999999982
11
230.7011039999999866
21
-89.7228729999999928
0
LINE
8
BLACK
6
CONTINUOUS
10
230.7011039999999866
20
-89.7228729999999928
11
230.6149999999999807
21
-89.7399999999999949
0
LINE
8
BLACK
6
CONTINUOUS
10
230.6149999999999807
20
-89.7399999999999949
11
221.0649999999999977
21
-89.7399999999999949
0
LINE
8
BLACK
6
CONTINUOUS
10
221.0649999999999977
20
-89.7399999999999949
11
220.9788959999999918
21
-89.7228729999999928
0
LINE
8
BLACK
6
CONTINUOUS
10
220.9788959999999918
20
-89.7228729999999928
11
220.9059010000000001
21
-89.6740989999999982
0
LINE
8
BLACK
6
CONTINUOUS
10
220.9059010000000001
20
-89.6740989999999982
11
220.8571269999999913
21
-89.6011039999999923
0
LINE
8
BLACK
6
CONTINUOUS
10
220.8571269999999913
20
-89.6011039999999923
11
220.8400000000000034
21
-89.5150000000000006
0
LINE
8
BLACK
6
CONTINUOUS
10
220.8400000000000034
20
-89.5150000000000006
11
220.8400000000000034
21
-88.4649999999999892
0
LINE
8
BLACK
6
CONTINUOUS
10
220.8400000000000034
20
-88.4649999999999892
11
220.8571269999999913
21
-88.3788959999999975
0
LINE
8
BLACK
6
CONTINUOUS
10
220.8571269999999913
20
-88.3788959999999975
11
220.9059010000000001
21
-88.3059009999999915
0
LINE
8
BLACK
6
CONTINUOUS
10
220.9059010000000001
20
-88.3059009999999915
11
220.9788959999999918
21
-88.257126999999997
0
LINE
8
BLACK
6
CONTINUOUS
10
220.9788959999999918
20
-88.257126999999997
11
221.0649999999999977
21
-88.2399999999999949
0
LINE
8
BLACK
6
CONTINUOUS
10
221.0649999999999977
20
-88.2399999999999949
11
230.6149999999999807
21
-88.2399999999999949
0
LINE
8
BLACK
6
CONTINUOUS
10
230.6149999999999807
20
-88.2399999999999949
11
230.7011039999999866
21
-88.257126999999997
0
LINE
8
BLACK
6
CONTINUOUS
10
75.6811039999999906
20
-86.3371269999999953
11
75.7540989999999965
21
-86.3859009999999898
0
LINE
8
BLACK
6
CONTINUOUS
10
75.7540989999999965
20
-86.3859009999999898
11
75.8028729999999911
21
-86.4588959999999958
0
LINE
8
BLACK
6
CONTINUOUS
10
75.8028729999999911
20
-86.4588959999999958
11
75.8199999999999932
21
-86.5450000000000017
0
LINE
8
BLACK
6
CONTINUOUS
10
75.8199999999999932
20
-86.5450000000000017
11
75.8199999999999932
21
-87.5949999999999989
0
LINE
8
BLACK
6
CONTINUOUS
10
75.8199999999999932
20
-87.5949999999999989
11
75.8028729999999911
21
-87.6811039999999906
0
LINE
8
BLACK
6
CONTINUOUS
10
75.8028729999999911
20
-87.6811039999999906
11
75.7540989999999965
21
-87.7540989999999965
0
LINE
8
BLACK
6
CONTINUOUS
10
75.7540989999999965
20
-87.7540989999999965
11
75.6811039999999906
21
-87.8028729999999911
0
LINE
8
BLACK
6
CONTINUOUS
10
75.6811039999999906
20
-87.8028729999999911
11
75.5949999999999989
21
-87.8199999999999932
0
LINE
8
BLACK
6
CONTINUOUS
10
75.5949999999999989
20
-87.8199999999999932
11
66.0450000000000017
21
-87.8199999999999932
0
LINE
8
BLACK
6
CONTINUOUS
10
66.0450000000000017
20
-87.8199999999999932
11
65.9588959999999958
21
-87.8028729999999911
0
LINE
8
BLACK
6
CONTINUOUS
10
65.9588959999999958
20
-87.8028729999999911
11
65.885901000000004
21
-87.7540989999999965
0
LINE
8
BLACK
6
CONTINUOUS
10
65.885901000000004
20
-87.7540989999999965
11
65.8371269999999953
21
-87.6811039999999906
0
LINE
8
BLACK
6
CONTINUOUS
10
65.8371269999999953
20
-87.6811039999999906
11
65.8199999999999932
21
-87.5949999999999989
0
LINE
8
BLACK
6
CONTINUOUS
10
65.8199999999999932
20
-87.5949999999999989
11
65.8199999999999932
21
-86.5450000000000017
0
LINE
8
BLACK
6
CONTINUOUS
10
65.8199999999999932
20
-86.5450000000000017
11
65.8371269999999953
21
-86.4588959999999958
0
LINE
8
BLACK
6
CONTINUOUS
10
65.8371269999999953
20
-86.4588959999999958
11
65.885901000000004
21
-86.3859009999999898
0
LINE
8
BLACK
6
CONTINUOUS
10
65.885901000000004
20
-86.3859009999999898
11
65.9588959999999958
21
-86.3371269999999953
0
LINE
8
BLACK
6
CONTINUOUS
10
65.9588959999999958
20
-86.3371269999999953
11
66.0450000000000017
21
-86.3199999999999932
0
LINE
8
BLACK
6
CONTINUOUS
10
66.0450000000000017
20
-86.3199999999999932
11
75.5949999999999989
21
-86.3199999999999932
0
LINE
8
BLACK
6
CONTINUOUS
10
75.5949999999999989
20
-86.3199999999999932
11
75.6811039999999906
21
-86.3371269999999953
0
LINE
8
BLACK
6
CONTINUOUS
10
105.6811039999999906
20
-86.3371269999999953
11
105.7540989999999965
21
-86.3859009999999898
0
LINE
8
BLACK
6
CONTINUOUS
10
105.7540989999999965
20
-86.3859009999999898
11
105.8028729999999911
21
-86.4588959999999958
0
LINE
8
BLACK
6
CONTINUOUS
10
105.8028729999999911
20
-86.4588959999999958
11
105.8199999999999932
21
-86.5450000000000017
0
LINE
8
BLACK
6
CONTINUOUS
10
105.8199999999999932
20
-86.5450000000000017
11
105.8199999999999932
21
-87.5949999999999989
0
LINE
8
BLACK
6
CONTINUOUS
10
105.8199999999999932
20
-87.5949999999999989
11
105.8028729999999911
21
-87.6811039999999906
0
LINE
8
BLACK
6
CONTINUOUS
10
105.8028729999999911
20
-87.6811039999999906
11
105.7540989999999965
21
-87.7540989999999965
0
LINE
8
BLACK
6
CONTINUOUS
10
105.7540989999999965
20
-87.7540989999999965
11
105.6811039999999906
21
-87.8028729999999911
0
LINE
8
BLACK
6
CONTINUOUS
10
105.6811039999999906
20
-87.8028729999999911
11
105.5949999999999989
21
-87.8199999999999932
0
LINE
8
BLACK
6
CONTINUOUS
10
105.5949999999999989
20
-87.8199999999999932
11
96.0450000000000017
21
-87.8199999999999932
0
LINE
8
BLACK
6
CONTINUOUS
10
96.0450000000000017
20
-87.8199999999999932
11
95.9588959999999958
21
-87.8028729999999911
0
LINE
8
BLACK
6
CONTINUOUS
10
95.9588959999999958
20
-87.8028729999999911
11
95.8859009999999898
21
-87.7540989999999965
0
LINE
8
BLACK
6
CONTINUOUS
10
95.8859009999999898
20
-87.7540989999999965
11
95.8371269999999953
21
-87.6811039999999906
0
LINE
8
BLACK
6
CONTINUOUS
10
95.8371269999999953
20
-87.6811039999999906
11
95.8199999999999932
21
-87.5949999999999989
0
LINE
8
BLACK
6
CONTINUOUS
10
95.8199999999999932
20
-87.5949999999999989
11
95.8199999999999932
21
-86.5450000000000017
0
LINE
8
BLACK
6
CONTINUOUS
10
95.8199999999999932
20
-86.5450000000000017
11
95.8371269999999953
21
-86.4588959999999958
0
LINE
8
BLACK
6
CONTINUOUS
10
95.8371269999999953
20
-86.4588959999999958
11
95.8859009999999898
21
-86.3859009999999898
0
LINE
8
BLACK
6
CONTINUOUS
10
95.8859009999999898
20
-86.3859009999999898
11
95.9588959999999958
21
-86.3371269999999953
0
LINE
8
BLACK
6
CONTINUOUS
10
95.9588959999999958
20
-86.3371269999999953
11
96.0450000000000017
21
-86.3199999999999932
0
LINE
8
BLACK
6
CONTINUOUS
10
96.0450000000000017
20
-86.3199999999999932
11
105.5949999999999989
21
-86.3199999999999932
0
LINE
8
BLACK
6
CONTINUOUS
10
105.5949999999999989
20
-86.3199999999999932
11
105.6811039999999906
21
-86.3371269999999953
0
LINE
8
BLACK
6
CONTINUOUS
10
154.501103999999998
20
-86.3371269999999953
11
154.5740989999999897
21
-86.3859009999999898
0
LINE
8
BLACK
6
CONTINUOUS
10
154.5740989999999897
20
-86.3859009999999898
11
154.6228729999999985
21
-86.4588959999999958
0
LINE
8
BLACK
6
CONTINUOUS
10
154.6228729999999985
20
-86.4588959999999958
11
154.6399999999999864
21
-86.5450000000000017
0
LINE
8
BLACK
6
CONTINUOUS
10
154.6399999999999864
20
-86.5450000000000017
11
154.6399999999999864
21
-87.5949999999999989
0
LINE
8
BLACK
6
CONTINUOUS
10
154.6399999999999864
20
-87.5949999999999989
11
154.6228729999999985
21
-87.6811039999999906
0
LINE
8
BLACK
6
CONTINUOUS
10
154.6228729999999985
20
-87.6811039999999906
11
154.5740989999999897
21
-87.7540989999999965
0
LINE
8
BLACK
6
CONTINUOUS
10
154.5740989999999897
20
-87.7540989999999965
11
154.501103999999998
21
-87.8028729999999911
0
LINE
8
BLACK
6
CONTINUOUS
10
154.501103999999998
20
-87.8028729999999911
11
154.414999999999992
21
-87.8199999999999932
0
LINE
8
BLACK
6
CONTINUOUS
10
154.414999999999992
20
-87.8199999999999932
11
144.8649999999999807
21
-87.8199999999999932
0
LINE
8
BLACK
6
CONTINUOUS
10
144.8649999999999807
20
-87.8199999999999932
11
144.7788960000000031
21
-87.8028729999999911
0
LINE
8
BLACK
6
CONTINUOUS
10
144.7788960000000031
20
-87.8028729999999911
11
144.705900999999983
21
-87.7540989999999965
0
LINE
8
BLACK
6
CONTINUOUS
10
144.705900999999983
20
-87.7540989999999965
11
144.6571270000000027
21
-87.6811039999999906
0
LINE
8
BLACK
6
CONTINUOUS
10
144.6571270000000027
20
-87.6811039999999906
11
144.6399999999999864
21
-87.5949999999999989
0
LINE
8
BLACK
6
CONTINUOUS
10
144.6399999999999864
20
-87.5949999999999989
11
144.6399999999999864
21
-86.5450000000000017
0
LINE
8
BLACK
6
CONTINUOUS
10
144.6399999999999864
20
-86.5450000000000017
11
144.6571270000000027
21
-86.4588959999999958
0
LINE
8
BLACK
6
CONTINUOUS
10
144.6571270000000027
20
-86.4588959999999958
11
144.705900999999983
21
-86.3859009999999898
0
LINE
8
BLACK
6
CONTINUOUS
10
144.705900999999983
20
-86.3859009999999898
11
144.7788960000000031
21
-86.3371269999999953
0
LINE
8
BLACK
6
CONTINUOUS
10
144.7788960000000031
20
-86.3371269999999953
11
144.8649999999999807
21
-86.3199999999999932
0
LINE
8
BLACK
6
CONTINUOUS
10
144.8649999999999807
20
-86.3199999999999932
11
154.414999999999992
21
-86.3199999999999932
0
LINE
8
BLACK
6
CONTINUOUS
10
154.414999999999992
20
-86.3199999999999932
11
154.501103999999998
21
-86.3371269999999953
0
LINE
8
BLACK
6
CONTINUOUS
10
184.501103999999998
20
-86.3371269999999953
11
184.5740989999999897
21
-86.3859009999999898
0
LINE
8
BLACK
6
CONTINUOUS
10
184.5740989999999897
20
-86.3859009999999898
11
184.6228729999999985
21
-86.4588959999999958
0
LINE
8
BLACK
6
CONTINUOUS
10
184.6228729999999985
20
-86.4588959999999958
11
184.6399999999999864
21
-86.5450000000000017
0
LINE
8
BLACK
6
CONTINUOUS
10
184.6399999999999864
20
-86.5450000000000017
11
184.6399999999999864
21
-87.5949999999999989
0
LINE
8
BLACK
6
CONTINUOUS
10
184.6399999999999864
20
-87.5949999999999989
11
184.6228729999999985
21
-87.6811039999999906
0
LINE
8
BLACK
6
CONTINUOUS
10
184.6228729999999985
20
-87.6811039999999906
11
184.5740989999999897
21
-87.7540989999999965
0
LINE
8
BLACK
6
CONTINUOUS
10
184.5740989999999897
20
-87.7540989999999965
11
184.501103999999998
21
-87.8028729999999911
0
LINE
8
BLACK
6
CONTINUOUS
10
184.501103999999998
20
-87.8028729999999911
11
184.414999999999992
21
-87.8199999999999932
0
LINE
8
BLACK
6
CONTINUOUS
10
184.414999999999992
20
-87.8199999999999932
11
174.8649999999999807
21
-87.8199999999999932
0
LINE
8
BLACK
6
CONTINUOUS
10
174.8649999999999807
20
-87.8199999999999932
11
174.7788960000000031
21
-87.8028729999999911
0
LINE
8
BLACK
6
CONTINUOUS
10
174.7788960000000031
20
-87.8028729999999911
11
174.705900999999983
21
-87.7540989999999965
0
LINE
8
BLACK
6
CONTINUOUS
10
174.705900999999983
20
-87.7540989999999965
11
174.6571270000000027
21
-87.6811039999999906
0
LINE
8
BLACK
6
CONTINUOUS
10
174.6571270000000027
20
-87.6811039999999906
11
174.6399999999999864
21
-87.5949999999999989
0
LINE
8
BLACK
6
CONTINUOUS
10
174.6399999999999864
20
-87.5949999999999989
11
174.6399999999999864
21
-86.5450000000000017
0
LINE
8
BLACK
6
CONTINUOUS
10
174.6399999999999864
20
-86.5450000000000017
11
174.6571270000000027
21
-86.4588959999999958
0
LINE
8
BLACK
6
CONTINUOUS
10
174.6571270000000027
20
-86.4588959999999958
11
174.705900999999983
21
-86.3859009999999898
0
LINE
8
BLACK
6
CONTINUOUS
10
174.705900999999983
20
-86.3859009999999898
11
174.7788960000000031
21
-86.3371269999999953
0
LINE
8
BLACK
6
CONTINUOUS
10
174.7788960000000031
20
-86.3371269999999953
11
174.8649999999999807
21
-86.3199999999999932
0
LINE
8
BLACK
6
CONTINUOUS
10
174.8649999999999807
20
-86.3199999999999932
11
184.414999999999992
21
-86.3199999999999932
0
LINE
8
BLACK
6
CONTINUOUS
10
184.414999999999992
20
-86.3199999999999932
11
184.501103999999998
21
-86.3371269999999953
0
LINE
8
BLACK
6
CONTINUOUS
10
230.7011039999999866
20
-85.7171269999999907
11
230.7740989999999783
21
-85.7659009999999995
0
LINE
8
BLACK
6
CONTINUOUS
10
230.7740989999999783
20
-85.7659009999999995
11
230.8228729999999871
21
-85.8388959999999912
0
LINE
8
BLACK
6
CONTINUOUS
10
230.8228729999999871
20
-85.8388959999999912
11
230.8400000000000034
21
-85.9249999999999972
0
LINE
8
BLACK
6
CONTINUOUS
10
230.8400000000000034
20
-85.9249999999999972
11
230.8400000000000034
21
-86.9749999999999943
0
LINE
8
BLACK
6
CONTINUOUS
10
230.8400000000000034
20
-86.9749999999999943
11
230.8228729999999871
21
-87.0611040000000003
0
LINE
8
BLACK
6
CONTINUOUS
10
230.8228729999999871
20
-87.0611040000000003
11
230.7740989999999783
21
-87.134098999999992
0
LINE
8
BLACK
6
CONTINUOUS
10
230.7740989999999783
20
-87.134098999999992
11
230.7011039999999866
21
-87.1828730000000007
0
LINE
8
BLACK
6
CONTINUOUS
10
230.7011039999999866
20
-87.1828730000000007
11
230.6149999999999807
21
-87.2000000000000028
0
LINE
8
BLACK
6
CONTINUOUS
10
230.6149999999999807
20
-87.2000000000000028
11
221.0649999999999977
21
-87.2000000000000028
0
LINE
8
BLACK
6
CONTINUOUS
10
221.0649999999999977
20
-87.2000000000000028
11
220.9788959999999918
21
-87.1828730000000007
0
LINE
8
BLACK
6
CONTINUOUS
10
220.9788959999999918
20
-87.1828730000000007
11
220.9059010000000001
21
-87.134098999999992
0
LINE
8
BLACK
6
CONTINUOUS
10
220.9059010000000001
20
-87.134098999999992
11
220.8571269999999913
21
-87.0611040000000003
0
LINE
8
BLACK
6
CONTINUOUS
10
220.8571269999999913
20
-87.0611040000000003
11
220.8400000000000034
21
-86.9749999999999943
0
LINE
8
BLACK
6
CONTINUOUS
10
220.8400000000000034
20
-86.9749999999999943
11
220.8400000000000034
21
-85.9249999999999972
0
LINE
8
BLACK
6
CONTINUOUS
10
220.8400000000000034
20
-85.9249999999999972
11
220.8571269999999913
21
-85.8388959999999912
0
LINE
8
BLACK
6
CONTINUOUS
10
220.8571269999999913
20
-85.8388959999999912
11
220.9059010000000001
21
-85.7659009999999995
0
LINE
8
BLACK
6
CONTINUOUS
10
220.9059010000000001
20
-85.7659009999999995
11
220.9788959999999918
21
-85.7171269999999907
0
LINE
8
BLACK
6
CONTINUOUS
10
220.9788959999999918
20
-85.7171269999999907
11
221.0649999999999977
21
-85.7000000000000028
0
LINE
8
BLACK
6
CONTINUOUS
10
221.0649999999999977
20
-85.7000000000000028
11
230.6149999999999807
21
-85.7000000000000028
0
LINE
8
BLACK
6
CONTINUOUS
10
230.6149999999999807
20
-85.7000000000000028
11
230.7011039999999866
21
-85.7171269999999907
0
LINE
8
BLACK
6
CONTINUOUS
10
188.1786929999999813
20
-51.4426109999999994
11
188.3228929999999934
21
-51.4712940000000003
0
LINE
8
BLACK
6
CONTINUOUS
10
188.3228929999999934
20
-51.4712940000000003
11
188.4024629999999831
21
-51.5042529999999985
0
LINE
8
BLACK
6
CONTINUOUS
10
188.4024629999999831
20
-51.5042529999999985
11
188.4587279999999794
21
-51.5275589999999966
0
LINE
8
BLACK
6
CONTINUOUS
10
188.4587279999999794
20
-51.5275589999999966
11
188.523130999999978
21
-51.5705919999999978
0
LINE
8
BLACK
6
CONTINUOUS
10
188.523130999999978
20
-51.5705919999999978
11
188.5809749999999951
21
-51.6092419999999947
0
LINE
8
BLACK
6
CONTINUOUS
10
188.5809749999999951
20
-51.6092419999999947
11
188.6355099999999823
21
-51.6586700000000008
0
LINE
8
BLACK
6
CONTINUOUS
10
188.6355099999999823
20
-51.6586700000000008
11
196.8813299999999913
21
-59.9044910000000002
0
LINE
8
BLACK
6
CONTINUOUS
10
196.8813299999999913
20
-59.9044910000000002
11
196.9307579999999973
21
-59.9590259999999944
0
LINE
8
BLACK
6
CONTINUOUS
10
196.9307579999999973
20
-59.9590259999999944
11
197.0124409999999955
21
-60.0812729999999959
0
LINE
8
BLACK
6
CONTINUOUS
10
197.0124409999999955
20
-60.0812729999999959
11
197.0687049999999942
21
-60.2171069999999986
0
LINE
8
BLACK
6
CONTINUOUS
10
197.0687049999999942
20
-60.2171069999999986
11
197.0973889999999926
21
-60.361307999999994
0
LINE
8
BLACK
6
CONTINUOUS
10
197.0973889999999926
20
-60.361307999999994
11
197.1009999999999991
21
-60.4348209999999995
0
LINE
8
BLACK
6
CONTINUOUS
10
197.1009999999999991
20
-60.4348209999999995
11
197.1009999999999991
21
-82.4326399999999921
0
LINE
8
BLACK
6
CONTINUOUS
10
197.1009999999999991
20
-82.4326399999999921
11
197.1155519999999797
21
-82.4677719999999965
0
LINE
8
BLACK
6
CONTINUOUS
10
197.1155519999999797
20
-82.4677719999999965
11
197.1461479999999824
21
-82.6215859999999935
0
LINE
8
BLACK
6
CONTINUOUS
10
197.1461479999999824
20
-82.6215859999999935
11
197.1461479999999824
21
-82.7784139999999979
0
LINE
8
BLACK
6
CONTINUOUS
10
197.1461479999999824
20
-82.7784139999999979
11
197.1155519999999797
21
-82.9322279999999949
0
LINE
8
BLACK
6
CONTINUOUS
10
197.1155519999999797
20
-82.9322279999999949
11
197.0555369999999868
21
-83.0771170000000012
0
LINE
8
BLACK
6
CONTINUOUS
10
197.0555369999999868
20
-83.0771170000000012
11
196.9684079999999824
21
-83.2075150000000008
0
LINE
8
BLACK
6
CONTINUOUS
10
196.9684079999999824
20
-83.2075150000000008
11
196.857514999999978
21
-83.3184079999999909
0
LINE
8
BLACK
6
CONTINUOUS
10
196.857514999999978
20
-83.3184079999999909
11
196.7271169999999927
21
-83.4055369999999954
0
LINE
8
BLACK
6
CONTINUOUS
10
196.7271169999999927
20
-83.4055369999999954
11
196.5822279999999864
21
-83.4655520000000024
0
LINE
8
BLACK
6
CONTINUOUS
10
196.5822279999999864
20
-83.4655520000000024
11
196.4284140000000036
21
-83.4961479999999909
0
LINE
8
BLACK
6
CONTINUOUS
10
196.4284140000000036
20
-83.4961479999999909
11
196.271585999999985
21
-83.4961479999999909
0
LINE
8
BLACK
6
CONTINUOUS
10
196.271585999999985
20
-83.4961479999999909
11
196.1177720000000022
21
-83.4655520000000024
0
LINE
8
BLACK
6
CONTINUOUS
10
196.1177720000000022
20
-83.4655520000000024
11
195.9728829999999959
21
-83.4055369999999954
0
LINE
8
BLACK
6
CONTINUOUS
10
195.9728829999999959
20
-83.4055369999999954
11
195.8424849999999822
21
-83.3184079999999909
0
LINE
8
BLACK
6
CONTINUOUS
10
195.8424849999999822
20
-83.3184079999999909
11
195.7315919999999778
21
-83.2075150000000008
0
LINE
8
BLACK
6
CONTINUOUS
10
195.7315919999999778
20
-83.2075150000000008
11
195.6444630000000018
21
-83.0771170000000012
0
LINE
8
BLACK
6
CONTINUOUS
10
195.6444630000000018
20
-83.0771170000000012
11
195.5844479999999805
21
-82.9322279999999949
0
LINE
8
BLACK
6
CONTINUOUS
10
195.5844479999999805
20
-82.9322279999999949
11
195.5538519999999778
21
-82.7784139999999979
0
LINE
8
BLACK
6
CONTINUOUS
10
195.5538519999999778
20
-82.7784139999999979
11
195.5538519999999778
21
-82.6215859999999935
0
LINE
8
BLACK
6
CONTINUOUS
10
195.5538519999999778
20
-82.6215859999999935
11
195.5844479999999805
21
-82.4677719999999965
0
LINE
8
BLACK
6
CONTINUOUS
10
195.5844479999999805
20
-82.4677719999999965
11
195.6009999999999991
21
-82.4278109999999913
0
LINE
8
BLACK
6
CONTINUOUS
10
195.6009999999999991
20
-82.4278109999999913
11
195.6009999999999991
21
-60.7454800000000006
0
LINE
8
BLACK
6
CONTINUOUS
10
195.6009999999999991
20
-60.7454800000000006
11
187.7945200000000057
21
-52.9390000000000001
0
LINE
8
BLACK
6
CONTINUOUS
10
187.7945200000000057
20
-52.9390000000000001
11
62.6654809999999998
21
-52.9390000000000001
0
LINE
8
BLACK
6
CONTINUOUS
10
62.6654809999999998
20
-52.9390000000000001
11
55.0090000000000003
21
-60.5954799999999949
0
LINE
8
BLACK
6
CONTINUOUS
10
55.0090000000000003
20
-60.5954799999999949
11
55.0090000000000003
21
-85.9082009999999912
0
LINE
8
BLACK
6
CONTINUOUS
10
55.0090000000000003
20
-85.9082009999999912
11
55.0455369999999959
21
-85.9628829999999908
0
LINE
8
BLACK
6
CONTINUOUS
10
55.0455369999999959
20
-85.9628829999999908
11
55.1055519999999959
21
-86.1077719999999971
0
LINE
8
BLACK
6
CONTINUOUS
10
55.1055519999999959
20
-86.1077719999999971
11
55.1361479999999986
21
-86.2615859999999941
0
LINE
8
BLACK
6
CONTINUOUS
10
55.1361479999999986
20
-86.2615859999999941
11
55.1361479999999986
21
-86.4184139999999985
0
LINE
8
BLACK
6
CONTINUOUS
10
55.1361479999999986
20
-86.4184139999999985
11
55.1055519999999959
21
-86.5722279999999955
0
LINE
8
BLACK
6
CONTINUOUS
10
55.1055519999999959
20
-86.5722279999999955
11
55.0455369999999959
21
-86.7171170000000018
0
LINE
8
BLACK
6
CONTINUOUS
10
55.0455369999999959
20
-86.7171170000000018
11
54.9584079999999986
21
-86.8475150000000014
0
LINE
8
BLACK
6
CONTINUOUS
10
54.9584079999999986
20
-86.8475150000000014
11
54.8475149999999942
21
-86.9584079999999915
0
LINE
8
BLACK
6
CONTINUOUS
10
54.8475149999999942
20
-86.9584079999999915
11
54.7171169999999947
21
-87.0455369999999959
0
LINE
8
BLACK
6
CONTINUOUS
10
54.7171169999999947
20
-87.0455369999999959
11
54.5722279999999955
21
-87.105552000000003
0
LINE
8
BLACK
6
CONTINUOUS
10
54.5722279999999955
20
-87.105552000000003
11
54.4184139999999985
21
-87.1361479999999915
0
LINE
8
BLACK
6
CONTINUOUS
10
54.4184139999999985
20
-87.1361479999999915
11
54.2615859999999941
21
-87.1361479999999915
0
LINE
8
BLACK
6
CONTINUOUS
10
54.2615859999999941
20
-87.1361479999999915
11
54.1077719999999971
21
-87.105552000000003
0
LINE
8
BLACK
6
CONTINUOUS
10
54.1077719999999971
20
-87.105552000000003
11
53.9628829999999979
21
-87.0455369999999959
0
LINE
8
BLACK
6
CONTINUOUS
10
53.9628829999999979
20
-87.0455369999999959
11
53.8324849999999984
21
-86.9584079999999915
0
LINE
8
BLACK
6
CONTINUOUS
10
53.8324849999999984
20
-86.9584079999999915
11
53.7215920000000011
21
-86.8475150000000014
0
LINE
8
BLACK
6
CONTINUOUS
10
53.7215920000000011
20
-86.8475150000000014
11
53.6344629999999967
21
-86.7171170000000018
0
LINE
8
BLACK
6
CONTINUOUS
10
53.6344629999999967
20
-86.7171170000000018
11
53.5744479999999967
21
-86.5722279999999955
0
LINE
8
BLACK
6
CONTINUOUS
10
53.5744479999999967
20
-86.5722279999999955
11
53.5685250000000011
21
-86.5424549999999897
0
LINE
8
BLACK
6
CONTINUOUS
10
53.5685250000000011
20
-86.5424549999999897
11
53.5429649999999953
21
-86.4807459999999963
0
LINE
8
BLACK
6
CONTINUOUS
10
53.5429649999999953
20
-86.4807459999999963
11
53.5412940000000006
21
-86.4767129999999895
0
LINE
8
BLACK
6
CONTINUOUS
10
53.5412940000000006
20
-86.4767129999999895
11
53.5126109999999997
21
-86.3325129999999916
0
LINE
8
BLACK
6
CONTINUOUS
10
53.5126109999999997
20
-86.3325129999999916
11
53.5090000000000003
21
-86.2590000000000003
0
LINE
8
BLACK
6
CONTINUOUS
10
53.5090000000000003
20
-86.2590000000000003
11
53.5090000000000003
21
-60.2848199999999963
0
LINE
8
BLACK
6
CONTINUOUS
10
53.5090000000000003
20
-60.2848199999999963
11
53.5126109999999997
21
-60.2113069999999979
0
LINE
8
BLACK
6
CONTINUOUS
10
53.5126109999999997
20
-60.2113069999999979
11
53.5264339999999947
21
-60.141814999999994
0
LINE
8
BLACK
6
CONTINUOUS
10
53.5264339999999947
20
-60.141814999999994
11
53.5412940000000006
21
-60.067107
0
LINE
8
BLACK
6
CONTINUOUS
10
53.5412940000000006
20
-60.067107
11
53.5860629999999958
21
-59.9590259999999944
0
LINE
8
BLACK
6
CONTINUOUS
10
53.5860629999999958
20
-59.9590259999999944
11
53.5975589999999968
21
-59.9312719999999999
0
LINE
8
BLACK
6
CONTINUOUS
10
53.5975589999999968
20
-59.9312719999999999
11
53.679241999999995
21
-59.8090249999999983
0
LINE
8
BLACK
6
CONTINUOUS
10
53.679241999999995
20
-59.8090249999999983
11
53.728670000000001
21
-59.754489999999997
0
LINE
8
BLACK
6
CONTINUOUS
10
53.728670000000001
20
-59.754489999999997
11
61.8244909999999948
21
-51.6586700000000008
0
LINE
8
BLACK
6
CONTINUOUS
10
61.8244909999999948
20
-51.6586700000000008
11
61.8790259999999961
21
-51.6092419999999947
0
LINE
8
BLACK
6
CONTINUOUS
10
61.8790259999999961
20
-51.6092419999999947
11
61.936869999999999
21
-51.5705919999999978
0
LINE
8
BLACK
6
CONTINUOUS
10
61.936869999999999
20
-51.5705919999999978
11
62.0012729999999976
21
-51.5275589999999966
0
LINE
8
BLACK
6
CONTINUOUS
10
62.0012729999999976
20
-51.5275589999999966
11
62.0575379999999939
21
-51.5042529999999985
0
LINE
8
BLACK
6
CONTINUOUS
10
62.0575379999999939
20
-51.5042529999999985
11
62.1371079999999978
21
-51.4712940000000003
0
LINE
8
BLACK
6
CONTINUOUS
10
62.1371079999999978
20
-51.4712940000000003
11
62.2813079999999957
21
-51.4426109999999994
0
LINE
8
BLACK
6
CONTINUOUS
10
62.2813079999999957
20
-51.4426109999999994
11
62.3548209999999941
21
-51.4390000000000001
0
LINE
8
BLACK
6
CONTINUOUS
10
62.3548209999999941
20
-51.4390000000000001
11
188.1051799999999901
21
-51.4390000000000001
0
LINE
8
BLACK
6
CONTINUOUS
10
188.1051799999999901
20
-51.4390000000000001
11
188.1786929999999813
21
-51.4426109999999994
0
LINE
8
BLACK
6
CONTINUOUS
10
59.1932279999999977
20
-83.7644480000000016
11
59.2307739999999967
21
-83.7800000000000011
0
LINE
8
BLACK
6
CONTINUOUS
10
59.2307739999999967
20
-83.7800000000000011
11
70.8199999999999932
21
-83.7800000000000011
0
LINE
8
BLACK
6
CONTINUOUS
10
70.8199999999999932
20
-83.7800000000000011
11
75.5949999999999989
21
-83.7800000000000011
0
LINE
8
BLACK
6
CONTINUOUS
10
75.5949999999999989
20
-83.7800000000000011
11
75.6811039999999906
21
-83.7971270000000032
0
LINE
8
BLACK
6
CONTINUOUS
10
75.6811039999999906
20
-83.7971270000000032
11
75.7540989999999965
21
-83.8459009999999978
0
LINE
8
BLACK
6
CONTINUOUS
10
75.7540989999999965
20
-83.8459009999999978
11
75.8028729999999911
21
-83.9188959999999895
0
LINE
8
BLACK
6
CONTINUOUS
10
75.8028729999999911
20
-83.9188959999999895
11
75.8199999999999932
21
-84.0049999999999955
0
LINE
8
BLACK
6
CONTINUOUS
10
75.8199999999999932
20
-84.0049999999999955
11
75.8199999999999932
21
-85.0549999999999926
0
LINE
8
BLACK
6
CONTINUOUS
10
75.8199999999999932
20
-85.0549999999999926
11
75.8028729999999911
21
-85.1411039999999986
0
LINE
8
BLACK
6
CONTINUOUS
10
75.8028729999999911
20
-85.1411039999999986
11
75.7540989999999965
21
-85.2140989999999903
0
LINE
8
BLACK
6
CONTINUOUS
10
75.7540989999999965
20
-85.2140989999999903
11
75.6811039999999906
21
-85.262872999999999
0
LINE
8
BLACK
6
CONTINUOUS
10
75.6811039999999906
20
-85.262872999999999
11
75.5949999999999989
21
-85.2800000000000011
0
LINE
8
BLACK
6
CONTINUOUS
10
75.5949999999999989
20
-85.2800000000000011
11
66.0450000000000017
21
-85.2800000000000011
0
LINE
8
BLACK
6
CONTINUOUS
10
66.0450000000000017
20
-85.2800000000000011
11
59.2307739999999967
21
-85.2800000000000011
0
LINE
8
BLACK
6
CONTINUOUS
10
59.2307739999999967
20
-85.2800000000000011
11
59.1932279999999977
21
-85.2955520000000007
0
LINE
8
BLACK
6
CONTINUOUS
10
59.1932279999999977
20
-85.2955520000000007
11
59.0394140000000007
21
-85.3261479999999892
0
LINE
8
BLACK
6
CONTINUOUS
10
59.0394140000000007
20
-85.3261479999999892
11
58.8825859999999963
21
-85.3261479999999892
0
LINE
8
BLACK
6
CONTINUOUS
10
58.8825859999999963
20
-85.3261479999999892
11
58.7287719999999993
21
-85.2955520000000007
0
LINE
8
BLACK
6
CONTINUOUS
10
58.7287719999999993
20
-85.2955520000000007
11
58.5838830000000002
21
-85.2355369999999937
0
LINE
8
BLACK
6
CONTINUOUS
10
58.5838830000000002
20
-85.2355369999999937
11
58.4534850000000006
21
-85.1484079999999892
0
LINE
8
BLACK
6
CONTINUOUS
10
58.4534850000000006
20
-85.1484079999999892
11
58.3425919999999962
21
-85.0375149999999991
0
LINE
8
BLACK
6
CONTINUOUS
10
58.3425919999999962
20
-85.0375149999999991
11
58.2554629999999989
21
-84.9071169999999995
0
LINE
8
BLACK
6
CONTINUOUS
10
58.2554629999999989
20
-84.9071169999999995
11
58.195447999999999
21
-84.7622279999999932
0
LINE
8
BLACK
6
CONTINUOUS
10
58.195447999999999
20
-84.7622279999999932
11
58.1648519999999962
21
-84.6084139999999962
0
LINE
8
BLACK
6
CONTINUOUS
10
58.1648519999999962
20
-84.6084139999999962
11
58.1648519999999962
21
-84.4515859999999918
0
LINE
8
BLACK
6
CONTINUOUS
10
58.1648519999999962
20
-84.4515859999999918
11
58.195447999999999
21
-84.2977719999999948
0
LINE
8
BLACK
6
CONTINUOUS
10
58.195447999999999
20
-84.2977719999999948
11
58.2554629999999989
21
-84.1528830000000028
0
LINE
8
BLACK
6
CONTINUOUS
10
58.2554629999999989
20
-84.1528830000000028
11
58.3425919999999962
21
-84.0224850000000032
0
LINE
8
BLACK
6
CONTINUOUS
10
58.3425919999999962
20
-84.0224850000000032
11
58.4534850000000006
21
-83.9115919999999988
0
LINE
8
BLACK
6
CONTINUOUS
10
58.4534850000000006
20
-83.9115919999999988
11
58.5838830000000002
21
-83.8244629999999944
0
LINE
8
BLACK
6
CONTINUOUS
10
58.5838830000000002
20
-83.8244629999999944
11
58.7287719999999993
21
-83.7644480000000016
0
LINE
8
BLACK
6
CONTINUOUS
10
58.7287719999999993
20
-83.7644480000000016
11
58.8825859999999963
21
-83.7338519999999988
0
LINE
8
BLACK
6
CONTINUOUS
10
58.8825859999999963
20
-83.7338519999999988
11
59.0394140000000007
21
-83.7338519999999988
0
LINE
8
BLACK
6
CONTINUOUS
10
59.0394140000000007
20
-83.7338519999999988
11
59.1932279999999977
21
-83.7644480000000016
0
LINE
8
BLACK
6
CONTINUOUS
10
105.6811039999999906
20
-83.7971270000000032
11
105.7540989999999965
21
-83.8459009999999978
0
LINE
8
BLACK
6
CONTINUOUS
10
105.7540989999999965
20
-83.8459009999999978
11
105.8028729999999911
21
-83.9188959999999895
0
LINE
8
BLACK
6
CONTINUOUS
10
105.8028729999999911
20
-83.9188959999999895
11
105.8199999999999932
21
-84.0049999999999955
0
LINE
8
BLACK
6
CONTINUOUS
10
105.8199999999999932
20
-84.0049999999999955
11
105.8199999999999932
21
-85.0549999999999926
0
LINE
8
BLACK
6
CONTINUOUS
10
105.8199999999999932
20
-85.0549999999999926
11
105.8028729999999911
21
-85.1411039999999986
0
LINE
8
BLACK
6
CONTINUOUS
10
105.8028729999999911
20
-85.1411039999999986
11
105.7540989999999965
21
-85.2140989999999903
0
LINE
8
BLACK
6
CONTINUOUS
10
105.7540989999999965
20
-85.2140989999999903
11
105.6811039999999906
21
-85.262872999999999
0
LINE
8
BLACK
6
CONTINUOUS
10
105.6811039999999906
20
-85.262872999999999
11
105.5949999999999989
21
-85.2800000000000011
0
LINE
8
BLACK
6
CONTINUOUS
10
105.5949999999999989
20
-85.2800000000000011
11
96.0450000000000017
21
-85.2800000000000011
0
LINE
8
BLACK
6
CONTINUOUS
10
96.0450000000000017
20
-85.2800000000000011
11
95.9588959999999958
21
-85.262872999999999
0
LINE
8
BLACK
6
CONTINUOUS
10
95.9588959999999958
20
-85.262872999999999
11
95.8859009999999898
21
-85.2140989999999903
0
LINE
8
BLACK
6
CONTINUOUS
10
95.8859009999999898
20
-85.2140989999999903
11
95.8371269999999953
21
-85.1411039999999986
0
LINE
8
BLACK
6
CONTINUOUS
10
95.8371269999999953
20
-85.1411039999999986
11
95.8199999999999932
21
-85.0549999999999926
0
LINE
8
BLACK
6
CONTINUOUS
10
95.8199999999999932
20
-85.0549999999999926
11
95.8199999999999932
21
-84.0049999999999955
0
LINE
8
BLACK
6
CONTINUOUS
10
95.8199999999999932
20
-84.0049999999999955
11
95.8371269999999953
21
-83.9188959999999895
0
LINE
8
BLACK
6
CONTINUOUS
10
95.8371269999999953
20
-83.9188959999999895
11
95.8859009999999898
21
-83.8459009999999978
0
LINE
8
BLACK
6
CONTINUOUS
10
95.8859009999999898
20
-83.8459009999999978
11
95.9588959999999958
21
-83.7971270000000032
0
LINE
8
BLACK
6
CONTINUOUS
10
95.9588959999999958
20
-83.7971270000000032
11
96.0450000000000017
21
-83.7800000000000011
0
LINE
8
BLACK
6
CONTINUOUS
10
96.0450000000000017
20
-83.7800000000000011
11
105.5949999999999989
21
-83.7800000000000011
0
LINE
8
BLACK
6
CONTINUOUS
10
105.5949999999999989
20
-83.7800000000000011
11
105.6811039999999906
21
-83.7971270000000032
0
LINE
8
BLACK
6
CONTINUOUS
10
154.501103999999998
20
-83.7971270000000032
11
154.5740989999999897
21
-83.8459009999999978
0
LINE
8
BLACK
6
CONTINUOUS
10
154.5740989999999897
20
-83.8459009999999978
11
154.6228729999999985
21
-83.9188959999999895
0
LINE
8
BLACK
6
CONTINUOUS
10
154.6228729999999985
20
-83.9188959999999895
11
154.6399999999999864
21
-84.0049999999999955
0
LINE
8
BLACK
6
CONTINUOUS
10
154.6399999999999864
20
-84.0049999999999955
11
154.6399999999999864
21
-85.0549999999999926
0
LINE
8
BLACK
6
CONTINUOUS
10
154.6399999999999864
20
-85.0549999999999926
11
154.6228729999999985
21
-85.1411039999999986
0
LINE
8
BLACK
6
CONTINUOUS
10
154.6228729999999985
20
-85.1411039999999986
11
154.5740989999999897
21
-85.2140989999999903
0
LINE
8
BLACK
6
CONTINUOUS
10
154.5740989999999897
20
-85.2140989999999903
11
154.501103999999998
21
-85.262872999999999
0
LINE
8
BLACK
6
CONTINUOUS
10
154.501103999999998
20
-85.262872999999999
11
154.414999999999992
21
-85.2800000000000011
0
LINE
8
BLACK
6
CONTINUOUS
10
154.414999999999992
20
-85.2800000000000011
11
144.8649999999999807
21
-85.2800000000000011
0
LINE
8
BLACK
6
CONTINUOUS
10
144.8649999999999807
20
-85.2800000000000011
11
144.7788960000000031
21
-85.262872999999999
0
LINE
8
BLACK
6
CONTINUOUS
10
144.7788960000000031
20
-85.262872999999999
11
144.705900999999983
21
-85.2140989999999903
0
LINE
8
BLACK
6
CONTINUOUS
10
144.705900999999983
20
-85.2140989999999903
11
144.6571270000000027
21
-85.1411039999999986
0
LINE
8
BLACK
6
CONTINUOUS
10
144.6571270000000027
20
-85.1411039999999986
11
144.6399999999999864
21
-85.0549999999999926
0
LINE
8
BLACK
6
CONTINUOUS
10
144.6399999999999864
20
-85.0549999999999926
11
144.6399999999999864
21
-84.0049999999999955
0
LINE
8
BLACK
6
CONTINUOUS
10
144.6399999999999864
20
-84.0049999999999955
11
144.6571270000000027
21
-83.9188959999999895
0
LINE
8
BLACK
6
CONTINUOUS
10
144.6571270000000027
20
-83.9188959999999895
11
144.705900999999983
21
-83.8459009999999978
0
LINE
8
BLACK
6
CONTINUOUS
10
144.705900999999983
20
-83.8459009999999978
11
144.7788960000000031
21
-83.7971270000000032
0
LINE
8
BLACK
6
CONTINUOUS
10
144.7788960000000031
20
-83.7971270000000032
11
144.8649999999999807
21
-83.7800000000000011
0
LINE
8
BLACK
6
CONTINUOUS
10
144.8649999999999807
20
-83.7800000000000011
11
154.414999999999992
21
-83.7800000000000011
0
LINE
8
BLACK
6
CONTINUOUS
10
154.414999999999992
20
-83.7800000000000011
11
154.501103999999998
21
-83.7971270000000032
0
LINE
8
BLACK
6
CONTINUOUS
10
184.501103999999998
20
-83.7971270000000032
11
184.5740989999999897
21
-83.8459009999999978
0
LINE
8
BLACK
6
CONTINUOUS
10
184.5740989999999897
20
-83.8459009999999978
11
184.6228729999999985
21
-83.9188959999999895
0
LINE
8
BLACK
6
CONTINUOUS
10
184.6228729999999985
20
-83.9188959999999895
11
184.6399999999999864
21
-84.0049999999999955
0
LINE
8
BLACK
6
CONTINUOUS
10
184.6399999999999864
20
-84.0049999999999955
11
184.6399999999999864
21
-85.0549999999999926
0
LINE
8
BLACK
6
CONTINUOUS
10
184.6399999999999864
20
-85.0549999999999926
11
184.6228729999999985
21
-85.1411039999999986
0
LINE
8
BLACK
6
CONTINUOUS
10
184.6228729999999985
20
-85.1411039999999986
11
184.5740989999999897
21
-85.2140989999999903
0
LINE
8
BLACK
6
CONTINUOUS
10
184.5740989999999897
20
-85.2140989999999903
11
184.501103999999998
21
-85.262872999999999
0
LINE
8
BLACK
6
CONTINUOUS
10
184.501103999999998
20
-85.262872999999999
11
184.414999999999992
21
-85.2800000000000011
0
LINE
8
BLACK
6
CONTINUOUS
10
184.414999999999992
20
-85.2800000000000011
11
174.8649999999999807
21
-85.2800000000000011
0
LINE
8
BLACK
6
CONTINUOUS
10
174.8649999999999807
20
-85.2800000000000011
11
174.7788960000000031
21
-85.262872999999999
0
LINE
8
BLACK
6
CONTINUOUS
10
174.7788960000000031
20
-85.262872999999999
11
174.705900999999983
21
-85.2140989999999903
0
LINE
8
BLACK
6
CONTINUOUS
10
174.705900999999983
20
-85.2140989999999903
11
174.6571270000000027
21
-85.1411039999999986
0
LINE
8
BLACK
6
CONTINUOUS
10
174.6571270000000027
20
-85.1411039999999986
11
174.6399999999999864
21
-85.0549999999999926
0
LINE
8
BLACK
6
CONTINUOUS
10
174.6399999999999864
20
-85.0549999999999926
11
174.6399999999999864
21
-84.0049999999999955
0
LINE
8
BLACK
6
CONTINUOUS
10
174.6399999999999864
20
-84.0049999999999955
11
174.6571270000000027
21
-83.9188959999999895
0
LINE
8
BLACK
6
CONTINUOUS
10
174.6571270000000027
20
-83.9188959999999895
11
174.705900999999983
21
-83.8459009999999978
0
LINE
8
BLACK
6
CONTINUOUS
10
174.705900999999983
20
-83.8459009999999978
11
174.7788960000000031
21
-83.7971270000000032
0
LINE
8
BLACK
6
CONTINUOUS
10
174.7788960000000031
20
-83.7971270000000032
11
174.8649999999999807
21
-83.7800000000000011
0
LINE
8
BLACK
6
CONTINUOUS
10
174.8649999999999807
20
-83.7800000000000011
11
184.414999999999992
21
-83.7800000000000011
0
LINE
8
BLACK
6
CONTINUOUS
10
184.414999999999992
20
-83.7800000000000011
11
184.501103999999998
21
-83.7971270000000032
0
LINE
8
BLACK
6
CONTINUOUS
10
239.6981219999999837
20
-83.144447999999997
11
239.84301099999999
21
-83.2044629999999898
0
LINE
8
BLACK
6
CONTINUOUS
10
239.84301099999999
20
-83.2044629999999898
11
239.9734089999999753
21
-83.2915919999999943
0
LINE
8
BLACK
6
CONTINUOUS
10
239.9734089999999753
20
-83.2915919999999943
11
240.0843019999999797
21
-83.4024849999999986
0
LINE
8
BLACK
6
CONTINUOUS
10
240.0843019999999797
20
-83.4024849999999986
11
240.1714309999999841
21
-83.5328829999999982
0
LINE
8
BLACK
6
CONTINUOUS
10
240.1714309999999841
20
-83.5328829999999982
11
240.2314459999999769
21
-83.6777719999999903
0
LINE
8
BLACK
6
CONTINUOUS
10
240.2314459999999769
20
-83.6777719999999903
11
240.2620419999999797
21
-83.8315860000000015
0
LINE
8
BLACK
6
CONTINUOUS
10
240.2620419999999797
20
-83.8315860000000015
11
240.2620419999999797
21
-83.9884139999999917
0
LINE
8
BLACK
6
CONTINUOUS
10
240.2620419999999797
20
-83.9884139999999917
11
240.2314459999999769
21
-84.1422280000000029
0
LINE
8
BLACK
6
CONTINUOUS
10
240.2314459999999769
20
-84.1422280000000029
11
240.1714309999999841
21
-84.287116999999995
0
LINE
8
BLACK
6
CONTINUOUS
10
240.1714309999999841
20
-84.287116999999995
11
240.0843019999999797
21
-84.4175149999999945
0
LINE
8
BLACK
6
CONTINUOUS
10
240.0843019999999797
20
-84.4175149999999945
11
239.9734089999999753
21
-84.5284079999999989
0
LINE
8
BLACK
6
CONTINUOUS
10
239.9734089999999753
20
-84.5284079999999989
11
239.84301099999999
21
-84.6155369999999891
0
LINE
8
BLACK
6
CONTINUOUS
10
239.84301099999999
20
-84.6155369999999891
11
239.6981219999999837
21
-84.6755519999999962
0
LINE
8
BLACK
6
CONTINUOUS
10
239.6981219999999837
20
-84.6755519999999962
11
239.5443080000000009
21
-84.7061479999999989
0
LINE
8
BLACK
6
CONTINUOUS
10
239.5443080000000009
20
-84.7061479999999989
11
239.3874799999999823
21
-84.7061479999999989
0
LINE
8
BLACK
6
CONTINUOUS
10
239.3874799999999823
20
-84.7061479999999989
11
239.2336659999999995
21
-84.6755519999999962
0
LINE
8
BLACK
6
CONTINUOUS
10
239.2336659999999995
20
-84.6755519999999962
11
239.0887769999999932
21
-84.6155369999999891
0
LINE
8
BLACK
6
CONTINUOUS
10
239.0887769999999932
20
-84.6155369999999891
11
238.9583789999999794
21
-84.5284079999999989
0
LINE
8
BLACK
6
CONTINUOUS
10
238.9583789999999794
20
-84.5284079999999989
11
238.8474859999999751
21
-84.4175149999999945
0
LINE
8
BLACK
6
CONTINUOUS
10
238.8474859999999751
20
-84.4175149999999945
11
238.7603569999999991
21
-84.287116999999995
0
LINE
8
BLACK
6
CONTINUOUS
10
238.7603569999999991
20
-84.287116999999995
11
238.7003419999999778
21
-84.1422280000000029
0
LINE
8
BLACK
6
CONTINUOUS
10
238.7003419999999778
20
-84.1422280000000029
11
238.6697459999999751
21
-83.9884139999999917
0
LINE
8
BLACK
6
CONTINUOUS
10
238.6697459999999751
20
-83.9884139999999917
11
238.6697459999999751
21
-83.8315860000000015
0
LINE
8
BLACK
6
CONTINUOUS
10
238.6697459999999751
20
-83.8315860000000015
11
238.7003419999999778
21
-83.6777719999999903
0
LINE
8
BLACK
6
CONTINUOUS
10
238.7003419999999778
20
-83.6777719999999903
11
238.7603569999999991
21
-83.5328829999999982
0
LINE
8
BLACK
6
CONTINUOUS
10
238.7603569999999991
20
-83.5328829999999982
11
238.8474859999999751
21
-83.4024849999999986
0
LINE
8
BLACK
6
CONTINUOUS
10
238.8474859999999751
20
-83.4024849999999986
11
238.9583789999999794
21
-83.2915919999999943
0
LINE
8
BLACK
6
CONTINUOUS
10
238.9583789999999794
20
-83.2915919999999943
11
239.0887769999999932
21
-83.2044629999999898
0
LINE
8
BLACK
6
CONTINUOUS
10
239.0887769999999932
20
-83.2044629999999898
11
239.2336659999999995
21
-83.144447999999997
0
LINE
8
BLACK
6
CONTINUOUS
10
239.2336659999999995
20
-83.144447999999997
11
239.3874799999999823
21
-83.1138519999999943
0
LINE
8
BLACK
6
CONTINUOUS
10
239.3874799999999823
20
-83.1138519999999943
11
239.5443080000000009
21
-83.1138519999999943
0
LINE
8
BLACK
6
CONTINUOUS
10
239.5443080000000009
20
-83.1138519999999943
11
239.6981219999999837
21
-83.144447999999997
0
LINE
8
BLACK
6
CONTINUOUS
10
230.7011039999999866
20
-83.1771269999999987
11
230.7740989999999783
21
-83.2259009999999932
0
LINE
8
BLACK
6
CONTINUOUS
10
230.7740989999999783
20
-83.2259009999999932
11
230.8228729999999871
21
-83.2988959999999992
0
LINE
8
BLACK
6
CONTINUOUS
10
230.8228729999999871
20
-83.2988959999999992
11
230.8400000000000034
21
-83.3849999999999909
0
LINE
8
BLACK
6
CONTINUOUS
10
230.8400000000000034
20
-83.3849999999999909
11
230.8400000000000034
21
-84.4350000000000023
0
LINE
8
BLACK
6
CONTINUOUS
10
230.8400000000000034
20
-84.4350000000000023
11
230.8228729999999871
21
-84.521103999999994
0
LINE
8
BLACK
6
CONTINUOUS
10
230.8228729999999871
20
-84.521103999999994
11
230.7740989999999783
21
-84.5940989999999999
0
LINE
8
BLACK
6
CONTINUOUS
10
230.7740989999999783
20
-84.5940989999999999
11
230.7011039999999866
21
-84.6428729999999945
0
LINE
8
BLACK
6
CONTINUOUS
10
230.7011039999999866
20
-84.6428729999999945
11
230.6149999999999807
21
-84.6599999999999966
0
LINE
8
BLACK
6
CONTINUOUS
10
230.6149999999999807
20
-84.6599999999999966
11
221.0649999999999977
21
-84.6599999999999966
0
LINE
8
BLACK
6
CONTINUOUS
10
221.0649999999999977
20
-84.6599999999999966
11
220.9788959999999918
21
-84.6428729999999945
0
LINE
8
BLACK
6
CONTINUOUS
10
220.9788959999999918
20
-84.6428729999999945
11
220.9059010000000001
21
-84.5940989999999999
0
LINE
8
BLACK
6
CONTINUOUS
10
220.9059010000000001
20
-84.5940989999999999
11
220.8571269999999913
21
-84.521103999999994
0
LINE
8
BLACK
6
CONTINUOUS
10
220.8571269999999913
20
-84.521103999999994
11
220.8400000000000034
21
-84.4350000000000023
0
LINE
8
BLACK
6
CONTINUOUS
10
220.8400000000000034
20
-84.4350000000000023
11
220.8400000000000034
21
-83.3849999999999909
0
LINE
8
BLACK
6
CONTINUOUS
10
220.8400000000000034
20
-83.3849999999999909
11
220.8571269999999913
21
-83.2988959999999992
0
LINE
8
BLACK
6
CONTINUOUS
10
220.8571269999999913
20
-83.2988959999999992
11
220.9059010000000001
21
-83.2259009999999932
0
LINE
8
BLACK
6
CONTINUOUS
10
220.9059010000000001
20
-83.2259009999999932
11
220.9788959999999918
21
-83.1771269999999987
0
LINE
8
BLACK
6
CONTINUOUS
10
220.9788959999999918
20
-83.1771269999999987
11
221.0649999999999977
21
-83.1599999999999966
0
LINE
8
BLACK
6
CONTINUOUS
10
221.0649999999999977
20
-83.1599999999999966
11
230.6149999999999807
21
-83.1599999999999966
0
LINE
8
BLACK
6
CONTINUOUS
10
230.6149999999999807
20
-83.1599999999999966
11
230.7011039999999866
21
-83.1771269999999987
0
LINE
8
BLACK
6
CONTINUOUS
10
75.6811039999999906
20
-81.257126999999997
11
75.7540989999999965
21
-81.3059009999999915
0
LINE
8
BLACK
6
CONTINUOUS
10
75.7540989999999965
20
-81.3059009999999915
11
75.8028729999999911
21
-81.3788959999999975
0
LINE
8
BLACK
6
CONTINUOUS
10
75.8028729999999911
20
-81.3788959999999975
11
75.8199999999999932
21
-81.4650000000000034
0
LINE
8
BLACK
6
CONTINUOUS
10
75.8199999999999932
20
-81.4650000000000034
11
75.8199999999999932
21
-82.5150000000000006
0
LINE
8
BLACK
6
CONTINUOUS
10
75.8199999999999932
20
-82.5150000000000006
11
75.8028729999999911
21
-82.6011039999999923
0
LINE
8
BLACK
6
CONTINUOUS
10
75.8028729999999911
20
-82.6011039999999923
11
75.7540989999999965
21
-82.6740989999999982
0
LINE
8
BLACK
6
CONTINUOUS
10
75.7540989999999965
20
-82.6740989999999982
11
75.6811039999999906
21
-82.7228729999999928
0
LINE
8
BLACK
6
CONTINUOUS
10
75.6811039999999906
20
-82.7228729999999928
11
75.5949999999999989
21
-82.7399999999999949
0
LINE
8
BLACK
6
CONTINUOUS
10
75.5949999999999989
20
-82.7399999999999949
11
66.0450000000000017
21
-82.7399999999999949
0
LINE
8
BLACK
6
CONTINUOUS
10
66.0450000000000017
20
-82.7399999999999949
11
65.9588959999999958
21
-82.7228729999999928
0
LINE
8
BLACK
6
CONTINUOUS
10
65.9588959999999958
20
-82.7228729999999928
11
65.885901000000004
21
-82.6740989999999982
0
LINE
8
BLACK
6
CONTINUOUS
10
65.885901000000004
20
-82.6740989999999982
11
65.8371269999999953
21
-82.6011039999999923
0
LINE
8
BLACK
6
CONTINUOUS
10
65.8371269999999953
20
-82.6011039999999923
11
65.8199999999999932
21
-82.5150000000000006
0
LINE
8
BLACK
6
CONTINUOUS
10
65.8199999999999932
20
-82.5150000000000006
11
65.8199999999999932
21
-81.4650000000000034
0
LINE
8
BLACK
6
CONTINUOUS
10
65.8199999999999932
20
-81.4650000000000034
11
65.8371269999999953
21
-81.3788959999999975
0
LINE
8
BLACK
6
CONTINUOUS
10
65.8371269999999953
20
-81.3788959999999975
11
65.885901000000004
21
-81.3059009999999915
0
LINE
8
BLACK
6
CONTINUOUS
10
65.885901000000004
20
-81.3059009999999915
11
65.9588959999999958
21
-81.257126999999997
0
LINE
8
BLACK
6
CONTINUOUS
10
65.9588959999999958
20
-81.257126999999997
11
66.0450000000000017
21
-81.2399999999999949
0
LINE
8
BLACK
6
CONTINUOUS
10
66.0450000000000017
20
-81.2399999999999949
11
75.5949999999999989
21
-81.2399999999999949
0
LINE
8
BLACK
6
CONTINUOUS
10
75.5949999999999989
20
-81.2399999999999949
11
75.6811039999999906
21
-81.257126999999997
0
LINE
8
BLACK
6
CONTINUOUS
10
105.6811039999999906
20
-81.257126999999997
11
105.7540989999999965
21
-81.3059009999999915
0
LINE
8
BLACK
6
CONTINUOUS
10
105.7540989999999965
20
-81.3059009999999915
11
105.8028729999999911
21
-81.3788959999999975
0
LINE
8
BLACK
6
CONTINUOUS
10
105.8028729999999911
20
-81.3788959999999975
11
105.8199999999999932
21
-81.4650000000000034
0
LINE
8
BLACK
6
CONTINUOUS
10
105.8199999999999932
20
-81.4650000000000034
11
105.8199999999999932
21
-82.5150000000000006
0
LINE
8
BLACK
6
CONTINUOUS
10
105.8199999999999932
20
-82.5150000000000006
11
105.8028729999999911
21
-82.6011039999999923
0
LINE
8
BLACK
6
CONTINUOUS
10
105.8028729999999911
20
-82.6011039999999923
11
105.7540989999999965
21
-82.6740989999999982
0
LINE
8
BLACK
6
CONTINUOUS
10
105.7540989999999965
20
-82.6740989999999982
11
105.6811039999999906
21
-82.7228729999999928
0
LINE
8
BLACK
6
CONTINUOUS
10
105.6811039999999906
20
-82.7228729999999928
11
105.5949999999999989
21
-82.7399999999999949
0
LINE
8
BLACK
6
CONTINUOUS
10
105.5949999999999989
20
-82.7399999999999949
11
96.0450000000000017
21
-82.7399999999999949
0
LINE
8
BLACK
6
CONTINUOUS
10
96.0450000000000017
20
-82.7399999999999949
11
95.9588959999999958
21
-82.7228729999999928
0
LINE
8
BLACK
6
CONTINUOUS
10
95.9588959999999958
20
-82.7228729999999928
11
95.8859009999999898
21
-82.6740989999999982
0
LINE
8
BLACK
6
CONTINUOUS
10
95.8859009999999898
20
-82.6740989999999982
11
95.8371269999999953
21
-82.6011039999999923
0
LINE
8
BLACK
6
CONTINUOUS
10
95.8371269999999953
20
-82.6011039999999923
11
95.8199999999999932
21
-82.5150000000000006
0
LINE
8
BLACK
6
CONTINUOUS
10
95.8199999999999932
20
-82.5150000000000006
11
95.8199999999999932
21
-81.4650000000000034
0
LINE
8
BLACK
6
CONTINUOUS
10
95.8199999999999932
20
-81.4650000000000034
11
95.8371269999999953
21
-81.3788959999999975
0
LINE
8
BLACK
6
CONTINUOUS
10
95.8371269999999953
20
-81.3788959999999975
11
95.8859009999999898
21
-81.3059009999999915
0
LINE
8
BLACK
6
CONTINUOUS
10
95.8859009999999898
20
-81.3059009999999915
11
95.9588959999999958
21
-81.257126999999997
0
LINE
8
BLACK
6
CONTINUOUS
10
95.9588959999999958
20
-81.257126999999997
11
96.0450000000000017
21
-81.2399999999999949
0
LINE
8
BLACK
6
CONTINUOUS
10
96.0450000000000017
20
-81.2399999999999949
11
105.5949999999999989
21
-81.2399999999999949
0
LINE
8
BLACK
6
CONTINUOUS
10
105.5949999999999989
20
-81.2399999999999949
11
105.6811039999999906
21
-81.257126999999997
0
LINE
8
BLACK
6
CONTINUOUS
10
154.501103999999998
20
-81.257126999999997
11
154.5740989999999897
21
-81.3059009999999915
0
LINE
8
BLACK
6
CONTINUOUS
10
154.5740989999999897
20
-81.3059009999999915
11
154.6228729999999985
21
-81.3788959999999975
0
LINE
8
BLACK
6
CONTINUOUS
10
154.6228729999999985
20
-81.3788959999999975
11
154.6399999999999864
21
-81.4650000000000034
0
LINE
8
BLACK
6
CONTINUOUS
10
154.6399999999999864
20
-81.4650000000000034
11
154.6399999999999864
21
-82.5150000000000006
0
LINE
8
BLACK
6
CONTINUOUS
10
154.6399999999999864
20
-82.5150000000000006
11
154.6228729999999985
21
-82.6011039999999923
0
LINE
8
BLACK
6
CONTINUOUS
10
154.6228729999999985
20
-82.6011039999999923
11
154.5740989999999897
21
-82.6740989999999982
0
LINE
8
BLACK
6
CONTINUOUS
10
154.5740989999999897
20
-82.6740989999999982
11
154.501103999999998
21
-82.7228729999999928
0
LINE
8
BLACK
6
CONTINUOUS
10
154.501103999999998
20
-82.7228729999999928
11
154.414999999999992
21
-82.7399999999999949
0
LINE
8
BLACK
6
CONTINUOUS
10
154.414999999999992
20
-82.7399999999999949
11
144.8649999999999807
21
-82.7399999999999949
0
LINE
8
BLACK
6
CONTINUOUS
10
144.8649999999999807
20
-82.7399999999999949
11
144.7788960000000031
21
-82.7228729999999928
0
LINE
8
BLACK
6
CONTINUOUS
10
144.7788960000000031
20
-82.7228729999999928
11
144.705900999999983
21
-82.6740989999999982
0
LINE
8
BLACK
6
CONTINUOUS
10
144.705900999999983
20
-82.6740989999999982
11
144.6571270000000027
21
-82.6011039999999923
0
LINE
8
BLACK
6
CONTINUOUS
10
144.6571270000000027
20
-82.6011039999999923
11
144.6399999999999864
21
-82.5150000000000006
0
LINE
8
BLACK
6
CONTINUOUS
10
144.6399999999999864
20
-82.5150000000000006
11
144.6399999999999864
21
-81.4650000000000034
0
LINE
8
BLACK
6
CONTINUOUS
10
144.6399999999999864
20
-81.4650000000000034
11
144.6571270000000027
21
-81.3788959999999975
0
LINE
8
BLACK
6
CONTINUOUS
10
144.6571270000000027
20
-81.3788959999999975
11
144.705900999999983
21
-81.3059009999999915
0
LINE
8
BLACK
6
CONTINUOUS
10
144.705900999999983
20
-81.3059009999999915
11
144.7788960000000031
21
-81.257126999999997
0
LINE
8
BLACK
6
CONTINUOUS
10
144.7788960000000031
20
-81.257126999999997
11
144.8649999999999807
21
-81.2399999999999949
0
LINE
8
BLACK
6
CONTINUOUS
10
144.8649999999999807
20
-81.2399999999999949
11
154.414999999999992
21
-81.2399999999999949
0
LINE
8
BLACK
6
CONTINUOUS
10
154.414999999999992
20
-81.2399999999999949
11
154.501103999999998
21
-81.257126999999997
0
LINE
8
BLACK
6
CONTINUOUS
10
184.501103999999998
20
-81.257126999999997
11
184.5740989999999897
21
-81.3059009999999915
0
LINE
8
BLACK
6
CONTINUOUS
10
184.5740989999999897
20
-81.3059009999999915
11
184.6228729999999985
21
-81.3788959999999975
0
LINE
8
BLACK
6
CONTINUOUS
10
184.6228729999999985
20
-81.3788959999999975
11
184.6399999999999864
21
-81.4650000000000034
0
LINE
8
BLACK
6
CONTINUOUS
10
184.6399999999999864
20
-81.4650000000000034
11
184.6399999999999864
21
-82.5150000000000006
0
LINE
8
BLACK
6
CONTINUOUS
10
184.6399999999999864
20
-82.5150000000000006
11
184.6228729999999985
21
-82.6011039999999923
0
LINE
8
BLACK
6
CONTINUOUS
10
184.6228729999999985
20
-82.6011039999999923
11
184.5740989999999897
21
-82.6740989999999982
0
LINE
8
BLACK
6
CONTINUOUS
10
184.5740989999999897
20
-82.6740989999999982
11
184.501103999999998
21
-82.7228729999999928
0
LINE
8
BLACK
6
CONTINUOUS
10
184.501103999999998
20
-82.7228729999999928
11
184.414999999999992
21
-82.7399999999999949
0
LINE
8
BLACK
6
CONTINUOUS
10
184.414999999999992
20
-82.7399999999999949
11
174.8649999999999807
21
-82.7399999999999949
0
LINE
8
BLACK
6
CONTINUOUS
10
174.8649999999999807
20
-82.7399999999999949
11
174.7788960000000031
21
-82.7228729999999928
0
LINE
8
BLACK
6
CONTINUOUS
10
174.7788960000000031
20
-82.7228729999999928
11
174.705900999999983
21
-82.6740989999999982
0
LINE
8
BLACK
6
CONTINUOUS
10
174.705900999999983
20
-82.6740989999999982
11
174.6571270000000027
21
-82.6011039999999923
0
LINE
8
BLACK
6
CONTINUOUS
10
174.6571270000000027
20
-82.6011039999999923
11
174.6399999999999864
21
-82.5150000000000006
0
LINE
8
BLACK
6
CONTINUOUS
10
174.6399999999999864
20
-82.5150000000000006
11
174.6399999999999864
21
-81.4650000000000034
0
LINE
8
BLACK
6
CONTINUOUS
10
174.6399999999999864
20
-81.4650000000000034
11
174.6571270000000027
21
-81.3788959999999975
0
LINE
8
BLACK
6
CONTINUOUS
10
174.6571270000000027
20
-81.3788959999999975
11
174.705900999999983
21
-81.3059009999999915
0
LINE
8
BLACK
6
CONTINUOUS
10
174.705900999999983
20
-81.3059009999999915
11
174.7788960000000031
21
-81.257126999999997
0
LINE
8
BLACK
6
CONTINUOUS
10
174.7788960000000031
20
-81.257126999999997
11
174.8649999999999807
21
-81.2399999999999949
0
LINE
8
BLACK
6
CONTINUOUS
10
174.8649999999999807
20
-81.2399999999999949
11
184.414999999999992
21
-81.2399999999999949
0
LINE
8
BLACK
6
CONTINUOUS
10
184.414999999999992
20
-81.2399999999999949
11
184.501103999999998
21
-81.257126999999997
0
LINE
8
BLACK
6
CONTINUOUS
10
242.2381219999999757
20
-80.6044479999999908
11
242.383010999999982
21
-80.6644629999999978
0
LINE
8
BLACK
6
CONTINUOUS
10
242.383010999999982
20
-80.6644629999999978
11
242.5134089999999958
21
-80.7515920000000023
0
LINE
8
BLACK
6
CONTINUOUS
10
242.5134089999999958
20
-80.7515920000000023
11
242.6243020000000001
21
-80.8624849999999924
0
LINE
8
BLACK
6
CONTINUOUS
10
242.6243020000000001
20
-80.8624849999999924
11
242.7114309999999762
21
-80.992882999999992
0
LINE
8
BLACK
6
CONTINUOUS
10
242.7114309999999762
20
-80.992882999999992
11
242.7714459999999974
21
-81.1377719999999982
0
LINE
8
BLACK
6
CONTINUOUS
10
242.7714459999999974
20
-81.1377719999999982
11
242.8020420000000001
21
-81.2915859999999952
0
LINE
8
BLACK
6
CONTINUOUS
10
242.8020420000000001
20
-81.2915859999999952
11
242.8020420000000001
21
-81.4484139999999996
0
LINE
8
BLACK
6
CONTINUOUS
10
242.8020420000000001
20
-81.4484139999999996
11
242.7714459999999974
21
-81.6022279999999967
0
LINE
8
BLACK
6
CONTINUOUS
10
242.7714459999999974
20
-81.6022279999999967
11
242.7114309999999762
21
-81.7471170000000029
0
LINE
8
BLACK
6
CONTINUOUS
10
242.7114309999999762
20
-81.7471170000000029
11
242.6243020000000001
21
-81.8775150000000025
0
LINE
8
BLACK
6
CONTINUOUS
10
242.6243020000000001
20
-81.8775150000000025
11
242.5134089999999958
21
-81.9884079999999926
0
LINE
8
BLACK
6
CONTINUOUS
10
242.5134089999999958
20
-81.9884079999999926
11
242.383010999999982
21
-82.0755369999999971
0
LINE
8
BLACK
6
CONTINUOUS
10
242.383010999999982
20
-82.0755369999999971
11
242.2381219999999757
21
-82.1355519999999899
0
LINE
8
BLACK
6
CONTINUOUS
10
242.2381219999999757
20
-82.1355519999999899
11
242.0843079999999929
21
-82.1661479999999926
0
LINE
8
BLACK
6
CONTINUOUS
10
242.0843079999999929
20
-82.1661479999999926
11
241.9274800000000027
21
-82.1661479999999926
0
LINE
8
BLACK
6
CONTINUOUS
10
241.9274800000000027
20
-82.1661479999999926
11
241.7736659999999915
21
-82.1355519999999899
0
LINE
8
BLACK
6
CONTINUOUS
10
241.7736659999999915
20
-82.1355519999999899
11
241.6287769999999853
21
-82.0755369999999971
0
LINE
8
BLACK
6
CONTINUOUS
10
241.6287769999999853
20
-82.0755369999999971
11
241.4983789999999999
21
-81.9884079999999926
0
LINE
8
BLACK
6
CONTINUOUS
10
241.4983789999999999
20
-81.9884079999999926
11
241.3874859999999956
21
-81.8775150000000025
0
LINE
8
BLACK
6
CONTINUOUS
10
241.3874859999999956
20
-81.8775150000000025
11
241.3003569999999911
21
-81.7471170000000029
0
LINE
8
BLACK
6
CONTINUOUS
10
241.3003569999999911
20
-81.7471170000000029
11
241.2403419999999983
21
-81.6022279999999967
0
LINE
8
BLACK
6
CONTINUOUS
10
241.2403419999999983
20
-81.6022279999999967
11
241.2097459999999955
21
-81.4484139999999996
0
LINE
8
BLACK
6
CONTINUOUS
10
241.2097459999999955
20
-81.4484139999999996
11
241.2097459999999955
21
-81.2915859999999952
0
LINE
8
BLACK
6
CONTINUOUS
10
241.2097459999999955
20
-81.2915859999999952
11
241.2403419999999983
21
-81.1377719999999982
0
LINE
8
BLACK
6
CONTINUOUS
10
241.2403419999999983
20
-81.1377719999999982
11
241.3003569999999911
21
-80.992882999999992
0
LINE
8
BLACK
6
CONTINUOUS
10
241.3003569999999911
20
-80.992882999999992
11
241.3874859999999956
21
-80.8624849999999924
0
LINE
8
BLACK
6
CONTINUOUS
10
241.3874859999999956
20
-80.8624849999999924
11
241.4983789999999999
21
-80.7515920000000023
0
LINE
8
BLACK
6
CONTINUOUS
10
241.4983789999999999
20
-80.7515920000000023
11
241.6287769999999853
21
-80.6644629999999978
0
LINE
8
BLACK
6
CONTINUOUS
10
241.6287769999999853
20
-80.6644629999999978
11
241.7736659999999915
21
-80.6044479999999908
0
LINE
8
BLACK
6
CONTINUOUS
10
241.7736659999999915
20
-80.6044479999999908
11
241.9274800000000027
21
-80.5738520000000022
0
LINE
8
BLACK
6
CONTINUOUS
10
241.9274800000000027
20
-80.5738520000000022
11
242.0843079999999929
21
-80.5738520000000022
0
LINE
8
BLACK
6
CONTINUOUS
10
242.0843079999999929
20
-80.5738520000000022
11
242.2381219999999757
21
-80.6044479999999908
0
LINE
8
BLACK
6
CONTINUOUS
10
230.7011039999999866
20
-80.6371269999999924
11
230.7740989999999783
21
-80.6859010000000012
0
LINE
8
BLACK
6
CONTINUOUS
10
230.7740989999999783
20
-80.6859010000000012
11
230.8228729999999871
21
-80.7588959999999929
0
LINE
8
BLACK
6
CONTINUOUS
10
230.8228729999999871
20
-80.7588959999999929
11
230.8400000000000034
21
-80.8449999999999989
0
LINE
8
BLACK
6
CONTINUOUS
10
230.8400000000000034
20
-80.8449999999999989
11
230.8400000000000034
21
-81.894999999999996
0
LINE
8
BLACK
6
CONTINUOUS
10
230.8400000000000034
20
-81.894999999999996
11
230.8228729999999871
21
-81.981104000000002
0
LINE
8
BLACK
6
CONTINUOUS
10
230.8228729999999871
20
-81.981104000000002
11
230.7740989999999783
21
-82.0540989999999937
0
LINE
8
BLACK
6
CONTINUOUS
10
230.7740989999999783
20
-82.0540989999999937
11
230.7011039999999866
21
-82.1028730000000024
0
LINE
8
BLACK
6
CONTINUOUS
10
230.7011039999999866
20
-82.1028730000000024
11
230.6149999999999807
21
-82.1199999999999903
0
LINE
8
BLACK
6
CONTINUOUS
10
230.6149999999999807
20
-82.1199999999999903
11
221.0649999999999977
21
-82.1199999999999903
0
LINE
8
BLACK
6
CONTINUOUS
10
221.0649999999999977
20
-82.1199999999999903
11
220.9788959999999918
21
-82.1028730000000024
0
LINE
8
BLACK
6
CONTINUOUS
10
220.9788959999999918
20
-82.1028730000000024
11
220.9059010000000001
21
-82.0540989999999937
0
LINE
8
BLACK
6
CONTINUOUS
10
220.9059010000000001
20
-82.0540989999999937
11
220.8571269999999913
21
-81.981104000000002
0
LINE
8
BLACK
6
CONTINUOUS
10
220.8571269999999913
20
-81.981104000000002
11
220.8400000000000034
21
-81.894999999999996
0
LINE
8
BLACK
6
CONTINUOUS
10
220.8400000000000034
20
-81.894999999999996
11
220.8400000000000034
21
-80.8449999999999989
0
LINE
8
BLACK
6
CONTINUOUS
10
220.8400000000000034
20
-80.8449999999999989
11
220.8571269999999913
21
-80.7588959999999929
0
LINE
8
BLACK
6
CONTINUOUS
10
220.8571269999999913
20
-80.7588959999999929
11
220.9059010000000001
21
-80.6859010000000012
0
LINE
8
BLACK
6
CONTINUOUS
10
220.9059010000000001
20
-80.6859010000000012
11
220.9788959999999918
21
-80.6371269999999924
0
LINE
8
BLACK
6
CONTINUOUS
10
220.9788959999999918
20
-80.6371269999999924
11
221.0649999999999977
21
-80.6199999999999903
0
LINE
8
BLACK
6
CONTINUOUS
10
221.0649999999999977
20
-80.6199999999999903
11
230.6149999999999807
21
-80.6199999999999903
0
LINE
8
BLACK
6
CONTINUOUS
10
230.6149999999999807
20
-80.6199999999999903
11
230.7011039999999866
21
-80.6371269999999924
0
LINE
8
BLACK
6
CONTINUOUS
10
75.6811039999999906
20
-78.7171269999999907
11
75.7540989999999965
21
-78.7659009999999995
0
LINE
8
BLACK
6
CONTINUOUS
10
75.7540989999999965
20
-78.7659009999999995
11
75.8028729999999911
21
-78.8388959999999912
0
LINE
8
BLACK
6
CONTINUOUS
10
75.8028729999999911
20
-78.8388959999999912
11
75.8199999999999932
21
-78.9249999999999972
0
LINE
8
BLACK
6
CONTINUOUS
10
75.8199999999999932
20
-78.9249999999999972
11
75.8199999999999932
21
-79.9749999999999943
0
LINE
8
BLACK
6
CONTINUOUS
10
75.8199999999999932
20
-79.9749999999999943
11
75.8028729999999911
21
-80.0611040000000003
0
LINE
8
BLACK
6
CONTINUOUS
10
75.8028729999999911
20
-80.0611040000000003
11
75.7540989999999965
21
-80.134098999999992
0
LINE
8
BLACK
6
CONTINUOUS
10
75.7540989999999965
20
-80.134098999999992
11
75.6811039999999906
21
-80.1828730000000007
0
LINE
8
BLACK
6
CONTINUOUS
10
75.6811039999999906
20
-80.1828730000000007
11
75.5949999999999989
21
-80.2000000000000028
0
LINE
8
BLACK
6
CONTINUOUS
10
75.5949999999999989
20
-80.2000000000000028
11
66.0450000000000017
21
-80.2000000000000028
0
LINE
8
BLACK
6
CONTINUOUS
10
66.0450000000000017
20
-80.2000000000000028
11
65.9588959999999958
21
-80.1828730000000007
0
LINE
8
BLACK
6
CONTINUOUS
10
65.9588959999999958
20
-80.1828730000000007
11
65.885901000000004
21
-80.134098999999992
0
LINE
8
BLACK
6
CONTINUOUS
10
65.885901000000004
20
-80.134098999999992
11
65.8371269999999953
21
-80.0611040000000003
0
LINE
8
BLACK
6
CONTINUOUS
10
65.8371269999999953
20
-80.0611040000000003
11
65.8199999999999932
21
-79.9749999999999943
0
LINE
8
BLACK
6
CONTINUOUS
10
65.8199999999999932
20
-79.9749999999999943
11
65.8199999999999932
21
-78.9249999999999972
0
LINE
8
BLACK
6
CONTINUOUS
10
65.8199999999999932
20
-78.9249999999999972
11
65.8371269999999953
21
-78.8388959999999912
0
LINE
8
BLACK
6
CONTINUOUS
10
65.8371269999999953
20
-78.8388959999999912
11
65.885901000000004
21
-78.7659009999999995
0
LINE
8
BLACK
6
CONTINUOUS
10
65.885901000000004
20
-78.7659009999999995
11
65.9588959999999958
21
-78.7171269999999907
0
LINE
8
BLACK
6
CONTINUOUS
10
65.9588959999999958
20
-78.7171269999999907
11
66.0450000000000017
21
-78.7000000000000028
0
LINE
8
BLACK
6
CONTINUOUS
10
66.0450000000000017
20
-78.7000000000000028
11
75.5949999999999989
21
-78.7000000000000028
0
LINE
8
BLACK
6
CONTINUOUS
10
75.5949999999999989
20
-78.7000000000000028
11
75.6811039999999906
21
-78.7171269999999907
0
LINE
8
BLACK
6
CONTINUOUS
10
105.6811039999999906
20
-78.7171269999999907
11
105.7540989999999965
21
-78.7659009999999995
0
LINE
8
BLACK
6
CONTINUOUS
10
105.7540989999999965
20
-78.7659009999999995
11
105.8028729999999911
21
-78.8388959999999912
0
LINE
8
BLACK
6
CONTINUOUS
10
105.8028729999999911
20
-78.8388959999999912
11
105.8199999999999932
21
-78.9249999999999972
0
LINE
8
BLACK
6
CONTINUOUS
10
105.8199999999999932
20
-78.9249999999999972
11
105.8199999999999932
21
-79.9749999999999943
0
LINE
8
BLACK
6
CONTINUOUS
10
105.8199999999999932
20
-79.9749999999999943
11
105.8028729999999911
21
-80.0611040000000003
0
LINE
8
BLACK
6
CONTINUOUS
10
105.8028729999999911
20
-80.0611040000000003
11
105.7540989999999965
21
-80.134098999999992
0
LINE
8
BLACK
6
CONTINUOUS
10
105.7540989999999965
20
-80.134098999999992
11
105.6811039999999906
21
-80.1828730000000007
0
LINE
8
BLACK
6
CONTINUOUS
10
105.6811039999999906
20
-80.1828730000000007
11
105.5949999999999989
21
-80.2000000000000028
0
LINE
8
BLACK
6
CONTINUOUS
10
105.5949999999999989
20
-80.2000000000000028
11
96.0450000000000017
21
-80.2000000000000028
0
LINE
8
BLACK
6
CONTINUOUS
10
96.0450000000000017
20
-80.2000000000000028
11
95.9588959999999958
21
-80.1828730000000007
0
LINE
8
BLACK
6
CONTINUOUS
10
95.9588959999999958
20
-80.1828730000000007
11
95.8859009999999898
21
-80.134098999999992
0
LINE
8
BLACK
6
CONTINUOUS
10
95.8859009999999898
20
-80.134098999999992
11
95.8371269999999953
21
-80.0611040000000003
0
LINE
8
BLACK
6
CONTINUOUS
10
95.8371269999999953
20
-80.0611040000000003
11
95.8199999999999932
21
-79.9749999999999943
0
LINE
8
BLACK
6
CONTINUOUS
10
95.8199999999999932
20
-79.9749999999999943
11
95.8199999999999932
21
-78.9249999999999972
0
LINE
8
BLACK
6
CONTINUOUS
10
95.8199999999999932
20
-78.9249999999999972
11
95.8371269999999953
21
-78.8388959999999912
0
LINE
8
BLACK
6
CONTINUOUS
10
95.8371269999999953
20
-78.8388959999999912
11
95.8859009999999898
21
-78.7659009999999995
0
LINE
8
BLACK
6
CONTINUOUS
10
95.8859009999999898
20
-78.7659009999999995
11
95.9588959999999958
21
-78.7171269999999907
0
LINE
8
BLACK
6
CONTINUOUS
10
95.9588959999999958
20
-78.7171269999999907
11
96.0450000000000017
21
-78.7000000000000028
0
LINE
8
BLACK
6
CONTINUOUS
10
96.0450000000000017
20
-78.7000000000000028
11
105.5949999999999989
21
-78.7000000000000028
0
LINE
8
BLACK
6
CONTINUOUS
10
105.5949999999999989
20
-78.7000000000000028
11
105.6811039999999906
21
-78.7171269999999907
0
LINE
8
BLACK
6
CONTINUOUS
10
154.501103999999998
20
-78.7171269999999907
11
154.5740989999999897
21
-78.7659009999999995
0
LINE
8
BLACK
6
CONTINUOUS
10
154.5740989999999897
20
-78.7659009999999995
11
154.6228729999999985
21
-78.8388959999999912
0
LINE
8
BLACK
6
CONTINUOUS
10
154.6228729999999985
20
-78.8388959999999912
11
154.6399999999999864
21
-78.9249999999999972
0
LINE
8
BLACK
6
CONTINUOUS
10
154.6399999999999864
20
-78.9249999999999972
11
154.6399999999999864
21
-79.9749999999999943
0
LINE
8
BLACK
6
CONTINUOUS
10
154.6399999999999864
20
-79.9749999999999943
11
154.6228729999999985
21
-80.0611040000000003
0
LINE
8
BLACK
6
CONTINUOUS
10
154.6228729999999985
20
-80.0611040000000003
11
154.5740989999999897
21
-80.134098999999992
0
LINE
8
BLACK
6
CONTINUOUS
10
154.5740989999999897
20
-80.134098999999992
11
154.501103999999998
21
-80.1828730000000007
0
LINE
8
BLACK
6
CONTINUOUS
10
154.501103999999998
20
-80.1828730000000007
11
154.414999999999992
21
-80.2000000000000028
0
LINE
8
BLACK
6
CONTINUOUS
10
154.414999999999992
20
-80.2000000000000028
11
144.8649999999999807
21
-80.2000000000000028
0
LINE
8
BLACK
6
CONTINUOUS
10
144.8649999999999807
20
-80.2000000000000028
11
144.7788960000000031
21
-80.1828730000000007
0
LINE
8
BLACK
6
CONTINUOUS
10
144.7788960000000031
20
-80.1828730000000007
11
144.705900999999983
21
-80.134098999999992
0
LINE
8
BLACK
6
CONTINUOUS
10
144.705900999999983
20
-80.134098999999992
11
144.6571270000000027
21
-80.0611040000000003
0
LINE
8
BLACK
6
CONTINUOUS
10
144.6571270000000027
20
-80.0611040000000003
11
144.6399999999999864
21
-79.9749999999999943
0
LINE
8
BLACK
6
CONTINUOUS
10
144.6399999999999864
20
-79.9749999999999943
11
144.6399999999999864
21
-78.9249999999999972
0
LINE
8
BLACK
6
CONTINUOUS
10
144.6399999999999864
20
-78.9249999999999972
11
144.6571270000000027
21
-78.8388959999999912
0
LINE
8
BLACK
6
CONTINUOUS
10
144.6571270000000027
20
-78.8388959999999912
11
144.705900999999983
21
-78.7659009999999995
0
LINE
8
BLACK
6
CONTINUOUS
10
144.705900999999983
20
-78.7659009999999995
11
144.7788960000000031
21
-78.7171269999999907
0
LINE
8
BLACK
6
CONTINUOUS
10
144.7788960000000031
20
-78.7171269999999907
11
144.8649999999999807
21
-78.7000000000000028
0
LINE
8
BLACK
6
CONTINUOUS
10
144.8649999999999807
20
-78.7000000000000028
11
154.414999999999992
21
-78.7000000000000028
0
LINE
8
BLACK
6
CONTINUOUS
10
154.414999999999992
20
-78.7000000000000028
11
154.501103999999998
21
-78.7171269999999907
0
LINE
8
BLACK
6
CONTINUOUS
10
184.501103999999998
20
-78.7171269999999907
11
184.5740989999999897
21
-78.7659009999999995
0
LINE
8
BLACK
6
CONTINUOUS
10
184.5740989999999897
20
-78.7659009999999995
11
184.6228729999999985
21
-78.8388959999999912
0
LINE
8
BLACK
6
CONTINUOUS
10
184.6228729999999985
20
-78.8388959999999912
11
184.6399999999999864
21
-78.9249999999999972
0
LINE
8
BLACK
6
CONTINUOUS
10
184.6399999999999864
20
-78.9249999999999972
11
184.6399999999999864
21
-79.9749999999999943
0
LINE
8
BLACK
6
CONTINUOUS
10
184.6399999999999864
20
-79.9749999999999943
11
184.6228729999999985
21
-80.0611040000000003
0
LINE
8
BLACK
6
CONTINUOUS
10
184.6228729999999985
20
-80.0611040000000003
11
184.5740989999999897
21
-80.134098999999992
0
LINE
8
BLACK
6
CONTINUOUS
10
184.5740989999999897
20
-80.134098999999992
11
184.501103999999998
21
-80.1828730000000007
0
LINE
8
BLACK
6
CONTINUOUS
10
184.501103999999998
20
-80.1828730000000007
11
184.414999999999992
21
-80.2000000000000028
0
LINE
8
BLACK
6
CONTINUOUS
10
184.414999999999992
20
-80.2000000000000028
11
174.8649999999999807
21
-80.2000000000000028
0
LINE
8
BLACK
6
CONTINUOUS
10
174.8649999999999807
20
-80.2000000000000028
11
174.7788960000000031
21
-80.1828730000000007
0
LINE
8
BLACK
6
CONTINUOUS
10
174.7788960000000031
20
-80.1828730000000007
11
174.705900999999983
21
-80.134098999999992
0
LINE
8
BLACK
6
CONTINUOUS
10
174.705900999999983
20
-80.134098999999992
11
174.6571270000000027
21
-80.0611040000000003
0
LINE
8
BLACK
6
CONTINUOUS
10
174.6571270000000027
20
-80.0611040000000003
11
174.6399999999999864
21
-79.9749999999999943
0
LINE
8
BLACK
6
CONTINUOUS
10
174.6399999999999864
20
-79.9749999999999943
11
174.6399999999999864
21
-78.9249999999999972
0
LINE
8
BLACK
6
CONTINUOUS
10
174.6399999999999864
20
-78.9249999999999972
11
174.6571270000000027
21
-78.8388959999999912
0
LINE
8
BLACK
6
CONTINUOUS
10
174.6571270000000027
20
-78.8388959999999912
11
174.705900999999983
21
-78.7659009999999995
0
LINE
8
BLACK
6
CONTINUOUS
10
174.705900999999983
20
-78.7659009999999995
11
174.7788960000000031
21
-78.7171269999999907
0
LINE
8
BLACK
6
CONTINUOUS
10
174.7788960000000031
20
-78.7171269999999907
11
174.8649999999999807
21
-78.7000000000000028
0
LINE
8
BLACK
6
CONTINUOUS
10
174.8649999999999807
20
-78.7000000000000028
11
184.414999999999992
21
-78.7000000000000028
0
LINE
8
BLACK
6
CONTINUOUS
10
184.414999999999992
20
-78.7000000000000028
11
184.501103999999998
21
-78.7171269999999907
0
LINE
8
BLACK
6
CONTINUOUS
10
230.7011039999999866
20
-78.0971270000000004
11
230.7740989999999783
21
-78.145900999999995
0
LINE
8
BLACK
6
CONTINUOUS
10
230.7740989999999783
20
-78.145900999999995
11
230.8228729999999871
21
-78.2188960000000009
0
LINE
8
BLACK
6
CONTINUOUS
10
230.8228729999999871
20
-78.2188960000000009
11
230.8400000000000034
21
-78.3049999999999926
0
LINE
8
BLACK
6
CONTINUOUS
10
230.8400000000000034
20
-78.3049999999999926
11
230.8400000000000034
21
-79.3549999999999898
0
LINE
8
BLACK
6
CONTINUOUS
10
230.8400000000000034
20
-79.3549999999999898
11
230.8228729999999871
21
-79.4411039999999957
0
LINE
8
BLACK
6
CONTINUOUS
10
230.8228729999999871
20
-79.4411039999999957
11
230.7740989999999783
21
-79.5140990000000016
0
LINE
8
BLACK
6
CONTINUOUS
10
230.7740989999999783
20
-79.5140990000000016
11
230.7011039999999866
21
-79.5628729999999962
0
LINE
8
BLACK
6
CONTINUOUS
10
230.7011039999999866
20
-79.5628729999999962
11
230.6149999999999807
21
-79.5799999999999983
0
LINE
8
BLACK
6
CONTINUOUS
10
230.6149999999999807
20
-79.5799999999999983
11
221.0649999999999977
21
-79.5799999999999983
0
LINE
8
BLACK
6
CONTINUOUS
10
221.0649999999999977
20
-79.5799999999999983
11
220.9788959999999918
21
-79.5628729999999962
0
LINE
8
BLACK
6
CONTINUOUS
10
220.9788959999999918
20
-79.5628729999999962
11
220.9059010000000001
21
-79.5140990000000016
0
LINE
8
BLACK
6
CONTINUOUS
10
220.9059010000000001
20
-79.5140990000000016
11
220.8571269999999913
21
-79.4411039999999957
0
LINE
8
BLACK
6
CONTINUOUS
10
220.8571269999999913
20
-79.4411039999999957
11
220.8400000000000034
21
-79.3549999999999898
0
LINE
8
BLACK
6
CONTINUOUS
10
220.8400000000000034
20
-79.3549999999999898
11
220.8400000000000034
21
-78.3049999999999926
0
LINE
8
BLACK
6
CONTINUOUS
10
220.8400000000000034
20
-78.3049999999999926
11
220.8571269999999913
21
-78.2188960000000009
0
LINE
8
BLACK
6
CONTINUOUS
10
220.8571269999999913
20
-78.2188960000000009
11
220.9059010000000001
21
-78.145900999999995
0
LINE
8
BLACK
6
CONTINUOUS
10
220.9059010000000001
20
-78.145900999999995
11
220.9788959999999918
21
-78.0971270000000004
0
LINE
8
BLACK
6
CONTINUOUS
10
220.9788959999999918
20
-78.0971270000000004
11
221.0649999999999977
21
-78.0799999999999983
0
LINE
8
BLACK
6
CONTINUOUS
10
221.0649999999999977
20
-78.0799999999999983
11
230.6149999999999807
21
-78.0799999999999983
0
LINE
8
BLACK
6
CONTINUOUS
10
230.6149999999999807
20
-78.0799999999999983
11
230.7011039999999866
21
-78.0971270000000004
0
LINE
8
BLACK
6
CONTINUOUS
10
253.7722279999999841
20
-76.8444479999999999
11
253.9171169999999904
21
-76.9044629999999927
0
LINE
8
BLACK
6
CONTINUOUS
10
253.9171169999999904
20
-76.9044629999999927
11
254.0475149999999758
21
-76.9915919999999971
0
LINE
8
BLACK
6
CONTINUOUS
10
254.0475149999999758
20
-76.9915919999999971
11
254.1584079999999801
21
-77.1024850000000015
0
LINE
8
BLACK
6
CONTINUOUS
10
254.1584079999999801
20
-77.1024850000000015
11
254.2455369999999846
21
-77.2328830000000011
0
LINE
8
BLACK
6
CONTINUOUS
10
254.2455369999999846
20
-77.2328830000000011
11
254.3055519999999774
21
-77.3777719999999931
0
LINE
8
BLACK
6
CONTINUOUS
10
254.3055519999999774
20
-77.3777719999999931
11
254.3361479999999801
21
-77.5315859999999901
0
LINE
8
BLACK
6
CONTINUOUS
10
254.3361479999999801
20
-77.5315859999999901
11
254.3361479999999801
21
-77.6884139999999945
0
LINE
8
BLACK
6
CONTINUOUS
10
254.3361479999999801
20
-77.6884139999999945
11
254.3055519999999774
21
-77.8422279999999915
0
LINE
8
BLACK
6
CONTINUOUS
10
254.3055519999999774
20
-77.8422279999999915
11
254.2455369999999846
21
-77.9871169999999978
0
LINE
8
BLACK
6
CONTINUOUS
10
254.2455369999999846
20
-77.9871169999999978
11
254.1584079999999801
21
-78.1175149999999974
0
LINE
8
BLACK
6
CONTINUOUS
10
254.1584079999999801
20
-78.1175149999999974
11
254.0475149999999758
21
-78.2284080000000017
0
LINE
8
BLACK
6
CONTINUOUS
10
254.0475149999999758
20
-78.2284080000000017
11
253.9171169999999904
21
-78.315536999999992
0
LINE
8
BLACK
6
CONTINUOUS
10
253.9171169999999904
20
-78.315536999999992
11
253.7722279999999841
21
-78.375551999999999
0
LINE
8
BLACK
6
CONTINUOUS
10
253.7722279999999841
20
-78.375551999999999
11
253.6184140000000014
21
-78.4061480000000017
0
LINE
8
BLACK
6
CONTINUOUS
10
253.6184140000000014
20
-78.4061480000000017
11
253.4615859999999827
21
-78.4061480000000017
0
LINE
8
BLACK
6
CONTINUOUS
10
253.4615859999999827
20
-78.4061480000000017
11
253.3077719999999999
21
-78.375551999999999
0
LINE
8
BLACK
6
CONTINUOUS
10
253.3077719999999999
20
-78.375551999999999
11
253.1628829999999937
21
-78.315536999999992
0
LINE
8
BLACK
6
CONTINUOUS
10
253.1628829999999937
20
-78.315536999999992
11
253.0324849999999799
21
-78.2284080000000017
0
LINE
8
BLACK
6
CONTINUOUS
10
253.0324849999999799
20
-78.2284080000000017
11
252.9215919999999755
21
-78.1175149999999974
0
LINE
8
BLACK
6
CONTINUOUS
10
252.9215919999999755
20
-78.1175149999999974
11
252.8344629999999995
21
-77.9871169999999978
0
LINE
8
BLACK
6
CONTINUOUS
10
252.8344629999999995
20
-77.9871169999999978
11
252.7744479999999783
21
-77.8422279999999915
0
LINE
8
BLACK
6
CONTINUOUS
10
252.7744479999999783
20
-77.8422279999999915
11
252.7438519999999755
21
-77.6884139999999945
0
LINE
8
BLACK
6
CONTINUOUS
10
252.7438519999999755
20
-77.6884139999999945
11
252.7438519999999755
21
-77.5315859999999901
0
LINE
8
BLACK
6
CONTINUOUS
10
252.7438519999999755
20
-77.5315859999999901
11
252.7744479999999783
21
-77.3777719999999931
0
LINE
8
BLACK
6
CONTINUOUS
10
252.7744479999999783
20
-77.3777719999999931
11
252.8344629999999995
21
-77.2328830000000011
0
LINE
8
BLACK
6
CONTINUOUS
10
252.8344629999999995
20
-77.2328830000000011
11
252.9215919999999755
21
-77.1024850000000015
0
LINE
8
BLACK
6
CONTINUOUS
10
252.9215919999999755
20
-77.1024850000000015
11
253.0324849999999799
21
-76.9915919999999971
0
LINE
8
BLACK
6
CONTINUOUS
10
253.0324849999999799
20
-76.9915919999999971
11
253.1628829999999937
21
-76.9044629999999927
0
LINE
8
BLACK
6
CONTINUOUS
10
253.1628829999999937
20
-76.9044629999999927
11
253.3077719999999999
21
-76.8444479999999999
0
LINE
8
BLACK
6
CONTINUOUS
10
253.3077719999999999
20
-76.8444479999999999
11
253.4615859999999827
21
-76.8138519999999971
0
LINE
8
BLACK
6
CONTINUOUS
10
253.4615859999999827
20
-76.8138519999999971
11
253.6184140000000014
21
-76.8138519999999971
0
LINE
8
BLACK
6
CONTINUOUS
10
253.6184140000000014
20
-76.8138519999999971
11
253.7722279999999841
21
-76.8444479999999999
0
LINE
8
BLACK
6
CONTINUOUS
10
62.6763339999999971
20
-76.144447999999997
11
62.7138799999999961
21
-76.1599999999999966
0
LINE
8
BLACK
6
CONTINUOUS
10
62.7138799999999961
20
-76.1599999999999966
11
70.8199999999999932
21
-76.1599999999999966
0
LINE
8
BLACK
6
CONTINUOUS
10
70.8199999999999932
20
-76.1599999999999966
11
75.5949999999999989
21
-76.1599999999999966
0
LINE
8
BLACK
6
CONTINUOUS
10
75.5949999999999989
20
-76.1599999999999966
11
75.6811039999999906
21
-76.1771269999999987
0
LINE
8
BLACK
6
CONTINUOUS
10
75.6811039999999906
20
-76.1771269999999987
11
75.7540989999999965
21
-76.2259009999999932
0
LINE
8
BLACK
6
CONTINUOUS
10
75.7540989999999965
20
-76.2259009999999932
11
75.8028729999999911
21
-76.2988959999999992
0
LINE
8
BLACK
6
CONTINUOUS
10
75.8028729999999911
20
-76.2988959999999992
11
75.8199999999999932
21
-76.3849999999999909
0
LINE
8
BLACK
6
CONTINUOUS
10
75.8199999999999932
20
-76.3849999999999909
11
75.8199999999999932
21
-77.4350000000000023
0
LINE
8
BLACK
6
CONTINUOUS
10
75.8199999999999932
20
-77.4350000000000023
11
75.8028729999999911
21
-77.521103999999994
0
LINE
8
BLACK
6
CONTINUOUS
10
75.8028729999999911
20
-77.521103999999994
11
75.7540989999999965
21
-77.5940989999999999
0
LINE
8
BLACK
6
CONTINUOUS
10
75.7540989999999965
20
-77.5940989999999999
11
75.6811039999999906
21
-77.6428729999999945
0
LINE
8
BLACK
6
CONTINUOUS
10
75.6811039999999906
20
-77.6428729999999945
11
75.5949999999999989
21
-77.6599999999999966
0
LINE
8
BLACK
6
CONTINUOUS
10
75.5949999999999989
20
-77.6599999999999966
11
66.0450000000000017
21
-77.6599999999999966
0
LINE
8
BLACK
6
CONTINUOUS
10
66.0450000000000017
20
-77.6599999999999966
11
62.7138799999999961
21
-77.6599999999999966
0
LINE
8
BLACK
6
CONTINUOUS
10
62.7138799999999961
20
-77.6599999999999966
11
62.6763339999999971
21
-77.6755519999999962
0
LINE
8
BLACK
6
CONTINUOUS
10
62.6763339999999971
20
-77.6755519999999962
11
62.5225200000000001
21
-77.7061479999999989
0
LINE
8
BLACK
6
CONTINUOUS
10
62.5225200000000001
20
-77.7061479999999989
11
62.3656919999999957
21
-77.7061479999999989
0
LINE
8
BLACK
6
CONTINUOUS
10
62.3656919999999957
20
-77.7061479999999989
11
62.2118779999999987
21
-77.6755519999999962
0
LINE
8
BLACK
6
CONTINUOUS
10
62.2118779999999987
20
-77.6755519999999962
11
62.0669889999999995
21
-77.6155370000000033
0
LINE
8
BLACK
6
CONTINUOUS
10
62.0669889999999995
20
-77.6155370000000033
11
61.936591
21
-77.5284079999999989
0
LINE
8
BLACK
6
CONTINUOUS
10
61.936591
20
-77.5284079999999989
11
61.8256979999999956
21
-77.4175149999999945
0
LINE
8
BLACK
6
CONTINUOUS
10
61.8256979999999956
20
-77.4175149999999945
11
61.7385689999999983
21
-77.287116999999995
0
LINE
8
BLACK
6
CONTINUOUS
10
61.7385689999999983
20
-77.287116999999995
11
61.6785539999999983
21
-77.1422280000000029
0
LINE
8
BLACK
6
CONTINUOUS
10
61.6785539999999983
20
-77.1422280000000029
11
61.6479579999999956
21
-76.9884139999999917
0
LINE
8
BLACK
6
CONTINUOUS
10
61.6479579999999956
20
-76.9884139999999917
11
61.6479579999999956
21
-76.8315860000000015
0
LINE
8
BLACK
6
CONTINUOUS
10
61.6479579999999956
20
-76.8315860000000015
11
61.6785539999999983
21
-76.6777719999999903
0
LINE
8
BLACK
6
CONTINUOUS
10
61.6785539999999983
20
-76.6777719999999903
11
61.7385689999999983
21
-76.5328829999999982
0
LINE
8
BLACK
6
CONTINUOUS
10
61.7385689999999983
20
-76.5328829999999982
11
61.8256979999999956
21
-76.4024849999999986
0
LINE
8
BLACK
6
CONTINUOUS
10
61.8256979999999956
20
-76.4024849999999986
11
61.936591
21
-76.2915919999999943
0
LINE
8
BLACK
6
CONTINUOUS
10
61.936591
20
-76.2915919999999943
11
62.0669889999999995
21
-76.2044629999999898
0
LINE
8
BLACK
6
CONTINUOUS
10
62.0669889999999995
20
-76.2044629999999898
11
62.2118779999999987
21
-76.144447999999997
0
LINE
8
BLACK
6
CONTINUOUS
10
62.2118779999999987
20
-76.144447999999997
11
62.3656919999999957
21
-76.1138519999999943
0
LINE
8
BLACK
6
CONTINUOUS
10
62.3656919999999957
20
-76.1138519999999943
11
62.5225200000000001
21
-76.1138519999999943
0
LINE
8
BLACK
6
CONTINUOUS
10
62.5225200000000001
20
-76.1138519999999943
11
62.6763339999999971
21
-76.144447999999997
0
LINE
8
BLACK
6
CONTINUOUS
10
105.6811039999999906
20
-76.1771269999999987
11
105.7540989999999965
21
-76.2259009999999932
0
LINE
8
BLACK
6
CONTINUOUS
10
105.7540989999999965
20
-76.2259009999999932
11
105.8028729999999911
21
-76.2988959999999992
0
LINE
8
BLACK
6
CONTINUOUS
10
105.8028729999999911
20
-76.2988959999999992
11
105.8199999999999932
21
-76.3849999999999909
0
LINE
8
BLACK
6
CONTINUOUS
10
105.8199999999999932
20
-76.3849999999999909
11
105.8199999999999932
21
-77.4350000000000023
0
LINE
8
BLACK
6
CONTINUOUS
10
105.8199999999999932
20
-77.4350000000000023
11
105.8028729999999911
21
-77.521103999999994
0
LINE
8
BLACK
6
CONTINUOUS
10
105.8028729999999911
20
-77.521103999999994
11
105.7540989999999965
21
-77.5940989999999999
0
LINE
8
BLACK
6
CONTINUOUS
10
105.7540989999999965
20
-77.5940989999999999
11
105.6811039999999906
21
-77.6428729999999945
0
LINE
8
BLACK
6
CONTINUOUS
10
105.6811039999999906
20
-77.6428729999999945
11
105.5949999999999989
21
-77.6599999999999966
0
LINE
8
BLACK
6
CONTINUOUS
10
105.5949999999999989
20
-77.6599999999999966
11
96.0450000000000017
21
-77.6599999999999966
0
LINE
8
BLACK
6
CONTINUOUS
10
96.0450000000000017
20
-77.6599999999999966
11
95.9588959999999958
21
-77.6428729999999945
0
LINE
8
BLACK
6
CONTINUOUS
10
95.9588959999999958
20
-77.6428729999999945
11
95.8859009999999898
21
-77.5940989999999999
0
LINE
8
BLACK
6
CONTINUOUS
10
95.8859009999999898
20
-77.5940989999999999
11
95.8371269999999953
21
-77.521103999999994
0
LINE
8
BLACK
6
CONTINUOUS
10
95.8371269999999953
20
-77.521103999999994
11
95.8199999999999932
21
-77.4350000000000023
0
LINE
8
BLACK
6
CONTINUOUS
10
95.8199999999999932
20
-77.4350000000000023
11
95.8199999999999932
21
-76.3849999999999909
0
LINE
8
BLACK
6
CONTINUOUS
10
95.8199999999999932
20
-76.3849999999999909
11
95.8371269999999953
21
-76.2988959999999992
0
LINE
8
BLACK
6
CONTINUOUS
10
95.8371269999999953
20
-76.2988959999999992
11
95.8859009999999898
21
-76.2259009999999932
0
LINE
8
BLACK
6
CONTINUOUS
10
95.8859009999999898
20
-76.2259009999999932
11
95.9588959999999958
21
-76.1771269999999987
0
LINE
8
BLACK
6
CONTINUOUS
10
95.9588959999999958
20
-76.1771269999999987
11
96.0450000000000017
21
-76.1599999999999966
0
LINE
8
BLACK
6
CONTINUOUS
10
96.0450000000000017
20
-76.1599999999999966
11
105.5949999999999989
21
-76.1599999999999966
0
LINE
8
BLACK
6
CONTINUOUS
10
105.5949999999999989
20
-76.1599999999999966
11
105.6811039999999906
21
-76.1771269999999987
0
LINE
8
BLACK
6
CONTINUOUS
10
154.501103999999998
20
-76.1771269999999987
11
154.5740989999999897
21
-76.2259009999999932
0
LINE
8
BLACK
6
CONTINUOUS
10
154.5740989999999897
20
-76.2259009999999932
11
154.6228729999999985
21
-76.2988959999999992
0
LINE
8
BLACK
6
CONTINUOUS
10
154.6228729999999985
20
-76.2988959999999992
11
154.6399999999999864
21
-76.3849999999999909
0
LINE
8
BLACK
6
CONTINUOUS
10
154.6399999999999864
20
-76.3849999999999909
11
154.6399999999999864
21
-77.4350000000000023
0
LINE
8
BLACK
6
CONTINUOUS
10
154.6399999999999864
20
-77.4350000000000023
11
154.6228729999999985
21
-77.521103999999994
0
LINE
8
BLACK
6
CONTINUOUS
10
154.6228729999999985
20
-77.521103999999994
11
154.5740989999999897
21
-77.5940989999999999
0
LINE
8
BLACK
6
CONTINUOUS
10
154.5740989999999897
20
-77.5940989999999999
11
154.501103999999998
21
-77.6428729999999945
0
LINE
8
BLACK
6
CONTINUOUS
10
154.501103999999998
20
-77.6428729999999945
11
154.414999999999992
21
-77.6599999999999966
0
LINE
8
BLACK
6
CONTINUOUS
10
154.414999999999992
20
-77.6599999999999966
11
144.8649999999999807
21
-77.6599999999999966
0
LINE
8
BLACK
6
CONTINUOUS
10
144.8649999999999807
20
-77.6599999999999966
11
144.7788960000000031
21
-77.6428729999999945
0
LINE
8
BLACK
6
CONTINUOUS
10
144.7788960000000031
20
-77.6428729999999945
11
144.705900999999983
21
-77.5940989999999999
0
LINE
8
BLACK
6
CONTINUOUS
10
144.705900999999983
20
-77.5940989999999999
11
144.6571270000000027
21
-77.521103999999994
0
LINE
8
BLACK
6
CONTINUOUS
10
144.6571270000000027
20
-77.521103999999994
11
144.6399999999999864
21
-77.4350000000000023
0
LINE
8
BLACK
6
CONTINUOUS
10
144.6399999999999864
20
-77.4350000000000023
11
144.6399999999999864
21
-76.3849999999999909
0
LINE
8
BLACK
6
CONTINUOUS
10
144.6399999999999864
20
-76.3849999999999909
11
144.6571270000000027
21
-76.2988959999999992
0
LINE
8
BLACK
6
CONTINUOUS
10
144.6571270000000027
20
-76.2988959999999992
11
144.705900999999983
21
-76.2259009999999932
0
LINE
8
BLACK
6
CONTINUOUS
10
144.705900999999983
20
-76.2259009999999932
11
144.7788960000000031
21
-76.1771269999999987
0
LINE
8
BLACK
6
CONTINUOUS
10
144.7788960000000031
20
-76.1771269999999987
11
144.8649999999999807
21
-76.1599999999999966
0
LINE
8
BLACK
6
CONTINUOUS
10
144.8649999999999807
20
-76.1599999999999966
11
154.414999999999992
21
-76.1599999999999966
0
LINE
8
BLACK
6
CONTINUOUS
10
154.414999999999992
20
-76.1599999999999966
11
154.501103999999998
21
-76.1771269999999987
0
LINE
8
BLACK
6
CONTINUOUS
10
184.501103999999998
20
-76.1771269999999987
11
184.5740989999999897
21
-76.2259009999999932
0
LINE
8
BLACK
6
CONTINUOUS
10
184.5740989999999897
20
-76.2259009999999932
11
184.6228729999999985
21
-76.2988959999999992
0
LINE
8
BLACK
6
CONTINUOUS
10
184.6228729999999985
20
-76.2988959999999992
11
184.6399999999999864
21
-76.3849999999999909
0
LINE
8
BLACK
6
CONTINUOUS
10
184.6399999999999864
20
-76.3849999999999909
11
184.6399999999999864
21
-77.4350000000000023
0
LINE
8
BLACK
6
CONTINUOUS
10
184.6399999999999864
20
-77.4350000000000023
11
184.6228729999999985
21
-77.521103999999994
0
LINE
8
BLACK
6
CONTINUOUS
10
184.6228729999999985
20
-77.521103999999994
11
184.5740989999999897
21
-77.5940989999999999
0
LINE
8
BLACK
6
CONTINUOUS
10
184.5740989999999897
20
-77.5940989999999999
11
184.501103999999998
21
-77.6428729999999945
0
LINE
8
BLACK
6
CONTINUOUS
10
184.501103999999998
20
-77.6428729999999945
11
184.414999999999992
21
-77.6599999999999966
0
LINE
8
BLACK
6
CONTINUOUS
10
184.414999999999992
20
-77.6599999999999966
11
174.8649999999999807
21
-77.6599999999999966
0
LINE
8
BLACK
6
CONTINUOUS
10
174.8649999999999807
20
-77.6599999999999966
11
174.7788960000000031
21
-77.6428729999999945
0
LINE
8
BLACK
6
CONTINUOUS
10
174.7788960000000031
20
-77.6428729999999945
11
174.705900999999983
21
-77.5940989999999999
0
LINE
8
BLACK
6
CONTINUOUS
10
174.705900999999983
20
-77.5940989999999999
11
174.6571270000000027
21
-77.521103999999994
0
LINE
8
BLACK
6
CONTINUOUS
10
174.6571270000000027
20
-77.521103999999994
11
174.6399999999999864
21
-77.4350000000000023
0
LINE
8
BLACK
6
CONTINUOUS
10
174.6399999999999864
20
-77.4350000000000023
11
174.6399999999999864
21
-76.3849999999999909
0
LINE
8
BLACK
6
CONTINUOUS
10
174.6399999999999864
20
-76.3849999999999909
11
174.6571270000000027
21
-76.2988959999999992
0
LINE
8
BLACK
6
CONTINUOUS
10
174.6571270000000027
20
-76.2988959999999992
11
174.705900999999983
21
-76.2259009999999932
0
LINE
8
BLACK
6
CONTINUOUS
10
174.705900999999983
20
-76.2259009999999932
11
174.7788960000000031
21
-76.1771269999999987
0
LINE
8
BLACK
6
CONTINUOUS
10
174.7788960000000031
20
-76.1771269999999987
11
174.8649999999999807
21
-76.1599999999999966
0
LINE
8
BLACK
6
CONTINUOUS
10
174.8649999999999807
20
-76.1599999999999966
11
184.414999999999992
21
-76.1599999999999966
0
LINE
8
BLACK
6
CONTINUOUS
10
184.414999999999992
20
-76.1599999999999966
11
184.501103999999998
21
-76.1771269999999987
0
LINE
8
BLACK
6
CONTINUOUS
10
244.5302279999999939
20
-76.0505539999999911
11
244.6751170000000002
21
-76.1105689999999981
0
LINE
8
BLACK
6
CONTINUOUS
10
244.6751170000000002
20
-76.1105689999999981
11
244.8055149999999855
21
-76.1976980000000026
0
LINE
8
BLACK
6
CONTINUOUS
10
244.8055149999999855
20
-76.1976980000000026
11
244.9164079999999899
21
-76.3085909999999927
0
LINE
8
BLACK
6
CONTINUOUS
10
244.9164079999999899
20
-76.3085909999999927
11
245.0035369999999944
21
-76.4389889999999923
0
LINE
8
BLACK
6
CONTINUOUS
10
245.0035369999999944
20
-76.4389889999999923
11
245.0635519999999872
21
-76.5838779999999986
0
LINE
8
BLACK
6
CONTINUOUS
10
245.0635519999999872
20
-76.5838779999999986
11
245.0941479999999899
21
-76.7376919999999956
0
LINE
8
BLACK
6
CONTINUOUS
10
245.0941479999999899
20
-76.7376919999999956
11
245.0941479999999899
21
-76.89452
0
LINE
8
BLACK
6
CONTINUOUS
10
245.0941479999999899
20
-76.89452
11
245.0635519999999872
21
-77.048333999999997
0
LINE
8
BLACK
6
CONTINUOUS
10
245.0635519999999872
20
-77.048333999999997
11
245.0035369999999944
21
-77.1932230000000033
0
LINE
8
BLACK
6
CONTINUOUS
10
245.0035369999999944
20
-77.1932230000000033
11
244.9164079999999899
21
-77.3236210000000028
0
LINE
8
BLACK
6
CONTINUOUS
10
244.9164079999999899
20
-77.3236210000000028
11
244.8055149999999855
21
-77.434513999999993
0
LINE
8
BLACK
6
CONTINUOUS
10
244.8055149999999855
20
-77.434513999999993
11
244.6751170000000002
21
-77.5216429999999974
0
LINE
8
BLACK
6
CONTINUOUS
10
244.6751170000000002
20
-77.5216429999999974
11
244.5302279999999939
21
-77.5816579999999902
0
LINE
8
BLACK
6
CONTINUOUS
10
244.5302279999999939
20
-77.5816579999999902
11
244.3764139999999827
21
-77.612253999999993
0
LINE
8
BLACK
6
CONTINUOUS
10
244.3764139999999827
20
-77.612253999999993
11
244.2195859999999925
21
-77.612253999999993
0
LINE
8
BLACK
6
CONTINUOUS
10
244.2195859999999925
20
-77.612253999999993
11
244.0657719999999813
21
-77.5816579999999902
0
LINE
8
BLACK
6
CONTINUOUS
10
244.0657719999999813
20
-77.5816579999999902
11
243.920882999999975
21
-77.5216429999999974
0
LINE
8
BLACK
6
CONTINUOUS
10
243.920882999999975
20
-77.5216429999999974
11
243.7904849999999897
21
-77.434513999999993
0
LINE
8
BLACK
6
CONTINUOUS
10
243.7904849999999897
20
-77.434513999999993
11
243.6795919999999853
21
-77.3236210000000028
0
LINE
8
BLACK
6
CONTINUOUS
10
243.6795919999999853
20
-77.3236210000000028
11
243.5924629999999809
21
-77.1932230000000033
0
LINE
8
BLACK
6
CONTINUOUS
10
243.5924629999999809
20
-77.1932230000000033
11
243.532447999999988
21
-77.048333999999997
0
LINE
8
BLACK
6
CONTINUOUS
10
243.532447999999988
20
-77.048333999999997
11
243.5018519999999853
21
-76.89452
0
LINE
8
BLACK
6
CONTINUOUS
10
243.5018519999999853
20
-76.89452
11
243.5018519999999853
21
-76.7376919999999956
0
LINE
8
BLACK
6
CONTINUOUS
10
243.5018519999999853
20
-76.7376919999999956
11
243.532447999999988
21
-76.5838779999999986
0
LINE
8
BLACK
6
CONTINUOUS
10
243.532447999999988
20
-76.5838779999999986
11
243.5924629999999809
21
-76.4389889999999923
0
LINE
8
BLACK
6
CONTINUOUS
10
243.5924629999999809
20
-76.4389889999999923
11
243.6795919999999853
21
-76.3085909999999927
0
LINE
8
BLACK
6
CONTINUOUS
10
243.6795919999999853
20
-76.3085909999999927
11
243.7904849999999897
21
-76.1976980000000026
0
LINE
8
BLACK
6
CONTINUOUS
10
243.7904849999999897
20
-76.1976980000000026
11
243.920882999999975
21
-76.1105689999999981
0
LINE
8
BLACK
6
CONTINUOUS
10
243.920882999999975
20
-76.1105689999999981
11
244.0657719999999813
21
-76.0505539999999911
0
LINE
8
BLACK
6
CONTINUOUS
10
244.0657719999999813
20
-76.0505539999999911
11
244.2195859999999925
21
-76.0199580000000026
0
LINE
8
BLACK
6
CONTINUOUS
10
244.2195859999999925
20
-76.0199580000000026
11
244.3764139999999827
21
-76.0199580000000026
0
LINE
8
BLACK
6
CONTINUOUS
10
244.3764139999999827
20
-76.0199580000000026
11
244.5302279999999939
21
-76.0505539999999911
0
LINE
8
BLACK
6
CONTINUOUS
10
251.4332279999999855
20
-75.9034479999999974
11
251.5781169999999918
21
-75.9634629999999902
0
LINE
8
BLACK
6
CONTINUOUS
10
251.5781169999999918
20
-75.9634629999999902
11
251.7085149999999771
21
-76.0505919999999946
0
LINE
8
BLACK
6
CONTINUOUS
10
251.7085149999999771
20
-76.0505919999999946
11
251.8194079999999815
21
-76.161484999999999
0
LINE
8
BLACK
6
CONTINUOUS
10
251.8194079999999815
20
-76.161484999999999
11
251.9065369999999859
21
-76.2918829999999986
0
LINE
8
BLACK
6
CONTINUOUS
10
251.9065369999999859
20
-76.2918829999999986
11
251.9665519999999788
21
-76.4367719999999906
0
LINE
8
BLACK
6
CONTINUOUS
10
251.9665519999999788
20
-76.4367719999999906
11
251.9971479999999815
21
-76.5905860000000018
0
LINE
8
BLACK
6
CONTINUOUS
10
251.9971479999999815
20
-76.5905860000000018
11
251.9971479999999815
21
-76.747413999999992
0
LINE
8
BLACK
6
CONTINUOUS
10
251.9971479999999815
20
-76.747413999999992
11
251.9665519999999788
21
-76.9012280000000032
0
LINE
8
BLACK
6
CONTINUOUS
10
251.9665519999999788
20
-76.9012280000000032
11
251.9065369999999859
21
-77.0461169999999953
0
LINE
8
BLACK
6
CONTINUOUS
10
251.9065369999999859
20
-77.0461169999999953
11
251.8194079999999815
21
-77.1765149999999949
0
LINE
8
BLACK
6
CONTINUOUS
10
251.8194079999999815
20
-77.1765149999999949
11
251.7085149999999771
21
-77.2874079999999992
0
LINE
8
BLACK
6
CONTINUOUS
10
251.7085149999999771
20
-77.2874079999999992
11
251.5781169999999918
21
-77.3745369999999895
0
LINE
8
BLACK
6
CONTINUOUS
10
251.5781169999999918
20
-77.3745369999999895
11
251.4332279999999855
21
-77.4345519999999965
0
LINE
8
BLACK
6
CONTINUOUS
10
251.4332279999999855
20
-77.4345519999999965
11
251.2794140000000027
21
-77.4651479999999992
0
LINE
8
BLACK
6
CONTINUOUS
10
251.2794140000000027
20
-77.4651479999999992
11
251.1225859999999841
21
-77.4651479999999992
0
LINE
8
BLACK
6
CONTINUOUS
10
251.1225859999999841
20
-77.4651479999999992
11
250.9687720000000013
21
-77.4345519999999965
0
LINE
8
BLACK
6
CONTINUOUS
10
250.9687720000000013
20
-77.4345519999999965
11
250.823882999999995
21
-77.3745369999999895
0
LINE
8
BLACK
6
CONTINUOUS
10
250.823882999999995
20
-77.3745369999999895
11
250.6934849999999813
21
-77.2874079999999992
0
LINE
8
BLACK
6
CONTINUOUS
10
250.6934849999999813
20
-77.2874079999999992
11
250.5825919999999769
21
-77.1765149999999949
0
LINE
8
BLACK
6
CONTINUOUS
10
250.5825919999999769
20
-77.1765149999999949
11
250.4954630000000009
21
-77.0461169999999953
0
LINE
8
BLACK
6
CONTINUOUS
10
250.4954630000000009
20
-77.0461169999999953
11
250.4354479999999796
21
-76.9012280000000032
0
LINE
8
BLACK
6
CONTINUOUS
10
250.4354479999999796
20
-76.9012280000000032
11
250.4048519999999769
21
-76.747413999999992
0
LINE
8
BLACK
6
CONTINUOUS
10
250.4048519999999769
20
-76.747413999999992
11
250.4048519999999769
21
-76.5905860000000018
0
LINE
8
BLACK
6
CONTINUOUS
10
250.4048519999999769
20
-76.5905860000000018
11
250.4354479999999796
21
-76.4367719999999906
0
LINE
8
BLACK
6
CONTINUOUS
10
250.4354479999999796
20
-76.4367719999999906
11
250.4954630000000009
21
-76.2918829999999986
0
LINE
8
BLACK
6
CONTINUOUS
10
250.4954630000000009
20
-76.2918829999999986
11
250.5825919999999769
21
-76.161484999999999
0
LINE
8
BLACK
6
CONTINUOUS
10
250.5825919999999769
20
-76.161484999999999
11
250.6934849999999813
21
-76.0505919999999946
0
LINE
8
BLACK
6
CONTINUOUS
10
250.6934849999999813
20
-76.0505919999999946
11
250.823882999999995
21
-75.9634629999999902
0
LINE
8
BLACK
6
CONTINUOUS
10
250.823882999999995
20
-75.9634629999999902
11
250.9687720000000013
21
-75.9034479999999974
0
LINE
8
BLACK
6
CONTINUOUS
10
250.9687720000000013
20
-75.9034479999999974
11
251.1225859999999841
21
-75.8728519999999946
0
LINE
8
BLACK
6
CONTINUOUS
10
251.1225859999999841
20
-75.8728519999999946
11
251.2794140000000027
21
-75.8728519999999946
0
LINE
8
BLACK
6
CONTINUOUS
10
251.2794140000000027
20
-75.8728519999999946
11
251.4332279999999855
21
-75.9034479999999974
0
LINE
8
BLACK
6
CONTINUOUS
10
256.0722279999999955
20
-75.8903419999999898
11
256.2171169999999734
21
-75.9503569999999968
0
LINE
8
BLACK
6
CONTINUOUS
10
256.2171169999999734
20
-75.9503569999999968
11
256.3475149999999871
21
-76.0374860000000012
0
LINE
8
BLACK
6
CONTINUOUS
10
256.3475149999999871
20
-76.0374860000000012
11
256.4584079999999631
21
-76.1483789999999914
0
LINE
8
BLACK
6
CONTINUOUS
10
256.4584079999999631
20
-76.1483789999999914
11
256.5455369999999675
21
-76.2787769999999909
0
LINE
8
BLACK
6
CONTINUOUS
10
256.5455369999999675
20
-76.2787769999999909
11
256.6055519999999888
21
-76.4236659999999972
0
LINE
8
BLACK
6
CONTINUOUS
10
256.6055519999999888
20
-76.4236659999999972
11
256.6361479999999915
21
-76.5774799999999942
0
LINE
8
BLACK
6
CONTINUOUS
10
256.6361479999999915
20
-76.5774799999999942
11
256.6361479999999915
21
-76.7343079999999986
0
LINE
8
BLACK
6
CONTINUOUS
10
256.6361479999999915
20
-76.7343079999999986
11
256.6055519999999888
21
-76.8881219999999956
0
LINE
8
BLACK
6
CONTINUOUS
10
256.6055519999999888
20
-76.8881219999999956
11
256.5455369999999675
21
-77.0330110000000019
0
LINE
8
BLACK
6
CONTINUOUS
10
256.5455369999999675
20
-77.0330110000000019
11
256.4584079999999631
21
-77.1634090000000015
0
LINE
8
BLACK
6
CONTINUOUS
10
256.4584079999999631
20
-77.1634090000000015
11
256.3475149999999871
21
-77.2743019999999916
0
LINE
8
BLACK
6
CONTINUOUS
10
256.3475149999999871
20
-77.2743019999999916
11
256.2171169999999734
21
-77.3614309999999961
0
LINE
8
BLACK
6
CONTINUOUS
10
256.2171169999999734
20
-77.3614309999999961
11
256.0722279999999955
21
-77.4214460000000031
0
LINE
8
BLACK
6
CONTINUOUS
10
256.0722279999999955
20
-77.4214460000000031
11
255.9184139999999843
21
-77.4520419999999916
0
LINE
8
BLACK
6
CONTINUOUS
10
255.9184139999999843
20
-77.4520419999999916
11
255.7615859999999941
21
-77.4520419999999916
0
LINE
8
BLACK
6
CONTINUOUS
10
255.7615859999999941
20
-77.4520419999999916
11
255.6077719999999829
21
-77.4214460000000031
0
LINE
8
BLACK
6
CONTINUOUS
10
255.6077719999999829
20
-77.4214460000000031
11
255.4628829999999766
21
-77.3614309999999961
0
LINE
8
BLACK
6
CONTINUOUS
10
255.4628829999999766
20
-77.3614309999999961
11
255.3324849999999913
21
-77.2743019999999916
0
LINE
8
BLACK
6
CONTINUOUS
10
255.3324849999999913
20
-77.2743019999999916
11
255.2215919999999869
21
-77.1634090000000015
0
LINE
8
BLACK
6
CONTINUOUS
10
255.2215919999999869
20
-77.1634090000000015
11
255.1344629999999825
21
-77.0330110000000019
0
LINE
8
BLACK
6
CONTINUOUS
10
255.1344629999999825
20
-77.0330110000000019
11
255.0744479999999896
21
-76.8881219999999956
0
LINE
8
BLACK
6
CONTINUOUS
10
255.0744479999999896
20
-76.8881219999999956
11
255.0438519999999869
21
-76.7343079999999986
0
LINE
8
BLACK
6
CONTINUOUS
10
255.0438519999999869
20
-76.7343079999999986
11
255.0438519999999869
21
-76.5774799999999942
0
LINE
8
BLACK
6
CONTINUOUS
10
255.0438519999999869
20
-76.5774799999999942
11
255.0744479999999896
21
-76.4236659999999972
0
LINE
8
BLACK
6
CONTINUOUS
10
255.0744479999999896
20
-76.4236659999999972
11
255.1344629999999825
21
-76.2787769999999909
0
LINE
8
BLACK
6
CONTINUOUS
10
255.1344629999999825
20
-76.2787769999999909
11
255.2215919999999869
21
-76.1483789999999914
0
LINE
8
BLACK
6
CONTINUOUS
10
255.2215919999999869
20
-76.1483789999999914
11
255.3324849999999913
21
-76.0374860000000012
0
LINE
8
BLACK
6
CONTINUOUS
10
255.3324849999999913
20
-76.0374860000000012
11
255.4628829999999766
21
-75.9503569999999968
0
LINE
8
BLACK
6
CONTINUOUS
10
255.4628829999999766
20
-75.9503569999999968
11
255.6077719999999829
21
-75.8903419999999898
0
LINE
8
BLACK
6
CONTINUOUS
10
255.6077719999999829
20
-75.8903419999999898
11
255.7615859999999941
21
-75.8597460000000012
0
LINE
8
BLACK
6
CONTINUOUS
10
255.7615859999999941
20
-75.8597460000000012
11
255.9184139999999843
21
-75.8597460000000012
0
LINE
8
BLACK
6
CONTINUOUS
10
255.9184139999999843
20
-75.8597460000000012
11
256.0722279999999955
21
-75.8903419999999898
0
LINE
8
BLACK
6
CONTINUOUS
10
230.7011039999999866
20
-75.5571269999999942
11
230.7740989999999783
21
-75.6059010000000029
0
LINE
8
BLACK
6
CONTINUOUS
10
230.7740989999999783
20
-75.6059010000000029
11
230.8228729999999871
21
-75.6788959999999946
0
LINE
8
BLACK
6
CONTINUOUS
10
230.8228729999999871
20
-75.6788959999999946
11
230.8400000000000034
21
-75.7650000000000006
0
LINE
8
BLACK
6
CONTINUOUS
10
230.8400000000000034
20
-75.7650000000000006
11
230.8400000000000034
21
-76.8149999999999977
0
LINE
8
BLACK
6
CONTINUOUS
10
230.8400000000000034
20
-76.8149999999999977
11
230.8228729999999871
21
-76.9011039999999895
0
LINE
8
BLACK
6
CONTINUOUS
10
230.8228729999999871
20
-76.9011039999999895
11
230.7740989999999783
21
-76.9740989999999954
0
LINE
8
BLACK
6
CONTINUOUS
10
230.7740989999999783
20
-76.9740989999999954
11
230.7011039999999866
21
-77.0228729999999899
0
LINE
8
BLACK
6
CONTINUOUS
10
230.7011039999999866
20
-77.0228729999999899
11
230.6149999999999807
21
-77.039999999999992
0
LINE
8
BLACK
6
CONTINUOUS
10
230.6149999999999807
20
-77.039999999999992
11
221.0649999999999977
21
-77.039999999999992
0
LINE
8
BLACK
6
CONTINUOUS
10
221.0649999999999977
20
-77.039999999999992
11
220.9788959999999918
21
-77.0228729999999899
0
LINE
8
BLACK
6
CONTINUOUS
10
220.9788959999999918
20
-77.0228729999999899
11
220.9059010000000001
21
-76.9740989999999954
0
LINE
8
BLACK
6
CONTINUOUS
10
220.9059010000000001
20
-76.9740989999999954
11
220.8571269999999913
21
-76.9011039999999895
0
LINE
8
BLACK
6
CONTINUOUS
10
220.8571269999999913
20
-76.9011039999999895
11
220.8400000000000034
21
-76.8149999999999977
0
LINE
8
BLACK
6
CONTINUOUS
10
220.8400000000000034
20
-76.8149999999999977
11
220.8400000000000034
21
-75.7650000000000006
0
LINE
8
BLACK
6
CONTINUOUS
10
220.8400000000000034
20
-75.7650000000000006
11
220.8571269999999913
21
-75.6788959999999946
0
LINE
8
BLACK
6
CONTINUOUS
10
220.8571269999999913
20
-75.6788959999999946
11
220.9059010000000001
21
-75.6059010000000029
0
LINE
8
BLACK
6
CONTINUOUS
10
220.9059010000000001
20
-75.6059010000000029
11
220.9788959999999918
21
-75.5571269999999942
0
LINE
8
BLACK
6
CONTINUOUS
10
220.9788959999999918
20
-75.5571269999999942
11
221.0649999999999977
21
-75.539999999999992
0
LINE
8
BLACK
6
CONTINUOUS
10
221.0649999999999977
20
-75.539999999999992
11
230.6149999999999807
21
-75.539999999999992
0
LINE
8
BLACK
6
CONTINUOUS
10
230.6149999999999807
20
-75.539999999999992
11
230.7011039999999866
21
-75.5571269999999942
0
LINE
8
BLACK
6
CONTINUOUS
10
219.0422279999999944
20
-46.8214479999999966
11
219.1871170000000006
21
-46.8814629999999966
0
LINE
8
BLACK
6
CONTINUOUS
10
219.1871170000000006
20
-46.8814629999999966
11
219.317514999999986
21
-46.968592000000001
0
LINE
8
BLACK
6
CONTINUOUS
10
219.317514999999986
20
-46.968592000000001
11
219.4284079999999904
21
-47.0794849999999983
0
LINE
8
BLACK
6
CONTINUOUS
10
219.4284079999999904
20
-47.0794849999999983
11
219.5155369999999948
21
-47.2098829999999978
0
LINE
8
BLACK
6
CONTINUOUS
10
219.5155369999999948
20
-47.2098829999999978
11
219.5755519999999876
21
-47.354771999999997
0
LINE
8
BLACK
6
CONTINUOUS
10
219.5755519999999876
20
-47.354771999999997
11
219.6061479999999904
21
-47.5085860000000011
0
LINE
8
BLACK
6
CONTINUOUS
10
219.6061479999999904
20
-47.5085860000000011
11
219.6061479999999904
21
-47.6654139999999984
0
LINE
8
BLACK
6
CONTINUOUS
10
219.6061479999999904
20
-47.6654139999999984
11
219.5755519999999876
21
-47.8192279999999954
0
LINE
8
BLACK
6
CONTINUOUS
10
219.5755519999999876
20
-47.8192279999999954
11
219.5155369999999948
21
-47.9641169999999946
0
LINE
8
BLACK
6
CONTINUOUS
10
219.5155369999999948
20
-47.9641169999999946
11
219.4284079999999904
21
-48.0945150000000012
0
LINE
8
BLACK
6
CONTINUOUS
10
219.4284079999999904
20
-48.0945150000000012
11
219.317514999999986
21
-48.2054079999999985
0
LINE
8
BLACK
6
CONTINUOUS
10
219.317514999999986
20
-48.2054079999999985
11
219.1871170000000006
21
-48.2925369999999958
0
LINE
8
BLACK
6
CONTINUOUS
10
219.1871170000000006
20
-48.2925369999999958
11
219.0422279999999944
21
-48.3525519999999958
0
LINE
8
BLACK
6
CONTINUOUS
10
219.0422279999999944
20
-48.3525519999999958
11
218.8884139999999832
21
-48.3831479999999985
0
LINE
8
BLACK
6
CONTINUOUS
10
218.8884139999999832
20
-48.3831479999999985
11
218.731585999999993
21
-48.3831479999999985
0
LINE
8
BLACK
6
CONTINUOUS
10
218.731585999999993
20
-48.3831479999999985
11
218.5777719999999817
21
-48.3525519999999958
0
LINE
8
BLACK
6
CONTINUOUS
10
218.5777719999999817
20
-48.3525519999999958
11
218.5402259999999899
21
-48.3369999999999962
0
LINE
8
BLACK
6
CONTINUOUS
10
218.5402259999999899
20
-48.3369999999999962
11
60.7592709999999983
21
-48.3369999999999962
0
LINE
8
BLACK
6
CONTINUOUS
10
60.7592709999999983
20
-48.3369999999999962
11
48.1679999999999993
21
-60.9282699999999977
0
LINE
8
BLACK
6
CONTINUOUS
10
48.1679999999999993
20
-60.9282699999999977
11
48.1679999999999993
21
-74.5095389999999895
0
LINE
8
BLACK
6
CONTINUOUS
10
48.1679999999999993
20
-74.5095389999999895
11
48.1755519999999962
21
-74.5277719999999988
0
LINE
8
BLACK
6
CONTINUOUS
10
48.1755519999999962
20
-74.5277719999999988
11
48.2061479999999989
21
-74.6815859999999958
0
LINE
8
BLACK
6
CONTINUOUS
10
48.2061479999999989
20
-74.6815859999999958
11
48.2061479999999989
21
-74.8384140000000002
0
LINE
8
BLACK
6
CONTINUOUS
10
48.2061479999999989
20
-74.8384140000000002
11
48.1755519999999962
21
-74.9922279999999972
0
LINE
8
BLACK
6
CONTINUOUS
10
48.1755519999999962
20
-74.9922279999999972
11
48.1155369999999962
21
-75.1371170000000035
0
LINE
8
BLACK
6
CONTINUOUS
10
48.1155369999999962
20
-75.1371170000000035
11
48.0284079999999989
21
-75.2675150000000031
0
LINE
8
BLACK
6
CONTINUOUS
10
48.0284079999999989
20
-75.2675150000000031
11
47.9175149999999945
21
-75.3784079999999932
0
LINE
8
BLACK
6
CONTINUOUS
10
47.9175149999999945
20
-75.3784079999999932
11
47.787116999999995
21
-75.4655369999999976
0
LINE
8
BLACK
6
CONTINUOUS
10
47.787116999999995
20
-75.4655369999999976
11
47.6422279999999958
21
-75.5255519999999905
0
LINE
8
BLACK
6
CONTINUOUS
10
47.6422279999999958
20
-75.5255519999999905
11
47.4884139999999988
21
-75.5561479999999932
0
LINE
8
BLACK
6
CONTINUOUS
10
47.4884139999999988
20
-75.5561479999999932
11
47.3315859999999944
21
-75.5561479999999932
0
LINE
8
BLACK
6
CONTINUOUS
10
47.3315859999999944
20
-75.5561479999999932
11
47.1777719999999974
21
-75.5255519999999905
0
LINE
8
BLACK
6
CONTINUOUS
10
47.1777719999999974
20
-75.5255519999999905
11
47.0328829999999982
21
-75.4655369999999976
0
LINE
8
BLACK
6
CONTINUOUS
10
47.0328829999999982
20
-75.4655369999999976
11
46.9024849999999986
21
-75.3784079999999932
0
LINE
8
BLACK
6
CONTINUOUS
10
46.9024849999999986
20
-75.3784079999999932
11
46.7915920000000014
21
-75.2675150000000031
0
LINE
8
BLACK
6
CONTINUOUS
10
46.7915920000000014
20
-75.2675150000000031
11
46.704462999999997
21
-75.1371170000000035
0
LINE
8
BLACK
6
CONTINUOUS
10
46.704462999999997
20
-75.1371170000000035
11
46.644447999999997
21
-74.9922279999999972
0
LINE
8
BLACK
6
CONTINUOUS
10
46.644447999999997
20
-74.9922279999999972
11
46.6138520000000014
21
-74.8384140000000002
0
LINE
8
BLACK
6
CONTINUOUS
10
46.6138520000000014
20
-74.8384140000000002
11
46.6138520000000014
21
-74.6815859999999958
0
LINE
8
BLACK
6
CONTINUOUS
10
46.6138520000000014
20
-74.6815859999999958
11
46.644447999999997
21
-74.5277719999999988
0
LINE
8
BLACK
6
CONTINUOUS
10
46.644447999999997
20
-74.5277719999999988
11
46.6679999999999993
21
-74.4709119999999984
0
LINE
8
BLACK
6
CONTINUOUS
10
46.6679999999999993
20
-74.4709119999999984
11
46.6679999999999993
21
-60.6176099999999991
0
LINE
8
BLACK
6
CONTINUOUS
10
46.6679999999999993
20
-60.6176099999999991
11
46.6716109999999986
21
-60.5440970000000007
0
LINE
8
BLACK
6
CONTINUOUS
10
46.6716109999999986
20
-60.5440970000000007
11
46.682065999999999
21
-60.4915369999999939
0
LINE
8
BLACK
6
CONTINUOUS
10
46.682065999999999
20
-60.4915369999999939
11
46.7002939999999995
21
-60.3998969999999957
0
LINE
8
BLACK
6
CONTINUOUS
10
46.7002939999999995
20
-60.3998969999999957
11
46.7565589999999958
21
-60.2640630000000002
0
LINE
8
BLACK
6
CONTINUOUS
10
46.7565589999999958
20
-60.2640630000000002
11
46.7565589999999958
21
-60.2640619999999956
0
LINE
8
BLACK
6
CONTINUOUS
10
46.7565589999999958
20
-60.2640619999999956
11
46.838242000000001
21
-60.141814999999994
0
LINE
8
BLACK
6
CONTINUOUS
10
46.838242000000001
20
-60.141814999999994
11
46.88767
21
-60.0872799999999998
0
LINE
8
BLACK
6
CONTINUOUS
10
46.88767
20
-60.0872799999999998
11
59.9182810000000003
21
-47.0566699999999969
0
LINE
8
BLACK
6
CONTINUOUS
10
59.9182810000000003
20
-47.0566699999999969
11
59.9728159999999946
21
-47.007241999999998
0
LINE
8
BLACK
6
CONTINUOUS
10
59.9728159999999946
20
-47.007241999999998
11
60.0306599999999975
21
-46.968592000000001
0
LINE
8
BLACK
6
CONTINUOUS
10
60.0306599999999975
20
-46.968592000000001
11
60.0950629999999961
21
-46.9255589999999998
0
LINE
8
BLACK
6
CONTINUOUS
10
60.0950629999999961
20
-46.9255589999999998
11
60.1513279999999995
21
-46.9022529999999946
0
LINE
8
BLACK
6
CONTINUOUS
10
60.1513279999999995
20
-46.9022529999999946
11
60.2308979999999963
21
-46.8692939999999965
0
LINE
8
BLACK
6
CONTINUOUS
10
60.2308979999999963
20
-46.8692939999999965
11
60.3750979999999942
21
-46.8406109999999956
0
LINE
8
BLACK
6
CONTINUOUS
10
60.3750979999999942
20
-46.8406109999999956
11
60.4486109999999996
21
-46.8369999999999962
0
LINE
8
BLACK
6
CONTINUOUS
10
60.4486109999999996
20
-46.8369999999999962
11
218.5402259999999899
21
-46.8369999999999962
0
LINE
8
BLACK
6
CONTINUOUS
10
218.5402259999999899
20
-46.8369999999999962
11
218.5777719999999817
21
-46.8214479999999966
0
LINE
8
BLACK
6
CONTINUOUS
10
218.5777719999999817
20
-46.8214479999999966
11
218.731585999999993
21
-46.790852000000001
0
LINE
8
BLACK
6
CONTINUOUS
10
218.731585999999993
20
-46.790852000000001
11
218.8884139999999832
21
-46.790852000000001
0
LINE
8
BLACK
6
CONTINUOUS
10
218.8884139999999832
20
-46.790852000000001
11
219.0422279999999944
21
-46.8214479999999966
0
LINE
8
BLACK
6
CONTINUOUS
10
105.6811039999999906
20
-73.6371269999999924
11
105.7540989999999965
21
-73.6859010000000012
0
LINE
8
BLACK
6
CONTINUOUS
10
105.7540989999999965
20
-73.6859010000000012
11
105.8028729999999911
21
-73.7588959999999929
0
LINE
8
BLACK
6
CONTINUOUS
10
105.8028729999999911
20
-73.7588959999999929
11
105.8199999999999932
21
-73.8449999999999989
0
LINE
8
BLACK
6
CONTINUOUS
10
105.8199999999999932
20
-73.8449999999999989
11
105.8199999999999932
21
-74.894999999999996
0
LINE
8
BLACK
6
CONTINUOUS
10
105.8199999999999932
20
-74.894999999999996
11
105.8028729999999911
21
-74.981104000000002
0
LINE
8
BLACK
6
CONTINUOUS
10
105.8028729999999911
20
-74.981104000000002
11
105.7540989999999965
21
-75.0540989999999937
0
LINE
8
BLACK
6
CONTINUOUS
10
105.7540989999999965
20
-75.0540989999999937
11
105.6811039999999906
21
-75.1028730000000024
0
LINE
8
BLACK
6
CONTINUOUS
10
105.6811039999999906
20
-75.1028730000000024
11
105.5949999999999989
21
-75.1199999999999903
0
LINE
8
BLACK
6
CONTINUOUS
10
105.5949999999999989
20
-75.1199999999999903
11
96.0450000000000017
21
-75.1199999999999903
0
LINE
8
BLACK
6
CONTINUOUS
10
96.0450000000000017
20
-75.1199999999999903
11
95.9588959999999958
21
-75.1028730000000024
0
LINE
8
BLACK
6
CONTINUOUS
10
95.9588959999999958
20
-75.1028730000000024
11
95.8859009999999898
21
-75.0540989999999937
0
LINE
8
BLACK
6
CONTINUOUS
10
95.8859009999999898
20
-75.0540989999999937
11
95.8371269999999953
21
-74.981104000000002
0
LINE
8
BLACK
6
CONTINUOUS
10
95.8371269999999953
20
-74.981104000000002
11
95.8199999999999932
21
-74.894999999999996
0
LINE
8
BLACK
6
CONTINUOUS
10
95.8199999999999932
20
-74.894999999999996
11
95.8199999999999932
21
-73.8449999999999989
0
LINE
8
BLACK
6
CONTINUOUS
10
95.8199999999999932
20
-73.8449999999999989
11
95.8371269999999953
21
-73.7588959999999929
0
LINE
8
BLACK
6
CONTINUOUS
10
95.8371269999999953
20
-73.7588959999999929
11
95.8859009999999898
21
-73.6859010000000012
0
LINE
8
BLACK
6
CONTINUOUS
10
95.8859009999999898
20
-73.6859010000000012
11
95.9588959999999958
21
-73.6371269999999924
0
LINE
8
BLACK
6
CONTINUOUS
10
95.9588959999999958
20
-73.6371269999999924
11
96.0450000000000017
21
-73.6199999999999903
0
LINE
8
BLACK
6
CONTINUOUS
10
96.0450000000000017
20
-73.6199999999999903
11
105.5949999999999989
21
-73.6199999999999903
0
LINE
8
BLACK
6
CONTINUOUS
10
105.5949999999999989
20
-73.6199999999999903
11
105.6811039999999906
21
-73.6371269999999924
0
LINE
8
BLACK
6
CONTINUOUS
10
154.501103999999998
20
-73.6371269999999924
11
154.5740989999999897
21
-73.6859010000000012
0
LINE
8
BLACK
6
CONTINUOUS
10
154.5740989999999897
20
-73.6859010000000012
11
154.6228729999999985
21
-73.7588959999999929
0
LINE
8
BLACK
6
CONTINUOUS
10
154.6228729999999985
20
-73.7588959999999929
11
154.6399999999999864
21
-73.8449999999999989
0
LINE
8
BLACK
6
CONTINUOUS
10
154.6399999999999864
20
-73.8449999999999989
11
154.6399999999999864
21
-74.894999999999996
0
LINE
8
BLACK
6
CONTINUOUS
10
154.6399999999999864
20
-74.894999999999996
11
154.6228729999999985
21
-74.981104000000002
0
LINE
8
BLACK
6
CONTINUOUS
10
154.6228729999999985
20
-74.981104000000002
11
154.5740989999999897
21
-75.0540989999999937
0
LINE
8
BLACK
6
CONTINUOUS
10
154.5740989999999897
20
-75.0540989999999937
11
154.501103999999998
21
-75.1028730000000024
0
LINE
8
BLACK
6
CONTINUOUS
10
154.501103999999998
20
-75.1028730000000024
11
154.414999999999992
21
-75.1199999999999903
0
LINE
8
BLACK
6
CONTINUOUS
10
154.414999999999992
20
-75.1199999999999903
11
144.8649999999999807
21
-75.1199999999999903
0
LINE
8
BLACK
6
CONTINUOUS
10
144.8649999999999807
20
-75.1199999999999903
11
144.7788960000000031
21
-75.1028730000000024
0
LINE
8
BLACK
6
CONTINUOUS
10
144.7788960000000031
20
-75.1028730000000024
11
144.705900999999983
21
-75.0540989999999937
0
LINE
8
BLACK
6
CONTINUOUS
10
144.705900999999983
20
-75.0540989999999937
11
144.6571270000000027
21
-74.981104000000002
0
LINE
8
BLACK
6
CONTINUOUS
10
144.6571270000000027
20
-74.981104000000002
11
144.6399999999999864
21
-74.894999999999996
0
LINE
8
BLACK
6
CONTINUOUS
10
144.6399999999999864
20
-74.894999999999996
11
144.6399999999999864
21
-73.8449999999999989
0
LINE
8
BLACK
6
CONTINUOUS
10
144.6399999999999864
20
-73.8449999999999989
11
144.6571270000000027
21
-73.7588959999999929
0
LINE
8
BLACK
6
CONTINUOUS
10
144.6571270000000027
20
-73.7588959999999929
11
144.705900999999983
21
-73.6859010000000012
0
LINE
8
BLACK
6
CONTINUOUS
10
144.705900999999983
20
-73.6859010000000012
11
144.7788960000000031
21
-73.6371269999999924
0
LINE
8
BLACK
6
CONTINUOUS
10
144.7788960000000031
20
-73.6371269999999924
11
144.8649999999999807
21
-73.6199999999999903
0
LINE
8
BLACK
6
CONTINUOUS
10
144.8649999999999807
20
-73.6199999999999903
11
154.414999999999992
21
-73.6199999999999903
0
LINE
8
BLACK
6
CONTINUOUS
10
154.414999999999992
20
-73.6199999999999903
11
154.501103999999998
21
-73.6371269999999924
0
LINE
8
BLACK
6
CONTINUOUS
10
184.501103999999998
20
-73.6371269999999924
11
184.5740989999999897
21
-73.6859010000000012
0
LINE
8
BLACK
6
CONTINUOUS
10
184.5740989999999897
20
-73.6859010000000012
11
184.6228729999999985
21
-73.7588959999999929
0
LINE
8
BLACK
6
CONTINUOUS
10
184.6228729999999985
20
-73.7588959999999929
11
184.6399999999999864
21
-73.8449999999999989
0
LINE
8
BLACK
6
CONTINUOUS
10
184.6399999999999864
20
-73.8449999999999989
11
184.6399999999999864
21
-74.894999999999996
0
LINE
8
BLACK
6
CONTINUOUS
10
184.6399999999999864
20
-74.894999999999996
11
184.6228729999999985
21
-74.981104000000002
0
LINE
8
BLACK
6
CONTINUOUS
10
184.6228729999999985
20
-74.981104000000002
11
184.5740989999999897
21
-75.0540989999999937
0
LINE
8
BLACK
6
CONTINUOUS
10
184.5740989999999897
20
-75.0540989999999937
11
184.501103999999998
21
-75.1028730000000024
0
LINE
8
BLACK
6
CONTINUOUS
10
184.501103999999998
20
-75.1028730000000024
11
184.414999999999992
21
-75.1199999999999903
0
LINE
8
BLACK
6
CONTINUOUS
10
184.414999999999992
20
-75.1199999999999903
11
174.8649999999999807
21
-75.1199999999999903
0
LINE
8
BLACK
6
CONTINUOUS
10
174.8649999999999807
20
-75.1199999999999903
11
174.7788960000000031
21
-75.1028730000000024
0
LINE
8
BLACK
6
CONTINUOUS
10
174.7788960000000031
20
-75.1028730000000024
11
174.705900999999983
21
-75.0540989999999937
0
LINE
8
BLACK
6
CONTINUOUS
10
174.705900999999983
20
-75.0540989999999937
11
174.6571270000000027
21
-74.981104000000002
0
LINE
8
BLACK
6
CONTINUOUS
10
174.6571270000000027
20
-74.981104000000002
11
174.6399999999999864
21
-74.894999999999996
0
LINE
8
BLACK
6
CONTINUOUS
10
174.6399999999999864
20
-74.894999999999996
11
174.6399999999999864
21
-73.8449999999999989
0
LINE
8
BLACK
6
CONTINUOUS
10
174.6399999999999864
20
-73.8449999999999989
11
174.6571270000000027
21
-73.7588959999999929
0
LINE
8
BLACK
6
CONTINUOUS
10
174.6571270000000027
20
-73.7588959999999929
11
174.705900999999983
21
-73.6859010000000012
0
LINE
8
BLACK
6
CONTINUOUS
10
174.705900999999983
20
-73.6859010000000012
11
174.7788960000000031
21
-73.6371269999999924
0
LINE
8
BLACK
6
CONTINUOUS
10
174.7788960000000031
20
-73.6371269999999924
11
174.8649999999999807
21
-73.6199999999999903
0
LINE
8
BLACK
6
CONTINUOUS
10
174.8649999999999807
20
-73.6199999999999903
11
184.414999999999992
21
-73.6199999999999903
0
LINE
8
BLACK
6
CONTINUOUS
10
184.414999999999992
20
-73.6199999999999903
11
184.501103999999998
21
-73.6371269999999924
0
LINE
8
BLACK
6
CONTINUOUS
10
75.6811039999999906
20
-71.0971270000000004
11
75.7540989999999965
21
-71.145900999999995
0
LINE
8
BLACK
6
CONTINUOUS
10
75.7540989999999965
20
-71.145900999999995
11
75.8028729999999911
21
-71.2188960000000009
0
LINE
8
BLACK
6
CONTINUOUS
10
75.8028729999999911
20
-71.2188960000000009
11
75.8199999999999932
21
-71.3049999999999926
0
LINE
8
BLACK
6
CONTINUOUS
10
75.8199999999999932
20
-71.3049999999999926
11
75.8199999999999932
21
-72.3549999999999898
0
LINE
8
BLACK
6
CONTINUOUS
10
75.8199999999999932
20
-72.3549999999999898
11
75.8028729999999911
21
-72.4411039999999957
0
LINE
8
BLACK
6
CONTINUOUS
10
75.8028729999999911
20
-72.4411039999999957
11
75.7540989999999965
21
-72.5140990000000016
0
LINE
8
BLACK
6
CONTINUOUS
10
75.7540989999999965
20
-72.5140990000000016
11
75.6811039999999906
21
-72.5628729999999962
0
LINE
8
BLACK
6
CONTINUOUS
10
75.6811039999999906
20
-72.5628729999999962
11
75.5949999999999989
21
-72.5799999999999983
0
LINE
8
BLACK
6
CONTINUOUS
10
75.5949999999999989
20
-72.5799999999999983
11
66.0450000000000017
21
-72.5799999999999983
0
LINE
8
BLACK
6
CONTINUOUS
10
66.0450000000000017
20
-72.5799999999999983
11
65.9588959999999958
21
-72.5628729999999962
0
LINE
8
BLACK
6
CONTINUOUS
10
65.9588959999999958
20
-72.5628729999999962
11
65.885901000000004
21
-72.5140990000000016
0
LINE
8
BLACK
6
CONTINUOUS
10
65.885901000000004
20
-72.5140990000000016
11
65.8371269999999953
21
-72.4411039999999957
0
LINE
8
BLACK
6
CONTINUOUS
10
65.8371269999999953
20
-72.4411039999999957
11
65.8199999999999932
21
-72.3549999999999898
0
LINE
8
BLACK
6
CONTINUOUS
10
65.8199999999999932
20
-72.3549999999999898
11
65.8199999999999932
21
-71.3049999999999926
0
LINE
8
BLACK
6
CONTINUOUS
10
65.8199999999999932
20
-71.3049999999999926
11
65.8371269999999953
21
-71.2188960000000009
0
LINE
8
BLACK
6
CONTINUOUS
10
65.8371269999999953
20
-71.2188960000000009
11
65.885901000000004
21
-71.145900999999995
0
LINE
8
BLACK
6
CONTINUOUS
10
65.885901000000004
20
-71.145900999999995
11
65.9588959999999958
21
-71.0971270000000004
0
LINE
8
BLACK
6
CONTINUOUS
10
65.9588959999999958
20
-71.0971270000000004
11
66.0450000000000017
21
-71.0799999999999983
0
LINE
8
BLACK
6
CONTINUOUS
10
66.0450000000000017
20
-71.0799999999999983
11
75.5949999999999989
21
-71.0799999999999983
0
LINE
8
BLACK
6
CONTINUOUS
10
75.5949999999999989
20
-71.0799999999999983
11
75.6811039999999906
21
-71.0971270000000004
0
LINE
8
BLACK
6
CONTINUOUS
10
105.6811039999999906
20
-71.0971270000000004
11
105.7540989999999965
21
-71.145900999999995
0
LINE
8
BLACK
6
CONTINUOUS
10
105.7540989999999965
20
-71.145900999999995
11
105.8028729999999911
21
-71.2188960000000009
0
LINE
8
BLACK
6
CONTINUOUS
10
105.8028729999999911
20
-71.2188960000000009
11
105.8199999999999932
21
-71.3049999999999926
0
LINE
8
BLACK
6
CONTINUOUS
10
105.8199999999999932
20
-71.3049999999999926
11
105.8199999999999932
21
-72.3549999999999898
0
LINE
8
BLACK
6
CONTINUOUS
10
105.8199999999999932
20
-72.3549999999999898
11
105.8028729999999911
21
-72.4411039999999957
0
LINE
8
BLACK
6
CONTINUOUS
10
105.8028729999999911
20
-72.4411039999999957
11
105.7540989999999965
21
-72.5140990000000016
0
LINE
8
BLACK
6
CONTINUOUS
10
105.7540989999999965
20
-72.5140990000000016
11
105.6811039999999906
21
-72.5628729999999962
0
LINE
8
BLACK
6
CONTINUOUS
10
105.6811039999999906
20
-72.5628729999999962
11
105.5949999999999989
21
-72.5799999999999983
0
LINE
8
BLACK
6
CONTINUOUS
10
105.5949999999999989
20
-72.5799999999999983
11
96.0450000000000017
21
-72.5799999999999983
0
LINE
8
BLACK
6
CONTINUOUS
10
96.0450000000000017
20
-72.5799999999999983
11
95.9588959999999958
21
-72.5628729999999962
0
LINE
8
BLACK
6
CONTINUOUS
10
95.9588959999999958
20
-72.5628729999999962
11
95.8859009999999898
21
-72.5140990000000016
0
LINE
8
BLACK
6
CONTINUOUS
10
95.8859009999999898
20
-72.5140990000000016
11
95.8371269999999953
21
-72.4411039999999957
0
LINE
8
BLACK
6
CONTINUOUS
10
95.8371269999999953
20
-72.4411039999999957
11
95.8199999999999932
21
-72.3549999999999898
0
LINE
8
BLACK
6
CONTINUOUS
10
95.8199999999999932
20
-72.3549999999999898
11
95.8199999999999932
21
-71.3049999999999926
0
LINE
8
BLACK
6
CONTINUOUS
10
95.8199999999999932
20
-71.3049999999999926
11
95.8371269999999953
21
-71.2188960000000009
0
LINE
8
BLACK
6
CONTINUOUS
10
95.8371269999999953
20
-71.2188960000000009
11
95.8859009999999898
21
-71.145900999999995
0
LINE
8
BLACK
6
CONTINUOUS
10
95.8859009999999898
20
-71.145900999999995
11
95.9588959999999958
21
-71.0971270000000004
0
LINE
8
BLACK
6
CONTINUOUS
10
95.9588959999999958
20
-71.0971270000000004
11
96.0450000000000017
21
-71.0799999999999983
0
LINE
8
BLACK
6
CONTINUOUS
10
96.0450000000000017
20
-71.0799999999999983
11
105.5949999999999989
21
-71.0799999999999983
0
LINE
8
BLACK
6
CONTINUOUS
10
105.5949999999999989
20
-71.0799999999999983
11
105.6811039999999906
21
-71.0971270000000004
0
LINE
8
BLACK
6
CONTINUOUS
10
154.501103999999998
20
-71.0971270000000004
11
154.5740989999999897
21
-71.145900999999995
0
LINE
8
BLACK
6
CONTINUOUS
10
154.5740989999999897
20
-71.145900999999995
11
154.6228729999999985
21
-71.2188960000000009
0
LINE
8
BLACK
6
CONTINUOUS
10
154.6228729999999985
20
-71.2188960000000009
11
154.6399999999999864
21
-71.3049999999999926
0
LINE
8
BLACK
6
CONTINUOUS
10
154.6399999999999864
20
-71.3049999999999926
11
154.6399999999999864
21
-72.3549999999999898
0
LINE
8
BLACK
6
CONTINUOUS
10
154.6399999999999864
20
-72.3549999999999898
11
154.6228729999999985
21
-72.4411039999999957
0
LINE
8
BLACK
6
CONTINUOUS
10
154.6228729999999985
20
-72.4411039999999957
11
154.5740989999999897
21
-72.5140990000000016
0
LINE
8
BLACK
6
CONTINUOUS
10
154.5740989999999897
20
-72.5140990000000016
11
154.501103999999998
21
-72.5628729999999962
0
LINE
8
BLACK
6
CONTINUOUS
10
154.501103999999998
20
-72.5628729999999962
11
154.414999999999992
21
-72.5799999999999983
0
LINE
8
BLACK
6
CONTINUOUS
10
154.414999999999992
20
-72.5799999999999983
11
144.8649999999999807
21
-72.5799999999999983
0
LINE
8
BLACK
6
CONTINUOUS
10
144.8649999999999807
20
-72.5799999999999983
11
144.7788960000000031
21
-72.5628729999999962
0
LINE
8
BLACK
6
CONTINUOUS
10
144.7788960000000031
20
-72.5628729999999962
11
144.705900999999983
21
-72.5140990000000016
0
LINE
8
BLACK
6
CONTINUOUS
10
144.705900999999983
20
-72.5140990000000016
11
144.6571270000000027
21
-72.4411039999999957
0
LINE
8
BLACK
6
CONTINUOUS
10
144.6571270000000027
20
-72.4411039999999957
11
144.6399999999999864
21
-72.3549999999999898
0
LINE
8
BLACK
6
CONTINUOUS
10
144.6399999999999864
20
-72.3549999999999898
11
144.6399999999999864
21
-71.3049999999999926
0
LINE
8
BLACK
6
CONTINUOUS
10
144.6399999999999864
20
-71.3049999999999926
11
144.6571270000000027
21
-71.2188960000000009
0
LINE
8
BLACK
6
CONTINUOUS
10
144.6571270000000027
20
-71.2188960000000009
11
144.705900999999983
21
-71.145900999999995
0
LINE
8
BLACK
6
CONTINUOUS
10
144.705900999999983
20
-71.145900999999995
11
144.7788960000000031
21
-71.0971270000000004
0
LINE
8
BLACK
6
CONTINUOUS
10
144.7788960000000031
20
-71.0971270000000004
11
144.8649999999999807
21
-71.0799999999999983
0
LINE
8
BLACK
6
CONTINUOUS
10
144.8649999999999807
20
-71.0799999999999983
11
154.414999999999992
21
-71.0799999999999983
0
LINE
8
BLACK
6
CONTINUOUS
10
154.414999999999992
20
-71.0799999999999983
11
154.501103999999998
21
-71.0971270000000004
0
LINE
8
BLACK
6
CONTINUOUS
10
184.501103999999998
20
-71.0971270000000004
11
184.5740989999999897
21
-71.145900999999995
0
LINE
8
BLACK
6
CONTINUOUS
10
184.5740989999999897
20
-71.145900999999995
11
184.6228729999999985
21
-71.2188960000000009
0
LINE
8
BLACK
6
CONTINUOUS
10
184.6228729999999985
20
-71.2188960000000009
11
184.6399999999999864
21
-71.3049999999999926
0
LINE
8
BLACK
6
CONTINUOUS
10
184.6399999999999864
20
-71.3049999999999926
11
184.6399999999999864
21
-72.3549999999999898
0
LINE
8
BLACK
6
CONTINUOUS
10
184.6399999999999864
20
-72.3549999999999898
11
184.6228729999999985
21
-72.4411039999999957
0
LINE
8
BLACK
6
CONTINUOUS
10
184.6228729999999985
20
-72.4411039999999957
11
184.5740989999999897
21
-72.5140990000000016
0
LINE
8
BLACK
6
CONTINUOUS
10
184.5740989999999897
20
-72.5140990000000016
11
184.501103999999998
21
-72.5628729999999962
0
LINE
8
BLACK
6
CONTINUOUS
10
184.501103999999998
20
-72.5628729999999962
11
184.414999999999992
21
-72.5799999999999983
0
LINE
8
BLACK
6
CONTINUOUS
10
184.414999999999992
20
-72.5799999999999983
11
174.8649999999999807
21
-72.5799999999999983
0
LINE
8
BLACK
6
CONTINUOUS
10
174.8649999999999807
20
-72.5799999999999983
11
174.7788960000000031
21
-72.5628729999999962
0
LINE
8
BLACK
6
CONTINUOUS
10
174.7788960000000031
20
-72.5628729999999962
11
174.705900999999983
21
-72.5140990000000016
0
LINE
8
BLACK
6
CONTINUOUS
10
174.705900999999983
20
-72.5140990000000016
11
174.6571270000000027
21
-72.4411039999999957
0
LINE
8
BLACK
6
CONTINUOUS
10
174.6571270000000027
20
-72.4411039999999957
11
174.6399999999999864
21
-72.3549999999999898
0
LINE
8
BLACK
6
CONTINUOUS
10
174.6399999999999864
20
-72.3549999999999898
11
174.6399999999999864
21
-71.3049999999999926
0
LINE
8
BLACK
6
CONTINUOUS
10
174.6399999999999864
20
-71.3049999999999926
11
174.6571270000000027
21
-71.2188960000000009
0
LINE
8
BLACK
6
CONTINUOUS
10
174.6571270000000027
20
-71.2188960000000009
11
174.705900999999983
21
-71.145900999999995
0
LINE
8
BLACK
6
CONTINUOUS
10
174.705900999999983
20
-71.145900999999995
11
174.7788960000000031
21
-71.0971270000000004
0
LINE
8
BLACK
6
CONTINUOUS
10
174.7788960000000031
20
-71.0971270000000004
11
174.8649999999999807
21
-71.0799999999999983
0
LINE
8
BLACK
6
CONTINUOUS
10
174.8649999999999807
20
-71.0799999999999983
11
184.414999999999992
21
-71.0799999999999983
0
LINE
8
BLACK
6
CONTINUOUS
10
184.414999999999992
20
-71.0799999999999983
11
184.501103999999998
21
-71.0971270000000004
0
LINE
8
BLACK
6
CONTINUOUS
10
75.6811039999999906
20
-68.5571269999999942
11
75.7540989999999965
21
-68.6059010000000029
0
LINE
8
BLACK
6
CONTINUOUS
10
75.7540989999999965
20
-68.6059010000000029
11
75.8028729999999911
21
-68.6788959999999946
0
LINE
8
BLACK
6
CONTINUOUS
10
75.8028729999999911
20
-68.6788959999999946
11
75.8199999999999932
21
-68.7650000000000006
0
LINE
8
BLACK
6
CONTINUOUS
10
75.8199999999999932
20
-68.7650000000000006
11
75.8199999999999932
21
-69.8149999999999977
0
LINE
8
BLACK
6
CONTINUOUS
10
75.8199999999999932
20
-69.8149999999999977
11
75.8028729999999911
21
-69.9011040000000037
0
LINE
8
BLACK
6
CONTINUOUS
10
75.8028729999999911
20
-69.9011040000000037
11
75.7540989999999965
21
-69.9740989999999954
0
LINE
8
BLACK
6
CONTINUOUS
10
75.7540989999999965
20
-69.9740989999999954
11
75.6811039999999906
21
-70.0228729999999899
0
LINE
8
BLACK
6
CONTINUOUS
10
75.6811039999999906
20
-70.0228729999999899
11
75.5949999999999989
21
-70.039999999999992
0
LINE
8
BLACK
6
CONTINUOUS
10
75.5949999999999989
20
-70.039999999999992
11
66.0450000000000017
21
-70.039999999999992
0
LINE
8
BLACK
6
CONTINUOUS
10
66.0450000000000017
20
-70.039999999999992
11
65.9588959999999958
21
-70.0228729999999899
0
LINE
8
BLACK
6
CONTINUOUS
10
65.9588959999999958
20
-70.0228729999999899
11
65.885901000000004
21
-69.9740989999999954
0
LINE
8
BLACK
6
CONTINUOUS
10
65.885901000000004
20
-69.9740989999999954
11
65.8371269999999953
21
-69.9011040000000037
0
LINE
8
BLACK
6
CONTINUOUS
10
65.8371269999999953
20
-69.9011040000000037
11
65.8199999999999932
21
-69.8149999999999977
0
LINE
8
BLACK
6
CONTINUOUS
10
65.8199999999999932
20
-69.8149999999999977
11
65.8199999999999932
21
-68.7650000000000006
0
LINE
8
BLACK
6
CONTINUOUS
10
65.8199999999999932
20
-68.7650000000000006
11
65.8371269999999953
21
-68.6788959999999946
0
LINE
8
BLACK
6
CONTINUOUS
10
65.8371269999999953
20
-68.6788959999999946
11
65.885901000000004
21
-68.6059010000000029
0
LINE
8
BLACK
6
CONTINUOUS
10
65.885901000000004
20
-68.6059010000000029
11
65.9588959999999958
21
-68.5571269999999942
0
LINE
8
BLACK
6
CONTINUOUS
10
65.9588959999999958
20
-68.5571269999999942
11
66.0450000000000017
21
-68.539999999999992
0
LINE
8
BLACK
6
CONTINUOUS
10
66.0450000000000017
20
-68.539999999999992
11
75.5949999999999989
21
-68.539999999999992
0
LINE
8
BLACK
6
CONTINUOUS
10
75.5949999999999989
20
-68.539999999999992
11
75.6811039999999906
21
-68.5571269999999942
0
LINE
8
BLACK
6
CONTINUOUS
10
105.6811039999999906
20
-68.5571269999999942
11
105.7540989999999965
21
-68.6059010000000029
0
LINE
8
BLACK
6
CONTINUOUS
10
105.7540989999999965
20
-68.6059010000000029
11
105.8028729999999911
21
-68.6788959999999946
0
LINE
8
BLACK
6
CONTINUOUS
10
105.8028729999999911
20
-68.6788959999999946
11
105.8199999999999932
21
-68.7650000000000006
0
LINE
8
BLACK
6
CONTINUOUS
10
105.8199999999999932
20
-68.7650000000000006
11
105.8199999999999932
21
-69.8149999999999977
0
LINE
8
BLACK
6
CONTINUOUS
10
105.8199999999999932
20
-69.8149999999999977
11
105.8028729999999911
21
-69.9011040000000037
0
LINE
8
BLACK
6
CONTINUOUS
10
105.8028729999999911
20
-69.9011040000000037
11
105.7540989999999965
21
-69.9740989999999954
0
LINE
8
BLACK
6
CONTINUOUS
10
105.7540989999999965
20
-69.9740989999999954
11
105.6811039999999906
21
-70.0228729999999899
0
LINE
8
BLACK
6
CONTINUOUS
10
105.6811039999999906
20
-70.0228729999999899
11
105.5949999999999989
21
-70.039999999999992
0
LINE
8
BLACK
6
CONTINUOUS
10
105.5949999999999989
20
-70.039999999999992
11
96.0450000000000017
21
-70.039999999999992
0
LINE
8
BLACK
6
CONTINUOUS
10
96.0450000000000017
20
-70.039999999999992
11
95.9588959999999958
21
-70.0228729999999899
0
LINE
8
BLACK
6
CONTINUOUS
10
95.9588959999999958
20
-70.0228729999999899
11
95.8859009999999898
21
-69.9740989999999954
0
LINE
8
BLACK
6
CONTINUOUS
10
95.8859009999999898
20
-69.9740989999999954
11
95.8371269999999953
21
-69.9011040000000037
0
LINE
8
BLACK
6
CONTINUOUS
10
95.8371269999999953
20
-69.9011040000000037
11
95.8199999999999932
21
-69.8149999999999977
0
LINE
8
BLACK
6
CONTINUOUS
10
95.8199999999999932
20
-69.8149999999999977
11
95.8199999999999932
21
-68.7650000000000006
0
LINE
8
BLACK
6
CONTINUOUS
10
95.8199999999999932
20
-68.7650000000000006
11
95.8371269999999953
21
-68.6788959999999946
0
LINE
8
BLACK
6
CONTINUOUS
10
95.8371269999999953
20
-68.6788959999999946
11
95.8859009999999898
21
-68.6059010000000029
0
LINE
8
BLACK
6
CONTINUOUS
10
95.8859009999999898
20
-68.6059010000000029
11
95.9588959999999958
21
-68.5571269999999942
0
LINE
8
BLACK
6
CONTINUOUS
10
95.9588959999999958
20
-68.5571269999999942
11
96.0450000000000017
21
-68.539999999999992
0
LINE
8
BLACK
6
CONTINUOUS
10
96.0450000000000017
20
-68.539999999999992
11
105.5949999999999989
21
-68.539999999999992
0
LINE
8
BLACK
6
CONTINUOUS
10
105.5949999999999989
20
-68.539999999999992
11
105.6811039999999906
21
-68.5571269999999942
0
LINE
8
BLACK
6
CONTINUOUS
10
154.501103999999998
20
-68.5571269999999942
11
154.5740989999999897
21
-68.6059010000000029
0
LINE
8
BLACK
6
CONTINUOUS
10
154.5740989999999897
20
-68.6059010000000029
11
154.6228729999999985
21
-68.6788959999999946
0
LINE
8
BLACK
6
CONTINUOUS
10
154.6228729999999985
20
-68.6788959999999946
11
154.6399999999999864
21
-68.7650000000000006
0
LINE
8
BLACK
6
CONTINUOUS
10
154.6399999999999864
20
-68.7650000000000006
11
154.6399999999999864
21
-69.8149999999999977
0
LINE
8
BLACK
6
CONTINUOUS
10
154.6399999999999864
20
-69.8149999999999977
11
154.6228729999999985
21
-69.9011040000000037
0
LINE
8
BLACK
6
CONTINUOUS
10
154.6228729999999985
20
-69.9011040000000037
11
154.5740989999999897
21
-69.9740989999999954
0
LINE
8
BLACK
6
CONTINUOUS
10
154.5740989999999897
20
-69.9740989999999954
11
154.501103999999998
21
-70.0228729999999899
0
LINE
8
BLACK
6
CONTINUOUS
10
154.501103999999998
20
-70.0228729999999899
11
154.414999999999992
21
-70.039999999999992
0
LINE
8
BLACK
6
CONTINUOUS
10
154.414999999999992
20
-70.039999999999992
11
144.8649999999999807
21
-70.039999999999992
0
LINE
8
BLACK
6
CONTINUOUS
10
144.8649999999999807
20
-70.039999999999992
11
144.7788960000000031
21
-70.0228729999999899
0
LINE
8
BLACK
6
CONTINUOUS
10
144.7788960000000031
20
-70.0228729999999899
11
144.705900999999983
21
-69.9740989999999954
0
LINE
8
BLACK
6
CONTINUOUS
10
144.705900999999983
20
-69.9740989999999954
11
144.6571270000000027
21
-69.9011040000000037
0
LINE
8
BLACK
6
CONTINUOUS
10
144.6571270000000027
20
-69.9011040000000037
11
144.6399999999999864
21
-69.8149999999999977
0
LINE
8
BLACK
6
CONTINUOUS
10
144.6399999999999864
20
-69.8149999999999977
11
144.6399999999999864
21
-68.7650000000000006
0
LINE
8
BLACK
6
CONTINUOUS
10
144.6399999999999864
20
-68.7650000000000006
11
144.6571270000000027
21
-68.6788959999999946
0
LINE
8
BLACK
6
CONTINUOUS
10
144.6571270000000027
20
-68.6788959999999946
11
144.705900999999983
21
-68.6059010000000029
0
LINE
8
BLACK
6
CONTINUOUS
10
144.705900999999983
20
-68.6059010000000029
11
144.7788960000000031
21
-68.5571269999999942
0
LINE
8
BLACK
6
CONTINUOUS
10
144.7788960000000031
20
-68.5571269999999942
11
144.8649999999999807
21
-68.539999999999992
0
LINE
8
BLACK
6
CONTINUOUS
10
144.8649999999999807
20
-68.539999999999992
11
154.414999999999992
21
-68.539999999999992
0
LINE
8
BLACK
6
CONTINUOUS
10
154.414999999999992
20
-68.539999999999992
11
154.501103999999998
21
-68.5571269999999942
0
LINE
8
BLACK
6
CONTINUOUS
10
184.501103999999998
20
-68.5571269999999942
11
184.5740989999999897
21
-68.6059010000000029
0
LINE
8
BLACK
6
CONTINUOUS
10
184.5740989999999897
20
-68.6059010000000029
11
184.6228729999999985
21
-68.6788959999999946
0
LINE
8
BLACK
6
CONTINUOUS
10
184.6228729999999985
20
-68.6788959999999946
11
184.6399999999999864
21
-68.7650000000000006
0
LINE
8
BLACK
6
CONTINUOUS
10
184.6399999999999864
20
-68.7650000000000006
11
184.6399999999999864
21
-69.8149999999999977
0
LINE
8
BLACK
6
CONTINUOUS
10
184.6399999999999864
20
-69.8149999999999977
11
184.6228729999999985
21
-69.9011040000000037
0
LINE
8
BLACK
6
CONTINUOUS
10
184.6228729999999985
20
-69.9011040000000037
11
184.5740989999999897
21
-69.9740989999999954
0
LINE
8
BLACK
6
CONTINUOUS
10
184.5740989999999897
20
-69.9740989999999954
11
184.501103999999998
21
-70.0228729999999899
0
LINE
8
BLACK
6
CONTINUOUS
10
184.501103999999998
20
-70.0228729999999899
11
184.414999999999992
21
-70.039999999999992
0
LINE
8
BLACK
6
CONTINUOUS
10
184.414999999999992
20
-70.039999999999992
11
174.8649999999999807
21
-70.039999999999992
0
LINE
8
BLACK
6
CONTINUOUS
10
174.8649999999999807
20
-70.039999999999992
11
174.7788960000000031
21
-70.0228729999999899
0
LINE
8
BLACK
6
CONTINUOUS
10
174.7788960000000031
20
-70.0228729999999899
11
174.705900999999983
21
-69.9740989999999954
0
LINE
8
BLACK
6
CONTINUOUS
10
174.705900999999983
20
-69.9740989999999954
11
174.6571270000000027
21
-69.9011040000000037
0
LINE
8
BLACK
6
CONTINUOUS
10
174.6571270000000027
20
-69.9011040000000037
11
174.6399999999999864
21
-69.8149999999999977
0
LINE
8
BLACK
6
CONTINUOUS
10
174.6399999999999864
20
-69.8149999999999977
11
174.6399999999999864
21
-68.7650000000000006
0
LINE
8
BLACK
6
CONTINUOUS
10
174.6399999999999864
20
-68.7650000000000006
11
174.6571270000000027
21
-68.6788959999999946
0
LINE
8
BLACK
6
CONTINUOUS
10
174.6571270000000027
20
-68.6788959999999946
11
174.705900999999983
21
-68.6059010000000029
0
LINE
8
BLACK
6
CONTINUOUS
10
174.705900999999983
20
-68.6059010000000029
11
174.7788960000000031
21
-68.5571269999999942
0
LINE
8
BLACK
6
CONTINUOUS
10
174.7788960000000031
20
-68.5571269999999942
11
174.8649999999999807
21
-68.539999999999992
0
LINE
8
BLACK
6
CONTINUOUS
10
174.8649999999999807
20
-68.539999999999992
11
184.414999999999992
21
-68.539999999999992
0
LINE
8
BLACK
6
CONTINUOUS
10
184.414999999999992
20
-68.539999999999992
11
184.501103999999998
21
-68.5571269999999942
0
LINE
8
BLACK
6
CONTINUOUS
10
239.703015999999991
20
-51.4234480000000005
11
239.8479049999999972
21
-51.4834630000000004
0
LINE
8
BLACK
6
CONTINUOUS
10
239.8479049999999972
20
-51.4834630000000004
11
239.9783029999999826
21
-51.5705919999999978
0
LINE
8
BLACK
6
CONTINUOUS
10
239.9783029999999826
20
-51.5705919999999978
11
240.089195999999987
21
-51.681484999999995
0
LINE
8
BLACK
6
CONTINUOUS
10
240.089195999999987
20
-51.681484999999995
11
240.1763249999999914
21
-51.8118829999999946
0
LINE
8
BLACK
6
CONTINUOUS
10
240.1763249999999914
20
-51.8118829999999946
11
240.2363399999999842
21
-51.9567720000000008
0
LINE
8
BLACK
6
CONTINUOUS
10
240.2363399999999842
20
-51.9567720000000008
11
240.266935999999987
21
-52.1105859999999979
0
LINE
8
BLACK
6
CONTINUOUS
10
240.266935999999987
20
-52.1105859999999979
11
240.266935999999987
21
-52.2674139999999952
0
LINE
8
BLACK
6
CONTINUOUS
10
240.266935999999987
20
-52.2674139999999952
11
240.2363399999999842
21
-52.4212279999999993
0
LINE
8
BLACK
6
CONTINUOUS
10
240.2363399999999842
20
-52.4212279999999993
11
240.1763249999999914
21
-52.5661169999999984
0
LINE
8
BLACK
6
CONTINUOUS
10
240.1763249999999914
20
-52.5661169999999984
11
240.089195999999987
21
-52.696514999999998
0
LINE
8
BLACK
6
CONTINUOUS
10
240.089195999999987
20
-52.696514999999998
11
239.9783029999999826
21
-52.8074079999999952
0
LINE
8
BLACK
6
CONTINUOUS
10
239.9783029999999826
20
-52.8074079999999952
11
239.8479049999999972
21
-52.8945369999999997
0
LINE
8
BLACK
6
CONTINUOUS
10
239.8479049999999972
20
-52.8945369999999997
11
239.703015999999991
21
-52.9545519999999996
0
LINE
8
BLACK
6
CONTINUOUS
10
239.703015999999991
20
-52.9545519999999996
11
239.5492019999999798
21
-52.9851479999999952
0
LINE
8
BLACK
6
CONTINUOUS
10
239.5492019999999798
20
-52.9851479999999952
11
239.3923739999999896
21
-52.9851479999999952
0
LINE
8
BLACK
6
CONTINUOUS
10
239.3923739999999896
20
-52.9851479999999952
11
239.2385599999999783
21
-52.9545519999999996
0
LINE
8
BLACK
6
CONTINUOUS
10
239.2385599999999783
20
-52.9545519999999996
11
239.0936710000000005
21
-52.8945369999999997
0
LINE
8
BLACK
6
CONTINUOUS
10
239.0936710000000005
20
-52.8945369999999997
11
238.9632729999999867
21
-52.8074079999999952
0
LINE
8
BLACK
6
CONTINUOUS
10
238.9632729999999867
20
-52.8074079999999952
11
238.8523799999999824
21
-52.696514999999998
0
LINE
8
BLACK
6
CONTINUOUS
10
238.8523799999999824
20
-52.696514999999998
11
238.7652509999999779
21
-52.5661169999999984
0
LINE
8
BLACK
6
CONTINUOUS
10
238.7652509999999779
20
-52.5661169999999984
11
238.7052359999999851
21
-52.4212279999999993
0
LINE
8
BLACK
6
CONTINUOUS
10
238.7052359999999851
20
-52.4212279999999993
11
238.6746399999999824
21
-52.2674139999999952
0
LINE
8
BLACK
6
CONTINUOUS
10
238.6746399999999824
20
-52.2674139999999952
11
238.6746399999999824
21
-52.1105859999999979
0
LINE
8
BLACK
6
CONTINUOUS
10
238.6746399999999824
20
-52.1105859999999979
11
238.7052359999999851
21
-51.9567720000000008
0
LINE
8
BLACK
6
CONTINUOUS
10
238.7052359999999851
20
-51.9567720000000008
11
238.7652509999999779
21
-51.8118829999999946
0
LINE
8
BLACK
6
CONTINUOUS
10
238.7652509999999779
20
-51.8118829999999946
11
238.8523799999999824
21
-51.681484999999995
0
LINE
8
BLACK
6
CONTINUOUS
10
238.8523799999999824
20
-51.681484999999995
11
238.9632729999999867
21
-51.5705919999999978
0
LINE
8
BLACK
6
CONTINUOUS
10
238.9632729999999867
20
-51.5705919999999978
11
239.0936710000000005
21
-51.4834630000000004
0
LINE
8
BLACK
6
CONTINUOUS
10
239.0936710000000005
20
-51.4834630000000004
11
239.2385599999999783
21
-51.4234480000000005
0
LINE
8
BLACK
6
CONTINUOUS
10
239.2385599999999783
20
-51.4234480000000005
11
239.3923739999999896
21
-51.3928519999999978
0
LINE
8
BLACK
6
CONTINUOUS
10
239.3923739999999896
20
-51.3928519999999978
11
239.5492019999999798
21
-51.3928519999999978
0
LINE
8
BLACK
6
CONTINUOUS
10
239.5492019999999798
20
-51.3928519999999978
11
239.703015999999991
21
-51.4234480000000005
0
LINE
8
BLACK
6
CONTINUOUS
10
228.1980159999999955
20
-39.9184479999999979
11
228.3429050000000018
21
-39.9784629999999979
0
LINE
8
BLACK
6
CONTINUOUS
10
228.3429050000000018
20
-39.9784629999999979
11
228.4733029999999872
21
-40.0655919999999952
0
LINE
8
BLACK
6
CONTINUOUS
10
228.4733029999999872
20
-40.0655919999999952
11
228.5841959999999915
21
-40.1764849999999996
0
LINE
8
BLACK
6
CONTINUOUS
10
228.5841959999999915
20
-40.1764849999999996
11
228.671324999999996
21
-40.3068829999999991
0
LINE
8
BLACK
6
CONTINUOUS
10
228.671324999999996
20
-40.3068829999999991
11
228.7313399999999888
21
-40.4517719999999983
0
LINE
8
BLACK
6
CONTINUOUS
10
228.7313399999999888
20
-40.4517719999999983
11
228.7619359999999915
21
-40.6055859999999953
0
LINE
8
BLACK
6
CONTINUOUS
10
228.7619359999999915
20
-40.6055859999999953
11
228.7619359999999915
21
-40.7624139999999997
0
LINE
8
BLACK
6
CONTINUOUS
10
228.7619359999999915
20
-40.7624139999999997
11
228.7313399999999888
21
-40.9162279999999967
0
LINE
8
BLACK
6
CONTINUOUS
10
228.7313399999999888
20
-40.9162279999999967
11
228.671324999999996
21
-41.0611169999999959
0
LINE
8
BLACK
6
CONTINUOUS
10
228.671324999999996
20
-41.0611169999999959
11
228.5841959999999915
21
-41.1915149999999954
0
LINE
8
BLACK
6
CONTINUOUS
10
228.5841959999999915
20
-41.1915149999999954
11
228.4733029999999872
21
-41.3024079999999998
0
LINE
8
BLACK
6
CONTINUOUS
10
228.4733029999999872
20
-41.3024079999999998
11
228.3429050000000018
21
-41.3895369999999971
0
LINE
8
BLACK
6
CONTINUOUS
10
228.3429050000000018
20
-41.3895369999999971
11
228.1980159999999955
21
-41.4495519999999971
0
LINE
8
BLACK
6
CONTINUOUS
10
228.1980159999999955
20
-41.4495519999999971
11
228.0442019999999843
21
-41.4801479999999998
0
LINE
8
BLACK
6
CONTINUOUS
10
228.0442019999999843
20
-41.4801479999999998
11
227.8873739999999941
21
-41.4801479999999998
0
LINE
8
BLACK
6
CONTINUOUS
10
227.8873739999999941
20
-41.4801479999999998
11
227.7335599999999829
21
-41.4495519999999971
0
LINE
8
BLACK
6
CONTINUOUS
10
227.7335599999999829
20
-41.4495519999999971
11
227.5886709999999766
21
-41.3895369999999971
0
LINE
8
BLACK
6
CONTINUOUS
10
227.5886709999999766
20
-41.3895369999999971
11
227.4582729999999913
21
-41.3024079999999998
0
LINE
8
BLACK
6
CONTINUOUS
10
227.4582729999999913
20
-41.3024079999999998
11
227.3473799999999869
21
-41.1915149999999954
0
LINE
8
BLACK
6
CONTINUOUS
10
227.3473799999999869
20
-41.1915149999999954
11
227.2602509999999825
21
-41.0611169999999959
0
LINE
8
BLACK
6
CONTINUOUS
10
227.2602509999999825
20
-41.0611169999999959
11
227.2002359999999896
21
-40.9162279999999967
0
LINE
8
BLACK
6
CONTINUOUS
10
227.2002359999999896
20
-40.9162279999999967
11
227.1696399999999869
21
-40.7624139999999997
0
LINE
8
BLACK
6
CONTINUOUS
10
227.1696399999999869
20
-40.7624139999999997
11
227.1696399999999869
21
-40.6055859999999953
0
LINE
8
BLACK
6
CONTINUOUS
10
227.1696399999999869
20
-40.6055859999999953
11
227.2002359999999896
21
-40.4517719999999983
0
LINE
8
BLACK
6
CONTINUOUS
10
227.2002359999999896
20
-40.4517719999999983
11
227.2602509999999825
21
-40.3068829999999991
0
LINE
8
BLACK
6
CONTINUOUS
10
227.2602509999999825
20
-40.3068829999999991
11
227.3473799999999869
21
-40.1764849999999996
0
LINE
8
BLACK
6
CONTINUOUS
10
227.3473799999999869
20
-40.1764849999999996
11
227.4582729999999913
21
-40.0655919999999952
0
LINE
8
BLACK
6
CONTINUOUS
10
227.4582729999999913
20
-40.0655919999999952
11
227.5886709999999766
21
-39.9784629999999979
0
LINE
8
BLACK
6
CONTINUOUS
10
227.5886709999999766
20
-39.9784629999999979
11
227.7335599999999829
21
-39.9184479999999979
0
LINE
8
BLACK
6
CONTINUOUS
10
227.7335599999999829
20
-39.9184479999999979
11
227.8873739999999941
21
-39.8878519999999952
0
LINE
8
BLACK
6
CONTINUOUS
10
227.8873739999999941
20
-39.8878519999999952
11
228.0442019999999843
21
-39.8878519999999952
0
LINE
8
BLACK
6
CONTINUOUS
10
228.0442019999999843
20
-39.8878519999999952
11
228.1980159999999955
21
-39.9184479999999979
0
CIRCLE
8
BLACK
10
58.9609999999999985
20
-94.6899999999999977
40
0.75
0
CIRCLE
8
BLACK
10
221.328000000000003
20
-136.5720000000000027
40
0.75
0
CIRCLE
8
BLACK
10
52.0399999999999991
20
-99.6400000000000006
40
0.75
0
CIRCLE
8
BLACK
10
58.9609999999999985
20
-84.5300000000000011
40
0.75
0
CIRCLE
8
BLACK
10
218.8100000000000023
20
-47.5869999999999962
40
0.75
0
CIRCLE
8
BLACK
10
47.4099999999999966
20
-74.7599999999999909
40
0.75
0
CIRCLE
8
BLACK
10
62.4441059999999979
20
-76.9099999999999966
40
0.75
0
CIRCLE
8
BLACK
10
58.8200000000000003
20
-73.9200000000000017
40
0.75
0
CIRCLE
8
BLACK
10
49.7469999999999999
20
-109.1229999999999905
40
0.75
0
CIRCLE
8
BLACK
10
247.0209999999999866
20
-93.6709999999999923
40
0.75
0
CIRCLE
8
BLACK
10
221.3199999999999932
20
-138.8729999999999905
40
0.75
0
CIRCLE
8
BLACK
10
243.5029469999999776
20
-90.1529469999999975
40
0.75
0
CIRCLE
8
BLACK
10
58.9609999999999985
20
-107.3900000000000006
40
0.75
0
CIRCLE
8
BLACK
10
247.0300000000000011
20
-104.2299999999999898
40
0.75
0
CIRCLE
8
BLACK
10
238.9058939999999893
20
-104.2299999999999898
40
0.75
0
CIRCLE
8
BLACK
10
47.4460009999999954
20
-114.678104999999988
40
0.75
0
CIRCLE
8
BLACK
10
58.9510000000000005
20
-109.9299999999999926
40
0.75
0
CIRCLE
8
BLACK
10
249.339999999999975
20
-99.2441060000000022
40
0.75
0
CIRCLE
8
BLACK
10
241.6258939999999882
20
-91.5300000000000011
40
0.75
0
CIRCLE
8
BLACK
10
244.5300000000000011
20
-99.1499999999999915
40
0.75
0
CIRCLE
8
BLACK
10
221.4439999999999884
20
-141.1740000000000066
40
0.75
0
CIRCLE
8
BLACK
10
221.3899999999999864
20
-143.4749999999999943
40
0.75
0
CIRCLE
8
BLACK
10
45.1450010000000006
20
-120.1799999999999926
40
0.75
0
CIRCLE
8
BLACK
10
241.4458939999999814
20
-106.769999999999996
40
0.75
0
CIRCLE
8
BLACK
10
238.2800000000000011
20
-96.6099999999999994
40
0.75
0
CIRCLE
8
BLACK
10
251.6229999999999905
20
-103.7269999999999897
40
0.75
0
CIRCLE
8
BLACK
10
58.9609999999999985
20
-112.4699999999999989
40
0.75
0
CIRCLE
8
BLACK
10
58.9709999999999965
20
-104.8499999999999943
40
0.75
0
CIRCLE
8
BLACK
10
218.8499999999999943
20
-45.2860000000000014
40
0.75
0
CIRCLE
8
BLACK
10
47.9699999999999989
20
-104.8499999999999943
40
0.75
0
CIRCLE
8
BLACK
10
242.0058939999999836
20
-81.3699999999999903
40
0.75
0
CIRCLE
8
BLACK
10
251.2009999999999934
20
-76.6689999999999969
40
0.75
0
CIRCLE
8
BLACK
10
196.3499999999999943
20
-82.7000000000000028
40
0.75
0
CIRCLE
8
BLACK
10
62.6989999999999981
20
-92.1499999999999915
40
0.75
0
CIRCLE
8
BLACK
10
54.3399999999999963
20
-86.3399999999999892
40
0.75
0
CIRCLE
8
BLACK
10
191.7489999999999952
20
-87.2768939999999986
40
0.75
0
CIRCLE
8
BLACK
10
239.4707879999999989
20
-52.1890000000000001
40
0.75
0
CIRCLE
8
BLACK
10
59.009999999999998
20
-117.5499999999999972
40
0.75
0
CIRCLE
8
BLACK
10
218.6799999999999784
20
-40.6839999999999975
40
0.75
0
CIRCLE
8
BLACK
10
227.9657880000000034
20
-40.6839999999999975
40
0.75
0
CIRCLE
8
BLACK
10
40.5069990000000004
20
-119.700997000000001
40
0.75
0
CIRCLE
8
BLACK
10
221.8499999999999943
20
-145.775999999999982
40
0.75
0
CIRCLE
8
BLACK
10
127.0999999999999943
20
-145.789999999999992
40
0.75
0
CIRCLE
8
BLACK
10
198.4899999999999807
20
-134.2709999999999866
40
0.75
0
CIRCLE
8
BLACK
10
125.3499999999999943
20
-129.6689999999999827
40
0.75
0
CIRCLE
8
BLACK
10
198.4899999999999807
20
-120.6099999999999994
40
0.75
0
CIRCLE
8
BLACK
10
255.839999999999975
20
-76.6558940000000035
40
0.75
0
CIRCLE
8
BLACK
10
191.5589999999999975
20
-117.5499999999999972
40
0.75
0
CIRCLE
8
BLACK
10
212.2399999999999807
20
-148.0199999999999818
40
0.75
0
CIRCLE
8
BLACK
10
244.2980000000000018
20
-76.8161059999999907
40
0.75
0
CIRCLE
8
BLACK
10
218.4650000000000034
20
-42.9849999999999994
40
0.75
0
CIRCLE
8
BLACK
10
42.8079999999999998
20
-121.0971049999999991
40
0.75
0
CIRCLE
8
BLACK
10
253.539999999999992
20
-77.6099999999999994
40
0.75
0
CIRCLE
8
BLACK
10
239.4658939999999916
20
-83.9099999999999966
40
0.75
0
CIRCLE
8
BLACK
10
58.9609999999999985
20
-115.0099999999999909
40
0.75
0
CIRCLE
8
BLACK
10
54.3489999999999966
20
-92.9189999999999969
40
0.75
0
CIRCLE
8
BLACK
10
58.9510000000000005
20
-89.6099999999999994
40
0.75
0
CIRCLE
8
BLACK
10
49.7190000000000012
20
-100.5731049999999982
40
0.75
0
CIRCLE
8
BLACK
10
218.9779999999999802
20
-49.8879999999999981
40
0.75
0
CIRCLE
8
BLACK
10
58.9709999999999965
20
-102.3100000000000023
40
0.75
  0
ENDSEC
  0
EOF
