  0
SECTION
  2
HEADER
  9
$ANGBASE
  50
0.0
  9
$ANGDIR
  70
1
  9
$MEASUREMENT
  70
1
  0
ENDSEC
  0
SECTION
  2
TABLES
  0
TABLE
  2
LTYPE
  70
4
  0
LTYPE
  5
40F
  2
CONTINUOUS
  70
0
  3
Solid line
  72
65
  73
0
  40
0.0
  0
LTYPE
  5
410
  2
DASHDOT
 70
0
  3
Dash Dot ____ _ ____ _
 72
65
 73
4
 40
2.0
 49
1.25
 49
-0.25
 49
0.25
 49
-0.25
  0
LTYPE
  5
411
  2
DASHED
 70
0
  3
Dashed __ __ __ __ __
 72
65
 73
2
 40
0.75
 49
0.5
 49
-0.25
  0
LTYPE
  5
43B
  2
DOTTED
 70
0
  3
Dotted .  .  .  .
 72
65
 73
2
 40
0.2
 49
0.0
 49
-0.2
  0
ENDTAB
  0
TABLE
  2
STYLE
  70
4
  0
STYLE
  2
KICAD
  70
0
  40
0
  41
1
  42
1
  50
0
  71
0
  3
isocp.shx
  0
STYLE
  2
KICADB
  70
0
  40
0
  41
1
  42
1
  50
0
  71
0
  3
isocp.shx
  0
STYLE
  2
KICADI
  70
0
  40
0
  41
1
  42
1
  50
15
  71
0
  3
isocp.shx
  0
STYLE
  2
KICADBI
  70
0
  40
0
  41
1
  42
1
  50
15
  71
0
  3
isocp.shx
  0
ENDTAB
  0
TABLE
  2
LAYER
  70
1
  0
LAYER
  2
BLACK
  70
0
  62
7
  6
CONTINUOUS
  0
ENDTAB
  0
ENDSEC
  0
SECTION
  2
ENTITIES
0
LINE
8
BLACK
6
CONTINUOUS
10
212.4722280000000012
20
-147.2544479999999965
11
212.617116999999979
21
-147.3144629999999893
0
LINE
8
BLACK
6
CONTINUOUS
10
212.617116999999979
20
-147.3144629999999893
11
212.7475149999999928
21
-147.4015919999999937
0
LINE
8
BLACK
6
CONTINUOUS
10
212.7475149999999928
20
-147.4015919999999937
11
212.8584079999999972
21
-147.5124849999999981
0
LINE
8
BLACK
6
CONTINUOUS
10
212.8584079999999972
20
-147.5124849999999981
11
212.9455370000000016
21
-147.6428829999999834
0
LINE
8
BLACK
6
CONTINUOUS
10
212.9455370000000016
20
-147.6428829999999834
11
213.0055519999999945
21
-147.7877719999999897
0
LINE
8
BLACK
6
CONTINUOUS
10
213.0055519999999945
20
-147.7877719999999897
11
213.0361479999999972
21
-147.9415860000000009
0
LINE
8
BLACK
6
CONTINUOUS
10
213.0361479999999972
20
-147.9415860000000009
11
213.0361479999999972
21
-148.0984139999999911
0
LINE
8
BLACK
6
CONTINUOUS
10
213.0361479999999972
20
-148.0984139999999911
11
213.0055519999999945
21
-148.2522280000000023
0
LINE
8
BLACK
6
CONTINUOUS
10
213.0055519999999945
20
-148.2522280000000023
11
212.9455370000000016
21
-148.3971169999999802
0
LINE
8
BLACK
6
CONTINUOUS
10
212.9455370000000016
20
-148.3971169999999802
11
212.8584079999999972
21
-148.527514999999994
0
LINE
8
BLACK
6
CONTINUOUS
10
212.8584079999999972
20
-148.527514999999994
11
212.7475149999999928
21
-148.6384079999999983
0
LINE
8
BLACK
6
CONTINUOUS
10
212.7475149999999928
20
-148.6384079999999983
11
212.617116999999979
21
-148.7255370000000028
0
LINE
8
BLACK
6
CONTINUOUS
10
212.617116999999979
20
-148.7255370000000028
11
212.4722280000000012
21
-148.7855519999999956
0
LINE
8
BLACK
6
CONTINUOUS
10
212.4722280000000012
20
-148.7855519999999956
11
212.31841399999999
21
-148.8161479999999983
0
LINE
8
BLACK
6
CONTINUOUS
10
212.31841399999999
20
-148.8161479999999983
11
212.1615859999999998
21
-148.8161479999999983
0
LINE
8
BLACK
6
CONTINUOUS
10
212.1615859999999998
20
-148.8161479999999983
11
212.0077719999999886
21
-148.7855519999999956
0
LINE
8
BLACK
6
CONTINUOUS
10
212.0077719999999886
20
-148.7855519999999956
11
211.8628829999999823
21
-148.7255370000000028
0
LINE
8
BLACK
6
CONTINUOUS
10
211.8628829999999823
20
-148.7255370000000028
11
211.7324849999999969
21
-148.6384079999999983
0
LINE
8
BLACK
6
CONTINUOUS
10
211.7324849999999969
20
-148.6384079999999983
11
211.6215919999999926
21
-148.527514999999994
0
LINE
8
BLACK
6
CONTINUOUS
10
211.6215919999999926
20
-148.527514999999994
11
211.5344629999999881
21
-148.3971169999999802
0
LINE
8
BLACK
6
CONTINUOUS
10
211.5344629999999881
20
-148.3971169999999802
11
211.4744479999999953
21
-148.2522280000000023
0
LINE
8
BLACK
6
CONTINUOUS
10
211.4744479999999953
20
-148.2522280000000023
11
211.4438519999999926
21
-148.0984139999999911
0
LINE
8
BLACK
6
CONTINUOUS
10
211.4438519999999926
20
-148.0984139999999911
11
211.4438519999999926
21
-147.9415860000000009
0
LINE
8
BLACK
6
CONTINUOUS
10
211.4438519999999926
20
-147.9415860000000009
11
211.4744479999999953
21
-147.7877719999999897
0
LINE
8
BLACK
6
CONTINUOUS
10
211.4744479999999953
20
-147.7877719999999897
11
211.5344629999999881
21
-147.6428829999999834
0
LINE
8
BLACK
6
CONTINUOUS
10
211.5344629999999881
20
-147.6428829999999834
11
211.6215919999999926
21
-147.5124849999999981
0
LINE
8
BLACK
6
CONTINUOUS
10
211.6215919999999926
20
-147.5124849999999981
11
211.7324849999999969
21
-147.4015919999999937
0
LINE
8
BLACK
6
CONTINUOUS
10
211.7324849999999969
20
-147.4015919999999937
11
211.8628829999999823
21
-147.3144629999999893
0
LINE
8
BLACK
6
CONTINUOUS
10
211.8628829999999823
20
-147.3144629999999893
11
212.0077719999999886
21
-147.2544479999999965
0
LINE
8
BLACK
6
CONTINUOUS
10
212.0077719999999886
20
-147.2544479999999965
11
212.1615859999999998
21
-147.2238519999999937
0
LINE
8
BLACK
6
CONTINUOUS
10
212.1615859999999998
20
-147.2238519999999937
11
212.31841399999999
21
-147.2238519999999937
0
LINE
8
BLACK
6
CONTINUOUS
10
212.31841399999999
20
-147.2238519999999937
11
212.4722280000000012
21
-147.2544479999999965
0
LINE
8
BLACK
6
CONTINUOUS
10
127.3322280000000006
20
-145.0244480000000067
11
127.4771169999999927
21
-145.0844629999999995
0
LINE
8
BLACK
6
CONTINUOUS
10
127.4771169999999927
20
-145.0844629999999995
11
127.6075149999999923
21
-145.171592000000004
0
LINE
8
BLACK
6
CONTINUOUS
10
127.6075149999999923
20
-145.171592000000004
11
127.7184079999999966
21
-145.2824849999999799
0
LINE
8
BLACK
6
CONTINUOUS
10
127.7184079999999966
20
-145.2824849999999799
11
127.8055370000000011
21
-145.4128829999999937
0
LINE
8
BLACK
6
CONTINUOUS
10
127.8055370000000011
20
-145.4128829999999937
11
127.8655519999999939
21
-145.5577719999999999
0
LINE
8
BLACK
6
CONTINUOUS
10
127.8655519999999939
20
-145.5577719999999999
11
127.8961479999999966
21
-145.7115859999999827
0
LINE
8
BLACK
6
CONTINUOUS
10
127.8961479999999966
20
-145.7115859999999827
11
127.8961479999999966
21
-145.8684140000000014
0
LINE
8
BLACK
6
CONTINUOUS
10
127.8961479999999966
20
-145.8684140000000014
11
127.8655519999999939
21
-146.0222279999999841
0
LINE
8
BLACK
6
CONTINUOUS
10
127.8655519999999939
20
-146.0222279999999841
11
127.8055370000000011
21
-146.1671169999999904
0
LINE
8
BLACK
6
CONTINUOUS
10
127.8055370000000011
20
-146.1671169999999904
11
127.7184079999999966
21
-146.2975150000000042
0
LINE
8
BLACK
6
CONTINUOUS
10
127.7184079999999966
20
-146.2975150000000042
11
127.6075149999999923
21
-146.4084079999999801
0
LINE
8
BLACK
6
CONTINUOUS
10
127.6075149999999923
20
-146.4084079999999801
11
127.4771169999999927
21
-146.4955369999999846
0
LINE
8
BLACK
6
CONTINUOUS
10
127.4771169999999927
20
-146.4955369999999846
11
127.3322280000000006
21
-146.5555520000000058
0
LINE
8
BLACK
6
CONTINUOUS
10
127.3322280000000006
20
-146.5555520000000058
11
127.1784139999999894
21
-146.5861479999999801
0
LINE
8
BLACK
6
CONTINUOUS
10
127.1784139999999894
20
-146.5861479999999801
11
127.0215859999999992
21
-146.5861479999999801
0
LINE
8
BLACK
6
CONTINUOUS
10
127.0215859999999992
20
-146.5861479999999801
11
126.867771999999988
21
-146.5555520000000058
0
LINE
8
BLACK
6
CONTINUOUS
10
126.867771999999988
20
-146.5555520000000058
11
126.7228829999999959
21
-146.4955369999999846
0
LINE
8
BLACK
6
CONTINUOUS
10
126.7228829999999959
20
-146.4955369999999846
11
126.5924849999999964
21
-146.4084079999999801
0
LINE
8
BLACK
6
CONTINUOUS
10
126.5924849999999964
20
-146.4084079999999801
11
126.481591999999992
21
-146.2975150000000042
0
LINE
8
BLACK
6
CONTINUOUS
10
126.481591999999992
20
-146.2975150000000042
11
126.3944629999999876
21
-146.1671169999999904
0
LINE
8
BLACK
6
CONTINUOUS
10
126.3944629999999876
20
-146.1671169999999904
11
126.3344479999999947
21
-146.0222279999999841
0
LINE
8
BLACK
6
CONTINUOUS
10
126.3344479999999947
20
-146.0222279999999841
11
126.303851999999992
21
-145.8684140000000014
0
LINE
8
BLACK
6
CONTINUOUS
10
126.303851999999992
20
-145.8684140000000014
11
126.303851999999992
21
-145.7115859999999827
0
LINE
8
BLACK
6
CONTINUOUS
10
126.303851999999992
20
-145.7115859999999827
11
126.3344479999999947
21
-145.5577719999999999
0
LINE
8
BLACK
6
CONTINUOUS
10
126.3344479999999947
20
-145.5577719999999999
11
126.3944629999999876
21
-145.4128829999999937
0
LINE
8
BLACK
6
CONTINUOUS
10
126.3944629999999876
20
-145.4128829999999937
11
126.481591999999992
21
-145.2824849999999799
0
LINE
8
BLACK
6
CONTINUOUS
10
126.481591999999992
20
-145.2824849999999799
11
126.5924849999999964
21
-145.171592000000004
0
LINE
8
BLACK
6
CONTINUOUS
10
126.5924849999999964
20
-145.171592000000004
11
126.7228829999999959
21
-145.0844629999999995
0
LINE
8
BLACK
6
CONTINUOUS
10
126.7228829999999959
20
-145.0844629999999995
11
126.867771999999988
21
-145.0244480000000067
0
LINE
8
BLACK
6
CONTINUOUS
10
126.867771999999988
20
-145.0244480000000067
11
127.0215859999999992
21
-144.993852000000004
0
LINE
8
BLACK
6
CONTINUOUS
10
127.0215859999999992
20
-144.993852000000004
11
127.1784139999999894
21
-144.993852000000004
0
LINE
8
BLACK
6
CONTINUOUS
10
127.1784139999999894
20
-144.993852000000004
11
127.3322280000000006
21
-145.0244480000000067
0
LINE
8
BLACK
6
CONTINUOUS
10
256.0722279999999955
20
-75.8903419999999898
11
256.2171169999999734
21
-75.9503569999999968
0
LINE
8
BLACK
6
CONTINUOUS
10
256.2171169999999734
20
-75.9503569999999968
11
256.3475149999999871
21
-76.0374860000000012
0
LINE
8
BLACK
6
CONTINUOUS
10
256.3475149999999871
20
-76.0374860000000012
11
256.4584079999999631
21
-76.1483789999999914
0
LINE
8
BLACK
6
CONTINUOUS
10
256.4584079999999631
20
-76.1483789999999914
11
256.5455369999999675
21
-76.2787769999999909
0
LINE
8
BLACK
6
CONTINUOUS
10
256.5455369999999675
20
-76.2787769999999909
11
256.6055519999999888
21
-76.4236659999999972
0
LINE
8
BLACK
6
CONTINUOUS
10
256.6055519999999888
20
-76.4236659999999972
11
256.6361479999999915
21
-76.5774799999999942
0
LINE
8
BLACK
6
CONTINUOUS
10
256.6361479999999915
20
-76.5774799999999942
11
256.6361479999999915
21
-76.7343079999999986
0
LINE
8
BLACK
6
CONTINUOUS
10
256.6361479999999915
20
-76.7343079999999986
11
256.6055519999999888
21
-76.8881219999999956
0
LINE
8
BLACK
6
CONTINUOUS
10
256.6055519999999888
20
-76.8881219999999956
11
256.589999999999975
21
-76.92566699999999
0
LINE
8
BLACK
6
CONTINUOUS
10
256.589999999999975
20
-76.92566699999999
11
256.589999999999975
21
-130.3064229999999952
0
LINE
8
BLACK
6
CONTINUOUS
10
256.589999999999975
20
-130.3064229999999952
11
256.5863889999999969
21
-130.3799359999999865
0
LINE
8
BLACK
6
CONTINUOUS
10
256.5863889999999969
20
-130.3799359999999865
11
256.557705999999996
21
-130.5241359999999986
0
LINE
8
BLACK
6
CONTINUOUS
10
256.557705999999996
20
-130.5241359999999986
11
256.5463249999999675
21
-130.5516110000000083
0
LINE
8
BLACK
6
CONTINUOUS
10
256.5463249999999675
20
-130.5516110000000083
11
256.5014409999999998
21
-130.6599709999999845
0
LINE
8
BLACK
6
CONTINUOUS
10
256.5014409999999998
20
-130.6599709999999845
11
256.4687230000000113
21
-130.7089349999999968
0
LINE
8
BLACK
6
CONTINUOUS
10
256.4687230000000113
20
-130.7089349999999968
11
256.4197589999999991
21
-130.7822180000000003
0
LINE
8
BLACK
6
CONTINUOUS
10
256.4197589999999991
20
-130.7822180000000003
11
256.3703299999999672
21
-130.8367529999999874
0
LINE
8
BLACK
6
CONTINUOUS
10
256.3703299999999672
20
-130.8367529999999874
11
240.9007529999999804
21
-146.3063300000000027
0
LINE
8
BLACK
6
CONTINUOUS
10
240.9007529999999804
20
-146.3063300000000027
11
240.8462179999999933
21
-146.3557579999999803
0
LINE
8
BLACK
6
CONTINUOUS
10
240.8462179999999933
20
-146.3557579999999803
11
240.7239709999999775
21
-146.4374410000000069
0
LINE
8
BLACK
6
CONTINUOUS
10
240.7239709999999775
20
-146.4374410000000069
11
240.6677059999999813
21
-146.4607460000000003
0
LINE
8
BLACK
6
CONTINUOUS
10
240.6677059999999813
20
-146.4607460000000003
11
240.5881359999999916
21
-146.4937060000000031
0
LINE
8
BLACK
6
CONTINUOUS
10
240.5881359999999916
20
-146.4937060000000031
11
240.4439359999999795
21
-146.522389000000004
0
LINE
8
BLACK
6
CONTINUOUS
10
240.4439359999999795
20
-146.522389000000004
11
240.3704229999999882
21
-146.525999999999982
0
LINE
8
BLACK
6
CONTINUOUS
10
240.3704229999999882
20
-146.525999999999982
11
222.1197739999999783
21
-146.525999999999982
0
LINE
8
BLACK
6
CONTINUOUS
10
222.1197739999999783
20
-146.525999999999982
11
222.0822279999999864
21
-146.5415519999999958
0
LINE
8
BLACK
6
CONTINUOUS
10
222.0822279999999864
20
-146.5415519999999958
11
221.9284140000000036
21
-146.5721479999999985
0
LINE
8
BLACK
6
CONTINUOUS
10
221.9284140000000036
20
-146.5721479999999985
11
221.771585999999985
21
-146.5721479999999985
0
LINE
8
BLACK
6
CONTINUOUS
10
221.771585999999985
20
-146.5721479999999985
11
221.6177720000000022
21
-146.5415519999999958
0
LINE
8
BLACK
6
CONTINUOUS
10
221.6177720000000022
20
-146.5415519999999958
11
221.4728829999999959
21
-146.481537000000003
0
LINE
8
BLACK
6
CONTINUOUS
10
221.4728829999999959
20
-146.481537000000003
11
221.3424849999999822
21
-146.3944079999999985
0
LINE
8
BLACK
6
CONTINUOUS
10
221.3424849999999822
20
-146.3944079999999985
11
221.2315919999999778
21
-146.2835149999999942
0
LINE
8
BLACK
6
CONTINUOUS
10
221.2315919999999778
20
-146.2835149999999942
11
221.1444630000000018
21
-146.1531169999999804
0
LINE
8
BLACK
6
CONTINUOUS
10
221.1444630000000018
20
-146.1531169999999804
11
221.0844479999999805
21
-146.0082280000000026
0
LINE
8
BLACK
6
CONTINUOUS
10
221.0844479999999805
20
-146.0082280000000026
11
221.0538519999999778
21
-145.8544139999999913
0
LINE
8
BLACK
6
CONTINUOUS
10
221.0538519999999778
20
-145.8544139999999913
11
221.0538519999999778
21
-145.6975860000000011
0
LINE
8
BLACK
6
CONTINUOUS
10
221.0538519999999778
20
-145.6975860000000011
11
221.0844479999999805
21
-145.5437719999999899
0
LINE
8
BLACK
6
CONTINUOUS
10
221.0844479999999805
20
-145.5437719999999899
11
221.1444630000000018
21
-145.3988829999999837
0
LINE
8
BLACK
6
CONTINUOUS
10
221.1444630000000018
20
-145.3988829999999837
11
221.2315919999999778
21
-145.2684849999999983
0
LINE
8
BLACK
6
CONTINUOUS
10
221.2315919999999778
20
-145.2684849999999983
11
221.3424849999999822
21
-145.157591999999994
0
LINE
8
BLACK
6
CONTINUOUS
10
221.3424849999999822
20
-145.157591999999994
11
221.4728829999999959
21
-145.0704629999999895
0
LINE
8
BLACK
6
CONTINUOUS
10
221.4728829999999959
20
-145.0704629999999895
11
221.6177720000000022
21
-145.0104479999999967
0
LINE
8
BLACK
6
CONTINUOUS
10
221.6177720000000022
20
-145.0104479999999967
11
221.771585999999985
21
-144.979851999999994
0
LINE
8
BLACK
6
CONTINUOUS
10
221.771585999999985
20
-144.979851999999994
11
221.9284140000000036
21
-144.979851999999994
0
LINE
8
BLACK
6
CONTINUOUS
10
221.9284140000000036
20
-144.979851999999994
11
222.0822279999999864
21
-145.0104479999999967
0
LINE
8
BLACK
6
CONTINUOUS
10
222.0822279999999864
20
-145.0104479999999967
11
222.1197739999999783
21
-145.025999999999982
0
LINE
8
BLACK
6
CONTINUOUS
10
222.1197739999999783
20
-145.025999999999982
11
240.0597629999999754
21
-145.025999999999982
0
LINE
8
BLACK
6
CONTINUOUS
10
240.0597629999999754
20
-145.025999999999982
11
255.089999999999975
21
-129.9957629999999824
0
LINE
8
BLACK
6
CONTINUOUS
10
255.089999999999975
20
-129.9957629999999824
11
255.089999999999975
21
-76.92566699999999
0
LINE
8
BLACK
6
CONTINUOUS
10
255.089999999999975
20
-76.92566699999999
11
255.0744479999999896
21
-76.8881219999999956
0
LINE
8
BLACK
6
CONTINUOUS
10
255.0744479999999896
20
-76.8881219999999956
11
255.0438519999999869
21
-76.7343079999999986
0
LINE
8
BLACK
6
CONTINUOUS
10
255.0438519999999869
20
-76.7343079999999986
11
255.0438519999999869
21
-76.5774799999999942
0
LINE
8
BLACK
6
CONTINUOUS
10
255.0438519999999869
20
-76.5774799999999942
11
255.0744479999999896
21
-76.4236659999999972
0
LINE
8
BLACK
6
CONTINUOUS
10
255.0744479999999896
20
-76.4236659999999972
11
255.1344629999999825
21
-76.2787769999999909
0
LINE
8
BLACK
6
CONTINUOUS
10
255.1344629999999825
20
-76.2787769999999909
11
255.2215919999999869
21
-76.1483789999999914
0
LINE
8
BLACK
6
CONTINUOUS
10
255.2215919999999869
20
-76.1483789999999914
11
255.3324849999999913
21
-76.0374860000000012
0
LINE
8
BLACK
6
CONTINUOUS
10
255.3324849999999913
20
-76.0374860000000012
11
255.4628829999999766
21
-75.9503569999999968
0
LINE
8
BLACK
6
CONTINUOUS
10
255.4628829999999766
20
-75.9503569999999968
11
255.6077719999999829
21
-75.8903419999999898
0
LINE
8
BLACK
6
CONTINUOUS
10
255.6077719999999829
20
-75.8903419999999898
11
255.7615859999999941
21
-75.8597460000000012
0
LINE
8
BLACK
6
CONTINUOUS
10
255.7615859999999941
20
-75.8597460000000012
11
255.9184139999999843
21
-75.8597460000000012
0
LINE
8
BLACK
6
CONTINUOUS
10
255.9184139999999843
20
-75.8597460000000012
11
256.0722279999999955
21
-75.8903419999999898
0
LINE
8
BLACK
6
CONTINUOUS
10
251.8552279999999826
20
-102.9614479999999901
11
252.0001169999999888
21
-103.0214629999999971
0
LINE
8
BLACK
6
CONTINUOUS
10
252.0001169999999888
20
-103.0214629999999971
11
252.1305150000000026
21
-103.1085920000000016
0
LINE
8
BLACK
6
CONTINUOUS
10
252.1305150000000026
20
-103.1085920000000016
11
252.2414079999999785
21
-103.2194849999999917
0
LINE
8
BLACK
6
CONTINUOUS
10
252.2414079999999785
20
-103.2194849999999917
11
252.328536999999983
21
-103.3498829999999913
0
LINE
8
BLACK
6
CONTINUOUS
10
252.328536999999983
20
-103.3498829999999913
11
252.3885519999999758
21
-103.4947719999999975
0
LINE
8
BLACK
6
CONTINUOUS
10
252.3885519999999758
20
-103.4947719999999975
11
252.4191479999999785
21
-103.6485859999999946
0
LINE
8
BLACK
6
CONTINUOUS
10
252.4191479999999785
20
-103.6485859999999946
11
252.4191479999999785
21
-103.805413999999999
0
LINE
8
BLACK
6
CONTINUOUS
10
252.4191479999999785
20
-103.805413999999999
11
252.3885519999999758
21
-103.959227999999996
0
LINE
8
BLACK
6
CONTINUOUS
10
252.3885519999999758
20
-103.959227999999996
11
252.3729999999999905
21
-103.9967729999999904
0
LINE
8
BLACK
6
CONTINUOUS
10
252.3729999999999905
20
-103.9967729999999904
11
252.3729999999999905
21
-131.2693160000000034
0
LINE
8
BLACK
6
CONTINUOUS
10
252.3729999999999905
20
-131.2693160000000034
11
252.369388999999984
21
-131.3428289999999947
0
LINE
8
BLACK
6
CONTINUOUS
10
252.369388999999984
20
-131.3428289999999947
11
252.3407049999999856
21
-131.4870300000000043
0
LINE
8
BLACK
6
CONTINUOUS
10
252.3407049999999856
20
-131.4870300000000043
11
252.2844409999999868
21
-131.6228639999999928
0
LINE
8
BLACK
6
CONTINUOUS
10
252.2844409999999868
20
-131.6228639999999928
11
252.2027579999999887
21
-131.7451109999999801
0
LINE
8
BLACK
6
CONTINUOUS
10
252.2027579999999887
20
-131.7451109999999801
11
252.1533299999999826
21
-131.7996459999999956
0
LINE
8
BLACK
6
CONTINUOUS
10
252.1533299999999826
20
-131.7996459999999956
11
239.9476479999999867
21
-144.0053299999999865
0
LINE
8
BLACK
6
CONTINUOUS
10
239.9476479999999867
20
-144.0053299999999865
11
239.8931129999999996
21
-144.0547579999999925
0
LINE
8
BLACK
6
CONTINUOUS
10
239.8931129999999996
20
-144.0547579999999925
11
239.7708659999999838
21
-144.1364409999999907
0
LINE
8
BLACK
6
CONTINUOUS
10
239.7708659999999838
20
-144.1364409999999907
11
239.7146009999999876
21
-144.1597459999999842
0
LINE
8
BLACK
6
CONTINUOUS
10
239.7146009999999876
20
-144.1597459999999842
11
239.6350309999999979
21
-144.1927059999999869
0
LINE
8
BLACK
6
CONTINUOUS
10
239.6350309999999979
20
-144.1927059999999869
11
239.4908309999999858
21
-144.2213889999999878
0
LINE
8
BLACK
6
CONTINUOUS
10
239.4908309999999858
20
-144.2213889999999878
11
239.4173179999999945
21
-144.2249999999999943
0
LINE
8
BLACK
6
CONTINUOUS
10
239.4173179999999945
20
-144.2249999999999943
11
221.6597739999999988
21
-144.2249999999999943
0
LINE
8
BLACK
6
CONTINUOUS
10
221.6597739999999988
20
-144.2249999999999943
11
221.6222279999999785
21
-144.2405519999999797
0
LINE
8
BLACK
6
CONTINUOUS
10
221.6222279999999785
20
-144.2405519999999797
11
221.4684139999999957
21
-144.2711479999999824
0
LINE
8
BLACK
6
CONTINUOUS
10
221.4684139999999957
20
-144.2711479999999824
11
221.311585999999977
21
-144.2711479999999824
0
LINE
8
BLACK
6
CONTINUOUS
10
221.311585999999977
20
-144.2711479999999824
11
221.1577719999999943
21
-144.2405519999999797
0
LINE
8
BLACK
6
CONTINUOUS
10
221.1577719999999943
20
-144.2405519999999797
11
221.012882999999988
21
-144.1805369999999868
0
LINE
8
BLACK
6
CONTINUOUS
10
221.012882999999988
20
-144.1805369999999868
11
220.8824850000000026
21
-144.0934079999999824
0
LINE
8
BLACK
6
CONTINUOUS
10
220.8824850000000026
20
-144.0934079999999824
11
220.7715919999999983
21
-143.9825150000000065
0
LINE
8
BLACK
6
CONTINUOUS
10
220.7715919999999983
20
-143.9825150000000065
11
220.6844629999999938
21
-143.8521169999999927
0
LINE
8
BLACK
6
CONTINUOUS
10
220.6844629999999938
20
-143.8521169999999927
11
220.624448000000001
21
-143.7072279999999864
0
LINE
8
BLACK
6
CONTINUOUS
10
220.624448000000001
20
-143.7072279999999864
11
220.5938519999999983
21
-143.5534140000000036
0
LINE
8
BLACK
6
CONTINUOUS
10
220.5938519999999983
20
-143.5534140000000036
11
220.5938519999999983
21
-143.396585999999985
0
LINE
8
BLACK
6
CONTINUOUS
10
220.5938519999999983
20
-143.396585999999985
11
220.624448000000001
21
-143.2427720000000022
0
LINE
8
BLACK
6
CONTINUOUS
10
220.624448000000001
20
-143.2427720000000022
11
220.6844629999999938
21
-143.0978829999999959
0
LINE
8
BLACK
6
CONTINUOUS
10
220.6844629999999938
20
-143.0978829999999959
11
220.7715919999999983
21
-142.9674849999999822
0
LINE
8
BLACK
6
CONTINUOUS
10
220.7715919999999983
20
-142.9674849999999822
11
220.8824850000000026
21
-142.8565920000000062
0
LINE
8
BLACK
6
CONTINUOUS
10
220.8824850000000026
20
-142.8565920000000062
11
221.012882999999988
21
-142.7694630000000018
0
LINE
8
BLACK
6
CONTINUOUS
10
221.012882999999988
20
-142.7694630000000018
11
221.1577719999999943
21
-142.7094479999999805
0
LINE
8
BLACK
6
CONTINUOUS
10
221.1577719999999943
20
-142.7094479999999805
11
221.311585999999977
21
-142.6788520000000062
0
LINE
8
BLACK
6
CONTINUOUS
10
221.311585999999977
20
-142.6788520000000062
11
221.4684139999999957
21
-142.6788520000000062
0
LINE
8
BLACK
6
CONTINUOUS
10
221.4684139999999957
20
-142.6788520000000062
11
221.6222279999999785
21
-142.7094479999999805
0
LINE
8
BLACK
6
CONTINUOUS
10
221.6222279999999785
20
-142.7094479999999805
11
221.6597739999999988
21
-142.7249999999999943
0
LINE
8
BLACK
6
CONTINUOUS
10
221.6597739999999988
20
-142.7249999999999943
11
239.1066579999999817
21
-142.7249999999999943
0
LINE
8
BLACK
6
CONTINUOUS
10
239.1066579999999817
20
-142.7249999999999943
11
250.8729999999999905
21
-130.9586559999999906
0
LINE
8
BLACK
6
CONTINUOUS
10
250.8729999999999905
20
-130.9586559999999906
11
250.8729999999999905
21
-103.9967729999999904
0
LINE
8
BLACK
6
CONTINUOUS
10
250.8729999999999905
20
-103.9967729999999904
11
250.8574479999999767
21
-103.959227999999996
0
LINE
8
BLACK
6
CONTINUOUS
10
250.8574479999999767
20
-103.959227999999996
11
250.8268520000000024
21
-103.805413999999999
0
LINE
8
BLACK
6
CONTINUOUS
10
250.8268520000000024
20
-103.805413999999999
11
250.8268520000000024
21
-103.6485859999999946
0
LINE
8
BLACK
6
CONTINUOUS
10
250.8268520000000024
20
-103.6485859999999946
11
250.8574479999999767
21
-103.4947719999999975
0
LINE
8
BLACK
6
CONTINUOUS
10
250.8574479999999767
20
-103.4947719999999975
11
250.9174629999999979
21
-103.3498829999999913
0
LINE
8
BLACK
6
CONTINUOUS
10
250.9174629999999979
20
-103.3498829999999913
11
251.0045920000000024
21
-103.2194849999999917
0
LINE
8
BLACK
6
CONTINUOUS
10
251.0045920000000024
20
-103.2194849999999917
11
251.1154849999999783
21
-103.1085920000000016
0
LINE
8
BLACK
6
CONTINUOUS
10
251.1154849999999783
20
-103.1085920000000016
11
251.2458829999999921
21
-103.0214629999999971
0
LINE
8
BLACK
6
CONTINUOUS
10
251.2458829999999921
20
-103.0214629999999971
11
251.3907719999999983
21
-102.9614479999999901
0
LINE
8
BLACK
6
CONTINUOUS
10
251.3907719999999983
20
-102.9614479999999901
11
251.5445859999999811
21
-102.9308520000000016
0
LINE
8
BLACK
6
CONTINUOUS
10
251.5445859999999811
20
-102.9308520000000016
11
251.7014139999999998
21
-102.9308520000000016
0
LINE
8
BLACK
6
CONTINUOUS
10
251.7014139999999998
20
-102.9308520000000016
11
251.8552279999999826
21
-102.9614479999999901
0
LINE
8
BLACK
6
CONTINUOUS
10
249.5722279999999955
20
-98.4785540000000026
11
249.7171170000000018
21
-98.5385689999999954
0
LINE
8
BLACK
6
CONTINUOUS
10
249.7171170000000018
20
-98.5385689999999954
11
249.8475149999999871
21
-98.6256979999999999
0
LINE
8
BLACK
6
CONTINUOUS
10
249.8475149999999871
20
-98.6256979999999999
11
249.9584079999999915
21
-98.73659099999999
0
LINE
8
BLACK
6
CONTINUOUS
10
249.9584079999999915
20
-98.73659099999999
11
250.0455369999999959
21
-98.8669889999999896
0
LINE
8
BLACK
6
CONTINUOUS
10
250.0455369999999959
20
-98.8669889999999896
11
250.1055519999999888
21
-99.0118779999999958
0
LINE
8
BLACK
6
CONTINUOUS
10
250.1055519999999888
20
-99.0118779999999958
11
250.1361479999999915
21
-99.1656919999999928
0
LINE
8
BLACK
6
CONTINUOUS
10
250.1361479999999915
20
-99.1656919999999928
11
250.1361479999999915
21
-99.3225199999999973
0
LINE
8
BLACK
6
CONTINUOUS
10
250.1361479999999915
20
-99.3225199999999973
11
250.1055519999999888
21
-99.4763339999999943
0
LINE
8
BLACK
6
CONTINUOUS
10
250.1055519999999888
20
-99.4763339999999943
11
250.089999999999975
21
-99.5138789999999887
0
LINE
8
BLACK
6
CONTINUOUS
10
250.089999999999975
20
-99.5138789999999887
11
250.089999999999975
21
-100.519999999999996
0
LINE
8
BLACK
6
CONTINUOUS
10
250.089999999999975
20
-100.519999999999996
11
250.0863889999999969
21
-100.5935130000000015
0
LINE
8
BLACK
6
CONTINUOUS
10
250.0863889999999969
20
-100.5935130000000015
11
250.0720000000000027
21
-100.6658509999999893
0
LINE
8
BLACK
6
CONTINUOUS
10
250.0720000000000027
20
-100.6658509999999893
11
250.0720000000000027
21
-130.3162099999999839
0
LINE
8
BLACK
6
CONTINUOUS
10
250.0720000000000027
20
-130.3162099999999839
11
250.0683889999999963
21
-130.3897230000000036
0
LINE
8
BLACK
6
CONTINUOUS
10
250.0683889999999963
20
-130.3897230000000036
11
250.0397049999999979
21
-130.5339239999999847
0
LINE
8
BLACK
6
CONTINUOUS
10
250.0397049999999979
20
-130.5339239999999847
11
249.9834409999999991
21
-130.6697580000000016
0
LINE
8
BLACK
6
CONTINUOUS
10
249.9834409999999991
20
-130.6697580000000016
11
249.937184000000002
21
-130.7389859999999828
0
LINE
8
BLACK
6
CONTINUOUS
10
249.937184000000002
20
-130.7389859999999828
11
249.9017580000000009
21
-130.792004999999989
0
LINE
8
BLACK
6
CONTINUOUS
10
249.9017580000000009
20
-130.792004999999989
11
249.8523299999999949
21
-130.8465400000000045
0
LINE
8
BLACK
6
CONTINUOUS
10
249.8523299999999949
20
-130.8465400000000045
11
238.9945419999999956
21
-141.7043299999999988
0
LINE
8
BLACK
6
CONTINUOUS
10
238.9945419999999956
20
-141.7043299999999988
11
238.9400069999999801
21
-141.7537580000000048
0
LINE
8
BLACK
6
CONTINUOUS
10
238.9400069999999801
20
-141.7537580000000048
11
238.8177599999999927
21
-141.835441000000003
0
LINE
8
BLACK
6
CONTINUOUS
10
238.8177599999999927
20
-141.835441000000003
11
238.7614949999999965
21
-141.8587459999999965
0
LINE
8
BLACK
6
CONTINUOUS
10
238.7614949999999965
20
-141.8587459999999965
11
238.6819249999999784
21
-141.8917059999999992
0
LINE
8
BLACK
6
CONTINUOUS
10
238.6819249999999784
20
-141.8917059999999992
11
238.5377249999999947
21
-141.9203890000000001
0
LINE
8
BLACK
6
CONTINUOUS
10
238.5377249999999947
20
-141.9203890000000001
11
238.4642120000000034
21
-141.9240000000000066
0
LINE
8
BLACK
6
CONTINUOUS
10
238.4642120000000034
20
-141.9240000000000066
11
221.7137740000000008
21
-141.9240000000000066
0
LINE
8
BLACK
6
CONTINUOUS
10
221.7137740000000008
20
-141.9240000000000066
11
221.6762279999999805
21
-141.9395519999999919
0
LINE
8
BLACK
6
CONTINUOUS
10
221.6762279999999805
20
-141.9395519999999919
11
221.5224139999999977
21
-141.9701479999999947
0
LINE
8
BLACK
6
CONTINUOUS
10
221.5224139999999977
20
-141.9701479999999947
11
221.3655859999999791
21
-141.9701479999999947
0
LINE
8
BLACK
6
CONTINUOUS
10
221.3655859999999791
20
-141.9701479999999947
11
221.2117719999999963
21
-141.9395519999999919
0
LINE
8
BLACK
6
CONTINUOUS
10
221.2117719999999963
20
-141.9395519999999919
11
221.06688299999999
21
-141.8795369999999991
0
LINE
8
BLACK
6
CONTINUOUS
10
221.06688299999999
20
-141.8795369999999991
11
220.9364849999999763
21
-141.7924079999999947
0
LINE
8
BLACK
6
CONTINUOUS
10
220.9364849999999763
20
-141.7924079999999947
11
220.8255920000000003
21
-141.6815149999999903
0
LINE
8
BLACK
6
CONTINUOUS
10
220.8255920000000003
20
-141.6815149999999903
11
220.7384629999999959
21
-141.551117000000005
0
LINE
8
BLACK
6
CONTINUOUS
10
220.7384629999999959
20
-141.551117000000005
11
220.678448000000003
21
-141.4062279999999987
0
LINE
8
BLACK
6
CONTINUOUS
10
220.678448000000003
20
-141.4062279999999987
11
220.6478520000000003
21
-141.2524139999999875
0
LINE
8
BLACK
6
CONTINUOUS
10
220.6478520000000003
20
-141.2524139999999875
11
220.6478520000000003
21
-141.0955859999999973
0
LINE
8
BLACK
6
CONTINUOUS
10
220.6478520000000003
20
-141.0955859999999973
11
220.678448000000003
21
-140.9417719999999861
0
LINE
8
BLACK
6
CONTINUOUS
10
220.678448000000003
20
-140.9417719999999861
11
220.7384629999999959
21
-140.7968829999999798
0
LINE
8
BLACK
6
CONTINUOUS
10
220.7384629999999959
20
-140.7968829999999798
11
220.8255920000000003
21
-140.6664849999999944
0
LINE
8
BLACK
6
CONTINUOUS
10
220.8255920000000003
20
-140.6664849999999944
11
220.9364849999999763
21
-140.5555919999999901
0
LINE
8
BLACK
6
CONTINUOUS
10
220.9364849999999763
20
-140.5555919999999901
11
221.06688299999999
21
-140.4684629999999856
0
LINE
8
BLACK
6
CONTINUOUS
10
221.06688299999999
20
-140.4684629999999856
11
221.2117719999999963
21
-140.4084479999999928
0
LINE
8
BLACK
6
CONTINUOUS
10
221.2117719999999963
20
-140.4084479999999928
11
221.3655859999999791
21
-140.3778519999999901
0
LINE
8
BLACK
6
CONTINUOUS
10
221.3655859999999791
20
-140.3778519999999901
11
221.5224139999999977
21
-140.3778519999999901
0
LINE
8
BLACK
6
CONTINUOUS
10
221.5224139999999977
20
-140.3778519999999901
11
221.6762279999999805
21
-140.4084479999999928
0
LINE
8
BLACK
6
CONTINUOUS
10
221.6762279999999805
20
-140.4084479999999928
11
221.7137740000000008
21
-140.4240000000000066
0
LINE
8
BLACK
6
CONTINUOUS
10
221.7137740000000008
20
-140.4240000000000066
11
238.1535519999999906
21
-140.4240000000000066
0
LINE
8
BLACK
6
CONTINUOUS
10
238.1535519999999906
20
-140.4240000000000066
11
248.5720000000000027
21
-130.0055499999999995
0
LINE
8
BLACK
6
CONTINUOUS
10
248.5720000000000027
20
-130.0055499999999995
11
248.5720000000000027
21
-100.5379999999999967
0
LINE
8
BLACK
6
CONTINUOUS
10
248.5720000000000027
20
-100.5379999999999967
11
248.5756109999999808
21
-100.4644869999999912
0
LINE
8
BLACK
6
CONTINUOUS
10
248.5756109999999808
20
-100.4644869999999912
11
248.5776769999999942
21
-100.4540989999999994
0
LINE
8
BLACK
6
CONTINUOUS
10
248.5776769999999942
20
-100.4540989999999994
11
248.589999999999975
21
-100.3921479999999917
0
LINE
8
BLACK
6
CONTINUOUS
10
248.589999999999975
20
-100.3921479999999917
11
248.589999999999975
21
-99.5138789999999887
0
LINE
8
BLACK
6
CONTINUOUS
10
248.589999999999975
20
-99.5138789999999887
11
248.5744479999999896
21
-99.4763339999999943
0
LINE
8
BLACK
6
CONTINUOUS
10
248.5744479999999896
20
-99.4763339999999943
11
248.5438519999999869
21
-99.3225199999999973
0
LINE
8
BLACK
6
CONTINUOUS
10
248.5438519999999869
20
-99.3225199999999973
11
248.5438519999999869
21
-99.1656919999999928
0
LINE
8
BLACK
6
CONTINUOUS
10
248.5438519999999869
20
-99.1656919999999928
11
248.5744479999999896
21
-99.0118779999999958
0
LINE
8
BLACK
6
CONTINUOUS
10
248.5744479999999896
20
-99.0118779999999958
11
248.6344629999999825
21
-98.8669889999999896
0
LINE
8
BLACK
6
CONTINUOUS
10
248.6344629999999825
20
-98.8669889999999896
11
248.7215919999999869
21
-98.73659099999999
0
LINE
8
BLACK
6
CONTINUOUS
10
248.7215919999999869
20
-98.73659099999999
11
248.8324849999999913
21
-98.6256979999999999
0
LINE
8
BLACK
6
CONTINUOUS
10
248.8324849999999913
20
-98.6256979999999999
11
248.9628829999999766
21
-98.5385689999999954
0
LINE
8
BLACK
6
CONTINUOUS
10
248.9628829999999766
20
-98.5385689999999954
11
249.1077719999999829
21
-98.4785540000000026
0
LINE
8
BLACK
6
CONTINUOUS
10
249.1077719999999829
20
-98.4785540000000026
11
249.2615859999999941
21
-98.4479579999999999
0
LINE
8
BLACK
6
CONTINUOUS
10
249.2615859999999941
20
-98.4479579999999999
11
249.4184139999999843
21
-98.4479579999999999
0
LINE
8
BLACK
6
CONTINUOUS
10
249.4184139999999843
20
-98.4479579999999999
11
249.5722279999999955
21
-98.4785540000000026
0
LINE
8
BLACK
6
CONTINUOUS
10
247.2532279999999787
20
-92.9054479999999927
11
247.398116999999985
21
-92.9654629999999997
0
LINE
8
BLACK
6
CONTINUOUS
10
247.398116999999985
20
-92.9654629999999997
11
247.5285149999999987
21
-93.05259199999999
0
LINE
8
BLACK
6
CONTINUOUS
10
247.5285149999999987
20
-93.05259199999999
11
247.6394079999999747
21
-93.1634849999999943
0
LINE
8
BLACK
6
CONTINUOUS
10
247.6394079999999747
20
-93.1634849999999943
11
247.7265369999999791
21
-93.2938829999999939
0
LINE
8
BLACK
6
CONTINUOUS
10
247.7265369999999791
20
-93.2938829999999939
11
247.7865520000000004
21
-93.4387720000000002
0
LINE
8
BLACK
6
CONTINUOUS
10
247.7865520000000004
20
-93.4387720000000002
11
247.8171479999999747
21
-93.5925859999999972
0
LINE
8
BLACK
6
CONTINUOUS
10
247.8171479999999747
20
-93.5925859999999972
11
247.8171479999999747
21
-93.7494140000000016
0
LINE
8
BLACK
6
CONTINUOUS
10
247.8171479999999747
20
-93.7494140000000016
11
247.7865520000000004
21
-93.9032279999999986
0
LINE
8
BLACK
6
CONTINUOUS
10
247.7865520000000004
20
-93.9032279999999986
11
247.7709999999999866
21
-93.940772999999993
0
LINE
8
BLACK
6
CONTINUOUS
10
247.7709999999999866
20
-93.940772999999993
11
247.7709999999999866
21
-102.340999999999994
0
LINE
8
BLACK
6
CONTINUOUS
10
247.7709999999999866
20
-102.340999999999994
11
247.7709999999999866
21
-103.9384979999999956
0
LINE
8
BLACK
6
CONTINUOUS
10
247.7709999999999866
20
-103.9384979999999956
11
247.7955519999999865
21
-103.9977719999999977
0
LINE
8
BLACK
6
CONTINUOUS
10
247.7955519999999865
20
-103.9977719999999977
11
247.8261479999999892
21
-104.1515859999999947
0
LINE
8
BLACK
6
CONTINUOUS
10
247.8261479999999892
20
-104.1515859999999947
11
247.8261479999999892
21
-104.3084139999999991
0
LINE
8
BLACK
6
CONTINUOUS
10
247.8261479999999892
20
-104.3084139999999991
11
247.7955519999999865
21
-104.4622279999999961
0
LINE
8
BLACK
6
CONTINUOUS
10
247.7955519999999865
20
-104.4622279999999961
11
247.7709999999999866
21
-104.5215010000000007
0
LINE
8
BLACK
6
CONTINUOUS
10
247.7709999999999866
20
-104.5215010000000007
11
247.7709999999999866
21
-129.3631049999999902
0
LINE
8
BLACK
6
CONTINUOUS
10
247.7709999999999866
20
-129.3631049999999902
11
247.7673889999999801
21
-129.4366179999999815
0
LINE
8
BLACK
6
CONTINUOUS
10
247.7673889999999801
20
-129.4366179999999815
11
247.7387059999999792
21
-129.5808179999999936
0
LINE
8
BLACK
6
CONTINUOUS
10
247.7387059999999792
20
-129.5808179999999936
11
247.7121279999999786
21
-129.6449819999999988
0
LINE
8
BLACK
6
CONTINUOUS
10
247.7121279999999786
20
-129.6449819999999988
11
247.682440999999983
21
-129.716653000000008
0
LINE
8
BLACK
6
CONTINUOUS
10
247.682440999999983
20
-129.716653000000008
11
247.6618869999999788
21
-129.747413999999992
0
LINE
8
BLACK
6
CONTINUOUS
10
247.6618869999999788
20
-129.747413999999992
11
247.6007589999999823
21
-129.8388999999999953
0
LINE
8
BLACK
6
CONTINUOUS
10
247.6007589999999823
20
-129.8388999999999953
11
247.5513299999999788
21
-129.8934349999999824
0
LINE
8
BLACK
6
CONTINUOUS
10
247.5513299999999788
20
-129.8934349999999824
11
244.2973829999999964
21
-133.1473829999999907
0
LINE
8
BLACK
6
CONTINUOUS
10
244.2973829999999964
20
-133.1473829999999907
11
238.041435999999976
21
-139.4033299999999826
0
LINE
8
BLACK
6
CONTINUOUS
10
238.041435999999976
20
-139.4033299999999826
11
237.9869009999999889
21
-139.4527579999999887
0
LINE
8
BLACK
6
CONTINUOUS
10
237.9869009999999889
20
-139.4527579999999887
11
237.8646540000000016
21
-139.5344409999999868
0
LINE
8
BLACK
6
CONTINUOUS
10
237.8646540000000016
20
-139.5344409999999868
11
237.8083889999999769
21
-139.5577459999999803
0
LINE
8
BLACK
6
CONTINUOUS
10
237.8083889999999769
20
-139.5577459999999803
11
237.7288189999999872
21
-139.5907059999999831
0
LINE
8
BLACK
6
CONTINUOUS
10
237.7288189999999872
20
-139.5907059999999831
11
237.5846189999999751
21
-139.619388999999984
0
LINE
8
BLACK
6
CONTINUOUS
10
237.5846189999999751
20
-139.619388999999984
11
237.5111059999999839
21
-139.6229999999999905
0
LINE
8
BLACK
6
CONTINUOUS
10
237.5111059999999839
20
-139.6229999999999905
11
221.5897739999999771
21
-139.6229999999999905
0
LINE
8
BLACK
6
CONTINUOUS
10
221.5897739999999771
20
-139.6229999999999905
11
221.5522279999999853
21
-139.6385520000000042
0
LINE
8
BLACK
6
CONTINUOUS
10
221.5522279999999853
20
-139.6385520000000042
11
221.3984140000000025
21
-139.669148000000007
0
LINE
8
BLACK
6
CONTINUOUS
10
221.3984140000000025
20
-139.669148000000007
11
221.2415859999999839
21
-139.669148000000007
0
LINE
8
BLACK
6
CONTINUOUS
10
221.2415859999999839
20
-139.669148000000007
11
221.0877720000000011
21
-139.6385520000000042
0
LINE
8
BLACK
6
CONTINUOUS
10
221.0877720000000011
20
-139.6385520000000042
11
220.9428829999999948
21
-139.578536999999983
0
LINE
8
BLACK
6
CONTINUOUS
10
220.9428829999999948
20
-139.578536999999983
11
220.812484999999981
21
-139.491408000000007
0
LINE
8
BLACK
6
CONTINUOUS
10
220.812484999999981
20
-139.491408000000007
11
220.7015919999999767
21
-139.3805150000000026
0
LINE
8
BLACK
6
CONTINUOUS
10
220.7015919999999767
20
-139.3805150000000026
11
220.6144630000000006
21
-139.2501169999999888
0
LINE
8
BLACK
6
CONTINUOUS
10
220.6144630000000006
20
-139.2501169999999888
11
220.5544479999999794
21
-139.1052279999999826
0
LINE
8
BLACK
6
CONTINUOUS
10
220.5544479999999794
20
-139.1052279999999826
11
220.5238519999999767
21
-138.9514139999999998
0
LINE
8
BLACK
6
CONTINUOUS
10
220.5238519999999767
20
-138.9514139999999998
11
220.5238519999999767
21
-138.7945859999999811
0
LINE
8
BLACK
6
CONTINUOUS
10
220.5238519999999767
20
-138.7945859999999811
11
220.5544479999999794
21
-138.6407719999999983
0
LINE
8
BLACK
6
CONTINUOUS
10
220.5544479999999794
20
-138.6407719999999983
11
220.6144630000000006
21
-138.4958829999999921
0
LINE
8
BLACK
6
CONTINUOUS
10
220.6144630000000006
20
-138.4958829999999921
11
220.7015919999999767
21
-138.3654850000000067
0
LINE
8
BLACK
6
CONTINUOUS
10
220.7015919999999767
20
-138.3654850000000067
11
220.812484999999981
21
-138.2545920000000024
0
LINE
8
BLACK
6
CONTINUOUS
10
220.812484999999981
20
-138.2545920000000024
11
220.9428829999999948
21
-138.1674629999999979
0
LINE
8
BLACK
6
CONTINUOUS
10
220.9428829999999948
20
-138.1674629999999979
11
221.0877720000000011
21
-138.1074480000000051
0
LINE
8
BLACK
6
CONTINUOUS
10
221.0877720000000011
20
-138.1074480000000051
11
221.2415859999999839
21
-138.0768520000000024
0
LINE
8
BLACK
6
CONTINUOUS
10
221.2415859999999839
20
-138.0768520000000024
11
221.3984140000000025
21
-138.0768520000000024
0
LINE
8
BLACK
6
CONTINUOUS
10
221.3984140000000025
20
-138.0768520000000024
11
221.5522279999999853
21
-138.1074480000000051
0
LINE
8
BLACK
6
CONTINUOUS
10
221.5522279999999853
20
-138.1074480000000051
11
221.5897739999999771
21
-138.1229999999999905
0
LINE
8
BLACK
6
CONTINUOUS
10
221.5897739999999771
20
-138.1229999999999905
11
237.2004459999999995
21
-138.1229999999999905
0
LINE
8
BLACK
6
CONTINUOUS
10
237.2004459999999995
20
-138.1229999999999905
11
243.2367229999999836
21
-132.0867230000000063
0
LINE
8
BLACK
6
CONTINUOUS
10
243.2367229999999836
20
-132.0867230000000063
11
246.2709999999999866
21
-129.0524450000000058
0
LINE
8
BLACK
6
CONTINUOUS
10
246.2709999999999866
20
-129.0524450000000058
11
246.2709999999999866
21
-104.4780449999999945
0
LINE
8
BLACK
6
CONTINUOUS
10
246.2709999999999866
20
-104.4780449999999945
11
246.2644479999999874
21
-104.4622279999999961
0
LINE
8
BLACK
6
CONTINUOUS
10
246.2644479999999874
20
-104.4622279999999961
11
246.2338519999999846
21
-104.3084139999999991
0
LINE
8
BLACK
6
CONTINUOUS
10
246.2338519999999846
20
-104.3084139999999991
11
246.2338519999999846
21
-104.1515859999999947
0
LINE
8
BLACK
6
CONTINUOUS
10
246.2338519999999846
20
-104.1515859999999947
11
246.2644479999999874
21
-103.9977719999999977
0
LINE
8
BLACK
6
CONTINUOUS
10
246.2644479999999874
20
-103.9977719999999977
11
246.2709999999999866
21
-103.9819540000000018
0
LINE
8
BLACK
6
CONTINUOUS
10
246.2709999999999866
20
-103.9819540000000018
11
246.2709999999999866
21
-102.340999999999994
0
LINE
8
BLACK
6
CONTINUOUS
10
246.2709999999999866
20
-102.340999999999994
11
246.2709999999999866
21
-93.940772999999993
0
LINE
8
BLACK
6
CONTINUOUS
10
246.2709999999999866
20
-93.940772999999993
11
246.2554480000000012
21
-93.9032279999999986
0
LINE
8
BLACK
6
CONTINUOUS
10
246.2554480000000012
20
-93.9032279999999986
11
246.2248519999999985
21
-93.7494140000000016
0
LINE
8
BLACK
6
CONTINUOUS
10
246.2248519999999985
20
-93.7494140000000016
11
246.2248519999999985
21
-93.5925859999999972
0
LINE
8
BLACK
6
CONTINUOUS
10
246.2248519999999985
20
-93.5925859999999972
11
246.2554480000000012
21
-93.4387720000000002
0
LINE
8
BLACK
6
CONTINUOUS
10
246.2554480000000012
20
-93.4387720000000002
11
246.3154629999999941
21
-93.2938829999999939
0
LINE
8
BLACK
6
CONTINUOUS
10
246.3154629999999941
20
-93.2938829999999939
11
246.4025919999999985
21
-93.1634849999999943
0
LINE
8
BLACK
6
CONTINUOUS
10
246.4025919999999985
20
-93.1634849999999943
11
246.5134850000000029
21
-93.05259199999999
0
LINE
8
BLACK
6
CONTINUOUS
10
246.5134850000000029
20
-93.05259199999999
11
246.6438829999999882
21
-92.9654629999999997
0
LINE
8
BLACK
6
CONTINUOUS
10
246.6438829999999882
20
-92.9654629999999997
11
246.7887719999999945
21
-92.9054479999999927
0
LINE
8
BLACK
6
CONTINUOUS
10
246.7887719999999945
20
-92.9054479999999927
11
246.9425859999999773
21
-92.87485199999999
0
LINE
8
BLACK
6
CONTINUOUS
10
246.9425859999999773
20
-92.87485199999999
11
247.0994139999999959
21
-92.87485199999999
0
LINE
8
BLACK
6
CONTINUOUS
10
247.0994139999999959
20
-92.87485199999999
11
247.2532279999999787
21
-92.9054479999999927
0
LINE
8
BLACK
6
CONTINUOUS
10
230.6149999999999807
20
-100.9399999999999977
11
239.6199999999999761
21
-100.9399999999999977
0
LINE
8
BLACK
6
CONTINUOUS
10
239.6199999999999761
20
-100.9399999999999977
11
239.6935129999999958
21
-100.94361099999999
0
LINE
8
BLACK
6
CONTINUOUS
10
239.6935129999999958
20
-100.94361099999999
11
239.8377129999999795
21
-100.9722939999999909
0
LINE
8
BLACK
6
CONTINUOUS
10
239.8377129999999795
20
-100.9722939999999909
11
239.9172829999999976
21
-101.0052529999999962
0
LINE
8
BLACK
6
CONTINUOUS
10
239.9172829999999976
20
-101.0052529999999962
11
239.9735479999999939
21
-101.0285590000000013
0
LINE
8
BLACK
6
CONTINUOUS
10
239.9735479999999939
20
-101.0285590000000013
11
240.0957949999999812
21
-101.1102419999999995
0
LINE
8
BLACK
6
CONTINUOUS
10
240.0957949999999812
20
-101.1102419999999995
11
240.1503299999999967
21
-101.1596699999999913
0
LINE
8
BLACK
6
CONTINUOUS
10
240.1503299999999967
20
-101.1596699999999913
11
245.2503299999999911
21
-106.2596699999999998
0
LINE
8
BLACK
6
CONTINUOUS
10
245.2503299999999911
20
-106.2596699999999998
11
245.2997579999999971
21
-106.3142050000000012
0
LINE
8
BLACK
6
CONTINUOUS
10
245.2997579999999971
20
-106.3142050000000012
11
245.3814409999999953
21
-106.4364519999999885
0
LINE
8
BLACK
6
CONTINUOUS
10
245.3814409999999953
20
-106.4364519999999885
11
245.437704999999994
21
-106.5722859999999912
0
LINE
8
BLACK
6
CONTINUOUS
10
245.437704999999994
20
-106.5722859999999912
11
245.4663889999999924
21
-106.7164870000000008
0
LINE
8
BLACK
6
CONTINUOUS
10
245.4663889999999924
20
-106.7164870000000008
11
245.4699999999999989
21
-106.789999999999992
0
LINE
8
BLACK
6
CONTINUOUS
10
245.4699999999999989
20
-106.789999999999992
11
245.4699999999999989
21
-128.4099999999999966
0
LINE
8
BLACK
6
CONTINUOUS
10
245.4699999999999989
20
-128.4099999999999966
11
245.4663889999999924
21
-128.4835129999999879
0
LINE
8
BLACK
6
CONTINUOUS
10
245.4663889999999924
20
-128.4835129999999879
11
245.4377059999999915
21
-128.627713
0
LINE
8
BLACK
6
CONTINUOUS
10
245.4377059999999915
20
-128.627713
11
245.4303799999999853
21
-128.6453989999999976
0
LINE
8
BLACK
6
CONTINUOUS
10
245.4303799999999853
20
-128.6453989999999976
11
245.3814409999999953
21
-128.7635479999999859
0
LINE
8
BLACK
6
CONTINUOUS
10
245.3814409999999953
20
-128.7635479999999859
11
245.3351849999999956
21
-128.832774999999998
0
LINE
8
BLACK
6
CONTINUOUS
10
245.3351849999999956
20
-128.832774999999998
11
245.2997579999999971
21
-128.8857950000000017
0
LINE
8
BLACK
6
CONTINUOUS
10
245.2997579999999971
20
-128.8857950000000017
11
245.2503299999999911
21
-128.9403299999999888
0
LINE
8
BLACK
6
CONTINUOUS
10
245.2503299999999911
20
-128.9403299999999888
11
237.0883299999999849
21
-137.1023299999999949
0
LINE
8
BLACK
6
CONTINUOUS
10
237.0883299999999849
20
-137.1023299999999949
11
237.0337949999999978
21
-137.1517580000000009
0
LINE
8
BLACK
6
CONTINUOUS
10
237.0337949999999978
20
-137.1517580000000009
11
236.911547999999982
21
-137.2334409999999991
0
LINE
8
BLACK
6
CONTINUOUS
10
236.911547999999982
20
-137.2334409999999991
11
236.8552829999999858
21
-137.2567459999999926
0
LINE
8
BLACK
6
CONTINUOUS
10
236.8552829999999858
20
-137.2567459999999926
11
236.7757129999999961
21
-137.2897059999999954
0
LINE
8
BLACK
6
CONTINUOUS
10
236.7757129999999961
20
-137.2897059999999954
11
236.631512999999984
21
-137.3183889999999963
0
LINE
8
BLACK
6
CONTINUOUS
10
236.631512999999984
20
-137.3183889999999963
11
236.5579999999999927
21
-137.3220000000000027
0
LINE
8
BLACK
6
CONTINUOUS
10
236.5579999999999927
20
-137.3220000000000027
11
221.5977739999999869
21
-137.3220000000000027
0
LINE
8
BLACK
6
CONTINUOUS
10
221.5977739999999869
20
-137.3220000000000027
11
221.5602279999999951
21
-137.3375519999999881
0
LINE
8
BLACK
6
CONTINUOUS
10
221.5602279999999951
20
-137.3375519999999881
11
221.4064139999999838
21
-137.3681479999999908
0
LINE
8
BLACK
6
CONTINUOUS
10
221.4064139999999838
20
-137.3681479999999908
11
221.2495859999999936
21
-137.3681479999999908
0
LINE
8
BLACK
6
CONTINUOUS
10
221.2495859999999936
20
-137.3681479999999908
11
221.0957719999999824
21
-137.3375519999999881
0
LINE
8
BLACK
6
CONTINUOUS
10
221.0957719999999824
20
-137.3375519999999881
11
220.9508829999999762
21
-137.2775369999999953
0
LINE
8
BLACK
6
CONTINUOUS
10
220.9508829999999762
20
-137.2775369999999953
11
220.8204849999999908
21
-137.1904079999999908
0
LINE
8
BLACK
6
CONTINUOUS
10
220.8204849999999908
20
-137.1904079999999908
11
220.7095919999999865
21
-137.0795149999999865
0
LINE
8
BLACK
6
CONTINUOUS
10
220.7095919999999865
20
-137.0795149999999865
11
220.622462999999982
21
-136.9491170000000011
0
LINE
8
BLACK
6
CONTINUOUS
10
220.622462999999982
20
-136.9491170000000011
11
220.5624479999999892
21
-136.8042279999999948
0
LINE
8
BLACK
6
CONTINUOUS
10
220.5624479999999892
20
-136.8042279999999948
11
220.5318519999999864
21
-136.6504139999999836
0
LINE
8
BLACK
6
CONTINUOUS
10
220.5318519999999864
20
-136.6504139999999836
11
220.5318519999999864
21
-136.4935859999999934
0
LINE
8
BLACK
6
CONTINUOUS
10
220.5318519999999864
20
-136.4935859999999934
11
220.5624479999999892
21
-136.3397719999999822
0
LINE
8
BLACK
6
CONTINUOUS
10
220.5624479999999892
20
-136.3397719999999822
11
220.622462999999982
21
-136.1948830000000044
0
LINE
8
BLACK
6
CONTINUOUS
10
220.622462999999982
20
-136.1948830000000044
11
220.7095919999999865
21
-136.0644849999999906
0
LINE
8
BLACK
6
CONTINUOUS
10
220.7095919999999865
20
-136.0644849999999906
11
220.8204849999999908
21
-135.9535919999999862
0
LINE
8
BLACK
6
CONTINUOUS
10
220.8204849999999908
20
-135.9535919999999862
11
220.9508829999999762
21
-135.8664629999999818
0
LINE
8
BLACK
6
CONTINUOUS
10
220.9508829999999762
20
-135.8664629999999818
11
221.0957719999999824
21
-135.806447999999989
0
LINE
8
BLACK
6
CONTINUOUS
10
221.0957719999999824
20
-135.806447999999989
11
221.2495859999999936
21
-135.7758519999999862
0
LINE
8
BLACK
6
CONTINUOUS
10
221.2495859999999936
20
-135.7758519999999862
11
221.4064139999999838
21
-135.7758519999999862
0
LINE
8
BLACK
6
CONTINUOUS
10
221.4064139999999838
20
-135.7758519999999862
11
221.5602279999999951
21
-135.806447999999989
0
LINE
8
BLACK
6
CONTINUOUS
10
221.5602279999999951
20
-135.806447999999989
11
221.5977739999999869
21
-135.8220000000000027
0
LINE
8
BLACK
6
CONTINUOUS
10
221.5977739999999869
20
-135.8220000000000027
11
236.2473399999999799
21
-135.8220000000000027
0
LINE
8
BLACK
6
CONTINUOUS
10
236.2473399999999799
20
-135.8220000000000027
11
243.9699999999999989
21
-128.0993399999999838
0
LINE
8
BLACK
6
CONTINUOUS
10
243.9699999999999989
20
-128.0993399999999838
11
243.9699999999999989
21
-107.1006599999999906
0
LINE
8
BLACK
6
CONTINUOUS
10
243.9699999999999989
20
-107.1006599999999906
11
239.3093399999999917
21
-102.4399999999999977
0
LINE
8
BLACK
6
CONTINUOUS
10
239.3093399999999917
20
-102.4399999999999977
11
225.8400000000000034
21
-102.4399999999999977
0
LINE
8
BLACK
6
CONTINUOUS
10
225.8400000000000034
20
-102.4399999999999977
11
221.0649999999999977
21
-102.4399999999999977
0
LINE
8
BLACK
6
CONTINUOUS
10
221.0649999999999977
20
-102.4399999999999977
11
220.9788959999999918
21
-102.4228729999999956
0
LINE
8
BLACK
6
CONTINUOUS
10
220.9788959999999918
20
-102.4228729999999956
11
220.9059010000000001
21
-102.3740990000000011
0
LINE
8
BLACK
6
CONTINUOUS
10
220.9059010000000001
20
-102.3740990000000011
11
220.8571269999999913
21
-102.3011039999999952
0
LINE
8
BLACK
6
CONTINUOUS
10
220.8571269999999913
20
-102.3011039999999952
11
220.8400000000000034
21
-102.2149999999999892
0
LINE
8
BLACK
6
CONTINUOUS
10
220.8400000000000034
20
-102.2149999999999892
11
220.8400000000000034
21
-101.164999999999992
0
LINE
8
BLACK
6
CONTINUOUS
10
220.8400000000000034
20
-101.164999999999992
11
220.8571269999999913
21
-101.0788960000000003
0
LINE
8
BLACK
6
CONTINUOUS
10
220.8571269999999913
20
-101.0788960000000003
11
220.9059010000000001
21
-101.0059009999999944
0
LINE
8
BLACK
6
CONTINUOUS
10
220.9059010000000001
20
-101.0059009999999944
11
220.9788959999999918
21
-100.9571269999999998
0
LINE
8
BLACK
6
CONTINUOUS
10
220.9788959999999918
20
-100.9571269999999998
11
221.0649999999999977
21
-100.9399999999999977
0
LINE
8
BLACK
6
CONTINUOUS
10
221.0649999999999977
20
-100.9399999999999977
11
230.6149999999999807
21
-100.9399999999999977
0
LINE
8
BLACK
6
CONTINUOUS
10
198.7222280000000012
20
-133.5054480000000012
11
198.867116999999979
21
-133.5654629999999941
0
LINE
8
BLACK
6
CONTINUOUS
10
198.867116999999979
20
-133.5654629999999941
11
198.9975149999999928
21
-133.6525919999999985
0
LINE
8
BLACK
6
CONTINUOUS
10
198.9975149999999928
20
-133.6525919999999985
11
199.1084079999999972
21
-133.7634850000000029
0
LINE
8
BLACK
6
CONTINUOUS
10
199.1084079999999972
20
-133.7634850000000029
11
199.1955370000000016
21
-133.8938829999999882
0
LINE
8
BLACK
6
CONTINUOUS
10
199.1955370000000016
20
-133.8938829999999882
11
199.2555519999999945
21
-134.0387719999999945
0
LINE
8
BLACK
6
CONTINUOUS
10
199.2555519999999945
20
-134.0387719999999945
11
199.2861479999999972
21
-134.1925860000000057
0
LINE
8
BLACK
6
CONTINUOUS
10
199.2861479999999972
20
-134.1925860000000057
11
199.2861479999999972
21
-134.3494139999999959
0
LINE
8
BLACK
6
CONTINUOUS
10
199.2861479999999972
20
-134.3494139999999959
11
199.2555519999999945
21
-134.5032280000000071
0
LINE
8
BLACK
6
CONTINUOUS
10
199.2555519999999945
20
-134.5032280000000071
11
199.1955370000000016
21
-134.648116999999985
0
LINE
8
BLACK
6
CONTINUOUS
10
199.1955370000000016
20
-134.648116999999985
11
199.1084079999999972
21
-134.7785149999999987
0
LINE
8
BLACK
6
CONTINUOUS
10
199.1084079999999972
20
-134.7785149999999987
11
198.9975149999999928
21
-134.8894080000000031
0
LINE
8
BLACK
6
CONTINUOUS
10
198.9975149999999928
20
-134.8894080000000031
11
198.867116999999979
21
-134.9765370000000075
0
LINE
8
BLACK
6
CONTINUOUS
10
198.867116999999979
20
-134.9765370000000075
11
198.7222280000000012
21
-135.0365520000000004
0
LINE
8
BLACK
6
CONTINUOUS
10
198.7222280000000012
20
-135.0365520000000004
11
198.56841399999999
21
-135.0671480000000031
0
LINE
8
BLACK
6
CONTINUOUS
10
198.56841399999999
20
-135.0671480000000031
11
198.4115859999999998
21
-135.0671480000000031
0
LINE
8
BLACK
6
CONTINUOUS
10
198.4115859999999998
20
-135.0671480000000031
11
198.2577719999999886
21
-135.0365520000000004
0
LINE
8
BLACK
6
CONTINUOUS
10
198.2577719999999886
20
-135.0365520000000004
11
198.1128829999999823
21
-134.9765370000000075
0
LINE
8
BLACK
6
CONTINUOUS
10
198.1128829999999823
20
-134.9765370000000075
11
197.9824849999999969
21
-134.8894080000000031
0
LINE
8
BLACK
6
CONTINUOUS
10
197.9824849999999969
20
-134.8894080000000031
11
197.8715919999999926
21
-134.7785149999999987
0
LINE
8
BLACK
6
CONTINUOUS
10
197.8715919999999926
20
-134.7785149999999987
11
197.7844629999999881
21
-134.648116999999985
0
LINE
8
BLACK
6
CONTINUOUS
10
197.7844629999999881
20
-134.648116999999985
11
197.7244479999999953
21
-134.5032280000000071
0
LINE
8
BLACK
6
CONTINUOUS
10
197.7244479999999953
20
-134.5032280000000071
11
197.6938519999999926
21
-134.3494139999999959
0
LINE
8
BLACK
6
CONTINUOUS
10
197.6938519999999926
20
-134.3494139999999959
11
197.6938519999999926
21
-134.1925860000000057
0
LINE
8
BLACK
6
CONTINUOUS
10
197.6938519999999926
20
-134.1925860000000057
11
197.7244479999999953
21
-134.0387719999999945
0
LINE
8
BLACK
6
CONTINUOUS
10
197.7244479999999953
20
-134.0387719999999945
11
197.7844629999999881
21
-133.8938829999999882
0
LINE
8
BLACK
6
CONTINUOUS
10
197.7844629999999881
20
-133.8938829999999882
11
197.8715919999999926
21
-133.7634850000000029
0
LINE
8
BLACK
6
CONTINUOUS
10
197.8715919999999926
20
-133.7634850000000029
11
197.9824849999999969
21
-133.6525919999999985
0
LINE
8
BLACK
6
CONTINUOUS
10
197.9824849999999969
20
-133.6525919999999985
11
198.1128829999999823
21
-133.5654629999999941
0
LINE
8
BLACK
6
CONTINUOUS
10
198.1128829999999823
20
-133.5654629999999941
11
198.2577719999999886
21
-133.5054480000000012
0
LINE
8
BLACK
6
CONTINUOUS
10
198.2577719999999886
20
-133.5054480000000012
11
198.4115859999999998
21
-133.4748519999999985
0
LINE
8
BLACK
6
CONTINUOUS
10
198.4115859999999998
20
-133.4748519999999985
11
198.56841399999999
21
-133.4748519999999985
0
LINE
8
BLACK
6
CONTINUOUS
10
198.56841399999999
20
-133.4748519999999985
11
198.7222280000000012
21
-133.5054480000000012
0
LINE
8
BLACK
6
CONTINUOUS
10
125.5822280000000006
20
-128.9034479999999974
11
125.7271169999999927
21
-128.9634629999999902
0
LINE
8
BLACK
6
CONTINUOUS
10
125.7271169999999927
20
-128.9634629999999902
11
125.8575149999999923
21
-129.0505919999999946
0
LINE
8
BLACK
6
CONTINUOUS
10
125.8575149999999923
20
-129.0505919999999946
11
125.9684079999999966
21
-129.161484999999999
0
LINE
8
BLACK
6
CONTINUOUS
10
125.9684079999999966
20
-129.161484999999999
11
126.0555370000000011
21
-129.2918829999999843
0
LINE
8
BLACK
6
CONTINUOUS
10
126.0555370000000011
20
-129.2918829999999843
11
126.1155519999999939
21
-129.4367719999999906
0
LINE
8
BLACK
6
CONTINUOUS
10
126.1155519999999939
20
-129.4367719999999906
11
126.1461479999999966
21
-129.5905860000000018
0
LINE
8
BLACK
6
CONTINUOUS
10
126.1461479999999966
20
-129.5905860000000018
11
126.1461479999999966
21
-129.747413999999992
0
LINE
8
BLACK
6
CONTINUOUS
10
126.1461479999999966
20
-129.747413999999992
11
126.1155519999999939
21
-129.9012280000000032
0
LINE
8
BLACK
6
CONTINUOUS
10
126.1155519999999939
20
-129.9012280000000032
11
126.0555370000000011
21
-130.0461169999999811
0
LINE
8
BLACK
6
CONTINUOUS
10
126.0555370000000011
20
-130.0461169999999811
11
125.9684079999999966
21
-130.1765149999999949
0
LINE
8
BLACK
6
CONTINUOUS
10
125.9684079999999966
20
-130.1765149999999949
11
125.8575149999999923
21
-130.2874079999999992
0
LINE
8
BLACK
6
CONTINUOUS
10
125.8575149999999923
20
-130.2874079999999992
11
125.7271169999999927
21
-130.3745370000000037
0
LINE
8
BLACK
6
CONTINUOUS
10
125.7271169999999927
20
-130.3745370000000037
11
125.5822280000000006
21
-130.4345519999999965
0
LINE
8
BLACK
6
CONTINUOUS
10
125.5822280000000006
20
-130.4345519999999965
11
125.4284139999999894
21
-130.4651479999999992
0
LINE
8
BLACK
6
CONTINUOUS
10
125.4284139999999894
20
-130.4651479999999992
11
125.2715859999999992
21
-130.4651479999999992
0
LINE
8
BLACK
6
CONTINUOUS
10
125.2715859999999992
20
-130.4651479999999992
11
125.117771999999988
21
-130.4345519999999965
0
LINE
8
BLACK
6
CONTINUOUS
10
125.117771999999988
20
-130.4345519999999965
11
124.9728829999999959
21
-130.3745370000000037
0
LINE
8
BLACK
6
CONTINUOUS
10
124.9728829999999959
20
-130.3745370000000037
11
124.8424849999999964
21
-130.2874079999999992
0
LINE
8
BLACK
6
CONTINUOUS
10
124.8424849999999964
20
-130.2874079999999992
11
124.731591999999992
21
-130.1765149999999949
0
LINE
8
BLACK
6
CONTINUOUS
10
124.731591999999992
20
-130.1765149999999949
11
124.6444629999999876
21
-130.0461169999999811
0
LINE
8
BLACK
6
CONTINUOUS
10
124.6444629999999876
20
-130.0461169999999811
11
124.5844479999999947
21
-129.9012280000000032
0
LINE
8
BLACK
6
CONTINUOUS
10
124.5844479999999947
20
-129.9012280000000032
11
124.553851999999992
21
-129.747413999999992
0
LINE
8
BLACK
6
CONTINUOUS
10
124.553851999999992
20
-129.747413999999992
11
124.553851999999992
21
-129.5905860000000018
0
LINE
8
BLACK
6
CONTINUOUS
10
124.553851999999992
20
-129.5905860000000018
11
124.5844479999999947
21
-129.4367719999999906
0
LINE
8
BLACK
6
CONTINUOUS
10
124.5844479999999947
20
-129.4367719999999906
11
124.6444629999999876
21
-129.2918829999999843
0
LINE
8
BLACK
6
CONTINUOUS
10
124.6444629999999876
20
-129.2918829999999843
11
124.731591999999992
21
-129.161484999999999
0
LINE
8
BLACK
6
CONTINUOUS
10
124.731591999999992
20
-129.161484999999999
11
124.8424849999999964
21
-129.0505919999999946
0
LINE
8
BLACK
6
CONTINUOUS
10
124.8424849999999964
20
-129.0505919999999946
11
124.9728829999999959
21
-128.9634629999999902
0
LINE
8
BLACK
6
CONTINUOUS
10
124.9728829999999959
20
-128.9634629999999902
11
125.117771999999988
21
-128.9034479999999974
0
LINE
8
BLACK
6
CONTINUOUS
10
125.117771999999988
20
-128.9034479999999974
11
125.2715859999999992
21
-128.8728519999999946
0
LINE
8
BLACK
6
CONTINUOUS
10
125.2715859999999992
20
-128.8728519999999946
11
125.4284139999999894
21
-128.8728519999999946
0
LINE
8
BLACK
6
CONTINUOUS
10
125.4284139999999894
20
-128.8728519999999946
11
125.5822280000000006
21
-128.9034479999999974
0
LINE
8
BLACK
6
CONTINUOUS
10
43.040227999999999
20
-120.3315529999999995
11
43.1851169999999982
21
-120.3915679999999924
0
LINE
8
BLACK
6
CONTINUOUS
10
43.1851169999999982
20
-120.3915679999999924
11
43.3155149999999978
21
-120.4786969999999968
0
LINE
8
BLACK
6
CONTINUOUS
10
43.3155149999999978
20
-120.4786969999999968
11
43.426407999999995
21
-120.5895900000000012
0
LINE
8
BLACK
6
CONTINUOUS
10
43.426407999999995
20
-120.5895900000000012
11
43.5135369999999995
21
-120.7199880000000007
0
LINE
8
BLACK
6
CONTINUOUS
10
43.5135369999999995
20
-120.7199880000000007
11
43.5735519999999994
21
-120.8648769999999928
0
LINE
8
BLACK
6
CONTINUOUS
10
43.5735519999999994
20
-120.8648769999999928
11
43.604147999999995
21
-121.0186909999999898
0
LINE
8
BLACK
6
CONTINUOUS
10
43.604147999999995
20
-121.0186909999999898
11
43.604147999999995
21
-121.1755189999999942
0
LINE
8
BLACK
6
CONTINUOUS
10
43.604147999999995
20
-121.1755189999999942
11
43.5735519999999994
21
-121.3293329999999912
0
LINE
8
BLACK
6
CONTINUOUS
10
43.5735519999999994
20
-121.3293329999999912
11
43.5135369999999995
21
-121.4742219999999975
0
LINE
8
BLACK
6
CONTINUOUS
10
43.5135369999999995
20
-121.4742219999999975
11
43.426407999999995
21
-121.604619999999997
0
LINE
8
BLACK
6
CONTINUOUS
10
43.426407999999995
20
-121.604619999999997
11
43.3155149999999978
21
-121.7155130000000014
0
LINE
8
BLACK
6
CONTINUOUS
10
43.3155149999999978
20
-121.7155130000000014
11
43.1851169999999982
21
-121.8026419999999916
0
LINE
8
BLACK
6
CONTINUOUS
10
43.1851169999999982
20
-121.8026419999999916
11
43.040227999999999
21
-121.8626569999999987
0
LINE
8
BLACK
6
CONTINUOUS
10
43.040227999999999
20
-121.8626569999999987
11
42.8864139999999949
21
-121.8932530000000014
0
LINE
8
BLACK
6
CONTINUOUS
10
42.8864139999999949
20
-121.8932530000000014
11
42.7295859999999976
21
-121.8932530000000014
0
LINE
8
BLACK
6
CONTINUOUS
10
42.7295859999999976
20
-121.8932530000000014
11
42.5757720000000006
21
-121.8626569999999987
0
LINE
8
BLACK
6
CONTINUOUS
10
42.5757720000000006
20
-121.8626569999999987
11
42.4308830000000015
21
-121.8026419999999916
0
LINE
8
BLACK
6
CONTINUOUS
10
42.4308830000000015
20
-121.8026419999999916
11
42.3004849999999948
21
-121.7155130000000014
0
LINE
8
BLACK
6
CONTINUOUS
10
42.3004849999999948
20
-121.7155130000000014
11
42.1895919999999975
21
-121.604619999999997
0
LINE
8
BLACK
6
CONTINUOUS
10
42.1895919999999975
20
-121.604619999999997
11
42.1024630000000002
21
-121.4742219999999975
0
LINE
8
BLACK
6
CONTINUOUS
10
42.1024630000000002
20
-121.4742219999999975
11
42.0424480000000003
21
-121.3293329999999912
0
LINE
8
BLACK
6
CONTINUOUS
10
42.0424480000000003
20
-121.3293329999999912
11
42.0118519999999975
21
-121.1755189999999942
0
LINE
8
BLACK
6
CONTINUOUS
10
42.0118519999999975
20
-121.1755189999999942
11
42.0118519999999975
21
-121.0186909999999898
0
LINE
8
BLACK
6
CONTINUOUS
10
42.0118519999999975
20
-121.0186909999999898
11
42.0424480000000003
21
-120.8648769999999928
0
LINE
8
BLACK
6
CONTINUOUS
10
42.0424480000000003
20
-120.8648769999999928
11
42.1024630000000002
21
-120.7199880000000007
0
LINE
8
BLACK
6
CONTINUOUS
10
42.1024630000000002
20
-120.7199880000000007
11
42.1895919999999975
21
-120.5895900000000012
0
LINE
8
BLACK
6
CONTINUOUS
10
42.1895919999999975
20
-120.5895900000000012
11
42.3004849999999948
21
-120.4786969999999968
0
LINE
8
BLACK
6
CONTINUOUS
10
42.3004849999999948
20
-120.4786969999999968
11
42.4308830000000015
21
-120.3915679999999924
0
LINE
8
BLACK
6
CONTINUOUS
10
42.4308830000000015
20
-120.3915679999999924
11
42.5757720000000006
21
-120.3315529999999995
0
LINE
8
BLACK
6
CONTINUOUS
10
42.5757720000000006
20
-120.3315529999999995
11
42.7295859999999976
21
-120.3009569999999968
0
LINE
8
BLACK
6
CONTINUOUS
10
42.7295859999999976
20
-120.3009569999999968
11
42.8864139999999949
21
-120.3009569999999968
0
LINE
8
BLACK
6
CONTINUOUS
10
42.8864139999999949
20
-120.3009569999999968
11
43.040227999999999
21
-120.3315529999999995
0
LINE
8
BLACK
6
CONTINUOUS
10
198.7222280000000012
20
-119.8444479999999999
11
198.867116999999979
21
-119.9044629999999927
0
LINE
8
BLACK
6
CONTINUOUS
10
198.867116999999979
20
-119.9044629999999927
11
198.9975149999999928
21
-119.9915919999999971
0
LINE
8
BLACK
6
CONTINUOUS
10
198.9975149999999928
20
-119.9915919999999971
11
199.1084079999999972
21
-120.1024850000000015
0
LINE
8
BLACK
6
CONTINUOUS
10
199.1084079999999972
20
-120.1024850000000015
11
199.1955370000000016
21
-120.2328830000000011
0
LINE
8
BLACK
6
CONTINUOUS
10
199.1955370000000016
20
-120.2328830000000011
11
199.2555519999999945
21
-120.3777719999999931
0
LINE
8
BLACK
6
CONTINUOUS
10
199.2555519999999945
20
-120.3777719999999931
11
199.2861479999999972
21
-120.5315859999999901
0
LINE
8
BLACK
6
CONTINUOUS
10
199.2861479999999972
20
-120.5315859999999901
11
199.2861479999999972
21
-120.6884139999999945
0
LINE
8
BLACK
6
CONTINUOUS
10
199.2861479999999972
20
-120.6884139999999945
11
199.2555519999999945
21
-120.8422279999999915
0
LINE
8
BLACK
6
CONTINUOUS
10
199.2555519999999945
20
-120.8422279999999915
11
199.1955370000000016
21
-120.9871169999999978
0
LINE
8
BLACK
6
CONTINUOUS
10
199.1955370000000016
20
-120.9871169999999978
11
199.1084079999999972
21
-121.1175149999999974
0
LINE
8
BLACK
6
CONTINUOUS
10
199.1084079999999972
20
-121.1175149999999974
11
198.9975149999999928
21
-121.2284079999999875
0
LINE
8
BLACK
6
CONTINUOUS
10
198.9975149999999928
20
-121.2284079999999875
11
198.867116999999979
21
-121.315536999999992
0
LINE
8
BLACK
6
CONTINUOUS
10
198.867116999999979
20
-121.315536999999992
11
198.7222280000000012
21
-121.375551999999999
0
LINE
8
BLACK
6
CONTINUOUS
10
198.7222280000000012
20
-121.375551999999999
11
198.56841399999999
21
-121.4061479999999875
0
LINE
8
BLACK
6
CONTINUOUS
10
198.56841399999999
20
-121.4061479999999875
11
198.4115859999999998
21
-121.4061479999999875
0
LINE
8
BLACK
6
CONTINUOUS
10
198.4115859999999998
20
-121.4061479999999875
11
198.2577719999999886
21
-121.375551999999999
0
LINE
8
BLACK
6
CONTINUOUS
10
198.2577719999999886
20
-121.375551999999999
11
198.1128829999999823
21
-121.315536999999992
0
LINE
8
BLACK
6
CONTINUOUS
10
198.1128829999999823
20
-121.315536999999992
11
197.9824849999999969
21
-121.2284079999999875
0
LINE
8
BLACK
6
CONTINUOUS
10
197.9824849999999969
20
-121.2284079999999875
11
197.8715919999999926
21
-121.1175149999999974
0
LINE
8
BLACK
6
CONTINUOUS
10
197.8715919999999926
20
-121.1175149999999974
11
197.7844629999999881
21
-120.9871169999999978
0
LINE
8
BLACK
6
CONTINUOUS
10
197.7844629999999881
20
-120.9871169999999978
11
197.7244479999999953
21
-120.8422279999999915
0
LINE
8
BLACK
6
CONTINUOUS
10
197.7244479999999953
20
-120.8422279999999915
11
197.6938519999999926
21
-120.6884139999999945
0
LINE
8
BLACK
6
CONTINUOUS
10
197.6938519999999926
20
-120.6884139999999945
11
197.6938519999999926
21
-120.5315859999999901
0
LINE
8
BLACK
6
CONTINUOUS
10
197.6938519999999926
20
-120.5315859999999901
11
197.7244479999999953
21
-120.3777719999999931
0
LINE
8
BLACK
6
CONTINUOUS
10
197.7244479999999953
20
-120.3777719999999931
11
197.7844629999999881
21
-120.2328830000000011
0
LINE
8
BLACK
6
CONTINUOUS
10
197.7844629999999881
20
-120.2328830000000011
11
197.8715919999999926
21
-120.1024850000000015
0
LINE
8
BLACK
6
CONTINUOUS
10
197.8715919999999926
20
-120.1024850000000015
11
197.9824849999999969
21
-119.9915919999999971
0
LINE
8
BLACK
6
CONTINUOUS
10
197.9824849999999969
20
-119.9915919999999971
11
198.1128829999999823
21
-119.9044629999999927
0
LINE
8
BLACK
6
CONTINUOUS
10
198.1128829999999823
20
-119.9044629999999927
11
198.2577719999999886
21
-119.8444479999999999
0
LINE
8
BLACK
6
CONTINUOUS
10
198.2577719999999886
20
-119.8444479999999999
11
198.4115859999999998
21
-119.8138519999999971
0
LINE
8
BLACK
6
CONTINUOUS
10
198.4115859999999998
20
-119.8138519999999971
11
198.56841399999999
21
-119.8138519999999971
0
LINE
8
BLACK
6
CONTINUOUS
10
198.56841399999999
20
-119.8138519999999971
11
198.7222280000000012
21
-119.8444479999999999
0
LINE
8
BLACK
6
CONTINUOUS
10
45.3772289999999998
20
-119.414447999999993
11
45.522117999999999
21
-119.4744630000000001
0
LINE
8
BLACK
6
CONTINUOUS
10
45.522117999999999
20
-119.4744630000000001
11
45.6525159999999985
21
-119.5615919999999903
0
LINE
8
BLACK
6
CONTINUOUS
10
45.6525159999999985
20
-119.5615919999999903
11
45.7634089999999958
21
-119.6724849999999947
0
LINE
8
BLACK
6
CONTINUOUS
10
45.7634089999999958
20
-119.6724849999999947
11
45.8505380000000002
21
-119.8028829999999942
0
LINE
8
BLACK
6
CONTINUOUS
10
45.8505380000000002
20
-119.8028829999999942
11
45.9105530000000002
21
-119.9477720000000005
0
LINE
8
BLACK
6
CONTINUOUS
10
45.9105530000000002
20
-119.9477720000000005
11
45.9411489999999958
21
-120.1015859999999975
0
LINE
8
BLACK
6
CONTINUOUS
10
45.9411489999999958
20
-120.1015859999999975
11
45.9411489999999958
21
-120.2584139999999877
0
LINE
8
BLACK
6
CONTINUOUS
10
45.9411489999999958
20
-120.2584139999999877
11
45.9105530000000002
21
-120.4122279999999989
0
LINE
8
BLACK
6
CONTINUOUS
10
45.9105530000000002
20
-120.4122279999999989
11
45.8505380000000002
21
-120.557116999999991
0
LINE
8
BLACK
6
CONTINUOUS
10
45.8505380000000002
20
-120.557116999999991
11
45.7634089999999958
21
-120.6875149999999906
0
LINE
8
BLACK
6
CONTINUOUS
10
45.7634089999999958
20
-120.6875149999999906
11
45.6525159999999985
21
-120.7984079999999949
0
LINE
8
BLACK
6
CONTINUOUS
10
45.6525159999999985
20
-120.7984079999999949
11
45.522117999999999
21
-120.8855369999999994
0
LINE
8
BLACK
6
CONTINUOUS
10
45.522117999999999
20
-120.8855369999999994
11
45.3772289999999998
21
-120.9455519999999922
0
LINE
8
BLACK
6
CONTINUOUS
10
45.3772289999999998
20
-120.9455519999999922
11
45.2234149999999957
21
-120.9761479999999949
0
LINE
8
BLACK
6
CONTINUOUS
10
45.2234149999999957
20
-120.9761479999999949
11
45.0665869999999984
21
-120.9761479999999949
0
LINE
8
BLACK
6
CONTINUOUS
10
45.0665869999999984
20
-120.9761479999999949
11
44.9127730000000014
21
-120.9455519999999922
0
LINE
8
BLACK
6
CONTINUOUS
10
44.9127730000000014
20
-120.9455519999999922
11
44.7678839999999951
21
-120.8855369999999994
0
LINE
8
BLACK
6
CONTINUOUS
10
44.7678839999999951
20
-120.8855369999999994
11
44.6374859999999956
21
-120.7984079999999949
0
LINE
8
BLACK
6
CONTINUOUS
10
44.6374859999999956
20
-120.7984079999999949
11
44.5265929999999983
21
-120.6875149999999906
0
LINE
8
BLACK
6
CONTINUOUS
10
44.5265929999999983
20
-120.6875149999999906
11
44.439464000000001
21
-120.557116999999991
0
LINE
8
BLACK
6
CONTINUOUS
10
44.439464000000001
20
-120.557116999999991
11
44.379449000000001
21
-120.4122279999999989
0
LINE
8
BLACK
6
CONTINUOUS
10
44.379449000000001
20
-120.4122279999999989
11
44.3488529999999983
21
-120.2584139999999877
0
LINE
8
BLACK
6
CONTINUOUS
10
44.3488529999999983
20
-120.2584139999999877
11
44.3488529999999983
21
-120.1015859999999975
0
LINE
8
BLACK
6
CONTINUOUS
10
44.3488529999999983
20
-120.1015859999999975
11
44.379449000000001
21
-119.9477720000000005
0
LINE
8
BLACK
6
CONTINUOUS
10
44.379449000000001
20
-119.9477720000000005
11
44.439464000000001
21
-119.8028829999999942
0
LINE
8
BLACK
6
CONTINUOUS
10
44.439464000000001
20
-119.8028829999999942
11
44.5265929999999983
21
-119.6724849999999947
0
LINE
8
BLACK
6
CONTINUOUS
10
44.5265929999999983
20
-119.6724849999999947
11
44.6374859999999956
21
-119.5615919999999903
0
LINE
8
BLACK
6
CONTINUOUS
10
44.6374859999999956
20
-119.5615919999999903
11
44.7678839999999951
21
-119.4744630000000001
0
LINE
8
BLACK
6
CONTINUOUS
10
44.7678839999999951
20
-119.4744630000000001
11
44.9127730000000014
21
-119.414447999999993
0
LINE
8
BLACK
6
CONTINUOUS
10
44.9127730000000014
20
-119.414447999999993
11
45.0665869999999984
21
-119.3838519999999903
0
LINE
8
BLACK
6
CONTINUOUS
10
45.0665869999999984
20
-119.3838519999999903
11
45.2234149999999957
21
-119.3838519999999903
0
LINE
8
BLACK
6
CONTINUOUS
10
45.2234149999999957
20
-119.3838519999999903
11
45.3772289999999998
21
-119.414447999999993
0
LINE
8
BLACK
6
CONTINUOUS
10
40.7392269999999996
20
-118.9354450000000014
11
40.8841159999999988
21
-118.9954599999999942
0
LINE
8
BLACK
6
CONTINUOUS
10
40.8841159999999988
20
-118.9954599999999942
11
41.0145139999999984
21
-119.0825889999999987
0
LINE
8
BLACK
6
CONTINUOUS
10
41.0145139999999984
20
-119.0825889999999987
11
41.1254069999999956
21
-119.1934819999999888
0
LINE
8
BLACK
6
CONTINUOUS
10
41.1254069999999956
20
-119.1934819999999888
11
41.2125360000000001
21
-119.3238799999999884
0
LINE
8
BLACK
6
CONTINUOUS
10
41.2125360000000001
20
-119.3238799999999884
11
41.272551
21
-119.4687689999999947
0
LINE
8
BLACK
6
CONTINUOUS
10
41.272551
20
-119.4687689999999947
11
41.3031469999999956
21
-119.6225829999999917
0
LINE
8
BLACK
6
CONTINUOUS
10
41.3031469999999956
20
-119.6225829999999917
11
41.3031469999999956
21
-119.7794109999999961
0
LINE
8
BLACK
6
CONTINUOUS
10
41.3031469999999956
20
-119.7794109999999961
11
41.272551
21
-119.9332249999999931
0
LINE
8
BLACK
6
CONTINUOUS
10
41.272551
20
-119.9332249999999931
11
41.2125360000000001
21
-120.0781139999999994
0
LINE
8
BLACK
6
CONTINUOUS
10
41.2125360000000001
20
-120.0781139999999994
11
41.1254069999999956
21
-120.2085119999999989
0
LINE
8
BLACK
6
CONTINUOUS
10
41.1254069999999956
20
-120.2085119999999989
11
41.0145139999999984
21
-120.3194049999999891
0
LINE
8
BLACK
6
CONTINUOUS
10
41.0145139999999984
20
-120.3194049999999891
11
40.8841159999999988
21
-120.4065339999999935
0
LINE
8
BLACK
6
CONTINUOUS
10
40.8841159999999988
20
-120.4065339999999935
11
40.7392269999999996
21
-120.4665490000000005
0
LINE
8
BLACK
6
CONTINUOUS
10
40.7392269999999996
20
-120.4665490000000005
11
40.5854129999999955
21
-120.4971449999999891
0
LINE
8
BLACK
6
CONTINUOUS
10
40.5854129999999955
20
-120.4971449999999891
11
40.4285849999999982
21
-120.4971449999999891
0
LINE
8
BLACK
6
CONTINUOUS
10
40.4285849999999982
20
-120.4971449999999891
11
40.2747710000000012
21
-120.4665490000000005
0
LINE
8
BLACK
6
CONTINUOUS
10
40.2747710000000012
20
-120.4665490000000005
11
40.1298819999999949
21
-120.4065339999999935
0
LINE
8
BLACK
6
CONTINUOUS
10
40.1298819999999949
20
-120.4065339999999935
11
39.9994839999999954
21
-120.3194049999999891
0
LINE
8
BLACK
6
CONTINUOUS
10
39.9994839999999954
20
-120.3194049999999891
11
39.8885909999999981
21
-120.2085119999999989
0
LINE
8
BLACK
6
CONTINUOUS
10
39.8885909999999981
20
-120.2085119999999989
11
39.8014620000000008
21
-120.0781139999999994
0
LINE
8
BLACK
6
CONTINUOUS
10
39.8014620000000008
20
-120.0781139999999994
11
39.7414470000000009
21
-119.9332249999999931
0
LINE
8
BLACK
6
CONTINUOUS
10
39.7414470000000009
20
-119.9332249999999931
11
39.7108509999999981
21
-119.7794109999999961
0
LINE
8
BLACK
6
CONTINUOUS
10
39.7108509999999981
20
-119.7794109999999961
11
39.7108509999999981
21
-119.6225829999999917
0
LINE
8
BLACK
6
CONTINUOUS
10
39.7108509999999981
20
-119.6225829999999917
11
39.7414470000000009
21
-119.4687689999999947
0
LINE
8
BLACK
6
CONTINUOUS
10
39.7414470000000009
20
-119.4687689999999947
11
39.8014620000000008
21
-119.3238799999999884
0
LINE
8
BLACK
6
CONTINUOUS
10
39.8014620000000008
20
-119.3238799999999884
11
39.8885909999999981
21
-119.1934819999999888
0
LINE
8
BLACK
6
CONTINUOUS
10
39.8885909999999981
20
-119.1934819999999888
11
39.9994839999999954
21
-119.0825889999999987
0
LINE
8
BLACK
6
CONTINUOUS
10
39.9994839999999954
20
-119.0825889999999987
11
40.1298819999999949
21
-118.9954599999999942
0
LINE
8
BLACK
6
CONTINUOUS
10
40.1298819999999949
20
-118.9954599999999942
11
40.2747710000000012
21
-118.9354450000000014
0
LINE
8
BLACK
6
CONTINUOUS
10
40.2747710000000012
20
-118.9354450000000014
11
40.4285849999999982
21
-118.9048489999999987
0
LINE
8
BLACK
6
CONTINUOUS
10
40.4285849999999982
20
-118.9048489999999987
11
40.5854129999999955
21
-118.9048489999999987
0
LINE
8
BLACK
6
CONTINUOUS
10
40.5854129999999955
20
-118.9048489999999987
11
40.7392269999999996
21
-118.9354450000000014
0
LINE
8
BLACK
6
CONTINUOUS
10
59.2422279999999972
20
-116.7844479999999976
11
59.3871169999999964
21
-116.8444629999999904
0
LINE
8
BLACK
6
CONTINUOUS
10
59.3871169999999964
20
-116.8444629999999904
11
59.517514999999996
21
-116.9315919999999949
0
LINE
8
BLACK
6
CONTINUOUS
10
59.517514999999996
20
-116.9315919999999949
11
59.6284080000000003
21
-117.0424849999999992
0
LINE
8
BLACK
6
CONTINUOUS
10
59.6284080000000003
20
-117.0424849999999992
11
59.7155369999999976
21
-117.1728829999999988
0
LINE
8
BLACK
6
CONTINUOUS
10
59.7155369999999976
20
-117.1728829999999988
11
59.7755519999999976
21
-117.3177719999999908
0
LINE
8
BLACK
6
CONTINUOUS
10
59.7755519999999976
20
-117.3177719999999908
11
59.8061480000000003
21
-117.4715859999999878
0
LINE
8
BLACK
6
CONTINUOUS
10
59.8061480000000003
20
-117.4715859999999878
11
59.8061480000000003
21
-117.6284139999999923
0
LINE
8
BLACK
6
CONTINUOUS
10
59.8061480000000003
20
-117.6284139999999923
11
59.7755519999999976
21
-117.7822279999999893
0
LINE
8
BLACK
6
CONTINUOUS
10
59.7755519999999976
20
-117.7822279999999893
11
59.7155369999999976
21
-117.9271169999999955
0
LINE
8
BLACK
6
CONTINUOUS
10
59.7155369999999976
20
-117.9271169999999955
11
59.6284080000000003
21
-118.0575149999999951
0
LINE
8
BLACK
6
CONTINUOUS
10
59.6284080000000003
20
-118.0575149999999951
11
59.517514999999996
21
-118.1684079999999994
0
LINE
8
BLACK
6
CONTINUOUS
10
59.517514999999996
20
-118.1684079999999994
11
59.3871169999999964
21
-118.2555369999999897
0
LINE
8
BLACK
6
CONTINUOUS
10
59.3871169999999964
20
-118.2555369999999897
11
59.2422279999999972
21
-118.3155519999999967
0
LINE
8
BLACK
6
CONTINUOUS
10
59.2422279999999972
20
-118.3155519999999967
11
59.0884140000000002
21
-118.3461479999999995
0
LINE
8
BLACK
6
CONTINUOUS
10
59.0884140000000002
20
-118.3461479999999995
11
58.9315859999999958
21
-118.3461479999999995
0
LINE
8
BLACK
6
CONTINUOUS
10
58.9315859999999958
20
-118.3461479999999995
11
58.7777719999999988
21
-118.3155519999999967
0
LINE
8
BLACK
6
CONTINUOUS
10
58.7777719999999988
20
-118.3155519999999967
11
58.6328829999999996
21
-118.2555369999999897
0
LINE
8
BLACK
6
CONTINUOUS
10
58.6328829999999996
20
-118.2555369999999897
11
58.5024850000000001
21
-118.1684079999999994
0
LINE
8
BLACK
6
CONTINUOUS
10
58.5024850000000001
20
-118.1684079999999994
11
58.3915919999999957
21
-118.0575149999999951
0
LINE
8
BLACK
6
CONTINUOUS
10
58.3915919999999957
20
-118.0575149999999951
11
58.3044629999999984
21
-117.9271169999999955
0
LINE
8
BLACK
6
CONTINUOUS
10
58.3044629999999984
20
-117.9271169999999955
11
58.2444479999999984
21
-117.7822279999999893
0
LINE
8
BLACK
6
CONTINUOUS
10
58.2444479999999984
20
-117.7822279999999893
11
58.2138519999999957
21
-117.6284139999999923
0
LINE
8
BLACK
6
CONTINUOUS
10
58.2138519999999957
20
-117.6284139999999923
11
58.2138519999999957
21
-117.4715859999999878
0
LINE
8
BLACK
6
CONTINUOUS
10
58.2138519999999957
20
-117.4715859999999878
11
58.2444479999999984
21
-117.3177719999999908
0
LINE
8
BLACK
6
CONTINUOUS
10
58.2444479999999984
20
-117.3177719999999908
11
58.3044629999999984
21
-117.1728829999999988
0
LINE
8
BLACK
6
CONTINUOUS
10
58.3044629999999984
20
-117.1728829999999988
11
58.3915919999999957
21
-117.0424849999999992
0
LINE
8
BLACK
6
CONTINUOUS
10
58.3915919999999957
20
-117.0424849999999992
11
58.5024850000000001
21
-116.9315919999999949
0
LINE
8
BLACK
6
CONTINUOUS
10
58.5024850000000001
20
-116.9315919999999949
11
58.6328829999999996
21
-116.8444629999999904
0
LINE
8
BLACK
6
CONTINUOUS
10
58.6328829999999996
20
-116.8444629999999904
11
58.7777719999999988
21
-116.7844479999999976
0
LINE
8
BLACK
6
CONTINUOUS
10
58.7777719999999988
20
-116.7844479999999976
11
58.9315859999999958
21
-116.7538519999999949
0
LINE
8
BLACK
6
CONTINUOUS
10
58.9315859999999958
20
-116.7538519999999949
11
59.0884140000000002
21
-116.7538519999999949
0
LINE
8
BLACK
6
CONTINUOUS
10
59.0884140000000002
20
-116.7538519999999949
11
59.2422279999999972
21
-116.7844479999999976
0
LINE
8
BLACK
6
CONTINUOUS
10
191.7912279999999896
20
-116.7844479999999976
11
191.9361169999999959
21
-116.8444629999999904
0
LINE
8
BLACK
6
CONTINUOUS
10
191.9361169999999959
20
-116.8444629999999904
11
192.0665149999999812
21
-116.9315919999999949
0
LINE
8
BLACK
6
CONTINUOUS
10
192.0665149999999812
20
-116.9315919999999949
11
192.1774079999999856
21
-117.0424849999999992
0
LINE
8
BLACK
6
CONTINUOUS
10
192.1774079999999856
20
-117.0424849999999992
11
192.26453699999999
21
-117.1728829999999988
0
LINE
8
BLACK
6
CONTINUOUS
10
192.26453699999999
20
-117.1728829999999988
11
192.3245519999999829
21
-117.3177719999999908
0
LINE
8
BLACK
6
CONTINUOUS
10
192.3245519999999829
20
-117.3177719999999908
11
192.3551479999999856
21
-117.4715859999999878
0
LINE
8
BLACK
6
CONTINUOUS
10
192.3551479999999856
20
-117.4715859999999878
11
192.3551479999999856
21
-117.6284139999999923
0
LINE
8
BLACK
6
CONTINUOUS
10
192.3551479999999856
20
-117.6284139999999923
11
192.3245519999999829
21
-117.7822279999999893
0
LINE
8
BLACK
6
CONTINUOUS
10
192.3245519999999829
20
-117.7822279999999893
11
192.26453699999999
21
-117.9271169999999955
0
LINE
8
BLACK
6
CONTINUOUS
10
192.26453699999999
20
-117.9271169999999955
11
192.1774079999999856
21
-118.0575149999999951
0
LINE
8
BLACK
6
CONTINUOUS
10
192.1774079999999856
20
-118.0575149999999951
11
192.0665149999999812
21
-118.1684079999999994
0
LINE
8
BLACK
6
CONTINUOUS
10
192.0665149999999812
20
-118.1684079999999994
11
191.9361169999999959
21
-118.2555369999999897
0
LINE
8
BLACK
6
CONTINUOUS
10
191.9361169999999959
20
-118.2555369999999897
11
191.7912279999999896
21
-118.3155519999999967
0
LINE
8
BLACK
6
CONTINUOUS
10
191.7912279999999896
20
-118.3155519999999967
11
191.6374139999999784
21
-118.3461479999999995
0
LINE
8
BLACK
6
CONTINUOUS
10
191.6374139999999784
20
-118.3461479999999995
11
191.4805859999999882
21
-118.3461479999999995
0
LINE
8
BLACK
6
CONTINUOUS
10
191.4805859999999882
20
-118.3461479999999995
11
191.3267720000000054
21
-118.3155519999999967
0
LINE
8
BLACK
6
CONTINUOUS
10
191.3267720000000054
20
-118.3155519999999967
11
191.1818829999999991
21
-118.2555369999999897
0
LINE
8
BLACK
6
CONTINUOUS
10
191.1818829999999991
20
-118.2555369999999897
11
191.0514849999999853
21
-118.1684079999999994
0
LINE
8
BLACK
6
CONTINUOUS
10
191.0514849999999853
20
-118.1684079999999994
11
190.940591999999981
21
-118.0575149999999951
0
LINE
8
BLACK
6
CONTINUOUS
10
190.940591999999981
20
-118.0575149999999951
11
190.853463000000005
21
-117.9271169999999955
0
LINE
8
BLACK
6
CONTINUOUS
10
190.853463000000005
20
-117.9271169999999955
11
190.7934479999999837
21
-117.7822279999999893
0
LINE
8
BLACK
6
CONTINUOUS
10
190.7934479999999837
20
-117.7822279999999893
11
190.762851999999981
21
-117.6284139999999923
0
LINE
8
BLACK
6
CONTINUOUS
10
190.762851999999981
20
-117.6284139999999923
11
190.762851999999981
21
-117.4715859999999878
0
LINE
8
BLACK
6
CONTINUOUS
10
190.762851999999981
20
-117.4715859999999878
11
190.7934479999999837
21
-117.3177719999999908
0
LINE
8
BLACK
6
CONTINUOUS
10
190.7934479999999837
20
-117.3177719999999908
11
190.853463000000005
21
-117.1728829999999988
0
LINE
8
BLACK
6
CONTINUOUS
10
190.853463000000005
20
-117.1728829999999988
11
190.940591999999981
21
-117.0424849999999992
0
LINE
8
BLACK
6
CONTINUOUS
10
190.940591999999981
20
-117.0424849999999992
11
191.0514849999999853
21
-116.9315919999999949
0
LINE
8
BLACK
6
CONTINUOUS
10
191.0514849999999853
20
-116.9315919999999949
11
191.1818829999999991
21
-116.8444629999999904
0
LINE
8
BLACK
6
CONTINUOUS
10
191.1818829999999991
20
-116.8444629999999904
11
191.3267720000000054
21
-116.7844479999999976
0
LINE
8
BLACK
6
CONTINUOUS
10
191.3267720000000054
20
-116.7844479999999976
11
191.4805859999999882
21
-116.7538519999999949
0
LINE
8
BLACK
6
CONTINUOUS
10
191.4805859999999882
20
-116.7538519999999949
11
191.6374139999999784
21
-116.7538519999999949
0
LINE
8
BLACK
6
CONTINUOUS
10
191.6374139999999784
20
-116.7538519999999949
11
191.7912279999999896
21
-116.7844479999999976
0
LINE
8
BLACK
6
CONTINUOUS
10
75.6811039999999906
20
-116.8171269999999993
11
75.7540989999999965
21
-116.8659009999999938
0
LINE
8
BLACK
6
CONTINUOUS
10
75.7540989999999965
20
-116.8659009999999938
11
75.8028729999999911
21
-116.9388959999999997
0
LINE
8
BLACK
6
CONTINUOUS
10
75.8028729999999911
20
-116.9388959999999997
11
75.8199999999999932
21
-117.0249999999999915
0
LINE
8
BLACK
6
CONTINUOUS
10
75.8199999999999932
20
-117.0249999999999915
11
75.8199999999999932
21
-118.0749999999999886
0
LINE
8
BLACK
6
CONTINUOUS
10
75.8199999999999932
20
-118.0749999999999886
11
75.8028729999999911
21
-118.1611039999999946
0
LINE
8
BLACK
6
CONTINUOUS
10
75.8028729999999911
20
-118.1611039999999946
11
75.7540989999999965
21
-118.2340990000000005
0
LINE
8
BLACK
6
CONTINUOUS
10
75.7540989999999965
20
-118.2340990000000005
11
75.6811039999999906
21
-118.282872999999995
0
LINE
8
BLACK
6
CONTINUOUS
10
75.6811039999999906
20
-118.282872999999995
11
75.5949999999999989
21
-118.2999999999999972
0
LINE
8
BLACK
6
CONTINUOUS
10
75.5949999999999989
20
-118.2999999999999972
11
66.0450000000000017
21
-118.2999999999999972
0
LINE
8
BLACK
6
CONTINUOUS
10
66.0450000000000017
20
-118.2999999999999972
11
65.9588959999999958
21
-118.282872999999995
0
LINE
8
BLACK
6
CONTINUOUS
10
65.9588959999999958
20
-118.282872999999995
11
65.885901000000004
21
-118.2340990000000005
0
LINE
8
BLACK
6
CONTINUOUS
10
65.885901000000004
20
-118.2340990000000005
11
65.8371269999999953
21
-118.1611039999999946
0
LINE
8
BLACK
6
CONTINUOUS
10
65.8371269999999953
20
-118.1611039999999946
11
65.8199999999999932
21
-118.0749999999999886
0
LINE
8
BLACK
6
CONTINUOUS
10
65.8199999999999932
20
-118.0749999999999886
11
65.8199999999999932
21
-117.0249999999999915
0
LINE
8
BLACK
6
CONTINUOUS
10
65.8199999999999932
20
-117.0249999999999915
11
65.8371269999999953
21
-116.9388959999999997
0
LINE
8
BLACK
6
CONTINUOUS
10
65.8371269999999953
20
-116.9388959999999997
11
65.885901000000004
21
-116.8659009999999938
0
LINE
8
BLACK
6
CONTINUOUS
10
65.885901000000004
20
-116.8659009999999938
11
65.9588959999999958
21
-116.8171269999999993
0
LINE
8
BLACK
6
CONTINUOUS
10
65.9588959999999958
20
-116.8171269999999993
11
66.0450000000000017
21
-116.7999999999999972
0
LINE
8
BLACK
6
CONTINUOUS
10
66.0450000000000017
20
-116.7999999999999972
11
75.5949999999999989
21
-116.7999999999999972
0
LINE
8
BLACK
6
CONTINUOUS
10
75.5949999999999989
20
-116.7999999999999972
11
75.6811039999999906
21
-116.8171269999999993
0
LINE
8
BLACK
6
CONTINUOUS
10
105.6811039999999906
20
-116.8171269999999993
11
105.7540989999999965
21
-116.8659009999999938
0
LINE
8
BLACK
6
CONTINUOUS
10
105.7540989999999965
20
-116.8659009999999938
11
105.8028729999999911
21
-116.9388959999999997
0
LINE
8
BLACK
6
CONTINUOUS
10
105.8028729999999911
20
-116.9388959999999997
11
105.8199999999999932
21
-117.0249999999999915
0
LINE
8
BLACK
6
CONTINUOUS
10
105.8199999999999932
20
-117.0249999999999915
11
105.8199999999999932
21
-118.0749999999999886
0
LINE
8
BLACK
6
CONTINUOUS
10
105.8199999999999932
20
-118.0749999999999886
11
105.8028729999999911
21
-118.1611039999999946
0
LINE
8
BLACK
6
CONTINUOUS
10
105.8028729999999911
20
-118.1611039999999946
11
105.7540989999999965
21
-118.2340990000000005
0
LINE
8
BLACK
6
CONTINUOUS
10
105.7540989999999965
20
-118.2340990000000005
11
105.6811039999999906
21
-118.282872999999995
0
LINE
8
BLACK
6
CONTINUOUS
10
105.6811039999999906
20
-118.282872999999995
11
105.5949999999999989
21
-118.2999999999999972
0
LINE
8
BLACK
6
CONTINUOUS
10
105.5949999999999989
20
-118.2999999999999972
11
96.0450000000000017
21
-118.2999999999999972
0
LINE
8
BLACK
6
CONTINUOUS
10
96.0450000000000017
20
-118.2999999999999972
11
95.9588959999999958
21
-118.282872999999995
0
LINE
8
BLACK
6
CONTINUOUS
10
95.9588959999999958
20
-118.282872999999995
11
95.8859009999999898
21
-118.2340990000000005
0
LINE
8
BLACK
6
CONTINUOUS
10
95.8859009999999898
20
-118.2340990000000005
11
95.8371269999999953
21
-118.1611039999999946
0
LINE
8
BLACK
6
CONTINUOUS
10
95.8371269999999953
20
-118.1611039999999946
11
95.8199999999999932
21
-118.0749999999999886
0
LINE
8
BLACK
6
CONTINUOUS
10
95.8199999999999932
20
-118.0749999999999886
11
95.8199999999999932
21
-117.0249999999999915
0
LINE
8
BLACK
6
CONTINUOUS
10
95.8199999999999932
20
-117.0249999999999915
11
95.8371269999999953
21
-116.9388959999999997
0
LINE
8
BLACK
6
CONTINUOUS
10
95.8371269999999953
20
-116.9388959999999997
11
95.8859009999999898
21
-116.8659009999999938
0
LINE
8
BLACK
6
CONTINUOUS
10
95.8859009999999898
20
-116.8659009999999938
11
95.9588959999999958
21
-116.8171269999999993
0
LINE
8
BLACK
6
CONTINUOUS
10
95.9588959999999958
20
-116.8171269999999993
11
96.0450000000000017
21
-116.7999999999999972
0
LINE
8
BLACK
6
CONTINUOUS
10
96.0450000000000017
20
-116.7999999999999972
11
105.5949999999999989
21
-116.7999999999999972
0
LINE
8
BLACK
6
CONTINUOUS
10
105.5949999999999989
20
-116.7999999999999972
11
105.6811039999999906
21
-116.8171269999999993
0
LINE
8
BLACK
6
CONTINUOUS
10
154.501103999999998
20
-116.8171269999999993
11
154.5740989999999897
21
-116.8659009999999938
0
LINE
8
BLACK
6
CONTINUOUS
10
154.5740989999999897
20
-116.8659009999999938
11
154.6228729999999985
21
-116.9388959999999997
0
LINE
8
BLACK
6
CONTINUOUS
10
154.6228729999999985
20
-116.9388959999999997
11
154.6399999999999864
21
-117.0249999999999915
0
LINE
8
BLACK
6
CONTINUOUS
10
154.6399999999999864
20
-117.0249999999999915
11
154.6399999999999864
21
-118.0749999999999886
0
LINE
8
BLACK
6
CONTINUOUS
10
154.6399999999999864
20
-118.0749999999999886
11
154.6228729999999985
21
-118.1611039999999946
0
LINE
8
BLACK
6
CONTINUOUS
10
154.6228729999999985
20
-118.1611039999999946
11
154.5740989999999897
21
-118.2340990000000005
0
LINE
8
BLACK
6
CONTINUOUS
10
154.5740989999999897
20
-118.2340990000000005
11
154.501103999999998
21
-118.282872999999995
0
LINE
8
BLACK
6
CONTINUOUS
10
154.501103999999998
20
-118.282872999999995
11
154.414999999999992
21
-118.2999999999999972
0
LINE
8
BLACK
6
CONTINUOUS
10
154.414999999999992
20
-118.2999999999999972
11
144.8649999999999807
21
-118.2999999999999972
0
LINE
8
BLACK
6
CONTINUOUS
10
144.8649999999999807
20
-118.2999999999999972
11
144.7788960000000031
21
-118.282872999999995
0
LINE
8
BLACK
6
CONTINUOUS
10
144.7788960000000031
20
-118.282872999999995
11
144.705900999999983
21
-118.2340990000000005
0
LINE
8
BLACK
6
CONTINUOUS
10
144.705900999999983
20
-118.2340990000000005
11
144.6571270000000027
21
-118.1611039999999946
0
LINE
8
BLACK
6
CONTINUOUS
10
144.6571270000000027
20
-118.1611039999999946
11
144.6399999999999864
21
-118.0749999999999886
0
LINE
8
BLACK
6
CONTINUOUS
10
144.6399999999999864
20
-118.0749999999999886
11
144.6399999999999864
21
-117.0249999999999915
0
LINE
8
BLACK
6
CONTINUOUS
10
144.6399999999999864
20
-117.0249999999999915
11
144.6571270000000027
21
-116.9388959999999997
0
LINE
8
BLACK
6
CONTINUOUS
10
144.6571270000000027
20
-116.9388959999999997
11
144.705900999999983
21
-116.8659009999999938
0
LINE
8
BLACK
6
CONTINUOUS
10
144.705900999999983
20
-116.8659009999999938
11
144.7788960000000031
21
-116.8171269999999993
0
LINE
8
BLACK
6
CONTINUOUS
10
144.7788960000000031
20
-116.8171269999999993
11
144.8649999999999807
21
-116.7999999999999972
0
LINE
8
BLACK
6
CONTINUOUS
10
144.8649999999999807
20
-116.7999999999999972
11
154.414999999999992
21
-116.7999999999999972
0
LINE
8
BLACK
6
CONTINUOUS
10
154.414999999999992
20
-116.7999999999999972
11
154.501103999999998
21
-116.8171269999999993
0
LINE
8
BLACK
6
CONTINUOUS
10
184.501103999999998
20
-116.8171269999999993
11
184.5740989999999897
21
-116.8659009999999938
0
LINE
8
BLACK
6
CONTINUOUS
10
184.5740989999999897
20
-116.8659009999999938
11
184.6228729999999985
21
-116.9388959999999997
0
LINE
8
BLACK
6
CONTINUOUS
10
184.6228729999999985
20
-116.9388959999999997
11
184.6399999999999864
21
-117.0249999999999915
0
LINE
8
BLACK
6
CONTINUOUS
10
184.6399999999999864
20
-117.0249999999999915
11
184.6399999999999864
21
-118.0749999999999886
0
LINE
8
BLACK
6
CONTINUOUS
10
184.6399999999999864
20
-118.0749999999999886
11
184.6228729999999985
21
-118.1611039999999946
0
LINE
8
BLACK
6
CONTINUOUS
10
184.6228729999999985
20
-118.1611039999999946
11
184.5740989999999897
21
-118.2340990000000005
0
LINE
8
BLACK
6
CONTINUOUS
10
184.5740989999999897
20
-118.2340990000000005
11
184.501103999999998
21
-118.282872999999995
0
LINE
8
BLACK
6
CONTINUOUS
10
184.501103999999998
20
-118.282872999999995
11
184.414999999999992
21
-118.2999999999999972
0
LINE
8
BLACK
6
CONTINUOUS
10
184.414999999999992
20
-118.2999999999999972
11
174.8649999999999807
21
-118.2999999999999972
0
LINE
8
BLACK
6
CONTINUOUS
10
174.8649999999999807
20
-118.2999999999999972
11
174.7788960000000031
21
-118.282872999999995
0
LINE
8
BLACK
6
CONTINUOUS
10
174.7788960000000031
20
-118.282872999999995
11
174.705900999999983
21
-118.2340990000000005
0
LINE
8
BLACK
6
CONTINUOUS
10
174.705900999999983
20
-118.2340990000000005
11
174.6571270000000027
21
-118.1611039999999946
0
LINE
8
BLACK
6
CONTINUOUS
10
174.6571270000000027
20
-118.1611039999999946
11
174.6399999999999864
21
-118.0749999999999886
0
LINE
8
BLACK
6
CONTINUOUS
10
174.6399999999999864
20
-118.0749999999999886
11
174.6399999999999864
21
-117.0249999999999915
0
LINE
8
BLACK
6
CONTINUOUS
10
174.6399999999999864
20
-117.0249999999999915
11
174.6571270000000027
21
-116.9388959999999997
0
LINE
8
BLACK
6
CONTINUOUS
10
174.6571270000000027
20
-116.9388959999999997
11
174.705900999999983
21
-116.8659009999999938
0
LINE
8
BLACK
6
CONTINUOUS
10
174.705900999999983
20
-116.8659009999999938
11
174.7788960000000031
21
-116.8171269999999993
0
LINE
8
BLACK
6
CONTINUOUS
10
174.7788960000000031
20
-116.8171269999999993
11
174.8649999999999807
21
-116.7999999999999972
0
LINE
8
BLACK
6
CONTINUOUS
10
174.8649999999999807
20
-116.7999999999999972
11
184.414999999999992
21
-116.7999999999999972
0
LINE
8
BLACK
6
CONTINUOUS
10
184.414999999999992
20
-116.7999999999999972
11
184.501103999999998
21
-116.8171269999999993
0
LINE
8
BLACK
6
CONTINUOUS
10
59.1932279999999977
20
-114.2444479999999913
11
59.3381169999999969
21
-114.3044629999999984
0
LINE
8
BLACK
6
CONTINUOUS
10
59.3381169999999969
20
-114.3044629999999984
11
59.4685149999999965
21
-114.3915919999999886
0
LINE
8
BLACK
6
CONTINUOUS
10
59.4685149999999965
20
-114.3915919999999886
11
59.5794080000000008
21
-114.502484999999993
0
LINE
8
BLACK
6
CONTINUOUS
10
59.5794080000000008
20
-114.502484999999993
11
59.6665369999999982
21
-114.6328829999999925
0
LINE
8
BLACK
6
CONTINUOUS
10
59.6665369999999982
20
-114.6328829999999925
11
59.7265519999999981
21
-114.7777719999999988
0
LINE
8
BLACK
6
CONTINUOUS
10
59.7265519999999981
20
-114.7777719999999988
11
59.7571480000000008
21
-114.9315859999999958
0
LINE
8
BLACK
6
CONTINUOUS
10
59.7571480000000008
20
-114.9315859999999958
11
59.7571480000000008
21
-115.0884140000000002
0
LINE
8
BLACK
6
CONTINUOUS
10
59.7571480000000008
20
-115.0884140000000002
11
59.7265519999999981
21
-115.2422279999999972
0
LINE
8
BLACK
6
CONTINUOUS
10
59.7265519999999981
20
-115.2422279999999972
11
59.6665369999999982
21
-115.3871169999999893
0
LINE
8
BLACK
6
CONTINUOUS
10
59.6665369999999982
20
-115.3871169999999893
11
59.5794080000000008
21
-115.5175149999999888
0
LINE
8
BLACK
6
CONTINUOUS
10
59.5794080000000008
20
-115.5175149999999888
11
59.4685149999999965
21
-115.6284079999999932
0
LINE
8
BLACK
6
CONTINUOUS
10
59.4685149999999965
20
-115.6284079999999932
11
59.3381169999999969
21
-115.7155369999999976
0
LINE
8
BLACK
6
CONTINUOUS
10
59.3381169999999969
20
-115.7155369999999976
11
59.1932279999999977
21
-115.7755519999999905
0
LINE
8
BLACK
6
CONTINUOUS
10
59.1932279999999977
20
-115.7755519999999905
11
59.0394140000000007
21
-115.8061479999999932
0
LINE
8
BLACK
6
CONTINUOUS
10
59.0394140000000007
20
-115.8061479999999932
11
58.8825859999999963
21
-115.8061479999999932
0
LINE
8
BLACK
6
CONTINUOUS
10
58.8825859999999963
20
-115.8061479999999932
11
58.7287719999999993
21
-115.7755519999999905
0
LINE
8
BLACK
6
CONTINUOUS
10
58.7287719999999993
20
-115.7755519999999905
11
58.5838830000000002
21
-115.7155369999999976
0
LINE
8
BLACK
6
CONTINUOUS
10
58.5838830000000002
20
-115.7155369999999976
11
58.4534850000000006
21
-115.6284079999999932
0
LINE
8
BLACK
6
CONTINUOUS
10
58.4534850000000006
20
-115.6284079999999932
11
58.3425919999999962
21
-115.5175149999999888
0
LINE
8
BLACK
6
CONTINUOUS
10
58.3425919999999962
20
-115.5175149999999888
11
58.2554629999999989
21
-115.3871169999999893
0
LINE
8
BLACK
6
CONTINUOUS
10
58.2554629999999989
20
-115.3871169999999893
11
58.195447999999999
21
-115.2422279999999972
0
LINE
8
BLACK
6
CONTINUOUS
10
58.195447999999999
20
-115.2422279999999972
11
58.1648519999999962
21
-115.0884140000000002
0
LINE
8
BLACK
6
CONTINUOUS
10
58.1648519999999962
20
-115.0884140000000002
11
58.1648519999999962
21
-114.9315859999999958
0
LINE
8
BLACK
6
CONTINUOUS
10
58.1648519999999962
20
-114.9315859999999958
11
58.195447999999999
21
-114.7777719999999988
0
LINE
8
BLACK
6
CONTINUOUS
10
58.195447999999999
20
-114.7777719999999988
11
58.2554629999999989
21
-114.6328829999999925
0
LINE
8
BLACK
6
CONTINUOUS
10
58.2554629999999989
20
-114.6328829999999925
11
58.3425919999999962
21
-114.502484999999993
0
LINE
8
BLACK
6
CONTINUOUS
10
58.3425919999999962
20
-114.502484999999993
11
58.4534850000000006
21
-114.3915919999999886
0
LINE
8
BLACK
6
CONTINUOUS
10
58.4534850000000006
20
-114.3915919999999886
11
58.5838830000000002
21
-114.3044629999999984
0
LINE
8
BLACK
6
CONTINUOUS
10
58.5838830000000002
20
-114.3044629999999984
11
58.7287719999999993
21
-114.2444479999999913
0
LINE
8
BLACK
6
CONTINUOUS
10
58.7287719999999993
20
-114.2444479999999913
11
58.8825859999999963
21
-114.2138519999999886
0
LINE
8
BLACK
6
CONTINUOUS
10
58.8825859999999963
20
-114.2138519999999886
11
59.0394140000000007
21
-114.2138519999999886
0
LINE
8
BLACK
6
CONTINUOUS
10
59.0394140000000007
20
-114.2138519999999886
11
59.1932279999999977
21
-114.2444479999999913
0
LINE
8
BLACK
6
CONTINUOUS
10
75.6811039999999906
20
-114.277126999999993
11
75.7540989999999965
21
-114.3259010000000018
0
LINE
8
BLACK
6
CONTINUOUS
10
75.7540989999999965
20
-114.3259010000000018
11
75.8028729999999911
21
-114.3988959999999935
0
LINE
8
BLACK
6
CONTINUOUS
10
75.8028729999999911
20
-114.3988959999999935
11
75.8199999999999932
21
-114.4849999999999994
0
LINE
8
BLACK
6
CONTINUOUS
10
75.8199999999999932
20
-114.4849999999999994
11
75.8199999999999932
21
-115.5349999999999966
0
LINE
8
BLACK
6
CONTINUOUS
10
75.8199999999999932
20
-115.5349999999999966
11
75.8028729999999911
21
-115.6211039999999883
0
LINE
8
BLACK
6
CONTINUOUS
10
75.8028729999999911
20
-115.6211039999999883
11
75.7540989999999965
21
-115.6940989999999942
0
LINE
8
BLACK
6
CONTINUOUS
10
75.7540989999999965
20
-115.6940989999999942
11
75.6811039999999906
21
-115.7428729999999888
0
LINE
8
BLACK
6
CONTINUOUS
10
75.6811039999999906
20
-115.7428729999999888
11
75.5949999999999989
21
-115.7599999999999909
0
LINE
8
BLACK
6
CONTINUOUS
10
75.5949999999999989
20
-115.7599999999999909
11
66.0450000000000017
21
-115.7599999999999909
0
LINE
8
BLACK
6
CONTINUOUS
10
66.0450000000000017
20
-115.7599999999999909
11
65.9588959999999958
21
-115.7428729999999888
0
LINE
8
BLACK
6
CONTINUOUS
10
65.9588959999999958
20
-115.7428729999999888
11
65.885901000000004
21
-115.6940989999999942
0
LINE
8
BLACK
6
CONTINUOUS
10
65.885901000000004
20
-115.6940989999999942
11
65.8371269999999953
21
-115.6211039999999883
0
LINE
8
BLACK
6
CONTINUOUS
10
65.8371269999999953
20
-115.6211039999999883
11
65.8199999999999932
21
-115.5349999999999966
0
LINE
8
BLACK
6
CONTINUOUS
10
65.8199999999999932
20
-115.5349999999999966
11
65.8199999999999932
21
-114.4849999999999994
0
LINE
8
BLACK
6
CONTINUOUS
10
65.8199999999999932
20
-114.4849999999999994
11
65.8371269999999953
21
-114.3988959999999935
0
LINE
8
BLACK
6
CONTINUOUS
10
65.8371269999999953
20
-114.3988959999999935
11
65.885901000000004
21
-114.3259010000000018
0
LINE
8
BLACK
6
CONTINUOUS
10
65.885901000000004
20
-114.3259010000000018
11
65.9588959999999958
21
-114.277126999999993
0
LINE
8
BLACK
6
CONTINUOUS
10
65.9588959999999958
20
-114.277126999999993
11
66.0450000000000017
21
-114.2599999999999909
0
LINE
8
BLACK
6
CONTINUOUS
10
66.0450000000000017
20
-114.2599999999999909
11
75.5949999999999989
21
-114.2599999999999909
0
LINE
8
BLACK
6
CONTINUOUS
10
75.5949999999999989
20
-114.2599999999999909
11
75.6811039999999906
21
-114.277126999999993
0
LINE
8
BLACK
6
CONTINUOUS
10
105.6811039999999906
20
-114.277126999999993
11
105.7540989999999965
21
-114.3259010000000018
0
LINE
8
BLACK
6
CONTINUOUS
10
105.7540989999999965
20
-114.3259010000000018
11
105.8028729999999911
21
-114.3988959999999935
0
LINE
8
BLACK
6
CONTINUOUS
10
105.8028729999999911
20
-114.3988959999999935
11
105.8199999999999932
21
-114.4849999999999994
0
LINE
8
BLACK
6
CONTINUOUS
10
105.8199999999999932
20
-114.4849999999999994
11
105.8199999999999932
21
-115.5349999999999966
0
LINE
8
BLACK
6
CONTINUOUS
10
105.8199999999999932
20
-115.5349999999999966
11
105.8028729999999911
21
-115.6211039999999883
0
LINE
8
BLACK
6
CONTINUOUS
10
105.8028729999999911
20
-115.6211039999999883
11
105.7540989999999965
21
-115.6940989999999942
0
LINE
8
BLACK
6
CONTINUOUS
10
105.7540989999999965
20
-115.6940989999999942
11
105.6811039999999906
21
-115.7428729999999888
0
LINE
8
BLACK
6
CONTINUOUS
10
105.6811039999999906
20
-115.7428729999999888
11
105.5949999999999989
21
-115.7599999999999909
0
LINE
8
BLACK
6
CONTINUOUS
10
105.5949999999999989
20
-115.7599999999999909
11
96.0450000000000017
21
-115.7599999999999909
0
LINE
8
BLACK
6
CONTINUOUS
10
96.0450000000000017
20
-115.7599999999999909
11
95.9588959999999958
21
-115.7428729999999888
0
LINE
8
BLACK
6
CONTINUOUS
10
95.9588959999999958
20
-115.7428729999999888
11
95.8859009999999898
21
-115.6940989999999942
0
LINE
8
BLACK
6
CONTINUOUS
10
95.8859009999999898
20
-115.6940989999999942
11
95.8371269999999953
21
-115.6211039999999883
0
LINE
8
BLACK
6
CONTINUOUS
10
95.8371269999999953
20
-115.6211039999999883
11
95.8199999999999932
21
-115.5349999999999966
0
LINE
8
BLACK
6
CONTINUOUS
10
95.8199999999999932
20
-115.5349999999999966
11
95.8199999999999932
21
-114.4849999999999994
0
LINE
8
BLACK
6
CONTINUOUS
10
95.8199999999999932
20
-114.4849999999999994
11
95.8371269999999953
21
-114.3988959999999935
0
LINE
8
BLACK
6
CONTINUOUS
10
95.8371269999999953
20
-114.3988959999999935
11
95.8859009999999898
21
-114.3259010000000018
0
LINE
8
BLACK
6
CONTINUOUS
10
95.8859009999999898
20
-114.3259010000000018
11
95.9588959999999958
21
-114.277126999999993
0
LINE
8
BLACK
6
CONTINUOUS
10
95.9588959999999958
20
-114.277126999999993
11
96.0450000000000017
21
-114.2599999999999909
0
LINE
8
BLACK
6
CONTINUOUS
10
96.0450000000000017
20
-114.2599999999999909
11
105.5949999999999989
21
-114.2599999999999909
0
LINE
8
BLACK
6
CONTINUOUS
10
105.5949999999999989
20
-114.2599999999999909
11
105.6811039999999906
21
-114.277126999999993
0
LINE
8
BLACK
6
CONTINUOUS
10
154.501103999999998
20
-114.277126999999993
11
154.5740989999999897
21
-114.3259010000000018
0
LINE
8
BLACK
6
CONTINUOUS
10
154.5740989999999897
20
-114.3259010000000018
11
154.6228729999999985
21
-114.3988959999999935
0
LINE
8
BLACK
6
CONTINUOUS
10
154.6228729999999985
20
-114.3988959999999935
11
154.6399999999999864
21
-114.4849999999999994
0
LINE
8
BLACK
6
CONTINUOUS
10
154.6399999999999864
20
-114.4849999999999994
11
154.6399999999999864
21
-115.5349999999999966
0
LINE
8
BLACK
6
CONTINUOUS
10
154.6399999999999864
20
-115.5349999999999966
11
154.6228729999999985
21
-115.6211039999999883
0
LINE
8
BLACK
6
CONTINUOUS
10
154.6228729999999985
20
-115.6211039999999883
11
154.5740989999999897
21
-115.6940989999999942
0
LINE
8
BLACK
6
CONTINUOUS
10
154.5740989999999897
20
-115.6940989999999942
11
154.501103999999998
21
-115.7428729999999888
0
LINE
8
BLACK
6
CONTINUOUS
10
154.501103999999998
20
-115.7428729999999888
11
154.414999999999992
21
-115.7599999999999909
0
LINE
8
BLACK
6
CONTINUOUS
10
154.414999999999992
20
-115.7599999999999909
11
144.8649999999999807
21
-115.7599999999999909
0
LINE
8
BLACK
6
CONTINUOUS
10
144.8649999999999807
20
-115.7599999999999909
11
144.7788960000000031
21
-115.7428729999999888
0
LINE
8
BLACK
6
CONTINUOUS
10
144.7788960000000031
20
-115.7428729999999888
11
144.705900999999983
21
-115.6940989999999942
0
LINE
8
BLACK
6
CONTINUOUS
10
144.705900999999983
20
-115.6940989999999942
11
144.6571270000000027
21
-115.6211039999999883
0
LINE
8
BLACK
6
CONTINUOUS
10
144.6571270000000027
20
-115.6211039999999883
11
144.6399999999999864
21
-115.5349999999999966
0
LINE
8
BLACK
6
CONTINUOUS
10
144.6399999999999864
20
-115.5349999999999966
11
144.6399999999999864
21
-114.4849999999999994
0
LINE
8
BLACK
6
CONTINUOUS
10
144.6399999999999864
20
-114.4849999999999994
11
144.6571270000000027
21
-114.3988959999999935
0
LINE
8
BLACK
6
CONTINUOUS
10
144.6571270000000027
20
-114.3988959999999935
11
144.705900999999983
21
-114.3259010000000018
0
LINE
8
BLACK
6
CONTINUOUS
10
144.705900999999983
20
-114.3259010000000018
11
144.7788960000000031
21
-114.277126999999993
0
LINE
8
BLACK
6
CONTINUOUS
10
144.7788960000000031
20
-114.277126999999993
11
144.8649999999999807
21
-114.2599999999999909
0
LINE
8
BLACK
6
CONTINUOUS
10
144.8649999999999807
20
-114.2599999999999909
11
154.414999999999992
21
-114.2599999999999909
0
LINE
8
BLACK
6
CONTINUOUS
10
154.414999999999992
20
-114.2599999999999909
11
154.501103999999998
21
-114.277126999999993
0
LINE
8
BLACK
6
CONTINUOUS
10
184.501103999999998
20
-114.277126999999993
11
184.5740989999999897
21
-114.3259010000000018
0
LINE
8
BLACK
6
CONTINUOUS
10
184.5740989999999897
20
-114.3259010000000018
11
184.6228729999999985
21
-114.3988959999999935
0
LINE
8
BLACK
6
CONTINUOUS
10
184.6228729999999985
20
-114.3988959999999935
11
184.6399999999999864
21
-114.4849999999999994
0
LINE
8
BLACK
6
CONTINUOUS
10
184.6399999999999864
20
-114.4849999999999994
11
184.6399999999999864
21
-115.5349999999999966
0
LINE
8
BLACK
6
CONTINUOUS
10
184.6399999999999864
20
-115.5349999999999966
11
184.6228729999999985
21
-115.6211039999999883
0
LINE
8
BLACK
6
CONTINUOUS
10
184.6228729999999985
20
-115.6211039999999883
11
184.5740989999999897
21
-115.6940989999999942
0
LINE
8
BLACK
6
CONTINUOUS
10
184.5740989999999897
20
-115.6940989999999942
11
184.501103999999998
21
-115.7428729999999888
0
LINE
8
BLACK
6
CONTINUOUS
10
184.501103999999998
20
-115.7428729999999888
11
184.414999999999992
21
-115.7599999999999909
0
LINE
8
BLACK
6
CONTINUOUS
10
184.414999999999992
20
-115.7599999999999909
11
174.8649999999999807
21
-115.7599999999999909
0
LINE
8
BLACK
6
CONTINUOUS
10
174.8649999999999807
20
-115.7599999999999909
11
174.7788960000000031
21
-115.7428729999999888
0
LINE
8
BLACK
6
CONTINUOUS
10
174.7788960000000031
20
-115.7428729999999888
11
174.705900999999983
21
-115.6940989999999942
0
LINE
8
BLACK
6
CONTINUOUS
10
174.705900999999983
20
-115.6940989999999942
11
174.6571270000000027
21
-115.6211039999999883
0
LINE
8
BLACK
6
CONTINUOUS
10
174.6571270000000027
20
-115.6211039999999883
11
174.6399999999999864
21
-115.5349999999999966
0
LINE
8
BLACK
6
CONTINUOUS
10
174.6399999999999864
20
-115.5349999999999966
11
174.6399999999999864
21
-114.4849999999999994
0
LINE
8
BLACK
6
CONTINUOUS
10
174.6399999999999864
20
-114.4849999999999994
11
174.6571270000000027
21
-114.3988959999999935
0
LINE
8
BLACK
6
CONTINUOUS
10
174.6571270000000027
20
-114.3988959999999935
11
174.705900999999983
21
-114.3259010000000018
0
LINE
8
BLACK
6
CONTINUOUS
10
174.705900999999983
20
-114.3259010000000018
11
174.7788960000000031
21
-114.277126999999993
0
LINE
8
BLACK
6
CONTINUOUS
10
174.7788960000000031
20
-114.277126999999993
11
174.8649999999999807
21
-114.2599999999999909
0
LINE
8
BLACK
6
CONTINUOUS
10
174.8649999999999807
20
-114.2599999999999909
11
184.414999999999992
21
-114.2599999999999909
0
LINE
8
BLACK
6
CONTINUOUS
10
184.414999999999992
20
-114.2599999999999909
11
184.501103999999998
21
-114.277126999999993
0
LINE
8
BLACK
6
CONTINUOUS
10
47.6782289999999946
20
-113.9125529999999884
11
47.8231180000000009
21
-113.9725679999999954
0
LINE
8
BLACK
6
CONTINUOUS
10
47.8231180000000009
20
-113.9725679999999954
11
47.9535160000000005
21
-114.0596969999999999
0
LINE
8
BLACK
6
CONTINUOUS
10
47.9535160000000005
20
-114.0596969999999999
11
48.0644089999999977
21
-114.17058999999999
0
LINE
8
BLACK
6
CONTINUOUS
10
48.0644089999999977
20
-114.17058999999999
11
48.1515379999999951
21
-114.3009879999999896
0
LINE
8
BLACK
6
CONTINUOUS
10
48.1515379999999951
20
-114.3009879999999896
11
48.211552999999995
21
-114.4458769999999959
0
LINE
8
BLACK
6
CONTINUOUS
10
48.211552999999995
20
-114.4458769999999959
11
48.2421489999999977
21
-114.5996909999999929
0
LINE
8
BLACK
6
CONTINUOUS
10
48.2421489999999977
20
-114.5996909999999929
11
48.2421489999999977
21
-114.7565189999999973
0
LINE
8
BLACK
6
CONTINUOUS
10
48.2421489999999977
20
-114.7565189999999973
11
48.211552999999995
21
-114.9103329999999943
0
LINE
8
BLACK
6
CONTINUOUS
10
48.211552999999995
20
-114.9103329999999943
11
48.1515379999999951
21
-115.0552220000000005
0
LINE
8
BLACK
6
CONTINUOUS
10
48.1515379999999951
20
-115.0552220000000005
11
48.0644089999999977
21
-115.1856200000000001
0
LINE
8
BLACK
6
CONTINUOUS
10
48.0644089999999977
20
-115.1856200000000001
11
47.9535160000000005
21
-115.2965129999999903
0
LINE
8
BLACK
6
CONTINUOUS
10
47.9535160000000005
20
-115.2965129999999903
11
47.8231180000000009
21
-115.3836419999999947
0
LINE
8
BLACK
6
CONTINUOUS
10
47.8231180000000009
20
-115.3836419999999947
11
47.6782289999999946
21
-115.4436570000000017
0
LINE
8
BLACK
6
CONTINUOUS
10
47.6782289999999946
20
-115.4436570000000017
11
47.5244149999999976
21
-115.4742529999999903
0
LINE
8
BLACK
6
CONTINUOUS
10
47.5244149999999976
20
-115.4742529999999903
11
47.3675870000000003
21
-115.4742529999999903
0
LINE
8
BLACK
6
CONTINUOUS
10
47.3675870000000003
20
-115.4742529999999903
11
47.2137729999999962
21
-115.4436570000000017
0
LINE
8
BLACK
6
CONTINUOUS
10
47.2137729999999962
20
-115.4436570000000017
11
47.0688839999999971
21
-115.3836419999999947
0
LINE
8
BLACK
6
CONTINUOUS
10
47.0688839999999971
20
-115.3836419999999947
11
46.9384859999999975
21
-115.2965129999999903
0
LINE
8
BLACK
6
CONTINUOUS
10
46.9384859999999975
20
-115.2965129999999903
11
46.8275930000000002
21
-115.1856200000000001
0
LINE
8
BLACK
6
CONTINUOUS
10
46.8275930000000002
20
-115.1856200000000001
11
46.7404639999999958
21
-115.0552220000000005
0
LINE
8
BLACK
6
CONTINUOUS
10
46.7404639999999958
20
-115.0552220000000005
11
46.6804489999999959
21
-114.9103329999999943
0
LINE
8
BLACK
6
CONTINUOUS
10
46.6804489999999959
20
-114.9103329999999943
11
46.6498530000000002
21
-114.7565189999999973
0
LINE
8
BLACK
6
CONTINUOUS
10
46.6498530000000002
20
-114.7565189999999973
11
46.6498530000000002
21
-114.5996909999999929
0
LINE
8
BLACK
6
CONTINUOUS
10
46.6498530000000002
20
-114.5996909999999929
11
46.6804489999999959
21
-114.4458769999999959
0
LINE
8
BLACK
6
CONTINUOUS
10
46.6804489999999959
20
-114.4458769999999959
11
46.7404639999999958
21
-114.3009879999999896
0
LINE
8
BLACK
6
CONTINUOUS
10
46.7404639999999958
20
-114.3009879999999896
11
46.8275930000000002
21
-114.17058999999999
0
LINE
8
BLACK
6
CONTINUOUS
10
46.8275930000000002
20
-114.17058999999999
11
46.9384859999999975
21
-114.0596969999999999
0
LINE
8
BLACK
6
CONTINUOUS
10
46.9384859999999975
20
-114.0596969999999999
11
47.0688839999999971
21
-113.9725679999999954
0
LINE
8
BLACK
6
CONTINUOUS
10
47.0688839999999971
20
-113.9725679999999954
11
47.2137729999999962
21
-113.9125529999999884
0
LINE
8
BLACK
6
CONTINUOUS
10
47.2137729999999962
20
-113.9125529999999884
11
47.3675870000000003
21
-113.8819569999999999
0
LINE
8
BLACK
6
CONTINUOUS
10
47.3675870000000003
20
-113.8819569999999999
11
47.5244149999999976
21
-113.8819569999999999
0
LINE
8
BLACK
6
CONTINUOUS
10
47.5244149999999976
20
-113.8819569999999999
11
47.6782289999999946
21
-113.9125529999999884
0
LINE
8
BLACK
6
CONTINUOUS
10
59.1932279999999977
20
-111.7044479999999993
11
59.3381169999999969
21
-111.7644629999999921
0
LINE
8
BLACK
6
CONTINUOUS
10
59.3381169999999969
20
-111.7644629999999921
11
59.4685149999999965
21
-111.8515919999999966
0
LINE
8
BLACK
6
CONTINUOUS
10
59.4685149999999965
20
-111.8515919999999966
11
59.5794080000000008
21
-111.9624850000000009
0
LINE
8
BLACK
6
CONTINUOUS
10
59.5794080000000008
20
-111.9624850000000009
11
59.6665369999999982
21
-112.0928830000000005
0
LINE
8
BLACK
6
CONTINUOUS
10
59.6665369999999982
20
-112.0928830000000005
11
59.7265519999999981
21
-112.2377719999999925
0
LINE
8
BLACK
6
CONTINUOUS
10
59.7265519999999981
20
-112.2377719999999925
11
59.7571480000000008
21
-112.3915859999999896
0
LINE
8
BLACK
6
CONTINUOUS
10
59.7571480000000008
20
-112.3915859999999896
11
59.7571480000000008
21
-112.548413999999994
0
LINE
8
BLACK
6
CONTINUOUS
10
59.7571480000000008
20
-112.548413999999994
11
59.7265519999999981
21
-112.702227999999991
0
LINE
8
BLACK
6
CONTINUOUS
10
59.7265519999999981
20
-112.702227999999991
11
59.6665369999999982
21
-112.8471169999999972
0
LINE
8
BLACK
6
CONTINUOUS
10
59.6665369999999982
20
-112.8471169999999972
11
59.5794080000000008
21
-112.9775149999999968
0
LINE
8
BLACK
6
CONTINUOUS
10
59.5794080000000008
20
-112.9775149999999968
11
59.4685149999999965
21
-113.0884080000000012
0
LINE
8
BLACK
6
CONTINUOUS
10
59.4685149999999965
20
-113.0884080000000012
11
59.3381169999999969
21
-113.1755369999999914
0
LINE
8
BLACK
6
CONTINUOUS
10
59.3381169999999969
20
-113.1755369999999914
11
59.1932279999999977
21
-113.2355519999999984
0
LINE
8
BLACK
6
CONTINUOUS
10
59.1932279999999977
20
-113.2355519999999984
11
59.0394140000000007
21
-113.2661480000000012
0
LINE
8
BLACK
6
CONTINUOUS
10
59.0394140000000007
20
-113.2661480000000012
11
58.8825859999999963
21
-113.2661480000000012
0
LINE
8
BLACK
6
CONTINUOUS
10
58.8825859999999963
20
-113.2661480000000012
11
58.7287719999999993
21
-113.2355519999999984
0
LINE
8
BLACK
6
CONTINUOUS
10
58.7287719999999993
20
-113.2355519999999984
11
58.5838830000000002
21
-113.1755369999999914
0
LINE
8
BLACK
6
CONTINUOUS
10
58.5838830000000002
20
-113.1755369999999914
11
58.4534850000000006
21
-113.0884080000000012
0
LINE
8
BLACK
6
CONTINUOUS
10
58.4534850000000006
20
-113.0884080000000012
11
58.3425919999999962
21
-112.9775149999999968
0
LINE
8
BLACK
6
CONTINUOUS
10
58.3425919999999962
20
-112.9775149999999968
11
58.2554629999999989
21
-112.8471169999999972
0
LINE
8
BLACK
6
CONTINUOUS
10
58.2554629999999989
20
-112.8471169999999972
11
58.195447999999999
21
-112.702227999999991
0
LINE
8
BLACK
6
CONTINUOUS
10
58.195447999999999
20
-112.702227999999991
11
58.1648519999999962
21
-112.548413999999994
0
LINE
8
BLACK
6
CONTINUOUS
10
58.1648519999999962
20
-112.548413999999994
11
58.1648519999999962
21
-112.3915859999999896
0
LINE
8
BLACK
6
CONTINUOUS
10
58.1648519999999962
20
-112.3915859999999896
11
58.195447999999999
21
-112.2377719999999925
0
LINE
8
BLACK
6
CONTINUOUS
10
58.195447999999999
20
-112.2377719999999925
11
58.2554629999999989
21
-112.0928830000000005
0
LINE
8
BLACK
6
CONTINUOUS
10
58.2554629999999989
20
-112.0928830000000005
11
58.3425919999999962
21
-111.9624850000000009
0
LINE
8
BLACK
6
CONTINUOUS
10
58.3425919999999962
20
-111.9624850000000009
11
58.4534850000000006
21
-111.8515919999999966
0
LINE
8
BLACK
6
CONTINUOUS
10
58.4534850000000006
20
-111.8515919999999966
11
58.5838830000000002
21
-111.7644629999999921
0
LINE
8
BLACK
6
CONTINUOUS
10
58.5838830000000002
20
-111.7644629999999921
11
58.7287719999999993
21
-111.7044479999999993
0
LINE
8
BLACK
6
CONTINUOUS
10
58.7287719999999993
20
-111.7044479999999993
11
58.8825859999999963
21
-111.6738519999999966
0
LINE
8
BLACK
6
CONTINUOUS
10
58.8825859999999963
20
-111.6738519999999966
11
59.0394140000000007
21
-111.6738519999999966
0
LINE
8
BLACK
6
CONTINUOUS
10
59.0394140000000007
20
-111.6738519999999966
11
59.1932279999999977
21
-111.7044479999999993
0
LINE
8
BLACK
6
CONTINUOUS
10
75.6811039999999906
20
-111.737127000000001
11
75.7540989999999965
21
-111.7859009999999955
0
LINE
8
BLACK
6
CONTINUOUS
10
75.7540989999999965
20
-111.7859009999999955
11
75.8028729999999911
21
-111.8588960000000014
0
LINE
8
BLACK
6
CONTINUOUS
10
75.8028729999999911
20
-111.8588960000000014
11
75.8199999999999932
21
-111.9449999999999932
0
LINE
8
BLACK
6
CONTINUOUS
10
75.8199999999999932
20
-111.9449999999999932
11
75.8199999999999932
21
-112.9949999999999903
0
LINE
8
BLACK
6
CONTINUOUS
10
75.8199999999999932
20
-112.9949999999999903
11
75.8028729999999911
21
-113.0811039999999963
0
LINE
8
BLACK
6
CONTINUOUS
10
75.8028729999999911
20
-113.0811039999999963
11
75.7540989999999965
21
-113.154098999999988
0
LINE
8
BLACK
6
CONTINUOUS
10
75.7540989999999965
20
-113.154098999999988
11
75.6811039999999906
21
-113.2028729999999968
0
LINE
8
BLACK
6
CONTINUOUS
10
75.6811039999999906
20
-113.2028729999999968
11
75.5949999999999989
21
-113.2199999999999989
0
LINE
8
BLACK
6
CONTINUOUS
10
75.5949999999999989
20
-113.2199999999999989
11
66.0450000000000017
21
-113.2199999999999989
0
LINE
8
BLACK
6
CONTINUOUS
10
66.0450000000000017
20
-113.2199999999999989
11
65.9588959999999958
21
-113.2028729999999968
0
LINE
8
BLACK
6
CONTINUOUS
10
65.9588959999999958
20
-113.2028729999999968
11
65.885901000000004
21
-113.154098999999988
0
LINE
8
BLACK
6
CONTINUOUS
10
65.885901000000004
20
-113.154098999999988
11
65.8371269999999953
21
-113.0811039999999963
0
LINE
8
BLACK
6
CONTINUOUS
10
65.8371269999999953
20
-113.0811039999999963
11
65.8199999999999932
21
-112.9949999999999903
0
LINE
8
BLACK
6
CONTINUOUS
10
65.8199999999999932
20
-112.9949999999999903
11
65.8199999999999932
21
-111.9449999999999932
0
LINE
8
BLACK
6
CONTINUOUS
10
65.8199999999999932
20
-111.9449999999999932
11
65.8371269999999953
21
-111.8588960000000014
0
LINE
8
BLACK
6
CONTINUOUS
10
65.8371269999999953
20
-111.8588960000000014
11
65.885901000000004
21
-111.7859009999999955
0
LINE
8
BLACK
6
CONTINUOUS
10
65.885901000000004
20
-111.7859009999999955
11
65.9588959999999958
21
-111.737127000000001
0
LINE
8
BLACK
6
CONTINUOUS
10
65.9588959999999958
20
-111.737127000000001
11
66.0450000000000017
21
-111.7199999999999989
0
LINE
8
BLACK
6
CONTINUOUS
10
66.0450000000000017
20
-111.7199999999999989
11
75.5949999999999989
21
-111.7199999999999989
0
LINE
8
BLACK
6
CONTINUOUS
10
75.5949999999999989
20
-111.7199999999999989
11
75.6811039999999906
21
-111.737127000000001
0
LINE
8
BLACK
6
CONTINUOUS
10
105.6811039999999906
20
-111.737127000000001
11
105.7540989999999965
21
-111.7859009999999955
0
LINE
8
BLACK
6
CONTINUOUS
10
105.7540989999999965
20
-111.7859009999999955
11
105.8028729999999911
21
-111.8588960000000014
0
LINE
8
BLACK
6
CONTINUOUS
10
105.8028729999999911
20
-111.8588960000000014
11
105.8199999999999932
21
-111.9449999999999932
0
LINE
8
BLACK
6
CONTINUOUS
10
105.8199999999999932
20
-111.9449999999999932
11
105.8199999999999932
21
-112.9949999999999903
0
LINE
8
BLACK
6
CONTINUOUS
10
105.8199999999999932
20
-112.9949999999999903
11
105.8028729999999911
21
-113.0811039999999963
0
LINE
8
BLACK
6
CONTINUOUS
10
105.8028729999999911
20
-113.0811039999999963
11
105.7540989999999965
21
-113.154098999999988
0
LINE
8
BLACK
6
CONTINUOUS
10
105.7540989999999965
20
-113.154098999999988
11
105.6811039999999906
21
-113.2028729999999968
0
LINE
8
BLACK
6
CONTINUOUS
10
105.6811039999999906
20
-113.2028729999999968
11
105.5949999999999989
21
-113.2199999999999989
0
LINE
8
BLACK
6
CONTINUOUS
10
105.5949999999999989
20
-113.2199999999999989
11
96.0450000000000017
21
-113.2199999999999989
0
LINE
8
BLACK
6
CONTINUOUS
10
96.0450000000000017
20
-113.2199999999999989
11
95.9588959999999958
21
-113.2028729999999968
0
LINE
8
BLACK
6
CONTINUOUS
10
95.9588959999999958
20
-113.2028729999999968
11
95.8859009999999898
21
-113.154098999999988
0
LINE
8
BLACK
6
CONTINUOUS
10
95.8859009999999898
20
-113.154098999999988
11
95.8371269999999953
21
-113.0811039999999963
0
LINE
8
BLACK
6
CONTINUOUS
10
95.8371269999999953
20
-113.0811039999999963
11
95.8199999999999932
21
-112.9949999999999903
0
LINE
8
BLACK
6
CONTINUOUS
10
95.8199999999999932
20
-112.9949999999999903
11
95.8199999999999932
21
-111.9449999999999932
0
LINE
8
BLACK
6
CONTINUOUS
10
95.8199999999999932
20
-111.9449999999999932
11
95.8371269999999953
21
-111.8588960000000014
0
LINE
8
BLACK
6
CONTINUOUS
10
95.8371269999999953
20
-111.8588960000000014
11
95.8859009999999898
21
-111.7859009999999955
0
LINE
8
BLACK
6
CONTINUOUS
10
95.8859009999999898
20
-111.7859009999999955
11
95.9588959999999958
21
-111.737127000000001
0
LINE
8
BLACK
6
CONTINUOUS
10
95.9588959999999958
20
-111.737127000000001
11
96.0450000000000017
21
-111.7199999999999989
0
LINE
8
BLACK
6
CONTINUOUS
10
96.0450000000000017
20
-111.7199999999999989
11
105.5949999999999989
21
-111.7199999999999989
0
LINE
8
BLACK
6
CONTINUOUS
10
105.5949999999999989
20
-111.7199999999999989
11
105.6811039999999906
21
-111.737127000000001
0
LINE
8
BLACK
6
CONTINUOUS
10
154.501103999999998
20
-111.737127000000001
11
154.5740989999999897
21
-111.7859009999999955
0
LINE
8
BLACK
6
CONTINUOUS
10
154.5740989999999897
20
-111.7859009999999955
11
154.6228729999999985
21
-111.8588960000000014
0
LINE
8
BLACK
6
CONTINUOUS
10
154.6228729999999985
20
-111.8588960000000014
11
154.6399999999999864
21
-111.9449999999999932
0
LINE
8
BLACK
6
CONTINUOUS
10
154.6399999999999864
20
-111.9449999999999932
11
154.6399999999999864
21
-112.9949999999999903
0
LINE
8
BLACK
6
CONTINUOUS
10
154.6399999999999864
20
-112.9949999999999903
11
154.6228729999999985
21
-113.0811039999999963
0
LINE
8
BLACK
6
CONTINUOUS
10
154.6228729999999985
20
-113.0811039999999963
11
154.5740989999999897
21
-113.154098999999988
0
LINE
8
BLACK
6
CONTINUOUS
10
154.5740989999999897
20
-113.154098999999988
11
154.501103999999998
21
-113.2028729999999968
0
LINE
8
BLACK
6
CONTINUOUS
10
154.501103999999998
20
-113.2028729999999968
11
154.414999999999992
21
-113.2199999999999989
0
LINE
8
BLACK
6
CONTINUOUS
10
154.414999999999992
20
-113.2199999999999989
11
144.8649999999999807
21
-113.2199999999999989
0
LINE
8
BLACK
6
CONTINUOUS
10
144.8649999999999807
20
-113.2199999999999989
11
144.7788960000000031
21
-113.2028729999999968
0
LINE
8
BLACK
6
CONTINUOUS
10
144.7788960000000031
20
-113.2028729999999968
11
144.705900999999983
21
-113.154098999999988
0
LINE
8
BLACK
6
CONTINUOUS
10
144.705900999999983
20
-113.154098999999988
11
144.6571270000000027
21
-113.0811039999999963
0
LINE
8
BLACK
6
CONTINUOUS
10
144.6571270000000027
20
-113.0811039999999963
11
144.6399999999999864
21
-112.9949999999999903
0
LINE
8
BLACK
6
CONTINUOUS
10
144.6399999999999864
20
-112.9949999999999903
11
144.6399999999999864
21
-111.9449999999999932
0
LINE
8
BLACK
6
CONTINUOUS
10
144.6399999999999864
20
-111.9449999999999932
11
144.6571270000000027
21
-111.8588960000000014
0
LINE
8
BLACK
6
CONTINUOUS
10
144.6571270000000027
20
-111.8588960000000014
11
144.705900999999983
21
-111.7859009999999955
0
LINE
8
BLACK
6
CONTINUOUS
10
144.705900999999983
20
-111.7859009999999955
11
144.7788960000000031
21
-111.737127000000001
0
LINE
8
BLACK
6
CONTINUOUS
10
144.7788960000000031
20
-111.737127000000001
11
144.8649999999999807
21
-111.7199999999999989
0
LINE
8
BLACK
6
CONTINUOUS
10
144.8649999999999807
20
-111.7199999999999989
11
154.414999999999992
21
-111.7199999999999989
0
LINE
8
BLACK
6
CONTINUOUS
10
154.414999999999992
20
-111.7199999999999989
11
154.501103999999998
21
-111.737127000000001
0
LINE
8
BLACK
6
CONTINUOUS
10
184.501103999999998
20
-111.737127000000001
11
184.5740989999999897
21
-111.7859009999999955
0
LINE
8
BLACK
6
CONTINUOUS
10
184.5740989999999897
20
-111.7859009999999955
11
184.6228729999999985
21
-111.8588960000000014
0
LINE
8
BLACK
6
CONTINUOUS
10
184.6228729999999985
20
-111.8588960000000014
11
184.6399999999999864
21
-111.9449999999999932
0
LINE
8
BLACK
6
CONTINUOUS
10
184.6399999999999864
20
-111.9449999999999932
11
184.6399999999999864
21
-112.9949999999999903
0
LINE
8
BLACK
6
CONTINUOUS
10
184.6399999999999864
20
-112.9949999999999903
11
184.6228729999999985
21
-113.0811039999999963
0
LINE
8
BLACK
6
CONTINUOUS
10
184.6228729999999985
20
-113.0811039999999963
11
184.5740989999999897
21
-113.154098999999988
0
LINE
8
BLACK
6
CONTINUOUS
10
184.5740989999999897
20
-113.154098999999988
11
184.501103999999998
21
-113.2028729999999968
0
LINE
8
BLACK
6
CONTINUOUS
10
184.501103999999998
20
-113.2028729999999968
11
184.414999999999992
21
-113.2199999999999989
0
LINE
8
BLACK
6
CONTINUOUS
10
184.414999999999992
20
-113.2199999999999989
11
174.8649999999999807
21
-113.2199999999999989
0
LINE
8
BLACK
6
CONTINUOUS
10
174.8649999999999807
20
-113.2199999999999989
11
174.7788960000000031
21
-113.2028729999999968
0
LINE
8
BLACK
6
CONTINUOUS
10
174.7788960000000031
20
-113.2028729999999968
11
174.705900999999983
21
-113.154098999999988
0
LINE
8
BLACK
6
CONTINUOUS
10
174.705900999999983
20
-113.154098999999988
11
174.6571270000000027
21
-113.0811039999999963
0
LINE
8
BLACK
6
CONTINUOUS
10
174.6571270000000027
20
-113.0811039999999963
11
174.6399999999999864
21
-112.9949999999999903
0
LINE
8
BLACK
6
CONTINUOUS
10
174.6399999999999864
20
-112.9949999999999903
11
174.6399999999999864
21
-111.9449999999999932
0
LINE
8
BLACK
6
CONTINUOUS
10
174.6399999999999864
20
-111.9449999999999932
11
174.6571270000000027
21
-111.8588960000000014
0
LINE
8
BLACK
6
CONTINUOUS
10
174.6571270000000027
20
-111.8588960000000014
11
174.705900999999983
21
-111.7859009999999955
0
LINE
8
BLACK
6
CONTINUOUS
10
174.705900999999983
20
-111.7859009999999955
11
174.7788960000000031
21
-111.737127000000001
0
LINE
8
BLACK
6
CONTINUOUS
10
174.7788960000000031
20
-111.737127000000001
11
174.8649999999999807
21
-111.7199999999999989
0
LINE
8
BLACK
6
CONTINUOUS
10
174.8649999999999807
20
-111.7199999999999989
11
184.414999999999992
21
-111.7199999999999989
0
LINE
8
BLACK
6
CONTINUOUS
10
184.414999999999992
20
-111.7199999999999989
11
184.501103999999998
21
-111.737127000000001
0
LINE
8
BLACK
6
CONTINUOUS
10
59.1832279999999997
20
-109.164447999999993
11
59.3281169999999989
21
-109.2244630000000001
0
LINE
8
BLACK
6
CONTINUOUS
10
59.3281169999999989
20
-109.2244630000000001
11
59.4585149999999985
21
-109.3115919999999903
0
LINE
8
BLACK
6
CONTINUOUS
10
59.4585149999999985
20
-109.3115919999999903
11
59.5694079999999957
21
-109.4224849999999947
0
LINE
8
BLACK
6
CONTINUOUS
10
59.5694079999999957
20
-109.4224849999999947
11
59.6565370000000001
21
-109.5528829999999942
0
LINE
8
BLACK
6
CONTINUOUS
10
59.6565370000000001
20
-109.5528829999999942
11
59.7165520000000001
21
-109.6977720000000005
0
LINE
8
BLACK
6
CONTINUOUS
10
59.7165520000000001
20
-109.6977720000000005
11
59.7471479999999957
21
-109.8515859999999975
0
LINE
8
BLACK
6
CONTINUOUS
10
59.7471479999999957
20
-109.8515859999999975
11
59.7471479999999957
21
-110.0084140000000019
0
LINE
8
BLACK
6
CONTINUOUS
10
59.7471479999999957
20
-110.0084140000000019
11
59.7165520000000001
21
-110.1622279999999989
0
LINE
8
BLACK
6
CONTINUOUS
10
59.7165520000000001
20
-110.1622279999999989
11
59.6565370000000001
21
-110.307116999999991
0
LINE
8
BLACK
6
CONTINUOUS
10
59.6565370000000001
20
-110.307116999999991
11
59.5694079999999957
21
-110.4375149999999906
0
LINE
8
BLACK
6
CONTINUOUS
10
59.5694079999999957
20
-110.4375149999999906
11
59.4585149999999985
21
-110.5484079999999949
0
LINE
8
BLACK
6
CONTINUOUS
10
59.4585149999999985
20
-110.5484079999999949
11
59.3281169999999989
21
-110.6355369999999994
0
LINE
8
BLACK
6
CONTINUOUS
10
59.3281169999999989
20
-110.6355369999999994
11
59.1832279999999997
21
-110.6955519999999922
0
LINE
8
BLACK
6
CONTINUOUS
10
59.1832279999999997
20
-110.6955519999999922
11
59.0294139999999956
21
-110.7261479999999949
0
LINE
8
BLACK
6
CONTINUOUS
10
59.0294139999999956
20
-110.7261479999999949
11
58.8725859999999983
21
-110.7261479999999949
0
LINE
8
BLACK
6
CONTINUOUS
10
58.8725859999999983
20
-110.7261479999999949
11
58.7187719999999942
21
-110.6955519999999922
0
LINE
8
BLACK
6
CONTINUOUS
10
58.7187719999999942
20
-110.6955519999999922
11
58.573882999999995
21
-110.6355369999999994
0
LINE
8
BLACK
6
CONTINUOUS
10
58.573882999999995
20
-110.6355369999999994
11
58.4434849999999955
21
-110.5484079999999949
0
LINE
8
BLACK
6
CONTINUOUS
10
58.4434849999999955
20
-110.5484079999999949
11
58.3325919999999982
21
-110.4375149999999906
0
LINE
8
BLACK
6
CONTINUOUS
10
58.3325919999999982
20
-110.4375149999999906
11
58.2454630000000009
21
-110.307116999999991
0
LINE
8
BLACK
6
CONTINUOUS
10
58.2454630000000009
20
-110.307116999999991
11
58.1854479999999938
21
-110.1622279999999989
0
LINE
8
BLACK
6
CONTINUOUS
10
58.1854479999999938
20
-110.1622279999999989
11
58.1548519999999982
21
-110.0084140000000019
0
LINE
8
BLACK
6
CONTINUOUS
10
58.1548519999999982
20
-110.0084140000000019
11
58.1548519999999982
21
-109.8515859999999975
0
LINE
8
BLACK
6
CONTINUOUS
10
58.1548519999999982
20
-109.8515859999999975
11
58.1854479999999938
21
-109.6977720000000005
0
LINE
8
BLACK
6
CONTINUOUS
10
58.1854479999999938
20
-109.6977720000000005
11
58.2454630000000009
21
-109.5528829999999942
0
LINE
8
BLACK
6
CONTINUOUS
10
58.2454630000000009
20
-109.5528829999999942
11
58.3325919999999982
21
-109.4224849999999947
0
LINE
8
BLACK
6
CONTINUOUS
10
58.3325919999999982
20
-109.4224849999999947
11
58.4434849999999955
21
-109.3115919999999903
0
LINE
8
BLACK
6
CONTINUOUS
10
58.4434849999999955
20
-109.3115919999999903
11
58.573882999999995
21
-109.2244630000000001
0
LINE
8
BLACK
6
CONTINUOUS
10
58.573882999999995
20
-109.2244630000000001
11
58.7187719999999942
21
-109.164447999999993
0
LINE
8
BLACK
6
CONTINUOUS
10
58.7187719999999942
20
-109.164447999999993
11
58.8725859999999983
21
-109.1338519999999903
0
LINE
8
BLACK
6
CONTINUOUS
10
58.8725859999999983
20
-109.1338519999999903
11
59.0294139999999956
21
-109.1338519999999903
0
LINE
8
BLACK
6
CONTINUOUS
10
59.0294139999999956
20
-109.1338519999999903
11
59.1832279999999997
21
-109.164447999999993
0
LINE
8
BLACK
6
CONTINUOUS
10
75.6811039999999906
20
-109.1971269999999947
11
75.7540989999999965
21
-109.2459009999999893
0
LINE
8
BLACK
6
CONTINUOUS
10
75.7540989999999965
20
-109.2459009999999893
11
75.8028729999999911
21
-109.3188959999999952
0
LINE
8
BLACK
6
CONTINUOUS
10
75.8028729999999911
20
-109.3188959999999952
11
75.8199999999999932
21
-109.4050000000000011
0
LINE
8
BLACK
6
CONTINUOUS
10
75.8199999999999932
20
-109.4050000000000011
11
75.8199999999999932
21
-110.4549999999999983
0
LINE
8
BLACK
6
CONTINUOUS
10
75.8199999999999932
20
-110.4549999999999983
11
75.8028729999999911
21
-110.54110399999999
0
LINE
8
BLACK
6
CONTINUOUS
10
75.8028729999999911
20
-110.54110399999999
11
75.7540989999999965
21
-110.614098999999996
0
LINE
8
BLACK
6
CONTINUOUS
10
75.7540989999999965
20
-110.614098999999996
11
75.6811039999999906
21
-110.6628729999999905
0
LINE
8
BLACK
6
CONTINUOUS
10
75.6811039999999906
20
-110.6628729999999905
11
75.5949999999999989
21
-110.6799999999999926
0
LINE
8
BLACK
6
CONTINUOUS
10
75.5949999999999989
20
-110.6799999999999926
11
66.0450000000000017
21
-110.6799999999999926
0
LINE
8
BLACK
6
CONTINUOUS
10
66.0450000000000017
20
-110.6799999999999926
11
65.9588959999999958
21
-110.6628729999999905
0
LINE
8
BLACK
6
CONTINUOUS
10
65.9588959999999958
20
-110.6628729999999905
11
65.885901000000004
21
-110.614098999999996
0
LINE
8
BLACK
6
CONTINUOUS
10
65.885901000000004
20
-110.614098999999996
11
65.8371269999999953
21
-110.54110399999999
0
LINE
8
BLACK
6
CONTINUOUS
10
65.8371269999999953
20
-110.54110399999999
11
65.8199999999999932
21
-110.4549999999999983
0
LINE
8
BLACK
6
CONTINUOUS
10
65.8199999999999932
20
-110.4549999999999983
11
65.8199999999999932
21
-109.4050000000000011
0
LINE
8
BLACK
6
CONTINUOUS
10
65.8199999999999932
20
-109.4050000000000011
11
65.8371269999999953
21
-109.3188959999999952
0
LINE
8
BLACK
6
CONTINUOUS
10
65.8371269999999953
20
-109.3188959999999952
11
65.885901000000004
21
-109.2459009999999893
0
LINE
8
BLACK
6
CONTINUOUS
10
65.885901000000004
20
-109.2459009999999893
11
65.9588959999999958
21
-109.1971269999999947
0
LINE
8
BLACK
6
CONTINUOUS
10
65.9588959999999958
20
-109.1971269999999947
11
66.0450000000000017
21
-109.1799999999999926
0
LINE
8
BLACK
6
CONTINUOUS
10
66.0450000000000017
20
-109.1799999999999926
11
75.5949999999999989
21
-109.1799999999999926
0
LINE
8
BLACK
6
CONTINUOUS
10
75.5949999999999989
20
-109.1799999999999926
11
75.6811039999999906
21
-109.1971269999999947
0
LINE
8
BLACK
6
CONTINUOUS
10
105.6811039999999906
20
-109.1971269999999947
11
105.7540989999999965
21
-109.2459009999999893
0
LINE
8
BLACK
6
CONTINUOUS
10
105.7540989999999965
20
-109.2459009999999893
11
105.8028729999999911
21
-109.3188959999999952
0
LINE
8
BLACK
6
CONTINUOUS
10
105.8028729999999911
20
-109.3188959999999952
11
105.8199999999999932
21
-109.4050000000000011
0
LINE
8
BLACK
6
CONTINUOUS
10
105.8199999999999932
20
-109.4050000000000011
11
105.8199999999999932
21
-110.4549999999999983
0
LINE
8
BLACK
6
CONTINUOUS
10
105.8199999999999932
20
-110.4549999999999983
11
105.8028729999999911
21
-110.54110399999999
0
LINE
8
BLACK
6
CONTINUOUS
10
105.8028729999999911
20
-110.54110399999999
11
105.7540989999999965
21
-110.614098999999996
0
LINE
8
BLACK
6
CONTINUOUS
10
105.7540989999999965
20
-110.614098999999996
11
105.6811039999999906
21
-110.6628729999999905
0
LINE
8
BLACK
6
CONTINUOUS
10
105.6811039999999906
20
-110.6628729999999905
11
105.5949999999999989
21
-110.6799999999999926
0
LINE
8
BLACK
6
CONTINUOUS
10
105.5949999999999989
20
-110.6799999999999926
11
96.0450000000000017
21
-110.6799999999999926
0
LINE
8
BLACK
6
CONTINUOUS
10
96.0450000000000017
20
-110.6799999999999926
11
95.9588959999999958
21
-110.6628729999999905
0
LINE
8
BLACK
6
CONTINUOUS
10
95.9588959999999958
20
-110.6628729999999905
11
95.8859009999999898
21
-110.614098999999996
0
LINE
8
BLACK
6
CONTINUOUS
10
95.8859009999999898
20
-110.614098999999996
11
95.8371269999999953
21
-110.54110399999999
0
LINE
8
BLACK
6
CONTINUOUS
10
95.8371269999999953
20
-110.54110399999999
11
95.8199999999999932
21
-110.4549999999999983
0
LINE
8
BLACK
6
CONTINUOUS
10
95.8199999999999932
20
-110.4549999999999983
11
95.8199999999999932
21
-109.4050000000000011
0
LINE
8
BLACK
6
CONTINUOUS
10
95.8199999999999932
20
-109.4050000000000011
11
95.8371269999999953
21
-109.3188959999999952
0
LINE
8
BLACK
6
CONTINUOUS
10
95.8371269999999953
20
-109.3188959999999952
11
95.8859009999999898
21
-109.2459009999999893
0
LINE
8
BLACK
6
CONTINUOUS
10
95.8859009999999898
20
-109.2459009999999893
11
95.9588959999999958
21
-109.1971269999999947
0
LINE
8
BLACK
6
CONTINUOUS
10
95.9588959999999958
20
-109.1971269999999947
11
96.0450000000000017
21
-109.1799999999999926
0
LINE
8
BLACK
6
CONTINUOUS
10
96.0450000000000017
20
-109.1799999999999926
11
105.5949999999999989
21
-109.1799999999999926
0
LINE
8
BLACK
6
CONTINUOUS
10
105.5949999999999989
20
-109.1799999999999926
11
105.6811039999999906
21
-109.1971269999999947
0
LINE
8
BLACK
6
CONTINUOUS
10
154.501103999999998
20
-109.1971269999999947
11
154.5740989999999897
21
-109.2459009999999893
0
LINE
8
BLACK
6
CONTINUOUS
10
154.5740989999999897
20
-109.2459009999999893
11
154.6228729999999985
21
-109.3188959999999952
0
LINE
8
BLACK
6
CONTINUOUS
10
154.6228729999999985
20
-109.3188959999999952
11
154.6399999999999864
21
-109.4050000000000011
0
LINE
8
BLACK
6
CONTINUOUS
10
154.6399999999999864
20
-109.4050000000000011
11
154.6399999999999864
21
-110.4549999999999983
0
LINE
8
BLACK
6
CONTINUOUS
10
154.6399999999999864
20
-110.4549999999999983
11
154.6228729999999985
21
-110.54110399999999
0
LINE
8
BLACK
6
CONTINUOUS
10
154.6228729999999985
20
-110.54110399999999
11
154.5740989999999897
21
-110.614098999999996
0
LINE
8
BLACK
6
CONTINUOUS
10
154.5740989999999897
20
-110.614098999999996
11
154.501103999999998
21
-110.6628729999999905
0
LINE
8
BLACK
6
CONTINUOUS
10
154.501103999999998
20
-110.6628729999999905
11
154.414999999999992
21
-110.6799999999999926
0
LINE
8
BLACK
6
CONTINUOUS
10
154.414999999999992
20
-110.6799999999999926
11
144.8649999999999807
21
-110.6799999999999926
0
LINE
8
BLACK
6
CONTINUOUS
10
144.8649999999999807
20
-110.6799999999999926
11
144.7788960000000031
21
-110.6628729999999905
0
LINE
8
BLACK
6
CONTINUOUS
10
144.7788960000000031
20
-110.6628729999999905
11
144.705900999999983
21
-110.614098999999996
0
LINE
8
BLACK
6
CONTINUOUS
10
144.705900999999983
20
-110.614098999999996
11
144.6571270000000027
21
-110.54110399999999
0
LINE
8
BLACK
6
CONTINUOUS
10
144.6571270000000027
20
-110.54110399999999
11
144.6399999999999864
21
-110.4549999999999983
0
LINE
8
BLACK
6
CONTINUOUS
10
144.6399999999999864
20
-110.4549999999999983
11
144.6399999999999864
21
-109.4050000000000011
0
LINE
8
BLACK
6
CONTINUOUS
10
144.6399999999999864
20
-109.4050000000000011
11
144.6571270000000027
21
-109.3188959999999952
0
LINE
8
BLACK
6
CONTINUOUS
10
144.6571270000000027
20
-109.3188959999999952
11
144.705900999999983
21
-109.2459009999999893
0
LINE
8
BLACK
6
CONTINUOUS
10
144.705900999999983
20
-109.2459009999999893
11
144.7788960000000031
21
-109.1971269999999947
0
LINE
8
BLACK
6
CONTINUOUS
10
144.7788960000000031
20
-109.1971269999999947
11
144.8649999999999807
21
-109.1799999999999926
0
LINE
8
BLACK
6
CONTINUOUS
10
144.8649999999999807
20
-109.1799999999999926
11
154.414999999999992
21
-109.1799999999999926
0
LINE
8
BLACK
6
CONTINUOUS
10
154.414999999999992
20
-109.1799999999999926
11
154.501103999999998
21
-109.1971269999999947
0
LINE
8
BLACK
6
CONTINUOUS
10
184.501103999999998
20
-109.1971269999999947
11
184.5740989999999897
21
-109.2459009999999893
0
LINE
8
BLACK
6
CONTINUOUS
10
184.5740989999999897
20
-109.2459009999999893
11
184.6228729999999985
21
-109.3188959999999952
0
LINE
8
BLACK
6
CONTINUOUS
10
184.6228729999999985
20
-109.3188959999999952
11
184.6399999999999864
21
-109.4050000000000011
0
LINE
8
BLACK
6
CONTINUOUS
10
184.6399999999999864
20
-109.4050000000000011
11
184.6399999999999864
21
-110.4549999999999983
0
LINE
8
BLACK
6
CONTINUOUS
10
184.6399999999999864
20
-110.4549999999999983
11
184.6228729999999985
21
-110.54110399999999
0
LINE
8
BLACK
6
CONTINUOUS
10
184.6228729999999985
20
-110.54110399999999
11
184.5740989999999897
21
-110.614098999999996
0
LINE
8
BLACK
6
CONTINUOUS
10
184.5740989999999897
20
-110.614098999999996
11
184.501103999999998
21
-110.6628729999999905
0
LINE
8
BLACK
6
CONTINUOUS
10
184.501103999999998
20
-110.6628729999999905
11
184.414999999999992
21
-110.6799999999999926
0
LINE
8
BLACK
6
CONTINUOUS
10
184.414999999999992
20
-110.6799999999999926
11
174.8649999999999807
21
-110.6799999999999926
0
LINE
8
BLACK
6
CONTINUOUS
10
174.8649999999999807
20
-110.6799999999999926
11
174.7788960000000031
21
-110.6628729999999905
0
LINE
8
BLACK
6
CONTINUOUS
10
174.7788960000000031
20
-110.6628729999999905
11
174.705900999999983
21
-110.614098999999996
0
LINE
8
BLACK
6
CONTINUOUS
10
174.705900999999983
20
-110.614098999999996
11
174.6571270000000027
21
-110.54110399999999
0
LINE
8
BLACK
6
CONTINUOUS
10
174.6571270000000027
20
-110.54110399999999
11
174.6399999999999864
21
-110.4549999999999983
0
LINE
8
BLACK
6
CONTINUOUS
10
174.6399999999999864
20
-110.4549999999999983
11
174.6399999999999864
21
-109.4050000000000011
0
LINE
8
BLACK
6
CONTINUOUS
10
174.6399999999999864
20
-109.4050000000000011
11
174.6571270000000027
21
-109.3188959999999952
0
LINE
8
BLACK
6
CONTINUOUS
10
174.6571270000000027
20
-109.3188959999999952
11
174.705900999999983
21
-109.2459009999999893
0
LINE
8
BLACK
6
CONTINUOUS
10
174.705900999999983
20
-109.2459009999999893
11
174.7788960000000031
21
-109.1971269999999947
0
LINE
8
BLACK
6
CONTINUOUS
10
174.7788960000000031
20
-109.1971269999999947
11
174.8649999999999807
21
-109.1799999999999926
0
LINE
8
BLACK
6
CONTINUOUS
10
174.8649999999999807
20
-109.1799999999999926
11
184.414999999999992
21
-109.1799999999999926
0
LINE
8
BLACK
6
CONTINUOUS
10
184.414999999999992
20
-109.1799999999999926
11
184.501103999999998
21
-109.1971269999999947
0
LINE
8
BLACK
6
CONTINUOUS
10
230.7011039999999866
20
-108.5771269999999902
11
230.7740989999999783
21
-108.6259009999999989
0
LINE
8
BLACK
6
CONTINUOUS
10
230.7740989999999783
20
-108.6259009999999989
11
230.8228729999999871
21
-108.6988959999999906
0
LINE
8
BLACK
6
CONTINUOUS
10
230.8228729999999871
20
-108.6988959999999906
11
230.8400000000000034
21
-108.7849999999999966
0
LINE
8
BLACK
6
CONTINUOUS
10
230.8400000000000034
20
-108.7849999999999966
11
230.8400000000000034
21
-109.8349999999999937
0
LINE
8
BLACK
6
CONTINUOUS
10
230.8400000000000034
20
-109.8349999999999937
11
230.8228729999999871
21
-109.9211039999999997
0
LINE
8
BLACK
6
CONTINUOUS
10
230.8228729999999871
20
-109.9211039999999997
11
230.7740989999999783
21
-109.9940989999999914
0
LINE
8
BLACK
6
CONTINUOUS
10
230.7740989999999783
20
-109.9940989999999914
11
230.7011039999999866
21
-110.0428730000000002
0
LINE
8
BLACK
6
CONTINUOUS
10
230.7011039999999866
20
-110.0428730000000002
11
230.6149999999999807
21
-110.0599999999999881
0
LINE
8
BLACK
6
CONTINUOUS
10
230.6149999999999807
20
-110.0599999999999881
11
221.0649999999999977
21
-110.0599999999999881
0
LINE
8
BLACK
6
CONTINUOUS
10
221.0649999999999977
20
-110.0599999999999881
11
220.9788959999999918
21
-110.0428730000000002
0
LINE
8
BLACK
6
CONTINUOUS
10
220.9788959999999918
20
-110.0428730000000002
11
220.9059010000000001
21
-109.9940989999999914
0
LINE
8
BLACK
6
CONTINUOUS
10
220.9059010000000001
20
-109.9940989999999914
11
220.8571269999999913
21
-109.9211039999999997
0
LINE
8
BLACK
6
CONTINUOUS
10
220.8571269999999913
20
-109.9211039999999997
11
220.8400000000000034
21
-109.8349999999999937
0
LINE
8
BLACK
6
CONTINUOUS
10
220.8400000000000034
20
-109.8349999999999937
11
220.8400000000000034
21
-108.7849999999999966
0
LINE
8
BLACK
6
CONTINUOUS
10
220.8400000000000034
20
-108.7849999999999966
11
220.8571269999999913
21
-108.6988959999999906
0
LINE
8
BLACK
6
CONTINUOUS
10
220.8571269999999913
20
-108.6988959999999906
11
220.9059010000000001
21
-108.6259009999999989
0
LINE
8
BLACK
6
CONTINUOUS
10
220.9059010000000001
20
-108.6259009999999989
11
220.9788959999999918
21
-108.5771269999999902
0
LINE
8
BLACK
6
CONTINUOUS
10
220.9788959999999918
20
-108.5771269999999902
11
221.0649999999999977
21
-108.5599999999999881
0
LINE
8
BLACK
6
CONTINUOUS
10
221.0649999999999977
20
-108.5599999999999881
11
230.6149999999999807
21
-108.5599999999999881
0
LINE
8
BLACK
6
CONTINUOUS
10
230.6149999999999807
20
-108.5599999999999881
11
230.7011039999999866
21
-108.5771269999999902
0
LINE
8
BLACK
6
CONTINUOUS
10
49.9792279999999991
20
-108.3574479999999909
11
50.1241169999999983
21
-108.4174629999999979
0
LINE
8
BLACK
6
CONTINUOUS
10
50.1241169999999983
20
-108.4174629999999979
11
50.2545149999999978
21
-108.5045919999999882
0
LINE
8
BLACK
6
CONTINUOUS
10
50.2545149999999978
20
-108.5045919999999882
11
50.3654079999999951
21
-108.6154849999999925
0
LINE
8
BLACK
6
CONTINUOUS
10
50.3654079999999951
20
-108.6154849999999925
11
50.4525369999999995
21
-108.7458829999999921
0
LINE
8
BLACK
6
CONTINUOUS
10
50.4525369999999995
20
-108.7458829999999921
11
50.5125519999999995
21
-108.8907719999999983
0
LINE
8
BLACK
6
CONTINUOUS
10
50.5125519999999995
20
-108.8907719999999983
11
50.5431479999999951
21
-109.0445859999999954
0
LINE
8
BLACK
6
CONTINUOUS
10
50.5431479999999951
20
-109.0445859999999954
11
50.5431479999999951
21
-109.2014139999999998
0
LINE
8
BLACK
6
CONTINUOUS
10
50.5431479999999951
20
-109.2014139999999998
11
50.5125519999999995
21
-109.3552279999999968
0
LINE
8
BLACK
6
CONTINUOUS
10
50.5125519999999995
20
-109.3552279999999968
11
50.4525369999999995
21
-109.5001169999999888
0
LINE
8
BLACK
6
CONTINUOUS
10
50.4525369999999995
20
-109.5001169999999888
11
50.3654079999999951
21
-109.6305149999999884
0
LINE
8
BLACK
6
CONTINUOUS
10
50.3654079999999951
20
-109.6305149999999884
11
50.2545149999999978
21
-109.7414079999999927
0
LINE
8
BLACK
6
CONTINUOUS
10
50.2545149999999978
20
-109.7414079999999927
11
50.1241169999999983
21
-109.8285369999999972
0
LINE
8
BLACK
6
CONTINUOUS
10
50.1241169999999983
20
-109.8285369999999972
11
49.9792279999999991
21
-109.88855199999999
0
LINE
8
BLACK
6
CONTINUOUS
10
49.9792279999999991
20
-109.88855199999999
11
49.825413999999995
21
-109.9191479999999927
0
LINE
8
BLACK
6
CONTINUOUS
10
49.825413999999995
20
-109.9191479999999927
11
49.6685859999999977
21
-109.9191479999999927
0
LINE
8
BLACK
6
CONTINUOUS
10
49.6685859999999977
20
-109.9191479999999927
11
49.5147720000000007
21
-109.88855199999999
0
LINE
8
BLACK
6
CONTINUOUS
10
49.5147720000000007
20
-109.88855199999999
11
49.3698829999999944
21
-109.8285369999999972
0
LINE
8
BLACK
6
CONTINUOUS
10
49.3698829999999944
20
-109.8285369999999972
11
49.2394849999999948
21
-109.7414079999999927
0
LINE
8
BLACK
6
CONTINUOUS
10
49.2394849999999948
20
-109.7414079999999927
11
49.1285919999999976
21
-109.6305149999999884
0
LINE
8
BLACK
6
CONTINUOUS
10
49.1285919999999976
20
-109.6305149999999884
11
49.0414630000000002
21
-109.5001169999999888
0
LINE
8
BLACK
6
CONTINUOUS
10
49.0414630000000002
20
-109.5001169999999888
11
48.9814480000000003
21
-109.3552279999999968
0
LINE
8
BLACK
6
CONTINUOUS
10
48.9814480000000003
20
-109.3552279999999968
11
48.9508519999999976
21
-109.2014139999999998
0
LINE
8
BLACK
6
CONTINUOUS
10
48.9508519999999976
20
-109.2014139999999998
11
48.9508519999999976
21
-109.0445859999999954
0
LINE
8
BLACK
6
CONTINUOUS
10
48.9508519999999976
20
-109.0445859999999954
11
48.9814480000000003
21
-108.8907719999999983
0
LINE
8
BLACK
6
CONTINUOUS
10
48.9814480000000003
20
-108.8907719999999983
11
49.0414630000000002
21
-108.7458829999999921
0
LINE
8
BLACK
6
CONTINUOUS
10
49.0414630000000002
20
-108.7458829999999921
11
49.1285919999999976
21
-108.6154849999999925
0
LINE
8
BLACK
6
CONTINUOUS
10
49.1285919999999976
20
-108.6154849999999925
11
49.2394849999999948
21
-108.5045919999999882
0
LINE
8
BLACK
6
CONTINUOUS
10
49.2394849999999948
20
-108.5045919999999882
11
49.3698829999999944
21
-108.4174629999999979
0
LINE
8
BLACK
6
CONTINUOUS
10
49.3698829999999944
20
-108.4174629999999979
11
49.5147720000000007
21
-108.3574479999999909
0
LINE
8
BLACK
6
CONTINUOUS
10
49.5147720000000007
20
-108.3574479999999909
11
49.6685859999999977
21
-108.3268519999999882
0
LINE
8
BLACK
6
CONTINUOUS
10
49.6685859999999977
20
-108.3268519999999882
11
49.825413999999995
21
-108.3268519999999882
0
LINE
8
BLACK
6
CONTINUOUS
10
49.825413999999995
20
-108.3268519999999882
11
49.9792279999999991
21
-108.3574479999999909
0
LINE
8
BLACK
6
CONTINUOUS
10
59.1932279999999977
20
-106.624448000000001
11
59.3381169999999969
21
-106.6844629999999938
0
LINE
8
BLACK
6
CONTINUOUS
10
59.3381169999999969
20
-106.6844629999999938
11
59.4685149999999965
21
-106.7715919999999983
0
LINE
8
BLACK
6
CONTINUOUS
10
59.4685149999999965
20
-106.7715919999999983
11
59.5794080000000008
21
-106.8824849999999884
0
LINE
8
BLACK
6
CONTINUOUS
10
59.5794080000000008
20
-106.8824849999999884
11
59.6665369999999982
21
-107.0128830000000022
0
LINE
8
BLACK
6
CONTINUOUS
10
59.6665369999999982
20
-107.0128830000000022
11
59.7265519999999981
21
-107.1577719999999943
0
LINE
8
BLACK
6
CONTINUOUS
10
59.7265519999999981
20
-107.1577719999999943
11
59.7571480000000008
21
-107.3115859999999913
0
LINE
8
BLACK
6
CONTINUOUS
10
59.7571480000000008
20
-107.3115859999999913
11
59.7571480000000008
21
-107.4684139999999957
0
LINE
8
BLACK
6
CONTINUOUS
10
59.7571480000000008
20
-107.4684139999999957
11
59.7265519999999981
21
-107.6222279999999927
0
LINE
8
BLACK
6
CONTINUOUS
10
59.7265519999999981
20
-107.6222279999999927
11
59.6665369999999982
21
-107.7671169999999989
0
LINE
8
BLACK
6
CONTINUOUS
10
59.6665369999999982
20
-107.7671169999999989
11
59.5794080000000008
21
-107.8975149999999985
0
LINE
8
BLACK
6
CONTINUOUS
10
59.5794080000000008
20
-107.8975149999999985
11
59.4685149999999965
21
-108.0084079999999886
0
LINE
8
BLACK
6
CONTINUOUS
10
59.4685149999999965
20
-108.0084079999999886
11
59.3381169999999969
21
-108.0955369999999931
0
LINE
8
BLACK
6
CONTINUOUS
10
59.3381169999999969
20
-108.0955369999999931
11
59.1932279999999977
21
-108.1555520000000001
0
LINE
8
BLACK
6
CONTINUOUS
10
59.1932279999999977
20
-108.1555520000000001
11
59.0394140000000007
21
-108.1861479999999887
0
LINE
8
BLACK
6
CONTINUOUS
10
59.0394140000000007
20
-108.1861479999999887
11
58.8825859999999963
21
-108.1861479999999887
0
LINE
8
BLACK
6
CONTINUOUS
10
58.8825859999999963
20
-108.1861479999999887
11
58.7287719999999993
21
-108.1555520000000001
0
LINE
8
BLACK
6
CONTINUOUS
10
58.7287719999999993
20
-108.1555520000000001
11
58.5838830000000002
21
-108.0955369999999931
0
LINE
8
BLACK
6
CONTINUOUS
10
58.5838830000000002
20
-108.0955369999999931
11
58.4534850000000006
21
-108.0084079999999886
0
LINE
8
BLACK
6
CONTINUOUS
10
58.4534850000000006
20
-108.0084079999999886
11
58.3425919999999962
21
-107.8975149999999985
0
LINE
8
BLACK
6
CONTINUOUS
10
58.3425919999999962
20
-107.8975149999999985
11
58.2554629999999989
21
-107.7671169999999989
0
LINE
8
BLACK
6
CONTINUOUS
10
58.2554629999999989
20
-107.7671169999999989
11
58.195447999999999
21
-107.6222279999999927
0
LINE
8
BLACK
6
CONTINUOUS
10
58.195447999999999
20
-107.6222279999999927
11
58.1648519999999962
21
-107.4684139999999957
0
LINE
8
BLACK
6
CONTINUOUS
10
58.1648519999999962
20
-107.4684139999999957
11
58.1648519999999962
21
-107.3115859999999913
0
LINE
8
BLACK
6
CONTINUOUS
10
58.1648519999999962
20
-107.3115859999999913
11
58.195447999999999
21
-107.1577719999999943
0
LINE
8
BLACK
6
CONTINUOUS
10
58.195447999999999
20
-107.1577719999999943
11
58.2554629999999989
21
-107.0128830000000022
0
LINE
8
BLACK
6
CONTINUOUS
10
58.2554629999999989
20
-107.0128830000000022
11
58.3425919999999962
21
-106.8824849999999884
0
LINE
8
BLACK
6
CONTINUOUS
10
58.3425919999999962
20
-106.8824849999999884
11
58.4534850000000006
21
-106.7715919999999983
0
LINE
8
BLACK
6
CONTINUOUS
10
58.4534850000000006
20
-106.7715919999999983
11
58.5838830000000002
21
-106.6844629999999938
0
LINE
8
BLACK
6
CONTINUOUS
10
58.5838830000000002
20
-106.6844629999999938
11
58.7287719999999993
21
-106.624448000000001
0
LINE
8
BLACK
6
CONTINUOUS
10
58.7287719999999993
20
-106.624448000000001
11
58.8825859999999963
21
-106.5938519999999983
0
LINE
8
BLACK
6
CONTINUOUS
10
58.8825859999999963
20
-106.5938519999999983
11
59.0394140000000007
21
-106.5938519999999983
0
LINE
8
BLACK
6
CONTINUOUS
10
59.0394140000000007
20
-106.5938519999999983
11
59.1932279999999977
21
-106.624448000000001
0
LINE
8
BLACK
6
CONTINUOUS
10
75.6811039999999906
20
-106.6571269999999885
11
75.7540989999999965
21
-106.7059009999999972
0
LINE
8
BLACK
6
CONTINUOUS
10
75.7540989999999965
20
-106.7059009999999972
11
75.8028729999999911
21
-106.7788959999999889
0
LINE
8
BLACK
6
CONTINUOUS
10
75.8028729999999911
20
-106.7788959999999889
11
75.8199999999999932
21
-106.8649999999999949
0
LINE
8
BLACK
6
CONTINUOUS
10
75.8199999999999932
20
-106.8649999999999949
11
75.8199999999999932
21
-107.914999999999992
0
LINE
8
BLACK
6
CONTINUOUS
10
75.8199999999999932
20
-107.914999999999992
11
75.8028729999999911
21
-108.001103999999998
0
LINE
8
BLACK
6
CONTINUOUS
10
75.8028729999999911
20
-108.001103999999998
11
75.7540989999999965
21
-108.0740989999999897
0
LINE
8
BLACK
6
CONTINUOUS
10
75.7540989999999965
20
-108.0740989999999897
11
75.6811039999999906
21
-108.1228729999999985
0
LINE
8
BLACK
6
CONTINUOUS
10
75.6811039999999906
20
-108.1228729999999985
11
75.5949999999999989
21
-108.1400000000000006
0
LINE
8
BLACK
6
CONTINUOUS
10
75.5949999999999989
20
-108.1400000000000006
11
66.0450000000000017
21
-108.1400000000000006
0
LINE
8
BLACK
6
CONTINUOUS
10
66.0450000000000017
20
-108.1400000000000006
11
65.9588959999999958
21
-108.1228729999999985
0
LINE
8
BLACK
6
CONTINUOUS
10
65.9588959999999958
20
-108.1228729999999985
11
65.885901000000004
21
-108.0740989999999897
0
LINE
8
BLACK
6
CONTINUOUS
10
65.885901000000004
20
-108.0740989999999897
11
65.8371269999999953
21
-108.001103999999998
0
LINE
8
BLACK
6
CONTINUOUS
10
65.8371269999999953
20
-108.001103999999998
11
65.8199999999999932
21
-107.914999999999992
0
LINE
8
BLACK
6
CONTINUOUS
10
65.8199999999999932
20
-107.914999999999992
11
65.8199999999999932
21
-106.8649999999999949
0
LINE
8
BLACK
6
CONTINUOUS
10
65.8199999999999932
20
-106.8649999999999949
11
65.8371269999999953
21
-106.7788959999999889
0
LINE
8
BLACK
6
CONTINUOUS
10
65.8371269999999953
20
-106.7788959999999889
11
65.885901000000004
21
-106.7059009999999972
0
LINE
8
BLACK
6
CONTINUOUS
10
65.885901000000004
20
-106.7059009999999972
11
65.9588959999999958
21
-106.6571269999999885
0
LINE
8
BLACK
6
CONTINUOUS
10
65.9588959999999958
20
-106.6571269999999885
11
66.0450000000000017
21
-106.6400000000000006
0
LINE
8
BLACK
6
CONTINUOUS
10
66.0450000000000017
20
-106.6400000000000006
11
75.5949999999999989
21
-106.6400000000000006
0
LINE
8
BLACK
6
CONTINUOUS
10
75.5949999999999989
20
-106.6400000000000006
11
75.6811039999999906
21
-106.6571269999999885
0
LINE
8
BLACK
6
CONTINUOUS
10
105.6811039999999906
20
-106.6571269999999885
11
105.7540989999999965
21
-106.7059009999999972
0
LINE
8
BLACK
6
CONTINUOUS
10
105.7540989999999965
20
-106.7059009999999972
11
105.8028729999999911
21
-106.7788959999999889
0
LINE
8
BLACK
6
CONTINUOUS
10
105.8028729999999911
20
-106.7788959999999889
11
105.8199999999999932
21
-106.8649999999999949
0
LINE
8
BLACK
6
CONTINUOUS
10
105.8199999999999932
20
-106.8649999999999949
11
105.8199999999999932
21
-107.914999999999992
0
LINE
8
BLACK
6
CONTINUOUS
10
105.8199999999999932
20
-107.914999999999992
11
105.8028729999999911
21
-108.001103999999998
0
LINE
8
BLACK
6
CONTINUOUS
10
105.8028729999999911
20
-108.001103999999998
11
105.7540989999999965
21
-108.0740989999999897
0
LINE
8
BLACK
6
CONTINUOUS
10
105.7540989999999965
20
-108.0740989999999897
11
105.6811039999999906
21
-108.1228729999999985
0
LINE
8
BLACK
6
CONTINUOUS
10
105.6811039999999906
20
-108.1228729999999985
11
105.5949999999999989
21
-108.1400000000000006
0
LINE
8
BLACK
6
CONTINUOUS
10
105.5949999999999989
20
-108.1400000000000006
11
96.0450000000000017
21
-108.1400000000000006
0
LINE
8
BLACK
6
CONTINUOUS
10
96.0450000000000017
20
-108.1400000000000006
11
95.9588959999999958
21
-108.1228729999999985
0
LINE
8
BLACK
6
CONTINUOUS
10
95.9588959999999958
20
-108.1228729999999985
11
95.8859009999999898
21
-108.0740989999999897
0
LINE
8
BLACK
6
CONTINUOUS
10
95.8859009999999898
20
-108.0740989999999897
11
95.8371269999999953
21
-108.001103999999998
0
LINE
8
BLACK
6
CONTINUOUS
10
95.8371269999999953
20
-108.001103999999998
11
95.8199999999999932
21
-107.914999999999992
0
LINE
8
BLACK
6
CONTINUOUS
10
95.8199999999999932
20
-107.914999999999992
11
95.8199999999999932
21
-106.8649999999999949
0
LINE
8
BLACK
6
CONTINUOUS
10
95.8199999999999932
20
-106.8649999999999949
11
95.8371269999999953
21
-106.7788959999999889
0
LINE
8
BLACK
6
CONTINUOUS
10
95.8371269999999953
20
-106.7788959999999889
11
95.8859009999999898
21
-106.7059009999999972
0
LINE
8
BLACK
6
CONTINUOUS
10
95.8859009999999898
20
-106.7059009999999972
11
95.9588959999999958
21
-106.6571269999999885
0
LINE
8
BLACK
6
CONTINUOUS
10
95.9588959999999958
20
-106.6571269999999885
11
96.0450000000000017
21
-106.6400000000000006
0
LINE
8
BLACK
6
CONTINUOUS
10
96.0450000000000017
20
-106.6400000000000006
11
105.5949999999999989
21
-106.6400000000000006
0
LINE
8
BLACK
6
CONTINUOUS
10
105.5949999999999989
20
-106.6400000000000006
11
105.6811039999999906
21
-106.6571269999999885
0
LINE
8
BLACK
6
CONTINUOUS
10
154.501103999999998
20
-106.6571269999999885
11
154.5740989999999897
21
-106.7059009999999972
0
LINE
8
BLACK
6
CONTINUOUS
10
154.5740989999999897
20
-106.7059009999999972
11
154.6228729999999985
21
-106.7788959999999889
0
LINE
8
BLACK
6
CONTINUOUS
10
154.6228729999999985
20
-106.7788959999999889
11
154.6399999999999864
21
-106.8649999999999949
0
LINE
8
BLACK
6
CONTINUOUS
10
154.6399999999999864
20
-106.8649999999999949
11
154.6399999999999864
21
-107.914999999999992
0
LINE
8
BLACK
6
CONTINUOUS
10
154.6399999999999864
20
-107.914999999999992
11
154.6228729999999985
21
-108.001103999999998
0
LINE
8
BLACK
6
CONTINUOUS
10
154.6228729999999985
20
-108.001103999999998
11
154.5740989999999897
21
-108.0740989999999897
0
LINE
8
BLACK
6
CONTINUOUS
10
154.5740989999999897
20
-108.0740989999999897
11
154.501103999999998
21
-108.1228729999999985
0
LINE
8
BLACK
6
CONTINUOUS
10
154.501103999999998
20
-108.1228729999999985
11
154.414999999999992
21
-108.1400000000000006
0
LINE
8
BLACK
6
CONTINUOUS
10
154.414999999999992
20
-108.1400000000000006
11
144.8649999999999807
21
-108.1400000000000006
0
LINE
8
BLACK
6
CONTINUOUS
10
144.8649999999999807
20
-108.1400000000000006
11
144.7788960000000031
21
-108.1228729999999985
0
LINE
8
BLACK
6
CONTINUOUS
10
144.7788960000000031
20
-108.1228729999999985
11
144.705900999999983
21
-108.0740989999999897
0
LINE
8
BLACK
6
CONTINUOUS
10
144.705900999999983
20
-108.0740989999999897
11
144.6571270000000027
21
-108.001103999999998
0
LINE
8
BLACK
6
CONTINUOUS
10
144.6571270000000027
20
-108.001103999999998
11
144.6399999999999864
21
-107.914999999999992
0
LINE
8
BLACK
6
CONTINUOUS
10
144.6399999999999864
20
-107.914999999999992
11
144.6399999999999864
21
-106.8649999999999949
0
LINE
8
BLACK
6
CONTINUOUS
10
144.6399999999999864
20
-106.8649999999999949
11
144.6571270000000027
21
-106.7788959999999889
0
LINE
8
BLACK
6
CONTINUOUS
10
144.6571270000000027
20
-106.7788959999999889
11
144.705900999999983
21
-106.7059009999999972
0
LINE
8
BLACK
6
CONTINUOUS
10
144.705900999999983
20
-106.7059009999999972
11
144.7788960000000031
21
-106.6571269999999885
0
LINE
8
BLACK
6
CONTINUOUS
10
144.7788960000000031
20
-106.6571269999999885
11
144.8649999999999807
21
-106.6400000000000006
0
LINE
8
BLACK
6
CONTINUOUS
10
144.8649999999999807
20
-106.6400000000000006
11
154.414999999999992
21
-106.6400000000000006
0
LINE
8
BLACK
6
CONTINUOUS
10
154.414999999999992
20
-106.6400000000000006
11
154.501103999999998
21
-106.6571269999999885
0
LINE
8
BLACK
6
CONTINUOUS
10
184.501103999999998
20
-106.6571269999999885
11
184.5740989999999897
21
-106.7059009999999972
0
LINE
8
BLACK
6
CONTINUOUS
10
184.5740989999999897
20
-106.7059009999999972
11
184.6228729999999985
21
-106.7788959999999889
0
LINE
8
BLACK
6
CONTINUOUS
10
184.6228729999999985
20
-106.7788959999999889
11
184.6399999999999864
21
-106.8649999999999949
0
LINE
8
BLACK
6
CONTINUOUS
10
184.6399999999999864
20
-106.8649999999999949
11
184.6399999999999864
21
-107.914999999999992
0
LINE
8
BLACK
6
CONTINUOUS
10
184.6399999999999864
20
-107.914999999999992
11
184.6228729999999985
21
-108.001103999999998
0
LINE
8
BLACK
6
CONTINUOUS
10
184.6228729999999985
20
-108.001103999999998
11
184.5740989999999897
21
-108.0740989999999897
0
LINE
8
BLACK
6
CONTINUOUS
10
184.5740989999999897
20
-108.0740989999999897
11
184.501103999999998
21
-108.1228729999999985
0
LINE
8
BLACK
6
CONTINUOUS
10
184.501103999999998
20
-108.1228729999999985
11
184.414999999999992
21
-108.1400000000000006
0
LINE
8
BLACK
6
CONTINUOUS
10
184.414999999999992
20
-108.1400000000000006
11
174.8649999999999807
21
-108.1400000000000006
0
LINE
8
BLACK
6
CONTINUOUS
10
174.8649999999999807
20
-108.1400000000000006
11
174.7788960000000031
21
-108.1228729999999985
0
LINE
8
BLACK
6
CONTINUOUS
10
174.7788960000000031
20
-108.1228729999999985
11
174.705900999999983
21
-108.0740989999999897
0
LINE
8
BLACK
6
CONTINUOUS
10
174.705900999999983
20
-108.0740989999999897
11
174.6571270000000027
21
-108.001103999999998
0
LINE
8
BLACK
6
CONTINUOUS
10
174.6571270000000027
20
-108.001103999999998
11
174.6399999999999864
21
-107.914999999999992
0
LINE
8
BLACK
6
CONTINUOUS
10
174.6399999999999864
20
-107.914999999999992
11
174.6399999999999864
21
-106.8649999999999949
0
LINE
8
BLACK
6
CONTINUOUS
10
174.6399999999999864
20
-106.8649999999999949
11
174.6571270000000027
21
-106.7788959999999889
0
LINE
8
BLACK
6
CONTINUOUS
10
174.6571270000000027
20
-106.7788959999999889
11
174.705900999999983
21
-106.7059009999999972
0
LINE
8
BLACK
6
CONTINUOUS
10
174.705900999999983
20
-106.7059009999999972
11
174.7788960000000031
21
-106.6571269999999885
0
LINE
8
BLACK
6
CONTINUOUS
10
174.7788960000000031
20
-106.6571269999999885
11
174.8649999999999807
21
-106.6400000000000006
0
LINE
8
BLACK
6
CONTINUOUS
10
174.8649999999999807
20
-106.6400000000000006
11
184.414999999999992
21
-106.6400000000000006
0
LINE
8
BLACK
6
CONTINUOUS
10
184.414999999999992
20
-106.6400000000000006
11
184.501103999999998
21
-106.6571269999999885
0
LINE
8
BLACK
6
CONTINUOUS
10
241.6781220000000019
20
-106.0044479999999965
11
241.8230109999999797
21
-106.0644629999999893
0
LINE
8
BLACK
6
CONTINUOUS
10
241.8230109999999797
20
-106.0644629999999893
11
241.9534089999999935
21
-106.1515919999999937
0
LINE
8
BLACK
6
CONTINUOUS
10
241.9534089999999935
20
-106.1515919999999937
11
242.0643019999999979
21
-106.2624849999999981
0
LINE
8
BLACK
6
CONTINUOUS
10
242.0643019999999979
20
-106.2624849999999981
11
242.1514310000000023
21
-106.3928829999999977
0
LINE
8
BLACK
6
CONTINUOUS
10
242.1514310000000023
20
-106.3928829999999977
11
242.2114459999999951
21
-106.5377719999999897
0
LINE
8
BLACK
6
CONTINUOUS
10
242.2114459999999951
20
-106.5377719999999897
11
242.2420419999999979
21
-106.6915860000000009
0
LINE
8
BLACK
6
CONTINUOUS
10
242.2420419999999979
20
-106.6915860000000009
11
242.2420419999999979
21
-106.8484139999999911
0
LINE
8
BLACK
6
CONTINUOUS
10
242.2420419999999979
20
-106.8484139999999911
11
242.2114459999999951
21
-107.0022279999999881
0
LINE
8
BLACK
6
CONTINUOUS
10
242.2114459999999951
20
-107.0022279999999881
11
242.1514310000000023
21
-107.1471169999999944
0
LINE
8
BLACK
6
CONTINUOUS
10
242.1514310000000023
20
-107.1471169999999944
11
242.0643019999999979
21
-107.277514999999994
0
LINE
8
BLACK
6
CONTINUOUS
10
242.0643019999999979
20
-107.277514999999994
11
241.9534089999999935
21
-107.3884079999999983
0
LINE
8
BLACK
6
CONTINUOUS
10
241.9534089999999935
20
-107.3884079999999983
11
241.8230109999999797
21
-107.4755369999999886
0
LINE
8
BLACK
6
CONTINUOUS
10
241.8230109999999797
20
-107.4755369999999886
11
241.6781220000000019
21
-107.5355519999999956
0
LINE
8
BLACK
6
CONTINUOUS
10
241.6781220000000019
20
-107.5355519999999956
11
241.5243079999999907
21
-107.5661479999999983
0
LINE
8
BLACK
6
CONTINUOUS
10
241.5243079999999907
20
-107.5661479999999983
11
241.3674800000000005
21
-107.5661479999999983
0
LINE
8
BLACK
6
CONTINUOUS
10
241.3674800000000005
20
-107.5661479999999983
11
241.2136659999999893
21
-107.5355519999999956
0
LINE
8
BLACK
6
CONTINUOUS
10
241.2136659999999893
20
-107.5355519999999956
11
241.1761199999999974
21
-107.519999999999996
0
LINE
8
BLACK
6
CONTINUOUS
10
241.1761199999999974
20
-107.519999999999996
11
225.8400000000000034
21
-107.519999999999996
0
LINE
8
BLACK
6
CONTINUOUS
10
225.8400000000000034
20
-107.519999999999996
11
221.0649999999999977
21
-107.519999999999996
0
LINE
8
BLACK
6
CONTINUOUS
10
221.0649999999999977
20
-107.519999999999996
11
220.9788959999999918
21
-107.5028729999999939
0
LINE
8
BLACK
6
CONTINUOUS
10
220.9788959999999918
20
-107.5028729999999939
11
220.9059010000000001
21
-107.4540989999999994
0
LINE
8
BLACK
6
CONTINUOUS
10
220.9059010000000001
20
-107.4540989999999994
11
220.8571269999999913
21
-107.3811039999999934
0
LINE
8
BLACK
6
CONTINUOUS
10
220.8571269999999913
20
-107.3811039999999934
11
220.8400000000000034
21
-107.2950000000000017
0
LINE
8
BLACK
6
CONTINUOUS
10
220.8400000000000034
20
-107.2950000000000017
11
220.8400000000000034
21
-106.2449999999999903
0
LINE
8
BLACK
6
CONTINUOUS
10
220.8400000000000034
20
-106.2449999999999903
11
220.8571269999999913
21
-106.1588959999999986
0
LINE
8
BLACK
6
CONTINUOUS
10
220.8571269999999913
20
-106.1588959999999986
11
220.9059010000000001
21
-106.0859009999999927
0
LINE
8
BLACK
6
CONTINUOUS
10
220.9059010000000001
20
-106.0859009999999927
11
220.9788959999999918
21
-106.0371269999999981
0
LINE
8
BLACK
6
CONTINUOUS
10
220.9788959999999918
20
-106.0371269999999981
11
221.0649999999999977
21
-106.019999999999996
0
LINE
8
BLACK
6
CONTINUOUS
10
221.0649999999999977
20
-106.019999999999996
11
230.6149999999999807
21
-106.019999999999996
0
LINE
8
BLACK
6
CONTINUOUS
10
230.6149999999999807
20
-106.019999999999996
11
241.1761199999999974
21
-106.019999999999996
0
LINE
8
BLACK
6
CONTINUOUS
10
241.1761199999999974
20
-106.019999999999996
11
241.2136659999999893
21
-106.0044479999999965
0
LINE
8
BLACK
6
CONTINUOUS
10
241.2136659999999893
20
-106.0044479999999965
11
241.3674800000000005
21
-105.9738519999999937
0
LINE
8
BLACK
6
CONTINUOUS
10
241.3674800000000005
20
-105.9738519999999937
11
241.5243079999999907
21
-105.9738519999999937
0
LINE
8
BLACK
6
CONTINUOUS
10
241.5243079999999907
20
-105.9738519999999937
11
241.6781220000000019
21
-106.0044479999999965
0
LINE
8
BLACK
6
CONTINUOUS
10
48.2022279999999981
20
-104.0844479999999947
11
48.3471169999999972
21
-104.1444630000000018
0
LINE
8
BLACK
6
CONTINUOUS
10
48.3471169999999972
20
-104.1444630000000018
11
48.4775149999999968
21
-104.231591999999992
0
LINE
8
BLACK
6
CONTINUOUS
10
48.4775149999999968
20
-104.231591999999992
11
48.5884080000000012
21
-104.3424849999999964
0
LINE
8
BLACK
6
CONTINUOUS
10
48.5884080000000012
20
-104.3424849999999964
11
48.6755369999999985
21
-104.4728829999999959
0
LINE
8
BLACK
6
CONTINUOUS
10
48.6755369999999985
20
-104.4728829999999959
11
48.7355519999999984
21
-104.6177720000000022
0
LINE
8
BLACK
6
CONTINUOUS
10
48.7355519999999984
20
-104.6177720000000022
11
48.7661480000000012
21
-104.7715859999999992
0
LINE
8
BLACK
6
CONTINUOUS
10
48.7661480000000012
20
-104.7715859999999992
11
48.7661480000000012
21
-104.9284139999999894
0
LINE
8
BLACK
6
CONTINUOUS
10
48.7661480000000012
20
-104.9284139999999894
11
48.7355519999999984
21
-105.0822280000000006
0
LINE
8
BLACK
6
CONTINUOUS
10
48.7355519999999984
20
-105.0822280000000006
11
48.6755369999999985
21
-105.2271169999999927
0
LINE
8
BLACK
6
CONTINUOUS
10
48.6755369999999985
20
-105.2271169999999927
11
48.5884080000000012
21
-105.3575149999999923
0
LINE
8
BLACK
6
CONTINUOUS
10
48.5884080000000012
20
-105.3575149999999923
11
48.4775149999999968
21
-105.4684079999999966
0
LINE
8
BLACK
6
CONTINUOUS
10
48.4775149999999968
20
-105.4684079999999966
11
48.3471169999999972
21
-105.5555370000000011
0
LINE
8
BLACK
6
CONTINUOUS
10
48.3471169999999972
20
-105.5555370000000011
11
48.2022279999999981
21
-105.6155519999999939
0
LINE
8
BLACK
6
CONTINUOUS
10
48.2022279999999981
20
-105.6155519999999939
11
48.0484140000000011
21
-105.6461479999999966
0
LINE
8
BLACK
6
CONTINUOUS
10
48.0484140000000011
20
-105.6461479999999966
11
47.8915859999999967
21
-105.6461479999999966
0
LINE
8
BLACK
6
CONTINUOUS
10
47.8915859999999967
20
-105.6461479999999966
11
47.7377719999999997
21
-105.6155519999999939
0
LINE
8
BLACK
6
CONTINUOUS
10
47.7377719999999997
20
-105.6155519999999939
11
47.5928830000000005
21
-105.5555370000000011
0
LINE
8
BLACK
6
CONTINUOUS
10
47.5928830000000005
20
-105.5555370000000011
11
47.4624850000000009
21
-105.4684079999999966
0
LINE
8
BLACK
6
CONTINUOUS
10
47.4624850000000009
20
-105.4684079999999966
11
47.3515919999999966
21
-105.3575149999999923
0
LINE
8
BLACK
6
CONTINUOUS
10
47.3515919999999966
20
-105.3575149999999923
11
47.2644629999999992
21
-105.2271169999999927
0
LINE
8
BLACK
6
CONTINUOUS
10
47.2644629999999992
20
-105.2271169999999927
11
47.2044479999999993
21
-105.0822280000000006
0
LINE
8
BLACK
6
CONTINUOUS
10
47.2044479999999993
20
-105.0822280000000006
11
47.1738519999999966
21
-104.9284139999999894
0
LINE
8
BLACK
6
CONTINUOUS
10
47.1738519999999966
20
-104.9284139999999894
11
47.1738519999999966
21
-104.7715859999999992
0
LINE
8
BLACK
6
CONTINUOUS
10
47.1738519999999966
20
-104.7715859999999992
11
47.2044479999999993
21
-104.6177720000000022
0
LINE
8
BLACK
6
CONTINUOUS
10
47.2044479999999993
20
-104.6177720000000022
11
47.2644629999999992
21
-104.4728829999999959
0
LINE
8
BLACK
6
CONTINUOUS
10
47.2644629999999992
20
-104.4728829999999959
11
47.3515919999999966
21
-104.3424849999999964
0
LINE
8
BLACK
6
CONTINUOUS
10
47.3515919999999966
20
-104.3424849999999964
11
47.4624850000000009
21
-104.231591999999992
0
LINE
8
BLACK
6
CONTINUOUS
10
47.4624850000000009
20
-104.231591999999992
11
47.5928830000000005
21
-104.1444630000000018
0
LINE
8
BLACK
6
CONTINUOUS
10
47.5928830000000005
20
-104.1444630000000018
11
47.7377719999999997
21
-104.0844479999999947
0
LINE
8
BLACK
6
CONTINUOUS
10
47.7377719999999997
20
-104.0844479999999947
11
47.8915859999999967
21
-104.053851999999992
0
LINE
8
BLACK
6
CONTINUOUS
10
47.8915859999999967
20
-104.053851999999992
11
48.0484140000000011
21
-104.053851999999992
0
LINE
8
BLACK
6
CONTINUOUS
10
48.0484140000000011
20
-104.053851999999992
11
48.2022279999999981
21
-104.0844479999999947
0
LINE
8
BLACK
6
CONTINUOUS
10
59.2032279999999957
20
-104.0844479999999947
11
59.3481169999999949
21
-104.1444630000000018
0
LINE
8
BLACK
6
CONTINUOUS
10
59.3481169999999949
20
-104.1444630000000018
11
59.4785149999999945
21
-104.231591999999992
0
LINE
8
BLACK
6
CONTINUOUS
10
59.4785149999999945
20
-104.231591999999992
11
59.5894079999999988
21
-104.3424849999999964
0
LINE
8
BLACK
6
CONTINUOUS
10
59.5894079999999988
20
-104.3424849999999964
11
59.6765369999999962
21
-104.4728829999999959
0
LINE
8
BLACK
6
CONTINUOUS
10
59.6765369999999962
20
-104.4728829999999959
11
59.7365519999999961
21
-104.6177720000000022
0
LINE
8
BLACK
6
CONTINUOUS
10
59.7365519999999961
20
-104.6177720000000022
11
59.7671479999999988
21
-104.7715859999999992
0
LINE
8
BLACK
6
CONTINUOUS
10
59.7671479999999988
20
-104.7715859999999992
11
59.7671479999999988
21
-104.9284139999999894
0
LINE
8
BLACK
6
CONTINUOUS
10
59.7671479999999988
20
-104.9284139999999894
11
59.7365519999999961
21
-105.0822280000000006
0
LINE
8
BLACK
6
CONTINUOUS
10
59.7365519999999961
20
-105.0822280000000006
11
59.6765369999999962
21
-105.2271169999999927
0
LINE
8
BLACK
6
CONTINUOUS
10
59.6765369999999962
20
-105.2271169999999927
11
59.5894079999999988
21
-105.3575149999999923
0
LINE
8
BLACK
6
CONTINUOUS
10
59.5894079999999988
20
-105.3575149999999923
11
59.4785149999999945
21
-105.4684079999999966
0
LINE
8
BLACK
6
CONTINUOUS
10
59.4785149999999945
20
-105.4684079999999966
11
59.3481169999999949
21
-105.5555370000000011
0
LINE
8
BLACK
6
CONTINUOUS
10
59.3481169999999949
20
-105.5555370000000011
11
59.2032279999999957
21
-105.6155519999999939
0
LINE
8
BLACK
6
CONTINUOUS
10
59.2032279999999957
20
-105.6155519999999939
11
59.0494139999999987
21
-105.6461479999999966
0
LINE
8
BLACK
6
CONTINUOUS
10
59.0494139999999987
20
-105.6461479999999966
11
58.8925859999999943
21
-105.6461479999999966
0
LINE
8
BLACK
6
CONTINUOUS
10
58.8925859999999943
20
-105.6461479999999966
11
58.7387719999999973
21
-105.6155519999999939
0
LINE
8
BLACK
6
CONTINUOUS
10
58.7387719999999973
20
-105.6155519999999939
11
58.5938829999999982
21
-105.5555370000000011
0
LINE
8
BLACK
6
CONTINUOUS
10
58.5938829999999982
20
-105.5555370000000011
11
58.4634849999999986
21
-105.4684079999999966
0
LINE
8
BLACK
6
CONTINUOUS
10
58.4634849999999986
20
-105.4684079999999966
11
58.3525919999999942
21
-105.3575149999999923
0
LINE
8
BLACK
6
CONTINUOUS
10
58.3525919999999942
20
-105.3575149999999923
11
58.2654629999999969
21
-105.2271169999999927
0
LINE
8
BLACK
6
CONTINUOUS
10
58.2654629999999969
20
-105.2271169999999927
11
58.205447999999997
21
-105.0822280000000006
0
LINE
8
BLACK
6
CONTINUOUS
10
58.205447999999997
20
-105.0822280000000006
11
58.1748519999999942
21
-104.9284139999999894
0
LINE
8
BLACK
6
CONTINUOUS
10
58.1748519999999942
20
-104.9284139999999894
11
58.1748519999999942
21
-104.7715859999999992
0
LINE
8
BLACK
6
CONTINUOUS
10
58.1748519999999942
20
-104.7715859999999992
11
58.205447999999997
21
-104.6177720000000022
0
LINE
8
BLACK
6
CONTINUOUS
10
58.205447999999997
20
-104.6177720000000022
11
58.2654629999999969
21
-104.4728829999999959
0
LINE
8
BLACK
6
CONTINUOUS
10
58.2654629999999969
20
-104.4728829999999959
11
58.3525919999999942
21
-104.3424849999999964
0
LINE
8
BLACK
6
CONTINUOUS
10
58.3525919999999942
20
-104.3424849999999964
11
58.4634849999999986
21
-104.231591999999992
0
LINE
8
BLACK
6
CONTINUOUS
10
58.4634849999999986
20
-104.231591999999992
11
58.5938829999999982
21
-104.1444630000000018
0
LINE
8
BLACK
6
CONTINUOUS
10
58.5938829999999982
20
-104.1444630000000018
11
58.7387719999999973
21
-104.0844479999999947
0
LINE
8
BLACK
6
CONTINUOUS
10
58.7387719999999973
20
-104.0844479999999947
11
58.8925859999999943
21
-104.053851999999992
0
LINE
8
BLACK
6
CONTINUOUS
10
58.8925859999999943
20
-104.053851999999992
11
59.0494139999999987
21
-104.053851999999992
0
LINE
8
BLACK
6
CONTINUOUS
10
59.0494139999999987
20
-104.053851999999992
11
59.2032279999999957
21
-104.0844479999999947
0
LINE
8
BLACK
6
CONTINUOUS
10
75.6811039999999906
20
-104.1171269999999964
11
75.7540989999999965
21
-104.165900999999991
0
LINE
8
BLACK
6
CONTINUOUS
10
75.7540989999999965
20
-104.165900999999991
11
75.8028729999999911
21
-104.2388959999999969
0
LINE
8
BLACK
6
CONTINUOUS
10
75.8028729999999911
20
-104.2388959999999969
11
75.8199999999999932
21
-104.3249999999999886
0
LINE
8
BLACK
6
CONTINUOUS
10
75.8199999999999932
20
-104.3249999999999886
11
75.8199999999999932
21
-105.375
0
LINE
8
BLACK
6
CONTINUOUS
10
75.8199999999999932
20
-105.375
11
75.8028729999999911
21
-105.4611039999999917
0
LINE
8
BLACK
6
CONTINUOUS
10
75.8028729999999911
20
-105.4611039999999917
11
75.7540989999999965
21
-105.5340989999999977
0
LINE
8
BLACK
6
CONTINUOUS
10
75.7540989999999965
20
-105.5340989999999977
11
75.6811039999999906
21
-105.5828729999999922
0
LINE
8
BLACK
6
CONTINUOUS
10
75.6811039999999906
20
-105.5828729999999922
11
75.5949999999999989
21
-105.5999999999999943
0
LINE
8
BLACK
6
CONTINUOUS
10
75.5949999999999989
20
-105.5999999999999943
11
66.0450000000000017
21
-105.5999999999999943
0
LINE
8
BLACK
6
CONTINUOUS
10
66.0450000000000017
20
-105.5999999999999943
11
65.9588959999999958
21
-105.5828729999999922
0
LINE
8
BLACK
6
CONTINUOUS
10
65.9588959999999958
20
-105.5828729999999922
11
65.885901000000004
21
-105.5340989999999977
0
LINE
8
BLACK
6
CONTINUOUS
10
65.885901000000004
20
-105.5340989999999977
11
65.8371269999999953
21
-105.4611039999999917
0
LINE
8
BLACK
6
CONTINUOUS
10
65.8371269999999953
20
-105.4611039999999917
11
65.8199999999999932
21
-105.375
0
LINE
8
BLACK
6
CONTINUOUS
10
65.8199999999999932
20
-105.375
11
65.8199999999999932
21
-104.3249999999999886
0
LINE
8
BLACK
6
CONTINUOUS
10
65.8199999999999932
20
-104.3249999999999886
11
65.8371269999999953
21
-104.2388959999999969
0
LINE
8
BLACK
6
CONTINUOUS
10
65.8371269999999953
20
-104.2388959999999969
11
65.885901000000004
21
-104.165900999999991
0
LINE
8
BLACK
6
CONTINUOUS
10
65.885901000000004
20
-104.165900999999991
11
65.9588959999999958
21
-104.1171269999999964
0
LINE
8
BLACK
6
CONTINUOUS
10
65.9588959999999958
20
-104.1171269999999964
11
66.0450000000000017
21
-104.0999999999999943
0
LINE
8
BLACK
6
CONTINUOUS
10
66.0450000000000017
20
-104.0999999999999943
11
75.5949999999999989
21
-104.0999999999999943
0
LINE
8
BLACK
6
CONTINUOUS
10
75.5949999999999989
20
-104.0999999999999943
11
75.6811039999999906
21
-104.1171269999999964
0
LINE
8
BLACK
6
CONTINUOUS
10
105.6811039999999906
20
-104.1171269999999964
11
105.7540989999999965
21
-104.165900999999991
0
LINE
8
BLACK
6
CONTINUOUS
10
105.7540989999999965
20
-104.165900999999991
11
105.8028729999999911
21
-104.2388959999999969
0
LINE
8
BLACK
6
CONTINUOUS
10
105.8028729999999911
20
-104.2388959999999969
11
105.8199999999999932
21
-104.3249999999999886
0
LINE
8
BLACK
6
CONTINUOUS
10
105.8199999999999932
20
-104.3249999999999886
11
105.8199999999999932
21
-105.375
0
LINE
8
BLACK
6
CONTINUOUS
10
105.8199999999999932
20
-105.375
11
105.8028729999999911
21
-105.4611039999999917
0
LINE
8
BLACK
6
CONTINUOUS
10
105.8028729999999911
20
-105.4611039999999917
11
105.7540989999999965
21
-105.5340989999999977
0
LINE
8
BLACK
6
CONTINUOUS
10
105.7540989999999965
20
-105.5340989999999977
11
105.6811039999999906
21
-105.5828729999999922
0
LINE
8
BLACK
6
CONTINUOUS
10
105.6811039999999906
20
-105.5828729999999922
11
105.5949999999999989
21
-105.5999999999999943
0
LINE
8
BLACK
6
CONTINUOUS
10
105.5949999999999989
20
-105.5999999999999943
11
96.0450000000000017
21
-105.5999999999999943
0
LINE
8
BLACK
6
CONTINUOUS
10
96.0450000000000017
20
-105.5999999999999943
11
95.9588959999999958
21
-105.5828729999999922
0
LINE
8
BLACK
6
CONTINUOUS
10
95.9588959999999958
20
-105.5828729999999922
11
95.8859009999999898
21
-105.5340989999999977
0
LINE
8
BLACK
6
CONTINUOUS
10
95.8859009999999898
20
-105.5340989999999977
11
95.8371269999999953
21
-105.4611039999999917
0
LINE
8
BLACK
6
CONTINUOUS
10
95.8371269999999953
20
-105.4611039999999917
11
95.8199999999999932
21
-105.375
0
LINE
8
BLACK
6
CONTINUOUS
10
95.8199999999999932
20
-105.375
11
95.8199999999999932
21
-104.3249999999999886
0
LINE
8
BLACK
6
CONTINUOUS
10
95.8199999999999932
20
-104.3249999999999886
11
95.8371269999999953
21
-104.2388959999999969
0
LINE
8
BLACK
6
CONTINUOUS
10
95.8371269999999953
20
-104.2388959999999969
11
95.8859009999999898
21
-104.165900999999991
0
LINE
8
BLACK
6
CONTINUOUS
10
95.8859009999999898
20
-104.165900999999991
11
95.9588959999999958
21
-104.1171269999999964
0
LINE
8
BLACK
6
CONTINUOUS
10
95.9588959999999958
20
-104.1171269999999964
11
96.0450000000000017
21
-104.0999999999999943
0
LINE
8
BLACK
6
CONTINUOUS
10
96.0450000000000017
20
-104.0999999999999943
11
105.5949999999999989
21
-104.0999999999999943
0
LINE
8
BLACK
6
CONTINUOUS
10
105.5949999999999989
20
-104.0999999999999943
11
105.6811039999999906
21
-104.1171269999999964
0
LINE
8
BLACK
6
CONTINUOUS
10
154.501103999999998
20
-104.1171269999999964
11
154.5740989999999897
21
-104.165900999999991
0
LINE
8
BLACK
6
CONTINUOUS
10
154.5740989999999897
20
-104.165900999999991
11
154.6228729999999985
21
-104.2388959999999969
0
LINE
8
BLACK
6
CONTINUOUS
10
154.6228729999999985
20
-104.2388959999999969
11
154.6399999999999864
21
-104.3249999999999886
0
LINE
8
BLACK
6
CONTINUOUS
10
154.6399999999999864
20
-104.3249999999999886
11
154.6399999999999864
21
-105.375
0
LINE
8
BLACK
6
CONTINUOUS
10
154.6399999999999864
20
-105.375
11
154.6228729999999985
21
-105.4611039999999917
0
LINE
8
BLACK
6
CONTINUOUS
10
154.6228729999999985
20
-105.4611039999999917
11
154.5740989999999897
21
-105.5340989999999977
0
LINE
8
BLACK
6
CONTINUOUS
10
154.5740989999999897
20
-105.5340989999999977
11
154.501103999999998
21
-105.5828729999999922
0
LINE
8
BLACK
6
CONTINUOUS
10
154.501103999999998
20
-105.5828729999999922
11
154.414999999999992
21
-105.5999999999999943
0
LINE
8
BLACK
6
CONTINUOUS
10
154.414999999999992
20
-105.5999999999999943
11
144.8649999999999807
21
-105.5999999999999943
0
LINE
8
BLACK
6
CONTINUOUS
10
144.8649999999999807
20
-105.5999999999999943
11
144.7788960000000031
21
-105.5828729999999922
0
LINE
8
BLACK
6
CONTINUOUS
10
144.7788960000000031
20
-105.5828729999999922
11
144.705900999999983
21
-105.5340989999999977
0
LINE
8
BLACK
6
CONTINUOUS
10
144.705900999999983
20
-105.5340989999999977
11
144.6571270000000027
21
-105.4611039999999917
0
LINE
8
BLACK
6
CONTINUOUS
10
144.6571270000000027
20
-105.4611039999999917
11
144.6399999999999864
21
-105.375
0
LINE
8
BLACK
6
CONTINUOUS
10
144.6399999999999864
20
-105.375
11
144.6399999999999864
21
-104.3249999999999886
0
LINE
8
BLACK
6
CONTINUOUS
10
144.6399999999999864
20
-104.3249999999999886
11
144.6571270000000027
21
-104.2388959999999969
0
LINE
8
BLACK
6
CONTINUOUS
10
144.6571270000000027
20
-104.2388959999999969
11
144.705900999999983
21
-104.165900999999991
0
LINE
8
BLACK
6
CONTINUOUS
10
144.705900999999983
20
-104.165900999999991
11
144.7788960000000031
21
-104.1171269999999964
0
LINE
8
BLACK
6
CONTINUOUS
10
144.7788960000000031
20
-104.1171269999999964
11
144.8649999999999807
21
-104.0999999999999943
0
LINE
8
BLACK
6
CONTINUOUS
10
144.8649999999999807
20
-104.0999999999999943
11
154.414999999999992
21
-104.0999999999999943
0
LINE
8
BLACK
6
CONTINUOUS
10
154.414999999999992
20
-104.0999999999999943
11
154.501103999999998
21
-104.1171269999999964
0
LINE
8
BLACK
6
CONTINUOUS
10
184.501103999999998
20
-104.1171269999999964
11
184.5740989999999897
21
-104.165900999999991
0
LINE
8
BLACK
6
CONTINUOUS
10
184.5740989999999897
20
-104.165900999999991
11
184.6228729999999985
21
-104.2388959999999969
0
LINE
8
BLACK
6
CONTINUOUS
10
184.6228729999999985
20
-104.2388959999999969
11
184.6399999999999864
21
-104.3249999999999886
0
LINE
8
BLACK
6
CONTINUOUS
10
184.6399999999999864
20
-104.3249999999999886
11
184.6399999999999864
21
-105.375
0
LINE
8
BLACK
6
CONTINUOUS
10
184.6399999999999864
20
-105.375
11
184.6228729999999985
21
-105.4611039999999917
0
LINE
8
BLACK
6
CONTINUOUS
10
184.6228729999999985
20
-105.4611039999999917
11
184.5740989999999897
21
-105.5340989999999977
0
LINE
8
BLACK
6
CONTINUOUS
10
184.5740989999999897
20
-105.5340989999999977
11
184.501103999999998
21
-105.5828729999999922
0
LINE
8
BLACK
6
CONTINUOUS
10
184.501103999999998
20
-105.5828729999999922
11
184.414999999999992
21
-105.5999999999999943
0
LINE
8
BLACK
6
CONTINUOUS
10
184.414999999999992
20
-105.5999999999999943
11
174.8649999999999807
21
-105.5999999999999943
0
LINE
8
BLACK
6
CONTINUOUS
10
174.8649999999999807
20
-105.5999999999999943
11
174.7788960000000031
21
-105.5828729999999922
0
LINE
8
BLACK
6
CONTINUOUS
10
174.7788960000000031
20
-105.5828729999999922
11
174.705900999999983
21
-105.5340989999999977
0
LINE
8
BLACK
6
CONTINUOUS
10
174.705900999999983
20
-105.5340989999999977
11
174.6571270000000027
21
-105.4611039999999917
0
LINE
8
BLACK
6
CONTINUOUS
10
174.6571270000000027
20
-105.4611039999999917
11
174.6399999999999864
21
-105.375
0
LINE
8
BLACK
6
CONTINUOUS
10
174.6399999999999864
20
-105.375
11
174.6399999999999864
21
-104.3249999999999886
0
LINE
8
BLACK
6
CONTINUOUS
10
174.6399999999999864
20
-104.3249999999999886
11
174.6571270000000027
21
-104.2388959999999969
0
LINE
8
BLACK
6
CONTINUOUS
10
174.6571270000000027
20
-104.2388959999999969
11
174.705900999999983
21
-104.165900999999991
0
LINE
8
BLACK
6
CONTINUOUS
10
174.705900999999983
20
-104.165900999999991
11
174.7788960000000031
21
-104.1171269999999964
0
LINE
8
BLACK
6
CONTINUOUS
10
174.7788960000000031
20
-104.1171269999999964
11
174.8649999999999807
21
-104.0999999999999943
0
LINE
8
BLACK
6
CONTINUOUS
10
174.8649999999999807
20
-104.0999999999999943
11
184.414999999999992
21
-104.0999999999999943
0
LINE
8
BLACK
6
CONTINUOUS
10
184.414999999999992
20
-104.0999999999999943
11
184.501103999999998
21
-104.1171269999999964
0
LINE
8
BLACK
6
CONTINUOUS
10
239.1381219999999814
20
-103.4644479999999902
11
239.2830109999999877
21
-103.5244629999999972
0
LINE
8
BLACK
6
CONTINUOUS
10
239.2830109999999877
20
-103.5244629999999972
11
239.4134090000000015
21
-103.6115920000000017
0
LINE
8
BLACK
6
CONTINUOUS
10
239.4134090000000015
20
-103.6115920000000017
11
239.5243019999999774
21
-103.7224849999999918
0
LINE
8
BLACK
6
CONTINUOUS
10
239.5243019999999774
20
-103.7224849999999918
11
239.6114309999999819
21
-103.8528829999999914
0
LINE
8
BLACK
6
CONTINUOUS
10
239.6114309999999819
20
-103.8528829999999914
11
239.6714460000000031
21
-103.9977719999999977
0
LINE
8
BLACK
6
CONTINUOUS
10
239.6714460000000031
20
-103.9977719999999977
11
239.7020419999999774
21
-104.1515859999999947
0
LINE
8
BLACK
6
CONTINUOUS
10
239.7020419999999774
20
-104.1515859999999947
11
239.7020419999999774
21
-104.3084139999999991
0
LINE
8
BLACK
6
CONTINUOUS
10
239.7020419999999774
20
-104.3084139999999991
11
239.6714460000000031
21
-104.4622279999999961
0
LINE
8
BLACK
6
CONTINUOUS
10
239.6714460000000031
20
-104.4622279999999961
11
239.6114309999999819
21
-104.6071170000000023
0
LINE
8
BLACK
6
CONTINUOUS
10
239.6114309999999819
20
-104.6071170000000023
11
239.5243019999999774
21
-104.7375150000000019
0
LINE
8
BLACK
6
CONTINUOUS
10
239.5243019999999774
20
-104.7375150000000019
11
239.4134090000000015
21
-104.8484079999999921
0
LINE
8
BLACK
6
CONTINUOUS
10
239.4134090000000015
20
-104.8484079999999921
11
239.2830109999999877
21
-104.9355369999999965
0
LINE
8
BLACK
6
CONTINUOUS
10
239.2830109999999877
20
-104.9355369999999965
11
239.1381219999999814
21
-104.9955519999999893
0
LINE
8
BLACK
6
CONTINUOUS
10
239.1381219999999814
20
-104.9955519999999893
11
238.9843079999999986
21
-105.0261479999999921
0
LINE
8
BLACK
6
CONTINUOUS
10
238.9843079999999986
20
-105.0261479999999921
11
238.82747999999998
21
-105.0261479999999921
0
LINE
8
BLACK
6
CONTINUOUS
10
238.82747999999998
20
-105.0261479999999921
11
238.6736659999999972
21
-104.9955519999999893
0
LINE
8
BLACK
6
CONTINUOUS
10
238.6736659999999972
20
-104.9955519999999893
11
238.6361199999999769
21
-104.9799999999999898
0
LINE
8
BLACK
6
CONTINUOUS
10
238.6361199999999769
20
-104.9799999999999898
11
225.8400000000000034
21
-104.9799999999999898
0
LINE
8
BLACK
6
CONTINUOUS
10
225.8400000000000034
20
-104.9799999999999898
11
221.0649999999999977
21
-104.9799999999999898
0
LINE
8
BLACK
6
CONTINUOUS
10
221.0649999999999977
20
-104.9799999999999898
11
220.9788959999999918
21
-104.9628730000000019
0
LINE
8
BLACK
6
CONTINUOUS
10
220.9788959999999918
20
-104.9628730000000019
11
220.9059010000000001
21
-104.9140989999999931
0
LINE
8
BLACK
6
CONTINUOUS
10
220.9059010000000001
20
-104.9140989999999931
11
220.8571269999999913
21
-104.8411040000000014
0
LINE
8
BLACK
6
CONTINUOUS
10
220.8571269999999913
20
-104.8411040000000014
11
220.8400000000000034
21
-104.7549999999999955
0
LINE
8
BLACK
6
CONTINUOUS
10
220.8400000000000034
20
-104.7549999999999955
11
220.8400000000000034
21
-103.7049999999999983
0
LINE
8
BLACK
6
CONTINUOUS
10
220.8400000000000034
20
-103.7049999999999983
11
220.8571269999999913
21
-103.6188959999999923
0
LINE
8
BLACK
6
CONTINUOUS
10
220.8571269999999913
20
-103.6188959999999923
11
220.9059010000000001
21
-103.5459010000000006
0
LINE
8
BLACK
6
CONTINUOUS
10
220.9059010000000001
20
-103.5459010000000006
11
220.9788959999999918
21
-103.4971269999999919
0
LINE
8
BLACK
6
CONTINUOUS
10
220.9788959999999918
20
-103.4971269999999919
11
221.0649999999999977
21
-103.4799999999999898
0
LINE
8
BLACK
6
CONTINUOUS
10
221.0649999999999977
20
-103.4799999999999898
11
230.6149999999999807
21
-103.4799999999999898
0
LINE
8
BLACK
6
CONTINUOUS
10
230.6149999999999807
20
-103.4799999999999898
11
238.6361199999999769
21
-103.4799999999999898
0
LINE
8
BLACK
6
CONTINUOUS
10
238.6361199999999769
20
-103.4799999999999898
11
238.6736659999999972
21
-103.4644479999999902
0
LINE
8
BLACK
6
CONTINUOUS
10
238.6736659999999972
20
-103.4644479999999902
11
238.82747999999998
21
-103.4338520000000017
0
LINE
8
BLACK
6
CONTINUOUS
10
238.82747999999998
20
-103.4338520000000017
11
238.9843079999999986
21
-103.4338520000000017
0
LINE
8
BLACK
6
CONTINUOUS
10
238.9843079999999986
20
-103.4338520000000017
11
239.1381219999999814
21
-103.4644479999999902
0
LINE
8
BLACK
6
CONTINUOUS
10
59.2032279999999957
20
-101.5444479999999885
11
59.3481169999999949
21
-101.6044629999999955
0
LINE
8
BLACK
6
CONTINUOUS
10
59.3481169999999949
20
-101.6044629999999955
11
59.4785149999999945
21
-101.691592
0
LINE
8
BLACK
6
CONTINUOUS
10
59.4785149999999945
20
-101.691592
11
59.5894079999999988
21
-101.8024849999999901
0
LINE
8
BLACK
6
CONTINUOUS
10
59.5894079999999988
20
-101.8024849999999901
11
59.6765369999999962
21
-101.9328829999999897
0
LINE
8
BLACK
6
CONTINUOUS
10
59.6765369999999962
20
-101.9328829999999897
11
59.7365519999999961
21
-102.077771999999996
0
LINE
8
BLACK
6
CONTINUOUS
10
59.7365519999999961
20
-102.077771999999996
11
59.7671479999999988
21
-102.231585999999993
0
LINE
8
BLACK
6
CONTINUOUS
10
59.7671479999999988
20
-102.231585999999993
11
59.7671479999999988
21
-102.3884139999999974
0
LINE
8
BLACK
6
CONTINUOUS
10
59.7671479999999988
20
-102.3884139999999974
11
59.7365519999999961
21
-102.5422279999999944
0
LINE
8
BLACK
6
CONTINUOUS
10
59.7365519999999961
20
-102.5422279999999944
11
59.6765369999999962
21
-102.6871170000000006
0
LINE
8
BLACK
6
CONTINUOUS
10
59.6765369999999962
20
-102.6871170000000006
11
59.5894079999999988
21
-102.8175150000000002
0
LINE
8
BLACK
6
CONTINUOUS
10
59.5894079999999988
20
-102.8175150000000002
11
59.4785149999999945
21
-102.9284079999999904
0
LINE
8
BLACK
6
CONTINUOUS
10
59.4785149999999945
20
-102.9284079999999904
11
59.3481169999999949
21
-103.0155369999999948
0
LINE
8
BLACK
6
CONTINUOUS
10
59.3481169999999949
20
-103.0155369999999948
11
59.2032279999999957
21
-103.0755520000000018
0
LINE
8
BLACK
6
CONTINUOUS
10
59.2032279999999957
20
-103.0755520000000018
11
59.0494139999999987
21
-103.1061479999999904
0
LINE
8
BLACK
6
CONTINUOUS
10
59.0494139999999987
20
-103.1061479999999904
11
58.8925859999999943
21
-103.1061479999999904
0
LINE
8
BLACK
6
CONTINUOUS
10
58.8925859999999943
20
-103.1061479999999904
11
58.7387719999999973
21
-103.0755520000000018
0
LINE
8
BLACK
6
CONTINUOUS
10
58.7387719999999973
20
-103.0755520000000018
11
58.5938829999999982
21
-103.0155369999999948
0
LINE
8
BLACK
6
CONTINUOUS
10
58.5938829999999982
20
-103.0155369999999948
11
58.4634849999999986
21
-102.9284079999999904
0
LINE
8
BLACK
6
CONTINUOUS
10
58.4634849999999986
20
-102.9284079999999904
11
58.3525919999999942
21
-102.8175150000000002
0
LINE
8
BLACK
6
CONTINUOUS
10
58.3525919999999942
20
-102.8175150000000002
11
58.2654629999999969
21
-102.6871170000000006
0
LINE
8
BLACK
6
CONTINUOUS
10
58.2654629999999969
20
-102.6871170000000006
11
58.205447999999997
21
-102.5422279999999944
0
LINE
8
BLACK
6
CONTINUOUS
10
58.205447999999997
20
-102.5422279999999944
11
58.1748519999999942
21
-102.3884139999999974
0
LINE
8
BLACK
6
CONTINUOUS
10
58.1748519999999942
20
-102.3884139999999974
11
58.1748519999999942
21
-102.231585999999993
0
LINE
8
BLACK
6
CONTINUOUS
10
58.1748519999999942
20
-102.231585999999993
11
58.205447999999997
21
-102.077771999999996
0
LINE
8
BLACK
6
CONTINUOUS
10
58.205447999999997
20
-102.077771999999996
11
58.2654629999999969
21
-101.9328829999999897
0
LINE
8
BLACK
6
CONTINUOUS
10
58.2654629999999969
20
-101.9328829999999897
11
58.3525919999999942
21
-101.8024849999999901
0
LINE
8
BLACK
6
CONTINUOUS
10
58.3525919999999942
20
-101.8024849999999901
11
58.4634849999999986
21
-101.691592
0
LINE
8
BLACK
6
CONTINUOUS
10
58.4634849999999986
20
-101.691592
11
58.5938829999999982
21
-101.6044629999999955
0
LINE
8
BLACK
6
CONTINUOUS
10
58.5938829999999982
20
-101.6044629999999955
11
58.7387719999999973
21
-101.5444479999999885
0
LINE
8
BLACK
6
CONTINUOUS
10
58.7387719999999973
20
-101.5444479999999885
11
58.8925859999999943
21
-101.513852
0
LINE
8
BLACK
6
CONTINUOUS
10
58.8925859999999943
20
-101.513852
11
59.0494139999999987
21
-101.513852
0
LINE
8
BLACK
6
CONTINUOUS
10
59.0494139999999987
20
-101.513852
11
59.2032279999999957
21
-101.5444479999999885
0
LINE
8
BLACK
6
CONTINUOUS
10
75.6811039999999906
20
-101.5771269999999902
11
75.7540989999999965
21
-101.6259009999999989
0
LINE
8
BLACK
6
CONTINUOUS
10
75.7540989999999965
20
-101.6259009999999989
11
75.8028729999999911
21
-101.6988959999999906
0
LINE
8
BLACK
6
CONTINUOUS
10
75.8028729999999911
20
-101.6988959999999906
11
75.8199999999999932
21
-101.7849999999999966
0
LINE
8
BLACK
6
CONTINUOUS
10
75.8199999999999932
20
-101.7849999999999966
11
75.8199999999999932
21
-102.8349999999999937
0
LINE
8
BLACK
6
CONTINUOUS
10
75.8199999999999932
20
-102.8349999999999937
11
75.8028729999999911
21
-102.9211039999999997
0
LINE
8
BLACK
6
CONTINUOUS
10
75.8028729999999911
20
-102.9211039999999997
11
75.7540989999999965
21
-102.9940989999999914
0
LINE
8
BLACK
6
CONTINUOUS
10
75.7540989999999965
20
-102.9940989999999914
11
75.6811039999999906
21
-103.0428730000000002
0
LINE
8
BLACK
6
CONTINUOUS
10
75.6811039999999906
20
-103.0428730000000002
11
75.5949999999999989
21
-103.0600000000000023
0
LINE
8
BLACK
6
CONTINUOUS
10
75.5949999999999989
20
-103.0600000000000023
11
66.0450000000000017
21
-103.0600000000000023
0
LINE
8
BLACK
6
CONTINUOUS
10
66.0450000000000017
20
-103.0600000000000023
11
65.9588959999999958
21
-103.0428730000000002
0
LINE
8
BLACK
6
CONTINUOUS
10
65.9588959999999958
20
-103.0428730000000002
11
65.885901000000004
21
-102.9940989999999914
0
LINE
8
BLACK
6
CONTINUOUS
10
65.885901000000004
20
-102.9940989999999914
11
65.8371269999999953
21
-102.9211039999999997
0
LINE
8
BLACK
6
CONTINUOUS
10
65.8371269999999953
20
-102.9211039999999997
11
65.8199999999999932
21
-102.8349999999999937
0
LINE
8
BLACK
6
CONTINUOUS
10
65.8199999999999932
20
-102.8349999999999937
11
65.8199999999999932
21
-101.7849999999999966
0
LINE
8
BLACK
6
CONTINUOUS
10
65.8199999999999932
20
-101.7849999999999966
11
65.8371269999999953
21
-101.6988959999999906
0
LINE
8
BLACK
6
CONTINUOUS
10
65.8371269999999953
20
-101.6988959999999906
11
65.885901000000004
21
-101.6259009999999989
0
LINE
8
BLACK
6
CONTINUOUS
10
65.885901000000004
20
-101.6259009999999989
11
65.9588959999999958
21
-101.5771269999999902
0
LINE
8
BLACK
6
CONTINUOUS
10
65.9588959999999958
20
-101.5771269999999902
11
66.0450000000000017
21
-101.5600000000000023
0
LINE
8
BLACK
6
CONTINUOUS
10
66.0450000000000017
20
-101.5600000000000023
11
75.5949999999999989
21
-101.5600000000000023
0
LINE
8
BLACK
6
CONTINUOUS
10
75.5949999999999989
20
-101.5600000000000023
11
75.6811039999999906
21
-101.5771269999999902
0
LINE
8
BLACK
6
CONTINUOUS
10
105.6811039999999906
20
-101.5771269999999902
11
105.7540989999999965
21
-101.6259009999999989
0
LINE
8
BLACK
6
CONTINUOUS
10
105.7540989999999965
20
-101.6259009999999989
11
105.8028729999999911
21
-101.6988959999999906
0
LINE
8
BLACK
6
CONTINUOUS
10
105.8028729999999911
20
-101.6988959999999906
11
105.8199999999999932
21
-101.7849999999999966
0
LINE
8
BLACK
6
CONTINUOUS
10
105.8199999999999932
20
-101.7849999999999966
11
105.8199999999999932
21
-102.8349999999999937
0
LINE
8
BLACK
6
CONTINUOUS
10
105.8199999999999932
20
-102.8349999999999937
11
105.8028729999999911
21
-102.9211039999999997
0
LINE
8
BLACK
6
CONTINUOUS
10
105.8028729999999911
20
-102.9211039999999997
11
105.7540989999999965
21
-102.9940989999999914
0
LINE
8
BLACK
6
CONTINUOUS
10
105.7540989999999965
20
-102.9940989999999914
11
105.6811039999999906
21
-103.0428730000000002
0
LINE
8
BLACK
6
CONTINUOUS
10
105.6811039999999906
20
-103.0428730000000002
11
105.5949999999999989
21
-103.0600000000000023
0
LINE
8
BLACK
6
CONTINUOUS
10
105.5949999999999989
20
-103.0600000000000023
11
96.0450000000000017
21
-103.0600000000000023
0
LINE
8
BLACK
6
CONTINUOUS
10
96.0450000000000017
20
-103.0600000000000023
11
95.9588959999999958
21
-103.0428730000000002
0
LINE
8
BLACK
6
CONTINUOUS
10
95.9588959999999958
20
-103.0428730000000002
11
95.8859009999999898
21
-102.9940989999999914
0
LINE
8
BLACK
6
CONTINUOUS
10
95.8859009999999898
20
-102.9940989999999914
11
95.8371269999999953
21
-102.9211039999999997
0
LINE
8
BLACK
6
CONTINUOUS
10
95.8371269999999953
20
-102.9211039999999997
11
95.8199999999999932
21
-102.8349999999999937
0
LINE
8
BLACK
6
CONTINUOUS
10
95.8199999999999932
20
-102.8349999999999937
11
95.8199999999999932
21
-101.7849999999999966
0
LINE
8
BLACK
6
CONTINUOUS
10
95.8199999999999932
20
-101.7849999999999966
11
95.8371269999999953
21
-101.6988959999999906
0
LINE
8
BLACK
6
CONTINUOUS
10
95.8371269999999953
20
-101.6988959999999906
11
95.8859009999999898
21
-101.6259009999999989
0
LINE
8
BLACK
6
CONTINUOUS
10
95.8859009999999898
20
-101.6259009999999989
11
95.9588959999999958
21
-101.5771269999999902
0
LINE
8
BLACK
6
CONTINUOUS
10
95.9588959999999958
20
-101.5771269999999902
11
96.0450000000000017
21
-101.5600000000000023
0
LINE
8
BLACK
6
CONTINUOUS
10
96.0450000000000017
20
-101.5600000000000023
11
105.5949999999999989
21
-101.5600000000000023
0
LINE
8
BLACK
6
CONTINUOUS
10
105.5949999999999989
20
-101.5600000000000023
11
105.6811039999999906
21
-101.5771269999999902
0
LINE
8
BLACK
6
CONTINUOUS
10
154.501103999999998
20
-101.5771269999999902
11
154.5740989999999897
21
-101.6259009999999989
0
LINE
8
BLACK
6
CONTINUOUS
10
154.5740989999999897
20
-101.6259009999999989
11
154.6228729999999985
21
-101.6988959999999906
0
LINE
8
BLACK
6
CONTINUOUS
10
154.6228729999999985
20
-101.6988959999999906
11
154.6399999999999864
21
-101.7849999999999966
0
LINE
8
BLACK
6
CONTINUOUS
10
154.6399999999999864
20
-101.7849999999999966
11
154.6399999999999864
21
-102.8349999999999937
0
LINE
8
BLACK
6
CONTINUOUS
10
154.6399999999999864
20
-102.8349999999999937
11
154.6228729999999985
21
-102.9211039999999997
0
LINE
8
BLACK
6
CONTINUOUS
10
154.6228729999999985
20
-102.9211039999999997
11
154.5740989999999897
21
-102.9940989999999914
0
LINE
8
BLACK
6
CONTINUOUS
10
154.5740989999999897
20
-102.9940989999999914
11
154.501103999999998
21
-103.0428730000000002
0
LINE
8
BLACK
6
CONTINUOUS
10
154.501103999999998
20
-103.0428730000000002
11
154.414999999999992
21
-103.0600000000000023
0
LINE
8
BLACK
6
CONTINUOUS
10
154.414999999999992
20
-103.0600000000000023
11
144.8649999999999807
21
-103.0600000000000023
0
LINE
8
BLACK
6
CONTINUOUS
10
144.8649999999999807
20
-103.0600000000000023
11
144.7788960000000031
21
-103.0428730000000002
0
LINE
8
BLACK
6
CONTINUOUS
10
144.7788960000000031
20
-103.0428730000000002
11
144.705900999999983
21
-102.9940989999999914
0
LINE
8
BLACK
6
CONTINUOUS
10
144.705900999999983
20
-102.9940989999999914
11
144.6571270000000027
21
-102.9211039999999997
0
LINE
8
BLACK
6
CONTINUOUS
10
144.6571270000000027
20
-102.9211039999999997
11
144.6399999999999864
21
-102.8349999999999937
0
LINE
8
BLACK
6
CONTINUOUS
10
144.6399999999999864
20
-102.8349999999999937
11
144.6399999999999864
21
-101.7849999999999966
0
LINE
8
BLACK
6
CONTINUOUS
10
144.6399999999999864
20
-101.7849999999999966
11
144.6571270000000027
21
-101.6988959999999906
0
LINE
8
BLACK
6
CONTINUOUS
10
144.6571270000000027
20
-101.6988959999999906
11
144.705900999999983
21
-101.6259009999999989
0
LINE
8
BLACK
6
CONTINUOUS
10
144.705900999999983
20
-101.6259009999999989
11
144.7788960000000031
21
-101.5771269999999902
0
LINE
8
BLACK
6
CONTINUOUS
10
144.7788960000000031
20
-101.5771269999999902
11
144.8649999999999807
21
-101.5600000000000023
0
LINE
8
BLACK
6
CONTINUOUS
10
144.8649999999999807
20
-101.5600000000000023
11
154.414999999999992
21
-101.5600000000000023
0
LINE
8
BLACK
6
CONTINUOUS
10
154.414999999999992
20
-101.5600000000000023
11
154.501103999999998
21
-101.5771269999999902
0
LINE
8
BLACK
6
CONTINUOUS
10
184.501103999999998
20
-101.5771269999999902
11
184.5740989999999897
21
-101.6259009999999989
0
LINE
8
BLACK
6
CONTINUOUS
10
184.5740989999999897
20
-101.6259009999999989
11
184.6228729999999985
21
-101.6988959999999906
0
LINE
8
BLACK
6
CONTINUOUS
10
184.6228729999999985
20
-101.6988959999999906
11
184.6399999999999864
21
-101.7849999999999966
0
LINE
8
BLACK
6
CONTINUOUS
10
184.6399999999999864
20
-101.7849999999999966
11
184.6399999999999864
21
-102.8349999999999937
0
LINE
8
BLACK
6
CONTINUOUS
10
184.6399999999999864
20
-102.8349999999999937
11
184.6228729999999985
21
-102.9211039999999997
0
LINE
8
BLACK
6
CONTINUOUS
10
184.6228729999999985
20
-102.9211039999999997
11
184.5740989999999897
21
-102.9940989999999914
0
LINE
8
BLACK
6
CONTINUOUS
10
184.5740989999999897
20
-102.9940989999999914
11
184.501103999999998
21
-103.0428730000000002
0
LINE
8
BLACK
6
CONTINUOUS
10
184.501103999999998
20
-103.0428730000000002
11
184.414999999999992
21
-103.0600000000000023
0
LINE
8
BLACK
6
CONTINUOUS
10
184.414999999999992
20
-103.0600000000000023
11
174.8649999999999807
21
-103.0600000000000023
0
LINE
8
BLACK
6
CONTINUOUS
10
174.8649999999999807
20
-103.0600000000000023
11
174.7788960000000031
21
-103.0428730000000002
0
LINE
8
BLACK
6
CONTINUOUS
10
174.7788960000000031
20
-103.0428730000000002
11
174.705900999999983
21
-102.9940989999999914
0
LINE
8
BLACK
6
CONTINUOUS
10
174.705900999999983
20
-102.9940989999999914
11
174.6571270000000027
21
-102.9211039999999997
0
LINE
8
BLACK
6
CONTINUOUS
10
174.6571270000000027
20
-102.9211039999999997
11
174.6399999999999864
21
-102.8349999999999937
0
LINE
8
BLACK
6
CONTINUOUS
10
174.6399999999999864
20
-102.8349999999999937
11
174.6399999999999864
21
-101.7849999999999966
0
LINE
8
BLACK
6
CONTINUOUS
10
174.6399999999999864
20
-101.7849999999999966
11
174.6571270000000027
21
-101.6988959999999906
0
LINE
8
BLACK
6
CONTINUOUS
10
174.6571270000000027
20
-101.6988959999999906
11
174.705900999999983
21
-101.6259009999999989
0
LINE
8
BLACK
6
CONTINUOUS
10
174.705900999999983
20
-101.6259009999999989
11
174.7788960000000031
21
-101.5771269999999902
0
LINE
8
BLACK
6
CONTINUOUS
10
174.7788960000000031
20
-101.5771269999999902
11
174.8649999999999807
21
-101.5600000000000023
0
LINE
8
BLACK
6
CONTINUOUS
10
174.8649999999999807
20
-101.5600000000000023
11
184.414999999999992
21
-101.5600000000000023
0
LINE
8
BLACK
6
CONTINUOUS
10
184.414999999999992
20
-101.5600000000000023
11
184.501103999999998
21
-101.5771269999999902
0
LINE
8
BLACK
6
CONTINUOUS
10
49.9512280000000004
20
-99.8075529999999986
11
50.0961169999999996
21
-99.8675679999999915
0
LINE
8
BLACK
6
CONTINUOUS
10
50.0961169999999996
20
-99.8675679999999915
11
50.2265149999999991
21
-99.9546969999999959
0
LINE
8
BLACK
6
CONTINUOUS
10
50.2265149999999991
20
-99.9546969999999959
11
50.3374079999999964
21
-100.0655900000000003
0
LINE
8
BLACK
6
CONTINUOUS
10
50.3374079999999964
20
-100.0655900000000003
11
50.4245370000000008
21
-100.1959879999999998
0
LINE
8
BLACK
6
CONTINUOUS
10
50.4245370000000008
20
-100.1959879999999998
11
50.4845520000000008
21
-100.3408769999999919
0
LINE
8
BLACK
6
CONTINUOUS
10
50.4845520000000008
20
-100.3408769999999919
11
50.5151479999999964
21
-100.4946909999999889
0
LINE
8
BLACK
6
CONTINUOUS
10
50.5151479999999964
20
-100.4946909999999889
11
50.5151479999999964
21
-100.6515189999999933
0
LINE
8
BLACK
6
CONTINUOUS
10
50.5151479999999964
20
-100.6515189999999933
11
50.4845520000000008
21
-100.8053329999999903
0
LINE
8
BLACK
6
CONTINUOUS
10
50.4845520000000008
20
-100.8053329999999903
11
50.4245370000000008
21
-100.9502219999999966
0
LINE
8
BLACK
6
CONTINUOUS
10
50.4245370000000008
20
-100.9502219999999966
11
50.3374079999999964
21
-101.0806199999999961
0
LINE
8
BLACK
6
CONTINUOUS
10
50.3374079999999964
20
-101.0806199999999961
11
50.2265149999999991
21
-101.1915130000000005
0
LINE
8
BLACK
6
CONTINUOUS
10
50.2265149999999991
20
-101.1915130000000005
11
50.0961169999999996
21
-101.2786419999999907
0
LINE
8
BLACK
6
CONTINUOUS
10
50.0961169999999996
20
-101.2786419999999907
11
49.9512280000000004
21
-101.3386569999999978
0
LINE
8
BLACK
6
CONTINUOUS
10
49.9512280000000004
20
-101.3386569999999978
11
49.7974139999999963
21
-101.3692530000000005
0
LINE
8
BLACK
6
CONTINUOUS
10
49.7974139999999963
20
-101.3692530000000005
11
49.640585999999999
21
-101.3692530000000005
0
LINE
8
BLACK
6
CONTINUOUS
10
49.640585999999999
20
-101.3692530000000005
11
49.4867719999999949
21
-101.3386569999999978
0
LINE
8
BLACK
6
CONTINUOUS
10
49.4867719999999949
20
-101.3386569999999978
11
49.3418829999999957
21
-101.2786419999999907
0
LINE
8
BLACK
6
CONTINUOUS
10
49.3418829999999957
20
-101.2786419999999907
11
49.2114849999999961
21
-101.1915130000000005
0
LINE
8
BLACK
6
CONTINUOUS
10
49.2114849999999961
20
-101.1915130000000005
11
49.1005919999999989
21
-101.0806199999999961
0
LINE
8
BLACK
6
CONTINUOUS
10
49.1005919999999989
20
-101.0806199999999961
11
49.0134629999999945
21
-100.9502219999999966
0
LINE
8
BLACK
6
CONTINUOUS
10
49.0134629999999945
20
-100.9502219999999966
11
48.9534479999999945
21
-100.8053329999999903
0
LINE
8
BLACK
6
CONTINUOUS
10
48.9534479999999945
20
-100.8053329999999903
11
48.9228519999999989
21
-100.6515189999999933
0
LINE
8
BLACK
6
CONTINUOUS
10
48.9228519999999989
20
-100.6515189999999933
11
48.9228519999999989
21
-100.4946909999999889
0
LINE
8
BLACK
6
CONTINUOUS
10
48.9228519999999989
20
-100.4946909999999889
11
48.9534479999999945
21
-100.3408769999999919
0
LINE
8
BLACK
6
CONTINUOUS
10
48.9534479999999945
20
-100.3408769999999919
11
49.0134629999999945
21
-100.1959879999999998
0
LINE
8
BLACK
6
CONTINUOUS
10
49.0134629999999945
20
-100.1959879999999998
11
49.1005919999999989
21
-100.0655900000000003
0
LINE
8
BLACK
6
CONTINUOUS
10
49.1005919999999989
20
-100.0655900000000003
11
49.2114849999999961
21
-99.9546969999999959
0
LINE
8
BLACK
6
CONTINUOUS
10
49.2114849999999961
20
-99.9546969999999959
11
49.3418829999999957
21
-99.8675679999999915
0
LINE
8
BLACK
6
CONTINUOUS
10
49.3418829999999957
20
-99.8675679999999915
11
49.4867719999999949
21
-99.8075529999999986
0
LINE
8
BLACK
6
CONTINUOUS
10
49.4867719999999949
20
-99.8075529999999986
11
49.640585999999999
21
-99.7769569999999959
0
LINE
8
BLACK
6
CONTINUOUS
10
49.640585999999999
20
-99.7769569999999959
11
49.7974139999999963
21
-99.7769569999999959
0
LINE
8
BLACK
6
CONTINUOUS
10
49.7974139999999963
20
-99.7769569999999959
11
49.9512280000000004
21
-99.8075529999999986
0
LINE
8
BLACK
6
CONTINUOUS
10
75.6811039999999906
20
-99.0371269999999981
11
75.7540989999999965
21
-99.0859009999999927
0
LINE
8
BLACK
6
CONTINUOUS
10
75.7540989999999965
20
-99.0859009999999927
11
75.8028729999999911
21
-99.1588959999999986
0
LINE
8
BLACK
6
CONTINUOUS
10
75.8028729999999911
20
-99.1588959999999986
11
75.8199999999999932
21
-99.2449999999999903
0
LINE
8
BLACK
6
CONTINUOUS
10
75.8199999999999932
20
-99.2449999999999903
11
75.8199999999999932
21
-100.2950000000000017
0
LINE
8
BLACK
6
CONTINUOUS
10
75.8199999999999932
20
-100.2950000000000017
11
75.8028729999999911
21
-100.3811039999999934
0
LINE
8
BLACK
6
CONTINUOUS
10
75.8028729999999911
20
-100.3811039999999934
11
75.7540989999999965
21
-100.4540989999999994
0
LINE
8
BLACK
6
CONTINUOUS
10
75.7540989999999965
20
-100.4540989999999994
11
75.6811039999999906
21
-100.5028729999999939
0
LINE
8
BLACK
6
CONTINUOUS
10
75.6811039999999906
20
-100.5028729999999939
11
75.5949999999999989
21
-100.519999999999996
0
LINE
8
BLACK
6
CONTINUOUS
10
75.5949999999999989
20
-100.519999999999996
11
66.0450000000000017
21
-100.519999999999996
0
LINE
8
BLACK
6
CONTINUOUS
10
66.0450000000000017
20
-100.519999999999996
11
65.9588959999999958
21
-100.5028729999999939
0
LINE
8
BLACK
6
CONTINUOUS
10
65.9588959999999958
20
-100.5028729999999939
11
65.885901000000004
21
-100.4540989999999994
0
LINE
8
BLACK
6
CONTINUOUS
10
65.885901000000004
20
-100.4540989999999994
11
65.8371269999999953
21
-100.3811039999999934
0
LINE
8
BLACK
6
CONTINUOUS
10
65.8371269999999953
20
-100.3811039999999934
11
65.8199999999999932
21
-100.2950000000000017
0
LINE
8
BLACK
6
CONTINUOUS
10
65.8199999999999932
20
-100.2950000000000017
11
65.8199999999999932
21
-99.2449999999999903
0
LINE
8
BLACK
6
CONTINUOUS
10
65.8199999999999932
20
-99.2449999999999903
11
65.8371269999999953
21
-99.1588959999999986
0
LINE
8
BLACK
6
CONTINUOUS
10
65.8371269999999953
20
-99.1588959999999986
11
65.885901000000004
21
-99.0859009999999927
0
LINE
8
BLACK
6
CONTINUOUS
10
65.885901000000004
20
-99.0859009999999927
11
65.9588959999999958
21
-99.0371269999999981
0
LINE
8
BLACK
6
CONTINUOUS
10
65.9588959999999958
20
-99.0371269999999981
11
66.0450000000000017
21
-99.019999999999996
0
LINE
8
BLACK
6
CONTINUOUS
10
66.0450000000000017
20
-99.019999999999996
11
75.5949999999999989
21
-99.019999999999996
0
LINE
8
BLACK
6
CONTINUOUS
10
75.5949999999999989
20
-99.019999999999996
11
75.6811039999999906
21
-99.0371269999999981
0
LINE
8
BLACK
6
CONTINUOUS
10
105.6811039999999906
20
-99.0371269999999981
11
105.7540989999999965
21
-99.0859009999999927
0
LINE
8
BLACK
6
CONTINUOUS
10
105.7540989999999965
20
-99.0859009999999927
11
105.8028729999999911
21
-99.1588959999999986
0
LINE
8
BLACK
6
CONTINUOUS
10
105.8028729999999911
20
-99.1588959999999986
11
105.8199999999999932
21
-99.2449999999999903
0
LINE
8
BLACK
6
CONTINUOUS
10
105.8199999999999932
20
-99.2449999999999903
11
105.8199999999999932
21
-100.2950000000000017
0
LINE
8
BLACK
6
CONTINUOUS
10
105.8199999999999932
20
-100.2950000000000017
11
105.8028729999999911
21
-100.3811039999999934
0
LINE
8
BLACK
6
CONTINUOUS
10
105.8028729999999911
20
-100.3811039999999934
11
105.7540989999999965
21
-100.4540989999999994
0
LINE
8
BLACK
6
CONTINUOUS
10
105.7540989999999965
20
-100.4540989999999994
11
105.6811039999999906
21
-100.5028729999999939
0
LINE
8
BLACK
6
CONTINUOUS
10
105.6811039999999906
20
-100.5028729999999939
11
105.5949999999999989
21
-100.519999999999996
0
LINE
8
BLACK
6
CONTINUOUS
10
105.5949999999999989
20
-100.519999999999996
11
96.0450000000000017
21
-100.519999999999996
0
LINE
8
BLACK
6
CONTINUOUS
10
96.0450000000000017
20
-100.519999999999996
11
95.9588959999999958
21
-100.5028729999999939
0
LINE
8
BLACK
6
CONTINUOUS
10
95.9588959999999958
20
-100.5028729999999939
11
95.8859009999999898
21
-100.4540989999999994
0
LINE
8
BLACK
6
CONTINUOUS
10
95.8859009999999898
20
-100.4540989999999994
11
95.8371269999999953
21
-100.3811039999999934
0
LINE
8
BLACK
6
CONTINUOUS
10
95.8371269999999953
20
-100.3811039999999934
11
95.8199999999999932
21
-100.2950000000000017
0
LINE
8
BLACK
6
CONTINUOUS
10
95.8199999999999932
20
-100.2950000000000017
11
95.8199999999999932
21
-99.2449999999999903
0
LINE
8
BLACK
6
CONTINUOUS
10
95.8199999999999932
20
-99.2449999999999903
11
95.8371269999999953
21
-99.1588959999999986
0
LINE
8
BLACK
6
CONTINUOUS
10
95.8371269999999953
20
-99.1588959999999986
11
95.8859009999999898
21
-99.0859009999999927
0
LINE
8
BLACK
6
CONTINUOUS
10
95.8859009999999898
20
-99.0859009999999927
11
95.9588959999999958
21
-99.0371269999999981
0
LINE
8
BLACK
6
CONTINUOUS
10
95.9588959999999958
20
-99.0371269999999981
11
96.0450000000000017
21
-99.019999999999996
0
LINE
8
BLACK
6
CONTINUOUS
10
96.0450000000000017
20
-99.019999999999996
11
105.5949999999999989
21
-99.019999999999996
0
LINE
8
BLACK
6
CONTINUOUS
10
105.5949999999999989
20
-99.019999999999996
11
105.6811039999999906
21
-99.0371269999999981
0
LINE
8
BLACK
6
CONTINUOUS
10
154.501103999999998
20
-99.0371269999999981
11
154.5740989999999897
21
-99.0859009999999927
0
LINE
8
BLACK
6
CONTINUOUS
10
154.5740989999999897
20
-99.0859009999999927
11
154.6228729999999985
21
-99.1588959999999986
0
LINE
8
BLACK
6
CONTINUOUS
10
154.6228729999999985
20
-99.1588959999999986
11
154.6399999999999864
21
-99.2449999999999903
0
LINE
8
BLACK
6
CONTINUOUS
10
154.6399999999999864
20
-99.2449999999999903
11
154.6399999999999864
21
-100.2950000000000017
0
LINE
8
BLACK
6
CONTINUOUS
10
154.6399999999999864
20
-100.2950000000000017
11
154.6228729999999985
21
-100.3811039999999934
0
LINE
8
BLACK
6
CONTINUOUS
10
154.6228729999999985
20
-100.3811039999999934
11
154.5740989999999897
21
-100.4540989999999994
0
LINE
8
BLACK
6
CONTINUOUS
10
154.5740989999999897
20
-100.4540989999999994
11
154.501103999999998
21
-100.5028729999999939
0
LINE
8
BLACK
6
CONTINUOUS
10
154.501103999999998
20
-100.5028729999999939
11
154.414999999999992
21
-100.519999999999996
0
LINE
8
BLACK
6
CONTINUOUS
10
154.414999999999992
20
-100.519999999999996
11
144.8649999999999807
21
-100.519999999999996
0
LINE
8
BLACK
6
CONTINUOUS
10
144.8649999999999807
20
-100.519999999999996
11
144.7788960000000031
21
-100.5028729999999939
0
LINE
8
BLACK
6
CONTINUOUS
10
144.7788960000000031
20
-100.5028729999999939
11
144.705900999999983
21
-100.4540989999999994
0
LINE
8
BLACK
6
CONTINUOUS
10
144.705900999999983
20
-100.4540989999999994
11
144.6571270000000027
21
-100.3811039999999934
0
LINE
8
BLACK
6
CONTINUOUS
10
144.6571270000000027
20
-100.3811039999999934
11
144.6399999999999864
21
-100.2950000000000017
0
LINE
8
BLACK
6
CONTINUOUS
10
144.6399999999999864
20
-100.2950000000000017
11
144.6399999999999864
21
-99.2449999999999903
0
LINE
8
BLACK
6
CONTINUOUS
10
144.6399999999999864
20
-99.2449999999999903
11
144.6571270000000027
21
-99.1588959999999986
0
LINE
8
BLACK
6
CONTINUOUS
10
144.6571270000000027
20
-99.1588959999999986
11
144.705900999999983
21
-99.0859009999999927
0
LINE
8
BLACK
6
CONTINUOUS
10
144.705900999999983
20
-99.0859009999999927
11
144.7788960000000031
21
-99.0371269999999981
0
LINE
8
BLACK
6
CONTINUOUS
10
144.7788960000000031
20
-99.0371269999999981
11
144.8649999999999807
21
-99.019999999999996
0
LINE
8
BLACK
6
CONTINUOUS
10
144.8649999999999807
20
-99.019999999999996
11
154.414999999999992
21
-99.019999999999996
0
LINE
8
BLACK
6
CONTINUOUS
10
154.414999999999992
20
-99.019999999999996
11
154.501103999999998
21
-99.0371269999999981
0
LINE
8
BLACK
6
CONTINUOUS
10
184.501103999999998
20
-99.0371269999999981
11
184.5740989999999897
21
-99.0859009999999927
0
LINE
8
BLACK
6
CONTINUOUS
10
184.5740989999999897
20
-99.0859009999999927
11
184.6228729999999985
21
-99.1588959999999986
0
LINE
8
BLACK
6
CONTINUOUS
10
184.6228729999999985
20
-99.1588959999999986
11
184.6399999999999864
21
-99.2449999999999903
0
LINE
8
BLACK
6
CONTINUOUS
10
184.6399999999999864
20
-99.2449999999999903
11
184.6399999999999864
21
-100.2950000000000017
0
LINE
8
BLACK
6
CONTINUOUS
10
184.6399999999999864
20
-100.2950000000000017
11
184.6228729999999985
21
-100.3811039999999934
0
LINE
8
BLACK
6
CONTINUOUS
10
184.6228729999999985
20
-100.3811039999999934
11
184.5740989999999897
21
-100.4540989999999994
0
LINE
8
BLACK
6
CONTINUOUS
10
184.5740989999999897
20
-100.4540989999999994
11
184.501103999999998
21
-100.5028729999999939
0
LINE
8
BLACK
6
CONTINUOUS
10
184.501103999999998
20
-100.5028729999999939
11
184.414999999999992
21
-100.519999999999996
0
LINE
8
BLACK
6
CONTINUOUS
10
184.414999999999992
20
-100.519999999999996
11
174.8649999999999807
21
-100.519999999999996
0
LINE
8
BLACK
6
CONTINUOUS
10
174.8649999999999807
20
-100.519999999999996
11
174.7788960000000031
21
-100.5028729999999939
0
LINE
8
BLACK
6
CONTINUOUS
10
174.7788960000000031
20
-100.5028729999999939
11
174.705900999999983
21
-100.4540989999999994
0
LINE
8
BLACK
6
CONTINUOUS
10
174.705900999999983
20
-100.4540989999999994
11
174.6571270000000027
21
-100.3811039999999934
0
LINE
8
BLACK
6
CONTINUOUS
10
174.6571270000000027
20
-100.3811039999999934
11
174.6399999999999864
21
-100.2950000000000017
0
LINE
8
BLACK
6
CONTINUOUS
10
174.6399999999999864
20
-100.2950000000000017
11
174.6399999999999864
21
-99.2449999999999903
0
LINE
8
BLACK
6
CONTINUOUS
10
174.6399999999999864
20
-99.2449999999999903
11
174.6571270000000027
21
-99.1588959999999986
0
LINE
8
BLACK
6
CONTINUOUS
10
174.6571270000000027
20
-99.1588959999999986
11
174.705900999999983
21
-99.0859009999999927
0
LINE
8
BLACK
6
CONTINUOUS
10
174.705900999999983
20
-99.0859009999999927
11
174.7788960000000031
21
-99.0371269999999981
0
LINE
8
BLACK
6
CONTINUOUS
10
174.7788960000000031
20
-99.0371269999999981
11
174.8649999999999807
21
-99.019999999999996
0
LINE
8
BLACK
6
CONTINUOUS
10
174.8649999999999807
20
-99.019999999999996
11
184.414999999999992
21
-99.019999999999996
0
LINE
8
BLACK
6
CONTINUOUS
10
184.414999999999992
20
-99.019999999999996
11
184.501103999999998
21
-99.0371269999999981
0
LINE
8
BLACK
6
CONTINUOUS
10
52.2722279999999984
20
-98.874448000000001
11
52.4171169999999975
21
-98.9344629999999938
0
LINE
8
BLACK
6
CONTINUOUS
10
52.4171169999999975
20
-98.9344629999999938
11
52.5475149999999971
21
-99.0215919999999983
0
LINE
8
BLACK
6
CONTINUOUS
10
52.5475149999999971
20
-99.0215919999999983
11
52.6584079999999943
21
-99.1324849999999884
0
LINE
8
BLACK
6
CONTINUOUS
10
52.6584079999999943
20
-99.1324849999999884
11
52.7455369999999988
21
-99.2628830000000022
0
LINE
8
BLACK
6
CONTINUOUS
10
52.7455369999999988
20
-99.2628830000000022
11
52.8055519999999987
21
-99.4077719999999943
0
LINE
8
BLACK
6
CONTINUOUS
10
52.8055519999999987
20
-99.4077719999999943
11
52.8361479999999943
21
-99.5615859999999913
0
LINE
8
BLACK
6
CONTINUOUS
10
52.8361479999999943
20
-99.5615859999999913
11
52.8361479999999943
21
-99.7184139999999957
0
LINE
8
BLACK
6
CONTINUOUS
10
52.8361479999999943
20
-99.7184139999999957
11
52.8055519999999987
21
-99.8722279999999927
0
LINE
8
BLACK
6
CONTINUOUS
10
52.8055519999999987
20
-99.8722279999999927
11
52.7455369999999988
21
-100.0171169999999989
0
LINE
8
BLACK
6
CONTINUOUS
10
52.7455369999999988
20
-100.0171169999999989
11
52.6584079999999943
21
-100.1475149999999985
0
LINE
8
BLACK
6
CONTINUOUS
10
52.6584079999999943
20
-100.1475149999999985
11
52.5475149999999971
21
-100.2584079999999886
0
LINE
8
BLACK
6
CONTINUOUS
10
52.5475149999999971
20
-100.2584079999999886
11
52.4171169999999975
21
-100.3455369999999931
0
LINE
8
BLACK
6
CONTINUOUS
10
52.4171169999999975
20
-100.3455369999999931
11
52.2722279999999984
21
-100.4055520000000001
0
LINE
8
BLACK
6
CONTINUOUS
10
52.2722279999999984
20
-100.4055520000000001
11
52.1184139999999942
21
-100.4361479999999887
0
LINE
8
BLACK
6
CONTINUOUS
10
52.1184139999999942
20
-100.4361479999999887
11
51.9615859999999969
21
-100.4361479999999887
0
LINE
8
BLACK
6
CONTINUOUS
10
51.9615859999999969
20
-100.4361479999999887
11
51.8077719999999999
21
-100.4055520000000001
0
LINE
8
BLACK
6
CONTINUOUS
10
51.8077719999999999
20
-100.4055520000000001
11
51.6628830000000008
21
-100.3455369999999931
0
LINE
8
BLACK
6
CONTINUOUS
10
51.6628830000000008
20
-100.3455369999999931
11
51.5324850000000012
21
-100.2584079999999886
0
LINE
8
BLACK
6
CONTINUOUS
10
51.5324850000000012
20
-100.2584079999999886
11
51.4215919999999969
21
-100.1475149999999985
0
LINE
8
BLACK
6
CONTINUOUS
10
51.4215919999999969
20
-100.1475149999999985
11
51.3344629999999995
21
-100.0171169999999989
0
LINE
8
BLACK
6
CONTINUOUS
10
51.3344629999999995
20
-100.0171169999999989
11
51.2744479999999996
21
-99.8722279999999927
0
LINE
8
BLACK
6
CONTINUOUS
10
51.2744479999999996
20
-99.8722279999999927
11
51.2438519999999968
21
-99.7184139999999957
0
LINE
8
BLACK
6
CONTINUOUS
10
51.2438519999999968
20
-99.7184139999999957
11
51.2438519999999968
21
-99.5615859999999913
0
LINE
8
BLACK
6
CONTINUOUS
10
51.2438519999999968
20
-99.5615859999999913
11
51.2744479999999996
21
-99.4077719999999943
0
LINE
8
BLACK
6
CONTINUOUS
10
51.2744479999999996
20
-99.4077719999999943
11
51.3344629999999995
21
-99.2628830000000022
0
LINE
8
BLACK
6
CONTINUOUS
10
51.3344629999999995
20
-99.2628830000000022
11
51.4215919999999969
21
-99.1324849999999884
0
LINE
8
BLACK
6
CONTINUOUS
10
51.4215919999999969
20
-99.1324849999999884
11
51.5324850000000012
21
-99.0215919999999983
0
LINE
8
BLACK
6
CONTINUOUS
10
51.5324850000000012
20
-99.0215919999999983
11
51.6628830000000008
21
-98.9344629999999938
0
LINE
8
BLACK
6
CONTINUOUS
10
51.6628830000000008
20
-98.9344629999999938
11
51.8077719999999999
21
-98.874448000000001
0
LINE
8
BLACK
6
CONTINUOUS
10
51.8077719999999999
20
-98.874448000000001
11
51.9615859999999969
21
-98.8438519999999983
0
LINE
8
BLACK
6
CONTINUOUS
10
51.9615859999999969
20
-98.8438519999999983
11
52.1184139999999942
21
-98.8438519999999983
0
LINE
8
BLACK
6
CONTINUOUS
10
52.1184139999999942
20
-98.8438519999999983
11
52.2722279999999984
21
-98.874448000000001
0
LINE
8
BLACK
6
CONTINUOUS
10
244.7622279999999932
20
-98.3844479999999919
11
244.9071169999999995
21
-98.4444629999999989
0
LINE
8
BLACK
6
CONTINUOUS
10
244.9071169999999995
20
-98.4444629999999989
11
245.0375149999999849
21
-98.5315919999999892
0
LINE
8
BLACK
6
CONTINUOUS
10
245.0375149999999849
20
-98.5315919999999892
11
245.1484079999999892
21
-98.6424849999999935
0
LINE
8
BLACK
6
CONTINUOUS
10
245.1484079999999892
20
-98.6424849999999935
11
245.2355369999999937
21
-98.7728829999999931
0
LINE
8
BLACK
6
CONTINUOUS
10
245.2355369999999937
20
-98.7728829999999931
11
245.2955519999999865
21
-98.9177719999999994
0
LINE
8
BLACK
6
CONTINUOUS
10
245.2955519999999865
20
-98.9177719999999994
11
245.3261479999999892
21
-99.0715859999999964
0
LINE
8
BLACK
6
CONTINUOUS
10
245.3261479999999892
20
-99.0715859999999964
11
245.3261479999999892
21
-99.2284140000000008
0
LINE
8
BLACK
6
CONTINUOUS
10
245.3261479999999892
20
-99.2284140000000008
11
245.2955519999999865
21
-99.3822279999999978
0
LINE
8
BLACK
6
CONTINUOUS
10
245.2955519999999865
20
-99.3822279999999978
11
245.2355369999999937
21
-99.5271169999999898
0
LINE
8
BLACK
6
CONTINUOUS
10
245.2355369999999937
20
-99.5271169999999898
11
245.1484079999999892
21
-99.6575149999999894
0
LINE
8
BLACK
6
CONTINUOUS
10
245.1484079999999892
20
-99.6575149999999894
11
245.0375149999999849
21
-99.7684079999999938
0
LINE
8
BLACK
6
CONTINUOUS
10
245.0375149999999849
20
-99.7684079999999938
11
244.9071169999999995
21
-99.8555369999999982
0
LINE
8
BLACK
6
CONTINUOUS
10
244.9071169999999995
20
-99.8555369999999982
11
244.7622279999999932
21
-99.915551999999991
0
LINE
8
BLACK
6
CONTINUOUS
10
244.7622279999999932
20
-99.915551999999991
11
244.608413999999982
21
-99.9461479999999938
0
LINE
8
BLACK
6
CONTINUOUS
10
244.608413999999982
20
-99.9461479999999938
11
244.4515859999999918
21
-99.9461479999999938
0
LINE
8
BLACK
6
CONTINUOUS
10
244.4515859999999918
20
-99.9461479999999938
11
244.2977719999999806
21
-99.915551999999991
0
LINE
8
BLACK
6
CONTINUOUS
10
244.2977719999999806
20
-99.915551999999991
11
244.2602259999999887
21
-99.8999999999999915
0
LINE
8
BLACK
6
CONTINUOUS
10
244.2602259999999887
20
-99.8999999999999915
11
225.8400000000000034
21
-99.8999999999999915
0
LINE
8
BLACK
6
CONTINUOUS
10
225.8400000000000034
20
-99.8999999999999915
11
221.0649999999999977
21
-99.8999999999999915
0
LINE
8
BLACK
6
CONTINUOUS
10
221.0649999999999977
20
-99.8999999999999915
11
220.9788959999999918
21
-99.8828729999999894
0
LINE
8
BLACK
6
CONTINUOUS
10
220.9788959999999918
20
-99.8828729999999894
11
220.9059010000000001
21
-99.8340989999999948
0
LINE
8
BLACK
6
CONTINUOUS
10
220.9059010000000001
20
-99.8340989999999948
11
220.8571269999999913
21
-99.7611039999999889
0
LINE
8
BLACK
6
CONTINUOUS
10
220.8571269999999913
20
-99.7611039999999889
11
220.8400000000000034
21
-99.6749999999999972
0
LINE
8
BLACK
6
CONTINUOUS
10
220.8400000000000034
20
-99.6749999999999972
11
220.8400000000000034
21
-98.625
0
LINE
8
BLACK
6
CONTINUOUS
10
220.8400000000000034
20
-98.625
11
220.8571269999999913
21
-98.538895999999994
0
LINE
8
BLACK
6
CONTINUOUS
10
220.8571269999999913
20
-98.538895999999994
11
220.9059010000000001
21
-98.4659010000000023
0
LINE
8
BLACK
6
CONTINUOUS
10
220.9059010000000001
20
-98.4659010000000023
11
220.9788959999999918
21
-98.4171269999999936
0
LINE
8
BLACK
6
CONTINUOUS
10
220.9788959999999918
20
-98.4171269999999936
11
221.0649999999999977
21
-98.3999999999999915
0
LINE
8
BLACK
6
CONTINUOUS
10
221.0649999999999977
20
-98.3999999999999915
11
230.6149999999999807
21
-98.3999999999999915
0
LINE
8
BLACK
6
CONTINUOUS
10
230.6149999999999807
20
-98.3999999999999915
11
244.2602259999999887
21
-98.3999999999999915
0
LINE
8
BLACK
6
CONTINUOUS
10
244.2602259999999887
20
-98.3999999999999915
11
244.2977719999999806
21
-98.3844479999999919
0
LINE
8
BLACK
6
CONTINUOUS
10
244.2977719999999806
20
-98.3844479999999919
11
244.4515859999999918
21
-98.3538519999999892
0
LINE
8
BLACK
6
CONTINUOUS
10
244.4515859999999918
20
-98.3538519999999892
11
244.608413999999982
21
-98.3538519999999892
0
LINE
8
BLACK
6
CONTINUOUS
10
244.608413999999982
20
-98.3538519999999892
11
244.7622279999999932
21
-98.3844479999999919
0
LINE
8
BLACK
6
CONTINUOUS
10
75.6811039999999906
20
-96.4971269999999919
11
75.7540989999999965
21
-96.5459010000000006
0
LINE
8
BLACK
6
CONTINUOUS
10
75.7540989999999965
20
-96.5459010000000006
11
75.8028729999999911
21
-96.6188959999999923
0
LINE
8
BLACK
6
CONTINUOUS
10
75.8028729999999911
20
-96.6188959999999923
11
75.8199999999999932
21
-96.7049999999999983
0
LINE
8
BLACK
6
CONTINUOUS
10
75.8199999999999932
20
-96.7049999999999983
11
75.8199999999999932
21
-97.7549999999999955
0
LINE
8
BLACK
6
CONTINUOUS
10
75.8199999999999932
20
-97.7549999999999955
11
75.8028729999999911
21
-97.8411040000000014
0
LINE
8
BLACK
6
CONTINUOUS
10
75.8028729999999911
20
-97.8411040000000014
11
75.7540989999999965
21
-97.9140989999999931
0
LINE
8
BLACK
6
CONTINUOUS
10
75.7540989999999965
20
-97.9140989999999931
11
75.6811039999999906
21
-97.9628730000000019
0
LINE
8
BLACK
6
CONTINUOUS
10
75.6811039999999906
20
-97.9628730000000019
11
75.5949999999999989
21
-97.9799999999999898
0
LINE
8
BLACK
6
CONTINUOUS
10
75.5949999999999989
20
-97.9799999999999898
11
66.0450000000000017
21
-97.9799999999999898
0
LINE
8
BLACK
6
CONTINUOUS
10
66.0450000000000017
20
-97.9799999999999898
11
65.9588959999999958
21
-97.9628730000000019
0
LINE
8
BLACK
6
CONTINUOUS
10
65.9588959999999958
20
-97.9628730000000019
11
65.885901000000004
21
-97.9140989999999931
0
LINE
8
BLACK
6
CONTINUOUS
10
65.885901000000004
20
-97.9140989999999931
11
65.8371269999999953
21
-97.8411040000000014
0
LINE
8
BLACK
6
CONTINUOUS
10
65.8371269999999953
20
-97.8411040000000014
11
65.8199999999999932
21
-97.7549999999999955
0
LINE
8
BLACK
6
CONTINUOUS
10
65.8199999999999932
20
-97.7549999999999955
11
65.8199999999999932
21
-96.7049999999999983
0
LINE
8
BLACK
6
CONTINUOUS
10
65.8199999999999932
20
-96.7049999999999983
11
65.8371269999999953
21
-96.6188959999999923
0
LINE
8
BLACK
6
CONTINUOUS
10
65.8371269999999953
20
-96.6188959999999923
11
65.885901000000004
21
-96.5459010000000006
0
LINE
8
BLACK
6
CONTINUOUS
10
65.885901000000004
20
-96.5459010000000006
11
65.9588959999999958
21
-96.4971269999999919
0
LINE
8
BLACK
6
CONTINUOUS
10
65.9588959999999958
20
-96.4971269999999919
11
66.0450000000000017
21
-96.4799999999999898
0
LINE
8
BLACK
6
CONTINUOUS
10
66.0450000000000017
20
-96.4799999999999898
11
75.5949999999999989
21
-96.4799999999999898
0
LINE
8
BLACK
6
CONTINUOUS
10
75.5949999999999989
20
-96.4799999999999898
11
75.6811039999999906
21
-96.4971269999999919
0
LINE
8
BLACK
6
CONTINUOUS
10
105.6811039999999906
20
-96.4971269999999919
11
105.7540989999999965
21
-96.5459010000000006
0
LINE
8
BLACK
6
CONTINUOUS
10
105.7540989999999965
20
-96.5459010000000006
11
105.8028729999999911
21
-96.6188959999999923
0
LINE
8
BLACK
6
CONTINUOUS
10
105.8028729999999911
20
-96.6188959999999923
11
105.8199999999999932
21
-96.7049999999999983
0
LINE
8
BLACK
6
CONTINUOUS
10
105.8199999999999932
20
-96.7049999999999983
11
105.8199999999999932
21
-97.7549999999999955
0
LINE
8
BLACK
6
CONTINUOUS
10
105.8199999999999932
20
-97.7549999999999955
11
105.8028729999999911
21
-97.8411040000000014
0
LINE
8
BLACK
6
CONTINUOUS
10
105.8028729999999911
20
-97.8411040000000014
11
105.7540989999999965
21
-97.9140989999999931
0
LINE
8
BLACK
6
CONTINUOUS
10
105.7540989999999965
20
-97.9140989999999931
11
105.6811039999999906
21
-97.9628730000000019
0
LINE
8
BLACK
6
CONTINUOUS
10
105.6811039999999906
20
-97.9628730000000019
11
105.5949999999999989
21
-97.9799999999999898
0
LINE
8
BLACK
6
CONTINUOUS
10
105.5949999999999989
20
-97.9799999999999898
11
96.0450000000000017
21
-97.9799999999999898
0
LINE
8
BLACK
6
CONTINUOUS
10
96.0450000000000017
20
-97.9799999999999898
11
95.9588959999999958
21
-97.9628730000000019
0
LINE
8
BLACK
6
CONTINUOUS
10
95.9588959999999958
20
-97.9628730000000019
11
95.8859009999999898
21
-97.9140989999999931
0
LINE
8
BLACK
6
CONTINUOUS
10
95.8859009999999898
20
-97.9140989999999931
11
95.8371269999999953
21
-97.8411040000000014
0
LINE
8
BLACK
6
CONTINUOUS
10
95.8371269999999953
20
-97.8411040000000014
11
95.8199999999999932
21
-97.7549999999999955
0
LINE
8
BLACK
6
CONTINUOUS
10
95.8199999999999932
20
-97.7549999999999955
11
95.8199999999999932
21
-96.7049999999999983
0
LINE
8
BLACK
6
CONTINUOUS
10
95.8199999999999932
20
-96.7049999999999983
11
95.8371269999999953
21
-96.6188959999999923
0
LINE
8
BLACK
6
CONTINUOUS
10
95.8371269999999953
20
-96.6188959999999923
11
95.8859009999999898
21
-96.5459010000000006
0
LINE
8
BLACK
6
CONTINUOUS
10
95.8859009999999898
20
-96.5459010000000006
11
95.9588959999999958
21
-96.4971269999999919
0
LINE
8
BLACK
6
CONTINUOUS
10
95.9588959999999958
20
-96.4971269999999919
11
96.0450000000000017
21
-96.4799999999999898
0
LINE
8
BLACK
6
CONTINUOUS
10
96.0450000000000017
20
-96.4799999999999898
11
105.5949999999999989
21
-96.4799999999999898
0
LINE
8
BLACK
6
CONTINUOUS
10
105.5949999999999989
20
-96.4799999999999898
11
105.6811039999999906
21
-96.4971269999999919
0
LINE
8
BLACK
6
CONTINUOUS
10
154.501103999999998
20
-96.4971269999999919
11
154.5740989999999897
21
-96.5459010000000006
0
LINE
8
BLACK
6
CONTINUOUS
10
154.5740989999999897
20
-96.5459010000000006
11
154.6228729999999985
21
-96.6188959999999923
0
LINE
8
BLACK
6
CONTINUOUS
10
154.6228729999999985
20
-96.6188959999999923
11
154.6399999999999864
21
-96.7049999999999983
0
LINE
8
BLACK
6
CONTINUOUS
10
154.6399999999999864
20
-96.7049999999999983
11
154.6399999999999864
21
-97.7549999999999955
0
LINE
8
BLACK
6
CONTINUOUS
10
154.6399999999999864
20
-97.7549999999999955
11
154.6228729999999985
21
-97.8411040000000014
0
LINE
8
BLACK
6
CONTINUOUS
10
154.6228729999999985
20
-97.8411040000000014
11
154.5740989999999897
21
-97.9140989999999931
0
LINE
8
BLACK
6
CONTINUOUS
10
154.5740989999999897
20
-97.9140989999999931
11
154.501103999999998
21
-97.9628730000000019
0
LINE
8
BLACK
6
CONTINUOUS
10
154.501103999999998
20
-97.9628730000000019
11
154.414999999999992
21
-97.9799999999999898
0
LINE
8
BLACK
6
CONTINUOUS
10
154.414999999999992
20
-97.9799999999999898
11
144.8649999999999807
21
-97.9799999999999898
0
LINE
8
BLACK
6
CONTINUOUS
10
144.8649999999999807
20
-97.9799999999999898
11
144.7788960000000031
21
-97.9628730000000019
0
LINE
8
BLACK
6
CONTINUOUS
10
144.7788960000000031
20
-97.9628730000000019
11
144.705900999999983
21
-97.9140989999999931
0
LINE
8
BLACK
6
CONTINUOUS
10
144.705900999999983
20
-97.9140989999999931
11
144.6571270000000027
21
-97.8411040000000014
0
LINE
8
BLACK
6
CONTINUOUS
10
144.6571270000000027
20
-97.8411040000000014
11
144.6399999999999864
21
-97.7549999999999955
0
LINE
8
BLACK
6
CONTINUOUS
10
144.6399999999999864
20
-97.7549999999999955
11
144.6399999999999864
21
-96.7049999999999983
0
LINE
8
BLACK
6
CONTINUOUS
10
144.6399999999999864
20
-96.7049999999999983
11
144.6571270000000027
21
-96.6188959999999923
0
LINE
8
BLACK
6
CONTINUOUS
10
144.6571270000000027
20
-96.6188959999999923
11
144.705900999999983
21
-96.5459010000000006
0
LINE
8
BLACK
6
CONTINUOUS
10
144.705900999999983
20
-96.5459010000000006
11
144.7788960000000031
21
-96.4971269999999919
0
LINE
8
BLACK
6
CONTINUOUS
10
144.7788960000000031
20
-96.4971269999999919
11
144.8649999999999807
21
-96.4799999999999898
0
LINE
8
BLACK
6
CONTINUOUS
10
144.8649999999999807
20
-96.4799999999999898
11
154.414999999999992
21
-96.4799999999999898
0
LINE
8
BLACK
6
CONTINUOUS
10
154.414999999999992
20
-96.4799999999999898
11
154.501103999999998
21
-96.4971269999999919
0
LINE
8
BLACK
6
CONTINUOUS
10
184.501103999999998
20
-96.4971269999999919
11
184.5740989999999897
21
-96.5459010000000006
0
LINE
8
BLACK
6
CONTINUOUS
10
184.5740989999999897
20
-96.5459010000000006
11
184.6228729999999985
21
-96.6188959999999923
0
LINE
8
BLACK
6
CONTINUOUS
10
184.6228729999999985
20
-96.6188959999999923
11
184.6399999999999864
21
-96.7049999999999983
0
LINE
8
BLACK
6
CONTINUOUS
10
184.6399999999999864
20
-96.7049999999999983
11
184.6399999999999864
21
-97.7549999999999955
0
LINE
8
BLACK
6
CONTINUOUS
10
184.6399999999999864
20
-97.7549999999999955
11
184.6228729999999985
21
-97.8411040000000014
0
LINE
8
BLACK
6
CONTINUOUS
10
184.6228729999999985
20
-97.8411040000000014
11
184.5740989999999897
21
-97.9140989999999931
0
LINE
8
BLACK
6
CONTINUOUS
10
184.5740989999999897
20
-97.9140989999999931
11
184.501103999999998
21
-97.9628730000000019
0
LINE
8
BLACK
6
CONTINUOUS
10
184.501103999999998
20
-97.9628730000000019
11
184.414999999999992
21
-97.9799999999999898
0
LINE
8
BLACK
6
CONTINUOUS
10
184.414999999999992
20
-97.9799999999999898
11
174.8649999999999807
21
-97.9799999999999898
0
LINE
8
BLACK
6
CONTINUOUS
10
174.8649999999999807
20
-97.9799999999999898
11
174.7788960000000031
21
-97.9628730000000019
0
LINE
8
BLACK
6
CONTINUOUS
10
174.7788960000000031
20
-97.9628730000000019
11
174.705900999999983
21
-97.9140989999999931
0
LINE
8
BLACK
6
CONTINUOUS
10
174.705900999999983
20
-97.9140989999999931
11
174.6571270000000027
21
-97.8411040000000014
0
LINE
8
BLACK
6
CONTINUOUS
10
174.6571270000000027
20
-97.8411040000000014
11
174.6399999999999864
21
-97.7549999999999955
0
LINE
8
BLACK
6
CONTINUOUS
10
174.6399999999999864
20
-97.7549999999999955
11
174.6399999999999864
21
-96.7049999999999983
0
LINE
8
BLACK
6
CONTINUOUS
10
174.6399999999999864
20
-96.7049999999999983
11
174.6571270000000027
21
-96.6188959999999923
0
LINE
8
BLACK
6
CONTINUOUS
10
174.6571270000000027
20
-96.6188959999999923
11
174.705900999999983
21
-96.5459010000000006
0
LINE
8
BLACK
6
CONTINUOUS
10
174.705900999999983
20
-96.5459010000000006
11
174.7788960000000031
21
-96.4971269999999919
0
LINE
8
BLACK
6
CONTINUOUS
10
174.7788960000000031
20
-96.4971269999999919
11
174.8649999999999807
21
-96.4799999999999898
0
LINE
8
BLACK
6
CONTINUOUS
10
174.8649999999999807
20
-96.4799999999999898
11
184.414999999999992
21
-96.4799999999999898
0
LINE
8
BLACK
6
CONTINUOUS
10
184.414999999999992
20
-96.4799999999999898
11
184.501103999999998
21
-96.4971269999999919
0
LINE
8
BLACK
6
CONTINUOUS
10
238.5122279999999932
20
-95.8444479999999999
11
238.6571169999999995
21
-95.9044629999999927
0
LINE
8
BLACK
6
CONTINUOUS
10
238.6571169999999995
20
-95.9044629999999927
11
238.7875149999999849
21
-95.9915919999999971
0
LINE
8
BLACK
6
CONTINUOUS
10
238.7875149999999849
20
-95.9915919999999971
11
238.8984079999999892
21
-96.1024850000000015
0
LINE
8
BLACK
6
CONTINUOUS
10
238.8984079999999892
20
-96.1024850000000015
11
238.9855369999999937
21
-96.2328830000000011
0
LINE
8
BLACK
6
CONTINUOUS
10
238.9855369999999937
20
-96.2328830000000011
11
239.0455519999999865
21
-96.3777719999999931
0
LINE
8
BLACK
6
CONTINUOUS
10
239.0455519999999865
20
-96.3777719999999931
11
239.0761479999999892
21
-96.5315859999999901
0
LINE
8
BLACK
6
CONTINUOUS
10
239.0761479999999892
20
-96.5315859999999901
11
239.0761479999999892
21
-96.6884139999999945
0
LINE
8
BLACK
6
CONTINUOUS
10
239.0761479999999892
20
-96.6884139999999945
11
239.0455519999999865
21
-96.8422279999999915
0
LINE
8
BLACK
6
CONTINUOUS
10
239.0455519999999865
20
-96.8422279999999915
11
238.9855369999999937
21
-96.9871169999999978
0
LINE
8
BLACK
6
CONTINUOUS
10
238.9855369999999937
20
-96.9871169999999978
11
238.8984079999999892
21
-97.1175149999999974
0
LINE
8
BLACK
6
CONTINUOUS
10
238.8984079999999892
20
-97.1175149999999974
11
238.7875149999999849
21
-97.2284080000000017
0
LINE
8
BLACK
6
CONTINUOUS
10
238.7875149999999849
20
-97.2284080000000017
11
238.6571169999999995
21
-97.315536999999992
0
LINE
8
BLACK
6
CONTINUOUS
10
238.6571169999999995
20
-97.315536999999992
11
238.5122279999999932
21
-97.375551999999999
0
LINE
8
BLACK
6
CONTINUOUS
10
238.5122279999999932
20
-97.375551999999999
11
238.358413999999982
21
-97.4061480000000017
0
LINE
8
BLACK
6
CONTINUOUS
10
238.358413999999982
20
-97.4061480000000017
11
238.2015859999999918
21
-97.4061480000000017
0
LINE
8
BLACK
6
CONTINUOUS
10
238.2015859999999918
20
-97.4061480000000017
11
238.0477719999999806
21
-97.375551999999999
0
LINE
8
BLACK
6
CONTINUOUS
10
238.0477719999999806
20
-97.375551999999999
11
238.0102259999999887
21
-97.3599999999999994
0
LINE
8
BLACK
6
CONTINUOUS
10
238.0102259999999887
20
-97.3599999999999994
11
225.8400000000000034
21
-97.3599999999999994
0
LINE
8
BLACK
6
CONTINUOUS
10
225.8400000000000034
20
-97.3599999999999994
11
221.0649999999999977
21
-97.3599999999999994
0
LINE
8
BLACK
6
CONTINUOUS
10
221.0649999999999977
20
-97.3599999999999994
11
220.9788959999999918
21
-97.3428729999999973
0
LINE
8
BLACK
6
CONTINUOUS
10
220.9788959999999918
20
-97.3428729999999973
11
220.9059010000000001
21
-97.2940989999999886
0
LINE
8
BLACK
6
CONTINUOUS
10
220.9059010000000001
20
-97.2940989999999886
11
220.8571269999999913
21
-97.2211039999999969
0
LINE
8
BLACK
6
CONTINUOUS
10
220.8571269999999913
20
-97.2211039999999969
11
220.8400000000000034
21
-97.1349999999999909
0
LINE
8
BLACK
6
CONTINUOUS
10
220.8400000000000034
20
-97.1349999999999909
11
220.8400000000000034
21
-96.0849999999999937
0
LINE
8
BLACK
6
CONTINUOUS
10
220.8400000000000034
20
-96.0849999999999937
11
220.8571269999999913
21
-95.998896000000002
0
LINE
8
BLACK
6
CONTINUOUS
10
220.8571269999999913
20
-95.998896000000002
11
220.9059010000000001
21
-95.9259009999999961
0
LINE
8
BLACK
6
CONTINUOUS
10
220.9059010000000001
20
-95.9259009999999961
11
220.9788959999999918
21
-95.8771270000000015
0
LINE
8
BLACK
6
CONTINUOUS
10
220.9788959999999918
20
-95.8771270000000015
11
221.0649999999999977
21
-95.8599999999999994
0
LINE
8
BLACK
6
CONTINUOUS
10
221.0649999999999977
20
-95.8599999999999994
11
230.6149999999999807
21
-95.8599999999999994
0
LINE
8
BLACK
6
CONTINUOUS
10
230.6149999999999807
20
-95.8599999999999994
11
238.0102259999999887
21
-95.8599999999999994
0
LINE
8
BLACK
6
CONTINUOUS
10
238.0102259999999887
20
-95.8599999999999994
11
238.0477719999999806
21
-95.8444479999999999
0
LINE
8
BLACK
6
CONTINUOUS
10
238.0477719999999806
20
-95.8444479999999999
11
238.2015859999999918
21
-95.8138519999999971
0
LINE
8
BLACK
6
CONTINUOUS
10
238.2015859999999918
20
-95.8138519999999971
11
238.358413999999982
21
-95.8138519999999971
0
LINE
8
BLACK
6
CONTINUOUS
10
238.358413999999982
20
-95.8138519999999971
11
238.5122279999999932
21
-95.8444479999999999
0
LINE
8
BLACK
6
CONTINUOUS
10
59.1932279999999977
20
-93.9244479999999982
11
59.3381169999999969
21
-93.984462999999991
0
LINE
8
BLACK
6
CONTINUOUS
10
59.3381169999999969
20
-93.984462999999991
11
59.4685149999999965
21
-94.0715919999999954
0
LINE
8
BLACK
6
CONTINUOUS
10
59.4685149999999965
20
-94.0715919999999954
11
59.5794080000000008
21
-94.1824849999999998
0
LINE
8
BLACK
6
CONTINUOUS
10
59.5794080000000008
20
-94.1824849999999998
11
59.6665369999999982
21
-94.3128829999999994
0
LINE
8
BLACK
6
CONTINUOUS
10
59.6665369999999982
20
-94.3128829999999994
11
59.7265519999999981
21
-94.4577719999999914
0
LINE
8
BLACK
6
CONTINUOUS
10
59.7265519999999981
20
-94.4577719999999914
11
59.7571480000000008
21
-94.6115860000000026
0
LINE
8
BLACK
6
CONTINUOUS
10
59.7571480000000008
20
-94.6115860000000026
11
59.7571480000000008
21
-94.7684139999999928
0
LINE
8
BLACK
6
CONTINUOUS
10
59.7571480000000008
20
-94.7684139999999928
11
59.7265519999999981
21
-94.9222279999999898
0
LINE
8
BLACK
6
CONTINUOUS
10
59.7265519999999981
20
-94.9222279999999898
11
59.6665369999999982
21
-95.0671169999999961
0
LINE
8
BLACK
6
CONTINUOUS
10
59.6665369999999982
20
-95.0671169999999961
11
59.5794080000000008
21
-95.1975149999999957
0
LINE
8
BLACK
6
CONTINUOUS
10
59.5794080000000008
20
-95.1975149999999957
11
59.4685149999999965
21
-95.308408
0
LINE
8
BLACK
6
CONTINUOUS
10
59.4685149999999965
20
-95.308408
11
59.3381169999999969
21
-95.3955369999999903
0
LINE
8
BLACK
6
CONTINUOUS
10
59.3381169999999969
20
-95.3955369999999903
11
59.1932279999999977
21
-95.4555519999999973
0
LINE
8
BLACK
6
CONTINUOUS
10
59.1932279999999977
20
-95.4555519999999973
11
59.0394140000000007
21
-95.486148
0
LINE
8
BLACK
6
CONTINUOUS
10
59.0394140000000007
20
-95.486148
11
58.8825859999999963
21
-95.486148
0
LINE
8
BLACK
6
CONTINUOUS
10
58.8825859999999963
20
-95.486148
11
58.7287719999999993
21
-95.4555519999999973
0
LINE
8
BLACK
6
CONTINUOUS
10
58.7287719999999993
20
-95.4555519999999973
11
58.5838830000000002
21
-95.3955369999999903
0
LINE
8
BLACK
6
CONTINUOUS
10
58.5838830000000002
20
-95.3955369999999903
11
58.4534850000000006
21
-95.308408
0
LINE
8
BLACK
6
CONTINUOUS
10
58.4534850000000006
20
-95.308408
11
58.3425919999999962
21
-95.1975149999999957
0
LINE
8
BLACK
6
CONTINUOUS
10
58.3425919999999962
20
-95.1975149999999957
11
58.2554629999999989
21
-95.0671169999999961
0
LINE
8
BLACK
6
CONTINUOUS
10
58.2554629999999989
20
-95.0671169999999961
11
58.195447999999999
21
-94.9222279999999898
0
LINE
8
BLACK
6
CONTINUOUS
10
58.195447999999999
20
-94.9222279999999898
11
58.1648519999999962
21
-94.7684139999999928
0
LINE
8
BLACK
6
CONTINUOUS
10
58.1648519999999962
20
-94.7684139999999928
11
58.1648519999999962
21
-94.6115860000000026
0
LINE
8
BLACK
6
CONTINUOUS
10
58.1648519999999962
20
-94.6115860000000026
11
58.195447999999999
21
-94.4577719999999914
0
LINE
8
BLACK
6
CONTINUOUS
10
58.195447999999999
20
-94.4577719999999914
11
58.2554629999999989
21
-94.3128829999999994
0
LINE
8
BLACK
6
CONTINUOUS
10
58.2554629999999989
20
-94.3128829999999994
11
58.3425919999999962
21
-94.1824849999999998
0
LINE
8
BLACK
6
CONTINUOUS
10
58.3425919999999962
20
-94.1824849999999998
11
58.4534850000000006
21
-94.0715919999999954
0
LINE
8
BLACK
6
CONTINUOUS
10
58.4534850000000006
20
-94.0715919999999954
11
58.5838830000000002
21
-93.984462999999991
0
LINE
8
BLACK
6
CONTINUOUS
10
58.5838830000000002
20
-93.984462999999991
11
58.7287719999999993
21
-93.9244479999999982
0
LINE
8
BLACK
6
CONTINUOUS
10
58.7287719999999993
20
-93.9244479999999982
11
58.8825859999999963
21
-93.8938519999999954
0
LINE
8
BLACK
6
CONTINUOUS
10
58.8825859999999963
20
-93.8938519999999954
11
59.0394140000000007
21
-93.8938519999999954
0
LINE
8
BLACK
6
CONTINUOUS
10
59.0394140000000007
20
-93.8938519999999954
11
59.1932279999999977
21
-93.9244479999999982
0
LINE
8
BLACK
6
CONTINUOUS
10
75.6811039999999906
20
-93.9571269999999998
11
75.7540989999999965
21
-94.0059009999999944
0
LINE
8
BLACK
6
CONTINUOUS
10
75.7540989999999965
20
-94.0059009999999944
11
75.8028729999999911
21
-94.0788960000000003
0
LINE
8
BLACK
6
CONTINUOUS
10
75.8028729999999911
20
-94.0788960000000003
11
75.8199999999999932
21
-94.164999999999992
0
LINE
8
BLACK
6
CONTINUOUS
10
75.8199999999999932
20
-94.164999999999992
11
75.8199999999999932
21
-95.2149999999999892
0
LINE
8
BLACK
6
CONTINUOUS
10
75.8199999999999932
20
-95.2149999999999892
11
75.8028729999999911
21
-95.3011039999999952
0
LINE
8
BLACK
6
CONTINUOUS
10
75.8028729999999911
20
-95.3011039999999952
11
75.7540989999999965
21
-95.3740990000000011
0
LINE
8
BLACK
6
CONTINUOUS
10
75.7540989999999965
20
-95.3740990000000011
11
75.6811039999999906
21
-95.4228729999999956
0
LINE
8
BLACK
6
CONTINUOUS
10
75.6811039999999906
20
-95.4228729999999956
11
75.5949999999999989
21
-95.4399999999999977
0
LINE
8
BLACK
6
CONTINUOUS
10
75.5949999999999989
20
-95.4399999999999977
11
66.0450000000000017
21
-95.4399999999999977
0
LINE
8
BLACK
6
CONTINUOUS
10
66.0450000000000017
20
-95.4399999999999977
11
65.9588959999999958
21
-95.4228729999999956
0
LINE
8
BLACK
6
CONTINUOUS
10
65.9588959999999958
20
-95.4228729999999956
11
65.885901000000004
21
-95.3740990000000011
0
LINE
8
BLACK
6
CONTINUOUS
10
65.885901000000004
20
-95.3740990000000011
11
65.8371269999999953
21
-95.3011039999999952
0
LINE
8
BLACK
6
CONTINUOUS
10
65.8371269999999953
20
-95.3011039999999952
11
65.8199999999999932
21
-95.2149999999999892
0
LINE
8
BLACK
6
CONTINUOUS
10
65.8199999999999932
20
-95.2149999999999892
11
65.8199999999999932
21
-94.164999999999992
0
LINE
8
BLACK
6
CONTINUOUS
10
65.8199999999999932
20
-94.164999999999992
11
65.8371269999999953
21
-94.0788960000000003
0
LINE
8
BLACK
6
CONTINUOUS
10
65.8371269999999953
20
-94.0788960000000003
11
65.885901000000004
21
-94.0059009999999944
0
LINE
8
BLACK
6
CONTINUOUS
10
65.885901000000004
20
-94.0059009999999944
11
65.9588959999999958
21
-93.9571269999999998
0
LINE
8
BLACK
6
CONTINUOUS
10
65.9588959999999958
20
-93.9571269999999998
11
66.0450000000000017
21
-93.9399999999999977
0
LINE
8
BLACK
6
CONTINUOUS
10
66.0450000000000017
20
-93.9399999999999977
11
75.5949999999999989
21
-93.9399999999999977
0
LINE
8
BLACK
6
CONTINUOUS
10
75.5949999999999989
20
-93.9399999999999977
11
75.6811039999999906
21
-93.9571269999999998
0
LINE
8
BLACK
6
CONTINUOUS
10
105.6811039999999906
20
-93.9571269999999998
11
105.7540989999999965
21
-94.0059009999999944
0
LINE
8
BLACK
6
CONTINUOUS
10
105.7540989999999965
20
-94.0059009999999944
11
105.8028729999999911
21
-94.0788960000000003
0
LINE
8
BLACK
6
CONTINUOUS
10
105.8028729999999911
20
-94.0788960000000003
11
105.8199999999999932
21
-94.164999999999992
0
LINE
8
BLACK
6
CONTINUOUS
10
105.8199999999999932
20
-94.164999999999992
11
105.8199999999999932
21
-95.2149999999999892
0
LINE
8
BLACK
6
CONTINUOUS
10
105.8199999999999932
20
-95.2149999999999892
11
105.8028729999999911
21
-95.3011039999999952
0
LINE
8
BLACK
6
CONTINUOUS
10
105.8028729999999911
20
-95.3011039999999952
11
105.7540989999999965
21
-95.3740990000000011
0
LINE
8
BLACK
6
CONTINUOUS
10
105.7540989999999965
20
-95.3740990000000011
11
105.6811039999999906
21
-95.4228729999999956
0
LINE
8
BLACK
6
CONTINUOUS
10
105.6811039999999906
20
-95.4228729999999956
11
105.5949999999999989
21
-95.4399999999999977
0
LINE
8
BLACK
6
CONTINUOUS
10
105.5949999999999989
20
-95.4399999999999977
11
96.0450000000000017
21
-95.4399999999999977
0
LINE
8
BLACK
6
CONTINUOUS
10
96.0450000000000017
20
-95.4399999999999977
11
95.9588959999999958
21
-95.4228729999999956
0
LINE
8
BLACK
6
CONTINUOUS
10
95.9588959999999958
20
-95.4228729999999956
11
95.8859009999999898
21
-95.3740990000000011
0
LINE
8
BLACK
6
CONTINUOUS
10
95.8859009999999898
20
-95.3740990000000011
11
95.8371269999999953
21
-95.3011039999999952
0
LINE
8
BLACK
6
CONTINUOUS
10
95.8371269999999953
20
-95.3011039999999952
11
95.8199999999999932
21
-95.2149999999999892
0
LINE
8
BLACK
6
CONTINUOUS
10
95.8199999999999932
20
-95.2149999999999892
11
95.8199999999999932
21
-94.164999999999992
0
LINE
8
BLACK
6
CONTINUOUS
10
95.8199999999999932
20
-94.164999999999992
11
95.8371269999999953
21
-94.0788960000000003
0
LINE
8
BLACK
6
CONTINUOUS
10
95.8371269999999953
20
-94.0788960000000003
11
95.8859009999999898
21
-94.0059009999999944
0
LINE
8
BLACK
6
CONTINUOUS
10
95.8859009999999898
20
-94.0059009999999944
11
95.9588959999999958
21
-93.9571269999999998
0
LINE
8
BLACK
6
CONTINUOUS
10
95.9588959999999958
20
-93.9571269999999998
11
96.0450000000000017
21
-93.9399999999999977
0
LINE
8
BLACK
6
CONTINUOUS
10
96.0450000000000017
20
-93.9399999999999977
11
105.5949999999999989
21
-93.9399999999999977
0
LINE
8
BLACK
6
CONTINUOUS
10
105.5949999999999989
20
-93.9399999999999977
11
105.6811039999999906
21
-93.9571269999999998
0
LINE
8
BLACK
6
CONTINUOUS
10
154.501103999999998
20
-93.9571269999999998
11
154.5740989999999897
21
-94.0059009999999944
0
LINE
8
BLACK
6
CONTINUOUS
10
154.5740989999999897
20
-94.0059009999999944
11
154.6228729999999985
21
-94.0788960000000003
0
LINE
8
BLACK
6
CONTINUOUS
10
154.6228729999999985
20
-94.0788960000000003
11
154.6399999999999864
21
-94.164999999999992
0
LINE
8
BLACK
6
CONTINUOUS
10
154.6399999999999864
20
-94.164999999999992
11
154.6399999999999864
21
-95.2149999999999892
0
LINE
8
BLACK
6
CONTINUOUS
10
154.6399999999999864
20
-95.2149999999999892
11
154.6228729999999985
21
-95.3011039999999952
0
LINE
8
BLACK
6
CONTINUOUS
10
154.6228729999999985
20
-95.3011039999999952
11
154.5740989999999897
21
-95.3740990000000011
0
LINE
8
BLACK
6
CONTINUOUS
10
154.5740989999999897
20
-95.3740990000000011
11
154.501103999999998
21
-95.4228729999999956
0
LINE
8
BLACK
6
CONTINUOUS
10
154.501103999999998
20
-95.4228729999999956
11
154.414999999999992
21
-95.4399999999999977
0
LINE
8
BLACK
6
CONTINUOUS
10
154.414999999999992
20
-95.4399999999999977
11
144.8649999999999807
21
-95.4399999999999977
0
LINE
8
BLACK
6
CONTINUOUS
10
144.8649999999999807
20
-95.4399999999999977
11
144.7788960000000031
21
-95.4228729999999956
0
LINE
8
BLACK
6
CONTINUOUS
10
144.7788960000000031
20
-95.4228729999999956
11
144.705900999999983
21
-95.3740990000000011
0
LINE
8
BLACK
6
CONTINUOUS
10
144.705900999999983
20
-95.3740990000000011
11
144.6571270000000027
21
-95.3011039999999952
0
LINE
8
BLACK
6
CONTINUOUS
10
144.6571270000000027
20
-95.3011039999999952
11
144.6399999999999864
21
-95.2149999999999892
0
LINE
8
BLACK
6
CONTINUOUS
10
144.6399999999999864
20
-95.2149999999999892
11
144.6399999999999864
21
-94.164999999999992
0
LINE
8
BLACK
6
CONTINUOUS
10
144.6399999999999864
20
-94.164999999999992
11
144.6571270000000027
21
-94.0788960000000003
0
LINE
8
BLACK
6
CONTINUOUS
10
144.6571270000000027
20
-94.0788960000000003
11
144.705900999999983
21
-94.0059009999999944
0
LINE
8
BLACK
6
CONTINUOUS
10
144.705900999999983
20
-94.0059009999999944
11
144.7788960000000031
21
-93.9571269999999998
0
LINE
8
BLACK
6
CONTINUOUS
10
144.7788960000000031
20
-93.9571269999999998
11
144.8649999999999807
21
-93.9399999999999977
0
LINE
8
BLACK
6
CONTINUOUS
10
144.8649999999999807
20
-93.9399999999999977
11
154.414999999999992
21
-93.9399999999999977
0
LINE
8
BLACK
6
CONTINUOUS
10
154.414999999999992
20
-93.9399999999999977
11
154.501103999999998
21
-93.9571269999999998
0
LINE
8
BLACK
6
CONTINUOUS
10
184.501103999999998
20
-93.9571269999999998
11
184.5740989999999897
21
-94.0059009999999944
0
LINE
8
BLACK
6
CONTINUOUS
10
184.5740989999999897
20
-94.0059009999999944
11
184.6228729999999985
21
-94.0788960000000003
0
LINE
8
BLACK
6
CONTINUOUS
10
184.6228729999999985
20
-94.0788960000000003
11
184.6399999999999864
21
-94.164999999999992
0
LINE
8
BLACK
6
CONTINUOUS
10
184.6399999999999864
20
-94.164999999999992
11
184.6399999999999864
21
-95.2149999999999892
0
LINE
8
BLACK
6
CONTINUOUS
10
184.6399999999999864
20
-95.2149999999999892
11
184.6228729999999985
21
-95.3011039999999952
0
LINE
8
BLACK
6
CONTINUOUS
10
184.6228729999999985
20
-95.3011039999999952
11
184.5740989999999897
21
-95.3740990000000011
0
LINE
8
BLACK
6
CONTINUOUS
10
184.5740989999999897
20
-95.3740990000000011
11
184.501103999999998
21
-95.4228729999999956
0
LINE
8
BLACK
6
CONTINUOUS
10
184.501103999999998
20
-95.4228729999999956
11
184.414999999999992
21
-95.4399999999999977
0
LINE
8
BLACK
6
CONTINUOUS
10
184.414999999999992
20
-95.4399999999999977
11
174.8649999999999807
21
-95.4399999999999977
0
LINE
8
BLACK
6
CONTINUOUS
10
174.8649999999999807
20
-95.4399999999999977
11
174.7788960000000031
21
-95.4228729999999956
0
LINE
8
BLACK
6
CONTINUOUS
10
174.7788960000000031
20
-95.4228729999999956
11
174.705900999999983
21
-95.3740990000000011
0
LINE
8
BLACK
6
CONTINUOUS
10
174.705900999999983
20
-95.3740990000000011
11
174.6571270000000027
21
-95.3011039999999952
0
LINE
8
BLACK
6
CONTINUOUS
10
174.6571270000000027
20
-95.3011039999999952
11
174.6399999999999864
21
-95.2149999999999892
0
LINE
8
BLACK
6
CONTINUOUS
10
174.6399999999999864
20
-95.2149999999999892
11
174.6399999999999864
21
-94.164999999999992
0
LINE
8
BLACK
6
CONTINUOUS
10
174.6399999999999864
20
-94.164999999999992
11
174.6571270000000027
21
-94.0788960000000003
0
LINE
8
BLACK
6
CONTINUOUS
10
174.6571270000000027
20
-94.0788960000000003
11
174.705900999999983
21
-94.0059009999999944
0
LINE
8
BLACK
6
CONTINUOUS
10
174.705900999999983
20
-94.0059009999999944
11
174.7788960000000031
21
-93.9571269999999998
0
LINE
8
BLACK
6
CONTINUOUS
10
174.7788960000000031
20
-93.9571269999999998
11
174.8649999999999807
21
-93.9399999999999977
0
LINE
8
BLACK
6
CONTINUOUS
10
174.8649999999999807
20
-93.9399999999999977
11
184.414999999999992
21
-93.9399999999999977
0
LINE
8
BLACK
6
CONTINUOUS
10
184.414999999999992
20
-93.9399999999999977
11
184.501103999999998
21
-93.9571269999999998
0
LINE
8
BLACK
6
CONTINUOUS
10
219.0422279999999944
20
-46.8214479999999966
11
219.0797739999999862
21
-46.8369999999999962
0
LINE
8
BLACK
6
CONTINUOUS
10
219.0797739999999862
20
-46.8369999999999962
11
241.3769999999999811
21
-46.8369999999999962
0
LINE
8
BLACK
6
CONTINUOUS
10
241.3769999999999811
20
-46.8369999999999962
11
241.4505130000000008
21
-46.8406109999999956
0
LINE
8
BLACK
6
CONTINUOUS
10
241.4505130000000008
20
-46.8406109999999956
11
241.5947129999999845
21
-46.8692939999999965
0
LINE
8
BLACK
6
CONTINUOUS
10
241.5947129999999845
20
-46.8692939999999965
11
241.6742830000000026
21
-46.9022529999999946
0
LINE
8
BLACK
6
CONTINUOUS
10
241.6742830000000026
20
-46.9022529999999946
11
241.7305479999999989
21
-46.9255589999999998
0
LINE
8
BLACK
6
CONTINUOUS
10
241.7305479999999989
20
-46.9255589999999998
11
241.7949509999999975
21
-46.968592000000001
0
LINE
8
BLACK
6
CONTINUOUS
10
241.7949509999999975
20
-46.968592000000001
11
241.8527949999999862
21
-47.007241999999998
0
LINE
8
BLACK
6
CONTINUOUS
10
241.8527949999999862
20
-47.007241999999998
11
241.9073300000000017
21
-47.0566699999999969
0
LINE
8
BLACK
6
CONTINUOUS
10
241.9073300000000017
20
-47.0566699999999969
11
249.4303299999999979
21
-54.5796700000000001
0
LINE
8
BLACK
6
CONTINUOUS
10
249.4303299999999979
20
-54.5796700000000001
11
249.4797590000000014
21
-54.6342049999999944
0
LINE
8
BLACK
6
CONTINUOUS
10
249.4797590000000014
20
-54.6342049999999944
11
249.5287229999999852
21
-54.7074870000000004
0
LINE
8
BLACK
6
CONTINUOUS
10
249.5287229999999852
20
-54.7074870000000004
11
249.5614410000000021
21
-54.7564519999999959
0
LINE
8
BLACK
6
CONTINUOUS
10
249.5614410000000021
20
-54.7564519999999959
11
249.5614410000000021
21
-54.7564530000000005
0
LINE
8
BLACK
6
CONTINUOUS
10
249.5614410000000021
20
-54.7564530000000005
11
249.6177059999999983
21
-54.8922869999999961
0
LINE
8
BLACK
6
CONTINUOUS
10
249.6177059999999983
20
-54.8922869999999961
11
249.6463889999999992
21
-55.036487000000001
0
LINE
8
BLACK
6
CONTINUOUS
10
249.6463889999999992
20
-55.036487000000001
11
249.6499999999999773
21
-55.1099999999999994
0
LINE
8
BLACK
6
CONTINUOUS
10
249.6499999999999773
20
-55.1099999999999994
11
249.6499999999999773
21
-83.9709999999999894
0
LINE
8
BLACK
6
CONTINUOUS
10
249.6499999999999773
20
-83.9709999999999894
11
249.6499999999999773
21
-88.0099999999999909
0
LINE
8
BLACK
6
CONTINUOUS
10
249.6499999999999773
20
-88.0099999999999909
11
249.6463889999999992
21
-88.0835129999999964
0
LINE
8
BLACK
6
CONTINUOUS
10
249.6463889999999992
20
-88.0835129999999964
11
249.6177050000000008
21
-88.2277139999999918
0
LINE
8
BLACK
6
CONTINUOUS
10
249.6177050000000008
20
-88.2277139999999918
11
249.5614410000000021
21
-88.3635479999999944
0
LINE
8
BLACK
6
CONTINUOUS
10
249.5614410000000021
20
-88.3635479999999944
11
249.5302409999999895
21
-88.4102419999999967
0
LINE
8
BLACK
6
CONTINUOUS
10
249.5302409999999895
20
-88.4102419999999967
11
249.4797579999999755
21
-88.485794999999996
0
LINE
8
BLACK
6
CONTINUOUS
10
249.4797579999999755
20
-88.485794999999996
11
249.4303299999999979
21
-88.5403299999999973
0
LINE
8
BLACK
6
CONTINUOUS
10
249.4303299999999979
20
-88.5403299999999973
11
243.3703299999999956
21
-94.6003299999999996
0
LINE
8
BLACK
6
CONTINUOUS
10
243.3703299999999956
20
-94.6003299999999996
11
243.3157949999999801
21
-94.6497579999999914
0
LINE
8
BLACK
6
CONTINUOUS
10
243.3157949999999801
20
-94.6497579999999914
11
243.1935479999999927
21
-94.7314409999999896
0
LINE
8
BLACK
6
CONTINUOUS
10
243.1935479999999927
20
-94.7314409999999896
11
243.1388460000000009
21
-94.7540989999999965
0
LINE
8
BLACK
6
CONTINUOUS
10
243.1388460000000009
20
-94.7540989999999965
11
243.0577129999999784
21
-94.787706
0
LINE
8
BLACK
6
CONTINUOUS
10
243.0577129999999784
20
-94.787706
11
242.9135129999999947
21
-94.8163890000000009
0
LINE
8
BLACK
6
CONTINUOUS
10
242.9135129999999947
20
-94.8163890000000009
11
242.839999999999975
21
-94.8199999999999932
0
LINE
8
BLACK
6
CONTINUOUS
10
242.839999999999975
20
-94.8199999999999932
11
225.8400000000000034
21
-94.8199999999999932
0
LINE
8
BLACK
6
CONTINUOUS
10
225.8400000000000034
20
-94.8199999999999932
11
221.0649999999999977
21
-94.8199999999999932
0
LINE
8
BLACK
6
CONTINUOUS
10
221.0649999999999977
20
-94.8199999999999932
11
220.9788959999999918
21
-94.8028729999999911
0
LINE
8
BLACK
6
CONTINUOUS
10
220.9788959999999918
20
-94.8028729999999911
11
220.9059010000000001
21
-94.7540989999999965
0
LINE
8
BLACK
6
CONTINUOUS
10
220.9059010000000001
20
-94.7540989999999965
11
220.8571269999999913
21
-94.6811039999999906
0
LINE
8
BLACK
6
CONTINUOUS
10
220.8571269999999913
20
-94.6811039999999906
11
220.8400000000000034
21
-94.5949999999999989
0
LINE
8
BLACK
6
CONTINUOUS
10
220.8400000000000034
20
-94.5949999999999989
11
220.8400000000000034
21
-93.5450000000000017
0
LINE
8
BLACK
6
CONTINUOUS
10
220.8400000000000034
20
-93.5450000000000017
11
220.8571269999999913
21
-93.4588959999999958
0
LINE
8
BLACK
6
CONTINUOUS
10
220.8571269999999913
20
-93.4588959999999958
11
220.9059010000000001
21
-93.3859009999999898
0
LINE
8
BLACK
6
CONTINUOUS
10
220.9059010000000001
20
-93.3859009999999898
11
220.9788959999999918
21
-93.3371269999999953
0
LINE
8
BLACK
6
CONTINUOUS
10
220.9788959999999918
20
-93.3371269999999953
11
221.0649999999999977
21
-93.3199999999999932
0
LINE
8
BLACK
6
CONTINUOUS
10
221.0649999999999977
20
-93.3199999999999932
11
230.6149999999999807
21
-93.3199999999999932
0
LINE
8
BLACK
6
CONTINUOUS
10
230.6149999999999807
20
-93.3199999999999932
11
242.5293399999999906
21
-93.3199999999999932
0
LINE
8
BLACK
6
CONTINUOUS
10
242.5293399999999906
20
-93.3199999999999932
11
248.1499999999999773
21
-87.6993399999999923
0
LINE
8
BLACK
6
CONTINUOUS
10
248.1499999999999773
20
-87.6993399999999923
11
248.1499999999999773
21
-83.9709999999999894
0
LINE
8
BLACK
6
CONTINUOUS
10
248.1499999999999773
20
-83.9709999999999894
11
248.1499999999999773
21
-55.420659999999998
0
LINE
8
BLACK
6
CONTINUOUS
10
248.1499999999999773
20
-55.420659999999998
11
241.0663399999999967
21
-48.3369999999999962
0
LINE
8
BLACK
6
CONTINUOUS
10
241.0663399999999967
20
-48.3369999999999962
11
219.0797739999999862
21
-48.3369999999999962
0
LINE
8
BLACK
6
CONTINUOUS
10
219.0797739999999862
20
-48.3369999999999962
11
219.0422279999999944
21
-48.3525519999999958
0
LINE
8
BLACK
6
CONTINUOUS
10
219.0422279999999944
20
-48.3525519999999958
11
218.8884139999999832
21
-48.3831479999999985
0
LINE
8
BLACK
6
CONTINUOUS
10
218.8884139999999832
20
-48.3831479999999985
11
218.731585999999993
21
-48.3831479999999985
0
LINE
8
BLACK
6
CONTINUOUS
10
218.731585999999993
20
-48.3831479999999985
11
218.5777719999999817
21
-48.3525519999999958
0
LINE
8
BLACK
6
CONTINUOUS
10
218.5777719999999817
20
-48.3525519999999958
11
218.4328830000000039
21
-48.2925369999999958
0
LINE
8
BLACK
6
CONTINUOUS
10
218.4328830000000039
20
-48.2925369999999958
11
218.3024849999999901
21
-48.2054079999999985
0
LINE
8
BLACK
6
CONTINUOUS
10
218.3024849999999901
20
-48.2054079999999985
11
218.1915919999999858
21
-48.0945150000000012
0
LINE
8
BLACK
6
CONTINUOUS
10
218.1915919999999858
20
-48.0945150000000012
11
218.1044629999999813
21
-47.9641169999999946
0
LINE
8
BLACK
6
CONTINUOUS
10
218.1044629999999813
20
-47.9641169999999946
11
218.0444479999999885
21
-47.8192279999999954
0
LINE
8
BLACK
6
CONTINUOUS
10
218.0444479999999885
20
-47.8192279999999954
11
218.0138519999999858
21
-47.6654139999999984
0
LINE
8
BLACK
6
CONTINUOUS
10
218.0138519999999858
20
-47.6654139999999984
11
218.0138519999999858
21
-47.5085860000000011
0
LINE
8
BLACK
6
CONTINUOUS
10
218.0138519999999858
20
-47.5085860000000011
11
218.0444479999999885
21
-47.354771999999997
0
LINE
8
BLACK
6
CONTINUOUS
10
218.0444479999999885
20
-47.354771999999997
11
218.1044629999999813
21
-47.2098829999999978
0
LINE
8
BLACK
6
CONTINUOUS
10
218.1044629999999813
20
-47.2098829999999978
11
218.1915919999999858
21
-47.0794849999999983
0
LINE
8
BLACK
6
CONTINUOUS
10
218.1915919999999858
20
-47.0794849999999983
11
218.3024849999999901
21
-46.968592000000001
0
LINE
8
BLACK
6
CONTINUOUS
10
218.3024849999999901
20
-46.968592000000001
11
218.4328830000000039
21
-46.8814629999999966
0
LINE
8
BLACK
6
CONTINUOUS
10
218.4328830000000039
20
-46.8814629999999966
11
218.5777719999999817
21
-46.8214479999999966
0
LINE
8
BLACK
6
CONTINUOUS
10
218.5777719999999817
20
-46.8214479999999966
11
218.731585999999993
21
-46.790852000000001
0
LINE
8
BLACK
6
CONTINUOUS
10
218.731585999999993
20
-46.790852000000001
11
218.8884139999999832
21
-46.790852000000001
0
LINE
8
BLACK
6
CONTINUOUS
10
218.8884139999999832
20
-46.790852000000001
11
219.0422279999999944
21
-46.8214479999999966
0
LINE
8
BLACK
6
CONTINUOUS
10
54.5812279999999959
20
-92.1534479999999974
11
54.726116999999995
21
-92.2134629999999902
0
LINE
8
BLACK
6
CONTINUOUS
10
54.726116999999995
20
-92.2134629999999902
11
54.8565149999999946
21
-92.3005919999999946
0
LINE
8
BLACK
6
CONTINUOUS
10
54.8565149999999946
20
-92.3005919999999946
11
54.9674079999999989
21
-92.411484999999999
0
LINE
8
BLACK
6
CONTINUOUS
10
54.9674079999999989
20
-92.411484999999999
11
55.0545369999999963
21
-92.5418829999999986
0
LINE
8
BLACK
6
CONTINUOUS
10
55.0545369999999963
20
-92.5418829999999986
11
55.1145519999999962
21
-92.6867719999999906
0
LINE
8
BLACK
6
CONTINUOUS
10
55.1145519999999962
20
-92.6867719999999906
11
55.1451479999999989
21
-92.8405860000000018
0
LINE
8
BLACK
6
CONTINUOUS
10
55.1451479999999989
20
-92.8405860000000018
11
55.1451479999999989
21
-92.997413999999992
0
LINE
8
BLACK
6
CONTINUOUS
10
55.1451479999999989
20
-92.997413999999992
11
55.1145519999999962
21
-93.151227999999989
0
LINE
8
BLACK
6
CONTINUOUS
10
55.1145519999999962
20
-93.151227999999989
11
55.0545369999999963
21
-93.2961169999999953
0
LINE
8
BLACK
6
CONTINUOUS
10
55.0545369999999963
20
-93.2961169999999953
11
54.9674079999999989
21
-93.4265149999999949
0
LINE
8
BLACK
6
CONTINUOUS
10
54.9674079999999989
20
-93.4265149999999949
11
54.8565149999999946
21
-93.5374079999999992
0
LINE
8
BLACK
6
CONTINUOUS
10
54.8565149999999946
20
-93.5374079999999992
11
54.726116999999995
21
-93.6245369999999895
0
LINE
8
BLACK
6
CONTINUOUS
10
54.726116999999995
20
-93.6245369999999895
11
54.5812279999999959
21
-93.6845519999999965
0
LINE
8
BLACK
6
CONTINUOUS
10
54.5812279999999959
20
-93.6845519999999965
11
54.4274139999999989
21
-93.7151479999999992
0
LINE
8
BLACK
6
CONTINUOUS
10
54.4274139999999989
20
-93.7151479999999992
11
54.2705859999999944
21
-93.7151479999999992
0
LINE
8
BLACK
6
CONTINUOUS
10
54.2705859999999944
20
-93.7151479999999992
11
54.1167719999999974
21
-93.6845519999999965
0
LINE
8
BLACK
6
CONTINUOUS
10
54.1167719999999974
20
-93.6845519999999965
11
53.9718829999999983
21
-93.6245369999999895
0
LINE
8
BLACK
6
CONTINUOUS
10
53.9718829999999983
20
-93.6245369999999895
11
53.8414849999999987
21
-93.5374079999999992
0
LINE
8
BLACK
6
CONTINUOUS
10
53.8414849999999987
20
-93.5374079999999992
11
53.7305919999999944
21
-93.4265149999999949
0
LINE
8
BLACK
6
CONTINUOUS
10
53.7305919999999944
20
-93.4265149999999949
11
53.643462999999997
21
-93.2961169999999953
0
LINE
8
BLACK
6
CONTINUOUS
10
53.643462999999997
20
-93.2961169999999953
11
53.5834479999999971
21
-93.151227999999989
0
LINE
8
BLACK
6
CONTINUOUS
10
53.5834479999999971
20
-93.151227999999989
11
53.5528519999999943
21
-92.997413999999992
0
LINE
8
BLACK
6
CONTINUOUS
10
53.5528519999999943
20
-92.997413999999992
11
53.5528519999999943
21
-92.8405860000000018
0
LINE
8
BLACK
6
CONTINUOUS
10
53.5528519999999943
20
-92.8405860000000018
11
53.5834479999999971
21
-92.6867719999999906
0
LINE
8
BLACK
6
CONTINUOUS
10
53.5834479999999971
20
-92.6867719999999906
11
53.643462999999997
21
-92.5418829999999986
0
LINE
8
BLACK
6
CONTINUOUS
10
53.643462999999997
20
-92.5418829999999986
11
53.7305919999999944
21
-92.411484999999999
0
LINE
8
BLACK
6
CONTINUOUS
10
53.7305919999999944
20
-92.411484999999999
11
53.8414849999999987
21
-92.3005919999999946
0
LINE
8
BLACK
6
CONTINUOUS
10
53.8414849999999987
20
-92.3005919999999946
11
53.9718829999999983
21
-92.2134629999999902
0
LINE
8
BLACK
6
CONTINUOUS
10
53.9718829999999983
20
-92.2134629999999902
11
54.1167719999999974
21
-92.1534479999999974
0
LINE
8
BLACK
6
CONTINUOUS
10
54.1167719999999974
20
-92.1534479999999974
11
54.2705859999999944
21
-92.1228519999999946
0
LINE
8
BLACK
6
CONTINUOUS
10
54.2705859999999944
20
-92.1228519999999946
11
54.4274139999999989
21
-92.1228519999999946
0
LINE
8
BLACK
6
CONTINUOUS
10
54.4274139999999989
20
-92.1228519999999946
11
54.5812279999999959
21
-92.1534479999999974
0
LINE
8
BLACK
6
CONTINUOUS
10
62.9312279999999973
20
-91.3844479999999919
11
63.0761169999999964
21
-91.4444629999999989
0
LINE
8
BLACK
6
CONTINUOUS
10
63.0761169999999964
20
-91.4444629999999989
11
63.206514999999996
21
-91.5315919999999892
0
LINE
8
BLACK
6
CONTINUOUS
10
63.206514999999996
20
-91.5315919999999892
11
63.3174080000000004
21
-91.6424849999999935
0
LINE
8
BLACK
6
CONTINUOUS
10
63.3174080000000004
20
-91.6424849999999935
11
63.4045369999999977
21
-91.7728829999999931
0
LINE
8
BLACK
6
CONTINUOUS
10
63.4045369999999977
20
-91.7728829999999931
11
63.4645519999999976
21
-91.9177719999999994
0
LINE
8
BLACK
6
CONTINUOUS
10
63.4645519999999976
20
-91.9177719999999994
11
63.4951480000000004
21
-92.0715859999999964
0
LINE
8
BLACK
6
CONTINUOUS
10
63.4951480000000004
20
-92.0715859999999964
11
63.4951480000000004
21
-92.2284140000000008
0
LINE
8
BLACK
6
CONTINUOUS
10
63.4951480000000004
20
-92.2284140000000008
11
63.4645519999999976
21
-92.3822279999999978
0
LINE
8
BLACK
6
CONTINUOUS
10
63.4645519999999976
20
-92.3822279999999978
11
63.4045369999999977
21
-92.5271169999999898
0
LINE
8
BLACK
6
CONTINUOUS
10
63.4045369999999977
20
-92.5271169999999898
11
63.3174080000000004
21
-92.6575149999999894
0
LINE
8
BLACK
6
CONTINUOUS
10
63.3174080000000004
20
-92.6575149999999894
11
63.206514999999996
21
-92.7684079999999938
0
LINE
8
BLACK
6
CONTINUOUS
10
63.206514999999996
20
-92.7684079999999938
11
63.0761169999999964
21
-92.8555369999999982
0
LINE
8
BLACK
6
CONTINUOUS
10
63.0761169999999964
20
-92.8555369999999982
11
62.9312279999999973
21
-92.915551999999991
0
LINE
8
BLACK
6
CONTINUOUS
10
62.9312279999999973
20
-92.915551999999991
11
62.7774140000000003
21
-92.9461479999999938
0
LINE
8
BLACK
6
CONTINUOUS
10
62.7774140000000003
20
-92.9461479999999938
11
62.6205859999999959
21
-92.9461479999999938
0
LINE
8
BLACK
6
CONTINUOUS
10
62.6205859999999959
20
-92.9461479999999938
11
62.4667719999999989
21
-92.915551999999991
0
LINE
8
BLACK
6
CONTINUOUS
10
62.4667719999999989
20
-92.915551999999991
11
62.3218829999999997
21
-92.8555369999999982
0
LINE
8
BLACK
6
CONTINUOUS
10
62.3218829999999997
20
-92.8555369999999982
11
62.1914850000000001
21
-92.7684079999999938
0
LINE
8
BLACK
6
CONTINUOUS
10
62.1914850000000001
20
-92.7684079999999938
11
62.0805919999999958
21
-92.6575149999999894
0
LINE
8
BLACK
6
CONTINUOUS
10
62.0805919999999958
20
-92.6575149999999894
11
61.9934629999999984
21
-92.5271169999999898
0
LINE
8
BLACK
6
CONTINUOUS
10
61.9934629999999984
20
-92.5271169999999898
11
61.9334479999999985
21
-92.3822279999999978
0
LINE
8
BLACK
6
CONTINUOUS
10
61.9334479999999985
20
-92.3822279999999978
11
61.9028519999999958
21
-92.2284140000000008
0
LINE
8
BLACK
6
CONTINUOUS
10
61.9028519999999958
20
-92.2284140000000008
11
61.9028519999999958
21
-92.0715859999999964
0
LINE
8
BLACK
6
CONTINUOUS
10
61.9028519999999958
20
-92.0715859999999964
11
61.9334479999999985
21
-91.9177719999999994
0
LINE
8
BLACK
6
CONTINUOUS
10
61.9334479999999985
20
-91.9177719999999994
11
61.9934629999999984
21
-91.7728829999999931
0
LINE
8
BLACK
6
CONTINUOUS
10
61.9934629999999984
20
-91.7728829999999931
11
62.0805919999999958
21
-91.6424849999999935
0
LINE
8
BLACK
6
CONTINUOUS
10
62.0805919999999958
20
-91.6424849999999935
11
62.1914850000000001
21
-91.5315919999999892
0
LINE
8
BLACK
6
CONTINUOUS
10
62.1914850000000001
20
-91.5315919999999892
11
62.3218829999999997
21
-91.4444629999999989
0
LINE
8
BLACK
6
CONTINUOUS
10
62.3218829999999997
20
-91.4444629999999989
11
62.4667719999999989
21
-91.3844479999999919
0
LINE
8
BLACK
6
CONTINUOUS
10
62.4667719999999989
20
-91.3844479999999919
11
62.6205859999999959
21
-91.3538519999999892
0
LINE
8
BLACK
6
CONTINUOUS
10
62.6205859999999959
20
-91.3538519999999892
11
62.7774140000000003
21
-91.3538519999999892
0
LINE
8
BLACK
6
CONTINUOUS
10
62.7774140000000003
20
-91.3538519999999892
11
62.9312279999999973
21
-91.3844479999999919
0
LINE
8
BLACK
6
CONTINUOUS
10
75.6811039999999906
20
-91.4171269999999936
11
75.7540989999999965
21
-91.4659010000000023
0
LINE
8
BLACK
6
CONTINUOUS
10
75.7540989999999965
20
-91.4659010000000023
11
75.8028729999999911
21
-91.538895999999994
0
LINE
8
BLACK
6
CONTINUOUS
10
75.8028729999999911
20
-91.538895999999994
11
75.8199999999999932
21
-91.625
0
LINE
8
BLACK
6
CONTINUOUS
10
75.8199999999999932
20
-91.625
11
75.8199999999999932
21
-92.6749999999999972
0
LINE
8
BLACK
6
CONTINUOUS
10
75.8199999999999932
20
-92.6749999999999972
11
75.8028729999999911
21
-92.7611039999999889
0
LINE
8
BLACK
6
CONTINUOUS
10
75.8028729999999911
20
-92.7611039999999889
11
75.7540989999999965
21
-92.8340989999999948
0
LINE
8
BLACK
6
CONTINUOUS
10
75.7540989999999965
20
-92.8340989999999948
11
75.6811039999999906
21
-92.8828729999999894
0
LINE
8
BLACK
6
CONTINUOUS
10
75.6811039999999906
20
-92.8828729999999894
11
75.5949999999999989
21
-92.8999999999999915
0
LINE
8
BLACK
6
CONTINUOUS
10
75.5949999999999989
20
-92.8999999999999915
11
66.0450000000000017
21
-92.8999999999999915
0
LINE
8
BLACK
6
CONTINUOUS
10
66.0450000000000017
20
-92.8999999999999915
11
65.9588959999999958
21
-92.8828729999999894
0
LINE
8
BLACK
6
CONTINUOUS
10
65.9588959999999958
20
-92.8828729999999894
11
65.885901000000004
21
-92.8340989999999948
0
LINE
8
BLACK
6
CONTINUOUS
10
65.885901000000004
20
-92.8340989999999948
11
65.8371269999999953
21
-92.7611039999999889
0
LINE
8
BLACK
6
CONTINUOUS
10
65.8371269999999953
20
-92.7611039999999889
11
65.8199999999999932
21
-92.6749999999999972
0
LINE
8
BLACK
6
CONTINUOUS
10
65.8199999999999932
20
-92.6749999999999972
11
65.8199999999999932
21
-91.625
0
LINE
8
BLACK
6
CONTINUOUS
10
65.8199999999999932
20
-91.625
11
65.8371269999999953
21
-91.538895999999994
0
LINE
8
BLACK
6
CONTINUOUS
10
65.8371269999999953
20
-91.538895999999994
11
65.885901000000004
21
-91.4659010000000023
0
LINE
8
BLACK
6
CONTINUOUS
10
65.885901000000004
20
-91.4659010000000023
11
65.9588959999999958
21
-91.4171269999999936
0
LINE
8
BLACK
6
CONTINUOUS
10
65.9588959999999958
20
-91.4171269999999936
11
66.0450000000000017
21
-91.3999999999999915
0
LINE
8
BLACK
6
CONTINUOUS
10
66.0450000000000017
20
-91.3999999999999915
11
75.5949999999999989
21
-91.3999999999999915
0
LINE
8
BLACK
6
CONTINUOUS
10
75.5949999999999989
20
-91.3999999999999915
11
75.6811039999999906
21
-91.4171269999999936
0
LINE
8
BLACK
6
CONTINUOUS
10
105.6811039999999906
20
-91.4171269999999936
11
105.7540989999999965
21
-91.4659010000000023
0
LINE
8
BLACK
6
CONTINUOUS
10
105.7540989999999965
20
-91.4659010000000023
11
105.8028729999999911
21
-91.538895999999994
0
LINE
8
BLACK
6
CONTINUOUS
10
105.8028729999999911
20
-91.538895999999994
11
105.8199999999999932
21
-91.625
0
LINE
8
BLACK
6
CONTINUOUS
10
105.8199999999999932
20
-91.625
11
105.8199999999999932
21
-92.6749999999999972
0
LINE
8
BLACK
6
CONTINUOUS
10
105.8199999999999932
20
-92.6749999999999972
11
105.8028729999999911
21
-92.7611039999999889
0
LINE
8
BLACK
6
CONTINUOUS
10
105.8028729999999911
20
-92.7611039999999889
11
105.7540989999999965
21
-92.8340989999999948
0
LINE
8
BLACK
6
CONTINUOUS
10
105.7540989999999965
20
-92.8340989999999948
11
105.6811039999999906
21
-92.8828729999999894
0
LINE
8
BLACK
6
CONTINUOUS
10
105.6811039999999906
20
-92.8828729999999894
11
105.5949999999999989
21
-92.8999999999999915
0
LINE
8
BLACK
6
CONTINUOUS
10
105.5949999999999989
20
-92.8999999999999915
11
96.0450000000000017
21
-92.8999999999999915
0
LINE
8
BLACK
6
CONTINUOUS
10
96.0450000000000017
20
-92.8999999999999915
11
95.9588959999999958
21
-92.8828729999999894
0
LINE
8
BLACK
6
CONTINUOUS
10
95.9588959999999958
20
-92.8828729999999894
11
95.8859009999999898
21
-92.8340989999999948
0
LINE
8
BLACK
6
CONTINUOUS
10
95.8859009999999898
20
-92.8340989999999948
11
95.8371269999999953
21
-92.7611039999999889
0
LINE
8
BLACK
6
CONTINUOUS
10
95.8371269999999953
20
-92.7611039999999889
11
95.8199999999999932
21
-92.6749999999999972
0
LINE
8
BLACK
6
CONTINUOUS
10
95.8199999999999932
20
-92.6749999999999972
11
95.8199999999999932
21
-91.625
0
LINE
8
BLACK
6
CONTINUOUS
10
95.8199999999999932
20
-91.625
11
95.8371269999999953
21
-91.538895999999994
0
LINE
8
BLACK
6
CONTINUOUS
10
95.8371269999999953
20
-91.538895999999994
11
95.8859009999999898
21
-91.4659010000000023
0
LINE
8
BLACK
6
CONTINUOUS
10
95.8859009999999898
20
-91.4659010000000023
11
95.9588959999999958
21
-91.4171269999999936
0
LINE
8
BLACK
6
CONTINUOUS
10
95.9588959999999958
20
-91.4171269999999936
11
96.0450000000000017
21
-91.3999999999999915
0
LINE
8
BLACK
6
CONTINUOUS
10
96.0450000000000017
20
-91.3999999999999915
11
105.5949999999999989
21
-91.3999999999999915
0
LINE
8
BLACK
6
CONTINUOUS
10
105.5949999999999989
20
-91.3999999999999915
11
105.6811039999999906
21
-91.4171269999999936
0
LINE
8
BLACK
6
CONTINUOUS
10
154.501103999999998
20
-91.4171269999999936
11
154.5740989999999897
21
-91.4659010000000023
0
LINE
8
BLACK
6
CONTINUOUS
10
154.5740989999999897
20
-91.4659010000000023
11
154.6228729999999985
21
-91.538895999999994
0
LINE
8
BLACK
6
CONTINUOUS
10
154.6228729999999985
20
-91.538895999999994
11
154.6399999999999864
21
-91.625
0
LINE
8
BLACK
6
CONTINUOUS
10
154.6399999999999864
20
-91.625
11
154.6399999999999864
21
-92.6749999999999972
0
LINE
8
BLACK
6
CONTINUOUS
10
154.6399999999999864
20
-92.6749999999999972
11
154.6228729999999985
21
-92.7611039999999889
0
LINE
8
BLACK
6
CONTINUOUS
10
154.6228729999999985
20
-92.7611039999999889
11
154.5740989999999897
21
-92.8340989999999948
0
LINE
8
BLACK
6
CONTINUOUS
10
154.5740989999999897
20
-92.8340989999999948
11
154.501103999999998
21
-92.8828729999999894
0
LINE
8
BLACK
6
CONTINUOUS
10
154.501103999999998
20
-92.8828729999999894
11
154.414999999999992
21
-92.8999999999999915
0
LINE
8
BLACK
6
CONTINUOUS
10
154.414999999999992
20
-92.8999999999999915
11
144.8649999999999807
21
-92.8999999999999915
0
LINE
8
BLACK
6
CONTINUOUS
10
144.8649999999999807
20
-92.8999999999999915
11
144.7788960000000031
21
-92.8828729999999894
0
LINE
8
BLACK
6
CONTINUOUS
10
144.7788960000000031
20
-92.8828729999999894
11
144.705900999999983
21
-92.8340989999999948
0
LINE
8
BLACK
6
CONTINUOUS
10
144.705900999999983
20
-92.8340989999999948
11
144.6571270000000027
21
-92.7611039999999889
0
LINE
8
BLACK
6
CONTINUOUS
10
144.6571270000000027
20
-92.7611039999999889
11
144.6399999999999864
21
-92.6749999999999972
0
LINE
8
BLACK
6
CONTINUOUS
10
144.6399999999999864
20
-92.6749999999999972
11
144.6399999999999864
21
-91.625
0
LINE
8
BLACK
6
CONTINUOUS
10
144.6399999999999864
20
-91.625
11
144.6571270000000027
21
-91.538895999999994
0
LINE
8
BLACK
6
CONTINUOUS
10
144.6571270000000027
20
-91.538895999999994
11
144.705900999999983
21
-91.4659010000000023
0
LINE
8
BLACK
6
CONTINUOUS
10
144.705900999999983
20
-91.4659010000000023
11
144.7788960000000031
21
-91.4171269999999936
0
LINE
8
BLACK
6
CONTINUOUS
10
144.7788960000000031
20
-91.4171269999999936
11
144.8649999999999807
21
-91.3999999999999915
0
LINE
8
BLACK
6
CONTINUOUS
10
144.8649999999999807
20
-91.3999999999999915
11
154.414999999999992
21
-91.3999999999999915
0
LINE
8
BLACK
6
CONTINUOUS
10
154.414999999999992
20
-91.3999999999999915
11
154.501103999999998
21
-91.4171269999999936
0
LINE
8
BLACK
6
CONTINUOUS
10
184.501103999999998
20
-91.4171269999999936
11
184.5740989999999897
21
-91.4659010000000023
0
LINE
8
BLACK
6
CONTINUOUS
10
184.5740989999999897
20
-91.4659010000000023
11
184.6228729999999985
21
-91.538895999999994
0
LINE
8
BLACK
6
CONTINUOUS
10
184.6228729999999985
20
-91.538895999999994
11
184.6399999999999864
21
-91.625
0
LINE
8
BLACK
6
CONTINUOUS
10
184.6399999999999864
20
-91.625
11
184.6399999999999864
21
-92.6749999999999972
0
LINE
8
BLACK
6
CONTINUOUS
10
184.6399999999999864
20
-92.6749999999999972
11
184.6228729999999985
21
-92.7611039999999889
0
LINE
8
BLACK
6
CONTINUOUS
10
184.6228729999999985
20
-92.7611039999999889
11
184.5740989999999897
21
-92.8340989999999948
0
LINE
8
BLACK
6
CONTINUOUS
10
184.5740989999999897
20
-92.8340989999999948
11
184.501103999999998
21
-92.8828729999999894
0
LINE
8
BLACK
6
CONTINUOUS
10
184.501103999999998
20
-92.8828729999999894
11
184.414999999999992
21
-92.8999999999999915
0
LINE
8
BLACK
6
CONTINUOUS
10
184.414999999999992
20
-92.8999999999999915
11
174.8649999999999807
21
-92.8999999999999915
0
LINE
8
BLACK
6
CONTINUOUS
10
174.8649999999999807
20
-92.8999999999999915
11
174.7788960000000031
21
-92.8828729999999894
0
LINE
8
BLACK
6
CONTINUOUS
10
174.7788960000000031
20
-92.8828729999999894
11
174.705900999999983
21
-92.8340989999999948
0
LINE
8
BLACK
6
CONTINUOUS
10
174.705900999999983
20
-92.8340989999999948
11
174.6571270000000027
21
-92.7611039999999889
0
LINE
8
BLACK
6
CONTINUOUS
10
174.6571270000000027
20
-92.7611039999999889
11
174.6399999999999864
21
-92.6749999999999972
0
LINE
8
BLACK
6
CONTINUOUS
10
174.6399999999999864
20
-92.6749999999999972
11
174.6399999999999864
21
-91.625
0
LINE
8
BLACK
6
CONTINUOUS
10
174.6399999999999864
20
-91.625
11
174.6571270000000027
21
-91.538895999999994
0
LINE
8
BLACK
6
CONTINUOUS
10
174.6571270000000027
20
-91.538895999999994
11
174.705900999999983
21
-91.4659010000000023
0
LINE
8
BLACK
6
CONTINUOUS
10
174.705900999999983
20
-91.4659010000000023
11
174.7788960000000031
21
-91.4171269999999936
0
LINE
8
BLACK
6
CONTINUOUS
10
174.7788960000000031
20
-91.4171269999999936
11
174.8649999999999807
21
-91.3999999999999915
0
LINE
8
BLACK
6
CONTINUOUS
10
174.8649999999999807
20
-91.3999999999999915
11
184.414999999999992
21
-91.3999999999999915
0
LINE
8
BLACK
6
CONTINUOUS
10
184.414999999999992
20
-91.3999999999999915
11
184.501103999999998
21
-91.4171269999999936
0
LINE
8
BLACK
6
CONTINUOUS
10
241.8581219999999803
20
-90.7644480000000016
11
242.0030109999999866
21
-90.8244629999999944
0
LINE
8
BLACK
6
CONTINUOUS
10
242.0030109999999866
20
-90.8244629999999944
11
242.1334090000000003
21
-90.9115919999999988
0
LINE
8
BLACK
6
CONTINUOUS
10
242.1334090000000003
20
-90.9115919999999988
11
242.2443019999999763
21
-91.022484999999989
0
LINE
8
BLACK
6
CONTINUOUS
10
242.2443019999999763
20
-91.022484999999989
11
242.3314309999999807
21
-91.1528830000000028
0
LINE
8
BLACK
6
CONTINUOUS
10
242.3314309999999807
20
-91.1528830000000028
11
242.391446000000002
21
-91.2977719999999948
0
LINE
8
BLACK
6
CONTINUOUS
10
242.391446000000002
20
-91.2977719999999948
11
242.4220419999999763
21
-91.4515859999999918
0
LINE
8
BLACK
6
CONTINUOUS
10
242.4220419999999763
20
-91.4515859999999918
11
242.4220419999999763
21
-91.6084139999999962
0
LINE
8
BLACK
6
CONTINUOUS
10
242.4220419999999763
20
-91.6084139999999962
11
242.391446000000002
21
-91.7622279999999932
0
LINE
8
BLACK
6
CONTINUOUS
10
242.391446000000002
20
-91.7622279999999932
11
242.3314309999999807
21
-91.9071169999999995
0
LINE
8
BLACK
6
CONTINUOUS
10
242.3314309999999807
20
-91.9071169999999995
11
242.2443019999999763
21
-92.0375149999999991
0
LINE
8
BLACK
6
CONTINUOUS
10
242.2443019999999763
20
-92.0375149999999991
11
242.1334090000000003
21
-92.1484079999999892
0
LINE
8
BLACK
6
CONTINUOUS
10
242.1334090000000003
20
-92.1484079999999892
11
242.0030109999999866
21
-92.2355369999999937
0
LINE
8
BLACK
6
CONTINUOUS
10
242.0030109999999866
20
-92.2355369999999937
11
241.8581219999999803
21
-92.2955520000000007
0
LINE
8
BLACK
6
CONTINUOUS
10
241.8581219999999803
20
-92.2955520000000007
11
241.7043079999999975
21
-92.3261479999999892
0
LINE
8
BLACK
6
CONTINUOUS
10
241.7043079999999975
20
-92.3261479999999892
11
241.5474799999999789
21
-92.3261479999999892
0
LINE
8
BLACK
6
CONTINUOUS
10
241.5474799999999789
20
-92.3261479999999892
11
241.3936659999999961
21
-92.2955520000000007
0
LINE
8
BLACK
6
CONTINUOUS
10
241.3936659999999961
20
-92.2955520000000007
11
241.3561199999999758
21
-92.2800000000000011
0
LINE
8
BLACK
6
CONTINUOUS
10
241.3561199999999758
20
-92.2800000000000011
11
225.8400000000000034
21
-92.2800000000000011
0
LINE
8
BLACK
6
CONTINUOUS
10
225.8400000000000034
20
-92.2800000000000011
11
221.0649999999999977
21
-92.2800000000000011
0
LINE
8
BLACK
6
CONTINUOUS
10
221.0649999999999977
20
-92.2800000000000011
11
220.9788959999999918
21
-92.262872999999999
0
LINE
8
BLACK
6
CONTINUOUS
10
220.9788959999999918
20
-92.262872999999999
11
220.9059010000000001
21
-92.2140989999999903
0
LINE
8
BLACK
6
CONTINUOUS
10
220.9059010000000001
20
-92.2140989999999903
11
220.8571269999999913
21
-92.1411039999999986
0
LINE
8
BLACK
6
CONTINUOUS
10
220.8571269999999913
20
-92.1411039999999986
11
220.8400000000000034
21
-92.0549999999999926
0
LINE
8
BLACK
6
CONTINUOUS
10
220.8400000000000034
20
-92.0549999999999926
11
220.8400000000000034
21
-91.0049999999999955
0
LINE
8
BLACK
6
CONTINUOUS
10
220.8400000000000034
20
-91.0049999999999955
11
220.8571269999999913
21
-90.9188959999999895
0
LINE
8
BLACK
6
CONTINUOUS
10
220.8571269999999913
20
-90.9188959999999895
11
220.9059010000000001
21
-90.8459009999999978
0
LINE
8
BLACK
6
CONTINUOUS
10
220.9059010000000001
20
-90.8459009999999978
11
220.9788959999999918
21
-90.797126999999989
0
LINE
8
BLACK
6
CONTINUOUS
10
220.9788959999999918
20
-90.797126999999989
11
221.0649999999999977
21
-90.7800000000000011
0
LINE
8
BLACK
6
CONTINUOUS
10
221.0649999999999977
20
-90.7800000000000011
11
230.6149999999999807
21
-90.7800000000000011
0
LINE
8
BLACK
6
CONTINUOUS
10
230.6149999999999807
20
-90.7800000000000011
11
241.3561199999999758
21
-90.7800000000000011
0
LINE
8
BLACK
6
CONTINUOUS
10
241.3561199999999758
20
-90.7800000000000011
11
241.3936659999999961
21
-90.7644480000000016
0
LINE
8
BLACK
6
CONTINUOUS
10
241.3936659999999961
20
-90.7644480000000016
11
241.5474799999999789
21
-90.7338519999999988
0
LINE
8
BLACK
6
CONTINUOUS
10
241.5474799999999789
20
-90.7338519999999988
11
241.7043079999999975
21
-90.7338519999999988
0
LINE
8
BLACK
6
CONTINUOUS
10
241.7043079999999975
20
-90.7338519999999988
11
241.8581219999999803
21
-90.7644480000000016
0
LINE
8
BLACK
6
CONTINUOUS
10
230.6149999999999807
20
-88.2399999999999949
11
242.339999999999975
21
-88.2399999999999949
0
LINE
8
BLACK
6
CONTINUOUS
10
242.339999999999975
20
-88.2399999999999949
11
242.4135129999999947
21
-88.2436110000000014
0
LINE
8
BLACK
6
CONTINUOUS
10
242.4135129999999947
20
-88.2436110000000014
11
242.5577129999999784
21
-88.2722940000000023
0
LINE
8
BLACK
6
CONTINUOUS
10
242.5577129999999784
20
-88.2722940000000023
11
242.6372829999999965
21
-88.3052529999999933
0
LINE
8
BLACK
6
CONTINUOUS
10
242.6372829999999965
20
-88.3052529999999933
11
242.6935479999999927
21
-88.3285589999999985
0
LINE
8
BLACK
6
CONTINUOUS
10
242.6935479999999927
20
-88.3285589999999985
11
242.7688819999999907
21
-88.3788959999999975
0
LINE
8
BLACK
6
CONTINUOUS
10
242.7688819999999907
20
-88.3788959999999975
11
242.8157949999999801
21
-88.4102419999999967
0
LINE
8
BLACK
6
CONTINUOUS
10
242.8157949999999801
20
-88.4102419999999967
11
242.8703299999999956
21
-88.4596700000000027
0
LINE
8
BLACK
6
CONTINUOUS
10
242.8703299999999956
20
-88.4596700000000027
11
243.8425169999999866
21
-89.4318569999999937
0
LINE
8
BLACK
6
CONTINUOUS
10
243.8425169999999866
20
-89.4318569999999937
11
243.880063999999976
21
-89.4474099999999908
0
LINE
8
BLACK
6
CONTINUOUS
10
243.880063999999976
20
-89.4474099999999908
11
244.0104619999999898
21
-89.5345389999999952
0
LINE
8
BLACK
6
CONTINUOUS
10
244.0104619999999898
20
-89.5345389999999952
11
244.1213549999999941
21
-89.6454319999999996
0
LINE
8
BLACK
6
CONTINUOUS
10
244.1213549999999941
20
-89.6454319999999996
11
244.2084839999999986
21
-89.7758299999999991
0
LINE
8
BLACK
6
CONTINUOUS
10
244.2084839999999986
20
-89.7758299999999991
11
244.2684989999999914
21
-89.9207189999999912
0
LINE
8
BLACK
6
CONTINUOUS
10
244.2684989999999914
20
-89.9207189999999912
11
244.2990949999999941
21
-90.0745330000000024
0
LINE
8
BLACK
6
CONTINUOUS
10
244.2990949999999941
20
-90.0745330000000024
11
244.2990949999999941
21
-90.2313609999999926
0
LINE
8
BLACK
6
CONTINUOUS
10
244.2990949999999941
20
-90.2313609999999926
11
244.2684989999999914
21
-90.3851749999999896
0
LINE
8
BLACK
6
CONTINUOUS
10
244.2684989999999914
20
-90.3851749999999896
11
244.2084839999999986
21
-90.5300639999999959
0
LINE
8
BLACK
6
CONTINUOUS
10
244.2084839999999986
20
-90.5300639999999959
11
244.1213549999999941
21
-90.6604619999999954
0
LINE
8
BLACK
6
CONTINUOUS
10
244.1213549999999941
20
-90.6604619999999954
11
244.0104619999999898
21
-90.7713549999999998
0
LINE
8
BLACK
6
CONTINUOUS
10
244.0104619999999898
20
-90.7713549999999998
11
243.880063999999976
21
-90.85848399999999
0
LINE
8
BLACK
6
CONTINUOUS
10
243.880063999999976
20
-90.85848399999999
11
243.7351749999999981
21
-90.9184989999999971
0
LINE
8
BLACK
6
CONTINUOUS
10
243.7351749999999981
20
-90.9184989999999971
11
243.5813609999999869
21
-90.9490949999999998
0
LINE
8
BLACK
6
CONTINUOUS
10
243.5813609999999869
20
-90.9490949999999998
11
243.4245329999999967
21
-90.9490949999999998
0
LINE
8
BLACK
6
CONTINUOUS
10
243.4245329999999967
20
-90.9490949999999998
11
243.2707189999999855
21
-90.9184989999999971
0
LINE
8
BLACK
6
CONTINUOUS
10
243.2707189999999855
20
-90.9184989999999971
11
243.1258299999999792
21
-90.85848399999999
0
LINE
8
BLACK
6
CONTINUOUS
10
243.1258299999999792
20
-90.85848399999999
11
242.9954319999999939
21
-90.7713549999999998
0
LINE
8
BLACK
6
CONTINUOUS
10
242.9954319999999939
20
-90.7713549999999998
11
242.8845389999999895
21
-90.6604619999999954
0
LINE
8
BLACK
6
CONTINUOUS
10
242.8845389999999895
20
-90.6604619999999954
11
242.7974099999999851
21
-90.5300639999999959
0
LINE
8
BLACK
6
CONTINUOUS
10
242.7974099999999851
20
-90.5300639999999959
11
242.7818570000000022
21
-90.4925169999999923
0
LINE
8
BLACK
6
CONTINUOUS
10
242.7818570000000022
20
-90.4925169999999923
11
242.0293399999999906
21
-89.7399999999999949
0
LINE
8
BLACK
6
CONTINUOUS
10
242.0293399999999906
20
-89.7399999999999949
11
225.8400000000000034
21
-89.7399999999999949
0
LINE
8
BLACK
6
CONTINUOUS
10
225.8400000000000034
20
-89.7399999999999949
11
221.0649999999999977
21
-89.7399999999999949
0
LINE
8
BLACK
6
CONTINUOUS
10
221.0649999999999977
20
-89.7399999999999949
11
220.9788959999999918
21
-89.7228729999999928
0
LINE
8
BLACK
6
CONTINUOUS
10
220.9788959999999918
20
-89.7228729999999928
11
220.9059010000000001
21
-89.6740989999999982
0
LINE
8
BLACK
6
CONTINUOUS
10
220.9059010000000001
20
-89.6740989999999982
11
220.8571269999999913
21
-89.6011039999999923
0
LINE
8
BLACK
6
CONTINUOUS
10
220.8571269999999913
20
-89.6011039999999923
11
220.8400000000000034
21
-89.5150000000000006
0
LINE
8
BLACK
6
CONTINUOUS
10
220.8400000000000034
20
-89.5150000000000006
11
220.8400000000000034
21
-88.4649999999999892
0
LINE
8
BLACK
6
CONTINUOUS
10
220.8400000000000034
20
-88.4649999999999892
11
220.8571269999999913
21
-88.3788959999999975
0
LINE
8
BLACK
6
CONTINUOUS
10
220.8571269999999913
20
-88.3788959999999975
11
220.9059010000000001
21
-88.3059009999999915
0
LINE
8
BLACK
6
CONTINUOUS
10
220.9059010000000001
20
-88.3059009999999915
11
220.9788959999999918
21
-88.257126999999997
0
LINE
8
BLACK
6
CONTINUOUS
10
220.9788959999999918
20
-88.257126999999997
11
221.0649999999999977
21
-88.2399999999999949
0
LINE
8
BLACK
6
CONTINUOUS
10
221.0649999999999977
20
-88.2399999999999949
11
230.6149999999999807
21
-88.2399999999999949
0
LINE
8
BLACK
6
CONTINUOUS
10
59.1832279999999997
20
-88.8444479999999999
11
59.3281169999999989
21
-88.9044629999999927
0
LINE
8
BLACK
6
CONTINUOUS
10
59.3281169999999989
20
-88.9044629999999927
11
59.4585149999999985
21
-88.9915919999999971
0
LINE
8
BLACK
6
CONTINUOUS
10
59.4585149999999985
20
-88.9915919999999971
11
59.5694079999999957
21
-89.1024850000000015
0
LINE
8
BLACK
6
CONTINUOUS
10
59.5694079999999957
20
-89.1024850000000015
11
59.6565370000000001
21
-89.2328830000000011
0
LINE
8
BLACK
6
CONTINUOUS
10
59.6565370000000001
20
-89.2328830000000011
11
59.7165520000000001
21
-89.3777719999999931
0
LINE
8
BLACK
6
CONTINUOUS
10
59.7165520000000001
20
-89.3777719999999931
11
59.7471479999999957
21
-89.5315859999999901
0
LINE
8
BLACK
6
CONTINUOUS
10
59.7471479999999957
20
-89.5315859999999901
11
59.7471479999999957
21
-89.6884139999999945
0
LINE
8
BLACK
6
CONTINUOUS
10
59.7471479999999957
20
-89.6884139999999945
11
59.7165520000000001
21
-89.8422279999999915
0
LINE
8
BLACK
6
CONTINUOUS
10
59.7165520000000001
20
-89.8422279999999915
11
59.6565370000000001
21
-89.9871169999999978
0
LINE
8
BLACK
6
CONTINUOUS
10
59.6565370000000001
20
-89.9871169999999978
11
59.5694079999999957
21
-90.1175149999999974
0
LINE
8
BLACK
6
CONTINUOUS
10
59.5694079999999957
20
-90.1175149999999974
11
59.4585149999999985
21
-90.2284080000000017
0
LINE
8
BLACK
6
CONTINUOUS
10
59.4585149999999985
20
-90.2284080000000017
11
59.3281169999999989
21
-90.315536999999992
0
LINE
8
BLACK
6
CONTINUOUS
10
59.3281169999999989
20
-90.315536999999992
11
59.1832279999999997
21
-90.375551999999999
0
LINE
8
BLACK
6
CONTINUOUS
10
59.1832279999999997
20
-90.375551999999999
11
59.0294139999999956
21
-90.4061480000000017
0
LINE
8
BLACK
6
CONTINUOUS
10
59.0294139999999956
20
-90.4061480000000017
11
58.8725859999999983
21
-90.4061480000000017
0
LINE
8
BLACK
6
CONTINUOUS
10
58.8725859999999983
20
-90.4061480000000017
11
58.7187719999999942
21
-90.375551999999999
0
LINE
8
BLACK
6
CONTINUOUS
10
58.7187719999999942
20
-90.375551999999999
11
58.573882999999995
21
-90.315536999999992
0
LINE
8
BLACK
6
CONTINUOUS
10
58.573882999999995
20
-90.315536999999992
11
58.4434849999999955
21
-90.2284080000000017
0
LINE
8
BLACK
6
CONTINUOUS
10
58.4434849999999955
20
-90.2284080000000017
11
58.3325919999999982
21
-90.1175149999999974
0
LINE
8
BLACK
6
CONTINUOUS
10
58.3325919999999982
20
-90.1175149999999974
11
58.2454630000000009
21
-89.9871169999999978
0
LINE
8
BLACK
6
CONTINUOUS
10
58.2454630000000009
20
-89.9871169999999978
11
58.1854479999999938
21
-89.8422279999999915
0
LINE
8
BLACK
6
CONTINUOUS
10
58.1854479999999938
20
-89.8422279999999915
11
58.1548519999999982
21
-89.6884139999999945
0
LINE
8
BLACK
6
CONTINUOUS
10
58.1548519999999982
20
-89.6884139999999945
11
58.1548519999999982
21
-89.5315859999999901
0
LINE
8
BLACK
6
CONTINUOUS
10
58.1548519999999982
20
-89.5315859999999901
11
58.1854479999999938
21
-89.3777719999999931
0
LINE
8
BLACK
6
CONTINUOUS
10
58.1854479999999938
20
-89.3777719999999931
11
58.2454630000000009
21
-89.2328830000000011
0
LINE
8
BLACK
6
CONTINUOUS
10
58.2454630000000009
20
-89.2328830000000011
11
58.3325919999999982
21
-89.1024850000000015
0
LINE
8
BLACK
6
CONTINUOUS
10
58.3325919999999982
20
-89.1024850000000015
11
58.4434849999999955
21
-88.9915919999999971
0
LINE
8
BLACK
6
CONTINUOUS
10
58.4434849999999955
20
-88.9915919999999971
11
58.573882999999995
21
-88.9044629999999927
0
LINE
8
BLACK
6
CONTINUOUS
10
58.573882999999995
20
-88.9044629999999927
11
58.7187719999999942
21
-88.8444479999999999
0
LINE
8
BLACK
6
CONTINUOUS
10
58.7187719999999942
20
-88.8444479999999999
11
58.8725859999999983
21
-88.8138519999999971
0
LINE
8
BLACK
6
CONTINUOUS
10
58.8725859999999983
20
-88.8138519999999971
11
59.0294139999999956
21
-88.8138519999999971
0
LINE
8
BLACK
6
CONTINUOUS
10
59.0294139999999956
20
-88.8138519999999971
11
59.1832279999999997
21
-88.8444479999999999
0
LINE
8
BLACK
6
CONTINUOUS
10
75.6811039999999906
20
-88.8771270000000015
11
75.7540989999999965
21
-88.9259009999999961
0
LINE
8
BLACK
6
CONTINUOUS
10
75.7540989999999965
20
-88.9259009999999961
11
75.8028729999999911
21
-88.998896000000002
0
LINE
8
BLACK
6
CONTINUOUS
10
75.8028729999999911
20
-88.998896000000002
11
75.8199999999999932
21
-89.0849999999999937
0
LINE
8
BLACK
6
CONTINUOUS
10
75.8199999999999932
20
-89.0849999999999937
11
75.8199999999999932
21
-90.1349999999999909
0
LINE
8
BLACK
6
CONTINUOUS
10
75.8199999999999932
20
-90.1349999999999909
11
75.8028729999999911
21
-90.2211039999999969
0
LINE
8
BLACK
6
CONTINUOUS
10
75.8028729999999911
20
-90.2211039999999969
11
75.7540989999999965
21
-90.2940990000000028
0
LINE
8
BLACK
6
CONTINUOUS
10
75.7540989999999965
20
-90.2940990000000028
11
75.6811039999999906
21
-90.3428729999999973
0
LINE
8
BLACK
6
CONTINUOUS
10
75.6811039999999906
20
-90.3428729999999973
11
75.5949999999999989
21
-90.3599999999999994
0
LINE
8
BLACK
6
CONTINUOUS
10
75.5949999999999989
20
-90.3599999999999994
11
66.0450000000000017
21
-90.3599999999999994
0
LINE
8
BLACK
6
CONTINUOUS
10
66.0450000000000017
20
-90.3599999999999994
11
65.9588959999999958
21
-90.3428729999999973
0
LINE
8
BLACK
6
CONTINUOUS
10
65.9588959999999958
20
-90.3428729999999973
11
65.885901000000004
21
-90.2940990000000028
0
LINE
8
BLACK
6
CONTINUOUS
10
65.885901000000004
20
-90.2940990000000028
11
65.8371269999999953
21
-90.2211039999999969
0
LINE
8
BLACK
6
CONTINUOUS
10
65.8371269999999953
20
-90.2211039999999969
11
65.8199999999999932
21
-90.1349999999999909
0
LINE
8
BLACK
6
CONTINUOUS
10
65.8199999999999932
20
-90.1349999999999909
11
65.8199999999999932
21
-89.0849999999999937
0
LINE
8
BLACK
6
CONTINUOUS
10
65.8199999999999932
20
-89.0849999999999937
11
65.8371269999999953
21
-88.998896000000002
0
LINE
8
BLACK
6
CONTINUOUS
10
65.8371269999999953
20
-88.998896000000002
11
65.885901000000004
21
-88.9259009999999961
0
LINE
8
BLACK
6
CONTINUOUS
10
65.885901000000004
20
-88.9259009999999961
11
65.9588959999999958
21
-88.8771270000000015
0
LINE
8
BLACK
6
CONTINUOUS
10
65.9588959999999958
20
-88.8771270000000015
11
66.0450000000000017
21
-88.8599999999999994
0
LINE
8
BLACK
6
CONTINUOUS
10
66.0450000000000017
20
-88.8599999999999994
11
75.5949999999999989
21
-88.8599999999999994
0
LINE
8
BLACK
6
CONTINUOUS
10
75.5949999999999989
20
-88.8599999999999994
11
75.6811039999999906
21
-88.8771270000000015
0
LINE
8
BLACK
6
CONTINUOUS
10
105.6811039999999906
20
-88.8771270000000015
11
105.7540989999999965
21
-88.9259009999999961
0
LINE
8
BLACK
6
CONTINUOUS
10
105.7540989999999965
20
-88.9259009999999961
11
105.8028729999999911
21
-88.998896000000002
0
LINE
8
BLACK
6
CONTINUOUS
10
105.8028729999999911
20
-88.998896000000002
11
105.8199999999999932
21
-89.0849999999999937
0
LINE
8
BLACK
6
CONTINUOUS
10
105.8199999999999932
20
-89.0849999999999937
11
105.8199999999999932
21
-90.1349999999999909
0
LINE
8
BLACK
6
CONTINUOUS
10
105.8199999999999932
20
-90.1349999999999909
11
105.8028729999999911
21
-90.2211039999999969
0
LINE
8
BLACK
6
CONTINUOUS
10
105.8028729999999911
20
-90.2211039999999969
11
105.7540989999999965
21
-90.2940990000000028
0
LINE
8
BLACK
6
CONTINUOUS
10
105.7540989999999965
20
-90.2940990000000028
11
105.6811039999999906
21
-90.3428729999999973
0
LINE
8
BLACK
6
CONTINUOUS
10
105.6811039999999906
20
-90.3428729999999973
11
105.5949999999999989
21
-90.3599999999999994
0
LINE
8
BLACK
6
CONTINUOUS
10
105.5949999999999989
20
-90.3599999999999994
11
96.0450000000000017
21
-90.3599999999999994
0
LINE
8
BLACK
6
CONTINUOUS
10
96.0450000000000017
20
-90.3599999999999994
11
95.9588959999999958
21
-90.3428729999999973
0
LINE
8
BLACK
6
CONTINUOUS
10
95.9588959999999958
20
-90.3428729999999973
11
95.8859009999999898
21
-90.2940990000000028
0
LINE
8
BLACK
6
CONTINUOUS
10
95.8859009999999898
20
-90.2940990000000028
11
95.8371269999999953
21
-90.2211039999999969
0
LINE
8
BLACK
6
CONTINUOUS
10
95.8371269999999953
20
-90.2211039999999969
11
95.8199999999999932
21
-90.1349999999999909
0
LINE
8
BLACK
6
CONTINUOUS
10
95.8199999999999932
20
-90.1349999999999909
11
95.8199999999999932
21
-89.0849999999999937
0
LINE
8
BLACK
6
CONTINUOUS
10
95.8199999999999932
20
-89.0849999999999937
11
95.8371269999999953
21
-88.998896000000002
0
LINE
8
BLACK
6
CONTINUOUS
10
95.8371269999999953
20
-88.998896000000002
11
95.8859009999999898
21
-88.9259009999999961
0
LINE
8
BLACK
6
CONTINUOUS
10
95.8859009999999898
20
-88.9259009999999961
11
95.9588959999999958
21
-88.8771270000000015
0
LINE
8
BLACK
6
CONTINUOUS
10
95.9588959999999958
20
-88.8771270000000015
11
96.0450000000000017
21
-88.8599999999999994
0
LINE
8
BLACK
6
CONTINUOUS
10
96.0450000000000017
20
-88.8599999999999994
11
105.5949999999999989
21
-88.8599999999999994
0
LINE
8
BLACK
6
CONTINUOUS
10
105.5949999999999989
20
-88.8599999999999994
11
105.6811039999999906
21
-88.8771270000000015
0
LINE
8
BLACK
6
CONTINUOUS
10
154.501103999999998
20
-88.8771270000000015
11
154.5740989999999897
21
-88.9259009999999961
0
LINE
8
BLACK
6
CONTINUOUS
10
154.5740989999999897
20
-88.9259009999999961
11
154.6228729999999985
21
-88.998896000000002
0
LINE
8
BLACK
6
CONTINUOUS
10
154.6228729999999985
20
-88.998896000000002
11
154.6399999999999864
21
-89.0849999999999937
0
LINE
8
BLACK
6
CONTINUOUS
10
154.6399999999999864
20
-89.0849999999999937
11
154.6399999999999864
21
-90.1349999999999909
0
LINE
8
BLACK
6
CONTINUOUS
10
154.6399999999999864
20
-90.1349999999999909
11
154.6228729999999985
21
-90.2211039999999969
0
LINE
8
BLACK
6
CONTINUOUS
10
154.6228729999999985
20
-90.2211039999999969
11
154.5740989999999897
21
-90.2940990000000028
0
LINE
8
BLACK
6
CONTINUOUS
10
154.5740989999999897
20
-90.2940990000000028
11
154.501103999999998
21
-90.3428729999999973
0
LINE
8
BLACK
6
CONTINUOUS
10
154.501103999999998
20
-90.3428729999999973
11
154.414999999999992
21
-90.3599999999999994
0
LINE
8
BLACK
6
CONTINUOUS
10
154.414999999999992
20
-90.3599999999999994
11
144.8649999999999807
21
-90.3599999999999994
0
LINE
8
BLACK
6
CONTINUOUS
10
144.8649999999999807
20
-90.3599999999999994
11
144.7788960000000031
21
-90.3428729999999973
0
LINE
8
BLACK
6
CONTINUOUS
10
144.7788960000000031
20
-90.3428729999999973
11
144.705900999999983
21
-90.2940990000000028
0
LINE
8
BLACK
6
CONTINUOUS
10
144.705900999999983
20
-90.2940990000000028
11
144.6571270000000027
21
-90.2211039999999969
0
LINE
8
BLACK
6
CONTINUOUS
10
144.6571270000000027
20
-90.2211039999999969
11
144.6399999999999864
21
-90.1349999999999909
0
LINE
8
BLACK
6
CONTINUOUS
10
144.6399999999999864
20
-90.1349999999999909
11
144.6399999999999864
21
-89.0849999999999937
0
LINE
8
BLACK
6
CONTINUOUS
10
144.6399999999999864
20
-89.0849999999999937
11
144.6571270000000027
21
-88.998896000000002
0
LINE
8
BLACK
6
CONTINUOUS
10
144.6571270000000027
20
-88.998896000000002
11
144.705900999999983
21
-88.9259009999999961
0
LINE
8
BLACK
6
CONTINUOUS
10
144.705900999999983
20
-88.9259009999999961
11
144.7788960000000031
21
-88.8771270000000015
0
LINE
8
BLACK
6
CONTINUOUS
10
144.7788960000000031
20
-88.8771270000000015
11
144.8649999999999807
21
-88.8599999999999994
0
LINE
8
BLACK
6
CONTINUOUS
10
144.8649999999999807
20
-88.8599999999999994
11
154.414999999999992
21
-88.8599999999999994
0
LINE
8
BLACK
6
CONTINUOUS
10
154.414999999999992
20
-88.8599999999999994
11
154.501103999999998
21
-88.8771270000000015
0
LINE
8
BLACK
6
CONTINUOUS
10
184.501103999999998
20
-88.8771270000000015
11
184.5740989999999897
21
-88.9259009999999961
0
LINE
8
BLACK
6
CONTINUOUS
10
184.5740989999999897
20
-88.9259009999999961
11
184.6228729999999985
21
-88.998896000000002
0
LINE
8
BLACK
6
CONTINUOUS
10
184.6228729999999985
20
-88.998896000000002
11
184.6399999999999864
21
-89.0849999999999937
0
LINE
8
BLACK
6
CONTINUOUS
10
184.6399999999999864
20
-89.0849999999999937
11
184.6399999999999864
21
-90.1349999999999909
0
LINE
8
BLACK
6
CONTINUOUS
10
184.6399999999999864
20
-90.1349999999999909
11
184.6228729999999985
21
-90.2211039999999969
0
LINE
8
BLACK
6
CONTINUOUS
10
184.6228729999999985
20
-90.2211039999999969
11
184.5740989999999897
21
-90.2940990000000028
0
LINE
8
BLACK
6
CONTINUOUS
10
184.5740989999999897
20
-90.2940990000000028
11
184.501103999999998
21
-90.3428729999999973
0
LINE
8
BLACK
6
CONTINUOUS
10
184.501103999999998
20
-90.3428729999999973
11
184.414999999999992
21
-90.3599999999999994
0
LINE
8
BLACK
6
CONTINUOUS
10
184.414999999999992
20
-90.3599999999999994
11
174.8649999999999807
21
-90.3599999999999994
0
LINE
8
BLACK
6
CONTINUOUS
10
174.8649999999999807
20
-90.3599999999999994
11
174.7788960000000031
21
-90.3428729999999973
0
LINE
8
BLACK
6
CONTINUOUS
10
174.7788960000000031
20
-90.3428729999999973
11
174.705900999999983
21
-90.2940990000000028
0
LINE
8
BLACK
6
CONTINUOUS
10
174.705900999999983
20
-90.2940990000000028
11
174.6571270000000027
21
-90.2211039999999969
0
LINE
8
BLACK
6
CONTINUOUS
10
174.6571270000000027
20
-90.2211039999999969
11
174.6399999999999864
21
-90.1349999999999909
0
LINE
8
BLACK
6
CONTINUOUS
10
174.6399999999999864
20
-90.1349999999999909
11
174.6399999999999864
21
-89.0849999999999937
0
LINE
8
BLACK
6
CONTINUOUS
10
174.6399999999999864
20
-89.0849999999999937
11
174.6571270000000027
21
-88.998896000000002
0
LINE
8
BLACK
6
CONTINUOUS
10
174.6571270000000027
20
-88.998896000000002
11
174.705900999999983
21
-88.9259009999999961
0
LINE
8
BLACK
6
CONTINUOUS
10
174.705900999999983
20
-88.9259009999999961
11
174.7788960000000031
21
-88.8771270000000015
0
LINE
8
BLACK
6
CONTINUOUS
10
174.7788960000000031
20
-88.8771270000000015
11
174.8649999999999807
21
-88.8599999999999994
0
LINE
8
BLACK
6
CONTINUOUS
10
174.8649999999999807
20
-88.8599999999999994
11
184.414999999999992
21
-88.8599999999999994
0
LINE
8
BLACK
6
CONTINUOUS
10
184.414999999999992
20
-88.8599999999999994
11
184.501103999999998
21
-88.8771270000000015
0
LINE
8
BLACK
6
CONTINUOUS
10
191.9812279999999873
20
-86.5113419999999991
11
192.1261169999999936
21
-86.5713569999999919
0
LINE
8
BLACK
6
CONTINUOUS
10
192.1261169999999936
20
-86.5713569999999919
11
192.256514999999979
21
-86.6584859999999964
0
LINE
8
BLACK
6
CONTINUOUS
10
192.256514999999979
20
-86.6584859999999964
11
192.3674079999999833
21
-86.7693790000000007
0
LINE
8
BLACK
6
CONTINUOUS
10
192.3674079999999833
20
-86.7693790000000007
11
192.4545369999999878
21
-86.8997770000000003
0
LINE
8
BLACK
6
CONTINUOUS
10
192.4545369999999878
20
-86.8997770000000003
11
192.5145519999999806
21
-87.0446659999999923
0
LINE
8
BLACK
6
CONTINUOUS
10
192.5145519999999806
20
-87.0446659999999923
11
192.5451479999999833
21
-87.1984799999999893
0
LINE
8
BLACK
6
CONTINUOUS
10
192.5451479999999833
20
-87.1984799999999893
11
192.5451479999999833
21
-87.3553079999999937
0
LINE
8
BLACK
6
CONTINUOUS
10
192.5451479999999833
20
-87.3553079999999937
11
192.5145519999999806
21
-87.5091219999999907
0
LINE
8
BLACK
6
CONTINUOUS
10
192.5145519999999806
20
-87.5091219999999907
11
192.4545369999999878
21
-87.654010999999997
0
LINE
8
BLACK
6
CONTINUOUS
10
192.4545369999999878
20
-87.654010999999997
11
192.3674079999999833
21
-87.7844089999999966
0
LINE
8
BLACK
6
CONTINUOUS
10
192.3674079999999833
20
-87.7844089999999966
11
192.256514999999979
21
-87.8953020000000009
0
LINE
8
BLACK
6
CONTINUOUS
10
192.256514999999979
20
-87.8953020000000009
11
192.1261169999999936
21
-87.9824309999999912
0
LINE
8
BLACK
6
CONTINUOUS
10
192.1261169999999936
20
-87.9824309999999912
11
191.9812279999999873
21
-88.0424459999999982
0
LINE
8
BLACK
6
CONTINUOUS
10
191.9812279999999873
20
-88.0424459999999982
11
191.8274140000000045
21
-88.0730420000000009
0
LINE
8
BLACK
6
CONTINUOUS
10
191.8274140000000045
20
-88.0730420000000009
11
191.6705859999999859
21
-88.0730420000000009
0
LINE
8
BLACK
6
CONTINUOUS
10
191.6705859999999859
20
-88.0730420000000009
11
191.5167720000000031
21
-88.0424459999999982
0
LINE
8
BLACK
6
CONTINUOUS
10
191.5167720000000031
20
-88.0424459999999982
11
191.3718829999999969
21
-87.9824309999999912
0
LINE
8
BLACK
6
CONTINUOUS
10
191.3718829999999969
20
-87.9824309999999912
11
191.2414849999999831
21
-87.8953020000000009
0
LINE
8
BLACK
6
CONTINUOUS
10
191.2414849999999831
20
-87.8953020000000009
11
191.1305919999999787
21
-87.7844089999999966
0
LINE
8
BLACK
6
CONTINUOUS
10
191.1305919999999787
20
-87.7844089999999966
11
191.0434630000000027
21
-87.654010999999997
0
LINE
8
BLACK
6
CONTINUOUS
10
191.0434630000000027
20
-87.654010999999997
11
190.9834479999999814
21
-87.5091219999999907
0
LINE
8
BLACK
6
CONTINUOUS
10
190.9834479999999814
20
-87.5091219999999907
11
190.9528519999999787
21
-87.3553079999999937
0
LINE
8
BLACK
6
CONTINUOUS
10
190.9528519999999787
20
-87.3553079999999937
11
190.9528519999999787
21
-87.1984799999999893
0
LINE
8
BLACK
6
CONTINUOUS
10
190.9528519999999787
20
-87.1984799999999893
11
190.9834479999999814
21
-87.0446659999999923
0
LINE
8
BLACK
6
CONTINUOUS
10
190.9834479999999814
20
-87.0446659999999923
11
191.0434630000000027
21
-86.8997770000000003
0
LINE
8
BLACK
6
CONTINUOUS
10
191.0434630000000027
20
-86.8997770000000003
11
191.1305919999999787
21
-86.7693790000000007
0
LINE
8
BLACK
6
CONTINUOUS
10
191.1305919999999787
20
-86.7693790000000007
11
191.2414849999999831
21
-86.6584859999999964
0
LINE
8
BLACK
6
CONTINUOUS
10
191.2414849999999831
20
-86.6584859999999964
11
191.3718829999999969
21
-86.5713569999999919
0
LINE
8
BLACK
6
CONTINUOUS
10
191.3718829999999969
20
-86.5713569999999919
11
191.5167720000000031
21
-86.5113419999999991
0
LINE
8
BLACK
6
CONTINUOUS
10
191.5167720000000031
20
-86.5113419999999991
11
191.6705859999999859
21
-86.4807459999999963
0
LINE
8
BLACK
6
CONTINUOUS
10
191.6705859999999859
20
-86.4807459999999963
11
191.8274140000000045
21
-86.4807459999999963
0
LINE
8
BLACK
6
CONTINUOUS
10
191.8274140000000045
20
-86.4807459999999963
11
191.9812279999999873
21
-86.5113419999999991
0
LINE
8
BLACK
6
CONTINUOUS
10
75.6811039999999906
20
-86.3371269999999953
11
75.7540989999999965
21
-86.3859009999999898
0
LINE
8
BLACK
6
CONTINUOUS
10
75.7540989999999965
20
-86.3859009999999898
11
75.8028729999999911
21
-86.4588959999999958
0
LINE
8
BLACK
6
CONTINUOUS
10
75.8028729999999911
20
-86.4588959999999958
11
75.8199999999999932
21
-86.5450000000000017
0
LINE
8
BLACK
6
CONTINUOUS
10
75.8199999999999932
20
-86.5450000000000017
11
75.8199999999999932
21
-87.5949999999999989
0
LINE
8
BLACK
6
CONTINUOUS
10
75.8199999999999932
20
-87.5949999999999989
11
75.8028729999999911
21
-87.6811039999999906
0
LINE
8
BLACK
6
CONTINUOUS
10
75.8028729999999911
20
-87.6811039999999906
11
75.7540989999999965
21
-87.7540989999999965
0
LINE
8
BLACK
6
CONTINUOUS
10
75.7540989999999965
20
-87.7540989999999965
11
75.6811039999999906
21
-87.8028729999999911
0
LINE
8
BLACK
6
CONTINUOUS
10
75.6811039999999906
20
-87.8028729999999911
11
75.5949999999999989
21
-87.8199999999999932
0
LINE
8
BLACK
6
CONTINUOUS
10
75.5949999999999989
20
-87.8199999999999932
11
66.0450000000000017
21
-87.8199999999999932
0
LINE
8
BLACK
6
CONTINUOUS
10
66.0450000000000017
20
-87.8199999999999932
11
65.9588959999999958
21
-87.8028729999999911
0
LINE
8
BLACK
6
CONTINUOUS
10
65.9588959999999958
20
-87.8028729999999911
11
65.885901000000004
21
-87.7540989999999965
0
LINE
8
BLACK
6
CONTINUOUS
10
65.885901000000004
20
-87.7540989999999965
11
65.8371269999999953
21
-87.6811039999999906
0
LINE
8
BLACK
6
CONTINUOUS
10
65.8371269999999953
20
-87.6811039999999906
11
65.8199999999999932
21
-87.5949999999999989
0
LINE
8
BLACK
6
CONTINUOUS
10
65.8199999999999932
20
-87.5949999999999989
11
65.8199999999999932
21
-86.5450000000000017
0
LINE
8
BLACK
6
CONTINUOUS
10
65.8199999999999932
20
-86.5450000000000017
11
65.8371269999999953
21
-86.4588959999999958
0
LINE
8
BLACK
6
CONTINUOUS
10
65.8371269999999953
20
-86.4588959999999958
11
65.885901000000004
21
-86.3859009999999898
0
LINE
8
BLACK
6
CONTINUOUS
10
65.885901000000004
20
-86.3859009999999898
11
65.9588959999999958
21
-86.3371269999999953
0
LINE
8
BLACK
6
CONTINUOUS
10
65.9588959999999958
20
-86.3371269999999953
11
66.0450000000000017
21
-86.3199999999999932
0
LINE
8
BLACK
6
CONTINUOUS
10
66.0450000000000017
20
-86.3199999999999932
11
75.5949999999999989
21
-86.3199999999999932
0
LINE
8
BLACK
6
CONTINUOUS
10
75.5949999999999989
20
-86.3199999999999932
11
75.6811039999999906
21
-86.3371269999999953
0
LINE
8
BLACK
6
CONTINUOUS
10
105.6811039999999906
20
-86.3371269999999953
11
105.7540989999999965
21
-86.3859009999999898
0
LINE
8
BLACK
6
CONTINUOUS
10
105.7540989999999965
20
-86.3859009999999898
11
105.8028729999999911
21
-86.4588959999999958
0
LINE
8
BLACK
6
CONTINUOUS
10
105.8028729999999911
20
-86.4588959999999958
11
105.8199999999999932
21
-86.5450000000000017
0
LINE
8
BLACK
6
CONTINUOUS
10
105.8199999999999932
20
-86.5450000000000017
11
105.8199999999999932
21
-87.5949999999999989
0
LINE
8
BLACK
6
CONTINUOUS
10
105.8199999999999932
20
-87.5949999999999989
11
105.8028729999999911
21
-87.6811039999999906
0
LINE
8
BLACK
6
CONTINUOUS
10
105.8028729999999911
20
-87.6811039999999906
11
105.7540989999999965
21
-87.7540989999999965
0
LINE
8
BLACK
6
CONTINUOUS
10
105.7540989999999965
20
-87.7540989999999965
11
105.6811039999999906
21
-87.8028729999999911
0
LINE
8
BLACK
6
CONTINUOUS
10
105.6811039999999906
20
-87.8028729999999911
11
105.5949999999999989
21
-87.8199999999999932
0
LINE
8
BLACK
6
CONTINUOUS
10
105.5949999999999989
20
-87.8199999999999932
11
96.0450000000000017
21
-87.8199999999999932
0
LINE
8
BLACK
6
CONTINUOUS
10
96.0450000000000017
20
-87.8199999999999932
11
95.9588959999999958
21
-87.8028729999999911
0
LINE
8
BLACK
6
CONTINUOUS
10
95.9588959999999958
20
-87.8028729999999911
11
95.8859009999999898
21
-87.7540989999999965
0
LINE
8
BLACK
6
CONTINUOUS
10
95.8859009999999898
20
-87.7540989999999965
11
95.8371269999999953
21
-87.6811039999999906
0
LINE
8
BLACK
6
CONTINUOUS
10
95.8371269999999953
20
-87.6811039999999906
11
95.8199999999999932
21
-87.5949999999999989
0
LINE
8
BLACK
6
CONTINUOUS
10
95.8199999999999932
20
-87.5949999999999989
11
95.8199999999999932
21
-86.5450000000000017
0
LINE
8
BLACK
6
CONTINUOUS
10
95.8199999999999932
20
-86.5450000000000017
11
95.8371269999999953
21
-86.4588959999999958
0
LINE
8
BLACK
6
CONTINUOUS
10
95.8371269999999953
20
-86.4588959999999958
11
95.8859009999999898
21
-86.3859009999999898
0
LINE
8
BLACK
6
CONTINUOUS
10
95.8859009999999898
20
-86.3859009999999898
11
95.9588959999999958
21
-86.3371269999999953
0
LINE
8
BLACK
6
CONTINUOUS
10
95.9588959999999958
20
-86.3371269999999953
11
96.0450000000000017
21
-86.3199999999999932
0
LINE
8
BLACK
6
CONTINUOUS
10
96.0450000000000017
20
-86.3199999999999932
11
105.5949999999999989
21
-86.3199999999999932
0
LINE
8
BLACK
6
CONTINUOUS
10
105.5949999999999989
20
-86.3199999999999932
11
105.6811039999999906
21
-86.3371269999999953
0
LINE
8
BLACK
6
CONTINUOUS
10
154.501103999999998
20
-86.3371269999999953
11
154.5740989999999897
21
-86.3859009999999898
0
LINE
8
BLACK
6
CONTINUOUS
10
154.5740989999999897
20
-86.3859009999999898
11
154.6228729999999985
21
-86.4588959999999958
0
LINE
8
BLACK
6
CONTINUOUS
10
154.6228729999999985
20
-86.4588959999999958
11
154.6399999999999864
21
-86.5450000000000017
0
LINE
8
BLACK
6
CONTINUOUS
10
154.6399999999999864
20
-86.5450000000000017
11
154.6399999999999864
21
-87.5949999999999989
0
LINE
8
BLACK
6
CONTINUOUS
10
154.6399999999999864
20
-87.5949999999999989
11
154.6228729999999985
21
-87.6811039999999906
0
LINE
8
BLACK
6
CONTINUOUS
10
154.6228729999999985
20
-87.6811039999999906
11
154.5740989999999897
21
-87.7540989999999965
0
LINE
8
BLACK
6
CONTINUOUS
10
154.5740989999999897
20
-87.7540989999999965
11
154.501103999999998
21
-87.8028729999999911
0
LINE
8
BLACK
6
CONTINUOUS
10
154.501103999999998
20
-87.8028729999999911
11
154.414999999999992
21
-87.8199999999999932
0
LINE
8
BLACK
6
CONTINUOUS
10
154.414999999999992
20
-87.8199999999999932
11
144.8649999999999807
21
-87.8199999999999932
0
LINE
8
BLACK
6
CONTINUOUS
10
144.8649999999999807
20
-87.8199999999999932
11
144.7788960000000031
21
-87.8028729999999911
0
LINE
8
BLACK
6
CONTINUOUS
10
144.7788960000000031
20
-87.8028729999999911
11
144.705900999999983
21
-87.7540989999999965
0
LINE
8
BLACK
6
CONTINUOUS
10
144.705900999999983
20
-87.7540989999999965
11
144.6571270000000027
21
-87.6811039999999906
0
LINE
8
BLACK
6
CONTINUOUS
10
144.6571270000000027
20
-87.6811039999999906
11
144.6399999999999864
21
-87.5949999999999989
0
LINE
8
BLACK
6
CONTINUOUS
10
144.6399999999999864
20
-87.5949999999999989
11
144.6399999999999864
21
-86.5450000000000017
0
LINE
8
BLACK
6
CONTINUOUS
10
144.6399999999999864
20
-86.5450000000000017
11
144.6571270000000027
21
-86.4588959999999958
0
LINE
8
BLACK
6
CONTINUOUS
10
144.6571270000000027
20
-86.4588959999999958
11
144.705900999999983
21
-86.3859009999999898
0
LINE
8
BLACK
6
CONTINUOUS
10
144.705900999999983
20
-86.3859009999999898
11
144.7788960000000031
21
-86.3371269999999953
0
LINE
8
BLACK
6
CONTINUOUS
10
144.7788960000000031
20
-86.3371269999999953
11
144.8649999999999807
21
-86.3199999999999932
0
LINE
8
BLACK
6
CONTINUOUS
10
144.8649999999999807
20
-86.3199999999999932
11
154.414999999999992
21
-86.3199999999999932
0
LINE
8
BLACK
6
CONTINUOUS
10
154.414999999999992
20
-86.3199999999999932
11
154.501103999999998
21
-86.3371269999999953
0
LINE
8
BLACK
6
CONTINUOUS
10
184.501103999999998
20
-86.3371269999999953
11
184.5740989999999897
21
-86.3859009999999898
0
LINE
8
BLACK
6
CONTINUOUS
10
184.5740989999999897
20
-86.3859009999999898
11
184.6228729999999985
21
-86.4588959999999958
0
LINE
8
BLACK
6
CONTINUOUS
10
184.6228729999999985
20
-86.4588959999999958
11
184.6399999999999864
21
-86.5450000000000017
0
LINE
8
BLACK
6
CONTINUOUS
10
184.6399999999999864
20
-86.5450000000000017
11
184.6399999999999864
21
-87.5949999999999989
0
LINE
8
BLACK
6
CONTINUOUS
10
184.6399999999999864
20
-87.5949999999999989
11
184.6228729999999985
21
-87.6811039999999906
0
LINE
8
BLACK
6
CONTINUOUS
10
184.6228729999999985
20
-87.6811039999999906
11
184.5740989999999897
21
-87.7540989999999965
0
LINE
8
BLACK
6
CONTINUOUS
10
184.5740989999999897
20
-87.7540989999999965
11
184.501103999999998
21
-87.8028729999999911
0
LINE
8
BLACK
6
CONTINUOUS
10
184.501103999999998
20
-87.8028729999999911
11
184.414999999999992
21
-87.8199999999999932
0
LINE
8
BLACK
6
CONTINUOUS
10
184.414999999999992
20
-87.8199999999999932
11
174.8649999999999807
21
-87.8199999999999932
0
LINE
8
BLACK
6
CONTINUOUS
10
174.8649999999999807
20
-87.8199999999999932
11
174.7788960000000031
21
-87.8028729999999911
0
LINE
8
BLACK
6
CONTINUOUS
10
174.7788960000000031
20
-87.8028729999999911
11
174.705900999999983
21
-87.7540989999999965
0
LINE
8
BLACK
6
CONTINUOUS
10
174.705900999999983
20
-87.7540989999999965
11
174.6571270000000027
21
-87.6811039999999906
0
LINE
8
BLACK
6
CONTINUOUS
10
174.6571270000000027
20
-87.6811039999999906
11
174.6399999999999864
21
-87.5949999999999989
0
LINE
8
BLACK
6
CONTINUOUS
10
174.6399999999999864
20
-87.5949999999999989
11
174.6399999999999864
21
-86.5450000000000017
0
LINE
8
BLACK
6
CONTINUOUS
10
174.6399999999999864
20
-86.5450000000000017
11
174.6571270000000027
21
-86.4588959999999958
0
LINE
8
BLACK
6
CONTINUOUS
10
174.6571270000000027
20
-86.4588959999999958
11
174.705900999999983
21
-86.3859009999999898
0
LINE
8
BLACK
6
CONTINUOUS
10
174.705900999999983
20
-86.3859009999999898
11
174.7788960000000031
21
-86.3371269999999953
0
LINE
8
BLACK
6
CONTINUOUS
10
174.7788960000000031
20
-86.3371269999999953
11
174.8649999999999807
21
-86.3199999999999932
0
LINE
8
BLACK
6
CONTINUOUS
10
174.8649999999999807
20
-86.3199999999999932
11
184.414999999999992
21
-86.3199999999999932
0
LINE
8
BLACK
6
CONTINUOUS
10
184.414999999999992
20
-86.3199999999999932
11
184.501103999999998
21
-86.3371269999999953
0
LINE
8
BLACK
6
CONTINUOUS
10
219.2102280000000007
20
-49.1224479999999986
11
219.2477739999999926
21
-49.1379999999999981
0
LINE
8
BLACK
6
CONTINUOUS
10
219.2477739999999926
20
-49.1379999999999981
11
240.42389399999999
21
-49.1379999999999981
0
LINE
8
BLACK
6
CONTINUOUS
10
240.42389399999999
20
-49.1379999999999981
11
240.4974069999999813
21
-49.1416109999999975
0
LINE
8
BLACK
6
CONTINUOUS
10
240.4974069999999813
20
-49.1416109999999975
11
240.6416069999999934
21
-49.1702939999999984
0
LINE
8
BLACK
6
CONTINUOUS
10
240.6416069999999934
20
-49.1702939999999984
11
240.7211769999999831
21
-49.2032529999999966
0
LINE
8
BLACK
6
CONTINUOUS
10
240.7211769999999831
20
-49.2032529999999966
11
240.7774419999999793
21
-49.2265589999999946
0
LINE
8
BLACK
6
CONTINUOUS
10
240.7774419999999793
20
-49.2265589999999946
11
240.841844999999978
21
-49.2695919999999958
0
LINE
8
BLACK
6
CONTINUOUS
10
240.841844999999978
20
-49.2695919999999958
11
240.8996889999999951
21
-49.3082419999999999
0
LINE
8
BLACK
6
CONTINUOUS
10
240.8996889999999951
20
-49.3082419999999999
11
240.9542239999999822
21
-49.3576699999999988
0
LINE
8
BLACK
6
CONTINUOUS
10
240.9542239999999822
20
-49.3576699999999988
11
247.1293299999999817
21
-55.5327759999999984
0
LINE
8
BLACK
6
CONTINUOUS
10
247.1293299999999817
20
-55.5327759999999984
11
247.1787589999999852
21
-55.5873109999999997
0
LINE
8
BLACK
6
CONTINUOUS
10
247.1787589999999852
20
-55.5873109999999997
11
247.2277229999999975
21
-55.6605929999999987
0
LINE
8
BLACK
6
CONTINUOUS
10
247.2277229999999975
20
-55.6605929999999987
11
247.2604409999999859
21
-55.7095579999999941
0
LINE
8
BLACK
6
CONTINUOUS
10
247.2604409999999859
20
-55.7095579999999941
11
247.2604409999999859
21
-55.7095589999999987
0
LINE
8
BLACK
6
CONTINUOUS
10
247.2604409999999859
20
-55.7095589999999987
11
247.3167059999999822
21
-55.8453929999999943
0
LINE
8
BLACK
6
CONTINUOUS
10
247.3167059999999822
20
-55.8453929999999943
11
247.3453889999999831
21
-55.9895929999999993
0
LINE
8
BLACK
6
CONTINUOUS
10
247.3453889999999831
20
-55.9895929999999993
11
247.3489999999999895
21
-56.0631059999999977
0
LINE
8
BLACK
6
CONTINUOUS
10
247.3489999999999895
20
-56.0631059999999977
11
247.3489999999999895
21
-74.7627880000000005
0
LINE
8
BLACK
6
CONTINUOUS
10
247.3489999999999895
20
-74.7627880000000005
11
247.3489999999999895
21
-82.7609999999999957
0
LINE
8
BLACK
6
CONTINUOUS
10
247.3489999999999895
20
-82.7609999999999957
11
247.3453889999999831
21
-82.8345130000000012
0
LINE
8
BLACK
6
CONTINUOUS
10
247.3453889999999831
20
-82.8345130000000012
11
247.3167059999999822
21
-82.9787129999999991
0
LINE
8
BLACK
6
CONTINUOUS
10
247.3167059999999822
20
-82.9787129999999991
11
247.2837459999999794
21
-83.058283000000003
0
LINE
8
BLACK
6
CONTINUOUS
10
247.2837459999999794
20
-83.058283000000003
11
247.2604409999999859
21
-83.1145479999999992
0
LINE
8
BLACK
6
CONTINUOUS
10
247.2604409999999859
20
-83.1145479999999992
11
247.1983219999999903
21
-83.2075150000000008
0
LINE
8
BLACK
6
CONTINUOUS
10
247.1983219999999903
20
-83.2075150000000008
11
247.1787579999999878
21
-83.2367950000000008
0
LINE
8
BLACK
6
CONTINUOUS
10
247.1787579999999878
20
-83.2367950000000008
11
247.1293299999999817
21
-83.2913300000000021
0
LINE
8
BLACK
6
CONTINUOUS
10
247.1293299999999817
20
-83.2913300000000021
11
243.4403299999999888
21
-86.980329999999995
0
LINE
8
BLACK
6
CONTINUOUS
10
243.4403299999999888
20
-86.980329999999995
11
243.3857950000000017
21
-87.0297580000000011
0
LINE
8
BLACK
6
CONTINUOUS
10
243.3857950000000017
20
-87.0297580000000011
11
243.2635479999999859
21
-87.1114409999999992
0
LINE
8
BLACK
6
CONTINUOUS
10
243.2635479999999859
20
-87.1114409999999992
11
243.2088459999999941
21
-87.134098999999992
0
LINE
8
BLACK
6
CONTINUOUS
10
243.2088459999999941
20
-87.134098999999992
11
243.127713
21
-87.1677059999999955
0
LINE
8
BLACK
6
CONTINUOUS
10
243.127713
20
-87.1677059999999955
11
242.9835129999999879
21
-87.1963889999999964
0
LINE
8
BLACK
6
CONTINUOUS
10
242.9835129999999879
20
-87.1963889999999964
11
242.9099999999999966
21
-87.2000000000000028
0
LINE
8
BLACK
6
CONTINUOUS
10
242.9099999999999966
20
-87.2000000000000028
11
225.8400000000000034
21
-87.2000000000000028
0
LINE
8
BLACK
6
CONTINUOUS
10
225.8400000000000034
20
-87.2000000000000028
11
221.0649999999999977
21
-87.2000000000000028
0
LINE
8
BLACK
6
CONTINUOUS
10
221.0649999999999977
20
-87.2000000000000028
11
220.9788959999999918
21
-87.1828730000000007
0
LINE
8
BLACK
6
CONTINUOUS
10
220.9788959999999918
20
-87.1828730000000007
11
220.9059010000000001
21
-87.134098999999992
0
LINE
8
BLACK
6
CONTINUOUS
10
220.9059010000000001
20
-87.134098999999992
11
220.8571269999999913
21
-87.0611040000000003
0
LINE
8
BLACK
6
CONTINUOUS
10
220.8571269999999913
20
-87.0611040000000003
11
220.8400000000000034
21
-86.9749999999999943
0
LINE
8
BLACK
6
CONTINUOUS
10
220.8400000000000034
20
-86.9749999999999943
11
220.8400000000000034
21
-85.9249999999999972
0
LINE
8
BLACK
6
CONTINUOUS
10
220.8400000000000034
20
-85.9249999999999972
11
220.8571269999999913
21
-85.8388959999999912
0
LINE
8
BLACK
6
CONTINUOUS
10
220.8571269999999913
20
-85.8388959999999912
11
220.9059010000000001
21
-85.7659009999999995
0
LINE
8
BLACK
6
CONTINUOUS
10
220.9059010000000001
20
-85.7659009999999995
11
220.9788959999999918
21
-85.7171269999999907
0
LINE
8
BLACK
6
CONTINUOUS
10
220.9788959999999918
20
-85.7171269999999907
11
221.0649999999999977
21
-85.7000000000000028
0
LINE
8
BLACK
6
CONTINUOUS
10
221.0649999999999977
20
-85.7000000000000028
11
230.6149999999999807
21
-85.7000000000000028
0
LINE
8
BLACK
6
CONTINUOUS
10
230.6149999999999807
20
-85.7000000000000028
11
242.5993399999999838
21
-85.7000000000000028
0
LINE
8
BLACK
6
CONTINUOUS
10
242.5993399999999838
20
-85.7000000000000028
11
245.8489999999999895
21
-82.4503399999999971
0
LINE
8
BLACK
6
CONTINUOUS
10
245.8489999999999895
20
-82.4503399999999971
11
245.8489999999999895
21
-74.7627880000000005
0
LINE
8
BLACK
6
CONTINUOUS
10
245.8489999999999895
20
-74.7627880000000005
11
245.8489999999999895
21
-56.3737659999999963
0
LINE
8
BLACK
6
CONTINUOUS
10
245.8489999999999895
20
-56.3737659999999963
11
240.1132339999999772
21
-50.6379999999999981
0
LINE
8
BLACK
6
CONTINUOUS
10
240.1132339999999772
20
-50.6379999999999981
11
219.2477739999999926
21
-50.6379999999999981
0
LINE
8
BLACK
6
CONTINUOUS
10
219.2477739999999926
20
-50.6379999999999981
11
219.2102280000000007
21
-50.6535519999999977
0
LINE
8
BLACK
6
CONTINUOUS
10
219.2102280000000007
20
-50.6535519999999977
11
219.0564139999999895
21
-50.6841480000000004
0
LINE
8
BLACK
6
CONTINUOUS
10
219.0564139999999895
20
-50.6841480000000004
11
218.8995859999999993
21
-50.6841480000000004
0
LINE
8
BLACK
6
CONTINUOUS
10
218.8995859999999993
20
-50.6841480000000004
11
218.7457719999999881
21
-50.6535519999999977
0
LINE
8
BLACK
6
CONTINUOUS
10
218.7457719999999881
20
-50.6535519999999977
11
218.6008829999999818
21
-50.5935369999999978
0
LINE
8
BLACK
6
CONTINUOUS
10
218.6008829999999818
20
-50.5935369999999978
11
218.4704849999999965
21
-50.5064080000000004
0
LINE
8
BLACK
6
CONTINUOUS
10
218.4704849999999965
20
-50.5064080000000004
11
218.3595919999999921
21
-50.3955149999999961
0
LINE
8
BLACK
6
CONTINUOUS
10
218.3595919999999921
20
-50.3955149999999961
11
218.2724629999999877
21
-50.2651169999999965
0
LINE
8
BLACK
6
CONTINUOUS
10
218.2724629999999877
20
-50.2651169999999965
11
218.2124479999999949
21
-50.1202279999999973
0
LINE
8
BLACK
6
CONTINUOUS
10
218.2124479999999949
20
-50.1202279999999973
11
218.1818519999999921
21
-49.9664140000000003
0
LINE
8
BLACK
6
CONTINUOUS
10
218.1818519999999921
20
-49.9664140000000003
11
218.1818519999999921
21
-49.8095859999999959
0
LINE
8
BLACK
6
CONTINUOUS
10
218.1818519999999921
20
-49.8095859999999959
11
218.2124479999999949
21
-49.6557719999999989
0
LINE
8
BLACK
6
CONTINUOUS
10
218.2124479999999949
20
-49.6557719999999989
11
218.2724629999999877
21
-49.5108829999999998
0
LINE
8
BLACK
6
CONTINUOUS
10
218.2724629999999877
20
-49.5108829999999998
11
218.3595919999999921
21
-49.3804850000000002
0
LINE
8
BLACK
6
CONTINUOUS
10
218.3595919999999921
20
-49.3804850000000002
11
218.4704849999999965
21
-49.2695919999999958
0
LINE
8
BLACK
6
CONTINUOUS
10
218.4704849999999965
20
-49.2695919999999958
11
218.6008829999999818
21
-49.1824629999999985
0
LINE
8
BLACK
6
CONTINUOUS
10
218.6008829999999818
20
-49.1824629999999985
11
218.7457719999999881
21
-49.1224479999999986
0
LINE
8
BLACK
6
CONTINUOUS
10
218.7457719999999881
20
-49.1224479999999986
11
218.8995859999999993
21
-49.0918519999999958
0
LINE
8
BLACK
6
CONTINUOUS
10
218.8995859999999993
20
-49.0918519999999958
11
219.0564139999999895
21
-49.0918519999999958
0
LINE
8
BLACK
6
CONTINUOUS
10
219.0564139999999895
20
-49.0918519999999958
11
219.2102280000000007
21
-49.1224479999999986
0
LINE
8
BLACK
6
CONTINUOUS
10
54.5722279999999955
20
-85.5744479999999896
11
54.7171169999999947
21
-85.6344629999999967
0
LINE
8
BLACK
6
CONTINUOUS
10
54.7171169999999947
20
-85.6344629999999967
11
54.8475149999999942
21
-85.7215920000000011
0
LINE
8
BLACK
6
CONTINUOUS
10
54.8475149999999942
20
-85.7215920000000011
11
54.9584079999999986
21
-85.8324849999999913
0
LINE
8
BLACK
6
CONTINUOUS
10
54.9584079999999986
20
-85.8324849999999913
11
55.0455369999999959
21
-85.9628829999999908
0
LINE
8
BLACK
6
CONTINUOUS
10
55.0455369999999959
20
-85.9628829999999908
11
55.1055519999999959
21
-86.1077719999999971
0
LINE
8
BLACK
6
CONTINUOUS
10
55.1055519999999959
20
-86.1077719999999971
11
55.1361479999999986
21
-86.2615859999999941
0
LINE
8
BLACK
6
CONTINUOUS
10
55.1361479999999986
20
-86.2615859999999941
11
55.1361479999999986
21
-86.4184139999999985
0
LINE
8
BLACK
6
CONTINUOUS
10
55.1361479999999986
20
-86.4184139999999985
11
55.1055519999999959
21
-86.5722279999999955
0
LINE
8
BLACK
6
CONTINUOUS
10
55.1055519999999959
20
-86.5722279999999955
11
55.0455369999999959
21
-86.7171170000000018
0
LINE
8
BLACK
6
CONTINUOUS
10
55.0455369999999959
20
-86.7171170000000018
11
54.9584079999999986
21
-86.8475150000000014
0
LINE
8
BLACK
6
CONTINUOUS
10
54.9584079999999986
20
-86.8475150000000014
11
54.8475149999999942
21
-86.9584079999999915
0
LINE
8
BLACK
6
CONTINUOUS
10
54.8475149999999942
20
-86.9584079999999915
11
54.7171169999999947
21
-87.0455369999999959
0
LINE
8
BLACK
6
CONTINUOUS
10
54.7171169999999947
20
-87.0455369999999959
11
54.5722279999999955
21
-87.105552000000003
0
LINE
8
BLACK
6
CONTINUOUS
10
54.5722279999999955
20
-87.105552000000003
11
54.4184139999999985
21
-87.1361479999999915
0
LINE
8
BLACK
6
CONTINUOUS
10
54.4184139999999985
20
-87.1361479999999915
11
54.2615859999999941
21
-87.1361479999999915
0
LINE
8
BLACK
6
CONTINUOUS
10
54.2615859999999941
20
-87.1361479999999915
11
54.1077719999999971
21
-87.105552000000003
0
LINE
8
BLACK
6
CONTINUOUS
10
54.1077719999999971
20
-87.105552000000003
11
53.9628829999999979
21
-87.0455369999999959
0
LINE
8
BLACK
6
CONTINUOUS
10
53.9628829999999979
20
-87.0455369999999959
11
53.8324849999999984
21
-86.9584079999999915
0
LINE
8
BLACK
6
CONTINUOUS
10
53.8324849999999984
20
-86.9584079999999915
11
53.7215920000000011
21
-86.8475150000000014
0
LINE
8
BLACK
6
CONTINUOUS
10
53.7215920000000011
20
-86.8475150000000014
11
53.6344629999999967
21
-86.7171170000000018
0
LINE
8
BLACK
6
CONTINUOUS
10
53.6344629999999967
20
-86.7171170000000018
11
53.5744479999999967
21
-86.5722279999999955
0
LINE
8
BLACK
6
CONTINUOUS
10
53.5744479999999967
20
-86.5722279999999955
11
53.5438520000000011
21
-86.4184139999999985
0
LINE
8
BLACK
6
CONTINUOUS
10
53.5438520000000011
20
-86.4184139999999985
11
53.5438520000000011
21
-86.2615859999999941
0
LINE
8
BLACK
6
CONTINUOUS
10
53.5438520000000011
20
-86.2615859999999941
11
53.5744479999999967
21
-86.1077719999999971
0
LINE
8
BLACK
6
CONTINUOUS
10
53.5744479999999967
20
-86.1077719999999971
11
53.6344629999999967
21
-85.9628829999999908
0
LINE
8
BLACK
6
CONTINUOUS
10
53.6344629999999967
20
-85.9628829999999908
11
53.7215920000000011
21
-85.8324849999999913
0
LINE
8
BLACK
6
CONTINUOUS
10
53.7215920000000011
20
-85.8324849999999913
11
53.8324849999999984
21
-85.7215920000000011
0
LINE
8
BLACK
6
CONTINUOUS
10
53.8324849999999984
20
-85.7215920000000011
11
53.9628829999999979
21
-85.6344629999999967
0
LINE
8
BLACK
6
CONTINUOUS
10
53.9628829999999979
20
-85.6344629999999967
11
54.1077719999999971
21
-85.5744479999999896
0
LINE
8
BLACK
6
CONTINUOUS
10
54.1077719999999971
20
-85.5744479999999896
11
54.2615859999999941
21
-85.5438520000000011
0
LINE
8
BLACK
6
CONTINUOUS
10
54.2615859999999941
20
-85.5438520000000011
11
54.4184139999999985
21
-85.5438520000000011
0
LINE
8
BLACK
6
CONTINUOUS
10
54.4184139999999985
20
-85.5438520000000011
11
54.5722279999999955
21
-85.5744479999999896
0
LINE
8
BLACK
6
CONTINUOUS
10
59.1932279999999977
20
-83.7644480000000016
11
59.3381169999999969
21
-83.8244629999999944
0
LINE
8
BLACK
6
CONTINUOUS
10
59.3381169999999969
20
-83.8244629999999944
11
59.4685149999999965
21
-83.9115919999999988
0
LINE
8
BLACK
6
CONTINUOUS
10
59.4685149999999965
20
-83.9115919999999988
11
59.5794080000000008
21
-84.0224850000000032
0
LINE
8
BLACK
6
CONTINUOUS
10
59.5794080000000008
20
-84.0224850000000032
11
59.6665369999999982
21
-84.1528830000000028
0
LINE
8
BLACK
6
CONTINUOUS
10
59.6665369999999982
20
-84.1528830000000028
11
59.7265519999999981
21
-84.2977719999999948
0
LINE
8
BLACK
6
CONTINUOUS
10
59.7265519999999981
20
-84.2977719999999948
11
59.7571480000000008
21
-84.4515859999999918
0
LINE
8
BLACK
6
CONTINUOUS
10
59.7571480000000008
20
-84.4515859999999918
11
59.7571480000000008
21
-84.6084139999999962
0
LINE
8
BLACK
6
CONTINUOUS
10
59.7571480000000008
20
-84.6084139999999962
11
59.7265519999999981
21
-84.7622279999999932
0
LINE
8
BLACK
6
CONTINUOUS
10
59.7265519999999981
20
-84.7622279999999932
11
59.6665369999999982
21
-84.9071169999999995
0
LINE
8
BLACK
6
CONTINUOUS
10
59.6665369999999982
20
-84.9071169999999995
11
59.5794080000000008
21
-85.0375149999999991
0
LINE
8
BLACK
6
CONTINUOUS
10
59.5794080000000008
20
-85.0375149999999991
11
59.4685149999999965
21
-85.1484079999999892
0
LINE
8
BLACK
6
CONTINUOUS
10
59.4685149999999965
20
-85.1484079999999892
11
59.3381169999999969
21
-85.2355369999999937
0
LINE
8
BLACK
6
CONTINUOUS
10
59.3381169999999969
20
-85.2355369999999937
11
59.1932279999999977
21
-85.2955520000000007
0
LINE
8
BLACK
6
CONTINUOUS
10
59.1932279999999977
20
-85.2955520000000007
11
59.0394140000000007
21
-85.3261479999999892
0
LINE
8
BLACK
6
CONTINUOUS
10
59.0394140000000007
20
-85.3261479999999892
11
58.8825859999999963
21
-85.3261479999999892
0
LINE
8
BLACK
6
CONTINUOUS
10
58.8825859999999963
20
-85.3261479999999892
11
58.7287719999999993
21
-85.2955520000000007
0
LINE
8
BLACK
6
CONTINUOUS
10
58.7287719999999993
20
-85.2955520000000007
11
58.5838830000000002
21
-85.2355369999999937
0
LINE
8
BLACK
6
CONTINUOUS
10
58.5838830000000002
20
-85.2355369999999937
11
58.4534850000000006
21
-85.1484079999999892
0
LINE
8
BLACK
6
CONTINUOUS
10
58.4534850000000006
20
-85.1484079999999892
11
58.3425919999999962
21
-85.0375149999999991
0
LINE
8
BLACK
6
CONTINUOUS
10
58.3425919999999962
20
-85.0375149999999991
11
58.2554629999999989
21
-84.9071169999999995
0
LINE
8
BLACK
6
CONTINUOUS
10
58.2554629999999989
20
-84.9071169999999995
11
58.195447999999999
21
-84.7622279999999932
0
LINE
8
BLACK
6
CONTINUOUS
10
58.195447999999999
20
-84.7622279999999932
11
58.1648519999999962
21
-84.6084139999999962
0
LINE
8
BLACK
6
CONTINUOUS
10
58.1648519999999962
20
-84.6084139999999962
11
58.1648519999999962
21
-84.4515859999999918
0
LINE
8
BLACK
6
CONTINUOUS
10
58.1648519999999962
20
-84.4515859999999918
11
58.195447999999999
21
-84.2977719999999948
0
LINE
8
BLACK
6
CONTINUOUS
10
58.195447999999999
20
-84.2977719999999948
11
58.2554629999999989
21
-84.1528830000000028
0
LINE
8
BLACK
6
CONTINUOUS
10
58.2554629999999989
20
-84.1528830000000028
11
58.3425919999999962
21
-84.0224850000000032
0
LINE
8
BLACK
6
CONTINUOUS
10
58.3425919999999962
20
-84.0224850000000032
11
58.4534850000000006
21
-83.9115919999999988
0
LINE
8
BLACK
6
CONTINUOUS
10
58.4534850000000006
20
-83.9115919999999988
11
58.5838830000000002
21
-83.8244629999999944
0
LINE
8
BLACK
6
CONTINUOUS
10
58.5838830000000002
20
-83.8244629999999944
11
58.7287719999999993
21
-83.7644480000000016
0
LINE
8
BLACK
6
CONTINUOUS
10
58.7287719999999993
20
-83.7644480000000016
11
58.8825859999999963
21
-83.7338519999999988
0
LINE
8
BLACK
6
CONTINUOUS
10
58.8825859999999963
20
-83.7338519999999988
11
59.0394140000000007
21
-83.7338519999999988
0
LINE
8
BLACK
6
CONTINUOUS
10
59.0394140000000007
20
-83.7338519999999988
11
59.1932279999999977
21
-83.7644480000000016
0
LINE
8
BLACK
6
CONTINUOUS
10
75.6811039999999906
20
-83.7971270000000032
11
75.7540989999999965
21
-83.8459009999999978
0
LINE
8
BLACK
6
CONTINUOUS
10
75.7540989999999965
20
-83.8459009999999978
11
75.8028729999999911
21
-83.9188959999999895
0
LINE
8
BLACK
6
CONTINUOUS
10
75.8028729999999911
20
-83.9188959999999895
11
75.8199999999999932
21
-84.0049999999999955
0
LINE
8
BLACK
6
CONTINUOUS
10
75.8199999999999932
20
-84.0049999999999955
11
75.8199999999999932
21
-85.0549999999999926
0
LINE
8
BLACK
6
CONTINUOUS
10
75.8199999999999932
20
-85.0549999999999926
11
75.8028729999999911
21
-85.1411039999999986
0
LINE
8
BLACK
6
CONTINUOUS
10
75.8028729999999911
20
-85.1411039999999986
11
75.7540989999999965
21
-85.2140989999999903
0
LINE
8
BLACK
6
CONTINUOUS
10
75.7540989999999965
20
-85.2140989999999903
11
75.6811039999999906
21
-85.262872999999999
0
LINE
8
BLACK
6
CONTINUOUS
10
75.6811039999999906
20
-85.262872999999999
11
75.5949999999999989
21
-85.2800000000000011
0
LINE
8
BLACK
6
CONTINUOUS
10
75.5949999999999989
20
-85.2800000000000011
11
66.0450000000000017
21
-85.2800000000000011
0
LINE
8
BLACK
6
CONTINUOUS
10
66.0450000000000017
20
-85.2800000000000011
11
65.9588959999999958
21
-85.262872999999999
0
LINE
8
BLACK
6
CONTINUOUS
10
65.9588959999999958
20
-85.262872999999999
11
65.885901000000004
21
-85.2140989999999903
0
LINE
8
BLACK
6
CONTINUOUS
10
65.885901000000004
20
-85.2140989999999903
11
65.8371269999999953
21
-85.1411039999999986
0
LINE
8
BLACK
6
CONTINUOUS
10
65.8371269999999953
20
-85.1411039999999986
11
65.8199999999999932
21
-85.0549999999999926
0
LINE
8
BLACK
6
CONTINUOUS
10
65.8199999999999932
20
-85.0549999999999926
11
65.8199999999999932
21
-84.0049999999999955
0
LINE
8
BLACK
6
CONTINUOUS
10
65.8199999999999932
20
-84.0049999999999955
11
65.8371269999999953
21
-83.9188959999999895
0
LINE
8
BLACK
6
CONTINUOUS
10
65.8371269999999953
20
-83.9188959999999895
11
65.885901000000004
21
-83.8459009999999978
0
LINE
8
BLACK
6
CONTINUOUS
10
65.885901000000004
20
-83.8459009999999978
11
65.9588959999999958
21
-83.7971270000000032
0
LINE
8
BLACK
6
CONTINUOUS
10
65.9588959999999958
20
-83.7971270000000032
11
66.0450000000000017
21
-83.7800000000000011
0
LINE
8
BLACK
6
CONTINUOUS
10
66.0450000000000017
20
-83.7800000000000011
11
75.5949999999999989
21
-83.7800000000000011
0
LINE
8
BLACK
6
CONTINUOUS
10
75.5949999999999989
20
-83.7800000000000011
11
75.6811039999999906
21
-83.7971270000000032
0
LINE
8
BLACK
6
CONTINUOUS
10
105.6811039999999906
20
-83.7971270000000032
11
105.7540989999999965
21
-83.8459009999999978
0
LINE
8
BLACK
6
CONTINUOUS
10
105.7540989999999965
20
-83.8459009999999978
11
105.8028729999999911
21
-83.9188959999999895
0
LINE
8
BLACK
6
CONTINUOUS
10
105.8028729999999911
20
-83.9188959999999895
11
105.8199999999999932
21
-84.0049999999999955
0
LINE
8
BLACK
6
CONTINUOUS
10
105.8199999999999932
20
-84.0049999999999955
11
105.8199999999999932
21
-85.0549999999999926
0
LINE
8
BLACK
6
CONTINUOUS
10
105.8199999999999932
20
-85.0549999999999926
11
105.8028729999999911
21
-85.1411039999999986
0
LINE
8
BLACK
6
CONTINUOUS
10
105.8028729999999911
20
-85.1411039999999986
11
105.7540989999999965
21
-85.2140989999999903
0
LINE
8
BLACK
6
CONTINUOUS
10
105.7540989999999965
20
-85.2140989999999903
11
105.6811039999999906
21
-85.262872999999999
0
LINE
8
BLACK
6
CONTINUOUS
10
105.6811039999999906
20
-85.262872999999999
11
105.5949999999999989
21
-85.2800000000000011
0
LINE
8
BLACK
6
CONTINUOUS
10
105.5949999999999989
20
-85.2800000000000011
11
96.0450000000000017
21
-85.2800000000000011
0
LINE
8
BLACK
6
CONTINUOUS
10
96.0450000000000017
20
-85.2800000000000011
11
95.9588959999999958
21
-85.262872999999999
0
LINE
8
BLACK
6
CONTINUOUS
10
95.9588959999999958
20
-85.262872999999999
11
95.8859009999999898
21
-85.2140989999999903
0
LINE
8
BLACK
6
CONTINUOUS
10
95.8859009999999898
20
-85.2140989999999903
11
95.8371269999999953
21
-85.1411039999999986
0
LINE
8
BLACK
6
CONTINUOUS
10
95.8371269999999953
20
-85.1411039999999986
11
95.8199999999999932
21
-85.0549999999999926
0
LINE
8
BLACK
6
CONTINUOUS
10
95.8199999999999932
20
-85.0549999999999926
11
95.8199999999999932
21
-84.0049999999999955
0
LINE
8
BLACK
6
CONTINUOUS
10
95.8199999999999932
20
-84.0049999999999955
11
95.8371269999999953
21
-83.9188959999999895
0
LINE
8
BLACK
6
CONTINUOUS
10
95.8371269999999953
20
-83.9188959999999895
11
95.8859009999999898
21
-83.8459009999999978
0
LINE
8
BLACK
6
CONTINUOUS
10
95.8859009999999898
20
-83.8459009999999978
11
95.9588959999999958
21
-83.7971270000000032
0
LINE
8
BLACK
6
CONTINUOUS
10
95.9588959999999958
20
-83.7971270000000032
11
96.0450000000000017
21
-83.7800000000000011
0
LINE
8
BLACK
6
CONTINUOUS
10
96.0450000000000017
20
-83.7800000000000011
11
105.5949999999999989
21
-83.7800000000000011
0
LINE
8
BLACK
6
CONTINUOUS
10
105.5949999999999989
20
-83.7800000000000011
11
105.6811039999999906
21
-83.7971270000000032
0
LINE
8
BLACK
6
CONTINUOUS
10
154.501103999999998
20
-83.7971270000000032
11
154.5740989999999897
21
-83.8459009999999978
0
LINE
8
BLACK
6
CONTINUOUS
10
154.5740989999999897
20
-83.8459009999999978
11
154.6228729999999985
21
-83.9188959999999895
0
LINE
8
BLACK
6
CONTINUOUS
10
154.6228729999999985
20
-83.9188959999999895
11
154.6399999999999864
21
-84.0049999999999955
0
LINE
8
BLACK
6
CONTINUOUS
10
154.6399999999999864
20
-84.0049999999999955
11
154.6399999999999864
21
-85.0549999999999926
0
LINE
8
BLACK
6
CONTINUOUS
10
154.6399999999999864
20
-85.0549999999999926
11
154.6228729999999985
21
-85.1411039999999986
0
LINE
8
BLACK
6
CONTINUOUS
10
154.6228729999999985
20
-85.1411039999999986
11
154.5740989999999897
21
-85.2140989999999903
0
LINE
8
BLACK
6
CONTINUOUS
10
154.5740989999999897
20
-85.2140989999999903
11
154.501103999999998
21
-85.262872999999999
0
LINE
8
BLACK
6
CONTINUOUS
10
154.501103999999998
20
-85.262872999999999
11
154.414999999999992
21
-85.2800000000000011
0
LINE
8
BLACK
6
CONTINUOUS
10
154.414999999999992
20
-85.2800000000000011
11
144.8649999999999807
21
-85.2800000000000011
0
LINE
8
BLACK
6
CONTINUOUS
10
144.8649999999999807
20
-85.2800000000000011
11
144.7788960000000031
21
-85.262872999999999
0
LINE
8
BLACK
6
CONTINUOUS
10
144.7788960000000031
20
-85.262872999999999
11
144.705900999999983
21
-85.2140989999999903
0
LINE
8
BLACK
6
CONTINUOUS
10
144.705900999999983
20
-85.2140989999999903
11
144.6571270000000027
21
-85.1411039999999986
0
LINE
8
BLACK
6
CONTINUOUS
10
144.6571270000000027
20
-85.1411039999999986
11
144.6399999999999864
21
-85.0549999999999926
0
LINE
8
BLACK
6
CONTINUOUS
10
144.6399999999999864
20
-85.0549999999999926
11
144.6399999999999864
21
-84.0049999999999955
0
LINE
8
BLACK
6
CONTINUOUS
10
144.6399999999999864
20
-84.0049999999999955
11
144.6571270000000027
21
-83.9188959999999895
0
LINE
8
BLACK
6
CONTINUOUS
10
144.6571270000000027
20
-83.9188959999999895
11
144.705900999999983
21
-83.8459009999999978
0
LINE
8
BLACK
6
CONTINUOUS
10
144.705900999999983
20
-83.8459009999999978
11
144.7788960000000031
21
-83.7971270000000032
0
LINE
8
BLACK
6
CONTINUOUS
10
144.7788960000000031
20
-83.7971270000000032
11
144.8649999999999807
21
-83.7800000000000011
0
LINE
8
BLACK
6
CONTINUOUS
10
144.8649999999999807
20
-83.7800000000000011
11
154.414999999999992
21
-83.7800000000000011
0
LINE
8
BLACK
6
CONTINUOUS
10
154.414999999999992
20
-83.7800000000000011
11
154.501103999999998
21
-83.7971270000000032
0
LINE
8
BLACK
6
CONTINUOUS
10
184.501103999999998
20
-83.7971270000000032
11
184.5740989999999897
21
-83.8459009999999978
0
LINE
8
BLACK
6
CONTINUOUS
10
184.5740989999999897
20
-83.8459009999999978
11
184.6228729999999985
21
-83.9188959999999895
0
LINE
8
BLACK
6
CONTINUOUS
10
184.6228729999999985
20
-83.9188959999999895
11
184.6399999999999864
21
-84.0049999999999955
0
LINE
8
BLACK
6
CONTINUOUS
10
184.6399999999999864
20
-84.0049999999999955
11
184.6399999999999864
21
-85.0549999999999926
0
LINE
8
BLACK
6
CONTINUOUS
10
184.6399999999999864
20
-85.0549999999999926
11
184.6228729999999985
21
-85.1411039999999986
0
LINE
8
BLACK
6
CONTINUOUS
10
184.6228729999999985
20
-85.1411039999999986
11
184.5740989999999897
21
-85.2140989999999903
0
LINE
8
BLACK
6
CONTINUOUS
10
184.5740989999999897
20
-85.2140989999999903
11
184.501103999999998
21
-85.262872999999999
0
LINE
8
BLACK
6
CONTINUOUS
10
184.501103999999998
20
-85.262872999999999
11
184.414999999999992
21
-85.2800000000000011
0
LINE
8
BLACK
6
CONTINUOUS
10
184.414999999999992
20
-85.2800000000000011
11
174.8649999999999807
21
-85.2800000000000011
0
LINE
8
BLACK
6
CONTINUOUS
10
174.8649999999999807
20
-85.2800000000000011
11
174.7788960000000031
21
-85.262872999999999
0
LINE
8
BLACK
6
CONTINUOUS
10
174.7788960000000031
20
-85.262872999999999
11
174.705900999999983
21
-85.2140989999999903
0
LINE
8
BLACK
6
CONTINUOUS
10
174.705900999999983
20
-85.2140989999999903
11
174.6571270000000027
21
-85.1411039999999986
0
LINE
8
BLACK
6
CONTINUOUS
10
174.6571270000000027
20
-85.1411039999999986
11
174.6399999999999864
21
-85.0549999999999926
0
LINE
8
BLACK
6
CONTINUOUS
10
174.6399999999999864
20
-85.0549999999999926
11
174.6399999999999864
21
-84.0049999999999955
0
LINE
8
BLACK
6
CONTINUOUS
10
174.6399999999999864
20
-84.0049999999999955
11
174.6571270000000027
21
-83.9188959999999895
0
LINE
8
BLACK
6
CONTINUOUS
10
174.6571270000000027
20
-83.9188959999999895
11
174.705900999999983
21
-83.8459009999999978
0
LINE
8
BLACK
6
CONTINUOUS
10
174.705900999999983
20
-83.8459009999999978
11
174.7788960000000031
21
-83.7971270000000032
0
LINE
8
BLACK
6
CONTINUOUS
10
174.7788960000000031
20
-83.7971270000000032
11
174.8649999999999807
21
-83.7800000000000011
0
LINE
8
BLACK
6
CONTINUOUS
10
174.8649999999999807
20
-83.7800000000000011
11
184.414999999999992
21
-83.7800000000000011
0
LINE
8
BLACK
6
CONTINUOUS
10
184.414999999999992
20
-83.7800000000000011
11
184.501103999999998
21
-83.7971270000000032
0
LINE
8
BLACK
6
CONTINUOUS
10
239.6981219999999837
20
-83.144447999999997
11
239.84301099999999
21
-83.2044629999999898
0
LINE
8
BLACK
6
CONTINUOUS
10
239.84301099999999
20
-83.2044629999999898
11
239.9734089999999753
21
-83.2915919999999943
0
LINE
8
BLACK
6
CONTINUOUS
10
239.9734089999999753
20
-83.2915919999999943
11
240.0843019999999797
21
-83.4024849999999986
0
LINE
8
BLACK
6
CONTINUOUS
10
240.0843019999999797
20
-83.4024849999999986
11
240.1714309999999841
21
-83.5328829999999982
0
LINE
8
BLACK
6
CONTINUOUS
10
240.1714309999999841
20
-83.5328829999999982
11
240.2314459999999769
21
-83.6777719999999903
0
LINE
8
BLACK
6
CONTINUOUS
10
240.2314459999999769
20
-83.6777719999999903
11
240.2620419999999797
21
-83.8315860000000015
0
LINE
8
BLACK
6
CONTINUOUS
10
240.2620419999999797
20
-83.8315860000000015
11
240.2620419999999797
21
-83.9884139999999917
0
LINE
8
BLACK
6
CONTINUOUS
10
240.2620419999999797
20
-83.9884139999999917
11
240.2314459999999769
21
-84.1422280000000029
0
LINE
8
BLACK
6
CONTINUOUS
10
240.2314459999999769
20
-84.1422280000000029
11
240.1714309999999841
21
-84.287116999999995
0
LINE
8
BLACK
6
CONTINUOUS
10
240.1714309999999841
20
-84.287116999999995
11
240.0843019999999797
21
-84.4175149999999945
0
LINE
8
BLACK
6
CONTINUOUS
10
240.0843019999999797
20
-84.4175149999999945
11
239.9734089999999753
21
-84.5284079999999989
0
LINE
8
BLACK
6
CONTINUOUS
10
239.9734089999999753
20
-84.5284079999999989
11
239.84301099999999
21
-84.6155369999999891
0
LINE
8
BLACK
6
CONTINUOUS
10
239.84301099999999
20
-84.6155369999999891
11
239.6981219999999837
21
-84.6755519999999962
0
LINE
8
BLACK
6
CONTINUOUS
10
239.6981219999999837
20
-84.6755519999999962
11
239.5443080000000009
21
-84.7061479999999989
0
LINE
8
BLACK
6
CONTINUOUS
10
239.5443080000000009
20
-84.7061479999999989
11
239.3874799999999823
21
-84.7061479999999989
0
LINE
8
BLACK
6
CONTINUOUS
10
239.3874799999999823
20
-84.7061479999999989
11
239.2336659999999995
21
-84.6755519999999962
0
LINE
8
BLACK
6
CONTINUOUS
10
239.2336659999999995
20
-84.6755519999999962
11
239.1961199999999792
21
-84.6599999999999966
0
LINE
8
BLACK
6
CONTINUOUS
10
239.1961199999999792
20
-84.6599999999999966
11
225.8400000000000034
21
-84.6599999999999966
0
LINE
8
BLACK
6
CONTINUOUS
10
225.8400000000000034
20
-84.6599999999999966
11
221.0649999999999977
21
-84.6599999999999966
0
LINE
8
BLACK
6
CONTINUOUS
10
221.0649999999999977
20
-84.6599999999999966
11
220.9788959999999918
21
-84.6428729999999945
0
LINE
8
BLACK
6
CONTINUOUS
10
220.9788959999999918
20
-84.6428729999999945
11
220.9059010000000001
21
-84.5940989999999999
0
LINE
8
BLACK
6
CONTINUOUS
10
220.9059010000000001
20
-84.5940989999999999
11
220.8571269999999913
21
-84.521103999999994
0
LINE
8
BLACK
6
CONTINUOUS
10
220.8571269999999913
20
-84.521103999999994
11
220.8400000000000034
21
-84.4350000000000023
0
LINE
8
BLACK
6
CONTINUOUS
10
220.8400000000000034
20
-84.4350000000000023
11
220.8400000000000034
21
-83.3849999999999909
0
LINE
8
BLACK
6
CONTINUOUS
10
220.8400000000000034
20
-83.3849999999999909
11
220.8571269999999913
21
-83.2988959999999992
0
LINE
8
BLACK
6
CONTINUOUS
10
220.8571269999999913
20
-83.2988959999999992
11
220.9059010000000001
21
-83.2259009999999932
0
LINE
8
BLACK
6
CONTINUOUS
10
220.9059010000000001
20
-83.2259009999999932
11
220.9788959999999918
21
-83.1771269999999987
0
LINE
8
BLACK
6
CONTINUOUS
10
220.9788959999999918
20
-83.1771269999999987
11
221.0649999999999977
21
-83.1599999999999966
0
LINE
8
BLACK
6
CONTINUOUS
10
221.0649999999999977
20
-83.1599999999999966
11
230.6149999999999807
21
-83.1599999999999966
0
LINE
8
BLACK
6
CONTINUOUS
10
230.6149999999999807
20
-83.1599999999999966
11
239.1961199999999792
21
-83.1599999999999966
0
LINE
8
BLACK
6
CONTINUOUS
10
239.1961199999999792
20
-83.1599999999999966
11
239.2336659999999995
21
-83.144447999999997
0
LINE
8
BLACK
6
CONTINUOUS
10
239.2336659999999995
20
-83.144447999999997
11
239.3874799999999823
21
-83.1138519999999943
0
LINE
8
BLACK
6
CONTINUOUS
10
239.3874799999999823
20
-83.1138519999999943
11
239.5443080000000009
21
-83.1138519999999943
0
LINE
8
BLACK
6
CONTINUOUS
10
239.5443080000000009
20
-83.1138519999999943
11
239.6981219999999837
21
-83.144447999999997
0
LINE
8
BLACK
6
CONTINUOUS
10
196.5822279999999864
20
-81.9344480000000033
11
196.7271169999999927
21
-81.9944629999999961
0
LINE
8
BLACK
6
CONTINUOUS
10
196.7271169999999927
20
-81.9944629999999961
11
196.857514999999978
21
-82.0815920000000006
0
LINE
8
BLACK
6
CONTINUOUS
10
196.857514999999978
20
-82.0815920000000006
11
196.9684079999999824
21
-82.1924849999999907
0
LINE
8
BLACK
6
CONTINUOUS
10
196.9684079999999824
20
-82.1924849999999907
11
197.0555369999999868
21
-82.3228829999999903
0
LINE
8
BLACK
6
CONTINUOUS
10
197.0555369999999868
20
-82.3228829999999903
11
197.1155519999999797
21
-82.4677719999999965
0
LINE
8
BLACK
6
CONTINUOUS
10
197.1155519999999797
20
-82.4677719999999965
11
197.1461479999999824
21
-82.6215859999999935
0
LINE
8
BLACK
6
CONTINUOUS
10
197.1461479999999824
20
-82.6215859999999935
11
197.1461479999999824
21
-82.7784139999999979
0
LINE
8
BLACK
6
CONTINUOUS
10
197.1461479999999824
20
-82.7784139999999979
11
197.1155519999999797
21
-82.9322279999999949
0
LINE
8
BLACK
6
CONTINUOUS
10
197.1155519999999797
20
-82.9322279999999949
11
197.0555369999999868
21
-83.0771170000000012
0
LINE
8
BLACK
6
CONTINUOUS
10
197.0555369999999868
20
-83.0771170000000012
11
196.9684079999999824
21
-83.2075150000000008
0
LINE
8
BLACK
6
CONTINUOUS
10
196.9684079999999824
20
-83.2075150000000008
11
196.857514999999978
21
-83.3184079999999909
0
LINE
8
BLACK
6
CONTINUOUS
10
196.857514999999978
20
-83.3184079999999909
11
196.7271169999999927
21
-83.4055369999999954
0
LINE
8
BLACK
6
CONTINUOUS
10
196.7271169999999927
20
-83.4055369999999954
11
196.5822279999999864
21
-83.4655520000000024
0
LINE
8
BLACK
6
CONTINUOUS
10
196.5822279999999864
20
-83.4655520000000024
11
196.4284140000000036
21
-83.4961479999999909
0
LINE
8
BLACK
6
CONTINUOUS
10
196.4284140000000036
20
-83.4961479999999909
11
196.271585999999985
21
-83.4961479999999909
0
LINE
8
BLACK
6
CONTINUOUS
10
196.271585999999985
20
-83.4961479999999909
11
196.1177720000000022
21
-83.4655520000000024
0
LINE
8
BLACK
6
CONTINUOUS
10
196.1177720000000022
20
-83.4655520000000024
11
195.9728829999999959
21
-83.4055369999999954
0
LINE
8
BLACK
6
CONTINUOUS
10
195.9728829999999959
20
-83.4055369999999954
11
195.8424849999999822
21
-83.3184079999999909
0
LINE
8
BLACK
6
CONTINUOUS
10
195.8424849999999822
20
-83.3184079999999909
11
195.7315919999999778
21
-83.2075150000000008
0
LINE
8
BLACK
6
CONTINUOUS
10
195.7315919999999778
20
-83.2075150000000008
11
195.6444630000000018
21
-83.0771170000000012
0
LINE
8
BLACK
6
CONTINUOUS
10
195.6444630000000018
20
-83.0771170000000012
11
195.5844479999999805
21
-82.9322279999999949
0
LINE
8
BLACK
6
CONTINUOUS
10
195.5844479999999805
20
-82.9322279999999949
11
195.5538519999999778
21
-82.7784139999999979
0
LINE
8
BLACK
6
CONTINUOUS
10
195.5538519999999778
20
-82.7784139999999979
11
195.5538519999999778
21
-82.6215859999999935
0
LINE
8
BLACK
6
CONTINUOUS
10
195.5538519999999778
20
-82.6215859999999935
11
195.5844479999999805
21
-82.4677719999999965
0
LINE
8
BLACK
6
CONTINUOUS
10
195.5844479999999805
20
-82.4677719999999965
11
195.6444630000000018
21
-82.3228829999999903
0
LINE
8
BLACK
6
CONTINUOUS
10
195.6444630000000018
20
-82.3228829999999903
11
195.7315919999999778
21
-82.1924849999999907
0
LINE
8
BLACK
6
CONTINUOUS
10
195.7315919999999778
20
-82.1924849999999907
11
195.8424849999999822
21
-82.0815920000000006
0
LINE
8
BLACK
6
CONTINUOUS
10
195.8424849999999822
20
-82.0815920000000006
11
195.9728829999999959
21
-81.9944629999999961
0
LINE
8
BLACK
6
CONTINUOUS
10
195.9728829999999959
20
-81.9944629999999961
11
196.1177720000000022
21
-81.9344480000000033
0
LINE
8
BLACK
6
CONTINUOUS
10
196.1177720000000022
20
-81.9344480000000033
11
196.271585999999985
21
-81.9038520000000005
0
LINE
8
BLACK
6
CONTINUOUS
10
196.271585999999985
20
-81.9038520000000005
11
196.4284140000000036
21
-81.9038520000000005
0
LINE
8
BLACK
6
CONTINUOUS
10
196.4284140000000036
20
-81.9038520000000005
11
196.5822279999999864
21
-81.9344480000000033
0
LINE
8
BLACK
6
CONTINUOUS
10
75.6811039999999906
20
-81.257126999999997
11
75.7540989999999965
21
-81.3059009999999915
0
LINE
8
BLACK
6
CONTINUOUS
10
75.7540989999999965
20
-81.3059009999999915
11
75.8028729999999911
21
-81.3788959999999975
0
LINE
8
BLACK
6
CONTINUOUS
10
75.8028729999999911
20
-81.3788959999999975
11
75.8199999999999932
21
-81.4650000000000034
0
LINE
8
BLACK
6
CONTINUOUS
10
75.8199999999999932
20
-81.4650000000000034
11
75.8199999999999932
21
-82.5150000000000006
0
LINE
8
BLACK
6
CONTINUOUS
10
75.8199999999999932
20
-82.5150000000000006
11
75.8028729999999911
21
-82.6011039999999923
0
LINE
8
BLACK
6
CONTINUOUS
10
75.8028729999999911
20
-82.6011039999999923
11
75.7540989999999965
21
-82.6740989999999982
0
LINE
8
BLACK
6
CONTINUOUS
10
75.7540989999999965
20
-82.6740989999999982
11
75.6811039999999906
21
-82.7228729999999928
0
LINE
8
BLACK
6
CONTINUOUS
10
75.6811039999999906
20
-82.7228729999999928
11
75.5949999999999989
21
-82.7399999999999949
0
LINE
8
BLACK
6
CONTINUOUS
10
75.5949999999999989
20
-82.7399999999999949
11
66.0450000000000017
21
-82.7399999999999949
0
LINE
8
BLACK
6
CONTINUOUS
10
66.0450000000000017
20
-82.7399999999999949
11
65.9588959999999958
21
-82.7228729999999928
0
LINE
8
BLACK
6
CONTINUOUS
10
65.9588959999999958
20
-82.7228729999999928
11
65.885901000000004
21
-82.6740989999999982
0
LINE
8
BLACK
6
CONTINUOUS
10
65.885901000000004
20
-82.6740989999999982
11
65.8371269999999953
21
-82.6011039999999923
0
LINE
8
BLACK
6
CONTINUOUS
10
65.8371269999999953
20
-82.6011039999999923
11
65.8199999999999932
21
-82.5150000000000006
0
LINE
8
BLACK
6
CONTINUOUS
10
65.8199999999999932
20
-82.5150000000000006
11
65.8199999999999932
21
-81.4650000000000034
0
LINE
8
BLACK
6
CONTINUOUS
10
65.8199999999999932
20
-81.4650000000000034
11
65.8371269999999953
21
-81.3788959999999975
0
LINE
8
BLACK
6
CONTINUOUS
10
65.8371269999999953
20
-81.3788959999999975
11
65.885901000000004
21
-81.3059009999999915
0
LINE
8
BLACK
6
CONTINUOUS
10
65.885901000000004
20
-81.3059009999999915
11
65.9588959999999958
21
-81.257126999999997
0
LINE
8
BLACK
6
CONTINUOUS
10
65.9588959999999958
20
-81.257126999999997
11
66.0450000000000017
21
-81.2399999999999949
0
LINE
8
BLACK
6
CONTINUOUS
10
66.0450000000000017
20
-81.2399999999999949
11
75.5949999999999989
21
-81.2399999999999949
0
LINE
8
BLACK
6
CONTINUOUS
10
75.5949999999999989
20
-81.2399999999999949
11
75.6811039999999906
21
-81.257126999999997
0
LINE
8
BLACK
6
CONTINUOUS
10
105.6811039999999906
20
-81.257126999999997
11
105.7540989999999965
21
-81.3059009999999915
0
LINE
8
BLACK
6
CONTINUOUS
10
105.7540989999999965
20
-81.3059009999999915
11
105.8028729999999911
21
-81.3788959999999975
0
LINE
8
BLACK
6
CONTINUOUS
10
105.8028729999999911
20
-81.3788959999999975
11
105.8199999999999932
21
-81.4650000000000034
0
LINE
8
BLACK
6
CONTINUOUS
10
105.8199999999999932
20
-81.4650000000000034
11
105.8199999999999932
21
-82.5150000000000006
0
LINE
8
BLACK
6
CONTINUOUS
10
105.8199999999999932
20
-82.5150000000000006
11
105.8028729999999911
21
-82.6011039999999923
0
LINE
8
BLACK
6
CONTINUOUS
10
105.8028729999999911
20
-82.6011039999999923
11
105.7540989999999965
21
-82.6740989999999982
0
LINE
8
BLACK
6
CONTINUOUS
10
105.7540989999999965
20
-82.6740989999999982
11
105.6811039999999906
21
-82.7228729999999928
0
LINE
8
BLACK
6
CONTINUOUS
10
105.6811039999999906
20
-82.7228729999999928
11
105.5949999999999989
21
-82.7399999999999949
0
LINE
8
BLACK
6
CONTINUOUS
10
105.5949999999999989
20
-82.7399999999999949
11
96.0450000000000017
21
-82.7399999999999949
0
LINE
8
BLACK
6
CONTINUOUS
10
96.0450000000000017
20
-82.7399999999999949
11
95.9588959999999958
21
-82.7228729999999928
0
LINE
8
BLACK
6
CONTINUOUS
10
95.9588959999999958
20
-82.7228729999999928
11
95.8859009999999898
21
-82.6740989999999982
0
LINE
8
BLACK
6
CONTINUOUS
10
95.8859009999999898
20
-82.6740989999999982
11
95.8371269999999953
21
-82.6011039999999923
0
LINE
8
BLACK
6
CONTINUOUS
10
95.8371269999999953
20
-82.6011039999999923
11
95.8199999999999932
21
-82.5150000000000006
0
LINE
8
BLACK
6
CONTINUOUS
10
95.8199999999999932
20
-82.5150000000000006
11
95.8199999999999932
21
-81.4650000000000034
0
LINE
8
BLACK
6
CONTINUOUS
10
95.8199999999999932
20
-81.4650000000000034
11
95.8371269999999953
21
-81.3788959999999975
0
LINE
8
BLACK
6
CONTINUOUS
10
95.8371269999999953
20
-81.3788959999999975
11
95.8859009999999898
21
-81.3059009999999915
0
LINE
8
BLACK
6
CONTINUOUS
10
95.8859009999999898
20
-81.3059009999999915
11
95.9588959999999958
21
-81.257126999999997
0
LINE
8
BLACK
6
CONTINUOUS
10
95.9588959999999958
20
-81.257126999999997
11
96.0450000000000017
21
-81.2399999999999949
0
LINE
8
BLACK
6
CONTINUOUS
10
96.0450000000000017
20
-81.2399999999999949
11
105.5949999999999989
21
-81.2399999999999949
0
LINE
8
BLACK
6
CONTINUOUS
10
105.5949999999999989
20
-81.2399999999999949
11
105.6811039999999906
21
-81.257126999999997
0
LINE
8
BLACK
6
CONTINUOUS
10
154.501103999999998
20
-81.257126999999997
11
154.5740989999999897
21
-81.3059009999999915
0
LINE
8
BLACK
6
CONTINUOUS
10
154.5740989999999897
20
-81.3059009999999915
11
154.6228729999999985
21
-81.3788959999999975
0
LINE
8
BLACK
6
CONTINUOUS
10
154.6228729999999985
20
-81.3788959999999975
11
154.6399999999999864
21
-81.4650000000000034
0
LINE
8
BLACK
6
CONTINUOUS
10
154.6399999999999864
20
-81.4650000000000034
11
154.6399999999999864
21
-82.5150000000000006
0
LINE
8
BLACK
6
CONTINUOUS
10
154.6399999999999864
20
-82.5150000000000006
11
154.6228729999999985
21
-82.6011039999999923
0
LINE
8
BLACK
6
CONTINUOUS
10
154.6228729999999985
20
-82.6011039999999923
11
154.5740989999999897
21
-82.6740989999999982
0
LINE
8
BLACK
6
CONTINUOUS
10
154.5740989999999897
20
-82.6740989999999982
11
154.501103999999998
21
-82.7228729999999928
0
LINE
8
BLACK
6
CONTINUOUS
10
154.501103999999998
20
-82.7228729999999928
11
154.414999999999992
21
-82.7399999999999949
0
LINE
8
BLACK
6
CONTINUOUS
10
154.414999999999992
20
-82.7399999999999949
11
144.8649999999999807
21
-82.7399999999999949
0
LINE
8
BLACK
6
CONTINUOUS
10
144.8649999999999807
20
-82.7399999999999949
11
144.7788960000000031
21
-82.7228729999999928
0
LINE
8
BLACK
6
CONTINUOUS
10
144.7788960000000031
20
-82.7228729999999928
11
144.705900999999983
21
-82.6740989999999982
0
LINE
8
BLACK
6
CONTINUOUS
10
144.705900999999983
20
-82.6740989999999982
11
144.6571270000000027
21
-82.6011039999999923
0
LINE
8
BLACK
6
CONTINUOUS
10
144.6571270000000027
20
-82.6011039999999923
11
144.6399999999999864
21
-82.5150000000000006
0
LINE
8
BLACK
6
CONTINUOUS
10
144.6399999999999864
20
-82.5150000000000006
11
144.6399999999999864
21
-81.4650000000000034
0
LINE
8
BLACK
6
CONTINUOUS
10
144.6399999999999864
20
-81.4650000000000034
11
144.6571270000000027
21
-81.3788959999999975
0
LINE
8
BLACK
6
CONTINUOUS
10
144.6571270000000027
20
-81.3788959999999975
11
144.705900999999983
21
-81.3059009999999915
0
LINE
8
BLACK
6
CONTINUOUS
10
144.705900999999983
20
-81.3059009999999915
11
144.7788960000000031
21
-81.257126999999997
0
LINE
8
BLACK
6
CONTINUOUS
10
144.7788960000000031
20
-81.257126999999997
11
144.8649999999999807
21
-81.2399999999999949
0
LINE
8
BLACK
6
CONTINUOUS
10
144.8649999999999807
20
-81.2399999999999949
11
154.414999999999992
21
-81.2399999999999949
0
LINE
8
BLACK
6
CONTINUOUS
10
154.414999999999992
20
-81.2399999999999949
11
154.501103999999998
21
-81.257126999999997
0
LINE
8
BLACK
6
CONTINUOUS
10
184.501103999999998
20
-81.257126999999997
11
184.5740989999999897
21
-81.3059009999999915
0
LINE
8
BLACK
6
CONTINUOUS
10
184.5740989999999897
20
-81.3059009999999915
11
184.6228729999999985
21
-81.3788959999999975
0
LINE
8
BLACK
6
CONTINUOUS
10
184.6228729999999985
20
-81.3788959999999975
11
184.6399999999999864
21
-81.4650000000000034
0
LINE
8
BLACK
6
CONTINUOUS
10
184.6399999999999864
20
-81.4650000000000034
11
184.6399999999999864
21
-82.5150000000000006
0
LINE
8
BLACK
6
CONTINUOUS
10
184.6399999999999864
20
-82.5150000000000006
11
184.6228729999999985
21
-82.6011039999999923
0
LINE
8
BLACK
6
CONTINUOUS
10
184.6228729999999985
20
-82.6011039999999923
11
184.5740989999999897
21
-82.6740989999999982
0
LINE
8
BLACK
6
CONTINUOUS
10
184.5740989999999897
20
-82.6740989999999982
11
184.501103999999998
21
-82.7228729999999928
0
LINE
8
BLACK
6
CONTINUOUS
10
184.501103999999998
20
-82.7228729999999928
11
184.414999999999992
21
-82.7399999999999949
0
LINE
8
BLACK
6
CONTINUOUS
10
184.414999999999992
20
-82.7399999999999949
11
174.8649999999999807
21
-82.7399999999999949
0
LINE
8
BLACK
6
CONTINUOUS
10
174.8649999999999807
20
-82.7399999999999949
11
174.7788960000000031
21
-82.7228729999999928
0
LINE
8
BLACK
6
CONTINUOUS
10
174.7788960000000031
20
-82.7228729999999928
11
174.705900999999983
21
-82.6740989999999982
0
LINE
8
BLACK
6
CONTINUOUS
10
174.705900999999983
20
-82.6740989999999982
11
174.6571270000000027
21
-82.6011039999999923
0
LINE
8
BLACK
6
CONTINUOUS
10
174.6571270000000027
20
-82.6011039999999923
11
174.6399999999999864
21
-82.5150000000000006
0
LINE
8
BLACK
6
CONTINUOUS
10
174.6399999999999864
20
-82.5150000000000006
11
174.6399999999999864
21
-81.4650000000000034
0
LINE
8
BLACK
6
CONTINUOUS
10
174.6399999999999864
20
-81.4650000000000034
11
174.6571270000000027
21
-81.3788959999999975
0
LINE
8
BLACK
6
CONTINUOUS
10
174.6571270000000027
20
-81.3788959999999975
11
174.705900999999983
21
-81.3059009999999915
0
LINE
8
BLACK
6
CONTINUOUS
10
174.705900999999983
20
-81.3059009999999915
11
174.7788960000000031
21
-81.257126999999997
0
LINE
8
BLACK
6
CONTINUOUS
10
174.7788960000000031
20
-81.257126999999997
11
174.8649999999999807
21
-81.2399999999999949
0
LINE
8
BLACK
6
CONTINUOUS
10
174.8649999999999807
20
-81.2399999999999949
11
184.414999999999992
21
-81.2399999999999949
0
LINE
8
BLACK
6
CONTINUOUS
10
184.414999999999992
20
-81.2399999999999949
11
184.501103999999998
21
-81.257126999999997
0
LINE
8
BLACK
6
CONTINUOUS
10
242.2381219999999757
20
-80.6044479999999908
11
242.383010999999982
21
-80.6644629999999978
0
LINE
8
BLACK
6
CONTINUOUS
10
242.383010999999982
20
-80.6644629999999978
11
242.5134089999999958
21
-80.7515920000000023
0
LINE
8
BLACK
6
CONTINUOUS
10
242.5134089999999958
20
-80.7515920000000023
11
242.6243020000000001
21
-80.8624849999999924
0
LINE
8
BLACK
6
CONTINUOUS
10
242.6243020000000001
20
-80.8624849999999924
11
242.7114309999999762
21
-80.992882999999992
0
LINE
8
BLACK
6
CONTINUOUS
10
242.7114309999999762
20
-80.992882999999992
11
242.7714459999999974
21
-81.1377719999999982
0
LINE
8
BLACK
6
CONTINUOUS
10
242.7714459999999974
20
-81.1377719999999982
11
242.8020420000000001
21
-81.2915859999999952
0
LINE
8
BLACK
6
CONTINUOUS
10
242.8020420000000001
20
-81.2915859999999952
11
242.8020420000000001
21
-81.4484139999999996
0
LINE
8
BLACK
6
CONTINUOUS
10
242.8020420000000001
20
-81.4484139999999996
11
242.7714459999999974
21
-81.6022279999999967
0
LINE
8
BLACK
6
CONTINUOUS
10
242.7714459999999974
20
-81.6022279999999967
11
242.7114309999999762
21
-81.7471170000000029
0
LINE
8
BLACK
6
CONTINUOUS
10
242.7114309999999762
20
-81.7471170000000029
11
242.6243020000000001
21
-81.8775150000000025
0
LINE
8
BLACK
6
CONTINUOUS
10
242.6243020000000001
20
-81.8775150000000025
11
242.5134089999999958
21
-81.9884079999999926
0
LINE
8
BLACK
6
CONTINUOUS
10
242.5134089999999958
20
-81.9884079999999926
11
242.383010999999982
21
-82.0755369999999971
0
LINE
8
BLACK
6
CONTINUOUS
10
242.383010999999982
20
-82.0755369999999971
11
242.2381219999999757
21
-82.1355519999999899
0
LINE
8
BLACK
6
CONTINUOUS
10
242.2381219999999757
20
-82.1355519999999899
11
242.0843079999999929
21
-82.1661479999999926
0
LINE
8
BLACK
6
CONTINUOUS
10
242.0843079999999929
20
-82.1661479999999926
11
241.9274800000000027
21
-82.1661479999999926
0
LINE
8
BLACK
6
CONTINUOUS
10
241.9274800000000027
20
-82.1661479999999926
11
241.7736659999999915
21
-82.1355519999999899
0
LINE
8
BLACK
6
CONTINUOUS
10
241.7736659999999915
20
-82.1355519999999899
11
241.7361199999999997
21
-82.1199999999999903
0
LINE
8
BLACK
6
CONTINUOUS
10
241.7361199999999997
20
-82.1199999999999903
11
225.8400000000000034
21
-82.1199999999999903
0
LINE
8
BLACK
6
CONTINUOUS
10
225.8400000000000034
20
-82.1199999999999903
11
221.0649999999999977
21
-82.1199999999999903
0
LINE
8
BLACK
6
CONTINUOUS
10
221.0649999999999977
20
-82.1199999999999903
11
220.9788959999999918
21
-82.1028730000000024
0
LINE
8
BLACK
6
CONTINUOUS
10
220.9788959999999918
20
-82.1028730000000024
11
220.9059010000000001
21
-82.0540989999999937
0
LINE
8
BLACK
6
CONTINUOUS
10
220.9059010000000001
20
-82.0540989999999937
11
220.8571269999999913
21
-81.981104000000002
0
LINE
8
BLACK
6
CONTINUOUS
10
220.8571269999999913
20
-81.981104000000002
11
220.8400000000000034
21
-81.894999999999996
0
LINE
8
BLACK
6
CONTINUOUS
10
220.8400000000000034
20
-81.894999999999996
11
220.8400000000000034
21
-80.8449999999999989
0
LINE
8
BLACK
6
CONTINUOUS
10
220.8400000000000034
20
-80.8449999999999989
11
220.8571269999999913
21
-80.7588959999999929
0
LINE
8
BLACK
6
CONTINUOUS
10
220.8571269999999913
20
-80.7588959999999929
11
220.9059010000000001
21
-80.6859010000000012
0
LINE
8
BLACK
6
CONTINUOUS
10
220.9059010000000001
20
-80.6859010000000012
11
220.9788959999999918
21
-80.6371269999999924
0
LINE
8
BLACK
6
CONTINUOUS
10
220.9788959999999918
20
-80.6371269999999924
11
221.0649999999999977
21
-80.6199999999999903
0
LINE
8
BLACK
6
CONTINUOUS
10
221.0649999999999977
20
-80.6199999999999903
11
230.6149999999999807
21
-80.6199999999999903
0
LINE
8
BLACK
6
CONTINUOUS
10
230.6149999999999807
20
-80.6199999999999903
11
241.7361199999999997
21
-80.6199999999999903
0
LINE
8
BLACK
6
CONTINUOUS
10
241.7361199999999997
20
-80.6199999999999903
11
241.7736659999999915
21
-80.6044479999999908
0
LINE
8
BLACK
6
CONTINUOUS
10
241.7736659999999915
20
-80.6044479999999908
11
241.9274800000000027
21
-80.5738520000000022
0
LINE
8
BLACK
6
CONTINUOUS
10
241.9274800000000027
20
-80.5738520000000022
11
242.0843079999999929
21
-80.5738520000000022
0
LINE
8
BLACK
6
CONTINUOUS
10
242.0843079999999929
20
-80.5738520000000022
11
242.2381219999999757
21
-80.6044479999999908
0
LINE
8
BLACK
6
CONTINUOUS
10
75.6811039999999906
20
-78.7171269999999907
11
75.7540989999999965
21
-78.7659009999999995
0
LINE
8
BLACK
6
CONTINUOUS
10
75.7540989999999965
20
-78.7659009999999995
11
75.8028729999999911
21
-78.8388959999999912
0
LINE
8
BLACK
6
CONTINUOUS
10
75.8028729999999911
20
-78.8388959999999912
11
75.8199999999999932
21
-78.9249999999999972
0
LINE
8
BLACK
6
CONTINUOUS
10
75.8199999999999932
20
-78.9249999999999972
11
75.8199999999999932
21
-79.9749999999999943
0
LINE
8
BLACK
6
CONTINUOUS
10
75.8199999999999932
20
-79.9749999999999943
11
75.8028729999999911
21
-80.0611040000000003
0
LINE
8
BLACK
6
CONTINUOUS
10
75.8028729999999911
20
-80.0611040000000003
11
75.7540989999999965
21
-80.134098999999992
0
LINE
8
BLACK
6
CONTINUOUS
10
75.7540989999999965
20
-80.134098999999992
11
75.6811039999999906
21
-80.1828730000000007
0
LINE
8
BLACK
6
CONTINUOUS
10
75.6811039999999906
20
-80.1828730000000007
11
75.5949999999999989
21
-80.2000000000000028
0
LINE
8
BLACK
6
CONTINUOUS
10
75.5949999999999989
20
-80.2000000000000028
11
66.0450000000000017
21
-80.2000000000000028
0
LINE
8
BLACK
6
CONTINUOUS
10
66.0450000000000017
20
-80.2000000000000028
11
65.9588959999999958
21
-80.1828730000000007
0
LINE
8
BLACK
6
CONTINUOUS
10
65.9588959999999958
20
-80.1828730000000007
11
65.885901000000004
21
-80.134098999999992
0
LINE
8
BLACK
6
CONTINUOUS
10
65.885901000000004
20
-80.134098999999992
11
65.8371269999999953
21
-80.0611040000000003
0
LINE
8
BLACK
6
CONTINUOUS
10
65.8371269999999953
20
-80.0611040000000003
11
65.8199999999999932
21
-79.9749999999999943
0
LINE
8
BLACK
6
CONTINUOUS
10
65.8199999999999932
20
-79.9749999999999943
11
65.8199999999999932
21
-78.9249999999999972
0
LINE
8
BLACK
6
CONTINUOUS
10
65.8199999999999932
20
-78.9249999999999972
11
65.8371269999999953
21
-78.8388959999999912
0
LINE
8
BLACK
6
CONTINUOUS
10
65.8371269999999953
20
-78.8388959999999912
11
65.885901000000004
21
-78.7659009999999995
0
LINE
8
BLACK
6
CONTINUOUS
10
65.885901000000004
20
-78.7659009999999995
11
65.9588959999999958
21
-78.7171269999999907
0
LINE
8
BLACK
6
CONTINUOUS
10
65.9588959999999958
20
-78.7171269999999907
11
66.0450000000000017
21
-78.7000000000000028
0
LINE
8
BLACK
6
CONTINUOUS
10
66.0450000000000017
20
-78.7000000000000028
11
75.5949999999999989
21
-78.7000000000000028
0
LINE
8
BLACK
6
CONTINUOUS
10
75.5949999999999989
20
-78.7000000000000028
11
75.6811039999999906
21
-78.7171269999999907
0
LINE
8
BLACK
6
CONTINUOUS
10
105.6811039999999906
20
-78.7171269999999907
11
105.7540989999999965
21
-78.7659009999999995
0
LINE
8
BLACK
6
CONTINUOUS
10
105.7540989999999965
20
-78.7659009999999995
11
105.8028729999999911
21
-78.8388959999999912
0
LINE
8
BLACK
6
CONTINUOUS
10
105.8028729999999911
20
-78.8388959999999912
11
105.8199999999999932
21
-78.9249999999999972
0
LINE
8
BLACK
6
CONTINUOUS
10
105.8199999999999932
20
-78.9249999999999972
11
105.8199999999999932
21
-79.9749999999999943
0
LINE
8
BLACK
6
CONTINUOUS
10
105.8199999999999932
20
-79.9749999999999943
11
105.8028729999999911
21
-80.0611040000000003
0
LINE
8
BLACK
6
CONTINUOUS
10
105.8028729999999911
20
-80.0611040000000003
11
105.7540989999999965
21
-80.134098999999992
0
LINE
8
BLACK
6
CONTINUOUS
10
105.7540989999999965
20
-80.134098999999992
11
105.6811039999999906
21
-80.1828730000000007
0
LINE
8
BLACK
6
CONTINUOUS
10
105.6811039999999906
20
-80.1828730000000007
11
105.5949999999999989
21
-80.2000000000000028
0
LINE
8
BLACK
6
CONTINUOUS
10
105.5949999999999989
20
-80.2000000000000028
11
96.0450000000000017
21
-80.2000000000000028
0
LINE
8
BLACK
6
CONTINUOUS
10
96.0450000000000017
20
-80.2000000000000028
11
95.9588959999999958
21
-80.1828730000000007
0
LINE
8
BLACK
6
CONTINUOUS
10
95.9588959999999958
20
-80.1828730000000007
11
95.8859009999999898
21
-80.134098999999992
0
LINE
8
BLACK
6
CONTINUOUS
10
95.8859009999999898
20
-80.134098999999992
11
95.8371269999999953
21
-80.0611040000000003
0
LINE
8
BLACK
6
CONTINUOUS
10
95.8371269999999953
20
-80.0611040000000003
11
95.8199999999999932
21
-79.9749999999999943
0
LINE
8
BLACK
6
CONTINUOUS
10
95.8199999999999932
20
-79.9749999999999943
11
95.8199999999999932
21
-78.9249999999999972
0
LINE
8
BLACK
6
CONTINUOUS
10
95.8199999999999932
20
-78.9249999999999972
11
95.8371269999999953
21
-78.8388959999999912
0
LINE
8
BLACK
6
CONTINUOUS
10
95.8371269999999953
20
-78.8388959999999912
11
95.8859009999999898
21
-78.7659009999999995
0
LINE
8
BLACK
6
CONTINUOUS
10
95.8859009999999898
20
-78.7659009999999995
11
95.9588959999999958
21
-78.7171269999999907
0
LINE
8
BLACK
6
CONTINUOUS
10
95.9588959999999958
20
-78.7171269999999907
11
96.0450000000000017
21
-78.7000000000000028
0
LINE
8
BLACK
6
CONTINUOUS
10
96.0450000000000017
20
-78.7000000000000028
11
105.5949999999999989
21
-78.7000000000000028
0
LINE
8
BLACK
6
CONTINUOUS
10
105.5949999999999989
20
-78.7000000000000028
11
105.6811039999999906
21
-78.7171269999999907
0
LINE
8
BLACK
6
CONTINUOUS
10
154.501103999999998
20
-78.7171269999999907
11
154.5740989999999897
21
-78.7659009999999995
0
LINE
8
BLACK
6
CONTINUOUS
10
154.5740989999999897
20
-78.7659009999999995
11
154.6228729999999985
21
-78.8388959999999912
0
LINE
8
BLACK
6
CONTINUOUS
10
154.6228729999999985
20
-78.8388959999999912
11
154.6399999999999864
21
-78.9249999999999972
0
LINE
8
BLACK
6
CONTINUOUS
10
154.6399999999999864
20
-78.9249999999999972
11
154.6399999999999864
21
-79.9749999999999943
0
LINE
8
BLACK
6
CONTINUOUS
10
154.6399999999999864
20
-79.9749999999999943
11
154.6228729999999985
21
-80.0611040000000003
0
LINE
8
BLACK
6
CONTINUOUS
10
154.6228729999999985
20
-80.0611040000000003
11
154.5740989999999897
21
-80.134098999999992
0
LINE
8
BLACK
6
CONTINUOUS
10
154.5740989999999897
20
-80.134098999999992
11
154.501103999999998
21
-80.1828730000000007
0
LINE
8
BLACK
6
CONTINUOUS
10
154.501103999999998
20
-80.1828730000000007
11
154.414999999999992
21
-80.2000000000000028
0
LINE
8
BLACK
6
CONTINUOUS
10
154.414999999999992
20
-80.2000000000000028
11
144.8649999999999807
21
-80.2000000000000028
0
LINE
8
BLACK
6
CONTINUOUS
10
144.8649999999999807
20
-80.2000000000000028
11
144.7788960000000031
21
-80.1828730000000007
0
LINE
8
BLACK
6
CONTINUOUS
10
144.7788960000000031
20
-80.1828730000000007
11
144.705900999999983
21
-80.134098999999992
0
LINE
8
BLACK
6
CONTINUOUS
10
144.705900999999983
20
-80.134098999999992
11
144.6571270000000027
21
-80.0611040000000003
0
LINE
8
BLACK
6
CONTINUOUS
10
144.6571270000000027
20
-80.0611040000000003
11
144.6399999999999864
21
-79.9749999999999943
0
LINE
8
BLACK
6
CONTINUOUS
10
144.6399999999999864
20
-79.9749999999999943
11
144.6399999999999864
21
-78.9249999999999972
0
LINE
8
BLACK
6
CONTINUOUS
10
144.6399999999999864
20
-78.9249999999999972
11
144.6571270000000027
21
-78.8388959999999912
0
LINE
8
BLACK
6
CONTINUOUS
10
144.6571270000000027
20
-78.8388959999999912
11
144.705900999999983
21
-78.7659009999999995
0
LINE
8
BLACK
6
CONTINUOUS
10
144.705900999999983
20
-78.7659009999999995
11
144.7788960000000031
21
-78.7171269999999907
0
LINE
8
BLACK
6
CONTINUOUS
10
144.7788960000000031
20
-78.7171269999999907
11
144.8649999999999807
21
-78.7000000000000028
0
LINE
8
BLACK
6
CONTINUOUS
10
144.8649999999999807
20
-78.7000000000000028
11
154.414999999999992
21
-78.7000000000000028
0
LINE
8
BLACK
6
CONTINUOUS
10
154.414999999999992
20
-78.7000000000000028
11
154.501103999999998
21
-78.7171269999999907
0
LINE
8
BLACK
6
CONTINUOUS
10
184.501103999999998
20
-78.7171269999999907
11
184.5740989999999897
21
-78.7659009999999995
0
LINE
8
BLACK
6
CONTINUOUS
10
184.5740989999999897
20
-78.7659009999999995
11
184.6228729999999985
21
-78.8388959999999912
0
LINE
8
BLACK
6
CONTINUOUS
10
184.6228729999999985
20
-78.8388959999999912
11
184.6399999999999864
21
-78.9249999999999972
0
LINE
8
BLACK
6
CONTINUOUS
10
184.6399999999999864
20
-78.9249999999999972
11
184.6399999999999864
21
-79.9749999999999943
0
LINE
8
BLACK
6
CONTINUOUS
10
184.6399999999999864
20
-79.9749999999999943
11
184.6228729999999985
21
-80.0611040000000003
0
LINE
8
BLACK
6
CONTINUOUS
10
184.6228729999999985
20
-80.0611040000000003
11
184.5740989999999897
21
-80.134098999999992
0
LINE
8
BLACK
6
CONTINUOUS
10
184.5740989999999897
20
-80.134098999999992
11
184.501103999999998
21
-80.1828730000000007
0
LINE
8
BLACK
6
CONTINUOUS
10
184.501103999999998
20
-80.1828730000000007
11
184.414999999999992
21
-80.2000000000000028
0
LINE
8
BLACK
6
CONTINUOUS
10
184.414999999999992
20
-80.2000000000000028
11
174.8649999999999807
21
-80.2000000000000028
0
LINE
8
BLACK
6
CONTINUOUS
10
174.8649999999999807
20
-80.2000000000000028
11
174.7788960000000031
21
-80.1828730000000007
0
LINE
8
BLACK
6
CONTINUOUS
10
174.7788960000000031
20
-80.1828730000000007
11
174.705900999999983
21
-80.134098999999992
0
LINE
8
BLACK
6
CONTINUOUS
10
174.705900999999983
20
-80.134098999999992
11
174.6571270000000027
21
-80.0611040000000003
0
LINE
8
BLACK
6
CONTINUOUS
10
174.6571270000000027
20
-80.0611040000000003
11
174.6399999999999864
21
-79.9749999999999943
0
LINE
8
BLACK
6
CONTINUOUS
10
174.6399999999999864
20
-79.9749999999999943
11
174.6399999999999864
21
-78.9249999999999972
0
LINE
8
BLACK
6
CONTINUOUS
10
174.6399999999999864
20
-78.9249999999999972
11
174.6571270000000027
21
-78.8388959999999912
0
LINE
8
BLACK
6
CONTINUOUS
10
174.6571270000000027
20
-78.8388959999999912
11
174.705900999999983
21
-78.7659009999999995
0
LINE
8
BLACK
6
CONTINUOUS
10
174.705900999999983
20
-78.7659009999999995
11
174.7788960000000031
21
-78.7171269999999907
0
LINE
8
BLACK
6
CONTINUOUS
10
174.7788960000000031
20
-78.7171269999999907
11
174.8649999999999807
21
-78.7000000000000028
0
LINE
8
BLACK
6
CONTINUOUS
10
174.8649999999999807
20
-78.7000000000000028
11
184.414999999999992
21
-78.7000000000000028
0
LINE
8
BLACK
6
CONTINUOUS
10
184.414999999999992
20
-78.7000000000000028
11
184.501103999999998
21
-78.7171269999999907
0
LINE
8
BLACK
6
CONTINUOUS
10
244.5302279999999939
20
-76.0505539999999911
11
244.6751170000000002
21
-76.1105689999999981
0
LINE
8
BLACK
6
CONTINUOUS
10
244.6751170000000002
20
-76.1105689999999981
11
244.8055149999999855
21
-76.1976980000000026
0
LINE
8
BLACK
6
CONTINUOUS
10
244.8055149999999855
20
-76.1976980000000026
11
244.9164079999999899
21
-76.3085909999999927
0
LINE
8
BLACK
6
CONTINUOUS
10
244.9164079999999899
20
-76.3085909999999927
11
245.0035369999999944
21
-76.4389889999999923
0
LINE
8
BLACK
6
CONTINUOUS
10
245.0035369999999944
20
-76.4389889999999923
11
245.0635519999999872
21
-76.5838779999999986
0
LINE
8
BLACK
6
CONTINUOUS
10
245.0635519999999872
20
-76.5838779999999986
11
245.0941479999999899
21
-76.7376919999999956
0
LINE
8
BLACK
6
CONTINUOUS
10
245.0941479999999899
20
-76.7376919999999956
11
245.0941479999999899
21
-76.89452
0
LINE
8
BLACK
6
CONTINUOUS
10
245.0941479999999899
20
-76.89452
11
245.0635519999999872
21
-77.048333999999997
0
LINE
8
BLACK
6
CONTINUOUS
10
245.0635519999999872
20
-77.048333999999997
11
245.0035369999999944
21
-77.1932230000000033
0
LINE
8
BLACK
6
CONTINUOUS
10
245.0035369999999944
20
-77.1932230000000033
11
244.9164079999999899
21
-77.3236210000000028
0
LINE
8
BLACK
6
CONTINUOUS
10
244.9164079999999899
20
-77.3236210000000028
11
244.8055149999999855
21
-77.434513999999993
0
LINE
8
BLACK
6
CONTINUOUS
10
244.8055149999999855
20
-77.434513999999993
11
244.6751170000000002
21
-77.5216429999999974
0
LINE
8
BLACK
6
CONTINUOUS
10
244.6751170000000002
20
-77.5216429999999974
11
244.6375699999999824
21
-77.537194999999997
0
LINE
8
BLACK
6
CONTINUOUS
10
244.6375699999999824
20
-77.537194999999997
11
242.8144360000000006
21
-79.3603299999999905
0
LINE
8
BLACK
6
CONTINUOUS
10
242.8144360000000006
20
-79.3603299999999905
11
242.7599009999999851
21
-79.4097579999999965
0
LINE
8
BLACK
6
CONTINUOUS
10
242.7599009999999851
20
-79.4097579999999965
11
242.6376539999999977
21
-79.4914409999999947
0
LINE
8
BLACK
6
CONTINUOUS
10
242.6376539999999977
20
-79.4914409999999947
11
242.5829519999999775
21
-79.5140990000000016
0
LINE
8
BLACK
6
CONTINUOUS
10
242.5829519999999775
20
-79.5140990000000016
11
242.5018189999999834
21
-79.5477059999999909
0
LINE
8
BLACK
6
CONTINUOUS
10
242.5018189999999834
20
-79.5477059999999909
11
242.3576189999999997
21
-79.5763889999999918
0
LINE
8
BLACK
6
CONTINUOUS
10
242.3576189999999997
20
-79.5763889999999918
11
242.28410599999998
21
-79.5799999999999983
0
LINE
8
BLACK
6
CONTINUOUS
10
242.28410599999998
20
-79.5799999999999983
11
225.8400000000000034
21
-79.5799999999999983
0
LINE
8
BLACK
6
CONTINUOUS
10
225.8400000000000034
20
-79.5799999999999983
11
221.0649999999999977
21
-79.5799999999999983
0
LINE
8
BLACK
6
CONTINUOUS
10
221.0649999999999977
20
-79.5799999999999983
11
220.9788959999999918
21
-79.5628729999999962
0
LINE
8
BLACK
6
CONTINUOUS
10
220.9788959999999918
20
-79.5628729999999962
11
220.9059010000000001
21
-79.5140990000000016
0
LINE
8
BLACK
6
CONTINUOUS
10
220.9059010000000001
20
-79.5140990000000016
11
220.8571269999999913
21
-79.4411039999999957
0
LINE
8
BLACK
6
CONTINUOUS
10
220.8571269999999913
20
-79.4411039999999957
11
220.8400000000000034
21
-79.3549999999999898
0
LINE
8
BLACK
6
CONTINUOUS
10
220.8400000000000034
20
-79.3549999999999898
11
220.8400000000000034
21
-78.3049999999999926
0
LINE
8
BLACK
6
CONTINUOUS
10
220.8400000000000034
20
-78.3049999999999926
11
220.8571269999999913
21
-78.2188960000000009
0
LINE
8
BLACK
6
CONTINUOUS
10
220.8571269999999913
20
-78.2188960000000009
11
220.9059010000000001
21
-78.145900999999995
0
LINE
8
BLACK
6
CONTINUOUS
10
220.9059010000000001
20
-78.145900999999995
11
220.9788959999999918
21
-78.0971270000000004
0
LINE
8
BLACK
6
CONTINUOUS
10
220.9788959999999918
20
-78.0971270000000004
11
221.0649999999999977
21
-78.0799999999999983
0
LINE
8
BLACK
6
CONTINUOUS
10
221.0649999999999977
20
-78.0799999999999983
11
230.6149999999999807
21
-78.0799999999999983
0
LINE
8
BLACK
6
CONTINUOUS
10
230.6149999999999807
20
-78.0799999999999983
11
241.9734459999999956
21
-78.0799999999999983
0
LINE
8
BLACK
6
CONTINUOUS
10
241.9734459999999956
20
-78.0799999999999983
11
243.576909999999998
21
-76.4765349999999984
0
LINE
8
BLACK
6
CONTINUOUS
10
243.576909999999998
20
-76.4765349999999984
11
243.5924629999999809
21
-76.4389889999999923
0
LINE
8
BLACK
6
CONTINUOUS
10
243.5924629999999809
20
-76.4389889999999923
11
243.6795919999999853
21
-76.3085909999999927
0
LINE
8
BLACK
6
CONTINUOUS
10
243.6795919999999853
20
-76.3085909999999927
11
243.7904849999999897
21
-76.1976980000000026
0
LINE
8
BLACK
6
CONTINUOUS
10
243.7904849999999897
20
-76.1976980000000026
11
243.920882999999975
21
-76.1105689999999981
0
LINE
8
BLACK
6
CONTINUOUS
10
243.920882999999975
20
-76.1105689999999981
11
244.0657719999999813
21
-76.0505539999999911
0
LINE
8
BLACK
6
CONTINUOUS
10
244.0657719999999813
20
-76.0505539999999911
11
244.2195859999999925
21
-76.0199580000000026
0
LINE
8
BLACK
6
CONTINUOUS
10
244.2195859999999925
20
-76.0199580000000026
11
244.3764139999999827
21
-76.0199580000000026
0
LINE
8
BLACK
6
CONTINUOUS
10
244.3764139999999827
20
-76.0199580000000026
11
244.5302279999999939
21
-76.0505539999999911
0
LINE
8
BLACK
6
CONTINUOUS
10
218.6972279999999955
20
-42.2194479999999999
11
218.7347739999999874
21
-42.2349999999999994
0
LINE
8
BLACK
6
CONTINUOUS
10
218.7347739999999874
20
-42.2349999999999994
11
243.2832119999999918
21
-42.2349999999999994
0
LINE
8
BLACK
6
CONTINUOUS
10
243.2832119999999918
20
-42.2349999999999994
11
243.3567249999999831
21
-42.2386109999999988
0
LINE
8
BLACK
6
CONTINUOUS
10
243.3567249999999831
20
-42.2386109999999988
11
243.5009249999999952
21
-42.2672939999999997
0
LINE
8
BLACK
6
CONTINUOUS
10
243.5009249999999952
20
-42.2672939999999997
11
243.5804949999999849
21
-42.3002529999999979
0
LINE
8
BLACK
6
CONTINUOUS
10
243.5804949999999849
20
-42.3002529999999979
11
243.6367599999999811
21
-42.3235589999999959
0
LINE
8
BLACK
6
CONTINUOUS
10
243.6367599999999811
20
-42.3235589999999959
11
243.7011629999999798
21
-42.3665919999999971
0
LINE
8
BLACK
6
CONTINUOUS
10
243.7011629999999798
20
-42.3665919999999971
11
243.7590069999999969
21
-42.4052420000000012
0
LINE
8
BLACK
6
CONTINUOUS
10
243.7590069999999969
20
-42.4052420000000012
11
243.813541999999984
21
-42.4546700000000001
0
LINE
8
BLACK
6
CONTINUOUS
10
243.813541999999984
20
-42.4546700000000001
11
254.0703299999999842
21
-52.7114580000000004
0
LINE
8
BLACK
6
CONTINUOUS
10
254.0703299999999842
20
-52.7114580000000004
11
254.1197579999999903
21
-52.7659929999999946
0
LINE
8
BLACK
6
CONTINUOUS
10
254.1197579999999903
20
-52.7659929999999946
11
254.2014409999999884
21
-52.8882399999999961
0
LINE
8
BLACK
6
CONTINUOUS
10
254.2014409999999884
20
-52.8882399999999961
11
254.2014409999999884
21
-52.8882410000000007
0
LINE
8
BLACK
6
CONTINUOUS
10
254.2014409999999884
20
-52.8882410000000007
11
254.2577059999999847
21
-53.0240749999999963
0
LINE
8
BLACK
6
CONTINUOUS
10
254.2577059999999847
20
-53.0240749999999963
11
254.2863889999999856
21
-53.1682749999999942
0
LINE
8
BLACK
6
CONTINUOUS
10
254.2863889999999856
20
-53.1682749999999942
11
254.289999999999992
21
-53.2417879999999997
0
LINE
8
BLACK
6
CONTINUOUS
10
254.289999999999992
20
-53.2417879999999997
11
254.289999999999992
21
-77.3402260000000012
0
LINE
8
BLACK
6
CONTINUOUS
10
254.289999999999992
20
-77.3402260000000012
11
254.3055519999999774
21
-77.3777719999999931
0
LINE
8
BLACK
6
CONTINUOUS
10
254.3055519999999774
20
-77.3777719999999931
11
254.3361479999999801
21
-77.5315859999999901
0
LINE
8
BLACK
6
CONTINUOUS
10
254.3361479999999801
20
-77.5315859999999901
11
254.3361479999999801
21
-77.6884139999999945
0
LINE
8
BLACK
6
CONTINUOUS
10
254.3361479999999801
20
-77.6884139999999945
11
254.3055519999999774
21
-77.8422279999999915
0
LINE
8
BLACK
6
CONTINUOUS
10
254.3055519999999774
20
-77.8422279999999915
11
254.2455369999999846
21
-77.9871169999999978
0
LINE
8
BLACK
6
CONTINUOUS
10
254.2455369999999846
20
-77.9871169999999978
11
254.1584079999999801
21
-78.1175149999999974
0
LINE
8
BLACK
6
CONTINUOUS
10
254.1584079999999801
20
-78.1175149999999974
11
254.0475149999999758
21
-78.2284080000000017
0
LINE
8
BLACK
6
CONTINUOUS
10
254.0475149999999758
20
-78.2284080000000017
11
253.9171169999999904
21
-78.315536999999992
0
LINE
8
BLACK
6
CONTINUOUS
10
253.9171169999999904
20
-78.315536999999992
11
253.7722279999999841
21
-78.375551999999999
0
LINE
8
BLACK
6
CONTINUOUS
10
253.7722279999999841
20
-78.375551999999999
11
253.6184140000000014
21
-78.4061480000000017
0
LINE
8
BLACK
6
CONTINUOUS
10
253.6184140000000014
20
-78.4061480000000017
11
253.4615859999999827
21
-78.4061480000000017
0
LINE
8
BLACK
6
CONTINUOUS
10
253.4615859999999827
20
-78.4061480000000017
11
253.3077719999999999
21
-78.375551999999999
0
LINE
8
BLACK
6
CONTINUOUS
10
253.3077719999999999
20
-78.375551999999999
11
253.1628829999999937
21
-78.315536999999992
0
LINE
8
BLACK
6
CONTINUOUS
10
253.1628829999999937
20
-78.315536999999992
11
253.0324849999999799
21
-78.2284080000000017
0
LINE
8
BLACK
6
CONTINUOUS
10
253.0324849999999799
20
-78.2284080000000017
11
252.9215919999999755
21
-78.1175149999999974
0
LINE
8
BLACK
6
CONTINUOUS
10
252.9215919999999755
20
-78.1175149999999974
11
252.8344629999999995
21
-77.9871169999999978
0
LINE
8
BLACK
6
CONTINUOUS
10
252.8344629999999995
20
-77.9871169999999978
11
252.7744479999999783
21
-77.8422279999999915
0
LINE
8
BLACK
6
CONTINUOUS
10
252.7744479999999783
20
-77.8422279999999915
11
252.7438519999999755
21
-77.6884139999999945
0
LINE
8
BLACK
6
CONTINUOUS
10
252.7438519999999755
20
-77.6884139999999945
11
252.7438519999999755
21
-77.5315859999999901
0
LINE
8
BLACK
6
CONTINUOUS
10
252.7438519999999755
20
-77.5315859999999901
11
252.7744479999999783
21
-77.3777719999999931
0
LINE
8
BLACK
6
CONTINUOUS
10
252.7744479999999783
20
-77.3777719999999931
11
252.789999999999992
21
-77.3402260000000012
0
LINE
8
BLACK
6
CONTINUOUS
10
252.789999999999992
20
-77.3402260000000012
11
252.789999999999992
21
-53.5524479999999983
0
LINE
8
BLACK
6
CONTINUOUS
10
252.789999999999992
20
-53.5524479999999983
11
242.972551999999979
21
-43.7349999999999994
0
LINE
8
BLACK
6
CONTINUOUS
10
242.972551999999979
20
-43.7349999999999994
11
218.7347739999999874
21
-43.7349999999999994
0
LINE
8
BLACK
6
CONTINUOUS
10
218.7347739999999874
20
-43.7349999999999994
11
218.6972279999999955
21
-43.750551999999999
0
LINE
8
BLACK
6
CONTINUOUS
10
218.6972279999999955
20
-43.750551999999999
11
218.5434139999999843
21
-43.7811479999999946
0
LINE
8
BLACK
6
CONTINUOUS
10
218.5434139999999843
20
-43.7811479999999946
11
218.3865859999999941
21
-43.7811479999999946
0
LINE
8
BLACK
6
CONTINUOUS
10
218.3865859999999941
20
-43.7811479999999946
11
218.2327719999999829
21
-43.750551999999999
0
LINE
8
BLACK
6
CONTINUOUS
10
218.2327719999999829
20
-43.750551999999999
11
218.0878829999999766
21
-43.6905369999999991
0
LINE
8
BLACK
6
CONTINUOUS
10
218.0878829999999766
20
-43.6905369999999991
11
217.9574849999999913
21
-43.6034079999999946
0
LINE
8
BLACK
6
CONTINUOUS
10
217.9574849999999913
20
-43.6034079999999946
11
217.8465919999999869
21
-43.4925149999999974
0
LINE
8
BLACK
6
CONTINUOUS
10
217.8465919999999869
20
-43.4925149999999974
11
217.7594629999999825
21
-43.3621169999999978
0
LINE
8
BLACK
6
CONTINUOUS
10
217.7594629999999825
20
-43.3621169999999978
11
217.6994479999999896
21
-43.2172279999999986
0
LINE
8
BLACK
6
CONTINUOUS
10
217.6994479999999896
20
-43.2172279999999986
11
217.6688519999999869
21
-43.0634139999999945
0
LINE
8
BLACK
6
CONTINUOUS
10
217.6688519999999869
20
-43.0634139999999945
11
217.6688519999999869
21
-42.9065859999999972
0
LINE
8
BLACK
6
CONTINUOUS
10
217.6688519999999869
20
-42.9065859999999972
11
217.6994479999999896
21
-42.7527720000000002
0
LINE
8
BLACK
6
CONTINUOUS
10
217.6994479999999896
20
-42.7527720000000002
11
217.7594629999999825
21
-42.6078830000000011
0
LINE
8
BLACK
6
CONTINUOUS
10
217.7594629999999825
20
-42.6078830000000011
11
217.8465919999999869
21
-42.4774850000000015
0
LINE
8
BLACK
6
CONTINUOUS
10
217.8465919999999869
20
-42.4774850000000015
11
217.9574849999999913
21
-42.3665919999999971
0
LINE
8
BLACK
6
CONTINUOUS
10
217.9574849999999913
20
-42.3665919999999971
11
218.0878829999999766
21
-42.2794629999999998
0
LINE
8
BLACK
6
CONTINUOUS
10
218.0878829999999766
20
-42.2794629999999998
11
218.2327719999999829
21
-42.2194479999999999
0
LINE
8
BLACK
6
CONTINUOUS
10
218.2327719999999829
20
-42.2194479999999999
11
218.3865859999999941
21
-42.1888519999999971
0
LINE
8
BLACK
6
CONTINUOUS
10
218.3865859999999941
20
-42.1888519999999971
11
218.5434139999999843
21
-42.1888519999999971
0
LINE
8
BLACK
6
CONTINUOUS
10
218.5434139999999843
20
-42.1888519999999971
11
218.6972279999999955
21
-42.2194479999999999
0
LINE
8
BLACK
6
CONTINUOUS
10
62.6763339999999971
20
-76.144447999999997
11
62.8212229999999963
21
-76.2044629999999898
0
LINE
8
BLACK
6
CONTINUOUS
10
62.8212229999999963
20
-76.2044629999999898
11
62.9516209999999958
21
-76.2915919999999943
0
LINE
8
BLACK
6
CONTINUOUS
10
62.9516209999999958
20
-76.2915919999999943
11
63.0625140000000002
21
-76.4024849999999986
0
LINE
8
BLACK
6
CONTINUOUS
10
63.0625140000000002
20
-76.4024849999999986
11
63.1496429999999975
21
-76.5328829999999982
0
LINE
8
BLACK
6
CONTINUOUS
10
63.1496429999999975
20
-76.5328829999999982
11
63.2096579999999975
21
-76.6777719999999903
0
LINE
8
BLACK
6
CONTINUOUS
10
63.2096579999999975
20
-76.6777719999999903
11
63.2402540000000002
21
-76.8315860000000015
0
LINE
8
BLACK
6
CONTINUOUS
10
63.2402540000000002
20
-76.8315860000000015
11
63.2402540000000002
21
-76.9884139999999917
0
LINE
8
BLACK
6
CONTINUOUS
10
63.2402540000000002
20
-76.9884139999999917
11
63.2096579999999975
21
-77.1422280000000029
0
LINE
8
BLACK
6
CONTINUOUS
10
63.2096579999999975
20
-77.1422280000000029
11
63.1496429999999975
21
-77.287116999999995
0
LINE
8
BLACK
6
CONTINUOUS
10
63.1496429999999975
20
-77.287116999999995
11
63.0625140000000002
21
-77.4175149999999945
0
LINE
8
BLACK
6
CONTINUOUS
10
63.0625140000000002
20
-77.4175149999999945
11
62.9516209999999958
21
-77.5284079999999989
0
LINE
8
BLACK
6
CONTINUOUS
10
62.9516209999999958
20
-77.5284079999999989
11
62.8212229999999963
21
-77.6155370000000033
0
LINE
8
BLACK
6
CONTINUOUS
10
62.8212229999999963
20
-77.6155370000000033
11
62.6763339999999971
21
-77.6755519999999962
0
LINE
8
BLACK
6
CONTINUOUS
10
62.6763339999999971
20
-77.6755519999999962
11
62.5225200000000001
21
-77.7061479999999989
0
LINE
8
BLACK
6
CONTINUOUS
10
62.5225200000000001
20
-77.7061479999999989
11
62.3656919999999957
21
-77.7061479999999989
0
LINE
8
BLACK
6
CONTINUOUS
10
62.3656919999999957
20
-77.7061479999999989
11
62.2118779999999987
21
-77.6755519999999962
0
LINE
8
BLACK
6
CONTINUOUS
10
62.2118779999999987
20
-77.6755519999999962
11
62.0669889999999995
21
-77.6155370000000033
0
LINE
8
BLACK
6
CONTINUOUS
10
62.0669889999999995
20
-77.6155370000000033
11
61.936591
21
-77.5284079999999989
0
LINE
8
BLACK
6
CONTINUOUS
10
61.936591
20
-77.5284079999999989
11
61.8256979999999956
21
-77.4175149999999945
0
LINE
8
BLACK
6
CONTINUOUS
10
61.8256979999999956
20
-77.4175149999999945
11
61.7385689999999983
21
-77.287116999999995
0
LINE
8
BLACK
6
CONTINUOUS
10
61.7385689999999983
20
-77.287116999999995
11
61.6785539999999983
21
-77.1422280000000029
0
LINE
8
BLACK
6
CONTINUOUS
10
61.6785539999999983
20
-77.1422280000000029
11
61.6479579999999956
21
-76.9884139999999917
0
LINE
8
BLACK
6
CONTINUOUS
10
61.6479579999999956
20
-76.9884139999999917
11
61.6479579999999956
21
-76.8315860000000015
0
LINE
8
BLACK
6
CONTINUOUS
10
61.6479579999999956
20
-76.8315860000000015
11
61.6785539999999983
21
-76.6777719999999903
0
LINE
8
BLACK
6
CONTINUOUS
10
61.6785539999999983
20
-76.6777719999999903
11
61.7385689999999983
21
-76.5328829999999982
0
LINE
8
BLACK
6
CONTINUOUS
10
61.7385689999999983
20
-76.5328829999999982
11
61.8256979999999956
21
-76.4024849999999986
0
LINE
8
BLACK
6
CONTINUOUS
10
61.8256979999999956
20
-76.4024849999999986
11
61.936591
21
-76.2915919999999943
0
LINE
8
BLACK
6
CONTINUOUS
10
61.936591
20
-76.2915919999999943
11
62.0669889999999995
21
-76.2044629999999898
0
LINE
8
BLACK
6
CONTINUOUS
10
62.0669889999999995
20
-76.2044629999999898
11
62.2118779999999987
21
-76.144447999999997
0
LINE
8
BLACK
6
CONTINUOUS
10
62.2118779999999987
20
-76.144447999999997
11
62.3656919999999957
21
-76.1138519999999943
0
LINE
8
BLACK
6
CONTINUOUS
10
62.3656919999999957
20
-76.1138519999999943
11
62.5225200000000001
21
-76.1138519999999943
0
LINE
8
BLACK
6
CONTINUOUS
10
62.5225200000000001
20
-76.1138519999999943
11
62.6763339999999971
21
-76.144447999999997
0
LINE
8
BLACK
6
CONTINUOUS
10
75.6811039999999906
20
-76.1771269999999987
11
75.7540989999999965
21
-76.2259009999999932
0
LINE
8
BLACK
6
CONTINUOUS
10
75.7540989999999965
20
-76.2259009999999932
11
75.8028729999999911
21
-76.2988959999999992
0
LINE
8
BLACK
6
CONTINUOUS
10
75.8028729999999911
20
-76.2988959999999992
11
75.8199999999999932
21
-76.3849999999999909
0
LINE
8
BLACK
6
CONTINUOUS
10
75.8199999999999932
20
-76.3849999999999909
11
75.8199999999999932
21
-77.4350000000000023
0
LINE
8
BLACK
6
CONTINUOUS
10
75.8199999999999932
20
-77.4350000000000023
11
75.8028729999999911
21
-77.521103999999994
0
LINE
8
BLACK
6
CONTINUOUS
10
75.8028729999999911
20
-77.521103999999994
11
75.7540989999999965
21
-77.5940989999999999
0
LINE
8
BLACK
6
CONTINUOUS
10
75.7540989999999965
20
-77.5940989999999999
11
75.6811039999999906
21
-77.6428729999999945
0
LINE
8
BLACK
6
CONTINUOUS
10
75.6811039999999906
20
-77.6428729999999945
11
75.5949999999999989
21
-77.6599999999999966
0
LINE
8
BLACK
6
CONTINUOUS
10
75.5949999999999989
20
-77.6599999999999966
11
66.0450000000000017
21
-77.6599999999999966
0
LINE
8
BLACK
6
CONTINUOUS
10
66.0450000000000017
20
-77.6599999999999966
11
65.9588959999999958
21
-77.6428729999999945
0
LINE
8
BLACK
6
CONTINUOUS
10
65.9588959999999958
20
-77.6428729999999945
11
65.885901000000004
21
-77.5940989999999999
0
LINE
8
BLACK
6
CONTINUOUS
10
65.885901000000004
20
-77.5940989999999999
11
65.8371269999999953
21
-77.521103999999994
0
LINE
8
BLACK
6
CONTINUOUS
10
65.8371269999999953
20
-77.521103999999994
11
65.8199999999999932
21
-77.4350000000000023
0
LINE
8
BLACK
6
CONTINUOUS
10
65.8199999999999932
20
-77.4350000000000023
11
65.8199999999999932
21
-76.3849999999999909
0
LINE
8
BLACK
6
CONTINUOUS
10
65.8199999999999932
20
-76.3849999999999909
11
65.8371269999999953
21
-76.2988959999999992
0
LINE
8
BLACK
6
CONTINUOUS
10
65.8371269999999953
20
-76.2988959999999992
11
65.885901000000004
21
-76.2259009999999932
0
LINE
8
BLACK
6
CONTINUOUS
10
65.885901000000004
20
-76.2259009999999932
11
65.9588959999999958
21
-76.1771269999999987
0
LINE
8
BLACK
6
CONTINUOUS
10
65.9588959999999958
20
-76.1771269999999987
11
66.0450000000000017
21
-76.1599999999999966
0
LINE
8
BLACK
6
CONTINUOUS
10
66.0450000000000017
20
-76.1599999999999966
11
75.5949999999999989
21
-76.1599999999999966
0
LINE
8
BLACK
6
CONTINUOUS
10
75.5949999999999989
20
-76.1599999999999966
11
75.6811039999999906
21
-76.1771269999999987
0
LINE
8
BLACK
6
CONTINUOUS
10
105.6811039999999906
20
-76.1771269999999987
11
105.7540989999999965
21
-76.2259009999999932
0
LINE
8
BLACK
6
CONTINUOUS
10
105.7540989999999965
20
-76.2259009999999932
11
105.8028729999999911
21
-76.2988959999999992
0
LINE
8
BLACK
6
CONTINUOUS
10
105.8028729999999911
20
-76.2988959999999992
11
105.8199999999999932
21
-76.3849999999999909
0
LINE
8
BLACK
6
CONTINUOUS
10
105.8199999999999932
20
-76.3849999999999909
11
105.8199999999999932
21
-77.4350000000000023
0
LINE
8
BLACK
6
CONTINUOUS
10
105.8199999999999932
20
-77.4350000000000023
11
105.8028729999999911
21
-77.521103999999994
0
LINE
8
BLACK
6
CONTINUOUS
10
105.8028729999999911
20
-77.521103999999994
11
105.7540989999999965
21
-77.5940989999999999
0
LINE
8
BLACK
6
CONTINUOUS
10
105.7540989999999965
20
-77.5940989999999999
11
105.6811039999999906
21
-77.6428729999999945
0
LINE
8
BLACK
6
CONTINUOUS
10
105.6811039999999906
20
-77.6428729999999945
11
105.5949999999999989
21
-77.6599999999999966
0
LINE
8
BLACK
6
CONTINUOUS
10
105.5949999999999989
20
-77.6599999999999966
11
96.0450000000000017
21
-77.6599999999999966
0
LINE
8
BLACK
6
CONTINUOUS
10
96.0450000000000017
20
-77.6599999999999966
11
95.9588959999999958
21
-77.6428729999999945
0
LINE
8
BLACK
6
CONTINUOUS
10
95.9588959999999958
20
-77.6428729999999945
11
95.8859009999999898
21
-77.5940989999999999
0
LINE
8
BLACK
6
CONTINUOUS
10
95.8859009999999898
20
-77.5940989999999999
11
95.8371269999999953
21
-77.521103999999994
0
LINE
8
BLACK
6
CONTINUOUS
10
95.8371269999999953
20
-77.521103999999994
11
95.8199999999999932
21
-77.4350000000000023
0
LINE
8
BLACK
6
CONTINUOUS
10
95.8199999999999932
20
-77.4350000000000023
11
95.8199999999999932
21
-76.3849999999999909
0
LINE
8
BLACK
6
CONTINUOUS
10
95.8199999999999932
20
-76.3849999999999909
11
95.8371269999999953
21
-76.2988959999999992
0
LINE
8
BLACK
6
CONTINUOUS
10
95.8371269999999953
20
-76.2988959999999992
11
95.8859009999999898
21
-76.2259009999999932
0
LINE
8
BLACK
6
CONTINUOUS
10
95.8859009999999898
20
-76.2259009999999932
11
95.9588959999999958
21
-76.1771269999999987
0
LINE
8
BLACK
6
CONTINUOUS
10
95.9588959999999958
20
-76.1771269999999987
11
96.0450000000000017
21
-76.1599999999999966
0
LINE
8
BLACK
6
CONTINUOUS
10
96.0450000000000017
20
-76.1599999999999966
11
105.5949999999999989
21
-76.1599999999999966
0
LINE
8
BLACK
6
CONTINUOUS
10
105.5949999999999989
20
-76.1599999999999966
11
105.6811039999999906
21
-76.1771269999999987
0
LINE
8
BLACK
6
CONTINUOUS
10
154.501103999999998
20
-76.1771269999999987
11
154.5740989999999897
21
-76.2259009999999932
0
LINE
8
BLACK
6
CONTINUOUS
10
154.5740989999999897
20
-76.2259009999999932
11
154.6228729999999985
21
-76.2988959999999992
0
LINE
8
BLACK
6
CONTINUOUS
10
154.6228729999999985
20
-76.2988959999999992
11
154.6399999999999864
21
-76.3849999999999909
0
LINE
8
BLACK
6
CONTINUOUS
10
154.6399999999999864
20
-76.3849999999999909
11
154.6399999999999864
21
-77.4350000000000023
0
LINE
8
BLACK
6
CONTINUOUS
10
154.6399999999999864
20
-77.4350000000000023
11
154.6228729999999985
21
-77.521103999999994
0
LINE
8
BLACK
6
CONTINUOUS
10
154.6228729999999985
20
-77.521103999999994
11
154.5740989999999897
21
-77.5940989999999999
0
LINE
8
BLACK
6
CONTINUOUS
10
154.5740989999999897
20
-77.5940989999999999
11
154.501103999999998
21
-77.6428729999999945
0
LINE
8
BLACK
6
CONTINUOUS
10
154.501103999999998
20
-77.6428729999999945
11
154.414999999999992
21
-77.6599999999999966
0
LINE
8
BLACK
6
CONTINUOUS
10
154.414999999999992
20
-77.6599999999999966
11
144.8649999999999807
21
-77.6599999999999966
0
LINE
8
BLACK
6
CONTINUOUS
10
144.8649999999999807
20
-77.6599999999999966
11
144.7788960000000031
21
-77.6428729999999945
0
LINE
8
BLACK
6
CONTINUOUS
10
144.7788960000000031
20
-77.6428729999999945
11
144.705900999999983
21
-77.5940989999999999
0
LINE
8
BLACK
6
CONTINUOUS
10
144.705900999999983
20
-77.5940989999999999
11
144.6571270000000027
21
-77.521103999999994
0
LINE
8
BLACK
6
CONTINUOUS
10
144.6571270000000027
20
-77.521103999999994
11
144.6399999999999864
21
-77.4350000000000023
0
LINE
8
BLACK
6
CONTINUOUS
10
144.6399999999999864
20
-77.4350000000000023
11
144.6399999999999864
21
-76.3849999999999909
0
LINE
8
BLACK
6
CONTINUOUS
10
144.6399999999999864
20
-76.3849999999999909
11
144.6571270000000027
21
-76.2988959999999992
0
LINE
8
BLACK
6
CONTINUOUS
10
144.6571270000000027
20
-76.2988959999999992
11
144.705900999999983
21
-76.2259009999999932
0
LINE
8
BLACK
6
CONTINUOUS
10
144.705900999999983
20
-76.2259009999999932
11
144.7788960000000031
21
-76.1771269999999987
0
LINE
8
BLACK
6
CONTINUOUS
10
144.7788960000000031
20
-76.1771269999999987
11
144.8649999999999807
21
-76.1599999999999966
0
LINE
8
BLACK
6
CONTINUOUS
10
144.8649999999999807
20
-76.1599999999999966
11
154.414999999999992
21
-76.1599999999999966
0
LINE
8
BLACK
6
CONTINUOUS
10
154.414999999999992
20
-76.1599999999999966
11
154.501103999999998
21
-76.1771269999999987
0
LINE
8
BLACK
6
CONTINUOUS
10
184.501103999999998
20
-76.1771269999999987
11
184.5740989999999897
21
-76.2259009999999932
0
LINE
8
BLACK
6
CONTINUOUS
10
184.5740989999999897
20
-76.2259009999999932
11
184.6228729999999985
21
-76.2988959999999992
0
LINE
8
BLACK
6
CONTINUOUS
10
184.6228729999999985
20
-76.2988959999999992
11
184.6399999999999864
21
-76.3849999999999909
0
LINE
8
BLACK
6
CONTINUOUS
10
184.6399999999999864
20
-76.3849999999999909
11
184.6399999999999864
21
-77.4350000000000023
0
LINE
8
BLACK
6
CONTINUOUS
10
184.6399999999999864
20
-77.4350000000000023
11
184.6228729999999985
21
-77.521103999999994
0
LINE
8
BLACK
6
CONTINUOUS
10
184.6228729999999985
20
-77.521103999999994
11
184.5740989999999897
21
-77.5940989999999999
0
LINE
8
BLACK
6
CONTINUOUS
10
184.5740989999999897
20
-77.5940989999999999
11
184.501103999999998
21
-77.6428729999999945
0
LINE
8
BLACK
6
CONTINUOUS
10
184.501103999999998
20
-77.6428729999999945
11
184.414999999999992
21
-77.6599999999999966
0
LINE
8
BLACK
6
CONTINUOUS
10
184.414999999999992
20
-77.6599999999999966
11
174.8649999999999807
21
-77.6599999999999966
0
LINE
8
BLACK
6
CONTINUOUS
10
174.8649999999999807
20
-77.6599999999999966
11
174.7788960000000031
21
-77.6428729999999945
0
LINE
8
BLACK
6
CONTINUOUS
10
174.7788960000000031
20
-77.6428729999999945
11
174.705900999999983
21
-77.5940989999999999
0
LINE
8
BLACK
6
CONTINUOUS
10
174.705900999999983
20
-77.5940989999999999
11
174.6571270000000027
21
-77.521103999999994
0
LINE
8
BLACK
6
CONTINUOUS
10
174.6571270000000027
20
-77.521103999999994
11
174.6399999999999864
21
-77.4350000000000023
0
LINE
8
BLACK
6
CONTINUOUS
10
174.6399999999999864
20
-77.4350000000000023
11
174.6399999999999864
21
-76.3849999999999909
0
LINE
8
BLACK
6
CONTINUOUS
10
174.6399999999999864
20
-76.3849999999999909
11
174.6571270000000027
21
-76.2988959999999992
0
LINE
8
BLACK
6
CONTINUOUS
10
174.6571270000000027
20
-76.2988959999999992
11
174.705900999999983
21
-76.2259009999999932
0
LINE
8
BLACK
6
CONTINUOUS
10
174.705900999999983
20
-76.2259009999999932
11
174.7788960000000031
21
-76.1771269999999987
0
LINE
8
BLACK
6
CONTINUOUS
10
174.7788960000000031
20
-76.1771269999999987
11
174.8649999999999807
21
-76.1599999999999966
0
LINE
8
BLACK
6
CONTINUOUS
10
174.8649999999999807
20
-76.1599999999999966
11
184.414999999999992
21
-76.1599999999999966
0
LINE
8
BLACK
6
CONTINUOUS
10
184.414999999999992
20
-76.1599999999999966
11
184.501103999999998
21
-76.1771269999999987
0
LINE
8
BLACK
6
CONTINUOUS
10
219.0822279999999864
20
-44.5204479999999947
11
219.1197739999999783
21
-44.5360000000000014
0
LINE
8
BLACK
6
CONTINUOUS
10
219.1197739999999783
20
-44.5360000000000014
11
242.3301060000000007
21
-44.5360000000000014
0
LINE
8
BLACK
6
CONTINUOUS
10
242.3301060000000007
20
-44.5360000000000014
11
242.403618999999992
21
-44.5396110000000007
0
LINE
8
BLACK
6
CONTINUOUS
10
242.403618999999992
20
-44.5396110000000007
11
242.5478189999999756
21
-44.5682939999999945
0
LINE
8
BLACK
6
CONTINUOUS
10
242.5478189999999756
20
-44.5682939999999945
11
242.6273889999999938
21
-44.6012529999999998
0
LINE
8
BLACK
6
CONTINUOUS
10
242.6273889999999938
20
-44.6012529999999998
11
242.68365399999999
21
-44.6245589999999979
0
LINE
8
BLACK
6
CONTINUOUS
10
242.68365399999999
20
-44.6245589999999979
11
242.7480569999999886
21
-44.6675919999999991
0
LINE
8
BLACK
6
CONTINUOUS
10
242.7480569999999886
20
-44.6675919999999991
11
242.8059009999999773
21
-44.706241999999996
0
LINE
8
BLACK
6
CONTINUOUS
10
242.8059009999999773
20
-44.706241999999996
11
242.8604359999999929
21
-44.755669999999995
0
LINE
8
BLACK
6
CONTINUOUS
10
242.8604359999999929
20
-44.755669999999995
11
251.7313299999999856
21
-53.6265639999999948
0
LINE
8
BLACK
6
CONTINUOUS
10
251.7313299999999856
20
-53.6265639999999948
11
251.7807589999999891
21
-53.6810989999999961
0
LINE
8
BLACK
6
CONTINUOUS
10
251.7807589999999891
20
-53.6810989999999961
11
251.8051359999999761
21
-53.7175829999999976
0
LINE
8
BLACK
6
CONTINUOUS
10
251.8051359999999761
20
-53.7175829999999976
11
251.8624409999999898
21
-53.8033459999999977
0
LINE
8
BLACK
6
CONTINUOUS
10
251.8624409999999898
20
-53.8033459999999977
11
251.8857459999999833
21
-53.859611000000001
0
LINE
8
BLACK
6
CONTINUOUS
10
251.8857459999999833
20
-53.859611000000001
11
251.918705999999986
21
-53.9391809999999978
0
LINE
8
BLACK
6
CONTINUOUS
10
251.918705999999986
20
-53.9391809999999978
11
251.9473889999999869
21
-54.0833809999999957
0
LINE
8
BLACK
6
CONTINUOUS
10
251.9473889999999869
20
-54.0833809999999957
11
251.9509999999999934
21
-54.1568939999999941
0
LINE
8
BLACK
6
CONTINUOUS
10
251.9509999999999934
20
-54.1568939999999941
11
251.9509999999999934
21
-76.3992259999999987
0
LINE
8
BLACK
6
CONTINUOUS
10
251.9509999999999934
20
-76.3992259999999987
11
251.9665519999999788
21
-76.4367719999999906
0
LINE
8
BLACK
6
CONTINUOUS
10
251.9665519999999788
20
-76.4367719999999906
11
251.9971479999999815
21
-76.5905860000000018
0
LINE
8
BLACK
6
CONTINUOUS
10
251.9971479999999815
20
-76.5905860000000018
11
251.9971479999999815
21
-76.747413999999992
0
LINE
8
BLACK
6
CONTINUOUS
10
251.9971479999999815
20
-76.747413999999992
11
251.9665519999999788
21
-76.9012280000000032
0
LINE
8
BLACK
6
CONTINUOUS
10
251.9665519999999788
20
-76.9012280000000032
11
251.9065369999999859
21
-77.0461169999999953
0
LINE
8
BLACK
6
CONTINUOUS
10
251.9065369999999859
20
-77.0461169999999953
11
251.8194079999999815
21
-77.1765149999999949
0
LINE
8
BLACK
6
CONTINUOUS
10
251.8194079999999815
20
-77.1765149999999949
11
251.7085149999999771
21
-77.2874079999999992
0
LINE
8
BLACK
6
CONTINUOUS
10
251.7085149999999771
20
-77.2874079999999992
11
251.5781169999999918
21
-77.3745369999999895
0
LINE
8
BLACK
6
CONTINUOUS
10
251.5781169999999918
20
-77.3745369999999895
11
251.4332279999999855
21
-77.4345519999999965
0
LINE
8
BLACK
6
CONTINUOUS
10
251.4332279999999855
20
-77.4345519999999965
11
251.2794140000000027
21
-77.4651479999999992
0
LINE
8
BLACK
6
CONTINUOUS
10
251.2794140000000027
20
-77.4651479999999992
11
251.1225859999999841
21
-77.4651479999999992
0
LINE
8
BLACK
6
CONTINUOUS
10
251.1225859999999841
20
-77.4651479999999992
11
250.9687720000000013
21
-77.4345519999999965
0
LINE
8
BLACK
6
CONTINUOUS
10
250.9687720000000013
20
-77.4345519999999965
11
250.823882999999995
21
-77.3745369999999895
0
LINE
8
BLACK
6
CONTINUOUS
10
250.823882999999995
20
-77.3745369999999895
11
250.6934849999999813
21
-77.2874079999999992
0
LINE
8
BLACK
6
CONTINUOUS
10
250.6934849999999813
20
-77.2874079999999992
11
250.5825919999999769
21
-77.1765149999999949
0
LINE
8
BLACK
6
CONTINUOUS
10
250.5825919999999769
20
-77.1765149999999949
11
250.4954630000000009
21
-77.0461169999999953
0
LINE
8
BLACK
6
CONTINUOUS
10
250.4954630000000009
20
-77.0461169999999953
11
250.4354479999999796
21
-76.9012280000000032
0
LINE
8
BLACK
6
CONTINUOUS
10
250.4354479999999796
20
-76.9012280000000032
11
250.4048519999999769
21
-76.747413999999992
0
LINE
8
BLACK
6
CONTINUOUS
10
250.4048519999999769
20
-76.747413999999992
11
250.4048519999999769
21
-76.5905860000000018
0
LINE
8
BLACK
6
CONTINUOUS
10
250.4048519999999769
20
-76.5905860000000018
11
250.4354479999999796
21
-76.4367719999999906
0
LINE
8
BLACK
6
CONTINUOUS
10
250.4354479999999796
20
-76.4367719999999906
11
250.4509999999999934
21
-76.3992259999999987
0
LINE
8
BLACK
6
CONTINUOUS
10
250.4509999999999934
20
-76.3992259999999987
11
250.4509999999999934
21
-54.4675539999999998
0
LINE
8
BLACK
6
CONTINUOUS
10
250.4509999999999934
20
-54.4675539999999998
11
242.0194459999999879
21
-46.0360000000000014
0
LINE
8
BLACK
6
CONTINUOUS
10
242.0194459999999879
20
-46.0360000000000014
11
219.1197739999999783
21
-46.0360000000000014
0
LINE
8
BLACK
6
CONTINUOUS
10
219.1197739999999783
20
-46.0360000000000014
11
219.0822279999999864
21
-46.0515520000000009
0
LINE
8
BLACK
6
CONTINUOUS
10
219.0822279999999864
20
-46.0515520000000009
11
218.9284140000000036
21
-46.0821479999999966
0
LINE
8
BLACK
6
CONTINUOUS
10
218.9284140000000036
20
-46.0821479999999966
11
218.771585999999985
21
-46.0821479999999966
0
LINE
8
BLACK
6
CONTINUOUS
10
218.771585999999985
20
-46.0821479999999966
11
218.6177720000000022
21
-46.0515520000000009
0
LINE
8
BLACK
6
CONTINUOUS
10
218.6177720000000022
20
-46.0515520000000009
11
218.4728829999999959
21
-45.991537000000001
0
LINE
8
BLACK
6
CONTINUOUS
10
218.4728829999999959
20
-45.991537000000001
11
218.3424849999999822
21
-45.9044079999999965
0
LINE
8
BLACK
6
CONTINUOUS
10
218.3424849999999822
20
-45.9044079999999965
11
218.2315919999999778
21
-45.7935149999999993
0
LINE
8
BLACK
6
CONTINUOUS
10
218.2315919999999778
20
-45.7935149999999993
11
218.1444630000000018
21
-45.6631169999999997
0
LINE
8
BLACK
6
CONTINUOUS
10
218.1444630000000018
20
-45.6631169999999997
11
218.0844479999999805
21
-45.5182280000000006
0
LINE
8
BLACK
6
CONTINUOUS
10
218.0844479999999805
20
-45.5182280000000006
11
218.0538519999999778
21
-45.3644139999999965
0
LINE
8
BLACK
6
CONTINUOUS
10
218.0538519999999778
20
-45.3644139999999965
11
218.0538519999999778
21
-45.2075859999999992
0
LINE
8
BLACK
6
CONTINUOUS
10
218.0538519999999778
20
-45.2075859999999992
11
218.0844479999999805
21
-45.053771999999995
0
LINE
8
BLACK
6
CONTINUOUS
10
218.0844479999999805
20
-45.053771999999995
11
218.1444630000000018
21
-44.9088829999999959
0
LINE
8
BLACK
6
CONTINUOUS
10
218.1444630000000018
20
-44.9088829999999959
11
218.2315919999999778
21
-44.7784849999999963
0
LINE
8
BLACK
6
CONTINUOUS
10
218.2315919999999778
20
-44.7784849999999963
11
218.3424849999999822
21
-44.6675919999999991
0
LINE
8
BLACK
6
CONTINUOUS
10
218.3424849999999822
20
-44.6675919999999991
11
218.4728829999999959
21
-44.5804629999999946
0
LINE
8
BLACK
6
CONTINUOUS
10
218.4728829999999959
20
-44.5804629999999946
11
218.6177720000000022
21
-44.5204479999999947
0
LINE
8
BLACK
6
CONTINUOUS
10
218.6177720000000022
20
-44.5204479999999947
11
218.771585999999985
21
-44.4898519999999991
0
LINE
8
BLACK
6
CONTINUOUS
10
218.771585999999985
20
-44.4898519999999991
11
218.9284140000000036
21
-44.4898519999999991
0
LINE
8
BLACK
6
CONTINUOUS
10
218.9284140000000036
20
-44.4898519999999991
11
219.0822279999999864
21
-44.5204479999999947
0
LINE
8
BLACK
6
CONTINUOUS
10
239.703015999999991
20
-51.4234480000000005
11
239.8479049999999972
21
-51.4834630000000004
0
LINE
8
BLACK
6
CONTINUOUS
10
239.8479049999999972
20
-51.4834630000000004
11
239.9783029999999826
21
-51.5705919999999978
0
LINE
8
BLACK
6
CONTINUOUS
10
239.9783029999999826
20
-51.5705919999999978
11
240.089195999999987
21
-51.681484999999995
0
LINE
8
BLACK
6
CONTINUOUS
10
240.089195999999987
20
-51.681484999999995
11
240.1763249999999914
21
-51.8118829999999946
0
LINE
8
BLACK
6
CONTINUOUS
10
240.1763249999999914
20
-51.8118829999999946
11
240.1918769999999768
21
-51.8494290000000007
0
LINE
8
BLACK
6
CONTINUOUS
10
240.1918769999999768
20
-51.8494290000000007
11
244.828329999999994
21
-56.4858819999999966
0
LINE
8
BLACK
6
CONTINUOUS
10
244.828329999999994
20
-56.4858819999999966
11
244.877758
21
-56.5404169999999979
0
LINE
8
BLACK
6
CONTINUOUS
10
244.877758
20
-56.5404169999999979
11
244.9594409999999982
21
-56.6626639999999995
0
LINE
8
BLACK
6
CONTINUOUS
10
244.9594409999999982
20
-56.6626639999999995
11
244.9594409999999982
21
-56.662664999999997
0
LINE
8
BLACK
6
CONTINUOUS
10
244.9594409999999982
20
-56.662664999999997
11
245.0157059999999944
21
-56.7984989999999996
0
LINE
8
BLACK
6
CONTINUOUS
10
245.0157059999999944
20
-56.7984989999999996
11
245.0443889999999953
21
-56.9426989999999975
0
LINE
8
BLACK
6
CONTINUOUS
10
245.0443889999999953
20
-56.9426989999999975
11
245.0480000000000018
21
-57.0162119999999959
0
LINE
8
BLACK
6
CONTINUOUS
10
245.0480000000000018
20
-57.0162119999999959
11
245.0480000000000018
21
-73.5619999999999976
0
LINE
8
BLACK
6
CONTINUOUS
10
245.0480000000000018
20
-73.5619999999999976
11
245.0443889999999953
21
-73.6355130000000031
0
LINE
8
BLACK
6
CONTINUOUS
10
245.0443889999999953
20
-73.6355130000000031
11
245.0157059999999944
21
-73.779713000000001
0
LINE
8
BLACK
6
CONTINUOUS
10
245.0157059999999944
20
-73.779713000000001
11
244.9900769999999852
21
-73.8415859999999924
0
LINE
8
BLACK
6
CONTINUOUS
10
244.9900769999999852
20
-73.8415859999999924
11
244.9594409999999982
21
-73.9155480000000011
0
LINE
8
BLACK
6
CONTINUOUS
10
244.9594409999999982
20
-73.9155480000000011
11
244.9271650000000022
21
-73.9638520000000028
0
LINE
8
BLACK
6
CONTINUOUS
10
244.9271650000000022
20
-73.9638520000000028
11
244.8777589999999975
21
-74.0377950000000027
0
LINE
8
BLACK
6
CONTINUOUS
10
244.8777589999999975
20
-74.0377950000000027
11
244.828329999999994
21
-74.0923299999999898
0
LINE
8
BLACK
6
CONTINUOUS
10
244.828329999999994
20
-74.0923299999999898
11
242.1003299999999854
21
-76.8203299999999984
0
LINE
8
BLACK
6
CONTINUOUS
10
242.1003299999999854
20
-76.8203299999999984
11
242.0457949999999983
21
-76.8697579999999903
0
LINE
8
BLACK
6
CONTINUOUS
10
242.0457949999999983
20
-76.8697579999999903
11
241.9235479999999825
21
-76.9514410000000026
0
LINE
8
BLACK
6
CONTINUOUS
10
241.9235479999999825
20
-76.9514410000000026
11
241.8688459999999907
21
-76.9740989999999954
0
LINE
8
BLACK
6
CONTINUOUS
10
241.8688459999999907
20
-76.9740989999999954
11
241.7877129999999966
21
-77.0077059999999989
0
LINE
8
BLACK
6
CONTINUOUS
10
241.7877129999999966
20
-77.0077059999999989
11
241.6435129999999845
21
-77.0363889999999998
0
LINE
8
BLACK
6
CONTINUOUS
10
241.6435129999999845
20
-77.0363889999999998
11
241.5699999999999932
21
-77.039999999999992
0
LINE
8
BLACK
6
CONTINUOUS
10
241.5699999999999932
20
-77.039999999999992
11
225.8400000000000034
21
-77.039999999999992
0
LINE
8
BLACK
6
CONTINUOUS
10
225.8400000000000034
20
-77.039999999999992
11
221.0649999999999977
21
-77.039999999999992
0
LINE
8
BLACK
6
CONTINUOUS
10
221.0649999999999977
20
-77.039999999999992
11
220.9788959999999918
21
-77.0228729999999899
0
LINE
8
BLACK
6
CONTINUOUS
10
220.9788959999999918
20
-77.0228729999999899
11
220.9059010000000001
21
-76.9740989999999954
0
LINE
8
BLACK
6
CONTINUOUS
10
220.9059010000000001
20
-76.9740989999999954
11
220.8571269999999913
21
-76.9011039999999895
0
LINE
8
BLACK
6
CONTINUOUS
10
220.8571269999999913
20
-76.9011039999999895
11
220.8400000000000034
21
-76.8149999999999977
0
LINE
8
BLACK
6
CONTINUOUS
10
220.8400000000000034
20
-76.8149999999999977
11
220.8400000000000034
21
-75.7650000000000006
0
LINE
8
BLACK
6
CONTINUOUS
10
220.8400000000000034
20
-75.7650000000000006
11
220.8571269999999913
21
-75.6788959999999946
0
LINE
8
BLACK
6
CONTINUOUS
10
220.8571269999999913
20
-75.6788959999999946
11
220.9059010000000001
21
-75.6059010000000029
0
LINE
8
BLACK
6
CONTINUOUS
10
220.9059010000000001
20
-75.6059010000000029
11
220.9788959999999918
21
-75.5571269999999942
0
LINE
8
BLACK
6
CONTINUOUS
10
220.9788959999999918
20
-75.5571269999999942
11
221.0649999999999977
21
-75.539999999999992
0
LINE
8
BLACK
6
CONTINUOUS
10
221.0649999999999977
20
-75.539999999999992
11
230.6149999999999807
21
-75.539999999999992
0
LINE
8
BLACK
6
CONTINUOUS
10
230.6149999999999807
20
-75.539999999999992
11
241.2593399999999804
21
-75.539999999999992
0
LINE
8
BLACK
6
CONTINUOUS
10
241.2593399999999804
20
-75.539999999999992
11
243.5480000000000018
21
-73.251339999999999
0
LINE
8
BLACK
6
CONTINUOUS
10
243.5480000000000018
20
-73.251339999999999
11
243.5480000000000018
21
-57.3268719999999945
0
LINE
8
BLACK
6
CONTINUOUS
10
243.5480000000000018
20
-57.3268719999999945
11
239.1312169999999924
21
-52.9100889999999993
0
LINE
8
BLACK
6
CONTINUOUS
10
239.1312169999999924
20
-52.9100889999999993
11
239.0936710000000005
21
-52.8945369999999997
0
LINE
8
BLACK
6
CONTINUOUS
10
239.0936710000000005
20
-52.8945369999999997
11
238.9632729999999867
21
-52.8074079999999952
0
LINE
8
BLACK
6
CONTINUOUS
10
238.9632729999999867
20
-52.8074079999999952
11
238.8523799999999824
21
-52.696514999999998
0
LINE
8
BLACK
6
CONTINUOUS
10
238.8523799999999824
20
-52.696514999999998
11
238.7652509999999779
21
-52.5661169999999984
0
LINE
8
BLACK
6
CONTINUOUS
10
238.7652509999999779
20
-52.5661169999999984
11
238.7052359999999851
21
-52.4212279999999993
0
LINE
8
BLACK
6
CONTINUOUS
10
238.7052359999999851
20
-52.4212279999999993
11
238.6746399999999824
21
-52.2674139999999952
0
LINE
8
BLACK
6
CONTINUOUS
10
238.6746399999999824
20
-52.2674139999999952
11
238.6746399999999824
21
-52.1105859999999979
0
LINE
8
BLACK
6
CONTINUOUS
10
238.6746399999999824
20
-52.1105859999999979
11
238.7052359999999851
21
-51.9567720000000008
0
LINE
8
BLACK
6
CONTINUOUS
10
238.7052359999999851
20
-51.9567720000000008
11
238.7652509999999779
21
-51.8118829999999946
0
LINE
8
BLACK
6
CONTINUOUS
10
238.7652509999999779
20
-51.8118829999999946
11
238.8523799999999824
21
-51.681484999999995
0
LINE
8
BLACK
6
CONTINUOUS
10
238.8523799999999824
20
-51.681484999999995
11
238.9632729999999867
21
-51.5705919999999978
0
LINE
8
BLACK
6
CONTINUOUS
10
238.9632729999999867
20
-51.5705919999999978
11
239.0936710000000005
21
-51.4834630000000004
0
LINE
8
BLACK
6
CONTINUOUS
10
239.0936710000000005
20
-51.4834630000000004
11
239.2385599999999783
21
-51.4234480000000005
0
LINE
8
BLACK
6
CONTINUOUS
10
239.2385599999999783
20
-51.4234480000000005
11
239.3923739999999896
21
-51.3928519999999978
0
LINE
8
BLACK
6
CONTINUOUS
10
239.3923739999999896
20
-51.3928519999999978
11
239.5492019999999798
21
-51.3928519999999978
0
LINE
8
BLACK
6
CONTINUOUS
10
239.5492019999999798
20
-51.3928519999999978
11
239.703015999999991
21
-51.4234480000000005
0
LINE
8
BLACK
6
CONTINUOUS
10
47.6422279999999958
20
-73.9944479999999913
11
47.787116999999995
21
-74.0544629999999984
0
LINE
8
BLACK
6
CONTINUOUS
10
47.787116999999995
20
-74.0544629999999984
11
47.9175149999999945
21
-74.1415920000000028
0
LINE
8
BLACK
6
CONTINUOUS
10
47.9175149999999945
20
-74.1415920000000028
11
48.0284079999999989
21
-74.252484999999993
0
LINE
8
BLACK
6
CONTINUOUS
10
48.0284079999999989
20
-74.252484999999993
11
48.1155369999999962
21
-74.3828829999999925
0
LINE
8
BLACK
6
CONTINUOUS
10
48.1155369999999962
20
-74.3828829999999925
11
48.1755519999999962
21
-74.5277719999999988
0
LINE
8
BLACK
6
CONTINUOUS
10
48.1755519999999962
20
-74.5277719999999988
11
48.2061479999999989
21
-74.6815859999999958
0
LINE
8
BLACK
6
CONTINUOUS
10
48.2061479999999989
20
-74.6815859999999958
11
48.2061479999999989
21
-74.8384140000000002
0
LINE
8
BLACK
6
CONTINUOUS
10
48.2061479999999989
20
-74.8384140000000002
11
48.1755519999999962
21
-74.9922279999999972
0
LINE
8
BLACK
6
CONTINUOUS
10
48.1755519999999962
20
-74.9922279999999972
11
48.1155369999999962
21
-75.1371170000000035
0
LINE
8
BLACK
6
CONTINUOUS
10
48.1155369999999962
20
-75.1371170000000035
11
48.0284079999999989
21
-75.2675150000000031
0
LINE
8
BLACK
6
CONTINUOUS
10
48.0284079999999989
20
-75.2675150000000031
11
47.9175149999999945
21
-75.3784079999999932
0
LINE
8
BLACK
6
CONTINUOUS
10
47.9175149999999945
20
-75.3784079999999932
11
47.787116999999995
21
-75.4655369999999976
0
LINE
8
BLACK
6
CONTINUOUS
10
47.787116999999995
20
-75.4655369999999976
11
47.6422279999999958
21
-75.5255519999999905
0
LINE
8
BLACK
6
CONTINUOUS
10
47.6422279999999958
20
-75.5255519999999905
11
47.4884139999999988
21
-75.5561479999999932
0
LINE
8
BLACK
6
CONTINUOUS
10
47.4884139999999988
20
-75.5561479999999932
11
47.3315859999999944
21
-75.5561479999999932
0
LINE
8
BLACK
6
CONTINUOUS
10
47.3315859999999944
20
-75.5561479999999932
11
47.1777719999999974
21
-75.5255519999999905
0
LINE
8
BLACK
6
CONTINUOUS
10
47.1777719999999974
20
-75.5255519999999905
11
47.0328829999999982
21
-75.4655369999999976
0
LINE
8
BLACK
6
CONTINUOUS
10
47.0328829999999982
20
-75.4655369999999976
11
46.9024849999999986
21
-75.3784079999999932
0
LINE
8
BLACK
6
CONTINUOUS
10
46.9024849999999986
20
-75.3784079999999932
11
46.7915920000000014
21
-75.2675150000000031
0
LINE
8
BLACK
6
CONTINUOUS
10
46.7915920000000014
20
-75.2675150000000031
11
46.704462999999997
21
-75.1371170000000035
0
LINE
8
BLACK
6
CONTINUOUS
10
46.704462999999997
20
-75.1371170000000035
11
46.644447999999997
21
-74.9922279999999972
0
LINE
8
BLACK
6
CONTINUOUS
10
46.644447999999997
20
-74.9922279999999972
11
46.6138520000000014
21
-74.8384140000000002
0
LINE
8
BLACK
6
CONTINUOUS
10
46.6138520000000014
20
-74.8384140000000002
11
46.6138520000000014
21
-74.6815859999999958
0
LINE
8
BLACK
6
CONTINUOUS
10
46.6138520000000014
20
-74.6815859999999958
11
46.644447999999997
21
-74.5277719999999988
0
LINE
8
BLACK
6
CONTINUOUS
10
46.644447999999997
20
-74.5277719999999988
11
46.704462999999997
21
-74.3828829999999925
0
LINE
8
BLACK
6
CONTINUOUS
10
46.704462999999997
20
-74.3828829999999925
11
46.7915920000000014
21
-74.252484999999993
0
LINE
8
BLACK
6
CONTINUOUS
10
46.7915920000000014
20
-74.252484999999993
11
46.9024849999999986
21
-74.1415920000000028
0
LINE
8
BLACK
6
CONTINUOUS
10
46.9024849999999986
20
-74.1415920000000028
11
47.0328829999999982
21
-74.0544629999999984
0
LINE
8
BLACK
6
CONTINUOUS
10
47.0328829999999982
20
-74.0544629999999984
11
47.1777719999999974
21
-73.9944479999999913
0
LINE
8
BLACK
6
CONTINUOUS
10
47.1777719999999974
20
-73.9944479999999913
11
47.3315859999999944
21
-73.9638520000000028
0
LINE
8
BLACK
6
CONTINUOUS
10
47.3315859999999944
20
-73.9638520000000028
11
47.4884139999999988
21
-73.9638520000000028
0
LINE
8
BLACK
6
CONTINUOUS
10
47.4884139999999988
20
-73.9638520000000028
11
47.6422279999999958
21
-73.9944479999999913
0
LINE
8
BLACK
6
CONTINUOUS
10
75.6811039999999906
20
-73.6371269999999924
11
75.7540989999999965
21
-73.6859010000000012
0
LINE
8
BLACK
6
CONTINUOUS
10
75.7540989999999965
20
-73.6859010000000012
11
75.8028729999999911
21
-73.7588959999999929
0
LINE
8
BLACK
6
CONTINUOUS
10
75.8028729999999911
20
-73.7588959999999929
11
75.8199999999999932
21
-73.8449999999999989
0
LINE
8
BLACK
6
CONTINUOUS
10
75.8199999999999932
20
-73.8449999999999989
11
75.8199999999999932
21
-74.894999999999996
0
LINE
8
BLACK
6
CONTINUOUS
10
75.8199999999999932
20
-74.894999999999996
11
75.8028729999999911
21
-74.981104000000002
0
LINE
8
BLACK
6
CONTINUOUS
10
75.8028729999999911
20
-74.981104000000002
11
75.7540989999999965
21
-75.0540989999999937
0
LINE
8
BLACK
6
CONTINUOUS
10
75.7540989999999965
20
-75.0540989999999937
11
75.6811039999999906
21
-75.1028730000000024
0
LINE
8
BLACK
6
CONTINUOUS
10
75.6811039999999906
20
-75.1028730000000024
11
75.5949999999999989
21
-75.1199999999999903
0
LINE
8
BLACK
6
CONTINUOUS
10
75.5949999999999989
20
-75.1199999999999903
11
66.0450000000000017
21
-75.1199999999999903
0
LINE
8
BLACK
6
CONTINUOUS
10
66.0450000000000017
20
-75.1199999999999903
11
65.9588959999999958
21
-75.1028730000000024
0
LINE
8
BLACK
6
CONTINUOUS
10
65.9588959999999958
20
-75.1028730000000024
11
65.885901000000004
21
-75.0540989999999937
0
LINE
8
BLACK
6
CONTINUOUS
10
65.885901000000004
20
-75.0540989999999937
11
65.8371269999999953
21
-74.981104000000002
0
LINE
8
BLACK
6
CONTINUOUS
10
65.8371269999999953
20
-74.981104000000002
11
65.8199999999999932
21
-74.894999999999996
0
LINE
8
BLACK
6
CONTINUOUS
10
65.8199999999999932
20
-74.894999999999996
11
65.8199999999999932
21
-73.8449999999999989
0
LINE
8
BLACK
6
CONTINUOUS
10
65.8199999999999932
20
-73.8449999999999989
11
65.8371269999999953
21
-73.7588959999999929
0
LINE
8
BLACK
6
CONTINUOUS
10
65.8371269999999953
20
-73.7588959999999929
11
65.885901000000004
21
-73.6859010000000012
0
LINE
8
BLACK
6
CONTINUOUS
10
65.885901000000004
20
-73.6859010000000012
11
65.9588959999999958
21
-73.6371269999999924
0
LINE
8
BLACK
6
CONTINUOUS
10
65.9588959999999958
20
-73.6371269999999924
11
66.0450000000000017
21
-73.6199999999999903
0
LINE
8
BLACK
6
CONTINUOUS
10
66.0450000000000017
20
-73.6199999999999903
11
75.5949999999999989
21
-73.6199999999999903
0
LINE
8
BLACK
6
CONTINUOUS
10
75.5949999999999989
20
-73.6199999999999903
11
75.6811039999999906
21
-73.6371269999999924
0
LINE
8
BLACK
6
CONTINUOUS
10
105.6811039999999906
20
-73.6371269999999924
11
105.7540989999999965
21
-73.6859010000000012
0
LINE
8
BLACK
6
CONTINUOUS
10
105.7540989999999965
20
-73.6859010000000012
11
105.8028729999999911
21
-73.7588959999999929
0
LINE
8
BLACK
6
CONTINUOUS
10
105.8028729999999911
20
-73.7588959999999929
11
105.8199999999999932
21
-73.8449999999999989
0
LINE
8
BLACK
6
CONTINUOUS
10
105.8199999999999932
20
-73.8449999999999989
11
105.8199999999999932
21
-74.894999999999996
0
LINE
8
BLACK
6
CONTINUOUS
10
105.8199999999999932
20
-74.894999999999996
11
105.8028729999999911
21
-74.981104000000002
0
LINE
8
BLACK
6
CONTINUOUS
10
105.8028729999999911
20
-74.981104000000002
11
105.7540989999999965
21
-75.0540989999999937
0
LINE
8
BLACK
6
CONTINUOUS
10
105.7540989999999965
20
-75.0540989999999937
11
105.6811039999999906
21
-75.1028730000000024
0
LINE
8
BLACK
6
CONTINUOUS
10
105.6811039999999906
20
-75.1028730000000024
11
105.5949999999999989
21
-75.1199999999999903
0
LINE
8
BLACK
6
CONTINUOUS
10
105.5949999999999989
20
-75.1199999999999903
11
96.0450000000000017
21
-75.1199999999999903
0
LINE
8
BLACK
6
CONTINUOUS
10
96.0450000000000017
20
-75.1199999999999903
11
95.9588959999999958
21
-75.1028730000000024
0
LINE
8
BLACK
6
CONTINUOUS
10
95.9588959999999958
20
-75.1028730000000024
11
95.8859009999999898
21
-75.0540989999999937
0
LINE
8
BLACK
6
CONTINUOUS
10
95.8859009999999898
20
-75.0540989999999937
11
95.8371269999999953
21
-74.981104000000002
0
LINE
8
BLACK
6
CONTINUOUS
10
95.8371269999999953
20
-74.981104000000002
11
95.8199999999999932
21
-74.894999999999996
0
LINE
8
BLACK
6
CONTINUOUS
10
95.8199999999999932
20
-74.894999999999996
11
95.8199999999999932
21
-73.8449999999999989
0
LINE
8
BLACK
6
CONTINUOUS
10
95.8199999999999932
20
-73.8449999999999989
11
95.8371269999999953
21
-73.7588959999999929
0
LINE
8
BLACK
6
CONTINUOUS
10
95.8371269999999953
20
-73.7588959999999929
11
95.8859009999999898
21
-73.6859010000000012
0
LINE
8
BLACK
6
CONTINUOUS
10
95.8859009999999898
20
-73.6859010000000012
11
95.9588959999999958
21
-73.6371269999999924
0
LINE
8
BLACK
6
CONTINUOUS
10
95.9588959999999958
20
-73.6371269999999924
11
96.0450000000000017
21
-73.6199999999999903
0
LINE
8
BLACK
6
CONTINUOUS
10
96.0450000000000017
20
-73.6199999999999903
11
105.5949999999999989
21
-73.6199999999999903
0
LINE
8
BLACK
6
CONTINUOUS
10
105.5949999999999989
20
-73.6199999999999903
11
105.6811039999999906
21
-73.6371269999999924
0
LINE
8
BLACK
6
CONTINUOUS
10
154.501103999999998
20
-73.6371269999999924
11
154.5740989999999897
21
-73.6859010000000012
0
LINE
8
BLACK
6
CONTINUOUS
10
154.5740989999999897
20
-73.6859010000000012
11
154.6228729999999985
21
-73.7588959999999929
0
LINE
8
BLACK
6
CONTINUOUS
10
154.6228729999999985
20
-73.7588959999999929
11
154.6399999999999864
21
-73.8449999999999989
0
LINE
8
BLACK
6
CONTINUOUS
10
154.6399999999999864
20
-73.8449999999999989
11
154.6399999999999864
21
-74.894999999999996
0
LINE
8
BLACK
6
CONTINUOUS
10
154.6399999999999864
20
-74.894999999999996
11
154.6228729999999985
21
-74.981104000000002
0
LINE
8
BLACK
6
CONTINUOUS
10
154.6228729999999985
20
-74.981104000000002
11
154.5740989999999897
21
-75.0540989999999937
0
LINE
8
BLACK
6
CONTINUOUS
10
154.5740989999999897
20
-75.0540989999999937
11
154.501103999999998
21
-75.1028730000000024
0
LINE
8
BLACK
6
CONTINUOUS
10
154.501103999999998
20
-75.1028730000000024
11
154.414999999999992
21
-75.1199999999999903
0
LINE
8
BLACK
6
CONTINUOUS
10
154.414999999999992
20
-75.1199999999999903
11
144.8649999999999807
21
-75.1199999999999903
0
LINE
8
BLACK
6
CONTINUOUS
10
144.8649999999999807
20
-75.1199999999999903
11
144.7788960000000031
21
-75.1028730000000024
0
LINE
8
BLACK
6
CONTINUOUS
10
144.7788960000000031
20
-75.1028730000000024
11
144.705900999999983
21
-75.0540989999999937
0
LINE
8
BLACK
6
CONTINUOUS
10
144.705900999999983
20
-75.0540989999999937
11
144.6571270000000027
21
-74.981104000000002
0
LINE
8
BLACK
6
CONTINUOUS
10
144.6571270000000027
20
-74.981104000000002
11
144.6399999999999864
21
-74.894999999999996
0
LINE
8
BLACK
6
CONTINUOUS
10
144.6399999999999864
20
-74.894999999999996
11
144.6399999999999864
21
-73.8449999999999989
0
LINE
8
BLACK
6
CONTINUOUS
10
144.6399999999999864
20
-73.8449999999999989
11
144.6571270000000027
21
-73.7588959999999929
0
LINE
8
BLACK
6
CONTINUOUS
10
144.6571270000000027
20
-73.7588959999999929
11
144.705900999999983
21
-73.6859010000000012
0
LINE
8
BLACK
6
CONTINUOUS
10
144.705900999999983
20
-73.6859010000000012
11
144.7788960000000031
21
-73.6371269999999924
0
LINE
8
BLACK
6
CONTINUOUS
10
144.7788960000000031
20
-73.6371269999999924
11
144.8649999999999807
21
-73.6199999999999903
0
LINE
8
BLACK
6
CONTINUOUS
10
144.8649999999999807
20
-73.6199999999999903
11
154.414999999999992
21
-73.6199999999999903
0
LINE
8
BLACK
6
CONTINUOUS
10
154.414999999999992
20
-73.6199999999999903
11
154.501103999999998
21
-73.6371269999999924
0
LINE
8
BLACK
6
CONTINUOUS
10
184.501103999999998
20
-73.6371269999999924
11
184.5740989999999897
21
-73.6859010000000012
0
LINE
8
BLACK
6
CONTINUOUS
10
184.5740989999999897
20
-73.6859010000000012
11
184.6228729999999985
21
-73.7588959999999929
0
LINE
8
BLACK
6
CONTINUOUS
10
184.6228729999999985
20
-73.7588959999999929
11
184.6399999999999864
21
-73.8449999999999989
0
LINE
8
BLACK
6
CONTINUOUS
10
184.6399999999999864
20
-73.8449999999999989
11
184.6399999999999864
21
-74.894999999999996
0
LINE
8
BLACK
6
CONTINUOUS
10
184.6399999999999864
20
-74.894999999999996
11
184.6228729999999985
21
-74.981104000000002
0
LINE
8
BLACK
6
CONTINUOUS
10
184.6228729999999985
20
-74.981104000000002
11
184.5740989999999897
21
-75.0540989999999937
0
LINE
8
BLACK
6
CONTINUOUS
10
184.5740989999999897
20
-75.0540989999999937
11
184.501103999999998
21
-75.1028730000000024
0
LINE
8
BLACK
6
CONTINUOUS
10
184.501103999999998
20
-75.1028730000000024
11
184.414999999999992
21
-75.1199999999999903
0
LINE
8
BLACK
6
CONTINUOUS
10
184.414999999999992
20
-75.1199999999999903
11
174.8649999999999807
21
-75.1199999999999903
0
LINE
8
BLACK
6
CONTINUOUS
10
174.8649999999999807
20
-75.1199999999999903
11
174.7788960000000031
21
-75.1028730000000024
0
LINE
8
BLACK
6
CONTINUOUS
10
174.7788960000000031
20
-75.1028730000000024
11
174.705900999999983
21
-75.0540989999999937
0
LINE
8
BLACK
6
CONTINUOUS
10
174.705900999999983
20
-75.0540989999999937
11
174.6571270000000027
21
-74.981104000000002
0
LINE
8
BLACK
6
CONTINUOUS
10
174.6571270000000027
20
-74.981104000000002
11
174.6399999999999864
21
-74.894999999999996
0
LINE
8
BLACK
6
CONTINUOUS
10
174.6399999999999864
20
-74.894999999999996
11
174.6399999999999864
21
-73.8449999999999989
0
LINE
8
BLACK
6
CONTINUOUS
10
174.6399999999999864
20
-73.8449999999999989
11
174.6571270000000027
21
-73.7588959999999929
0
LINE
8
BLACK
6
CONTINUOUS
10
174.6571270000000027
20
-73.7588959999999929
11
174.705900999999983
21
-73.6859010000000012
0
LINE
8
BLACK
6
CONTINUOUS
10
174.705900999999983
20
-73.6859010000000012
11
174.7788960000000031
21
-73.6371269999999924
0
LINE
8
BLACK
6
CONTINUOUS
10
174.7788960000000031
20
-73.6371269999999924
11
174.8649999999999807
21
-73.6199999999999903
0
LINE
8
BLACK
6
CONTINUOUS
10
174.8649999999999807
20
-73.6199999999999903
11
184.414999999999992
21
-73.6199999999999903
0
LINE
8
BLACK
6
CONTINUOUS
10
184.414999999999992
20
-73.6199999999999903
11
184.501103999999998
21
-73.6371269999999924
0
LINE
8
BLACK
6
CONTINUOUS
10
59.0522279999999995
20
-73.1544480000000021
11
59.1971169999999987
21
-73.214462999999995
0
LINE
8
BLACK
6
CONTINUOUS
10
59.1971169999999987
20
-73.214462999999995
11
59.3275149999999982
21
-73.3015919999999994
0
LINE
8
BLACK
6
CONTINUOUS
10
59.3275149999999982
20
-73.3015919999999994
11
59.4384079999999955
21
-73.4124850000000038
0
LINE
8
BLACK
6
CONTINUOUS
10
59.4384079999999955
20
-73.4124850000000038
11
59.5255369999999999
21
-73.5428830000000033
0
LINE
8
BLACK
6
CONTINUOUS
10
59.5255369999999999
20
-73.5428830000000033
11
59.5855519999999999
21
-73.6877719999999954
0
LINE
8
BLACK
6
CONTINUOUS
10
59.5855519999999999
20
-73.6877719999999954
11
59.6161479999999955
21
-73.8415859999999924
0
LINE
8
BLACK
6
CONTINUOUS
10
59.6161479999999955
20
-73.8415859999999924
11
59.6161479999999955
21
-73.9984139999999968
0
LINE
8
BLACK
6
CONTINUOUS
10
59.6161479999999955
20
-73.9984139999999968
11
59.5855519999999999
21
-74.1522279999999938
0
LINE
8
BLACK
6
CONTINUOUS
10
59.5855519999999999
20
-74.1522279999999938
11
59.5255369999999999
21
-74.2971170000000001
0
LINE
8
BLACK
6
CONTINUOUS
10
59.5255369999999999
20
-74.2971170000000001
11
59.4384079999999955
21
-74.4275149999999996
0
LINE
8
BLACK
6
CONTINUOUS
10
59.4384079999999955
20
-74.4275149999999996
11
59.3275149999999982
21
-74.5384079999999898
0
LINE
8
BLACK
6
CONTINUOUS
10
59.3275149999999982
20
-74.5384079999999898
11
59.1971169999999987
21
-74.6255369999999942
0
LINE
8
BLACK
6
CONTINUOUS
10
59.1971169999999987
20
-74.6255369999999942
11
59.0522279999999995
21
-74.6855520000000013
0
LINE
8
BLACK
6
CONTINUOUS
10
59.0522279999999995
20
-74.6855520000000013
11
58.8984139999999954
21
-74.7161479999999898
0
LINE
8
BLACK
6
CONTINUOUS
10
58.8984139999999954
20
-74.7161479999999898
11
58.7415859999999981
21
-74.7161479999999898
0
LINE
8
BLACK
6
CONTINUOUS
10
58.7415859999999981
20
-74.7161479999999898
11
58.587771999999994
21
-74.6855520000000013
0
LINE
8
BLACK
6
CONTINUOUS
10
58.587771999999994
20
-74.6855520000000013
11
58.4428829999999948
21
-74.6255369999999942
0
LINE
8
BLACK
6
CONTINUOUS
10
58.4428829999999948
20
-74.6255369999999942
11
58.3124849999999952
21
-74.5384079999999898
0
LINE
8
BLACK
6
CONTINUOUS
10
58.3124849999999952
20
-74.5384079999999898
11
58.201591999999998
21
-74.4275149999999996
0
LINE
8
BLACK
6
CONTINUOUS
10
58.201591999999998
20
-74.4275149999999996
11
58.1144630000000006
21
-74.2971170000000001
0
LINE
8
BLACK
6
CONTINUOUS
10
58.1144630000000006
20
-74.2971170000000001
11
58.0544480000000007
21
-74.1522279999999938
0
LINE
8
BLACK
6
CONTINUOUS
10
58.0544480000000007
20
-74.1522279999999938
11
58.023851999999998
21
-73.9984139999999968
0
LINE
8
BLACK
6
CONTINUOUS
10
58.023851999999998
20
-73.9984139999999968
11
58.023851999999998
21
-73.8415859999999924
0
LINE
8
BLACK
6
CONTINUOUS
10
58.023851999999998
20
-73.8415859999999924
11
58.0544480000000007
21
-73.6877719999999954
0
LINE
8
BLACK
6
CONTINUOUS
10
58.0544480000000007
20
-73.6877719999999954
11
58.1144630000000006
21
-73.5428830000000033
0
LINE
8
BLACK
6
CONTINUOUS
10
58.1144630000000006
20
-73.5428830000000033
11
58.201591999999998
21
-73.4124850000000038
0
LINE
8
BLACK
6
CONTINUOUS
10
58.201591999999998
20
-73.4124850000000038
11
58.3124849999999952
21
-73.3015919999999994
0
LINE
8
BLACK
6
CONTINUOUS
10
58.3124849999999952
20
-73.3015919999999994
11
58.4428829999999948
21
-73.214462999999995
0
LINE
8
BLACK
6
CONTINUOUS
10
58.4428829999999948
20
-73.214462999999995
11
58.587771999999994
21
-73.1544480000000021
0
LINE
8
BLACK
6
CONTINUOUS
10
58.587771999999994
20
-73.1544480000000021
11
58.7415859999999981
21
-73.1238519999999994
0
LINE
8
BLACK
6
CONTINUOUS
10
58.7415859999999981
20
-73.1238519999999994
11
58.8984139999999954
21
-73.1238519999999994
0
LINE
8
BLACK
6
CONTINUOUS
10
58.8984139999999954
20
-73.1238519999999994
11
59.0522279999999995
21
-73.1544480000000021
0
LINE
8
BLACK
6
CONTINUOUS
10
75.6811039999999906
20
-71.0971270000000004
11
75.7540989999999965
21
-71.145900999999995
0
LINE
8
BLACK
6
CONTINUOUS
10
75.7540989999999965
20
-71.145900999999995
11
75.8028729999999911
21
-71.2188960000000009
0
LINE
8
BLACK
6
CONTINUOUS
10
75.8028729999999911
20
-71.2188960000000009
11
75.8199999999999932
21
-71.3049999999999926
0
LINE
8
BLACK
6
CONTINUOUS
10
75.8199999999999932
20
-71.3049999999999926
11
75.8199999999999932
21
-72.3549999999999898
0
LINE
8
BLACK
6
CONTINUOUS
10
75.8199999999999932
20
-72.3549999999999898
11
75.8028729999999911
21
-72.4411039999999957
0
LINE
8
BLACK
6
CONTINUOUS
10
75.8028729999999911
20
-72.4411039999999957
11
75.7540989999999965
21
-72.5140990000000016
0
LINE
8
BLACK
6
CONTINUOUS
10
75.7540989999999965
20
-72.5140990000000016
11
75.6811039999999906
21
-72.5628729999999962
0
LINE
8
BLACK
6
CONTINUOUS
10
75.6811039999999906
20
-72.5628729999999962
11
75.5949999999999989
21
-72.5799999999999983
0
LINE
8
BLACK
6
CONTINUOUS
10
75.5949999999999989
20
-72.5799999999999983
11
66.0450000000000017
21
-72.5799999999999983
0
LINE
8
BLACK
6
CONTINUOUS
10
66.0450000000000017
20
-72.5799999999999983
11
65.9588959999999958
21
-72.5628729999999962
0
LINE
8
BLACK
6
CONTINUOUS
10
65.9588959999999958
20
-72.5628729999999962
11
65.885901000000004
21
-72.5140990000000016
0
LINE
8
BLACK
6
CONTINUOUS
10
65.885901000000004
20
-72.5140990000000016
11
65.8371269999999953
21
-72.4411039999999957
0
LINE
8
BLACK
6
CONTINUOUS
10
65.8371269999999953
20
-72.4411039999999957
11
65.8199999999999932
21
-72.3549999999999898
0
LINE
8
BLACK
6
CONTINUOUS
10
65.8199999999999932
20
-72.3549999999999898
11
65.8199999999999932
21
-71.3049999999999926
0
LINE
8
BLACK
6
CONTINUOUS
10
65.8199999999999932
20
-71.3049999999999926
11
65.8371269999999953
21
-71.2188960000000009
0
LINE
8
BLACK
6
CONTINUOUS
10
65.8371269999999953
20
-71.2188960000000009
11
65.885901000000004
21
-71.145900999999995
0
LINE
8
BLACK
6
CONTINUOUS
10
65.885901000000004
20
-71.145900999999995
11
65.9588959999999958
21
-71.0971270000000004
0
LINE
8
BLACK
6
CONTINUOUS
10
65.9588959999999958
20
-71.0971270000000004
11
66.0450000000000017
21
-71.0799999999999983
0
LINE
8
BLACK
6
CONTINUOUS
10
66.0450000000000017
20
-71.0799999999999983
11
75.5949999999999989
21
-71.0799999999999983
0
LINE
8
BLACK
6
CONTINUOUS
10
75.5949999999999989
20
-71.0799999999999983
11
75.6811039999999906
21
-71.0971270000000004
0
LINE
8
BLACK
6
CONTINUOUS
10
105.6811039999999906
20
-71.0971270000000004
11
105.7540989999999965
21
-71.145900999999995
0
LINE
8
BLACK
6
CONTINUOUS
10
105.7540989999999965
20
-71.145900999999995
11
105.8028729999999911
21
-71.2188960000000009
0
LINE
8
BLACK
6
CONTINUOUS
10
105.8028729999999911
20
-71.2188960000000009
11
105.8199999999999932
21
-71.3049999999999926
0
LINE
8
BLACK
6
CONTINUOUS
10
105.8199999999999932
20
-71.3049999999999926
11
105.8199999999999932
21
-72.3549999999999898
0
LINE
8
BLACK
6
CONTINUOUS
10
105.8199999999999932
20
-72.3549999999999898
11
105.8028729999999911
21
-72.4411039999999957
0
LINE
8
BLACK
6
CONTINUOUS
10
105.8028729999999911
20
-72.4411039999999957
11
105.7540989999999965
21
-72.5140990000000016
0
LINE
8
BLACK
6
CONTINUOUS
10
105.7540989999999965
20
-72.5140990000000016
11
105.6811039999999906
21
-72.5628729999999962
0
LINE
8
BLACK
6
CONTINUOUS
10
105.6811039999999906
20
-72.5628729999999962
11
105.5949999999999989
21
-72.5799999999999983
0
LINE
8
BLACK
6
CONTINUOUS
10
105.5949999999999989
20
-72.5799999999999983
11
96.0450000000000017
21
-72.5799999999999983
0
LINE
8
BLACK
6
CONTINUOUS
10
96.0450000000000017
20
-72.5799999999999983
11
95.9588959999999958
21
-72.5628729999999962
0
LINE
8
BLACK
6
CONTINUOUS
10
95.9588959999999958
20
-72.5628729999999962
11
95.8859009999999898
21
-72.5140990000000016
0
LINE
8
BLACK
6
CONTINUOUS
10
95.8859009999999898
20
-72.5140990000000016
11
95.8371269999999953
21
-72.4411039999999957
0
LINE
8
BLACK
6
CONTINUOUS
10
95.8371269999999953
20
-72.4411039999999957
11
95.8199999999999932
21
-72.3549999999999898
0
LINE
8
BLACK
6
CONTINUOUS
10
95.8199999999999932
20
-72.3549999999999898
11
95.8199999999999932
21
-71.3049999999999926
0
LINE
8
BLACK
6
CONTINUOUS
10
95.8199999999999932
20
-71.3049999999999926
11
95.8371269999999953
21
-71.2188960000000009
0
LINE
8
BLACK
6
CONTINUOUS
10
95.8371269999999953
20
-71.2188960000000009
11
95.8859009999999898
21
-71.145900999999995
0
LINE
8
BLACK
6
CONTINUOUS
10
95.8859009999999898
20
-71.145900999999995
11
95.9588959999999958
21
-71.0971270000000004
0
LINE
8
BLACK
6
CONTINUOUS
10
95.9588959999999958
20
-71.0971270000000004
11
96.0450000000000017
21
-71.0799999999999983
0
LINE
8
BLACK
6
CONTINUOUS
10
96.0450000000000017
20
-71.0799999999999983
11
105.5949999999999989
21
-71.0799999999999983
0
LINE
8
BLACK
6
CONTINUOUS
10
105.5949999999999989
20
-71.0799999999999983
11
105.6811039999999906
21
-71.0971270000000004
0
LINE
8
BLACK
6
CONTINUOUS
10
154.501103999999998
20
-71.0971270000000004
11
154.5740989999999897
21
-71.145900999999995
0
LINE
8
BLACK
6
CONTINUOUS
10
154.5740989999999897
20
-71.145900999999995
11
154.6228729999999985
21
-71.2188960000000009
0
LINE
8
BLACK
6
CONTINUOUS
10
154.6228729999999985
20
-71.2188960000000009
11
154.6399999999999864
21
-71.3049999999999926
0
LINE
8
BLACK
6
CONTINUOUS
10
154.6399999999999864
20
-71.3049999999999926
11
154.6399999999999864
21
-72.3549999999999898
0
LINE
8
BLACK
6
CONTINUOUS
10
154.6399999999999864
20
-72.3549999999999898
11
154.6228729999999985
21
-72.4411039999999957
0
LINE
8
BLACK
6
CONTINUOUS
10
154.6228729999999985
20
-72.4411039999999957
11
154.5740989999999897
21
-72.5140990000000016
0
LINE
8
BLACK
6
CONTINUOUS
10
154.5740989999999897
20
-72.5140990000000016
11
154.501103999999998
21
-72.5628729999999962
0
LINE
8
BLACK
6
CONTINUOUS
10
154.501103999999998
20
-72.5628729999999962
11
154.414999999999992
21
-72.5799999999999983
0
LINE
8
BLACK
6
CONTINUOUS
10
154.414999999999992
20
-72.5799999999999983
11
144.8649999999999807
21
-72.5799999999999983
0
LINE
8
BLACK
6
CONTINUOUS
10
144.8649999999999807
20
-72.5799999999999983
11
144.7788960000000031
21
-72.5628729999999962
0
LINE
8
BLACK
6
CONTINUOUS
10
144.7788960000000031
20
-72.5628729999999962
11
144.705900999999983
21
-72.5140990000000016
0
LINE
8
BLACK
6
CONTINUOUS
10
144.705900999999983
20
-72.5140990000000016
11
144.6571270000000027
21
-72.4411039999999957
0
LINE
8
BLACK
6
CONTINUOUS
10
144.6571270000000027
20
-72.4411039999999957
11
144.6399999999999864
21
-72.3549999999999898
0
LINE
8
BLACK
6
CONTINUOUS
10
144.6399999999999864
20
-72.3549999999999898
11
144.6399999999999864
21
-71.3049999999999926
0
LINE
8
BLACK
6
CONTINUOUS
10
144.6399999999999864
20
-71.3049999999999926
11
144.6571270000000027
21
-71.2188960000000009
0
LINE
8
BLACK
6
CONTINUOUS
10
144.6571270000000027
20
-71.2188960000000009
11
144.705900999999983
21
-71.145900999999995
0
LINE
8
BLACK
6
CONTINUOUS
10
144.705900999999983
20
-71.145900999999995
11
144.7788960000000031
21
-71.0971270000000004
0
LINE
8
BLACK
6
CONTINUOUS
10
144.7788960000000031
20
-71.0971270000000004
11
144.8649999999999807
21
-71.0799999999999983
0
LINE
8
BLACK
6
CONTINUOUS
10
144.8649999999999807
20
-71.0799999999999983
11
154.414999999999992
21
-71.0799999999999983
0
LINE
8
BLACK
6
CONTINUOUS
10
154.414999999999992
20
-71.0799999999999983
11
154.501103999999998
21
-71.0971270000000004
0
LINE
8
BLACK
6
CONTINUOUS
10
184.501103999999998
20
-71.0971270000000004
11
184.5740989999999897
21
-71.145900999999995
0
LINE
8
BLACK
6
CONTINUOUS
10
184.5740989999999897
20
-71.145900999999995
11
184.6228729999999985
21
-71.2188960000000009
0
LINE
8
BLACK
6
CONTINUOUS
10
184.6228729999999985
20
-71.2188960000000009
11
184.6399999999999864
21
-71.3049999999999926
0
LINE
8
BLACK
6
CONTINUOUS
10
184.6399999999999864
20
-71.3049999999999926
11
184.6399999999999864
21
-72.3549999999999898
0
LINE
8
BLACK
6
CONTINUOUS
10
184.6399999999999864
20
-72.3549999999999898
11
184.6228729999999985
21
-72.4411039999999957
0
LINE
8
BLACK
6
CONTINUOUS
10
184.6228729999999985
20
-72.4411039999999957
11
184.5740989999999897
21
-72.5140990000000016
0
LINE
8
BLACK
6
CONTINUOUS
10
184.5740989999999897
20
-72.5140990000000016
11
184.501103999999998
21
-72.5628729999999962
0
LINE
8
BLACK
6
CONTINUOUS
10
184.501103999999998
20
-72.5628729999999962
11
184.414999999999992
21
-72.5799999999999983
0
LINE
8
BLACK
6
CONTINUOUS
10
184.414999999999992
20
-72.5799999999999983
11
174.8649999999999807
21
-72.5799999999999983
0
LINE
8
BLACK
6
CONTINUOUS
10
174.8649999999999807
20
-72.5799999999999983
11
174.7788960000000031
21
-72.5628729999999962
0
LINE
8
BLACK
6
CONTINUOUS
10
174.7788960000000031
20
-72.5628729999999962
11
174.705900999999983
21
-72.5140990000000016
0
LINE
8
BLACK
6
CONTINUOUS
10
174.705900999999983
20
-72.5140990000000016
11
174.6571270000000027
21
-72.4411039999999957
0
LINE
8
BLACK
6
CONTINUOUS
10
174.6571270000000027
20
-72.4411039999999957
11
174.6399999999999864
21
-72.3549999999999898
0
LINE
8
BLACK
6
CONTINUOUS
10
174.6399999999999864
20
-72.3549999999999898
11
174.6399999999999864
21
-71.3049999999999926
0
LINE
8
BLACK
6
CONTINUOUS
10
174.6399999999999864
20
-71.3049999999999926
11
174.6571270000000027
21
-71.2188960000000009
0
LINE
8
BLACK
6
CONTINUOUS
10
174.6571270000000027
20
-71.2188960000000009
11
174.705900999999983
21
-71.145900999999995
0
LINE
8
BLACK
6
CONTINUOUS
10
174.705900999999983
20
-71.145900999999995
11
174.7788960000000031
21
-71.0971270000000004
0
LINE
8
BLACK
6
CONTINUOUS
10
174.7788960000000031
20
-71.0971270000000004
11
174.8649999999999807
21
-71.0799999999999983
0
LINE
8
BLACK
6
CONTINUOUS
10
174.8649999999999807
20
-71.0799999999999983
11
184.414999999999992
21
-71.0799999999999983
0
LINE
8
BLACK
6
CONTINUOUS
10
184.414999999999992
20
-71.0799999999999983
11
184.501103999999998
21
-71.0971270000000004
0
LINE
8
BLACK
6
CONTINUOUS
10
75.6811039999999906
20
-68.5571269999999942
11
75.7540989999999965
21
-68.6059010000000029
0
LINE
8
BLACK
6
CONTINUOUS
10
75.7540989999999965
20
-68.6059010000000029
11
75.8028729999999911
21
-68.6788959999999946
0
LINE
8
BLACK
6
CONTINUOUS
10
75.8028729999999911
20
-68.6788959999999946
11
75.8199999999999932
21
-68.7650000000000006
0
LINE
8
BLACK
6
CONTINUOUS
10
75.8199999999999932
20
-68.7650000000000006
11
75.8199999999999932
21
-69.8149999999999977
0
LINE
8
BLACK
6
CONTINUOUS
10
75.8199999999999932
20
-69.8149999999999977
11
75.8028729999999911
21
-69.9011040000000037
0
LINE
8
BLACK
6
CONTINUOUS
10
75.8028729999999911
20
-69.9011040000000037
11
75.7540989999999965
21
-69.9740989999999954
0
LINE
8
BLACK
6
CONTINUOUS
10
75.7540989999999965
20
-69.9740989999999954
11
75.6811039999999906
21
-70.0228729999999899
0
LINE
8
BLACK
6
CONTINUOUS
10
75.6811039999999906
20
-70.0228729999999899
11
75.5949999999999989
21
-70.039999999999992
0
LINE
8
BLACK
6
CONTINUOUS
10
75.5949999999999989
20
-70.039999999999992
11
66.0450000000000017
21
-70.039999999999992
0
LINE
8
BLACK
6
CONTINUOUS
10
66.0450000000000017
20
-70.039999999999992
11
65.9588959999999958
21
-70.0228729999999899
0
LINE
8
BLACK
6
CONTINUOUS
10
65.9588959999999958
20
-70.0228729999999899
11
65.885901000000004
21
-69.9740989999999954
0
LINE
8
BLACK
6
CONTINUOUS
10
65.885901000000004
20
-69.9740989999999954
11
65.8371269999999953
21
-69.9011040000000037
0
LINE
8
BLACK
6
CONTINUOUS
10
65.8371269999999953
20
-69.9011040000000037
11
65.8199999999999932
21
-69.8149999999999977
0
LINE
8
BLACK
6
CONTINUOUS
10
65.8199999999999932
20
-69.8149999999999977
11
65.8199999999999932
21
-68.7650000000000006
0
LINE
8
BLACK
6
CONTINUOUS
10
65.8199999999999932
20
-68.7650000000000006
11
65.8371269999999953
21
-68.6788959999999946
0
LINE
8
BLACK
6
CONTINUOUS
10
65.8371269999999953
20
-68.6788959999999946
11
65.885901000000004
21
-68.6059010000000029
0
LINE
8
BLACK
6
CONTINUOUS
10
65.885901000000004
20
-68.6059010000000029
11
65.9588959999999958
21
-68.5571269999999942
0
LINE
8
BLACK
6
CONTINUOUS
10
65.9588959999999958
20
-68.5571269999999942
11
66.0450000000000017
21
-68.539999999999992
0
LINE
8
BLACK
6
CONTINUOUS
10
66.0450000000000017
20
-68.539999999999992
11
75.5949999999999989
21
-68.539999999999992
0
LINE
8
BLACK
6
CONTINUOUS
10
75.5949999999999989
20
-68.539999999999992
11
75.6811039999999906
21
-68.5571269999999942
0
LINE
8
BLACK
6
CONTINUOUS
10
105.6811039999999906
20
-68.5571269999999942
11
105.7540989999999965
21
-68.6059010000000029
0
LINE
8
BLACK
6
CONTINUOUS
10
105.7540989999999965
20
-68.6059010000000029
11
105.8028729999999911
21
-68.6788959999999946
0
LINE
8
BLACK
6
CONTINUOUS
10
105.8028729999999911
20
-68.6788959999999946
11
105.8199999999999932
21
-68.7650000000000006
0
LINE
8
BLACK
6
CONTINUOUS
10
105.8199999999999932
20
-68.7650000000000006
11
105.8199999999999932
21
-69.8149999999999977
0
LINE
8
BLACK
6
CONTINUOUS
10
105.8199999999999932
20
-69.8149999999999977
11
105.8028729999999911
21
-69.9011040000000037
0
LINE
8
BLACK
6
CONTINUOUS
10
105.8028729999999911
20
-69.9011040000000037
11
105.7540989999999965
21
-69.9740989999999954
0
LINE
8
BLACK
6
CONTINUOUS
10
105.7540989999999965
20
-69.9740989999999954
11
105.6811039999999906
21
-70.0228729999999899
0
LINE
8
BLACK
6
CONTINUOUS
10
105.6811039999999906
20
-70.0228729999999899
11
105.5949999999999989
21
-70.039999999999992
0
LINE
8
BLACK
6
CONTINUOUS
10
105.5949999999999989
20
-70.039999999999992
11
96.0450000000000017
21
-70.039999999999992
0
LINE
8
BLACK
6
CONTINUOUS
10
96.0450000000000017
20
-70.039999999999992
11
95.9588959999999958
21
-70.0228729999999899
0
LINE
8
BLACK
6
CONTINUOUS
10
95.9588959999999958
20
-70.0228729999999899
11
95.8859009999999898
21
-69.9740989999999954
0
LINE
8
BLACK
6
CONTINUOUS
10
95.8859009999999898
20
-69.9740989999999954
11
95.8371269999999953
21
-69.9011040000000037
0
LINE
8
BLACK
6
CONTINUOUS
10
95.8371269999999953
20
-69.9011040000000037
11
95.8199999999999932
21
-69.8149999999999977
0
LINE
8
BLACK
6
CONTINUOUS
10
95.8199999999999932
20
-69.8149999999999977
11
95.8199999999999932
21
-68.7650000000000006
0
LINE
8
BLACK
6
CONTINUOUS
10
95.8199999999999932
20
-68.7650000000000006
11
95.8371269999999953
21
-68.6788959999999946
0
LINE
8
BLACK
6
CONTINUOUS
10
95.8371269999999953
20
-68.6788959999999946
11
95.8859009999999898
21
-68.6059010000000029
0
LINE
8
BLACK
6
CONTINUOUS
10
95.8859009999999898
20
-68.6059010000000029
11
95.9588959999999958
21
-68.5571269999999942
0
LINE
8
BLACK
6
CONTINUOUS
10
95.9588959999999958
20
-68.5571269999999942
11
96.0450000000000017
21
-68.539999999999992
0
LINE
8
BLACK
6
CONTINUOUS
10
96.0450000000000017
20
-68.539999999999992
11
105.5949999999999989
21
-68.539999999999992
0
LINE
8
BLACK
6
CONTINUOUS
10
105.5949999999999989
20
-68.539999999999992
11
105.6811039999999906
21
-68.5571269999999942
0
LINE
8
BLACK
6
CONTINUOUS
10
154.501103999999998
20
-68.5571269999999942
11
154.5740989999999897
21
-68.6059010000000029
0
LINE
8
BLACK
6
CONTINUOUS
10
154.5740989999999897
20
-68.6059010000000029
11
154.6228729999999985
21
-68.6788959999999946
0
LINE
8
BLACK
6
CONTINUOUS
10
154.6228729999999985
20
-68.6788959999999946
11
154.6399999999999864
21
-68.7650000000000006
0
LINE
8
BLACK
6
CONTINUOUS
10
154.6399999999999864
20
-68.7650000000000006
11
154.6399999999999864
21
-69.8149999999999977
0
LINE
8
BLACK
6
CONTINUOUS
10
154.6399999999999864
20
-69.8149999999999977
11
154.6228729999999985
21
-69.9011040000000037
0
LINE
8
BLACK
6
CONTINUOUS
10
154.6228729999999985
20
-69.9011040000000037
11
154.5740989999999897
21
-69.9740989999999954
0
LINE
8
BLACK
6
CONTINUOUS
10
154.5740989999999897
20
-69.9740989999999954
11
154.501103999999998
21
-70.0228729999999899
0
LINE
8
BLACK
6
CONTINUOUS
10
154.501103999999998
20
-70.0228729999999899
11
154.414999999999992
21
-70.039999999999992
0
LINE
8
BLACK
6
CONTINUOUS
10
154.414999999999992
20
-70.039999999999992
11
144.8649999999999807
21
-70.039999999999992
0
LINE
8
BLACK
6
CONTINUOUS
10
144.8649999999999807
20
-70.039999999999992
11
144.7788960000000031
21
-70.0228729999999899
0
LINE
8
BLACK
6
CONTINUOUS
10
144.7788960000000031
20
-70.0228729999999899
11
144.705900999999983
21
-69.9740989999999954
0
LINE
8
BLACK
6
CONTINUOUS
10
144.705900999999983
20
-69.9740989999999954
11
144.6571270000000027
21
-69.9011040000000037
0
LINE
8
BLACK
6
CONTINUOUS
10
144.6571270000000027
20
-69.9011040000000037
11
144.6399999999999864
21
-69.8149999999999977
0
LINE
8
BLACK
6
CONTINUOUS
10
144.6399999999999864
20
-69.8149999999999977
11
144.6399999999999864
21
-68.7650000000000006
0
LINE
8
BLACK
6
CONTINUOUS
10
144.6399999999999864
20
-68.7650000000000006
11
144.6571270000000027
21
-68.6788959999999946
0
LINE
8
BLACK
6
CONTINUOUS
10
144.6571270000000027
20
-68.6788959999999946
11
144.705900999999983
21
-68.6059010000000029
0
LINE
8
BLACK
6
CONTINUOUS
10
144.705900999999983
20
-68.6059010000000029
11
144.7788960000000031
21
-68.5571269999999942
0
LINE
8
BLACK
6
CONTINUOUS
10
144.7788960000000031
20
-68.5571269999999942
11
144.8649999999999807
21
-68.539999999999992
0
LINE
8
BLACK
6
CONTINUOUS
10
144.8649999999999807
20
-68.539999999999992
11
154.414999999999992
21
-68.539999999999992
0
LINE
8
BLACK
6
CONTINUOUS
10
154.414999999999992
20
-68.539999999999992
11
154.501103999999998
21
-68.5571269999999942
0
LINE
8
BLACK
6
CONTINUOUS
10
184.501103999999998
20
-68.5571269999999942
11
184.5740989999999897
21
-68.6059010000000029
0
LINE
8
BLACK
6
CONTINUOUS
10
184.5740989999999897
20
-68.6059010000000029
11
184.6228729999999985
21
-68.6788959999999946
0
LINE
8
BLACK
6
CONTINUOUS
10
184.6228729999999985
20
-68.6788959999999946
11
184.6399999999999864
21
-68.7650000000000006
0
LINE
8
BLACK
6
CONTINUOUS
10
184.6399999999999864
20
-68.7650000000000006
11
184.6399999999999864
21
-69.8149999999999977
0
LINE
8
BLACK
6
CONTINUOUS
10
184.6399999999999864
20
-69.8149999999999977
11
184.6228729999999985
21
-69.9011040000000037
0
LINE
8
BLACK
6
CONTINUOUS
10
184.6228729999999985
20
-69.9011040000000037
11
184.5740989999999897
21
-69.9740989999999954
0
LINE
8
BLACK
6
CONTINUOUS
10
184.5740989999999897
20
-69.9740989999999954
11
184.501103999999998
21
-70.0228729999999899
0
LINE
8
BLACK
6
CONTINUOUS
10
184.501103999999998
20
-70.0228729999999899
11
184.414999999999992
21
-70.039999999999992
0
LINE
8
BLACK
6
CONTINUOUS
10
184.414999999999992
20
-70.039999999999992
11
174.8649999999999807
21
-70.039999999999992
0
LINE
8
BLACK
6
CONTINUOUS
10
174.8649999999999807
20
-70.039999999999992
11
174.7788960000000031
21
-70.0228729999999899
0
LINE
8
BLACK
6
CONTINUOUS
10
174.7788960000000031
20
-70.0228729999999899
11
174.705900999999983
21
-69.9740989999999954
0
LINE
8
BLACK
6
CONTINUOUS
10
174.705900999999983
20
-69.9740989999999954
11
174.6571270000000027
21
-69.9011040000000037
0
LINE
8
BLACK
6
CONTINUOUS
10
174.6571270000000027
20
-69.9011040000000037
11
174.6399999999999864
21
-69.8149999999999977
0
LINE
8
BLACK
6
CONTINUOUS
10
174.6399999999999864
20
-69.8149999999999977
11
174.6399999999999864
21
-68.7650000000000006
0
LINE
8
BLACK
6
CONTINUOUS
10
174.6399999999999864
20
-68.7650000000000006
11
174.6571270000000027
21
-68.6788959999999946
0
LINE
8
BLACK
6
CONTINUOUS
10
174.6571270000000027
20
-68.6788959999999946
11
174.705900999999983
21
-68.6059010000000029
0
LINE
8
BLACK
6
CONTINUOUS
10
174.705900999999983
20
-68.6059010000000029
11
174.7788960000000031
21
-68.5571269999999942
0
LINE
8
BLACK
6
CONTINUOUS
10
174.7788960000000031
20
-68.5571269999999942
11
174.8649999999999807
21
-68.539999999999992
0
LINE
8
BLACK
6
CONTINUOUS
10
174.8649999999999807
20
-68.539999999999992
11
184.414999999999992
21
-68.539999999999992
0
LINE
8
BLACK
6
CONTINUOUS
10
184.414999999999992
20
-68.539999999999992
11
184.501103999999998
21
-68.5571269999999942
0
LINE
8
BLACK
6
CONTINUOUS
10
218.9122279999999989
20
-39.9184479999999979
11
218.9497739999999908
21
-39.9339999999999975
0
LINE
8
BLACK
6
CONTINUOUS
10
218.9497739999999908
20
-39.9339999999999975
11
227.696013999999991
21
-39.9339999999999975
0
LINE
8
BLACK
6
CONTINUOUS
10
227.696013999999991
20
-39.9339999999999975
11
227.7335599999999829
21
-39.9184479999999979
0
LINE
8
BLACK
6
CONTINUOUS
10
227.7335599999999829
20
-39.9184479999999979
11
227.8873739999999941
21
-39.8878519999999952
0
LINE
8
BLACK
6
CONTINUOUS
10
227.8873739999999941
20
-39.8878519999999952
11
228.0442019999999843
21
-39.8878519999999952
0
LINE
8
BLACK
6
CONTINUOUS
10
228.0442019999999843
20
-39.8878519999999952
11
228.1980159999999955
21
-39.9184479999999979
0
LINE
8
BLACK
6
CONTINUOUS
10
228.1980159999999955
20
-39.9184479999999979
11
228.3429050000000018
21
-39.9784629999999979
0
LINE
8
BLACK
6
CONTINUOUS
10
228.3429050000000018
20
-39.9784629999999979
11
228.4733029999999872
21
-40.0655919999999952
0
LINE
8
BLACK
6
CONTINUOUS
10
228.4733029999999872
20
-40.0655919999999952
11
228.5841959999999915
21
-40.1764849999999996
0
LINE
8
BLACK
6
CONTINUOUS
10
228.5841959999999915
20
-40.1764849999999996
11
228.671324999999996
21
-40.3068829999999991
0
LINE
8
BLACK
6
CONTINUOUS
10
228.671324999999996
20
-40.3068829999999991
11
228.7313399999999888
21
-40.4517719999999983
0
LINE
8
BLACK
6
CONTINUOUS
10
228.7313399999999888
20
-40.4517719999999983
11
228.7619359999999915
21
-40.6055859999999953
0
LINE
8
BLACK
6
CONTINUOUS
10
228.7619359999999915
20
-40.6055859999999953
11
228.7619359999999915
21
-40.7624139999999997
0
LINE
8
BLACK
6
CONTINUOUS
10
228.7619359999999915
20
-40.7624139999999997
11
228.7313399999999888
21
-40.9162279999999967
0
LINE
8
BLACK
6
CONTINUOUS
10
228.7313399999999888
20
-40.9162279999999967
11
228.671324999999996
21
-41.0611169999999959
0
LINE
8
BLACK
6
CONTINUOUS
10
228.671324999999996
20
-41.0611169999999959
11
228.5841959999999915
21
-41.1915149999999954
0
LINE
8
BLACK
6
CONTINUOUS
10
228.5841959999999915
20
-41.1915149999999954
11
228.4733029999999872
21
-41.3024079999999998
0
LINE
8
BLACK
6
CONTINUOUS
10
228.4733029999999872
20
-41.3024079999999998
11
228.3429050000000018
21
-41.3895369999999971
0
LINE
8
BLACK
6
CONTINUOUS
10
228.3429050000000018
20
-41.3895369999999971
11
228.1980159999999955
21
-41.4495519999999971
0
LINE
8
BLACK
6
CONTINUOUS
10
228.1980159999999955
20
-41.4495519999999971
11
228.0442019999999843
21
-41.4801479999999998
0
LINE
8
BLACK
6
CONTINUOUS
10
228.0442019999999843
20
-41.4801479999999998
11
227.8873739999999941
21
-41.4801479999999998
0
LINE
8
BLACK
6
CONTINUOUS
10
227.8873739999999941
20
-41.4801479999999998
11
227.7335599999999829
21
-41.4495519999999971
0
LINE
8
BLACK
6
CONTINUOUS
10
227.7335599999999829
20
-41.4495519999999971
11
227.696013999999991
21
-41.4339999999999975
0
LINE
8
BLACK
6
CONTINUOUS
10
227.696013999999991
20
-41.4339999999999975
11
218.9497739999999908
21
-41.4339999999999975
0
LINE
8
BLACK
6
CONTINUOUS
10
218.9497739999999908
20
-41.4339999999999975
11
218.9122279999999989
21
-41.4495519999999971
0
LINE
8
BLACK
6
CONTINUOUS
10
218.9122279999999989
20
-41.4495519999999971
11
218.7584139999999877
21
-41.4801479999999998
0
LINE
8
BLACK
6
CONTINUOUS
10
218.7584139999999877
20
-41.4801479999999998
11
218.6015859999999975
21
-41.4801479999999998
0
LINE
8
BLACK
6
CONTINUOUS
10
218.6015859999999975
20
-41.4801479999999998
11
218.4477719999999863
21
-41.4495519999999971
0
LINE
8
BLACK
6
CONTINUOUS
10
218.4477719999999863
20
-41.4495519999999971
11
218.30288299999998
21
-41.3895369999999971
0
LINE
8
BLACK
6
CONTINUOUS
10
218.30288299999998
20
-41.3895369999999971
11
218.1724849999999947
21
-41.3024079999999998
0
LINE
8
BLACK
6
CONTINUOUS
10
218.1724849999999947
20
-41.3024079999999998
11
218.0615919999999903
21
-41.1915149999999954
0
LINE
8
BLACK
6
CONTINUOUS
10
218.0615919999999903
20
-41.1915149999999954
11
217.9744629999999859
21
-41.0611169999999959
0
LINE
8
BLACK
6
CONTINUOUS
10
217.9744629999999859
20
-41.0611169999999959
11
217.914447999999993
21
-40.9162279999999967
0
LINE
8
BLACK
6
CONTINUOUS
10
217.914447999999993
20
-40.9162279999999967
11
217.8838519999999903
21
-40.7624139999999997
0
LINE
8
BLACK
6
CONTINUOUS
10
217.8838519999999903
20
-40.7624139999999997
11
217.8838519999999903
21
-40.6055859999999953
0
LINE
8
BLACK
6
CONTINUOUS
10
217.8838519999999903
20
-40.6055859999999953
11
217.914447999999993
21
-40.4517719999999983
0
LINE
8
BLACK
6
CONTINUOUS
10
217.914447999999993
20
-40.4517719999999983
11
217.9744629999999859
21
-40.3068829999999991
0
LINE
8
BLACK
6
CONTINUOUS
10
217.9744629999999859
20
-40.3068829999999991
11
218.0615919999999903
21
-40.1764849999999996
0
LINE
8
BLACK
6
CONTINUOUS
10
218.0615919999999903
20
-40.1764849999999996
11
218.1724849999999947
21
-40.0655919999999952
0
LINE
8
BLACK
6
CONTINUOUS
10
218.1724849999999947
20
-40.0655919999999952
11
218.30288299999998
21
-39.9784629999999979
0
LINE
8
BLACK
6
CONTINUOUS
10
218.30288299999998
20
-39.9784629999999979
11
218.4477719999999863
21
-39.9184479999999979
0
LINE
8
BLACK
6
CONTINUOUS
10
218.4477719999999863
20
-39.9184479999999979
11
218.6015859999999975
21
-39.8878519999999952
0
LINE
8
BLACK
6
CONTINUOUS
10
218.6015859999999975
20
-39.8878519999999952
11
218.7584139999999877
21
-39.8878519999999952
0
LINE
8
BLACK
6
CONTINUOUS
10
218.7584139999999877
20
-39.8878519999999952
11
218.9122279999999989
21
-39.9184479999999979
0
CIRCLE
8
BLACK
10
58.9609999999999985
20
-94.6899999999999977
40
0.75
0
CIRCLE
8
BLACK
10
221.328000000000003
20
-136.5720000000000027
40
0.75
0
CIRCLE
8
BLACK
10
52.0399999999999991
20
-99.6400000000000006
40
0.75
0
CIRCLE
8
BLACK
10
58.9609999999999985
20
-84.5300000000000011
40
0.75
0
CIRCLE
8
BLACK
10
218.8100000000000023
20
-47.5869999999999962
40
0.75
0
CIRCLE
8
BLACK
10
47.4099999999999966
20
-74.7599999999999909
40
0.75
0
CIRCLE
8
BLACK
10
62.4441059999999979
20
-76.9099999999999966
40
0.75
0
CIRCLE
8
BLACK
10
58.8200000000000003
20
-73.9200000000000017
40
0.75
0
CIRCLE
8
BLACK
10
49.7469999999999999
20
-109.1229999999999905
40
0.75
0
CIRCLE
8
BLACK
10
247.0209999999999866
20
-93.6709999999999923
40
0.75
0
CIRCLE
8
BLACK
10
221.3199999999999932
20
-138.8729999999999905
40
0.75
0
CIRCLE
8
BLACK
10
243.5029469999999776
20
-90.1529469999999975
40
0.75
0
CIRCLE
8
BLACK
10
58.9609999999999985
20
-107.3900000000000006
40
0.75
0
CIRCLE
8
BLACK
10
247.0300000000000011
20
-104.2299999999999898
40
0.75
0
CIRCLE
8
BLACK
10
238.9058939999999893
20
-104.2299999999999898
40
0.75
0
CIRCLE
8
BLACK
10
47.4460009999999954
20
-114.678104999999988
40
0.75
0
CIRCLE
8
BLACK
10
58.9510000000000005
20
-109.9299999999999926
40
0.75
0
CIRCLE
8
BLACK
10
249.339999999999975
20
-99.2441060000000022
40
0.75
0
CIRCLE
8
BLACK
10
241.6258939999999882
20
-91.5300000000000011
40
0.75
0
CIRCLE
8
BLACK
10
244.5300000000000011
20
-99.1499999999999915
40
0.75
0
CIRCLE
8
BLACK
10
221.4439999999999884
20
-141.1740000000000066
40
0.75
0
CIRCLE
8
BLACK
10
221.3899999999999864
20
-143.4749999999999943
40
0.75
0
CIRCLE
8
BLACK
10
45.1450010000000006
20
-120.1799999999999926
40
0.75
0
CIRCLE
8
BLACK
10
241.4458939999999814
20
-106.769999999999996
40
0.75
0
CIRCLE
8
BLACK
10
238.2800000000000011
20
-96.6099999999999994
40
0.75
0
CIRCLE
8
BLACK
10
251.6229999999999905
20
-103.7269999999999897
40
0.75
0
CIRCLE
8
BLACK
10
58.9609999999999985
20
-112.4699999999999989
40
0.75
0
CIRCLE
8
BLACK
10
58.9709999999999965
20
-104.8499999999999943
40
0.75
0
CIRCLE
8
BLACK
10
218.8499999999999943
20
-45.2860000000000014
40
0.75
0
CIRCLE
8
BLACK
10
47.9699999999999989
20
-104.8499999999999943
40
0.75
0
CIRCLE
8
BLACK
10
242.0058939999999836
20
-81.3699999999999903
40
0.75
0
CIRCLE
8
BLACK
10
251.2009999999999934
20
-76.6689999999999969
40
0.75
0
CIRCLE
8
BLACK
10
196.3499999999999943
20
-82.7000000000000028
40
0.75
0
CIRCLE
8
BLACK
10
62.6989999999999981
20
-92.1499999999999915
40
0.75
0
CIRCLE
8
BLACK
10
54.3399999999999963
20
-86.3399999999999892
40
0.75
0
CIRCLE
8
BLACK
10
191.7489999999999952
20
-87.2768939999999986
40
0.75
0
CIRCLE
8
BLACK
10
239.4707879999999989
20
-52.1890000000000001
40
0.75
0
CIRCLE
8
BLACK
10
59.009999999999998
20
-117.5499999999999972
40
0.75
0
CIRCLE
8
BLACK
10
218.6799999999999784
20
-40.6839999999999975
40
0.75
0
CIRCLE
8
BLACK
10
227.9657880000000034
20
-40.6839999999999975
40
0.75
0
CIRCLE
8
BLACK
10
40.5069990000000004
20
-119.700997000000001
40
0.75
0
CIRCLE
8
BLACK
10
221.8499999999999943
20
-145.775999999999982
40
0.75
0
CIRCLE
8
BLACK
10
127.0999999999999943
20
-145.789999999999992
40
0.75
0
CIRCLE
8
BLACK
10
198.4899999999999807
20
-134.2709999999999866
40
0.75
0
CIRCLE
8
BLACK
10
125.3499999999999943
20
-129.6689999999999827
40
0.75
0
CIRCLE
8
BLACK
10
198.4899999999999807
20
-120.6099999999999994
40
0.75
0
CIRCLE
8
BLACK
10
255.839999999999975
20
-76.6558940000000035
40
0.75
0
CIRCLE
8
BLACK
10
191.5589999999999975
20
-117.5499999999999972
40
0.75
0
CIRCLE
8
BLACK
10
212.2399999999999807
20
-148.0199999999999818
40
0.75
0
CIRCLE
8
BLACK
10
244.2980000000000018
20
-76.8161059999999907
40
0.75
0
CIRCLE
8
BLACK
10
218.4650000000000034
20
-42.9849999999999994
40
0.75
0
CIRCLE
8
BLACK
10
42.8079999999999998
20
-121.0971049999999991
40
0.75
0
CIRCLE
8
BLACK
10
253.539999999999992
20
-77.6099999999999994
40
0.75
0
CIRCLE
8
BLACK
10
239.4658939999999916
20
-83.9099999999999966
40
0.75
0
CIRCLE
8
BLACK
10
58.9609999999999985
20
-115.0099999999999909
40
0.75
0
CIRCLE
8
BLACK
10
54.3489999999999966
20
-92.9189999999999969
40
0.75
0
CIRCLE
8
BLACK
10
58.9510000000000005
20
-89.6099999999999994
40
0.75
0
CIRCLE
8
BLACK
10
49.7190000000000012
20
-100.5731049999999982
40
0.75
0
CIRCLE
8
BLACK
10
218.9779999999999802
20
-49.8879999999999981
40
0.75
0
CIRCLE
8
BLACK
10
58.9709999999999965
20
-102.3100000000000023
40
0.75
  0
ENDSEC
  0
EOF
