  0
SECTION
  2
HEADER
  9
$ANGBASE
  50
0.0
  9
$ANGDIR
  70
1
  9
$MEASUREMENT
  70
0
  0
ENDSEC
  0
SECTION
  2
TABLES
  0
TABLE
  2
LTYPE
  70
4
  0
LTYPE
  5
40F
  2
CONTINUOUS
  70
0
  3
Solid line
  72
65
  73
0
  40
0.0
  0
LTYPE
  5
410
  2
DASHDOT
 70
0
  3
Dash Dot ____ _ ____ _
 72
65
 73
4
 40
2.0
 49
1.25
 49
-0.25
 49
0.25
 49
-0.25
  0
LTYPE
  5
411
  2
DASHED
 70
0
  3
Dashed __ __ __ __ __
 72
65
 73
2
 40
0.75
 49
0.5
 49
-0.25
  0
LTYPE
  5
43B
  2
DOTTED
 70
0
  3
Dotted .  .  .  .
 72
65
 73
2
 40
0.2
 49
0.0
 49
-0.2
  0
ENDTAB
  0
TABLE
  2
STYLE
  70
4
  0
STYLE
  2
KICAD
  70
0
  40
0
  41
1
  42
1
  50
0
  71
0
  3
isocp.shx
  0
STYLE
  2
KICADB
  70
0
  40
0
  41
1
  42
1
  50
0
  71
0
  3
isocp.shx
  0
STYLE
  2
KICADI
  70
0
  40
0
  41
1
  42
1
  50
15
  71
0
  3
isocp.shx
  0
STYLE
  2
KICADBI
  70
0
  40
0
  41
1
  42
1
  50
15
  71
0
  3
isocp.shx
  0
ENDTAB
  0
TABLE
  2
LAYER
  70
1
  0
LAYER
  2
BLACK
  70
0
  62
7
  6
CONTINUOUS
  0
ENDTAB
  0
ENDSEC
  0
SECTION
  2
ENTITIES
0
LINE
8
BLACK
6
CONTINUOUS
10
3.2024639370078738
20
-2.7625752362204725
11
3.2057209448818895
21
-2.764751496062992
0
LINE
8
BLACK
6
CONTINUOUS
10
3.2057209448818895
20
-2.764751496062992
11
3.2078972047244094
21
-2.7680085039370077
0
LINE
8
BLACK
6
CONTINUOUS
10
3.2078972047244094
20
-2.7680085039370077
11
3.2086614173228347
21
-2.7718503937007872
0
LINE
8
BLACK
6
CONTINUOUS
10
3.2086614173228347
20
-2.7718503937007872
11
3.2086614173228347
21
-2.8187007874015748
0
LINE
8
BLACK
6
CONTINUOUS
10
3.2086614173228347
20
-2.8187007874015748
11
3.2078972047244094
21
-2.8225426771653543
0
LINE
8
BLACK
6
CONTINUOUS
10
3.2078972047244094
20
-2.8225426771653543
11
3.2057209448818895
21
-2.8257996850393701
0
LINE
8
BLACK
6
CONTINUOUS
10
3.2057209448818895
20
-2.8257996850393701
11
3.2024639370078738
21
-2.8279759448818895
0
LINE
8
BLACK
6
CONTINUOUS
10
3.2024639370078738
20
-2.8279759448818895
11
3.1986220472440943
21
-2.8287401574803148
0
LINE
8
BLACK
6
CONTINUOUS
10
3.1986220472440943
20
-2.8287401574803148
11
2.6281496062992127
21
-2.8287401574803148
0
LINE
8
BLACK
6
CONTINUOUS
10
2.6281496062992127
20
-2.8287401574803148
11
2.6243077165354332
21
-2.8279759448818895
0
LINE
8
BLACK
6
CONTINUOUS
10
2.6243077165354332
20
-2.8279759448818895
11
2.6210507086614174
21
-2.8257996850393701
0
LINE
8
BLACK
6
CONTINUOUS
10
2.6210507086614174
20
-2.8257996850393701
11
2.6188744488188975
21
-2.8225426771653543
0
LINE
8
BLACK
6
CONTINUOUS
10
2.6188744488188975
20
-2.8225426771653543
11
2.6185409448818895
21
-2.8208661417322833
0
LINE
8
BLACK
6
CONTINUOUS
10
2.6185409448818895
20
-2.8208661417322833
11
2.6183277165354331
21
-2.8208661417322833
0
LINE
8
BLACK
6
CONTINUOUS
10
2.6183277165354331
20
-2.8208661417322833
11
2.5865748031496061
21
-2.8526190551181103
0
LINE
8
BLACK
6
CONTINUOUS
10
2.5865748031496061
20
-2.8526190551181103
11
2.5865748031496061
21
-4.310215551181102
0
LINE
8
BLACK
6
CONTINUOUS
10
2.5865748031496061
20
-4.310215551181102
11
2.6858474409448818
21
-4.4094881889763782
0
LINE
8
BLACK
6
CONTINUOUS
10
2.6858474409448818
20
-4.4094881889763782
11
9.4143100787401579
21
-4.4094881889763782
0
LINE
8
BLACK
6
CONTINUOUS
10
9.4143100787401579
20
-4.4094881889763782
11
9.5000393700787402
21
-4.3237588582677162
0
LINE
8
BLACK
6
CONTINUOUS
10
9.5000393700787402
20
-4.3237588582677162
11
9.5000393700787402
21
-3.4557686614173226
0
LINE
8
BLACK
6
CONTINUOUS
10
9.5000393700787402
20
-3.4557686614173226
11
9.4682864566929137
21
-3.4240157480314961
0
LINE
8
BLACK
6
CONTINUOUS
10
9.4682864566929137
20
-3.4240157480314961
11
9.4680732283464568
21
-3.4240157480314961
0
LINE
8
BLACK
6
CONTINUOUS
10
9.4680732283464568
20
-3.4240157480314961
11
9.4677397244094479
21
-3.4256922834645667
0
LINE
8
BLACK
6
CONTINUOUS
10
9.4677397244094479
20
-3.4256922834645667
11
9.4655634645669284
21
-3.4289492913385824
0
LINE
8
BLACK
6
CONTINUOUS
10
9.4655634645669284
20
-3.4289492913385824
11
9.4623064566929127
21
-3.4311255511811023
0
LINE
8
BLACK
6
CONTINUOUS
10
9.4623064566929127
20
-3.4311255511811023
11
9.4584645669291341
21
-3.4318897637795276
0
LINE
8
BLACK
6
CONTINUOUS
10
9.4584645669291341
20
-3.4318897637795276
11
8.8879921259842511
21
-3.4318897637795276
0
LINE
8
BLACK
6
CONTINUOUS
10
8.8879921259842511
20
-3.4318897637795276
11
8.8841502362204725
21
-3.4311255511811023
0
LINE
8
BLACK
6
CONTINUOUS
10
8.8841502362204725
20
-3.4311255511811023
11
8.8808932283464568
21
-3.4289492913385824
0
LINE
8
BLACK
6
CONTINUOUS
10
8.8808932283464568
20
-3.4289492913385824
11
8.8787169685039373
21
-3.4256922834645667
0
LINE
8
BLACK
6
CONTINUOUS
10
8.8787169685039373
20
-3.4256922834645667
11
8.8779527559055111
21
-3.4218503937007871
0
LINE
8
BLACK
6
CONTINUOUS
10
8.8779527559055111
20
-3.4218503937007871
11
8.8779527559055111
21
-3.375
0
LINE
8
BLACK
6
CONTINUOUS
10
8.8779527559055111
20
-3.375
11
8.8787169685039373
21
-3.3711581102362205
0
LINE
8
BLACK
6
CONTINUOUS
10
8.8787169685039373
20
-3.3711581102362205
11
8.8808932283464568
21
-3.3679011023622047
0
LINE
8
BLACK
6
CONTINUOUS
10
8.8808932283464568
20
-3.3679011023622047
11
8.8841502362204725
21
-3.3657248425196848
0
LINE
8
BLACK
6
CONTINUOUS
10
8.8841502362204725
20
-3.3657248425196848
11
8.8879921259842511
21
-3.3649606299212595
0
LINE
8
BLACK
6
CONTINUOUS
10
8.8879921259842511
20
-3.3649606299212595
11
9.4584645669291341
21
-3.3649606299212595
0
LINE
8
BLACK
6
CONTINUOUS
10
9.4584645669291341
20
-3.3649606299212595
11
9.4623064566929127
21
-3.3657248425196848
0
LINE
8
BLACK
6
CONTINUOUS
10
9.4623064566929127
20
-3.3657248425196848
11
9.4655634645669284
21
-3.3679011023622047
0
LINE
8
BLACK
6
CONTINUOUS
10
9.4655634645669284
20
-3.3679011023622047
11
9.4677397244094479
21
-3.3711581102362205
0
LINE
8
BLACK
6
CONTINUOUS
10
9.4677397244094479
20
-3.3711581102362205
11
9.4680732283464568
21
-3.3728346456692915
0
LINE
8
BLACK
6
CONTINUOUS
10
9.4680732283464568
20
-3.3728346456692915
11
9.4788863779527563
21
-3.3728346456692915
0
LINE
8
BLACK
6
CONTINUOUS
10
9.4788863779527563
20
-3.3728346456692915
11
9.4813946850393691
21
-3.3729578740157478
0
LINE
8
BLACK
6
CONTINUOUS
10
9.4813946850393691
20
-3.3729578740157478
11
9.4863149212598419
21
-3.3739365748031496
0
LINE
8
BLACK
6
CONTINUOUS
10
9.4863149212598419
20
-3.3739365748031496
11
9.4909496850393698
21
-3.3758563385826772
0
LINE
8
BLACK
6
CONTINUOUS
10
9.4909496850393698
20
-3.3758563385826772
11
9.4951208661417326
21
-3.3786434251968505
0
LINE
8
BLACK
6
CONTINUOUS
10
9.4951208661417326
20
-3.3786434251968505
11
9.4969816141732277
21
-3.3803299606299211
0
LINE
8
BLACK
6
CONTINUOUS
10
9.4969816141732277
20
-3.3803299606299211
11
9.5437251574803152
21
-3.4270735039370077
0
LINE
8
BLACK
6
CONTINUOUS
10
9.5437251574803152
20
-3.4270735039370077
11
9.545411692913385
21
-3.4289342519685038
0
LINE
8
BLACK
6
CONTINUOUS
10
9.545411692913385
20
-3.4289342519685038
11
9.5481987795275582
21
-3.4331054330708661
0
LINE
8
BLACK
6
CONTINUOUS
10
9.5481987795275582
20
-3.4331054330708661
11
9.5501185433070859
21
-3.4377401968503936
0
LINE
8
BLACK
6
CONTINUOUS
10
9.5501185433070859
20
-3.4377401968503936
11
9.551097283464566
21
-3.4426604330708659
0
LINE
8
BLACK
6
CONTINUOUS
10
9.551097283464566
20
-3.4426604330708659
11
9.551097283464566
21
-3.4426612204724409
0
LINE
8
BLACK
6
CONTINUOUS
10
9.551097283464566
20
-3.4426612204724409
11
9.551220472440944
21
-3.4451687401574804
0
LINE
8
BLACK
6
CONTINUOUS
10
9.551220472440944
20
-3.4451687401574804
11
9.551220472440944
21
-4.3343588188976376
0
LINE
8
BLACK
6
CONTINUOUS
10
9.551220472440944
20
-4.3343588188976376
11
9.551097283464566
21
-4.3368662992125984
0
LINE
8
BLACK
6
CONTINUOUS
10
9.551097283464566
20
-4.3368662992125984
11
9.551097283464566
21
-4.3368671259842522
0
LINE
8
BLACK
6
CONTINUOUS
10
9.551097283464566
20
-4.3368671259842522
11
9.5501185826771646
21
-4.3417873622047241
0
LINE
8
BLACK
6
CONTINUOUS
10
9.5501185826771646
20
-4.3417873622047241
11
9.5481987795275582
21
-4.3464221259842519
0
LINE
8
BLACK
6
CONTINUOUS
10
9.5481987795275582
20
-4.3464221259842519
11
9.545411692913385
21
-4.3505933070866138
0
LINE
8
BLACK
6
CONTINUOUS
10
9.545411692913385
20
-4.3505933070866138
11
9.543725196850394
21
-4.3524540551181099
0
LINE
8
BLACK
6
CONTINUOUS
10
9.543725196850394
20
-4.3524540551181099
11
9.4430052362204719
21
-4.4531739763779523
0
LINE
8
BLACK
6
CONTINUOUS
10
9.4430052362204719
20
-4.4531739763779523
11
9.4411445275590555
21
-4.4548604724409451
0
LINE
8
BLACK
6
CONTINUOUS
10
9.4411445275590555
20
-4.4548604724409451
11
9.4411444881889768
21
-4.4548605118110238
0
LINE
8
BLACK
6
CONTINUOUS
10
9.4411444881889768
20
-4.4548605118110238
11
9.436973307086614
21
-4.4576475984251971
0
LINE
8
BLACK
6
CONTINUOUS
10
9.436973307086614
20
-4.4576475984251971
11
9.4323385433070861
21
-4.4595673622047247
0
LINE
8
BLACK
6
CONTINUOUS
10
9.4323385433070861
20
-4.4595673622047247
11
9.4274183070866133
21
-4.4605460629921261
0
LINE
8
BLACK
6
CONTINUOUS
10
9.4274183070866133
20
-4.4605460629921261
11
9.4249100000000006
21
-4.4606692913385828
0
LINE
8
BLACK
6
CONTINUOUS
10
9.4249100000000006
20
-4.4606692913385828
11
2.6752474803149604
21
-4.4606692913385828
0
LINE
8
BLACK
6
CONTINUOUS
10
2.6752474803149604
20
-4.4606692913385828
11
2.6727391732283463
21
-4.4605460629921261
0
LINE
8
BLACK
6
CONTINUOUS
10
2.6727391732283463
20
-4.4605460629921261
11
2.667818937007874
21
-4.4595673622047247
0
LINE
8
BLACK
6
CONTINUOUS
10
2.667818937007874
20
-4.4595673622047247
11
2.6631841732283466
21
-4.4576475984251971
0
LINE
8
BLACK
6
CONTINUOUS
10
2.6631841732283466
20
-4.4576475984251971
11
2.6590129921259842
21
-4.4548605118110238
0
LINE
8
BLACK
6
CONTINUOUS
10
2.6590129921259842
20
-4.4548605118110238
11
2.6590125590551179
21
-4.4548600787401575
0
LINE
8
BLACK
6
CONTINUOUS
10
2.6590125590551179
20
-4.4548600787401575
11
2.6571522047244094
21
-4.4531739763779523
0
LINE
8
BLACK
6
CONTINUOUS
10
2.6571522047244094
20
-4.4531739763779523
11
2.5428890157480315
21
-4.3389107480314957
0
LINE
8
BLACK
6
CONTINUOUS
10
2.5428890157480315
20
-4.3389107480314957
11
2.5412024803149604
21
-4.3370499999999996
0
LINE
8
BLACK
6
CONTINUOUS
10
2.5412024803149604
20
-4.3370499999999996
11
2.5384153937007872
21
-4.3328788188976377
0
LINE
8
BLACK
6
CONTINUOUS
10
2.5384153937007872
20
-4.3328788188976377
11
2.53649562992126
21
-4.3282440551181098
0
LINE
8
BLACK
6
CONTINUOUS
10
2.53649562992126
20
-4.3282440551181098
11
2.5355169291338582
21
-4.3233238188976379
0
LINE
8
BLACK
6
CONTINUOUS
10
2.5355169291338582
20
-4.3233238188976379
11
2.5353937007874014
21
-4.3208155118110234
0
LINE
8
BLACK
6
CONTINUOUS
10
2.5353937007874014
20
-4.3208155118110234
11
2.5353937007874014
21
-2.8420191338582677
0
LINE
8
BLACK
6
CONTINUOUS
10
2.5353937007874014
20
-2.8420191338582677
11
2.5355169291338582
21
-2.8395108267716536
0
LINE
8
BLACK
6
CONTINUOUS
10
2.5355169291338582
20
-2.8395108267716536
11
2.53649562992126
21
-2.8345905905511812
0
LINE
8
BLACK
6
CONTINUOUS
10
2.53649562992126
20
-2.8345905905511812
11
2.5384153937007872
21
-2.8299558267716534
0
LINE
8
BLACK
6
CONTINUOUS
10
2.5384153937007872
20
-2.8299558267716534
11
2.5412024803149604
21
-2.8257846456692914
0
LINE
8
BLACK
6
CONTINUOUS
10
2.5412024803149604
20
-2.8257846456692914
11
2.5428890157480315
21
-2.8239238976377954
0
LINE
8
BLACK
6
CONTINUOUS
10
2.5428890157480315
20
-2.8239238976377954
11
2.5896325590551181
21
-2.7771803543307088
0
LINE
8
BLACK
6
CONTINUOUS
10
2.5896325590551181
20
-2.7771803543307088
11
2.5914933070866142
21
-2.7754938188976377
0
LINE
8
BLACK
6
CONTINUOUS
10
2.5914933070866142
20
-2.7754938188976377
11
2.5956644881889761
21
-2.7727067322834644
0
LINE
8
BLACK
6
CONTINUOUS
10
2.5956644881889761
20
-2.7727067322834644
11
2.600299251968504
21
-2.7707869685039368
0
LINE
8
BLACK
6
CONTINUOUS
10
2.600299251968504
20
-2.7707869685039368
11
2.6052194881889763
21
-2.7698082283464567
0
LINE
8
BLACK
6
CONTINUOUS
10
2.6052194881889763
20
-2.7698082283464567
11
2.6052202755905509
21
-2.7698082283464567
0
LINE
8
BLACK
6
CONTINUOUS
10
2.6052202755905509
20
-2.7698082283464567
11
2.6077277952755904
21
-2.7696850393700787
0
LINE
8
BLACK
6
CONTINUOUS
10
2.6077277952755904
20
-2.7696850393700787
11
2.6185409448818895
21
-2.7696850393700787
0
LINE
8
BLACK
6
CONTINUOUS
10
2.6185409448818895
20
-2.7696850393700787
11
2.6188744488188975
21
-2.7680085039370077
0
LINE
8
BLACK
6
CONTINUOUS
10
2.6188744488188975
20
-2.7680085039370077
11
2.6210507086614174
21
-2.764751496062992
0
LINE
8
BLACK
6
CONTINUOUS
10
2.6210507086614174
20
-2.764751496062992
11
2.6243077165354332
21
-2.7625752362204725
0
LINE
8
BLACK
6
CONTINUOUS
10
2.6243077165354332
20
-2.7625752362204725
11
2.6281496062992127
21
-2.7618110236220472
0
LINE
8
BLACK
6
CONTINUOUS
10
2.6281496062992127
20
-2.7618110236220472
11
3.1986220472440943
21
-2.7618110236220472
0
LINE
8
BLACK
6
CONTINUOUS
10
3.1986220472440943
20
-2.7618110236220472
11
3.2024639370078738
21
-2.7625752362204725
0
LINE
8
BLACK
6
CONTINUOUS
10
7.730022992125984
20
-4.2501342913385827
11
7.7332799999999997
21
-4.2523105511811021
0
LINE
8
BLACK
6
CONTINUOUS
10
7.7332799999999997
20
-4.2523105511811021
11
7.7354562598425192
21
-4.2555675590551179
0
LINE
8
BLACK
6
CONTINUOUS
10
7.7354562598425192
20
-4.2555675590551179
11
7.7362204724409445
21
-4.2594094488188974
0
LINE
8
BLACK
6
CONTINUOUS
10
7.7362204724409445
20
-4.2594094488188974
11
7.7362204724409445
21
-4.306259842519685
0
LINE
8
BLACK
6
CONTINUOUS
10
7.7362204724409445
20
-4.306259842519685
11
7.7354562598425192
21
-4.3101017322834645
0
LINE
8
BLACK
6
CONTINUOUS
10
7.7354562598425192
20
-4.3101017322834645
11
7.7332799999999997
21
-4.3133587401574802
0
LINE
8
BLACK
6
CONTINUOUS
10
7.7332799999999997
20
-4.3133587401574802
11
7.730022992125984
21
-4.3155349999999997
0
LINE
8
BLACK
6
CONTINUOUS
10
7.730022992125984
20
-4.3155349999999997
11
7.7261811023622045
21
-4.316299212598425
0
LINE
8
BLACK
6
CONTINUOUS
10
7.7261811023622045
20
-4.316299212598425
11
7.1557086614173224
21
-4.316299212598425
0
LINE
8
BLACK
6
CONTINUOUS
10
7.1557086614173224
20
-4.316299212598425
11
7.1518667716535429
21
-4.3155349999999997
0
LINE
8
BLACK
6
CONTINUOUS
10
7.1518667716535429
20
-4.3155349999999997
11
7.1486097637795272
21
-4.3133587401574802
0
LINE
8
BLACK
6
CONTINUOUS
10
7.1486097637795272
20
-4.3133587401574802
11
7.1464335039370077
21
-4.3101017322834645
0
LINE
8
BLACK
6
CONTINUOUS
10
7.1464335039370077
20
-4.3101017322834645
11
7.1456692913385824
21
-4.306259842519685
0
LINE
8
BLACK
6
CONTINUOUS
10
7.1456692913385824
20
-4.306259842519685
11
7.1456692913385824
21
-4.2594094488188974
0
LINE
8
BLACK
6
CONTINUOUS
10
7.1456692913385824
20
-4.2594094488188974
11
7.1464335039370077
21
-4.2555675590551179
0
LINE
8
BLACK
6
CONTINUOUS
10
7.1464335039370077
20
-4.2555675590551179
11
7.1486097637795272
21
-4.2523105511811021
0
LINE
8
BLACK
6
CONTINUOUS
10
7.1486097637795272
20
-4.2523105511811021
11
7.1518667716535429
21
-4.2501342913385827
0
LINE
8
BLACK
6
CONTINUOUS
10
7.1518667716535429
20
-4.2501342913385827
11
7.1557086614173224
21
-4.2493700787401574
0
LINE
8
BLACK
6
CONTINUOUS
10
7.1557086614173224
20
-4.2493700787401574
11
7.7261811023622045
21
-4.2493700787401574
0
LINE
8
BLACK
6
CONTINUOUS
10
7.7261811023622045
20
-4.2493700787401574
11
7.730022992125984
21
-4.2501342913385827
0
LINE
8
BLACK
6
CONTINUOUS
10
9.4623064566929127
20
-4.2501342913385827
11
9.4655634645669284
21
-4.2523105511811021
0
LINE
8
BLACK
6
CONTINUOUS
10
9.4655634645669284
20
-4.2523105511811021
11
9.4677397244094479
21
-4.2555675590551179
0
LINE
8
BLACK
6
CONTINUOUS
10
9.4677397244094479
20
-4.2555675590551179
11
9.4685039370078741
21
-4.2594094488188974
0
LINE
8
BLACK
6
CONTINUOUS
10
9.4685039370078741
20
-4.2594094488188974
11
9.4685039370078741
21
-4.306259842519685
0
LINE
8
BLACK
6
CONTINUOUS
10
9.4685039370078741
20
-4.306259842519685
11
9.4677397244094479
21
-4.3101017322834645
0
LINE
8
BLACK
6
CONTINUOUS
10
9.4677397244094479
20
-4.3101017322834645
11
9.4655634645669284
21
-4.3133587401574802
0
LINE
8
BLACK
6
CONTINUOUS
10
9.4655634645669284
20
-4.3133587401574802
11
9.4623064566929127
21
-4.3155349999999997
0
LINE
8
BLACK
6
CONTINUOUS
10
9.4623064566929127
20
-4.3155349999999997
11
9.4584645669291341
21
-4.316299212598425
0
LINE
8
BLACK
6
CONTINUOUS
10
9.4584645669291341
20
-4.316299212598425
11
8.8879921259842511
21
-4.316299212598425
0
LINE
8
BLACK
6
CONTINUOUS
10
8.8879921259842511
20
-4.316299212598425
11
8.8841502362204725
21
-4.3155349999999997
0
LINE
8
BLACK
6
CONTINUOUS
10
8.8841502362204725
20
-4.3155349999999997
11
8.8808932283464568
21
-4.3133587401574802
0
LINE
8
BLACK
6
CONTINUOUS
10
8.8808932283464568
20
-4.3133587401574802
11
8.8787169685039373
21
-4.3101017322834645
0
LINE
8
BLACK
6
CONTINUOUS
10
8.8787169685039373
20
-4.3101017322834645
11
8.8779527559055111
21
-4.306259842519685
0
LINE
8
BLACK
6
CONTINUOUS
10
8.8779527559055111
20
-4.306259842519685
11
8.8779527559055111
21
-4.2594094488188974
0
LINE
8
BLACK
6
CONTINUOUS
10
8.8779527559055111
20
-4.2594094488188974
11
8.8787169685039373
21
-4.2555675590551179
0
LINE
8
BLACK
6
CONTINUOUS
10
8.8787169685039373
20
-4.2555675590551179
11
8.8808932283464568
21
-4.2523105511811021
0
LINE
8
BLACK
6
CONTINUOUS
10
8.8808932283464568
20
-4.2523105511811021
11
8.8841502362204725
21
-4.2501342913385827
0
LINE
8
BLACK
6
CONTINUOUS
10
8.8841502362204725
20
-4.2501342913385827
11
8.8879921259842511
21
-4.2493700787401574
0
LINE
8
BLACK
6
CONTINUOUS
10
8.8879921259842511
20
-4.2493700787401574
11
9.4584645669291341
21
-4.2493700787401574
0
LINE
8
BLACK
6
CONTINUOUS
10
9.4584645669291341
20
-4.2493700787401574
11
9.4623064566929127
21
-4.2501342913385827
0
LINE
8
BLACK
6
CONTINUOUS
10
3.2024639370078738
20
-4.2365909842519685
11
3.2057209448818895
21
-4.2387672440944879
0
LINE
8
BLACK
6
CONTINUOUS
10
3.2057209448818895
20
-4.2387672440944879
11
3.2078972047244094
21
-4.2420242519685036
0
LINE
8
BLACK
6
CONTINUOUS
10
3.2078972047244094
20
-4.2420242519685036
11
3.2086614173228347
21
-4.2458661417322832
0
LINE
8
BLACK
6
CONTINUOUS
10
3.2086614173228347
20
-4.2458661417322832
11
3.2086614173228347
21
-4.2927165354330707
0
LINE
8
BLACK
6
CONTINUOUS
10
3.2086614173228347
20
-4.2927165354330707
11
3.2078972047244094
21
-4.2965584251968503
0
LINE
8
BLACK
6
CONTINUOUS
10
3.2078972047244094
20
-4.2965584251968503
11
3.2057209448818895
21
-4.299815433070866
0
LINE
8
BLACK
6
CONTINUOUS
10
3.2057209448818895
20
-4.299815433070866
11
3.2024639370078738
21
-4.3019916929133855
0
LINE
8
BLACK
6
CONTINUOUS
10
3.2024639370078738
20
-4.3019916929133855
11
3.1986220472440943
21
-4.3027559055118108
0
LINE
8
BLACK
6
CONTINUOUS
10
3.1986220472440943
20
-4.3027559055118108
11
2.6281496062992127
21
-4.3027559055118108
0
LINE
8
BLACK
6
CONTINUOUS
10
2.6281496062992127
20
-4.3027559055118108
11
2.6243077165354332
21
-4.3019916929133855
0
LINE
8
BLACK
6
CONTINUOUS
10
2.6243077165354332
20
-4.3019916929133855
11
2.6210507086614174
21
-4.299815433070866
0
LINE
8
BLACK
6
CONTINUOUS
10
2.6210507086614174
20
-4.299815433070866
11
2.6188744488188975
21
-4.2965584251968503
0
LINE
8
BLACK
6
CONTINUOUS
10
2.6188744488188975
20
-4.2965584251968503
11
2.6181102362204722
21
-4.2927165354330707
0
LINE
8
BLACK
6
CONTINUOUS
10
2.6181102362204722
20
-4.2927165354330707
11
2.6181102362204722
21
-4.2458661417322832
0
LINE
8
BLACK
6
CONTINUOUS
10
2.6181102362204722
20
-4.2458661417322832
11
2.6188744488188975
21
-4.2420242519685036
0
LINE
8
BLACK
6
CONTINUOUS
10
2.6188744488188975
20
-4.2420242519685036
11
2.6210507086614174
21
-4.2387672440944879
0
LINE
8
BLACK
6
CONTINUOUS
10
2.6210507086614174
20
-4.2387672440944879
11
2.6243077165354332
21
-4.2365909842519685
0
LINE
8
BLACK
6
CONTINUOUS
10
2.6243077165354332
20
-4.2365909842519685
11
2.6281496062992127
21
-4.2358267716535432
0
LINE
8
BLACK
6
CONTINUOUS
10
2.6281496062992127
20
-4.2358267716535432
11
3.1986220472440943
21
-4.2358267716535432
0
LINE
8
BLACK
6
CONTINUOUS
10
3.1986220472440943
20
-4.2358267716535432
11
3.2024639370078738
21
-4.2365909842519685
0
LINE
8
BLACK
6
CONTINUOUS
10
4.9347474015748034
20
-4.2365909842519685
11
4.9380044094488191
21
-4.2387672440944879
0
LINE
8
BLACK
6
CONTINUOUS
10
4.9380044094488191
20
-4.2387672440944879
11
4.9401806692913386
21
-4.2420242519685036
0
LINE
8
BLACK
6
CONTINUOUS
10
4.9401806692913386
20
-4.2420242519685036
11
4.9409448818897639
21
-4.2458661417322832
0
LINE
8
BLACK
6
CONTINUOUS
10
4.9409448818897639
20
-4.2458661417322832
11
4.9409448818897639
21
-4.2927165354330707
0
LINE
8
BLACK
6
CONTINUOUS
10
4.9409448818897639
20
-4.2927165354330707
11
4.9401806692913386
21
-4.2965584251968503
0
LINE
8
BLACK
6
CONTINUOUS
10
4.9401806692913386
20
-4.2965584251968503
11
4.9380044094488191
21
-4.299815433070866
0
LINE
8
BLACK
6
CONTINUOUS
10
4.9380044094488191
20
-4.299815433070866
11
4.9347474015748034
21
-4.3019916929133855
0
LINE
8
BLACK
6
CONTINUOUS
10
4.9347474015748034
20
-4.3019916929133855
11
4.9309055118110239
21
-4.3027559055118108
0
LINE
8
BLACK
6
CONTINUOUS
10
4.9309055118110239
20
-4.3027559055118108
11
4.3604330708661418
21
-4.3027559055118108
0
LINE
8
BLACK
6
CONTINUOUS
10
4.3604330708661418
20
-4.3027559055118108
11
4.3565911811023623
21
-4.3019916929133855
0
LINE
8
BLACK
6
CONTINUOUS
10
4.3565911811023623
20
-4.3019916929133855
11
4.3533341732283466
21
-4.299815433070866
0
LINE
8
BLACK
6
CONTINUOUS
10
4.3533341732283466
20
-4.299815433070866
11
4.3511579133858262
21
-4.2965584251968503
0
LINE
8
BLACK
6
CONTINUOUS
10
4.3511579133858262
20
-4.2965584251968503
11
4.3503937007874018
21
-4.2927165354330707
0
LINE
8
BLACK
6
CONTINUOUS
10
4.3503937007874018
20
-4.2927165354330707
11
4.3503937007874018
21
-4.2458661417322832
0
LINE
8
BLACK
6
CONTINUOUS
10
4.3503937007874018
20
-4.2458661417322832
11
4.3511579133858262
21
-4.2420242519685036
0
LINE
8
BLACK
6
CONTINUOUS
10
4.3511579133858262
20
-4.2420242519685036
11
4.3533341732283466
21
-4.2387672440944879
0
LINE
8
BLACK
6
CONTINUOUS
10
4.3533341732283466
20
-4.2387672440944879
11
4.3565911811023623
21
-4.2365909842519685
0
LINE
8
BLACK
6
CONTINUOUS
10
4.3565911811023623
20
-4.2365909842519685
11
4.3604330708661418
21
-4.2358267716535432
0
LINE
8
BLACK
6
CONTINUOUS
10
4.3604330708661418
20
-4.2358267716535432
11
4.9309055118110239
21
-4.2358267716535432
0
LINE
8
BLACK
6
CONTINUOUS
10
4.9309055118110239
20
-4.2358267716535432
11
4.9347474015748034
21
-4.2365909842519685
0
LINE
8
BLACK
6
CONTINUOUS
10
7.730022992125984
20
-4.1518665748031491
11
7.7332799999999997
21
-4.1540428346456695
0
LINE
8
BLACK
6
CONTINUOUS
10
7.7332799999999997
20
-4.1540428346456695
11
7.7354562598425192
21
-4.1572998425196852
0
LINE
8
BLACK
6
CONTINUOUS
10
7.7354562598425192
20
-4.1572998425196852
11
7.7362204724409445
21
-4.1611417322834647
0
LINE
8
BLACK
6
CONTINUOUS
10
7.7362204724409445
20
-4.1611417322834647
11
7.7362204724409445
21
-4.2079921259842514
0
LINE
8
BLACK
6
CONTINUOUS
10
7.7362204724409445
20
-4.2079921259842514
11
7.7354562598425192
21
-4.211834015748031
0
LINE
8
BLACK
6
CONTINUOUS
10
7.7354562598425192
20
-4.211834015748031
11
7.7332799999999997
21
-4.2150910236220476
0
LINE
8
BLACK
6
CONTINUOUS
10
7.7332799999999997
20
-4.2150910236220476
11
7.730022992125984
21
-4.217267283464567
0
LINE
8
BLACK
6
CONTINUOUS
10
7.730022992125984
20
-4.217267283464567
11
7.7261811023622045
21
-4.2180314960629923
0
LINE
8
BLACK
6
CONTINUOUS
10
7.7261811023622045
20
-4.2180314960629923
11
7.1557086614173224
21
-4.2180314960629923
0
LINE
8
BLACK
6
CONTINUOUS
10
7.1557086614173224
20
-4.2180314960629923
11
7.1518667716535429
21
-4.217267283464567
0
LINE
8
BLACK
6
CONTINUOUS
10
7.1518667716535429
20
-4.217267283464567
11
7.1486097637795272
21
-4.2150910236220476
0
LINE
8
BLACK
6
CONTINUOUS
10
7.1486097637795272
20
-4.2150910236220476
11
7.1464335039370077
21
-4.211834015748031
0
LINE
8
BLACK
6
CONTINUOUS
10
7.1464335039370077
20
-4.211834015748031
11
7.1456692913385824
21
-4.2079921259842514
0
LINE
8
BLACK
6
CONTINUOUS
10
7.1456692913385824
20
-4.2079921259842514
11
7.1456692913385824
21
-4.1611417322834647
0
LINE
8
BLACK
6
CONTINUOUS
10
7.1456692913385824
20
-4.1611417322834647
11
7.1464335039370077
21
-4.1572998425196852
0
LINE
8
BLACK
6
CONTINUOUS
10
7.1464335039370077
20
-4.1572998425196852
11
7.1486097637795272
21
-4.1540428346456695
0
LINE
8
BLACK
6
CONTINUOUS
10
7.1486097637795272
20
-4.1540428346456695
11
7.1518667716535429
21
-4.1518665748031491
0
LINE
8
BLACK
6
CONTINUOUS
10
7.1518667716535429
20
-4.1518665748031491
11
7.1557086614173224
21
-4.1511023622047247
0
LINE
8
BLACK
6
CONTINUOUS
10
7.1557086614173224
20
-4.1511023622047247
11
7.7261811023622045
21
-4.1511023622047247
0
LINE
8
BLACK
6
CONTINUOUS
10
7.7261811023622045
20
-4.1511023622047247
11
7.730022992125984
21
-4.1518665748031491
0
LINE
8
BLACK
6
CONTINUOUS
10
9.4623064566929127
20
-4.1518665748031491
11
9.4655634645669284
21
-4.1540428346456695
0
LINE
8
BLACK
6
CONTINUOUS
10
9.4655634645669284
20
-4.1540428346456695
11
9.4677397244094479
21
-4.1572998425196852
0
LINE
8
BLACK
6
CONTINUOUS
10
9.4677397244094479
20
-4.1572998425196852
11
9.4685039370078741
21
-4.1611417322834647
0
LINE
8
BLACK
6
CONTINUOUS
10
9.4685039370078741
20
-4.1611417322834647
11
9.4685039370078741
21
-4.2079921259842514
0
LINE
8
BLACK
6
CONTINUOUS
10
9.4685039370078741
20
-4.2079921259842514
11
9.4677397244094479
21
-4.211834015748031
0
LINE
8
BLACK
6
CONTINUOUS
10
9.4677397244094479
20
-4.211834015748031
11
9.4655634645669284
21
-4.2150910236220476
0
LINE
8
BLACK
6
CONTINUOUS
10
9.4655634645669284
20
-4.2150910236220476
11
9.4623064566929127
21
-4.217267283464567
0
LINE
8
BLACK
6
CONTINUOUS
10
9.4623064566929127
20
-4.217267283464567
11
9.4584645669291341
21
-4.2180314960629923
0
LINE
8
BLACK
6
CONTINUOUS
10
9.4584645669291341
20
-4.2180314960629923
11
8.8879921259842511
21
-4.2180314960629923
0
LINE
8
BLACK
6
CONTINUOUS
10
8.8879921259842511
20
-4.2180314960629923
11
8.8841502362204725
21
-4.217267283464567
0
LINE
8
BLACK
6
CONTINUOUS
10
8.8841502362204725
20
-4.217267283464567
11
8.8808932283464568
21
-4.2150910236220476
0
LINE
8
BLACK
6
CONTINUOUS
10
8.8808932283464568
20
-4.2150910236220476
11
8.8787169685039373
21
-4.211834015748031
0
LINE
8
BLACK
6
CONTINUOUS
10
8.8787169685039373
20
-4.211834015748031
11
8.8779527559055111
21
-4.2079921259842514
0
LINE
8
BLACK
6
CONTINUOUS
10
8.8779527559055111
20
-4.2079921259842514
11
8.8779527559055111
21
-4.1611417322834647
0
LINE
8
BLACK
6
CONTINUOUS
10
8.8779527559055111
20
-4.1611417322834647
11
8.8787169685039373
21
-4.1572998425196852
0
LINE
8
BLACK
6
CONTINUOUS
10
8.8787169685039373
20
-4.1572998425196852
11
8.8808932283464568
21
-4.1540428346456695
0
LINE
8
BLACK
6
CONTINUOUS
10
8.8808932283464568
20
-4.1540428346456695
11
8.8841502362204725
21
-4.1518665748031491
0
LINE
8
BLACK
6
CONTINUOUS
10
8.8841502362204725
20
-4.1518665748031491
11
8.8879921259842511
21
-4.1511023622047247
0
LINE
8
BLACK
6
CONTINUOUS
10
8.8879921259842511
20
-4.1511023622047247
11
9.4584645669291341
21
-4.1511023622047247
0
LINE
8
BLACK
6
CONTINUOUS
10
9.4584645669291341
20
-4.1511023622047247
11
9.4623064566929127
21
-4.1518665748031491
0
LINE
8
BLACK
6
CONTINUOUS
10
3.2024639370078738
20
-4.1383232677165349
11
3.2057209448818895
21
-4.1404995275590553
0
LINE
8
BLACK
6
CONTINUOUS
10
3.2057209448818895
20
-4.1404995275590553
11
3.2078972047244094
21
-4.143756535433071
0
LINE
8
BLACK
6
CONTINUOUS
10
3.2078972047244094
20
-4.143756535433071
11
3.2086614173228347
21
-4.1475984251968505
0
LINE
8
BLACK
6
CONTINUOUS
10
3.2086614173228347
20
-4.1475984251968505
11
3.2086614173228347
21
-4.1944488188976381
0
LINE
8
BLACK
6
CONTINUOUS
10
3.2086614173228347
20
-4.1944488188976381
11
3.2078972047244094
21
-4.1982907086614176
0
LINE
8
BLACK
6
CONTINUOUS
10
3.2078972047244094
20
-4.1982907086614176
11
3.2057209448818895
21
-4.2015477165354334
0
LINE
8
BLACK
6
CONTINUOUS
10
3.2057209448818895
20
-4.2015477165354334
11
3.2024639370078738
21
-4.2037239763779528
0
LINE
8
BLACK
6
CONTINUOUS
10
3.2024639370078738
20
-4.2037239763779528
11
3.1986220472440943
21
-4.2044881889763781
0
LINE
8
BLACK
6
CONTINUOUS
10
3.1986220472440943
20
-4.2044881889763781
11
2.6281496062992127
21
-4.2044881889763781
0
LINE
8
BLACK
6
CONTINUOUS
10
2.6281496062992127
20
-4.2044881889763781
11
2.6243077165354332
21
-4.2037239763779528
0
LINE
8
BLACK
6
CONTINUOUS
10
2.6243077165354332
20
-4.2037239763779528
11
2.6210507086614174
21
-4.2015477165354334
0
LINE
8
BLACK
6
CONTINUOUS
10
2.6210507086614174
20
-4.2015477165354334
11
2.6188744488188975
21
-4.1982907086614176
0
LINE
8
BLACK
6
CONTINUOUS
10
2.6188744488188975
20
-4.1982907086614176
11
2.6181102362204722
21
-4.1944488188976381
0
LINE
8
BLACK
6
CONTINUOUS
10
2.6181102362204722
20
-4.1944488188976381
11
2.6181102362204722
21
-4.1475984251968505
0
LINE
8
BLACK
6
CONTINUOUS
10
2.6181102362204722
20
-4.1475984251968505
11
2.6188744488188975
21
-4.143756535433071
0
LINE
8
BLACK
6
CONTINUOUS
10
2.6188744488188975
20
-4.143756535433071
11
2.6210507086614174
21
-4.1404995275590553
0
LINE
8
BLACK
6
CONTINUOUS
10
2.6210507086614174
20
-4.1404995275590553
11
2.6243077165354332
21
-4.1383232677165349
0
LINE
8
BLACK
6
CONTINUOUS
10
2.6243077165354332
20
-4.1383232677165349
11
2.6281496062992127
21
-4.1375590551181105
0
LINE
8
BLACK
6
CONTINUOUS
10
2.6281496062992127
20
-4.1375590551181105
11
3.1986220472440943
21
-4.1375590551181105
0
LINE
8
BLACK
6
CONTINUOUS
10
3.1986220472440943
20
-4.1375590551181105
11
3.2024639370078738
21
-4.1383232677165349
0
LINE
8
BLACK
6
CONTINUOUS
10
4.9347474015748034
20
-4.1383232677165349
11
4.9380044094488191
21
-4.1404995275590553
0
LINE
8
BLACK
6
CONTINUOUS
10
4.9380044094488191
20
-4.1404995275590553
11
4.9401806692913386
21
-4.143756535433071
0
LINE
8
BLACK
6
CONTINUOUS
10
4.9401806692913386
20
-4.143756535433071
11
4.9409448818897639
21
-4.1475984251968505
0
LINE
8
BLACK
6
CONTINUOUS
10
4.9409448818897639
20
-4.1475984251968505
11
4.9409448818897639
21
-4.1944488188976381
0
LINE
8
BLACK
6
CONTINUOUS
10
4.9409448818897639
20
-4.1944488188976381
11
4.9401806692913386
21
-4.1982907086614176
0
LINE
8
BLACK
6
CONTINUOUS
10
4.9401806692913386
20
-4.1982907086614176
11
4.9380044094488191
21
-4.2015477165354334
0
LINE
8
BLACK
6
CONTINUOUS
10
4.9380044094488191
20
-4.2015477165354334
11
4.9347474015748034
21
-4.2037239763779528
0
LINE
8
BLACK
6
CONTINUOUS
10
4.9347474015748034
20
-4.2037239763779528
11
4.9309055118110239
21
-4.2044881889763781
0
LINE
8
BLACK
6
CONTINUOUS
10
4.9309055118110239
20
-4.2044881889763781
11
4.3604330708661418
21
-4.2044881889763781
0
LINE
8
BLACK
6
CONTINUOUS
10
4.3604330708661418
20
-4.2044881889763781
11
4.3565911811023623
21
-4.2037239763779528
0
LINE
8
BLACK
6
CONTINUOUS
10
4.3565911811023623
20
-4.2037239763779528
11
4.3533341732283466
21
-4.2015477165354334
0
LINE
8
BLACK
6
CONTINUOUS
10
4.3533341732283466
20
-4.2015477165354334
11
4.3511579133858262
21
-4.1982907086614176
0
LINE
8
BLACK
6
CONTINUOUS
10
4.3511579133858262
20
-4.1982907086614176
11
4.3503937007874018
21
-4.1944488188976381
0
LINE
8
BLACK
6
CONTINUOUS
10
4.3503937007874018
20
-4.1944488188976381
11
4.3503937007874018
21
-4.1475984251968505
0
LINE
8
BLACK
6
CONTINUOUS
10
4.3503937007874018
20
-4.1475984251968505
11
4.3511579133858262
21
-4.143756535433071
0
LINE
8
BLACK
6
CONTINUOUS
10
4.3511579133858262
20
-4.143756535433071
11
4.3533341732283466
21
-4.1404995275590553
0
LINE
8
BLACK
6
CONTINUOUS
10
4.3533341732283466
20
-4.1404995275590553
11
4.3565911811023623
21
-4.1383232677165349
0
LINE
8
BLACK
6
CONTINUOUS
10
4.3565911811023623
20
-4.1383232677165349
11
4.3604330708661418
21
-4.1375590551181105
0
LINE
8
BLACK
6
CONTINUOUS
10
4.3604330708661418
20
-4.1375590551181105
11
4.9309055118110239
21
-4.1375590551181105
0
LINE
8
BLACK
6
CONTINUOUS
10
4.9309055118110239
20
-4.1375590551181105
11
4.9347474015748034
21
-4.1383232677165349
0
LINE
8
BLACK
6
CONTINUOUS
10
7.730022992125984
20
-4.0535988582677165
11
7.7332799999999997
21
-4.0557751181102359
0
LINE
8
BLACK
6
CONTINUOUS
10
7.7332799999999997
20
-4.0557751181102359
11
7.7354562598425192
21
-4.0590321259842517
0
LINE
8
BLACK
6
CONTINUOUS
10
7.7354562598425192
20
-4.0590321259842517
11
7.7362204724409445
21
-4.0628740157480312
0
LINE
8
BLACK
6
CONTINUOUS
10
7.7362204724409445
20
-4.0628740157480312
11
7.7362204724409445
21
-4.1097244094488188
0
LINE
8
BLACK
6
CONTINUOUS
10
7.7362204724409445
20
-4.1097244094488188
11
7.7354562598425192
21
-4.1135662992125983
0
LINE
8
BLACK
6
CONTINUOUS
10
7.7354562598425192
20
-4.1135662992125983
11
7.7332799999999997
21
-4.116823307086614
0
LINE
8
BLACK
6
CONTINUOUS
10
7.7332799999999997
20
-4.116823307086614
11
7.730022992125984
21
-4.1189995669291335
0
LINE
8
BLACK
6
CONTINUOUS
10
7.730022992125984
20
-4.1189995669291335
11
7.7261811023622045
21
-4.1197637795275588
0
LINE
8
BLACK
6
CONTINUOUS
10
7.7261811023622045
20
-4.1197637795275588
11
7.1557086614173224
21
-4.1197637795275588
0
LINE
8
BLACK
6
CONTINUOUS
10
7.1557086614173224
20
-4.1197637795275588
11
7.1518667716535429
21
-4.1189995669291335
0
LINE
8
BLACK
6
CONTINUOUS
10
7.1518667716535429
20
-4.1189995669291335
11
7.1486097637795272
21
-4.116823307086614
0
LINE
8
BLACK
6
CONTINUOUS
10
7.1486097637795272
20
-4.116823307086614
11
7.1464335039370077
21
-4.1135662992125983
0
LINE
8
BLACK
6
CONTINUOUS
10
7.1464335039370077
20
-4.1135662992125983
11
7.1456692913385824
21
-4.1097244094488188
0
LINE
8
BLACK
6
CONTINUOUS
10
7.1456692913385824
20
-4.1097244094488188
11
7.1456692913385824
21
-4.0628740157480312
0
LINE
8
BLACK
6
CONTINUOUS
10
7.1456692913385824
20
-4.0628740157480312
11
7.1464335039370077
21
-4.0590321259842517
0
LINE
8
BLACK
6
CONTINUOUS
10
7.1464335039370077
20
-4.0590321259842517
11
7.1486097637795272
21
-4.0557751181102359
0
LINE
8
BLACK
6
CONTINUOUS
10
7.1486097637795272
20
-4.0557751181102359
11
7.1518667716535429
21
-4.0535988582677165
0
LINE
8
BLACK
6
CONTINUOUS
10
7.1518667716535429
20
-4.0535988582677165
11
7.1557086614173224
21
-4.0528346456692912
0
LINE
8
BLACK
6
CONTINUOUS
10
7.1557086614173224
20
-4.0528346456692912
11
7.7261811023622045
21
-4.0528346456692912
0
LINE
8
BLACK
6
CONTINUOUS
10
7.7261811023622045
20
-4.0528346456692912
11
7.730022992125984
21
-4.0535988582677165
0
LINE
8
BLACK
6
CONTINUOUS
10
9.4623064566929127
20
-4.0535988582677165
11
9.4655634645669284
21
-4.0557751181102359
0
LINE
8
BLACK
6
CONTINUOUS
10
9.4655634645669284
20
-4.0557751181102359
11
9.4677397244094479
21
-4.0590321259842517
0
LINE
8
BLACK
6
CONTINUOUS
10
9.4677397244094479
20
-4.0590321259842517
11
9.4685039370078741
21
-4.0628740157480312
0
LINE
8
BLACK
6
CONTINUOUS
10
9.4685039370078741
20
-4.0628740157480312
11
9.4685039370078741
21
-4.1097244094488188
0
LINE
8
BLACK
6
CONTINUOUS
10
9.4685039370078741
20
-4.1097244094488188
11
9.4677397244094479
21
-4.1135662992125983
0
LINE
8
BLACK
6
CONTINUOUS
10
9.4677397244094479
20
-4.1135662992125983
11
9.4655634645669284
21
-4.116823307086614
0
LINE
8
BLACK
6
CONTINUOUS
10
9.4655634645669284
20
-4.116823307086614
11
9.4623064566929127
21
-4.1189995669291335
0
LINE
8
BLACK
6
CONTINUOUS
10
9.4623064566929127
20
-4.1189995669291335
11
9.4584645669291341
21
-4.1197637795275588
0
LINE
8
BLACK
6
CONTINUOUS
10
9.4584645669291341
20
-4.1197637795275588
11
8.8879921259842511
21
-4.1197637795275588
0
LINE
8
BLACK
6
CONTINUOUS
10
8.8879921259842511
20
-4.1197637795275588
11
8.8841502362204725
21
-4.1189995669291335
0
LINE
8
BLACK
6
CONTINUOUS
10
8.8841502362204725
20
-4.1189995669291335
11
8.8808932283464568
21
-4.116823307086614
0
LINE
8
BLACK
6
CONTINUOUS
10
8.8808932283464568
20
-4.116823307086614
11
8.8787169685039373
21
-4.1135662992125983
0
LINE
8
BLACK
6
CONTINUOUS
10
8.8787169685039373
20
-4.1135662992125983
11
8.8779527559055111
21
-4.1097244094488188
0
LINE
8
BLACK
6
CONTINUOUS
10
8.8779527559055111
20
-4.1097244094488188
11
8.8779527559055111
21
-4.0628740157480312
0
LINE
8
BLACK
6
CONTINUOUS
10
8.8779527559055111
20
-4.0628740157480312
11
8.8787169685039373
21
-4.0590321259842517
0
LINE
8
BLACK
6
CONTINUOUS
10
8.8787169685039373
20
-4.0590321259842517
11
8.8808932283464568
21
-4.0557751181102359
0
LINE
8
BLACK
6
CONTINUOUS
10
8.8808932283464568
20
-4.0557751181102359
11
8.8841502362204725
21
-4.0535988582677165
0
LINE
8
BLACK
6
CONTINUOUS
10
8.8841502362204725
20
-4.0535988582677165
11
8.8879921259842511
21
-4.0528346456692912
0
LINE
8
BLACK
6
CONTINUOUS
10
8.8879921259842511
20
-4.0528346456692912
11
9.4584645669291341
21
-4.0528346456692912
0
LINE
8
BLACK
6
CONTINUOUS
10
9.4584645669291341
20
-4.0528346456692912
11
9.4623064566929127
21
-4.0535988582677165
0
LINE
8
BLACK
6
CONTINUOUS
10
3.2024639370078738
20
-4.0400555511811023
11
3.2057209448818895
21
-4.0422318110236217
0
LINE
8
BLACK
6
CONTINUOUS
10
3.2057209448818895
20
-4.0422318110236217
11
3.2078972047244094
21
-4.0454888188976375
0
LINE
8
BLACK
6
CONTINUOUS
10
3.2078972047244094
20
-4.0454888188976375
11
3.2086614173228347
21
-4.049330708661417
0
LINE
8
BLACK
6
CONTINUOUS
10
3.2086614173228347
20
-4.049330708661417
11
3.2086614173228347
21
-4.0961811023622046
0
LINE
8
BLACK
6
CONTINUOUS
10
3.2086614173228347
20
-4.0961811023622046
11
3.2078972047244094
21
-4.1000229921259841
0
LINE
8
BLACK
6
CONTINUOUS
10
3.2078972047244094
20
-4.1000229921259841
11
3.2057209448818895
21
-4.1032799999999998
0
LINE
8
BLACK
6
CONTINUOUS
10
3.2057209448818895
20
-4.1032799999999998
11
3.2024639370078738
21
-4.1054562598425193
0
LINE
8
BLACK
6
CONTINUOUS
10
3.2024639370078738
20
-4.1054562598425193
11
3.1986220472440943
21
-4.1062204724409446
0
LINE
8
BLACK
6
CONTINUOUS
10
3.1986220472440943
20
-4.1062204724409446
11
2.6281496062992127
21
-4.1062204724409446
0
LINE
8
BLACK
6
CONTINUOUS
10
2.6281496062992127
20
-4.1062204724409446
11
2.6243077165354332
21
-4.1054562598425193
0
LINE
8
BLACK
6
CONTINUOUS
10
2.6243077165354332
20
-4.1054562598425193
11
2.6210507086614174
21
-4.1032799999999998
0
LINE
8
BLACK
6
CONTINUOUS
10
2.6210507086614174
20
-4.1032799999999998
11
2.6188744488188975
21
-4.1000229921259841
0
LINE
8
BLACK
6
CONTINUOUS
10
2.6188744488188975
20
-4.1000229921259841
11
2.6181102362204722
21
-4.0961811023622046
0
LINE
8
BLACK
6
CONTINUOUS
10
2.6181102362204722
20
-4.0961811023622046
11
2.6181102362204722
21
-4.049330708661417
0
LINE
8
BLACK
6
CONTINUOUS
10
2.6181102362204722
20
-4.049330708661417
11
2.6188744488188975
21
-4.0454888188976375
0
LINE
8
BLACK
6
CONTINUOUS
10
2.6188744488188975
20
-4.0454888188976375
11
2.6210507086614174
21
-4.0422318110236217
0
LINE
8
BLACK
6
CONTINUOUS
10
2.6210507086614174
20
-4.0422318110236217
11
2.6243077165354332
21
-4.0400555511811023
0
LINE
8
BLACK
6
CONTINUOUS
10
2.6243077165354332
20
-4.0400555511811023
11
2.6281496062992127
21
-4.039291338582677
0
LINE
8
BLACK
6
CONTINUOUS
10
2.6281496062992127
20
-4.039291338582677
11
3.1986220472440943
21
-4.039291338582677
0
LINE
8
BLACK
6
CONTINUOUS
10
3.1986220472440943
20
-4.039291338582677
11
3.2024639370078738
21
-4.0400555511811023
0
LINE
8
BLACK
6
CONTINUOUS
10
4.9347474015748034
20
-4.0400555511811023
11
4.9380044094488191
21
-4.0422318110236217
0
LINE
8
BLACK
6
CONTINUOUS
10
4.9380044094488191
20
-4.0422318110236217
11
4.9401806692913386
21
-4.0454888188976375
0
LINE
8
BLACK
6
CONTINUOUS
10
4.9401806692913386
20
-4.0454888188976375
11
4.9409448818897639
21
-4.049330708661417
0
LINE
8
BLACK
6
CONTINUOUS
10
4.9409448818897639
20
-4.049330708661417
11
4.9409448818897639
21
-4.0961811023622046
0
LINE
8
BLACK
6
CONTINUOUS
10
4.9409448818897639
20
-4.0961811023622046
11
4.9401806692913386
21
-4.1000229921259841
0
LINE
8
BLACK
6
CONTINUOUS
10
4.9401806692913386
20
-4.1000229921259841
11
4.9380044094488191
21
-4.1032799999999998
0
LINE
8
BLACK
6
CONTINUOUS
10
4.9380044094488191
20
-4.1032799999999998
11
4.9347474015748034
21
-4.1054562598425193
0
LINE
8
BLACK
6
CONTINUOUS
10
4.9347474015748034
20
-4.1054562598425193
11
4.9309055118110239
21
-4.1062204724409446
0
LINE
8
BLACK
6
CONTINUOUS
10
4.9309055118110239
20
-4.1062204724409446
11
4.3604330708661418
21
-4.1062204724409446
0
LINE
8
BLACK
6
CONTINUOUS
10
4.3604330708661418
20
-4.1062204724409446
11
4.3565911811023623
21
-4.1054562598425193
0
LINE
8
BLACK
6
CONTINUOUS
10
4.3565911811023623
20
-4.1054562598425193
11
4.3533341732283466
21
-4.1032799999999998
0
LINE
8
BLACK
6
CONTINUOUS
10
4.3533341732283466
20
-4.1032799999999998
11
4.3511579133858262
21
-4.1000229921259841
0
LINE
8
BLACK
6
CONTINUOUS
10
4.3511579133858262
20
-4.1000229921259841
11
4.3503937007874018
21
-4.0961811023622046
0
LINE
8
BLACK
6
CONTINUOUS
10
4.3503937007874018
20
-4.0961811023622046
11
4.3503937007874018
21
-4.049330708661417
0
LINE
8
BLACK
6
CONTINUOUS
10
4.3503937007874018
20
-4.049330708661417
11
4.3511579133858262
21
-4.0454888188976375
0
LINE
8
BLACK
6
CONTINUOUS
10
4.3511579133858262
20
-4.0454888188976375
11
4.3533341732283466
21
-4.0422318110236217
0
LINE
8
BLACK
6
CONTINUOUS
10
4.3533341732283466
20
-4.0422318110236217
11
4.3565911811023623
21
-4.0400555511811023
0
LINE
8
BLACK
6
CONTINUOUS
10
4.3565911811023623
20
-4.0400555511811023
11
4.3604330708661418
21
-4.039291338582677
0
LINE
8
BLACK
6
CONTINUOUS
10
4.3604330708661418
20
-4.039291338582677
11
4.9309055118110239
21
-4.039291338582677
0
LINE
8
BLACK
6
CONTINUOUS
10
4.9309055118110239
20
-4.039291338582677
11
4.9347474015748034
21
-4.0400555511811023
0
LINE
8
BLACK
6
CONTINUOUS
10
7.730022992125984
20
-3.9553311417322834
11
7.7332799999999997
21
-3.9575074015748029
0
LINE
8
BLACK
6
CONTINUOUS
10
7.7332799999999997
20
-3.9575074015748029
11
7.7354562598425192
21
-3.960764409448819
0
LINE
8
BLACK
6
CONTINUOUS
10
7.7354562598425192
20
-3.960764409448819
11
7.7362204724409445
21
-3.9646062992125986
0
LINE
8
BLACK
6
CONTINUOUS
10
7.7362204724409445
20
-3.9646062992125986
11
7.7362204724409445
21
-4.0114566929133861
0
LINE
8
BLACK
6
CONTINUOUS
10
7.7362204724409445
20
-4.0114566929133861
11
7.7354562598425192
21
-4.0152985826771657
0
LINE
8
BLACK
6
CONTINUOUS
10
7.7354562598425192
20
-4.0152985826771657
11
7.7332799999999997
21
-4.0185555905511814
0
LINE
8
BLACK
6
CONTINUOUS
10
7.7332799999999997
20
-4.0185555905511814
11
7.730022992125984
21
-4.0207318503937008
0
LINE
8
BLACK
6
CONTINUOUS
10
7.730022992125984
20
-4.0207318503937008
11
7.7261811023622045
21
-4.0214960629921261
0
LINE
8
BLACK
6
CONTINUOUS
10
7.7261811023622045
20
-4.0214960629921261
11
7.1557086614173224
21
-4.0214960629921261
0
LINE
8
BLACK
6
CONTINUOUS
10
7.1557086614173224
20
-4.0214960629921261
11
7.1518667716535429
21
-4.0207318503937008
0
LINE
8
BLACK
6
CONTINUOUS
10
7.1518667716535429
20
-4.0207318503937008
11
7.1486097637795272
21
-4.0185555905511814
0
LINE
8
BLACK
6
CONTINUOUS
10
7.1486097637795272
20
-4.0185555905511814
11
7.1464335039370077
21
-4.0152985826771657
0
LINE
8
BLACK
6
CONTINUOUS
10
7.1464335039370077
20
-4.0152985826771657
11
7.1456692913385824
21
-4.0114566929133861
0
LINE
8
BLACK
6
CONTINUOUS
10
7.1456692913385824
20
-4.0114566929133861
11
7.1456692913385824
21
-3.9646062992125986
0
LINE
8
BLACK
6
CONTINUOUS
10
7.1456692913385824
20
-3.9646062992125986
11
7.1464335039370077
21
-3.960764409448819
0
LINE
8
BLACK
6
CONTINUOUS
10
7.1464335039370077
20
-3.960764409448819
11
7.1486097637795272
21
-3.9575074015748029
0
LINE
8
BLACK
6
CONTINUOUS
10
7.1486097637795272
20
-3.9575074015748029
11
7.1518667716535429
21
-3.9553311417322834
0
LINE
8
BLACK
6
CONTINUOUS
10
7.1518667716535429
20
-3.9553311417322834
11
7.1557086614173224
21
-3.9545669291338581
0
LINE
8
BLACK
6
CONTINUOUS
10
7.1557086614173224
20
-3.9545669291338581
11
7.7261811023622045
21
-3.9545669291338581
0
LINE
8
BLACK
6
CONTINUOUS
10
7.7261811023622045
20
-3.9545669291338581
11
7.730022992125984
21
-3.9553311417322834
0
LINE
8
BLACK
6
CONTINUOUS
10
9.4623064566929127
20
-3.9553311417322834
11
9.4655634645669284
21
-3.9575074015748029
0
LINE
8
BLACK
6
CONTINUOUS
10
9.4655634645669284
20
-3.9575074015748029
11
9.4677397244094479
21
-3.960764409448819
0
LINE
8
BLACK
6
CONTINUOUS
10
9.4677397244094479
20
-3.960764409448819
11
9.4685039370078741
21
-3.9646062992125986
0
LINE
8
BLACK
6
CONTINUOUS
10
9.4685039370078741
20
-3.9646062992125986
11
9.4685039370078741
21
-4.0114566929133861
0
LINE
8
BLACK
6
CONTINUOUS
10
9.4685039370078741
20
-4.0114566929133861
11
9.4677397244094479
21
-4.0152985826771657
0
LINE
8
BLACK
6
CONTINUOUS
10
9.4677397244094479
20
-4.0152985826771657
11
9.4655634645669284
21
-4.0185555905511814
0
LINE
8
BLACK
6
CONTINUOUS
10
9.4655634645669284
20
-4.0185555905511814
11
9.4623064566929127
21
-4.0207318503937008
0
LINE
8
BLACK
6
CONTINUOUS
10
9.4623064566929127
20
-4.0207318503937008
11
9.4584645669291341
21
-4.0214960629921261
0
LINE
8
BLACK
6
CONTINUOUS
10
9.4584645669291341
20
-4.0214960629921261
11
8.8879921259842511
21
-4.0214960629921261
0
LINE
8
BLACK
6
CONTINUOUS
10
8.8879921259842511
20
-4.0214960629921261
11
8.8841502362204725
21
-4.0207318503937008
0
LINE
8
BLACK
6
CONTINUOUS
10
8.8841502362204725
20
-4.0207318503937008
11
8.8808932283464568
21
-4.0185555905511814
0
LINE
8
BLACK
6
CONTINUOUS
10
8.8808932283464568
20
-4.0185555905511814
11
8.8787169685039373
21
-4.0152985826771657
0
LINE
8
BLACK
6
CONTINUOUS
10
8.8787169685039373
20
-4.0152985826771657
11
8.8779527559055111
21
-4.0114566929133861
0
LINE
8
BLACK
6
CONTINUOUS
10
8.8779527559055111
20
-4.0114566929133861
11
8.8779527559055111
21
-3.9646062992125986
0
LINE
8
BLACK
6
CONTINUOUS
10
8.8779527559055111
20
-3.9646062992125986
11
8.8787169685039373
21
-3.960764409448819
0
LINE
8
BLACK
6
CONTINUOUS
10
8.8787169685039373
20
-3.960764409448819
11
8.8808932283464568
21
-3.9575074015748029
0
LINE
8
BLACK
6
CONTINUOUS
10
8.8808932283464568
20
-3.9575074015748029
11
8.8841502362204725
21
-3.9553311417322834
0
LINE
8
BLACK
6
CONTINUOUS
10
8.8841502362204725
20
-3.9553311417322834
11
8.8879921259842511
21
-3.9545669291338581
0
LINE
8
BLACK
6
CONTINUOUS
10
8.8879921259842511
20
-3.9545669291338581
11
9.4584645669291341
21
-3.9545669291338581
0
LINE
8
BLACK
6
CONTINUOUS
10
9.4584645669291341
20
-3.9545669291338581
11
9.4623064566929127
21
-3.9553311417322834
0
LINE
8
BLACK
6
CONTINUOUS
10
3.2024639370078738
20
-3.9417878346456692
11
3.2057209448818895
21
-3.9439640944881891
0
LINE
8
BLACK
6
CONTINUOUS
10
3.2057209448818895
20
-3.9439640944881891
11
3.2078972047244094
21
-3.9472211023622048
0
LINE
8
BLACK
6
CONTINUOUS
10
3.2078972047244094
20
-3.9472211023622048
11
3.2086614173228347
21
-3.9510629921259843
0
LINE
8
BLACK
6
CONTINUOUS
10
3.2086614173228347
20
-3.9510629921259843
11
3.2086614173228347
21
-3.9979133858267715
0
LINE
8
BLACK
6
CONTINUOUS
10
3.2086614173228347
20
-3.9979133858267715
11
3.2078972047244094
21
-4.0017552755905514
0
LINE
8
BLACK
6
CONTINUOUS
10
3.2078972047244094
20
-4.0017552755905514
11
3.2057209448818895
21
-4.0050122834645672
0
LINE
8
BLACK
6
CONTINUOUS
10
3.2057209448818895
20
-4.0050122834645672
11
3.2024639370078738
21
-4.0071885433070866
0
LINE
8
BLACK
6
CONTINUOUS
10
3.2024639370078738
20
-4.0071885433070866
11
3.1986220472440943
21
-4.0079527559055119
0
LINE
8
BLACK
6
CONTINUOUS
10
3.1986220472440943
20
-4.0079527559055119
11
2.6281496062992127
21
-4.0079527559055119
0
LINE
8
BLACK
6
CONTINUOUS
10
2.6281496062992127
20
-4.0079527559055119
11
2.6243077165354332
21
-4.0071885433070866
0
LINE
8
BLACK
6
CONTINUOUS
10
2.6243077165354332
20
-4.0071885433070866
11
2.6210507086614174
21
-4.0050122834645672
0
LINE
8
BLACK
6
CONTINUOUS
10
2.6210507086614174
20
-4.0050122834645672
11
2.6188744488188975
21
-4.0017552755905514
0
LINE
8
BLACK
6
CONTINUOUS
10
2.6188744488188975
20
-4.0017552755905514
11
2.6181102362204722
21
-3.9979133858267715
0
LINE
8
BLACK
6
CONTINUOUS
10
2.6181102362204722
20
-3.9979133858267715
11
2.6181102362204722
21
-3.9510629921259843
0
LINE
8
BLACK
6
CONTINUOUS
10
2.6181102362204722
20
-3.9510629921259843
11
2.6188744488188975
21
-3.9472211023622048
0
LINE
8
BLACK
6
CONTINUOUS
10
2.6188744488188975
20
-3.9472211023622048
11
2.6210507086614174
21
-3.9439640944881891
0
LINE
8
BLACK
6
CONTINUOUS
10
2.6210507086614174
20
-3.9439640944881891
11
2.6243077165354332
21
-3.9417878346456692
0
LINE
8
BLACK
6
CONTINUOUS
10
2.6243077165354332
20
-3.9417878346456692
11
2.6281496062992127
21
-3.9410236220472439
0
LINE
8
BLACK
6
CONTINUOUS
10
2.6281496062992127
20
-3.9410236220472439
11
3.1986220472440943
21
-3.9410236220472439
0
LINE
8
BLACK
6
CONTINUOUS
10
3.1986220472440943
20
-3.9410236220472439
11
3.2024639370078738
21
-3.9417878346456692
0
LINE
8
BLACK
6
CONTINUOUS
10
4.9347474015748034
20
-3.9417878346456692
11
4.9380044094488191
21
-3.9439640944881891
0
LINE
8
BLACK
6
CONTINUOUS
10
4.9380044094488191
20
-3.9439640944881891
11
4.9401806692913386
21
-3.9472211023622048
0
LINE
8
BLACK
6
CONTINUOUS
10
4.9401806692913386
20
-3.9472211023622048
11
4.9409448818897639
21
-3.9510629921259843
0
LINE
8
BLACK
6
CONTINUOUS
10
4.9409448818897639
20
-3.9510629921259843
11
4.9409448818897639
21
-3.9979133858267715
0
LINE
8
BLACK
6
CONTINUOUS
10
4.9409448818897639
20
-3.9979133858267715
11
4.9401806692913386
21
-4.0017552755905514
0
LINE
8
BLACK
6
CONTINUOUS
10
4.9401806692913386
20
-4.0017552755905514
11
4.9380044094488191
21
-4.0050122834645672
0
LINE
8
BLACK
6
CONTINUOUS
10
4.9380044094488191
20
-4.0050122834645672
11
4.9347474015748034
21
-4.0071885433070866
0
LINE
8
BLACK
6
CONTINUOUS
10
4.9347474015748034
20
-4.0071885433070866
11
4.9309055118110239
21
-4.0079527559055119
0
LINE
8
BLACK
6
CONTINUOUS
10
4.9309055118110239
20
-4.0079527559055119
11
4.3604330708661418
21
-4.0079527559055119
0
LINE
8
BLACK
6
CONTINUOUS
10
4.3604330708661418
20
-4.0079527559055119
11
4.3565911811023623
21
-4.0071885433070866
0
LINE
8
BLACK
6
CONTINUOUS
10
4.3565911811023623
20
-4.0071885433070866
11
4.3533341732283466
21
-4.0050122834645672
0
LINE
8
BLACK
6
CONTINUOUS
10
4.3533341732283466
20
-4.0050122834645672
11
4.3511579133858262
21
-4.0017552755905514
0
LINE
8
BLACK
6
CONTINUOUS
10
4.3511579133858262
20
-4.0017552755905514
11
4.3503937007874018
21
-3.9979133858267715
0
LINE
8
BLACK
6
CONTINUOUS
10
4.3503937007874018
20
-3.9979133858267715
11
4.3503937007874018
21
-3.9510629921259843
0
LINE
8
BLACK
6
CONTINUOUS
10
4.3503937007874018
20
-3.9510629921259843
11
4.3511579133858262
21
-3.9472211023622048
0
LINE
8
BLACK
6
CONTINUOUS
10
4.3511579133858262
20
-3.9472211023622048
11
4.3533341732283466
21
-3.9439640944881891
0
LINE
8
BLACK
6
CONTINUOUS
10
4.3533341732283466
20
-3.9439640944881891
11
4.3565911811023623
21
-3.9417878346456692
0
LINE
8
BLACK
6
CONTINUOUS
10
4.3565911811023623
20
-3.9417878346456692
11
4.3604330708661418
21
-3.9410236220472439
0
LINE
8
BLACK
6
CONTINUOUS
10
4.3604330708661418
20
-3.9410236220472439
11
4.9309055118110239
21
-3.9410236220472439
0
LINE
8
BLACK
6
CONTINUOUS
10
4.9309055118110239
20
-3.9410236220472439
11
4.9347474015748034
21
-3.9417878346456692
0
LINE
8
BLACK
6
CONTINUOUS
10
4.9347474015748034
20
-3.1556461023622044
11
4.9380044094488191
21
-3.1578223622047243
0
LINE
8
BLACK
6
CONTINUOUS
10
4.9380044094488191
20
-3.1578223622047243
11
4.9401806692913386
21
-3.1610793700787401
0
LINE
8
BLACK
6
CONTINUOUS
10
4.9401806692913386
20
-3.1610793700787401
11
4.9405141732283466
21
-3.1627559055118111
0
LINE
8
BLACK
6
CONTINUOUS
10
4.9405141732283466
20
-3.1627559055118111
11
6.4338695275590547
21
-3.1627559055118111
0
LINE
8
BLACK
6
CONTINUOUS
10
6.4338695275590547
20
-3.1627559055118111
11
6.4363778346456693
21
-3.1628791338582678
0
LINE
8
BLACK
6
CONTINUOUS
10
6.4363778346456693
20
-3.1628791338582678
11
6.4412980708661411
21
-3.1638578346456692
0
LINE
8
BLACK
6
CONTINUOUS
10
6.4412980708661411
20
-3.1638578346456692
11
6.445932834645669
21
-3.1657775984251968
0
LINE
8
BLACK
6
CONTINUOUS
10
6.445932834645669
20
-3.1657775984251968
11
6.4501040157480309
21
-3.1685646850393701
0
LINE
8
BLACK
6
CONTINUOUS
10
6.4501040157480309
20
-3.1685646850393701
11
6.451964763779527
21
-3.1702512204724407
0
LINE
8
BLACK
6
CONTINUOUS
10
6.451964763779527
20
-3.1702512204724407
11
7.1458868110236216
21
-3.8641732283464565
0
LINE
8
BLACK
6
CONTINUOUS
10
7.1458868110236216
20
-3.8641732283464565
11
7.1460999999999997
21
-3.8641732283464565
0
LINE
8
BLACK
6
CONTINUOUS
10
7.1460999999999997
20
-3.8641732283464565
11
7.1464335039370077
21
-3.8624966929133859
0
LINE
8
BLACK
6
CONTINUOUS
10
7.1464335039370077
20
-3.8624966929133859
11
7.1486097637795272
21
-3.8592396850393702
0
LINE
8
BLACK
6
CONTINUOUS
10
7.1486097637795272
20
-3.8592396850393702
11
7.1518667716535429
21
-3.8570634251968503
0
LINE
8
BLACK
6
CONTINUOUS
10
7.1518667716535429
20
-3.8570634251968503
11
7.1557086614173224
21
-3.856299212598425
0
LINE
8
BLACK
6
CONTINUOUS
10
7.1557086614173224
20
-3.856299212598425
11
7.7261811023622045
21
-3.856299212598425
0
LINE
8
BLACK
6
CONTINUOUS
10
7.7261811023622045
20
-3.856299212598425
11
7.730022992125984
21
-3.8570634251968503
0
LINE
8
BLACK
6
CONTINUOUS
10
7.730022992125984
20
-3.8570634251968503
11
7.7332799999999997
21
-3.8592396850393702
0
LINE
8
BLACK
6
CONTINUOUS
10
7.7332799999999997
20
-3.8592396850393702
11
7.7354562598425192
21
-3.8624966929133859
0
LINE
8
BLACK
6
CONTINUOUS
10
7.7354562598425192
20
-3.8624966929133859
11
7.7362204724409445
21
-3.8663385826771655
0
LINE
8
BLACK
6
CONTINUOUS
10
7.7362204724409445
20
-3.8663385826771655
11
7.7362204724409445
21
-3.9131889763779526
0
LINE
8
BLACK
6
CONTINUOUS
10
7.7362204724409445
20
-3.9131889763779526
11
7.7354562598425192
21
-3.9170308661417321
0
LINE
8
BLACK
6
CONTINUOUS
10
7.7354562598425192
20
-3.9170308661417321
11
7.7332799999999997
21
-3.9202878740157479
0
LINE
8
BLACK
6
CONTINUOUS
10
7.7332799999999997
20
-3.9202878740157479
11
7.730022992125984
21
-3.9224641338582678
0
LINE
8
BLACK
6
CONTINUOUS
10
7.730022992125984
20
-3.9224641338582678
11
7.7261811023622045
21
-3.9232283464566926
0
LINE
8
BLACK
6
CONTINUOUS
10
7.7261811023622045
20
-3.9232283464566926
11
7.1557086614173224
21
-3.9232283464566926
0
LINE
8
BLACK
6
CONTINUOUS
10
7.1557086614173224
20
-3.9232283464566926
11
7.1518667716535429
21
-3.9224641338582678
0
LINE
8
BLACK
6
CONTINUOUS
10
7.1518667716535429
20
-3.9224641338582678
11
7.1486097637795272
21
-3.9202878740157479
0
LINE
8
BLACK
6
CONTINUOUS
10
7.1486097637795272
20
-3.9202878740157479
11
7.1464335039370077
21
-3.9170308661417321
0
LINE
8
BLACK
6
CONTINUOUS
10
7.1464335039370077
20
-3.9170308661417321
11
7.1460999999999997
21
-3.9153543307086611
0
LINE
8
BLACK
6
CONTINUOUS
10
7.1460999999999997
20
-3.9153543307086611
11
7.135286850393701
21
-3.9153543307086611
0
LINE
8
BLACK
6
CONTINUOUS
10
7.135286850393701
20
-3.9153543307086611
11
7.1327793307086615
21
-3.9152311417322836
0
LINE
8
BLACK
6
CONTINUOUS
10
7.1327793307086615
20
-3.9152311417322836
11
7.1327785433070865
21
-3.9152311417322836
0
LINE
8
BLACK
6
CONTINUOUS
10
7.1327785433070865
20
-3.9152311417322836
11
7.1278583070866137
21
-3.9142524409448818
0
LINE
8
BLACK
6
CONTINUOUS
10
7.1278583070866137
20
-3.9142524409448818
11
7.1232235433070867
21
-3.9123326377952754
0
LINE
8
BLACK
6
CONTINUOUS
10
7.1232235433070867
20
-3.9123326377952754
11
7.1190523622047239
21
-3.9095455511811021
0
LINE
8
BLACK
6
CONTINUOUS
10
7.1190523622047239
20
-3.9095455511811021
11
7.1171916141732279
21
-3.9078590551181103
0
LINE
8
BLACK
6
CONTINUOUS
10
7.1171916141732279
20
-3.9078590551181103
11
6.4232696062992121
21
-3.2139370078740157
0
LINE
8
BLACK
6
CONTINUOUS
10
6.4232696062992121
20
-3.2139370078740157
11
4.9405141732283466
21
-3.2139370078740157
0
LINE
8
BLACK
6
CONTINUOUS
10
4.9405141732283466
20
-3.2139370078740157
11
4.9401806692913386
21
-3.2156135433070867
0
LINE
8
BLACK
6
CONTINUOUS
10
4.9401806692913386
20
-3.2156135433070867
11
4.9380044094488191
21
-3.2188705511811024
0
LINE
8
BLACK
6
CONTINUOUS
10
4.9380044094488191
20
-3.2188705511811024
11
4.9347474015748034
21
-3.2210468110236219
0
LINE
8
BLACK
6
CONTINUOUS
10
4.9347474015748034
20
-3.2210468110236219
11
4.9309055118110239
21
-3.2218110236220472
0
LINE
8
BLACK
6
CONTINUOUS
10
4.9309055118110239
20
-3.2218110236220472
11
4.3604330708661418
21
-3.2218110236220472
0
LINE
8
BLACK
6
CONTINUOUS
10
4.3604330708661418
20
-3.2218110236220472
11
4.3565911811023623
21
-3.2210468110236219
0
LINE
8
BLACK
6
CONTINUOUS
10
4.3565911811023623
20
-3.2210468110236219
11
4.3533341732283466
21
-3.2188705511811024
0
LINE
8
BLACK
6
CONTINUOUS
10
4.3533341732283466
20
-3.2188705511811024
11
4.3511579133858262
21
-3.2156135433070867
0
LINE
8
BLACK
6
CONTINUOUS
10
4.3511579133858262
20
-3.2156135433070867
11
4.3503937007874018
21
-3.2117716535433072
0
LINE
8
BLACK
6
CONTINUOUS
10
4.3503937007874018
20
-3.2117716535433072
11
4.3503937007874018
21
-3.1649212598425196
0
LINE
8
BLACK
6
CONTINUOUS
10
4.3503937007874018
20
-3.1649212598425196
11
4.3511579133858262
21
-3.1610793700787401
0
LINE
8
BLACK
6
CONTINUOUS
10
4.3511579133858262
20
-3.1610793700787401
11
4.3533341732283466
21
-3.1578223622047243
0
LINE
8
BLACK
6
CONTINUOUS
10
4.3533341732283466
20
-3.1578223622047243
11
4.3565911811023623
21
-3.1556461023622044
0
LINE
8
BLACK
6
CONTINUOUS
10
4.3565911811023623
20
-3.1556461023622044
11
4.3604330708661418
21
-3.1548818897637796
0
LINE
8
BLACK
6
CONTINUOUS
10
4.3604330708661418
20
-3.1548818897637796
11
4.9309055118110239
21
-3.1548818897637796
0
LINE
8
BLACK
6
CONTINUOUS
10
4.9309055118110239
20
-3.1548818897637796
11
4.9347474015748034
21
-3.1556461023622044
0
LINE
8
BLACK
6
CONTINUOUS
10
9.4623064566929127
20
-3.8570634251968503
11
9.4655634645669284
21
-3.8592396850393702
0
LINE
8
BLACK
6
CONTINUOUS
10
9.4655634645669284
20
-3.8592396850393702
11
9.4677397244094479
21
-3.8624966929133859
0
LINE
8
BLACK
6
CONTINUOUS
10
9.4677397244094479
20
-3.8624966929133859
11
9.4685039370078741
21
-3.8663385826771655
0
LINE
8
BLACK
6
CONTINUOUS
10
9.4685039370078741
20
-3.8663385826771655
11
9.4685039370078741
21
-3.9131889763779526
0
LINE
8
BLACK
6
CONTINUOUS
10
9.4685039370078741
20
-3.9131889763779526
11
9.4677397244094479
21
-3.9170308661417321
0
LINE
8
BLACK
6
CONTINUOUS
10
9.4677397244094479
20
-3.9170308661417321
11
9.4655634645669284
21
-3.9202878740157479
0
LINE
8
BLACK
6
CONTINUOUS
10
9.4655634645669284
20
-3.9202878740157479
11
9.4623064566929127
21
-3.9224641338582678
0
LINE
8
BLACK
6
CONTINUOUS
10
9.4623064566929127
20
-3.9224641338582678
11
9.4584645669291341
21
-3.9232283464566926
0
LINE
8
BLACK
6
CONTINUOUS
10
9.4584645669291341
20
-3.9232283464566926
11
8.8879921259842511
21
-3.9232283464566926
0
LINE
8
BLACK
6
CONTINUOUS
10
8.8879921259842511
20
-3.9232283464566926
11
8.8841502362204725
21
-3.9224641338582678
0
LINE
8
BLACK
6
CONTINUOUS
10
8.8841502362204725
20
-3.9224641338582678
11
8.8808932283464568
21
-3.9202878740157479
0
LINE
8
BLACK
6
CONTINUOUS
10
8.8808932283464568
20
-3.9202878740157479
11
8.8787169685039373
21
-3.9170308661417321
0
LINE
8
BLACK
6
CONTINUOUS
10
8.8787169685039373
20
-3.9170308661417321
11
8.8779527559055111
21
-3.9131889763779526
0
LINE
8
BLACK
6
CONTINUOUS
10
8.8779527559055111
20
-3.9131889763779526
11
8.8779527559055111
21
-3.8663385826771655
0
LINE
8
BLACK
6
CONTINUOUS
10
8.8779527559055111
20
-3.8663385826771655
11
8.8787169685039373
21
-3.8624966929133859
0
LINE
8
BLACK
6
CONTINUOUS
10
8.8787169685039373
20
-3.8624966929133859
11
8.8808932283464568
21
-3.8592396850393702
0
LINE
8
BLACK
6
CONTINUOUS
10
8.8808932283464568
20
-3.8592396850393702
11
8.8841502362204725
21
-3.8570634251968503
0
LINE
8
BLACK
6
CONTINUOUS
10
8.8841502362204725
20
-3.8570634251968503
11
8.8879921259842511
21
-3.856299212598425
0
LINE
8
BLACK
6
CONTINUOUS
10
8.8879921259842511
20
-3.856299212598425
11
9.4584645669291341
21
-3.856299212598425
0
LINE
8
BLACK
6
CONTINUOUS
10
9.4584645669291341
20
-3.856299212598425
11
9.4623064566929127
21
-3.8570634251968503
0
LINE
8
BLACK
6
CONTINUOUS
10
3.2024639370078738
20
-3.8435201181102361
11
3.2057209448818895
21
-3.845696377952756
0
LINE
8
BLACK
6
CONTINUOUS
10
3.2057209448818895
20
-3.845696377952756
11
3.2078972047244094
21
-3.8489533858267717
0
LINE
8
BLACK
6
CONTINUOUS
10
3.2078972047244094
20
-3.8489533858267717
11
3.2086614173228347
21
-3.8527952755905512
0
LINE
8
BLACK
6
CONTINUOUS
10
3.2086614173228347
20
-3.8527952755905512
11
3.2086614173228347
21
-3.8996456692913384
0
LINE
8
BLACK
6
CONTINUOUS
10
3.2086614173228347
20
-3.8996456692913384
11
3.2078972047244094
21
-3.9034875590551179
0
LINE
8
BLACK
6
CONTINUOUS
10
3.2078972047244094
20
-3.9034875590551179
11
3.2057209448818895
21
-3.9067445669291336
0
LINE
8
BLACK
6
CONTINUOUS
10
3.2057209448818895
20
-3.9067445669291336
11
3.2024639370078738
21
-3.9089208267716535
0
LINE
8
BLACK
6
CONTINUOUS
10
3.2024639370078738
20
-3.9089208267716535
11
3.1986220472440943
21
-3.9096850393700788
0
LINE
8
BLACK
6
CONTINUOUS
10
3.1986220472440943
20
-3.9096850393700788
11
2.6281496062992127
21
-3.9096850393700788
0
LINE
8
BLACK
6
CONTINUOUS
10
2.6281496062992127
20
-3.9096850393700788
11
2.6243077165354332
21
-3.9089208267716535
0
LINE
8
BLACK
6
CONTINUOUS
10
2.6243077165354332
20
-3.9089208267716535
11
2.6210507086614174
21
-3.9067445669291336
0
LINE
8
BLACK
6
CONTINUOUS
10
2.6210507086614174
20
-3.9067445669291336
11
2.6188744488188975
21
-3.9034875590551179
0
LINE
8
BLACK
6
CONTINUOUS
10
2.6188744488188975
20
-3.9034875590551179
11
2.6181102362204722
21
-3.8996456692913384
0
LINE
8
BLACK
6
CONTINUOUS
10
2.6181102362204722
20
-3.8996456692913384
11
2.6181102362204722
21
-3.8527952755905512
0
LINE
8
BLACK
6
CONTINUOUS
10
2.6181102362204722
20
-3.8527952755905512
11
2.6188744488188975
21
-3.8489533858267717
0
LINE
8
BLACK
6
CONTINUOUS
10
2.6188744488188975
20
-3.8489533858267717
11
2.6210507086614174
21
-3.845696377952756
0
LINE
8
BLACK
6
CONTINUOUS
10
2.6210507086614174
20
-3.845696377952756
11
2.6243077165354332
21
-3.8435201181102361
0
LINE
8
BLACK
6
CONTINUOUS
10
2.6243077165354332
20
-3.8435201181102361
11
2.6281496062992127
21
-3.8427559055118108
0
LINE
8
BLACK
6
CONTINUOUS
10
2.6281496062992127
20
-3.8427559055118108
11
3.1986220472440943
21
-3.8427559055118108
0
LINE
8
BLACK
6
CONTINUOUS
10
3.1986220472440943
20
-3.8427559055118108
11
3.2024639370078738
21
-3.8435201181102361
0
LINE
8
BLACK
6
CONTINUOUS
10
4.9347474015748034
20
-3.8435201181102361
11
4.9380044094488191
21
-3.845696377952756
0
LINE
8
BLACK
6
CONTINUOUS
10
4.9380044094488191
20
-3.845696377952756
11
4.9401806692913386
21
-3.8489533858267717
0
LINE
8
BLACK
6
CONTINUOUS
10
4.9401806692913386
20
-3.8489533858267717
11
4.9409448818897639
21
-3.8527952755905512
0
LINE
8
BLACK
6
CONTINUOUS
10
4.9409448818897639
20
-3.8527952755905512
11
4.9409448818897639
21
-3.8996456692913384
0
LINE
8
BLACK
6
CONTINUOUS
10
4.9409448818897639
20
-3.8996456692913384
11
4.9401806692913386
21
-3.9034875590551179
0
LINE
8
BLACK
6
CONTINUOUS
10
4.9401806692913386
20
-3.9034875590551179
11
4.9380044094488191
21
-3.9067445669291336
0
LINE
8
BLACK
6
CONTINUOUS
10
4.9380044094488191
20
-3.9067445669291336
11
4.9347474015748034
21
-3.9089208267716535
0
LINE
8
BLACK
6
CONTINUOUS
10
4.9347474015748034
20
-3.9089208267716535
11
4.9309055118110239
21
-3.9096850393700788
0
LINE
8
BLACK
6
CONTINUOUS
10
4.9309055118110239
20
-3.9096850393700788
11
4.3604330708661418
21
-3.9096850393700788
0
LINE
8
BLACK
6
CONTINUOUS
10
4.3604330708661418
20
-3.9096850393700788
11
4.3565911811023623
21
-3.9089208267716535
0
LINE
8
BLACK
6
CONTINUOUS
10
4.3565911811023623
20
-3.9089208267716535
11
4.3533341732283466
21
-3.9067445669291336
0
LINE
8
BLACK
6
CONTINUOUS
10
4.3533341732283466
20
-3.9067445669291336
11
4.3511579133858262
21
-3.9034875590551179
0
LINE
8
BLACK
6
CONTINUOUS
10
4.3511579133858262
20
-3.9034875590551179
11
4.3503937007874018
21
-3.8996456692913384
0
LINE
8
BLACK
6
CONTINUOUS
10
4.3503937007874018
20
-3.8996456692913384
11
4.3503937007874018
21
-3.8527952755905512
0
LINE
8
BLACK
6
CONTINUOUS
10
4.3503937007874018
20
-3.8527952755905512
11
4.3511579133858262
21
-3.8489533858267717
0
LINE
8
BLACK
6
CONTINUOUS
10
4.3511579133858262
20
-3.8489533858267717
11
4.3533341732283466
21
-3.845696377952756
0
LINE
8
BLACK
6
CONTINUOUS
10
4.3533341732283466
20
-3.845696377952756
11
4.3565911811023623
21
-3.8435201181102361
0
LINE
8
BLACK
6
CONTINUOUS
10
4.3565911811023623
20
-3.8435201181102361
11
4.3604330708661418
21
-3.8427559055118108
0
LINE
8
BLACK
6
CONTINUOUS
10
4.3604330708661418
20
-3.8427559055118108
11
4.9309055118110239
21
-3.8427559055118108
0
LINE
8
BLACK
6
CONTINUOUS
10
4.9309055118110239
20
-3.8427559055118108
11
4.9347474015748034
21
-3.8435201181102361
0
LINE
8
BLACK
6
CONTINUOUS
10
7.730022992125984
20
-3.7587957086614172
11
7.7332799999999997
21
-3.7609719685039371
0
LINE
8
BLACK
6
CONTINUOUS
10
7.7332799999999997
20
-3.7609719685039371
11
7.7354562598425192
21
-3.7642289763779528
0
LINE
8
BLACK
6
CONTINUOUS
10
7.7354562598425192
20
-3.7642289763779528
11
7.7362204724409445
21
-3.7680708661417324
0
LINE
8
BLACK
6
CONTINUOUS
10
7.7362204724409445
20
-3.7680708661417324
11
7.7362204724409445
21
-3.8149212598425195
0
LINE
8
BLACK
6
CONTINUOUS
10
7.7362204724409445
20
-3.8149212598425195
11
7.7354562598425192
21
-3.818763149606299
0
LINE
8
BLACK
6
CONTINUOUS
10
7.7354562598425192
20
-3.818763149606299
11
7.7332799999999997
21
-3.8220201574803148
0
LINE
8
BLACK
6
CONTINUOUS
10
7.7332799999999997
20
-3.8220201574803148
11
7.730022992125984
21
-3.8241964173228347
0
LINE
8
BLACK
6
CONTINUOUS
10
7.730022992125984
20
-3.8241964173228347
11
7.7261811023622045
21
-3.82496062992126
0
LINE
8
BLACK
6
CONTINUOUS
10
7.7261811023622045
20
-3.82496062992126
11
7.1557086614173224
21
-3.82496062992126
0
LINE
8
BLACK
6
CONTINUOUS
10
7.1557086614173224
20
-3.82496062992126
11
7.1518667716535429
21
-3.8241964173228347
0
LINE
8
BLACK
6
CONTINUOUS
10
7.1518667716535429
20
-3.8241964173228347
11
7.1486097637795272
21
-3.8220201574803148
0
LINE
8
BLACK
6
CONTINUOUS
10
7.1486097637795272
20
-3.8220201574803148
11
7.1464335039370077
21
-3.818763149606299
0
LINE
8
BLACK
6
CONTINUOUS
10
7.1464335039370077
20
-3.818763149606299
11
7.1456692913385824
21
-3.8149212598425195
0
LINE
8
BLACK
6
CONTINUOUS
10
7.1456692913385824
20
-3.8149212598425195
11
7.1456692913385824
21
-3.7680708661417324
0
LINE
8
BLACK
6
CONTINUOUS
10
7.1456692913385824
20
-3.7680708661417324
11
7.1464335039370077
21
-3.7642289763779528
0
LINE
8
BLACK
6
CONTINUOUS
10
7.1464335039370077
20
-3.7642289763779528
11
7.1486097637795272
21
-3.7609719685039371
0
LINE
8
BLACK
6
CONTINUOUS
10
7.1486097637795272
20
-3.7609719685039371
11
7.1518667716535429
21
-3.7587957086614172
0
LINE
8
BLACK
6
CONTINUOUS
10
7.1518667716535429
20
-3.7587957086614172
11
7.1557086614173224
21
-3.7580314960629919
0
LINE
8
BLACK
6
CONTINUOUS
10
7.1557086614173224
20
-3.7580314960629919
11
7.7261811023622045
21
-3.7580314960629919
0
LINE
8
BLACK
6
CONTINUOUS
10
7.7261811023622045
20
-3.7580314960629919
11
7.730022992125984
21
-3.7587957086614172
0
LINE
8
BLACK
6
CONTINUOUS
10
9.4623064566929127
20
-3.7587957086614172
11
9.4655634645669284
21
-3.7609719685039371
0
LINE
8
BLACK
6
CONTINUOUS
10
9.4655634645669284
20
-3.7609719685039371
11
9.4677397244094479
21
-3.7642289763779528
0
LINE
8
BLACK
6
CONTINUOUS
10
9.4677397244094479
20
-3.7642289763779528
11
9.4685039370078741
21
-3.7680708661417324
0
LINE
8
BLACK
6
CONTINUOUS
10
9.4685039370078741
20
-3.7680708661417324
11
9.4685039370078741
21
-3.8149212598425195
0
LINE
8
BLACK
6
CONTINUOUS
10
9.4685039370078741
20
-3.8149212598425195
11
9.4677397244094479
21
-3.818763149606299
0
LINE
8
BLACK
6
CONTINUOUS
10
9.4677397244094479
20
-3.818763149606299
11
9.4655634645669284
21
-3.8220201574803148
0
LINE
8
BLACK
6
CONTINUOUS
10
9.4655634645669284
20
-3.8220201574803148
11
9.4623064566929127
21
-3.8241964173228347
0
LINE
8
BLACK
6
CONTINUOUS
10
9.4623064566929127
20
-3.8241964173228347
11
9.4584645669291341
21
-3.82496062992126
0
LINE
8
BLACK
6
CONTINUOUS
10
9.4584645669291341
20
-3.82496062992126
11
8.8879921259842511
21
-3.82496062992126
0
LINE
8
BLACK
6
CONTINUOUS
10
8.8879921259842511
20
-3.82496062992126
11
8.8841502362204725
21
-3.8241964173228347
0
LINE
8
BLACK
6
CONTINUOUS
10
8.8841502362204725
20
-3.8241964173228347
11
8.8808932283464568
21
-3.8220201574803148
0
LINE
8
BLACK
6
CONTINUOUS
10
8.8808932283464568
20
-3.8220201574803148
11
8.8787169685039373
21
-3.818763149606299
0
LINE
8
BLACK
6
CONTINUOUS
10
8.8787169685039373
20
-3.818763149606299
11
8.8779527559055111
21
-3.8149212598425195
0
LINE
8
BLACK
6
CONTINUOUS
10
8.8779527559055111
20
-3.8149212598425195
11
8.8779527559055111
21
-3.7680708661417324
0
LINE
8
BLACK
6
CONTINUOUS
10
8.8779527559055111
20
-3.7680708661417324
11
8.8787169685039373
21
-3.7642289763779528
0
LINE
8
BLACK
6
CONTINUOUS
10
8.8787169685039373
20
-3.7642289763779528
11
8.8808932283464568
21
-3.7609719685039371
0
LINE
8
BLACK
6
CONTINUOUS
10
8.8808932283464568
20
-3.7609719685039371
11
8.8841502362204725
21
-3.7587957086614172
0
LINE
8
BLACK
6
CONTINUOUS
10
8.8841502362204725
20
-3.7587957086614172
11
8.8879921259842511
21
-3.7580314960629919
0
LINE
8
BLACK
6
CONTINUOUS
10
8.8879921259842511
20
-3.7580314960629919
11
9.4584645669291341
21
-3.7580314960629919
0
LINE
8
BLACK
6
CONTINUOUS
10
9.4584645669291341
20
-3.7580314960629919
11
9.4623064566929127
21
-3.7587957086614172
0
LINE
8
BLACK
6
CONTINUOUS
10
3.2024639370078738
20
-3.745252401574803
11
3.2057209448818895
21
-3.7474286614173229
0
LINE
8
BLACK
6
CONTINUOUS
10
3.2057209448818895
20
-3.7474286614173229
11
3.2078972047244094
21
-3.7506856692913386
0
LINE
8
BLACK
6
CONTINUOUS
10
3.2078972047244094
20
-3.7506856692913386
11
3.2086614173228347
21
-3.7545275590551181
0
LINE
8
BLACK
6
CONTINUOUS
10
3.2086614173228347
20
-3.7545275590551181
11
3.2086614173228347
21
-3.8013779527559053
0
LINE
8
BLACK
6
CONTINUOUS
10
3.2086614173228347
20
-3.8013779527559053
11
3.2078972047244094
21
-3.8052198425196848
0
LINE
8
BLACK
6
CONTINUOUS
10
3.2078972047244094
20
-3.8052198425196848
11
3.2057209448818895
21
-3.8084768503937005
0
LINE
8
BLACK
6
CONTINUOUS
10
3.2057209448818895
20
-3.8084768503937005
11
3.2024639370078738
21
-3.8106531102362204
0
LINE
8
BLACK
6
CONTINUOUS
10
3.2024639370078738
20
-3.8106531102362204
11
3.1986220472440943
21
-3.8114173228346457
0
LINE
8
BLACK
6
CONTINUOUS
10
3.1986220472440943
20
-3.8114173228346457
11
2.6281496062992127
21
-3.8114173228346457
0
LINE
8
BLACK
6
CONTINUOUS
10
2.6281496062992127
20
-3.8114173228346457
11
2.6243077165354332
21
-3.8106531102362204
0
LINE
8
BLACK
6
CONTINUOUS
10
2.6243077165354332
20
-3.8106531102362204
11
2.6210507086614174
21
-3.8084768503937005
0
LINE
8
BLACK
6
CONTINUOUS
10
2.6210507086614174
20
-3.8084768503937005
11
2.6188744488188975
21
-3.8052198425196848
0
LINE
8
BLACK
6
CONTINUOUS
10
2.6188744488188975
20
-3.8052198425196848
11
2.6181102362204722
21
-3.8013779527559053
0
LINE
8
BLACK
6
CONTINUOUS
10
2.6181102362204722
20
-3.8013779527559053
11
2.6181102362204722
21
-3.7545275590551181
0
LINE
8
BLACK
6
CONTINUOUS
10
2.6181102362204722
20
-3.7545275590551181
11
2.6188744488188975
21
-3.7506856692913386
0
LINE
8
BLACK
6
CONTINUOUS
10
2.6188744488188975
20
-3.7506856692913386
11
2.6210507086614174
21
-3.7474286614173229
0
LINE
8
BLACK
6
CONTINUOUS
10
2.6210507086614174
20
-3.7474286614173229
11
2.6243077165354332
21
-3.745252401574803
0
LINE
8
BLACK
6
CONTINUOUS
10
2.6243077165354332
20
-3.745252401574803
11
2.6281496062992127
21
-3.7444881889763777
0
LINE
8
BLACK
6
CONTINUOUS
10
2.6281496062992127
20
-3.7444881889763777
11
3.1986220472440943
21
-3.7444881889763777
0
LINE
8
BLACK
6
CONTINUOUS
10
3.1986220472440943
20
-3.7444881889763777
11
3.2024639370078738
21
-3.745252401574803
0
LINE
8
BLACK
6
CONTINUOUS
10
4.9347474015748034
20
-3.745252401574803
11
4.9380044094488191
21
-3.7474286614173229
0
LINE
8
BLACK
6
CONTINUOUS
10
4.9380044094488191
20
-3.7474286614173229
11
4.9401806692913386
21
-3.7506856692913386
0
LINE
8
BLACK
6
CONTINUOUS
10
4.9401806692913386
20
-3.7506856692913386
11
4.9409448818897639
21
-3.7545275590551181
0
LINE
8
BLACK
6
CONTINUOUS
10
4.9409448818897639
20
-3.7545275590551181
11
4.9409448818897639
21
-3.8013779527559053
0
LINE
8
BLACK
6
CONTINUOUS
10
4.9409448818897639
20
-3.8013779527559053
11
4.9401806692913386
21
-3.8052198425196848
0
LINE
8
BLACK
6
CONTINUOUS
10
4.9401806692913386
20
-3.8052198425196848
11
4.9380044094488191
21
-3.8084768503937005
0
LINE
8
BLACK
6
CONTINUOUS
10
4.9380044094488191
20
-3.8084768503937005
11
4.9347474015748034
21
-3.8106531102362204
0
LINE
8
BLACK
6
CONTINUOUS
10
4.9347474015748034
20
-3.8106531102362204
11
4.9309055118110239
21
-3.8114173228346457
0
LINE
8
BLACK
6
CONTINUOUS
10
4.9309055118110239
20
-3.8114173228346457
11
4.3604330708661418
21
-3.8114173228346457
0
LINE
8
BLACK
6
CONTINUOUS
10
4.3604330708661418
20
-3.8114173228346457
11
4.3565911811023623
21
-3.8106531102362204
0
LINE
8
BLACK
6
CONTINUOUS
10
4.3565911811023623
20
-3.8106531102362204
11
4.3533341732283466
21
-3.8084768503937005
0
LINE
8
BLACK
6
CONTINUOUS
10
4.3533341732283466
20
-3.8084768503937005
11
4.3511579133858262
21
-3.8052198425196848
0
LINE
8
BLACK
6
CONTINUOUS
10
4.3511579133858262
20
-3.8052198425196848
11
4.3503937007874018
21
-3.8013779527559053
0
LINE
8
BLACK
6
CONTINUOUS
10
4.3503937007874018
20
-3.8013779527559053
11
4.3503937007874018
21
-3.7545275590551181
0
LINE
8
BLACK
6
CONTINUOUS
10
4.3503937007874018
20
-3.7545275590551181
11
4.3511579133858262
21
-3.7506856692913386
0
LINE
8
BLACK
6
CONTINUOUS
10
4.3511579133858262
20
-3.7506856692913386
11
4.3533341732283466
21
-3.7474286614173229
0
LINE
8
BLACK
6
CONTINUOUS
10
4.3533341732283466
20
-3.7474286614173229
11
4.3565911811023623
21
-3.745252401574803
0
LINE
8
BLACK
6
CONTINUOUS
10
4.3565911811023623
20
-3.745252401574803
11
4.3604330708661418
21
-3.7444881889763777
0
LINE
8
BLACK
6
CONTINUOUS
10
4.3604330708661418
20
-3.7444881889763777
11
4.9309055118110239
21
-3.7444881889763777
0
LINE
8
BLACK
6
CONTINUOUS
10
4.9309055118110239
20
-3.7444881889763777
11
4.9347474015748034
21
-3.745252401574803
0
LINE
8
BLACK
6
CONTINUOUS
10
7.730022992125984
20
-3.6605279921259841
11
7.7332799999999997
21
-3.662704251968504
0
LINE
8
BLACK
6
CONTINUOUS
10
7.7332799999999997
20
-3.662704251968504
11
7.7354562598425192
21
-3.6659612598425197
0
LINE
8
BLACK
6
CONTINUOUS
10
7.7354562598425192
20
-3.6659612598425197
11
7.7362204724409445
21
-3.6698031496062993
0
LINE
8
BLACK
6
CONTINUOUS
10
7.7362204724409445
20
-3.6698031496062993
11
7.7362204724409445
21
-3.7166535433070864
0
LINE
8
BLACK
6
CONTINUOUS
10
7.7362204724409445
20
-3.7166535433070864
11
7.7354562598425192
21
-3.7204954330708659
0
LINE
8
BLACK
6
CONTINUOUS
10
7.7354562598425192
20
-3.7204954330708659
11
7.7332799999999997
21
-3.7237524409448817
0
LINE
8
BLACK
6
CONTINUOUS
10
7.7332799999999997
20
-3.7237524409448817
11
7.730022992125984
21
-3.7259287007874016
0
LINE
8
BLACK
6
CONTINUOUS
10
7.730022992125984
20
-3.7259287007874016
11
7.7261811023622045
21
-3.7266929133858269
0
LINE
8
BLACK
6
CONTINUOUS
10
7.7261811023622045
20
-3.7266929133858269
11
7.1557086614173224
21
-3.7266929133858269
0
LINE
8
BLACK
6
CONTINUOUS
10
7.1557086614173224
20
-3.7266929133858269
11
7.1518667716535429
21
-3.7259287007874016
0
LINE
8
BLACK
6
CONTINUOUS
10
7.1518667716535429
20
-3.7259287007874016
11
7.1486097637795272
21
-3.7237524409448817
0
LINE
8
BLACK
6
CONTINUOUS
10
7.1486097637795272
20
-3.7237524409448817
11
7.1464335039370077
21
-3.7204954330708659
0
LINE
8
BLACK
6
CONTINUOUS
10
7.1464335039370077
20
-3.7204954330708659
11
7.1456692913385824
21
-3.7166535433070864
0
LINE
8
BLACK
6
CONTINUOUS
10
7.1456692913385824
20
-3.7166535433070864
11
7.1456692913385824
21
-3.6698031496062993
0
LINE
8
BLACK
6
CONTINUOUS
10
7.1456692913385824
20
-3.6698031496062993
11
7.1464335039370077
21
-3.6659612598425197
0
LINE
8
BLACK
6
CONTINUOUS
10
7.1464335039370077
20
-3.6659612598425197
11
7.1486097637795272
21
-3.662704251968504
0
LINE
8
BLACK
6
CONTINUOUS
10
7.1486097637795272
20
-3.662704251968504
11
7.1518667716535429
21
-3.6605279921259841
0
LINE
8
BLACK
6
CONTINUOUS
10
7.1518667716535429
20
-3.6605279921259841
11
7.1557086614173224
21
-3.6597637795275588
0
LINE
8
BLACK
6
CONTINUOUS
10
7.1557086614173224
20
-3.6597637795275588
11
7.7261811023622045
21
-3.6597637795275588
0
LINE
8
BLACK
6
CONTINUOUS
10
7.7261811023622045
20
-3.6597637795275588
11
7.730022992125984
21
-3.6605279921259841
0
LINE
8
BLACK
6
CONTINUOUS
10
9.4623064566929127
20
-3.6605279921259841
11
9.4655634645669284
21
-3.662704251968504
0
LINE
8
BLACK
6
CONTINUOUS
10
9.4655634645669284
20
-3.662704251968504
11
9.4677397244094479
21
-3.6659612598425197
0
LINE
8
BLACK
6
CONTINUOUS
10
9.4677397244094479
20
-3.6659612598425197
11
9.4685039370078741
21
-3.6698031496062993
0
LINE
8
BLACK
6
CONTINUOUS
10
9.4685039370078741
20
-3.6698031496062993
11
9.4685039370078741
21
-3.7166535433070864
0
LINE
8
BLACK
6
CONTINUOUS
10
9.4685039370078741
20
-3.7166535433070864
11
9.4677397244094479
21
-3.7204954330708659
0
LINE
8
BLACK
6
CONTINUOUS
10
9.4677397244094479
20
-3.7204954330708659
11
9.4655634645669284
21
-3.7237524409448817
0
LINE
8
BLACK
6
CONTINUOUS
10
9.4655634645669284
20
-3.7237524409448817
11
9.4623064566929127
21
-3.7259287007874016
0
LINE
8
BLACK
6
CONTINUOUS
10
9.4623064566929127
20
-3.7259287007874016
11
9.4584645669291341
21
-3.7266929133858269
0
LINE
8
BLACK
6
CONTINUOUS
10
9.4584645669291341
20
-3.7266929133858269
11
8.8879921259842511
21
-3.7266929133858269
0
LINE
8
BLACK
6
CONTINUOUS
10
8.8879921259842511
20
-3.7266929133858269
11
8.8841502362204725
21
-3.7259287007874016
0
LINE
8
BLACK
6
CONTINUOUS
10
8.8841502362204725
20
-3.7259287007874016
11
8.8808932283464568
21
-3.7237524409448817
0
LINE
8
BLACK
6
CONTINUOUS
10
8.8808932283464568
20
-3.7237524409448817
11
8.8787169685039373
21
-3.7204954330708659
0
LINE
8
BLACK
6
CONTINUOUS
10
8.8787169685039373
20
-3.7204954330708659
11
8.8779527559055111
21
-3.7166535433070864
0
LINE
8
BLACK
6
CONTINUOUS
10
8.8779527559055111
20
-3.7166535433070864
11
8.8779527559055111
21
-3.6698031496062993
0
LINE
8
BLACK
6
CONTINUOUS
10
8.8779527559055111
20
-3.6698031496062993
11
8.8787169685039373
21
-3.6659612598425197
0
LINE
8
BLACK
6
CONTINUOUS
10
8.8787169685039373
20
-3.6659612598425197
11
8.8808932283464568
21
-3.662704251968504
0
LINE
8
BLACK
6
CONTINUOUS
10
8.8808932283464568
20
-3.662704251968504
11
8.8841502362204725
21
-3.6605279921259841
0
LINE
8
BLACK
6
CONTINUOUS
10
8.8841502362204725
20
-3.6605279921259841
11
8.8879921259842511
21
-3.6597637795275588
0
LINE
8
BLACK
6
CONTINUOUS
10
8.8879921259842511
20
-3.6597637795275588
11
9.4584645669291341
21
-3.6597637795275588
0
LINE
8
BLACK
6
CONTINUOUS
10
9.4584645669291341
20
-3.6597637795275588
11
9.4623064566929127
21
-3.6605279921259841
0
LINE
8
BLACK
6
CONTINUOUS
10
3.2024639370078738
20
-3.6469846850393699
11
3.2057209448818895
21
-3.6491609448818898
0
LINE
8
BLACK
6
CONTINUOUS
10
3.2057209448818895
20
-3.6491609448818898
11
3.2078972047244094
21
-3.6524179527559055
0
LINE
8
BLACK
6
CONTINUOUS
10
3.2078972047244094
20
-3.6524179527559055
11
3.2086614173228347
21
-3.6562598425196851
0
LINE
8
BLACK
6
CONTINUOUS
10
3.2086614173228347
20
-3.6562598425196851
11
3.2086614173228347
21
-3.7031102362204722
0
LINE
8
BLACK
6
CONTINUOUS
10
3.2086614173228347
20
-3.7031102362204722
11
3.2078972047244094
21
-3.7069521259842517
0
LINE
8
BLACK
6
CONTINUOUS
10
3.2078972047244094
20
-3.7069521259842517
11
3.2057209448818895
21
-3.7102091338582674
0
LINE
8
BLACK
6
CONTINUOUS
10
3.2057209448818895
20
-3.7102091338582674
11
3.2024639370078738
21
-3.7123853937007874
0
LINE
8
BLACK
6
CONTINUOUS
10
3.2024639370078738
20
-3.7123853937007874
11
3.1986220472440943
21
-3.7131496062992126
0
LINE
8
BLACK
6
CONTINUOUS
10
3.1986220472440943
20
-3.7131496062992126
11
2.6281496062992127
21
-3.7131496062992126
0
LINE
8
BLACK
6
CONTINUOUS
10
2.6281496062992127
20
-3.7131496062992126
11
2.6243077165354332
21
-3.7123853937007874
0
LINE
8
BLACK
6
CONTINUOUS
10
2.6243077165354332
20
-3.7123853937007874
11
2.6210507086614174
21
-3.7102091338582674
0
LINE
8
BLACK
6
CONTINUOUS
10
2.6210507086614174
20
-3.7102091338582674
11
2.6188744488188975
21
-3.7069521259842517
0
LINE
8
BLACK
6
CONTINUOUS
10
2.6188744488188975
20
-3.7069521259842517
11
2.6181102362204722
21
-3.7031102362204722
0
LINE
8
BLACK
6
CONTINUOUS
10
2.6181102362204722
20
-3.7031102362204722
11
2.6181102362204722
21
-3.6562598425196851
0
LINE
8
BLACK
6
CONTINUOUS
10
2.6181102362204722
20
-3.6562598425196851
11
2.6188744488188975
21
-3.6524179527559055
0
LINE
8
BLACK
6
CONTINUOUS
10
2.6188744488188975
20
-3.6524179527559055
11
2.6210507086614174
21
-3.6491609448818898
0
LINE
8
BLACK
6
CONTINUOUS
10
2.6210507086614174
20
-3.6491609448818898
11
2.6243077165354332
21
-3.6469846850393699
0
LINE
8
BLACK
6
CONTINUOUS
10
2.6243077165354332
20
-3.6469846850393699
11
2.6281496062992127
21
-3.6462204724409446
0
LINE
8
BLACK
6
CONTINUOUS
10
2.6281496062992127
20
-3.6462204724409446
11
3.1986220472440943
21
-3.6462204724409446
0
LINE
8
BLACK
6
CONTINUOUS
10
3.1986220472440943
20
-3.6462204724409446
11
3.2024639370078738
21
-3.6469846850393699
0
LINE
8
BLACK
6
CONTINUOUS
10
4.9347474015748034
20
-3.6469846850393699
11
4.9380044094488191
21
-3.6491609448818898
0
LINE
8
BLACK
6
CONTINUOUS
10
4.9380044094488191
20
-3.6491609448818898
11
4.9401806692913386
21
-3.6524179527559055
0
LINE
8
BLACK
6
CONTINUOUS
10
4.9401806692913386
20
-3.6524179527559055
11
4.9409448818897639
21
-3.6562598425196851
0
LINE
8
BLACK
6
CONTINUOUS
10
4.9409448818897639
20
-3.6562598425196851
11
4.9409448818897639
21
-3.7031102362204722
0
LINE
8
BLACK
6
CONTINUOUS
10
4.9409448818897639
20
-3.7031102362204722
11
4.9401806692913386
21
-3.7069521259842517
0
LINE
8
BLACK
6
CONTINUOUS
10
4.9401806692913386
20
-3.7069521259842517
11
4.9380044094488191
21
-3.7102091338582674
0
LINE
8
BLACK
6
CONTINUOUS
10
4.9380044094488191
20
-3.7102091338582674
11
4.9347474015748034
21
-3.7123853937007874
0
LINE
8
BLACK
6
CONTINUOUS
10
4.9347474015748034
20
-3.7123853937007874
11
4.9309055118110239
21
-3.7131496062992126
0
LINE
8
BLACK
6
CONTINUOUS
10
4.9309055118110239
20
-3.7131496062992126
11
4.3604330708661418
21
-3.7131496062992126
0
LINE
8
BLACK
6
CONTINUOUS
10
4.3604330708661418
20
-3.7131496062992126
11
4.3565911811023623
21
-3.7123853937007874
0
LINE
8
BLACK
6
CONTINUOUS
10
4.3565911811023623
20
-3.7123853937007874
11
4.3533341732283466
21
-3.7102091338582674
0
LINE
8
BLACK
6
CONTINUOUS
10
4.3533341732283466
20
-3.7102091338582674
11
4.3511579133858262
21
-3.7069521259842517
0
LINE
8
BLACK
6
CONTINUOUS
10
4.3511579133858262
20
-3.7069521259842517
11
4.3503937007874018
21
-3.7031102362204722
0
LINE
8
BLACK
6
CONTINUOUS
10
4.3503937007874018
20
-3.7031102362204722
11
4.3503937007874018
21
-3.6562598425196851
0
LINE
8
BLACK
6
CONTINUOUS
10
4.3503937007874018
20
-3.6562598425196851
11
4.3511579133858262
21
-3.6524179527559055
0
LINE
8
BLACK
6
CONTINUOUS
10
4.3511579133858262
20
-3.6524179527559055
11
4.3533341732283466
21
-3.6491609448818898
0
LINE
8
BLACK
6
CONTINUOUS
10
4.3533341732283466
20
-3.6491609448818898
11
4.3565911811023623
21
-3.6469846850393699
0
LINE
8
BLACK
6
CONTINUOUS
10
4.3565911811023623
20
-3.6469846850393699
11
4.3604330708661418
21
-3.6462204724409446
0
LINE
8
BLACK
6
CONTINUOUS
10
4.3604330708661418
20
-3.6462204724409446
11
4.9309055118110239
21
-3.6462204724409446
0
LINE
8
BLACK
6
CONTINUOUS
10
4.9309055118110239
20
-3.6462204724409446
11
4.9347474015748034
21
-3.6469846850393699
0
LINE
8
BLACK
6
CONTINUOUS
10
7.730022992125984
20
-3.562260275590551
11
7.7332799999999997
21
-3.5644365354330709
0
LINE
8
BLACK
6
CONTINUOUS
10
7.7332799999999997
20
-3.5644365354330709
11
7.7354562598425192
21
-3.5676935433070867
0
LINE
8
BLACK
6
CONTINUOUS
10
7.7354562598425192
20
-3.5676935433070867
11
7.7362204724409445
21
-3.5715354330708662
0
LINE
8
BLACK
6
CONTINUOUS
10
7.7362204724409445
20
-3.5715354330708662
11
7.7362204724409445
21
-3.6183858267716533
0
LINE
8
BLACK
6
CONTINUOUS
10
7.7362204724409445
20
-3.6183858267716533
11
7.7354562598425192
21
-3.6222277165354329
0
LINE
8
BLACK
6
CONTINUOUS
10
7.7354562598425192
20
-3.6222277165354329
11
7.7332799999999997
21
-3.6254847244094486
0
LINE
8
BLACK
6
CONTINUOUS
10
7.7332799999999997
20
-3.6254847244094486
11
7.730022992125984
21
-3.6276609842519685
0
LINE
8
BLACK
6
CONTINUOUS
10
7.730022992125984
20
-3.6276609842519685
11
7.7261811023622045
21
-3.6284251968503938
0
LINE
8
BLACK
6
CONTINUOUS
10
7.7261811023622045
20
-3.6284251968503938
11
7.1557086614173224
21
-3.6284251968503938
0
LINE
8
BLACK
6
CONTINUOUS
10
7.1557086614173224
20
-3.6284251968503938
11
7.1518667716535429
21
-3.6276609842519685
0
LINE
8
BLACK
6
CONTINUOUS
10
7.1518667716535429
20
-3.6276609842519685
11
7.1486097637795272
21
-3.6254847244094486
0
LINE
8
BLACK
6
CONTINUOUS
10
7.1486097637795272
20
-3.6254847244094486
11
7.1464335039370077
21
-3.6222277165354329
0
LINE
8
BLACK
6
CONTINUOUS
10
7.1464335039370077
20
-3.6222277165354329
11
7.1456692913385824
21
-3.6183858267716533
0
LINE
8
BLACK
6
CONTINUOUS
10
7.1456692913385824
20
-3.6183858267716533
11
7.1456692913385824
21
-3.5715354330708662
0
LINE
8
BLACK
6
CONTINUOUS
10
7.1456692913385824
20
-3.5715354330708662
11
7.1464335039370077
21
-3.5676935433070867
0
LINE
8
BLACK
6
CONTINUOUS
10
7.1464335039370077
20
-3.5676935433070867
11
7.1486097637795272
21
-3.5644365354330709
0
LINE
8
BLACK
6
CONTINUOUS
10
7.1486097637795272
20
-3.5644365354330709
11
7.1518667716535429
21
-3.562260275590551
0
LINE
8
BLACK
6
CONTINUOUS
10
7.1518667716535429
20
-3.562260275590551
11
7.1557086614173224
21
-3.5614960629921257
0
LINE
8
BLACK
6
CONTINUOUS
10
7.1557086614173224
20
-3.5614960629921257
11
7.7261811023622045
21
-3.5614960629921257
0
LINE
8
BLACK
6
CONTINUOUS
10
7.7261811023622045
20
-3.5614960629921257
11
7.730022992125984
21
-3.562260275590551
0
LINE
8
BLACK
6
CONTINUOUS
10
9.4623064566929127
20
-3.562260275590551
11
9.4655634645669284
21
-3.5644365354330709
0
LINE
8
BLACK
6
CONTINUOUS
10
9.4655634645669284
20
-3.5644365354330709
11
9.4677397244094479
21
-3.5676935433070867
0
LINE
8
BLACK
6
CONTINUOUS
10
9.4677397244094479
20
-3.5676935433070867
11
9.4685039370078741
21
-3.5715354330708662
0
LINE
8
BLACK
6
CONTINUOUS
10
9.4685039370078741
20
-3.5715354330708662
11
9.4685039370078741
21
-3.6183858267716533
0
LINE
8
BLACK
6
CONTINUOUS
10
9.4685039370078741
20
-3.6183858267716533
11
9.4677397244094479
21
-3.6222277165354329
0
LINE
8
BLACK
6
CONTINUOUS
10
9.4677397244094479
20
-3.6222277165354329
11
9.4655634645669284
21
-3.6254847244094486
0
LINE
8
BLACK
6
CONTINUOUS
10
9.4655634645669284
20
-3.6254847244094486
11
9.4623064566929127
21
-3.6276609842519685
0
LINE
8
BLACK
6
CONTINUOUS
10
9.4623064566929127
20
-3.6276609842519685
11
9.4584645669291341
21
-3.6284251968503938
0
LINE
8
BLACK
6
CONTINUOUS
10
9.4584645669291341
20
-3.6284251968503938
11
8.8879921259842511
21
-3.6284251968503938
0
LINE
8
BLACK
6
CONTINUOUS
10
8.8879921259842511
20
-3.6284251968503938
11
8.8841502362204725
21
-3.6276609842519685
0
LINE
8
BLACK
6
CONTINUOUS
10
8.8841502362204725
20
-3.6276609842519685
11
8.8808932283464568
21
-3.6254847244094486
0
LINE
8
BLACK
6
CONTINUOUS
10
8.8808932283464568
20
-3.6254847244094486
11
8.8787169685039373
21
-3.6222277165354329
0
LINE
8
BLACK
6
CONTINUOUS
10
8.8787169685039373
20
-3.6222277165354329
11
8.8779527559055111
21
-3.6183858267716533
0
LINE
8
BLACK
6
CONTINUOUS
10
8.8779527559055111
20
-3.6183858267716533
11
8.8779527559055111
21
-3.5715354330708662
0
LINE
8
BLACK
6
CONTINUOUS
10
8.8779527559055111
20
-3.5715354330708662
11
8.8787169685039373
21
-3.5676935433070867
0
LINE
8
BLACK
6
CONTINUOUS
10
8.8787169685039373
20
-3.5676935433070867
11
8.8808932283464568
21
-3.5644365354330709
0
LINE
8
BLACK
6
CONTINUOUS
10
8.8808932283464568
20
-3.5644365354330709
11
8.8841502362204725
21
-3.562260275590551
0
LINE
8
BLACK
6
CONTINUOUS
10
8.8841502362204725
20
-3.562260275590551
11
8.8879921259842511
21
-3.5614960629921257
0
LINE
8
BLACK
6
CONTINUOUS
10
8.8879921259842511
20
-3.5614960629921257
11
9.4584645669291341
21
-3.5614960629921257
0
LINE
8
BLACK
6
CONTINUOUS
10
9.4584645669291341
20
-3.5614960629921257
11
9.4623064566929127
21
-3.562260275590551
0
LINE
8
BLACK
6
CONTINUOUS
10
3.2024639370078738
20
-3.5487169685039368
11
3.2057209448818895
21
-3.5508932283464567
0
LINE
8
BLACK
6
CONTINUOUS
10
3.2057209448818895
20
-3.5508932283464567
11
3.2078972047244094
21
-3.5541502362204724
0
LINE
8
BLACK
6
CONTINUOUS
10
3.2078972047244094
20
-3.5541502362204724
11
3.2086614173228347
21
-3.557992125984252
0
LINE
8
BLACK
6
CONTINUOUS
10
3.2086614173228347
20
-3.557992125984252
11
3.2086614173228347
21
-3.6048425196850391
0
LINE
8
BLACK
6
CONTINUOUS
10
3.2086614173228347
20
-3.6048425196850391
11
3.2078972047244094
21
-3.6086844094488186
0
LINE
8
BLACK
6
CONTINUOUS
10
3.2078972047244094
20
-3.6086844094488186
11
3.2057209448818895
21
-3.6119414173228344
0
LINE
8
BLACK
6
CONTINUOUS
10
3.2057209448818895
20
-3.6119414173228344
11
3.2024639370078738
21
-3.6141176771653543
0
LINE
8
BLACK
6
CONTINUOUS
10
3.2024639370078738
20
-3.6141176771653543
11
3.1986220472440943
21
-3.6148818897637796
0
LINE
8
BLACK
6
CONTINUOUS
10
3.1986220472440943
20
-3.6148818897637796
11
2.6281496062992127
21
-3.6148818897637796
0
LINE
8
BLACK
6
CONTINUOUS
10
2.6281496062992127
20
-3.6148818897637796
11
2.6243077165354332
21
-3.6141176771653543
0
LINE
8
BLACK
6
CONTINUOUS
10
2.6243077165354332
20
-3.6141176771653543
11
2.6210507086614174
21
-3.6119414173228344
0
LINE
8
BLACK
6
CONTINUOUS
10
2.6210507086614174
20
-3.6119414173228344
11
2.6188744488188975
21
-3.6086844094488186
0
LINE
8
BLACK
6
CONTINUOUS
10
2.6188744488188975
20
-3.6086844094488186
11
2.6181102362204722
21
-3.6048425196850391
0
LINE
8
BLACK
6
CONTINUOUS
10
2.6181102362204722
20
-3.6048425196850391
11
2.6181102362204722
21
-3.557992125984252
0
LINE
8
BLACK
6
CONTINUOUS
10
2.6181102362204722
20
-3.557992125984252
11
2.6188744488188975
21
-3.5541502362204724
0
LINE
8
BLACK
6
CONTINUOUS
10
2.6188744488188975
20
-3.5541502362204724
11
2.6210507086614174
21
-3.5508932283464567
0
LINE
8
BLACK
6
CONTINUOUS
10
2.6210507086614174
20
-3.5508932283464567
11
2.6243077165354332
21
-3.5487169685039368
0
LINE
8
BLACK
6
CONTINUOUS
10
2.6243077165354332
20
-3.5487169685039368
11
2.6281496062992127
21
-3.5479527559055115
0
LINE
8
BLACK
6
CONTINUOUS
10
2.6281496062992127
20
-3.5479527559055115
11
3.1986220472440943
21
-3.5479527559055115
0
LINE
8
BLACK
6
CONTINUOUS
10
3.1986220472440943
20
-3.5479527559055115
11
3.2024639370078738
21
-3.5487169685039368
0
LINE
8
BLACK
6
CONTINUOUS
10
4.9347474015748034
20
-3.5487169685039368
11
4.9380044094488191
21
-3.5508932283464567
0
LINE
8
BLACK
6
CONTINUOUS
10
4.9380044094488191
20
-3.5508932283464567
11
4.9401806692913386
21
-3.5541502362204724
0
LINE
8
BLACK
6
CONTINUOUS
10
4.9401806692913386
20
-3.5541502362204724
11
4.9409448818897639
21
-3.557992125984252
0
LINE
8
BLACK
6
CONTINUOUS
10
4.9409448818897639
20
-3.557992125984252
11
4.9409448818897639
21
-3.6048425196850391
0
LINE
8
BLACK
6
CONTINUOUS
10
4.9409448818897639
20
-3.6048425196850391
11
4.9401806692913386
21
-3.6086844094488186
0
LINE
8
BLACK
6
CONTINUOUS
10
4.9401806692913386
20
-3.6086844094488186
11
4.9380044094488191
21
-3.6119414173228344
0
LINE
8
BLACK
6
CONTINUOUS
10
4.9380044094488191
20
-3.6119414173228344
11
4.9347474015748034
21
-3.6141176771653543
0
LINE
8
BLACK
6
CONTINUOUS
10
4.9347474015748034
20
-3.6141176771653543
11
4.9309055118110239
21
-3.6148818897637796
0
LINE
8
BLACK
6
CONTINUOUS
10
4.9309055118110239
20
-3.6148818897637796
11
4.3604330708661418
21
-3.6148818897637796
0
LINE
8
BLACK
6
CONTINUOUS
10
4.3604330708661418
20
-3.6148818897637796
11
4.3565911811023623
21
-3.6141176771653543
0
LINE
8
BLACK
6
CONTINUOUS
10
4.3565911811023623
20
-3.6141176771653543
11
4.3533341732283466
21
-3.6119414173228344
0
LINE
8
BLACK
6
CONTINUOUS
10
4.3533341732283466
20
-3.6119414173228344
11
4.3511579133858262
21
-3.6086844094488186
0
LINE
8
BLACK
6
CONTINUOUS
10
4.3511579133858262
20
-3.6086844094488186
11
4.3503937007874018
21
-3.6048425196850391
0
LINE
8
BLACK
6
CONTINUOUS
10
4.3503937007874018
20
-3.6048425196850391
11
4.3503937007874018
21
-3.557992125984252
0
LINE
8
BLACK
6
CONTINUOUS
10
4.3503937007874018
20
-3.557992125984252
11
4.3511579133858262
21
-3.5541502362204724
0
LINE
8
BLACK
6
CONTINUOUS
10
4.3511579133858262
20
-3.5541502362204724
11
4.3533341732283466
21
-3.5508932283464567
0
LINE
8
BLACK
6
CONTINUOUS
10
4.3533341732283466
20
-3.5508932283464567
11
4.3565911811023623
21
-3.5487169685039368
0
LINE
8
BLACK
6
CONTINUOUS
10
4.3565911811023623
20
-3.5487169685039368
11
4.3604330708661418
21
-3.5479527559055115
0
LINE
8
BLACK
6
CONTINUOUS
10
4.3604330708661418
20
-3.5479527559055115
11
4.9309055118110239
21
-3.5479527559055115
0
LINE
8
BLACK
6
CONTINUOUS
10
4.9309055118110239
20
-3.5479527559055115
11
4.9347474015748034
21
-3.5487169685039368
0
LINE
8
BLACK
6
CONTINUOUS
10
7.730022992125984
20
-3.4639925590551179
11
7.7332799999999997
21
-3.4661688188976378
0
LINE
8
BLACK
6
CONTINUOUS
10
7.7332799999999997
20
-3.4661688188976378
11
7.7354562598425192
21
-3.4694258267716536
0
LINE
8
BLACK
6
CONTINUOUS
10
7.7354562598425192
20
-3.4694258267716536
11
7.7362204724409445
21
-3.4732677165354331
0
LINE
8
BLACK
6
CONTINUOUS
10
7.7362204724409445
20
-3.4732677165354331
11
7.7362204724409445
21
-3.5201181102362202
0
LINE
8
BLACK
6
CONTINUOUS
10
7.7362204724409445
20
-3.5201181102362202
11
7.7354562598425192
21
-3.5239599999999998
0
LINE
8
BLACK
6
CONTINUOUS
10
7.7354562598425192
20
-3.5239599999999998
11
7.7332799999999997
21
-3.5272170078740155
0
LINE
8
BLACK
6
CONTINUOUS
10
7.7332799999999997
20
-3.5272170078740155
11
7.730022992125984
21
-3.5293932677165354
0
LINE
8
BLACK
6
CONTINUOUS
10
7.730022992125984
20
-3.5293932677165354
11
7.7261811023622045
21
-3.5301574803149607
0
LINE
8
BLACK
6
CONTINUOUS
10
7.7261811023622045
20
-3.5301574803149607
11
7.1557086614173224
21
-3.5301574803149607
0
LINE
8
BLACK
6
CONTINUOUS
10
7.1557086614173224
20
-3.5301574803149607
11
7.1518667716535429
21
-3.5293932677165354
0
LINE
8
BLACK
6
CONTINUOUS
10
7.1518667716535429
20
-3.5293932677165354
11
7.1486097637795272
21
-3.5272170078740155
0
LINE
8
BLACK
6
CONTINUOUS
10
7.1486097637795272
20
-3.5272170078740155
11
7.1464335039370077
21
-3.5239599999999998
0
LINE
8
BLACK
6
CONTINUOUS
10
7.1464335039370077
20
-3.5239599999999998
11
7.1456692913385824
21
-3.5201181102362202
0
LINE
8
BLACK
6
CONTINUOUS
10
7.1456692913385824
20
-3.5201181102362202
11
7.1456692913385824
21
-3.4732677165354331
0
LINE
8
BLACK
6
CONTINUOUS
10
7.1456692913385824
20
-3.4732677165354331
11
7.1464335039370077
21
-3.4694258267716536
0
LINE
8
BLACK
6
CONTINUOUS
10
7.1464335039370077
20
-3.4694258267716536
11
7.1486097637795272
21
-3.4661688188976378
0
LINE
8
BLACK
6
CONTINUOUS
10
7.1486097637795272
20
-3.4661688188976378
11
7.1518667716535429
21
-3.4639925590551179
0
LINE
8
BLACK
6
CONTINUOUS
10
7.1518667716535429
20
-3.4639925590551179
11
7.1557086614173224
21
-3.4632283464566926
0
LINE
8
BLACK
6
CONTINUOUS
10
7.1557086614173224
20
-3.4632283464566926
11
7.7261811023622045
21
-3.4632283464566926
0
LINE
8
BLACK
6
CONTINUOUS
10
7.7261811023622045
20
-3.4632283464566926
11
7.730022992125984
21
-3.4639925590551179
0
LINE
8
BLACK
6
CONTINUOUS
10
9.4623064566929127
20
-3.4639925590551179
11
9.4655634645669284
21
-3.4661688188976378
0
LINE
8
BLACK
6
CONTINUOUS
10
9.4655634645669284
20
-3.4661688188976378
11
9.4677397244094479
21
-3.4694258267716536
0
LINE
8
BLACK
6
CONTINUOUS
10
9.4677397244094479
20
-3.4694258267716536
11
9.4685039370078741
21
-3.4732677165354331
0
LINE
8
BLACK
6
CONTINUOUS
10
9.4685039370078741
20
-3.4732677165354331
11
9.4685039370078741
21
-3.5201181102362202
0
LINE
8
BLACK
6
CONTINUOUS
10
9.4685039370078741
20
-3.5201181102362202
11
9.4677397244094479
21
-3.5239599999999998
0
LINE
8
BLACK
6
CONTINUOUS
10
9.4677397244094479
20
-3.5239599999999998
11
9.4655634645669284
21
-3.5272170078740155
0
LINE
8
BLACK
6
CONTINUOUS
10
9.4655634645669284
20
-3.5272170078740155
11
9.4623064566929127
21
-3.5293932677165354
0
LINE
8
BLACK
6
CONTINUOUS
10
9.4623064566929127
20
-3.5293932677165354
11
9.4584645669291341
21
-3.5301574803149607
0
LINE
8
BLACK
6
CONTINUOUS
10
9.4584645669291341
20
-3.5301574803149607
11
8.8879921259842511
21
-3.5301574803149607
0
LINE
8
BLACK
6
CONTINUOUS
10
8.8879921259842511
20
-3.5301574803149607
11
8.8841502362204725
21
-3.5293932677165354
0
LINE
8
BLACK
6
CONTINUOUS
10
8.8841502362204725
20
-3.5293932677165354
11
8.8808932283464568
21
-3.5272170078740155
0
LINE
8
BLACK
6
CONTINUOUS
10
8.8808932283464568
20
-3.5272170078740155
11
8.8787169685039373
21
-3.5239599999999998
0
LINE
8
BLACK
6
CONTINUOUS
10
8.8787169685039373
20
-3.5239599999999998
11
8.8779527559055111
21
-3.5201181102362202
0
LINE
8
BLACK
6
CONTINUOUS
10
8.8779527559055111
20
-3.5201181102362202
11
8.8779527559055111
21
-3.4732677165354331
0
LINE
8
BLACK
6
CONTINUOUS
10
8.8779527559055111
20
-3.4732677165354331
11
8.8787169685039373
21
-3.4694258267716536
0
LINE
8
BLACK
6
CONTINUOUS
10
8.8787169685039373
20
-3.4694258267716536
11
8.8808932283464568
21
-3.4661688188976378
0
LINE
8
BLACK
6
CONTINUOUS
10
8.8808932283464568
20
-3.4661688188976378
11
8.8841502362204725
21
-3.4639925590551179
0
LINE
8
BLACK
6
CONTINUOUS
10
8.8841502362204725
20
-3.4639925590551179
11
8.8879921259842511
21
-3.4632283464566926
0
LINE
8
BLACK
6
CONTINUOUS
10
8.8879921259842511
20
-3.4632283464566926
11
9.4584645669291341
21
-3.4632283464566926
0
LINE
8
BLACK
6
CONTINUOUS
10
9.4584645669291341
20
-3.4632283464566926
11
9.4623064566929127
21
-3.4639925590551179
0
LINE
8
BLACK
6
CONTINUOUS
10
3.2024639370078738
20
-3.4504492519685037
11
3.2057209448818895
21
-3.4526255118110236
0
LINE
8
BLACK
6
CONTINUOUS
10
3.2057209448818895
20
-3.4526255118110236
11
3.2078972047244094
21
-3.4558825196850393
0
LINE
8
BLACK
6
CONTINUOUS
10
3.2078972047244094
20
-3.4558825196850393
11
3.2086614173228347
21
-3.4597244094488189
0
LINE
8
BLACK
6
CONTINUOUS
10
3.2086614173228347
20
-3.4597244094488189
11
3.2086614173228347
21
-3.506574803149606
0
LINE
8
BLACK
6
CONTINUOUS
10
3.2086614173228347
20
-3.506574803149606
11
3.2078972047244094
21
-3.5104166929133855
0
LINE
8
BLACK
6
CONTINUOUS
10
3.2078972047244094
20
-3.5104166929133855
11
3.2057209448818895
21
-3.5136737007874017
0
LINE
8
BLACK
6
CONTINUOUS
10
3.2057209448818895
20
-3.5136737007874017
11
3.2024639370078738
21
-3.5158499606299212
0
LINE
8
BLACK
6
CONTINUOUS
10
3.2024639370078738
20
-3.5158499606299212
11
3.1986220472440943
21
-3.5166141732283465
0
LINE
8
BLACK
6
CONTINUOUS
10
3.1986220472440943
20
-3.5166141732283465
11
2.6281496062992127
21
-3.5166141732283465
0
LINE
8
BLACK
6
CONTINUOUS
10
2.6281496062992127
20
-3.5166141732283465
11
2.6243077165354332
21
-3.5158499606299212
0
LINE
8
BLACK
6
CONTINUOUS
10
2.6243077165354332
20
-3.5158499606299212
11
2.6210507086614174
21
-3.5136737007874017
0
LINE
8
BLACK
6
CONTINUOUS
10
2.6210507086614174
20
-3.5136737007874017
11
2.6188744488188975
21
-3.5104166929133855
0
LINE
8
BLACK
6
CONTINUOUS
10
2.6188744488188975
20
-3.5104166929133855
11
2.6181102362204722
21
-3.506574803149606
0
LINE
8
BLACK
6
CONTINUOUS
10
2.6181102362204722
20
-3.506574803149606
11
2.6181102362204722
21
-3.4597244094488189
0
LINE
8
BLACK
6
CONTINUOUS
10
2.6181102362204722
20
-3.4597244094488189
11
2.6188744488188975
21
-3.4558825196850393
0
LINE
8
BLACK
6
CONTINUOUS
10
2.6188744488188975
20
-3.4558825196850393
11
2.6210507086614174
21
-3.4526255118110236
0
LINE
8
BLACK
6
CONTINUOUS
10
2.6210507086614174
20
-3.4526255118110236
11
2.6243077165354332
21
-3.4504492519685037
0
LINE
8
BLACK
6
CONTINUOUS
10
2.6243077165354332
20
-3.4504492519685037
11
2.6281496062992127
21
-3.4496850393700789
0
LINE
8
BLACK
6
CONTINUOUS
10
2.6281496062992127
20
-3.4496850393700789
11
3.1986220472440943
21
-3.4496850393700789
0
LINE
8
BLACK
6
CONTINUOUS
10
3.1986220472440943
20
-3.4496850393700789
11
3.2024639370078738
21
-3.4504492519685037
0
LINE
8
BLACK
6
CONTINUOUS
10
4.9347474015748034
20
-3.4504492519685037
11
4.9380044094488191
21
-3.4526255118110236
0
LINE
8
BLACK
6
CONTINUOUS
10
4.9380044094488191
20
-3.4526255118110236
11
4.9401806692913386
21
-3.4558825196850393
0
LINE
8
BLACK
6
CONTINUOUS
10
4.9401806692913386
20
-3.4558825196850393
11
4.9409448818897639
21
-3.4597244094488189
0
LINE
8
BLACK
6
CONTINUOUS
10
4.9409448818897639
20
-3.4597244094488189
11
4.9409448818897639
21
-3.506574803149606
0
LINE
8
BLACK
6
CONTINUOUS
10
4.9409448818897639
20
-3.506574803149606
11
4.9401806692913386
21
-3.5104166929133855
0
LINE
8
BLACK
6
CONTINUOUS
10
4.9401806692913386
20
-3.5104166929133855
11
4.9380044094488191
21
-3.5136737007874017
0
LINE
8
BLACK
6
CONTINUOUS
10
4.9380044094488191
20
-3.5136737007874017
11
4.9347474015748034
21
-3.5158499606299212
0
LINE
8
BLACK
6
CONTINUOUS
10
4.9347474015748034
20
-3.5158499606299212
11
4.9309055118110239
21
-3.5166141732283465
0
LINE
8
BLACK
6
CONTINUOUS
10
4.9309055118110239
20
-3.5166141732283465
11
4.3604330708661418
21
-3.5166141732283465
0
LINE
8
BLACK
6
CONTINUOUS
10
4.3604330708661418
20
-3.5166141732283465
11
4.3565911811023623
21
-3.5158499606299212
0
LINE
8
BLACK
6
CONTINUOUS
10
4.3565911811023623
20
-3.5158499606299212
11
4.3533341732283466
21
-3.5136737007874017
0
LINE
8
BLACK
6
CONTINUOUS
10
4.3533341732283466
20
-3.5136737007874017
11
4.3511579133858262
21
-3.5104166929133855
0
LINE
8
BLACK
6
CONTINUOUS
10
4.3511579133858262
20
-3.5104166929133855
11
4.3503937007874018
21
-3.506574803149606
0
LINE
8
BLACK
6
CONTINUOUS
10
4.3503937007874018
20
-3.506574803149606
11
4.3503937007874018
21
-3.4597244094488189
0
LINE
8
BLACK
6
CONTINUOUS
10
4.3503937007874018
20
-3.4597244094488189
11
4.3511579133858262
21
-3.4558825196850393
0
LINE
8
BLACK
6
CONTINUOUS
10
4.3511579133858262
20
-3.4558825196850393
11
4.3533341732283466
21
-3.4526255118110236
0
LINE
8
BLACK
6
CONTINUOUS
10
4.3533341732283466
20
-3.4526255118110236
11
4.3565911811023623
21
-3.4504492519685037
0
LINE
8
BLACK
6
CONTINUOUS
10
4.3565911811023623
20
-3.4504492519685037
11
4.3604330708661418
21
-3.4496850393700789
0
LINE
8
BLACK
6
CONTINUOUS
10
4.3604330708661418
20
-3.4496850393700789
11
4.9309055118110239
21
-3.4496850393700789
0
LINE
8
BLACK
6
CONTINUOUS
10
4.9309055118110239
20
-3.4496850393700789
11
4.9347474015748034
21
-3.4504492519685037
0
LINE
8
BLACK
6
CONTINUOUS
10
7.730022992125984
20
-3.3657248425196848
11
7.7332799999999997
21
-3.3679011023622047
0
LINE
8
BLACK
6
CONTINUOUS
10
7.7332799999999997
20
-3.3679011023622047
11
7.7354562598425192
21
-3.3711581102362205
0
LINE
8
BLACK
6
CONTINUOUS
10
7.7354562598425192
20
-3.3711581102362205
11
7.7362204724409445
21
-3.375
0
LINE
8
BLACK
6
CONTINUOUS
10
7.7362204724409445
20
-3.375
11
7.7362204724409445
21
-3.4218503937007871
0
LINE
8
BLACK
6
CONTINUOUS
10
7.7362204724409445
20
-3.4218503937007871
11
7.7354562598425192
21
-3.4256922834645667
0
LINE
8
BLACK
6
CONTINUOUS
10
7.7354562598425192
20
-3.4256922834645667
11
7.7332799999999997
21
-3.4289492913385824
0
LINE
8
BLACK
6
CONTINUOUS
10
7.7332799999999997
20
-3.4289492913385824
11
7.730022992125984
21
-3.4311255511811023
0
LINE
8
BLACK
6
CONTINUOUS
10
7.730022992125984
20
-3.4311255511811023
11
7.7261811023622045
21
-3.4318897637795276
0
LINE
8
BLACK
6
CONTINUOUS
10
7.7261811023622045
20
-3.4318897637795276
11
7.1557086614173224
21
-3.4318897637795276
0
LINE
8
BLACK
6
CONTINUOUS
10
7.1557086614173224
20
-3.4318897637795276
11
7.1518667716535429
21
-3.4311255511811023
0
LINE
8
BLACK
6
CONTINUOUS
10
7.1518667716535429
20
-3.4311255511811023
11
7.1486097637795272
21
-3.4289492913385824
0
LINE
8
BLACK
6
CONTINUOUS
10
7.1486097637795272
20
-3.4289492913385824
11
7.1464335039370077
21
-3.4256922834645667
0
LINE
8
BLACK
6
CONTINUOUS
10
7.1464335039370077
20
-3.4256922834645667
11
7.1456692913385824
21
-3.4218503937007871
0
LINE
8
BLACK
6
CONTINUOUS
10
7.1456692913385824
20
-3.4218503937007871
11
7.1456692913385824
21
-3.375
0
LINE
8
BLACK
6
CONTINUOUS
10
7.1456692913385824
20
-3.375
11
7.1464335039370077
21
-3.3711581102362205
0
LINE
8
BLACK
6
CONTINUOUS
10
7.1464335039370077
20
-3.3711581102362205
11
7.1486097637795272
21
-3.3679011023622047
0
LINE
8
BLACK
6
CONTINUOUS
10
7.1486097637795272
20
-3.3679011023622047
11
7.1518667716535429
21
-3.3657248425196848
0
LINE
8
BLACK
6
CONTINUOUS
10
7.1518667716535429
20
-3.3657248425196848
11
7.1557086614173224
21
-3.3649606299212595
0
LINE
8
BLACK
6
CONTINUOUS
10
7.1557086614173224
20
-3.3649606299212595
11
7.7261811023622045
21
-3.3649606299212595
0
LINE
8
BLACK
6
CONTINUOUS
10
7.7261811023622045
20
-3.3649606299212595
11
7.730022992125984
21
-3.3657248425196848
0
LINE
8
BLACK
6
CONTINUOUS
10
3.2024639370078738
20
-3.3521815354330706
11
3.2057209448818895
21
-3.3543577952755905
0
LINE
8
BLACK
6
CONTINUOUS
10
3.2057209448818895
20
-3.3543577952755905
11
3.2078972047244094
21
-3.3576148031496063
0
LINE
8
BLACK
6
CONTINUOUS
10
3.2078972047244094
20
-3.3576148031496063
11
3.2086614173228347
21
-3.3614566929133858
0
LINE
8
BLACK
6
CONTINUOUS
10
3.2086614173228347
20
-3.3614566929133858
11
3.2086614173228347
21
-3.4083070866141734
0
LINE
8
BLACK
6
CONTINUOUS
10
3.2086614173228347
20
-3.4083070866141734
11
3.2078972047244094
21
-3.4121489763779529
0
LINE
8
BLACK
6
CONTINUOUS
10
3.2078972047244094
20
-3.4121489763779529
11
3.2057209448818895
21
-3.4154059842519686
0
LINE
8
BLACK
6
CONTINUOUS
10
3.2057209448818895
20
-3.4154059842519686
11
3.2024639370078738
21
-3.4175822440944881
0
LINE
8
BLACK
6
CONTINUOUS
10
3.2024639370078738
20
-3.4175822440944881
11
3.1986220472440943
21
-3.4183464566929134
0
LINE
8
BLACK
6
CONTINUOUS
10
3.1986220472440943
20
-3.4183464566929134
11
2.6281496062992127
21
-3.4183464566929134
0
LINE
8
BLACK
6
CONTINUOUS
10
2.6281496062992127
20
-3.4183464566929134
11
2.6243077165354332
21
-3.4175822440944881
0
LINE
8
BLACK
6
CONTINUOUS
10
2.6243077165354332
20
-3.4175822440944881
11
2.6210507086614174
21
-3.4154059842519686
0
LINE
8
BLACK
6
CONTINUOUS
10
2.6210507086614174
20
-3.4154059842519686
11
2.6188744488188975
21
-3.4121489763779529
0
LINE
8
BLACK
6
CONTINUOUS
10
2.6188744488188975
20
-3.4121489763779529
11
2.6181102362204722
21
-3.4083070866141734
0
LINE
8
BLACK
6
CONTINUOUS
10
2.6181102362204722
20
-3.4083070866141734
11
2.6181102362204722
21
-3.3614566929133858
0
LINE
8
BLACK
6
CONTINUOUS
10
2.6181102362204722
20
-3.3614566929133858
11
2.6188744488188975
21
-3.3576148031496063
0
LINE
8
BLACK
6
CONTINUOUS
10
2.6188744488188975
20
-3.3576148031496063
11
2.6210507086614174
21
-3.3543577952755905
0
LINE
8
BLACK
6
CONTINUOUS
10
2.6210507086614174
20
-3.3543577952755905
11
2.6243077165354332
21
-3.3521815354330706
0
LINE
8
BLACK
6
CONTINUOUS
10
2.6243077165354332
20
-3.3521815354330706
11
2.6281496062992127
21
-3.3514173228346458
0
LINE
8
BLACK
6
CONTINUOUS
10
2.6281496062992127
20
-3.3514173228346458
11
3.1986220472440943
21
-3.3514173228346458
0
LINE
8
BLACK
6
CONTINUOUS
10
3.1986220472440943
20
-3.3514173228346458
11
3.2024639370078738
21
-3.3521815354330706
0
LINE
8
BLACK
6
CONTINUOUS
10
4.9347474015748034
20
-3.3521815354330706
11
4.9380044094488191
21
-3.3543577952755905
0
LINE
8
BLACK
6
CONTINUOUS
10
4.9380044094488191
20
-3.3543577952755905
11
4.9401806692913386
21
-3.3576148031496063
0
LINE
8
BLACK
6
CONTINUOUS
10
4.9401806692913386
20
-3.3576148031496063
11
4.9409448818897639
21
-3.3614566929133858
0
LINE
8
BLACK
6
CONTINUOUS
10
4.9409448818897639
20
-3.3614566929133858
11
4.9409448818897639
21
-3.4083070866141734
0
LINE
8
BLACK
6
CONTINUOUS
10
4.9409448818897639
20
-3.4083070866141734
11
4.9401806692913386
21
-3.4121489763779529
0
LINE
8
BLACK
6
CONTINUOUS
10
4.9401806692913386
20
-3.4121489763779529
11
4.9380044094488191
21
-3.4154059842519686
0
LINE
8
BLACK
6
CONTINUOUS
10
4.9380044094488191
20
-3.4154059842519686
11
4.9347474015748034
21
-3.4175822440944881
0
LINE
8
BLACK
6
CONTINUOUS
10
4.9347474015748034
20
-3.4175822440944881
11
4.9309055118110239
21
-3.4183464566929134
0
LINE
8
BLACK
6
CONTINUOUS
10
4.9309055118110239
20
-3.4183464566929134
11
4.3604330708661418
21
-3.4183464566929134
0
LINE
8
BLACK
6
CONTINUOUS
10
4.3604330708661418
20
-3.4183464566929134
11
4.3565911811023623
21
-3.4175822440944881
0
LINE
8
BLACK
6
CONTINUOUS
10
4.3565911811023623
20
-3.4175822440944881
11
4.3533341732283466
21
-3.4154059842519686
0
LINE
8
BLACK
6
CONTINUOUS
10
4.3533341732283466
20
-3.4154059842519686
11
4.3511579133858262
21
-3.4121489763779529
0
LINE
8
BLACK
6
CONTINUOUS
10
4.3511579133858262
20
-3.4121489763779529
11
4.3503937007874018
21
-3.4083070866141734
0
LINE
8
BLACK
6
CONTINUOUS
10
4.3503937007874018
20
-3.4083070866141734
11
4.3503937007874018
21
-3.3614566929133858
0
LINE
8
BLACK
6
CONTINUOUS
10
4.3503937007874018
20
-3.3614566929133858
11
4.3511579133858262
21
-3.3576148031496063
0
LINE
8
BLACK
6
CONTINUOUS
10
4.3511579133858262
20
-3.3576148031496063
11
4.3533341732283466
21
-3.3543577952755905
0
LINE
8
BLACK
6
CONTINUOUS
10
4.3533341732283466
20
-3.3543577952755905
11
4.3565911811023623
21
-3.3521815354330706
0
LINE
8
BLACK
6
CONTINUOUS
10
4.3565911811023623
20
-3.3521815354330706
11
4.3604330708661418
21
-3.3514173228346458
0
LINE
8
BLACK
6
CONTINUOUS
10
4.3604330708661418
20
-3.3514173228346458
11
4.9309055118110239
21
-3.3514173228346458
0
LINE
8
BLACK
6
CONTINUOUS
10
4.9309055118110239
20
-3.3514173228346458
11
4.9347474015748034
21
-3.3521815354330706
0
LINE
8
BLACK
6
CONTINUOUS
10
7.730022992125984
20
-3.2674571259842518
11
7.7332799999999997
21
-3.2696333858267717
0
LINE
8
BLACK
6
CONTINUOUS
10
7.7332799999999997
20
-3.2696333858267717
11
7.7354562598425192
21
-3.2728903937007874
0
LINE
8
BLACK
6
CONTINUOUS
10
7.7354562598425192
20
-3.2728903937007874
11
7.7362204724409445
21
-3.2767322834645669
0
LINE
8
BLACK
6
CONTINUOUS
10
7.7362204724409445
20
-3.2767322834645669
11
7.7362204724409445
21
-3.323582677165354
0
LINE
8
BLACK
6
CONTINUOUS
10
7.7362204724409445
20
-3.323582677165354
11
7.7354562598425192
21
-3.3274245669291336
0
LINE
8
BLACK
6
CONTINUOUS
10
7.7354562598425192
20
-3.3274245669291336
11
7.7332799999999997
21
-3.3306815748031497
0
LINE
8
BLACK
6
CONTINUOUS
10
7.7332799999999997
20
-3.3306815748031497
11
7.730022992125984
21
-3.3328578346456692
0
LINE
8
BLACK
6
CONTINUOUS
10
7.730022992125984
20
-3.3328578346456692
11
7.7261811023622045
21
-3.3336220472440945
0
LINE
8
BLACK
6
CONTINUOUS
10
7.7261811023622045
20
-3.3336220472440945
11
7.1557086614173224
21
-3.3336220472440945
0
LINE
8
BLACK
6
CONTINUOUS
10
7.1557086614173224
20
-3.3336220472440945
11
7.1518667716535429
21
-3.3328578346456692
0
LINE
8
BLACK
6
CONTINUOUS
10
7.1518667716535429
20
-3.3328578346456692
11
7.1486097637795272
21
-3.3306815748031497
0
LINE
8
BLACK
6
CONTINUOUS
10
7.1486097637795272
20
-3.3306815748031497
11
7.1464335039370077
21
-3.3274245669291336
0
LINE
8
BLACK
6
CONTINUOUS
10
7.1464335039370077
20
-3.3274245669291336
11
7.1456692913385824
21
-3.323582677165354
0
LINE
8
BLACK
6
CONTINUOUS
10
7.1456692913385824
20
-3.323582677165354
11
7.1456692913385824
21
-3.2767322834645669
0
LINE
8
BLACK
6
CONTINUOUS
10
7.1456692913385824
20
-3.2767322834645669
11
7.1464335039370077
21
-3.2728903937007874
0
LINE
8
BLACK
6
CONTINUOUS
10
7.1464335039370077
20
-3.2728903937007874
11
7.1486097637795272
21
-3.2696333858267717
0
LINE
8
BLACK
6
CONTINUOUS
10
7.1486097637795272
20
-3.2696333858267717
11
7.1518667716535429
21
-3.2674571259842518
0
LINE
8
BLACK
6
CONTINUOUS
10
7.1518667716535429
20
-3.2674571259842518
11
7.1557086614173224
21
-3.2666929133858269
0
LINE
8
BLACK
6
CONTINUOUS
10
7.1557086614173224
20
-3.2666929133858269
11
7.7261811023622045
21
-3.2666929133858269
0
LINE
8
BLACK
6
CONTINUOUS
10
7.7261811023622045
20
-3.2666929133858269
11
7.730022992125984
21
-3.2674571259842518
0
LINE
8
BLACK
6
CONTINUOUS
10
9.4623064566929127
20
-3.2674571259842518
11
9.4655634645669284
21
-3.2696333858267717
0
LINE
8
BLACK
6
CONTINUOUS
10
9.4655634645669284
20
-3.2696333858267717
11
9.4677397244094479
21
-3.2728903937007874
0
LINE
8
BLACK
6
CONTINUOUS
10
9.4677397244094479
20
-3.2728903937007874
11
9.4685039370078741
21
-3.2767322834645669
0
LINE
8
BLACK
6
CONTINUOUS
10
9.4685039370078741
20
-3.2767322834645669
11
9.4685039370078741
21
-3.323582677165354
0
LINE
8
BLACK
6
CONTINUOUS
10
9.4685039370078741
20
-3.323582677165354
11
9.4677397244094479
21
-3.3274245669291336
0
LINE
8
BLACK
6
CONTINUOUS
10
9.4677397244094479
20
-3.3274245669291336
11
9.4655634645669284
21
-3.3306815748031497
0
LINE
8
BLACK
6
CONTINUOUS
10
9.4655634645669284
20
-3.3306815748031497
11
9.4623064566929127
21
-3.3328578346456692
0
LINE
8
BLACK
6
CONTINUOUS
10
9.4623064566929127
20
-3.3328578346456692
11
9.4584645669291341
21
-3.3336220472440945
0
LINE
8
BLACK
6
CONTINUOUS
10
9.4584645669291341
20
-3.3336220472440945
11
8.8879921259842511
21
-3.3336220472440945
0
LINE
8
BLACK
6
CONTINUOUS
10
8.8879921259842511
20
-3.3336220472440945
11
8.8841502362204725
21
-3.3328578346456692
0
LINE
8
BLACK
6
CONTINUOUS
10
8.8841502362204725
20
-3.3328578346456692
11
8.8808932283464568
21
-3.3306815748031497
0
LINE
8
BLACK
6
CONTINUOUS
10
8.8808932283464568
20
-3.3306815748031497
11
8.8787169685039373
21
-3.3274245669291336
0
LINE
8
BLACK
6
CONTINUOUS
10
8.8787169685039373
20
-3.3274245669291336
11
8.8779527559055111
21
-3.323582677165354
0
LINE
8
BLACK
6
CONTINUOUS
10
8.8779527559055111
20
-3.323582677165354
11
8.8779527559055111
21
-3.2767322834645669
0
LINE
8
BLACK
6
CONTINUOUS
10
8.8779527559055111
20
-3.2767322834645669
11
8.8787169685039373
21
-3.2728903937007874
0
LINE
8
BLACK
6
CONTINUOUS
10
8.8787169685039373
20
-3.2728903937007874
11
8.8808932283464568
21
-3.2696333858267717
0
LINE
8
BLACK
6
CONTINUOUS
10
8.8808932283464568
20
-3.2696333858267717
11
8.8841502362204725
21
-3.2674571259842518
0
LINE
8
BLACK
6
CONTINUOUS
10
8.8841502362204725
20
-3.2674571259842518
11
8.8879921259842511
21
-3.2666929133858269
0
LINE
8
BLACK
6
CONTINUOUS
10
8.8879921259842511
20
-3.2666929133858269
11
9.4584645669291341
21
-3.2666929133858269
0
LINE
8
BLACK
6
CONTINUOUS
10
9.4584645669291341
20
-3.2666929133858269
11
9.4623064566929127
21
-3.2674571259842518
0
LINE
8
BLACK
6
CONTINUOUS
10
3.2024639370078738
20
-3.2539138188976375
11
3.2057209448818895
21
-3.2560900787401574
0
LINE
8
BLACK
6
CONTINUOUS
10
3.2057209448818895
20
-3.2560900787401574
11
3.2078972047244094
21
-3.2593470866141732
0
LINE
8
BLACK
6
CONTINUOUS
10
3.2078972047244094
20
-3.2593470866141732
11
3.2086614173228347
21
-3.2631889763779527
0
LINE
8
BLACK
6
CONTINUOUS
10
3.2086614173228347
20
-3.2631889763779527
11
3.2086614173228347
21
-3.3100393700787403
0
LINE
8
BLACK
6
CONTINUOUS
10
3.2086614173228347
20
-3.3100393700787403
11
3.2078972047244094
21
-3.3138812598425198
0
LINE
8
BLACK
6
CONTINUOUS
10
3.2078972047244094
20
-3.3138812598425198
11
3.2057209448818895
21
-3.3171382677165355
0
LINE
8
BLACK
6
CONTINUOUS
10
3.2057209448818895
20
-3.3171382677165355
11
3.2024639370078738
21
-3.319314527559055
0
LINE
8
BLACK
6
CONTINUOUS
10
3.2024639370078738
20
-3.319314527559055
11
3.1986220472440943
21
-3.3200787401574803
0
LINE
8
BLACK
6
CONTINUOUS
10
3.1986220472440943
20
-3.3200787401574803
11
2.6281496062992127
21
-3.3200787401574803
0
LINE
8
BLACK
6
CONTINUOUS
10
2.6281496062992127
20
-3.3200787401574803
11
2.6243077165354332
21
-3.319314527559055
0
LINE
8
BLACK
6
CONTINUOUS
10
2.6243077165354332
20
-3.319314527559055
11
2.6210507086614174
21
-3.3171382677165355
0
LINE
8
BLACK
6
CONTINUOUS
10
2.6210507086614174
20
-3.3171382677165355
11
2.6188744488188975
21
-3.3138812598425198
0
LINE
8
BLACK
6
CONTINUOUS
10
2.6188744488188975
20
-3.3138812598425198
11
2.6181102362204722
21
-3.3100393700787403
0
LINE
8
BLACK
6
CONTINUOUS
10
2.6181102362204722
20
-3.3100393700787403
11
2.6181102362204722
21
-3.2631889763779527
0
LINE
8
BLACK
6
CONTINUOUS
10
2.6181102362204722
20
-3.2631889763779527
11
2.6188744488188975
21
-3.2593470866141732
0
LINE
8
BLACK
6
CONTINUOUS
10
2.6188744488188975
20
-3.2593470866141732
11
2.6210507086614174
21
-3.2560900787401574
0
LINE
8
BLACK
6
CONTINUOUS
10
2.6210507086614174
20
-3.2560900787401574
11
2.6243077165354332
21
-3.2539138188976375
0
LINE
8
BLACK
6
CONTINUOUS
10
2.6243077165354332
20
-3.2539138188976375
11
2.6281496062992127
21
-3.2531496062992127
0
LINE
8
BLACK
6
CONTINUOUS
10
2.6281496062992127
20
-3.2531496062992127
11
3.1986220472440943
21
-3.2531496062992127
0
LINE
8
BLACK
6
CONTINUOUS
10
3.1986220472440943
20
-3.2531496062992127
11
3.2024639370078738
21
-3.2539138188976375
0
LINE
8
BLACK
6
CONTINUOUS
10
4.9347474015748034
20
-3.2539138188976375
11
4.9380044094488191
21
-3.2560900787401574
0
LINE
8
BLACK
6
CONTINUOUS
10
4.9380044094488191
20
-3.2560900787401574
11
4.9401806692913386
21
-3.2593470866141732
0
LINE
8
BLACK
6
CONTINUOUS
10
4.9401806692913386
20
-3.2593470866141732
11
4.9409448818897639
21
-3.2631889763779527
0
LINE
8
BLACK
6
CONTINUOUS
10
4.9409448818897639
20
-3.2631889763779527
11
4.9409448818897639
21
-3.3100393700787403
0
LINE
8
BLACK
6
CONTINUOUS
10
4.9409448818897639
20
-3.3100393700787403
11
4.9401806692913386
21
-3.3138812598425198
0
LINE
8
BLACK
6
CONTINUOUS
10
4.9401806692913386
20
-3.3138812598425198
11
4.9380044094488191
21
-3.3171382677165355
0
LINE
8
BLACK
6
CONTINUOUS
10
4.9380044094488191
20
-3.3171382677165355
11
4.9347474015748034
21
-3.319314527559055
0
LINE
8
BLACK
6
CONTINUOUS
10
4.9347474015748034
20
-3.319314527559055
11
4.9309055118110239
21
-3.3200787401574803
0
LINE
8
BLACK
6
CONTINUOUS
10
4.9309055118110239
20
-3.3200787401574803
11
4.3604330708661418
21
-3.3200787401574803
0
LINE
8
BLACK
6
CONTINUOUS
10
4.3604330708661418
20
-3.3200787401574803
11
4.3565911811023623
21
-3.319314527559055
0
LINE
8
BLACK
6
CONTINUOUS
10
4.3565911811023623
20
-3.319314527559055
11
4.3533341732283466
21
-3.3171382677165355
0
LINE
8
BLACK
6
CONTINUOUS
10
4.3533341732283466
20
-3.3171382677165355
11
4.3511579133858262
21
-3.3138812598425198
0
LINE
8
BLACK
6
CONTINUOUS
10
4.3511579133858262
20
-3.3138812598425198
11
4.3503937007874018
21
-3.3100393700787403
0
LINE
8
BLACK
6
CONTINUOUS
10
4.3503937007874018
20
-3.3100393700787403
11
4.3503937007874018
21
-3.2631889763779527
0
LINE
8
BLACK
6
CONTINUOUS
10
4.3503937007874018
20
-3.2631889763779527
11
4.3511579133858262
21
-3.2593470866141732
0
LINE
8
BLACK
6
CONTINUOUS
10
4.3511579133858262
20
-3.2593470866141732
11
4.3533341732283466
21
-3.2560900787401574
0
LINE
8
BLACK
6
CONTINUOUS
10
4.3533341732283466
20
-3.2560900787401574
11
4.3565911811023623
21
-3.2539138188976375
0
LINE
8
BLACK
6
CONTINUOUS
10
4.3565911811023623
20
-3.2539138188976375
11
4.3604330708661418
21
-3.2531496062992127
0
LINE
8
BLACK
6
CONTINUOUS
10
4.3604330708661418
20
-3.2531496062992127
11
4.9309055118110239
21
-3.2531496062992127
0
LINE
8
BLACK
6
CONTINUOUS
10
4.9309055118110239
20
-3.2531496062992127
11
4.9347474015748034
21
-3.2539138188976375
0
LINE
8
BLACK
6
CONTINUOUS
10
7.730022992125984
20
-3.1691894094488187
11
7.7332799999999997
21
-3.1713656692913386
0
LINE
8
BLACK
6
CONTINUOUS
10
7.7332799999999997
20
-3.1713656692913386
11
7.7354562598425192
21
-3.1746226771653543
0
LINE
8
BLACK
6
CONTINUOUS
10
7.7354562598425192
20
-3.1746226771653543
11
7.7362204724409445
21
-3.1784645669291338
0
LINE
8
BLACK
6
CONTINUOUS
10
7.7362204724409445
20
-3.1784645669291338
11
7.7362204724409445
21
-3.2253149606299214
0
LINE
8
BLACK
6
CONTINUOUS
10
7.7362204724409445
20
-3.2253149606299214
11
7.7354562598425192
21
-3.2291568503937009
0
LINE
8
BLACK
6
CONTINUOUS
10
7.7354562598425192
20
-3.2291568503937009
11
7.7332799999999997
21
-3.2324138582677167
0
LINE
8
BLACK
6
CONTINUOUS
10
7.7332799999999997
20
-3.2324138582677167
11
7.730022992125984
21
-3.2345901181102361
0
LINE
8
BLACK
6
CONTINUOUS
10
7.730022992125984
20
-3.2345901181102361
11
7.7261811023622045
21
-3.2353543307086614
0
LINE
8
BLACK
6
CONTINUOUS
10
7.7261811023622045
20
-3.2353543307086614
11
7.1557086614173224
21
-3.2353543307086614
0
LINE
8
BLACK
6
CONTINUOUS
10
7.1557086614173224
20
-3.2353543307086614
11
7.1518667716535429
21
-3.2345901181102361
0
LINE
8
BLACK
6
CONTINUOUS
10
7.1518667716535429
20
-3.2345901181102361
11
7.1486097637795272
21
-3.2324138582677167
0
LINE
8
BLACK
6
CONTINUOUS
10
7.1486097637795272
20
-3.2324138582677167
11
7.1464335039370077
21
-3.2291568503937009
0
LINE
8
BLACK
6
CONTINUOUS
10
7.1464335039370077
20
-3.2291568503937009
11
7.1456692913385824
21
-3.2253149606299214
0
LINE
8
BLACK
6
CONTINUOUS
10
7.1456692913385824
20
-3.2253149606299214
11
7.1456692913385824
21
-3.1784645669291338
0
LINE
8
BLACK
6
CONTINUOUS
10
7.1456692913385824
20
-3.1784645669291338
11
7.1464335039370077
21
-3.1746226771653543
0
LINE
8
BLACK
6
CONTINUOUS
10
7.1464335039370077
20
-3.1746226771653543
11
7.1486097637795272
21
-3.1713656692913386
0
LINE
8
BLACK
6
CONTINUOUS
10
7.1486097637795272
20
-3.1713656692913386
11
7.1518667716535429
21
-3.1691894094488187
0
LINE
8
BLACK
6
CONTINUOUS
10
7.1518667716535429
20
-3.1691894094488187
11
7.1557086614173224
21
-3.1684251968503938
0
LINE
8
BLACK
6
CONTINUOUS
10
7.1557086614173224
20
-3.1684251968503938
11
7.7261811023622045
21
-3.1684251968503938
0
LINE
8
BLACK
6
CONTINUOUS
10
7.7261811023622045
20
-3.1684251968503938
11
7.730022992125984
21
-3.1691894094488187
0
LINE
8
BLACK
6
CONTINUOUS
10
9.4623064566929127
20
-3.1691894094488187
11
9.4655634645669284
21
-3.1713656692913386
0
LINE
8
BLACK
6
CONTINUOUS
10
9.4655634645669284
20
-3.1713656692913386
11
9.4677397244094479
21
-3.1746226771653543
0
LINE
8
BLACK
6
CONTINUOUS
10
9.4677397244094479
20
-3.1746226771653543
11
9.4685039370078741
21
-3.1784645669291338
0
LINE
8
BLACK
6
CONTINUOUS
10
9.4685039370078741
20
-3.1784645669291338
11
9.4685039370078741
21
-3.2253149606299214
0
LINE
8
BLACK
6
CONTINUOUS
10
9.4685039370078741
20
-3.2253149606299214
11
9.4677397244094479
21
-3.2291568503937009
0
LINE
8
BLACK
6
CONTINUOUS
10
9.4677397244094479
20
-3.2291568503937009
11
9.4655634645669284
21
-3.2324138582677167
0
LINE
8
BLACK
6
CONTINUOUS
10
9.4655634645669284
20
-3.2324138582677167
11
9.4623064566929127
21
-3.2345901181102361
0
LINE
8
BLACK
6
CONTINUOUS
10
9.4623064566929127
20
-3.2345901181102361
11
9.4584645669291341
21
-3.2353543307086614
0
LINE
8
BLACK
6
CONTINUOUS
10
9.4584645669291341
20
-3.2353543307086614
11
8.8879921259842511
21
-3.2353543307086614
0
LINE
8
BLACK
6
CONTINUOUS
10
8.8879921259842511
20
-3.2353543307086614
11
8.8841502362204725
21
-3.2345901181102361
0
LINE
8
BLACK
6
CONTINUOUS
10
8.8841502362204725
20
-3.2345901181102361
11
8.8808932283464568
21
-3.2324138582677167
0
LINE
8
BLACK
6
CONTINUOUS
10
8.8808932283464568
20
-3.2324138582677167
11
8.8787169685039373
21
-3.2291568503937009
0
LINE
8
BLACK
6
CONTINUOUS
10
8.8787169685039373
20
-3.2291568503937009
11
8.8779527559055111
21
-3.2253149606299214
0
LINE
8
BLACK
6
CONTINUOUS
10
8.8779527559055111
20
-3.2253149606299214
11
8.8779527559055111
21
-3.1784645669291338
0
LINE
8
BLACK
6
CONTINUOUS
10
8.8779527559055111
20
-3.1784645669291338
11
8.8787169685039373
21
-3.1746226771653543
0
LINE
8
BLACK
6
CONTINUOUS
10
8.8787169685039373
20
-3.1746226771653543
11
8.8808932283464568
21
-3.1713656692913386
0
LINE
8
BLACK
6
CONTINUOUS
10
8.8808932283464568
20
-3.1713656692913386
11
8.8841502362204725
21
-3.1691894094488187
0
LINE
8
BLACK
6
CONTINUOUS
10
8.8841502362204725
20
-3.1691894094488187
11
8.8879921259842511
21
-3.1684251968503938
0
LINE
8
BLACK
6
CONTINUOUS
10
8.8879921259842511
20
-3.1684251968503938
11
9.4584645669291341
21
-3.1684251968503938
0
LINE
8
BLACK
6
CONTINUOUS
10
9.4584645669291341
20
-3.1684251968503938
11
9.4623064566929127
21
-3.1691894094488187
0
LINE
8
BLACK
6
CONTINUOUS
10
3.2024639370078738
20
-3.1556461023622044
11
3.2057209448818895
21
-3.1578223622047243
0
LINE
8
BLACK
6
CONTINUOUS
10
3.2057209448818895
20
-3.1578223622047243
11
3.2078972047244094
21
-3.1610793700787401
0
LINE
8
BLACK
6
CONTINUOUS
10
3.2078972047244094
20
-3.1610793700787401
11
3.2086614173228347
21
-3.1649212598425196
0
LINE
8
BLACK
6
CONTINUOUS
10
3.2086614173228347
20
-3.1649212598425196
11
3.2086614173228347
21
-3.2117716535433072
0
LINE
8
BLACK
6
CONTINUOUS
10
3.2086614173228347
20
-3.2117716535433072
11
3.2078972047244094
21
-3.2156135433070867
0
LINE
8
BLACK
6
CONTINUOUS
10
3.2078972047244094
20
-3.2156135433070867
11
3.2057209448818895
21
-3.2188705511811024
0
LINE
8
BLACK
6
CONTINUOUS
10
3.2057209448818895
20
-3.2188705511811024
11
3.2024639370078738
21
-3.2210468110236219
0
LINE
8
BLACK
6
CONTINUOUS
10
3.2024639370078738
20
-3.2210468110236219
11
3.1986220472440943
21
-3.2218110236220472
0
LINE
8
BLACK
6
CONTINUOUS
10
3.1986220472440943
20
-3.2218110236220472
11
2.6281496062992127
21
-3.2218110236220472
0
LINE
8
BLACK
6
CONTINUOUS
10
2.6281496062992127
20
-3.2218110236220472
11
2.6243077165354332
21
-3.2210468110236219
0
LINE
8
BLACK
6
CONTINUOUS
10
2.6243077165354332
20
-3.2210468110236219
11
2.6210507086614174
21
-3.2188705511811024
0
LINE
8
BLACK
6
CONTINUOUS
10
2.6210507086614174
20
-3.2188705511811024
11
2.6188744488188975
21
-3.2156135433070867
0
LINE
8
BLACK
6
CONTINUOUS
10
2.6188744488188975
20
-3.2156135433070867
11
2.6181102362204722
21
-3.2117716535433072
0
LINE
8
BLACK
6
CONTINUOUS
10
2.6181102362204722
20
-3.2117716535433072
11
2.6181102362204722
21
-3.1649212598425196
0
LINE
8
BLACK
6
CONTINUOUS
10
2.6181102362204722
20
-3.1649212598425196
11
2.6188744488188975
21
-3.1610793700787401
0
LINE
8
BLACK
6
CONTINUOUS
10
2.6188744488188975
20
-3.1610793700787401
11
2.6210507086614174
21
-3.1578223622047243
0
LINE
8
BLACK
6
CONTINUOUS
10
2.6210507086614174
20
-3.1578223622047243
11
2.6243077165354332
21
-3.1556461023622044
0
LINE
8
BLACK
6
CONTINUOUS
10
2.6243077165354332
20
-3.1556461023622044
11
2.6281496062992127
21
-3.1548818897637796
0
LINE
8
BLACK
6
CONTINUOUS
10
2.6281496062992127
20
-3.1548818897637796
11
3.1986220472440943
21
-3.1548818897637796
0
LINE
8
BLACK
6
CONTINUOUS
10
3.1986220472440943
20
-3.1548818897637796
11
3.2024639370078738
21
-3.1556461023622044
0
LINE
8
BLACK
6
CONTINUOUS
10
7.730022992125984
20
-3.0709216929133856
11
7.7332799999999997
21
-3.0730979527559055
0
LINE
8
BLACK
6
CONTINUOUS
10
7.7332799999999997
20
-3.0730979527559055
11
7.7354562598425192
21
-3.0763549606299212
0
LINE
8
BLACK
6
CONTINUOUS
10
7.7354562598425192
20
-3.0763549606299212
11
7.7362204724409445
21
-3.0801968503937007
0
LINE
8
BLACK
6
CONTINUOUS
10
7.7362204724409445
20
-3.0801968503937007
11
7.7362204724409445
21
-3.1270472440944883
0
LINE
8
BLACK
6
CONTINUOUS
10
7.7362204724409445
20
-3.1270472440944883
11
7.7354562598425192
21
-3.1308891338582678
0
LINE
8
BLACK
6
CONTINUOUS
10
7.7354562598425192
20
-3.1308891338582678
11
7.7332799999999997
21
-3.1341461417322836
0
LINE
8
BLACK
6
CONTINUOUS
10
7.7332799999999997
20
-3.1341461417322836
11
7.730022992125984
21
-3.136322401574803
0
LINE
8
BLACK
6
CONTINUOUS
10
7.730022992125984
20
-3.136322401574803
11
7.7261811023622045
21
-3.1370866141732283
0
LINE
8
BLACK
6
CONTINUOUS
10
7.7261811023622045
20
-3.1370866141732283
11
7.1557086614173224
21
-3.1370866141732283
0
LINE
8
BLACK
6
CONTINUOUS
10
7.1557086614173224
20
-3.1370866141732283
11
7.1518667716535429
21
-3.136322401574803
0
LINE
8
BLACK
6
CONTINUOUS
10
7.1518667716535429
20
-3.136322401574803
11
7.1486097637795272
21
-3.1341461417322836
0
LINE
8
BLACK
6
CONTINUOUS
10
7.1486097637795272
20
-3.1341461417322836
11
7.1464335039370077
21
-3.1308891338582678
0
LINE
8
BLACK
6
CONTINUOUS
10
7.1464335039370077
20
-3.1308891338582678
11
7.1456692913385824
21
-3.1270472440944883
0
LINE
8
BLACK
6
CONTINUOUS
10
7.1456692913385824
20
-3.1270472440944883
11
7.1456692913385824
21
-3.0801968503937007
0
LINE
8
BLACK
6
CONTINUOUS
10
7.1456692913385824
20
-3.0801968503937007
11
7.1464335039370077
21
-3.0763549606299212
0
LINE
8
BLACK
6
CONTINUOUS
10
7.1464335039370077
20
-3.0763549606299212
11
7.1486097637795272
21
-3.0730979527559055
0
LINE
8
BLACK
6
CONTINUOUS
10
7.1486097637795272
20
-3.0730979527559055
11
7.1518667716535429
21
-3.0709216929133856
0
LINE
8
BLACK
6
CONTINUOUS
10
7.1518667716535429
20
-3.0709216929133856
11
7.1557086614173224
21
-3.0701574803149607
0
LINE
8
BLACK
6
CONTINUOUS
10
7.1557086614173224
20
-3.0701574803149607
11
7.7261811023622045
21
-3.0701574803149607
0
LINE
8
BLACK
6
CONTINUOUS
10
7.7261811023622045
20
-3.0701574803149607
11
7.730022992125984
21
-3.0709216929133856
0
LINE
8
BLACK
6
CONTINUOUS
10
9.4623064566929127
20
-3.0709216929133856
11
9.4655634645669284
21
-3.0730979527559055
0
LINE
8
BLACK
6
CONTINUOUS
10
9.4655634645669284
20
-3.0730979527559055
11
9.4677397244094479
21
-3.0763549606299212
0
LINE
8
BLACK
6
CONTINUOUS
10
9.4677397244094479
20
-3.0763549606299212
11
9.4685039370078741
21
-3.0801968503937007
0
LINE
8
BLACK
6
CONTINUOUS
10
9.4685039370078741
20
-3.0801968503937007
11
9.4685039370078741
21
-3.1270472440944883
0
LINE
8
BLACK
6
CONTINUOUS
10
9.4685039370078741
20
-3.1270472440944883
11
9.4677397244094479
21
-3.1308891338582678
0
LINE
8
BLACK
6
CONTINUOUS
10
9.4677397244094479
20
-3.1308891338582678
11
9.4655634645669284
21
-3.1341461417322836
0
LINE
8
BLACK
6
CONTINUOUS
10
9.4655634645669284
20
-3.1341461417322836
11
9.4623064566929127
21
-3.136322401574803
0
LINE
8
BLACK
6
CONTINUOUS
10
9.4623064566929127
20
-3.136322401574803
11
9.4584645669291341
21
-3.1370866141732283
0
LINE
8
BLACK
6
CONTINUOUS
10
9.4584645669291341
20
-3.1370866141732283
11
8.8879921259842511
21
-3.1370866141732283
0
LINE
8
BLACK
6
CONTINUOUS
10
8.8879921259842511
20
-3.1370866141732283
11
8.8841502362204725
21
-3.136322401574803
0
LINE
8
BLACK
6
CONTINUOUS
10
8.8841502362204725
20
-3.136322401574803
11
8.8808932283464568
21
-3.1341461417322836
0
LINE
8
BLACK
6
CONTINUOUS
10
8.8808932283464568
20
-3.1341461417322836
11
8.8787169685039373
21
-3.1308891338582678
0
LINE
8
BLACK
6
CONTINUOUS
10
8.8787169685039373
20
-3.1308891338582678
11
8.8779527559055111
21
-3.1270472440944883
0
LINE
8
BLACK
6
CONTINUOUS
10
8.8779527559055111
20
-3.1270472440944883
11
8.8779527559055111
21
-3.0801968503937007
0
LINE
8
BLACK
6
CONTINUOUS
10
8.8779527559055111
20
-3.0801968503937007
11
8.8787169685039373
21
-3.0763549606299212
0
LINE
8
BLACK
6
CONTINUOUS
10
8.8787169685039373
20
-3.0763549606299212
11
8.8808932283464568
21
-3.0730979527559055
0
LINE
8
BLACK
6
CONTINUOUS
10
8.8808932283464568
20
-3.0730979527559055
11
8.8841502362204725
21
-3.0709216929133856
0
LINE
8
BLACK
6
CONTINUOUS
10
8.8841502362204725
20
-3.0709216929133856
11
8.8879921259842511
21
-3.0701574803149607
0
LINE
8
BLACK
6
CONTINUOUS
10
8.8879921259842511
20
-3.0701574803149607
11
9.4584645669291341
21
-3.0701574803149607
0
LINE
8
BLACK
6
CONTINUOUS
10
9.4584645669291341
20
-3.0701574803149607
11
9.4623064566929127
21
-3.0709216929133856
0
LINE
8
BLACK
6
CONTINUOUS
10
3.2024639370078738
20
-3.0573783858267718
11
3.2057209448818895
21
-3.0595546456692913
0
LINE
8
BLACK
6
CONTINUOUS
10
3.2057209448818895
20
-3.0595546456692913
11
3.2078972047244094
21
-3.062811653543307
0
LINE
8
BLACK
6
CONTINUOUS
10
3.2078972047244094
20
-3.062811653543307
11
3.2086614173228347
21
-3.0666535433070865
0
LINE
8
BLACK
6
CONTINUOUS
10
3.2086614173228347
20
-3.0666535433070865
11
3.2086614173228347
21
-3.1135039370078741
0
LINE
8
BLACK
6
CONTINUOUS
10
3.2086614173228347
20
-3.1135039370078741
11
3.2078972047244094
21
-3.1173458267716536
0
LINE
8
BLACK
6
CONTINUOUS
10
3.2078972047244094
20
-3.1173458267716536
11
3.2057209448818895
21
-3.1206028346456693
0
LINE
8
BLACK
6
CONTINUOUS
10
3.2057209448818895
20
-3.1206028346456693
11
3.2024639370078738
21
-3.1227790944881888
0
LINE
8
BLACK
6
CONTINUOUS
10
3.2024639370078738
20
-3.1227790944881888
11
3.1986220472440943
21
-3.1235433070866141
0
LINE
8
BLACK
6
CONTINUOUS
10
3.1986220472440943
20
-3.1235433070866141
11
2.6281496062992127
21
-3.1235433070866141
0
LINE
8
BLACK
6
CONTINUOUS
10
2.6281496062992127
20
-3.1235433070866141
11
2.6243077165354332
21
-3.1227790944881888
0
LINE
8
BLACK
6
CONTINUOUS
10
2.6243077165354332
20
-3.1227790944881888
11
2.6210507086614174
21
-3.1206028346456693
0
LINE
8
BLACK
6
CONTINUOUS
10
2.6210507086614174
20
-3.1206028346456693
11
2.6188744488188975
21
-3.1173458267716536
0
LINE
8
BLACK
6
CONTINUOUS
10
2.6188744488188975
20
-3.1173458267716536
11
2.6181102362204722
21
-3.1135039370078741
0
LINE
8
BLACK
6
CONTINUOUS
10
2.6181102362204722
20
-3.1135039370078741
11
2.6181102362204722
21
-3.0666535433070865
0
LINE
8
BLACK
6
CONTINUOUS
10
2.6181102362204722
20
-3.0666535433070865
11
2.6188744488188975
21
-3.062811653543307
0
LINE
8
BLACK
6
CONTINUOUS
10
2.6188744488188975
20
-3.062811653543307
11
2.6210507086614174
21
-3.0595546456692913
0
LINE
8
BLACK
6
CONTINUOUS
10
2.6210507086614174
20
-3.0595546456692913
11
2.6243077165354332
21
-3.0573783858267718
0
LINE
8
BLACK
6
CONTINUOUS
10
2.6243077165354332
20
-3.0573783858267718
11
2.6281496062992127
21
-3.0566141732283465
0
LINE
8
BLACK
6
CONTINUOUS
10
2.6281496062992127
20
-3.0566141732283465
11
3.1986220472440943
21
-3.0566141732283465
0
LINE
8
BLACK
6
CONTINUOUS
10
3.1986220472440943
20
-3.0566141732283465
11
3.2024639370078738
21
-3.0573783858267718
0
LINE
8
BLACK
6
CONTINUOUS
10
4.9347474015748034
20
-3.0573783858267718
11
4.9380044094488191
21
-3.0595546456692913
0
LINE
8
BLACK
6
CONTINUOUS
10
4.9380044094488191
20
-3.0595546456692913
11
4.9401806692913386
21
-3.062811653543307
0
LINE
8
BLACK
6
CONTINUOUS
10
4.9401806692913386
20
-3.062811653543307
11
4.9409448818897639
21
-3.0666535433070865
0
LINE
8
BLACK
6
CONTINUOUS
10
4.9409448818897639
20
-3.0666535433070865
11
4.9409448818897639
21
-3.1135039370078741
0
LINE
8
BLACK
6
CONTINUOUS
10
4.9409448818897639
20
-3.1135039370078741
11
4.9401806692913386
21
-3.1173458267716536
0
LINE
8
BLACK
6
CONTINUOUS
10
4.9401806692913386
20
-3.1173458267716536
11
4.9380044094488191
21
-3.1206028346456693
0
LINE
8
BLACK
6
CONTINUOUS
10
4.9380044094488191
20
-3.1206028346456693
11
4.9347474015748034
21
-3.1227790944881888
0
LINE
8
BLACK
6
CONTINUOUS
10
4.9347474015748034
20
-3.1227790944881888
11
4.9309055118110239
21
-3.1235433070866141
0
LINE
8
BLACK
6
CONTINUOUS
10
4.9309055118110239
20
-3.1235433070866141
11
4.3604330708661418
21
-3.1235433070866141
0
LINE
8
BLACK
6
CONTINUOUS
10
4.3604330708661418
20
-3.1235433070866141
11
4.3565911811023623
21
-3.1227790944881888
0
LINE
8
BLACK
6
CONTINUOUS
10
4.3565911811023623
20
-3.1227790944881888
11
4.3533341732283466
21
-3.1206028346456693
0
LINE
8
BLACK
6
CONTINUOUS
10
4.3533341732283466
20
-3.1206028346456693
11
4.3511579133858262
21
-3.1173458267716536
0
LINE
8
BLACK
6
CONTINUOUS
10
4.3511579133858262
20
-3.1173458267716536
11
4.3503937007874018
21
-3.1135039370078741
0
LINE
8
BLACK
6
CONTINUOUS
10
4.3503937007874018
20
-3.1135039370078741
11
4.3503937007874018
21
-3.0666535433070865
0
LINE
8
BLACK
6
CONTINUOUS
10
4.3503937007874018
20
-3.0666535433070865
11
4.3511579133858262
21
-3.062811653543307
0
LINE
8
BLACK
6
CONTINUOUS
10
4.3511579133858262
20
-3.062811653543307
11
4.3533341732283466
21
-3.0595546456692913
0
LINE
8
BLACK
6
CONTINUOUS
10
4.3533341732283466
20
-3.0595546456692913
11
4.3565911811023623
21
-3.0573783858267718
0
LINE
8
BLACK
6
CONTINUOUS
10
4.3565911811023623
20
-3.0573783858267718
11
4.3604330708661418
21
-3.0566141732283465
0
LINE
8
BLACK
6
CONTINUOUS
10
4.3604330708661418
20
-3.0566141732283465
11
4.9309055118110239
21
-3.0566141732283465
0
LINE
8
BLACK
6
CONTINUOUS
10
4.9309055118110239
20
-3.0566141732283465
11
4.9347474015748034
21
-3.0573783858267718
0
LINE
8
BLACK
6
CONTINUOUS
10
7.730022992125984
20
-2.9726539763779525
11
7.7332799999999997
21
-2.9748302362204724
0
LINE
8
BLACK
6
CONTINUOUS
10
7.7332799999999997
20
-2.9748302362204724
11
7.7354562598425192
21
-2.9780872440944881
0
LINE
8
BLACK
6
CONTINUOUS
10
7.7354562598425192
20
-2.9780872440944881
11
7.7362204724409445
21
-2.9819291338582676
0
LINE
8
BLACK
6
CONTINUOUS
10
7.7362204724409445
20
-2.9819291338582676
11
7.7362204724409445
21
-3.0287795275590552
0
LINE
8
BLACK
6
CONTINUOUS
10
7.7362204724409445
20
-3.0287795275590552
11
7.7354562598425192
21
-3.0326214173228347
0
LINE
8
BLACK
6
CONTINUOUS
10
7.7354562598425192
20
-3.0326214173228347
11
7.7332799999999997
21
-3.0358784251968505
0
LINE
8
BLACK
6
CONTINUOUS
10
7.7332799999999997
20
-3.0358784251968505
11
7.730022992125984
21
-3.0380546850393699
0
LINE
8
BLACK
6
CONTINUOUS
10
7.730022992125984
20
-3.0380546850393699
11
7.7261811023622045
21
-3.0388188976377952
0
LINE
8
BLACK
6
CONTINUOUS
10
7.7261811023622045
20
-3.0388188976377952
11
7.1557086614173224
21
-3.0388188976377952
0
LINE
8
BLACK
6
CONTINUOUS
10
7.1557086614173224
20
-3.0388188976377952
11
7.1518667716535429
21
-3.0380546850393699
0
LINE
8
BLACK
6
CONTINUOUS
10
7.1518667716535429
20
-3.0380546850393699
11
7.1486097637795272
21
-3.0358784251968505
0
LINE
8
BLACK
6
CONTINUOUS
10
7.1486097637795272
20
-3.0358784251968505
11
7.1464335039370077
21
-3.0326214173228347
0
LINE
8
BLACK
6
CONTINUOUS
10
7.1464335039370077
20
-3.0326214173228347
11
7.1456692913385824
21
-3.0287795275590552
0
LINE
8
BLACK
6
CONTINUOUS
10
7.1456692913385824
20
-3.0287795275590552
11
7.1456692913385824
21
-2.9819291338582676
0
LINE
8
BLACK
6
CONTINUOUS
10
7.1456692913385824
20
-2.9819291338582676
11
7.1464335039370077
21
-2.9780872440944881
0
LINE
8
BLACK
6
CONTINUOUS
10
7.1464335039370077
20
-2.9780872440944881
11
7.1486097637795272
21
-2.9748302362204724
0
LINE
8
BLACK
6
CONTINUOUS
10
7.1486097637795272
20
-2.9748302362204724
11
7.1518667716535429
21
-2.9726539763779525
0
LINE
8
BLACK
6
CONTINUOUS
10
7.1518667716535429
20
-2.9726539763779525
11
7.1557086614173224
21
-2.9718897637795276
0
LINE
8
BLACK
6
CONTINUOUS
10
7.1557086614173224
20
-2.9718897637795276
11
7.7261811023622045
21
-2.9718897637795276
0
LINE
8
BLACK
6
CONTINUOUS
10
7.7261811023622045
20
-2.9718897637795276
11
7.730022992125984
21
-2.9726539763779525
0
LINE
8
BLACK
6
CONTINUOUS
10
9.4623064566929127
20
-2.9726539763779525
11
9.4655634645669284
21
-2.9748302362204724
0
LINE
8
BLACK
6
CONTINUOUS
10
9.4655634645669284
20
-2.9748302362204724
11
9.4677397244094479
21
-2.9780872440944881
0
LINE
8
BLACK
6
CONTINUOUS
10
9.4677397244094479
20
-2.9780872440944881
11
9.4685039370078741
21
-2.9819291338582676
0
LINE
8
BLACK
6
CONTINUOUS
10
9.4685039370078741
20
-2.9819291338582676
11
9.4685039370078741
21
-3.0287795275590552
0
LINE
8
BLACK
6
CONTINUOUS
10
9.4685039370078741
20
-3.0287795275590552
11
9.4677397244094479
21
-3.0326214173228347
0
LINE
8
BLACK
6
CONTINUOUS
10
9.4677397244094479
20
-3.0326214173228347
11
9.4655634645669284
21
-3.0358784251968505
0
LINE
8
BLACK
6
CONTINUOUS
10
9.4655634645669284
20
-3.0358784251968505
11
9.4623064566929127
21
-3.0380546850393699
0
LINE
8
BLACK
6
CONTINUOUS
10
9.4623064566929127
20
-3.0380546850393699
11
9.4584645669291341
21
-3.0388188976377952
0
LINE
8
BLACK
6
CONTINUOUS
10
9.4584645669291341
20
-3.0388188976377952
11
8.8879921259842511
21
-3.0388188976377952
0
LINE
8
BLACK
6
CONTINUOUS
10
8.8879921259842511
20
-3.0388188976377952
11
8.8841502362204725
21
-3.0380546850393699
0
LINE
8
BLACK
6
CONTINUOUS
10
8.8841502362204725
20
-3.0380546850393699
11
8.8808932283464568
21
-3.0358784251968505
0
LINE
8
BLACK
6
CONTINUOUS
10
8.8808932283464568
20
-3.0358784251968505
11
8.8787169685039373
21
-3.0326214173228347
0
LINE
8
BLACK
6
CONTINUOUS
10
8.8787169685039373
20
-3.0326214173228347
11
8.8779527559055111
21
-3.0287795275590552
0
LINE
8
BLACK
6
CONTINUOUS
10
8.8779527559055111
20
-3.0287795275590552
11
8.8779527559055111
21
-2.9819291338582676
0
LINE
8
BLACK
6
CONTINUOUS
10
8.8779527559055111
20
-2.9819291338582676
11
8.8787169685039373
21
-2.9780872440944881
0
LINE
8
BLACK
6
CONTINUOUS
10
8.8787169685039373
20
-2.9780872440944881
11
8.8808932283464568
21
-2.9748302362204724
0
LINE
8
BLACK
6
CONTINUOUS
10
8.8808932283464568
20
-2.9748302362204724
11
8.8841502362204725
21
-2.9726539763779525
0
LINE
8
BLACK
6
CONTINUOUS
10
8.8841502362204725
20
-2.9726539763779525
11
8.8879921259842511
21
-2.9718897637795276
0
LINE
8
BLACK
6
CONTINUOUS
10
8.8879921259842511
20
-2.9718897637795276
11
9.4584645669291341
21
-2.9718897637795276
0
LINE
8
BLACK
6
CONTINUOUS
10
9.4584645669291341
20
-2.9718897637795276
11
9.4623064566929127
21
-2.9726539763779525
0
LINE
8
BLACK
6
CONTINUOUS
10
3.2024639370078738
20
-2.9591106692913387
11
3.2057209448818895
21
-2.9612869291338582
0
LINE
8
BLACK
6
CONTINUOUS
10
3.2057209448818895
20
-2.9612869291338582
11
3.2078972047244094
21
-2.9645439370078739
0
LINE
8
BLACK
6
CONTINUOUS
10
3.2078972047244094
20
-2.9645439370078739
11
3.2086614173228347
21
-2.9683858267716534
0
LINE
8
BLACK
6
CONTINUOUS
10
3.2086614173228347
20
-2.9683858267716534
11
3.2086614173228347
21
-3.015236220472441
0
LINE
8
BLACK
6
CONTINUOUS
10
3.2086614173228347
20
-3.015236220472441
11
3.2078972047244094
21
-3.0190781102362205
0
LINE
8
BLACK
6
CONTINUOUS
10
3.2078972047244094
20
-3.0190781102362205
11
3.2057209448818895
21
-3.0223351181102363
0
LINE
8
BLACK
6
CONTINUOUS
10
3.2057209448818895
20
-3.0223351181102363
11
3.2024639370078738
21
-3.0245113779527557
0
LINE
8
BLACK
6
CONTINUOUS
10
3.2024639370078738
20
-3.0245113779527557
11
3.1986220472440943
21
-3.025275590551181
0
LINE
8
BLACK
6
CONTINUOUS
10
3.1986220472440943
20
-3.025275590551181
11
2.6281496062992127
21
-3.025275590551181
0
LINE
8
BLACK
6
CONTINUOUS
10
2.6281496062992127
20
-3.025275590551181
11
2.6243077165354332
21
-3.0245113779527557
0
LINE
8
BLACK
6
CONTINUOUS
10
2.6243077165354332
20
-3.0245113779527557
11
2.6210507086614174
21
-3.0223351181102363
0
LINE
8
BLACK
6
CONTINUOUS
10
2.6210507086614174
20
-3.0223351181102363
11
2.6188744488188975
21
-3.0190781102362205
0
LINE
8
BLACK
6
CONTINUOUS
10
2.6188744488188975
20
-3.0190781102362205
11
2.6181102362204722
21
-3.015236220472441
0
LINE
8
BLACK
6
CONTINUOUS
10
2.6181102362204722
20
-3.015236220472441
11
2.6181102362204722
21
-2.9683858267716534
0
LINE
8
BLACK
6
CONTINUOUS
10
2.6181102362204722
20
-2.9683858267716534
11
2.6188744488188975
21
-2.9645439370078739
0
LINE
8
BLACK
6
CONTINUOUS
10
2.6188744488188975
20
-2.9645439370078739
11
2.6210507086614174
21
-2.9612869291338582
0
LINE
8
BLACK
6
CONTINUOUS
10
2.6210507086614174
20
-2.9612869291338582
11
2.6243077165354332
21
-2.9591106692913387
0
LINE
8
BLACK
6
CONTINUOUS
10
2.6243077165354332
20
-2.9591106692913387
11
2.6281496062992127
21
-2.9583464566929134
0
LINE
8
BLACK
6
CONTINUOUS
10
2.6281496062992127
20
-2.9583464566929134
11
3.1986220472440943
21
-2.9583464566929134
0
LINE
8
BLACK
6
CONTINUOUS
10
3.1986220472440943
20
-2.9583464566929134
11
3.2024639370078738
21
-2.9591106692913387
0
LINE
8
BLACK
6
CONTINUOUS
10
4.9347474015748034
20
-2.9591106692913387
11
4.9380044094488191
21
-2.9612869291338582
0
LINE
8
BLACK
6
CONTINUOUS
10
4.9380044094488191
20
-2.9612869291338582
11
4.9401806692913386
21
-2.9645439370078739
0
LINE
8
BLACK
6
CONTINUOUS
10
4.9401806692913386
20
-2.9645439370078739
11
4.9409448818897639
21
-2.9683858267716534
0
LINE
8
BLACK
6
CONTINUOUS
10
4.9409448818897639
20
-2.9683858267716534
11
4.9409448818897639
21
-3.015236220472441
0
LINE
8
BLACK
6
CONTINUOUS
10
4.9409448818897639
20
-3.015236220472441
11
4.9401806692913386
21
-3.0190781102362205
0
LINE
8
BLACK
6
CONTINUOUS
10
4.9401806692913386
20
-3.0190781102362205
11
4.9380044094488191
21
-3.0223351181102363
0
LINE
8
BLACK
6
CONTINUOUS
10
4.9380044094488191
20
-3.0223351181102363
11
4.9347474015748034
21
-3.0245113779527557
0
LINE
8
BLACK
6
CONTINUOUS
10
4.9347474015748034
20
-3.0245113779527557
11
4.9309055118110239
21
-3.025275590551181
0
LINE
8
BLACK
6
CONTINUOUS
10
4.9309055118110239
20
-3.025275590551181
11
4.3604330708661418
21
-3.025275590551181
0
LINE
8
BLACK
6
CONTINUOUS
10
4.3604330708661418
20
-3.025275590551181
11
4.3565911811023623
21
-3.0245113779527557
0
LINE
8
BLACK
6
CONTINUOUS
10
4.3565911811023623
20
-3.0245113779527557
11
4.3533341732283466
21
-3.0223351181102363
0
LINE
8
BLACK
6
CONTINUOUS
10
4.3533341732283466
20
-3.0223351181102363
11
4.3511579133858262
21
-3.0190781102362205
0
LINE
8
BLACK
6
CONTINUOUS
10
4.3511579133858262
20
-3.0190781102362205
11
4.3503937007874018
21
-3.015236220472441
0
LINE
8
BLACK
6
CONTINUOUS
10
4.3503937007874018
20
-3.015236220472441
11
4.3503937007874018
21
-2.9683858267716534
0
LINE
8
BLACK
6
CONTINUOUS
10
4.3503937007874018
20
-2.9683858267716534
11
4.3511579133858262
21
-2.9645439370078739
0
LINE
8
BLACK
6
CONTINUOUS
10
4.3511579133858262
20
-2.9645439370078739
11
4.3533341732283466
21
-2.9612869291338582
0
LINE
8
BLACK
6
CONTINUOUS
10
4.3533341732283466
20
-2.9612869291338582
11
4.3565911811023623
21
-2.9591106692913387
0
LINE
8
BLACK
6
CONTINUOUS
10
4.3565911811023623
20
-2.9591106692913387
11
4.3604330708661418
21
-2.9583464566929134
0
LINE
8
BLACK
6
CONTINUOUS
10
4.3604330708661418
20
-2.9583464566929134
11
4.9309055118110239
21
-2.9583464566929134
0
LINE
8
BLACK
6
CONTINUOUS
10
4.9309055118110239
20
-2.9583464566929134
11
4.9347474015748034
21
-2.9591106692913387
0
LINE
8
BLACK
6
CONTINUOUS
10
7.730022992125984
20
-2.8743862598425198
11
7.7332799999999997
21
-2.8765625196850393
0
LINE
8
BLACK
6
CONTINUOUS
10
7.7332799999999997
20
-2.8765625196850393
11
7.7354562598425192
21
-2.879819527559055
0
LINE
8
BLACK
6
CONTINUOUS
10
7.7354562598425192
20
-2.879819527559055
11
7.7362204724409445
21
-2.8836614173228345
0
LINE
8
BLACK
6
CONTINUOUS
10
7.7362204724409445
20
-2.8836614173228345
11
7.7362204724409445
21
-2.9305118110236221
0
LINE
8
BLACK
6
CONTINUOUS
10
7.7362204724409445
20
-2.9305118110236221
11
7.7354562598425192
21
-2.9343537007874017
0
LINE
8
BLACK
6
CONTINUOUS
10
7.7354562598425192
20
-2.9343537007874017
11
7.7332799999999997
21
-2.9376107086614174
0
LINE
8
BLACK
6
CONTINUOUS
10
7.7332799999999997
20
-2.9376107086614174
11
7.730022992125984
21
-2.9397869685039368
0
LINE
8
BLACK
6
CONTINUOUS
10
7.730022992125984
20
-2.9397869685039368
11
7.7261811023622045
21
-2.9405511811023621
0
LINE
8
BLACK
6
CONTINUOUS
10
7.7261811023622045
20
-2.9405511811023621
11
7.1557086614173224
21
-2.9405511811023621
0
LINE
8
BLACK
6
CONTINUOUS
10
7.1557086614173224
20
-2.9405511811023621
11
7.1518667716535429
21
-2.9397869685039368
0
LINE
8
BLACK
6
CONTINUOUS
10
7.1518667716535429
20
-2.9397869685039368
11
7.1486097637795272
21
-2.9376107086614174
0
LINE
8
BLACK
6
CONTINUOUS
10
7.1486097637795272
20
-2.9376107086614174
11
7.1464335039370077
21
-2.9343537007874017
0
LINE
8
BLACK
6
CONTINUOUS
10
7.1464335039370077
20
-2.9343537007874017
11
7.1456692913385824
21
-2.9305118110236221
0
LINE
8
BLACK
6
CONTINUOUS
10
7.1456692913385824
20
-2.9305118110236221
11
7.1456692913385824
21
-2.8836614173228345
0
LINE
8
BLACK
6
CONTINUOUS
10
7.1456692913385824
20
-2.8836614173228345
11
7.1464335039370077
21
-2.879819527559055
0
LINE
8
BLACK
6
CONTINUOUS
10
7.1464335039370077
20
-2.879819527559055
11
7.1486097637795272
21
-2.8765625196850393
0
LINE
8
BLACK
6
CONTINUOUS
10
7.1486097637795272
20
-2.8765625196850393
11
7.1518667716535429
21
-2.8743862598425198
0
LINE
8
BLACK
6
CONTINUOUS
10
7.1518667716535429
20
-2.8743862598425198
11
7.1557086614173224
21
-2.8736220472440945
0
LINE
8
BLACK
6
CONTINUOUS
10
7.1557086614173224
20
-2.8736220472440945
11
7.7261811023622045
21
-2.8736220472440945
0
LINE
8
BLACK
6
CONTINUOUS
10
7.7261811023622045
20
-2.8736220472440945
11
7.730022992125984
21
-2.8743862598425198
0
LINE
8
BLACK
6
CONTINUOUS
10
9.4623064566929127
20
-2.8743862598425198
11
9.4655634645669284
21
-2.8765625196850393
0
LINE
8
BLACK
6
CONTINUOUS
10
9.4655634645669284
20
-2.8765625196850393
11
9.4677397244094479
21
-2.879819527559055
0
LINE
8
BLACK
6
CONTINUOUS
10
9.4677397244094479
20
-2.879819527559055
11
9.4685039370078741
21
-2.8836614173228345
0
LINE
8
BLACK
6
CONTINUOUS
10
9.4685039370078741
20
-2.8836614173228345
11
9.4685039370078741
21
-2.9305118110236221
0
LINE
8
BLACK
6
CONTINUOUS
10
9.4685039370078741
20
-2.9305118110236221
11
9.4677397244094479
21
-2.9343537007874017
0
LINE
8
BLACK
6
CONTINUOUS
10
9.4677397244094479
20
-2.9343537007874017
11
9.4655634645669284
21
-2.9376107086614174
0
LINE
8
BLACK
6
CONTINUOUS
10
9.4655634645669284
20
-2.9376107086614174
11
9.4623064566929127
21
-2.9397869685039368
0
LINE
8
BLACK
6
CONTINUOUS
10
9.4623064566929127
20
-2.9397869685039368
11
9.4584645669291341
21
-2.9405511811023621
0
LINE
8
BLACK
6
CONTINUOUS
10
9.4584645669291341
20
-2.9405511811023621
11
8.8879921259842511
21
-2.9405511811023621
0
LINE
8
BLACK
6
CONTINUOUS
10
8.8879921259842511
20
-2.9405511811023621
11
8.8841502362204725
21
-2.9397869685039368
0
LINE
8
BLACK
6
CONTINUOUS
10
8.8841502362204725
20
-2.9397869685039368
11
8.8808932283464568
21
-2.9376107086614174
0
LINE
8
BLACK
6
CONTINUOUS
10
8.8808932283464568
20
-2.9376107086614174
11
8.8787169685039373
21
-2.9343537007874017
0
LINE
8
BLACK
6
CONTINUOUS
10
8.8787169685039373
20
-2.9343537007874017
11
8.8779527559055111
21
-2.9305118110236221
0
LINE
8
BLACK
6
CONTINUOUS
10
8.8779527559055111
20
-2.9305118110236221
11
8.8779527559055111
21
-2.8836614173228345
0
LINE
8
BLACK
6
CONTINUOUS
10
8.8779527559055111
20
-2.8836614173228345
11
8.8787169685039373
21
-2.879819527559055
0
LINE
8
BLACK
6
CONTINUOUS
10
8.8787169685039373
20
-2.879819527559055
11
8.8808932283464568
21
-2.8765625196850393
0
LINE
8
BLACK
6
CONTINUOUS
10
8.8808932283464568
20
-2.8765625196850393
11
8.8841502362204725
21
-2.8743862598425198
0
LINE
8
BLACK
6
CONTINUOUS
10
8.8841502362204725
20
-2.8743862598425198
11
8.8879921259842511
21
-2.8736220472440945
0
LINE
8
BLACK
6
CONTINUOUS
10
8.8879921259842511
20
-2.8736220472440945
11
9.4584645669291341
21
-2.8736220472440945
0
LINE
8
BLACK
6
CONTINUOUS
10
9.4584645669291341
20
-2.8736220472440945
11
9.4623064566929127
21
-2.8743862598425198
0
LINE
8
BLACK
6
CONTINUOUS
10
3.2024639370078738
20
-2.8608429527559056
11
3.2057209448818895
21
-2.8630192125984251
0
LINE
8
BLACK
6
CONTINUOUS
10
3.2057209448818895
20
-2.8630192125984251
11
3.2078972047244094
21
-2.8662762204724408
0
LINE
8
BLACK
6
CONTINUOUS
10
3.2078972047244094
20
-2.8662762204724408
11
3.2086614173228347
21
-2.8701181102362203
0
LINE
8
BLACK
6
CONTINUOUS
10
3.2086614173228347
20
-2.8701181102362203
11
3.2086614173228347
21
-2.9169685039370079
0
LINE
8
BLACK
6
CONTINUOUS
10
3.2086614173228347
20
-2.9169685039370079
11
3.2078972047244094
21
-2.9208103937007874
0
LINE
8
BLACK
6
CONTINUOUS
10
3.2078972047244094
20
-2.9208103937007874
11
3.2057209448818895
21
-2.9240674015748032
0
LINE
8
BLACK
6
CONTINUOUS
10
3.2057209448818895
20
-2.9240674015748032
11
3.2024639370078738
21
-2.9262436614173226
0
LINE
8
BLACK
6
CONTINUOUS
10
3.2024639370078738
20
-2.9262436614173226
11
3.1986220472440943
21
-2.9270078740157479
0
LINE
8
BLACK
6
CONTINUOUS
10
3.1986220472440943
20
-2.9270078740157479
11
2.6281496062992127
21
-2.9270078740157479
0
LINE
8
BLACK
6
CONTINUOUS
10
2.6281496062992127
20
-2.9270078740157479
11
2.6243077165354332
21
-2.9262436614173226
0
LINE
8
BLACK
6
CONTINUOUS
10
2.6243077165354332
20
-2.9262436614173226
11
2.6210507086614174
21
-2.9240674015748032
0
LINE
8
BLACK
6
CONTINUOUS
10
2.6210507086614174
20
-2.9240674015748032
11
2.6188744488188975
21
-2.9208103937007874
0
LINE
8
BLACK
6
CONTINUOUS
10
2.6188744488188975
20
-2.9208103937007874
11
2.6181102362204722
21
-2.9169685039370079
0
LINE
8
BLACK
6
CONTINUOUS
10
2.6181102362204722
20
-2.9169685039370079
11
2.6181102362204722
21
-2.8701181102362203
0
LINE
8
BLACK
6
CONTINUOUS
10
2.6181102362204722
20
-2.8701181102362203
11
2.6188744488188975
21
-2.8662762204724408
0
LINE
8
BLACK
6
CONTINUOUS
10
2.6188744488188975
20
-2.8662762204724408
11
2.6210507086614174
21
-2.8630192125984251
0
LINE
8
BLACK
6
CONTINUOUS
10
2.6210507086614174
20
-2.8630192125984251
11
2.6243077165354332
21
-2.8608429527559056
0
LINE
8
BLACK
6
CONTINUOUS
10
2.6243077165354332
20
-2.8608429527559056
11
2.6281496062992127
21
-2.8600787401574803
0
LINE
8
BLACK
6
CONTINUOUS
10
2.6281496062992127
20
-2.8600787401574803
11
3.1986220472440943
21
-2.8600787401574803
0
LINE
8
BLACK
6
CONTINUOUS
10
3.1986220472440943
20
-2.8600787401574803
11
3.2024639370078738
21
-2.8608429527559056
0
LINE
8
BLACK
6
CONTINUOUS
10
4.9347474015748034
20
-2.8608429527559056
11
4.9380044094488191
21
-2.8630192125984251
0
LINE
8
BLACK
6
CONTINUOUS
10
4.9380044094488191
20
-2.8630192125984251
11
4.9401806692913386
21
-2.8662762204724408
0
LINE
8
BLACK
6
CONTINUOUS
10
4.9401806692913386
20
-2.8662762204724408
11
4.9409448818897639
21
-2.8701181102362203
0
LINE
8
BLACK
6
CONTINUOUS
10
4.9409448818897639
20
-2.8701181102362203
11
4.9409448818897639
21
-2.9169685039370079
0
LINE
8
BLACK
6
CONTINUOUS
10
4.9409448818897639
20
-2.9169685039370079
11
4.9401806692913386
21
-2.9208103937007874
0
LINE
8
BLACK
6
CONTINUOUS
10
4.9401806692913386
20
-2.9208103937007874
11
4.9380044094488191
21
-2.9240674015748032
0
LINE
8
BLACK
6
CONTINUOUS
10
4.9380044094488191
20
-2.9240674015748032
11
4.9347474015748034
21
-2.9262436614173226
0
LINE
8
BLACK
6
CONTINUOUS
10
4.9347474015748034
20
-2.9262436614173226
11
4.9309055118110239
21
-2.9270078740157479
0
LINE
8
BLACK
6
CONTINUOUS
10
4.9309055118110239
20
-2.9270078740157479
11
4.3604330708661418
21
-2.9270078740157479
0
LINE
8
BLACK
6
CONTINUOUS
10
4.3604330708661418
20
-2.9270078740157479
11
4.3565911811023623
21
-2.9262436614173226
0
LINE
8
BLACK
6
CONTINUOUS
10
4.3565911811023623
20
-2.9262436614173226
11
4.3533341732283466
21
-2.9240674015748032
0
LINE
8
BLACK
6
CONTINUOUS
10
4.3533341732283466
20
-2.9240674015748032
11
4.3511579133858262
21
-2.9208103937007874
0
LINE
8
BLACK
6
CONTINUOUS
10
4.3511579133858262
20
-2.9208103937007874
11
4.3503937007874018
21
-2.9169685039370079
0
LINE
8
BLACK
6
CONTINUOUS
10
4.3503937007874018
20
-2.9169685039370079
11
4.3503937007874018
21
-2.8701181102362203
0
LINE
8
BLACK
6
CONTINUOUS
10
4.3503937007874018
20
-2.8701181102362203
11
4.3511579133858262
21
-2.8662762204724408
0
LINE
8
BLACK
6
CONTINUOUS
10
4.3511579133858262
20
-2.8662762204724408
11
4.3533341732283466
21
-2.8630192125984251
0
LINE
8
BLACK
6
CONTINUOUS
10
4.3533341732283466
20
-2.8630192125984251
11
4.3565911811023623
21
-2.8608429527559056
0
LINE
8
BLACK
6
CONTINUOUS
10
4.3565911811023623
20
-2.8608429527559056
11
4.3604330708661418
21
-2.8600787401574803
0
LINE
8
BLACK
6
CONTINUOUS
10
4.3604330708661418
20
-2.8600787401574803
11
4.9309055118110239
21
-2.8600787401574803
0
LINE
8
BLACK
6
CONTINUOUS
10
4.9309055118110239
20
-2.8600787401574803
11
4.9347474015748034
21
-2.8608429527559056
0
LINE
8
BLACK
6
CONTINUOUS
10
7.730022992125984
20
-2.7761185433070867
11
7.7332799999999997
21
-2.7782948031496062
0
LINE
8
BLACK
6
CONTINUOUS
10
7.7332799999999997
20
-2.7782948031496062
11
7.7354562598425192
21
-2.7815518110236219
0
LINE
8
BLACK
6
CONTINUOUS
10
7.7354562598425192
20
-2.7815518110236219
11
7.7362204724409445
21
-2.7853937007874014
0
LINE
8
BLACK
6
CONTINUOUS
10
7.7362204724409445
20
-2.7853937007874014
11
7.7362204724409445
21
-2.832244094488189
0
LINE
8
BLACK
6
CONTINUOUS
10
7.7362204724409445
20
-2.832244094488189
11
7.7354562598425192
21
-2.8360859842519686
0
LINE
8
BLACK
6
CONTINUOUS
10
7.7354562598425192
20
-2.8360859842519686
11
7.7332799999999997
21
-2.8393429921259843
0
LINE
8
BLACK
6
CONTINUOUS
10
7.7332799999999997
20
-2.8393429921259843
11
7.730022992125984
21
-2.8415192519685037
0
LINE
8
BLACK
6
CONTINUOUS
10
7.730022992125984
20
-2.8415192519685037
11
7.7261811023622045
21
-2.842283464566929
0
LINE
8
BLACK
6
CONTINUOUS
10
7.7261811023622045
20
-2.842283464566929
11
7.1557086614173224
21
-2.842283464566929
0
LINE
8
BLACK
6
CONTINUOUS
10
7.1557086614173224
20
-2.842283464566929
11
7.1518667716535429
21
-2.8415192519685037
0
LINE
8
BLACK
6
CONTINUOUS
10
7.1518667716535429
20
-2.8415192519685037
11
7.1486097637795272
21
-2.8393429921259843
0
LINE
8
BLACK
6
CONTINUOUS
10
7.1486097637795272
20
-2.8393429921259843
11
7.1464335039370077
21
-2.8360859842519686
0
LINE
8
BLACK
6
CONTINUOUS
10
7.1464335039370077
20
-2.8360859842519686
11
7.1456692913385824
21
-2.832244094488189
0
LINE
8
BLACK
6
CONTINUOUS
10
7.1456692913385824
20
-2.832244094488189
11
7.1456692913385824
21
-2.7853937007874014
0
LINE
8
BLACK
6
CONTINUOUS
10
7.1456692913385824
20
-2.7853937007874014
11
7.1464335039370077
21
-2.7815518110236219
0
LINE
8
BLACK
6
CONTINUOUS
10
7.1464335039370077
20
-2.7815518110236219
11
7.1486097637795272
21
-2.7782948031496062
0
LINE
8
BLACK
6
CONTINUOUS
10
7.1486097637795272
20
-2.7782948031496062
11
7.1518667716535429
21
-2.7761185433070867
0
LINE
8
BLACK
6
CONTINUOUS
10
7.1518667716535429
20
-2.7761185433070867
11
7.1557086614173224
21
-2.7753543307086614
0
LINE
8
BLACK
6
CONTINUOUS
10
7.1557086614173224
20
-2.7753543307086614
11
7.7261811023622045
21
-2.7753543307086614
0
LINE
8
BLACK
6
CONTINUOUS
10
7.7261811023622045
20
-2.7753543307086614
11
7.730022992125984
21
-2.7761185433070867
0
LINE
8
BLACK
6
CONTINUOUS
10
9.4623064566929127
20
-2.7761185433070867
11
9.4655634645669284
21
-2.7782948031496062
0
LINE
8
BLACK
6
CONTINUOUS
10
9.4655634645669284
20
-2.7782948031496062
11
9.4677397244094479
21
-2.7815518110236219
0
LINE
8
BLACK
6
CONTINUOUS
10
9.4677397244094479
20
-2.7815518110236219
11
9.4685039370078741
21
-2.7853937007874014
0
LINE
8
BLACK
6
CONTINUOUS
10
9.4685039370078741
20
-2.7853937007874014
11
9.4685039370078741
21
-2.832244094488189
0
LINE
8
BLACK
6
CONTINUOUS
10
9.4685039370078741
20
-2.832244094488189
11
9.4677397244094479
21
-2.8360859842519686
0
LINE
8
BLACK
6
CONTINUOUS
10
9.4677397244094479
20
-2.8360859842519686
11
9.4655634645669284
21
-2.8393429921259843
0
LINE
8
BLACK
6
CONTINUOUS
10
9.4655634645669284
20
-2.8393429921259843
11
9.4623064566929127
21
-2.8415192519685037
0
LINE
8
BLACK
6
CONTINUOUS
10
9.4623064566929127
20
-2.8415192519685037
11
9.4584645669291341
21
-2.842283464566929
0
LINE
8
BLACK
6
CONTINUOUS
10
9.4584645669291341
20
-2.842283464566929
11
8.8879921259842511
21
-2.842283464566929
0
LINE
8
BLACK
6
CONTINUOUS
10
8.8879921259842511
20
-2.842283464566929
11
8.8841502362204725
21
-2.8415192519685037
0
LINE
8
BLACK
6
CONTINUOUS
10
8.8841502362204725
20
-2.8415192519685037
11
8.8808932283464568
21
-2.8393429921259843
0
LINE
8
BLACK
6
CONTINUOUS
10
8.8808932283464568
20
-2.8393429921259843
11
8.8787169685039373
21
-2.8360859842519686
0
LINE
8
BLACK
6
CONTINUOUS
10
8.8787169685039373
20
-2.8360859842519686
11
8.8779527559055111
21
-2.832244094488189
0
LINE
8
BLACK
6
CONTINUOUS
10
8.8779527559055111
20
-2.832244094488189
11
8.8779527559055111
21
-2.7853937007874014
0
LINE
8
BLACK
6
CONTINUOUS
10
8.8779527559055111
20
-2.7853937007874014
11
8.8787169685039373
21
-2.7815518110236219
0
LINE
8
BLACK
6
CONTINUOUS
10
8.8787169685039373
20
-2.7815518110236219
11
8.8808932283464568
21
-2.7782948031496062
0
LINE
8
BLACK
6
CONTINUOUS
10
8.8808932283464568
20
-2.7782948031496062
11
8.8841502362204725
21
-2.7761185433070867
0
LINE
8
BLACK
6
CONTINUOUS
10
8.8841502362204725
20
-2.7761185433070867
11
8.8879921259842511
21
-2.7753543307086614
0
LINE
8
BLACK
6
CONTINUOUS
10
8.8879921259842511
20
-2.7753543307086614
11
9.4584645669291341
21
-2.7753543307086614
0
LINE
8
BLACK
6
CONTINUOUS
10
9.4584645669291341
20
-2.7753543307086614
11
9.4623064566929127
21
-2.7761185433070867
0
LINE
8
BLACK
6
CONTINUOUS
10
4.9347474015748034
20
-2.7625752362204725
11
4.9380044094488191
21
-2.764751496062992
0
LINE
8
BLACK
6
CONTINUOUS
10
4.9380044094488191
20
-2.764751496062992
11
4.9401806692913386
21
-2.7680085039370077
0
LINE
8
BLACK
6
CONTINUOUS
10
4.9401806692913386
20
-2.7680085039370077
11
4.9409448818897639
21
-2.7718503937007872
0
LINE
8
BLACK
6
CONTINUOUS
10
4.9409448818897639
20
-2.7718503937007872
11
4.9409448818897639
21
-2.8187007874015748
0
LINE
8
BLACK
6
CONTINUOUS
10
4.9409448818897639
20
-2.8187007874015748
11
4.9401806692913386
21
-2.8225426771653543
0
LINE
8
BLACK
6
CONTINUOUS
10
4.9401806692913386
20
-2.8225426771653543
11
4.9380044094488191
21
-2.8257996850393701
0
LINE
8
BLACK
6
CONTINUOUS
10
4.9380044094488191
20
-2.8257996850393701
11
4.9347474015748034
21
-2.8279759448818895
0
LINE
8
BLACK
6
CONTINUOUS
10
4.9347474015748034
20
-2.8279759448818895
11
4.9309055118110239
21
-2.8287401574803148
0
LINE
8
BLACK
6
CONTINUOUS
10
4.9309055118110239
20
-2.8287401574803148
11
4.3604330708661418
21
-2.8287401574803148
0
LINE
8
BLACK
6
CONTINUOUS
10
4.3604330708661418
20
-2.8287401574803148
11
4.3565911811023623
21
-2.8279759448818895
0
LINE
8
BLACK
6
CONTINUOUS
10
4.3565911811023623
20
-2.8279759448818895
11
4.3533341732283466
21
-2.8257996850393701
0
LINE
8
BLACK
6
CONTINUOUS
10
4.3533341732283466
20
-2.8257996850393701
11
4.3511579133858262
21
-2.8225426771653543
0
LINE
8
BLACK
6
CONTINUOUS
10
4.3511579133858262
20
-2.8225426771653543
11
4.3503937007874018
21
-2.8187007874015748
0
LINE
8
BLACK
6
CONTINUOUS
10
4.3503937007874018
20
-2.8187007874015748
11
4.3503937007874018
21
-2.7718503937007872
0
LINE
8
BLACK
6
CONTINUOUS
10
4.3503937007874018
20
-2.7718503937007872
11
4.3511579133858262
21
-2.7680085039370077
0
LINE
8
BLACK
6
CONTINUOUS
10
4.3511579133858262
20
-2.7680085039370077
11
4.3533341732283466
21
-2.764751496062992
0
LINE
8
BLACK
6
CONTINUOUS
10
4.3533341732283466
20
-2.764751496062992
11
4.3565911811023623
21
-2.7625752362204725
0
LINE
8
BLACK
6
CONTINUOUS
10
4.3565911811023623
20
-2.7625752362204725
11
4.3604330708661418
21
-2.7618110236220472
0
LINE
8
BLACK
6
CONTINUOUS
10
4.3604330708661418
20
-2.7618110236220472
11
4.9309055118110239
21
-2.7618110236220472
0
LINE
8
BLACK
6
CONTINUOUS
10
4.9309055118110239
20
-2.7618110236220472
11
4.9347474015748034
21
-2.7625752362204725
0
LINE
8
BLACK
6
CONTINUOUS
10
7.730022992125984
20
-2.6778508267716536
11
7.7332799999999997
21
-2.6800270866141731
0
LINE
8
BLACK
6
CONTINUOUS
10
7.7332799999999997
20
-2.6800270866141731
11
7.7354562598425192
21
-2.6832840944881888
0
LINE
8
BLACK
6
CONTINUOUS
10
7.7354562598425192
20
-2.6832840944881888
11
7.7362204724409445
21
-2.6871259842519684
0
LINE
8
BLACK
6
CONTINUOUS
10
7.7362204724409445
20
-2.6871259842519684
11
7.7362204724409445
21
-2.7339763779527559
0
LINE
8
BLACK
6
CONTINUOUS
10
7.7362204724409445
20
-2.7339763779527559
11
7.7354562598425192
21
-2.7378182677165355
0
LINE
8
BLACK
6
CONTINUOUS
10
7.7354562598425192
20
-2.7378182677165355
11
7.7332799999999997
21
-2.7410752755905512
0
LINE
8
BLACK
6
CONTINUOUS
10
7.7332799999999997
20
-2.7410752755905512
11
7.730022992125984
21
-2.7432515354330707
0
LINE
8
BLACK
6
CONTINUOUS
10
7.730022992125984
20
-2.7432515354330707
11
7.7261811023622045
21
-2.7440157480314959
0
LINE
8
BLACK
6
CONTINUOUS
10
7.7261811023622045
20
-2.7440157480314959
11
7.1557086614173224
21
-2.7440157480314959
0
LINE
8
BLACK
6
CONTINUOUS
10
7.1557086614173224
20
-2.7440157480314959
11
7.1518667716535429
21
-2.7432515354330707
0
LINE
8
BLACK
6
CONTINUOUS
10
7.1518667716535429
20
-2.7432515354330707
11
7.1486097637795272
21
-2.7410752755905512
0
LINE
8
BLACK
6
CONTINUOUS
10
7.1486097637795272
20
-2.7410752755905512
11
7.1464335039370077
21
-2.7378182677165355
0
LINE
8
BLACK
6
CONTINUOUS
10
7.1464335039370077
20
-2.7378182677165355
11
7.1456692913385824
21
-2.7339763779527559
0
LINE
8
BLACK
6
CONTINUOUS
10
7.1456692913385824
20
-2.7339763779527559
11
7.1456692913385824
21
-2.6871259842519684
0
LINE
8
BLACK
6
CONTINUOUS
10
7.1456692913385824
20
-2.6871259842519684
11
7.1464335039370077
21
-2.6832840944881888
0
LINE
8
BLACK
6
CONTINUOUS
10
7.1464335039370077
20
-2.6832840944881888
11
7.1486097637795272
21
-2.6800270866141731
0
LINE
8
BLACK
6
CONTINUOUS
10
7.1486097637795272
20
-2.6800270866141731
11
7.1518667716535429
21
-2.6778508267716536
0
LINE
8
BLACK
6
CONTINUOUS
10
7.1518667716535429
20
-2.6778508267716536
11
7.1557086614173224
21
-2.6770866141732284
0
LINE
8
BLACK
6
CONTINUOUS
10
7.1557086614173224
20
-2.6770866141732284
11
7.7261811023622045
21
-2.6770866141732284
0
LINE
8
BLACK
6
CONTINUOUS
10
7.7261811023622045
20
-2.6770866141732284
11
7.730022992125984
21
-2.6778508267716536
0
LINE
8
BLACK
6
CONTINUOUS
10
9.4623064566929127
20
-2.6778508267716536
11
9.4655634645669284
21
-2.6800270866141731
0
LINE
8
BLACK
6
CONTINUOUS
10
9.4655634645669284
20
-2.6800270866141731
11
9.4677397244094479
21
-2.6832840944881888
0
LINE
8
BLACK
6
CONTINUOUS
10
9.4677397244094479
20
-2.6832840944881888
11
9.4685039370078741
21
-2.6871259842519684
0
LINE
8
BLACK
6
CONTINUOUS
10
9.4685039370078741
20
-2.6871259842519684
11
9.4685039370078741
21
-2.7339763779527559
0
LINE
8
BLACK
6
CONTINUOUS
10
9.4685039370078741
20
-2.7339763779527559
11
9.4677397244094479
21
-2.7378182677165355
0
LINE
8
BLACK
6
CONTINUOUS
10
9.4677397244094479
20
-2.7378182677165355
11
9.4655634645669284
21
-2.7410752755905512
0
LINE
8
BLACK
6
CONTINUOUS
10
9.4655634645669284
20
-2.7410752755905512
11
9.4623064566929127
21
-2.7432515354330707
0
LINE
8
BLACK
6
CONTINUOUS
10
9.4623064566929127
20
-2.7432515354330707
11
9.4584645669291341
21
-2.7440157480314959
0
LINE
8
BLACK
6
CONTINUOUS
10
9.4584645669291341
20
-2.7440157480314959
11
8.8879921259842511
21
-2.7440157480314959
0
LINE
8
BLACK
6
CONTINUOUS
10
8.8879921259842511
20
-2.7440157480314959
11
8.8841502362204725
21
-2.7432515354330707
0
LINE
8
BLACK
6
CONTINUOUS
10
8.8841502362204725
20
-2.7432515354330707
11
8.8808932283464568
21
-2.7410752755905512
0
LINE
8
BLACK
6
CONTINUOUS
10
8.8808932283464568
20
-2.7410752755905512
11
8.8787169685039373
21
-2.7378182677165355
0
LINE
8
BLACK
6
CONTINUOUS
10
8.8787169685039373
20
-2.7378182677165355
11
8.8779527559055111
21
-2.7339763779527559
0
LINE
8
BLACK
6
CONTINUOUS
10
8.8779527559055111
20
-2.7339763779527559
11
8.8779527559055111
21
-2.6871259842519684
0
LINE
8
BLACK
6
CONTINUOUS
10
8.8779527559055111
20
-2.6871259842519684
11
8.8787169685039373
21
-2.6832840944881888
0
LINE
8
BLACK
6
CONTINUOUS
10
8.8787169685039373
20
-2.6832840944881888
11
8.8808932283464568
21
-2.6800270866141731
0
LINE
8
BLACK
6
CONTINUOUS
10
8.8808932283464568
20
-2.6800270866141731
11
8.8841502362204725
21
-2.6778508267716536
0
LINE
8
BLACK
6
CONTINUOUS
10
8.8841502362204725
20
-2.6778508267716536
11
8.8879921259842511
21
-2.6770866141732284
0
LINE
8
BLACK
6
CONTINUOUS
10
8.8879921259842511
20
-2.6770866141732284
11
9.4584645669291341
21
-2.6770866141732284
0
LINE
8
BLACK
6
CONTINUOUS
10
9.4584645669291341
20
-2.6770866141732284
11
9.4623064566929127
21
-2.6778508267716536
0
LINE
8
BLACK
6
CONTINUOUS
10
3.2024639370078738
20
-2.6643075196850394
11
3.2057209448818895
21
-2.6664837795275589
0
LINE
8
BLACK
6
CONTINUOUS
10
3.2057209448818895
20
-2.6664837795275589
11
3.2078972047244094
21
-2.6697407874015746
0
LINE
8
BLACK
6
CONTINUOUS
10
3.2078972047244094
20
-2.6697407874015746
11
3.2086614173228347
21
-2.6735826771653541
0
LINE
8
BLACK
6
CONTINUOUS
10
3.2086614173228347
20
-2.6735826771653541
11
3.2086614173228347
21
-2.7204330708661417
0
LINE
8
BLACK
6
CONTINUOUS
10
3.2086614173228347
20
-2.7204330708661417
11
3.2078972047244094
21
-2.7242749606299212
0
LINE
8
BLACK
6
CONTINUOUS
10
3.2078972047244094
20
-2.7242749606299212
11
3.2057209448818895
21
-2.727531968503937
0
LINE
8
BLACK
6
CONTINUOUS
10
3.2057209448818895
20
-2.727531968503937
11
3.2024639370078738
21
-2.7297082283464564
0
LINE
8
BLACK
6
CONTINUOUS
10
3.2024639370078738
20
-2.7297082283464564
11
3.1986220472440943
21
-2.7304724409448817
0
LINE
8
BLACK
6
CONTINUOUS
10
3.1986220472440943
20
-2.7304724409448817
11
2.6281496062992127
21
-2.7304724409448817
0
LINE
8
BLACK
6
CONTINUOUS
10
2.6281496062992127
20
-2.7304724409448817
11
2.6243077165354332
21
-2.7297082283464564
0
LINE
8
BLACK
6
CONTINUOUS
10
2.6243077165354332
20
-2.7297082283464564
11
2.6210507086614174
21
-2.727531968503937
0
LINE
8
BLACK
6
CONTINUOUS
10
2.6210507086614174
20
-2.727531968503937
11
2.6188744488188975
21
-2.7242749606299212
0
LINE
8
BLACK
6
CONTINUOUS
10
2.6188744488188975
20
-2.7242749606299212
11
2.6181102362204722
21
-2.7204330708661417
0
LINE
8
BLACK
6
CONTINUOUS
10
2.6181102362204722
20
-2.7204330708661417
11
2.6181102362204722
21
-2.6735826771653541
0
LINE
8
BLACK
6
CONTINUOUS
10
2.6181102362204722
20
-2.6735826771653541
11
2.6188744488188975
21
-2.6697407874015746
0
LINE
8
BLACK
6
CONTINUOUS
10
2.6188744488188975
20
-2.6697407874015746
11
2.6210507086614174
21
-2.6664837795275589
0
LINE
8
BLACK
6
CONTINUOUS
10
2.6210507086614174
20
-2.6664837795275589
11
2.6243077165354332
21
-2.6643075196850394
0
LINE
8
BLACK
6
CONTINUOUS
10
2.6243077165354332
20
-2.6643075196850394
11
2.6281496062992127
21
-2.6635433070866141
0
LINE
8
BLACK
6
CONTINUOUS
10
2.6281496062992127
20
-2.6635433070866141
11
3.1986220472440943
21
-2.6635433070866141
0
LINE
8
BLACK
6
CONTINUOUS
10
3.1986220472440943
20
-2.6635433070866141
11
3.2024639370078738
21
-2.6643075196850394
0
LINE
8
BLACK
6
CONTINUOUS
10
4.9347474015748034
20
-2.6643075196850394
11
4.9380044094488191
21
-2.6664837795275589
0
LINE
8
BLACK
6
CONTINUOUS
10
4.9380044094488191
20
-2.6664837795275589
11
4.9401806692913386
21
-2.6697407874015746
0
LINE
8
BLACK
6
CONTINUOUS
10
4.9401806692913386
20
-2.6697407874015746
11
4.9409448818897639
21
-2.6735826771653541
0
LINE
8
BLACK
6
CONTINUOUS
10
4.9409448818897639
20
-2.6735826771653541
11
4.9409448818897639
21
-2.7204330708661417
0
LINE
8
BLACK
6
CONTINUOUS
10
4.9409448818897639
20
-2.7204330708661417
11
4.9401806692913386
21
-2.7242749606299212
0
LINE
8
BLACK
6
CONTINUOUS
10
4.9401806692913386
20
-2.7242749606299212
11
4.9380044094488191
21
-2.727531968503937
0
LINE
8
BLACK
6
CONTINUOUS
10
4.9380044094488191
20
-2.727531968503937
11
4.9347474015748034
21
-2.7297082283464564
0
LINE
8
BLACK
6
CONTINUOUS
10
4.9347474015748034
20
-2.7297082283464564
11
4.9309055118110239
21
-2.7304724409448817
0
LINE
8
BLACK
6
CONTINUOUS
10
4.9309055118110239
20
-2.7304724409448817
11
4.3604330708661418
21
-2.7304724409448817
0
LINE
8
BLACK
6
CONTINUOUS
10
4.3604330708661418
20
-2.7304724409448817
11
4.3565911811023623
21
-2.7297082283464564
0
LINE
8
BLACK
6
CONTINUOUS
10
4.3565911811023623
20
-2.7297082283464564
11
4.3533341732283466
21
-2.727531968503937
0
LINE
8
BLACK
6
CONTINUOUS
10
4.3533341732283466
20
-2.727531968503937
11
4.3511579133858262
21
-2.7242749606299212
0
LINE
8
BLACK
6
CONTINUOUS
10
4.3511579133858262
20
-2.7242749606299212
11
4.3503937007874018
21
-2.7204330708661417
0
LINE
8
BLACK
6
CONTINUOUS
10
4.3503937007874018
20
-2.7204330708661417
11
4.3503937007874018
21
-2.6735826771653541
0
LINE
8
BLACK
6
CONTINUOUS
10
4.3503937007874018
20
-2.6735826771653541
11
4.3511579133858262
21
-2.6697407874015746
0
LINE
8
BLACK
6
CONTINUOUS
10
4.3511579133858262
20
-2.6697407874015746
11
4.3533341732283466
21
-2.6664837795275589
0
LINE
8
BLACK
6
CONTINUOUS
10
4.3533341732283466
20
-2.6664837795275589
11
4.3565911811023623
21
-2.6643075196850394
0
LINE
8
BLACK
6
CONTINUOUS
10
4.3565911811023623
20
-2.6643075196850394
11
4.3604330708661418
21
-2.6635433070866141
0
LINE
8
BLACK
6
CONTINUOUS
10
4.3604330708661418
20
-2.6635433070866141
11
4.9309055118110239
21
-2.6635433070866141
0
LINE
8
BLACK
6
CONTINUOUS
10
4.9309055118110239
20
-2.6635433070866141
11
4.9347474015748034
21
-2.6643075196850394
0
LINE
8
BLACK
6
CONTINUOUS
10
7.730022992125984
20
-2.5795831102362206
11
7.7332799999999997
21
-2.58175937007874
0
LINE
8
BLACK
6
CONTINUOUS
10
7.7332799999999997
20
-2.58175937007874
11
7.7354562598425192
21
-2.5850163779527557
0
LINE
8
BLACK
6
CONTINUOUS
10
7.7354562598425192
20
-2.5850163779527557
11
7.7362204724409445
21
-2.5888582677165353
0
LINE
8
BLACK
6
CONTINUOUS
10
7.7362204724409445
20
-2.5888582677165353
11
7.7362204724409445
21
-2.6357086614173229
0
LINE
8
BLACK
6
CONTINUOUS
10
7.7362204724409445
20
-2.6357086614173229
11
7.7354562598425192
21
-2.6395505511811024
0
LINE
8
BLACK
6
CONTINUOUS
10
7.7354562598425192
20
-2.6395505511811024
11
7.7332799999999997
21
-2.6428075590551181
0
LINE
8
BLACK
6
CONTINUOUS
10
7.7332799999999997
20
-2.6428075590551181
11
7.730022992125984
21
-2.6449838188976376
0
LINE
8
BLACK
6
CONTINUOUS
10
7.730022992125984
20
-2.6449838188976376
11
7.7261811023622045
21
-2.6457480314960629
0
LINE
8
BLACK
6
CONTINUOUS
10
7.7261811023622045
20
-2.6457480314960629
11
7.1557086614173224
21
-2.6457480314960629
0
LINE
8
BLACK
6
CONTINUOUS
10
7.1557086614173224
20
-2.6457480314960629
11
7.1518667716535429
21
-2.6449838188976376
0
LINE
8
BLACK
6
CONTINUOUS
10
7.1518667716535429
20
-2.6449838188976376
11
7.1486097637795272
21
-2.6428075590551181
0
LINE
8
BLACK
6
CONTINUOUS
10
7.1486097637795272
20
-2.6428075590551181
11
7.1464335039370077
21
-2.6395505511811024
0
LINE
8
BLACK
6
CONTINUOUS
10
7.1464335039370077
20
-2.6395505511811024
11
7.1456692913385824
21
-2.6357086614173229
0
LINE
8
BLACK
6
CONTINUOUS
10
7.1456692913385824
20
-2.6357086614173229
11
7.1456692913385824
21
-2.5888582677165353
0
LINE
8
BLACK
6
CONTINUOUS
10
7.1456692913385824
20
-2.5888582677165353
11
7.1464335039370077
21
-2.5850163779527557
0
LINE
8
BLACK
6
CONTINUOUS
10
7.1464335039370077
20
-2.5850163779527557
11
7.1486097637795272
21
-2.58175937007874
0
LINE
8
BLACK
6
CONTINUOUS
10
7.1486097637795272
20
-2.58175937007874
11
7.1518667716535429
21
-2.5795831102362206
0
LINE
8
BLACK
6
CONTINUOUS
10
7.1518667716535429
20
-2.5795831102362206
11
7.1557086614173224
21
-2.5788188976377953
0
LINE
8
BLACK
6
CONTINUOUS
10
7.1557086614173224
20
-2.5788188976377953
11
7.7261811023622045
21
-2.5788188976377953
0
LINE
8
BLACK
6
CONTINUOUS
10
7.7261811023622045
20
-2.5788188976377953
11
7.730022992125984
21
-2.5795831102362206
0
LINE
8
BLACK
6
CONTINUOUS
10
9.3390324803149607
20
-2.1496507874015749
11
9.3439527165354335
21
-2.1506294881889763
0
LINE
8
BLACK
6
CONTINUOUS
10
9.3439527165354335
20
-2.1506294881889763
11
9.3485874803149596
21
-2.1525492519685039
0
LINE
8
BLACK
6
CONTINUOUS
10
9.3485874803149596
20
-2.1525492519685039
11
9.3527586614173224
21
-2.1553363385826771
0
LINE
8
BLACK
6
CONTINUOUS
10
9.3527586614173224
20
-2.1553363385826771
11
9.3546194094488193
21
-2.1570228740157478
0
LINE
8
BLACK
6
CONTINUOUS
10
9.3546194094488193
20
-2.1570228740157478
11
9.5437251574803152
21
-2.3461285826771654
0
LINE
8
BLACK
6
CONTINUOUS
10
9.5437251574803152
20
-2.3461285826771654
11
9.5454112598425187
21
-2.3479889370078739
0
LINE
8
BLACK
6
CONTINUOUS
10
9.5454112598425187
20
-2.3479889370078739
11
9.545411692913385
21
-2.3479893700787402
0
LINE
8
BLACK
6
CONTINUOUS
10
9.545411692913385
20
-2.3479893700787402
11
9.5481987795275582
21
-2.3521605511811021
0
LINE
8
BLACK
6
CONTINUOUS
10
9.5481987795275582
20
-2.3521605511811021
11
9.5501185433070859
21
-2.35679531496063
0
LINE
8
BLACK
6
CONTINUOUS
10
9.5501185433070859
20
-2.35679531496063
11
9.5510972440944872
21
-2.3617155511811023
0
LINE
8
BLACK
6
CONTINUOUS
10
9.5510972440944872
20
-2.3617155511811023
11
9.551220472440944
21
-2.3642238582677164
0
LINE
8
BLACK
6
CONTINUOUS
10
9.551220472440944
20
-2.3642238582677164
11
9.551220472440944
21
-2.5655399212598424
0
LINE
8
BLACK
6
CONTINUOUS
10
9.551220472440944
20
-2.5655399212598424
11
9.551097283464566
21
-2.5680474015748032
0
LINE
8
BLACK
6
CONTINUOUS
10
9.551097283464566
20
-2.5680474015748032
11
9.551097283464566
21
-2.5680482283464565
0
LINE
8
BLACK
6
CONTINUOUS
10
9.551097283464566
20
-2.5680482283464565
11
9.5501185433070859
21
-2.5729684645669293
0
LINE
8
BLACK
6
CONTINUOUS
10
9.5501185433070859
20
-2.5729684645669293
11
9.5481987795275582
21
-2.5776032283464567
0
LINE
8
BLACK
6
CONTINUOUS
10
9.5481987795275582
20
-2.5776032283464567
11
9.545411692913385
21
-2.5817744094488186
0
LINE
8
BLACK
6
CONTINUOUS
10
9.545411692913385
20
-2.5817744094488186
11
9.5437251574803152
21
-2.5836351574803147
0
LINE
8
BLACK
6
CONTINUOUS
10
9.5437251574803152
20
-2.5836351574803147
11
9.4969816141732277
21
-2.6303787007874013
0
LINE
8
BLACK
6
CONTINUOUS
10
9.4969816141732277
20
-2.6303787007874013
11
9.4951208661417326
21
-2.6320652362204724
0
LINE
8
BLACK
6
CONTINUOUS
10
9.4951208661417326
20
-2.6320652362204724
11
9.4909496850393698
21
-2.6348523228346457
0
LINE
8
BLACK
6
CONTINUOUS
10
9.4909496850393698
20
-2.6348523228346457
11
9.4863149212598419
21
-2.6367720866141733
0
LINE
8
BLACK
6
CONTINUOUS
10
9.4863149212598419
20
-2.6367720866141733
11
9.4813946850393691
21
-2.6377507874015746
0
LINE
8
BLACK
6
CONTINUOUS
10
9.4813946850393691
20
-2.6377507874015746
11
9.4788863779527563
21
-2.6378740157480314
0
LINE
8
BLACK
6
CONTINUOUS
10
9.4788863779527563
20
-2.6378740157480314
11
9.4680732283464568
21
-2.6378740157480314
0
LINE
8
BLACK
6
CONTINUOUS
10
9.4680732283464568
20
-2.6378740157480314
11
9.4677397244094479
21
-2.6395505511811024
0
LINE
8
BLACK
6
CONTINUOUS
10
9.4677397244094479
20
-2.6395505511811024
11
9.4655634645669284
21
-2.6428075590551181
0
LINE
8
BLACK
6
CONTINUOUS
10
9.4655634645669284
20
-2.6428075590551181
11
9.4623064566929127
21
-2.6449838188976376
0
LINE
8
BLACK
6
CONTINUOUS
10
9.4623064566929127
20
-2.6449838188976376
11
9.4584645669291341
21
-2.6457480314960629
0
LINE
8
BLACK
6
CONTINUOUS
10
9.4584645669291341
20
-2.6457480314960629
11
8.8879921259842511
21
-2.6457480314960629
0
LINE
8
BLACK
6
CONTINUOUS
10
8.8879921259842511
20
-2.6457480314960629
11
8.8841502362204725
21
-2.6449838188976376
0
LINE
8
BLACK
6
CONTINUOUS
10
8.8841502362204725
20
-2.6449838188976376
11
8.8808932283464568
21
-2.6428075590551181
0
LINE
8
BLACK
6
CONTINUOUS
10
8.8808932283464568
20
-2.6428075590551181
11
8.8787169685039373
21
-2.6395505511811024
0
LINE
8
BLACK
6
CONTINUOUS
10
8.8787169685039373
20
-2.6395505511811024
11
8.8779527559055111
21
-2.6357086614173229
0
LINE
8
BLACK
6
CONTINUOUS
10
8.8779527559055111
20
-2.6357086614173229
11
8.8779527559055111
21
-2.5888582677165353
0
LINE
8
BLACK
6
CONTINUOUS
10
8.8779527559055111
20
-2.5888582677165353
11
8.8787169685039373
21
-2.5850163779527557
0
LINE
8
BLACK
6
CONTINUOUS
10
8.8787169685039373
20
-2.5850163779527557
11
8.8808932283464568
21
-2.58175937007874
0
LINE
8
BLACK
6
CONTINUOUS
10
8.8808932283464568
20
-2.58175937007874
11
8.8841502362204725
21
-2.5795831102362206
0
LINE
8
BLACK
6
CONTINUOUS
10
8.8841502362204725
20
-2.5795831102362206
11
8.8879921259842511
21
-2.5788188976377953
0
LINE
8
BLACK
6
CONTINUOUS
10
8.8879921259842511
20
-2.5788188976377953
11
9.4584645669291341
21
-2.5788188976377953
0
LINE
8
BLACK
6
CONTINUOUS
10
9.4584645669291341
20
-2.5788188976377953
11
9.4623064566929127
21
-2.5795831102362206
0
LINE
8
BLACK
6
CONTINUOUS
10
9.4623064566929127
20
-2.5795831102362206
11
9.4655634645669284
21
-2.58175937007874
0
LINE
8
BLACK
6
CONTINUOUS
10
9.4655634645669284
20
-2.58175937007874
11
9.4677397244094479
21
-2.5850163779527557
0
LINE
8
BLACK
6
CONTINUOUS
10
9.4677397244094479
20
-2.5850163779527557
11
9.4680732283464568
21
-2.5866929133858267
0
LINE
8
BLACK
6
CONTINUOUS
10
9.4680732283464568
20
-2.5866929133858267
11
9.4682864566929137
21
-2.5866929133858267
0
LINE
8
BLACK
6
CONTINUOUS
10
9.4682864566929137
20
-2.5866929133858267
11
9.5000393700787402
21
-2.5549399999999998
0
LINE
8
BLACK
6
CONTINUOUS
10
9.5000393700787402
20
-2.5549399999999998
11
9.5000393700787402
21
-2.3748237795275591
0
LINE
8
BLACK
6
CONTINUOUS
10
9.5000393700787402
20
-2.3748237795275591
11
9.3259242519685035
21
-2.2007086614173228
0
LINE
8
BLACK
6
CONTINUOUS
10
9.3259242519685035
20
-2.2007086614173228
11
2.7471466535433069
21
-2.2007086614173228
0
LINE
8
BLACK
6
CONTINUOUS
10
2.7471466535433069
20
-2.2007086614173228
11
2.5865748031496061
21
-2.3612804724409449
0
LINE
8
BLACK
6
CONTINUOUS
10
2.5865748031496061
20
-2.3612804724409449
11
2.5865748031496061
21
-2.541396692913386
0
LINE
8
BLACK
6
CONTINUOUS
10
2.5865748031496061
20
-2.541396692913386
11
2.6183277165354331
21
-2.5731496062992125
0
LINE
8
BLACK
6
CONTINUOUS
10
2.6183277165354331
20
-2.5731496062992125
11
2.6185409448818895
21
-2.5731496062992125
0
LINE
8
BLACK
6
CONTINUOUS
10
2.6185409448818895
20
-2.5731496062992125
11
2.6188744488188975
21
-2.5714730708661415
0
LINE
8
BLACK
6
CONTINUOUS
10
2.6188744488188975
20
-2.5714730708661415
11
2.6210507086614174
21
-2.5682160629921258
0
LINE
8
BLACK
6
CONTINUOUS
10
2.6210507086614174
20
-2.5682160629921258
11
2.6243077165354332
21
-2.5660398031496063
0
LINE
8
BLACK
6
CONTINUOUS
10
2.6243077165354332
20
-2.5660398031496063
11
2.6281496062992127
21
-2.565275590551181
0
LINE
8
BLACK
6
CONTINUOUS
10
2.6281496062992127
20
-2.565275590551181
11
3.1986220472440943
21
-2.565275590551181
0
LINE
8
BLACK
6
CONTINUOUS
10
3.1986220472440943
20
-2.565275590551181
11
3.2024639370078738
21
-2.5660398031496063
0
LINE
8
BLACK
6
CONTINUOUS
10
3.2024639370078738
20
-2.5660398031496063
11
3.2057209448818895
21
-2.5682160629921258
0
LINE
8
BLACK
6
CONTINUOUS
10
3.2057209448818895
20
-2.5682160629921258
11
3.2078972047244094
21
-2.5714730708661415
0
LINE
8
BLACK
6
CONTINUOUS
10
3.2078972047244094
20
-2.5714730708661415
11
3.2086614173228347
21
-2.575314960629921
0
LINE
8
BLACK
6
CONTINUOUS
10
3.2086614173228347
20
-2.575314960629921
11
3.2086614173228347
21
-2.6221653543307086
0
LINE
8
BLACK
6
CONTINUOUS
10
3.2086614173228347
20
-2.6221653543307086
11
3.2078972047244094
21
-2.6260072440944882
0
LINE
8
BLACK
6
CONTINUOUS
10
3.2078972047244094
20
-2.6260072440944882
11
3.2057209448818895
21
-2.6292642519685039
0
LINE
8
BLACK
6
CONTINUOUS
10
3.2057209448818895
20
-2.6292642519685039
11
3.2024639370078738
21
-2.6314405118110233
0
LINE
8
BLACK
6
CONTINUOUS
10
3.2024639370078738
20
-2.6314405118110233
11
3.1986220472440943
21
-2.6322047244094486
0
LINE
8
BLACK
6
CONTINUOUS
10
3.1986220472440943
20
-2.6322047244094486
11
2.6281496062992127
21
-2.6322047244094486
0
LINE
8
BLACK
6
CONTINUOUS
10
2.6281496062992127
20
-2.6322047244094486
11
2.6243077165354332
21
-2.6314405118110233
0
LINE
8
BLACK
6
CONTINUOUS
10
2.6243077165354332
20
-2.6314405118110233
11
2.6210507086614174
21
-2.6292642519685039
0
LINE
8
BLACK
6
CONTINUOUS
10
2.6210507086614174
20
-2.6292642519685039
11
2.6188744488188975
21
-2.6260072440944882
0
LINE
8
BLACK
6
CONTINUOUS
10
2.6188744488188975
20
-2.6260072440944882
11
2.6185409448818895
21
-2.6243307086614172
0
LINE
8
BLACK
6
CONTINUOUS
10
2.6185409448818895
20
-2.6243307086614172
11
2.6077277952755904
21
-2.6243307086614172
0
LINE
8
BLACK
6
CONTINUOUS
10
2.6077277952755904
20
-2.6243307086614172
11
2.6052202755905509
21
-2.6242075196850392
0
LINE
8
BLACK
6
CONTINUOUS
10
2.6052202755905509
20
-2.6242075196850392
11
2.6052194881889763
21
-2.6242075196850392
0
LINE
8
BLACK
6
CONTINUOUS
10
2.6052194881889763
20
-2.6242075196850392
11
2.600299251968504
21
-2.6232287795275591
0
LINE
8
BLACK
6
CONTINUOUS
10
2.600299251968504
20
-2.6232287795275591
11
2.5956644881889761
21
-2.6213090157480314
0
LINE
8
BLACK
6
CONTINUOUS
10
2.5956644881889761
20
-2.6213090157480314
11
2.5914933070866142
21
-2.6185219291338582
0
LINE
8
BLACK
6
CONTINUOUS
10
2.5914933070866142
20
-2.6185219291338582
11
2.5896325590551181
21
-2.6168353937007875
0
LINE
8
BLACK
6
CONTINUOUS
10
2.5896325590551181
20
-2.6168353937007875
11
2.5428890157480315
21
-2.5700918503937009
0
LINE
8
BLACK
6
CONTINUOUS
10
2.5428890157480315
20
-2.5700918503937009
11
2.5412024803149604
21
-2.5682311023622049
0
LINE
8
BLACK
6
CONTINUOUS
10
2.5412024803149604
20
-2.5682311023622049
11
2.5384153937007872
21
-2.5640599212598425
0
LINE
8
BLACK
6
CONTINUOUS
10
2.5384153937007872
20
-2.5640599212598425
11
2.53649562992126
21
-2.5594251574803151
0
LINE
8
BLACK
6
CONTINUOUS
10
2.53649562992126
20
-2.5594251574803151
11
2.5355169291338582
21
-2.5545049212598423
0
LINE
8
BLACK
6
CONTINUOUS
10
2.5355169291338582
20
-2.5545049212598423
11
2.5353937007874014
21
-2.5519966141732282
0
LINE
8
BLACK
6
CONTINUOUS
10
2.5353937007874014
20
-2.5519966141732282
11
2.5353937007874014
21
-2.3506805511811022
0
LINE
8
BLACK
6
CONTINUOUS
10
2.5353937007874014
20
-2.3506805511811022
11
2.5355169291338582
21
-2.3481722440944881
0
LINE
8
BLACK
6
CONTINUOUS
10
2.5355169291338582
20
-2.3481722440944881
11
2.53649562992126
21
-2.3432520078740158
0
LINE
8
BLACK
6
CONTINUOUS
10
2.53649562992126
20
-2.3432520078740158
11
2.5384153937007872
21
-2.3386172440944883
0
LINE
8
BLACK
6
CONTINUOUS
10
2.5384153937007872
20
-2.3386172440944883
11
2.5412024803149604
21
-2.334446062992126
0
LINE
8
BLACK
6
CONTINUOUS
10
2.5412024803149604
20
-2.334446062992126
11
2.5428890157480315
21
-2.3325853149606299
0
LINE
8
BLACK
6
CONTINUOUS
10
2.5428890157480315
20
-2.3325853149606299
11
2.7184514566929132
21
-2.1570228346456695
0
LINE
8
BLACK
6
CONTINUOUS
10
2.7184514566929132
20
-2.1570228346456695
11
2.7203118110236222
21
-2.1553366929133859
0
LINE
8
BLACK
6
CONTINUOUS
10
2.7203118110236222
20
-2.1553366929133859
11
2.7203122047244093
21
-2.1553363385826771
0
LINE
8
BLACK
6
CONTINUOUS
10
2.7203122047244093
20
-2.1553363385826771
11
2.7244833858267716
21
-2.1525492519685039
0
LINE
8
BLACK
6
CONTINUOUS
10
2.7244833858267716
20
-2.1525492519685039
11
2.7291181496062991
21
-2.1506294488188975
0
LINE
8
BLACK
6
CONTINUOUS
10
2.7291181496062991
20
-2.1506294488188975
11
2.7340383858267714
21
-2.1496507480314961
0
LINE
8
BLACK
6
CONTINUOUS
10
2.7340383858267714
20
-2.1496507480314961
11
2.7340391732283464
21
-2.1496507480314961
0
LINE
8
BLACK
6
CONTINUOUS
10
2.7340391732283464
20
-2.1496507480314961
11
2.7365466929133859
21
-2.1495275590551182
0
LINE
8
BLACK
6
CONTINUOUS
10
2.7365466929133859
20
-2.1495275590551182
11
9.3365241732283462
21
-2.1495275590551182
0
LINE
8
BLACK
6
CONTINUOUS
10
9.3365241732283462
20
-2.1495275590551182
11
9.3390324803149607
21
-2.1496507874015749
0
LINE
8
BLACK
6
CONTINUOUS
10
4.9347474015748034
20
-2.5660398031496063
11
4.9380044094488191
21
-2.5682160629921258
0
LINE
8
BLACK
6
CONTINUOUS
10
4.9380044094488191
20
-2.5682160629921258
11
4.9401806692913386
21
-2.5714730708661415
0
LINE
8
BLACK
6
CONTINUOUS
10
4.9401806692913386
20
-2.5714730708661415
11
4.9409448818897639
21
-2.575314960629921
0
LINE
8
BLACK
6
CONTINUOUS
10
4.9409448818897639
20
-2.575314960629921
11
4.9409448818897639
21
-2.6221653543307086
0
LINE
8
BLACK
6
CONTINUOUS
10
4.9409448818897639
20
-2.6221653543307086
11
4.9401806692913386
21
-2.6260072440944882
0
LINE
8
BLACK
6
CONTINUOUS
10
4.9401806692913386
20
-2.6260072440944882
11
4.9380044094488191
21
-2.6292642519685039
0
LINE
8
BLACK
6
CONTINUOUS
10
4.9380044094488191
20
-2.6292642519685039
11
4.9347474015748034
21
-2.6314405118110233
0
LINE
8
BLACK
6
CONTINUOUS
10
4.9347474015748034
20
-2.6314405118110233
11
4.9309055118110239
21
-2.6322047244094486
0
LINE
8
BLACK
6
CONTINUOUS
10
4.9309055118110239
20
-2.6322047244094486
11
4.3604330708661418
21
-2.6322047244094486
0
LINE
8
BLACK
6
CONTINUOUS
10
4.3604330708661418
20
-2.6322047244094486
11
4.3565911811023623
21
-2.6314405118110233
0
LINE
8
BLACK
6
CONTINUOUS
10
4.3565911811023623
20
-2.6314405118110233
11
4.3533341732283466
21
-2.6292642519685039
0
LINE
8
BLACK
6
CONTINUOUS
10
4.3533341732283466
20
-2.6292642519685039
11
4.3511579133858262
21
-2.6260072440944882
0
LINE
8
BLACK
6
CONTINUOUS
10
4.3511579133858262
20
-2.6260072440944882
11
4.3503937007874018
21
-2.6221653543307086
0
LINE
8
BLACK
6
CONTINUOUS
10
4.3503937007874018
20
-2.6221653543307086
11
4.3503937007874018
21
-2.575314960629921
0
LINE
8
BLACK
6
CONTINUOUS
10
4.3503937007874018
20
-2.575314960629921
11
4.3511579133858262
21
-2.5714730708661415
0
LINE
8
BLACK
6
CONTINUOUS
10
4.3511579133858262
20
-2.5714730708661415
11
4.3533341732283466
21
-2.5682160629921258
0
LINE
8
BLACK
6
CONTINUOUS
10
4.3533341732283466
20
-2.5682160629921258
11
4.3565911811023623
21
-2.5660398031496063
0
LINE
8
BLACK
6
CONTINUOUS
10
4.3565911811023623
20
-2.5660398031496063
11
4.3604330708661418
21
-2.565275590551181
0
LINE
8
BLACK
6
CONTINUOUS
10
4.3604330708661418
20
-2.565275590551181
11
4.9309055118110239
21
-2.565275590551181
0
LINE
8
BLACK
6
CONTINUOUS
10
4.9309055118110239
20
-2.565275590551181
11
4.9347474015748034
21
-2.5660398031496063
0
LINE
8
BLACK
6
CONTINUOUS
10
4.9347474015748034
20
-2.4677720866141732
11
4.9380044094488191
21
-2.4699483464566927
0
LINE
8
BLACK
6
CONTINUOUS
10
4.9380044094488191
20
-2.4699483464566927
11
4.9401806692913386
21
-2.4732053543307084
0
LINE
8
BLACK
6
CONTINUOUS
10
4.9401806692913386
20
-2.4732053543307084
11
4.9409448818897639
21
-2.477047244094488
0
LINE
8
BLACK
6
CONTINUOUS
10
4.9409448818897639
20
-2.477047244094488
11
4.9409448818897639
21
-2.4807480314960628
0
LINE
8
BLACK
6
CONTINUOUS
10
4.9409448818897639
20
-2.4807480314960628
11
7.1547190551181101
21
-2.4807480314960628
0
LINE
8
BLACK
6
CONTINUOUS
10
7.1547190551181101
20
-2.4807480314960628
11
7.1557086614173224
21
-2.4805511811023622
0
LINE
8
BLACK
6
CONTINUOUS
10
7.1557086614173224
20
-2.4805511811023622
11
7.7261811023622045
21
-2.4805511811023622
0
LINE
8
BLACK
6
CONTINUOUS
10
7.7261811023622045
20
-2.4805511811023622
11
7.730022992125984
21
-2.4813153937007875
0
LINE
8
BLACK
6
CONTINUOUS
10
7.730022992125984
20
-2.4813153937007875
11
7.7332799999999997
21
-2.4834916535433069
0
LINE
8
BLACK
6
CONTINUOUS
10
7.7332799999999997
20
-2.4834916535433069
11
7.7354562598425192
21
-2.4867486614173226
0
LINE
8
BLACK
6
CONTINUOUS
10
7.7354562598425192
20
-2.4867486614173226
11
7.7362204724409445
21
-2.4905905511811022
0
LINE
8
BLACK
6
CONTINUOUS
10
7.7362204724409445
20
-2.4905905511811022
11
7.7362204724409445
21
-2.5374409448818898
0
LINE
8
BLACK
6
CONTINUOUS
10
7.7362204724409445
20
-2.5374409448818898
11
7.7354562598425192
21
-2.5412828346456693
0
LINE
8
BLACK
6
CONTINUOUS
10
7.7354562598425192
20
-2.5412828346456693
11
7.7332799999999997
21
-2.544539842519685
0
LINE
8
BLACK
6
CONTINUOUS
10
7.7332799999999997
20
-2.544539842519685
11
7.730022992125984
21
-2.5467161023622045
0
LINE
8
BLACK
6
CONTINUOUS
10
7.730022992125984
20
-2.5467161023622045
11
7.7261811023622045
21
-2.5474803149606298
0
LINE
8
BLACK
6
CONTINUOUS
10
7.7261811023622045
20
-2.5474803149606298
11
7.1557086614173224
21
-2.5474803149606298
0
LINE
8
BLACK
6
CONTINUOUS
10
7.1557086614173224
20
-2.5474803149606298
11
7.1518667716535429
21
-2.5467161023622045
0
LINE
8
BLACK
6
CONTINUOUS
10
7.1518667716535429
20
-2.5467161023622045
11
7.1486097637795272
21
-2.544539842519685
0
LINE
8
BLACK
6
CONTINUOUS
10
7.1486097637795272
20
-2.544539842519685
11
7.1464335039370077
21
-2.5412828346456693
0
LINE
8
BLACK
6
CONTINUOUS
10
7.1464335039370077
20
-2.5412828346456693
11
7.1456692913385824
21
-2.5374409448818898
0
LINE
8
BLACK
6
CONTINUOUS
10
7.1456692913385824
20
-2.5374409448818898
11
7.1456692913385824
21
-2.5319291338582675
0
LINE
8
BLACK
6
CONTINUOUS
10
7.1456692913385824
20
-2.5319291338582675
11
4.9366086614173224
21
-2.5319291338582675
0
LINE
8
BLACK
6
CONTINUOUS
10
4.9366086614173224
20
-2.5319291338582675
11
4.9347474015748034
21
-2.5331727952755907
0
LINE
8
BLACK
6
CONTINUOUS
10
4.9347474015748034
20
-2.5331727952755907
11
4.9309055118110239
21
-2.5339370078740155
0
LINE
8
BLACK
6
CONTINUOUS
10
4.9309055118110239
20
-2.5339370078740155
11
4.3604330708661418
21
-2.5339370078740155
0
LINE
8
BLACK
6
CONTINUOUS
10
4.3604330708661418
20
-2.5339370078740155
11
4.3565911811023623
21
-2.5331727952755907
0
LINE
8
BLACK
6
CONTINUOUS
10
4.3565911811023623
20
-2.5331727952755907
11
4.3533341732283466
21
-2.5309965354330708
0
LINE
8
BLACK
6
CONTINUOUS
10
4.3533341732283466
20
-2.5309965354330708
11
4.3511579133858262
21
-2.5277395275590551
0
LINE
8
BLACK
6
CONTINUOUS
10
4.3511579133858262
20
-2.5277395275590551
11
4.3503937007874018
21
-2.5238976377952755
0
LINE
8
BLACK
6
CONTINUOUS
10
4.3503937007874018
20
-2.5238976377952755
11
4.3503937007874018
21
-2.477047244094488
0
LINE
8
BLACK
6
CONTINUOUS
10
4.3503937007874018
20
-2.477047244094488
11
4.3511579133858262
21
-2.4732053543307084
0
LINE
8
BLACK
6
CONTINUOUS
10
4.3511579133858262
20
-2.4732053543307084
11
4.3533341732283466
21
-2.4699483464566927
0
LINE
8
BLACK
6
CONTINUOUS
10
4.3533341732283466
20
-2.4699483464566927
11
4.3565911811023623
21
-2.4677720866141732
0
LINE
8
BLACK
6
CONTINUOUS
10
4.3565911811023623
20
-2.4677720866141732
11
4.3604330708661418
21
-2.4670078740157479
0
LINE
8
BLACK
6
CONTINUOUS
10
4.3604330708661418
20
-2.4670078740157479
11
4.9309055118110239
21
-2.4670078740157479
0
LINE
8
BLACK
6
CONTINUOUS
10
4.9309055118110239
20
-2.4670078740157479
11
4.9347474015748034
21
-2.4677720866141732
0
LINE
8
BLACK
6
CONTINUOUS
10
9.4623064566929127
20
-2.4813153937007875
11
9.4655634645669284
21
-2.4834916535433069
0
LINE
8
BLACK
6
CONTINUOUS
10
9.4655634645669284
20
-2.4834916535433069
11
9.4677397244094479
21
-2.4867486614173226
0
LINE
8
BLACK
6
CONTINUOUS
10
9.4677397244094479
20
-2.4867486614173226
11
9.4685039370078741
21
-2.4905905511811022
0
LINE
8
BLACK
6
CONTINUOUS
10
9.4685039370078741
20
-2.4905905511811022
11
9.4685039370078741
21
-2.5374409448818898
0
LINE
8
BLACK
6
CONTINUOUS
10
9.4685039370078741
20
-2.5374409448818898
11
9.4677397244094479
21
-2.5412828346456693
0
LINE
8
BLACK
6
CONTINUOUS
10
9.4677397244094479
20
-2.5412828346456693
11
9.4655634645669284
21
-2.544539842519685
0
LINE
8
BLACK
6
CONTINUOUS
10
9.4655634645669284
20
-2.544539842519685
11
9.4623064566929127
21
-2.5467161023622045
0
LINE
8
BLACK
6
CONTINUOUS
10
9.4623064566929127
20
-2.5467161023622045
11
9.4584645669291341
21
-2.5474803149606298
0
LINE
8
BLACK
6
CONTINUOUS
10
9.4584645669291341
20
-2.5474803149606298
11
8.8879921259842511
21
-2.5474803149606298
0
LINE
8
BLACK
6
CONTINUOUS
10
8.8879921259842511
20
-2.5474803149606298
11
8.8841502362204725
21
-2.5467161023622045
0
LINE
8
BLACK
6
CONTINUOUS
10
8.8841502362204725
20
-2.5467161023622045
11
8.8808932283464568
21
-2.544539842519685
0
LINE
8
BLACK
6
CONTINUOUS
10
8.8808932283464568
20
-2.544539842519685
11
8.8787169685039373
21
-2.5412828346456693
0
LINE
8
BLACK
6
CONTINUOUS
10
8.8787169685039373
20
-2.5412828346456693
11
8.8779527559055111
21
-2.5374409448818898
0
LINE
8
BLACK
6
CONTINUOUS
10
8.8779527559055111
20
-2.5374409448818898
11
8.8779527559055111
21
-2.4905905511811022
0
LINE
8
BLACK
6
CONTINUOUS
10
8.8779527559055111
20
-2.4905905511811022
11
8.8787169685039373
21
-2.4867486614173226
0
LINE
8
BLACK
6
CONTINUOUS
10
8.8787169685039373
20
-2.4867486614173226
11
8.8808932283464568
21
-2.4834916535433069
0
LINE
8
BLACK
6
CONTINUOUS
10
8.8808932283464568
20
-2.4834916535433069
11
8.8841502362204725
21
-2.4813153937007875
0
LINE
8
BLACK
6
CONTINUOUS
10
8.8841502362204725
20
-2.4813153937007875
11
8.8879921259842511
21
-2.4805511811023622
0
LINE
8
BLACK
6
CONTINUOUS
10
8.8879921259842511
20
-2.4805511811023622
11
9.4584645669291341
21
-2.4805511811023622
0
LINE
8
BLACK
6
CONTINUOUS
10
9.4584645669291341
20
-2.4805511811023622
11
9.4623064566929127
21
-2.4813153937007875
0
LINE
8
BLACK
6
CONTINUOUS
10
3.2024639370078738
20
-2.4677720866141732
11
3.2057209448818895
21
-2.4699483464566927
0
LINE
8
BLACK
6
CONTINUOUS
10
3.2057209448818895
20
-2.4699483464566927
11
3.2078972047244094
21
-2.4732053543307084
0
LINE
8
BLACK
6
CONTINUOUS
10
3.2078972047244094
20
-2.4732053543307084
11
3.2086614173228347
21
-2.477047244094488
0
LINE
8
BLACK
6
CONTINUOUS
10
3.2086614173228347
20
-2.477047244094488
11
3.2086614173228347
21
-2.5238976377952755
0
LINE
8
BLACK
6
CONTINUOUS
10
3.2086614173228347
20
-2.5238976377952755
11
3.2078972047244094
21
-2.5277395275590551
0
LINE
8
BLACK
6
CONTINUOUS
10
3.2078972047244094
20
-2.5277395275590551
11
3.2057209448818895
21
-2.5309965354330708
0
LINE
8
BLACK
6
CONTINUOUS
10
3.2057209448818895
20
-2.5309965354330708
11
3.2024639370078738
21
-2.5331727952755907
0
LINE
8
BLACK
6
CONTINUOUS
10
3.2024639370078738
20
-2.5331727952755907
11
3.1986220472440943
21
-2.5339370078740155
0
LINE
8
BLACK
6
CONTINUOUS
10
3.1986220472440943
20
-2.5339370078740155
11
2.6281496062992127
21
-2.5339370078740155
0
LINE
8
BLACK
6
CONTINUOUS
10
2.6281496062992127
20
-2.5339370078740155
11
2.6243077165354332
21
-2.5331727952755907
0
LINE
8
BLACK
6
CONTINUOUS
10
2.6243077165354332
20
-2.5331727952755907
11
2.6210507086614174
21
-2.5309965354330708
0
LINE
8
BLACK
6
CONTINUOUS
10
2.6210507086614174
20
-2.5309965354330708
11
2.6188744488188975
21
-2.5277395275590551
0
LINE
8
BLACK
6
CONTINUOUS
10
2.6188744488188975
20
-2.5277395275590551
11
2.6181102362204722
21
-2.5238976377952755
0
LINE
8
BLACK
6
CONTINUOUS
10
2.6181102362204722
20
-2.5238976377952755
11
2.6181102362204722
21
-2.477047244094488
0
LINE
8
BLACK
6
CONTINUOUS
10
2.6181102362204722
20
-2.477047244094488
11
2.6188744488188975
21
-2.4732053543307084
0
LINE
8
BLACK
6
CONTINUOUS
10
2.6188744488188975
20
-2.4732053543307084
11
2.6210507086614174
21
-2.4699483464566927
0
LINE
8
BLACK
6
CONTINUOUS
10
2.6210507086614174
20
-2.4699483464566927
11
2.6243077165354332
21
-2.4677720866141732
0
LINE
8
BLACK
6
CONTINUOUS
10
2.6243077165354332
20
-2.4677720866141732
11
2.6281496062992127
21
-2.4670078740157479
0
LINE
8
BLACK
6
CONTINUOUS
10
2.6281496062992127
20
-2.4670078740157479
11
3.1986220472440943
21
-2.4670078740157479
0
LINE
8
BLACK
6
CONTINUOUS
10
3.1986220472440943
20
-2.4670078740157479
11
3.2024639370078738
21
-2.4677720866141732
0
LINE
8
BLACK
6
CONTINUOUS
10
7.730022992125984
20
-2.3830476771653544
11
7.7332799999999997
21
-2.3852239370078738
0
LINE
8
BLACK
6
CONTINUOUS
10
7.7332799999999997
20
-2.3852239370078738
11
7.7354562598425192
21
-2.3884809448818896
0
LINE
8
BLACK
6
CONTINUOUS
10
7.7354562598425192
20
-2.3884809448818896
11
7.7362204724409445
21
-2.3923228346456691
0
LINE
8
BLACK
6
CONTINUOUS
10
7.7362204724409445
20
-2.3923228346456691
11
7.7362204724409445
21
-2.4391732283464567
0
LINE
8
BLACK
6
CONTINUOUS
10
7.7362204724409445
20
-2.4391732283464567
11
7.7354562598425192
21
-2.4430151181102362
0
LINE
8
BLACK
6
CONTINUOUS
10
7.7354562598425192
20
-2.4430151181102362
11
7.7332799999999997
21
-2.4462721259842519
0
LINE
8
BLACK
6
CONTINUOUS
10
7.7332799999999997
20
-2.4462721259842519
11
7.730022992125984
21
-2.4484483858267714
0
LINE
8
BLACK
6
CONTINUOUS
10
7.730022992125984
20
-2.4484483858267714
11
7.7261811023622045
21
-2.4492125984251967
0
LINE
8
BLACK
6
CONTINUOUS
10
7.7261811023622045
20
-2.4492125984251967
11
7.1557086614173224
21
-2.4492125984251967
0
LINE
8
BLACK
6
CONTINUOUS
10
7.1557086614173224
20
-2.4492125984251967
11
7.1518667716535429
21
-2.4484483858267714
0
LINE
8
BLACK
6
CONTINUOUS
10
7.1518667716535429
20
-2.4484483858267714
11
7.1486097637795272
21
-2.4462721259842519
0
LINE
8
BLACK
6
CONTINUOUS
10
7.1486097637795272
20
-2.4462721259842519
11
7.1464335039370077
21
-2.4430151181102362
0
LINE
8
BLACK
6
CONTINUOUS
10
7.1464335039370077
20
-2.4430151181102362
11
7.1456692913385824
21
-2.4391732283464567
0
LINE
8
BLACK
6
CONTINUOUS
10
7.1456692913385824
20
-2.4391732283464567
11
7.1456692913385824
21
-2.3923228346456691
0
LINE
8
BLACK
6
CONTINUOUS
10
7.1456692913385824
20
-2.3923228346456691
11
7.1464335039370077
21
-2.3884809448818896
0
LINE
8
BLACK
6
CONTINUOUS
10
7.1464335039370077
20
-2.3884809448818896
11
7.1486097637795272
21
-2.3852239370078738
0
LINE
8
BLACK
6
CONTINUOUS
10
7.1486097637795272
20
-2.3852239370078738
11
7.1518667716535429
21
-2.3830476771653544
0
LINE
8
BLACK
6
CONTINUOUS
10
7.1518667716535429
20
-2.3830476771653544
11
7.1557086614173224
21
-2.3822834645669291
0
LINE
8
BLACK
6
CONTINUOUS
10
7.1557086614173224
20
-2.3822834645669291
11
7.7261811023622045
21
-2.3822834645669291
0
LINE
8
BLACK
6
CONTINUOUS
10
7.7261811023622045
20
-2.3822834645669291
11
7.730022992125984
21
-2.3830476771653544
0
LINE
8
BLACK
6
CONTINUOUS
10
9.1469828740157482
20
-2.2323673228346457
11
9.1519031102362209
21
-2.233346023622047
0
LINE
8
BLACK
6
CONTINUOUS
10
9.1519031102362209
20
-2.233346023622047
11
9.156537874015747
21
-2.2352657874015747
0
LINE
8
BLACK
6
CONTINUOUS
10
9.156537874015747
20
-2.2352657874015747
11
9.1607090551181098
21
-2.2380528740157479
0
LINE
8
BLACK
6
CONTINUOUS
10
9.1607090551181098
20
-2.2380528740157479
11
9.1625698031496068
21
-2.239739409448819
0
LINE
8
BLACK
6
CONTINUOUS
10
9.1625698031496068
20
-2.239739409448819
11
9.1913235826771658
21
-2.2684931496062992
0
LINE
8
BLACK
6
CONTINUOUS
10
9.1913235826771658
20
-2.2684931496062992
11
9.1930096850393692
21
-2.2703535039370077
0
LINE
8
BLACK
6
CONTINUOUS
10
9.1930096850393692
20
-2.2703535039370077
11
9.1930101181102355
21
-2.270353937007874
0
LINE
8
BLACK
6
CONTINUOUS
10
9.1930101181102355
20
-2.270353937007874
11
9.1957972047244088
21
-2.2745251181102364
0
LINE
8
BLACK
6
CONTINUOUS
10
9.1957972047244088
20
-2.2745251181102364
11
9.1977169685039364
21
-2.2791598818897638
0
LINE
8
BLACK
6
CONTINUOUS
10
9.1977169685039364
20
-2.2791598818897638
11
9.1986956692913378
21
-2.2840801181102361
0
LINE
8
BLACK
6
CONTINUOUS
10
9.1986956692913378
20
-2.2840801181102361
11
9.1988188976377945
21
-2.2865884251968502
0
LINE
8
BLACK
6
CONTINUOUS
10
9.1988188976377945
20
-2.2865884251968502
11
9.1988188976377945
21
-2.3822834645669291
0
LINE
8
BLACK
6
CONTINUOUS
10
9.1988188976377945
20
-2.3822834645669291
11
9.4584645669291341
21
-2.3822834645669291
0
LINE
8
BLACK
6
CONTINUOUS
10
9.4584645669291341
20
-2.3822834645669291
11
9.4623064566929127
21
-2.3830476771653544
0
LINE
8
BLACK
6
CONTINUOUS
10
9.4623064566929127
20
-2.3830476771653544
11
9.4655634645669284
21
-2.3852239370078738
0
LINE
8
BLACK
6
CONTINUOUS
10
9.4655634645669284
20
-2.3852239370078738
11
9.4677397244094479
21
-2.3884809448818896
0
LINE
8
BLACK
6
CONTINUOUS
10
9.4677397244094479
20
-2.3884809448818896
11
9.4685039370078741
21
-2.3923228346456691
0
LINE
8
BLACK
6
CONTINUOUS
10
9.4685039370078741
20
-2.3923228346456691
11
9.4685039370078741
21
-2.4391732283464567
0
LINE
8
BLACK
6
CONTINUOUS
10
9.4685039370078741
20
-2.4391732283464567
11
9.4677397244094479
21
-2.4430151181102362
0
LINE
8
BLACK
6
CONTINUOUS
10
9.4677397244094479
20
-2.4430151181102362
11
9.4655634645669284
21
-2.4462721259842519
0
LINE
8
BLACK
6
CONTINUOUS
10
9.4655634645669284
20
-2.4462721259842519
11
9.4623064566929127
21
-2.4484483858267714
0
LINE
8
BLACK
6
CONTINUOUS
10
9.4623064566929127
20
-2.4484483858267714
11
9.4584645669291341
21
-2.4492125984251967
0
LINE
8
BLACK
6
CONTINUOUS
10
9.4584645669291341
20
-2.4492125984251967
11
8.8879921259842511
21
-2.4492125984251967
0
LINE
8
BLACK
6
CONTINUOUS
10
8.8879921259842511
20
-2.4492125984251967
11
8.8841502362204725
21
-2.4484483858267714
0
LINE
8
BLACK
6
CONTINUOUS
10
8.8841502362204725
20
-2.4484483858267714
11
8.8808932283464568
21
-2.4462721259842519
0
LINE
8
BLACK
6
CONTINUOUS
10
8.8808932283464568
20
-2.4462721259842519
11
8.8787169685039373
21
-2.4430151181102362
0
LINE
8
BLACK
6
CONTINUOUS
10
8.8787169685039373
20
-2.4430151181102362
11
8.8779527559055111
21
-2.4391732283464567
0
LINE
8
BLACK
6
CONTINUOUS
10
8.8779527559055111
20
-2.4391732283464567
11
8.8779527559055111
21
-2.3923228346456691
0
LINE
8
BLACK
6
CONTINUOUS
10
8.8779527559055111
20
-2.3923228346456691
11
8.8787169685039373
21
-2.3884809448818896
0
LINE
8
BLACK
6
CONTINUOUS
10
8.8787169685039373
20
-2.3884809448818896
11
8.8808932283464568
21
-2.3852239370078738
0
LINE
8
BLACK
6
CONTINUOUS
10
8.8808932283464568
20
-2.3852239370078738
11
8.8841502362204725
21
-2.3830476771653544
0
LINE
8
BLACK
6
CONTINUOUS
10
8.8841502362204725
20
-2.3830476771653544
11
8.8879921259842511
21
-2.3822834645669291
0
LINE
8
BLACK
6
CONTINUOUS
10
8.8879921259842511
20
-2.3822834645669291
11
9.1476377952755907
21
-2.3822834645669291
0
LINE
8
BLACK
6
CONTINUOUS
10
9.1476377952755907
20
-2.3822834645669291
11
9.1476377952755907
21
-2.2971883464566929
0
LINE
8
BLACK
6
CONTINUOUS
10
9.1476377952755907
20
-2.2971883464566929
11
9.133874645669291
21
-2.2834251968503936
0
LINE
8
BLACK
6
CONTINUOUS
10
9.133874645669291
20
-2.2834251968503936
11
4.8006393307086617
21
-2.2834251968503936
0
LINE
8
BLACK
6
CONTINUOUS
10
4.8006393307086617
20
-2.2834251968503936
11
4.7153243307086612
21
-2.3687401574803149
0
LINE
8
BLACK
6
CONTINUOUS
10
4.7153243307086612
20
-2.3687401574803149
11
4.9309055118110239
21
-2.3687401574803149
0
LINE
8
BLACK
6
CONTINUOUS
10
4.9309055118110239
20
-2.3687401574803149
11
4.9347474015748034
21
-2.3695043700787402
0
LINE
8
BLACK
6
CONTINUOUS
10
4.9347474015748034
20
-2.3695043700787402
11
4.9380044094488191
21
-2.3716806299212596
0
LINE
8
BLACK
6
CONTINUOUS
10
4.9380044094488191
20
-2.3716806299212596
11
4.9401806692913386
21
-2.3749376377952753
0
LINE
8
BLACK
6
CONTINUOUS
10
4.9401806692913386
20
-2.3749376377952753
11
4.9409448818897639
21
-2.3787795275590549
0
LINE
8
BLACK
6
CONTINUOUS
10
4.9409448818897639
20
-2.3787795275590549
11
4.9409448818897639
21
-2.4256299212598424
0
LINE
8
BLACK
6
CONTINUOUS
10
4.9409448818897639
20
-2.4256299212598424
11
4.9401806692913386
21
-2.429471811023622
0
LINE
8
BLACK
6
CONTINUOUS
10
4.9401806692913386
20
-2.429471811023622
11
4.9380044094488191
21
-2.4327288188976377
0
LINE
8
BLACK
6
CONTINUOUS
10
4.9380044094488191
20
-2.4327288188976377
11
4.9347474015748034
21
-2.4349050787401576
0
LINE
8
BLACK
6
CONTINUOUS
10
4.9347474015748034
20
-2.4349050787401576
11
4.9309055118110239
21
-2.4356692913385825
0
LINE
8
BLACK
6
CONTINUOUS
10
4.9309055118110239
20
-2.4356692913385825
11
4.3604330708661418
21
-2.4356692913385825
0
LINE
8
BLACK
6
CONTINUOUS
10
4.3604330708661418
20
-2.4356692913385825
11
4.3565911811023623
21
-2.4349050787401576
0
LINE
8
BLACK
6
CONTINUOUS
10
4.3565911811023623
20
-2.4349050787401576
11
4.3533341732283466
21
-2.4327288188976377
0
LINE
8
BLACK
6
CONTINUOUS
10
4.3533341732283466
20
-2.4327288188976377
11
4.3511579133858262
21
-2.429471811023622
0
LINE
8
BLACK
6
CONTINUOUS
10
4.3511579133858262
20
-2.429471811023622
11
4.3503937007874018
21
-2.4256299212598424
0
LINE
8
BLACK
6
CONTINUOUS
10
4.3503937007874018
20
-2.4256299212598424
11
4.3503937007874018
21
-2.3787795275590549
0
LINE
8
BLACK
6
CONTINUOUS
10
4.3503937007874018
20
-2.3787795275590549
11
4.3511579133858262
21
-2.3749376377952753
0
LINE
8
BLACK
6
CONTINUOUS
10
4.3511579133858262
20
-2.3749376377952753
11
4.3533341732283466
21
-2.3716806299212596
0
LINE
8
BLACK
6
CONTINUOUS
10
4.3533341732283466
20
-2.3716806299212596
11
4.3565911811023623
21
-2.3695043700787402
0
LINE
8
BLACK
6
CONTINUOUS
10
4.3565911811023623
20
-2.3695043700787402
11
4.3604330708661418
21
-2.3687401574803149
0
LINE
8
BLACK
6
CONTINUOUS
10
4.3604330708661418
20
-2.3687401574803149
11
4.6429433858267712
21
-2.3687401574803149
0
LINE
8
BLACK
6
CONTINUOUS
10
4.6429433858267712
20
-2.3687401574803149
11
4.7719440944881892
21
-2.239739409448819
0
LINE
8
BLACK
6
CONTINUOUS
10
4.7719440944881892
20
-2.239739409448819
11
4.773804881889764
21
-2.2380528740157479
0
LINE
8
BLACK
6
CONTINUOUS
10
4.773804881889764
20
-2.2380528740157479
11
4.777976062992126
21
-2.2352657874015747
0
LINE
8
BLACK
6
CONTINUOUS
10
4.777976062992126
20
-2.2352657874015747
11
4.7826108267716538
21
-2.233346023622047
0
LINE
8
BLACK
6
CONTINUOUS
10
4.7826108267716538
20
-2.233346023622047
11
4.7875310629921257
21
-2.2323673228346457
0
LINE
8
BLACK
6
CONTINUOUS
10
4.7875310629921257
20
-2.2323673228346457
11
4.7900393700787403
21
-2.2322440944881889
0
LINE
8
BLACK
6
CONTINUOUS
10
4.7900393700787403
20
-2.2322440944881889
11
9.1444745669291336
21
-2.2322440944881889
0
LINE
8
BLACK
6
CONTINUOUS
10
9.1444745669291336
20
-2.2322440944881889
11
9.1469828740157482
21
-2.2323673228346457
0
LINE
8
BLACK
6
CONTINUOUS
10
3.2024639370078738
20
-2.3695043700787402
11
3.2057209448818895
21
-2.3716806299212596
0
LINE
8
BLACK
6
CONTINUOUS
10
3.2057209448818895
20
-2.3716806299212596
11
3.2078972047244094
21
-2.3749376377952753
0
LINE
8
BLACK
6
CONTINUOUS
10
3.2078972047244094
20
-2.3749376377952753
11
3.2086614173228347
21
-2.3787795275590549
0
LINE
8
BLACK
6
CONTINUOUS
10
3.2086614173228347
20
-2.3787795275590549
11
3.2086614173228347
21
-2.4256299212598424
0
LINE
8
BLACK
6
CONTINUOUS
10
3.2086614173228347
20
-2.4256299212598424
11
3.2078972047244094
21
-2.429471811023622
0
LINE
8
BLACK
6
CONTINUOUS
10
3.2078972047244094
20
-2.429471811023622
11
3.2057209448818895
21
-2.4327288188976377
0
LINE
8
BLACK
6
CONTINUOUS
10
3.2057209448818895
20
-2.4327288188976377
11
3.2024639370078738
21
-2.4349050787401576
0
LINE
8
BLACK
6
CONTINUOUS
10
3.2024639370078738
20
-2.4349050787401576
11
3.1986220472440943
21
-2.4356692913385825
0
LINE
8
BLACK
6
CONTINUOUS
10
3.1986220472440943
20
-2.4356692913385825
11
2.6281496062992127
21
-2.4356692913385825
0
LINE
8
BLACK
6
CONTINUOUS
10
2.6281496062992127
20
-2.4356692913385825
11
2.6243077165354332
21
-2.4349050787401576
0
LINE
8
BLACK
6
CONTINUOUS
10
2.6243077165354332
20
-2.4349050787401576
11
2.6210507086614174
21
-2.4327288188976377
0
LINE
8
BLACK
6
CONTINUOUS
10
2.6210507086614174
20
-2.4327288188976377
11
2.6188744488188975
21
-2.429471811023622
0
LINE
8
BLACK
6
CONTINUOUS
10
2.6188744488188975
20
-2.429471811023622
11
2.6181102362204722
21
-2.4256299212598424
0
LINE
8
BLACK
6
CONTINUOUS
10
2.6181102362204722
20
-2.4256299212598424
11
2.6181102362204722
21
-2.3787795275590549
0
LINE
8
BLACK
6
CONTINUOUS
10
2.6181102362204722
20
-2.3787795275590549
11
2.6188744488188975
21
-2.3749376377952753
0
LINE
8
BLACK
6
CONTINUOUS
10
2.6188744488188975
20
-2.3749376377952753
11
2.6210507086614174
21
-2.3716806299212596
0
LINE
8
BLACK
6
CONTINUOUS
10
2.6210507086614174
20
-2.3716806299212596
11
2.6243077165354332
21
-2.3695043700787402
0
LINE
8
BLACK
6
CONTINUOUS
10
2.6243077165354332
20
-2.3695043700787402
11
2.6281496062992127
21
-2.3687401574803149
0
LINE
8
BLACK
6
CONTINUOUS
10
2.6281496062992127
20
-2.3687401574803149
11
3.1986220472440943
21
-2.3687401574803149
0
LINE
8
BLACK
6
CONTINUOUS
10
3.1986220472440943
20
-2.3687401574803149
11
3.2024639370078738
21
-2.3695043700787402
  0
ENDSEC
  0
EOF
